slug,epoch,t_sec,jump_size,mid_at_jump,drift_30s,drift_60s,drift_120s
btc-updown-15m-1764547200,1764547200,1.6,0.05,0.555,-0.08,0.06,-0.16
btc-updown-15m-1764547200,1764547200,11.6,-0.095,0.46,0.045,0.075,0.025
btc-updown-15m-1764547200,1764547200,21.6,-0.045,0.415,0.18,0.15,0.02
btc-updown-15m-1764547200,1764547200,31.6,0.06,0.475,0.14,0.08,-0.03
btc-updown-15m-1764547200,1764547200,41.6,0.03,0.505,0.03,-0.06,-0.04
btc-updown-15m-1764547200,1764547200,51.6,0.095,0.6,-0.035,-0.175,-0.185
btc-updown-15m-1764547200,1764547200,63,-0.035,0.56,-0.005,-0.17,-0.215
btc-updown-15m-1764547200,1764547200,73.9,-0.035,0.51,-0.07,-0.045,-0.215
btc-updown-15m-1764547200,1764547200,83.9,0.085,0.595,-0.19,-0.175,-0.285
btc-updown-15m-1764547200,1764547200,94,-0.04,0.555,-0.165,-0.13,-0.315
btc-updown-15m-1764547200,1764547200,104,-0.11,0.445,0.02,0.01,-0.19
btc-updown-15m-1764547200,1764547200,114,-0.04,0.405,0.01,0.01,-0.185
btc-updown-15m-1764547200,1764547200,124.8,-0.03,0.375,0.05,-0.05,-0.19
btc-updown-15m-1764547200,1764547200,134.8,0.125,0.49,-0.055,-0.205,-0.395
btc-updown-15m-1764547200,1764547200,144.9,-0.085,0.405,0.01,-0.09,-0.35
btc-updown-15m-1764547200,1764547200,157.5,0.03,0.44,-0.105,-0.18,-0.37
btc-updown-15m-1764547200,1764547200,167.5,-0.03,0.415,-0.13,-0.19,-0.32
btc-updown-15m-1764547200,1764547200,182,-0.035,0.38,-0.115,-0.185,-0.355
btc-updown-15m-1764547200,1764547200,192.1,-0.075,0.305,-0.05,-0.22,-0.28
btc-updown-15m-1764547200,1764547200,204.3,0.03,0.315,-0.1,-0.25,-0.29
btc-updown-15m-1764547200,1764547200,214.3,-0.08,0.235,-0.04,-0.15,-0.21
btc-updown-15m-1764547200,1764547200,227.1,-0.03,0.225,-0.12,-0.125,-0.195
btc-updown-15m-1764547200,1764547200,242.1,-0.03,0.195,-0.115,-0.17,-0.17
btc-updown-15m-1764547200,1764547200,252.1,-0.1,0.095,-0.005,-0.07,-0.08
btc-updown-15m-1764547200,1764547200,264.3,-0.03,0.065,0,-0.04,-0.05
btc-updown-15m-1764547200,1764547200,274.4,0.03,0.085,-0.06,-0.06,-0.07
btc-updown-15m-1764547200,1764547200,285.6,0.03,0.1,-0.075,-0.075,-0.075
btc-updown-15m-1764547200,1764547200,296,-0.03,0.065,-0.04,-0.04,-0.05
btc-updown-15m-1764547200,1764547200,306.1,-0.045,0.03,-0.005,-0.015,-0.015
btc-updown-15m-1764547200,1764547200,363.9,-0.03,0.015,0,0,0
btc-updown-15m-1764558000,1764558000,2.1,-0.035,0.515,0.03,0.11,-0.16
btc-updown-15m-1764558000,1764558000,19.9,-0.03,0.485,0.095,0.11,-0.095
btc-updown-15m-1764558000,1764558000,29.9,0.045,0.53,0.065,0.015,-0.095
btc-updown-15m-1764558000,1764558000,41.3,0.035,0.57,0.055,-0.025,-0.195
btc-updown-15m-1764558000,1764558000,60.1,0.03,0.605,-0.06,-0.24,-0.235
btc-updown-15m-1764558000,1764558000,70.1,0.035,0.64,-0.135,-0.285,-0.04
btc-updown-15m-1764558000,1764558000,80.1,-0.045,0.595,-0.015,-0.2,-0.03
btc-updown-15m-1764558000,1764558000,90.1,-0.05,0.545,-0.18,-0.11,0.08
btc-updown-15m-1764558000,1764558000,100.1,-0.04,0.505,-0.15,-0.13,0.1
btc-updown-15m-1764558000,1764558000,110.1,0.075,0.58,-0.185,-0.195,-0.025
btc-updown-15m-1764558000,1764558000,120.1,-0.215,0.365,0.07,0.005,0.21
btc-updown-15m-1764558000,1764558000,133.5,-0.035,0.325,0.075,0.28,0.33
btc-updown-15m-1764558000,1764558000,143.5,0.07,0.395,-0.05,0.18,0.28
btc-updown-15m-1764558000,1764558000,153.5,0.04,0.435,0.04,0.17,0.2
btc-updown-15m-1764558000,1764558000,163.5,-0.035,0.4,0.205,0.145,0.23
btc-updown-15m-1764558000,1764558000,173.6,-0.06,0.34,0.235,0.245,0.28
btc-updown-15m-1764558000,1764558000,183.6,0.135,0.475,0.13,0.07,0.13
btc-updown-15m-1764558000,1764558000,193.6,0.125,0.6,-0.055,0.055,0.035
btc-updown-15m-1764558000,1764558000,203.6,-0.03,0.575,0.01,0.1,0.085
btc-updown-15m-1764558000,1764558000,215.5,0.03,0.61,-0.055,0.025,0.02
btc-updown-15m-1764558000,1764558000,225.5,-0.05,0.565,0.09,0.07,0.03
btc-updown-15m-1764558000,1764558000,236.1,-0.035,0.54,0.095,0.085,0.105
btc-updown-15m-1764558000,1764558000,246.9,0.045,0.58,0.055,0.015,-0.125
btc-updown-15m-1764558000,1764558000,256.9,0.08,0.665,-0.06,-0.03,-0.295
btc-updown-15m-1764558000,1764558000,267.1,-0.03,0.635,0.01,0.02,-0.34
btc-updown-15m-1764558000,1764558000,280,0.03,0.645,-0.01,-0.02,-0.385
btc-updown-15m-1764558000,1764558000,290,-0.03,0.615,0.04,0.025,-0.28
btc-updown-15m-1764558000,1764558000,300.8,-0.03,0.595,0.02,0.04,-0.32
btc-updown-15m-1764558000,1764558000,310.8,0.03,0.625,0,-0.24,-0.36
btc-updown-15m-1764558000,1764558000,320.9,0.03,0.655,-0.015,-0.26,-0.39
btc-updown-15m-1764558000,1764558000,330.9,-0.04,0.615,0.02,-0.36,-0.41
btc-updown-15m-1764558000,1764558000,345.4,-0.03,0.595,-0.22,-0.305,-0.39
btc-updown-15m-1764558000,1764558000,355.4,0.045,0.64,-0.305,-0.345,-0.465
btc-updown-15m-1764558000,1764558000,365.4,-0.13,0.51,-0.255,-0.21,-0.365
btc-updown-15m-1764558000,1764558000,375.4,-0.135,0.375,-0.085,-0.09,-0.25
btc-updown-15m-1764558000,1764558000,385.5,-0.04,0.335,-0.04,-0.11,-0.21
btc-updown-15m-1764558000,1764558000,395.5,-0.08,0.255,0.045,-0.05,-0.12
btc-updown-15m-1764558000,1764558000,405.5,0.035,0.29,-0.005,-0.085,-0.165
btc-updown-15m-1764558000,1764558000,419,-0.03,0.285,-0.07,-0.11,-0.18
btc-updown-15m-1764558000,1764558000,443.6,-0.03,0.245,-0.08,-0.12,-0.165
btc-updown-15m-1764558000,1764558000,453.6,-0.04,0.205,-0.04,-0.06,-0.14
btc-updown-15m-1764558000,1764558000,468.5,-0.03,0.185,-0.07,-0.05,-0.105
btc-updown-15m-1764558000,1764558000,485.3,-0.03,0.145,-0.01,-0.05,-0.09
btc-updown-15m-1764558000,1764558000,496,-0.035,0.125,0,-0.03,-0.08
btc-updown-15m-1764558000,1764558000,506.9,0.035,0.145,-0.04,-0.055,-0.11
btc-updown-15m-1764558000,1764558000,518.5,0.03,0.155,-0.05,-0.1,-0.1
btc-updown-15m-1764558000,1764558000,538.1,-0.03,0.105,-0.01,-0.05,-0.08
btc-updown-15m-1764558000,1764558000,575.3,-0.03,0.065,-0.01,-0.02,-0.05
btc-updown-15m-1764558000,1764558000,586.6,0.03,0.085,-0.04,-0.045,-0.07
btc-updown-15m-1764558000,1764558000,596.6,-0.03,0.055,-0.03,-0.03,-0.04
btc-updown-15m-1764558000,1764558000,637.3,0.03,0.055,-0.03,-0.04,-0.04
btc-updown-15m-1764558000,1764558000,648,-0.03,0.035,-0.01,-0.02,-0.02
btc-updown-15m-1764567900,1764567900,17,0.03,0.545,0.13,0.23,0.195
btc-updown-15m-1764567900,1764567900,27,0.1,0.645,0.12,0.19,0.095
btc-updown-15m-1764567900,1764567900,37,0.07,0.715,0.03,0.125,0.06
btc-updown-15m-1764567900,1764567900,47,-0.04,0.675,0.1,0.12,0.14
btc-updown-15m-1764567900,1764567900,57,0.09,0.765,0.07,0.01,0.08
btc-updown-15m-1764567900,1764567900,67.2,-0.03,0.735,0.105,0,0.115
btc-updown-15m-1764567900,1764567900,77.3,0.04,0.775,0.04,-0.035,0.09
btc-updown-15m-1764567900,1764567900,87.3,0.065,0.84,-0.065,-0.1,0.005
btc-updown-15m-1764567900,1764567900,98.8,-0.03,0.815,-0.08,-0.04,0.02
btc-updown-15m-1764567900,1764567900,112.4,-0.035,0.78,-0.04,0.045,0.095
btc-updown-15m-1764567900,1764567900,122.4,-0.055,0.725,0.02,0.12,0.15
btc-updown-15m-1764567900,1764567900,155.3,0.03,0.765,0.09,0.055,0.135
btc-updown-15m-1764567900,1764567900,165.3,0.03,0.795,0.07,0.045,0.105
btc-updown-15m-1764567900,1764567900,175.3,0.04,0.835,0.01,0.04,0.075
btc-updown-15m-1764567900,1764567900,205.9,-0.03,0.835,0.04,0.06,0.04
btc-updown-15m-1764567900,1764567900,226.9,0.03,0.855,0.03,0.045,0.02
btc-updown-15m-1764567900,1764567900,311.4,-0.03,0.88,0.025,0.035,0.08
btc-updown-15m-1764567900,1764567900,333.5,0.03,0.905,0.02,0.025,0.06
btc-updown-15m-1764567900,1764567900,344.3,-0.03,0.895,0.02,0.04,0.07
btc-updown-15m-1764567900,1764567900,356.6,0.03,0.905,0.015,0.05,0.05
btc-updown-15m-1764578700,1764578700,1.5,0.03,0.465,-0.015,-0.005,-0.025
btc-updown-15m-1764578700,1764578700,11.5,-0.04,0.425,0.03,0,-0.01
btc-updown-15m-1764578700,1764578700,22,0.03,0.445,-0.01,-0.01,-0.08
btc-updown-15m-1764578700,1764578700,46,-0.03,0.435,0.005,0,0
btc-updown-15m-1764578700,1764578700,59,0.03,0.465,-0.025,-0.025,-0.075
btc-updown-15m-1764578700,1764578700,69.8,-0.03,0.435,-0.07,-0.06,0.01
btc-updown-15m-1764578700,1764578700,93.6,-0.035,0.4,-0.005,0.015,0.045
btc-updown-15m-1764578700,1764578700,103.7,0.03,0.395,0.03,0.03,0.08
btc-updown-15m-1764578700,1764578700,113.8,0.04,0.44,-0.07,-0.015,0.035
btc-updown-15m-1764578700,1764578700,123.8,-0.055,0.385,0.03,0.03,0.15
btc-updown-15m-1764578700,1764578700,133.8,0.04,0.425,0,0.02,0.155
btc-updown-15m-1764578700,1764578700,144,-0.065,0.37,0.055,0.095,0.205
btc-updown-15m-1764578700,1764578700,154,0.045,0.415,0,0.03,0.14
btc-updown-15m-1764578700,1764578700,177.7,-0.035,0.4,0.035,0.075,0.105
btc-updown-15m-1764578700,1764578700,187.7,0.035,0.435,0.01,0.11,0.04
btc-updown-15m-1764578700,1764578700,197.7,0.03,0.465,0.01,0.11,-0.03
btc-updown-15m-1764578700,1764578700,207.7,-0.03,0.435,0.04,0.18,0.035
btc-updown-15m-1764578700,1764578700,219.2,0.035,0.455,0.09,-0.01,-0.01
btc-updown-15m-1764578700,1764578700,242.6,0.03,0.505,0.06,-0.02,-0.03
btc-updown-15m-1764578700,1764578700,252.6,0.065,0.575,-0.18,-0.135,-0.065
btc-updown-15m-1764578700,1764578700,266.3,0.03,0.605,-0.1,-0.18,-0.095
btc-updown-15m-1764578700,1764578700,276.3,-0.07,0.535,-0.055,-0.1,0.015
btc-updown-15m-1764578700,1764578700,286.6,-0.095,0.425,0.015,0.02,0.165
btc-updown-15m-1764578700,1764578700,296.6,0.08,0.505,-0.08,-0.02,0.11
btc-updown-15m-1764578700,1764578700,307.5,-0.03,0.475,-0.03,0,0.06
btc-updown-15m-1764578700,1764578700,317.5,-0.04,0.435,0.005,0.08,0.08
btc-updown-15m-1764578700,1764578700,327.7,0.035,0.47,0.01,0.04,0.07
btc-updown-15m-1764578700,1764578700,337.9,-0.035,0.445,0.055,0.105,0.19
btc-updown-15m-1764578700,1764578700,349.4,0.035,0.48,0.015,0.115,0.115
btc-updown-15m-1764578700,1764578700,368.3,0.03,0.505,0.07,0.02,0.11
btc-updown-15m-1764578700,1764578700,383.5,-0.03,0.48,0.13,0.04,0.165
btc-updown-15m-1764578700,1764578700,393.6,0.09,0.555,0.02,-0.01,0.12
btc-updown-15m-1764578700,1764578700,406.4,0.035,0.585,-0.08,0.02,0.1
btc-updown-15m-1764578700,1764578700,416.5,0.03,0.615,-0.08,-0.07,0.105
btc-updown-15m-1764578700,1764578700,426.5,-0.07,0.545,0.065,0.04,0.14
btc-updown-15m-1764578700,1764578700,436.5,-0.04,0.505,0.1,0.14,0.18
btc-updown-15m-1764578700,1764578700,446.5,0.03,0.535,0.01,0.13,0.035
btc-updown-15m-1764578700,1764578700,456.6,0.075,0.61,-0.015,0.06,-0.065
btc-updown-15m-1764578700,1764578700,467.8,-0.03,0.605,0.04,0.09,-0.1
btc-updown-15m-1764578700,1764578700,477.8,-0.06,0.545,0.125,0.18,-0.03
btc-updown-15m-1764578700,1764578700,487.8,0.07,0.615,0.055,0.07,-0.09
btc-updown-15m-1764578700,1764578700,497.8,0.03,0.645,0.05,0.04,-0.11
btc-updown-15m-1764578700,1764578700,507.9,0.03,0.675,0.05,-0.105,-0.145
btc-updown-15m-1764578700,1764578700,528.1,0.035,0.7,-0.015,-0.195,0.005
btc-updown-15m-1764578700,1764578700,539.2,0.03,0.735,-0.16,-0.24,0.005
btc-updown-15m-1764578700,1764578700,549.2,-0.05,0.685,-0.18,-0.17,0.05
btc-updown-15m-1764578700,1764578700,559.2,-0.11,0.575,-0.07,-0.06,0.19
btc-updown-15m-1764578700,1764578700,570.1,-0.04,0.565,-0.08,-0.04,0.225
btc-updown-15m-1764578700,1764578700,580.2,-0.08,0.485,0.035,0.18,0.33
btc-updown-15m-1764578700,1764578700,591.3,0.03,0.515,0,0.23,0.345
btc-updown-15m-1764578700,1764578700,601.4,-0.05,0.465,0.08,0.285,0.36
btc-updown-15m-1764578700,1764578700,611.4,0.075,0.54,0.135,0.195,0.275
btc-updown-15m-1764578700,1764578700,621.4,-0.03,0.515,0.23,0.255,0.34
btc-updown-15m-1764578700,1764578700,631.4,0.03,0.545,0.205,0.245,0.32
btc-updown-15m-1764578700,1764578700,641.4,0.13,0.675,0.06,0.14,0.22
btc-updown-15m-1764578700,1764578700,651.4,0.07,0.745,0.025,0.105,-0.08
btc-updown-15m-1764578700,1764578700,670.5,-0.03,0.725,0.08,0.06,0.01
btc-updown-15m-1764578700,1764578700,680.6,0.045,0.77,0.08,0.085,-0.005
btc-updown-15m-1764578700,1764578700,698.2,0.04,0.825,-0.06,0.06,-0.15
btc-updown-15m-1764578700,1764578700,708.2,0.03,0.855,-0.025,-0.07,-0.075
btc-updown-15m-1764578700,1764578700,718.3,-0.045,0.815,0.05,-0.13,0.12
btc-updown-15m-1764578700,1764578700,728.3,-0.05,0.765,0.12,-0.02,0.19
btc-updown-15m-1764578700,1764578700,738.3,0.07,0.835,-0.06,-0.06,0.15
btc-updown-15m-1764578700,1764578700,748.4,0.03,0.865,-0.175,-0.155,0.12
btc-updown-15m-1764578700,1764578700,759.4,0.03,0.885,-0.15,-0.21,0.1
btc-updown-15m-1764578700,1764578700,769.4,-0.155,0.73,0.125,0.045,0.255
btc-updown-15m-1764578700,1764578700,779.4,-0.04,0.69,-0.04,0.25,0.295
btc-updown-15m-1764578700,1764578700,789.5,0.05,0.735,-0.06,0.21,
btc-updown-15m-1764578700,1764578700,799.5,0.115,0.85,-0.075,0.135,
btc-updown-15m-1764578700,1764578700,809.5,-0.2,0.65,0.285,0.335,
btc-updown-15m-1764578700,1764578700,820.4,0.035,0.705,0.27,0.28,
btc-updown-15m-1764578700,1764578700,830.4,0.16,0.865,0.12,0.12,
btc-updown-15m-1764578700,1764578700,840.4,0.055,0.925,0.06,,
btc-updown-15m-1764578700,1764578700,850.4,0.05,0.975,0.01,,
btc-updown-15m-1764589500,1764589500,2.8,-0.03,0.515,0.04,0.06,0.09
btc-updown-15m-1764589500,1764589500,12.8,-0.03,0.485,0.065,0.095,0.12
btc-updown-15m-1764589500,1764589500,22.8,0.06,0.545,0,0.05,0.06
btc-updown-15m-1764589500,1764589500,35.1,-0.04,0.545,0.03,0.08,0.06
btc-updown-15m-1764589500,1764589500,57.2,0.035,0.585,0.01,0.075,-0.08
btc-updown-15m-1764589500,1764589500,94.2,0.03,0.625,-0.02,-0.015,0.03
btc-updown-15m-1764589500,1764589500,106.3,0.04,0.665,-0.05,-0.14,0.01
btc-updown-15m-1764589500,1764589500,122,-0.03,0.63,-0.02,-0.085,0.05
btc-updown-15m-1764589500,1764589500,158,-0.03,0.58,-0.025,0.1,-0.04
btc-updown-15m-1764589500,1764589500,168,-0.065,0.515,0.06,0.165,0.03
btc-updown-15m-1764589500,1764589500,178.2,-0.04,0.475,0.155,0.2,0.08
btc-updown-15m-1764589500,1764589500,188.4,0.08,0.555,0.13,0.14,0.055
btc-updown-15m-1764589500,1764589500,199.4,0.035,0.59,0.085,0.115,-0.005
btc-updown-15m-1764589500,1764589500,209.5,0.035,0.63,0.045,-0.085,-0.005
btc-updown-15m-1764589500,1764589500,219.5,0.055,0.685,0.01,-0.145,-0.06
btc-updown-15m-1764589500,1764589500,257.6,0.03,0.725,-0.19,-0.115,0.005
btc-updown-15m-1764589500,1764589500,267.6,-0.24,0.485,0.07,0.14,0.24
btc-updown-15m-1764589500,1764589500,277.7,0.07,0.555,0.06,0.09,0.11
btc-updown-15m-1764589500,1764589500,290.3,0.03,0.555,0.025,0.14,0.09
btc-updown-15m-1764589500,1764589500,302.3,-0.03,0.575,0.07,0.185,0.09
btc-updown-15m-1764589500,1764589500,312.4,0.06,0.635,0.03,0.095,0.08
btc-updown-15m-1764589500,1764589500,322.4,-0.03,0.605,0.12,0.12,0.135
btc-updown-15m-1764589500,1764589500,332.4,0.035,0.64,0.125,0.065,0.045
btc-updown-15m-1764589500,1764589500,342.8,0.03,0.67,0.06,-0.035,-0.045
btc-updown-15m-1764589500,1764589500,352.8,0.055,0.725,0,-0.085,-0.1
btc-updown-15m-1764589500,1764589500,362.8,0.05,0.775,-0.065,-0.11,-0.15
btc-updown-15m-1764589500,1764589500,372.8,-0.045,0.73,-0.095,-0.015,-0.095
btc-updown-15m-1764589500,1764589500,389,-0.04,0.675,-0.01,0.06,0.045
btc-updown-15m-1764589500,1764589500,400.5,-0.03,0.645,0.06,-0.01,0.08
btc-updown-15m-1764589500,1764589500,414.5,0.03,0.665,0.075,-0.04,0.09
btc-updown-15m-1764589500,1764589500,430.4,0.035,0.7,-0.065,-0.075,-0.055
btc-updown-15m-1764589500,1764589500,440.4,0.035,0.735,-0.11,-0.05,-0.085
btc-updown-15m-1764589500,1764589500,450.9,-0.03,0.705,-0.09,0,-0.13
btc-updown-15m-1764589500,1764589500,460.9,-0.08,0.625,0,0.1,-0.005
btc-updown-15m-1764589500,1764589500,476.6,-0.03,0.595,0.155,0.12,0.06
btc-updown-15m-1764589500,1764589500,488.1,0.03,0.625,0.08,0.02,-0.07
btc-updown-15m-1764589500,1764589500,498.1,0.03,0.655,0.115,0,-0.12
btc-updown-15m-1764589500,1764589500,508.1,0.08,0.735,-0.03,-0.13,-0.19
btc-updown-15m-1764589500,1764589500,518.2,-0.03,0.705,-0.06,-0.095,-0.17
btc-updown-15m-1764589500,1764589500,528.2,0.065,0.77,-0.115,-0.115,-0.33
btc-updown-15m-1764589500,1764589500,538.2,-0.065,0.705,-0.1,-0.055,-0.27
btc-updown-15m-1764589500,1764589500,548.2,-0.06,0.645,-0.035,-0.1,-0.195
btc-updown-15m-1764589500,1764589500,563.4,-0.03,0.625,0.035,-0.07,-0.205
btc-updown-15m-1764589500,1764589500,578.3,0.03,0.615,-0.07,-0.08,0
btc-updown-15m-1764589500,1764589500,588.4,0.04,0.655,-0.1,-0.215,-0.085
btc-updown-15m-1764589500,1764589500,602,-0.04,0.615,-0.07,-0.18,0.08
btc-updown-15m-1764589500,1764589500,612,-0.09,0.52,-0.075,-0.055,0.215
btc-updown-15m-1764589500,1764589500,622,0.03,0.55,-0.065,-0.125,0.02
btc-updown-15m-1764589500,1764589500,639.4,-0.03,0.515,-0.055,0.08,-0.07
btc-updown-15m-1764589500,1764589500,649.4,-0.065,0.445,-0.035,0.13,-0.055
btc-updown-15m-1764589500,1764589500,661,-0.03,0.435,-0.03,0.25,-0.15
btc-updown-15m-1764589500,1764589500,671.1,0.03,0.465,0.12,0.27,-0.01
btc-updown-15m-1764589500,1764589500,681.1,-0.04,0.425,0.22,0.15,0.155
btc-updown-15m-1764589500,1764589500,697,0.03,0.445,0.28,0.025,-0.19
btc-updown-15m-1764589500,1764589500,707,0.14,0.585,0.025,-0.2,-0.44
btc-updown-15m-1764589500,1764589500,717,0.085,0.67,-0.185,-0.325,-0.64
btc-updown-15m-1764589500,1764589500,727,0.055,0.725,-0.255,-0.44,-0.7
btc-updown-15m-1764589500,1764589500,737,-0.115,0.61,-0.225,-0.065,-0.585
btc-updown-15m-1764589500,1764589500,747,-0.125,0.485,-0.14,-0.03,-0.46
btc-updown-15m-1764589500,1764589500,757.2,-0.03,0.47,-0.185,-0.205,-0.445
btc-updown-15m-1764589500,1764589500,767.8,-0.06,0.385,0.19,-0.24,-0.36
btc-updown-15m-1764589500,1764589500,777.8,-0.04,0.345,0.105,-0.315,-0.32
btc-updown-15m-1764589500,1764589500,787.8,-0.065,0.28,-0.025,-0.255,
btc-updown-15m-1764589500,1764589500,797.8,0.295,0.575,-0.43,-0.55,
btc-updown-15m-1764589500,1764589500,807.8,-0.125,0.45,-0.42,-0.425,
btc-updown-15m-1764589500,1764589500,818,-0.19,0.255,-0.23,-0.23,
btc-updown-15m-1764589500,1764589500,828,-0.105,0.155,-0.13,-0.13,
btc-updown-15m-1764589500,1764589500,838,-0.13,0.025,0,0,
btc-updown-15m-1764600300,1764600300,2.6,-0.035,0.445,0.05,0.18,0.26
btc-updown-15m-1764600300,1764600300,12.7,-0.03,0.415,0.08,0.26,0.35
btc-updown-15m-1764600300,1764600300,22.7,0.03,0.445,0.07,0.22,0.33
btc-updown-15m-1764600300,1764600300,32.7,0.05,0.495,0.13,0.17,0.21
btc-updown-15m-1764600300,1764600300,46.1,0.03,0.515,0.12,0.155,0.18
btc-updown-15m-1764600300,1764600300,58.6,0.045,0.565,0.06,0.17,0.12
btc-updown-15m-1764600300,1764600300,68.9,0.11,0.675,-0.005,0.065,-0.01
btc-updown-15m-1764600300,1764600300,78.9,-0.05,0.625,0.07,0.09,0.06
btc-updown-15m-1764600300,1764600300,97,0.03,0.665,0.065,0.03,-0.145
btc-updown-15m-1764600300,1764600300,109.3,0.04,0.705,0.01,-0.02,-0.225
btc-updown-15m-1764600300,1764600300,120.1,0.03,0.725,-0.04,-0.05,-0.34
btc-updown-15m-1764600300,1764600300,131.7,0.03,0.745,-0.05,-0.11,-0.28
btc-updown-15m-1764600300,1764600300,142,0.03,0.775,-0.085,-0.08,-0.305
btc-updown-15m-1764600300,1764600300,152.1,-0.06,0.715,-0.09,-0.18,-0.21
btc-updown-15m-1764600300,1764600300,169.4,-0.035,0.69,-0.005,-0.205,-0.275
btc-updown-15m-1764600300,1764600300,181.3,-0.03,0.645,-0.1,-0.25,-0.255
btc-updown-15m-1764600300,1764600300,200.3,0.04,0.685,-0.215,-0.23,-0.33
btc-updown-15m-1764600300,1764600300,210.4,-0.13,0.555,-0.17,-0.09,-0.17
btc-updown-15m-1764600300,1764600300,220.4,-0.08,0.475,-0.07,0.02,-0.085
btc-updown-15m-1764600300,1764600300,234.3,-0.035,0.445,0.02,-0.02,-0.055
btc-updown-15m-1764600300,1764600300,244.3,-0.05,0.395,0.11,-0.005,0.095
btc-updown-15m-1764600300,1764600300,254.3,0.05,0.445,0.07,-0.14,-0.06
btc-updown-15m-1764600300,1764600300,272.1,0.03,0.5,-0.125,-0.115,-0.105
btc-updown-15m-1764600300,1764600300,284.6,0.03,0.515,-0.2,-0.14,-0.06
btc-updown-15m-1764600300,1764600300,294.7,-0.085,0.43,-0.025,-0.035,0.04
btc-updown-15m-1764600300,1764600300,304.7,-0.055,0.375,0.01,0.105,0.15
btc-updown-15m-1764600300,1764600300,314.7,-0.06,0.315,0.06,0.07,0.22
btc-updown-15m-1764600300,1764600300,324.7,0.09,0.405,-0.01,0.065,0.04
btc-updown-15m-1764600300,1764600300,334.8,-0.03,0.375,0.105,0.04,0.16
btc-updown-15m-1764600300,1764600300,348.1,0.03,0.395,0.05,0.05,0.2
btc-updown-15m-1764600300,1764600300,359.5,0.03,0.405,0.03,0.09,0.14
btc-updown-15m-1764600300,1764600300,369.5,0.04,0.445,0.06,0.11,0.15
btc-updown-15m-1764600300,1764600300,380,0.04,0.475,-0.03,0.02,0.05
btc-updown-15m-1764600300,1764600300,390,-0.05,0.425,0.07,0,0.14
btc-updown-15m-1764600300,1764600300,400,0.08,0.505,0.05,0.05,-0.02
btc-updown-15m-1764600300,1764600300,410,-0.06,0.445,0.05,0.155,-0.01
btc-updown-15m-1764600300,1764600300,420,0.05,0.495,-0.07,0.06,-0.14
btc-updown-15m-1764600300,1764600300,430,0.06,0.555,0,0.03,-0.16
btc-updown-15m-1764600300,1764600300,440,-0.06,0.495,0.11,0.03,-0.06
btc-updown-15m-1764600300,1764600300,450,-0.07,0.425,0.13,0.14,0.09
btc-updown-15m-1764600300,1764600300,460,0.12,0.555,0.03,-0.07,-0.09
btc-updown-15m-1764600300,1764600300,470,0.05,0.605,-0.08,-0.17,-0.09
btc-updown-15m-1764600300,1764600300,480.1,-0.06,0.545,0.02,-0.19,-0.095
btc-updown-15m-1764600300,1764600300,490.1,0.04,0.585,-0.1,-0.19,-0.1
btc-updown-15m-1764600300,1764600300,500.1,-0.06,0.525,-0.09,-0.09,-0.03
btc-updown-15m-1764600300,1764600300,510.1,0.04,0.565,-0.21,-0.05,0.03
btc-updown-15m-1764600300,1764600300,520.1,-0.08,0.485,-0.09,-0.02,0.1
btc-updown-15m-1764600300,1764600300,530.1,-0.05,0.435,0,0.08,0.27
btc-updown-15m-1764600300,1764600300,540.1,-0.08,0.355,0.16,0.1,0.43
btc-updown-15m-1764600300,1764600300,550.1,0.04,0.395,0.07,0.09,0.48
btc-updown-15m-1764600300,1764600300,560.1,0.04,0.435,0.08,0.06,0.43
btc-updown-15m-1764600300,1764600300,570.2,0.08,0.515,-0.06,0.08,0.36
btc-updown-15m-1764600300,1764600300,580.2,-0.05,0.465,0.02,0.12,0.435
btc-updown-15m-1764600300,1764600300,590.2,0.05,0.515,-0.02,0.19,0.39
btc-updown-15m-1764600300,1764600300,600.2,-0.06,0.455,0.14,0.33,0.45
btc-updown-15m-1764600300,1764600300,610.2,0.035,0.485,0.1,0.39,0.405
btc-updown-15m-1764600300,1764600300,622.5,0.03,0.53,0.185,0.345,0.385
btc-updown-15m-1764600300,1764600300,633.8,-0.035,0.535,0.28,0.34,0.39
btc-updown-15m-1764600300,1764600300,643.8,0.07,0.605,0.28,0.3,0.285
btc-updown-15m-1764600300,1764600300,653.8,0.14,0.745,0.14,0.16,0.145
btc-updown-15m-1764600300,1764600300,663.9,0.07,0.815,0.06,0.06,0.11
btc-updown-15m-1764600300,1764600300,673.9,0.06,0.875,0.03,0.04,-0.01
btc-updown-15m-1764600300,1764600300,684.1,0.03,0.905,0,-0.02,-0.05
btc-updown-15m-1764600300,1764600300,694.2,-0.03,0.875,0,0.04,0.05
btc-updown-15m-1764600300,1764600300,721.7,-0.03,0.875,0.06,0.05,-0.01
btc-updown-15m-1764600300,1764600300,732.7,0.03,0.915,-0.025,-0.035,-0.08
btc-updown-15m-1764600300,1764600300,743.5,-0.03,0.885,0.02,-0.035,-0.05
btc-updown-15m-1764600300,1764600300,753.5,0.045,0.93,-0.005,-0.005,-0.475
btc-updown-15m-1764600300,1764600300,763.5,-0.035,0.89,-0.015,0.035,-0.33
btc-updown-15m-1764600300,1764600300,783.8,0.03,0.925,0,-0.11,
btc-updown-15m-1764600300,1764600300,793.8,-0.05,0.875,0.05,-0.005,
btc-updown-15m-1764600300,1764600300,806.1,0.03,0.895,-0.07,-0.14,
btc-updown-15m-1764600300,1764600300,816.2,0.03,0.925,-0.1,-0.4,
btc-updown-15m-1764600300,1764600300,827,-0.04,0.915,-0.05,-0.37,
btc-updown-15m-1764600300,1764600300,837,-0.07,0.845,-0.1,-0.325,
btc-updown-15m-1764600300,1764600300,848.2,-0.03,0.825,-0.33,,
btc-updown-15m-1764600300,1764600300,863.2,-0.03,0.84,-0.37,,
btc-updown-15m-1764600300,1764600300,873.2,-0.385,0.455,,,
btc-updown-15m-1764600300,1764600300,883.2,0.11,0.565,,,
btc-updown-15m-1764600300,1764600300,893.2,-0.095,0.47,,,
btc-updown-15m-1764610200,1764610200,12.9,-0.035,0.46,-0.08,-0.195,-0.24
btc-updown-15m-1764610200,1764610200,27.3,-0.035,0.44,-0.125,-0.2,-0.28
btc-updown-15m-1764610200,1764610200,37.3,-0.06,0.375,-0.08,-0.1,-0.23
btc-updown-15m-1764610200,1764610200,47.6,-0.03,0.345,-0.09,-0.1,-0.205
btc-updown-15m-1764610200,1764610200,58.3,-0.035,0.31,-0.075,-0.085,-0.175
btc-updown-15m-1764610200,1764610200,70,-0.035,0.275,-0.02,-0.05,-0.17
btc-updown-15m-1764610200,1764610200,80.1,-0.04,0.235,0.015,-0.06,-0.12
btc-updown-15m-1764610200,1764610200,90.7,0.03,0.265,-0.035,-0.09,-0.115
btc-updown-15m-1764610200,1764610200,101,-0.03,0.245,-0.03,-0.12,-0.08
btc-updown-15m-1764610200,1764610200,116.7,-0.03,0.225,-0.055,-0.08,-0.06
btc-updown-15m-1764610200,1764610200,135,-0.03,0.205,-0.065,-0.08,-0.04
btc-updown-15m-1764610200,1764610200,145,-0.04,0.165,-0.01,-0.03,-0.03
btc-updown-15m-1764610200,1764610200,157.7,-0.03,0.145,-0.04,-0.01,-0.02
btc-updown-15m-1764610200,1764610200,171.2,0.03,0.155,-0.04,0.02,-0.02
btc-updown-15m-1764610200,1764610200,182.5,-0.03,0.135,0.005,0.04,-0.02
btc-updown-15m-1764610200,1764610200,197.1,0.035,0.145,0.025,0.02,0
btc-updown-15m-1764610200,1764610200,208.2,0.03,0.15,0.025,-0.015,0.025
btc-updown-15m-1764610200,1764610200,222.6,0.03,0.165,-0.005,-0.04,0.04
btc-updown-15m-1764610200,1764610200,247.7,-0.03,0.145,-0.02,-0.035,0.13
btc-updown-15m-1764610200,1764610200,258.2,0.03,0.165,-0.03,-0.01,0.08
btc-updown-15m-1764610200,1764610200,268.3,-0.03,0.135,-0.01,0.04,0.15
btc-updown-15m-1764610200,1764610200,303.3,-0.03,0.105,0.08,0.21,0.225
btc-updown-15m-1764610200,1764610200,315.9,0.03,0.135,0.055,0.11,0.26
btc-updown-15m-1764610200,1764610200,326.2,0.03,0.165,0.08,0.13,0.3
btc-updown-15m-1764610200,1764610200,338.8,0.03,0.205,0.06,0.08,0.24
btc-updown-15m-1764610200,1764610200,349.7,0.03,0.225,0.02,0.025,0.25
btc-updown-15m-1764610200,1764610200,359.8,0.075,0.29,-0.005,-0.005,0.245
btc-updown-15m-1764610200,1764610200,371.1,-0.035,0.26,0.025,0.175,0.21
btc-updown-15m-1764610200,1764610200,385.4,0.04,0.295,-0.035,0.165,0.165
btc-updown-15m-1764610200,1764610200,408.2,-0.035,0.25,0.145,0.225,0.175
btc-updown-15m-1764610200,1764610200,418.2,0.045,0.295,0.18,0.27,0.08
btc-updown-15m-1764610200,1764610200,428.2,0.14,0.435,0.01,0.03,-0.04
btc-updown-15m-1764610200,1764610200,438.2,-0.04,0.395,0.08,0.055,-0.005
btc-updown-15m-1764610200,1764610200,448.3,0.08,0.475,0.09,-0.045,-0.06
btc-updown-15m-1764610200,1764610200,459,-0.035,0.44,0.035,0.045,0.075
btc-updown-15m-1764610200,1764610200,469.1,0.04,0.475,-0.03,-0.07,0.075
btc-updown-15m-1764610200,1764610200,479.1,0.09,0.565,-0.135,-0.19,0.03
btc-updown-15m-1764610200,1764610200,489.3,-0.09,0.475,0.01,-0.1,0.28
btc-updown-15m-1764610200,1764610200,500,-0.035,0.445,-0.06,-0.05,0.24
btc-updown-15m-1764610200,1764610200,512.6,0.03,0.455,-0.09,0.07,0.19
btc-updown-15m-1764610200,1764610200,522.9,0.035,0.475,-0.1,0.07,0.15
btc-updown-15m-1764610200,1764610200,532.9,-0.095,0.38,-0.015,0.17,0.225
btc-updown-15m-1764610200,1764610200,546.9,0.035,0.42,0.095,0.295,0.25
btc-updown-15m-1764610200,1764610200,557.1,-0.04,0.385,0.15,0.34,0.24
btc-updown-15m-1764610200,1764610200,570.9,0.035,0.43,0.195,0.215,0.19
btc-updown-15m-1764610200,1764610200,580.9,0.085,0.52,0.235,0.075,0.095
btc-updown-15m-1764610200,1764610200,591,0.045,0.565,0.13,0.04,0.04
btc-updown-15m-1764610200,1764610200,601,0.055,0.62,0.02,-0.025,-0.065
btc-updown-15m-1764610200,1764610200,611,0.125,0.755,-0.16,-0.02,-0.33
btc-updown-15m-1764610200,1764610200,621.1,-0.06,0.695,-0.095,-0.09,-0.4
btc-updown-15m-1764610200,1764610200,631.3,-0.055,0.64,-0.045,-0.03,-0.025
btc-updown-15m-1764610200,1764610200,641.3,-0.035,0.605,0.11,0,0.13
btc-updown-15m-1764610200,1764610200,664.7,0.03,0.645,0.01,-0.135,0.01
btc-updown-15m-1764610200,1764610200,676.4,-0.03,0.63,-0.085,-0.235,0.095
btc-updown-15m-1764610200,1764610200,693.5,0.03,0.645,-0.115,0.02,0.15
btc-updown-15m-1764610200,1764610200,703.5,-0.055,0.59,-0.185,0.05,0.225
btc-updown-15m-1764610200,1764610200,717.5,-0.035,0.56,-0.005,0.165,0.385
btc-updown-15m-1764610200,1764610200,727.5,-0.145,0.415,0.32,0.23,0.57
btc-updown-15m-1764610200,1764610200,737.6,-0.05,0.365,0.3,0.355,0.62
btc-updown-15m-1764610200,1764610200,747.6,0.19,0.555,0.17,0.24,0.43
btc-updown-15m-1764610200,1764610200,757.6,0.175,0.73,-0.085,0.03,0.255
btc-updown-15m-1764610200,1764610200,767.6,-0.07,0.665,0.055,0.15,0.32
btc-updown-15m-1764610200,1764610200,777.6,0.05,0.715,0.08,0.23,0.27
btc-updown-15m-1764610200,1764610200,787.6,-0.07,0.645,0.115,0.34,
btc-updown-15m-1764610200,1764610200,797.6,0.075,0.72,0.095,0.265,
btc-updown-15m-1764610200,1764610200,807.7,0.07,0.795,0.15,0.19,
btc-updown-15m-1764610200,1764610200,817.7,-0.035,0.76,0.225,0.225,
btc-updown-15m-1764610200,1764610200,827.7,0.055,0.815,0.17,0.17,
btc-updown-15m-1764610200,1764610200,837.8,0.13,0.945,0.04,0.04,
btc-updown-15m-1764621000,1764621000,17.8,-0.03,0.495,0.14,0.13,0.14
btc-updown-15m-1764621000,1764621000,28.2,0.04,0.535,0.09,0.12,0.095
btc-updown-15m-1764621000,1764621000,45.7,0.035,0.575,0.025,0.07,0
btc-updown-15m-1764621000,1764621000,55.8,0.07,0.645,0,0,-0.12
btc-updown-15m-1764621000,1764621000,65.8,-0.06,0.585,0.04,0,0.06
btc-updown-15m-1764621000,1764621000,77.3,0.03,0.615,0.04,0.02,-0.045
btc-updown-15m-1764621000,1764621000,87.3,0.035,0.655,-0.02,-0.03,-0.17
btc-updown-15m-1764621000,1764621000,97.4,-0.03,0.625,-0.05,0.03,-0.17
btc-updown-15m-1764621000,1764621000,107.4,0.03,0.655,-0.02,-0.085,-0.24
btc-updown-15m-1764621000,1764621000,117.9,-0.03,0.625,0,-0.05,-0.21
btc-updown-15m-1764621000,1764621000,128,-0.05,0.575,0.08,0.02,-0.22
btc-updown-15m-1764621000,1764621000,138,0.06,0.635,-0.06,-0.07,-0.23
btc-updown-15m-1764621000,1764621000,150.7,0.03,0.645,-0.06,-0.16,-0.15
btc-updown-15m-1764621000,1764621000,160.8,-0.03,0.615,-0.04,-0.165,-0.16
btc-updown-15m-1764621000,1764621000,170.9,-0.045,0.57,-0.05,-0.165,-0.095
btc-updown-15m-1764621000,1764621000,182,0.03,0.595,-0.12,-0.18,-0.11
btc-updown-15m-1764621000,1764621000,192.4,-0.03,0.575,-0.15,-0.18,-0.055
btc-updown-15m-1764621000,1764621000,202.4,-0.09,0.485,-0.07,-0.12,0.05
btc-updown-15m-1764621000,1764621000,213.4,-0.035,0.475,-0.12,0.01,0.07
btc-updown-15m-1764621000,1764621000,223.4,-0.06,0.415,-0.02,0.04,0.15
btc-updown-15m-1764621000,1764621000,242.5,-0.035,0.38,0.135,0.12,0.145
btc-updown-15m-1764621000,1764621000,253,0.03,0.395,0.06,0.12,0.09
btc-updown-15m-1764621000,1764621000,265.2,-0.035,0.38,0.095,0.155,0.095
btc-updown-15m-1764621000,1764621000,275.2,0.115,0.495,0,0.05,0.075
btc-updown-15m-1764621000,1764621000,285.2,-0.035,0.46,0.045,0.08,0.125
btc-updown-15m-1764621000,1764621000,302.5,0.03,0.505,0.02,0.02,0.055
btc-updown-15m-1764621000,1764621000,317.8,0.03,0.54,-0.005,-0.135,0.01
btc-updown-15m-1764621000,1764621000,328.5,-0.03,0.515,-0.035,-0.02,0
btc-updown-15m-1764621000,1764621000,338.5,0.05,0.565,-0.08,0.015,-0.09
btc-updown-15m-1764621000,1764621000,348.5,-0.04,0.525,-0.13,0.075,0.11
btc-updown-15m-1764621000,1764621000,358.6,-0.05,0.475,0.02,0.065,0.21
btc-updown-15m-1764621000,1764621000,372,-0.035,0.49,0.09,0.125,0.215
btc-updown-15m-1764621000,1764621000,382,-0.1,0.39,0.19,0.155,0.42
btc-updown-15m-1764621000,1764621000,392,0.175,0.565,-0.02,-0.075,0.27
btc-updown-15m-1764621000,1764621000,402.9,0.03,0.595,0.01,-0.045,0.23
btc-updown-15m-1764621000,1764621000,414.2,-0.035,0.55,-0.015,0.125,0.245
btc-updown-15m-1764621000,1764621000,427.3,0.04,0.575,-0.1,0.11,0.19
btc-updown-15m-1764621000,1764621000,437.7,-0.035,0.55,0.075,0.24,0.195
btc-updown-15m-1764621000,1764621000,447.7,-0.035,0.515,0.17,0.32,0.18
btc-updown-15m-1764621000,1764621000,457.9,-0.04,0.475,0.22,0.35,0.23
btc-updown-15m-1764621000,1764621000,467.9,0.155,0.63,0.165,0.175,0.105
btc-updown-15m-1764621000,1764621000,478,0.05,0.685,0.15,0.115,0.1
btc-updown-15m-1764621000,1764621000,488.8,0.04,0.695,0.13,0.07,-0.02
btc-updown-15m-1764621000,1764621000,498.8,0.1,0.795,0.015,-0.07,-0.09
btc-updown-15m-1764621000,1764621000,508.9,0.04,0.835,-0.03,-0.14,-0.14
btc-updown-15m-1764621000,1764621000,525.5,-0.035,0.795,-0.05,-0.07,-0.01
btc-updown-15m-1764621000,1764621000,541.1,-0.03,0.78,-0.085,0.015,0.07
btc-updown-15m-1764621000,1764621000,551.9,-0.03,0.745,-0.06,-0.045,0.11
btc-updown-15m-1764621000,1764621000,562.5,-0.03,0.715,0.03,-0.035,0.145
btc-updown-15m-1764621000,1764621000,582.8,0.03,0.735,-0.03,0.06,0.06
btc-updown-15m-1764621000,1764621000,594.7,0.04,0.775,-0.11,0.065,-0.04
btc-updown-15m-1764621000,1764621000,607.5,-0.03,0.755,0.04,0.09,0.04
btc-updown-15m-1764621000,1764621000,617.5,-0.05,0.705,0.1,0.15,0.09
btc-updown-15m-1764621000,1764621000,629.3,0.03,0.735,0.11,0.12,0.105
btc-updown-15m-1764621000,1764621000,642.3,-0.035,0.79,0.065,0.005,0.025
btc-updown-15m-1764621000,1764621000,652.3,0.035,0.825,0.035,-0.07,-0.13
btc-updown-15m-1764621000,1764621000,662.3,0.045,0.87,-0.055,-0.08,-0.115
btc-updown-15m-1764621000,1764621000,672.6,-0.03,0.84,-0.045,-0.06,0.105
btc-updown-15m-1764621000,1764621000,683.2,0.03,0.865,-0.12,-0.025,0.06
btc-updown-15m-1764621000,1764621000,693.2,-0.05,0.815,-0.02,-0.01,0.16
btc-updown-15m-1764621000,1764621000,708,-0.03,0.765,0.03,-0.1,0.22
btc-updown-15m-1764621000,1764621000,719.6,0.03,0.795,0.045,-0.06,0.18
btc-updown-15m-1764621000,1764621000,734.1,-0.03,0.775,0.04,0.17,0.21
btc-updown-15m-1764621000,1764621000,744.1,0.08,0.855,-0.17,0.07,0.13
btc-updown-15m-1764621000,1764621000,754.1,-0.05,0.805,0.055,0.13,0.18
btc-updown-15m-1764621000,1764621000,765,-0.03,0.77,0.17,0.215,0.215
btc-updown-15m-1764621000,1764621000,775,-0.07,0.7,0.245,0.285,0.285
btc-updown-15m-1764621000,1764621000,785.1,0.16,0.865,0.1,0.12,
btc-updown-15m-1764621000,1764621000,795.1,0.075,0.94,0.045,0.045,
btc-updown-15m-1764621000,1764621000,806.4,0.035,0.955,0.03,0.03,
btc-updown-15m-1764621000,1764621000,817,0.035,0.985,0,0,
btc-updown-15m-1764643500,1764643500,14.7,0.03,0.515,-0.05,-0.11,-0.15
btc-updown-15m-1764643500,1764643500,24.7,-0.03,0.485,-0.035,-0.07,-0.11
btc-updown-15m-1764643500,1764643500,34.7,0.1,0.585,-0.19,-0.12,-0.255
btc-updown-15m-1764643500,1764643500,44.8,-0.12,0.465,-0.06,-0.03,-0.115
btc-updown-15m-1764643500,1764643500,59.1,-0.03,0.435,0.01,-0.06,-0.025
btc-updown-15m-1764643500,1764643500,70.6,0.04,0.415,0.05,-0.04,-0.01
btc-updown-15m-1764643500,1764643500,88.4,0.035,0.44,-0.075,-0.065,-0.075
btc-updown-15m-1764643500,1764643500,100.2,0.03,0.465,-0.09,-0.135,-0.07
btc-updown-15m-1764643500,1764643500,110.2,-0.08,0.385,-0.025,-0.01,0
btc-updown-15m-1764643500,1764643500,122.8,-0.03,0.355,-0.07,0.055,-0.05
btc-updown-15m-1764643500,1764643500,151.1,-0.04,0.325,0.085,0.09,0.045
btc-updown-15m-1764643500,1764643500,161.5,0.035,0.345,0.075,0.05,0
btc-updown-15m-1764643500,1764643500,171.6,0.045,0.38,-0.005,0.005,-0.085
btc-updown-15m-1764643500,1764643500,181.7,0.035,0.415,0.01,-0.1,-0.115
btc-updown-15m-1764643500,1764643500,201.3,-0.035,0.375,0.01,0.04,-0.05
btc-updown-15m-1764643500,1764643500,211.3,0.045,0.42,-0.105,-0.05,-0.085
btc-updown-15m-1764643500,1764643500,222,-0.04,0.395,0,-0.05,-0.07
btc-updown-15m-1764643500,1764643500,240.8,-0.03,0.355,0.015,-0.055,-0.01
btc-updown-15m-1764643500,1764643500,251.1,0.035,0.36,-0.005,-0.015,-0.145
btc-updown-15m-1764643500,1764643500,261.1,0.06,0.425,-0.13,-0.1,-0.24
btc-updown-15m-1764643500,1764643500,271.3,-0.045,0.37,-0.07,-0.035,-0.185
btc-updown-15m-1764643500,1764643500,284.8,-0.04,0.325,0.08,0.005,-0.145
btc-updown-15m-1764643500,1764643500,294.8,-0.03,0.295,0.035,0.05,-0.12
btc-updown-15m-1764643500,1764643500,305,0.03,0.33,0.015,-0.025,-0.175
btc-updown-15m-1764643500,1764643500,315,0.075,0.405,-0.075,-0.2,-0.25
btc-updown-15m-1764643500,1764643500,325,-0.08,0.325,0.02,-0.1,-0.18
btc-updown-15m-1764643500,1764643500,361,-0.035,0.31,-0.125,-0.115,-0.175
btc-updown-15m-1764643500,1764643500,371,-0.09,0.215,-0.02,-0.055,-0.075
btc-updown-15m-1764643500,1764643500,381,-0.03,0.185,-0.005,-0.03,-0.06
btc-updown-15m-1764643500,1764643500,394.7,-0.03,0.185,-0.03,-0.03,-0.065
btc-updown-15m-1764643500,1764643500,408.2,-0.03,0.175,-0.02,-0.01,-0.025
btc-updown-15m-1764643500,1764643500,430.6,-0.03,0.16,0.035,-0.025,-0.065
btc-updown-15m-1764643500,1764643500,457.3,0.03,0.175,-0.03,-0.05,-0.065
btc-updown-15m-1764643500,1764643500,469.2,-0.03,0.15,-0.035,0,-0.045
btc-updown-15m-1764643500,1764643500,499.4,-0.03,0.11,0.04,-0.025,-0.005
btc-updown-15m-1764643500,1764643500,510.9,-0.03,0.085,0.03,0.02,0.01
btc-updown-15m-1764643500,1764643500,520.9,0.035,0.12,-0.025,-0.015,-0.055
btc-updown-15m-1764643500,1764643500,532.5,-0.035,0.115,0,-0.02,-0.08
btc-updown-15m-1764643500,1764643500,544.7,-0.03,0.095,0.015,-0.03,-0.08
btc-updown-15m-1764643500,1764643500,562.7,0.03,0.115,-0.02,-0.03,-0.1
btc-updown-15m-1764643500,1764643500,599,-0.03,0.075,0.02,-0.06,-0.05
btc-updown-15m-1764643500,1764643500,613.2,0.03,0.085,-0.03,-0.07,-0.07
btc-updown-15m-1764643500,1764643500,640.3,-0.03,0.065,-0.04,-0.05,-0.05
btc-updown-15m-1764643500,1764643500,650.5,-0.03,0.035,-0.02,0,-0.02
btc-updown-15m-1764653400,1764653400,6.8,0.03,0.525,0.06,0.02,0.055
btc-updown-15m-1764653400,1764653400,17,0.03,0.555,-0.01,0.1,-0.03
btc-updown-15m-1764653400,1764653400,34.9,0.04,0.595,-0.04,0.085,-0.145
btc-updown-15m-1764653400,1764653400,44.9,-0.05,0.545,0.025,0.11,-0.07
btc-updown-15m-1764653400,1764653400,75.2,0.035,0.585,0.07,-0.045,-0.115
btc-updown-15m-1764653400,1764653400,85.3,0.1,0.685,-0.08,-0.24,-0.22
btc-updown-15m-1764653400,1764653400,105.3,-0.03,0.655,-0.115,-0.18,-0.28
btc-updown-15m-1764653400,1764653400,115.5,-0.05,0.605,-0.16,-0.07,-0.23
btc-updown-15m-1764653400,1764653400,125.5,-0.03,0.575,-0.125,-0.08,-0.19
btc-updown-15m-1764653400,1764653400,135.5,-0.045,0.53,-0.055,-0.055,-0.125
btc-updown-15m-1764653400,1764653400,145.6,-0.085,0.445,0.09,0.02,0.03
btc-updown-15m-1764653400,1764653400,156.6,0.03,0.465,0.03,-0.07,0.015
btc-updown-15m-1764653400,1764653400,167.4,0.04,0.505,-0.02,-0.13,0.045
btc-updown-15m-1764653400,1764653400,178.2,-0.03,0.495,-0.04,-0.11,0.2
btc-updown-15m-1764653400,1764653400,188.2,-0.04,0.455,-0.06,-0.08,0.21
btc-updown-15m-1764653400,1764653400,199.9,0.035,0.49,-0.13,-0.055,0.215
btc-updown-15m-1764653400,1764653400,209.9,-0.04,0.455,-0.07,0.03,0.27
btc-updown-15m-1764653400,1764653400,219.9,-0.065,0.39,0.015,0.125,0.295
btc-updown-15m-1764653400,1764653400,230,-0.03,0.36,0.075,0.185,0.215
btc-updown-15m-1764653400,1764653400,255.8,0.035,0.405,0.15,0.32,0.21
btc-updown-15m-1764653400,1764653400,265.9,0.07,0.475,0.18,0.225,0.07
btc-updown-15m-1764653400,1764653400,278.9,0.03,0.505,0.175,0.18,0.06
btc-updown-15m-1764653400,1764653400,288.9,0.04,0.545,0.18,0.04,0.01
btc-updown-15m-1764653400,1764653400,298.9,0.15,0.695,0.03,-0.15,-0.135
btc-updown-15m-1764653400,1764653400,311.6,0.035,0.715,-0.03,-0.14,-0.02
btc-updown-15m-1764653400,1764653400,336.2,-0.035,0.68,-0.09,-0.095,-0.11
btc-updown-15m-1764653400,1764653400,346.2,-0.065,0.61,0.005,-0.05,-0.09
btc-updown-15m-1764653400,1764653400,356.2,-0.065,0.545,0,0.015,0
btc-updown-15m-1764653400,1764653400,366.2,0.045,0.59,-0.005,0.055,-0.085
btc-updown-15m-1764653400,1764653400,379.5,-0.03,0.525,0.03,0.12,0.05
btc-updown-15m-1764653400,1764653400,389.6,0.035,0.56,-0.005,0.075,-0.035
btc-updown-15m-1764653400,1764653400,420.6,0.035,0.59,0.045,-0.045,-0.015
btc-updown-15m-1764653400,1764653400,430.9,0.1,0.705,-0.17,-0.14,-0.16
btc-updown-15m-1764653400,1764653400,440.9,-0.045,0.65,-0.105,-0.085,-0.15
btc-updown-15m-1764653400,1764653400,454.3,-0.04,0.625,-0.12,-0.09,-0.135
btc-updown-15m-1764653400,1764653400,464.4,-0.1,0.525,0.09,-0.01,-0.095
btc-updown-15m-1764653400,1764653400,475.8,0.03,0.535,0.03,0.02,-0.195
btc-updown-15m-1764653400,1764653400,485.9,-0.03,0.505,0.01,0.06,-0.23
btc-updown-15m-1764653400,1764653400,495.9,0.07,0.575,-0.035,-0.08,-0.22
btc-updown-15m-1764653400,1764653400,507.1,-0.035,0.54,0.015,-0.055,-0.115
btc-updown-15m-1764653400,1764653400,523.4,-0.03,0.505,0.01,-0.045,0.01
btc-updown-15m-1764653400,1764653400,533.4,0.05,0.555,-0.06,-0.2,-0.05
btc-updown-15m-1764653400,1764653400,552.4,-0.04,0.525,-0.025,-0.22,-0.01
btc-updown-15m-1764653400,1764653400,562.5,-0.03,0.495,-0.14,-0.05,-0.07
btc-updown-15m-1764653400,1764653400,572.5,-0.04,0.455,-0.17,-0.04,0.02
btc-updown-15m-1764653400,1764653400,582.6,0.035,0.5,-0.155,0.015,0.01
btc-updown-15m-1764653400,1764653400,592.6,-0.145,0.355,0.09,0.15,0.1
btc-updown-15m-1764653400,1764653400,602.7,-0.07,0.285,0.13,0.195,0.205
btc-updown-15m-1764653400,1764653400,612.7,0.065,0.345,0.17,0.15,0.23
btc-updown-15m-1764653400,1764653400,622.7,0.1,0.445,0.06,-0.015,0.04
btc-updown-15m-1764653400,1764653400,632.8,-0.03,0.415,0.065,0.06,-0.04
btc-updown-15m-1764653400,1764653400,642.9,0.1,0.515,-0.03,-0.005,-0.15
btc-updown-15m-1764653400,1764653400,655,-0.03,0.485,-0.045,-0.04,-0.17
btc-updown-15m-1764653400,1764653400,668.4,0.05,0.48,0.025,0.095,0.325
btc-updown-15m-1764653400,1764653400,678.5,-0.045,0.44,0.025,0.145,0.255
btc-updown-15m-1764653400,1764653400,690.9,0.03,0.465,-0.005,-0.095,0.185
btc-updown-15m-1764653400,1764653400,700.9,0.04,0.505,0.07,-0.14,0.135
btc-updown-15m-1764653400,1764653400,711,-0.05,0.455,0.06,-0.1,0.2
btc-updown-15m-1764653400,1764653400,722.7,0.035,0.49,-0.115,-0.2,0.265
btc-updown-15m-1764653400,1764653400,732.8,0.095,0.575,-0.21,0.14,0.34
btc-updown-15m-1764653400,1764653400,742.8,-0.09,0.485,-0.13,0.205,0.47
btc-updown-15m-1764653400,1764653400,752.8,-0.11,0.375,-0.085,0.285,0.565
btc-updown-15m-1764653400,1764653400,766.3,-0.03,0.355,0.355,0.3,0.63
btc-updown-15m-1764653400,1764653400,776.3,-0.065,0.29,0.385,0.38,0.695
btc-updown-15m-1764653400,1764653400,786.3,0.625,0.915,-0.27,-0.02,
btc-updown-15m-1764653400,1764653400,796.3,-0.205,0.71,-0.055,0.22,
btc-updown-15m-1764653400,1764653400,807.5,-0.05,0.675,-0.005,0.31,
btc-updown-15m-1764653400,1764653400,837.8,0.03,0.67,0.315,0.315,
btc-updown-15m-1764653400,1764653400,847.8,0.225,0.895,0.065,,
btc-updown-15m-1764653400,1764653400,857.8,0.035,0.93,0.055,,
btc-updown-15m-1764653400,1764653400,867.8,0.06,0.99,-0.005,,
btc-updown-15m-1764653400,1764653400,877.8,-0.03,0.96,,,
btc-updown-15m-1764664200,1764664200,2.1,-0.03,0.515,-0.07,-0.185,0.005
btc-updown-15m-1764664200,1764664200,12.2,-0.09,0.425,-0.01,-0.12,0.03
btc-updown-15m-1764664200,1764664200,22.2,0.03,0.46,-0.075,-0.135,-0.05
btc-updown-15m-1764664200,1764664200,32.3,-0.03,0.435,-0.1,-0.07,0.02
btc-updown-15m-1764664200,1764664200,42.4,-0.03,0.415,-0.11,-0.02,0.07
btc-updown-15m-1764664200,1764664200,60.9,-0.03,0.365,-0.04,0.105,0.23
btc-updown-15m-1764664200,1764664200,71,-0.06,0.305,0.085,0.17,0.32
btc-updown-15m-1764664200,1764664200,91.6,0.035,0.36,0.135,0.095,0.285
btc-updown-15m-1764664200,1764664200,101.7,0.035,0.39,0.085,0.085,0.175
btc-updown-15m-1764664200,1764664200,111.7,0.085,0.475,-0.06,0.09,0.085
btc-updown-15m-1764664200,1764664200,121.8,0.03,0.505,-0.05,0.09,0.06
btc-updown-15m-1764664200,1764664200,131.8,-0.03,0.475,0,0.15,0.14
btc-updown-15m-1764664200,1764664200,141.9,-0.06,0.415,0.15,0.23,0.215
btc-updown-15m-1764664200,1764664200,151.9,0.035,0.45,0.145,0.195,0.205
btc-updown-15m-1764664200,1764664200,161.9,0.035,0.485,0.14,0.08,0.155
btc-updown-15m-1764664200,1764664200,171.9,0.075,0.56,0.085,0,0.1
btc-updown-15m-1764664200,1764664200,182,0.03,0.595,0.05,-0.03,0.05
btc-updown-15m-1764664200,1764664200,192,0.03,0.625,-0.06,0,-0.03
btc-updown-15m-1764664200,1764664200,202.8,0.03,0.65,-0.075,-0.015,0.075
btc-updown-15m-1764664200,1764664200,214.5,0.03,0.685,-0.08,-0.04,0.07
btc-updown-15m-1764664200,1764664200,224.5,-0.16,0.535,0.12,0.1,0.215
btc-updown-15m-1764664200,1764664200,235.3,0.04,0.585,0.06,0.09,0.14
btc-updown-15m-1764664200,1764664200,245.3,0.03,0.615,0.03,0.03,0.095
btc-updown-15m-1764664200,1764664200,255.3,0.03,0.645,-0.01,0,0.02
btc-updown-15m-1764664200,1764664200,265.6,0.04,0.655,0.02,0.08,-0.03
btc-updown-15m-1764664200,1764664200,278.4,-0.03,0.645,-0.03,0.11,0
btc-updown-15m-1764664200,1764664200,291.9,0.03,0.665,0.04,0.03,-0.03
btc-updown-15m-1764664200,1764664200,305.1,-0.03,0.645,0.115,0.065,0.05
btc-updown-15m-1764664200,1764664200,317.1,0.03,0.655,0.08,0.01,0.06
btc-updown-15m-1764664200,1764664200,327.1,0.08,0.735,-0.01,-0.115,-0.04
btc-updown-15m-1764664200,1764664200,345.5,-0.03,0.73,-0.065,-0.085,0.005
btc-updown-15m-1764664200,1764664200,373.4,-0.035,0.675,-0.03,0.05,0.215
btc-updown-15m-1764664200,1764664200,383.4,-0.045,0.63,-0.005,0.08,0.255
btc-updown-15m-1764664200,1764664200,399.4,0.03,0.645,0.06,0.07,0.27
btc-updown-15m-1764664200,1764664200,409.5,-0.03,0.615,0.085,0.11,0.29
btc-updown-15m-1764664200,1764664200,419.5,0.06,0.675,0.03,0.115,0.25
btc-updown-15m-1764664200,1764664200,429.6,0.035,0.705,0.01,0.185,0.23
btc-updown-15m-1764664200,1764664200,440.7,-0.03,0.695,0.03,0.195,0.24
btc-updown-15m-1764664200,1764664200,461.2,0.03,0.735,0.15,0.18,0.225
btc-updown-15m-1764664200,1764664200,472,0.03,0.765,0.13,0.15,0.2
btc-updown-15m-1764664200,1764664200,482,0.08,0.845,0.065,0.08,0.12
btc-updown-15m-1764664200,1764664200,492,0.04,0.885,0.01,0.05,0.1
btc-updown-15m-1764664200,1764664200,532.4,0.03,0.915,0.025,0.05,0.07
btc-updown-15m-1764664200,1764664200,769.7,-0.03,0.955,-0.68,-0.645,-0.86
btc-updown-15m-1764664200,1764664200,779.7,-0.16,0.795,-0.52,-0.45,-0.785
btc-updown-15m-1764664200,1764664200,789.8,0.08,0.875,-0.68,-0.59,
btc-updown-15m-1764664200,1764664200,799.8,-0.6,0.275,0.03,-0.055,
btc-updown-15m-1764664200,1764664200,811.5,0.05,0.295,0.1,-0.035,
btc-updown-15m-1764664200,1764664200,821.5,-0.08,0.235,0.08,-0.075,
btc-updown-15m-1764664200,1764664200,831.5,0.065,0.3,-0.065,-0.235,
btc-updown-15m-1764664200,1764664200,841.5,0.095,0.395,-0.14,,
btc-updown-15m-1764664200,1764664200,851.5,-0.085,0.31,-0.155,,
btc-updown-15m-1764664200,1764664200,861.5,-0.075,0.235,-0.17,,
btc-updown-15m-1764664200,1764664200,871.8,0.03,0.265,,,
btc-updown-15m-1764664200,1764664200,881.8,-0.12,0.145,,,
btc-updown-15m-1764664200,1764664200,891.8,-0.07,0.075,,,
btc-updown-15m-1764675000,1764675000,2.6,0.04,0.505,-0.08,-0.2,-0.11
btc-updown-15m-1764675000,1764675000,12.7,-0.115,0.39,0.085,-0.085,0.035
btc-updown-15m-1764675000,1764675000,24.2,-0.03,0.375,0.01,0.01,0.045
btc-updown-15m-1764675000,1764675000,34.2,0.05,0.425,-0.09,-0.01,-0.04
btc-updown-15m-1764675000,1764675000,44.2,0.05,0.475,-0.17,-0.08,-0.085
btc-updown-15m-1764675000,1764675000,54.3,-0.09,0.385,0,0.01,-0.01
btc-updown-15m-1764675000,1764675000,64.3,-0.05,0.335,0.08,0.06,0.05
btc-updown-15m-1764675000,1764675000,74.8,-0.03,0.305,0.09,0.1,0.09
btc-updown-15m-1764675000,1764675000,84.9,0.09,0.395,0,0.025,0
btc-updown-15m-1764675000,1764675000,105.2,-0.035,0.38,0.025,0.01,0.035
btc-updown-15m-1764675000,1764675000,117.1,0.03,0.405,0.015,-0.03,0.01
btc-updown-15m-1764675000,1764675000,130.8,0.035,0.425,-0.04,0,0.03
btc-updown-15m-1764675000,1764675000,153.7,-0.035,0.385,0,-0.005,0.065
btc-updown-15m-1764675000,1764675000,175.2,-0.03,0.365,0.03,0.06,0.14
btc-updown-15m-1764675000,1764675000,187.1,0.03,0.395,0.025,0.05,0.1
btc-updown-15m-1764675000,1764675000,198.8,-0.035,0.38,0.035,0.115,0.08
btc-updown-15m-1764675000,1764675000,208.9,0.035,0.415,0.025,0.07,-0.05
btc-updown-15m-1764675000,1764675000,222.6,0.03,0.405,0.075,0.1,-0.04
btc-updown-15m-1764675000,1764675000,238.9,0.03,0.445,0.04,0.06,-0.01
btc-updown-15m-1764675000,1764675000,253.6,0.035,0.495,0.01,-0.025,-0.205
btc-updown-15m-1764675000,1764675000,264.9,-0.03,0.485,0.02,-0.115,-0.21
btc-updown-15m-1764675000,1764675000,282.3,0.035,0.5,-0.03,-0.155,-0.105
btc-updown-15m-1764675000,1764675000,308,-0.03,0.475,-0.14,-0.14,-0.13
btc-updown-15m-1764675000,1764675000,320.4,-0.03,0.435,-0.02,-0.145,-0.1
btc-updown-15m-1764675000,1764675000,330.7,-0.055,0.36,0.07,-0.065,-0.095
btc-updown-15m-1764675000,1764675000,341.2,-0.035,0.325,-0.03,0.07,0.01
btc-updown-15m-1764675000,1764675000,351.3,0.095,0.42,-0.135,-0.035,-0.105
btc-updown-15m-1764675000,1764675000,363,0.03,0.455,-0.16,-0.145,-0.14
btc-updown-15m-1764675000,1764675000,373,-0.15,0.305,0.085,0.03,-0.045
btc-updown-15m-1764675000,1764675000,388.1,0.03,0.315,0.055,-0.01,-0.08
btc-updown-15m-1764675000,1764675000,398.1,0.035,0.35,-0.005,-0.055,-0.11
btc-updown-15m-1764675000,1764675000,410.4,-0.03,0.365,-0.03,-0.04,-0.1
btc-updown-15m-1764675000,1764675000,421.1,-0.03,0.355,-0.1,-0.02,-0.115
btc-updown-15m-1764675000,1764675000,432.3,0.03,0.335,0.01,-0.075,-0.11
btc-updown-15m-1764675000,1764675000,442.4,-0.03,0.305,0.01,-0.05,-0.04
btc-updown-15m-1764675000,1764675000,452.4,-0.05,0.255,0.08,-0.01,-0.02
btc-updown-15m-1764675000,1764675000,462.4,0.09,0.345,-0.085,-0.085,-0.115
btc-updown-15m-1764675000,1764675000,483.4,-0.03,0.305,-0.06,-0.05,-0.14
btc-updown-15m-1764675000,1764675000,493.5,-0.05,0.255,0,0.03,-0.075
btc-updown-15m-1764675000,1764675000,506,-0.03,0.235,0.03,0.05,-0.1
btc-updown-15m-1764675000,1764675000,539.5,-0.03,0.235,0.01,-0.01,-0.06
btc-updown-15m-1764675000,1764675000,552.7,0.035,0.29,-0.06,-0.1,-0.095
btc-updown-15m-1764675000,1764675000,566.7,0.03,0.275,-0.03,-0.14,-0.09
btc-updown-15m-1764675000,1764675000,576.8,-0.045,0.23,-0.065,-0.095,-0.055
btc-updown-15m-1764675000,1764675000,597.2,0.03,0.26,-0.125,-0.075,-0.085
btc-updown-15m-1764675000,1764675000,607.2,-0.1,0.16,-0.025,0.065,0.1
btc-updown-15m-1764675000,1764675000,620.2,-0.03,0.155,0.07,0.015,0.26
btc-updown-15m-1764675000,1764675000,647.6,0.03,0.165,0.01,-0.03,0.025
btc-updown-15m-1764675000,1764675000,657.7,-0.045,0.185,0.005,-0.01,-0.035
btc-updown-15m-1764675000,1764675000,672,0.03,0.195,-0.07,0.07,-0.12
btc-updown-15m-1764675000,1764675000,689.4,0.03,0.205,-0.015,0.29,-0.18
btc-updown-15m-1764675000,1764675000,699.4,-0.035,0.17,0.095,0.125,-0.115
btc-updown-15m-1764675000,1764675000,709.5,-0.045,0.125,0.275,0.09,-0.09
btc-updown-15m-1764675000,1764675000,719.5,0.065,0.19,0.335,-0.04,-0.165
btc-updown-15m-1764675000,1764675000,729.6,0.075,0.265,-0.01,-0.165,-0.25
btc-updown-15m-1764675000,1764675000,739.7,0.14,0.405,-0.19,-0.345,-0.39
btc-updown-15m-1764675000,1764675000,749.7,0.12,0.525,-0.37,-0.5,-0.51
btc-updown-15m-1764675000,1764675000,759.7,-0.27,0.255,-0.155,-0.19,-0.24
btc-updown-15m-1764675000,1764675000,769.8,-0.04,0.215,-0.155,-0.18,-0.2
btc-updown-15m-1764675000,1764675000,779.8,-0.06,0.155,-0.13,-0.13,-0.14
btc-updown-15m-1764675000,1764675000,789.8,-0.055,0.1,-0.035,-0.085,
btc-updown-15m-1764675000,1764675000,799.8,-0.04,0.06,-0.025,-0.045,
btc-updown-15m-1764675000,1764675000,809.8,-0.035,0.025,0,-0.01,
btc-updown-15m-1764675000,1764675000,819.9,0.04,0.065,-0.05,-0.05,
btc-updown-15m-1764675000,1764675000,829.9,-0.03,0.035,-0.02,-0.02,
btc-updown-15m-1764675000,1764675000,840.9,-0.03,0.015,0,,
btc-updown-15m-1764684900,1764684900,3.7,0.035,0.48,0.015,0.1,0.15
btc-updown-15m-1764684900,1764684900,13.7,-0.035,0.445,0.06,0.1,0.24
btc-updown-15m-1764684900,1764684900,23.7,0.05,0.495,0.075,0.09,0.2
btc-updown-15m-1764684900,1764684900,34.8,0.03,0.515,0.04,0.06,0.19
btc-updown-15m-1764684900,1764684900,47,0.03,0.535,0.04,0.03,0.195
btc-updown-15m-1764684900,1764684900,58.5,-0.03,0.53,0.055,0.105,0.195
btc-updown-15m-1764684900,1764684900,68.7,0.03,0.56,0.015,0.105,0.09
btc-updown-15m-1764684900,1764684900,78.7,0.035,0.595,0.02,0.1,-0.04
btc-updown-15m-1764684900,1764684900,88.7,-0.03,0.565,0.06,0.12,0.06
btc-updown-15m-1764684900,1764684900,100.1,0.03,0.595,0.075,0.13,-0.035
btc-updown-15m-1764684900,1764684900,114.3,0.03,0.665,0.015,0.05,-0.12
btc-updown-15m-1764684900,1764684900,124.3,-0.05,0.615,0.1,0.07,-0.07
btc-updown-15m-1764684900,1764684900,134.3,0.07,0.685,0.02,-0.105,-0.13
btc-updown-15m-1764684900,1764684900,151.1,0.035,0.71,0.025,-0.145,-0.135
btc-updown-15m-1764684900,1764684900,166.1,0.03,0.735,-0.155,-0.195,-0.16
btc-updown-15m-1764684900,1764684900,181.3,0.03,0.745,-0.18,-0.23,-0.16
btc-updown-15m-1764684900,1764684900,191.3,-0.125,0.62,-0.045,-0.075,-0.015
btc-updown-15m-1764684900,1764684900,201.3,-0.075,0.545,0.015,-0.01,0.035
btc-updown-15m-1764684900,1764684900,211.6,0.045,0.58,-0.055,-0.005,-0.065
btc-updown-15m-1764684900,1764684900,223.6,-0.03,0.58,-0.025,0.025,-0.105
btc-updown-15m-1764684900,1764684900,238.4,-0.03,0.515,0.055,0.07,-0.07
btc-updown-15m-1764684900,1764684900,249.7,0.03,0.525,0.055,0.065,-0.12
btc-updown-15m-1764684900,1764684900,262.6,-0.03,0.525,0.04,0.05,-0.07
btc-updown-15m-1764684900,1764684900,272.6,0.065,0.59,-0.005,-0.105,-0.135
btc-updown-15m-1764684900,1764684900,283.4,0.03,0.605,0.015,-0.13,-0.105
btc-updown-15m-1764684900,1764684900,293.5,-0.03,0.575,0,-0.11,-0.1
btc-updown-15m-1764684900,1764684900,304.3,0.03,0.595,-0.08,-0.21,-0.19
btc-updown-15m-1764684900,1764684900,318.7,0.03,0.61,-0.12,-0.125,-0.255
btc-updown-15m-1764684900,1764684900,328.7,-0.03,0.58,-0.18,-0.135,-0.185
btc-updown-15m-1764684900,1764684900,338.7,-0.1,0.475,-0.09,0.03,-0.04
btc-updown-15m-1764684900,1764684900,356.6,-0.04,0.455,-0.02,-0.02,0.06
btc-updown-15m-1764684900,1764684900,366.6,-0.07,0.385,0.135,-0.03,0.29
btc-updown-15m-1764684900,1764684900,376.6,0.095,0.48,0.005,-0.115,0.275
btc-updown-15m-1764684900,1764684900,386.6,-0.045,0.435,0,-0.04,0.32
btc-updown-15m-1764684900,1764684900,396.6,0.085,0.52,-0.165,-0.085,0.22
btc-updown-15m-1764684900,1764684900,406.6,-0.035,0.485,-0.12,-0.02,0.26
btc-updown-15m-1764684900,1764684900,416.7,-0.05,0.435,-0.04,0.08,0.31
btc-updown-15m-1764684900,1764684900,426.7,-0.085,0.355,0.08,0.32,0.43
btc-updown-15m-1764684900,1764684900,437.8,-0.03,0.365,0.1,0.4,0.42
btc-updown-15m-1764684900,1764684900,447.9,0.03,0.39,0.115,0.365,0.43
btc-updown-15m-1764684900,1764684900,457.9,0.045,0.435,0.26,0.29,0.395
btc-updown-15m-1764684900,1764684900,467.9,0.03,0.465,0.295,0.285,0.38
btc-updown-15m-1764684900,1764684900,477.9,0.04,0.505,0.25,0.25,0.37
btc-updown-15m-1764684900,1764684900,487.9,0.19,0.695,0.03,0.07,0.17
btc-updown-15m-1764684900,1764684900,497.9,0.065,0.76,-0.01,0.025,0.135
btc-updown-15m-1764684900,1764684900,509.4,-0.03,0.755,0.01,0.07,0.17
btc-updown-15m-1764684900,1764684900,519.4,-0.03,0.725,0.04,0.11,0.2
btc-updown-15m-1764684900,1764684900,544,0.03,0.765,0.07,0.115,0.18
btc-updown-15m-1764684900,1764684900,560.6,0.03,0.785,0.08,0.12,0.19
btc-updown-15m-1764684900,1764684900,570.6,0.04,0.825,0.07,0.1,0.15
btc-updown-15m-1764684900,1764684900,582.1,0.03,0.865,0.015,0.06,0.12
btc-updown-15m-1764684900,1764684900,594.6,0.03,0.875,0.055,0.08,0.11
btc-updown-15m-1764684900,1764684900,616.2,0.03,0.895,0.04,0.075,0.09
btc-updown-15m-1764684900,1764684900,626.4,0.03,0.925,0.03,0.04,0.06
btc-updown-15m-1764684900,1764684900,676.2,0.03,0.975,0.01,0.01,0.01
btc-updown-15m-1764684900,1764684900,699.5,0.03,0.985,0,0,0
btc-updown-15m-1764695700,1764695700,2.3,0.035,0.48,0.015,0.045,0.21
btc-updown-15m-1764695700,1764695700,13.8,0.03,0.515,-0.04,0.07,0.24
btc-updown-15m-1764695700,1764695700,27.8,-0.03,0.515,-0.05,0.11,0.255
btc-updown-15m-1764695700,1764695700,40.3,-0.03,0.475,0.1,0.14,0.33
btc-updown-15m-1764695700,1764695700,60.6,0.035,0.5,0.125,0.175,0.33
btc-updown-15m-1764695700,1764695700,70.6,0.075,0.575,0.04,0.17,0.28
btc-updown-15m-1764695700,1764695700,80.6,0.06,0.635,-0.03,0.12,0.2
btc-updown-15m-1764695700,1764695700,97.3,-0.03,0.6,0.125,0.185,0.245
btc-updown-15m-1764695700,1764695700,112.5,-0.03,0.605,0.14,0.21,0.27
btc-updown-15m-1764695700,1764695700,122.5,0.09,0.695,0.095,0.15,0.24
btc-updown-15m-1764695700,1764695700,132.6,0.05,0.745,0.06,0.105,0.16
btc-updown-15m-1764695700,1764695700,151.1,0.03,0.785,0.05,0.06,0.13
btc-updown-15m-1764695700,1764695700,165.8,0.03,0.805,0.045,0.06,0.13
btc-updown-15m-1764695700,1764695700,181.3,0.03,0.845,0,0.1,0.07
btc-updown-15m-1764695700,1764695700,225.6,0.03,0.865,0.045,0.07,0.07
btc-updown-15m-1764695700,1764695700,235.6,0.05,0.915,0.01,0,0.02
btc-updown-15m-1764695700,1764695700,252.5,-0.03,0.905,0.04,0.04,0.05
btc-updown-15m-1764695700,1764695700,262.7,0.03,0.935,-0.01,0.01,0.02
btc-updown-15m-1764695700,1764695700,297.9,-0.03,0.905,0.035,0.03,0.06
btc-updown-15m-1764695700,1764695700,307.9,0.03,0.935,0.01,0.015,0.03
btc-updown-15m-1764706500,1764706500,4.4,-0.03,0.51,-0.065,-0.1,-0.255
btc-updown-15m-1764706500,1764706500,14.4,-0.055,0.455,-0.04,-0.03,-0.155
btc-updown-15m-1764706500,1764706500,24.4,-0.04,0.415,-0.03,0,-0.13
btc-updown-15m-1764706500,1764706500,34.4,0.03,0.445,-0.035,-0.18,-0.21
btc-updown-15m-1764706500,1764706500,44.4,-0.03,0.415,0.01,-0.12,-0.16
btc-updown-15m-1764706500,1764706500,54.8,-0.035,0.395,0.01,-0.09,-0.16
btc-updown-15m-1764706500,1764706500,66.3,0.035,0.43,-0.16,-0.185,-0.235
btc-updown-15m-1764706500,1764706500,87.1,-0.035,0.38,-0.085,-0.1,-0.205
btc-updown-15m-1764706500,1764706500,97.1,-0.115,0.255,-0.01,0.005,-0.11
btc-updown-15m-1764706500,1764706500,107.2,0.06,0.315,-0.015,-0.06,-0.16
btc-updown-15m-1764706500,1764706500,118.6,-0.03,0.285,-0.005,-0.05,-0.14
btc-updown-15m-1764706500,1764706500,130.4,0.035,0.32,-0.08,-0.155,-0.195
btc-updown-15m-1764706500,1764706500,149.9,-0.04,0.28,-0.045,-0.12,-0.205
btc-updown-15m-1764706500,1764706500,159.9,-0.045,0.23,-0.045,-0.07,-0.145
btc-updown-15m-1764706500,1764706500,181.7,-0.03,0.205,-0.02,-0.08,-0.105
btc-updown-15m-1764706500,1764706500,191.8,-0.03,0.17,-0.02,-0.05,-0.05
btc-updown-15m-1764706500,1764706500,202.7,-0.03,0.145,-0.015,-0.04,0.02
btc-updown-15m-1764706500,1764706500,212.7,0.04,0.185,-0.04,-0.09,-0.03
btc-updown-15m-1764706500,1764706500,222.7,-0.03,0.155,-0.05,-0.035,-0.01
btc-updown-15m-1764706500,1764706500,233.2,-0.035,0.13,-0.025,-0.02,0
btc-updown-15m-1764706500,1764706500,252.3,-0.035,0.11,0.01,0.01,0.065
btc-updown-15m-1764706500,1764706500,283.1,0.03,0.125,0.025,0,0.01
btc-updown-15m-1764706500,1764706500,300,-0.03,0.075,0.065,0.03,0.04
btc-updown-15m-1764706500,1764706500,310,0.035,0.11,0.035,0.055,-0.035
btc-updown-15m-1764706500,1764706500,320,0.045,0.155,-0.025,0,-0.05
btc-updown-15m-1764706500,1764706500,343.1,-0.03,0.125,0.05,0.01,-0.04
btc-updown-15m-1764706500,1764706500,360.3,-0.03,0.1,0.075,0.01,-0.02
btc-updown-15m-1764706500,1764706500,370.4,0.07,0.165,-0.01,-0.08,-0.06
btc-updown-15m-1764706500,1764706500,384.9,-0.03,0.155,-0.045,-0.045,-0.05
btc-updown-15m-1764706500,1764706500,395,0.04,0.195,-0.1,-0.12,-0.13
btc-updown-15m-1764706500,1764706500,405,-0.06,0.135,-0.03,-0.04,-0.08
btc-updown-15m-1764706500,1764706500,420.2,-0.03,0.11,0,-0.03,-0.075
btc-updown-15m-1764706500,1764706500,430.3,-0.03,0.085,-0.01,0.02,-0.05
btc-updown-15m-1764706500,1764706500,440.5,0.03,0.115,-0.025,0.005,-0.08
btc-updown-15m-1764706500,1764706500,454.5,-0.03,0.075,0.03,-0.005,-0.05
btc-updown-15m-1764706500,1764706500,506.8,-0.03,0.085,-0.04,-0.05,-0.02
btc-updown-15m-1764706500,1764706500,517.5,-0.03,0.055,-0.02,-0.03,0.01
btc-updown-15m-1764706500,1764706500,621,0.03,0.055,-0.01,-0.01,-0.03
btc-updown-15m-1764706500,1764706500,649.9,-0.03,0.045,0.01,0.005,-0.01
btc-updown-15m-1764706500,1764706500,664.7,0.03,0.075,-0.01,-0.05,-0.05
btc-updown-15m-1764706500,1764706500,680.5,-0.03,0.045,0.005,-0.02,-0.0345
btc-updown-15m-1764706500,1764706500,691.6,0.03,0.065,-0.04,-0.04,-0.0545
btc-updown-15m-1764717300,1764717300,2.3,-0.035,0.44,-0.005,0.055,0.045
btc-updown-15m-1764717300,1764717300,12.4,0.05,0.485,0,0.055,0.12
btc-updown-15m-1764717300,1764717300,25.6,-0.03,0.435,0.04,0.12,0.175
btc-updown-15m-1764717300,1764717300,36.3,0.035,0.425,0.09,0.17,0.2
btc-updown-15m-1764717300,1764717300,46.3,0.06,0.485,0.07,0.07,0.145
btc-updown-15m-1764717300,1764717300,62.8,0.03,0.51,0.085,-0.01,0.185
btc-updown-15m-1764717300,1764717300,72.8,0.03,0.545,0.04,0.06,0.115
btc-updown-15m-1764717300,1764717300,91.4,0.035,0.59,-0.115,0.03,-0.035
btc-updown-15m-1764717300,1764717300,105,-0.03,0.565,0.04,0.065,-0.02
btc-updown-15m-1764717300,1764717300,115.1,-0.07,0.495,0.115,0.14,0.02
btc-updown-15m-1764717300,1764717300,125.1,0.04,0.535,0.1,0.145,-0.075
btc-updown-15m-1764717300,1764717300,135.1,0.07,0.605,0.025,0.03,-0.19
btc-updown-15m-1764717300,1764717300,147.1,0.03,0.625,0,-0.11,-0.13
btc-updown-15m-1764717300,1764717300,181,0.035,0.675,-0.12,-0.17,-0.14
btc-updown-15m-1764717300,1764717300,192.6,-0.035,0.66,-0.135,-0.225,-0.145
btc-updown-15m-1764717300,1764717300,202.6,-0.105,0.555,-0.03,-0.12,-0.13
btc-updown-15m-1764717300,1764717300,213.5,0.03,0.555,-0.1,-0.03,-0.2
btc-updown-15m-1764717300,1764717300,226,0.03,0.545,-0.135,-0.005,-0.21
btc-updown-15m-1764717300,1764717300,236.1,-0.03,0.515,-0.02,0.015,-0.21
btc-updown-15m-1764717300,1764717300,246.2,-0.05,0.455,0.08,0.09,-0.155
btc-updown-15m-1764717300,1764717300,256.3,-0.05,0.41,0.13,0.095,-0.05
btc-updown-15m-1764717300,1764717300,266.4,0.085,0.495,0.035,-0.08,-0.15
btc-updown-15m-1764717300,1764717300,276.4,0.035,0.53,0.015,-0.185,-0.27
btc-updown-15m-1764717300,1764717300,306.7,0.03,0.545,-0.2,-0.25,-0.305
btc-updown-15m-1764717300,1764717300,316.8,-0.05,0.495,-0.155,-0.14,-0.29
btc-updown-15m-1764717300,1764717300,326.9,-0.08,0.415,-0.115,-0.1,-0.215
btc-updown-15m-1764717300,1764717300,336.9,-0.07,0.345,-0.05,-0.09,-0.155
btc-updown-15m-1764717300,1764717300,353,-0.03,0.305,0.05,-0.08,-0.125
btc-updown-15m-1764717300,1764717300,370,0.03,0.325,-0.05,-0.09,-0.11
btc-updown-15m-1764717300,1764717300,386.9,-0.04,0.315,-0.1,-0.115,-0.175
btc-updown-15m-1764717300,1764717300,396.9,-0.06,0.255,-0.015,-0.065,-0.16
btc-updown-15m-1764717300,1764717300,407.8,-0.03,0.24,-0.03,-0.065,-0.175
btc-updown-15m-1764717300,1764717300,418.1,-0.03,0.215,-0.015,-0.05,-0.17
btc-updown-15m-1764717300,1764717300,431.7,-0.03,0.21,-0.025,-0.015,-0.155
btc-updown-15m-1764717300,1764717300,445.6,-0.03,0.195,-0.02,-0.04,-0.105
btc-updown-15m-1764717300,1764717300,467.5,-0.03,0.175,0.01,-0.12,-0.13
btc-updown-15m-1764717300,1764717300,480.6,0.03,0.205,-0.07,-0.16,-0.16
btc-updown-15m-1764717300,1764717300,491.6,-0.03,0.195,-0.12,-0.14,-0.15
btc-updown-15m-1764717300,1764717300,504.3,-0.03,0.155,-0.11,-0.065,-0.105
btc-updown-15m-1764717300,1764717300,514.3,-0.03,0.125,-0.07,-0.035,-0.08
btc-updown-15m-1764717300,1764717300,524.3,-0.065,0.06,0.005,-0.005,-0.015
btc-updown-15m-1764717300,1764717300,555.5,0.03,0.075,-0.03,-0.03,-0.05
btc-updown-15m-1764717300,1764717300,580.2,-0.03,0.06,-0.015,-0.015,-0.045
btc-updown-15m-1764717300,1764717300,659.5,0.03,0.065,-0.05,-0.05,-0.05
btc-updown-15m-1764717300,1764717300,669.5,-0.03,0.04,-0.025,-0.025,-0.025
btc-updown-15m-1764727200,1764727200,4.3,0.05,0.485,-0.07,-0.07,0.085
btc-updown-15m-1764727200,1764727200,14.3,-0.07,0.415,0.05,0.01,0.2
btc-updown-15m-1764727200,1764727200,41.4,0.03,0.445,-0.02,0.1,0.19
btc-updown-15m-1764727200,1764727200,56.3,-0.035,0.44,0.045,0.155,0.18
btc-updown-15m-1764727200,1764727200,72.2,0.035,0.42,0.13,0.13,0.235
btc-updown-15m-1764727200,1764727200,82.2,0.055,0.475,0.12,0.17,0.155
btc-updown-15m-1764727200,1764727200,92.2,0.04,0.515,0.1,0.09,0.21
btc-updown-15m-1764727200,1764727200,102.2,0.035,0.55,0,0.085,0.155
btc-updown-15m-1764727200,1764727200,112.2,0.045,0.595,0.05,0.04,0.175
btc-updown-15m-1764727200,1764727200,124.3,-0.03,0.565,0.07,0.055,0.2
btc-updown-15m-1764727200,1764727200,134.3,0.05,0.615,0.02,0.045,0.15
btc-updown-15m-1764727200,1764727200,144.3,0.03,0.645,-0.02,-0.01,0.23
btc-updown-15m-1764727200,1764727200,161.8,0.03,0.635,0.015,0.055,0.28
btc-updown-15m-1764727200,1764727200,175.6,-0.03,0.605,0.04,0.165,0.29
btc-updown-15m-1764727200,1764727200,191.3,0.03,0.645,0.05,0.095,0.18
btc-updown-15m-1764727200,1764727200,203.3,-0.03,0.635,0.135,0.23,0.17
btc-updown-15m-1764727200,1764727200,213.3,0.09,0.725,0.045,0.19,0.025
btc-updown-15m-1764727200,1764727200,224.2,0.03,0.755,0.01,0.16,-0.04
btc-updown-15m-1764727200,1764727200,250.8,-0.03,0.74,0.165,0.085,-0.165
btc-updown-15m-1764727200,1764727200,260.8,0.095,0.835,0.08,-0.035,-0.37
btc-updown-15m-1764727200,1764727200,270.8,0.06,0.895,-0.035,-0.12,-0.45
btc-updown-15m-1764727200,1764727200,297.5,-0.03,0.885,-0.11,-0.225,-0.51
btc-updown-15m-1764727200,1764727200,307.5,-0.04,0.845,-0.1,-0.24,-0.465
btc-updown-15m-1764727200,1764727200,326.1,-0.03,0.775,-0.115,-0.38,-0.31
btc-updown-15m-1764727200,1764727200,336.9,-0.03,0.745,-0.135,-0.26,-0.3
btc-updown-15m-1764727200,1764727200,347,-0.035,0.71,-0.215,-0.22,-0.185
btc-updown-15m-1764727200,1764727200,357,-0.05,0.66,-0.265,-0.265,-0.125
btc-updown-15m-1764727200,1764727200,367,-0.05,0.61,-0.125,-0.24,-0.115
btc-updown-15m-1764727200,1764727200,377,-0.115,0.495,-0.005,-0.06,-0.135
btc-updown-15m-1764727200,1764727200,387,-0.1,0.395,0,0.08,0.01
btc-updown-15m-1764727200,1764727200,397.1,0.09,0.485,-0.115,-0.03,-0.03
btc-updown-15m-1764727200,1764727200,409.6,-0.035,0.455,0.01,0.08,0.12
btc-updown-15m-1764727200,1764727200,419.6,-0.07,0.385,0.06,0.08,0.145
btc-updown-15m-1764727200,1764727200,431.3,0.03,0.385,0.09,0.05,0.1
btc-updown-15m-1764727200,1764727200,441.3,0.1,0.485,0.05,-0.13,-0.055
btc-updown-15m-1764727200,1764727200,451.3,-0.04,0.445,0.02,-0.025,-0.02
btc-updown-15m-1764727200,1764727200,461.6,0.035,0.48,-0.045,0.065,-0.085
btc-updown-15m-1764727200,1764727200,471.6,0.055,0.535,-0.18,0.055,-0.11
btc-updown-15m-1764727200,1764727200,481.7,-0.08,0.455,-0.035,0.07,-0.06
btc-updown-15m-1764727200,1764727200,491.7,-0.03,0.425,0.12,0.05,0.08
btc-updown-15m-1764727200,1764727200,501.8,-0.065,0.36,0.225,0.07,0.375
btc-updown-15m-1764727200,1764727200,511.8,0.06,0.42,0.105,0.005,0.345
btc-updown-15m-1764727200,1764727200,521.8,0.125,0.545,-0.07,-0.15,0.32
btc-updown-15m-1764727200,1764727200,531.8,0.04,0.585,-0.155,-0.16,0.245
btc-updown-15m-1764727200,1764727200,541.8,-0.06,0.525,-0.1,-0.13,0.31
btc-updown-15m-1764727200,1764727200,551.8,-0.05,0.475,-0.08,0.03,0.36
btc-updown-15m-1764727200,1764727200,561.8,-0.045,0.43,-0.005,0.31,0.45
btc-updown-15m-1764727200,1764727200,607.8,0.035,0.43,0.405,0.445,0.55
btc-updown-15m-1764727200,1764727200,617.8,0.285,0.715,0.12,0.17,0.26
btc-updown-15m-1764727200,1764727200,627.9,0.055,0.77,0.045,0.125,0.215
btc-updown-15m-1764727200,1764727200,637.9,0.055,0.835,0.03,0.095,0.15
btc-updown-15m-1764727200,1764727200,649.8,-0.03,0.835,0.05,0.13,0.15
btc-updown-15m-1764727200,1764727200,660.3,-0.03,0.815,0.09,0.17,0.17
btc-updown-15m-1764727200,1764727200,673.3,-0.03,0.825,0.11,0.15,0.16
btc-updown-15m-1764727200,1764727200,683.3,0.065,0.89,0.07,0.085,0.095
btc-updown-15m-1764727200,1764727200,696.6,0.03,0.935,0.045,0.05,0.05
btc-updown-15m-1764727200,1764727200,708.6,0.035,0.965,-0.005,0.02,0.02
btc-updown-15m-1764727200,1764727200,720.3,0.03,0.985,0,0,0
btc-updown-15m-1764738000,1764738000,9,-0.035,0.4,0.025,0.12,-0.135
btc-updown-15m-1764738000,1764738000,19,-0.035,0.365,0.065,0.11,-0.1
btc-updown-15m-1764738000,1764738000,29,0.04,0.405,0.06,0.04,-0.06
btc-updown-15m-1764738000,1764738000,46.9,0.03,0.455,0.055,-0.11,-0.01
btc-updown-15m-1764738000,1764738000,57.1,0.035,0.475,-0.02,-0.12,-0.09
btc-updown-15m-1764738000,1764738000,67.2,0.035,0.51,-0.13,-0.225,-0.205
btc-updown-15m-1764738000,1764738000,77.3,-0.03,0.495,-0.155,-0.25,-0.2
btc-updown-15m-1764738000,1764738000,87.4,-0.04,0.455,-0.105,-0.11,-0.1
btc-updown-15m-1764738000,1764738000,97.4,-0.075,0.38,-0.12,0.085,-0.045
btc-updown-15m-1764738000,1764738000,107.5,-0.045,0.335,-0.09,0.12,0.005
btc-updown-15m-1764738000,1764738000,120.7,-0.035,0.32,0.055,0.045,0.055
btc-updown-15m-1764738000,1764738000,130.7,-0.075,0.245,0.22,0.08,0.13
btc-updown-15m-1764738000,1764738000,140.7,0.06,0.305,0.12,-0.03,0.13
btc-updown-15m-1764738000,1764738000,150.7,0.06,0.375,-0.01,-0.035,0.06
btc-updown-15m-1764738000,1764738000,160.7,0.09,0.465,-0.14,-0.12,-0.015
btc-updown-15m-1764738000,1764738000,170.7,-0.04,0.425,-0.15,-0.08,0.04
btc-updown-15m-1764738000,1764738000,180.8,-0.06,0.365,-0.025,0.01,0.06
btc-updown-15m-1764738000,1764738000,190.8,-0.04,0.325,0.03,0.045,0.02
btc-updown-15m-1764738000,1764738000,200.9,-0.05,0.275,0.07,0.165,0.03
btc-updown-15m-1764738000,1764738000,210.9,0.065,0.34,0.04,0.095,0.065
btc-updown-15m-1764738000,1764738000,223.1,0.035,0.365,0.01,0.09,0.15
btc-updown-15m-1764738000,1764738000,234.4,0.03,0.385,0.07,0.055,0.24
btc-updown-15m-1764738000,1764738000,246,-0.03,0.355,0.07,0.025,0.225
btc-updown-15m-1764738000,1764738000,256,0.07,0.425,0.08,-0.105,0.29
btc-updown-15m-1764738000,1764738000,266.1,0.03,0.45,-0.035,-0.13,0.265
btc-updown-15m-1764738000,1764738000,279.4,0.03,0.455,-0.12,-0.04,0.26
btc-updown-15m-1764738000,1764738000,294.1,-0.03,0.425,-0.13,0.2,0.28
btc-updown-15m-1764738000,1764738000,304.4,-0.04,0.4,0.015,0.165,0.365
btc-updown-15m-1764738000,1764738000,314.4,-0.08,0.315,0.2,0.42,0.495
btc-updown-15m-1764738000,1764738000,327.8,0.035,0.355,0.28,0.335,0.45
btc-updown-15m-1764738000,1764738000,337.8,0.045,0.4,0.24,0.305,0.39
btc-updown-15m-1764738000,1764738000,347.8,0.165,0.565,0.125,0.165,0.27
btc-updown-15m-1764738000,1764738000,357.9,0.05,0.635,0.055,0.095,0.21
btc-updown-15m-1764738000,1764738000,368.8,0.035,0.665,0.04,0.095,0.165
btc-updown-15m-1764738000,1764738000,379.2,0.055,0.72,0.005,0.065,0.015
btc-updown-15m-1764738000,1764738000,389.6,-0.03,0.705,0.03,0.1,0.085
btc-updown-15m-1764738000,1764738000,400.4,0.03,0.725,0.05,0.07,0.085
btc-updown-15m-1764738000,1764738000,415.9,0.035,0.71,0.09,0.105,0.07
btc-updown-15m-1764738000,1764738000,427.6,0.03,0.755,0.03,0.065,0.055
btc-updown-15m-1764738000,1764738000,439.3,0.03,0.79,0.045,-0.055,0.03
btc-updown-15m-1764738000,1764738000,453.6,-0.03,0.765,0.07,0.03,0.005
btc-updown-15m-1764738000,1764738000,463.6,0.075,0.835,-0.035,-0.03,-0.01
btc-updown-15m-1764738000,1764738000,481.7,-0.045,0.83,-0.045,-0.035,0.03
btc-updown-15m-1764738000,1764738000,491.9,-0.035,0.795,0.015,0.02,-0.16
btc-updown-15m-1764738000,1764738000,501.9,-0.09,0.705,0.13,0.11,-0.07
btc-updown-15m-1764738000,1764738000,511.9,0.08,0.785,0.01,-0.01,-0.1
btc-updown-15m-1764738000,1764738000,526.3,-0.035,0.8,0.015,0.035,-0.16
btc-updown-15m-1764738000,1764738000,537.8,-0.03,0.775,-0.01,0.07,-0.105
btc-updown-15m-1764738000,1764738000,547.9,0.04,0.815,-0.03,-0.055,-0.195
btc-updown-15m-1764738000,1764738000,566.2,-0.035,0.78,0.075,-0.125,-0.425
btc-updown-15m-1764738000,1764738000,578.7,0.03,0.795,-0.04,-0.17,-0.37
btc-updown-15m-1764738000,1764738000,600.2,0.03,0.855,-0.175,-0.22,-0.425
btc-updown-15m-1764738000,1764738000,610.2,-0.19,0.665,-0.04,-0.075,-0.38
btc-updown-15m-1764738000,1764738000,624.3,0.03,0.65,0.035,-0.275,-0.215
btc-updown-15m-1764738000,1764738000,634.3,0.04,0.69,-0.075,-0.335,-0.265
btc-updown-15m-1764738000,1764738000,644.4,-0.075,0.615,-0.12,-0.22,-0.175
btc-updown-15m-1764738000,1764738000,654.5,0.07,0.685,-0.31,-0.24,-0.21
btc-updown-15m-1764738000,1764738000,664.5,-0.07,0.615,-0.26,-0.22,-0.18
btc-updown-15m-1764738000,1764738000,674.5,-0.13,0.485,-0.09,-0.23,-0.3
btc-updown-15m-1764738000,1764738000,684.6,-0.11,0.375,0.07,0.035,-0.04
btc-updown-15m-1764738000,1764738000,697.5,0.03,0.375,-0.075,0.05,0.24
btc-updown-15m-1764738000,1764738000,707.6,0.04,0.415,-0.14,0.025,0.355
btc-updown-15m-1764738000,1764738000,718.1,0.035,0.435,-0.01,0.065,0.37
btc-updown-15m-1764738000,1764738000,728.1,-0.15,0.285,0.13,0.04,0.515
btc-updown-15m-1764738000,1764738000,739.2,0.03,0.325,0.12,-0.15,0.37
btc-updown-15m-1764738000,1764738000,749.2,0.1,0.425,0.075,-0.065,0.19
btc-updown-15m-1764738000,1764738000,768,0.03,0.445,-0.26,0.335,-0.28
btc-updown-15m-1764738000,1764738000,778,0.055,0.5,-0.13,0.31,-0.475
btc-updown-15m-1764738000,1764738000,788,-0.175,0.325,0.33,0.48,
btc-updown-15m-1764738000,1764738000,798,-0.14,0.185,0.6,0.5,
btc-updown-15m-1764738000,1764738000,808,0.185,0.37,0.44,0.315,
btc-updown-15m-1764738000,1764738000,818,0.29,0.66,0.14,-0.035,
btc-updown-15m-1764738000,1764738000,828,0.125,0.785,-0.115,-0.53,
btc-updown-15m-1764738000,1764738000,839.1,0.035,0.82,-0.205,-0.805,
btc-updown-15m-1764738000,1764738000,852,-0.03,0.775,-0.125,,
btc-updown-15m-1764738000,1764738000,862,-0.04,0.715,-0.5,,
btc-updown-15m-1764738000,1764738000,872,-0.09,0.625,,,
btc-updown-15m-1764738000,1764738000,883.2,-0.035,0.59,,,
btc-updown-15m-1764738000,1764738000,893.2,-0.47,0.12,,,
btc-updown-15m-1764748800,1764748800,9.9,-0.03,0.495,0.165,0.09,0.13
btc-updown-15m-1764748800,1764748800,19.9,0.04,0.535,0.1,0.01,0.11
btc-updown-15m-1764748800,1764748800,32.1,0.035,0.585,0,-0.08,0.04
btc-updown-15m-1764748800,1764748800,42.1,0.08,0.665,-0.08,-0.17,-0.05
btc-updown-15m-1764748800,1764748800,52.1,-0.04,0.625,-0.085,-0.16,0.02
btc-updown-15m-1764748800,1764748800,62.2,-0.04,0.585,-0.08,-0.02,0.09
btc-updown-15m-1764748800,1764748800,74.2,-0.035,0.555,-0.055,0.1,0.08
btc-updown-15m-1764748800,1764748800,84.2,-0.03,0.525,-0.045,0.11,0.16
btc-updown-15m-1764748800,1764748800,94.8,-0.03,0.505,0.06,0.12,0.195
btc-updown-15m-1764748800,1764748800,110.5,-0.035,0.475,0.17,0.17,0.195
btc-updown-15m-1764748800,1764748800,120.6,0.04,0.505,0.09,0.145,0.21
btc-updown-15m-1764748800,1764748800,130.6,0.15,0.655,-0.03,0.02,0.03
btc-updown-15m-1764748800,1764748800,144.8,-0.03,0.615,0.03,0.07,0.1
btc-updown-15m-1764748800,1764748800,156.8,0.03,0.625,0.07,0.03,0.1
btc-updown-15m-1764748800,1764748800,171.5,0.03,0.65,0.035,0.025,0.07
btc-updown-15m-1764748800,1764748800,182.1,0.03,0.675,0.01,0.06,0.08
btc-updown-15m-1764748800,1764748800,193.2,-0.03,0.655,0.01,0.015,0.14
btc-updown-15m-1764748800,1764748800,203.2,0.03,0.685,0.01,0.035,0.13
btc-updown-15m-1764748800,1764748800,216.5,-0.03,0.655,0.05,0.07,0.185
btc-updown-15m-1764748800,1764748800,233.3,0.035,0.7,0.02,0.02,0.185
btc-updown-15m-1764748800,1764748800,243.4,0.04,0.745,-0.05,0.02,0.14
btc-updown-15m-1764748800,1764748800,253.4,-0.075,0.67,0.05,0.12,0.19
btc-updown-15m-1764748800,1764748800,263.4,0.045,0.715,0.005,0.1,0.04
btc-updown-15m-1764748800,1764748800,282.5,0.03,0.725,0.065,0.13,-0.09
btc-updown-15m-1764748800,1764748800,301.9,0.03,0.75,0.085,0.135,-0.385
btc-updown-15m-1764748800,1764748800,311.9,0.03,0.785,0.07,0.06,-0.405
btc-updown-15m-1764748800,1764748800,326,0.035,0.82,0.075,-0.035,-0.44
btc-updown-15m-1764748800,1764748800,342.7,0.03,0.865,-0.01,-0.23,-0.485
btc-updown-15m-1764748800,1764748800,355.8,0.03,0.895,-0.11,-0.38,-0.515
btc-updown-15m-1764748800,1764748800,366,-0.03,0.865,-0.185,-0.525,-0.45
btc-updown-15m-1764748800,1764748800,378.3,-0.03,0.83,-0.235,-0.45,-0.435
btc-updown-15m-1764748800,1764748800,389.2,-0.03,0.775,-0.34,-0.395,-0.41
btc-updown-15m-1764748800,1764748800,399.3,-0.125,0.655,-0.285,-0.275,-0.38
btc-updown-15m-1764748800,1764748800,409.3,-0.06,0.595,-0.215,-0.215,-0.35
btc-updown-15m-1764748800,1764748800,419.3,-0.16,0.435,-0.055,-0.055,-0.24
btc-updown-15m-1764748800,1764748800,429.3,-0.065,0.37,0.01,0.055,-0.14
btc-updown-15m-1764748800,1764748800,482.4,0.035,0.415,-0.09,-0.17,-0.125
btc-updown-15m-1764748800,1764748800,492.5,-0.03,0.415,-0.15,-0.215,0.01
btc-updown-15m-1764748800,1764748800,508.5,-0.03,0.365,-0.11,-0.095,0
btc-updown-15m-1764748800,1764748800,518.5,-0.09,0.275,-0.04,-0.05,0.19
btc-updown-15m-1764748800,1764748800,528.6,-0.035,0.24,-0.035,0.025,0.275
btc-updown-15m-1764748800,1764748800,539,-0.03,0.215,0.06,0.04,0.27
btc-updown-15m-1764748800,1764748800,549.1,0.04,0.235,-0.005,0.105,0.265
btc-updown-15m-1764748800,1764748800,562.5,0.03,0.23,0.025,0.13,0.43
btc-updown-15m-1764748800,1764748800,576.6,-0.03,0.215,0.06,0.23,0.285
btc-updown-15m-1764748800,1764748800,586.7,0.06,0.265,0.14,0.22,0.32
btc-updown-15m-1764748800,1764748800,602.4,0.035,0.29,0.055,0.205,0.095
btc-updown-15m-1764748800,1764748800,612.5,0.13,0.425,0.06,0.2,-0.035
btc-updown-15m-1764748800,1764748800,622.5,-0.055,0.37,0.155,0.285,0.035
btc-updown-15m-1764748800,1764748800,634.4,0.03,0.39,0.105,0.16,0.22
btc-updown-15m-1764748800,1764748800,644.5,0.09,0.485,0.19,0.1,-0.24
btc-updown-15m-1764748800,1764748800,654.5,0.035,0.52,0.135,0.04,-0.125
btc-updown-15m-1764748800,1764748800,669.2,0.03,0.515,-0.025,-0.1,-0.23
btc-updown-15m-1764748800,1764748800,679.2,0.16,0.675,-0.05,-0.265,-0.33
btc-updown-15m-1764748800,1764748800,689.3,-0.03,0.645,-0.125,-0.035,-0.285
btc-updown-15m-1764748800,1764748800,699.3,-0.155,0.49,-0.075,-0.1,-0.115
btc-updown-15m-1764748800,1764748800,709.3,0.135,0.625,-0.215,-0.23,-0.03
btc-updown-15m-1764748800,1764748800,719.3,-0.105,0.52,0.09,-0.28,0.075
btc-updown-15m-1764748800,1764748800,729.4,-0.11,0.415,-0.025,-0.13,0.21
btc-updown-15m-1764748800,1764748800,742.7,0.035,0.41,-0.005,-0.055,0.265
btc-updown-15m-1764748800,1764748800,752.8,0.17,0.615,-0.41,-0.23,-0.24
btc-updown-15m-1764748800,1764748800,762.8,-0.36,0.255,0.03,0.1,0.04
btc-updown-15m-1764748800,1764748800,772.9,0.15,0.405,-0.05,0.21,-0.32
btc-updown-15m-1764748800,1764748800,782.9,-0.2,0.205,0.18,0.43,
btc-updown-15m-1764748800,1764748800,792.9,0.08,0.285,0.07,0.29,
btc-updown-15m-1764748800,1764748800,802.9,0.07,0.355,0.26,0.32,
btc-updown-15m-1764748800,1764748800,822.5,-0.03,0.355,0.25,-0.06,
btc-updown-15m-1764748800,1764748800,832.5,0.25,0.605,0.07,-0.52,
btc-updown-15m-1764748800,1764748800,842.6,0.03,0.635,-0.26,,
btc-updown-15m-1764748800,1764748800,852.6,-0.06,0.575,-0.28,,
btc-updown-15m-1764748800,1764748800,862.6,0.1,0.675,-0.59,,
btc-updown-15m-1764748800,1764748800,872.7,-0.3,0.375,,,
btc-updown-15m-1764748800,1764748800,882.7,-0.08,0.295,,,
btc-updown-15m-1764748800,1764748800,892.7,-0.21,0.085,,,
btc-updown-15m-1764759600,1764759600,2.7,0.03,0.54,0.105,0.085,0.105
btc-updown-15m-1764759600,1764759600,12.7,0.11,0.645,-0.04,-0.065,-0.01
btc-updown-15m-1764759600,1764759600,22.8,0.03,0.645,-0.015,-0.02,0.03
btc-updown-15m-1764759600,1764759600,33.9,-0.03,0.62,-0.015,-0.035,0.025
btc-updown-15m-1764759600,1764759600,53,0.035,0.63,-0.005,0.015,-0.095
btc-updown-15m-1764759600,1764759600,63.4,-0.03,0.605,-0.01,0.035,-0.15
btc-updown-15m-1764759600,1764759600,77.4,0.03,0.615,0.06,0.01,-0.17
btc-updown-15m-1764759600,1764759600,93.1,-0.03,0.595,0.05,0.05,-0.1
btc-updown-15m-1764759600,1764759600,103.3,0.07,0.665,-0.03,-0.12,-0.18
btc-updown-15m-1764759600,1764759600,114.4,-0.03,0.645,0,-0.11,-0.155
btc-updown-15m-1764759600,1764759600,139.8,0.03,0.67,-0.125,-0.225,-0.145
btc-updown-15m-1764759600,1764759600,149.8,-0.055,0.615,-0.11,-0.1,-0.09
btc-updown-15m-1764759600,1764759600,160,-0.03,0.585,-0.17,-0.105,-0.12
btc-updown-15m-1764759600,1764759600,170.1,-0.045,0.54,-0.095,-0.055,-0.105
btc-updown-15m-1764759600,1764759600,180.2,-0.035,0.505,0.01,-0.03,-0.09
btc-updown-15m-1764759600,1764759600,190.2,-0.085,0.42,0.06,0.15,-0.045
btc-updown-15m-1764759600,1764759600,203.4,-0.03,0.43,0.05,0.095,0.015
btc-updown-15m-1764759600,1764759600,213.4,0.065,0.495,0,0.03,0.015
btc-updown-15m-1764759600,1764759600,238,-0.035,0.455,0.07,-0.02,0.065
btc-updown-15m-1764759600,1764759600,248,0.135,0.59,-0.125,-0.225,-0.135
btc-updown-15m-1764759600,1764759600,258,-0.06,0.525,-0.06,-0.075,-0.07
btc-updown-15m-1764759600,1764759600,276.2,-0.03,0.495,-0.12,0.015,0.03
btc-updown-15m-1764759600,1764759600,286.2,-0.035,0.46,-0.015,0.035,0.055
btc-updown-15m-1764759600,1764759600,296.2,-0.045,0.415,0.07,0.13,-0.08
btc-updown-15m-1764759600,1764759600,306.2,-0.04,0.375,0.135,0.13,0.065
btc-updown-15m-1764759600,1764759600,316.2,0.07,0.445,0.05,0.01,-0.08
btc-updown-15m-1764759600,1764759600,326.2,0.04,0.485,0.06,0.02,-0.13
btc-updown-15m-1764759600,1764759600,354.7,0.03,0.525,-0.035,-0.17,-0.03
btc-updown-15m-1764759600,1764759600,365,-0.035,0.505,0.02,-0.065,0.005
btc-updown-15m-1764759600,1764759600,375.1,-0.05,0.455,0.075,-0.08,0.05
btc-updown-15m-1764759600,1764759600,385.5,0.035,0.49,-0.155,-0.14,0.035
btc-updown-15m-1764759600,1764759600,395.6,0.03,0.525,-0.08,-0.12,0.115
btc-updown-15m-1764759600,1764759600,406.5,-0.03,0.495,-0.13,-0.04,0.12
btc-updown-15m-1764759600,1764759600,416.5,-0.135,0.36,-0.01,0.185,0.305
btc-updown-15m-1764759600,1764759600,426.5,0.065,0.425,-0.02,0.07,0.105
btc-updown-15m-1764759600,1764759600,436.5,-0.06,0.365,0.1,0.16,0.15
btc-updown-15m-1764759600,1764759600,450.2,0.03,0.385,0.16,0.18,0.15
btc-updown-15m-1764759600,1764759600,460.2,0.05,0.435,0.11,0.26,0.06
btc-updown-15m-1764759600,1764759600,470.3,0.05,0.485,0.05,0.13,0.03
btc-updown-15m-1764759600,1764759600,480.3,0.06,0.545,0.03,0.09,-0.05
btc-updown-15m-1764759600,1764759600,492.5,-0.03,0.525,0.14,-0.01,-0.12
btc-updown-15m-1764759600,1764759600,503.4,0.03,0.535,0.105,0.055,-0.18
btc-updown-15m-1764759600,1764759600,513.5,0.11,0.645,-0.01,-0.1,-0.45
btc-updown-15m-1764759600,1764759600,525.7,-0.03,0.615,-0.1,-0.12,-0.44
btc-updown-15m-1764759600,1764759600,535.8,0.05,0.665,-0.07,-0.23,-0.56
btc-updown-15m-1764759600,1764759600,545.8,-0.1,0.565,-0.03,-0.12,-0.46
btc-updown-15m-1764759600,1764759600,556,-0.045,0.515,-0.02,-0.18,-0.41
btc-updown-15m-1764759600,1764759600,566,0.08,0.595,-0.155,-0.24,-0.525
btc-updown-15m-1764759600,1764759600,576,-0.055,0.54,-0.095,-0.345,-0.485
btc-updown-15m-1764759600,1764759600,586,-0.045,0.495,-0.16,-0.32,-0.46
btc-updown-15m-1764759600,1764759600,596,-0.06,0.435,-0.08,-0.33,-0.42
btc-updown-15m-1764759600,1764759600,607.9,-0.035,0.425,-0.24,-0.33,-0.41
btc-updown-15m-1764759600,1764759600,617.9,-0.07,0.355,-0.25,-0.255,-0.34
btc-updown-15m-1764759600,1764759600,628.8,-0.035,0.32,-0.225,-0.265,-0.31
btc-updown-15m-1764759600,1764759600,638.9,-0.12,0.195,-0.1,-0.15,-0.185
btc-updown-15m-1764759600,1764759600,648.9,-0.08,0.115,-0.02,-0.08,-0.1
btc-updown-15m-1764759600,1764759600,658.9,-0.03,0.085,-0.03,-0.07,-0.07
btc-updown-15m-1764759600,1764759600,684.4,-0.03,0.065,-0.05,-0.055,-0.05
btc-updown-15m-1764759600,1764759600,712.8,-0.03,0.015,0,0,0
btc-updown-15m-1764769500,1764769500,8.6,-0.03,0.435,-0.005,0.035,-0.01
btc-updown-15m-1764769500,1764769500,23.3,0.03,0.455,0,-0.09,-0.15
btc-updown-15m-1764769500,1764769500,33.4,-0.03,0.425,0.045,-0.06,-0.11
btc-updown-15m-1764769500,1764769500,44.7,0.04,0.445,-0.025,-0.09,-0.14
btc-updown-15m-1764769500,1764769500,74.1,-0.035,0.435,-0.09,-0.02,-0.15
btc-updown-15m-1764769500,1764769500,84.1,-0.085,0.35,0.025,-0.055,-0.075
btc-updown-15m-1764769500,1764769500,105.8,0.03,0.375,0.045,-0.06,-0.03
btc-updown-15m-1764769500,1764769500,118.1,-0.03,0.345,-0.05,-0.035,-0.015
btc-updown-15m-1764769500,1764769500,128.1,0.075,0.42,-0.125,-0.105,-0.145
btc-updown-15m-1764769500,1764769500,138.4,-0.04,0.385,-0.075,-0.09,-0.15
btc-updown-15m-1764769500,1764769500,148.4,-0.08,0.305,0.005,-0.04,-0.095
btc-updown-15m-1764769500,1764769500,161.9,-0.03,0.285,0.03,0.04,0.17
btc-updown-15m-1764769500,1764769500,172.3,0.03,0.315,-0.05,0.01,0.17
btc-updown-15m-1764769500,1764769500,193.8,-0.03,0.285,0.04,-0.03,0.185
btc-updown-15m-1764769500,1764769500,212.8,0.035,0.3,0.005,-0.065,0.28
btc-updown-15m-1764769500,1764769500,225.6,0.04,0.345,-0.09,0.09,0.25
btc-updown-15m-1764769500,1764769500,239.8,-0.03,0.305,-0.09,0.185,0.105
btc-updown-15m-1764769500,1764769500,249.8,-0.05,0.255,0.055,0.21,0.09
btc-updown-15m-1764769500,1764769500,261.5,-0.03,0.225,0.26,0.29,0.095
btc-updown-15m-1764769500,1764769500,271.5,0.03,0.255,0.26,0.345,-0.04
btc-updown-15m-1764769500,1764769500,281.5,0.2,0.455,0.01,0.1,-0.23
btc-updown-15m-1764769500,1764769500,292.7,0.035,0.485,0.025,-0.04,-0.135
btc-updown-15m-1764769500,1764769500,302.8,0.03,0.515,0.065,-0.17,-0.27
btc-updown-15m-1764769500,1764769500,312.8,-0.045,0.47,0.09,-0.115,-0.165
btc-updown-15m-1764769500,1764769500,322.8,0.04,0.51,-0.075,-0.185,-0.225
btc-updown-15m-1764769500,1764769500,332.8,0.07,0.58,-0.235,-0.355,-0.215
btc-updown-15m-1764769500,1764769500,344.7,-0.03,0.575,-0.23,-0.37,-0.23
btc-updown-15m-1764769500,1764769500,354.7,-0.15,0.425,-0.11,-0.09,-0.135
btc-updown-15m-1764769500,1764769500,364.7,-0.1,0.325,-0.1,-0.1,0.03
btc-updown-15m-1764769500,1764769500,380.9,-0.035,0.32,0.03,-0.035,0.07
btc-updown-15m-1764769500,1764769500,391.1,-0.11,0.205,0.03,0.15,0.18
btc-updown-15m-1764769500,1764769500,404.9,-0.03,0.195,0.07,0.15,0.27
btc-updown-15m-1764769500,1764769500,414.9,0.14,0.335,-0.05,-0.05,0.13
btc-updown-15m-1764769500,1764769500,425,-0.105,0.225,0.17,0.115,0.18
btc-updown-15m-1764769500,1764769500,435,0.04,0.265,0.08,0.15,0.11
btc-updown-15m-1764769500,1764769500,445.4,0.035,0.295,0,0.1,-0.02
btc-updown-15m-1764769500,1764769500,455.4,0.1,0.395,-0.06,0.05,-0.1
btc-updown-15m-1764769500,1764769500,465.4,-0.05,0.345,0.07,0.12,-0.04
btc-updown-15m-1764769500,1764769500,475.4,-0.05,0.295,0.1,0.165,0
btc-updown-15m-1764769500,1764769500,485.4,0.04,0.335,0.11,0.065,-0.06
btc-updown-15m-1764769500,1764769500,495.5,0.08,0.415,0.05,-0.06,-0.14
btc-updown-15m-1764769500,1764769500,508.4,-0.03,0.375,0.08,-0.09,-0.2
btc-updown-15m-1764769500,1764769500,518.4,0.08,0.455,-0.13,-0.16,-0.255
btc-updown-15m-1764769500,1764769500,530.7,0.03,0.465,-0.2,-0.16,-0.23
btc-updown-15m-1764769500,1764769500,540.7,-0.03,0.435,-0.15,-0.15,-0.22
btc-updown-15m-1764769500,1764769500,550.7,-0.08,0.355,-0.06,-0.08,-0.17
btc-updown-15m-1764769500,1764769500,560.7,-0.095,0.26,0.045,0.02,-0.025
btc-updown-15m-1764769500,1764769500,570.9,0.04,0.285,0,-0.12,-0.12
btc-updown-15m-1764769500,1764769500,605.5,-0.035,0.28,-0.125,-0.075,-0.115
btc-updown-15m-1764769500,1764769500,622,-0.03,0.245,-0.035,-0.01,-0.15
btc-updown-15m-1764769500,1764769500,632,-0.1,0.145,0.055,0.02,-0.05
btc-updown-15m-1764769500,1764769500,642,0.07,0.215,-0.03,0,-0.16
btc-updown-15m-1764769500,1764769500,655.9,-0.03,0.195,-0.01,0.02,-0.165
btc-updown-15m-1764769500,1764769500,670.4,-0.03,0.185,0.03,-0.025,-0.17
btc-updown-15m-1764769500,1764769500,680.5,0.05,0.235,0.01,-0.14,-0.22
btc-updown-15m-1764769500,1764769500,690.5,-0.07,0.165,0.05,-0.07,-0.15
btc-updown-15m-1764769500,1764769500,700.5,0.05,0.215,-0.055,-0.15,-0.2
btc-updown-15m-1764769500,1764769500,710.6,0.035,0.245,-0.15,-0.22,-0.235
btc-updown-15m-1764769500,1764769500,720.6,-0.03,0.215,-0.115,-0.19,-0.2
btc-updown-15m-1764769500,1764769500,730.6,-0.055,0.16,-0.095,-0.145,-0.145
btc-updown-15m-1764769500,1764769500,740.6,-0.06,0.1,-0.075,-0.085,-0.075
btc-updown-15m-1764769500,1764769500,756.4,-0.03,0.07,-0.045,-0.06,-0.055
btc-updown-15m-1764769500,1764769500,766.8,-0.03,0.04,-0.025,-0.025,-0.025
btc-updown-15m-1764769500,1764769500,855,0.03,0.045,-0.03,,
btc-updown-15m-1764769500,1764769500,865.2,-0.03,0.015,0,,
btc-updown-15m-1764780300,1764780300,2.8,0.03,0.515,-0.08,-0.165,-0.18
btc-updown-15m-1764780300,1764780300,12.8,-0.11,0.405,0.01,-0.05,-0.015
btc-updown-15m-1764780300,1764780300,23.2,-0.035,0.385,-0.01,-0.05,0.005
btc-updown-15m-1764780300,1764780300,33.3,0.045,0.43,-0.08,-0.155,-0.005
btc-updown-15m-1764780300,1764780300,48.3,-0.035,0.405,-0.07,-0.105,-0.04
btc-updown-15m-1764780300,1764780300,58.3,-0.05,0.355,-0.035,-0.01,0.01
btc-updown-15m-1764780300,1764780300,85,-0.035,0.325,0,0.08,-0.06
btc-updown-15m-1764780300,1764780300,101.1,0.03,0.315,0.08,0.04,-0.135
btc-updown-15m-1764780300,1764780300,116.8,0.03,0.34,0.085,0.03,-0.175
btc-updown-15m-1764780300,1764780300,126.8,0.055,0.395,-0.02,-0.05,-0.25
btc-updown-15m-1764780300,1764780300,136.9,-0.045,0.355,0.01,-0.08,-0.23
btc-updown-15m-1764780300,1764780300,146.9,0.07,0.425,-0.055,-0.16,-0.32
btc-updown-15m-1764780300,1764780300,156.9,-0.05,0.375,-0.03,-0.18,-0.24
btc-updown-15m-1764780300,1764780300,169.1,0.04,0.365,-0.095,-0.19,-0.23
btc-updown-15m-1764780300,1764780300,180.5,-0.035,0.335,-0.11,-0.19,-0.22
btc-updown-15m-1764780300,1764780300,191.5,-0.03,0.31,-0.13,-0.17,-0.21
btc-updown-15m-1764780300,1764780300,202.1,-0.035,0.26,-0.085,-0.145,-0.145
btc-updown-15m-1764780300,1764780300,212.2,-0.04,0.215,-0.07,-0.08,-0.12
btc-updown-15m-1764780300,1764780300,222.2,-0.04,0.175,-0.035,-0.05,-0.08
btc-updown-15m-1764780300,1764780300,238.7,-0.03,0.145,-0.025,-0.03,-0.05
btc-updown-15m-1764780300,1764780300,262.7,-0.03,0.11,0.01,-0.005,0.065
btc-updown-15m-1764780300,1764780300,272.8,0.03,0.135,-0.03,-0.04,0.015
btc-updown-15m-1764780300,1764780300,304.9,-0.03,0.085,0.005,0.055,0.13
btc-updown-15m-1764780300,1764780300,322,0.03,0.115,-0.015,0.065,0.1
btc-updown-15m-1764780300,1764780300,338,0.03,0.115,0.035,0.035,0.05
btc-updown-15m-1764780300,1764780300,348.2,0.04,0.115,0.05,0.08,0.02
btc-updown-15m-1764780300,1764780300,358.8,0.03,0.13,0,0.065,-0.015
btc-updown-15m-1764780300,1764780300,369.4,0.03,0.165,-0.01,0.08,-0.08
btc-updown-15m-1764780300,1764780300,382,-0.04,0.18,0.025,0.035,-0.075
btc-updown-15m-1764780300,1764780300,392,-0.055,0.125,0.065,0.13,-0.05
btc-updown-15m-1764780300,1764780300,404.9,-0.035,0.14,0.105,0.005,-0.035
btc-updown-15m-1764780300,1764780300,414.9,0.07,0.205,0.03,-0.07,-0.14
btc-updown-15m-1764780300,1764780300,428.5,0.03,0.225,-0.06,-0.125,-0.165
btc-updown-15m-1764780300,1764780300,440.1,-0.03,0.215,-0.07,-0.115,-0.15
btc-updown-15m-1764780300,1764780300,450.2,0.04,0.255,-0.14,-0.18,-0.2
btc-updown-15m-1764780300,1764780300,460.2,-0.09,0.165,-0.08,-0.05,-0.13
btc-updown-15m-1764780300,1764780300,471.6,-0.03,0.135,-0.03,-0.06,-0.1
btc-updown-15m-1764780300,1764780300,481.6,-0.04,0.095,-0.02,-0.03,-0.06
btc-updown-15m-1764780300,1764780300,495.9,-0.03,0.085,0.01,-0.035,-0.07
btc-updown-15m-1764780300,1764780300,511.6,-0.03,0.075,-0.01,-0.02,-0.05
btc-updown-15m-1764780300,1764780300,521.6,0.035,0.11,-0.055,-0.075,-0.095
btc-updown-15m-1764780300,1764780300,531.7,-0.035,0.075,-0.01,-0.04,-0.06
btc-updown-15m-1764791100,1764791100,0.7,0.03,0.52,0.015,-0.03,0.145
btc-updown-15m-1764791100,1764791100,10.8,-0.1,0.425,0.135,0.1,0.27
btc-updown-15m-1764791100,1764791100,20.8,0.13,0.555,-0.04,0.02,0.135
btc-updown-15m-1764791100,1764791100,33.7,0.035,0.575,-0.085,0.06,0.005
btc-updown-15m-1764791100,1764791100,43.8,-0.04,0.535,-0.01,0.12,0.085
btc-updown-15m-1764791100,1764791100,58.5,-0.03,0.485,0.1,0.18,0.14
btc-updown-15m-1764791100,1764791100,70,0.03,0.515,0.13,0.19,0.16
btc-updown-15m-1764791100,1764791100,80,0.065,0.585,0.09,0.12,0.13
btc-updown-15m-1764791100,1764791100,90.8,0.03,0.605,0.06,-0.03,0.12
btc-updown-15m-1764791100,1764791100,100.8,0.04,0.645,0.05,-0.02,0.01
btc-updown-15m-1764791100,1764791100,110.8,0.03,0.675,0.015,-0.04,-0.015
btc-updown-15m-1764791100,1764791100,123.7,0.035,0.695,-0.115,-0.055,0.06
btc-updown-15m-1764791100,1764791100,143.6,-0.035,0.66,-0.045,0.065,0.15
btc-updown-15m-1764791100,1764791100,153.6,-0.08,0.58,0.06,0.145,0.2
btc-updown-15m-1764791100,1764791100,163.7,0.035,0.615,0.055,0.04,0.185
btc-updown-15m-1764791100,1764791100,176.9,-0.03,0.605,0.12,0.08,0.205
btc-updown-15m-1764791100,1764791100,186.9,0.06,0.665,0.06,0.08,0.18
btc-updown-15m-1764791100,1764791100,196.9,0.04,0.705,-0.05,0.085,0.17
btc-updown-15m-1764791100,1764791100,218.6,-0.035,0.69,0.035,0.1,0.18
btc-updown-15m-1764791100,1764791100,228.6,-0.035,0.655,0.13,0.17,0.22
btc-updown-15m-1764791100,1764791100,238.6,0.05,0.705,0.105,0.105,0.2
btc-updown-15m-1764791100,1764791100,249.4,0.03,0.745,0.04,0.1,0.14
btc-updown-15m-1764791100,1764791100,259.4,0.04,0.785,0.035,0.105,0.09
btc-updown-15m-1764791100,1764791100,273.3,-0.03,0.78,0.035,0.125,0.095
btc-updown-15m-1764791100,1764791100,284.2,0.03,0.805,0.06,0.045,0.07
btc-updown-15m-1764791100,1764791100,300.4,-0.03,0.815,0.09,0.09,0.08
btc-updown-15m-1764791100,1764791100,310.4,0.04,0.855,0,0.03,0.05
btc-updown-15m-1764791100,1764791100,320.4,0.04,0.895,-0.015,-0.02,0.02
btc-updown-15m-1764791100,1764791100,338.8,-0.03,0.86,0.025,0.015,0.07
btc-updown-15m-1764791100,1764791100,350.7,0.035,0.88,-0.005,0.005,0.065
btc-updown-15m-1764791100,1764791100,360.8,0.03,0.905,-0.03,-0.01,0.05
btc-updown-15m-1764791100,1764791100,376.1,0.03,0.895,-0.005,0.02,0.07
btc-updown-15m-1764791100,1764791100,386.1,-0.03,0.865,0.025,0.06,0.09
btc-updown-15m-1764791100,1764791100,544,-0.03,0.94,-0.015,-0.045,0.025
btc-updown-15m-1764791100,1764791100,602,-0.03,0.895,0.03,0.045,0.08
btc-updown-15m-1764791100,1764791100,612.5,0.03,0.915,-0.005,0.05,0.07
btc-updown-15m-1764791100,1764791100,633,-0.03,0.895,0.06,0.08,0.09
btc-updown-15m-1764791100,1764791100,643.8,0.03,0.915,0.05,0.06,0.07
btc-updown-15m-1764811800,1764811800,20.3,0.03,0.505,-0.03,0.035,0.005
btc-updown-15m-1764811800,1764811800,31,-0.03,0.495,-0.06,0.11,0.035
btc-updown-15m-1764811800,1764811800,41,-0.04,0.455,0.03,0.15,0.13
btc-updown-15m-1764811800,1764811800,52.4,-0.03,0.425,0.12,0.14,0.055
btc-updown-15m-1764811800,1764811800,65.2,0.03,0.455,0.14,0.08,-0.02
btc-updown-15m-1764811800,1764811800,75.2,0.04,0.495,0.09,0.015,0.02
btc-updown-15m-1764811800,1764811800,85.2,0.09,0.585,-0.02,-0.1,-0.1
btc-updown-15m-1764811800,1764811800,110.9,-0.03,0.575,-0.06,-0.1,0.04
btc-updown-15m-1764811800,1764811800,122,-0.035,0.53,0.025,-0.075,0.085
btc-updown-15m-1764811800,1764811800,133.8,-0.03,0.505,0.085,-0.04,0.02
btc-updown-15m-1764811800,1764811800,144.8,-0.03,0.485,-0.01,0,0.05
btc-updown-15m-1764811800,1764811800,154.8,0.11,0.595,-0.16,-0.06,0.01
btc-updown-15m-1764811800,1764811800,165.4,-0.03,0.575,-0.075,0.015,0.03
btc-updown-15m-1764811800,1764811800,175.6,-0.09,0.48,0.005,0.145,0.185
btc-updown-15m-1764811800,1764811800,185.8,-0.04,0.435,0.1,0.18,0.19
btc-updown-15m-1764811800,1764811800,195.9,0.05,0.485,0.105,0.04,0.135
btc-updown-15m-1764811800,1764811800,211.6,0.03,0.525,0.09,0.06,0.135
btc-updown-15m-1764811800,1764811800,221.6,0.06,0.585,0.01,0.035,0.1
btc-updown-15m-1764811800,1764811800,231.6,0.03,0.615,-0.08,0.005,0.13
btc-updown-15m-1764811800,1764811800,251.8,-0.03,0.585,0.035,0.035,0.235
btc-updown-15m-1764811800,1764811800,262.1,-0.05,0.535,0.09,0.13,0.27
btc-updown-15m-1764811800,1764811800,272.2,0.045,0.58,0.065,0.08,0.185
btc-updown-15m-1764811800,1764811800,282.2,0.045,0.625,-0.005,0.07,0.18
btc-updown-15m-1764811800,1764811800,293.6,0.03,0.635,0.03,0.12,0.17
btc-updown-15m-1764811800,1764811800,305.3,-0.03,0.635,0.045,0.155,0.14
btc-updown-15m-1764811800,1764811800,318,0.03,0.645,0.09,0.2,0.195
btc-updown-15m-1764811800,1764811800,339.8,0.03,0.685,0.125,0.1,0.165
btc-updown-15m-1764811800,1764811800,349.8,0.05,0.735,0.11,0.09,0.105
btc-updown-15m-1764811800,1764811800,359.9,0.085,0.82,-0.015,-0.03,0.075
btc-updown-15m-1764811800,1764811800,374.2,0.04,0.835,-0.02,0,0.06
btc-updown-15m-1764811800,1764811800,387,-0.035,0.805,0,0.05,0.12
btc-updown-15m-1764811800,1764811800,397.1,-0.035,0.77,0.005,0.105,0.115
btc-updown-15m-1764811800,1764811800,407.3,0.045,0.815,0.015,0.03,0.05
btc-updown-15m-1764811800,1764811800,418.4,-0.04,0.785,0.065,0.11,0.09
btc-updown-15m-1764811800,1764811800,431.4,0.04,0.815,0.055,0.08,0.03
btc-updown-15m-1764811800,1764811800,449.6,0.03,0.865,0.03,0.04,0.04
btc-updown-15m-1764811800,1764811800,466.5,-0.03,0.845,0.05,0,0.025
btc-updown-15m-1764811800,1764811800,476.6,0.04,0.885,0.035,-0.01,-0.01
btc-updown-15m-1764811800,1764811800,493.1,-0.03,0.875,-0.02,-0.03,-0.015
btc-updown-15m-1764811800,1764811800,512.1,0.035,0.925,-0.06,-0.01,-0.125
btc-updown-15m-1764811800,1764811800,522.5,-0.06,0.855,-0.01,0.055,-0.05
btc-updown-15m-1764811800,1764811800,532.6,0.03,0.885,-0.025,-0.005,-0.055
btc-updown-15m-1764811800,1764811800,545,-0.03,0.845,0.08,0.035,-0.06
btc-updown-15m-1764811800,1764811800,563.2,0.03,0.875,0,-0.01,-0.085
btc-updown-15m-1764811800,1764811800,573.2,0.04,0.915,-0.025,-0.105,-0.12
btc-updown-15m-1764811800,1764811800,584.2,-0.03,0.895,-0.03,-0.09,-0.06
btc-updown-15m-1764811800,1764811800,594.3,-0.03,0.87,-0.005,-0.035,-0.01
btc-updown-15m-1764811800,1764811800,614.6,-0.03,0.855,-0.05,-0.07,0.05
btc-updown-15m-1764811800,1764811800,629.1,-0.03,0.835,-0.015,-0.05,0
btc-updown-15m-1764811800,1764811800,662.8,-0.035,0.795,0,0.115,0.08
btc-updown-15m-1764811800,1764811800,701.9,0.035,0.83,0.065,0.015,0.075
btc-updown-15m-1764811800,1764811800,712,0.045,0.875,-0.025,-0.005,0.05
btc-updown-15m-1764811800,1764811800,722.1,0.03,0.895,-0.05,-0.025,0.03
btc-updown-15m-1764811800,1764811800,739.3,-0.03,0.885,-0.015,0.07,0.08
btc-updown-15m-1764811800,1764811800,749.3,-0.05,0.835,0.03,0.06,0.14
btc-updown-15m-1764811800,1764811800,770.5,0.03,0.875,0.08,0.05,0.115
btc-updown-15m-1764811800,1764811800,784.4,0.035,0.905,-0.01,0.03,
btc-updown-15m-1764811800,1764811800,794.5,0.035,0.95,-0.035,0.015,
btc-updown-15m-1764811800,1764811800,804.5,-0.035,0.915,0.005,0.06,
btc-updown-15m-1764811800,1764811800,815.3,-0.03,0.885,0.06,0.105,
btc-updown-15m-1764811800,1764811800,825.6,0.03,0.92,0.045,0.07,
btc-updown-15m-1764811800,1764811800,845.7,0.04,0.945,0.04,,
btc-updown-15m-1764811800,1764811800,860,0.03,0.975,0.015,,
btc-updown-15m-1764822600,1764822600,4,0.03,0.535,-0.01,0.055,0.145
btc-updown-15m-1764822600,1764822600,15.3,0.035,0.59,-0.075,-0.025,0.155
btc-updown-15m-1764822600,1764822600,25.4,-0.07,0.52,0.045,0.065,0.24
btc-updown-15m-1764822600,1764822600,50.8,0.03,0.55,0.02,0.055,0.195
btc-updown-15m-1764822600,1764822600,64,0.03,0.595,-0.01,0.085,0.17
btc-updown-15m-1764822600,1764822600,75.3,-0.03,0.565,0.04,0.18,0.19
btc-updown-15m-1764822600,1764822600,120.9,0.03,0.635,0.11,0.115,0.11
btc-updown-15m-1764822600,1764822600,131,0.08,0.725,0.04,0.04,-0.2
btc-updown-15m-1764822600,1764822600,141,0.03,0.755,-0.01,-0.005,-0.18
btc-updown-15m-1764822600,1764822600,167,-0.03,0.735,0.015,0.025,-0.07
btc-updown-15m-1764822600,1764822600,222.1,0.03,0.755,-0.26,-0.13,0.045
btc-updown-15m-1764822600,1764822600,241.5,-0.03,0.72,-0.075,-0.085,0.085
btc-updown-15m-1764822600,1764822600,251.5,-0.225,0.495,0.14,0.165,0.36
btc-updown-15m-1764822600,1764822600,261.5,0.07,0.565,0.1,0.185,0.25
btc-updown-15m-1764822600,1764822600,271.5,0.08,0.645,-0.01,0.12,0.11
btc-updown-15m-1764822600,1764822600,282,-0.03,0.625,0.03,0.175,0.14
btc-updown-15m-1764822600,1764822600,292,0.04,0.665,0.085,0.14,0.1
btc-updown-15m-1764822600,1764822600,302,-0.03,0.635,0.13,0.175,0.13
btc-updown-15m-1764822600,1764822600,312.2,0.03,0.665,0.135,0.19,0.07
btc-updown-15m-1764822600,1764822600,322.3,0.085,0.75,0.055,0.07,-0.005
btc-updown-15m-1764822600,1764822600,332.6,0.03,0.78,0.035,-0.025,-0.045
btc-updown-15m-1764822600,1764822600,369.2,0.035,0.845,-0.08,-0.12,-0.14
btc-updown-15m-1764822600,1764822600,380.6,-0.03,0.82,-0.04,-0.08,-0.14
btc-updown-15m-1764822600,1764822600,390.6,-0.065,0.755,0.05,-0.02,-0.02
btc-updown-15m-1764822600,1764822600,404.2,0.03,0.77,-0.045,-0.055,-0.055
btc-updown-15m-1764822600,1764822600,414.2,0.055,0.825,-0.08,-0.105,-0.17
btc-updown-15m-1764822600,1764822600,424.3,-0.07,0.755,-0.04,-0.05,-0.1
btc-updown-15m-1764822600,1764822600,434.4,-0.03,0.725,-0.01,-0.02,-0.08
btc-updown-15m-1764822600,1764822600,453.1,-0.03,0.715,-0.015,0.015,-0.24
btc-updown-15m-1764822600,1764822600,478.7,-0.03,0.69,-0.015,-0.035,-0.2
btc-updown-15m-1764822600,1764822600,495.1,-0.035,0.665,0.05,-0.03,0.03
btc-updown-15m-1764822600,1764822600,505.1,0.03,0.68,-0.025,-0.11,0.115
btc-updown-15m-1764822600,1764822600,515.2,0.045,0.725,-0.075,-0.305,-0.04
btc-updown-15m-1764822600,1764822600,527.8,-0.03,0.695,-0.06,-0.29,0
btc-updown-15m-1764822600,1764822600,537.8,-0.035,0.655,-0.1,-0.165,0.04
btc-updown-15m-1764822600,1764822600,551.2,-0.03,0.625,-0.22,0.01,0.18
btc-updown-15m-1764822600,1764822600,561.2,0.04,0.665,-0.195,0.06,0.275
btc-updown-15m-1764822600,1764822600,571.3,-0.13,0.525,-0.055,0.24,0.4
btc-updown-15m-1764822600,1764822600,581.4,-0.115,0.41,0.225,0.275,0.485
btc-updown-15m-1764822600,1764822600,591.4,0.065,0.475,0.25,0.22,0.42
btc-updown-15m-1764822600,1764822600,604.9,0.03,0.505,0.18,0.25,0.38
btc-updown-15m-1764822600,1764822600,614.9,0.19,0.695,-0.01,0.15,0.215
btc-updown-15m-1764822600,1764822600,624.9,0.1,0.795,-0.1,0.145,0.11
btc-updown-15m-1764822600,1764822600,634.9,-0.11,0.685,0.07,0.23,0.215
btc-updown-15m-1764822600,1764822600,661.4,0.03,0.725,0.2,0.14,-0.405
btc-updown-15m-1764822600,1764822600,671.4,0.08,0.805,0.09,0.08,-0.475
btc-updown-15m-1764822600,1764822600,681.6,0.13,0.935,-0.04,-0.04,-0.845
btc-updown-15m-1764822600,1764822600,696.9,-0.03,0.905,-0.02,0,-0.83
btc-updown-15m-1764822600,1764822600,721,-0.03,0.865,0.04,-0.535,-0.72
btc-updown-15m-1764822600,1764822600,731.9,0.03,0.895,-0.065,-0.57,-0.8
btc-updown-15m-1764822600,1764822600,761.6,-0.03,0.875,-0.545,-0.81,-0.845
btc-updown-15m-1764822600,1764822600,771.6,-0.38,0.495,-0.405,-0.37,-0.485
btc-updown-15m-1764822600,1764822600,781.6,-0.19,0.305,-0.24,-0.16,
btc-updown-15m-1764822600,1764822600,792,0.03,0.335,-0.28,-0.24,
btc-updown-15m-1764822600,1764822600,802.1,-0.245,0.09,0.05,0.01,
btc-updown-15m-1764822600,1764822600,813.2,0.03,0.11,0.165,-0.015,
btc-updown-15m-1764822600,1764822600,823.2,-0.07,0.065,0.04,-0.04,
btc-updown-15m-1764822600,1764822600,833.2,0.06,0.125,0,-0.115,
btc-updown-15m-1764822600,1764822600,843.2,0.155,0.28,-0.2,,
btc-updown-15m-1764822600,1764822600,853.3,-0.17,0.105,-0.08,,
btc-updown-15m-1764822600,1764822600,863.3,0.03,0.135,-0.125,,
btc-updown-15m-1764822600,1764822600,873.3,-0.06,0.08,,,
btc-updown-15m-1764822600,1764822600,883.3,-0.055,0.025,,,
btc-updown-15m-1764833400,1764833400,13.8,-0.03,0.505,0.07,0.1,0.24
btc-updown-15m-1764833400,1764833400,23.8,0.11,0.615,0.03,0,0.12
btc-updown-15m-1764833400,1764833400,39,-0.03,0.585,0.02,0.05,0.15
btc-updown-15m-1764833400,1764833400,49,0.05,0.635,-0.025,0.1,0.125
btc-updown-15m-1764833400,1764833400,62.8,-0.03,0.615,0.005,0.095,0.145
btc-updown-15m-1764833400,1764833400,99,0.03,0.645,0.085,0.09,0.11
btc-updown-15m-1764833400,1764833400,109.1,0.09,0.735,-0.005,0.025,0.02
btc-updown-15m-1764833400,1764833400,120.4,-0.03,0.72,0.015,0.04,0.035
btc-updown-15m-1764833400,1764833400,131.4,0.03,0.74,0,-0.005,0.065
btc-updown-15m-1764833400,1764833400,164.1,0.03,0.765,-0.03,-0.01,0.03
btc-updown-15m-1764833400,1764833400,191.5,-0.03,0.73,0.025,0.075,0.045
btc-updown-15m-1764833400,1764833400,215,0.03,0.755,0.04,-0.02,0.05
btc-updown-15m-1764833400,1764833400,242.6,0.03,0.785,-0.04,0.02,0.01
btc-updown-15m-1764833400,1764833400,270.6,-0.035,0.795,-0.03,0.06,0.08
btc-updown-15m-1764833400,1764833400,280.6,-0.03,0.765,0.01,0.045,0.1
btc-updown-15m-1764833400,1764833400,294.8,-0.03,0.775,0.04,0.02,0.09
btc-updown-15m-1764833400,1764833400,304.9,0.03,0.805,0,-0.01,0.09
btc-updown-15m-1764833400,1764833400,318.8,0.04,0.815,-0.02,0.03,0.09
btc-updown-15m-1764833400,1764833400,328.9,0.03,0.845,-0.045,0.01,0.04
btc-updown-15m-1764833400,1764833400,338.9,-0.04,0.805,0,0.06,0.05
btc-updown-15m-1764833400,1764833400,378.5,0.035,0.84,0.015,0.065,-0.025
btc-updown-15m-1764833400,1764833400,389.1,0.035,0.87,0.005,0.015,-0.01
btc-updown-15m-1764833400,1764833400,421.7,0.03,0.895,-0.03,-0.05,0
btc-updown-15m-1764833400,1764833400,432.8,0.03,0.905,-0.06,-0.08,-0.02
btc-updown-15m-1764833400,1764833400,451.1,-0.03,0.865,-0.02,0.005,-0.01
btc-updown-15m-1764833400,1764833400,465.7,-0.03,0.835,-0.015,0.06,0.06
btc-updown-15m-1764833400,1764833400,482.8,-0.03,0.815,0.07,0.08,0.11
btc-updown-15m-1764833400,1764833400,505.5,0.03,0.85,0.055,0.005,0.115
btc-updown-15m-1764833400,1764833400,515.5,0.045,0.895,0,-0.03,0.07
btc-updown-15m-1764833400,1764833400,564.7,-0.03,0.855,0.05,0.11,0.12
btc-updown-15m-1764833400,1764833400,580.5,0.03,0.885,0.06,0.09,0.1
btc-updown-15m-1764833400,1764833400,602.3,0.03,0.925,0.035,0.05,0.06
btc-updown-15m-1764843300,1764843300,2.7,-0.03,0.5,-0.205,-0.145,-0.195
btc-updown-15m-1764843300,1764843300,12.8,-0.095,0.405,-0.085,-0.06,-0.09
btc-updown-15m-1764843300,1764843300,26.1,-0.03,0.375,-0.01,0.04,0.02
btc-updown-15m-1764843300,1764843300,36.2,-0.075,0.3,0,0.105,0.115
btc-updown-15m-1764843300,1764843300,47.6,0.03,0.33,0.04,0.045,0.035
btc-updown-15m-1764843300,1764843300,57.8,0.035,0.355,0.06,-0.005,0.12
btc-updown-15m-1764843300,1764843300,67.8,-0.04,0.315,0.06,-0.005,0.14
btc-updown-15m-1764843300,1764843300,77.8,0.055,0.37,0.005,-0.035,0.075
btc-updown-15m-1764843300,1764843300,87.9,0.04,0.415,-0.065,0,-0.045
btc-updown-15m-1764843300,1764843300,97.9,-0.04,0.375,-0.06,0.035,-0.005
btc-updown-15m-1764843300,1764843300,114,-0.03,0.355,0.03,0.07,0.005
btc-updown-15m-1764843300,1764843300,124,-0.07,0.275,0.145,0.22,0.02
btc-updown-15m-1764843300,1764843300,134,0.04,0.315,0.05,0.13,-0.05
btc-updown-15m-1764843300,1764843300,144,0.07,0.385,0.04,0,-0.12
btc-updown-15m-1764843300,1764843300,154.1,0.035,0.42,0.075,-0.05,-0.195
btc-updown-15m-1764843300,1764843300,164.1,-0.055,0.365,0.08,0,-0.2
btc-updown-15m-1764843300,1764843300,174.1,0.06,0.425,-0.04,-0.065,-0.26
btc-updown-15m-1764843300,1764843300,184.2,0.065,0.495,-0.125,-0.2,-0.28
btc-updown-15m-1764843300,1764843300,194.2,-0.05,0.445,-0.08,-0.18,-0.195
btc-updown-15m-1764843300,1764843300,204.3,-0.06,0.385,-0.025,-0.12,-0.175
btc-updown-15m-1764843300,1764843300,241.7,-0.035,0.325,-0.1,-0.12,-0.19
btc-updown-15m-1764843300,1764843300,251.8,-0.045,0.28,-0.095,-0.045,-0.105
btc-updown-15m-1764843300,1764843300,270.6,-0.03,0.23,-0.045,-0.045,-0.035
btc-updown-15m-1764843300,1764843300,281.2,-0.03,0.195,0.04,-0.02,0.09
btc-updown-15m-1764843300,1764843300,291.2,-0.035,0.16,0.055,0.005,0.115
btc-updown-15m-1764843300,1764843300,301.2,0.045,0.205,-0.015,-0.065,0.04
btc-updown-15m-1764843300,1764843300,311.3,0.03,0.235,-0.06,-0.06,-0.025
btc-updown-15m-1764843300,1764843300,321.8,-0.03,0.205,-0.04,-0.03,0.055
btc-updown-15m-1764843300,1764843300,331.9,-0.03,0.18,-0.045,0.015,0.035
btc-updown-15m-1764843300,1764843300,347.3,-0.03,0.165,0.01,0.11,0.02
btc-updown-15m-1764843300,1764843300,358.2,-0.03,0.135,0.06,0.12,0.05
btc-updown-15m-1764843300,1764843300,368.2,0.05,0.185,0.06,0.025,0.025
btc-updown-15m-1764843300,1764843300,394.9,0.03,0.205,0.015,0.03,0.08
btc-updown-15m-1764843300,1764843300,404.9,0.075,0.28,-0.035,-0.075,-0.025
btc-updown-15m-1764843300,1764843300,420.7,-0.03,0.245,-0.03,-0.02,-0.09
btc-updown-15m-1764843300,1764843300,431,-0.04,0.205,0.06,0,0.02
btc-updown-15m-1764843300,1764843300,441.1,0.05,0.26,-0.065,0.005,-0.035
btc-updown-15m-1764843300,1764843300,451.1,-0.045,0.215,0.01,0.065,0.03
btc-updown-15m-1764843300,1764843300,461.1,0.05,0.265,-0.06,0,-0.03
btc-updown-15m-1764843300,1764843300,471.1,-0.075,0.19,0.08,0.065,-0.065
btc-updown-15m-1764843300,1764843300,481.1,0.04,0.225,0.05,-0.07,-0.11
btc-updown-15m-1764843300,1764843300,495.5,0.03,0.245,0.01,-0.01,-0.11
btc-updown-15m-1764843300,1764843300,507.3,0.03,0.275,-0.1,-0.02,-0.125
btc-updown-15m-1764843300,1764843300,522,-0.04,0.255,-0.03,-0.015,-0.15
btc-updown-15m-1764843300,1764843300,534.9,-0.03,0.225,0.03,-0.09,-0.13
btc-updown-15m-1764843300,1764843300,547.3,0.04,0.215,0.03,-0.125,-0.125
btc-updown-15m-1764843300,1764843300,568.1,0.03,0.255,-0.13,-0.1,-0.12
btc-updown-15m-1764843300,1764843300,584.1,-0.03,0.215,-0.11,-0.12,-0.09
btc-updown-15m-1764843300,1764843300,594.1,-0.065,0.125,0.03,-0.03,0.03
btc-updown-15m-1764843300,1764843300,604.4,-0.03,0.095,0.035,0,0.05
btc-updown-15m-1764843300,1764843300,614.4,0.03,0.125,-0.03,-0.04,0.06
btc-updown-15m-1764843300,1764843300,624.5,0.03,0.155,-0.06,-0.04,0
btc-updown-15m-1764843300,1764843300,635,-0.03,0.125,-0.03,-0.005,-0.04
btc-updown-15m-1764843300,1764843300,645,-0.03,0.095,-0.005,0.025,0.025
btc-updown-15m-1764843300,1764843300,667.4,-0.03,0.075,0.04,0.095,0.18
btc-updown-15m-1764843300,1764843300,678.7,0.03,0.105,0.03,0.07,0.12
btc-updown-15m-1764843300,1764843300,688.7,0.03,0.135,0.02,0,0.02
btc-updown-15m-1764843300,1764843300,710.3,0.03,0.14,0.035,-0.025,-0.095
btc-updown-15m-1764843300,1764843300,726.7,0.03,0.18,-0.085,0.065,-0.165
btc-updown-15m-1764843300,1764843300,744.1,-0.03,0.155,-0.045,0.03,-0.14
btc-updown-15m-1764843300,1764843300,754.1,-0.08,0.075,0.145,0.065,-0.06
btc-updown-15m-1764843300,1764843300,764.3,0.045,0.12,0.11,-0.055,-0.105
btc-updown-15m-1764843300,1764843300,781.7,0.035,0.15,-0.03,-0.135,
btc-updown-15m-1764843300,1764843300,791.8,0.095,0.245,-0.17,-0.23,
btc-updown-15m-1764843300,1764843300,803.1,-0.03,0.205,-0.17,-0.19,
btc-updown-15m-1764843300,1764843300,813.1,-0.09,0.115,-0.1,-0.1,
btc-updown-15m-1764843300,1764843300,823.1,-0.055,0.06,-0.045,-0.045,
btc-updown-15m-1764843300,1764843300,834.2,-0.03,0.025,-0.01,-0.01,
btc-updown-15m-1764854100,1764854100,3.4,0.03,0.555,0.12,0.09,0.14
btc-updown-15m-1764854100,1764854100,13.5,0.04,0.595,0.11,0.1,0.06
btc-updown-15m-1764854100,1764854100,26,0.03,0.625,0.09,0.06,0.045
btc-updown-15m-1764854100,1764854100,36,0.06,0.685,-0.04,0.01,0
btc-updown-15m-1764854100,1764854100,53.2,0.03,0.735,-0.045,-0.03,-0.04
btc-updown-15m-1764854100,1764854100,63.2,-0.09,0.645,0.05,0.05,0.07
btc-updown-15m-1764854100,1764854100,73.2,0.05,0.695,0,-0.035,0.045
btc-updown-15m-1764854100,1764854100,84.5,-0.04,0.685,0.02,-0.01,-0.02
btc-updown-15m-1764854100,1764854100,98.6,-0.035,0.66,0.005,0.025,0.015
btc-updown-15m-1764854100,1764854100,108.7,0.04,0.7,-0.055,-0.005,-0.02
btc-updown-15m-1764854100,1764854100,118.8,0.035,0.735,-0.035,-0.04,-0.115
btc-updown-15m-1764854100,1764854100,129,-0.07,0.665,0.02,0.065,0.06
btc-updown-15m-1764854100,1764854100,139.3,-0.03,0.645,0.06,0.03,0.09
btc-updown-15m-1764854100,1764854100,149.3,0.055,0.7,-0.005,-0.015,0.055
btc-updown-15m-1764854100,1764854100,159.7,-0.035,0.67,0.065,0.005,0.075
btc-updown-15m-1764854100,1764854100,169.9,0.04,0.695,-0.02,-0.01,0.09
btc-updown-15m-1764854100,1764854100,183.3,0.03,0.72,-0.055,-0.055,0.055
btc-updown-15m-1764854100,1764854100,194.7,-0.03,0.705,-0.03,0.01,0.1
btc-updown-15m-1764854100,1764854100,223.7,0.03,0.685,0.03,0.09,0.005
btc-updown-15m-1764854100,1764854100,235.7,-0.03,0.65,0.105,0.165,0.105
btc-updown-15m-1764854100,1764854100,245.7,0.09,0.725,0.02,0.08,0.04
btc-updown-15m-1764854100,1764854100,262.6,0.03,0.735,0.05,0.04,0.035
btc-updown-15m-1764854100,1764854100,280.8,0.03,0.775,0.03,-0.09,0.085
btc-updown-15m-1764854100,1764854100,295.4,0.03,0.81,-0.015,-0.055,0.025
btc-updown-15m-1764854100,1764854100,311.4,0.03,0.805,-0.115,-0.035,0.03
btc-updown-15m-1764854100,1764854100,321.4,-0.035,0.77,-0.01,0,0.105
btc-updown-15m-1764854100,1764854100,331.4,-0.05,0.725,0.03,0.14,0.18
btc-updown-15m-1764854100,1764854100,341.5,-0.035,0.69,0.08,0.175,0.215
btc-updown-15m-1764854100,1764854100,351.5,0.07,0.76,0.01,0.075,0.165
btc-updown-15m-1764854100,1764854100,369.8,0.03,0.775,0.09,0.07,0.12
btc-updown-15m-1764854100,1764854100,382.9,0.03,0.795,0.05,0.07,0.11
btc-updown-15m-1764854100,1764854100,392.9,0.065,0.855,-0.03,0.05,0.06
btc-updown-15m-1764854100,1764854100,407.7,-0.03,0.845,0,0.065,0.07
btc-updown-15m-1764854100,1764854100,417.7,-0.03,0.815,0.08,0.105,0.1
btc-updown-15m-1764854100,1764854100,432.4,0.03,0.855,0.05,0.05,0.09
btc-updown-15m-1764854100,1764854100,447.2,0.03,0.895,0.03,0.02,0.05
btc-updown-15m-1764854100,1764854100,486.8,-0.03,0.895,0.02,0.04,0.08
btc-updown-15m-1764854100,1764854100,503.9,0.03,0.91,0,0.045,0.055
btc-updown-15m-1764854100,1764854100,614.1,-0.03,0.955,0.03,0.02,0.03
btc-updown-15m-1764864900,1764864900,9.9,-0.03,0.515,0,0,0.13
btc-updown-15m-1764864900,1764864900,20.2,0.03,0.545,-0.03,-0.04,0.145
btc-updown-15m-1764864900,1764864900,30.2,-0.05,0.495,0.02,0,0.225
btc-updown-15m-1764864900,1764864900,40.5,0.035,0.515,0.005,0.04,0.17
btc-updown-15m-1764864900,1764864900,55.2,0.035,0.52,-0.005,0.02,0.185
btc-updown-15m-1764864900,1764864900,74.6,0.03,0.535,0,0.13,0.125
btc-updown-15m-1764864900,1764864900,91.4,0.03,0.535,0.06,0.175,0.16
btc-updown-15m-1764864900,1764864900,103.3,0.03,0.545,0.115,0.16,0.21
btc-updown-15m-1764864900,1764864900,118.9,0.03,0.555,0.17,0.165,0.24
btc-updown-15m-1764864900,1764864900,128.9,0.07,0.625,0.045,0.03,0.2
btc-updown-15m-1764864900,1764864900,138.9,0.07,0.695,0.01,-0.035,0.16
btc-updown-15m-1764864900,1764864900,149,0.035,0.725,-0.005,-0.01,0.14
btc-updown-15m-1764864900,1764864900,159.1,-0.055,0.67,-0.015,0.065,0.21
btc-updown-15m-1764864900,1764864900,169.1,0.035,0.705,-0.045,0.07,0.2
btc-updown-15m-1764864900,1764864900,180.4,0.03,0.725,-0.03,0.08,0.19
btc-updown-15m-1764864900,1764864900,190.5,-0.04,0.685,0.055,0.16,0.21
btc-updown-15m-1764864900,1764864900,204.5,0.035,0.705,0.08,0.15,0.17
btc-updown-15m-1764864900,1764864900,219.2,0.03,0.735,0.09,0.145,0.16
btc-updown-15m-1764864900,1764864900,229.2,0.04,0.775,0.08,0.13,0.11
btc-updown-15m-1764864900,1764864900,240.4,0.03,0.805,0.06,0.11,0.085
btc-updown-15m-1764864900,1764864900,250.4,0.045,0.85,0.04,0.04,-0.015
btc-updown-15m-1764864900,1764864900,276.3,0.03,0.88,0.005,0.01,0.015
btc-updown-15m-1764864900,1764864900,305.1,-0.03,0.885,0,-0.005,-0.06
btc-updown-15m-1764864900,1764864900,351.7,-0.03,0.875,-0.01,-0.04,-0.05
btc-updown-15m-1764864900,1764864900,367.8,-0.03,0.855,0.04,-0.04,-0.1
btc-updown-15m-1764864900,1764864900,380.2,0.03,0.865,-0.03,-0.07,-0.085
btc-updown-15m-1764864900,1764864900,393.2,0.03,0.885,-0.08,-0.06,-0.09
btc-updown-15m-1764864900,1764864900,403.2,-0.04,0.845,-0.03,-0.03,-0.015
btc-updown-15m-1764864900,1764864900,446.3,-0.03,0.78,0.065,0.015,0.175
btc-updown-15m-1764864900,1764864900,456.4,0.055,0.835,-0.045,0,0.13
btc-updown-15m-1764864900,1764864900,475.2,0.03,0.845,-0.05,0,0.13
btc-updown-15m-1764864900,1764864900,485.2,-0.06,0.785,0.03,0.16,0.19
btc-updown-15m-1764864900,1764864900,509.7,-0.03,0.755,0.12,0.2,0.23
btc-updown-15m-1764864900,1764864900,519.7,0.07,0.825,0.125,0.14,0.15
btc-updown-15m-1764864900,1764864900,535,0.035,0.835,0.12,0.14,0.15
btc-updown-15m-1764864900,1764864900,545,0.1,0.935,0.04,0.04,0.01
btc-updown-15m-1764864900,1764864900,662,-0.03,0.955,-0.025,-0.04,0.01
btc-updown-15m-1764864900,1764864900,696.6,-0.03,0.905,0.02,0.07,0.055
btc-updown-15m-1764864900,1764864900,706.6,-0.03,0.875,0.055,0.09,0.09
btc-updown-15m-1764864900,1764864900,720.6,0.03,0.915,0.06,0.05,0.06
btc-updown-15m-1764864900,1764864900,731.2,0.04,0.945,0.035,0.015,0.04
btc-updown-15m-1764864900,1764864900,746.5,0.035,0.965,0.01,0,0.01
btc-updown-15m-1764864900,1764864900,786.3,-0.03,0.945,0.015,0.04,
btc-updown-15m-1764864900,1764864900,798.8,0.035,0.96,0.005,0.015,
btc-updown-15m-1764875700,1764875700,0.7,0.035,0.585,-0.005,0.1,-0.08
btc-updown-15m-1764875700,1764875700,10.8,-0.035,0.56,0.055,0.05,0.105
btc-updown-15m-1764875700,1764875700,20.8,-0.05,0.495,0.16,0.08,0.19
btc-updown-15m-1764875700,1764875700,30.8,0.08,0.575,0.12,0.04,0.1
btc-updown-15m-1764875700,1764875700,40.8,0.04,0.615,0,-0.04,0.05
btc-updown-15m-1764875700,1764875700,50.9,0.04,0.655,-0.08,-0.16,0.035
btc-updown-15m-1764875700,1764875700,60.9,0.04,0.695,-0.08,-0.19,-0.045
btc-updown-15m-1764875700,1764875700,70.9,-0.095,0.6,-0.025,0.075,-0.045
btc-updown-15m-1764875700,1764875700,80.9,-0.035,0.565,-0.07,0.12,0.03
btc-updown-15m-1764875700,1764875700,90.9,0.04,0.605,-0.1,0.07,0.05
btc-updown-15m-1764875700,1764875700,101,-0.035,0.575,0.1,0.09,0.19
btc-updown-15m-1764875700,1764875700,111,-0.08,0.495,0.19,0.19,0.25
btc-updown-15m-1764875700,1764875700,121.1,0.03,0.53,0.145,0.115,0.145
btc-updown-15m-1764875700,1764875700,131.1,0.145,0.675,-0.02,-0.12,-0.08
btc-updown-15m-1764875700,1764875700,151.3,-0.03,0.655,-0.01,0,-0.17
btc-updown-15m-1764875700,1764875700,161.9,-0.03,0.635,-0.085,0.13,-0.13
btc-updown-15m-1764875700,1764875700,171.9,0.04,0.675,-0.08,0.06,-0.21
btc-updown-15m-1764875700,1764875700,181.9,-0.09,0.585,0.07,0.06,-0.155
btc-updown-15m-1764875700,1764875700,191.9,-0.04,0.55,0.215,0.06,-0.14
btc-updown-15m-1764875700,1764875700,201.9,0.04,0.59,0.145,-0.105,-0.23
btc-updown-15m-1764875700,1764875700,211.9,0.065,0.655,-0.01,-0.17,-0.35
btc-updown-15m-1764875700,1764875700,222,0.11,0.765,-0.155,-0.26,-0.47
btc-updown-15m-1764875700,1764875700,232.1,-0.03,0.735,-0.25,-0.27,-0.465
btc-updown-15m-1764875700,1764875700,242.1,-0.1,0.64,-0.155,-0.205,-0.385
btc-updown-15m-1764875700,1764875700,252.3,-0.03,0.615,-0.11,-0.21,-0.44
btc-updown-15m-1764875700,1764875700,262.3,-0.145,0.47,0.005,-0.1,-0.185
btc-updown-15m-1764875700,1764875700,272.8,0.035,0.48,-0.045,-0.19,-0.23
btc-updown-15m-1764875700,1764875700,285.4,-0.03,0.485,-0.06,-0.205,-0.24
btc-updown-15m-1764875700,1764875700,295.4,-0.05,0.435,-0.125,-0.18,-0.22
btc-updown-15m-1764875700,1764875700,305.5,0.03,0.455,-0.16,-0.225,-0.26
btc-updown-15m-1764875700,1764875700,315.6,-0.03,0.425,-0.145,-0.23,-0.2
btc-updown-15m-1764875700,1764875700,325.6,-0.11,0.315,-0.06,-0.05,0.025
btc-updown-15m-1764875700,1764875700,335.7,-0.03,0.295,-0.065,-0.065,-0.03
btc-updown-15m-1764875700,1764875700,358.8,-0.035,0.26,-0.035,-0.065,-0.035
btc-updown-15m-1764875700,1764875700,368.8,-0.035,0.225,-0.005,0.035,-0.05
btc-updown-15m-1764875700,1764875700,378.8,-0.03,0.195,0.055,0.055,-0.08
btc-updown-15m-1764875700,1764875700,388.8,0.03,0.225,-0.03,0.05,-0.11
btc-updown-15m-1764875700,1764875700,408.5,0.03,0.25,0.005,-0.025,-0.105
btc-updown-15m-1764875700,1764875700,418.5,-0.055,0.195,0.075,0.035,-0.07
btc-updown-15m-1764875700,1764875700,428.5,0.07,0.265,0,-0.08,-0.14
btc-updown-15m-1764875700,1764875700,440.4,-0.03,0.245,0,-0.12,-0.12
btc-updown-15m-1764875700,1764875700,450.4,0.03,0.275,-0.05,-0.15,-0.16
btc-updown-15m-1764875700,1764875700,463.4,-0.03,0.24,-0.105,-0.065,-0.145
btc-updown-15m-1764875700,1764875700,480.8,-0.03,0.21,-0.085,-0.1,-0.155
btc-updown-15m-1764875700,1764875700,490.8,-0.04,0.165,0.005,-0.04,-0.07
btc-updown-15m-1764875700,1764875700,500.8,-0.05,0.115,0.045,0,0.03
btc-updown-15m-1764875700,1764875700,512.1,0.035,0.145,-0.03,-0.05,-0.01
btc-updown-15m-1764875700,1764875700,522.1,0.045,0.19,-0.055,-0.095,-0.05
btc-updown-15m-1764875700,1764875700,532.1,-0.045,0.145,-0.03,-0.07,0.05
btc-updown-15m-1764875700,1764875700,543,-0.035,0.11,-0.025,-0.035,0.03
btc-updown-15m-1764875700,1764875700,562.4,-0.03,0.095,-0.02,0.09,0.15
btc-updown-15m-1764875700,1764875700,573.7,-0.03,0.075,0.02,0.05,0.3
btc-updown-15m-1764875700,1764875700,590.1,-0.03,0.075,0.06,0.13,0.225
btc-updown-15m-1764875700,1764875700,610.2,0.03,0.085,0.04,0.05,0.445
btc-updown-15m-1764875700,1764875700,620.2,0.06,0.145,0.06,0.06,0.34
btc-updown-15m-1764875700,1764875700,631.1,-0.03,0.135,-0.01,0.1,0.32
btc-updown-15m-1764875700,1764875700,644.6,0.03,0.155,0.04,0.11,0.46
btc-updown-15m-1764875700,1764875700,654.6,0.05,0.205,0.045,0.14,0.27
btc-updown-15m-1764875700,1764875700,664.6,-0.075,0.13,0.265,0.425,0.425
btc-updown-15m-1764875700,1764875700,674.6,0.065,0.195,0.07,0.37,0.38
btc-updown-15m-1764875700,1764875700,684.6,0.055,0.25,0.095,0.225,0.525
btc-updown-15m-1764875700,1764875700,694.6,0.145,0.395,0.16,0.08,0.32
btc-updown-15m-1764875700,1764875700,704.6,-0.13,0.265,0.3,0.35,0.595
btc-updown-15m-1764875700,1764875700,714.6,0.08,0.345,0.13,0.13,0.54
btc-updown-15m-1764875700,1764875700,724.6,0.21,0.555,-0.08,-0.005,0.2
btc-updown-15m-1764875700,1764875700,735.2,0.04,0.575,-0.035,0,0.2
btc-updown-15m-1764875700,1764875700,745.2,-0.11,0.465,0.01,0.29,0.19
btc-updown-15m-1764875700,1764875700,755.2,0.05,0.515,0.04,0.19,0.23
btc-updown-15m-1764875700,1764875700,766.4,-0.03,0.495,0.09,0.385,0.24
btc-updown-15m-1764875700,1764875700,777.3,0.04,0.495,0.28,0.395,0.47
btc-updown-15m-1764875700,1764875700,787.3,0.05,0.545,0.245,0.185,
btc-updown-15m-1764875700,1764875700,797.3,0.06,0.605,0.28,0.195,
btc-updown-15m-1764875700,1764875700,807.3,0.17,0.775,0.115,-0.19,
btc-updown-15m-1764875700,1764875700,817.6,0.03,0.805,-0.09,0.025,
btc-updown-15m-1764875700,1764875700,827.6,0.065,0.87,-0.07,-0.2,
btc-updown-15m-1764875700,1764875700,837.8,0.03,0.9,-0.32,0.075,
btc-updown-15m-1764875700,1764875700,847.8,-0.185,0.715,0.115,,
btc-updown-15m-1764875700,1764875700,857.8,0.085,0.8,-0.125,,
btc-updown-15m-1764875700,1764875700,867.8,-0.225,0.575,0.4,,
btc-updown-15m-1764875700,1764875700,877.8,0.26,0.835,,,
btc-updown-15m-1764875700,1764875700,887.8,-0.155,0.68,,,
btc-updown-15m-1764875700,1764875700,897.8,0.295,0.975,,,
btc-updown-15m-1764898200,1764898200,10.6,-0.03,0.43,0.005,0.06,0.115
btc-updown-15m-1764898200,1764898200,26.8,0.035,0.43,0.035,0.105,0.155
btc-updown-15m-1764898200,1764898200,53.5,0.03,0.46,0.085,0.095,0.13
btc-updown-15m-1764898200,1764898200,76.8,0.035,0.5,0.025,0.055,0.045
btc-updown-15m-1764898200,1764898200,87,0.03,0.535,0.02,0.05,-0.25
btc-updown-15m-1764898200,1764898200,105.3,-0.03,0.525,0.02,0.06,-0.16
btc-updown-15m-1764898200,1764898200,115.3,0.03,0.555,0.01,0.05,-0.17
btc-updown-15m-1764898200,1764898200,131.2,0.03,0.545,0.085,0.01,-0.25
btc-updown-15m-1764898200,1764898200,147.9,0.035,0.59,0.04,-0.305,-0.28
btc-updown-15m-1764898200,1764898200,158,0.04,0.63,-0.085,-0.285,-0.325
btc-updown-15m-1764898200,1764898200,168,-0.035,0.595,-0.05,-0.22,-0.35
btc-updown-15m-1764898200,1764898200,178,0.035,0.63,-0.345,-0.255,-0.375
btc-updown-15m-1764898200,1764898200,188,-0.085,0.545,-0.2,-0.21,-0.335
btc-updown-15m-1764898200,1764898200,204.6,-0.03,0.515,-0.11,-0.19,-0.28
btc-updown-15m-1764898200,1764898200,214.6,-0.15,0.365,-0.025,-0.075,-0.15
btc-updown-15m-1764898200,1764898200,226.9,0.03,0.375,-0.075,-0.13,-0.19
btc-updown-15m-1764898200,1764898200,240.8,-0.03,0.355,-0.07,-0.1,-0.22
btc-updown-15m-1764898200,1764898200,250.8,-0.06,0.295,0.01,-0.09,-0.12
btc-updown-15m-1764898200,1764898200,263.4,0.03,0.325,-0.085,-0.08,-0.125
btc-updown-15m-1764898200,1764898200,273.4,-0.04,0.285,-0.075,-0.06,-0.08
btc-updown-15m-1764898200,1764898200,283.7,-0.035,0.25,-0.025,-0.035,-0.015
btc-updown-15m-1764898200,1764898200,301.8,-0.03,0.215,0.01,-0.075,0.06
btc-updown-15m-1764898200,1764898200,315.5,0.03,0.235,-0.02,-0.02,0.025
btc-updown-15m-1764898200,1764898200,327.3,-0.03,0.215,-0.08,-0.025,0.04
btc-updown-15m-1764898200,1764898200,337.5,-0.03,0.195,-0.04,0.035,0.065
btc-updown-15m-1764898200,1764898200,350.7,-0.035,0.17,0.04,0.065,0.01
btc-updown-15m-1764898200,1764898200,360.7,-0.035,0.135,0.07,0.12,0.04
btc-updown-15m-1764898200,1764898200,370.8,0.04,0.175,0.05,0.09,0.05
btc-updown-15m-1764898200,1764898200,380.9,0.035,0.21,0.025,0.055,0.05
btc-updown-15m-1764898200,1764898200,396.2,0.03,0.22,0.045,0.035,-0.025
btc-updown-15m-1764898200,1764898200,406.2,0.03,0.25,0.005,0,-0.025
btc-updown-15m-1764898200,1764898200,420.8,0.03,0.265,-0.01,-0.09,-0.06
btc-updown-15m-1764898200,1764898200,469.6,-0.03,0.22,0.04,-0.015,-0.005
btc-updown-15m-1764898200,1764898200,479.6,-0.05,0.17,0.015,0.035,0.07
btc-updown-15m-1764898200,1764898200,489.6,0.05,0.22,-0.025,-0.015,-0.015
btc-updown-15m-1764898200,1764898200,499.7,0.04,0.26,-0.055,-0.035,-0.065
btc-updown-15m-1764898200,1764898200,509.7,-0.075,0.185,0.02,0.04,0.01
btc-updown-15m-1764898200,1764898200,521.4,0.03,0.21,-0.005,0.02,-0.03
btc-updown-15m-1764898200,1764898200,560.1,0.03,0.235,-0.02,-0.04,-0.06
btc-updown-15m-1764898200,1764898200,602.4,-0.03,0.21,-0.015,-0.035,-0.075
btc-updown-15m-1764898200,1764898200,671.2,0.035,0.21,-0.12,0.16,-0.13
btc-updown-15m-1764898200,1764898200,681.3,-0.04,0.175,-0.09,0.115,0.05
btc-updown-15m-1764898200,1764898200,691.3,-0.04,0.135,0.015,0.135,0.04
btc-updown-15m-1764898200,1764898200,701.4,-0.045,0.09,0.28,0.165,0.02
btc-updown-15m-1764898200,1764898200,716.2,0.03,0.105,0.185,0.12,-0.075
btc-updown-15m-1764898200,1764898200,726.2,0.46,0.565,-0.31,-0.46,-0.53
btc-updown-15m-1764898200,1764898200,736.2,-0.27,0.295,-0.035,-0.225,-0.24
btc-updown-15m-1764898200,1764898200,747.1,-0.035,0.255,-0.04,-0.015,-0.21
btc-updown-15m-1764898200,1764898200,761.9,-0.03,0.245,-0.16,-0.135,-0.23
btc-updown-15m-1764898200,1764898200,774.3,-0.03,0.225,0.01,-0.185,-0.21
btc-updown-15m-1764898200,1764898200,784.3,-0.11,0.115,0.02,-0.09,
btc-updown-15m-1764898200,1764898200,794.4,-0.035,0.08,0.04,-0.01,
btc-updown-15m-1764898200,1764898200,804.4,0.16,0.235,-0.195,-0.195,
btc-updown-15m-1764898200,1764898200,814.4,-0.1,0.135,-0.11,-0.12,
btc-updown-15m-1764898200,1764898200,827.1,-0.03,0.09,-0.03,-0.075,
btc-updown-15m-1764898200,1764898200,837.2,-0.065,0.025,0.02,-0.01,
btc-updown-15m-1764898200,1764898200,849.7,0.03,0.065,-0.05,,
btc-updown-15m-1764898200,1764898200,859.8,-0.03,0.035,-0.02,,
btc-updown-15m-1764898200,1764898200,874.5,-0.03,0.015,,,
btc-updown-15m-1764909900,1764909900,0.8,0.03,0.555,0.04,-0.04,-0.13
btc-updown-15m-1764909900,1764909900,10.9,0.05,0.605,-0.015,-0.06,-0.15
btc-updown-15m-1764909900,1764909900,21.9,-0.035,0.585,-0.06,-0.06,-0.12
btc-updown-15m-1764909900,1764909900,49.9,-0.035,0.555,-0.01,-0.08,0.04
btc-updown-15m-1764909900,1764909900,60,-0.04,0.515,-0.09,-0.09,0.02
btc-updown-15m-1764909900,1764909900,70,0.03,0.545,-0.09,-0.09,-0.01
btc-updown-15m-1764909900,1764909900,85,-0.03,0.515,-0.06,-0.055,0.07
btc-updown-15m-1764909900,1764909900,95,-0.07,0.445,0.01,0.145,0.165
btc-updown-15m-1764909900,1764909900,105.4,0.035,0.48,-0.015,0.115,0.135
btc-updown-15m-1764909900,1764909900,115.4,-0.035,0.445,0.01,0.11,0.155
btc-updown-15m-1764909900,1764909900,126,0.03,0.455,0.145,0.14,0.155
btc-updown-15m-1764909900,1764909900,149.9,0.035,0.485,0.05,0.11,0.17
btc-updown-15m-1764909900,1764909900,159.9,0.105,0.595,-0.06,0.01,0.03
btc-updown-15m-1764909900,1764909900,173.7,-0.03,0.565,-0.01,0.025,0.055
btc-updown-15m-1764909900,1764909900,184.7,0.035,0.585,0.02,0.02,0.075
btc-updown-15m-1764909900,1764909900,194.7,-0.05,0.535,0.08,0.07,0.11
btc-updown-15m-1764909900,1764909900,204.7,0.045,0.58,0.02,0.06,0.115
btc-updown-15m-1764909900,1764909900,215.3,0.03,0.615,-0.005,0.05,0.12
btc-updown-15m-1764909900,1764909900,233,-0.03,0.585,0.06,0.045,0.21
btc-updown-15m-1764909900,1764909900,259.8,0.03,0.635,0,0,0
btc-updown-15m-1764909900,1764909900,279.2,-0.03,0.625,0.015,0.14,0.1
btc-updown-15m-1764909900,1764909900,298.5,0.03,0.645,0.05,0.13,0.08
btc-updown-15m-1764909900,1764909900,323.8,0.03,0.66,0.115,-0.005,0.155
btc-updown-15m-1764909900,1764909900,334,0.05,0.725,0.065,0.01,0.07
btc-updown-15m-1764909900,1764909900,344.1,0.05,0.775,-0.12,-0.06,0.11
btc-updown-15m-1764909900,1764909900,370.6,-0.03,0.76,-0.035,0.02,0.195
btc-updown-15m-1764909900,1764909900,380.6,-0.13,0.625,0.06,0.19,0.33
btc-updown-15m-1764909900,1764909900,390.6,0.055,0.68,0.045,0.135,0.285
btc-updown-15m-1764909900,1764909900,400.6,0.045,0.725,0.055,0.15,0.24
btc-updown-15m-1764909900,1764909900,410.6,-0.04,0.685,0.13,0.2,0.28
btc-updown-15m-1764909900,1764909900,420.7,0.04,0.725,0.09,0.2,0.24
btc-updown-15m-1764909900,1764909900,430.7,0.055,0.78,0.105,0.175,0.185
btc-updown-15m-1764909900,1764909900,440.7,0.035,0.815,0.07,0.14,0.14
btc-updown-15m-1764909900,1764909900,454.2,-0.035,0.78,0.145,0.185,0.175
btc-updown-15m-1764909900,1764909900,464.2,0.105,0.88,0.065,0.085,0.085
btc-updown-15m-1764909900,1764909900,474.3,0.035,0.915,0.05,0.05,0.05
btc-updown-15m-1764909900,1764909900,487.9,0.035,0.95,0.015,0.005,0.025
btc-updown-15m-1764919800,1764919800,10.6,-0.035,0.44,0.005,-0.055,0.015
btc-updown-15m-1764919800,1764919800,49.4,-0.03,0.415,-0.01,0.11,0.02
btc-updown-15m-1764919800,1764919800,59.8,-0.035,0.39,0.005,0.16,-0.015
btc-updown-15m-1764919800,1764919800,72.5,-0.03,0.365,0.155,0.08,-0.05
btc-updown-15m-1764919800,1764919800,82.6,0.04,0.405,0.115,0.02,-0.065
btc-updown-15m-1764919800,1764919800,94.7,0.035,0.44,-0.015,0.005,-0.055
btc-updown-15m-1764919800,1764919800,104.8,0.08,0.525,-0.075,-0.08,-0.16
btc-updown-15m-1764919800,1764919800,116.7,0.03,0.555,-0.13,-0.19,-0.21
btc-updown-15m-1764919800,1764919800,126.7,-0.12,0.435,0.01,-0.125,-0.05
btc-updown-15m-1764919800,1764919800,140.5,-0.03,0.425,-0.045,-0.09,0.015
btc-updown-15m-1764919800,1764919800,170.1,-0.035,0.4,-0.055,-0.055,-0.055
btc-updown-15m-1764919800,1764919800,182,-0.03,0.345,0.035,-0.02,-0.075
btc-updown-15m-1764919800,1764919800,192.8,-0.035,0.31,0.065,0.105,-0.1
btc-updown-15m-1764919800,1764919800,202.8,0.03,0.34,0.005,0.105,-0.115
btc-updown-15m-1764919800,1764919800,212.8,0.05,0.39,-0.06,0.02,-0.17
btc-updown-15m-1764919800,1764919800,223.5,-0.03,0.365,0.05,-0.01,-0.04
btc-updown-15m-1764919800,1764919800,245.1,0.03,0.375,-0.01,-0.11,0.01
btc-updown-15m-1764919800,1764919800,255.1,0.05,0.425,-0.07,-0.195,-0.105
btc-updown-15m-1764919800,1764919800,270.7,-0.03,0.41,-0.11,-0.18,-0.055
btc-updown-15m-1764919800,1764919800,280.7,-0.045,0.36,-0.145,-0.025,-0.015
btc-updown-15m-1764919800,1764919800,291,-0.035,0.325,-0.1,0.015,0.12
btc-updown-15m-1764919800,1764919800,301.3,-0.03,0.285,-0.065,0.08,0.11
btc-updown-15m-1764919800,1764919800,311.3,-0.07,0.215,0.125,0.1,0.13
btc-updown-15m-1764919800,1764919800,337.5,0.03,0.26,0.125,0.1,0.045
btc-updown-15m-1764919800,1764919800,347.5,0.075,0.335,-0.015,0.08,0
btc-updown-15m-1764919800,1764919800,363.3,0.035,0.36,0.005,0.015,-0.045
btc-updown-15m-1764919800,1764919800,373.4,-0.035,0.325,0.01,0.025,0.05
btc-updown-15m-1764919800,1764919800,385.1,0.035,0.355,0.095,0.04,0.02
btc-updown-15m-1764919800,1764919800,402.8,-0.035,0.335,0.025,0,0.015
btc-updown-15m-1764919800,1764919800,412.8,0.11,0.445,-0.02,-0.12,-0.07
btc-updown-15m-1764919800,1764919800,422.8,-0.07,0.375,-0.06,-0.06,0.065
btc-updown-15m-1764919800,1764919800,436.9,0.03,0.375,-0.03,0,0.085
btc-updown-15m-1764919800,1764919800,446.9,-0.05,0.325,0.005,0.045,0.105
btc-updown-15m-1764919800,1764919800,464.2,0.03,0.335,0.06,0.03,0.01
btc-updown-15m-1764919800,1764919800,480.3,-0.03,0.305,0.07,0.08,-0.135
btc-updown-15m-1764919800,1764919800,490.3,0.05,0.355,-0.02,0.11,-0.255
btc-updown-15m-1764919800,1764919800,504.3,-0.03,0.365,0,0.085,-0.25
btc-updown-15m-1764919800,1764919800,516.5,-0.03,0.345,0.12,0.055,-0.26
btc-updown-15m-1764919800,1764919800,526.5,0.03,0.375,0.08,-0.05,-0.29
btc-updown-15m-1764919800,1764919800,541.1,0.03,0.395,0,-0.22,-0.34
btc-updown-15m-1764919800,1764919800,551.2,0.065,0.46,-0.095,-0.365,-0.445
btc-updown-15m-1764919800,1764919800,565.8,-0.03,0.435,-0.21,-0.325,-0.42
btc-updown-15m-1764919800,1764919800,576.1,-0.035,0.395,-0.29,-0.32,-0.38
btc-updown-15m-1764919800,1764919800,586.1,-0.065,0.33,-0.215,-0.245,-0.315
btc-updown-15m-1764919800,1764919800,596.1,-0.095,0.235,-0.13,-0.18,-0.22
btc-updown-15m-1764919800,1764919800,606.2,-0.13,0.105,-0.03,-0.08,-0.09
btc-updown-15m-1764919800,1764919800,619.3,0.03,0.125,-0.06,-0.11,-0.11
btc-updown-15m-1764919800,1764919800,629.3,-0.05,0.075,-0.03,-0.06,-0.06
btc-updown-15m-1764919800,1764919800,640.8,-0.03,0.065,-0.04,-0.05,-0.05
btc-updown-15m-1764919800,1764919800,652.5,-0.03,0.055,-0.04,-0.04,-0.04
btc-updown-15m-1764919800,1764919800,663.5,-0.03,0.025,-0.01,-0.01,-0.01
btc-updown-15m-1764930600,1764930600,3.6,-0.03,0.475,-0.115,-0.15,-0.11
btc-updown-15m-1764930600,1764930600,21.1,-0.03,0.375,-0.06,-0.04,0.005
btc-updown-15m-1764930600,1764930600,35.4,-0.03,0.345,-0.02,-0.05,-0.05
btc-updown-15m-1764930600,1764930600,48.9,0.035,0.365,-0.03,0.01,-0.03
btc-updown-15m-1764930600,1764930600,86,0.035,0.345,-0.005,0.035,-0.05
btc-updown-15m-1764930600,1764930600,96,-0.05,0.295,0.08,0,0.035
btc-updown-15m-1764930600,1764930600,106.1,0.08,0.375,0.005,-0.05,-0.035
btc-updown-15m-1764930600,1764930600,116.3,-0.035,0.34,0.04,0.005,0.005
btc-updown-15m-1764930600,1764930600,126.4,0.035,0.375,-0.08,-0.01,-0.03
btc-updown-15m-1764930600,1764930600,148.4,-0.03,0.355,-0.01,-0.06,0.11
btc-updown-15m-1764930600,1764930600,158.4,-0.07,0.285,0.08,0.05,0.285
btc-updown-15m-1764930600,1764930600,168.5,0.045,0.33,-0.025,0.005,0.165
btc-updown-15m-1764930600,1764930600,198.2,-0.035,0.33,0.005,0.095,0.295
btc-updown-15m-1764930600,1764930600,209.6,0.03,0.335,0,0.21,0.305
btc-updown-15m-1764930600,1764930600,254.2,0.03,0.375,0.215,0.23,0.025
btc-updown-15m-1764930600,1764930600,264.2,0.07,0.445,0.11,0.19,-0.04
btc-updown-15m-1764930600,1764930600,274.2,0.1,0.545,-0.01,0.115,-0.13
btc-updown-15m-1764930600,1764930600,284.3,0.045,0.59,0.015,-0.18,-0.14
btc-updown-15m-1764930600,1764930600,294.4,-0.035,0.555,0.08,-0.13,-0.05
btc-updown-15m-1764930600,1764930600,304.5,-0.03,0.525,0.14,-0.14,-0.015
btc-updown-15m-1764930600,1764930600,314.6,0.075,0.6,-0.195,-0.225,-0.065
btc-updown-15m-1764930600,1764930600,324.8,0.035,0.635,-0.21,-0.21,-0.195
btc-updown-15m-1764930600,1764930600,334.9,0.03,0.665,-0.28,-0.24,-0.225
btc-updown-15m-1764930600,1764930600,344.9,-0.255,0.41,-0.045,0.035,-0.075
btc-updown-15m-1764930600,1764930600,362.3,-0.035,0.375,0.05,0.125,-0.02
btc-updown-15m-1764930600,1764930600,372.4,0.035,0.41,0.035,0.12,0.025
btc-updown-15m-1764930600,1764930600,384.5,0.035,0.42,0.085,0.025,-0.105
btc-updown-15m-1764930600,1764930600,403,0.03,0.445,0.09,-0.11,-0.01
btc-updown-15m-1764930600,1764930600,413.1,0.045,0.49,-0.045,-0.14,-0.165
btc-updown-15m-1764930600,1764930600,425.5,0.03,0.53,-0.085,-0.175,-0.185
btc-updown-15m-1764930600,1764930600,435.5,-0.035,0.5,-0.175,-0.105,-0.12
btc-updown-15m-1764930600,1764930600,445.6,-0.05,0.445,-0.095,-0.11,-0.08
btc-updown-15m-1764930600,1764930600,456.8,-0.03,0.415,-0.03,0.01,0.025
btc-updown-15m-1764930600,1764930600,467,-0.07,0.345,0.055,0.045,0.2
btc-updown-15m-1764930600,1764930600,486.4,0.03,0.38,0.045,-0.025,0.14
btc-updown-15m-1764930600,1764930600,498.9,-0.035,0.385,-0.03,-0.005,0.21
btc-updown-15m-1764930600,1764930600,508.9,-0.03,0.355,-0.01,0.09,0.235
btc-updown-15m-1764930600,1764930600,518.9,0.08,0.435,-0.09,0.08,-0.02
btc-updown-15m-1764930600,1764930600,529,-0.08,0.355,0.025,0.19,0.07
btc-updown-15m-1764930600,1764930600,539.9,0.035,0.35,0.095,0.165,0.095
btc-updown-15m-1764930600,1764930600,553.4,0.03,0.385,0.14,0.205,0.1
btc-updown-15m-1764930600,1764930600,566.5,0.035,0.415,0.11,0.17,0.17
btc-updown-15m-1764930600,1764930600,576.8,0.03,0.45,0.07,-0.005,0.195
btc-updown-15m-1764930600,1764930600,587,0.095,0.545,0.055,-0.11,0.2
btc-updown-15m-1764930600,1764930600,599.1,-0.03,0.515,0.075,-0.085,0.36
btc-updown-15m-1764930600,1764930600,609.1,0.03,0.545,-0.13,-0.07,0.27
btc-updown-15m-1764930600,1764930600,619.1,0.06,0.605,-0.18,-0.165,0.245
btc-updown-15m-1764930600,1764930600,630.2,-0.03,0.575,-0.11,0.01,0.29
btc-updown-15m-1764930600,1764930600,640.2,-0.18,0.395,0.08,0.27,0.52
btc-updown-15m-1764930600,1764930600,650.8,0.035,0.43,0.015,0.34,0.515
btc-updown-15m-1764930600,1764930600,660.8,0.035,0.465,0.115,0.41,0.34
btc-updown-15m-1764930600,1764930600,672.5,-0.035,0.48,0.175,0.345,0.325
btc-updown-15m-1764930600,1764930600,683.2,0.03,0.515,0.305,0.325,0.395
btc-updown-15m-1764930600,1764930600,693.2,0.085,0.605,0.21,0.29,0.355
btc-updown-15m-1764930600,1764930600,703.2,0.085,0.69,0.135,0.24,0.29
btc-updown-15m-1764930600,1764930600,713.2,0.13,0.82,0.02,0.06,0.165
btc-updown-15m-1764930600,1764930600,723.4,-0.03,0.815,0.08,0.005,0.17
btc-updown-15m-1764930600,1764930600,736.5,0.035,0.84,0.095,-0.01,0.145
btc-updown-15m-1764930600,1764930600,747.2,0.03,0.865,0.01,0.105,0.12
btc-updown-15m-1764930600,1764930600,757.3,0.05,0.915,-0.05,0.04,0.07
btc-updown-15m-1764930600,1764930600,767.3,-0.03,0.885,-0.04,0.105,0.1
btc-updown-15m-1764930600,1764930600,777.7,-0.035,0.855,0.12,0.13,0.13
btc-updown-15m-1764930600,1764930600,788.1,0.035,0.87,0.105,0.115,
btc-updown-15m-1764930600,1764930600,800.4,0.03,0.88,0.11,0.105,
btc-updown-15m-1764930600,1764930600,810.4,0.08,0.96,0.025,0.025,
btc-updown-15m-1764930600,1764930600,821.9,0.035,0.975,0.01,0.01,
btc-updown-15m-1764941400,1764941400,4.3,0.035,0.57,-0.065,-0.005,-0.155
btc-updown-15m-1764941400,1764941400,17.2,0.03,0.55,-0.045,-0.03,-0.185
btc-updown-15m-1764941400,1764941400,28.3,0.03,0.555,-0.03,-0.04,-0.16
btc-updown-15m-1764941400,1764941400,38.3,-0.03,0.525,0.06,-0.065,-0.17
btc-updown-15m-1764941400,1764941400,48.8,0.03,0.545,0,-0.09,-0.13
btc-updown-15m-1764941400,1764941400,61.3,-0.03,0.525,-0.05,-0.1,-0.19
btc-updown-15m-1764941400,1764941400,71.4,0.05,0.575,-0.15,-0.17,-0.23
btc-updown-15m-1764941400,1764941400,81.4,-0.07,0.505,-0.06,-0.15,-0.17
btc-updown-15m-1764941400,1764941400,91.4,-0.03,0.475,-0.05,-0.06,-0.07
btc-updown-15m-1764941400,1764941400,101.4,-0.05,0.425,-0.02,-0.03,0.16
btc-updown-15m-1764941400,1764941400,114.4,0.03,0.465,-0.09,-0.095,0.105
btc-updown-15m-1764941400,1764941400,124.4,-0.06,0.405,-0.01,-0.13,0.22
btc-updown-15m-1764941400,1764941400,138.8,-0.03,0.37,0.04,-0.015,0.285
btc-updown-15m-1764941400,1764941400,148.9,0.03,0.395,-0.015,0.005,0.3
btc-updown-15m-1764941400,1764941400,158.9,-0.035,0.36,-0.025,0.185,0.335
btc-updown-15m-1764941400,1764941400,168.9,0.05,0.41,-0.055,0.115,0.285
btc-updown-15m-1764941400,1764941400,178.9,-0.035,0.38,0.02,0.205,0.305
btc-updown-15m-1764941400,1764941400,189,-0.045,0.335,0.21,0.325,0.29
btc-updown-15m-1764941400,1764941400,206.6,0.03,0.385,0.18,0.29,0.245
btc-updown-15m-1764941400,1764941400,216.6,0.1,0.485,0.18,0.2,0.13
btc-updown-15m-1764941400,1764941400,226.8,0.035,0.52,0.14,0.185,0.005
btc-updown-15m-1764941400,1764941400,236.8,0.045,0.565,0.115,0.125,-0.065
btc-updown-15m-1764941400,1764941400,246.9,0.11,0.665,0.01,-0.075,-0.18
btc-updown-15m-1764941400,1764941400,261.5,0.03,0.655,0.055,-0.06,-0.13
btc-updown-15m-1764941400,1764941400,271.5,0.03,0.685,-0.05,-0.11,-0.21
btc-updown-15m-1764941400,1764941400,285.6,0.035,0.71,-0.115,-0.135,-0.105
btc-updown-15m-1764941400,1764941400,297.3,-0.035,0.685,-0.05,-0.18,-0.1
btc-updown-15m-1764941400,1764941400,307.3,-0.09,0.595,0.03,-0.11,-0.01
btc-updown-15m-1764941400,1764941400,317.3,-0.03,0.565,-0.05,-0.07,0
btc-updown-15m-1764941400,1764941400,327.3,0.07,0.635,-0.13,-0.08,-0.145
btc-updown-15m-1764941400,1764941400,337.8,-0.03,0.605,-0.12,-0.025,-0.08
btc-updown-15m-1764941400,1764941400,347.9,-0.08,0.525,-0.03,0.08,0.02
btc-updown-15m-1764941400,1764941400,357.9,-0.035,0.49,0.06,0.095,0.085
btc-updown-15m-1764941400,1764941400,370.6,0.03,0.505,0.09,0.02,0.09
btc-updown-15m-1764941400,1764941400,384.3,0.03,0.545,0.05,-0.04,-0.03
btc-updown-15m-1764941400,1764941400,394.3,-0.04,0.505,0.055,0.015,0.04
btc-updown-15m-1764941400,1764941400,404.3,0.11,0.615,-0.06,-0.07,-0.1
btc-updown-15m-1764941400,1764941400,416.3,-0.03,0.585,-0.09,-0.02,-0.09
btc-updown-15m-1764941400,1764941400,428.3,-0.035,0.545,-0.02,0.12,-0.08
btc-updown-15m-1764941400,1764941400,441.1,-0.03,0.515,0.05,0.03,-0.18
btc-updown-15m-1764941400,1764941400,456.2,0.03,0.525,0.18,0.005,-0.325
btc-updown-15m-1764941400,1764941400,468.3,0.03,0.555,-0.01,-0.05,-0.38
btc-updown-15m-1764941400,1764941400,481.5,0.03,0.595,-0.09,-0.16,-0.495
btc-updown-15m-1764941400,1764941400,492.9,-0.04,0.595,-0.08,-0.19,-0.48
btc-updown-15m-1764941400,1764941400,502.9,-0.04,0.555,-0.07,-0.26,-0.49
btc-updown-15m-1764941400,1764941400,513,-0.03,0.525,-0.08,-0.3,-0.46
btc-updown-15m-1764941400,1764941400,523.9,-0.03,0.515,-0.13,-0.34,-0.47
btc-updown-15m-1764941400,1764941400,534.1,-0.03,0.485,-0.21,-0.355,-0.43
btc-updown-15m-1764941400,1764941400,548.8,-0.035,0.44,-0.245,-0.345,-0.4
btc-updown-15m-1764941400,1764941400,558.8,-0.075,0.365,-0.21,-0.275,-0.345
btc-updown-15m-1764941400,1764941400,568.8,-0.1,0.265,-0.15,-0.18,-0.25
btc-updown-15m-1764941400,1764941400,578.8,-0.07,0.195,-0.1,-0.13,-0.18
btc-updown-15m-1764941400,1764941400,588.8,-0.04,0.155,-0.065,-0.095,-0.14
btc-updown-15m-1764941400,1764941400,598.9,-0.04,0.115,-0.03,-0.06,-0.1
btc-updown-15m-1764941400,1764941400,610.2,-0.03,0.095,-0.045,-0.07,-0.08
btc-updown-15m-1764941400,1764941400,620.9,-0.03,0.065,0,-0.055,-0.05
btc-updown-15m-1764941400,1764941400,633.9,-0.03,0.065,-0.02,-0.05,-0.05
btc-updown-15m-1764941400,1764941400,643.9,-0.03,0.045,-0.025,-0.03,-0.03
btc-updown-15m-1764941400,1764941400,660.9,-0.03,0.035,-0.02,-0.02,-0.02
btc-updown-15m-1764941400,1764941400,672.6,-0.03,0.015,0,0,0
btc-updown-15m-1764952200,1764952200,1.8,-0.035,0.52,-0.045,-0.015,-0.12
btc-updown-15m-1764952200,1764952200,13.2,-0.03,0.485,0.03,0.045,-0.13
btc-updown-15m-1764952200,1764952200,35,-0.035,0.445,0.05,-0.035,-0.165
btc-updown-15m-1764952200,1764952200,45.1,0.095,0.54,-0.045,-0.11,-0.295
btc-updown-15m-1764952200,1764952200,56.7,-0.035,0.55,-0.105,-0.145,-0.295
btc-updown-15m-1764952200,1764952200,66.7,-0.04,0.515,-0.095,-0.14,-0.26
btc-updown-15m-1764952200,1764952200,76.8,-0.065,0.45,-0.035,-0.115,-0.175
btc-updown-15m-1764952200,1764952200,93.1,-0.035,0.44,-0.045,-0.125,-0.025
btc-updown-15m-1764952200,1764952200,105.6,0.03,0.44,-0.095,-0.205,-0.075
btc-updown-15m-1764952200,1764952200,115.6,-0.035,0.405,-0.06,-0.155,-0.09
btc-updown-15m-1764952200,1764952200,125.7,-0.03,0.375,-0.1,-0.115,-0.07
btc-updown-15m-1764952200,1764952200,135.7,-0.03,0.345,-0.11,-0.07,-0.08
btc-updown-15m-1764952200,1764952200,147.5,0.035,0.35,-0.1,0.095,-0.095
btc-updown-15m-1764952200,1764952200,157.5,-0.105,0.245,0.015,0.155,-0.06
btc-updown-15m-1764952200,1764952200,170.5,0.03,0.265,0.08,0.08,-0.055
btc-updown-15m-1764952200,1764952200,180.5,-0.04,0.225,0.19,0.14,0
btc-updown-15m-1764952200,1764952200,190.5,0.045,0.27,0.115,0.045,0.085
btc-updown-15m-1764952200,1764952200,200.5,0.075,0.345,0,-0.06,-0.02
btc-updown-15m-1764952200,1764952200,210.6,0.07,0.415,-0.05,-0.2,-0.055
btc-updown-15m-1764952200,1764952200,220.6,-0.035,0.38,-0.08,-0.195,-0.055
btc-updown-15m-1764952200,1764952200,230.6,-0.035,0.345,-0.06,-0.135,-0.02
btc-updown-15m-1764952200,1764952200,247.2,-0.03,0.305,-0.12,0.02,-0.03
btc-updown-15m-1764952200,1764952200,257.2,-0.04,0.265,-0.055,0.08,-0.01
btc-updown-15m-1764952200,1764952200,268.1,-0.03,0.235,-0.01,0.11,-0.01
btc-updown-15m-1764952200,1764952200,278.1,-0.055,0.18,0.12,0.15,0.025
btc-updown-15m-1764952200,1764952200,290.7,0.03,0.215,0.11,0.11,-0.035
btc-updown-15m-1764952200,1764952200,301.4,0.03,0.245,0.1,0.1,-0.1
btc-updown-15m-1764952200,1764952200,311.5,0.09,0.335,-0.015,-0.08,-0.19
btc-updown-15m-1764952200,1764952200,322.4,-0.03,0.305,0.02,-0.06,-0.165
btc-updown-15m-1764952200,1764952200,332.4,0.04,0.345,-0.035,-0.13,-0.215
btc-updown-15m-1764952200,1764952200,342.5,-0.035,0.31,-0.055,-0.115,-0.16
btc-updown-15m-1764952200,1764952200,352.6,0.03,0.335,-0.09,-0.175,-0.18
btc-updown-15m-1764952200,1764952200,363,-0.03,0.305,-0.09,-0.16,-0.17
btc-updown-15m-1764952200,1764952200,373.1,-0.05,0.255,-0.06,-0.12,-0.14
btc-updown-15m-1764952200,1764952200,385.4,-0.03,0.235,-0.08,-0.09,-0.11
btc-updown-15m-1764952200,1764952200,400.8,-0.03,0.175,-0.035,-0.015,-0.07
btc-updown-15m-1764952200,1764952200,411.8,-0.03,0.165,-0.03,-0.015,-0.07
btc-updown-15m-1764952200,1764952200,427.9,-0.03,0.125,0.02,0.01,-0.045
btc-updown-15m-1764952200,1764952200,461,0.03,0.16,-0.025,-0.055,-0.13
btc-updown-15m-1764952200,1764952200,478.4,-0.03,0.135,-0.01,-0.045,-0.1
btc-updown-15m-1764952200,1764952200,497.5,-0.03,0.105,0.01,-0.07,-0.09
btc-updown-15m-1764952200,1764952200,521.8,-0.03,0.105,-0.04,-0.07,-0.09
btc-updown-15m-1764952200,1764952200,538.5,-0.03,0.085,-0.05,-0.05,-0.075
btc-updown-15m-1764952200,1764952200,550.7,-0.03,0.065,-0.04,-0.05,-0.055
btc-updown-15m-1764952200,1764952200,560.9,-0.03,0.035,0.02,-0.02,-0.025
btc-updown-15m-1764952200,1764952200,572.6,0.03,0.045,-0.02,-0.03,-0.035
btc-updown-15m-1764952200,1764952200,587.3,0.03,0.065,-0.05,-0.05,-0.055
btc-updown-15m-1764952200,1764952200,597.3,-0.03,0.035,-0.02,-0.025,-0.025
btc-updown-15m-1764962100,1764962100,4.2,0.03,0.525,0.12,0.13,-0.1
btc-updown-15m-1764962100,1764962100,14.2,0.105,0.63,0.055,-0.08,-0.185
btc-updown-15m-1764962100,1764962100,25.5,-0.03,0.615,0.06,-0.13,-0.075
btc-updown-15m-1764962100,1764962100,35.6,0.06,0.675,-0.04,-0.23,-0.13
btc-updown-15m-1764962100,1764962100,49.3,0.035,0.695,-0.2,-0.345,-0.08
btc-updown-15m-1764962100,1764962100,61.3,-0.035,0.66,-0.18,-0.205,0.045
btc-updown-15m-1764962100,1764962100,71.3,-0.075,0.585,-0.16,-0.06,0.1
btc-updown-15m-1764962100,1764962100,81.3,-0.08,0.505,-0.14,0.005,0.22
btc-updown-15m-1764962100,1764962100,91.4,-0.03,0.48,-0.03,0.025,0.265
btc-updown-15m-1764962100,1764962100,101.5,-0.06,0.425,0.1,0.165,0.36
btc-updown-15m-1764962100,1764962100,111.5,-0.065,0.36,0.155,0.245,0.405
btc-updown-15m-1764962100,1764962100,121.5,0.09,0.45,0.045,0.255,0.335
btc-updown-15m-1764962100,1764962100,131.5,0.075,0.525,0.065,0.16,0.255
btc-updown-15m-1764962100,1764962100,142.1,0.04,0.525,0.08,0.21,0.23
btc-updown-15m-1764962100,1764962100,152.1,-0.04,0.485,0.22,0.265,0.3
btc-updown-15m-1764962100,1764962100,162.1,0.1,0.585,0.1,0.21,0.24
btc-updown-15m-1764962100,1764962100,174.2,0.03,0.625,0.12,0.14,0.19
btc-updown-15m-1764962100,1764962100,184.2,0.095,0.72,0.05,0.055,0.105
btc-updown-15m-1764962100,1764962100,194.2,-0.06,0.66,0.125,0.12,0.205
btc-updown-15m-1764962100,1764962100,204.2,0.09,0.745,0.02,0.02,0.07
btc-updown-15m-1764962100,1764962100,214.3,0.03,0.775,0,0.02,0.07
btc-updown-15m-1764962100,1764962100,232.9,-0.03,0.76,-0.005,0.055,0.125
btc-updown-15m-1764962100,1764962100,262,-0.03,0.755,0.06,0.05,0.18
btc-updown-15m-1764962100,1764962100,272.2,0.03,0.785,0.035,0.035,0.13
btc-updown-15m-1764962100,1764962100,282.2,0.04,0.825,0.035,0.015,0.1
btc-updown-15m-1764962100,1764962100,300.4,-0.035,0.79,0.03,0.1,0.135
btc-updown-15m-1764962100,1764962100,310.4,0.065,0.855,-0.025,0.06,0.1
btc-updown-15m-1764962100,1764962100,321.3,-0.03,0.825,0.075,0.1,0.125
btc-updown-15m-1764962100,1764962100,334,0.03,0.845,0.055,0.075,0.07
btc-updown-15m-1764962100,1764962100,345.6,0.03,0.855,0.06,0.075,0.025
btc-updown-15m-1764962100,1764962100,355.6,0.04,0.895,0.015,0.015,-0.01
btc-updown-15m-1764962100,1764962100,415,-0.03,0.905,0.03,-0.01,-0.05
btc-updown-15m-1764962100,1764962100,425,0.045,0.95,-0.035,-0.075,-0.065
btc-updown-15m-1764962100,1764962100,455.8,-0.05,0.915,-0.06,-0.05,0.03
btc-updown-15m-1764962100,1764962100,465.8,-0.04,0.875,-0.04,-0.005,0.08
btc-updown-15m-1764962100,1764962100,479.8,0.03,0.905,-0.04,-0.03,0.05
btc-updown-15m-1764962100,1764962100,489.8,-0.09,0.815,0.05,0.055,0.12
btc-updown-15m-1764962100,1764962100,508.4,0.03,0.865,0.01,0.06,0.1
btc-updown-15m-1764962100,1764962100,522.7,0.03,0.875,0.01,0.08,0.1
btc-updown-15m-1764962100,1764962100,544.6,0.03,0.885,0.06,0.07,0.1
btc-updown-15m-1764962100,1764962100,555.6,0.04,0.905,0.05,0.03,0.08
btc-updown-15m-1764962100,1764962100,566.3,0.03,0.925,0.03,0.03,0.06
btc-updown-15m-1764972900,1764972900,1.1,-0.03,0.52,0.205,0.315,0.31
btc-updown-15m-1764972900,1764972900,11.1,0.17,0.685,0.1,0.14,0.165
btc-updown-15m-1764972900,1764972900,24,0.035,0.715,0.105,0.06,0.08
btc-updown-15m-1764972900,1764972900,36.2,0.03,0.76,0.075,0,0.05
btc-updown-15m-1764972900,1764972900,46.3,0.03,0.795,0.035,-0.01,0
btc-updown-15m-1764972900,1764972900,83.9,-0.04,0.785,0.03,0.01,0.09
btc-updown-15m-1764972900,1764972900,107.5,0.03,0.79,-0.015,0.005,0.095
btc-updown-15m-1764972900,1764972900,117.6,0.035,0.83,-0.035,-0.015,0.075
btc-updown-15m-1764972900,1764972900,129.9,0.03,0.855,-0.04,-0.06,0.04
btc-updown-15m-1764972900,1764972900,140,-0.07,0.785,0.01,0.07,0.105
btc-updown-15m-1764972900,1764972900,150.4,0.03,0.795,0.01,0.08,0.095
btc-updown-15m-1764972900,1764972900,193.2,0.035,0.825,0.06,0.07,0.1
btc-updown-15m-1764972900,1764972900,203.2,0.06,0.885,0.02,0,0.04
btc-updown-15m-1764972900,1764972900,223.5,0.03,0.895,0,0.02,0.01
btc-updown-15m-1764972900,1764972900,238.1,0.03,0.915,-0.03,0.005,0.02
btc-updown-15m-1764972900,1764972900,281.9,0.03,0.915,0.01,-0.01,0.04
btc-updown-15m-1764972900,1764972900,353.5,0.03,0.935,0.01,0.02,0.01
btc-updown-15m-1764983700,1764983700,11.2,0.04,0.555,-0.04,0.07,0.16
btc-updown-15m-1764983700,1764983700,39.9,-0.035,0.53,0.055,0.175,0.135
btc-updown-15m-1764983700,1764983700,51.2,0.03,0.545,0.15,0.185,0.13
btc-updown-15m-1764983700,1764983700,69.1,0.035,0.57,0.135,0.135,0.11
btc-updown-15m-1764983700,1764983700,79.1,0.115,0.685,0.045,0.03,0.065
btc-updown-15m-1764983700,1764983700,103.3,0.03,0.735,-0.03,-0.07,0.02
btc-updown-15m-1764983700,1764983700,119.3,-0.03,0.705,-0.025,-0.02,0.06
btc-updown-15m-1764983700,1764983700,146,-0.035,0.675,-0.005,0.08,0.05
btc-updown-15m-1764983700,1764983700,194.9,0.04,0.725,0.03,-0.03,-0.03
btc-updown-15m-1764983700,1764983700,204.9,0.03,0.755,0.01,-0.05,-0.045
btc-updown-15m-1764983700,1764983700,246.6,-0.03,0.735,-0.01,-0.04,-0.13
btc-updown-15m-1764983700,1764983700,256.7,-0.04,0.695,0.05,0,-0.08
btc-updown-15m-1764983700,1764983700,266.7,0.03,0.725,-0.03,-0.015,-0.07
btc-updown-15m-1764983700,1764983700,283.1,0.03,0.745,-0.055,-0.04,0.07
btc-updown-15m-1764983700,1764983700,294.7,-0.03,0.715,-0.005,0,0.16
btc-updown-15m-1764983700,1764983700,310.8,0.04,0.695,0.015,-0.09,0.12
btc-updown-15m-1764983700,1764983700,355.4,-0.035,0.68,-0.025,0.195,0.245
btc-updown-15m-1764983700,1764983700,365.8,-0.03,0.615,0.125,0.225,0.315
btc-updown-15m-1764983700,1764983700,379.2,0.03,0.635,0.24,0.185,0.29
btc-updown-15m-1764983700,1764983700,389.3,0.09,0.725,0.15,0.12,0.21
btc-updown-15m-1764983700,1764983700,399.3,0.08,0.805,0.01,0.07,0.05
btc-updown-15m-1764983700,1764983700,409.3,0.07,0.875,-0.055,0.03,-0.14
btc-updown-15m-1764983700,1764983700,425.6,-0.03,0.845,0.02,0.085,-0.08
btc-updown-15m-1764983700,1764983700,443.7,0.03,0.845,0.08,0.09,-0.02
btc-updown-15m-1764983700,1764983700,458.8,0.03,0.875,0.05,0.04,-0.02
btc-updown-15m-1764983700,1764983700,468.9,0.035,0.905,0.02,-0.16,-0.06
btc-updown-15m-1764983700,1764983700,518.9,-0.03,0.905,-0.09,-0.05,-0.12
btc-updown-15m-1764983700,1764983700,529,-0.115,0.745,0.095,0.1,0.03
btc-updown-15m-1764983700,1764983700,540.2,0.03,0.755,0.07,0.1,0.02
btc-updown-15m-1764983700,1764983700,550.2,0.065,0.82,0.035,0.065,-0.07
btc-updown-15m-1764983700,1764983700,564.9,-0.035,0.815,0.03,0.075,-0.16
btc-updown-15m-1764983700,1764983700,575.1,0.03,0.845,0.04,-0.015,-0.51
btc-updown-15m-1764983700,1764983700,602.1,0.03,0.875,0,-0.1,-0.6
btc-updown-15m-1764983700,1764983700,633.5,-0.03,0.86,-0.075,-0.455,-0.115
btc-updown-15m-1764983700,1764983700,643.5,-0.115,0.745,0,-0.39,-0.08
btc-updown-15m-1764983700,1764983700,653.6,0.035,0.78,-0.125,-0.44,-0.105
btc-updown-15m-1764983700,1764983700,664.8,0.03,0.805,-0.46,-0.54,0.01
btc-updown-15m-1764983700,1764983700,674.8,-0.07,0.735,-0.41,-0.47,0.08
btc-updown-15m-1764983700,1764983700,684.9,-0.08,0.655,-0.305,-0.23,0.305
btc-updown-15m-1764983700,1764983700,694.9,-0.31,0.345,-0.08,0.36,0.615
btc-updown-15m-1764983700,1764983700,718.9,-0.04,0.31,0.125,0.355,0.67
btc-updown-15m-1764983700,1764983700,738.1,0.035,0.31,0.355,0.505,0.675
btc-updown-15m-1764983700,1764983700,748.1,0.12,0.435,0.23,0.535,0.55
btc-updown-15m-1764983700,1764983700,758.2,0.25,0.685,0.13,0.285,0.3
btc-updown-15m-1764983700,1764983700,780.2,0.035,0.72,0.25,0.255,
btc-updown-15m-1764983700,1764983700,790.3,0.085,0.815,0.15,0.17,
btc-updown-15m-1764983700,1764983700,802.8,0.03,0.845,0.125,0.14,
btc-updown-15m-1764983700,1764983700,812.8,0.125,0.97,0.005,0.015,
btc-updown-15m-1764994500,1764994500,9,-0.03,0.505,0.05,0.115,0.03
btc-updown-15m-1764994500,1764994500,25.8,0.03,0.525,0.07,0.14,0.195
btc-updown-15m-1764994500,1764994500,40.2,0.035,0.575,0.045,-0.04,0.14
btc-updown-15m-1764994500,1764994500,72.1,0.03,0.635,-0.11,-0.01,-0.04
btc-updown-15m-1764994500,1764994500,82.1,0.03,0.665,-0.03,0.05,-0.12
btc-updown-15m-1764994500,1764994500,94.2,-0.03,0.635,-0.03,0.1,-0.07
btc-updown-15m-1764994500,1764994500,104.2,-0.115,0.515,0.14,0.2,0.055
btc-updown-15m-1764994500,1764994500,114.2,0.14,0.655,0.055,0.08,-0.09
btc-updown-15m-1764994500,1764994500,124.3,-0.05,0.605,0.12,0.06,-0.025
btc-updown-15m-1764994500,1764994500,134.3,0.05,0.655,0.06,-0.09,-0.08
btc-updown-15m-1764994500,1764994500,144.3,0.055,0.71,0.025,-0.165,-0.13
btc-updown-15m-1764994500,1764994500,158,-0.03,0.715,-0.11,-0.165,-0.125
btc-updown-15m-1764994500,1764994500,172.6,0.03,0.735,-0.19,-0.16,-0.15
btc-updown-15m-1764994500,1764994500,183.2,-0.03,0.715,-0.15,-0.14,-0.12
btc-updown-15m-1764994500,1764994500,193.2,-0.13,0.585,-0.025,-0.015,0.07
btc-updown-15m-1764994500,1764994500,203.2,-0.05,0.535,0.04,0.055,0.175
btc-updown-15m-1764994500,1764994500,225.1,0.03,0.595,-0.015,-0.02,0.1
btc-updown-15m-1764994500,1764994500,235.1,-0.03,0.565,0.015,0.03,0.1
btc-updown-15m-1764994500,1764994500,268.2,0.03,0.595,0,0.11,-0.07
btc-updown-15m-1764994500,1764994500,281.7,-0.03,0.575,0.08,0.05,-0.03
btc-updown-15m-1764994500,1764994500,304,0.03,0.625,0.085,0.06,0.01
btc-updown-15m-1764994500,1764994500,316.3,0.03,0.675,0.02,-0.09,0.02
btc-updown-15m-1764994500,1764994500,337.7,-0.04,0.665,0.02,-0.13,0
btc-updown-15m-1764994500,1764994500,347.7,0.035,0.7,-0.125,-0.135,-0.005
btc-updown-15m-1764994500,1764994500,358,-0.035,0.665,-0.14,-0.11,0.08
btc-updown-15m-1764994500,1764994500,369.1,0.03,0.685,-0.15,0.02,-0.08
btc-updown-15m-1764994500,1764994500,379.1,-0.095,0.59,-0.025,0.115,-0.055
btc-updown-15m-1764994500,1764994500,389.1,-0.065,0.525,0.03,0.18,0.015
btc-updown-15m-1764994500,1764994500,404.6,0.035,0.57,0.145,0.095,-0.005
btc-updown-15m-1764994500,1764994500,422.5,0.03,0.6,0.105,0.155,0.065
btc-updown-15m-1764994500,1764994500,432.8,0.11,0.715,-0.05,-0.11,-0.115
btc-updown-15m-1764994500,1764994500,456.1,-0.035,0.665,0.06,-0.13,0.04
btc-updown-15m-1764994500,1764994500,473.2,0.04,0.705,-0.19,-0.04,0.095
btc-updown-15m-1764994500,1764994500,483.2,0.035,0.74,-0.21,-0.075,-0.125
btc-updown-15m-1764994500,1764994500,493.2,-0.125,0.615,-0.05,0,0.02
btc-updown-15m-1764994500,1764994500,503.2,-0.1,0.515,0.15,0.19,-0.24
btc-updown-15m-1764994500,1764994500,516.2,0.03,0.535,0.125,0.17,-0.285
btc-updown-15m-1764994500,1764994500,526.2,0.11,0.645,-0.01,0.13,-0.22
btc-updown-15m-1764994500,1764994500,551.9,-0.035,0.63,0.14,0.005,0.02
btc-updown-15m-1764994500,1764994500,562,0.1,0.705,0.1,-0.38,-0.06
btc-updown-15m-1764994500,1764994500,581.4,0.03,0.735,-0.1,-0.4,0.12
btc-updown-15m-1764994500,1764994500,591.9,0.035,0.805,-0.48,-0.34,0.07
btc-updown-15m-1764994500,1764994500,601.9,-0.03,0.775,-0.53,-0.235,0.135
btc-updown-15m-1764994500,1764994500,612.1,-0.14,0.635,-0.275,0.005,0.29
btc-updown-15m-1764994500,1764994500,622.1,-0.315,0.32,0.145,0.325,0.555
btc-updown-15m-1764994500,1764994500,632.1,-0.075,0.245,0.3,0.5,0.695
btc-updown-15m-1764994500,1764994500,642.2,0.115,0.36,0.285,0.495,0.575
btc-updown-15m-1764994500,1764994500,652.2,0.105,0.465,0.18,0.41,0.495
btc-updown-15m-1764994500,1764994500,662.2,0.075,0.54,0.205,0.365,0.415
btc-updown-15m-1764994500,1764994500,672.2,0.105,0.645,0.21,0.28,0.26
btc-updown-15m-1764994500,1764994500,684.3,0.03,0.67,0.205,0.22,0.27
btc-updown-15m-1764994500,1764994500,694.3,0.135,0.805,0.115,0.14,0.17
btc-updown-15m-1764994500,1764994500,704.3,0.05,0.855,0.07,0.1,0.13
btc-updown-15m-1764994500,1764994500,716.5,0.04,0.875,0.015,0.09,0.06
btc-updown-15m-1764994500,1764994500,726.6,0.045,0.92,0.025,0.005,0.055
btc-updown-15m-1764994500,1764994500,736.6,-0.03,0.89,0.075,0.025,0.085
btc-updown-15m-1764994500,1764994500,747.3,0.03,0.905,0.06,0.065,0.08
btc-updown-15m-1764994500,1764994500,757.4,0.035,0.945,-0.025,0.035,0.04
btc-updown-15m-1764994500,1764994500,785.2,-0.035,0.93,0.045,0.04,
btc-updown-15m-1764994500,1764994500,797.9,0.035,0.94,0.045,0.025,
btc-updown-15m-1764994500,1764994500,808.1,0.035,0.97,-0.04,0.015,
btc-updown-15m-1764994500,1764994500,835.8,-0.04,0.935,0.05,0.05,
btc-updown-15m-1764994500,1764994500,845.8,0.04,0.965,0.02,,
btc-updown-15m-1764994500,1764994500,858.8,-0.03,0.945,0.04,,
btc-updown-15m-1764994500,1764994500,869.9,0.03,0.985,0,,
btc-updown-15m-1765004400,1765004400,16.1,0.035,0.49,0.015,0.055,-0.085
btc-updown-15m-1765004400,1765004400,35.4,-0.03,0.475,0.05,0.01,-0.15
btc-updown-15m-1765004400,1765004400,45.6,0.035,0.5,0.055,-0.005,-0.185
btc-updown-15m-1765004400,1765004400,55.7,0.035,0.535,0.02,-0.05,-0.25
btc-updown-15m-1765004400,1765004400,72.7,0.03,0.555,-0.06,-0.08,-0.28
btc-updown-15m-1765004400,1765004400,91.1,-0.03,0.525,-0.035,-0.21,-0.27
btc-updown-15m-1765004400,1765004400,101.1,-0.03,0.505,-0.02,-0.19,-0.12
btc-updown-15m-1765004400,1765004400,123.4,-0.035,0.46,-0.125,-0.175,-0.005
btc-updown-15m-1765004400,1765004400,133.8,-0.03,0.425,-0.11,-0.15,0.07
btc-updown-15m-1765004400,1765004400,148.4,-0.035,0.38,-0.105,-0.125,0
btc-updown-15m-1765004400,1765004400,159.1,-0.035,0.315,-0.03,-0.08,0.07
btc-updown-15m-1765004400,1765004400,169.3,-0.03,0.285,-0.01,0.095,0.14
btc-updown-15m-1765004400,1765004400,211.5,-0.03,0.235,0.23,0.14,0.335
btc-updown-15m-1765004400,1765004400,221.5,0.145,0.38,0.115,-0.005,-0.015
btc-updown-15m-1765004400,1765004400,239.2,0.035,0.42,-0.045,0.13,-0.15
btc-updown-15m-1765004400,1765004400,249.3,0.055,0.49,-0.115,0.07,-0.205
btc-updown-15m-1765004400,1765004400,264.5,-0.035,0.46,0.065,0.11,-0.135
btc-updown-15m-1765004400,1765004400,274.5,-0.07,0.385,0.175,0.06,-0.03
btc-updown-15m-1765004400,1765004400,289.2,0.045,0.42,0.145,-0.155,-0.075
btc-updown-15m-1765004400,1765004400,299.2,0.115,0.54,0.035,-0.27,-0.185
btc-updown-15m-1765004400,1765004400,333.2,-0.035,0.535,-0.26,-0.175,-0.025
btc-updown-15m-1765004400,1765004400,343.2,-0.185,0.35,-0.055,-0.015,0.165
btc-updown-15m-1765004400,1765004400,353.4,-0.08,0.265,0.06,0.085,0.31
btc-updown-15m-1765004400,1765004400,381.1,0.03,0.32,0.03,0.075,0.23
btc-updown-15m-1765004400,1765004400,391.1,0.035,0.36,-0.005,0.165,0.2
btc-updown-15m-1765004400,1765004400,421.9,0.03,0.38,0.125,0.185,0.095
btc-updown-15m-1765004400,1765004400,431.9,0.06,0.445,0.07,0.05,0.05
btc-updown-15m-1765004400,1765004400,441.9,-0.05,0.395,0.185,0.165,0.095
btc-updown-15m-1765004400,1765004400,452,0.11,0.505,0.06,0.06,0
btc-updown-15m-1765004400,1765004400,468.1,0.035,0.56,-0.005,-0.125,0.045
btc-updown-15m-1765004400,1765004400,484.1,-0.035,0.545,0,-0.07,0.07
btc-updown-15m-1765004400,1765004400,494.1,-0.03,0.515,-0.01,-0.025,0.04
btc-updown-15m-1765004400,1765004400,504.1,0.05,0.565,-0.12,-0.085,-0.02
btc-updown-15m-1765004400,1765004400,521.8,-0.035,0.53,-0.045,0.08,-0.115
btc-updown-15m-1765004400,1765004400,531.8,-0.08,0.445,0.045,0.17,-0.07
btc-updown-15m-1765004400,1765004400,543.6,0.035,0.475,0.03,0.14,-0.17
btc-updown-15m-1765004400,1765004400,574.6,0.03,0.51,0.105,0.035,-0.255
btc-updown-15m-1765004400,1765004400,585,0.08,0.605,-0.05,-0.22,-0.35
btc-updown-15m-1765004400,1765004400,610.9,-0.03,0.575,-0.145,-0.29,-0.33
btc-updown-15m-1765004400,1765004400,621.7,-0.04,0.545,-0.16,-0.29,-0.31
btc-updown-15m-1765004400,1765004400,638.7,-0.04,0.505,-0.215,-0.25,-0.275
btc-updown-15m-1765004400,1765004400,648.8,-0.12,0.385,-0.115,-0.13,-0.155
btc-updown-15m-1765004400,1765004400,658.8,-0.03,0.355,-0.1,-0.1,-0.13
btc-updown-15m-1765004400,1765004400,668.8,-0.065,0.29,-0.035,-0.035,-0.065
btc-updown-15m-1765004400,1765004400,678.9,-0.035,0.25,0.005,-0.005,0.255
btc-updown-15m-1765004400,1765004400,776.1,-0.03,0.215,0.28,0.34,-0.17
btc-updown-15m-1765004400,1765004400,789.1,0.035,0.265,0.23,0.545,
btc-updown-15m-1765004400,1765004400,799.2,0.185,0.515,0.04,0.19,
btc-updown-15m-1765004400,1765004400,809.6,-0.035,0.485,0.08,0.01,
btc-updown-15m-1765004400,1765004400,821.4,0.03,0.505,0.32,-0.145,
btc-updown-15m-1765004400,1765004400,831.4,0.055,0.56,0.105,-0.39,
btc-updown-15m-1765004400,1765004400,841.4,0.05,0.6,-0.095,,
btc-updown-15m-1765004400,1765004400,851.4,0.225,0.825,-0.47,,
btc-updown-15m-1765004400,1765004400,861.4,-0.16,0.665,-0.495,,
btc-updown-15m-1765004400,1765004400,871.5,-0.16,0.505,,,
btc-updown-15m-1765004400,1765004400,881.5,-0.15,0.355,,,
btc-updown-15m-1765004400,1765004400,891.5,-0.185,0.17,,,
btc-updown-15m-1765015200,1765015200,6.6,0.03,0.515,0.03,0.095,-0.03
btc-updown-15m-1765015200,1765015200,37.9,0.03,0.555,0.06,0.065,-0.11
btc-updown-15m-1765015200,1765015200,48.8,0.035,0.585,0.02,0.02,-0.18
btc-updown-15m-1765015200,1765015200,89.5,0.03,0.635,-0.03,-0.145,-0.25
btc-updown-15m-1765015200,1765015200,104.4,-0.03,0.605,-0.13,-0.2,-0.27
btc-updown-15m-1765015200,1765015200,124.2,-0.035,0.57,-0.105,-0.17,-0.205
btc-updown-15m-1765015200,1765015200,134.3,-0.095,0.475,-0.07,-0.095,-0.11
btc-updown-15m-1765015200,1765015200,154.9,-0.035,0.455,-0.06,-0.095,-0.075
btc-updown-15m-1765015200,1765015200,165.1,-0.055,0.4,-0.02,-0.05,-0.04
btc-updown-15m-1765015200,1765015200,177.3,0.035,0.435,-0.04,-0.07,-0.125
btc-updown-15m-1765015200,1765015200,187.4,-0.035,0.4,-0.04,-0.035,-0.185
btc-updown-15m-1765015200,1765015200,203.9,0.035,0.415,-0.06,-0.04,-0.255
btc-updown-15m-1765015200,1765015200,213.9,-0.06,0.355,0.01,0.025,-0.19
btc-updown-15m-1765015200,1765015200,285.8,-0.03,0.35,-0.165,-0.205,-0.03
btc-updown-15m-1765015200,1765015200,296.7,-0.035,0.31,-0.145,-0.185,0
btc-updown-15m-1765015200,1765015200,306.8,-0.09,0.215,-0.06,-0.07,0.115
btc-updown-15m-1765015200,1765015200,316.8,-0.04,0.175,-0.04,0.005,0.155
btc-updown-15m-1765015200,1765015200,376.5,0.03,0.175,0.145,0.16,0.155
btc-updown-15m-1765015200,1765015200,386.5,0.15,0.325,-0.015,-0.065,0.04
btc-updown-15m-1765015200,1765015200,412.8,-0.03,0.305,-0.04,-0.05,-0.095
btc-updown-15m-1765015200,1765015200,428.7,0.03,0.335,-0.085,-0.1,-0.17
btc-updown-15m-1765015200,1765015200,438.7,-0.03,0.305,-0.045,0.05,-0.185
btc-updown-15m-1765015200,1765015200,448.7,-0.045,0.26,-0.005,0.105,-0.075
btc-updown-15m-1765015200,1765015200,484.4,-0.03,0.245,0.2,-0.11,0.02
btc-updown-15m-1765015200,1765015200,494.4,0.08,0.33,0.195,-0.185,-0.055
btc-updown-15m-1765015200,1765015200,506.6,0.035,0.365,-0.16,-0.195,-0.08
btc-updown-15m-1765015200,1765015200,516.6,0.08,0.445,-0.31,-0.24,-0.185
btc-updown-15m-1765015200,1765015200,526.6,0.08,0.525,-0.39,-0.32,-0.19
btc-updown-15m-1765015200,1765015200,536.6,-0.32,0.205,-0.035,0.09,0.09
btc-updown-15m-1765015200,1765015200,546.6,-0.06,0.135,0.07,0.13,0.16
btc-updown-15m-1765015200,1765015200,558.4,-0.03,0.12,0.095,0.145,0.205
btc-updown-15m-1765015200,1765015200,568.4,0.065,0.185,0.095,0.09,0.13
btc-updown-15m-1765015200,1765015200,592.2,0.03,0.235,0.035,0.06,0.075
btc-updown-15m-1765015200,1765015200,602.3,0.04,0.275,-0.02,0.02,0.04
btc-updown-15m-1765015200,1765015200,626.8,0.035,0.305,-0.01,0.01,0.115
btc-updown-15m-1765015200,1765015200,636.8,-0.04,0.265,0.03,0.03,0.1
btc-updown-15m-1765015200,1765015200,646.8,0.07,0.335,0,-0.01,0.045
btc-updown-15m-1765015200,1765015200,656.8,-0.04,0.295,0.02,0.005,0.03
btc-updown-15m-1765015200,1765015200,676.1,0.03,0.325,-0.01,-0.05,-0.14
btc-updown-15m-1765015200,1765015200,689.7,-0.03,0.295,0.02,0.095,0.17
btc-updown-15m-1765015200,1765015200,706.6,0.03,0.325,-0.04,0.055,0.125
btc-updown-15m-1765015200,1765015200,729.7,-0.03,0.285,0.07,-0.075,0.12
btc-updown-15m-1765015200,1765015200,741,0.03,0.32,0.065,-0.16,0.125
btc-updown-15m-1765015200,1765015200,751,0.085,0.405,-0.095,0.045,0.09
btc-updown-15m-1765015200,1765015200,761,-0.05,0.355,-0.17,0.075,0.27
btc-updown-15m-1765015200,1765015200,773.2,-0.03,0.345,-0.2,0.095,0.46
btc-updown-15m-1765015200,1765015200,783.2,-0.065,0.28,0.17,0.165,
btc-updown-15m-1765015200,1765015200,793.2,-0.125,0.155,0.29,0.27,
btc-updown-15m-1765015200,1765015200,804.2,0.03,0.19,0.235,0.275,
btc-updown-15m-1765015200,1765015200,814.2,0.26,0.455,-0.02,0.04,
btc-updown-15m-1765015200,1765015200,828.8,0.03,0.46,-0.015,0.265,
btc-updown-15m-1765015200,1765015200,849.4,-0.035,0.405,0.18,,
btc-updown-15m-1765015200,1765015200,859.4,0.045,0.45,0.275,,
btc-updown-15m-1765015200,1765015200,869.5,0.035,0.485,0.505,,
btc-updown-15m-1765015200,1765015200,879.5,0.1,0.585,,,
btc-updown-15m-1765015200,1765015200,889.5,0.145,0.73,,,
btc-updown-15m-1765026000,1765026000,4.4,0.03,0.535,-0.01,0.08,0.02
btc-updown-15m-1765026000,1765026000,31,-0.03,0.525,0.03,0.11,0.1
btc-updown-15m-1765026000,1765026000,62.2,0.03,0.56,0.075,-0.005,0.045
btc-updown-15m-1765026000,1765026000,73.1,-0.03,0.59,0.03,-0.025,0.005
btc-updown-15m-1765026000,1765026000,83.1,0.035,0.625,0,-0.04,-0.01
btc-updown-15m-1765026000,1765026000,98.2,-0.03,0.615,-0.07,-0.005,-0.01
btc-updown-15m-1765026000,1765026000,116,-0.03,0.6,-0.015,0.01,0.01
btc-updown-15m-1765026000,1765026000,126,-0.045,0.55,0.075,0.06,0.135
btc-updown-15m-1765026000,1765026000,148.8,0.03,0.6,0.01,0.11,0.06
btc-updown-15m-1765026000,1765026000,203.5,0.03,0.625,-0.005,0.035,0.115
btc-updown-15m-1765026000,1765026000,215.6,-0.03,0.605,0.11,0.08,0.19
btc-updown-15m-1765026000,1765026000,240.6,0.03,0.645,0.015,0.065,0.175
btc-updown-15m-1765026000,1765026000,250.7,-0.03,0.615,0.1,0.105,0.245
btc-updown-15m-1765026000,1765026000,260.7,0.045,0.66,0.035,0.08,0.195
btc-updown-15m-1765026000,1765026000,276.8,0.035,0.695,0.025,0.1,0.18
btc-updown-15m-1765026000,1765026000,296.4,0.03,0.725,0.01,0.09,0.02
btc-updown-15m-1765026000,1765026000,318.5,0.03,0.735,0.075,0.12,0.05
btc-updown-15m-1765026000,1765026000,332.1,0.04,0.775,0.05,0.085,-0.01
btc-updown-15m-1765026000,1765026000,363,0.03,0.845,0.03,-0.105,-0.2
btc-updown-15m-1765026000,1765026000,398.6,-0.03,0.83,-0.04,-0.085,-0.035
btc-updown-15m-1765026000,1765026000,408.7,-0.115,0.72,0.07,-0.085,0.1
btc-updown-15m-1765026000,1765026000,421.8,0.03,0.745,0.02,-0.1,0.03
btc-updown-15m-1765026000,1765026000,431.9,0.065,0.81,-0.075,-0.14,-0.04
btc-updown-15m-1765026000,1765026000,441.9,-0.045,0.765,-0.155,-0.095,-0.075
btc-updown-15m-1765026000,1765026000,461.9,-0.03,0.735,-0.065,0.07,-0.02
btc-updown-15m-1765026000,1765026000,471.9,-0.125,0.61,0.06,0.225,0.035
btc-updown-15m-1765026000,1765026000,482.2,0.03,0.645,0.035,0.125,0
btc-updown-15m-1765026000,1765026000,493.5,0.035,0.67,0.145,0.095,-0.01
btc-updown-15m-1765026000,1765026000,513.1,0.045,0.72,0.05,-0.005,-0.04
btc-updown-15m-1765026000,1765026000,523.2,0.085,0.81,-0.045,-0.095,-0.125
btc-updown-15m-1765026000,1765026000,534,-0.035,0.79,-0.085,-0.17,-0.145
btc-updown-15m-1765026000,1765026000,545.5,-0.03,0.765,-0.05,-0.12,-0.135
btc-updown-15m-1765026000,1765026000,555.5,-0.03,0.735,-0.02,-0.065,-0.095
btc-updown-15m-1765026000,1765026000,566,-0.035,0.715,-0.1,-0.035,0
btc-updown-15m-1765026000,1765026000,588.7,-0.035,0.68,-0.005,0.005,0.055
btc-updown-15m-1765026000,1765026000,598.7,-0.045,0.63,0.045,-0.005,-0.055
btc-updown-15m-1765026000,1765026000,616.6,0.03,0.675,0.01,-0.015,-0.04
btc-updown-15m-1765026000,1765026000,653.3,-0.035,0.65,0.055,-0.02,0.025
btc-updown-15m-1765026000,1765026000,675.9,0.03,0.65,0.085,-0.025,0.23
btc-updown-15m-1765026000,1765026000,685.9,0.065,0.715,-0.11,-0.075,0.195
btc-updown-15m-1765026000,1765026000,699.9,0.04,0.725,-0.105,-0.085,0.195
btc-updown-15m-1765026000,1765026000,711.5,-0.03,0.695,-0.05,-0.02,0.28
btc-updown-15m-1765026000,1765026000,721.5,-0.1,0.595,0.05,0.11,0.38
btc-updown-15m-1765026000,1765026000,732.3,0.03,0.635,0.01,0.11,0.355
btc-updown-15m-1765026000,1765026000,769.2,0.03,0.665,0.22,0.3,0.325
btc-updown-15m-1765026000,1765026000,781.8,0.035,0.705,0.205,0.27,
btc-updown-15m-1765026000,1765026000,791.8,0.05,0.755,0.17,0.235,
btc-updown-15m-1765026000,1765026000,801.8,0.115,0.87,0.095,0.12,
btc-updown-15m-1765026000,1765026000,812,0.04,0.91,0.065,0.08,
btc-updown-15m-1765026000,1765026000,823.2,0.03,0.935,0.055,0.055,
btc-updown-15m-1765026000,1765026000,833.3,0.035,0.97,0.02,0.02,
btc-updown-15m-1765035900,1765035900,14.7,-0.035,0.46,0.115,0.23,0.11
btc-updown-15m-1765035900,1765035900,34.8,0.035,0.495,0.205,0.17,-0.005
btc-updown-15m-1765035900,1765035900,44.8,0.085,0.58,0.11,0.03,-0.05
btc-updown-15m-1765035900,1765035900,54.8,0.055,0.635,0.03,-0.025,-0.13
btc-updown-15m-1765035900,1765035900,64.8,0.065,0.7,-0.035,-0.175,-0.2
btc-updown-15m-1765035900,1765035900,79.9,-0.035,0.675,-0.07,-0.12,-0.14
btc-updown-15m-1765035900,1765035900,90.1,0.05,0.725,-0.13,-0.23,-0.135
btc-updown-15m-1765035900,1765035900,100.1,-0.12,0.605,-0.06,-0.09,-0.06
btc-updown-15m-1765035900,1765035900,121.6,-0.03,0.585,-0.09,-0.085,0.015
btc-updown-15m-1765035900,1765035900,134.2,0.035,0.575,-0.045,-0.05,0.02
btc-updown-15m-1765035900,1765035900,145.4,-0.035,0.54,-0.03,-0.005,0.105
btc-updown-15m-1765035900,1765035900,155.6,-0.04,0.495,0.005,0.085,0.165
btc-updown-15m-1765035900,1765035900,165.6,0.03,0.525,0.015,0.01,0.145
btc-updown-15m-1765035900,1765035900,186.7,-0.03,0.485,0.095,0.11,0.09
btc-updown-15m-1765035900,1765035900,196.7,0.06,0.545,0,0.075,0.02
btc-updown-15m-1765035900,1765035900,207,0.035,0.58,0.025,0.065,-0.05
btc-updown-15m-1765035900,1765035900,219.1,-0.035,0.555,0.04,0.11,0.03
btc-updown-15m-1765035900,1765035900,229.2,0.04,0.595,0.04,0.06,-0.035
btc-updown-15m-1765035900,1765035900,256.9,0.03,0.625,0.03,-0.06,-0.08
btc-updown-15m-1765035900,1765035900,290.8,-0.03,0.63,-0.08,-0.065,-0.095
btc-updown-15m-1765035900,1765035900,300.8,-0.03,0.6,-0.07,-0.005,-0.06
btc-updown-15m-1765035900,1765035900,315.3,-0.03,0.565,0.03,-0.02,-0.01
btc-updown-15m-1765035900,1765035900,325.5,-0.035,0.53,0.05,0,-0.02
btc-updown-15m-1765035900,1765035900,335.5,0.065,0.595,-0.01,-0.16,-0.15
btc-updown-15m-1765035900,1765035900,350.3,-0.03,0.565,-0.04,-0.03,-0.12
btc-updown-15m-1765035900,1765035900,360.4,0.03,0.595,-0.09,-0.07,-0.13
btc-updown-15m-1765035900,1765035900,370.5,-0.04,0.555,-0.1,0,-0.02
btc-updown-15m-1765035900,1765035900,380.5,-0.03,0.525,0.01,0.02,0
btc-updown-15m-1765035900,1765035900,390.5,-0.03,0.495,0.04,0,0.03
btc-updown-15m-1765035900,1765035900,402.7,0.04,0.485,0.07,-0.035,-0.05
btc-updown-15m-1765035900,1765035900,412.7,0.05,0.535,-0.015,-0.085,-0.06
btc-updown-15m-1765035900,1765035900,424.6,0.03,0.555,-0.11,-0.1,-0.1
btc-updown-15m-1765035900,1765035900,442.7,-0.03,0.525,-0.075,0,-0.03
btc-updown-15m-1765035900,1765035900,452.7,-0.07,0.45,0.005,0.095,0.045
btc-updown-15m-1765035900,1765035900,464.4,0.035,0.48,0.065,-0.025,-0.005
btc-updown-15m-1765035900,1765035900,474.6,-0.04,0.445,0.08,0.04,0.12
btc-updown-15m-1765035900,1765035900,489.7,0.035,0.5,-0.035,0.035,-0.075
btc-updown-15m-1765035900,1765035900,499.8,0.065,0.54,-0.07,-0.045,-0.175
btc-updown-15m-1765035900,1765035900,513.2,0.03,0.555,-0.06,-0.05,-0.22
btc-updown-15m-1765035900,1765035900,523.3,-0.09,0.465,0.06,0.005,-0.135
btc-updown-15m-1765035900,1765035900,542.3,0.03,0.505,-0.01,-0.015,-0.2
btc-updown-15m-1765035900,1765035900,553,0.03,0.535,-0.065,-0.11,-0.225
btc-updown-15m-1765035900,1765035900,563,-0.04,0.495,0.07,-0.145,-0.195
btc-updown-15m-1765035900,1765035900,579.7,-0.035,0.465,-0.04,-0.125,-0.195
btc-updown-15m-1765035900,1765035900,589.7,0.04,0.505,-0.14,-0.195,-0.21
btc-updown-15m-1765035900,1765035900,599.7,0.055,0.56,-0.205,-0.235,-0.315
btc-updown-15m-1765035900,1765035900,609.7,-0.135,0.425,-0.085,-0.11,-0.185
btc-updown-15m-1765035900,1765035900,619.8,-0.06,0.365,-0.055,-0.06,-0.15
btc-updown-15m-1765035900,1765035900,630.7,-0.035,0.335,-0.03,-0.055,-0.1
btc-updown-15m-1765035900,1765035900,641.2,-0.035,0.325,-0.015,-0.05,0.07
btc-updown-15m-1765035900,1765035900,654.4,0.035,0.36,-0.065,-0.115,0.025
btc-updown-15m-1765035900,1765035900,664.5,-0.07,0.295,-0.02,-0.05,0.09
btc-updown-15m-1765035900,1765035900,705.2,0.035,0.31,-0.085,0.075,0.275
btc-updown-15m-1765035900,1765035900,715.4,-0.06,0.245,-0.05,0.14,0.35
btc-updown-15m-1765035900,1765035900,725.4,-0.03,0.215,0.03,0.15,0.29
btc-updown-15m-1765035900,1765035900,736.9,-0.03,0.215,0.18,0.24,-0.15
btc-updown-15m-1765035900,1765035900,751.2,0.03,0.245,0.14,0.225,-0.215
btc-updown-15m-1765035900,1765035900,761.2,0.15,0.395,0.06,0.09,-0.38
btc-updown-15m-1765035900,1765035900,786.2,0.04,0.425,0.045,0.09,
btc-updown-15m-1765035900,1765035900,797.2,0.035,0.46,0.115,-0.395,
btc-updown-15m-1765035900,1765035900,824,0.035,0.495,-0.43,-0.48,
btc-updown-15m-1765035900,1765035900,834,0.095,0.59,-0.545,-0.575,
btc-updown-15m-1765035900,1765035900,844,-0.075,0.515,-0.49,,
btc-updown-15m-1765035900,1765035900,854,-0.45,0.065,-0.05,,
btc-updown-15m-1765035900,1765035900,864.2,-0.03,0.045,-0.03,,
btc-updown-15m-1765035900,1765035900,874.8,-0.03,0.025,,,
btc-updown-15m-1765046700,1765046700,2.1,-0.03,0.495,-0.005,0.015,-0.1
btc-updown-15m-1765046700,1765046700,12.1,-0.09,0.405,0.085,0.03,0.025
btc-updown-15m-1765046700,1765046700,22.2,0.09,0.495,0.035,-0.12,-0.2
btc-updown-15m-1765046700,1765046700,48.2,0.03,0.52,-0.095,-0.115,-0.215
btc-updown-15m-1765046700,1765046700,60.4,-0.03,0.505,-0.115,-0.12,-0.195
btc-updown-15m-1765046700,1765046700,70.4,-0.06,0.445,-0.03,-0.005,-0.15
btc-updown-15m-1765046700,1765046700,80.5,-0.06,0.385,-0.015,-0.07,-0.1
btc-updown-15m-1765046700,1765046700,92.6,0.03,0.395,0.02,-0.085,-0.105
btc-updown-15m-1765046700,1765046700,109.1,-0.035,0.39,-0.035,-0.09,-0.045
btc-updown-15m-1765046700,1765046700,121.8,0.03,0.395,-0.085,-0.09,-0.01
btc-updown-15m-1765046700,1765046700,131.8,0.04,0.435,-0.14,-0.15,-0.13
btc-updown-15m-1765046700,1765046700,141.8,-0.14,0.295,0.02,0,0.025
btc-updown-15m-1765046700,1765046700,153.1,0.03,0.315,-0.01,-0.02,0.03
btc-updown-15m-1765046700,1765046700,194.1,-0.03,0.285,0.04,0.02,0
btc-updown-15m-1765046700,1765046700,220.4,0.03,0.325,-0.015,0.01,-0.02
btc-updown-15m-1765046700,1765046700,231.4,0.04,0.365,-0.04,-0.02,-0.03
btc-updown-15m-1765046700,1765046700,242.4,-0.03,0.375,-0.03,-0.045,-0.06
btc-updown-15m-1765046700,1765046700,252.5,-0.065,0.31,0.025,-0.01,0.035
btc-updown-15m-1765046700,1765046700,304.8,-0.035,0.31,0.015,0.01,-0.005
btc-updown-15m-1765046700,1765046700,314.9,-0.04,0.275,0.06,0.07,-0.12
btc-updown-15m-1765046700,1765046700,328.2,0.03,0.315,0.005,0.13,-0.225
btc-updown-15m-1765046700,1765046700,350.4,0.03,0.335,0.1,0.09,-0.22
btc-updown-15m-1765046700,1765046700,375.1,0.035,0.355,0.07,-0.2,-0.195
btc-updown-15m-1765046700,1765046700,385.1,0.09,0.445,-0.015,-0.365,-0.305
btc-updown-15m-1765046700,1765046700,423.2,-0.035,0.395,-0.29,-0.26,-0.23
btc-updown-15m-1765046700,1765046700,433.2,-0.145,0.25,-0.125,-0.085,-0.115
btc-updown-15m-1765046700,1765046700,443.2,-0.155,0.095,0.025,0.05,0.025
btc-updown-15m-1765046700,1765046700,454.3,0.03,0.085,0.045,0.05,0.035
btc-updown-15m-1765046700,1765046700,464.3,0.04,0.125,0.04,0.03,0.005
btc-updown-15m-1765046700,1765046700,484.6,0.03,0.135,0,0.02,-0.05
btc-updown-15m-1765046700,1765046700,494.6,0.03,0.165,-0.01,-0.035,-0.075
btc-updown-15m-1765046700,1765046700,517.2,0.03,0.165,-0.03,-0.05,0.025
btc-updown-15m-1765046700,1765046700,552.2,-0.03,0.135,-0.005,-0.05,0.17
btc-updown-15m-1765046700,1765046700,603.9,-0.03,0.09,0.095,0.125,0.105
btc-updown-15m-1765046700,1765046700,619.5,0.03,0.115,0.095,0.17,0.095
btc-updown-15m-1765046700,1765046700,629.5,0.06,0.175,0.015,0,0.145
btc-updown-15m-1765046700,1765046700,639.6,0.03,0.205,0.05,-0.035,0.13
btc-updown-15m-1765046700,1765046700,667.3,0.03,0.225,-0.05,0.025,0.16
btc-updown-15m-1765046700,1765046700,677.3,0.11,0.335,-0.165,-0.125,0.045
btc-updown-15m-1765046700,1765046700,687.4,-0.17,0.165,-0.07,0.155,0.32
btc-updown-15m-1765046700,1765046700,703.3,-0.03,0.165,0.055,0.17,0.34
btc-updown-15m-1765046700,1765046700,714.4,0.035,0.19,0.095,0.195,0.23
btc-updown-15m-1765046700,1765046700,724.4,0.04,0.205,0.11,0.15,0.205
btc-updown-15m-1765046700,1765046700,737.3,-0.035,0.21,0.205,0.17,0.155
btc-updown-15m-1765046700,1765046700,747.3,0.11,0.32,0.07,0.165,0.055
btc-updown-15m-1765046700,1765046700,757.7,0.035,0.355,0.04,0.14,0.075
btc-updown-15m-1765046700,1765046700,767.8,0.04,0.395,-0.015,0.11,0.115
btc-updown-15m-1765046700,1765046700,778.8,-0.035,0.375,0.11,0.04,0.375
btc-updown-15m-1765046700,1765046700,790.8,-0.03,0.355,0.145,0.05,
btc-updown-15m-1765046700,1765046700,801.5,0.04,0.375,0.11,0.015,
btc-updown-15m-1765046700,1765046700,811.5,0.12,0.485,-0.08,-0.075,
btc-updown-15m-1765046700,1765046700,833,-0.03,0.47,-0.08,0.125,
btc-updown-15m-1765046700,1765046700,843.2,-0.07,0.405,0.03,,
btc-updown-15m-1765046700,1765046700,854.1,-0.035,0.375,0.1,,
btc-updown-15m-1765046700,1765046700,865.1,0.03,0.395,0.205,,
btc-updown-15m-1765046700,1765046700,875.1,0.05,0.445,,,
btc-updown-15m-1765046700,1765046700,885.1,0.04,0.485,,,
btc-updown-15m-1765046700,1765046700,895.1,0.13,0.615,,,
btc-updown-15m-1765057500,1765057500,6.9,0.03,0.535,0.09,0.01,0.04
btc-updown-15m-1765057500,1765057500,16.9,0.1,0.635,-0.03,-0.09,-0.12
btc-updown-15m-1765057500,1765057500,29.4,-0.03,0.615,-0.075,-0.05,-0.085
btc-updown-15m-1765057500,1765057500,58.6,-0.03,0.575,-0.01,0,0
btc-updown-15m-1765057500,1765057500,69.7,0.04,0.565,0.01,0.01,0.01
btc-updown-15m-1765057500,1765057500,91.1,0.035,0.575,0,-0.04,-0.025
btc-updown-15m-1765057500,1765057500,104.6,-0.035,0.555,-0.03,0.03,0.025
btc-updown-15m-1765057500,1765057500,116.2,0.035,0.565,-0.035,0.005,0.05
btc-updown-15m-1765057500,1765057500,131.7,-0.035,0.54,0.03,0.035,-0.065
btc-updown-15m-1765057500,1765057500,141.7,-0.035,0.505,0.06,0.065,-0.01
btc-updown-15m-1765057500,1765057500,151.7,0.03,0.535,0.02,0.015,-0.01
btc-updown-15m-1765057500,1765057500,161.7,0.035,0.57,0.005,0.005,-0.045
btc-updown-15m-1765057500,1765057500,173.2,-0.03,0.565,0.005,0.01,-0.03
btc-updown-15m-1765057500,1765057500,215,0.035,0.58,-0.055,-0.075,-0.135
btc-updown-15m-1765057500,1765057500,234.9,0.03,0.605,-0.1,-0.075,-0.155
btc-updown-15m-1765057500,1765057500,244.9,-0.09,0.525,-0.02,-0.01,-0.04
btc-updown-15m-1765057500,1765057500,255,-0.03,0.495,0.03,-0.04,-0.04
btc-updown-15m-1765057500,1765057500,266.2,0.03,0.505,0.03,-0.07,0.03
btc-updown-15m-1765057500,1765057500,307.9,-0.03,0.505,-0.06,-0.01,-0.06
btc-updown-15m-1765057500,1765057500,318.3,-0.06,0.445,-0.005,-0.02,0.03
btc-updown-15m-1765057500,1765057500,357,0.03,0.465,0.08,0.03,0.14
btc-updown-15m-1765057500,1765057500,373.4,-0.035,0.45,0.12,0.025,0.125
btc-updown-15m-1765057500,1765057500,385.4,0.035,0.48,0.025,0.045,0.015
btc-updown-15m-1765057500,1765057500,395.6,0.05,0.545,-0.1,-0.02,-0.05
btc-updown-15m-1765057500,1765057500,411,-0.035,0.54,-0.025,0.065,-0.145
btc-updown-15m-1765057500,1765057500,421,-0.045,0.495,0.035,0.09,-0.13
btc-updown-15m-1765057500,1765057500,433.3,0.035,0.475,0.07,0.1,-0.22
btc-updown-15m-1765057500,1765057500,443.4,0.06,0.535,0.08,-0.05,-0.27
btc-updown-15m-1765057500,1765057500,463.7,0.03,0.55,0.02,-0.14,-0.345
btc-updown-15m-1765057500,1765057500,473.8,0.065,0.615,-0.12,-0.25,-0.405
btc-updown-15m-1765057500,1765057500,483.9,-0.04,0.575,-0.07,-0.2,-0.39
btc-updown-15m-1765057500,1765057500,494.9,-0.035,0.54,-0.135,-0.275,-0.39
btc-updown-15m-1765057500,1765057500,504.9,-0.045,0.495,-0.125,-0.225,-0.345
btc-updown-15m-1765057500,1765057500,518.6,-0.05,0.445,-0.17,-0.23,-0.315
btc-updown-15m-1765057500,1765057500,532.4,-0.03,0.375,-0.11,-0.16,-0.26
btc-updown-15m-1765057500,1765057500,544.5,-0.035,0.335,-0.14,-0.155,-0.225
btc-updown-15m-1765057500,1765057500,556.9,0.03,0.275,-0.06,-0.12,-0.03
btc-updown-15m-1765057500,1765057500,566.9,-0.035,0.24,-0.035,-0.09,0.03
btc-updown-15m-1765057500,1765057500,602.8,-0.03,0.185,-0.03,-0.07,0.11
btc-updown-15m-1765057500,1765057500,612.8,-0.04,0.145,-0.01,0.09,0.14
btc-updown-15m-1765057500,1765057500,629.7,-0.03,0.14,-0.005,0.13,0.125
btc-updown-15m-1765057500,1765057500,642.2,-0.03,0.135,0.1,0.195,0.11
btc-updown-15m-1765057500,1765057500,666.8,0.03,0.15,0.115,0.135,0.08
btc-updown-15m-1765057500,1765057500,676.8,0.095,0.245,0.05,0.07,-0.02
btc-updown-15m-1765057500,1765057500,688.1,0.03,0.275,0.01,-0.01,-0.07
btc-updown-15m-1765057500,1765057500,700.2,0.035,0.305,-0.02,-0.06,-0.21
btc-updown-15m-1765057500,1765057500,710.7,-0.035,0.295,0,-0.06,-0.24
btc-updown-15m-1765057500,1765057500,735.9,0.03,0.315,-0.08,-0.09,-0.3
btc-updown-15m-1765057500,1765057500,745.9,-0.06,0.255,-0.02,-0.05,-0.24
btc-updown-15m-1765057500,1765057500,759.2,-0.03,0.245,-0.015,-0.07,-0.23
btc-updown-15m-1765057500,1765057500,771.2,-0.03,0.215,0.005,-0.17,-0.205
btc-updown-15m-1765057500,1765057500,803.8,-0.03,0.21,-0.16,-0.195,
btc-updown-15m-1765057500,1765057500,814.3,-0.03,0.185,-0.15,-0.17,
btc-updown-15m-1765057500,1765057500,824.5,-0.135,0.05,-0.03,-0.035,
btc-updown-15m-1765057500,1765057500,836.2,-0.03,0.035,-0.02,-0.025,
btc-updown-15m-1765068300,1765068300,3.1,-0.04,0.42,0.125,0.055,-0.035
btc-updown-15m-1765068300,1765068300,13.2,0.04,0.455,0.11,-0.035,0
btc-updown-15m-1765068300,1765068300,23.2,0.08,0.535,-0.03,-0.13,-0.01
btc-updown-15m-1765068300,1765068300,34.2,0.035,0.56,-0.155,-0.17,-0.085
btc-updown-15m-1765068300,1765068300,50.8,-0.035,0.53,-0.145,-0.195,-0.105
btc-updown-15m-1765068300,1765068300,62.8,-0.03,0.475,-0.08,-0.095,-0.07
btc-updown-15m-1765068300,1765068300,73.3,-0.03,0.42,-0.095,0.03,-0.1
btc-updown-15m-1765068300,1765068300,84.8,0.03,0.39,-0.055,0.135,-0.04
btc-updown-15m-1765068300,1765068300,96.7,-0.03,0.37,0.01,0.04,-0.085
btc-updown-15m-1765068300,1765068300,106.7,-0.04,0.33,0.125,0.09,-0.05
btc-updown-15m-1765068300,1765068300,121.2,0.035,0.37,0.145,0.055,-0.095
btc-updown-15m-1765068300,1765068300,131.4,0.03,0.395,-0.02,-0.075,-0.095
btc-updown-15m-1765068300,1765068300,141.5,0.095,0.53,-0.105,-0.165,-0.215
btc-updown-15m-1765068300,1765068300,152.8,-0.03,0.495,-0.09,-0.18,-0.19
btc-updown-15m-1765068300,1765068300,162.8,-0.115,0.375,-0.05,-0.1,-0.055
btc-updown-15m-1765068300,1765068300,172.8,0.055,0.43,-0.095,-0.15,-0.175
btc-updown-15m-1765068300,1765068300,182.9,-0.035,0.395,-0.08,-0.1,-0.1
btc-updown-15m-1765068300,1765068300,192.9,-0.07,0.32,-0.045,-0.045,-0.025
btc-updown-15m-1765068300,1765068300,203.5,0.035,0.35,-0.07,-0.025,-0.015
btc-updown-15m-1765068300,1765068300,213.5,-0.035,0.315,-0.02,-0.01,0.07
btc-updown-15m-1765068300,1765068300,223.6,-0.04,0.275,-0.01,0.04,0.17
btc-updown-15m-1765068300,1765068300,244.2,0.03,0.32,-0.02,-0.025,0.145
btc-updown-15m-1765068300,1765068300,254.2,-0.045,0.275,0.04,0.015,0.31
btc-updown-15m-1765068300,1765068300,264.2,0.055,0.33,-0.07,0.005,0.285
btc-updown-15m-1765068300,1765068300,274.6,-0.03,0.3,-0.005,0.085,0.21
btc-updown-15m-1765068300,1765068300,285.4,0.03,0.315,-0.02,0.12,0.27
btc-updown-15m-1765068300,1765068300,295.5,-0.06,0.26,0.085,0.185,0.19
btc-updown-15m-1765068300,1765068300,305.5,0.035,0.295,0.1,0.255,0.07
btc-updown-15m-1765068300,1765068300,320.9,0.03,0.32,0.125,0.285,0.205
btc-updown-15m-1765068300,1765068300,330.9,0.065,0.385,0.06,0.08,0.13
btc-updown-15m-1765068300,1765068300,342,0.035,0.42,0.155,0.155,-0.12
btc-updown-15m-1765068300,1765068300,361.6,0.03,0.465,0,-0.05,-0.095
btc-updown-15m-1765068300,1765068300,371.6,0.09,0.57,0.01,-0.125,-0.05
btc-updown-15m-1765068300,1765068300,381.6,0.045,0.615,-0.11,-0.09,-0.08
btc-updown-15m-1765068300,1765068300,391.6,-0.15,0.465,-0.05,0.025,0.06
btc-updown-15m-1765068300,1765068300,401.6,0.115,0.58,-0.135,-0.285,-0.305
btc-updown-15m-1765068300,1765068300,411.6,-0.075,0.505,0.02,-0.18,-0.265
btc-updown-15m-1765068300,1765068300,421.6,-0.09,0.415,0.075,-0.045,-0.18
btc-updown-15m-1765068300,1765068300,431.8,0.03,0.445,-0.15,0.075,-0.22
btc-updown-15m-1765068300,1765068300,441.8,0.07,0.515,-0.19,0.02,-0.23
btc-updown-15m-1765068300,1765068300,451.8,-0.03,0.485,-0.115,0.04,-0.2
btc-updown-15m-1765068300,1765068300,461.9,-0.19,0.295,0.225,-0.02,-0.01
btc-updown-15m-1765068300,1765068300,472.5,0.03,0.325,0.21,-0.09,-0.04
btc-updown-15m-1765068300,1765068300,482.5,0.08,0.405,0.12,-0.165,-0.13
btc-updown-15m-1765068300,1765068300,492.6,0.12,0.525,-0.25,-0.3,-0.27
btc-updown-15m-1765068300,1765068300,514.6,-0.03,0.505,-0.265,-0.225,-0.11
btc-updown-15m-1765068300,1765068300,524.7,-0.235,0.27,0.005,0.015,-0.035
btc-updown-15m-1765068300,1765068300,534.7,-0.045,0.225,0.06,0.06,0.01
btc-updown-15m-1765068300,1765068300,546.1,0.03,0.245,0.04,0.02,-0.02
btc-updown-15m-1765068300,1765068300,556.3,0.03,0.275,0.015,-0.02,-0.07
btc-updown-15m-1765068300,1765068300,609.1,-0.035,0.255,0.05,-0.015,-0.12
btc-updown-15m-1765068300,1765068300,624.1,0.035,0.29,-0.045,-0.105,-0.16
btc-updown-15m-1765068300,1765068300,634.2,0.09,0.4,-0.165,-0.215,-0.115
btc-updown-15m-1765068300,1765068300,644.2,-0.165,0.235,-0.01,-0.09,0.12
btc-updown-15m-1765068300,1765068300,674.4,-0.03,0.21,-0.065,-0.075,-0.09
btc-updown-15m-1765068300,1765068300,684.6,-0.03,0.185,-0.04,-0.055,0.01
btc-updown-15m-1765068300,1765068300,696.2,-0.03,0.165,-0.025,0.13,-0.09
btc-updown-15m-1765068300,1765068300,749.7,0.03,0.155,0.175,0.05,-0.145
btc-updown-15m-1765068300,1765068300,759.8,0.145,0.305,-0.215,-0.245,-0.295
btc-updown-15m-1765068300,1765068300,771.2,0.03,0.335,-0.13,-0.28,-0.325
btc-updown-15m-1765068300,1765068300,781.8,0.03,0.375,-0.18,-0.35,
btc-updown-15m-1765068300,1765068300,791.8,-0.28,0.095,-0.02,-0.08,
btc-updown-15m-1765068300,1765068300,801.9,0.085,0.205,-0.15,-0.195,
btc-updown-15m-1765068300,1765068300,814.8,-0.03,0.165,-0.14,-0.155,
btc-updown-15m-1765068300,1765068300,824.8,-0.09,0.075,-0.06,-0.065,
btc-updown-15m-1765068300,1765068300,834.8,-0.03,0.045,-0.035,-0.035,
btc-updown-15m-1765078200,1765078200,25.5,-0.03,0.485,0.02,0.035,0.09
btc-updown-15m-1765078200,1765078200,58.9,0.03,0.525,0.05,0.2,0.05
btc-updown-15m-1765078200,1765078200,88.7,0.035,0.575,0.15,-0.02,-0.105
btc-updown-15m-1765078200,1765078200,98.7,0.125,0.7,0.025,-0.155,-0.285
btc-updown-15m-1765078200,1765078200,112.4,0.03,0.725,-0.145,-0.16,-0.305
btc-updown-15m-1765078200,1765078200,131.6,-0.035,0.685,-0.14,-0.13,-0.12
btc-updown-15m-1765078200,1765078200,141.6,-0.11,0.575,-0.015,-0.11,-0.005
btc-updown-15m-1765078200,1765078200,152,-0.035,0.545,0.05,-0.085,0.015
btc-updown-15m-1765078200,1765078200,179.9,0.035,0.59,-0.12,-0.165,0.045
btc-updown-15m-1765078200,1765078200,190.1,-0.035,0.56,-0.145,0,-0.015
btc-updown-15m-1765078200,1765078200,200.1,-0.095,0.465,-0.05,0.11,0.1
btc-updown-15m-1765078200,1765078200,215.4,-0.03,0.435,0.13,0.12,0.13
btc-updown-15m-1765078200,1765078200,226.6,-0.03,0.415,0.15,0.24,0.15
btc-updown-15m-1765078200,1765078200,240.3,0.03,0.445,0.105,0.195,0.23
btc-updown-15m-1765078200,1765078200,250.3,0.115,0.56,0.005,-0.02,0.035
btc-updown-15m-1765078200,1765078200,281.8,0.035,0.59,-0.055,-0.035,-0.06
btc-updown-15m-1765078200,1765078200,291.8,0.05,0.64,-0.07,-0.075,-0.105
btc-updown-15m-1765078200,1765078200,302.1,-0.035,0.61,-0.04,0.055,-0.08
btc-updown-15m-1765078200,1765078200,312.1,-0.07,0.54,0.015,-0.005,0.135
btc-updown-15m-1765078200,1765078200,323.7,0.035,0.57,-0.005,-0.045,0.09
btc-updown-15m-1765078200,1765078200,354.7,0.035,0.6,-0.075,-0.07,0.275
btc-updown-15m-1765078200,1765078200,364.7,0.065,0.665,-0.14,-0.135,0.27
btc-updown-15m-1765078200,1765078200,374.9,-0.13,0.535,-0.005,0.15,0.385
btc-updown-15m-1765078200,1765078200,427.8,0.03,0.56,0.125,0.37,0.405
btc-updown-15m-1765078200,1765078200,437.9,0.095,0.67,0.095,0.25,0.295
btc-updown-15m-1765078200,1765078200,456.5,0.03,0.685,0.245,0.23,0.28
btc-updown-15m-1765078200,1765078200,466.5,0.06,0.745,0.175,0.165,0.23
btc-updown-15m-1765078200,1765078200,476.5,0.175,0.92,-0.005,-0.005,0.055
btc-updown-15m-1765078200,1765078200,539.6,0.035,0.945,0.02,0.03,0.045
btc-updown-15m-1765078200,1765078200,613.4,-0.03,0.945,0.02,0.045,0.045
btc-updown-15m-1765078200,1765078200,629,-0.03,0.955,0.035,0.035,0.035
btc-updown-15m-1765089000,1765089000,2.1,0.035,0.5,0.015,0.005,0
btc-updown-15m-1765089000,1765089000,13,0.04,0.52,0.005,0,0.07
btc-updown-15m-1765089000,1765089000,50.4,-0.03,0.495,0.03,0,0.07
btc-updown-15m-1765089000,1765089000,63.3,0.03,0.515,0.01,0,0.04
btc-updown-15m-1765089000,1765089000,127,0.03,0.515,0.06,0.07,0.1
btc-updown-15m-1765089000,1765089000,137,0.08,0.595,-0.03,0.01,0.05
btc-updown-15m-1765089000,1765089000,148.6,-0.03,0.575,-0.015,0.045,0.065
btc-updown-15m-1765089000,1765089000,189.9,0.035,0.595,0.08,0.03,0.1
btc-updown-15m-1765089000,1765089000,216.6,0.03,0.655,-0.045,-0.02,0.055
btc-updown-15m-1765089000,1765089000,231.7,0.03,0.685,-0.04,-0.05,0.03
btc-updown-15m-1765089000,1765089000,245,-0.035,0.66,-0.025,-0.02,0.035
btc-updown-15m-1765089000,1765089000,255.5,0.03,0.645,-0.01,0.055,0.07
btc-updown-15m-1765089000,1765089000,306.5,0.04,0.675,0.035,0.035,-0.18
btc-updown-15m-1765089000,1765089000,362.7,-0.03,0.695,0.04,-0.01,-0.24
btc-updown-15m-1765089000,1765089000,422.5,-0.03,0.705,-0.05,-0.25,-0.12
btc-updown-15m-1765089000,1765089000,432.5,-0.08,0.62,-0.005,-0.18,-0.045
btc-updown-15m-1765089000,1765089000,442.5,0.055,0.675,-0.13,-0.235,-0.09
btc-updown-15m-1765089000,1765089000,457.3,-0.03,0.63,-0.205,-0.095,-0.045
btc-updown-15m-1765089000,1765089000,467.4,-0.075,0.555,-0.11,-0.02,0.01
btc-updown-15m-1765089000,1765089000,477.4,-0.08,0.475,-0.03,0.09,0.1
btc-updown-15m-1765089000,1765089000,487.4,-0.05,0.425,0.11,0.17,0.125
btc-updown-15m-1765089000,1765089000,513,0.03,0.465,0.11,0.12,0.04
btc-updown-15m-1765089000,1765089000,523.1,0.05,0.515,0.065,0.06,-0.045
btc-updown-15m-1765089000,1765089000,533.2,0.035,0.545,0.04,0.045,-0.08
btc-updown-15m-1765089000,1765089000,543.7,0.035,0.58,0.005,-0.01,-0.13
btc-updown-15m-1765089000,1765089000,566.2,0.03,0.605,-0.025,-0.115,-0.18
btc-updown-15m-1765089000,1765089000,576.2,-0.04,0.565,0,-0.08,-0.145
btc-updown-15m-1765089000,1765089000,606.4,-0.035,0.55,-0.065,-0.1,0.085
btc-updown-15m-1765089000,1765089000,616.5,-0.115,0.435,0.04,0.01,0.235
btc-updown-15m-1765089000,1765089000,626.6,0.06,0.495,-0.035,-0.07,0.15
btc-updown-15m-1765089000,1765089000,642.2,-0.03,0.475,-0.03,-0.05,0.16
btc-updown-15m-1765089000,1765089000,717.9,0.03,0.455,0.19,0.2,0.4
btc-updown-15m-1765089000,1765089000,727.9,0.175,0.63,-0.005,0.035,0.325
btc-updown-15m-1765089000,1765089000,738,0.035,0.67,-0.02,0.065,0.245
btc-updown-15m-1765089000,1765089000,754,-0.03,0.63,0.035,0.115,0.335
btc-updown-15m-1765089000,1765089000,764.7,0.03,0.655,0.08,0.15,0.32
btc-updown-15m-1765089000,1765089000,788.1,0.045,0.7,0.095,0.26,
btc-updown-15m-1765089000,1765089000,798.1,0.035,0.735,0.07,0.185,
btc-updown-15m-1765089000,1765089000,817.3,0.04,0.775,0.105,0.2,
btc-updown-15m-1765089000,1765089000,837.3,0.035,0.84,0.095,-0.225,
btc-updown-15m-1765089000,1765089000,847.3,0.04,0.88,0.095,,
btc-updown-15m-1765089000,1765089000,857.8,-0.06,0.895,0.09,,
btc-updown-15m-1765089000,1765089000,867.9,0.03,0.925,0.05,,
btc-updown-15m-1765089000,1765089000,877.9,0.05,0.975,,,
btc-updown-15m-1765089000,1765089000,896.9,-0.37,0.615,,,
btc-updown-15m-1765099800,1765099800,11.5,0.03,0.56,0.02,0.045,0.095
btc-updown-15m-1765099800,1765099800,69.8,0.03,0.625,0,0.04,0.115
btc-updown-15m-1765099800,1765099800,87.6,-0.03,0.585,0.1,0.07,0.155
btc-updown-15m-1765099800,1765099800,97.7,0.04,0.625,0.055,0.015,0.115
btc-updown-15m-1765099800,1765099800,107.7,0.03,0.655,0.04,0.03,0.115
btc-updown-15m-1765099800,1765099800,117.7,0.03,0.685,-0.03,0,0.09
btc-updown-15m-1765099800,1765099800,130.1,-0.03,0.655,0.015,0.085,0.16
btc-updown-15m-1765099800,1765099800,140.1,0.05,0.705,-0.03,0.04,0.135
btc-updown-15m-1765099800,1765099800,150.1,-0.06,0.645,0.1,0.09,0.21
btc-updown-15m-1765099800,1765099800,160.2,0.03,0.675,0.065,0.075,0.205
btc-updown-15m-1765099800,1765099800,179.4,0.035,0.71,0.025,0.065,0.175
btc-updown-15m-1765099800,1765099800,191.8,0.035,0.74,0.035,0.075,0.145
btc-updown-15m-1765099800,1765099800,207.1,-0.03,0.735,0.04,0.115,0.07
btc-updown-15m-1765099800,1765099800,221.1,0.03,0.765,0.05,0.115,0
btc-updown-15m-1765099800,1765099800,231.1,0.03,0.795,0.045,0.075,-0.005
btc-updown-15m-1765099800,1765099800,247.2,0.03,0.805,0.06,0.08,-0.025
btc-updown-15m-1765099800,1765099800,257.2,0.035,0.84,0.025,0.035,-0.075
btc-updown-15m-1765099800,1765099800,278.6,0.03,0.885,0,-0.12,-0.145
btc-updown-15m-1765099800,1765099800,323.1,-0.03,0.86,-0.07,-0.075,-0.005
btc-updown-15m-1765099800,1765099800,333.1,-0.1,0.76,0.005,-0.02,0.1
btc-updown-15m-1765099800,1765099800,345,0.03,0.785,-0.01,0.01,0.095
btc-updown-15m-1765099800,1765099800,362.1,-0.03,0.765,-0.01,0.055,0.115
btc-updown-15m-1765099800,1765099800,372.1,0.03,0.795,-0.065,0.015,0.095
btc-updown-15m-1765099800,1765099800,382.2,-0.03,0.765,0.045,0.09,0.155
btc-updown-15m-1765099800,1765099800,392.5,-0.03,0.755,0.07,0.105,0.17
btc-updown-15m-1765099800,1765099800,403.4,0.03,0.77,0.045,0.11,0.155
btc-updown-15m-1765099800,1765099800,413.5,0.035,0.81,0.045,0.075,0.11
btc-updown-15m-1765099800,1765099800,438,0.035,0.855,0.015,0.045,0.08
btc-updown-15m-1765099800,1765099800,500,0.03,0.92,0.005,0.015,-0.11
btc-updown-15m-1765099800,1765099800,576.1,-0.04,0.915,-0.12,-0.21,-0.43
btc-updown-15m-1765099800,1765099800,586.2,-0.065,0.835,-0.04,-0.15,-0.405
btc-updown-15m-1765099800,1765099800,603.5,-0.035,0.79,-0.12,-0.035,-0.335
btc-updown-15m-1765099800,1765099800,626.7,-0.03,0.765,-0.02,-0.21,-0.31
btc-updown-15m-1765099800,1765099800,636.7,-0.06,0.705,0.055,-0.23,-0.27
btc-updown-15m-1765099800,1765099800,652,0.03,0.725,-0.175,-0.28,-0.19
btc-updown-15m-1765099800,1765099800,662.5,0.03,0.755,-0.285,-0.315,-0.26
btc-updown-15m-1765099800,1765099800,672.5,-0.18,0.575,-0.11,-0.08,-0.085
btc-updown-15m-1765099800,1765099800,682.8,-0.035,0.555,-0.12,-0.09,-0.06
btc-updown-15m-1765099800,1765099800,692.8,-0.09,0.465,-0.025,-0.03,0.04
btc-updown-15m-1765099800,1765099800,703.6,-0.035,0.445,0.09,0.02,0.29
btc-updown-15m-1765099800,1765099800,715.3,0.03,0.455,0,0.05,0.395
btc-updown-15m-1765099800,1765099800,727.9,0.035,0.485,-0.055,0.02,0.415
btc-updown-15m-1765099800,1765099800,741,0.03,0.51,0.035,-0.035,0.365
btc-updown-15m-1765099800,1765099800,751.1,-0.08,0.435,0.06,0.07,0.13
btc-updown-15m-1765099800,1765099800,763.5,0.03,0.465,0.02,0.27,0.11
btc-updown-15m-1765099800,1765099800,773.5,0.06,0.525,-0.03,0.31,0.09
btc-updown-15m-1765099800,1765099800,794.1,-0.03,0.485,0.255,0.405,
btc-updown-15m-1765099800,1765099800,808,0.03,0.505,0.35,-0.035,
btc-updown-15m-1765099800,1765099800,818,0.135,0.64,0.26,-0.09,
btc-updown-15m-1765099800,1765099800,828,0.155,0.805,0.06,-0.155,
btc-updown-15m-1765099800,1765099800,838.1,0.05,0.855,-0.395,-0.135,
btc-updown-15m-1765099800,1765099800,848.1,0.055,0.91,-0.355,,
btc-updown-15m-1765099800,1765099800,858.1,-0.045,0.865,-0.215,,
btc-updown-15m-1765099800,1765099800,868.1,-0.38,0.485,0.285,,
btc-updown-15m-1765099800,1765099800,878.1,0.065,0.555,,,
btc-updown-15m-1765099800,1765099800,888.2,0.095,0.65,,,
btc-updown-15m-1765099800,1765099800,898.2,0.205,0.855,,,
btc-updown-15m-1765110600,1765110600,3,0.03,0.535,0.075,0.045,0.12
btc-updown-15m-1765110600,1765110600,13.1,0.065,0.6,0.015,-0.015,-0.045
btc-updown-15m-1765110600,1765110600,25.4,-0.03,0.615,-0.06,-0.03,-0.05
btc-updown-15m-1765110600,1765110600,45.8,-0.03,0.585,0,0.04,-0.05
btc-updown-15m-1765110600,1765110600,55.8,-0.04,0.545,0.04,0.09,-0.04
btc-updown-15m-1765110600,1765110600,65.8,0.04,0.585,0.01,0.06,-0.08
btc-updown-15m-1765110600,1765110600,101.6,0.03,0.615,-0.05,-0.08,-0.05
btc-updown-15m-1765110600,1765110600,111.6,0.03,0.645,-0.065,-0.14,-0.03
btc-updown-15m-1765110600,1765110600,130.2,-0.03,0.625,-0.09,-0.15,-0.09
btc-updown-15m-1765110600,1765110600,140.2,-0.065,0.56,-0.055,-0.095,-0.045
btc-updown-15m-1765110600,1765110600,167.6,-0.03,0.515,-0.045,0.1,0.025
btc-updown-15m-1765110600,1765110600,186.8,-0.035,0.47,0.105,0.175,0.105
btc-updown-15m-1765110600,1765110600,215.3,0.03,0.505,0.15,0.04,-0.02
btc-updown-15m-1765110600,1765110600,225.4,0.09,0.595,-0.07,-0.055,-0.11
btc-updown-15m-1765110600,1765110600,240.6,0.03,0.655,-0.12,-0.09,-0.16
btc-updown-15m-1765110600,1765110600,250.7,-0.12,0.535,0.02,0.035,0.02
btc-updown-15m-1765110600,1765110600,261.1,-0.03,0.505,0.02,-0.02,0
btc-updown-15m-1765110600,1765110600,271.1,0.03,0.535,0.03,-0.05,-0.01
btc-updown-15m-1765110600,1765110600,289.9,-0.03,0.525,-0.04,-0.035,-0.005
btc-updown-15m-1765110600,1765110600,300,0.04,0.565,-0.08,-0.07,-0.04
btc-updown-15m-1765110600,1765110600,313.7,-0.03,0.525,-0.04,0,0.13
btc-updown-15m-1765110600,1765110600,323.7,-0.04,0.485,0,0.02,0.16
btc-updown-15m-1765110600,1765110600,368.7,0.03,0.525,0,0.12,0.03
btc-updown-15m-1765110600,1765110600,379.2,-0.03,0.5,0.02,0.16,0.085
btc-updown-15m-1765110600,1765110600,390.6,0.03,0.53,-0.005,0.125,0.07
btc-updown-15m-1765110600,1765110600,422.7,0.03,0.55,0.095,0.005,0.05
btc-updown-15m-1765110600,1765110600,432.7,0.09,0.645,0.04,-0.07,-0.055
btc-updown-15m-1765110600,1765110600,462.3,0.03,0.675,-0.1,-0.06,-0.07
btc-updown-15m-1765110600,1765110600,475.1,-0.04,0.665,-0.07,-0.06,-0.045
btc-updown-15m-1765110600,1765110600,485.1,-0.115,0.555,0.035,0.06,0.21
btc-updown-15m-1765110600,1765110600,495.1,0.035,0.59,0.025,-0.025,0.015
btc-updown-15m-1765110600,1765110600,553.8,-0.03,0.575,0.04,0.15,-0.03
btc-updown-15m-1765110600,1765110600,572,0.03,0.595,0.135,0.05,-0.04
btc-updown-15m-1765110600,1765110600,595.7,0.03,0.645,-0.01,-0.065,-0.035
btc-updown-15m-1765110600,1765110600,605.8,0.115,0.76,-0.075,-0.19,-0.115
btc-updown-15m-1765110600,1765110600,615.8,-0.135,0.625,-0.06,-0.08,0.01
btc-updown-15m-1765110600,1765110600,634.4,0.03,0.675,-0.1,-0.12,0
btc-updown-15m-1765110600,1765110600,644.4,-0.11,0.565,-0.02,0,0.185
btc-updown-15m-1765110600,1765110600,672.6,-0.035,0.545,0.015,0.04,0.4
btc-updown-15m-1765110600,1765110600,697.5,0.035,0.59,0.055,0.065,0.385
btc-updown-15m-1765110600,1765110600,710.2,0.03,0.595,0.05,0.16,0.32
btc-updown-15m-1765110600,1765110600,720.2,0.03,0.625,0.03,0.27,0.33
btc-updown-15m-1765110600,1765110600,730.3,-0.03,0.595,0.07,0.345,0.39
btc-updown-15m-1765110600,1765110600,740.3,0.045,0.64,0.115,0.315,0.345
btc-updown-15m-1765110600,1765110600,751.6,0.03,0.66,0.275,0.305,0.325
btc-updown-15m-1765110600,1765110600,763.4,0.05,0.725,0.22,0.25,0.26
btc-updown-15m-1765110600,1765110600,773.4,0.06,0.795,0.16,0.13,0.19
btc-updown-15m-1765110600,1765110600,783.4,0.145,0.94,0.03,0.045,
btc-updown-15m-1765110600,1765110600,827.3,-0.03,0.945,0.04,0.04,
btc-updown-15m-1765110600,1765110600,837.5,0.035,0.945,0.04,0.04,
btc-updown-15m-1765110600,1765110600,847.5,0.04,0.98,0.005,,
btc-updown-15m-1765120500,1765120500,11.1,0.035,0.505,0.05,0.09,-0.12
btc-updown-15m-1765120500,1765120500,21.2,0.035,0.54,0.015,-0.025,-0.205
btc-updown-15m-1765120500,1765120500,32.8,0.03,0.545,0.035,-0.15,-0.25
btc-updown-15m-1765120500,1765120500,42.8,0.07,0.615,-0.03,-0.24,-0.37
btc-updown-15m-1765120500,1765120500,56.6,0.03,0.615,-0.15,-0.24,-0.325
btc-updown-15m-1765120500,1765120500,71.1,-0.03,0.58,-0.215,-0.195,-0.265
btc-updown-15m-1765120500,1765120500,81.1,-0.065,0.515,-0.14,-0.18,-0.2
btc-updown-15m-1765120500,1765120500,91.1,-0.12,0.395,0,-0.1,-0.11
btc-updown-15m-1765120500,1765120500,101.1,-0.03,0.365,0.02,-0.1,-0.12
btc-updown-15m-1765120500,1765120500,113.4,0.03,0.385,-0.06,-0.09,-0.14
btc-updown-15m-1765120500,1765120500,124.7,0.03,0.4,-0.095,-0.11,-0.135
btc-updown-15m-1765120500,1765120500,134.7,-0.035,0.365,-0.08,-0.055,-0.09
btc-updown-15m-1765120500,1765120500,145.2,-0.035,0.33,-0.045,-0.015,-0.055
btc-updown-15m-1765120500,1765120500,155.2,-0.03,0.305,-0.005,-0.02,-0.05
btc-updown-15m-1765120500,1765120500,171.2,0.04,0.3,0.015,-0.085,-0.06
btc-updown-15m-1765120500,1765120500,185.7,0.03,0.315,-0.035,-0.05,-0.085
btc-updown-15m-1765120500,1765120500,208.8,0.03,0.34,-0.085,-0.115,-0.08
btc-updown-15m-1765120500,1765120500,218.8,-0.075,0.265,-0.02,0,-0.03
btc-updown-15m-1765120500,1765120500,228.8,-0.04,0.225,0.05,0.025,-0.02
btc-updown-15m-1765120500,1765120500,238.8,0.03,0.255,-0.03,-0.04,-0.01
btc-updown-15m-1765120500,1765120500,250.7,0.03,0.275,-0.01,-0.04,0.02
btc-updown-15m-1765120500,1765120500,265.8,-0.035,0.26,-0.035,-0.005,0.025
btc-updown-15m-1765120500,1765120500,278.7,0.03,0.26,-0.015,-0.025,-0.005
btc-updown-15m-1765120500,1765120500,292,-0.03,0.235,0,-0.015,0.015
btc-updown-15m-1765120500,1765120500,306.1,0.03,0.255,-0.01,0.03,0.06
btc-updown-15m-1765120500,1765120500,321.9,0.03,0.235,-0.015,0.05,0.14
btc-updown-15m-1765120500,1765120500,332,0.05,0.285,0,0.01,0.08
btc-updown-15m-1765120500,1765120500,342.1,-0.1,0.185,0.1,0.07,0.18
btc-updown-15m-1765120500,1765120500,352.2,0.04,0.225,0.06,0.025,0.18
btc-updown-15m-1765120500,1765120500,362.2,0.06,0.285,-0.01,-0.03,0.14
btc-updown-15m-1765120500,1765120500,372.5,0.03,0.315,-0.06,0.01,0.12
btc-updown-15m-1765120500,1765120500,382.5,-0.03,0.285,-0.035,0.105,0.15
btc-updown-15m-1765120500,1765120500,399.5,-0.035,0.255,0.06,0.13,0.1
btc-updown-15m-1765120500,1765120500,422.4,0.03,0.28,0.08,0.155,0
btc-updown-15m-1765120500,1765120500,432.4,0.045,0.325,0.04,0.115,-0.105
btc-updown-15m-1765120500,1765120500,442.4,0.06,0.385,0.02,0.05,-0.19
btc-updown-15m-1765120500,1765120500,452.4,-0.03,0.355,0.08,0.02,-0.05
btc-updown-15m-1765120500,1765120500,463.5,0.03,0.385,0.02,-0.04,-0.13
btc-updown-15m-1765120500,1765120500,483.1,0.035,0.44,-0.075,-0.13,-0.04
btc-updown-15m-1765120500,1765120500,493.1,-0.03,0.415,-0.08,-0.205,-0.01
btc-updown-15m-1765120500,1765120500,503.1,-0.035,0.38,-0.065,-0.18,-0.035
btc-updown-15m-1765120500,1765120500,515,-0.03,0.355,-0.06,-0.03,-0.14
btc-updown-15m-1765120500,1765120500,525.3,-0.03,0.345,-0.13,-0.09,-0.14
btc-updown-15m-1765120500,1765120500,535.5,-0.035,0.31,-0.07,0.025,-0.075
btc-updown-15m-1765120500,1765120500,547.6,-0.035,0.265,0.04,0.12,0.01
btc-updown-15m-1765120500,1765120500,557.7,-0.035,0.23,0.035,0.19,0.025
btc-updown-15m-1765120500,1765120500,567.7,0.035,0.26,0.075,0.075,0.005
btc-updown-15m-1765120500,1765120500,577.7,0.04,0.305,0.08,-0.07,-0.05
btc-updown-15m-1765120500,1765120500,587.8,-0.04,0.265,0.155,-0.07,0.08
btc-updown-15m-1765120500,1765120500,597.9,0.07,0.335,0,-0.08,-0.05
btc-updown-15m-1765120500,1765120500,607.9,0.05,0.385,-0.15,-0.115,-0.05
btc-updown-15m-1765120500,1765120500,617.9,0.035,0.42,-0.22,-0.155,-0.16
btc-updown-15m-1765120500,1765120500,627.9,-0.085,0.335,-0.075,-0.07,-0.1
btc-updown-15m-1765120500,1765120500,638,-0.1,0.235,0.035,0.02,0.01
btc-updown-15m-1765120500,1765120500,648,-0.035,0.2,0.065,0.145,0.065
btc-updown-15m-1765120500,1765120500,658,0.06,0.26,0.005,0.025,-0.005
btc-updown-15m-1765120500,1765120500,672.7,-0.035,0.245,0.07,0.01,-0.195
btc-updown-15m-1765120500,1765120500,699,0.03,0.275,0.04,-0.05,-0.26
btc-updown-15m-1765120500,1765120500,709.4,0.06,0.335,-0.11,-0.125,-0.32
btc-updown-15m-1765120500,1765120500,720.9,-0.035,0.33,-0.1,-0.085,-0.315
btc-updown-15m-1765120500,1765120500,730.9,-0.065,0.265,-0.03,-0.21,-0.25
btc-updown-15m-1765120500,1765120500,741,-0.035,0.23,-0.025,-0.155,-0.215
btc-updown-15m-1765120500,1765120500,754.8,0.03,0.265,-0.16,-0.25,-0.25
btc-updown-15m-1765120500,1765120500,766.4,0.03,0.275,-0.22,-0.26,-0.26
btc-updown-15m-1765120500,1765120500,779.1,0.05,0.255,-0.23,-0.24,-0.24
btc-updown-15m-1765120500,1765120500,789.2,-0.195,0.06,-0.04,-0.045,
btc-updown-15m-1765120500,1765120500,800.5,0.03,0.075,-0.05,-0.06,
btc-updown-15m-1765120500,1765120500,810.5,-0.04,0.035,-0.02,-0.02,
btc-updown-15m-1765131300,1765131300,8.2,0.035,0.48,0.035,0.01,0.205
btc-updown-15m-1765131300,1765131300,27.6,0.03,0.505,-0.02,-0.03,0.18
btc-updown-15m-1765131300,1765131300,39,-0.03,0.495,-0.005,0.02,0.21
btc-updown-15m-1765131300,1765131300,56.5,-0.03,0.475,0,0.1,0.275
btc-updown-15m-1765131300,1765131300,87.8,0.03,0.52,0.055,0.165,0.355
btc-updown-15m-1765131300,1765131300,98.5,-0.03,0.515,0.15,0.19,0.315
btc-updown-15m-1765131300,1765131300,109.3,0.03,0.54,0.17,0.215,0.265
btc-updown-15m-1765131300,1765131300,119.3,0.07,0.61,0.095,0.16,0.205
btc-updown-15m-1765131300,1765131300,129.4,0.055,0.665,0.03,0.1,0.09
btc-updown-15m-1765131300,1765131300,139.4,0.05,0.715,0.04,0.05,0.075
btc-updown-15m-1765131300,1765131300,156.5,0.035,0.71,0.05,0.145,0.075
btc-updown-15m-1765131300,1765131300,168.2,0.03,0.735,0.035,0.075,0.06
btc-updown-15m-1765131300,1765131300,181.7,-0.03,0.725,0.18,0.1,-0.02
btc-updown-15m-1765131300,1765131300,191.7,0.03,0.755,0.08,0,-0.05
btc-updown-15m-1765131300,1765131300,202,0.03,0.785,0.01,-0.01,-0.13
btc-updown-15m-1765131300,1765131300,212,0.11,0.895,-0.08,-0.16,-0.31
btc-updown-15m-1765131300,1765131300,222,-0.06,0.835,-0.085,-0.035,-0.245
btc-updown-15m-1765131300,1765131300,232,-0.04,0.795,-0.02,-0.01,-0.23
btc-updown-15m-1765131300,1765131300,247,-0.035,0.785,0.01,-0.08,-0.14
btc-updown-15m-1765131300,1765131300,258.7,0.03,0.79,0,-0.085,-0.2
btc-updown-15m-1765131300,1765131300,268.7,-0.04,0.75,0.045,-0.115,-0.16
btc-updown-15m-1765131300,1765131300,278.8,0.04,0.785,-0.08,-0.165,-0.21
btc-updown-15m-1765131300,1765131300,300,-0.03,0.76,-0.11,-0.175,-0.145
btc-updown-15m-1765131300,1765131300,310,-0.055,0.705,-0.115,-0.05,-0.12
btc-updown-15m-1765131300,1765131300,321.7,-0.04,0.665,-0.09,-0.085,-0.07
btc-updown-15m-1765131300,1765131300,331.7,-0.07,0.595,0.03,-0.005,0.03
btc-updown-15m-1765131300,1765131300,346.7,-0.03,0.565,0.06,-0.005,0.03
btc-updown-15m-1765131300,1765131300,356.8,0.06,0.625,-0.01,-0.03,-0.03
btc-updown-15m-1765131300,1765131300,367.2,0.03,0.645,-0.085,-0.06,-0.005
btc-updown-15m-1765131300,1765131300,377.2,-0.04,0.605,-0.045,-0.01,0.1
btc-updown-15m-1765131300,1765131300,388.5,0.03,0.615,-0.01,0,0.18
btc-updown-15m-1765131300,1765131300,398.5,-0.04,0.575,0.015,0.04,0.18
btc-updown-15m-1765131300,1765131300,412.2,0.03,0.595,0,0.045,0.23
btc-updown-15m-1765131300,1765131300,422.9,-0.03,0.565,0.06,0.08,0.23
btc-updown-15m-1765131300,1765131300,432.9,0.03,0.595,0.02,0.08,0.2
btc-updown-15m-1765131300,1765131300,444.3,0.03,0.615,0,0.14,0.23
btc-updown-15m-1765131300,1765131300,471.2,0.03,0.645,0.1,0.18,0.25
btc-updown-15m-1765131300,1765131300,483.8,0.03,0.645,0.095,0.15,0.28
btc-updown-15m-1765131300,1765131300,493.9,0.04,0.675,0.12,0.12,0.21
btc-updown-15m-1765131300,1765131300,503.9,0.08,0.755,0.07,0.09,0.16
btc-updown-15m-1765131300,1765131300,515.5,-0.03,0.745,0.05,0.1,0.19
btc-updown-15m-1765131300,1765131300,525.5,0.045,0.79,0.005,0.07,0.175
btc-updown-15m-1765131300,1765131300,540.3,-0.035,0.785,0.05,0.12,0.18
btc-updown-15m-1765131300,1765131300,550.7,0.03,0.81,0.06,0.085,0.165
btc-updown-15m-1765131300,1765131300,560.7,0.04,0.85,0.045,0.045,0.125
btc-updown-15m-1765131300,1765131300,576.1,0.03,0.855,0.06,0.08,0.13
btc-updown-15m-1765131300,1765131300,591.5,0.03,0.895,-0.005,0.07,0.09
btc-updown-15m-1765131300,1765131300,607.4,-0.035,0.91,0.035,0.065,0.08
btc-updown-15m-1765131300,1765131300,619.7,0.03,0.905,0.06,0.075,0.085
btc-updown-15m-1765131300,1765131300,629.7,0.03,0.935,0.03,0.045,0.055
btc-updown-15m-1765175400,1765175400,6.4,0.035,0.5,0.12,0.125,0.185
btc-updown-15m-1765175400,1765175400,16.5,0.14,0.645,-0.02,0.03,0.06
btc-updown-15m-1765175400,1765175400,26.5,-0.03,0.615,0.005,0.045,0.095
btc-updown-15m-1765175400,1765175400,63.9,0.03,0.645,0.01,0.055,0.04
btc-updown-15m-1765175400,1765175400,74.3,0.03,0.675,-0.04,0.025,0
btc-updown-15m-1765175400,1765175400,91.6,-0.03,0.645,0.04,0.08,0.03
btc-updown-15m-1765175400,1765175400,105.9,0.03,0.675,0.04,0.025,-0.03
btc-updown-15m-1765175400,1765175400,153.1,0.03,0.735,-0.05,-0.07,0
btc-updown-15m-1765175400,1765175400,163.2,-0.04,0.695,-0.015,-0.04,0.075
btc-updown-15m-1765175400,1765175400,190.8,-0.03,0.655,0,0.06,0.14
btc-updown-15m-1765175400,1765175400,200.9,0.04,0.685,-0.03,0.01,0.055
btc-updown-15m-1765175400,1765175400,212.9,-0.035,0.67,-0.055,0.065,0.055
btc-updown-15m-1765175400,1765175400,224.8,-0.03,0.635,0.07,0.15,0.12
btc-updown-15m-1765175400,1765175400,235.5,-0.03,0.615,0.09,0.225,0.21
btc-updown-15m-1765175400,1765175400,245.5,0.1,0.715,0.05,0.095,0.115
btc-updown-15m-1765175400,1765175400,271.6,0.03,0.725,0.09,-0.03,0.025
btc-updown-15m-1765175400,1765175400,281.6,0.05,0.775,0.01,-0.025,-0.03
btc-updown-15m-1765175400,1765175400,291.7,0.06,0.835,-0.1,-0.02,-0.125
btc-updown-15m-1765175400,1765175400,303.7,-0.03,0.815,-0.075,0.005,-0.07
btc-updown-15m-1765175400,1765175400,316.9,-0.035,0.78,-0.025,-0.005,0.055
btc-updown-15m-1765175400,1765175400,326.9,-0.08,0.695,0.13,0.06,0.19
btc-updown-15m-1765175400,1765175400,336.9,0.05,0.745,0.075,0,0.17
btc-updown-15m-1765175400,1765175400,348.1,0.03,0.78,-0.01,-0.03,0.155
btc-updown-15m-1765175400,1765175400,358.1,0.04,0.825,-0.075,-0.14,0.11
btc-updown-15m-1765175400,1765175400,372.3,-0.03,0.78,-0.035,0.025,0.165
btc-updown-15m-1765175400,1765175400,383.2,-0.03,0.76,-0.065,0.115,0.18
btc-updown-15m-1765175400,1765175400,410.7,-0.03,0.705,0.155,0.23,0.23
btc-updown-15m-1765175400,1765175400,422.1,0.03,0.74,0.135,0.205,0.225
btc-updown-15m-1765175400,1765175400,432.1,0.065,0.805,0.13,0.14,0.17
btc-updown-15m-1765175400,1765175400,442.1,0.055,0.875,0.06,0.06,0.08
btc-updown-15m-1765175400,1765175400,454.8,0.03,0.915,0.03,0.01,0.04
btc-updown-15m-1765175400,1765175400,540.7,0.035,0.97,-0.035,0,-0.01
btc-updown-15m-1765175400,1765175400,562.3,-0.03,0.945,0.02,0.01,0.03
btc-updown-15m-1765175400,1765175400,574.6,0.035,0.96,0.015,-0.005,0.025
btc-updown-15m-1765186200,1765186200,2.9,-0.03,0.47,-0.07,-0.085,-0.115
btc-updown-15m-1765186200,1765186200,12.9,-0.045,0.425,-0.07,-0.03,-0.03
btc-updown-15m-1765186200,1765186200,25,0.03,0.395,-0.02,-0.04,0.05
btc-updown-15m-1765186200,1765186200,40.5,-0.03,0.365,0.035,-0.02,0.11
btc-updown-15m-1765186200,1765186200,54.1,0.03,0.375,-0.025,-0.05,0.13
btc-updown-15m-1765186200,1765186200,66.2,0.03,0.405,-0.05,-0.04,0.165
btc-updown-15m-1765186200,1765186200,76.2,-0.04,0.375,-0.03,0.015,0.21
btc-updown-15m-1765186200,1765186200,86.3,-0.035,0.34,-0.015,0.105,0.22
btc-updown-15m-1765186200,1765186200,125.6,0.035,0.36,0.135,0.2,0.215
btc-updown-15m-1765186200,1765186200,135.6,0.03,0.39,0.085,0.195,0.195
btc-updown-15m-1765186200,1765186200,145.6,0.05,0.445,0.06,0.135,0.2
btc-updown-15m-1765186200,1765186200,155.7,0.05,0.495,0.07,0.1,0.13
btc-updown-15m-1765186200,1765186200,168,0.03,0.515,0.08,0.08,0.155
btc-updown-15m-1765186200,1765186200,184.6,0.03,0.535,0.06,0.03,0.16
btc-updown-15m-1765186200,1765186200,194.6,0.04,0.58,0.03,-0.005,0.18
btc-updown-15m-1765186200,1765186200,206.3,-0.035,0.55,-0.005,0.105,0.15
btc-updown-15m-1765186200,1765186200,216.3,0.05,0.595,-0.02,0.03,0.035
btc-updown-15m-1765186200,1765186200,234.9,-0.03,0.575,0.065,0.105,0.01
btc-updown-15m-1765186200,1765186200,246.8,0.04,0.575,0.05,0.13,0
btc-updown-15m-1765186200,1765186200,256.8,0.04,0.615,0.05,0.145,0.04
btc-updown-15m-1765186200,1765186200,266.9,0.04,0.655,0.03,0.04,0.02
btc-updown-15m-1765186200,1765186200,276.9,-0.03,0.625,0.08,0,0.15
btc-updown-15m-1765186200,1765186200,286.9,0.04,0.665,0.095,-0.03,0.105
btc-updown-15m-1765186200,1765186200,308.1,0.035,0.715,-0.1,-0.09,0
btc-updown-15m-1765186200,1765186200,318.1,0.04,0.755,-0.12,-0.09,-0.04
btc-updown-15m-1765186200,1765186200,328.2,-0.04,0.71,-0.16,-0.005,-0.005
btc-updown-15m-1765186200,1765186200,338.2,-0.095,0.615,0.01,0.16,0.025
btc-updown-15m-1765186200,1765186200,348.5,0.03,0.635,0.04,0.135,0.13
btc-updown-15m-1765186200,1765186200,358.5,-0.08,0.555,0.155,0.195,0.21
btc-updown-15m-1765186200,1765186200,368.5,0.08,0.635,0.15,0.08,0.095
btc-updown-15m-1765186200,1765186200,378.5,0.04,0.675,0.095,0.05,0.06
btc-updown-15m-1765186200,1765186200,388.5,0.035,0.71,0.04,-0.005,-0.055
btc-updown-15m-1765186200,1765186200,398.5,0.075,0.785,-0.07,-0.135,-0.12
btc-updown-15m-1765186200,1765186200,412.7,-0.03,0.74,-0.035,0.01,-0.115
btc-updown-15m-1765186200,1765186200,423.2,0.03,0.745,-0.14,-0.01,-0.08
btc-updown-15m-1765186200,1765186200,433.2,-0.04,0.705,0.04,0.03,0.01
btc-updown-15m-1765186200,1765186200,450.2,-0.03,0.695,0.06,-0.015,0.06
btc-updown-15m-1765186200,1765186200,460.8,0.04,0.705,0.03,-0.07,0.085
btc-updown-15m-1765186200,1765186200,470.8,0.06,0.765,-0.05,-0.135,0.065
btc-updown-15m-1765186200,1765186200,481,-0.03,0.735,-0.055,-0.13,0.03
btc-updown-15m-1765186200,1765186200,493.9,0.03,0.735,-0.11,-0.03,-0.02
btc-updown-15m-1765186200,1765186200,503.9,-0.09,0.645,-0.035,0.06,0.17
btc-updown-15m-1765186200,1765186200,513.9,0.03,0.675,0.015,0.1,0.115
btc-updown-15m-1765186200,1765186200,524,-0.05,0.625,0.09,0.17,0.15
btc-updown-15m-1765186200,1765186200,537.1,-0.03,0.605,0.11,0.16,0.19
btc-updown-15m-1765186200,1765186200,547.1,0.085,0.69,0.115,0.04,0.03
btc-updown-15m-1765186200,1765186200,569.1,0.03,0.725,0.04,0.09,-0.015
btc-updown-15m-1765186200,1765186200,579.2,0.08,0.805,-0.09,-0.015,-0.065
btc-updown-15m-1765186200,1765186200,590.3,0.035,0.835,-0.015,-0.045,-0.06
btc-updown-15m-1765186200,1765186200,600.4,-0.07,0.765,0,0.05,0
btc-updown-15m-1765186200,1765186200,610.4,-0.04,0.725,0.08,-0.02,-0.06
btc-updown-15m-1765186200,1765186200,620.4,0.095,0.82,-0.03,-0.105,-0.085
btc-updown-15m-1765186200,1765186200,630.4,-0.055,0.765,0.05,-0.04,0.01
btc-updown-15m-1765186200,1765186200,640.4,0.04,0.805,-0.1,-0.095,-0.015
btc-updown-15m-1765186200,1765186200,662.1,-0.03,0.76,-0.015,-0.015,0.065
btc-updown-15m-1765186200,1765186200,672.1,-0.07,0.685,0.04,0,0.125
btc-updown-15m-1765186200,1765186200,690.7,0.03,0.73,0.045,0.05,-0.16
btc-updown-15m-1765186200,1765186200,709,0.03,0.76,-0.055,0.06,0.165
btc-updown-15m-1765186200,1765186200,720.9,-0.03,0.77,0.015,0.065,0.165
btc-updown-15m-1765186200,1765186200,730.9,-0.07,0.7,0.09,0.13,0.185
btc-updown-15m-1765186200,1765186200,740.9,0.045,0.735,0.075,-0.22,0.085
btc-updown-15m-1765186200,1765186200,750.9,0.05,0.785,0.05,-0.195,0.025
btc-updown-15m-1765186200,1765186200,773.6,0.035,0.825,-0.27,0.11,0.145
btc-updown-15m-1765186200,1765186200,784.4,0.03,0.845,-0.175,0.07,
btc-updown-15m-1765186200,1765186200,794.4,-0.215,0.63,0.09,0.275,
btc-updown-15m-1765186200,1765186200,804.4,-0.06,0.565,0.38,0.165,
btc-updown-15m-1765186200,1765186200,814.4,0.105,0.67,0.245,0.165,
btc-updown-15m-1765186200,1765186200,824.4,0.05,0.72,0.185,0.185,
btc-updown-15m-1765186200,1765186200,834.5,0.225,0.945,-0.215,0.03,
btc-updown-15m-1765186200,1765186200,844.6,-0.035,0.91,-0.07,,
btc-updown-15m-1765186200,1765186200,856,-0.035,0.855,0.065,,
btc-updown-15m-1765186200,1765186200,866,-0.12,0.735,0.25,,
btc-updown-15m-1765186200,1765186200,876,0.135,0.87,,,
btc-updown-15m-1765186200,1765186200,886,0.055,0.92,,,
btc-updown-15m-1765186200,1765186200,896,0.055,0.985,,,
btc-updown-15m-1765197000,1765197000,11.3,0.03,0.53,0.105,0.115,0.135
btc-updown-15m-1765197000,1765197000,21.3,0.075,0.605,0.025,0,0.05
btc-updown-15m-1765197000,1765197000,33.8,0.03,0.625,0.04,0,0.035
btc-updown-15m-1765197000,1765197000,57.1,0.03,0.645,-0.045,-0.005,-0.115
btc-updown-15m-1765197000,1765197000,75.9,-0.03,0.635,0.005,0.025,-0.16
btc-updown-15m-1765197000,1765197000,86.1,-0.03,0.595,0.05,0.06,-0.09
btc-updown-15m-1765197000,1765197000,99.6,-0.03,0.595,0.07,0.06,-0.015
btc-updown-15m-1765197000,1765197000,109.6,0.055,0.65,0.005,-0.125,-0.055
btc-updown-15m-1765197000,1765197000,124.4,0.03,0.665,-0.005,-0.145,-0.08
btc-updown-15m-1765197000,1765197000,164.1,-0.03,0.63,-0.15,-0.04,-0.28
btc-updown-15m-1765197000,1765197000,174.1,-0.085,0.535,-0.035,0.055,-0.18
btc-updown-15m-1765197000,1765197000,188.3,-0.03,0.505,0.08,0.08,-0.3
btc-updown-15m-1765197000,1765197000,205.6,0.03,0.505,0.1,-0.01,-0.3
btc-updown-15m-1765197000,1765197000,215.7,0.07,0.575,0.01,-0.13,-0.32
btc-updown-15m-1765197000,1765197000,253.5,0.03,0.615,-0.27,-0.35,-0.44
btc-updown-15m-1765197000,1765197000,263.7,-0.12,0.495,-0.14,-0.29,-0.315
btc-updown-15m-1765197000,1765197000,273.7,-0.04,0.455,-0.28,-0.21,-0.295
btc-updown-15m-1765197000,1765197000,283.7,-0.11,0.345,-0.08,-0.085,-0.18
btc-updown-15m-1765197000,1765197000,298.7,-0.035,0.33,-0.12,-0.025,-0.12
btc-updown-15m-1765197000,1765197000,308.8,-0.135,0.195,0.06,0.01,0.025
btc-updown-15m-1765197000,1765197000,318.8,0.07,0.265,0.03,-0.09,-0.055
btc-updown-15m-1765197000,1765197000,328.8,-0.055,0.21,0.095,-0.055,0.005
btc-updown-15m-1765197000,1765197000,338.8,0.045,0.255,-0.05,-0.1,-0.035
btc-updown-15m-1765197000,1765197000,348.8,0.04,0.295,-0.12,-0.09,-0.08
btc-updown-15m-1765197000,1765197000,359.4,0.03,0.32,-0.165,-0.105,-0.085
btc-updown-15m-1765197000,1765197000,369.5,-0.12,0.205,-0.05,0.02,0.01
btc-updown-15m-1765197000,1765197000,379.5,-0.03,0.175,0.02,0.04,-0.005
btc-updown-15m-1765197000,1765197000,390.1,-0.03,0.165,0.05,0.055,0.005
btc-updown-15m-1765197000,1765197000,405.6,0.03,0.185,0.035,0.02,-0.01
btc-updown-15m-1765197000,1765197000,421.1,0.03,0.215,0.03,0,-0.11
btc-updown-15m-1765197000,1765197000,434.6,0.03,0.225,-0.015,-0.04,-0.135
btc-updown-15m-1765197000,1765197000,444.7,0.05,0.275,-0.075,-0.09,-0.18
btc-updown-15m-1765197000,1765197000,454.7,-0.065,0.215,0,-0.045,-0.125
btc-updown-15m-1765197000,1765197000,472.1,0.03,0.24,-0.07,-0.105,-0.165
btc-updown-15m-1765197000,1765197000,488.4,-0.03,0.205,-0.05,-0.13,-0.18
btc-updown-15m-1765197000,1765197000,498.4,-0.035,0.17,0.005,-0.08,-0.13
btc-updown-15m-1765197000,1765197000,531.6,-0.03,0.135,-0.045,-0.06,-0.08
btc-updown-15m-1765197000,1765197000,541.6,-0.05,0.085,0.02,-0.05,-0.005
btc-updown-15m-1765197000,1765197000,580.1,-0.03,0.065,-0.04,-0.01,0.11
btc-updown-15m-1765197000,1765197000,600.2,-0.03,0.045,0,0.04,0.1
btc-updown-15m-1765197000,1765197000,627.2,0.03,0.065,0.02,0.02,0.035
btc-updown-15m-1765197000,1765197000,655.4,0.03,0.08,0.01,0.125,-0.045
btc-updown-15m-1765197000,1765197000,665.5,0.05,0.135,-0.02,-0.03,-0.12
btc-updown-15m-1765197000,1765197000,684.9,-0.03,0.09,0.115,0.02,-0.075
btc-updown-15m-1765197000,1765197000,695.5,0.03,0.115,-0.01,-0.02,-0.1
btc-updown-15m-1765197000,1765197000,705.5,0.065,0.18,-0.065,-0.12,-0.165
btc-updown-15m-1765197000,1765197000,715.8,0.03,0.205,-0.11,-0.17,-0.19
btc-updown-15m-1765197000,1765197000,725.9,-0.085,0.105,-0.01,-0.085,-0.09
btc-updown-15m-1765197000,1765197000,753.3,0.03,0.14,-0.115,-0.125,-0.125
btc-updown-15m-1765197000,1765197000,763.3,-0.08,0.06,-0.045,-0.045,-0.045
btc-updown-15m-1765197000,1765197000,774,-0.03,0.035,-0.02,-0.02,-0.02
btc-updown-15m-1765207800,1765207800,3.3,-0.03,0.525,-0.05,-0.13,-0.01
btc-updown-15m-1765207800,1765207800,13.3,-0.05,0.475,-0.005,-0.07,0
btc-updown-15m-1765207800,1765207800,23.8,-0.035,0.44,-0.025,-0.005,0.155
btc-updown-15m-1765207800,1765207800,35.1,-0.03,0.425,-0.035,-0.01,0.14
btc-updown-15m-1765207800,1765207800,45.1,0.04,0.465,-0.07,-0.04,0.18
btc-updown-15m-1765207800,1765207800,55.1,-0.04,0.425,0,0,0.25
btc-updown-15m-1765207800,1765207800,65.1,-0.035,0.39,0.03,0.105,0.345
btc-updown-15m-1765207800,1765207800,75.7,-0.03,0.37,0.055,0.12,0.335
btc-updown-15m-1765207800,1765207800,85.7,0.055,0.425,0.01,0.165,0.3
btc-updown-15m-1765207800,1765207800,99.7,0.03,0.405,0.1,0.19,0.34
btc-updown-15m-1765207800,1765207800,109.8,0.035,0.44,0.125,0.255,0.335
btc-updown-15m-1765207800,1765207800,121.9,0.03,0.5,0.08,0.205,0.235
btc-updown-15m-1765207800,1765207800,132.5,-0.03,0.485,0.11,0.22,0.295
btc-updown-15m-1765207800,1765207800,142.6,0.1,0.585,0.095,0.1,0.18
btc-updown-15m-1765207800,1765207800,153.8,-0.03,0.565,0.14,0.15,0.17
btc-updown-15m-1765207800,1765207800,163.8,0.05,0.615,0.07,0.13,0.1
btc-updown-15m-1765207800,1765207800,173.8,0.06,0.675,0.025,0.11,0.055
btc-updown-15m-1765207800,1765207800,183.8,0.035,0.71,0.005,0.065,-0.005
btc-updown-15m-1765207800,1765207800,194.1,-0.035,0.685,0.07,0.09,-0.13
btc-updown-15m-1765207800,1765207800,206.1,0.03,0.725,0.03,0.02,-0.25
btc-updown-15m-1765207800,1765207800,216.2,0.03,0.735,0.05,0,-0.25
btc-updown-15m-1765207800,1765207800,226.5,0.03,0.755,0.025,-0.035,-0.27
btc-updown-15m-1765207800,1765207800,240.9,-0.03,0.745,0.01,0,-0.275
btc-updown-15m-1765207800,1765207800,251.4,0.03,0.775,-0.03,-0.155,-0.44
btc-updown-15m-1765207800,1765207800,262.8,-0.03,0.75,-0.045,-0.235,-0.455
btc-updown-15m-1765207800,1765207800,277.7,-0.03,0.735,-0.08,-0.245,-0.43
btc-updown-15m-1765207800,1765207800,289.2,-0.03,0.715,-0.185,-0.285,-0.46
btc-updown-15m-1765207800,1765207800,300.6,0.03,0.745,-0.27,-0.26,-0.47
btc-updown-15m-1765207800,1765207800,310.6,-0.12,0.625,-0.13,-0.285,-0.425
btc-updown-15m-1765207800,1765207800,320.6,-0.105,0.52,-0.075,-0.225,-0.365
btc-updown-15m-1765207800,1765207800,330.6,-0.045,0.475,0.01,-0.09,-0.29
btc-updown-15m-1765207800,1765207800,343.7,0.03,0.505,-0.175,-0.23,-0.32
btc-updown-15m-1765207800,1765207800,353.8,-0.04,0.465,-0.17,-0.205,-0.3
btc-updown-15m-1765207800,1765207800,364.2,-0.035,0.44,-0.095,-0.235,-0.185
btc-updown-15m-1765207800,1765207800,374.2,-0.12,0.32,-0.045,-0.14,-0.03
btc-updown-15m-1765207800,1765207800,385.7,0.04,0.355,-0.125,-0.145,-0.07
btc-updown-15m-1765207800,1765207800,395.7,-0.05,0.305,-0.1,-0.095,0.005
btc-updown-15m-1765207800,1765207800,407.3,-0.04,0.275,-0.1,-0.115,-0.01
btc-updown-15m-1765207800,1765207800,420.3,0.03,0.275,-0.09,-0.08,-0.05
btc-updown-15m-1765207800,1765207800,430.3,-0.08,0.195,0.01,0.14,0.14
btc-updown-15m-1765207800,1765207800,440.3,-0.04,0.155,0.02,0.12,0.07
btc-updown-15m-1765207800,1765207800,450.5,0.03,0.185,0.005,0.065,0.04
btc-updown-15m-1765207800,1765207800,463.7,-0.03,0.185,0.13,0.07,0
btc-updown-15m-1765207800,1765207800,481.2,0.03,0.21,0.055,0.005,-0.065
btc-updown-15m-1765207800,1765207800,491.2,0.125,0.335,-0.05,0.005,-0.18
btc-updown-15m-1765207800,1765207800,501.2,-0.06,0.275,0.005,-0.05,-0.18
btc-updown-15m-1765207800,1765207800,513.1,0.035,0.305,-0.09,-0.09,-0.12
btc-updown-15m-1765207800,1765207800,523.1,-0.04,0.265,0.08,-0.09,-0.17
btc-updown-15m-1765207800,1765207800,533.1,0.035,0.3,-0.1,-0.12,-0.23
btc-updown-15m-1765207800,1765207800,543.1,-0.085,0.215,0,-0.1,-0.11
btc-updown-15m-1765207800,1765207800,553.2,0.13,0.345,-0.17,-0.21,-0.19
btc-updown-15m-1765207800,1765207800,563.2,-0.14,0.205,-0.02,-0.085,-0.04
btc-updown-15m-1765207800,1765207800,574.6,-0.03,0.17,-0.045,0.02,-0.09
btc-updown-15m-1765207800,1765207800,586.1,-0.03,0.155,-0.03,-0.04,-0.095
btc-updown-15m-1765207800,1765207800,596.1,0.06,0.215,-0.075,-0.13,-0.175
btc-updown-15m-1765207800,1765207800,606.1,-0.075,0.14,0.035,-0.035,-0.105
btc-updown-15m-1765207800,1765207800,617.9,-0.04,0.115,0.03,0.11,-0.075
btc-updown-15m-1765207800,1765207800,627.9,0.035,0.15,-0.045,-0.035,-0.105
btc-updown-15m-1765207800,1765207800,639.6,-0.04,0.135,-0.015,-0.07,-0.095
btc-updown-15m-1765207800,1765207800,649.6,-0.045,0.09,0.115,-0.035,-0.075
btc-updown-15m-1765207800,1765207800,661.7,0.03,0.12,-0.005,-0.09,-0.11
btc-updown-15m-1765207800,1765207800,672,0.035,0.15,-0.09,-0.065,-0.14
btc-updown-15m-1765207800,1765207800,686.1,-0.03,0.155,-0.115,-0.11,-0.145
btc-updown-15m-1765207800,1765207800,696.1,-0.075,0.08,-0.045,-0.045,-0.07
btc-updown-15m-1765207800,1765207800,713.7,-0.03,0.035,0.02,-0.02,-0.025
btc-updown-15m-1765207800,1765207800,728.7,0.03,0.065,-0.025,-0.055,-0.055
btc-updown-15m-1765207800,1765207800,738.7,-0.04,0.045,-0.02,-0.035,-0.035
btc-updown-15m-1765207800,1765207800,763.4,-0.03,0.025,-0.015,-0.015,-0.015
btc-updown-15m-1765217700,1765217700,6.7,0.03,0.51,0.005,0.045,0.25
btc-updown-15m-1765217700,1765217700,16.7,0.04,0.555,-0.03,0.01,0.17
btc-updown-15m-1765217700,1765217700,26.7,-0.08,0.475,0.09,0.11,0.185
btc-updown-15m-1765217700,1765217700,36.7,0.045,0.52,0.035,0.065,0.105
btc-updown-15m-1765217700,1765217700,49.4,-0.03,0.515,0.025,0.07,0.1
btc-updown-15m-1765217700,1765217700,59.4,0.06,0.575,0.02,0.11,0.01
btc-updown-15m-1765217700,1765217700,69.4,-0.04,0.535,0.06,0.23,-0.1
btc-updown-15m-1765217700,1765217700,87.5,0.035,0.58,0.115,0.075,-0.03
btc-updown-15m-1765217700,1765217700,111.4,0.03,0.635,0.09,-0.02,-0.04
btc-updown-15m-1765217700,1765217700,121.4,0.08,0.715,-0.035,-0.14,-0.12
btc-updown-15m-1765217700,1765217700,131.5,0.05,0.765,-0.13,-0.305,-0.2
btc-updown-15m-1765217700,1765217700,141.5,-0.04,0.725,-0.11,-0.22,-0.05
btc-updown-15m-1765217700,1765217700,151.5,-0.045,0.68,-0.105,-0.135,0.005
btc-updown-15m-1765217700,1765217700,161.5,-0.045,0.635,-0.175,-0.035,0.08
btc-updown-15m-1765217700,1765217700,171.5,-0.03,0.605,-0.1,-0.01,0.14
btc-updown-15m-1765217700,1765217700,181.6,-0.03,0.575,-0.025,0.02,0.17
btc-updown-15m-1765217700,1765217700,191.6,-0.115,0.46,0.135,0.105,0.335
btc-updown-15m-1765217700,1765217700,201.6,0.045,0.505,0.09,0.17,0.26
btc-updown-15m-1765217700,1765217700,211.6,0.045,0.55,0.045,0.135,0.245
btc-updown-15m-1765217700,1765217700,221.6,0.045,0.595,-0.03,0.12,0.21
btc-updown-15m-1765217700,1765217700,235.6,-0.035,0.545,0.115,0.19,0.32
btc-updown-15m-1765217700,1765217700,245.9,-0.03,0.525,0.175,0.24,0.3
btc-updown-15m-1765217700,1765217700,255.9,0.08,0.605,0.12,0.19,0.195
btc-updown-15m-1765217700,1765217700,265.9,0.055,0.66,0.075,0.14,0.145
btc-updown-15m-1765217700,1765217700,276,0.045,0.705,0.06,0.11,0.11
btc-updown-15m-1765217700,1765217700,288.7,0.03,0.745,0.03,0.07,0.08
btc-updown-15m-1765217700,1765217700,304.4,0.03,0.765,0.04,0.06,0.115
btc-updown-15m-1765217700,1765217700,314.5,0.04,0.805,0,-0.01,0.075
btc-updown-15m-1765217700,1765217700,331,0.03,0.79,0.06,0.015,0.095
btc-updown-15m-1765217700,1765217700,351.2,0.035,0.835,-0.075,-0.01,0.03
btc-updown-15m-1765217700,1765217700,363.6,-0.03,0.825,-0.02,0.055,0.07
btc-updown-15m-1765217700,1765217700,379.3,-0.035,0.79,0.035,0.075,0.025
btc-updown-15m-1765217700,1765217700,390.5,0.035,0.805,0.06,0.08,-0.015
btc-updown-15m-1765217700,1765217700,417.4,0.03,0.865,0.02,-0.01,0.03
btc-updown-15m-1765217700,1765217700,427.8,0.03,0.895,-0.04,-0.01,0.03
btc-updown-15m-1765217700,1765217700,437.8,-0.03,0.865,0,-0.055,0.035
btc-updown-15m-1765217700,1765217700,455.6,-0.03,0.855,0.04,-0.035,0.07
btc-updown-15m-1765217700,1765217700,469,0.03,0.865,-0.05,-0.005,0.05
btc-updown-15m-1765217700,1765217700,481.5,0.03,0.885,-0.07,0.02,-0.01
btc-updown-15m-1765217700,1765217700,491.5,-0.04,0.845,-0.01,0.04,0.035
btc-updown-15m-1765217700,1765217700,501.5,-0.04,0.805,0.06,0.11,0.06
btc-updown-15m-1765217700,1765217700,513.1,0.035,0.82,0.105,0.095,0.065
btc-updown-15m-1765217700,1765217700,524,0.03,0.845,0.05,0.085,0.02
btc-updown-15m-1765217700,1765217700,534,0.05,0.895,0.02,0.01,-0.03
btc-updown-15m-1765217700,1765217700,544.1,0.03,0.925,-0.01,-0.04,-0.145
btc-updown-15m-1765217700,1765217700,554.1,-0.03,0.895,0.035,-0.025,-0.085
btc-updown-15m-1765217700,1765217700,564.8,0.03,0.925,-0.02,-0.045,-0.14
btc-updown-15m-1765217700,1765217700,578.2,0.03,0.93,-0.06,-0.035,-0.195
btc-updown-15m-1765217700,1765217700,596.1,-0.03,0.89,-0.005,-0.025,-0.495
btc-updown-15m-1765217700,1765217700,606.2,-0.035,0.855,0.035,-0.07,-0.375
btc-updown-15m-1765217700,1765217700,616.4,0.035,0.88,-0.005,-0.09,-0.505
btc-updown-15m-1765217700,1765217700,631.3,0.03,0.895,-0.05,-0.055,-0.63
btc-updown-15m-1765217700,1765217700,658.9,-0.03,0.85,-0.02,-0.44,-0.605
btc-updown-15m-1765217700,1765217700,669,-0.06,0.785,-0.08,-0.37,-0.475
btc-updown-15m-1765217700,1765217700,679.4,-0.03,0.77,-0.28,-0.385,-0.585
btc-updown-15m-1765217700,1765217700,689.5,0.065,0.835,-0.44,-0.57,-0.665
btc-updown-15m-1765217700,1765217700,699.5,-0.13,0.705,-0.31,-0.435,-0.66
btc-updown-15m-1765217700,1765217700,709.5,-0.23,0.475,-0.095,-0.23,-0.46
btc-updown-15m-1765217700,1765217700,719.5,-0.08,0.395,-0.13,-0.13,-0.38
btc-updown-15m-1765217700,1765217700,730.2,-0.035,0.4,-0.12,-0.065,-0.385
btc-updown-15m-1765217700,1765217700,741.2,-0.035,0.38,-0.145,-0.215,-0.365
btc-updown-15m-1765217700,1765217700,751.3,-0.115,0.265,-0.045,-0.125,-0.25
btc-updown-15m-1765217700,1765217700,761.7,0.035,0.31,0.035,-0.295,-0.295
btc-updown-15m-1765217700,1765217700,771.8,-0.085,0.225,-0.07,-0.2,-0.21
btc-updown-15m-1765217700,1765217700,782,-0.03,0.205,-0.06,-0.19,
btc-updown-15m-1765217700,1765217700,792,0.14,0.345,-0.33,-0.33,
btc-updown-15m-1765217700,1765217700,802,-0.19,0.155,-0.125,-0.14,
btc-updown-15m-1765217700,1765217700,812.8,-0.03,0.1,-0.085,-0.085,
btc-updown-15m-1765217700,1765217700,822.8,-0.085,0.015,0,0,
btc-updown-15m-1765217700,1765217700,837.6,-0.03,0.015,0,0,
btc-updown-15m-1765228500,1765228500,26.8,0.03,0.545,0.04,-0.01,-0.06
btc-updown-15m-1765228500,1765228500,61.6,0.03,0.605,-0.06,-0.06,0
btc-updown-15m-1765228500,1765228500,71.6,-0.04,0.565,-0.02,-0.06,0.14
btc-updown-15m-1765228500,1765228500,81.7,-0.05,0.515,0.01,-0.03,0.17
btc-updown-15m-1765228500,1765228500,91.7,0.03,0.545,0,-0.06,0.12
btc-updown-15m-1765228500,1765228500,112.3,-0.03,0.515,-0.03,0.09,0.13
btc-updown-15m-1765228500,1765228500,122.4,0.04,0.55,-0.07,0.055,0.125
btc-updown-15m-1765228500,1765228500,132.4,-0.06,0.49,0.045,0.215,0.185
btc-updown-15m-1765228500,1765228500,156.5,-0.03,0.475,0.2,0.21,0.21
btc-updown-15m-1765228500,1765228500,166.6,0.12,0.595,0.095,0.04,0.12
btc-updown-15m-1765228500,1765228500,176.6,0.03,0.625,0.04,0.04,0.125
btc-updown-15m-1765228500,1765228500,186.6,0.05,0.675,0.01,0,0.07
btc-updown-15m-1765228500,1765228500,223,-0.03,0.635,0.04,0.045,0.11
btc-updown-15m-1765228500,1765228500,235.6,0.03,0.665,0.01,0.08,0.1
btc-updown-15m-1765228500,1765228500,255.4,-0.03,0.65,0.055,0.105,-0.035
btc-updown-15m-1765228500,1765228500,265.4,0.03,0.675,0.07,0.05,0.06
btc-updown-15m-1765228500,1765228500,288.9,0.035,0.72,0.015,0.025,0.025
btc-updown-15m-1765228500,1765228500,298.9,0.035,0.755,-0.01,0.01,0
btc-updown-15m-1765228500,1765228500,319.5,-0.03,0.725,0.02,-0.07,0.06
btc-updown-15m-1765228500,1765228500,329.7,0.03,0.755,-0.025,-0.02,0.08
btc-updown-15m-1765228500,1765228500,340.7,0.03,0.775,-0.09,-0.03,0.085
btc-updown-15m-1765228500,1765228500,350.7,-0.03,0.745,-0.06,0,0.085
btc-updown-15m-1765228500,1765228500,360.7,-0.07,0.675,0.07,0.08,0.155
btc-updown-15m-1765228500,1765228500,373.1,-0.035,0.655,0.08,0.125,0.06
btc-updown-15m-1765228500,1765228500,383.1,0.06,0.715,0.02,0.1,0.01
btc-updown-15m-1765228500,1765228500,393.1,0.075,0.79,-0.015,0.075,-0.06
btc-updown-15m-1765228500,1765228500,403.1,-0.055,0.735,0.045,0.1,0.04
btc-updown-15m-1765228500,1765228500,415.7,0.03,0.765,0.06,0.06,-0.03
btc-updown-15m-1765228500,1765228500,428.9,0.03,0.785,0.08,0.06,-0.06
btc-updown-15m-1765228500,1765228500,442.2,0.03,0.805,0.02,-0.08,-0.055
btc-updown-15m-1765228500,1765228500,452.2,0.055,0.855,-0.01,-0.12,-0.04
btc-updown-15m-1765228500,1765228500,462.7,-0.03,0.835,-0.12,-0.06,0.03
btc-updown-15m-1765228500,1765228500,484.4,0.03,0.855,-0.12,-0.14,0.08
btc-updown-15m-1765228500,1765228500,494.5,-0.145,0.71,0.065,0.04,0.215
btc-updown-15m-1765228500,1765228500,507.2,0.03,0.735,0,0.065,0.2
btc-updown-15m-1765228500,1765228500,519,0.03,0.76,-0.035,0.095,0.16
btc-updown-15m-1765228500,1765228500,534.1,-0.03,0.745,0.02,0.17,0.16
btc-updown-15m-1765228500,1765228500,544.1,-0.03,0.715,0.13,0.22,0.175
btc-updown-15m-1765228500,1765228500,554.1,0.035,0.75,0.145,0.175,0.16
btc-updown-15m-1765228500,1765228500,564.1,0.03,0.78,0.135,0.145,0.095
btc-updown-15m-1765228500,1765228500,574.1,0.06,0.845,0.09,0.09,0.035
btc-updown-15m-1765228500,1765228500,584.2,0.05,0.895,0.03,0.035,-0.03
btc-updown-15m-1765228500,1765228500,598.9,0.03,0.925,0,-0.03,0.02
btc-updown-15m-1765228500,1765228500,609.9,0.035,0.955,-0.025,-0.04,-0.05
btc-updown-15m-1765228500,1765228500,651.7,-0.03,0.895,-0.02,0.04,0.07
btc-updown-15m-1765228500,1765228500,670,0.03,0.915,0,-0.01,0.07
btc-updown-15m-1765228500,1765228500,682.3,-0.03,0.865,0.07,-0.01,0.12
btc-updown-15m-1765228500,1765228500,698,0.03,0.895,0,0.03,0.095
btc-updown-15m-1765228500,1765228500,708,0.03,0.925,-0.05,0.035,0.065
btc-updown-15m-1765228500,1765228500,722.3,-0.03,0.905,-0.005,0.07,0.085
btc-updown-15m-1765228500,1765228500,733.3,0.03,0.925,0.03,0.06,0.065
btc-updown-15m-1765228500,1765228500,743.3,-0.06,0.865,0.1,0.12,0.125
btc-updown-15m-1765228500,1765228500,753.3,0.04,0.905,0.07,0.085,0.085
btc-updown-15m-1765228500,1765228500,763.4,0.055,0.955,0.03,0.035,0.035
btc-updown-15m-1765240200,1765240200,4.1,-0.03,0.485,-0.06,-0.09,-0.36
btc-updown-15m-1765240200,1765240200,14.4,-0.035,0.455,-0.04,-0.16,-0.385
btc-updown-15m-1765240200,1765240200,24.7,-0.03,0.435,-0.03,-0.235,-0.33
btc-updown-15m-1765240200,1765240200,40.8,-0.035,0.425,-0.09,-0.18,-0.34
btc-updown-15m-1765240200,1765240200,56.9,-0.035,0.385,-0.175,-0.21,-0.31
btc-updown-15m-1765240200,1765240200,69.7,-0.03,0.36,-0.105,-0.295,-0.275
btc-updown-15m-1765240200,1765240200,79.7,-0.165,0.195,0.01,-0.11,-0.13
btc-updown-15m-1765240200,1765240200,97.2,0.03,0.235,-0.12,-0.12,-0.12
btc-updown-15m-1765240200,1765240200,107.3,-0.035,0.2,-0.115,-0.135,-0.085
btc-updown-15m-1765240200,1765240200,117.7,-0.03,0.175,-0.05,-0.09,-0.09
btc-updown-15m-1765240200,1765240200,127.7,-0.07,0.105,0.01,-0.02,-0.02
btc-updown-15m-1765240200,1765240200,141.5,0.03,0.105,-0.03,-0.04,-0.03
btc-updown-15m-1765240200,1765240200,158.8,-0.03,0.095,-0.01,0.02,-0.04
btc-updown-15m-1765240200,1765240200,207.9,0.03,0.095,-0.01,-0.03,0.06
btc-updown-15m-1765240200,1765240200,236.2,-0.03,0.085,-0.02,0,0.08
btc-updown-15m-1765240200,1765240200,261.5,-0.03,0.07,0.005,0.075,0.08
btc-updown-15m-1765240200,1765240200,309.1,0.03,0.105,0.015,0.04,-0.015
btc-updown-15m-1765240200,1765240200,319.1,0.04,0.145,0.04,-0.01,-0.03
btc-updown-15m-1765240200,1765240200,337.3,-0.03,0.12,0.02,-0.015,-0.035
btc-updown-15m-1765240200,1765240200,347.4,0.065,0.185,-0.05,-0.015,-0.095
btc-updown-15m-1765240200,1765240200,357.4,-0.03,0.155,-0.035,0.015,-0.07
btc-updown-15m-1765240200,1765240200,374,-0.035,0.14,-0.01,-0.045,-0.065
btc-updown-15m-1765240200,1765240200,389.7,-0.035,0.115,0.04,-0.02,-0.055
btc-updown-15m-1765240200,1765240200,401.5,0.03,0.135,-0.045,-0.05,-0.07
btc-updown-15m-1765240200,1765240200,411.5,0.04,0.175,-0.06,-0.1,-0.09
btc-updown-15m-1765240200,1765240200,421.9,-0.03,0.145,-0.055,-0.065,-0.065
btc-updown-15m-1765240200,1765240200,432.1,-0.055,0.09,-0.005,-0.03,-0.02
btc-updown-15m-1765240200,1765240200,442.1,0.035,0.125,-0.05,-0.065,-0.07
btc-updown-15m-1765240200,1765240200,452.2,-0.035,0.09,-0.005,-0.03,-0.045
btc-updown-15m-1765240200,1765240200,490.9,-0.04,0.025,0.05,0.045,0.005
btc-updown-15m-1765240200,1765240200,501.1,0.045,0.07,0.015,-0.015,-0.04
btc-updown-15m-1765240200,1765240200,556.7,-0.03,0.055,-0.01,-0.025,-0.045
btc-updown-15m-1765240200,1765240200,610.1,-0.03,0.015,0,-0.005,-0.005
btc-updown-15m-1765251000,1765251000,13.8,0.03,0.535,0.01,-0.01,0.135
btc-updown-15m-1765251000,1765251000,23.8,0.05,0.585,-0.02,-0.08,0.09
btc-updown-15m-1765251000,1765251000,34.7,-0.035,0.56,-0.015,-0.045,0.19
btc-updown-15m-1765251000,1765251000,75.7,-0.03,0.525,0.035,0.145,0.35
btc-updown-15m-1765251000,1765251000,85.8,-0.03,0.505,0.17,0.165,0.355
btc-updown-15m-1765251000,1765251000,98.4,0.03,0.515,0.15,0.27,0.39
btc-updown-15m-1765251000,1765251000,108.4,0.07,0.585,0.14,0.245,0.335
btc-updown-15m-1765251000,1765251000,118.4,0.08,0.665,0.04,0.2,0.25
btc-updown-15m-1765251000,1765251000,136.3,0.035,0.7,0.13,0.175,0.215
btc-updown-15m-1765251000,1765251000,146.8,-0.035,0.675,0.175,0.185,0.245
btc-updown-15m-1765251000,1765251000,156.9,0.07,0.745,0.115,0.15,0.19
btc-updown-15m-1765251000,1765251000,166.9,0.08,0.825,0.05,0.09,0.1
btc-updown-15m-1765251000,1765251000,176.9,0.03,0.855,0.005,0.075,0.08
btc-updown-15m-1765251000,1765251000,203.2,-0.03,0.845,0.085,0.075,0.1
btc-updown-15m-1765251000,1765251000,213.2,0.045,0.89,0.03,0.045,0.065
btc-updown-15m-1765251000,1765251000,223.2,0.045,0.935,-0.02,0,0.02
btc-updown-15m-1765251000,1765251000,244.1,-0.03,0.9,0.03,0.025,0.065
btc-updown-15m-1765251000,1765251000,279.3,0.03,0.935,0,0.02,0.03
btc-updown-15m-1765260900,1765260900,0.8,-0.03,0.495,0.11,0.12,0.205
btc-updown-15m-1765260900,1765260900,10.8,0.045,0.54,0.085,0.09,0.14
btc-updown-15m-1765260900,1765260900,23.6,-0.03,0.53,0.095,0.1,0.14
btc-updown-15m-1765260900,1765260900,33.6,0.075,0.605,0,0.03,0.08
btc-updown-15m-1765260900,1765260900,44.1,0.03,0.635,-0.005,0,-0.01
btc-updown-15m-1765260900,1765260900,54.1,-0.03,0.605,0.04,0.075,0.06
btc-updown-15m-1765260900,1765260900,64.6,0.03,0.625,0.015,0.06,0.005
btc-updown-15m-1765260900,1765260900,107.2,0.03,0.665,-0.005,-0.03,0.005
btc-updown-15m-1765260900,1765260900,118.3,0.035,0.7,-0.015,-0.03,0.035
btc-updown-15m-1765260900,1765260900,135.9,-0.03,0.655,-0.02,-0.02,0.1
btc-updown-15m-1765260900,1765260900,145.9,0.03,0.685,-0.02,-0.035,0.06
btc-updown-15m-1765260900,1765260900,161.4,-0.03,0.655,-0.02,0.02,0.07
btc-updown-15m-1765260900,1765260900,171.5,0.03,0.665,-0.03,0.02,-0.015
btc-updown-15m-1765260900,1765260900,181.8,-0.03,0.635,0.035,0.115,0.02
btc-updown-15m-1765260900,1765260900,192.2,0.03,0.645,0.025,0.11,0.06
btc-updown-15m-1765260900,1765260900,207.2,0.03,0.665,0.07,0.095,0.01
btc-updown-15m-1765260900,1765260900,233,0.035,0.705,0.05,-0.05,-0.08
btc-updown-15m-1765260900,1765260900,243.1,0.045,0.75,-0.02,-0.085,-0.115
btc-updown-15m-1765260900,1765260900,256.1,-0.03,0.755,-0.06,-0.105,-0.19
btc-updown-15m-1765260900,1765260900,272.6,-0.03,0.725,-0.06,-0.055,-0.22
btc-updown-15m-1765260900,1765260900,282.6,-0.04,0.685,0.01,0,-0.2
btc-updown-15m-1765260900,1765260900,292.6,-0.03,0.655,0.01,-0.03,-0.265
btc-updown-15m-1765260900,1765260900,305.6,0.03,0.685,0.005,-0.05,-0.29
btc-updown-15m-1765260900,1765260900,315.7,-0.035,0.65,0.035,-0.045,-0.215
btc-updown-15m-1765260900,1765260900,326.1,0.03,0.675,-0.055,-0.175,-0.245
btc-updown-15m-1765260900,1765260900,348.2,-0.03,0.655,-0.13,-0.27,-0.2
btc-updown-15m-1765260900,1765260900,367.3,0.03,0.645,-0.18,-0.21,-0.165
btc-updown-15m-1765260900,1765260900,377.3,-0.11,0.535,-0.14,-0.1,-0.06
btc-updown-15m-1765260900,1765260900,390.4,0.03,0.515,-0.11,-0.08,0.04
btc-updown-15m-1765260900,1765260900,400.4,-0.04,0.475,-0.04,-0.04,0.1
btc-updown-15m-1765260900,1765260900,410.4,-0.085,0.39,0.05,0.065,0.265
btc-updown-15m-1765260900,1765260900,427.3,0.03,0.44,-0.035,0.04,0.205
btc-updown-15m-1765260900,1765260900,457.9,-0.035,0.4,0.085,0.16,0.155
btc-updown-15m-1765260900,1765260900,468,0.06,0.455,0.015,0.2,0.115
btc-updown-15m-1765260900,1765260900,478.7,0.035,0.49,0.055,0.255,0.115
btc-updown-15m-1765260900,1765260900,499.3,0.03,0.51,0.135,0.155,-0.125
btc-updown-15m-1765260900,1765260900,509.4,0.045,0.555,0.2,0.115,-0.395
btc-updown-15m-1765260900,1765260900,519.9,0.035,0.585,0.075,-0.025,-0.445
btc-updown-15m-1765260900,1765260900,529.9,0.065,0.65,0.015,-0.075,-0.545
btc-updown-15m-1765260900,1765260900,539.9,0.105,0.755,-0.08,-0.15,-0.66
btc-updown-15m-1765260900,1765260900,550,-0.095,0.66,-0.1,-0.075,-0.605
btc-updown-15m-1765260900,1765260900,570.9,-0.03,0.635,-0.02,-0.48,-0.585
btc-updown-15m-1765260900,1765260900,581,-0.07,0.555,0,-0.42,-0.53
btc-updown-15m-1765260900,1765260900,596.6,0.03,0.6,-0.425,-0.505,-0.575
btc-updown-15m-1765260900,1765260900,606.6,0.04,0.64,-0.485,-0.585,-0.615
btc-updown-15m-1765260900,1765260900,616.6,-0.245,0.395,-0.215,-0.36,-0.38
btc-updown-15m-1765260900,1765260900,626.7,-0.22,0.175,-0.08,-0.125,-0.16
btc-updown-15m-1765260900,1765260900,637,-0.03,0.145,-0.09,-0.11,-0.13
btc-updown-15m-1765260900,1765260900,647,0.04,0.185,-0.15,-0.16,-0.17
btc-updown-15m-1765260900,1765260900,657,-0.09,0.095,-0.045,-0.07,-0.08
btc-updown-15m-1765260900,1765260900,667,-0.04,0.055,-0.02,-0.04,-0.04
btc-updown-15m-1765260900,1765260900,697.8,-0.03,0.025,-0.01,-0.01,0.01
btc-updown-15m-1765260900,1765260900,791.3,0.03,0.045,-0.005,-0.03,
btc-updown-15m-1765260900,1765260900,801.3,0.03,0.075,-0.06,-0.06,
btc-updown-15m-1765260900,1765260900,811.5,-0.035,0.04,-0.025,-0.025,
btc-updown-15m-1765260900,1765260900,821.9,0.03,0.065,-0.05,-0.05,
btc-updown-15m-1765260900,1765260900,831.9,-0.06,0.015,0,0,
btc-updown-15m-1765271700,1765271700,16.4,0.03,0.545,-0.01,0.03,-0.15
btc-updown-15m-1765271700,1765271700,40,-0.03,0.515,0.08,0.08,-0.29
btc-updown-15m-1765271700,1765271700,50,0.035,0.55,0.02,0.015,-0.32
btc-updown-15m-1765271700,1765271700,61.9,0.035,0.575,0.02,-0.17,-0.385
btc-updown-15m-1765271700,1765271700,74.3,-0.03,0.585,-0.025,-0.215,-0.37
btc-updown-15m-1765271700,1765271700,86.3,0.03,0.605,-0.19,-0.245,-0.42
btc-updown-15m-1765271700,1765271700,103.3,-0.03,0.565,-0.2,-0.35,-0.38
btc-updown-15m-1765271700,1765271700,113.3,-0.105,0.455,-0.1,-0.25,-0.28
btc-updown-15m-1765271700,1765271700,123.3,-0.04,0.415,-0.11,-0.225,-0.24
btc-updown-15m-1765271700,1765271700,133.3,-0.05,0.365,-0.15,-0.16,-0.18
btc-updown-15m-1765271700,1765271700,145.7,-0.03,0.355,-0.16,-0.175,-0.12
btc-updown-15m-1765271700,1765271700,155.7,-0.08,0.275,-0.09,-0.1,-0.06
btc-updown-15m-1765271700,1765271700,165.7,-0.04,0.235,-0.02,-0.05,-0.06
btc-updown-15m-1765271700,1765271700,175.7,-0.04,0.195,-0.015,-0.02,-0.03
btc-updown-15m-1765271700,1765271700,193.9,0.03,0.215,-0.025,-0.03,-0.08
btc-updown-15m-1765271700,1765271700,203.9,-0.03,0.185,-0.01,0.06,-0.07
btc-updown-15m-1765271700,1765271700,254.5,0.03,0.205,-0.02,-0.07,-0.04
btc-updown-15m-1765271700,1765271700,264.5,0.035,0.24,-0.085,-0.125,-0.075
btc-updown-15m-1765271700,1765271700,274.7,-0.03,0.21,-0.075,-0.085,-0.075
btc-updown-15m-1765271700,1765271700,285.7,-0.03,0.18,-0.045,-0.07,-0.075
btc-updown-15m-1765271700,1765271700,305.1,-0.03,0.135,-0.01,0.02,-0.01
btc-updown-15m-1765271700,1765271700,359,0.035,0.145,0.015,-0.01,0.09
btc-updown-15m-1765271700,1765271700,370.3,0.03,0.175,-0.06,-0.06,0.02
btc-updown-15m-1765271700,1765271700,392.7,-0.03,0.135,-0.005,0.13,0.09
btc-updown-15m-1765271700,1765271700,402.7,-0.03,0.105,0.015,0.15,0.07
btc-updown-15m-1765271700,1765271700,416.6,0.03,0.135,0.14,0.095,0.06
btc-updown-15m-1765271700,1765271700,427.8,-0.03,0.105,0.14,0.085,0.09
btc-updown-15m-1765271700,1765271700,437.8,0.1,0.205,0.04,-0.015,-0.035
btc-updown-15m-1765271700,1765271700,447.8,0.03,0.235,-0.005,-0.04,-0.1
btc-updown-15m-1765271700,1765271700,474.8,-0.03,0.23,-0.04,-0.025,-0.11
btc-updown-15m-1765271700,1765271700,484.8,-0.04,0.19,0.035,0.015,-0.05
btc-updown-15m-1765271700,1765271700,511.8,0.03,0.215,-0.01,-0.09,-0.14
btc-updown-15m-1765271700,1765271700,521.8,-0.03,0.185,-0.02,-0.07,-0.13
btc-updown-15m-1765271700,1765271700,532.7,0.03,0.205,-0.055,-0.08,-0.14
btc-updown-15m-1765271700,1765271700,550,-0.03,0.175,-0.06,-0.08,-0.12
btc-updown-15m-1765271700,1765271700,567.4,-0.03,0.135,-0.01,-0.04,-0.04
btc-updown-15m-1765271700,1765271700,588,-0.03,0.085,0.02,-0.02,0.08
btc-updown-15m-1765271700,1765271700,598,0.05,0.135,-0.04,-0.07,-0.015
btc-updown-15m-1765271700,1765271700,608,-0.03,0.105,-0.025,-0.05,-0.055
btc-updown-15m-1765271700,1765271700,631.1,-0.03,0.075,-0.01,0.045,-0.05
btc-updown-15m-1765271700,1765271700,679.1,0.03,0.085,0.08,-0.05,-0.07
btc-updown-15m-1765271700,1765271700,689.1,0.03,0.115,-0.005,-0.09,-0.105
btc-updown-15m-1765271700,1765271700,699.7,0.03,0.135,-0.08,-0.12,-0.125
btc-updown-15m-1765271700,1765271700,709.7,0.03,0.165,-0.13,-0.15,-0.155
btc-updown-15m-1765271700,1765271700,719.7,-0.055,0.11,-0.085,-0.095,-0.1
btc-updown-15m-1765271700,1765271700,729.7,-0.055,0.055,-0.04,-0.04,-0.045
btc-updown-15m-1765282500,1765282500,3.7,0.03,0.53,0,0.01,0.29
btc-updown-15m-1765282500,1765282500,14.6,-0.035,0.52,0.045,0.045,0.305
btc-updown-15m-1765282500,1765282500,41.9,0.03,0.555,0,0.2,0.265
btc-updown-15m-1765282500,1765282500,63,-0.035,0.54,0.23,0.28,0.35
btc-updown-15m-1765282500,1765282500,79.7,0.035,0.58,0.195,0.235,0.295
btc-updown-15m-1765282500,1765282500,89.7,0.165,0.745,0.06,0.09,0.15
btc-updown-15m-1765282500,1765282500,109.8,0.03,0.775,0.04,0.085,0.14
btc-updown-15m-1765282500,1765282500,119.8,0.03,0.805,0.02,0.05,0.1
btc-updown-15m-1765282500,1765282500,147.9,0.035,0.86,-0.015,0.03,0.055
btc-updown-15m-1765282500,1765282500,157.9,-0.035,0.825,0.07,0.06,0.08
btc-updown-15m-1765282500,1765282500,168,0.035,0.86,0.02,0.055,0.055
btc-updown-15m-1765282500,1765282500,182.2,0.03,0.88,0,0.025,0.045
btc-updown-15m-1765282500,1765282500,224.8,0.03,0.91,-0.015,0.005,0.035
btc-updown-15m-1765282500,1765282500,517.3,-0.03,0.945,0.025,0.03,0.04
btc-updown-15m-1765282500,1765282500,529.2,0.035,0.955,0.02,0.02,0.035
btc-updown-15m-1765292400,1765292400,3.4,-0.035,0.455,-0.015,0.08,0.44
btc-updown-15m-1765292400,1765292400,15.1,-0.03,0.435,0.065,0.16,0.46
btc-updown-15m-1765292400,1765292400,25.7,0.03,0.455,0.125,0.23,0.48
btc-updown-15m-1765292400,1765292400,37.8,0.035,0.485,0.04,0.27,0.48
btc-updown-15m-1765292400,1765292400,48.8,0.03,0.515,0.17,0.315,0.45
btc-updown-15m-1765292400,1765292400,58.8,0.05,0.565,0.13,0.26,0.39
btc-updown-15m-1765292400,1765292400,72.6,0.03,0.595,0.16,0.315,0.365
btc-updown-15m-1765292400,1765292400,82.7,0.14,0.735,0.11,0.195,0.215
btc-updown-15m-1765292400,1765292400,92.7,0.035,0.755,0.13,0.185,0.19
btc-updown-15m-1765292400,1765292400,104,0.03,0.775,0.13,0.18,0.18
btc-updown-15m-1765292400,1765292400,114,0.07,0.845,0.09,0.11,0.11
btc-updown-15m-1765292400,1765292400,124.1,0.05,0.895,0.05,0.07,0.07
btc-updown-15m-1765292400,1765292400,135.4,0.03,0.905,0.055,0.05,0.04
btc-updown-15m-1765292400,1765292400,145.4,0.03,0.935,0.03,0.03,0
btc-updown-15m-1765292400,1765292400,159.1,0.035,0.965,0.01,-0.02,-0.03
btc-updown-15m-1765292400,1765292400,203,-0.03,0.945,0.01,-0.02,-0.02
btc-updown-15m-1765292400,1765292400,261.8,-0.035,0.92,-0.005,0.005,0.045
btc-updown-15m-1765292400,1765292400,289.1,-0.03,0.905,0.02,0.05,0.08
btc-updown-15m-1765292400,1765292400,299.1,0.03,0.935,0.015,0.03,0.05
btc-updown-15m-1765292400,1765292400,316.4,-0.035,0.91,0.035,0.045,0.075
btc-updown-15m-1765292400,1765292400,326.9,0.035,0.95,0.005,0.025,0.035
btc-updown-15m-1765292400,1765292400,533.8,-0.03,0.945,-0.06,-0.033,-0.015
btc-updown-15m-1765292400,1765292400,543.8,-0.1,0.845,0.05,0.03,0.05
btc-updown-15m-1765292400,1765292400,556,0.03,0.875,0.035,0.009,0.01
btc-updown-15m-1765292400,1765292400,566,0.03,0.905,0.01,0.005,0.05
btc-updown-15m-1765292400,1765292400,579,0.03,0.925,-0.04,0,0.0515
btc-updown-15m-1765292400,1765292400,601.9,-0.03,0.895,0.025,0.04,0.083
btc-updown-15m-1765292400,1765292400,612.3,-0.035,0.86,0.065,0.005,0.126
btc-updown-15m-1765292400,1765292400,622.4,0.0485,0.905,0.04,0.045,0.0845
btc-updown-15m-1765292400,1765292400,635.1,0.03,0.925,-0.05,0.0495,0.0695
btc-updown-15m-1765292400,1765292400,662.5,-0.035,0.91,0.0645,0.0705,0.0845
btc-updown-15m-1765292400,1765292400,672.5,-0.05,0.86,0.115,0.1265,0.1345
btc-updown-15m-1765292400,1765292400,682.5,0.08,0.945,0.031,0.0445,0.0495
btc-updown-15m-1765292400,1765292400,693.7,0.0345,0.9745,0.012,0.02,0.024
btc-updown-15m-1765292400,1765292400,725.7,0.0345,0.9895,0.005,0.005,0.0035
btc-updown-15m-1765303200,1765303200,5.7,0.035,0.505,0.035,0.02,0.1
btc-updown-15m-1765303200,1765303200,21.5,-0.03,0.475,0.11,0.08,0.11
btc-updown-15m-1765303200,1765303200,31.5,0.07,0.545,0.06,0.02,0.02
btc-updown-15m-1765303200,1765303200,41.5,-0.03,0.515,0.03,0.02,0.1
btc-updown-15m-1765303200,1765303200,51.5,0.065,0.585,-0.03,-0.02,0.03
btc-updown-15m-1765303200,1765303200,64.2,-0.035,0.555,0.04,0.03,0.07
btc-updown-15m-1765303200,1765303200,75.2,0.03,0.56,-0.015,0.045,0.145
btc-updown-15m-1765303200,1765303200,87,0.035,0.575,-0.01,-0.01,-0.035
btc-updown-15m-1765303200,1765303200,102.9,-0.035,0.545,0.05,0.065,0.035
btc-updown-15m-1765303200,1765303200,113,0.035,0.58,0.01,0.035,-0.015
btc-updown-15m-1765303200,1765303200,125.7,0.03,0.605,-0.04,0.02,0.02
btc-updown-15m-1765303200,1765303200,136.5,0.03,0.615,0.005,0.07,-0.04
btc-updown-15m-1765303200,1765303200,146.6,-0.04,0.575,0.045,-0.04,0.04
btc-updown-15m-1765303200,1765303200,159.6,0.03,0.595,0.115,-0.025,-0.1
btc-updown-15m-1765303200,1765303200,180.5,0.03,0.645,-0.09,-0.08,-0.165
btc-updown-15m-1765303200,1765303200,190.5,0.055,0.7,-0.125,-0.075,-0.175
btc-updown-15m-1765303200,1765303200,200.6,-0.06,0.64,-0.075,-0.045,-0.105
btc-updown-15m-1765303200,1765303200,210.6,-0.08,0.555,0.01,0.01,0.02
btc-updown-15m-1765303200,1765303200,221.3,0.035,0.58,0.055,-0.085,-0.055
btc-updown-15m-1765303200,1765303200,232.2,-0.03,0.565,0.01,-0.11,-0.075
btc-updown-15m-1765303200,1765303200,244.2,0.03,0.595,-0.05,-0.1,-0.08
btc-updown-15m-1765303200,1765303200,255.6,-0.03,0.595,-0.11,-0.045,-0.15
btc-updown-15m-1765303200,1765303200,266.1,0.03,0.605,-0.12,-0.02,-0.12
btc-updown-15m-1765303200,1765303200,276.1,-0.07,0.535,-0.04,0.015,-0.115
btc-updown-15m-1765303200,1765303200,286.1,-0.05,0.485,0.07,0.02,-0.165
btc-updown-15m-1765303200,1765303200,298.5,0.04,0.485,0.1,0.04,-0.16
btc-updown-15m-1765303200,1765303200,308.6,0.03,0.51,0.025,-0.035,-0.255
btc-updown-15m-1765303200,1765303200,318.6,0.035,0.545,-0.04,-0.085,-0.34
btc-updown-15m-1765303200,1765303200,328.6,0.04,0.585,-0.05,-0.145,-0.36
btc-updown-15m-1765303200,1765303200,338.6,-0.05,0.535,-0.06,-0.115,-0.325
btc-updown-15m-1765303200,1765303200,348.6,-0.03,0.505,-0.045,-0.2,-0.295
btc-updown-15m-1765303200,1765303200,358.9,0.03,0.535,-0.1,-0.21,-0.365
btc-updown-15m-1765303200,1765303200,368.9,-0.06,0.475,-0.05,-0.24,-0.33
btc-updown-15m-1765303200,1765303200,382.7,0.04,0.485,-0.16,-0.275,-0.4
btc-updown-15m-1765303200,1765303200,392.7,-0.06,0.425,-0.12,-0.21,-0.34
btc-updown-15m-1765303200,1765303200,402.8,-0.075,0.35,-0.105,-0.155,-0.255
btc-updown-15m-1765303200,1765303200,420,0.03,0.325,-0.11,-0.15,-0.255
btc-updown-15m-1765303200,1765303200,430.1,-0.115,0.21,0.005,-0.065,-0.155
btc-updown-15m-1765303200,1765303200,440.2,-0.03,0.185,0.04,-0.105,-0.13
btc-updown-15m-1765303200,1765303200,450.2,0.03,0.215,-0.04,-0.115,-0.16
btc-updown-15m-1765303200,1765303200,461.2,-0.03,0.185,-0.08,-0.1,-0.13
btc-updown-15m-1765303200,1765303200,471.3,0.04,0.215,-0.125,-0.11,-0.15
btc-updown-15m-1765303200,1765303200,481.3,-0.03,0.185,-0.08,-0.1,-0.115
btc-updown-15m-1765303200,1765303200,491.3,-0.08,0.105,-0.02,-0.045,-0.02
btc-updown-15m-1765303200,1765303200,503.3,-0.03,0.08,0.005,-0.025,0.08
btc-updown-15m-1765303200,1765303200,516.6,0.03,0.095,-0.025,-0.04,0.015
btc-updown-15m-1765303200,1765303200,528.9,0.03,0.105,-0.05,-0.05,0.01
btc-updown-15m-1765303200,1765303200,538.9,-0.035,0.07,-0.015,0,0.085
btc-updown-15m-1765303200,1765303200,551.4,-0.03,0.055,0,0.03,0.19
btc-updown-15m-1765303200,1765303200,615,0.03,0.095,0.005,0.11,0.33
btc-updown-15m-1765303200,1765303200,625,0.07,0.165,-0.02,0.18,0.275
btc-updown-15m-1765303200,1765303200,635,-0.055,0.11,0.06,0.33,0.405
btc-updown-15m-1765303200,1765303200,649.3,0.03,0.14,0.125,0.28,0.19
btc-updown-15m-1765303200,1765303200,665.2,0.03,0.175,0.265,0.33,0.36
btc-updown-15m-1765303200,1765303200,675.2,0.035,0.215,0.21,0.22,0.25
btc-updown-15m-1765303200,1765303200,685.2,0.125,0.34,0.08,0.115,0.405
btc-updown-15m-1765303200,1765303200,695.2,0.105,0.445,0.06,0.07,0.39
btc-updown-15m-1765303200,1765303200,705.6,-0.03,0.415,0.03,-0.01,0.31
btc-updown-15m-1765303200,1765303200,716.1,0.035,0.43,0.075,-0.045,0.42
btc-updown-15m-1765303200,1765303200,726.1,0.04,0.47,0.075,0.06,0.435
btc-updown-15m-1765303200,1765303200,736.1,-0.04,0.445,-0.04,0.03,0.465
btc-updown-15m-1765303200,1765303200,746.1,0.06,0.505,-0.12,0.26,0.405
btc-updown-15m-1765303200,1765303200,756.2,0.04,0.545,-0.015,0.31,0.39
btc-updown-15m-1765303200,1765303200,766.2,-0.14,0.405,0.07,0.325,0.575
btc-updown-15m-1765303200,1765303200,777.7,0.03,0.385,0.33,0.47,0.55
btc-updown-15m-1765303200,1765303200,787.7,0.07,0.455,0.39,0.465,
btc-updown-15m-1765303200,1765303200,799.1,-0.035,0.485,0.325,0.405,
btc-updown-15m-1765303200,1765303200,809.1,0.25,0.735,0.12,0.17,
btc-updown-15m-1765303200,1765303200,819.1,0.105,0.84,0.12,0.105,
btc-updown-15m-1765303200,1765303200,829.3,-0.03,0.815,0.09,0.16,
btc-updown-15m-1765303200,1765303200,839.3,0.04,0.855,0.05,0.135,
btc-updown-15m-1765303200,1765303200,849.4,0.105,0.96,-0.015,,
btc-updown-15m-1765303200,1765303200,859.4,-0.055,0.905,0.06,,
btc-updown-15m-1765303200,1765303200,874.1,0.03,0.935,,,
btc-updown-15m-1765303200,1765303200,884.1,0.035,0.97,,,
btc-updown-15m-1765303200,1765303200,895.4,-0.03,0.955,,,
btc-updown-15m-1765314000,1765314000,15.3,0.03,0.525,0.07,-0.03,-0.04
btc-updown-15m-1765314000,1765314000,25.4,0.035,0.56,-0.025,-0.085,-0.055
btc-updown-15m-1765314000,1765314000,35.4,-0.055,0.505,0.02,-0.04,0.075
btc-updown-15m-1765314000,1765314000,45.4,0.09,0.595,-0.1,-0.17,-0.02
btc-updown-15m-1765314000,1765314000,55.4,-0.06,0.535,-0.06,-0.06,0.045
btc-updown-15m-1765314000,1765314000,68,-0.03,0.505,-0.04,-0.05,-0.005
btc-updown-15m-1765314000,1765314000,102.2,-0.035,0.435,0.03,0.15,0.015
btc-updown-15m-1765314000,1765314000,113.1,0.03,0.455,0.055,0.13,0
btc-updown-15m-1765314000,1765314000,130.9,-0.035,0.455,0.145,0.045,0.07
btc-updown-15m-1765314000,1765314000,140.9,0.045,0.505,0.07,0.055,0.035
btc-updown-15m-1765314000,1765314000,150.9,0.03,0.535,0.03,-0.02,0.05
btc-updown-15m-1765314000,1765314000,161,0.06,0.595,-0.095,-0.145,-0.005
btc-updown-15m-1765314000,1765314000,186,-0.035,0.545,-0.06,-0.055,0.07
btc-updown-15m-1765314000,1765314000,198.1,0.03,0.53,-0.095,-0.005,0.205
btc-updown-15m-1765314000,1765314000,208.8,-0.03,0.515,-0.075,0.065,0.205
btc-updown-15m-1765314000,1765314000,218.9,-0.03,0.485,0.03,0.1,0.215
btc-updown-15m-1765314000,1765314000,229.4,-0.035,0.45,0.085,0.13,0.255
btc-updown-15m-1765314000,1765314000,239.6,-0.03,0.425,0.15,0.16,0.245
btc-updown-15m-1765314000,1765314000,249.6,0.11,0.535,0.055,0.125,0.12
btc-updown-15m-1765314000,1765314000,261.7,0.03,0.545,0.02,0.19,0.07
btc-updown-15m-1765314000,1765314000,275,-0.035,0.535,0.06,0.205,-0.01
btc-updown-15m-1765314000,1765314000,285,0.055,0.59,0.145,0.12,-0.055
btc-updown-15m-1765314000,1765314000,305.1,0.03,0.605,0.13,0.02,-0.09
btc-updown-15m-1765314000,1765314000,315.1,0.13,0.735,-0.025,-0.115,-0.24
btc-updown-15m-1765314000,1765314000,325.1,-0.04,0.695,-0.03,-0.1,-0.215
btc-updown-15m-1765314000,1765314000,335.1,0.04,0.735,-0.11,-0.195,-0.16
btc-updown-15m-1765314000,1765314000,345.8,-0.03,0.71,-0.105,-0.19,-0.225
btc-updown-15m-1765314000,1765314000,355.8,-0.045,0.665,-0.065,-0.105,-0.13
btc-updown-15m-1765314000,1765314000,365.8,-0.04,0.625,-0.11,-0.11,-0.15
btc-updown-15m-1765314000,1765314000,376,-0.035,0.605,-0.09,-0.11,-0.1
btc-updown-15m-1765314000,1765314000,390.1,-0.03,0.585,-0.04,-0.08,-0.075
btc-updown-15m-1765314000,1765314000,402.8,0.035,0.59,-0.085,-0.085,-0.035
btc-updown-15m-1765314000,1765314000,412.8,-0.035,0.56,-0.085,-0.03,-0.045
btc-updown-15m-1765314000,1765314000,423.7,-0.03,0.53,0.045,-0.045,-0.065
btc-updown-15m-1765314000,1765314000,437,-0.03,0.495,-0.01,0.01,-0.19
btc-updown-15m-1765314000,1765314000,450.4,0.03,0.515,0.02,-0.01,-0.17
btc-updown-15m-1765314000,1765314000,460.4,0.03,0.545,-0.035,0.02,-0.15
btc-updown-15m-1765314000,1765314000,470.4,-0.06,0.485,0.04,0.035,-0.19
btc-updown-15m-1765314000,1765314000,480.5,0.05,0.535,-0.03,-0.07,-0.25
btc-updown-15m-1765314000,1765314000,491.5,-0.03,0.505,0.05,-0.195,-0.3
btc-updown-15m-1765314000,1765314000,501.6,0.03,0.535,-0.01,-0.205,-0.31
btc-updown-15m-1765314000,1765314000,512.4,0.03,0.555,-0.09,-0.18,-0.26
btc-updown-15m-1765314000,1765314000,526.4,-0.035,0.53,-0.235,-0.2,-0.23
btc-updown-15m-1765314000,1765314000,536.4,-0.04,0.485,-0.15,-0.195,-0.08
btc-updown-15m-1765314000,1765314000,546.5,-0.035,0.45,-0.085,-0.235,-0.045
btc-updown-15m-1765314000,1765314000,556.6,-0.095,0.295,0.04,-0.07,0.06
btc-updown-15m-1765314000,1765314000,566.6,0.03,0.325,-0.04,-0.09,0.025
btc-updown-15m-1765314000,1765314000,576.6,0.04,0.365,-0.15,-0.09,0.01
btc-updown-15m-1765314000,1765314000,587,-0.04,0.335,-0.105,-0.04,0.01
btc-updown-15m-1765314000,1765314000,597,-0.055,0.28,-0.035,0.135,0.115
btc-updown-15m-1765314000,1765314000,607,-0.055,0.225,0.065,0.18,0.39
btc-updown-15m-1765314000,1765314000,630.1,0.03,0.255,0.18,0.12,0.33
btc-updown-15m-1765314000,1765314000,640.1,0.06,0.315,0.1,0.04,0.425
btc-updown-15m-1765314000,1765314000,651.3,0.03,0.335,0.02,0.03,0.38
btc-updown-15m-1765314000,1765314000,661.3,0.09,0.425,-0.055,0,0.26
btc-updown-15m-1765314000,1765314000,671.3,-0.04,0.385,-0.03,0.215,0.23
btc-updown-15m-1765314000,1765314000,681.3,-0.03,0.355,0.01,0.245,0.275
btc-updown-15m-1765314000,1765314000,695.3,0.03,0.375,0.225,0.42,0.285
btc-updown-15m-1765314000,1765314000,705.4,-0.03,0.345,0.25,0.365,0.19
btc-updown-15m-1765314000,1765314000,715.5,0.05,0.395,0.195,0.315,0.09
btc-updown-15m-1765314000,1765314000,725.5,0.195,0.59,0.195,-0.035,-0.545
btc-updown-15m-1765314000,1765314000,738.3,-0.03,0.59,0.09,0.035,-0.58
btc-updown-15m-1765314000,1765314000,748.3,-0.035,0.555,0.135,0.1,-0.545
btc-updown-15m-1765314000,1765314000,758.3,0.22,0.775,-0.24,-0.105,-0.765
btc-updown-15m-1765314000,1765314000,768.4,-0.095,0.68,-0.055,-0.155,-0.67
btc-updown-15m-1765314000,1765314000,782,-0.035,0.675,-0.01,-0.24,
btc-updown-15m-1765314000,1765314000,792,-0.045,0.63,0.055,-0.605,
btc-updown-15m-1765314000,1765314000,803.6,0.03,0.645,-0.12,-0.635,
btc-updown-15m-1765314000,1765314000,819.2,0.03,0.685,-0.63,-0.675,
btc-updown-15m-1765314000,1765314000,829.2,-0.17,0.515,-0.505,-0.505,
btc-updown-15m-1765314000,1765314000,839.2,-0.06,0.455,-0.445,-0.445,
btc-updown-15m-1765314000,1765314000,849.2,-0.4,0.055,-0.045,,
btc-updown-15m-1765324800,1765324800,5.6,-0.035,0.49,-0.02,-0.075,-0.06
btc-updown-15m-1765324800,1765324800,37.7,-0.035,0.455,-0.04,0.08,0.03
btc-updown-15m-1765324800,1765324800,47.7,-0.045,0.41,0.015,0.045,0.065
btc-updown-15m-1765324800,1765324800,80.1,0.035,0.445,0.01,0.01,0.195
btc-updown-15m-1765324800,1765324800,92.2,0.035,0.5,-0.07,-0.04,0.19
btc-updown-15m-1765324800,1765324800,102.7,-0.03,0.485,-0.06,-0.01,0.15
btc-updown-15m-1765324800,1765324800,115.1,-0.03,0.425,0.02,0.05,0.155
btc-updown-15m-1765324800,1765324800,136.1,0.03,0.46,0.02,0.175,-0.005
btc-updown-15m-1765324800,1765324800,157.5,0.035,0.48,-0.02,0.21,-0.035
btc-updown-15m-1765324800,1765324800,192.1,0.035,0.5,0.125,-0.04,-0.095
btc-updown-15m-1765324800,1765324800,202.2,0.105,0.635,-0.025,-0.18,-0.255
btc-updown-15m-1765324800,1765324800,212.2,0.055,0.69,-0.185,-0.24,-0.32
btc-updown-15m-1765324800,1765324800,222.2,-0.055,0.635,-0.175,-0.18,-0.26
btc-updown-15m-1765324800,1765324800,232.2,-0.03,0.605,-0.15,-0.155,-0.255
btc-updown-15m-1765324800,1765324800,242.2,-0.095,0.505,-0.055,-0.07,-0.15
btc-updown-15m-1765324800,1765324800,252.2,-0.045,0.46,-0.005,-0.055,-0.09
btc-updown-15m-1765324800,1765324800,305.9,-0.035,0.4,-0.03,-0.055,0.185
btc-updown-15m-1765324800,1765324800,328.6,-0.03,0.365,-0.015,0.095,0.195
btc-updown-15m-1765324800,1765324800,370.9,0.03,0.385,0.14,0.185,0.03
btc-updown-15m-1765324800,1765324800,380.9,0.055,0.44,0.135,0.125,-0.025
btc-updown-15m-1765324800,1765324800,390.9,0.085,0.525,0.065,0.04,-0.11
btc-updown-15m-1765324800,1765324800,409.7,0.03,0.55,0,-0.145,-0.085
btc-updown-15m-1765324800,1765324800,419.8,0.05,0.605,-0.06,-0.105,-0.15
btc-updown-15m-1765324800,1765324800,429.9,-0.04,0.565,0.01,-0.15,-0.1
btc-updown-15m-1765324800,1765324800,461.3,-0.04,0.525,-0.11,-0.055,0.07
btc-updown-15m-1765324800,1765324800,471.3,-0.16,0.365,0.06,0.1,0.23
btc-updown-15m-1765324800,1765324800,481.4,0.12,0.49,-0.065,-0.065,0.19
btc-updown-15m-1765324800,1765324800,491.5,-0.08,0.415,0.06,0.06,0.21
btc-updown-15m-1765324800,1765324800,502.8,0.035,0.43,0.025,0.11,0.245
btc-updown-15m-1765324800,1765324800,520.7,0.03,0.445,0.02,0.15,0.155
btc-updown-15m-1765324800,1765324800,532.1,-0.035,0.465,0.08,0.13,0.215
btc-updown-15m-1765324800,1765324800,542.2,-0.045,0.42,0.115,0.185,0.315
btc-updown-15m-1765324800,1765324800,552.2,0.055,0.475,0.13,0.15,0.255
btc-updown-15m-1765324800,1765324800,562.2,0.07,0.545,0.05,0.125,0.12
btc-updown-15m-1765324800,1765324800,575.8,0.035,0.57,0.04,0.055,0.145
btc-updown-15m-1765324800,1765324800,597.1,0.035,0.625,0.03,0.12,0.165
btc-updown-15m-1765324800,1765324800,607.5,-0.04,0.615,0.01,0.11,0.13
btc-updown-15m-1765324800,1765324800,620.4,0.03,0.655,0.02,0.07,0.135
btc-updown-15m-1765324800,1765324800,630.5,-0.055,0.6,0.145,0.105,0.185
btc-updown-15m-1765324800,1765324800,644.6,0.03,0.655,0.08,0.12,0.28
btc-updown-15m-1765324800,1765324800,654.6,0.055,0.71,0.005,0.18,0.255
btc-updown-15m-1765324800,1765324800,680.6,-0.03,0.7,0.175,0.08,0.265
btc-updown-15m-1765324800,1765324800,691.3,0.055,0.705,0.04,0.075,0.27
btc-updown-15m-1765324800,1765324800,701.3,0.07,0.775,0.01,0.12,0.21
btc-updown-15m-1765324800,1765324800,711.3,0.095,0.87,-0.095,0.05,0.11
btc-updown-15m-1765324800,1765324800,721.4,-0.125,0.745,0.035,0.24,0.235
btc-updown-15m-1765324800,1765324800,731.4,0.04,0.785,0.11,0.18,0.195
btc-updown-15m-1765324800,1765324800,741.6,-0.03,0.775,0.15,0.19,0.21
btc-updown-15m-1765324800,1765324800,759.1,0.03,0.805,0.16,0.18,0.185
btc-updown-15m-1765324800,1765324800,769.1,0.16,0.965,0.005,0.02,0.025
btc-updown-15m-1765324800,1765324800,779.6,0.035,0.975,0,0.005,0.015
btc-updown-15m-1765324800,1765324800,791.5,-0.03,0.955,0.03,0.025,
btc-updown-15m-1765334700,1765334700,32.4,-0.035,0.44,-0.26,-0.26,-0.27
btc-updown-15m-1765334700,1765334700,42.4,-0.14,0.3,-0.085,-0.135,-0.07
btc-updown-15m-1765334700,1765334700,52.4,-0.11,0.185,0.005,0,0.06
btc-updown-15m-1765334700,1765334700,65.6,0.04,0.195,-0.005,-0.035,0.05
btc-updown-15m-1765334700,1765334700,78.3,-0.03,0.185,0.005,-0.02,0.06
btc-updown-15m-1765334700,1765334700,126,-0.03,0.155,0.01,0.08,0.21
btc-updown-15m-1765334700,1765334700,159.4,0.03,0.195,0.06,0,0.16
btc-updown-15m-1765334700,1765334700,169.4,0.05,0.245,0,0.15,0.105
btc-updown-15m-1765334700,1765334700,213.1,-0.03,0.215,0.16,0.11,-0.005
btc-updown-15m-1765334700,1765334700,223.1,0.11,0.325,0.04,0.03,-0.115
btc-updown-15m-1765334700,1765334700,234.8,-0.035,0.315,0.01,0.04,-0.1
btc-updown-15m-1765334700,1765334700,244.9,0.05,0.365,-0.055,-0.05,-0.17
btc-updown-15m-1765334700,1765334700,263.5,-0.035,0.33,0.03,-0.115,-0.105
btc-updown-15m-1765334700,1765334700,275.2,-0.03,0.305,0.01,-0.095,-0.1
btc-updown-15m-1765334700,1765334700,285.2,0.05,0.355,-0.1,-0.145,-0.14
btc-updown-15m-1765334700,1765334700,302,-0.035,0.33,-0.125,-0.105,-0.11
btc-updown-15m-1765334700,1765334700,312.2,-0.03,0.295,-0.09,-0.05,-0.065
btc-updown-15m-1765334700,1765334700,322.2,-0.08,0.215,-0.01,0.01,0
btc-updown-15m-1765334700,1765334700,357.8,0.03,0.24,-0.02,-0.025,-0.065
btc-updown-15m-1765334700,1765334700,372.5,0.03,0.245,-0.03,-0.015,0.03
btc-updown-15m-1765334700,1765334700,424.8,0.03,0.235,-0.025,-0.06,0.005
btc-updown-15m-1765334700,1765334700,479.9,-0.03,0.165,0.13,0.13,0.015
btc-updown-15m-1765334700,1765334700,489.9,0.05,0.215,0.08,0.05,-0.075
btc-updown-15m-1765334700,1765334700,499.9,0.085,0.31,-0.015,-0.025,-0.205
btc-updown-15m-1765334700,1765334700,542.8,-0.035,0.26,0.025,-0.105,-0.185
btc-updown-15m-1765334700,1765334700,553.3,0.03,0.275,0.02,-0.12,-0.2
btc-updown-15m-1765334700,1765334700,563.6,0.035,0.305,-0.105,-0.2,-0.245
btc-updown-15m-1765334700,1765334700,587.1,-0.035,0.255,-0.095,-0.16,-0.08
btc-updown-15m-1765334700,1765334700,597.2,-0.08,0.175,-0.065,-0.08,0.22
btc-updown-15m-1765334700,1765334700,607.6,-0.03,0.145,-0.05,-0.07,0.265
btc-updown-15m-1765334700,1765334700,619,-0.035,0.105,-0.005,-0.03,0.22
btc-updown-15m-1765334700,1765334700,668.5,-0.03,0.07,0.075,0.265,0.06
btc-updown-15m-1765334700,1765334700,697.4,0.03,0.09,0.32,0.205,0.295
btc-updown-15m-1765334700,1765334700,707.5,0.08,0.175,0.205,0.06,0.17
btc-updown-15m-1765334700,1765334700,717.5,0.22,0.395,-0.075,-0.19,0.06
btc-updown-15m-1765334700,1765334700,728.3,-0.04,0.375,-0.08,-0.245,-0.115
btc-updown-15m-1765334700,1765334700,745.4,-0.045,0.325,-0.13,-0.15,0.655
btc-updown-15m-1765334700,1765334700,755.4,-0.03,0.295,-0.175,0.05,0.695
btc-updown-15m-1765334700,1765334700,766.7,-0.035,0.26,-0.12,0.085,0.73
btc-updown-15m-1765334700,1765334700,776.8,-0.05,0.205,-0.01,0.245,0.785
btc-updown-15m-1765334700,1765334700,786.8,-0.08,0.125,0.27,0.145,
btc-updown-15m-1765334700,1765334700,805.4,0.03,0.17,0.285,0.81,
btc-updown-15m-1765334700,1765334700,815.4,0.17,0.345,-0.08,0.645,
btc-updown-15m-1765334700,1765334700,825.7,-0.04,0.335,0.51,0.655,
btc-updown-15m-1765334700,1765334700,835.7,0.115,0.45,0.52,0.54,
btc-updown-15m-1765334700,1765334700,845.7,-0.185,0.265,0.725,,
btc-updown-15m-1765334700,1765334700,855.7,0.58,0.845,0.145,,
btc-updown-15m-1765334700,1765334700,865.8,0.14,0.985,0.005,,
btc-updown-15m-1765345500,1765345500,8.9,-0.04,0.455,0.01,0.01,0.01
btc-updown-15m-1765345500,1765345500,51.5,-0.035,0.44,0.055,0.025,0.02
btc-updown-15m-1765345500,1765345500,70.8,0.035,0.48,-0.035,-0.015,0.025
btc-updown-15m-1765345500,1765345500,99.8,-0.035,0.45,0.015,0.025,0.025
btc-updown-15m-1765345500,1765345500,174,-0.035,0.44,0.065,0.035,0.07
btc-updown-15m-1765345500,1765345500,189.7,0.035,0.48,-0.005,0.025,-0.025
btc-updown-15m-1765345500,1765345500,200,0.03,0.505,-0.03,0.08,-0.07
btc-updown-15m-1765345500,1765345500,218.5,-0.03,0.475,0.02,0.08,-0.09
btc-updown-15m-1765345500,1765345500,249.5,0.03,0.505,0.04,-0.05,-0.18
btc-updown-15m-1765345500,1765345500,259.5,0.08,0.585,-0.075,-0.15,-0.245
btc-updown-15m-1765345500,1765345500,271.6,-0.035,0.555,-0.1,-0.15,-0.205
btc-updown-15m-1765345500,1765345500,281.6,-0.045,0.51,-0.065,-0.11,-0.145
btc-updown-15m-1765345500,1765345500,301.5,-0.03,0.475,-0.07,-0.16,-0.16
btc-updown-15m-1765345500,1765345500,312.1,0.04,0.445,-0.055,-0.125,-0.25
btc-updown-15m-1765345500,1765345500,326,-0.035,0.4,-0.08,-0.05,-0.245
btc-updown-15m-1765345500,1765345500,336.6,-0.035,0.385,-0.06,-0.03,-0.25
btc-updown-15m-1765345500,1765345500,348.8,-0.03,0.355,-0.015,0,-0.25
btc-updown-15m-1765345500,1765345500,409.7,-0.03,0.345,-0.19,-0.24,-0.21
btc-updown-15m-1765345500,1765345500,421.5,-0.035,0.32,-0.185,-0.165,-0.125
btc-updown-15m-1765345500,1765345500,431.5,-0.13,0.185,-0.05,-0.01,0.01
btc-updown-15m-1765345500,1765345500,441.6,-0.035,0.15,-0.025,0.025,0.265
btc-updown-15m-1765345500,1765345500,468.3,-0.03,0.11,0.07,0.025,0.145
btc-updown-15m-1765345500,1765345500,478.4,0.045,0.155,0.01,0.01,0.07
btc-updown-15m-1765345500,1765345500,489,0.03,0.185,-0.04,0.01,0.1
btc-updown-15m-1765345500,1765345500,504.7,-0.03,0.165,-0.03,0.17,0.15
btc-updown-15m-1765345500,1765345500,521.2,-0.03,0.14,0.055,0.195,0.18
btc-updown-15m-1765345500,1765345500,535.9,0.03,0.165,0.175,0.05,0.165
btc-updown-15m-1765345500,1765345500,546,0.03,0.195,0.14,0.06,0.2
btc-updown-15m-1765345500,1765345500,556.6,0.03,0.225,0.05,0.04,0.14
btc-updown-15m-1765345500,1765345500,566.9,0.03,0.335,-0.11,-0.015,-0.04
btc-updown-15m-1765345500,1765345500,582.8,-0.03,0.285,-0.015,0.035,0.01
btc-updown-15m-1765345500,1765345500,592.8,-0.06,0.225,0.075,0.1,0.005
btc-updown-15m-1765345500,1765345500,602.8,0.03,0.255,0.06,0.07,-0.06
btc-updown-15m-1765345500,1765345500,623,0.035,0.305,0.02,0.04,0.115
btc-updown-15m-1765345500,1765345500,664.6,0.04,0.365,-0.07,-0.19,-0.045
btc-updown-15m-1765345500,1765345500,674.7,-0.03,0.365,-0.07,-0.195,-0.075
btc-updown-15m-1765345500,1765345500,685.3,-0.035,0.33,-0.1,0.11,-0.05
btc-updown-15m-1765345500,1765345500,707.4,-0.035,0.26,-0.08,-0.025,-0.045
btc-updown-15m-1765345500,1765345500,719.2,-0.03,0.22,0.21,0.085,-0.065
btc-updown-15m-1765345500,1765345500,738,0.04,0.24,0,0.06,-0.225
btc-updown-15m-1765345500,1765345500,748.1,0.21,0.455,-0.18,-0.185,-0.44
btc-updown-15m-1765345500,1765345500,758.1,-0.18,0.275,0.025,-0.025,-0.26
btc-updown-15m-1765345500,1765345500,768.2,-0.04,0.235,0.075,-0.025,-0.22
btc-updown-15m-1765345500,1765345500,778.2,0.04,0.275,0.005,-0.11,-0.26
btc-updown-15m-1765345500,1765345500,791.3,-0.04,0.3,-0.06,-0.275,
btc-updown-15m-1765345500,1765345500,806.1,-0.035,0.275,-0.09,-0.26,
btc-updown-15m-1765345500,1765345500,816.1,-0.05,0.225,-0.19,-0.21,
btc-updown-15m-1765345500,1765345500,826.6,-0.03,0.22,-0.205,-0.205,
btc-updown-15m-1765345500,1765345500,836.7,-0.035,0.185,-0.17,-0.17,
btc-updown-15m-1765345500,1765345500,846.7,-0.15,0.035,-0.02,,
btc-updown-15m-1765356300,1765356300,3,0.03,0.545,-0.12,-0.02,0.08
btc-updown-15m-1765356300,1765356300,13.1,-0.04,0.505,-0.01,0,0.13
btc-updown-15m-1765356300,1765356300,23.1,-0.04,0.465,0.07,0.035,0.17
btc-updown-15m-1765356300,1765356300,33.1,-0.04,0.425,0.1,0.13,0.19
btc-updown-15m-1765356300,1765356300,43.1,0.07,0.495,0.01,0.08,0.11
btc-updown-15m-1765356300,1765356300,53.2,0.04,0.535,-0.03,0.075,0.1
btc-updown-15m-1765356300,1765356300,64.2,-0.03,0.515,0.04,0.11,0.16
btc-updown-15m-1765356300,1765356300,75.6,-0.03,0.475,0.12,0.155,0.27
btc-updown-15m-1765356300,1765356300,85.7,0.045,0.525,0.09,0.11,0.23
btc-updown-15m-1765356300,1765356300,95.8,0.03,0.555,0.07,0.065,0.2
btc-updown-15m-1765356300,1765356300,105.9,0.04,0.595,0.035,0.01,0.075
btc-updown-15m-1765356300,1765356300,172.9,0.03,0.635,0.115,0.03,-0.03
btc-updown-15m-1765356300,1765356300,183.1,0.04,0.675,0.075,-0.01,-0.07
btc-updown-15m-1765356300,1765356300,193.1,0.07,0.745,-0.075,-0.09,-0.16
btc-updown-15m-1765356300,1765356300,222.7,-0.03,0.715,-0.04,-0.095,0.01
btc-updown-15m-1765356300,1765356300,279,-0.03,0.65,-0.095,0.08,0.075
btc-updown-15m-1765356300,1765356300,289,-0.035,0.615,-0.015,0.06,0.11
btc-updown-15m-1765356300,1765356300,306.7,-0.03,0.575,0.16,0.22,0.19
btc-updown-15m-1765356300,1765356300,316.8,0.03,0.595,0.085,0.115,0.16
btc-updown-15m-1765356300,1765356300,326.8,0.045,0.64,0.07,0.07,0.115
btc-updown-15m-1765356300,1765356300,336.8,0.075,0.735,0.06,-0.015,0.035
btc-updown-15m-1765356300,1765356300,346.8,-0.06,0.675,0.035,0.05,0.1
btc-updown-15m-1765356300,1765356300,356.9,0.035,0.71,0,0.02,-0.255
btc-updown-15m-1765356300,1765356300,366.9,0.085,0.795,-0.075,-0.03,-0.335
btc-updown-15m-1765356300,1765356300,376.9,-0.085,0.71,0.015,0.045,-0.215
btc-updown-15m-1765356300,1765356300,393.2,0.035,0.73,0.04,0.035,-0.255
btc-updown-15m-1765356300,1765356300,421.5,0.03,0.76,0,-0.305,-0.325
btc-updown-15m-1765356300,1765356300,468.8,-0.03,0.74,-0.23,-0.29,-0.155
btc-updown-15m-1765356300,1765356300,479.2,-0.105,0.455,0,-0.03,0.12
btc-updown-15m-1765356300,1765356300,491.5,0.035,0.49,-0.015,-0.035,0.205
btc-updown-15m-1765356300,1765356300,501.5,0.035,0.525,-0.085,-0.065,0.165
btc-updown-15m-1765356300,1765356300,511.5,-0.07,0.455,-0.02,0.125,0.26
btc-updown-15m-1765356300,1765356300,525.9,-0.035,0.45,0,0.12,0.295
btc-updown-15m-1765356300,1765356300,536.2,-0.03,0.42,0.075,0.155,0.335
btc-updown-15m-1765356300,1765356300,546.3,0.03,0.45,0.12,0.155,0.32
btc-updown-15m-1765356300,1765356300,564.7,0.035,0.48,0.095,0.235,0.33
btc-updown-15m-1765356300,1765356300,574.7,0.095,0.575,0.025,0.14,0.3
btc-updown-15m-1765356300,1765356300,603.7,0.03,0.605,0.115,0.16,0.315
btc-updown-15m-1765356300,1765356300,613.8,0.12,0.725,0.02,0.045,0.195
btc-updown-15m-1765356300,1765356300,625.2,0.035,0.72,0.03,0.09,0.21
btc-updown-15m-1765356300,1765356300,637.7,0.03,0.745,0.025,0.13,0.2
btc-updown-15m-1765356300,1765356300,663.8,0.03,0.775,0.08,0.15,0.19
btc-updown-15m-1765356300,1765356300,677.2,0.03,0.8,0.095,0.115,0.1
btc-updown-15m-1765356300,1765356300,692.4,0.04,0.84,0.095,0.085,0.02
btc-updown-15m-1765356300,1765356300,702.4,0.04,0.885,0.02,0.06,-0.045
btc-updown-15m-1765356300,1765356300,712.4,0.03,0.915,0.005,0.05,-0.045
btc-updown-15m-1765356300,1765356300,723.7,0.03,0.935,0,0.03,-0.02
btc-updown-15m-1765356300,1765356300,760.1,0.035,0.945,-0.055,-0.1,-0.23
btc-updown-15m-1765356300,1765356300,784.1,-0.035,0.93,-0.065,-0.025,
btc-updown-15m-1765356300,1765356300,794.1,-0.03,0.895,-0.02,-0.045,
btc-updown-15m-1765356300,1765356300,804.2,-0.055,0.845,0.035,-0.085,
btc-updown-15m-1765356300,1765356300,824.8,0.03,0.885,-0.06,-0.315,
btc-updown-15m-1765356300,1765356300,836.2,-0.03,0.855,-0.08,-0.365,
btc-updown-15m-1765356300,1765356300,846.2,0.03,0.885,-0.045,,
btc-updown-15m-1765356300,1765356300,856.2,-0.04,0.845,-0.315,,
btc-updown-15m-1765356300,1765356300,866.2,-0.07,0.775,-0.32,,
btc-updown-15m-1765356300,1765356300,876.2,0.06,0.835,,,
btc-updown-15m-1765356300,1765356300,886.2,-0.265,0.57,,,
btc-updown-15m-1765356300,1765356300,896.2,-0.125,0.445,,,
btc-updown-15m-1765367100,1765367100,4.3,-0.035,0.49,-0.07,-0.205,-0.16
btc-updown-15m-1765367100,1765367100,14.4,-0.055,0.435,-0.05,-0.165,-0.04
btc-updown-15m-1765367100,1765367100,27.3,0.03,0.455,-0.1,-0.23,-0.065
btc-updown-15m-1765367100,1765367100,37.3,-0.04,0.415,-0.165,-0.18,-0.02
btc-updown-15m-1765367100,1765367100,48.8,-0.03,0.375,-0.115,-0.145,0.05
btc-updown-15m-1765367100,1765367100,58.8,-0.06,0.315,-0.08,0,0.175
btc-updown-15m-1765367100,1765367100,68.8,-0.06,0.255,-0.02,0.13,0.23
btc-updown-15m-1765367100,1765367100,79.8,-0.035,0.275,-0.05,0.095,0.24
btc-updown-15m-1765367100,1765367100,89.8,-0.045,0.23,0.085,0.16,0.265
btc-updown-15m-1765367100,1765367100,100.7,0.03,0.255,0.14,0.16,0.18
btc-updown-15m-1765367100,1765367100,111.9,0.03,0.275,0.1,0.19,0.13
btc-updown-15m-1765367100,1765367100,121.9,0.035,0.31,0.09,0.195,0.1
btc-updown-15m-1765367100,1765367100,131.9,0.085,0.395,0.025,0.085,0.08
btc-updown-15m-1765367100,1765367100,142.4,-0.03,0.365,0.1,0.14,0.1
btc-updown-15m-1765367100,1765367100,152.4,0.04,0.405,0.1,0.085,0.065
btc-updown-15m-1765367100,1765367100,170.4,0.03,0.445,0.075,-0.03,0.03
btc-updown-15m-1765367100,1765367100,180.4,0.05,0.495,0,-0.095,0
btc-updown-15m-1765367100,1765367100,191.5,-0.03,0.475,-0.045,0.02,-0.01
btc-updown-15m-1765367100,1765367100,201.6,0.04,0.515,-0.11,-0.045,0.01
btc-updown-15m-1765367100,1765367100,211.6,-0.03,0.485,-0.075,-0.02,0.03
btc-updown-15m-1765367100,1765367100,221.6,-0.055,0.43,0.065,0.035,0.19
btc-updown-15m-1765367100,1765367100,232,-0.035,0.4,0.065,0.075,0.185
btc-updown-15m-1765367100,1765367100,247.7,0.035,0.435,0.03,0.025,0.21
btc-updown-15m-1765367100,1765367100,257.7,0.055,0.49,-0.025,-0.05,0.205
btc-updown-15m-1765367100,1765367100,267.7,-0.035,0.455,0.04,0.08,0.16
btc-updown-15m-1765367100,1765367100,307.1,-0.035,0.46,0.14,0.185,0.145
btc-updown-15m-1765367100,1765367100,319.8,0.035,0.5,0.065,0.17,0.13
btc-updown-15m-1765367100,1765367100,329.8,0.045,0.545,0.03,0.075,0.09
btc-updown-15m-1765367100,1765367100,339.8,0.055,0.6,0.035,-0.015,0.065
btc-updown-15m-1765367100,1765367100,349.8,-0.035,0.565,0.105,0.055,0.12
btc-updown-15m-1765367100,1765367100,362.9,0.035,0.605,0.01,-0.015,0.04
btc-updown-15m-1765367100,1765367100,372.9,0.055,0.66,-0.045,-0.065,0.035
btc-updown-15m-1765367100,1765367100,383.5,-0.03,0.635,-0.05,-0.01,0.105
btc-updown-15m-1765367100,1765367100,393.5,-0.03,0.605,-0.015,0.045,0.165
btc-updown-15m-1765367100,1765367100,405.5,0.03,0.615,0.005,0.05,0.105
btc-updown-15m-1765367100,1765367100,415.8,-0.03,0.585,0.03,0.1,0.14
btc-updown-15m-1765367100,1765367100,426.7,0.03,0.605,0.04,0.02,0.13
btc-updown-15m-1765367100,1765367100,438.3,0.03,0.635,0.04,0.055,0.095
btc-updown-15m-1765367100,1765367100,450.3,0.03,0.655,0.025,0.11,0.09
btc-updown-15m-1765367100,1765367100,464.9,0.03,0.665,0.02,0.06,0.04
btc-updown-15m-1765367100,1765367100,481.5,-0.03,0.655,0.115,0.065,0.065
btc-updown-15m-1765367100,1765367100,492.1,0.03,0.685,0.045,0.04,0.19
btc-updown-15m-1765367100,1765367100,502.2,0.06,0.745,-0.05,0,0.11
btc-updown-15m-1765367100,1765367100,512.6,0.03,0.775,-0.04,-0.04,0.105
btc-updown-15m-1765367100,1765367100,522.7,-0.04,0.735,-0.02,-0.03,0.13
btc-updown-15m-1765367100,1765367100,532.7,-0.04,0.695,0.05,0.015,0.185
btc-updown-15m-1765367100,1765367100,542.7,0.04,0.735,0,-0.02,0.145
btc-updown-15m-1765367100,1765367100,553.4,-0.03,0.705,0,0.18,0.135
btc-updown-15m-1765367100,1765367100,563.4,0.055,0.76,-0.05,0.1,0.105
btc-updown-15m-1765367100,1765367100,574.5,-0.03,0.725,0.01,0.16,0.16
btc-updown-15m-1765367100,1765367100,585.5,-0.035,0.705,0.19,0.165,0.205
btc-updown-15m-1765367100,1765367100,603.2,0.03,0.74,0.145,0.14,0.185
btc-updown-15m-1765367100,1765367100,613.2,0.14,0.885,-0.02,-0.045,0.055
btc-updown-15m-1765367100,1765367100,625,-0.03,0.86,-0.005,0.005,0.075
btc-updown-15m-1765367100,1765367100,636.5,0.03,0.885,0,0.025,0.06
btc-updown-15m-1765367100,1765367100,647.7,0.035,0.905,-0.07,0.005,0.035
btc-updown-15m-1765367100,1765367100,657.8,-0.03,0.875,-0.01,0.045,0.07
btc-updown-15m-1765367100,1765367100,673.1,-0.035,0.845,0.07,0.095,0.12
btc-updown-15m-1765367100,1765367100,683.5,0.03,0.87,0.045,0.065,0.11
btc-updown-15m-1765367100,1765367100,694.5,0.03,0.885,0.04,0.06,0.1
btc-updown-15m-1765367100,1765367100,704.5,0.04,0.925,0.005,-0.005,0.065
btc-updown-15m-1765367100,1765367100,720.6,0.03,0.925,0.03,0.02,0.065
btc-updown-15m-1765367100,1765367100,765.2,-0.035,0.92,0.05,0.07,0.07
btc-updown-15m-1765367100,1765367100,787.5,0.03,0.975,0.015,0.015,
btc-updown-15m-1765377000,1765377000,3.3,-0.03,0.495,-0.105,-0.08,0.1
btc-updown-15m-1765377000,1765377000,13.5,-0.035,0.46,-0.045,-0.085,0.185
btc-updown-15m-1765377000,1765377000,27.8,-0.03,0.435,-0.02,-0.03,0.25
btc-updown-15m-1765377000,1765377000,37.9,-0.045,0.39,-0.015,0.055,0.305
btc-updown-15m-1765377000,1765377000,47.9,0.065,0.455,-0.005,-0.04,0.09
btc-updown-15m-1765377000,1765377000,57.9,-0.04,0.415,-0.01,0.09,0.22
btc-updown-15m-1765377000,1765377000,67.9,-0.04,0.375,0.07,0.29,0.28
btc-updown-15m-1765377000,1765377000,78,0.075,0.45,-0.035,0.215,0.15
btc-updown-15m-1765377000,1765377000,88,-0.045,0.405,0.1,0.28,0.16
btc-updown-15m-1765377000,1765377000,98,0.04,0.445,0.22,0.25,0.12
btc-updown-15m-1765377000,1765377000,108,-0.035,0.41,0.255,0.15,0.115
btc-updown-15m-1765377000,1765377000,118,0.095,0.505,0.18,0.13,-0.08
btc-updown-15m-1765377000,1765377000,128,0.17,0.675,0.02,-0.01,-0.19
btc-updown-15m-1765377000,1765377000,138.6,0.035,0.695,-0.14,-0.09,-0.28
btc-updown-15m-1765377000,1765377000,148.7,0.03,0.725,-0.09,-0.17,-0.27
btc-updown-15m-1765377000,1765377000,158.8,-0.055,0.68,-0.025,-0.105,-0.185
btc-updown-15m-1765377000,1765377000,168.8,-0.125,0.555,0.05,-0.03,-0.04
btc-updown-15m-1765377000,1765377000,178.8,0.08,0.635,-0.085,-0.21,-0.11
btc-updown-15m-1765377000,1765377000,190.8,-0.03,0.615,-0.01,-0.19,-0.16
btc-updown-15m-1765377000,1765377000,200.8,-0.07,0.545,-0.05,-0.13,-0.16
btc-updown-15m-1765377000,1765377000,211.1,-0.03,0.515,-0.1,-0.05,-0.14
btc-updown-15m-1765377000,1765377000,221.1,0.09,0.605,-0.19,-0.13,-0.23
btc-updown-15m-1765377000,1765377000,231.2,-0.11,0.495,-0.08,0.02,-0.17
btc-updown-15m-1765377000,1765377000,241.2,-0.08,0.415,0.05,0.185,-0.11
btc-updown-15m-1765377000,1765377000,251.5,-0.035,0.4,0.08,0.045,-0.065
btc-updown-15m-1765377000,1765377000,261.8,0.035,0.43,0.085,-0.045,-0.085
btc-updown-15m-1765377000,1765377000,271.8,0.045,0.475,0.12,-0.095,-0.08
btc-updown-15m-1765377000,1765377000,282.9,0.035,0.49,-0.03,-0.155,-0.115
btc-updown-15m-1765377000,1765377000,293.1,0.035,0.51,-0.115,-0.195,-0.055
btc-updown-15m-1765377000,1765377000,303.1,0.105,0.615,-0.25,-0.285,-0.1
btc-updown-15m-1765377000,1765377000,313.1,-0.155,0.46,-0.125,-0.145,0.105
btc-updown-15m-1765377000,1765377000,323.1,-0.06,0.4,-0.085,-0.025,0.225
btc-updown-15m-1765377000,1765377000,333.2,-0.04,0.365,-0.035,0.01,0.225
btc-updown-15m-1765377000,1765377000,343.7,-0.035,0.33,-0.015,0.045,0.185
btc-updown-15m-1765377000,1765377000,354.7,-0.035,0.315,0.09,0.14,0.2
btc-updown-15m-1765377000,1765377000,365.6,0.04,0.355,-0.02,0.265,0.28
btc-updown-15m-1765377000,1765377000,375.6,-0.035,0.32,0.07,0.245,0.195
btc-updown-15m-1765377000,1765377000,385.6,0.085,0.405,0.015,0.265,0.06
btc-updown-15m-1765377000,1765377000,395.6,-0.07,0.335,0.285,0.22,0.08
btc-updown-15m-1765377000,1765377000,405.6,0.055,0.39,0.175,0.095,0.005
btc-updown-15m-1765377000,1765377000,415.7,0.035,0.43,0.24,0.11,-0.11
btc-updown-15m-1765377000,1765377000,425.7,0.19,0.62,-0.055,-0.025,-0.325
btc-updown-15m-1765377000,1765377000,435.8,-0.055,0.565,-0.085,-0.05,-0.17
btc-updown-15m-1765377000,1765377000,445.8,0.105,0.67,-0.13,-0.2,-0.285
btc-updown-15m-1765377000,1765377000,455.8,-0.105,0.565,0.03,-0.15,-0.2
btc-updown-15m-1765377000,1765377000,465.8,-0.085,0.48,0.035,-0.08,-0.145
btc-updown-15m-1765377000,1765377000,475.8,0.06,0.54,-0.07,-0.22,-0.23
btc-updown-15m-1765377000,1765377000,485.8,0.055,0.595,-0.18,-0.3,-0.32
btc-updown-15m-1765377000,1765377000,495.8,-0.07,0.515,-0.115,-0.12,-0.15
btc-updown-15m-1765377000,1765377000,505.8,-0.045,0.47,-0.145,-0.085,-0.135
btc-updown-15m-1765377000,1765377000,515.9,-0.055,0.415,-0.12,-0.05,-0.01
btc-updown-15m-1765377000,1765377000,526.8,-0.03,0.375,0.01,-0.07,-0.065
btc-updown-15m-1765377000,1765377000,536.9,-0.055,0.32,0.045,-0.01,-0.005
btc-updown-15m-1765377000,1765377000,546.9,-0.045,0.275,0.09,0,0.24
btc-updown-15m-1765377000,1765377000,556.9,0.11,0.385,-0.08,-0.005,0.1
btc-updown-15m-1765377000,1765377000,568.3,0.03,0.375,-0.035,-0.06,0.11
btc-updown-15m-1765377000,1765377000,579.1,-0.03,0.355,-0.04,0.03,0.06
btc-updown-15m-1765377000,1765377000,589.1,-0.055,0.3,0.01,0.005,0.225
btc-updown-15m-1765377000,1765377000,599.1,0.04,0.34,-0.005,-0.005,0.165
btc-updown-15m-1765377000,1765377000,612.7,0.03,0.325,0.055,0.195,0.38
btc-updown-15m-1765377000,1765377000,622.7,0.06,0.385,-0.07,0.02,0.245
btc-updown-15m-1765377000,1765377000,632.7,-0.03,0.355,0.09,0.1,0.2
btc-updown-15m-1765377000,1765377000,643.9,-0.03,0.37,0.155,0.19,0.165
btc-updown-15m-1765377000,1765377000,653.9,-0.045,0.325,0.07,0.15,0.32
btc-updown-15m-1765377000,1765377000,663.9,0.14,0.455,-0.09,0.175,0.28
btc-updown-15m-1765377000,1765377000,673.9,0.07,0.525,0.035,0.19,0.375
btc-updown-15m-1765377000,1765377000,683.9,-0.13,0.395,0.08,0.27,0.32
btc-updown-15m-1765377000,1765377000,693.9,-0.03,0.365,0.265,0.16,0.405
btc-updown-15m-1765377000,1765377000,703.9,0.195,0.56,0.155,-0.025,0.11
btc-updown-15m-1765377000,1765377000,713.9,-0.085,0.475,0.19,0.17,0.325
btc-updown-15m-1765377000,1765377000,723.9,0.155,0.63,-0.105,0.1,0.275
btc-updown-15m-1765377000,1765377000,733.9,0.085,0.715,-0.17,0.185,-0.06
btc-updown-15m-1765377000,1765377000,743.9,-0.05,0.665,-0.02,0.05,-0.295
btc-updown-15m-1765377000,1765377000,753.9,-0.14,0.525,0.205,0.245,0.055
btc-updown-15m-1765377000,1765377000,764,0.035,0.55,0.355,0.135,-0.15
btc-updown-15m-1765377000,1765377000,774,0.095,0.645,0.065,0.15,-0.59
btc-updown-15m-1765377000,1765377000,784,0.08,0.725,0.045,0.175,
btc-updown-15m-1765377000,1765377000,794,0.185,0.91,-0.225,-0.25,
btc-updown-15m-1765377000,1765377000,804,-0.2,0.71,0.085,-0.34,
btc-updown-15m-1765377000,1765377000,815,0.065,0.77,0.15,-0.205,
btc-updown-15m-1765377000,1765377000,825,-0.085,0.685,-0.02,-0.32,
btc-updown-15m-1765377000,1765377000,835.1,0.16,0.845,-0.49,-0.775,
btc-updown-15m-1765377000,1765377000,845.1,0.09,0.935,-0.37,,
btc-updown-15m-1765377000,1765377000,855.1,-0.275,0.66,-0.295,,
btc-updown-15m-1765377000,1765377000,865.1,-0.3,0.355,-0.285,,
btc-updown-15m-1765377000,1765377000,875.1,0.21,0.565,,,
btc-updown-15m-1765377000,1765377000,885.1,-0.2,0.365,,,
btc-updown-15m-1765377000,1765377000,895.1,-0.295,0.07,,,
btc-updown-15m-1765387800,1765387800,4.6,0.03,0.505,-0.03,-0.05,-0.1
btc-updown-15m-1765387800,1765387800,15.5,-0.03,0.485,-0.07,-0.14,-0.08
btc-updown-15m-1765387800,1765387800,29.8,-0.03,0.485,-0.04,-0.08,-0.03
btc-updown-15m-1765387800,1765387800,39.8,-0.08,0.405,0.01,0,0.02
btc-updown-15m-1765387800,1765387800,49.8,0.04,0.445,-0.09,-0.07,0.08
btc-updown-15m-1765387800,1765387800,60.5,-0.03,0.435,-0.03,-0.07,0.155
btc-updown-15m-1765387800,1765387800,70.8,-0.035,0.405,-0.01,0.01,0.185
btc-updown-15m-1765387800,1765387800,82.4,0.03,0.385,-0.03,0.05,0.25
btc-updown-15m-1765387800,1765387800,109.8,-0.03,0.375,0.045,0.15,0.16
btc-updown-15m-1765387800,1765387800,119.8,-0.04,0.335,0.12,0.245,0.185
btc-updown-15m-1765387800,1765387800,129.8,0.09,0.425,0,0.135,0.12
btc-updown-15m-1765387800,1765387800,142.6,0.03,0.445,0.12,0.185,0.09
btc-updown-15m-1765387800,1765387800,153.4,-0.03,0.435,0.16,0.115,0.135
btc-updown-15m-1765387800,1765387800,164.2,0.03,0.465,0.135,0.065,0.18
btc-updown-15m-1765387800,1765387800,174.3,0.105,0.57,0.005,-0.035,0.075
btc-updown-15m-1765387800,1765387800,186.9,-0.035,0.55,-0.015,-0.055,0.1
btc-updown-15m-1765387800,1765387800,196.9,0.08,0.63,-0.08,-0.1,-0.085
btc-updown-15m-1765387800,1765387800,206.9,-0.055,0.575,-0.06,-0.04,-0.02
btc-updown-15m-1765387800,1765387800,217.1,-0.04,0.535,-0.03,0.03,0.02
btc-updown-15m-1765387800,1765387800,236.6,-0.03,0.515,0.02,0.13,-0.03
btc-updown-15m-1765387800,1765387800,250,0.03,0.545,0.085,0.1,-0.085
btc-updown-15m-1765387800,1765387800,272.2,0.035,0.57,0.065,-0.005,-0.055
btc-updown-15m-1765387800,1765387800,282.2,0.085,0.655,-0.08,-0.09,-0.15
btc-updown-15m-1765387800,1765387800,311.7,-0.03,0.605,-0.04,-0.16,0.125
btc-updown-15m-1765387800,1765387800,321.8,-0.075,0.53,-0.045,0.005,0.16
btc-updown-15m-1765387800,1765387800,331.8,0.03,0.56,-0.065,-0.045,0.175
btc-updown-15m-1765387800,1765387800,345.6,-0.03,0.525,-0.07,-0.03,0.22
btc-updown-15m-1765387800,1765387800,355.6,-0.055,0.47,0.075,0.105,0.325
btc-updown-15m-1765387800,1765387800,367.5,-0.035,0.46,0.055,0.215,0.37
btc-updown-15m-1765387800,1765387800,377.5,0.035,0.495,0.02,0.18,0.295
btc-updown-15m-1765387800,1765387800,387.5,0.035,0.53,0.05,0.175,0.285
btc-updown-15m-1765387800,1765387800,398.9,-0.03,0.505,0.21,0.23,0.32
btc-updown-15m-1765387800,1765387800,409.2,0.03,0.535,0.15,0.23,0.26
btc-updown-15m-1765387800,1765387800,419.2,0.045,0.58,0.135,0.22,0.205
btc-updown-15m-1765387800,1765387800,429.2,0.145,0.725,0,0.1,-0.05
btc-updown-15m-1765387800,1765387800,439.3,-0.04,0.685,0.09,0.1,0.01
btc-updown-15m-1765387800,1765387800,449.4,0.04,0.715,0.08,0.11,0.01
btc-updown-15m-1765387800,1765387800,468.2,0.03,0.765,0.025,0.03,0.035
btc-updown-15m-1765387800,1765387800,478.3,0.04,0.805,0.01,-0.02,0
btc-updown-15m-1765387800,1765387800,489.6,0.035,0.825,0,-0.15,0.01
btc-updown-15m-1765387800,1765387800,499.6,-0.04,0.785,-0.01,-0.095,0.02
btc-updown-15m-1765387800,1765387800,509.6,0.05,0.835,-0.05,-0.11,0.01
btc-updown-15m-1765387800,1765387800,523.1,-0.03,0.815,-0.09,0,0
btc-updown-15m-1765387800,1765387800,533.2,-0.035,0.78,-0.055,0.025,0.025
btc-updown-15m-1765387800,1765387800,543.2,-0.05,0.735,-0.01,0.12,0.09
btc-updown-15m-1765387800,1765387800,556.1,0.03,0.735,0.07,0.05,0.06
btc-updown-15m-1765387800,1765387800,567.8,0.045,0.74,0.065,0.105,0.075
btc-updown-15m-1765387800,1765387800,581.2,0.03,0.755,0.055,0.06,0.17
btc-updown-15m-1765387800,1765387800,591.2,0.05,0.805,0.03,0,0.1
btc-updown-15m-1765387800,1765387800,602.3,0.035,0.84,0.005,-0.015,0.055
btc-updown-15m-1765387800,1765387800,612.3,-0.055,0.785,0.03,0,0.12
btc-updown-15m-1765387800,1765387800,622.5,0.045,0.835,-0.03,-0.035,0.05
btc-updown-15m-1765387800,1765387800,635.7,-0.03,0.815,-0.005,0.09,0.09
btc-updown-15m-1765387800,1765387800,668.7,-0.035,0.78,0.135,0.145,0.185
btc-updown-15m-1765387800,1765387800,687.9,0.04,0.84,0.04,0.075,0.13
btc-updown-15m-1765387800,1765387800,697.9,0.075,0.915,0.02,-0.025,0.055
btc-updown-15m-1765387800,1765387800,711.7,-0.03,0.895,-0.01,0.06,0.08
btc-updown-15m-1765387800,1765387800,722.9,0.03,0.9,0.015,0.005,0.075
btc-updown-15m-1765387800,1765387800,733.5,-0.03,0.885,0.025,0.08,0.1
btc-updown-15m-1765387800,1765387800,743.8,0.03,0.895,0.035,0.08,0.095
btc-updown-15m-1765387800,1765387800,754.6,0.03,0.925,0,0.06,0.065
btc-updown-15m-1765387800,1765387800,765,0.04,0.945,0.02,0.01,0.045
btc-updown-15m-1765387800,1765387800,776.9,-0.04,0.915,0.055,0.055,0.075
btc-updown-15m-1765387800,1765387800,787.4,0.035,0.95,0.015,0.025,
btc-updown-15m-1765387800,1765387800,824.6,-0.03,0.955,0.035,0.035,
btc-updown-15m-1765398600,1765398600,2.6,-0.03,0.475,0.12,0.17,-0.085
btc-updown-15m-1765398600,1765398600,13.3,0.035,0.49,0.125,0.145,-0.085
btc-updown-15m-1765398600,1765398600,23.3,0.11,0.6,0.035,0.005,-0.285
btc-updown-15m-1765398600,1765398600,33.6,-0.03,0.585,0.06,-0.02,-0.25
btc-updown-15m-1765398600,1765398600,43.6,0.04,0.625,0.01,-0.1,-0.23
btc-updown-15m-1765398600,1765398600,55.9,0.03,0.645,-0.08,-0.21,-0.165
btc-updown-15m-1765398600,1765398600,68.2,-0.03,0.625,-0.085,-0.25,-0.145
btc-updown-15m-1765398600,1765398600,79,0.03,0.645,-0.14,-0.3,-0.16
btc-updown-15m-1765398600,1765398600,89,-0.1,0.545,-0.11,-0.24,-0.12
btc-updown-15m-1765398600,1765398600,103.2,-0.035,0.535,-0.125,-0.14,-0.08
btc-updown-15m-1765398600,1765398600,113.2,-0.07,0.465,-0.145,0.02,0.025
btc-updown-15m-1765398600,1765398600,123.2,-0.09,0.375,-0.04,0.09,0.18
btc-updown-15m-1765398600,1765398600,133.2,0.035,0.41,-0.015,0.035,0.185
btc-updown-15m-1765398600,1765398600,143.2,-0.09,0.32,0.165,0.135,0.27
btc-updown-15m-1765398600,1765398600,153.7,0.03,0.335,0.12,0.11,0.33
btc-updown-15m-1765398600,1765398600,163.7,0.06,0.395,0.04,0.07,0.28
btc-updown-15m-1765398600,1765398600,173.8,0.08,0.475,-0.03,0.015,0.23
btc-updown-15m-1765398600,1765398600,184.2,-0.035,0.455,-0.01,0.11,0.24
btc-updown-15m-1765398600,1765398600,205.1,-0.03,0.425,0.06,0.22,0.25
btc-updown-15m-1765398600,1765398600,218.7,0.03,0.455,0.095,0.205,0.27
btc-updown-15m-1765398600,1765398600,228.7,0.04,0.495,0.12,0.195,0.13
btc-updown-15m-1765398600,1765398600,238.7,0.045,0.54,0.1,0.125,0.035
btc-updown-15m-1765398600,1765398600,249.2,0.03,0.555,0.105,0.13,-0.06
btc-updown-15m-1765398600,1765398600,259.2,0.06,0.615,0.08,0.02,-0.065
btc-updown-15m-1765398600,1765398600,269.3,0.03,0.645,0.02,0.05,-0.09
btc-updown-15m-1765398600,1765398600,280.2,0.03,0.675,0.02,0.04,-0.1
btc-updown-15m-1765398600,1765398600,290.2,0.035,0.71,-0.07,-0.085,-0.155
btc-updown-15m-1765398600,1765398600,300.2,-0.035,0.675,0.015,-0.1,-0.09
btc-updown-15m-1765398600,1765398600,311.6,0.035,0.705,-0.02,-0.18,-0.175
btc-updown-15m-1765398600,1765398600,321.6,-0.07,0.635,-0.02,-0.08,-0.14
btc-updown-15m-1765398600,1765398600,331.7,0.07,0.705,-0.15,-0.125,-0.17
btc-updown-15m-1765398600,1765398600,346.7,-0.035,0.67,-0.145,-0.115,-0.11
btc-updown-15m-1765398600,1765398600,356.7,-0.115,0.555,0.03,0.05,0.1
btc-updown-15m-1765398600,1765398600,366.8,-0.035,0.53,0.055,-0.025,0.195
btc-updown-15m-1765398600,1765398600,377.3,0.03,0.555,0,-0.04,0.16
btc-updown-15m-1765398600,1765398600,387.7,0.03,0.555,0.02,-0.025,0.18
btc-updown-15m-1765398600,1765398600,397.7,0.04,0.595,-0.075,-0.09,0.105
btc-updown-15m-1765398600,1765398600,407.7,-0.04,0.555,-0.04,0.005,0.15
btc-updown-15m-1765398600,1765398600,419.5,0.035,0.59,-0.055,0.08,0.125
btc-updown-15m-1765398600,1765398600,429.5,-0.055,0.535,-0.02,0.16,0.15
btc-updown-15m-1765398600,1765398600,439.5,-0.055,0.48,0.085,0.245,0.13
btc-updown-15m-1765398600,1765398600,449.5,0.055,0.535,0.135,0.2,-0.005
btc-updown-15m-1765398600,1765398600,460,-0.03,0.515,0.18,0.19,0.025
btc-updown-15m-1765398600,1765398600,470,0.05,0.565,0.17,0.135,0
btc-updown-15m-1765398600,1765398600,480,0.11,0.68,0.05,0.035,-0.135
btc-updown-15m-1765398600,1765398600,492.6,-0.035,0.675,0.03,-0.015,-0.04
btc-updown-15m-1765398600,1765398600,502.6,0.05,0.725,-0.04,-0.14,-0.01
btc-updown-15m-1765398600,1765398600,513.6,-0.03,0.695,-0.04,-0.19,-0.11
btc-updown-15m-1765398600,1765398600,524.1,0.035,0.72,-0.065,-0.195,-0.185
btc-updown-15m-1765398600,1765398600,534.1,-0.03,0.69,-0.115,-0.125,-0.18
btc-updown-15m-1765398600,1765398600,544.1,-0.035,0.655,-0.13,-0.03,-0.12
btc-updown-15m-1765398600,1765398600,554.8,-0.03,0.635,-0.11,0.01,0
btc-updown-15m-1765398600,1765398600,564.8,-0.06,0.575,0,0.1,0.13
btc-updown-15m-1765398600,1765398600,574.8,-0.065,0.51,0.125,0.09,0.115
btc-updown-15m-1765398600,1765398600,594.2,0.035,0.565,0.12,-0.05,0.16
btc-updown-15m-1765398600,1765398600,604.2,0.06,0.625,-0.04,-0.085,0.06
btc-updown-15m-1765398600,1765398600,616.6,0.03,0.665,-0.15,-0.02,0.1
btc-updown-15m-1765398600,1765398600,629.7,-0.035,0.665,-0.17,-0.05,0.12
btc-updown-15m-1765398600,1765398600,639.7,-0.035,0.63,-0.065,0.02,0.14
btc-updown-15m-1765398600,1765398600,649.7,-0.115,0.515,0.14,0.2,0.295
btc-updown-15m-1765398600,1765398600,662.6,0.035,0.545,0.06,0.145,0.33
btc-updown-15m-1765398600,1765398600,672.6,0.04,0.585,0.08,0.15,0.31
btc-updown-15m-1765398600,1765398600,682.6,0.07,0.655,0.06,0.125,0.275
btc-updown-15m-1765398600,1765398600,692.7,-0.055,0.6,0.09,0.075,0.335
btc-updown-15m-1765398600,1765398600,702.7,0.065,0.665,0.07,0.13,0.24
btc-updown-15m-1765398600,1765398600,712.7,0.05,0.715,0.065,0.11,0.11
btc-updown-15m-1765398600,1765398600,723.8,-0.03,0.69,-0.01,0.13,0.015
btc-updown-15m-1765398600,1765398600,734.1,0.055,0.74,0.055,0.185,0.085
btc-updown-15m-1765398600,1765398600,744.1,0.05,0.79,0.035,0.125,0.115
btc-updown-15m-1765398600,1765398600,754.1,-0.095,0.695,0.115,0.25,0.23
btc-updown-15m-1765398600,1765398600,764.1,0.1,0.795,0.13,0.12,0.19
btc-updown-15m-1765398600,1765398600,774.3,0.035,0.83,0.08,-0.04,0.16
btc-updown-15m-1765398600,1765398600,786.3,0.03,0.845,0.1,-0.03,
btc-updown-15m-1765398600,1765398600,796.3,0.105,0.945,-0.085,-0.05,
btc-updown-15m-1765398600,1765398600,813.9,0.035,0.95,-0.245,-0.035,
btc-updown-15m-1765398600,1765398600,823.9,-0.035,0.915,-0.09,0.07,
btc-updown-15m-1765398600,1765398600,833.9,-0.09,0.825,0.08,0.165,
btc-updown-15m-1765398600,1765398600,843.9,-0.12,0.705,0.21,,
btc-updown-15m-1765398600,1765398600,853.9,0.115,0.825,0.16,,
btc-updown-15m-1765398600,1765398600,863.9,0.08,0.905,0.085,,
btc-updown-15m-1765398600,1765398600,874.3,0.035,0.925,,,
btc-updown-15m-1765398600,1765398600,884.3,0.06,0.985,,,
btc-updown-15m-1765408500,1765408500,5.4,0.03,0.535,-0.01,0,-0.15
btc-updown-15m-1765408500,1765408500,15.5,-0.03,0.505,0.05,0.03,-0.11
btc-updown-15m-1765408500,1765408500,25.5,0.03,0.535,0.025,-0.05,-0.09
btc-updown-15m-1765408500,1765408500,36.5,-0.03,0.525,0.01,-0.085,-0.085
btc-updown-15m-1765408500,1765408500,46.5,0.03,0.555,-0.02,-0.15,-0.18
btc-updown-15m-1765408500,1765408500,64,-0.035,0.535,-0.075,-0.14,-0.165
btc-updown-15m-1765408500,1765408500,79.5,-0.03,0.505,-0.085,-0.06,-0.145
btc-updown-15m-1765408500,1765408500,89.5,-0.04,0.465,-0.09,-0.03,-0.07
btc-updown-15m-1765408500,1765408500,99.5,-0.05,0.415,-0.03,0.02,-0.05
btc-updown-15m-1765408500,1765408500,112.8,-0.03,0.375,0.07,-0.015,0.015
btc-updown-15m-1765408500,1765408500,123.6,0.03,0.395,0.04,-0.025,0
btc-updown-15m-1765408500,1765408500,136.5,0.035,0.415,-0.04,-0.06,-0.055
btc-updown-15m-1765408500,1765408500,146.5,0.03,0.445,-0.065,-0.08,-0.08
btc-updown-15m-1765408500,1765408500,163.6,-0.035,0.4,-0.04,-0.035,-0.045
btc-updown-15m-1765408500,1765408500,173.6,-0.03,0.365,0.005,0.025,-0.01
btc-updown-15m-1765408500,1765408500,209.3,0.03,0.395,-0.01,-0.04,0.05
btc-updown-15m-1765408500,1765408500,219.4,-0.03,0.365,0.01,-0.015,0.08
btc-updown-15m-1765408500,1765408500,235.4,0.035,0.39,-0.025,-0.035,0.075
btc-updown-15m-1765408500,1765408500,255.2,-0.035,0.385,-0.03,0.02,0.01
btc-updown-15m-1765408500,1765408500,267.3,0.03,0.375,0.005,0.08,0.05
btc-updown-15m-1765408500,1765408500,277.3,-0.04,0.335,0.055,0.105,0.05
btc-updown-15m-1765408500,1765408500,297,0.03,0.375,0.08,0.08,0.005
btc-updown-15m-1765408500,1765408500,320.5,0.035,0.43,0.04,-0.015,-0.08
btc-updown-15m-1765408500,1765408500,332.1,-0.03,0.415,0,0,-0.075
btc-updown-15m-1765408500,1765408500,342.1,0.03,0.445,-0.04,-0.055,-0.095
btc-updown-15m-1765408500,1765408500,357.9,-0.03,0.435,-0.01,-0.055,-0.14
btc-updown-15m-1765408500,1765408500,372.6,-0.035,0.395,-0.005,-0.045,-0.03
btc-updown-15m-1765408500,1765408500,388.2,0.035,0.43,-0.05,-0.09,-0.065
btc-updown-15m-1765408500,1765408500,398.4,-0.04,0.395,-0.04,-0.045,-0.07
btc-updown-15m-1765408500,1765408500,429.4,-0.03,0.355,-0.01,-0.005,-0.03
btc-updown-15m-1765408500,1765408500,470.8,-0.035,0.315,0.05,0.01,0.01
btc-updown-15m-1765408500,1765408500,481.7,-0.03,0.29,0.015,0.035,0.035
btc-updown-15m-1765408500,1765408500,491.7,0.07,0.36,-0.035,-0.035,-0.035
btc-updown-15m-1765408500,1765408500,508.9,-0.04,0.325,0,0,0
btc-updown-15m-1765419300,1765419300,5.8,-0.03,0.515,0.04,0.03,-0.105
btc-updown-15m-1765419300,1765419300,17.6,0.03,0.545,0.035,-0.045,-0.015
btc-updown-15m-1765419300,1765419300,39.9,0.035,0.58,-0.075,-0.085,-0.195
btc-updown-15m-1765419300,1765419300,52,0.03,0.6,-0.115,-0.185,-0.215
btc-updown-15m-1765419300,1765419300,63.5,-0.03,0.595,-0.095,-0.165,-0.24
btc-updown-15m-1765419300,1765419300,73.5,-0.09,0.505,-0.05,-0.02,-0.2
btc-updown-15m-1765419300,1765419300,85.2,0.03,0.525,-0.11,-0.04,-0.23
btc-updown-15m-1765419300,1765419300,95.3,-0.03,0.5,-0.055,-0.085,-0.215
btc-updown-15m-1765419300,1765419300,105.3,-0.065,0.435,0.07,-0.07,-0.2
btc-updown-15m-1765419300,1765419300,116.6,-0.035,0.405,0.06,-0.02,-0.17
btc-updown-15m-1765419300,1765419300,130.4,0.03,0.445,-0.06,-0.1,-0.15
btc-updown-15m-1765419300,1765419300,140.4,0.08,0.525,-0.14,-0.23,-0.235
btc-updown-15m-1765419300,1765419300,150.4,-0.1,0.425,-0.04,-0.12,0.03
btc-updown-15m-1765419300,1765419300,160.4,-0.045,0.38,-0.035,-0.13,0.125
btc-updown-15m-1765419300,1765419300,185,-0.03,0.355,-0.07,-0.115,0.18
btc-updown-15m-1765419300,1765419300,195,-0.04,0.315,-0.07,-0.02,0.205
btc-updown-15m-1765419300,1765419300,205.4,-0.03,0.29,-0.055,0.095,0.16
btc-updown-15m-1765419300,1765419300,216.5,-0.035,0.27,-0.005,0.145,0.13
btc-updown-15m-1765419300,1765419300,227.1,-0.03,0.245,0.065,0.31,0.13
btc-updown-15m-1765419300,1765419300,237.2,-0.03,0.215,0.17,0.33,0.16
btc-updown-15m-1765419300,1765419300,247.2,0.06,0.275,0.17,0.24,0.23
btc-updown-15m-1765419300,1765419300,261.5,0.035,0.315,0.255,0.135,0.17
btc-updown-15m-1765419300,1765419300,271.5,0.17,0.485,0.02,-0.08,0.07
btc-updown-15m-1765419300,1765419300,281.5,0.03,0.515,0.035,-0.14,-0.02
btc-updown-15m-1765419300,1765419300,291.5,0.045,0.57,-0.115,-0.215,-0.085
btc-updown-15m-1765419300,1765419300,301.5,-0.065,0.505,-0.1,-0.15,-0.03
btc-updown-15m-1765419300,1765419300,311.5,0.045,0.55,-0.175,-0.045,0.08
btc-updown-15m-1765419300,1765419300,321.5,-0.095,0.455,-0.1,0.03,0.125
btc-updown-15m-1765419300,1765419300,331.5,-0.05,0.405,-0.05,0.14,0.18
btc-updown-15m-1765419300,1765419300,341.6,-0.03,0.375,0.13,0.115,0.17
btc-updown-15m-1765419300,1765419300,353.6,0.035,0.37,0.175,0.15,0.185
btc-updown-15m-1765419300,1765419300,363.6,0.075,0.445,0.135,0.06,0.15
btc-updown-15m-1765419300,1765419300,373.6,0.06,0.515,-0.04,0.1,0.165
btc-updown-15m-1765419300,1765419300,383.6,0.03,0.545,-0.02,0.02,0.17
btc-updown-15m-1765419300,1765419300,393.7,0.035,0.58,-0.075,0.03,0.165
btc-updown-15m-1765419300,1765419300,403.8,-0.105,0.475,0.14,0.055,0.235
btc-updown-15m-1765419300,1765419300,413.8,0.05,0.525,0.04,0.03,0.1
btc-updown-15m-1765419300,1765419300,424.4,0.03,0.545,0.06,0.09,0.055
btc-updown-15m-1765419300,1765419300,434.5,0.06,0.605,-0.075,0.09,-0.015
btc-updown-15m-1765419300,1765419300,444.5,-0.03,0.575,0.01,0.13,-0.03
btc-updown-15m-1765419300,1765419300,454.5,0.03,0.605,0.03,0.15,-0.17
btc-updown-15m-1765419300,1765419300,464.6,-0.075,0.53,0.165,0.175,-0.145
btc-updown-15m-1765419300,1765419300,474.6,0.055,0.585,0.12,0.045,-0.185
btc-updown-15m-1765419300,1765419300,484.6,0.05,0.635,0.12,-0.01,-0.215
btc-updown-15m-1765419300,1765419300,494.6,0.06,0.695,0.01,-0.11,-0.29
btc-updown-15m-1765419300,1765419300,505.4,0.03,0.725,-0.095,-0.2,-0.39
btc-updown-15m-1765419300,1765419300,515.4,0.03,0.755,-0.14,-0.28,-0.345
btc-updown-15m-1765419300,1765419300,525.4,-0.06,0.695,-0.12,-0.29,-0.28
btc-updown-15m-1765419300,1765419300,535.5,-0.065,0.63,-0.105,-0.23,-0.135
btc-updown-15m-1765419300,1765419300,546.2,-0.03,0.605,-0.13,-0.22,0.015
btc-updown-15m-1765419300,1765419300,556.4,-0.03,0.575,-0.14,-0.17,0.03
btc-updown-15m-1765419300,1765419300,566.4,-0.055,0.52,-0.11,-0.165,0.165
btc-updown-15m-1765419300,1765419300,576.4,-0.035,0.485,-0.1,-0.08,0.02
btc-updown-15m-1765419300,1765419300,586.4,-0.05,0.435,-0.035,-0.025,-0.07
btc-updown-15m-1765419300,1765419300,605.6,-0.035,0.385,0.025,0.235,-0.025
btc-updown-15m-1765419300,1765419300,617.6,0.035,0.415,-0.01,0.21,-0.02
btc-updown-15m-1765419300,1765419300,627.6,-0.055,0.36,0.18,0.24,-0.045
btc-updown-15m-1765419300,1765419300,637.7,0.055,0.415,0.195,0.06,-0.12
btc-updown-15m-1765419300,1765419300,650.8,-0.04,0.385,0.12,-0.02,0
btc-updown-15m-1765419300,1765419300,660.8,0.22,0.605,-0.05,-0.28,-0.305
btc-updown-15m-1765419300,1765419300,676.1,-0.03,0.595,-0.2,-0.195,-0.335
btc-updown-15m-1765419300,1765419300,686.1,0.09,0.685,-0.35,-0.365,-0.59
btc-updown-15m-1765419300,1765419300,696.1,-0.18,0.505,-0.1,-0.235,-0.43
btc-updown-15m-1765419300,1765419300,706.1,-0.12,0.385,0.015,-0.03,-0.34
btc-updown-15m-1765419300,1765419300,716.2,-0.05,0.335,-0.015,0.065,-0.3
btc-updown-15m-1765419300,1765419300,726.2,0.07,0.405,-0.135,-0.16,-0.39
btc-updown-15m-1765419300,1765419300,737.8,-0.035,0.38,0,-0.125,-0.365
btc-updown-15m-1765419300,1765419300,747.9,-0.065,0.315,0.07,-0.225,-0.3
btc-updown-15m-1765419300,1765419300,759.6,0.03,0.325,-0.035,-0.25,-0.31
btc-updown-15m-1765419300,1765419300,769.8,0.05,0.39,-0.165,-0.345,-0.375
btc-updown-15m-1765419300,1765419300,779.8,-0.03,0.36,-0.27,-0.335,-0.345
btc-updown-15m-1765419300,1765419300,789.9,-0.065,0.29,-0.225,-0.275,
btc-updown-15m-1765419300,1765419300,800,-0.065,0.225,-0.18,-0.21,
btc-updown-15m-1765419300,1765419300,810.1,-0.135,0.09,-0.065,-0.075,
btc-updown-15m-1765419300,1765419300,820.2,-0.03,0.065,-0.05,-0.05,
btc-updown-15m-1765419300,1765419300,840.8,-0.03,0.015,0,,
btc-updown-15m-1765430100,1765430100,38,-0.03,0.515,0.02,0.115,0.125
btc-updown-15m-1765430100,1765430100,48.6,-0.03,0.495,0.09,0.13,0.14
btc-updown-15m-1765430100,1765430100,67.5,0.03,0.525,0.105,0.11,0.09
btc-updown-15m-1765430100,1765430100,77.5,0.06,0.585,0.04,0.09,0.03
btc-updown-15m-1765430100,1765430100,98.7,0.03,0.625,0.01,0.02,0.02
btc-updown-15m-1765430100,1765430100,109.7,-0.03,0.605,0.09,0.035,0.165
btc-updown-15m-1765430100,1765430100,119.7,0.06,0.665,0.015,-0.03,0.08
btc-updown-15m-1765430100,1765430100,134.8,0.035,0.67,-0.045,-0.06,0.095
btc-updown-15m-1765430100,1765430100,153.1,-0.03,0.635,-0.02,0.005,0.15
btc-updown-15m-1765430100,1765430100,166.8,-0.03,0.61,0.005,0.155,0.145
btc-updown-15m-1765430100,1765430100,181.8,-0.03,0.605,0.035,0.15,0.2
btc-updown-15m-1765430100,1765430100,204.4,0.03,0.64,0.115,0.13,0.185
btc-updown-15m-1765430100,1765430100,219.7,0.03,0.67,0.115,0.085,0.175
btc-updown-15m-1765430100,1765430100,229.8,0.065,0.77,-0.005,-0.02,0.05
btc-updown-15m-1765430100,1765430100,248.1,0.03,0.785,-0.02,0.055,0.05
btc-updown-15m-1765430100,1765430100,266.5,0.03,0.795,-0.035,0.05,0.08
btc-updown-15m-1765430100,1765430100,276.7,-0.03,0.77,0.055,0.065,0.135
btc-updown-15m-1765430100,1765430100,287.9,-0.03,0.735,0.09,0.08,0.18
btc-updown-15m-1765430100,1765430100,297.9,0.03,0.765,0.08,0.075,0.16
btc-updown-15m-1765430100,1765430100,307.9,0.08,0.84,-0.005,-0.005,0.095
btc-updown-15m-1765430100,1765430100,331.8,0.035,0.83,0.005,0.065,0.125
btc-updown-15m-1765430100,1765430100,389.1,0.03,0.885,0.04,0.07,0.09
btc-updown-15m-1765440900,1765440900,10.1,-0.03,0.485,-0.11,-0.01,0.105
btc-updown-15m-1765440900,1765440900,20.1,-0.065,0.42,0.015,0.075,0.175
btc-updown-15m-1765440900,1765440900,30.1,0.04,0.46,0.015,0.05,0.205
btc-updown-15m-1765440900,1765440900,40.1,-0.085,0.375,0.1,0.14,0.425
btc-updown-15m-1765440900,1765440900,50.1,0.07,0.445,0.05,0.07,0.31
btc-updown-15m-1765440900,1765440900,61.9,0.035,0.48,0.025,0.075,0.25
btc-updown-15m-1765440900,1765440900,73.8,0.03,0.5,0.02,0.105,0.155
btc-updown-15m-1765440900,1765440900,101.5,0.03,0.535,0.06,0.26,0.13
btc-updown-15m-1765440900,1765440900,115.8,0.03,0.545,0.08,0.18,0.09
btc-updown-15m-1765440900,1765440900,125.9,0.04,0.59,0.205,0.08,-0.005
btc-updown-15m-1765440900,1765440900,142.4,0.03,0.62,0.105,0.035,-0.135
btc-updown-15m-1765440900,1765440900,152.4,0.105,0.725,0,-0.05,-0.245
btc-updown-15m-1765440900,1765440900,162.5,0.08,0.805,-0.15,-0.14,-0.36
btc-updown-15m-1765440900,1765440900,172.5,-0.08,0.725,-0.07,-0.09,-0.29
btc-updown-15m-1765440900,1765440900,183.4,-0.03,0.695,-0.02,-0.085,-0.27
btc-updown-15m-1765440900,1765440900,193.4,-0.035,0.66,0.005,-0.095,-0.155
btc-updown-15m-1765440900,1765440900,211,0.03,0.685,-0.08,-0.2,-0.08
btc-updown-15m-1765440900,1765440900,225.3,-0.03,0.655,-0.1,-0.22,-0.06
btc-updown-15m-1765440900,1765440900,237.2,-0.03,0.625,-0.14,-0.21,0.04
btc-updown-15m-1765440900,1765440900,247.2,-0.06,0.565,-0.1,-0.15,0.11
btc-updown-15m-1765440900,1765440900,257.3,-0.08,0.485,-0.05,0.01,0.2
btc-updown-15m-1765440900,1765440900,280.5,-0.04,0.455,0.04,0.16,0.205
btc-updown-15m-1765440900,1765440900,298.3,-0.03,0.415,0.14,0.255,0.42
btc-updown-15m-1765440900,1765440900,308.3,0.06,0.475,0.14,0.21,0.345
btc-updown-15m-1765440900,1765440900,319.4,-0.03,0.485,0.1,0.21,0.36
btc-updown-15m-1765440900,1765440900,329.4,0.105,0.59,0.06,0.125,0.315
btc-updown-15m-1765440900,1765440900,339.5,0.03,0.62,0.075,0.035,0.255
btc-updown-15m-1765440900,1765440900,349.5,-0.035,0.585,0.11,0.17,0.19
btc-updown-15m-1765440900,1765440900,359.5,0.065,0.65,0.065,0.195,0.085
btc-updown-15m-1765440900,1765440900,369.6,0.05,0.695,-0.04,0.13,0.085
btc-updown-15m-1765440900,1765440900,384,0.03,0.725,0.03,0.16,0.04
btc-updown-15m-1765440900,1765440900,394.1,-0.05,0.675,0.14,0.205,0.12
btc-updown-15m-1765440900,1765440900,406,0.035,0.7,0.13,0.1,0.08
btc-updown-15m-1765440900,1765440900,416.1,0.115,0.815,0.09,-0.075,0.02
btc-updown-15m-1765440900,1765440900,438.7,0.035,0.845,-0.07,-0.015,-0.03
btc-updown-15m-1765440900,1765440900,448.8,0.065,0.91,-0.175,-0.105,-0.145
btc-updown-15m-1765440900,1765440900,458.8,-0.035,0.875,-0.1,-0.1,-0.13
btc-updown-15m-1765440900,1765440900,468.8,-0.1,0.775,0.06,0.005,-0.005
btc-updown-15m-1765440900,1765440900,478.8,-0.04,0.735,0.07,0.1,0.1
btc-updown-15m-1765440900,1765440900,488.9,0.045,0.78,0,0.065,-0.015
btc-updown-15m-1765440900,1765440900,498.9,0.055,0.835,-0.05,-0.02,-0.065
btc-updown-15m-1765440900,1765440900,509.7,0.035,0.815,0.02,-0.05,-0.03
btc-updown-15m-1765440900,1765440900,519.7,-0.04,0.775,0.075,-0.03,0.01
btc-updown-15m-1765440900,1765440900,529.7,0.04,0.815,0.005,-0.04,-0.08
btc-updown-15m-1765440900,1765440900,555.5,-0.03,0.815,-0.045,-0.05,0.12
btc-updown-15m-1765440900,1765440900,565.5,-0.065,0.75,0.035,0.02,0.195
btc-updown-15m-1765440900,1765440900,588.9,0.03,0.775,-0.005,-0.03,0.075
btc-updown-15m-1765440900,1765440900,598.9,0.06,0.835,-0.05,-0.08,0.07
btc-updown-15m-1765440900,1765440900,608.9,-0.07,0.765,0.01,0.155,0.16
btc-updown-15m-1765440900,1765440900,628.4,0.03,0.785,-0.03,0.12,0.18
btc-updown-15m-1765440900,1765440900,639.5,-0.03,0.765,0.14,0.11,0.2
btc-updown-15m-1765440900,1765440900,649.5,-0.03,0.735,0.19,0.115,0.23
btc-updown-15m-1765440900,1765440900,661.5,0.04,0.785,0.13,0.12,0.195
btc-updown-15m-1765440900,1765440900,671.5,0.11,0.905,-0.03,0.02,0.085
btc-updown-15m-1765440900,1765440900,681.8,0.03,0.935,-0.055,0.02,0.05
btc-updown-15m-1765440900,1765440900,691.8,-0.035,0.91,-0.005,0.055,0.075
btc-updown-15m-1765440900,1765440900,701.9,-0.03,0.88,0.045,0.085,0.11
btc-updown-15m-1765440900,1765440900,714.1,0.03,0.885,0.07,0.08,0.105
btc-updown-15m-1765440900,1765440900,724.1,0.03,0.915,0.05,0.07,0.075
btc-updown-15m-1765440900,1765440900,739.8,0.035,0.95,0.015,0.03,0.04
btc-updown-15m-1765450800,1765450800,5,-0.03,0.475,-0.035,-0.065,-0.03
btc-updown-15m-1765450800,1765450800,15.1,-0.04,0.435,0.01,-0.065,0.03
btc-updown-15m-1765450800,1765450800,59,-0.03,0.425,-0.03,0.04,-0.06
btc-updown-15m-1765450800,1765450800,69,-0.04,0.385,0.11,0.06,0.05
btc-updown-15m-1765450800,1765450800,87.1,0.03,0.385,0.075,0.055,0.07
btc-updown-15m-1765450800,1765450800,97.1,0.13,0.515,-0.06,-0.075,-0.055
btc-updown-15m-1765450800,1765450800,108,0.03,0.525,-0.07,-0.08,-0.07
btc-updown-15m-1765450800,1765450800,118.1,-0.07,0.455,-0.015,-0.01,0.025
btc-updown-15m-1765450800,1765450800,132.2,0.03,0.465,-0.01,-0.045,0.06
btc-updown-15m-1765450800,1765450800,145.7,-0.03,0.435,0.005,0.01,0.14
btc-updown-15m-1765450800,1765450800,178.3,-0.03,0.415,0.04,0.06,0.25
btc-updown-15m-1765450800,1765450800,188.5,0.06,0.435,0.02,0.11,0.28
btc-updown-15m-1765450800,1765450800,209.1,0.03,0.465,0.01,0.1,0.22
btc-updown-15m-1765450800,1765450800,232.5,0.035,0.48,0.095,0.175,0.215
btc-updown-15m-1765450800,1765450800,244.4,0.03,0.505,0.065,0.195,0.195
btc-updown-15m-1765450800,1765450800,254.4,0.04,0.545,0.02,0.235,0.15
btc-updown-15m-1765450800,1765450800,286.1,0.04,0.605,0.185,0.12,0.13
btc-updown-15m-1765450800,1765450800,296.2,0.05,0.67,0.065,0.035,0.065
btc-updown-15m-1765450800,1765450800,308.2,0.035,0.7,0.025,-0.005,0.155
btc-updown-15m-1765450800,1765450800,318.2,0.075,0.775,-0.045,-0.07,0.09
btc-updown-15m-1765450800,1765450800,328.3,-0.09,0.685,0.02,0.05,0.175
btc-updown-15m-1765450800,1765450800,338.3,0.04,0.725,-0.03,0.005,0.17
btc-updown-15m-1765450800,1765450800,353.8,-0.03,0.69,0.035,0.05,0.145
btc-updown-15m-1765450800,1765450800,383.8,0.03,0.72,0.02,0.145,0.075
btc-updown-15m-1765450800,1765450800,422.3,0.03,0.775,0.12,0.06,0.01
btc-updown-15m-1765450800,1765450800,432.3,0.09,0.87,0.025,-0.06,-0.075
btc-updown-15m-1765450800,1765450800,442.5,-0.03,0.845,0.03,-0.045,-0.11
btc-updown-15m-1765450800,1765450800,452.5,0.05,0.895,-0.06,-0.13,-0.235
btc-updown-15m-1765450800,1765450800,469.4,-0.03,0.865,-0.07,-0.115,-0.145
btc-updown-15m-1765450800,1765450800,479.5,-0.03,0.835,-0.05,-0.06,-0.09
btc-updown-15m-1765450800,1765450800,492.7,-0.035,0.81,-0.065,-0.015,-0.075
btc-updown-15m-1765450800,1765450800,511.9,-0.035,0.765,0.015,-0.095,0.025
btc-updown-15m-1765450800,1765450800,523.5,-0.03,0.745,0.05,0,0.03
btc-updown-15m-1765450800,1765450800,538.2,0.035,0.77,-0.09,-0.02,0.005
btc-updown-15m-1765450800,1765450800,561.4,-0.03,0.755,-0.025,0.03,0.015
btc-updown-15m-1765450800,1765450800,571.4,-0.065,0.685,0.08,0.105,0.13
btc-updown-15m-1765450800,1765450800,582.9,0.035,0.7,0.035,0.075,0.105
btc-updown-15m-1765450800,1765450800,592.9,0.03,0.725,0.06,0.06,0.075
btc-updown-15m-1765450800,1765450800,603.2,0.03,0.755,0.04,0.03,-0.11
btc-updown-15m-1765450800,1765450800,613.2,-0.05,0.735,0.03,0.04,-0.12
btc-updown-15m-1765450800,1765450800,623.3,0.05,0.785,0,0.005,-0.14
btc-updown-15m-1765450800,1765450800,643,-0.03,0.765,0.005,0.04,0.005
btc-updown-15m-1765450800,1765450800,685.7,0.03,0.795,0.02,-0.1,0.105
btc-updown-15m-1765450800,1765450800,717.6,0.035,0.825,-0.14,0.02,0.14
btc-updown-15m-1765450800,1765450800,727.6,-0.21,0.615,0.14,0.23,0.36
btc-updown-15m-1765450800,1765450800,737.7,0.03,0.635,0.15,0.25,0.34
btc-updown-15m-1765450800,1765450800,747.7,0.06,0.695,0.15,0.2,0.29
btc-updown-15m-1765450800,1765450800,757.7,0.06,0.755,0.09,0.21,0.23
btc-updown-15m-1765450800,1765450800,769.8,0.03,0.775,0.11,0.18,0.21
btc-updown-15m-1765450800,1765450800,779.8,0.07,0.845,0.08,0.125,0.145
btc-updown-15m-1765450800,1765450800,793.5,0.03,0.865,0.09,0.11,
btc-updown-15m-1765450800,1765450800,803.5,0.035,0.895,0.06,0.085,
btc-updown-15m-1765450800,1765450800,813.9,0.03,0.925,0.05,0.06,
btc-updown-15m-1765450800,1765450800,824.1,0.035,0.955,0.02,0.03,
btc-updown-15m-1765461600,1765461600,15.8,0.03,0.535,0.005,0.01,0.03
btc-updown-15m-1765461600,1765461600,25.8,0.035,0.57,-0.02,-0.065,-0.005
btc-updown-15m-1765461600,1765461600,42.7,-0.035,0.54,0.005,-0.005,0.01
btc-updown-15m-1765461600,1765461600,62,0.035,0.58,-0.075,0.04,-0.09
btc-updown-15m-1765461600,1765461600,72,-0.035,0.55,-0.015,0.005,-0.065
btc-updown-15m-1765461600,1765461600,83,-0.03,0.525,0.04,0.04,-0.03
btc-updown-15m-1765461600,1765461600,95.7,0.03,0.535,0.08,0.01,-0.04
btc-updown-15m-1765461600,1765461600,109.5,0.03,0.56,0.005,-0.015,0.005
btc-updown-15m-1765461600,1765461600,119.6,0.075,0.635,-0.07,-0.11,-0.07
btc-updown-15m-1765461600,1765461600,129.6,-0.03,0.605,-0.06,-0.12,0.07
btc-updown-15m-1765461600,1765461600,139.6,-0.04,0.565,-0.02,-0.08,0.14
btc-updown-15m-1765461600,1765461600,181.6,-0.03,0.51,-0.025,0.115,0.075
btc-updown-15m-1765461600,1765461600,212.4,0.03,0.515,0.12,0.15,0.14
btc-updown-15m-1765461600,1765461600,223.8,-0.045,0.505,0.19,0.12,0.07
btc-updown-15m-1765461600,1765461600,233.8,0.06,0.565,0.1,0.04,0.005
btc-updown-15m-1765461600,1765461600,243.8,0.07,0.635,-0.02,-0.03,-0.1
btc-updown-15m-1765461600,1765461600,254,0.06,0.695,-0.07,-0.095,-0.18
btc-updown-15m-1765461600,1765461600,268.7,-0.045,0.67,-0.085,-0.015,-0.21
btc-updown-15m-1765461600,1765461600,278.7,-0.045,0.625,-0.025,0.03,-0.25
btc-updown-15m-1765461600,1765461600,295,-0.03,0.595,0.04,-0.03,-0.25
btc-updown-15m-1765461600,1765461600,316.6,-0.03,0.575,0,-0.12,-0.28
btc-updown-15m-1765461600,1765461600,326.6,0.06,0.635,-0.06,-0.18,-0.37
btc-updown-15m-1765461600,1765461600,336.7,0.03,0.665,-0.13,-0.245,-0.39
btc-updown-15m-1765461600,1765461600,346.8,-0.09,0.575,-0.12,-0.17,-0.33
btc-updown-15m-1765461600,1765461600,361.3,-0.035,0.54,-0.085,-0.205,-0.155
btc-updown-15m-1765461600,1765461600,371.3,-0.03,0.505,-0.1,-0.24,-0.17
btc-updown-15m-1765461600,1765461600,381.3,-0.05,0.455,-0.05,-0.165,-0.11
btc-updown-15m-1765461600,1765461600,395.2,0.04,0.475,-0.14,-0.2,-0.15
btc-updown-15m-1765461600,1765461600,405.2,-0.065,0.41,-0.125,-0.155,-0.025
btc-updown-15m-1765461600,1765461600,415.2,-0.07,0.34,-0.065,0.005,0.065
btc-updown-15m-1765461600,1765461600,427.1,-0.03,0.31,-0.035,0.01,0.075
btc-updown-15m-1765461600,1765461600,437.3,0.035,0.3,-0.055,0.035,0.075
btc-updown-15m-1765461600,1765461600,447.3,-0.035,0.265,0.13,0.08,0.09
btc-updown-15m-1765461600,1765461600,465.8,-0.03,0.245,0.09,0.14,0.065
btc-updown-15m-1765461600,1765461600,475.8,0.1,0.345,0,0.07,-0.05
btc-updown-15m-1765461600,1765461600,486.1,-0.035,0.31,0.005,0.065,0.015
btc-updown-15m-1765461600,1765461600,496.3,0.03,0.335,0.06,0.04,-0.15
btc-updown-15m-1765461600,1765461600,516.8,0.03,0.375,0.01,-0.06,-0.13
btc-updown-15m-1765461600,1765461600,533.4,0.03,0.405,-0.05,-0.11,-0.22
btc-updown-15m-1765461600,1765461600,544.3,-0.03,0.375,-0.075,-0.045,-0.105
btc-updown-15m-1765461600,1765461600,560.1,-0.03,0.355,-0.06,-0.125,-0.105
btc-updown-15m-1765461600,1765461600,570.1,-0.05,0.305,-0.01,-0.09,-0.05
btc-updown-15m-1765461600,1765461600,602.3,0.035,0.34,-0.11,-0.095,0.215
btc-updown-15m-1765461600,1765461600,612.3,-0.105,0.245,-0.01,0.085,0.34
btc-updown-15m-1765461600,1765461600,623.7,0.03,0.225,-0.04,0.05,0.3
btc-updown-15m-1765461600,1765461600,633.7,0.04,0.265,-0.005,-0.015,0.26
btc-updown-15m-1765461600,1765461600,643.8,-0.03,0.235,0.095,0.11,0.245
btc-updown-15m-1765461600,1765461600,653.8,-0.05,0.185,0.09,0.27,0.29
btc-updown-15m-1765461600,1765461600,663.8,0.08,0.265,-0.015,0.26,0.19
btc-updown-15m-1765461600,1765461600,673.9,0.065,0.33,0.015,0.175,0.055
btc-updown-15m-1765461600,1765461600,683.9,-0.05,0.275,0.185,0.25,0.45
btc-updown-15m-1765461600,1765461600,695.3,-0.03,0.245,0.305,0.295,0.52
btc-updown-15m-1765461600,1765461600,705.3,0.09,0.335,0.17,0.15,0.58
btc-updown-15m-1765461600,1765461600,715.5,0.1,0.435,0.1,0.03,0.51
btc-updown-15m-1765461600,1765461600,725.6,0.13,0.565,-0.055,-0.15,0.42
btc-updown-15m-1765461600,1765461600,735.6,-0.055,0.51,-0.03,-0.13,0.405
btc-updown-15m-1765461600,1765461600,751.6,0.03,0.555,-0.08,0.19,0.42
btc-updown-15m-1765461600,1765461600,761.6,-0.05,0.505,-0.13,0.37,0.48
btc-updown-15m-1765461600,1765461600,771.6,-0.035,0.47,0.285,0.495,0.515
btc-updown-15m-1765461600,1765461600,784.2,-0.035,0.44,0.31,0.535,
btc-updown-15m-1765461600,1765461600,794.2,-0.045,0.39,0.505,0.595,
btc-updown-15m-1765461600,1765461600,804.2,0.335,0.725,0.24,0.2,
btc-updown-15m-1765461600,1765461600,814.9,0.03,0.765,0.22,0.22,
btc-updown-15m-1765461600,1765461600,824.9,0.14,0.905,0,0.08,
btc-updown-15m-1765461600,1765461600,834.9,0.06,0.965,-0.03,0.02,
btc-updown-15m-1765461600,1765461600,845.5,0.04,0.985,0,,
btc-updown-15m-1765461600,1765461600,855.5,-0.075,0.91,0.075,,
btc-updown-15m-1765461600,1765461600,865.8,0.035,0.94,0.045,,
btc-updown-15m-1765461600,1765461600,875.8,0.045,0.985,,,
btc-updown-15m-1765472400,1765472400,0.8,-0.04,0.5,0.055,0.01,-0.025
btc-updown-15m-1765472400,1765472400,10.8,0.035,0.535,-0.015,-0.085,-0.11
btc-updown-15m-1765472400,1765472400,20.8,-0.04,0.495,-0.03,-0.09,-0.06
btc-updown-15m-1765472400,1765472400,30.8,0.06,0.555,-0.045,-0.14,-0.17
btc-updown-15m-1765472400,1765472400,40.9,-0.035,0.52,-0.07,-0.105,-0.185
btc-updown-15m-1765472400,1765472400,50.9,-0.055,0.465,-0.06,-0.06,-0.12
btc-updown-15m-1765472400,1765472400,60.9,0.045,0.51,-0.095,-0.035,-0.1
btc-updown-15m-1765472400,1765472400,70.9,-0.06,0.45,-0.035,-0.025,-0.055
btc-updown-15m-1765472400,1765472400,80.9,-0.045,0.405,0,0.03,-0.035
btc-updown-15m-1765472400,1765472400,112.9,0.03,0.445,-0.015,-0.1,-0.02
btc-updown-15m-1765472400,1765472400,123.9,-0.035,0.43,-0.055,0.055,-0.025
btc-updown-15m-1765472400,1765472400,138.9,-0.03,0.425,-0.11,-0.05,0.09
btc-updown-15m-1765472400,1765472400,149.9,-0.035,0.395,0,-0.01,0.22
btc-updown-15m-1765472400,1765472400,159.9,-0.05,0.345,0.07,0.03,0.29
btc-updown-15m-1765472400,1765472400,177.1,0.035,0.36,0.035,0.065,0.225
btc-updown-15m-1765472400,1765472400,187.2,0.065,0.425,-0.055,0.04,0.23
btc-updown-15m-1765472400,1765472400,197.3,-0.05,0.375,0.03,0.12,0.3
btc-updown-15m-1765472400,1765472400,223.6,0.03,0.405,0.09,0.205,0.34
btc-updown-15m-1765472400,1765472400,237.9,0.035,0.43,0.165,0.175,0.295
btc-updown-15m-1765472400,1765472400,247.9,0.055,0.485,0.14,0.175,0.24
btc-updown-15m-1765472400,1765472400,259.2,0.03,0.52,0.09,0.155,0.185
btc-updown-15m-1765472400,1765472400,269.2,0.085,0.605,0,0.095,-0.05
btc-updown-15m-1765472400,1765472400,279.2,0.04,0.645,0.03,0.06,-0.04
btc-updown-15m-1765472400,1765472400,289.4,-0.03,0.61,0.065,0.165,0.005
btc-updown-15m-1765472400,1765472400,305.3,0.03,0.645,0.04,0.07,0.09
btc-updown-15m-1765472400,1765472400,315.3,0.05,0.695,0.06,0.02,-0.01
btc-updown-15m-1765472400,1765472400,325.8,0.03,0.725,0.015,-0.07,-0.05
btc-updown-15m-1765472400,1765472400,335.8,-0.04,0.685,0.03,-0.1,0.05
btc-updown-15m-1765472400,1765472400,345.8,0.07,0.755,-0.04,-0.1,-0.05
btc-updown-15m-1765472400,1765472400,356.1,-0.03,0.735,-0.08,-0.105,-0.045
btc-updown-15m-1765472400,1765472400,366.5,-0.03,0.715,-0.115,0.02,0.02
btc-updown-15m-1765472400,1765472400,380.5,-0.035,0.685,-0.09,0.01,0.05
btc-updown-15m-1765472400,1765472400,390.6,-0.105,0.58,0.065,0.125,0.185
btc-updown-15m-1765472400,1765472400,400.6,0.035,0.615,0.12,0.125,0.08
btc-updown-15m-1765472400,1765472400,411.4,-0.03,0.595,0.1,0.095,0.01
btc-updown-15m-1765472400,1765472400,421.4,0.075,0.67,0.035,0.025,-0.045
btc-updown-15m-1765472400,1765472400,431.4,0.07,0.745,0,-0.04,-0.205
btc-updown-15m-1765472400,1765472400,441.5,-0.05,0.695,-0.005,0.05,-0.19
btc-updown-15m-1765472400,1765472400,452.8,0.035,0.72,-0.035,-0.005,-0.105
btc-updown-15m-1765472400,1765472400,464.9,-0.03,0.705,0.025,-0.06,-0.04
btc-updown-15m-1765472400,1765472400,485.6,0.03,0.72,-0.025,-0.115,0.105
btc-updown-15m-1765472400,1765472400,501.3,0.03,0.735,-0.13,-0.23,0.11
btc-updown-15m-1765472400,1765472400,512.4,-0.03,0.715,-0.09,-0.11,0.2
btc-updown-15m-1765472400,1765472400,522.5,-0.035,0.68,-0.15,-0.015,0.225
btc-updown-15m-1765472400,1765472400,532.5,-0.065,0.615,-0.13,0.08,0.22
btc-updown-15m-1765472400,1765472400,546.8,-0.03,0.585,0.05,0.215,0.18
btc-updown-15m-1765472400,1765472400,556.8,-0.06,0.525,0.15,0.28,0.28
btc-updown-15m-1765472400,1765472400,566.9,0.03,0.555,0.18,0.305,0.21
btc-updown-15m-1765472400,1765472400,576.9,0.08,0.635,0.17,0.29,0.08
btc-updown-15m-1765472400,1765472400,587,0.035,0.675,0.13,0.2,0.075
btc-updown-15m-1765472400,1765472400,597,0.06,0.735,0.13,0.11,-0.07
btc-updown-15m-1765472400,1765472400,607,0.06,0.795,0.125,-0.03,-0.26
btc-updown-15m-1765472400,1765472400,618.7,0.035,0.83,0.025,-0.025,-0.365
btc-updown-15m-1765472400,1765472400,628.7,0.055,0.885,-0.035,-0.115,-0.26
btc-updown-15m-1765472400,1765472400,638.8,0.03,0.915,-0.13,-0.175,-0.1
btc-updown-15m-1765472400,1765472400,648.8,-0.06,0.855,-0.05,-0.11,0.015
btc-updown-15m-1765472400,1765472400,659.2,0.03,0.855,-0.08,-0.18,0.03
btc-updown-15m-1765472400,1765472400,669.3,-0.07,0.785,-0.04,-0.27,0.125
btc-updown-15m-1765472400,1765472400,683.6,-0.04,0.785,-0.02,-0.28,0.12
btc-updown-15m-1765472400,1765472400,694.6,-0.04,0.745,-0.135,-0.035,0.22
btc-updown-15m-1765472400,1765472400,705.1,0.03,0.735,-0.2,0.085,0.24
btc-updown-15m-1765472400,1765472400,715.1,-0.03,0.705,-0.17,0.18,0.28
btc-updown-15m-1765472400,1765472400,725.1,-0.11,0.595,0.16,0.29,0.395
btc-updown-15m-1765472400,1765472400,735.1,-0.065,0.535,0.29,0.395,0.455
btc-updown-15m-1765472400,1765472400,745.8,0.03,0.555,0.32,0.335,0.435
btc-updown-15m-1765472400,1765472400,755.9,0.195,0.755,0.155,0.21,0.235
btc-updown-15m-1765472400,1765472400,765.9,0.1,0.855,0.075,0.115,0.135
btc-updown-15m-1765472400,1765472400,779.9,0.03,0.895,0.065,0.09,0.095
btc-updown-15m-1765472400,1765472400,790,0.05,0.945,0.03,0.045,
btc-updown-15m-1765472400,1765472400,803.5,-0.03,0.895,0.09,0.095,
btc-updown-15m-1765472400,1765472400,813.7,0.065,0.965,0.025,0.025,
btc-updown-15m-1765483200,1765483200,2.5,-0.03,0.495,0.08,0.14,0.17
btc-updown-15m-1765483200,1765483200,12.5,0.04,0.535,0.065,0.115,0.19
btc-updown-15m-1765483200,1765483200,23,0.03,0.555,0.05,0.105,0.21
btc-updown-15m-1765483200,1765483200,36.8,0.03,0.595,0.055,0.09,0.22
btc-updown-15m-1765483200,1765483200,46.8,0.03,0.625,0.05,0.055,0.15
btc-updown-15m-1765483200,1765483200,57.6,0.035,0.635,0.03,0.04,0.16
btc-updown-15m-1765483200,1765483200,67.6,0.03,0.665,0.025,0.03,0.16
btc-updown-15m-1765483200,1765483200,78.4,0.03,0.665,0,0.085,0.17
btc-updown-15m-1765483200,1765483200,90,0.03,0.665,0,0.13,0.14
btc-updown-15m-1765483200,1765483200,100.9,0.035,0.7,0.025,0.1,0.185
btc-updown-15m-1765483200,1765483200,110.9,-0.035,0.665,0.1,0.11,0.2
btc-updown-15m-1765483200,1765483200,128.8,0.035,0.7,0.095,0.135,0.19
btc-updown-15m-1765483200,1765483200,138.8,0.055,0.755,0.02,0.08,0.13
btc-updown-15m-1765483200,1765483200,148.8,0.04,0.795,0.01,0.01,0.06
btc-updown-15m-1765483200,1765483200,163,0.03,0.795,0.07,0.09,0.07
btc-updown-15m-1765483200,1765483200,177.1,0.03,0.805,0.015,0.05,0.07
btc-updown-15m-1765483200,1765483200,187.5,0.035,0.83,0.035,0.055,-0.01
btc-updown-15m-1765483200,1765483200,197.5,0.03,0.86,0.015,0.025,-0.025
btc-updown-15m-1765483200,1765483200,207.5,-0.035,0.82,0.035,0.04,0.035
btc-updown-15m-1765483200,1765483200,217.6,0.055,0.865,0.02,0.01,-0.035
btc-updown-15m-1765483200,1765483200,247.2,0.03,0.885,-0.01,-0.065,0.01
btc-updown-15m-1765483200,1765483200,266.8,-0.03,0.865,0.01,-0.01,0.04
btc-updown-15m-1765483200,1765483200,302.7,-0.03,0.835,-0.015,0.02,0.09
btc-updown-15m-1765483200,1765483200,313.3,0.035,0.855,-0.02,0.04,0.065
btc-updown-15m-1765483200,1765483200,323.3,-0.03,0.825,-0.015,0.07,0.08
btc-updown-15m-1765483200,1765483200,334.2,-0.03,0.815,0.06,0.1,0.09
btc-updown-15m-1765483200,1765483200,362.1,0.03,0.855,0.06,0.07,0.1
btc-updown-15m-1765483200,1765483200,372.6,0.03,0.885,0.03,0.035,0.07
btc-updown-15m-1765483200,1765483200,390.1,0.03,0.915,-0.01,-0.01,0.05
btc-updown-15m-1765483200,1765483200,460.3,0.03,0.935,0.03,0.03,0.05
btc-updown-15m-1765483200,1765483200,496.8,0.035,0.965,0.01,0.01,0.02
btc-updown-15m-1765503900,1765503900,1.9,0.04,0.49,0.125,0.235,0.015
btc-updown-15m-1765503900,1765503900,11.9,0.06,0.555,0.09,0.07,0.025
btc-updown-15m-1765503900,1765503900,24.7,0.03,0.605,0.09,-0.01,0.005
btc-updown-15m-1765503900,1765503900,35.7,0.03,0.635,0.035,-0.055,-0.01
btc-updown-15m-1765503900,1765503900,47.8,0.03,0.67,-0.055,-0.11,-0.11
btc-updown-15m-1765503900,1765503900,57.9,0.035,0.715,-0.12,-0.15,-0.16
btc-updown-15m-1765503900,1765503900,67.9,-0.06,0.655,-0.1,-0.1,-0.105
btc-updown-15m-1765503900,1765503900,80.8,-0.04,0.59,-0.015,-0.005,-0.085
btc-updown-15m-1765503900,1765503900,97.3,-0.035,0.555,-0.01,0.07,-0.05
btc-updown-15m-1765503900,1765503900,119.3,-0.035,0.535,0.1,0.03,-0.02
btc-updown-15m-1765503900,1765503900,129.4,0.035,0.57,0.055,-0.025,-0.045
btc-updown-15m-1765503900,1765503900,143.2,0.03,0.615,-0.07,-0.11,-0.11
btc-updown-15m-1765503900,1765503900,161.7,-0.03,0.6,-0.055,-0.095,-0.165
btc-updown-15m-1765503900,1765503900,171.7,-0.055,0.545,-0.04,-0.02,-0.11
btc-updown-15m-1765503900,1765503900,193.3,-0.035,0.535,-0.04,-0.02,-0.08
btc-updown-15m-1765503900,1765503900,203.3,-0.03,0.505,0.03,0,-0.03
btc-updown-15m-1765503900,1765503900,213.3,0.03,0.535,-0.01,-0.06,-0.05
btc-updown-15m-1765503900,1765503900,223.4,-0.04,0.495,0.02,-0.065,-0.04
btc-updown-15m-1765503900,1765503900,233.4,0.04,0.535,-0.03,-0.11,-0.06
btc-updown-15m-1765503900,1765503900,243.9,-0.03,0.515,-0.035,-0.04,0.02
btc-updown-15m-1765503900,1765503900,256.6,-0.03,0.505,-0.06,-0.03,0.09
btc-updown-15m-1765503900,1765503900,266.6,-0.06,0.445,-0.03,0.03,0.02
btc-updown-15m-1765503900,1765503900,279.9,0.04,0.475,-0.04,-0.02,0.03
btc-updown-15m-1765503900,1765503900,289.9,-0.05,0.425,0.05,0.05,0.2
btc-updown-15m-1765503900,1765503900,302.4,0.03,0.45,0.025,0.095,0.19
btc-updown-15m-1765503900,1765503900,314.7,0.035,0.475,-0.02,0.12,0.12
btc-updown-15m-1765503900,1765503900,351.8,0.035,0.49,0.035,0.135,0.005
btc-updown-15m-1765503900,1765503900,361.9,0.05,0.545,-0.07,0.095,-0.05
btc-updown-15m-1765503900,1765503900,371.9,0.05,0.595,-0.1,0,-0.07
btc-updown-15m-1765503900,1765503900,382,-0.07,0.525,0.1,-0.02,-0.01
btc-updown-15m-1765503900,1765503900,392.1,-0.05,0.475,0.165,0.01,0.02
btc-updown-15m-1765503900,1765503900,405.3,0.035,0.53,0.065,-0.035,-0.025
btc-updown-15m-1765503900,1765503900,415.3,0.095,0.625,-0.11,-0.13,-0.12
btc-updown-15m-1765503900,1765503900,427,0.03,0.655,-0.17,-0.13,-0.14
btc-updown-15m-1765503900,1765503900,437,-0.08,0.575,-0.08,-0.06,0.01
btc-updown-15m-1765503900,1765503900,447,-0.09,0.485,0.01,0.02,0.11
btc-updown-15m-1765503900,1765503900,459.8,0.03,0.505,0.03,0,0.03
btc-updown-15m-1765503900,1765503900,482.5,0.03,0.525,-0.03,-0.025,0.075
btc-updown-15m-1765503900,1765503900,493.2,-0.03,0.525,-0.03,0.06,0.1
btc-updown-15m-1765503900,1765503900,514.9,-0.03,0.485,0.03,0.02,0.14
btc-updown-15m-1765503900,1765503900,547.4,0.03,0.525,-0.01,0.085,0.18
btc-updown-15m-1765503900,1765503900,557.4,0.06,0.585,-0.02,0.05,0.12
btc-updown-15m-1765503900,1765503900,569,-0.035,0.55,0.045,0.075,0.165
btc-updown-15m-1765503900,1765503900,582.3,0.03,0.555,0.06,0.03,0.26
btc-updown-15m-1765503900,1765503900,592.3,0.04,0.595,0.04,0.035,0.24
btc-updown-15m-1765503900,1765503900,612.6,0.03,0.625,-0.005,0.085,0.23
btc-updown-15m-1765503900,1765503900,638.5,-0.03,0.585,0.14,0.22,-0.065
btc-updown-15m-1765503900,1765503900,648.5,0.05,0.63,0.085,0.205,-0.375
btc-updown-15m-1765503900,1765503900,658.6,0.045,0.675,0.04,0.17,-0.51
btc-updown-15m-1765503900,1765503900,668.6,0.05,0.725,0.08,0.13,-0.57
btc-updown-15m-1765503900,1765503900,692.4,0.03,0.735,0.105,0.05,-0.6
btc-updown-15m-1765503900,1765503900,702.4,0.08,0.815,0.04,-0.52,-0.685
btc-updown-15m-1765503900,1765503900,714.3,0.03,0.845,-0.065,-0.605,-0.71
btc-updown-15m-1765503900,1765503900,739,0.03,0.885,-0.66,-0.8,-0.435
btc-updown-15m-1765503900,1765503900,749,-0.095,0.795,-0.645,-0.67,-0.385
btc-updown-15m-1765503900,1765503900,759,-0.345,0.45,-0.295,-0.31,0.325
btc-updown-15m-1765503900,1765503900,769,-0.225,0.225,-0.14,-0.1,0.6
btc-updown-15m-1765503900,1765503900,779,-0.075,0.15,-0.025,-0.005,0.835
btc-updown-15m-1765503900,1765503900,790.5,-0.03,0.14,0,0.035,
btc-updown-15m-1765503900,1765503900,800.6,-0.05,0.085,0.025,0.35,
btc-updown-15m-1765503900,1765503900,810.6,0.06,0.145,0.01,0.285,
btc-updown-15m-1765503900,1765503900,830.4,-0.03,0.12,0.315,0.715,
btc-updown-15m-1765503900,1765503900,840.4,0.035,0.155,0.275,,
btc-updown-15m-1765503900,1765503900,852.3,0.03,0.2,0.58,,
btc-updown-15m-1765503900,1765503900,862.3,0.255,0.48,0.39,,
btc-updown-15m-1765503900,1765503900,872.4,-0.065,0.415,,,
btc-updown-15m-1765503900,1765503900,882.4,0.365,0.78,,,
btc-updown-15m-1765503900,1765503900,892.4,0.09,0.87,,,
btc-updown-15m-1765514700,1765514700,12.1,-0.03,0.475,-0.01,-0.005,-0.09
btc-updown-15m-1765514700,1765514700,89.5,-0.035,0.45,-0.065,-0.055,0.005
btc-updown-15m-1765514700,1765514700,99.6,-0.06,0.385,0.005,0.01,0.07
btc-updown-15m-1765514700,1765514700,136.6,0.035,0.425,-0.03,0.035,0.07
btc-updown-15m-1765514700,1765514700,147.1,-0.035,0.445,-0.04,0.015,0.045
btc-updown-15m-1765514700,1765514700,157.1,-0.04,0.405,0.01,0.05,0.08
btc-updown-15m-1765514700,1765514700,194.5,0.03,0.445,0.01,0.01,0.04
btc-updown-15m-1765514700,1765514700,236.2,-0.035,0.44,0.045,0.055,0.05
btc-updown-15m-1765514700,1765514700,252.6,0.03,0.445,0.045,0.035,0.04
btc-updown-15m-1765514700,1765514700,262.6,0.05,0.495,-0.02,-0.015,-0.04
btc-updown-15m-1765514700,1765514700,298.5,0.03,0.505,-0.01,-0.02,0.38
btc-updown-15m-1765514700,1765514700,332.1,0.03,0.505,-0.015,0.15,0.365
btc-updown-15m-1765514700,1765514700,374.2,-0.035,0.45,0.405,0.365,0.445
btc-updown-15m-1765514700,1765514700,385.8,0.03,0.465,0.415,0.395,0.44
btc-updown-15m-1765514700,1765514700,395.8,0.35,0.815,0.01,0.09,0.1
btc-updown-15m-1765514700,1765514700,405.8,0.04,0.855,-0.04,0.055,0.07
btc-updown-15m-1765514700,1765514700,416.1,0.03,0.875,-0.01,0.02,0.065
btc-updown-15m-1765514700,1765514700,426.2,-0.06,0.825,0.08,0.08,0.13
btc-updown-15m-1765514700,1765514700,437.8,0.035,0.845,0.04,0.06,0.11
btc-updown-15m-1765514700,1765514700,448.5,0.03,0.87,0.045,0.045,0.095
btc-updown-15m-1765514700,1765514700,458.6,0.035,0.905,0,0.03,0.07
btc-updown-15m-1765514700,1765514700,475.9,-0.03,0.895,0.01,0.045,0.08
btc-updown-15m-1765524600,1765524600,4.5,-0.03,0.525,0.16,0.18,0.31
btc-updown-15m-1765524600,1765524600,14.6,0.04,0.565,0.125,0.08,0.265
btc-updown-15m-1765524600,1765524600,24.6,0.04,0.605,0.12,0.04,0.22
btc-updown-15m-1765524600,1765524600,34.6,0.075,0.68,0.025,0.105,0.155
btc-updown-15m-1765524600,1765524600,50.5,0.035,0.715,-0.075,0.06,0.125
btc-updown-15m-1765524600,1765524600,64,-0.03,0.705,0.08,0.13,0.13
btc-updown-15m-1765524600,1765524600,74.2,-0.055,0.645,0.15,0.185,0.16
btc-updown-15m-1765524600,1765524600,87.7,0.045,0.685,0.1,0.15,0.09
btc-updown-15m-1765524600,1765524600,97.7,0.115,0.8,0.025,0.035,-0.06
btc-updown-15m-1765524600,1765524600,110.6,-0.03,0.775,0.06,0.06,-0.02
btc-updown-15m-1765524600,1765524600,120.6,0.04,0.815,0.03,0.05,-0.07
btc-updown-15m-1765524600,1765524600,178.8,0.03,0.865,-0.09,-0.12,-0.135
btc-updown-15m-1765524600,1765524600,188.8,-0.03,0.835,-0.09,-0.08,-0.02
btc-updown-15m-1765524600,1765524600,204.3,-0.03,0.775,-0.03,-0.04,0.05
btc-updown-15m-1765524600,1765524600,214.9,-0.03,0.745,0.01,0,0.085
btc-updown-15m-1765524600,1765524600,302.9,0.03,0.76,0.07,-0.175,-0.265
btc-updown-15m-1765524600,1765524600,313,0.045,0.82,0.01,-0.255,-0.375
btc-updown-15m-1765524600,1765524600,350.3,-0.035,0.795,-0.23,-0.25,-0.47
btc-updown-15m-1765524600,1765524600,360.5,-0.195,0.6,-0.055,-0.105,-0.355
btc-updown-15m-1765524600,1765524600,370.7,-0.04,0.555,0,-0.1,-0.34
btc-updown-15m-1765524600,1765524600,391.1,-0.035,0.545,-0.05,-0.245,-0.43
btc-updown-15m-1765524600,1765524600,416.1,-0.03,0.505,-0.17,-0.245,-0.37
btc-updown-15m-1765524600,1765524600,426.1,-0.04,0.465,-0.18,-0.225,-0.335
btc-updown-15m-1765524600,1765524600,436.6,-0.03,0.435,-0.155,-0.22,-0.28
btc-updown-15m-1765524600,1765524600,446.6,-0.095,0.34,-0.08,-0.205,-0.2
btc-updown-15m-1765524600,1765524600,456.6,-0.055,0.285,-0.03,-0.18,-0.17
btc-updown-15m-1765524600,1765524600,469.6,0.03,0.32,-0.12,-0.175,-0.225
btc-updown-15m-1765524600,1765524600,479.6,-0.065,0.25,-0.125,-0.12,-0.185
btc-updown-15m-1765524600,1765524600,489.7,-0.04,0.21,-0.055,-0.075,-0.125
btc-updown-15m-1765524600,1765524600,500.6,-0.03,0.185,-0.045,-0.05,-0.105
btc-updown-15m-1765524600,1765524600,510.6,-0.06,0.12,0.01,0.005,0.155
btc-updown-15m-1765524600,1765524600,520.6,0.04,0.155,-0.015,-0.04,0.05
btc-updown-15m-1765524600,1765524600,533.1,-0.03,0.135,0,-0.055,0.07
btc-updown-15m-1765524600,1765524600,550.2,0.03,0.16,-0.045,-0.065,0.255
btc-updown-15m-1765524600,1765524600,561.3,-0.03,0.135,-0.03,-0.05,0.48
btc-updown-15m-1765524600,1765524600,576.1,-0.03,0.11,-0.035,0.145,0.525
btc-updown-15m-1765524600,1765524600,593,-0.03,0.085,-0.01,0.12,0.53
btc-updown-15m-1765524600,1765524600,610.1,0.03,0.095,0.125,0.32,0.52
btc-updown-15m-1765524600,1765524600,620.4,-0.03,0.075,0.13,0.52,0.52
btc-updown-15m-1765524600,1765524600,630.4,0.135,0.21,0.155,0.425,0.44
btc-updown-15m-1765524600,1765524600,640.5,-0.05,0.205,0.21,0.4,0.47
btc-updown-15m-1765524600,1765524600,656.6,0.035,0.255,0.365,0.35,0.57
btc-updown-15m-1765524600,1765524600,666.7,0.19,0.445,0.19,0.17,0.41
btc-updown-15m-1765524600,1765524600,676.7,0.05,0.49,0.135,0.105,0.335
btc-updown-15m-1765524600,1765524600,686.8,0.11,0.62,-0.015,-0.02,0.205
btc-updown-15m-1765524600,1765524600,700.2,-0.03,0.605,0.02,0.065,0.28
btc-updown-15m-1765524600,1765524600,717.7,-0.04,0.595,0.005,0.23,0.3
btc-updown-15m-1765524600,1765524600,727.7,0.04,0.615,0.05,0.25,0.315
btc-updown-15m-1765524600,1765524600,737.8,-0.03,0.585,0.1,0.24,0.395
btc-updown-15m-1765524600,1765524600,748.6,0.03,0.615,0.22,0.23,0.37
btc-updown-15m-1765524600,1765524600,758.6,0.04,0.665,0.2,0.22,0.325
btc-updown-15m-1765524600,1765524600,770.4,0.04,0.715,0.12,0.17,0.275
btc-updown-15m-1765524600,1765524600,780.4,0.115,0.845,0,0.06,
btc-updown-15m-1765524600,1765524600,790.5,0.03,0.875,0.01,0.08,
btc-updown-15m-1765524600,1765524600,800.5,-0.04,0.835,0.05,0.135,
btc-updown-15m-1765524600,1765524600,811,0.03,0.865,0.045,0.12,
btc-updown-15m-1765524600,1765524600,821.5,0.03,0.895,0.06,0.095,
btc-updown-15m-1765524600,1765524600,841,0.035,0.92,0.065,,
btc-updown-15m-1765524600,1765524600,851.5,0.035,0.96,0.03,,
btc-updown-15m-1765524600,1765524600,871.1,0.03,0.985,,,
btc-updown-15m-1765535400,1765535400,8.6,-0.03,0.5,-0.005,0.045,0.015
btc-updown-15m-1765535400,1765535400,58.8,0.03,0.53,-0.025,0.005,-0.025
btc-updown-15m-1765535400,1765535400,81.4,-0.03,0.53,-0.005,0.015,-0.025
btc-updown-15m-1765535400,1765535400,104.5,0.03,0.535,-0.03,-0.02,-0.08
btc-updown-15m-1765535400,1765535400,128.9,-0.03,0.51,0.005,0.025,-0.065
btc-updown-15m-1765535400,1765535400,139.4,0.03,0.54,-0.035,-0.035,-0.105
btc-updown-15m-1765535400,1765535400,153,-0.03,0.525,0.01,-0.06,-0.125
btc-updown-15m-1765535400,1765535400,182.1,0.03,0.525,-0.065,-0.07,0.01
btc-updown-15m-1765535400,1765535400,198.8,-0.03,0.505,-0.045,-0.07,0.04
btc-updown-15m-1765535400,1765535400,210.6,-0.03,0.475,0.03,-0.07,0.075
btc-updown-15m-1765535400,1765535400,234.5,0.035,0.49,-0.06,-0.105,-0.015
btc-updown-15m-1765535400,1765535400,244.5,-0.045,0.445,-0.045,0.08,0.03
btc-updown-15m-1765535400,1765535400,259.8,-0.03,0.42,-0.045,0.135,-0.035
btc-updown-15m-1765535400,1765535400,272.2,-0.035,0.41,0.125,0.135,-0.045
btc-updown-15m-1765535400,1765535400,282.3,-0.035,0.375,0.17,0.19,-0.05
btc-updown-15m-1765535400,1765535400,296.4,0.035,0.42,0.135,0.055,-0.015
btc-updown-15m-1765535400,1765535400,306.5,0.07,0.525,0.03,-0.05,-0.155
btc-updown-15m-1765535400,1765535400,319.1,0.03,0.555,-0.01,-0.17,-0.26
btc-updown-15m-1765535400,1765535400,349.2,-0.03,0.525,-0.14,-0.205,-0.2
btc-updown-15m-1765535400,1765535400,359.2,-0.06,0.465,-0.09,-0.03,-0.135
btc-updown-15m-1765535400,1765535400,369.5,-0.03,0.435,-0.07,-0.11,-0.1
btc-updown-15m-1765535400,1765535400,379.5,-0.05,0.385,-0.065,-0.09,-0.12
btc-updown-15m-1765535400,1765535400,395,-0.03,0.355,0.02,0.005,-0.085
btc-updown-15m-1765535400,1765535400,405.3,-0.035,0.325,-0.005,0.04,-0.1
btc-updown-15m-1765535400,1765535400,415.4,0.07,0.395,-0.02,-0.07,-0.18
btc-updown-15m-1765535400,1765535400,425.9,-0.03,0.365,0.005,-0.04,-0.12
btc-updown-15m-1765535400,1765535400,436,-0.05,0.32,0.035,-0.035,-0.065
btc-updown-15m-1765535400,1765535400,446.1,0.055,0.375,-0.05,-0.12,-0.11
btc-updown-15m-1765535400,1765535400,460.7,-0.035,0.33,-0.015,-0.08,-0.075
btc-updown-15m-1765535400,1765535400,471.7,0.03,0.325,-0.07,-0.1,-0.06
btc-updown-15m-1765535400,1765535400,493.5,-0.03,0.305,-0.07,-0.06,-0.05
btc-updown-15m-1765535400,1765535400,503.5,-0.035,0.265,-0.05,0.005,-0.03
btc-updown-15m-1765535400,1765535400,522.8,-0.03,0.235,0.01,0.02,-0.06
btc-updown-15m-1765535400,1765535400,543.4,0.03,0.25,0.005,0.055,-0.095
btc-updown-15m-1765535400,1765535400,557.4,0.03,0.275,-0.01,-0.035,-0.115
btc-updown-15m-1765535400,1765535400,572.8,-0.03,0.245,0.055,-0.08,0
btc-updown-15m-1765535400,1765535400,592.3,0.035,0.29,-0.065,-0.12,-0.035
btc-updown-15m-1765535400,1765535400,603.6,-0.03,0.285,-0.12,-0.13,-0.035
btc-updown-15m-1765535400,1765535400,613.6,-0.03,0.245,-0.07,-0.095,0.005
btc-updown-15m-1765535400,1765535400,626.3,-0.03,0.21,-0.025,-0.015,0.045
btc-updown-15m-1765535400,1765535400,654.5,0.03,0.195,-0.01,0.08,0.05
btc-updown-15m-1765535400,1765535400,664.7,-0.03,0.16,0.105,0.09,0.035
btc-updown-15m-1765535400,1765535400,681.4,0.03,0.175,0.06,0.065,-0.03
btc-updown-15m-1765535400,1765535400,691.4,0.05,0.235,0.015,0.02,-0.07
btc-updown-15m-1765535400,1765535400,704.7,-0.03,0.235,0.02,0.145,-0.19
btc-updown-15m-1765535400,1765535400,714.8,0.03,0.275,-0.02,-0.025,-0.23
btc-updown-15m-1765535400,1765535400,726.5,-0.03,0.235,0.03,-0.04,-0.22
btc-updown-15m-1765535400,1765535400,745.9,0.03,0.255,-0.03,-0.07,-0.245
btc-updown-15m-1765535400,1765535400,756.6,0.03,0.26,-0.065,-0.08,-0.25
btc-updown-15m-1765535400,1765535400,766.6,0.135,0.395,-0.25,-0.355,-0.385
btc-updown-15m-1765535400,1765535400,776.6,-0.19,0.205,-0.02,-0.17,-0.195
btc-updown-15m-1765535400,1765535400,787.7,-0.03,0.195,-0.03,-0.18,
btc-updown-15m-1765535400,1765535400,797.7,-0.045,0.15,-0.11,-0.135,
btc-updown-15m-1765535400,1765535400,807.7,0.03,0.185,-0.15,-0.175,
btc-updown-15m-1765535400,1765535400,820.1,-0.03,0.125,-0.11,-0.115,
btc-updown-15m-1765535400,1765535400,830.1,-0.08,0.045,-0.03,-0.035,
btc-updown-15m-1765535400,1765535400,841.7,-0.03,0.015,-0.005,,
btc-updown-15m-1765546200,1765546200,9.7,0.03,0.505,0.05,0.13,0.12
btc-updown-15m-1765546200,1765546200,20,0.03,0.525,0.03,0.12,0.03
btc-updown-15m-1765546200,1765546200,30.1,0.03,0.555,0.025,0.08,0.04
btc-updown-15m-1765546200,1765546200,58,0.035,0.58,0.045,0.045,-0.135
btc-updown-15m-1765546200,1765546200,68.1,0.055,0.635,-0.005,-0.01,-0.19
btc-updown-15m-1765546200,1765546200,80.4,0.03,0.645,-0.02,-0.09,-0.16
btc-updown-15m-1765546200,1765546200,132.7,-0.03,0.595,-0.08,-0.1,-0.08
btc-updown-15m-1765546200,1765546200,142.7,-0.04,0.555,-0.12,-0.06,0.04
btc-updown-15m-1765546200,1765546200,158.9,-0.03,0.565,-0.09,0,0.03
btc-updown-15m-1765546200,1765546200,168.9,-0.06,0.505,-0.02,0.05,0.08
btc-updown-15m-1765546200,1765546200,178.9,-0.12,0.385,0.18,0.17,0.215
btc-updown-15m-1765546200,1765546200,188.9,0.09,0.475,0.09,0.03,0.08
btc-updown-15m-1765546200,1765546200,204.1,0.03,0.515,0.04,0.06,0.01
btc-updown-15m-1765546200,1765546200,214.2,0.05,0.565,-0.03,0.04,0.03
btc-updown-15m-1765546200,1765546200,247.3,-0.03,0.525,0.07,0.04,0.08
btc-updown-15m-1765546200,1765546200,260.9,0.035,0.545,0.05,-0.01,0.065
btc-updown-15m-1765546200,1765546200,270.9,0.035,0.59,0.005,-0.025,0.025
btc-updown-15m-1765546200,1765546200,305.6,-0.03,0.565,0.03,0.03,0.15
btc-updown-15m-1765546200,1765546200,323.5,-0.03,0.525,0.05,0.085,0.08
btc-updown-15m-1765546200,1765546200,333.5,0.07,0.595,-0.015,0.04,0.045
btc-updown-15m-1765546200,1765546200,356,-0.03,0.565,0.05,0.18,0.09
btc-updown-15m-1765546200,1765546200,366,0.04,0.605,-0.01,0.1,-0.02
btc-updown-15m-1765546200,1765546200,376.5,0.03,0.625,0.05,0.1,-0.025
btc-updown-15m-1765546200,1765546200,397.5,0.03,0.635,0.08,0,-0.03
btc-updown-15m-1765546200,1765546200,407.5,0.04,0.675,0.045,-0.04,-0.04
btc-updown-15m-1765546200,1765546200,417.5,0.08,0.755,-0.13,-0.175,-0.14
btc-updown-15m-1765546200,1765546200,427.6,-0.04,0.715,-0.08,-0.13,-0.005
btc-updown-15m-1765546200,1765546200,440.1,-0.03,0.695,-0.065,-0.075,0.12
btc-updown-15m-1765546200,1765546200,450.1,-0.06,0.635,-0.06,-0.025,0.14
btc-updown-15m-1765546200,1765546200,473.8,0.03,0.665,-0.03,-0.035,0.09
btc-updown-15m-1765546200,1765546200,483.9,-0.07,0.595,0.01,0.11,0.19
btc-updown-15m-1765546200,1765546200,497.2,0.03,0.615,0.02,0.2,0.18
btc-updown-15m-1765546200,1765546200,510.8,-0.035,0.61,0.005,0.165,0.275
btc-updown-15m-1765546200,1765546200,520.8,0.045,0.655,0.07,0.13,0.23
btc-updown-15m-1765546200,1765546200,540.9,-0.03,0.615,0.16,0.145,0.305
btc-updown-15m-1765546200,1765546200,550.9,0.12,0.735,0.05,0.03,0.2
btc-updown-15m-1765546200,1765546200,560.9,0.08,0.815,-0.07,0.03,0.12
btc-updown-15m-1765546200,1765546200,570.9,-0.04,0.775,-0.02,0.11,0.17
btc-updown-15m-1765546200,1765546200,581.3,0.03,0.795,-0.02,0.1,0.1
btc-updown-15m-1765546200,1765546200,591.4,-0.05,0.745,0.1,0.165,0.16
btc-updown-15m-1765546200,1765546200,602.5,0.03,0.785,0.1,0.14,0.12
btc-updown-15m-1765546200,1765546200,618,0.035,0.825,0.1,0.12,0.11
btc-updown-15m-1765546200,1765546200,628,0.07,0.895,0.03,0.05,0.065
btc-updown-15m-1765546200,1765546200,645.7,0.03,0.915,0.025,-0.015,0.06
btc-updown-15m-1765546200,1765546200,693,-0.035,0.91,-0.005,0.065,-0.07
btc-updown-15m-1765546200,1765546200,708.1,0.03,0.905,0.03,0.07,-0.01
btc-updown-15m-1765546200,1765546200,725,0.03,0.935,0.04,0.03,0
btc-updown-15m-1765546200,1765546200,771.2,-0.035,0.93,-0.125,-0.02,-0.455
btc-updown-15m-1765546200,1765546200,781.8,0.04,0.965,-0.12,-0.05,
btc-updown-15m-1765546200,1765546200,791.8,-0.15,0.815,0.02,0.13,
btc-updown-15m-1765546200,1765546200,802.2,0.05,0.815,0.095,-0.24,
btc-updown-15m-1765546200,1765546200,823.2,0.065,0.9,0.045,-0.425,
btc-updown-15m-1765546200,1765546200,833.3,-0.055,0.915,-0.34,-0.45,
btc-updown-15m-1765546200,1765546200,847.2,0.035,0.94,-0.42,,
btc-updown-15m-1765546200,1765546200,857.2,-0.49,0.45,0.075,,
btc-updown-15m-1765546200,1765546200,867.4,0.03,0.46,-0.055,,
btc-updown-15m-1765546200,1765546200,877.4,0.065,0.525,,,
btc-updown-15m-1765546200,1765546200,890.1,-0.03,0.475,,,
btc-updown-15m-1765557000,1765557000,3,-0.035,0.45,-0.115,-0.195,-0.315
btc-updown-15m-1765557000,1765557000,13,-0.12,0.325,0.005,-0.06,-0.2
btc-updown-15m-1765557000,1765557000,23.6,-0.03,0.31,-0.005,-0.075,-0.185
btc-updown-15m-1765557000,1765557000,34.9,0.03,0.315,-0.055,-0.09,-0.2
btc-updown-15m-1765557000,1765557000,54.1,-0.03,0.295,-0.05,-0.1,-0.18
btc-updown-15m-1765557000,1765557000,64.1,-0.035,0.26,-0.04,-0.11,-0.165
btc-updown-15m-1765557000,1765557000,83.4,-0.03,0.235,-0.05,-0.11,-0.13
btc-updown-15m-1765557000,1765557000,93.9,-0.03,0.215,-0.065,-0.095,-0.1
btc-updown-15m-1765557000,1765557000,104.6,-0.03,0.195,-0.06,-0.08,-0.09
btc-updown-15m-1765557000,1765557000,120.1,-0.03,0.15,-0.025,-0.055,-0.045
btc-updown-15m-1765557000,1765557000,130.2,-0.035,0.115,0.005,-0.01,-0.01
btc-updown-15m-1765557000,1765557000,146,-0.03,0.12,-0.015,-0.015,-0.025
btc-updown-15m-1765557000,1765557000,180,-0.03,0.095,0,0.01,0
btc-updown-15m-1765557000,1765557000,217.9,0.03,0.125,-0.03,-0.04,-0.06
btc-updown-15m-1765557000,1765557000,255.4,-0.03,0.085,-0.01,0,-0.03
btc-updown-15m-1765557000,1765557000,287.8,-0.03,0.055,0.035,-0.01,0.02
btc-updown-15m-1765557000,1765557000,297.9,0.03,0.085,-0.02,-0.04,-0.015
btc-updown-15m-1765557000,1765557000,325.5,-0.03,0.065,-0.02,0,0
btc-updown-15m-1765557000,1765557000,349.6,-0.03,0.045,0.02,0.02,-0.01
btc-updown-15m-1765567800,1765567800,3.8,0.03,0.535,0.07,0.005,0.11
btc-updown-15m-1765567800,1765567800,13.9,0.035,0.57,0.025,0.045,0.035
btc-updown-15m-1765567800,1765567800,27.3,0.03,0.615,-0.045,0.025,0.01
btc-updown-15m-1765567800,1765567800,37.3,-0.04,0.575,-0.01,0.07,-0.005
btc-updown-15m-1765567800,1765567800,48.4,-0.035,0.54,0.11,0.115,0
btc-updown-15m-1765567800,1765567800,58.5,0.04,0.58,0.06,0.085,-0.065
btc-updown-15m-1765567800,1765567800,71,-0.03,0.565,0.09,0.06,0.03
btc-updown-15m-1765567800,1765567800,81,0.09,0.655,0,-0.08,-0.05
btc-updown-15m-1765567800,1765567800,120.2,0.03,0.685,-0.05,-0.175,-0.045
btc-updown-15m-1765567800,1765567800,130.2,-0.05,0.635,-0.045,-0.035,0.08
btc-updown-15m-1765567800,1765567800,140.2,-0.06,0.575,-0.02,0.04,0.12
btc-updown-15m-1765567800,1765567800,150.2,0.06,0.635,-0.125,0,-0.01
btc-updown-15m-1765567800,1765567800,160.2,-0.045,0.59,0.01,0.04,0.035
btc-updown-15m-1765567800,1765567800,170.2,-0.035,0.555,0.06,0.08,0.055
btc-updown-15m-1765567800,1765567800,180.2,-0.045,0.51,0.125,0.13,0.045
btc-updown-15m-1765567800,1765567800,190.2,0.085,0.595,0.035,0.12,-0.04
btc-updown-15m-1765567800,1765567800,201.9,0.03,0.615,0.01,0.08,0.05
btc-updown-15m-1765567800,1765567800,213.8,0.03,0.63,0.065,-0.01,0.035
btc-updown-15m-1765567800,1765567800,241,0.03,0.66,-0.05,-0.115,-0.065
btc-updown-15m-1765567800,1765567800,251.1,0.05,0.715,-0.09,-0.12,-0.21
btc-updown-15m-1765567800,1765567800,267.2,-0.03,0.655,-0.07,0.01,-0.2
btc-updown-15m-1765567800,1765567800,277.2,-0.035,0.62,-0.075,0.045,-0.11
btc-updown-15m-1765567800,1765567800,290.9,-0.03,0.595,0.07,0.02,-0.14
btc-updown-15m-1765567800,1765567800,300.9,-0.05,0.545,0.13,0.05,-0.14
btc-updown-15m-1765567800,1765567800,311,0.045,0.59,0.055,-0.085,-0.15
btc-updown-15m-1765567800,1765567800,321,0.07,0.665,-0.05,-0.19,-0.285
btc-updown-15m-1765567800,1765567800,338.9,-0.03,0.645,-0.14,-0.14,-0.215
btc-updown-15m-1765567800,1765567800,349.5,-0.03,0.615,-0.12,-0.165,-0.23
btc-updown-15m-1765567800,1765567800,362.2,-0.03,0.575,-0.075,-0.19,-0.14
btc-updown-15m-1765567800,1765567800,372.2,-0.065,0.51,-0.035,-0.085,-0.045
btc-updown-15m-1765567800,1765567800,382.2,-0.055,0.455,-0.015,-0.07,0.06
btc-updown-15m-1765567800,1765567800,392.2,0.045,0.5,-0.115,-0.045,0.035
btc-updown-15m-1765567800,1765567800,403.7,-0.03,0.485,-0.08,-0.05,-0.01
btc-updown-15m-1765567800,1765567800,413.7,-0.04,0.445,-0.025,-0.04,0.025
btc-updown-15m-1765567800,1765567800,423.7,-0.07,0.375,0.07,0.07,0.21
btc-updown-15m-1765567800,1765567800,436.8,-0.04,0.39,0.055,0.105,0.105
btc-updown-15m-1765567800,1765567800,446.8,0.065,0.455,-0.06,0.005,0.035
btc-updown-15m-1765567800,1765567800,456.8,-0.03,0.425,0.005,0.08,0.075
btc-updown-15m-1765567800,1765567800,468.7,-0.035,0.395,0.09,0.075,0.005
btc-updown-15m-1765567800,1765567800,481.4,0.035,0.42,0.08,0.165,-0.035
btc-updown-15m-1765567800,1765567800,491.4,0.04,0.465,0.01,0.105,0.06
btc-updown-15m-1765567800,1765567800,501.4,0.05,0.515,-0.04,0,-0.085
btc-updown-15m-1765567800,1765567800,513.3,0.035,0.53,0.065,-0.055,0.015
btc-updown-15m-1765567800,1765567800,523.3,-0.055,0.475,0.035,-0.01,0.14
btc-updown-15m-1765567800,1765567800,536.4,0.03,0.505,0.005,-0.145,0
btc-updown-15m-1765567800,1765567800,546.4,0.085,0.59,-0.09,-0.145,0.125
btc-updown-15m-1765567800,1765567800,556.4,-0.09,0.5,-0.105,0.025,0.175
btc-updown-15m-1765567800,1765567800,568,-0.03,0.47,-0.125,-0.025,0.205
btc-updown-15m-1765567800,1765567800,578,0.035,0.505,0.015,0.07,0.24
btc-updown-15m-1765567800,1765567800,588,-0.105,0.4,0.125,0.15,0.42
btc-updown-15m-1765567800,1765567800,598,-0.055,0.345,0.1,0.165,0.45
btc-updown-15m-1765567800,1765567800,608,0.175,0.52,0.055,0.19,0.2
btc-updown-15m-1765567800,1765567800,619.8,-0.03,0.475,0.07,0.245,0.07
btc-updown-15m-1765567800,1765567800,629.9,0.035,0.49,0.035,0.12,-0.035
btc-updown-15m-1765567800,1765567800,639.9,0.085,0.575,0.155,0.23,-0.175
btc-updown-15m-1765567800,1765567800,650.1,-0.05,0.545,0.175,0.27,-0.18
btc-updown-15m-1765567800,1765567800,660.8,0.035,0.58,0.045,0.15,-0.435
btc-updown-15m-1765567800,1765567800,670.8,0.16,0.74,0.07,-0.075,-0.655
btc-updown-15m-1765567800,1765567800,680.8,-0.045,0.71,0.105,-0.17,-0.555
btc-updown-15m-1765567800,1765567800,690.8,-0.085,0.625,0.11,-0.16,-0.5
btc-updown-15m-1765567800,1765567800,700.8,0.175,0.81,-0.145,-0.405,-0.675
btc-updown-15m-1765567800,1765567800,719.9,-0.035,0.78,-0.325,-0.65,-0.705
btc-updown-15m-1765567800,1765567800,729.9,-0.09,0.685,-0.285,-0.605,-0.63
btc-updown-15m-1765567800,1765567800,739.9,-0.14,0.545,-0.18,-0.39,-0.5
btc-updown-15m-1765567800,1765567800,749.9,-0.075,0.455,-0.325,-0.32,-0.425
btc-updown-15m-1765567800,1765567800,759.9,-0.07,0.385,-0.305,-0.27,-0.37
btc-updown-15m-1765567800,1765567800,770.2,-0.04,0.365,-0.21,-0.295,-0.355
btc-updown-15m-1765567800,1765567800,780.2,-0.25,0.115,0.015,-0.045,
btc-updown-15m-1765567800,1765567800,790.2,-0.035,0.08,0.06,-0.025,
btc-updown-15m-1765567800,1765567800,800.2,0.07,0.155,-0.085,-0.115,
btc-updown-15m-1765567800,1765567800,810.6,-0.03,0.125,-0.06,-0.1,
btc-updown-15m-1765567800,1765567800,824.1,0.03,0.115,-0.06,-0.1,
btc-updown-15m-1765567800,1765567800,834.1,-0.03,0.085,-0.06,-0.075,
btc-updown-15m-1765567800,1765567800,847.2,-0.03,0.055,-0.04,,
btc-updown-15m-1765567800,1765567800,862.3,-0.03,0.025,-0.015,,
btc-updown-15m-1765567800,1765567800,878.3,-0.03,0.015,,,
btc-updown-15m-1765590300,1765590300,0.6,0.035,0.58,-0.075,-0.095,-0.105
btc-updown-15m-1765590300,1765590300,13.2,0.06,0.585,-0.085,-0.1,-0.13
btc-updown-15m-1765590300,1765590300,23.2,-0.08,0.505,-0.01,-0.035,-0.06
btc-updown-15m-1765590300,1765590300,58.6,-0.035,0.465,0.005,0.01,-0.1
btc-updown-15m-1765590300,1765590300,147.9,-0.03,0.425,-0.06,0,0.02
btc-updown-15m-1765590300,1765590300,174.3,-0.03,0.375,0.035,0.01,0.065
btc-updown-15m-1765590300,1765590300,185.6,-0.03,0.345,0.03,0.04,0.09
btc-updown-15m-1765590300,1765590300,195.6,0.04,0.385,0,0.03,0.05
btc-updown-15m-1765590300,1765590300,207.9,0.035,0.42,-0.04,0.025,0.065
btc-updown-15m-1765590300,1765590300,218.2,-0.035,0.385,0.06,0.07,0.09
btc-updown-15m-1765590300,1765590300,234.6,-0.03,0.375,0.05,0.065,0.21
btc-updown-15m-1765590300,1765590300,246.5,0.03,0.405,0.04,0.02,0.205
btc-updown-15m-1765590300,1765590300,257.5,-0.03,0.415,0.025,0.02,0.2
btc-updown-15m-1765590300,1765590300,267.5,0.03,0.445,0.005,0.04,0.175
btc-updown-15m-1765590300,1765590300,308,-0.04,0.425,0.05,0.19,0.265
btc-updown-15m-1765590300,1765590300,318,0.03,0.455,0.115,0.165,0.25
btc-updown-15m-1765590300,1765590300,338.5,0.03,0.515,0.09,0.115,0.2
btc-updown-15m-1765590300,1765590300,351.2,0.035,0.59,0.03,0.025,0.155
btc-updown-15m-1765590300,1765590300,362,0.03,0.615,0.005,0.05,0.06
btc-updown-15m-1765590300,1765590300,410.7,-0.03,0.615,0.09,0.13,-0.02
btc-updown-15m-1765590300,1765590300,420.7,0.045,0.66,0.05,0.01,-0.065
btc-updown-15m-1765590300,1765590300,430.8,0.035,0.695,0.04,-0.1,-0.09
btc-updown-15m-1765590300,1765590300,459.7,0.03,0.735,-0.14,-0.15,-0.145
btc-updown-15m-1765590300,1765590300,476.7,-0.03,0.715,-0.115,-0.12,-0.115
btc-updown-15m-1765590300,1765590300,486.7,-0.115,0.6,-0.015,0,0.035
btc-updown-15m-1765590300,1765590300,604.1,0.03,0.63,0.015,0.045,0.305
btc-updown-15m-1765590300,1765590300,614.5,0.03,0.665,-0.01,0.125,0.27
btc-updown-15m-1765590300,1765590300,624.9,-0.03,0.645,0.03,0.155,0.26
btc-updown-15m-1765590300,1765590300,647.8,0.03,0.68,0.115,0.245,0.215
btc-updown-15m-1765590300,1765590300,672,0.04,0.715,0.13,0.22,0.24
btc-updown-15m-1765590300,1765590300,682.1,0.08,0.805,0.115,0.11,0.14
btc-updown-15m-1765590300,1765590300,701.9,0.035,0.845,0.09,0.08,0.13
btc-updown-15m-1765590300,1765590300,711.9,0.075,0.92,-0.005,0.005,0.065
btc-updown-15m-1765590300,1765590300,744.6,-0.03,0.905,0.02,0.045,0.08
btc-updown-15m-1765590300,1765590300,775.7,0.035,0.93,0.02,0.055,0.055
btc-updown-15m-1765590300,1765590300,808.7,0.03,0.985,0,0,
btc-updown-15m-1765601100,1765601100,118.7,0.03,0.505,0.125,0.135,0.18
btc-updown-15m-1765601100,1765601100,128.7,0.08,0.585,0.03,0.07,0.11
btc-updown-15m-1765601100,1765601100,162.8,0.03,0.655,0,0,0.05
btc-updown-15m-1765601100,1765601100,240.6,0.035,0.705,-0.015,0.05,-0.015
btc-updown-15m-1765601100,1765601100,287.2,0.03,0.725,-0.06,-0.05,-0.18
btc-updown-15m-1765601100,1765601100,297.8,0.03,0.755,-0.07,-0.07,-0.215
btc-updown-15m-1765601100,1765601100,309.9,-0.03,0.725,-0.045,-0.11,-0.175
btc-updown-15m-1765601100,1765601100,320,-0.065,0.66,0.015,-0.105,-0.11
btc-updown-15m-1765601100,1765601100,362.7,-0.03,0.645,-0.1,-0.09,-0.09
btc-updown-15m-1765601100,1765601100,377.9,-0.035,0.58,-0.035,-0.03,-0.025
btc-updown-15m-1765601100,1765601100,502.3,0.035,0.585,0.01,0.015,-0.23
btc-updown-15m-1765601100,1765601100,598.9,-0.03,0.575,-0.235,-0.29,-0.29
btc-updown-15m-1765601100,1765601100,609,-0.18,0.395,-0.06,-0.09,-0.15
btc-updown-15m-1765601100,1765601100,619.1,-0.03,0.365,-0.08,-0.06,-0.185
btc-updown-15m-1765601100,1765601100,629.7,-0.04,0.325,-0.04,-0.025,-0.185
btc-updown-15m-1765601100,1765601100,643.3,-0.03,0.3,0.005,-0.01,-0.155
btc-updown-15m-1765601100,1765601100,728.1,-0.035,0.25,-0.105,-0.175,-0.09
btc-updown-15m-1765601100,1765601100,738.2,-0.085,0.175,-0.025,-0.075,-0.095
btc-updown-15m-1765601100,1765601100,748.3,-0.03,0.145,-0.055,-0.005,-0.045
btc-updown-15m-1765601100,1765601100,761,-0.035,0.145,-0.05,-0.02,-0.09
btc-updown-15m-1765601100,1765601100,773.4,-0.03,0.12,0.02,0.175,-0.105
btc-updown-15m-1765601100,1765601100,783.6,-0.04,0.075,0.07,0.18,
btc-updown-15m-1765601100,1765601100,795.6,0.03,0.105,0.015,0.015,
btc-updown-15m-1765601100,1765601100,805.6,0.04,0.145,0.165,-0.055,
btc-updown-15m-1765601100,1765601100,827,-0.03,0.1,0.015,-0.07,
btc-updown-15m-1765601100,1765601100,837.2,0.095,0.32,-0.23,-0.305,
btc-updown-15m-1765601100,1765601100,847.2,-0.185,0.135,-0.07,,
btc-updown-15m-1765601100,1765601100,857.7,-0.055,0.115,-0.085,,
btc-updown-15m-1765601100,1765601100,868.5,0.03,0.105,-0.095,,
btc-updown-15m-1765601100,1765601100,878.7,-0.07,0.035,,,
btc-updown-15m-1765601100,1765601100,889.5,-0.04,0.025,,,
btc-updown-15m-1765611000,1765611000,0.4,-0.04,0.425,0.13,0.13,0.14
btc-updown-15m-1765611000,1765611000,10.4,0.09,0.515,0.045,-0.01,0.05
btc-updown-15m-1765611000,1765611000,20.4,0.035,0.55,0.005,-0.12,0.015
btc-updown-15m-1765611000,1765611000,61.7,0.035,0.59,-0.035,-0.035,-0.05
btc-updown-15m-1765611000,1765611000,71.9,-0.11,0.495,0.07,0.07,-0.01
btc-updown-15m-1765611000,1765611000,81.9,-0.06,0.435,0.135,0.14,0.15
btc-updown-15m-1765611000,1765611000,91.9,0.125,0.56,-0.005,0.015,0.035
btc-updown-15m-1765611000,1765611000,172.3,-0.035,0.54,0.045,0.035,-0.07
btc-updown-15m-1765611000,1765611000,186.4,-0.035,0.505,0.09,-0.085,-0.04
btc-updown-15m-1765611000,1765611000,196.4,0.03,0.535,0.055,-0.08,-0.07
btc-updown-15m-1765611000,1765611000,206.4,0.06,0.595,-0.02,-0.13,-0.135
btc-updown-15m-1765611000,1765611000,244.6,-0.035,0.54,-0.075,-0.075,-0.03
btc-updown-15m-1765611000,1765611000,254.6,-0.09,0.45,0.015,0.025,0.025
btc-updown-15m-1765611000,1765611000,339.7,0.035,0.495,-0.01,-0.03,-0.27
btc-updown-15m-1765611000,1765611000,368.2,-0.035,0.48,-0.015,-0.185,-0.15
btc-updown-15m-1765611000,1765611000,405.5,-0.03,0.435,-0.155,-0.22,-0.245
btc-updown-15m-1765611000,1765611000,423.1,-0.03,0.355,-0.14,-0.105,-0.2
btc-updown-15m-1765611000,1765611000,433.3,-0.035,0.29,-0.065,0.035,-0.145
btc-updown-15m-1765611000,1765611000,444.7,-0.035,0.25,-0.035,0.085,-0.12
btc-updown-15m-1765611000,1765611000,455.7,-0.03,0.225,0.12,0.035,-0.115
btc-updown-15m-1765611000,1765611000,479.7,0.03,0.24,0.095,-0.095,-0.155
btc-updown-15m-1765611000,1765611000,489.8,0.09,0.335,-0.1,-0.19,-0.26
btc-updown-15m-1765611000,1765611000,510.9,-0.03,0.295,-0.16,-0.165,-0.17
btc-updown-15m-1765611000,1765611000,521,-0.085,0.205,-0.06,-0.095,-0.095
btc-updown-15m-1765611000,1765611000,532.2,-0.03,0.185,-0.055,-0.08,-0.08
btc-updown-15m-1765611000,1765611000,542.2,-0.045,0.14,-0.025,-0.065,-0.06
btc-updown-15m-1765611000,1765611000,601.2,-0.03,0.075,0.05,0.02,-0.035
btc-updown-15m-1765611000,1765611000,620.4,0.03,0.105,0.01,-0.02,-0.075
btc-updown-15m-1765611000,1765611000,659.5,-0.03,0.095,-0.03,-0.06,-0.085
btc-updown-15m-1765611000,1765611000,692.7,-0.03,0.055,-0.015,-0.04,-0.045
btc-updown-15m-1765624500,1765624500,4.8,-0.03,0.505,-0.145,-0.18,-0.18
btc-updown-15m-1765624500,1765624500,22.6,-0.03,0.48,-0.15,-0.145,-0.165
btc-updown-15m-1765624500,1765624500,32.7,-0.12,0.36,-0.03,-0.035,-0.03
btc-updown-15m-1765624500,1765624500,52.9,-0.035,0.325,0.005,-0.005,0
btc-updown-15m-1765624500,1765624500,63.6,-0.035,0.32,0.005,0.005,-0.015
btc-updown-15m-1765624500,1765624500,129.7,-0.03,0.29,0.03,0.02,-0.055
btc-updown-15m-1765624500,1765624500,139.8,0.045,0.335,-0.01,-0.05,-0.11
btc-updown-15m-1765624500,1765624500,199.4,-0.03,0.285,-0.03,-0.055,-0.065
btc-updown-15m-1765624500,1765624500,210,0.035,0.31,-0.075,-0.075,-0.1
btc-updown-15m-1765624500,1765624500,225.3,-0.035,0.275,-0.03,-0.05,-0.065
btc-updown-15m-1765624500,1765624500,241.1,-0.03,0.225,0.01,0,-0.03
btc-updown-15m-1765624500,1765624500,404.5,-0.03,0.165,-0.06,-0.09,-0.11
btc-updown-15m-1765624500,1765624500,414.5,-0.115,0.05,0.04,0.015,-0.005
btc-updown-15m-1765624500,1765624500,425.6,0.03,0.075,0,0,-0.03
btc-updown-15m-1765624500,1765624500,435.6,0.03,0.105,-0.03,-0.02,-0.06
btc-updown-15m-1765624500,1765624500,569.9,-0.03,0.025,0,-0.005,-0.01
