slug,epoch,t_sec,jump_size,mid_at_jump,drift_30s,drift_60s,drift_120s
btc-updown-15m-1773936000,1773936000,4.1,0.03,0.525,-0.03,-0.05,0
btc-updown-15m-1773936000,1773936000,14.1,-0.06,0.465,0.01,0,0.05
btc-updown-15m-1773936000,1773936000,33.5,0.04,0.495,-0.01,0.01,0.12
btc-updown-15m-1773936000,1773936000,46.3,-0.035,0.45,0.005,0.055,0.095
btc-updown-15m-1773936000,1773936000,57.8,0.035,0.49,0.025,0.035,0.135
btc-updown-15m-1773936000,1773936000,68.3,-0.04,0.465,0.07,0.06,0.23
btc-updown-15m-1773936000,1773936000,84.9,0.035,0.49,0.035,0.095,0.215
btc-updown-15m-1773936000,1773936000,101.3,0.03,0.535,-0.02,0.1,0.14
btc-updown-15m-1773936000,1773936000,143.5,0.03,0.545,0.07,0.17,0
btc-updown-15m-1773936000,1773936000,153.5,0.07,0.615,0.06,0.04,-0.13
btc-updown-15m-1773936000,1773936000,163.5,-0.05,0.565,0.11,0.1,-0.15
btc-updown-15m-1773936000,1773936000,173.5,0.05,0.615,0.1,0.08,-0.23
btc-updown-15m-1773936000,1773936000,183.5,0.06,0.675,-0.02,-0.02,-0.29
btc-updown-15m-1773936000,1773936000,202.8,0.035,0.71,-0.01,-0.155,-0.305
btc-updown-15m-1773936000,1773936000,212.8,-0.055,0.655,0,-0.165,-0.32
btc-updown-15m-1773936000,1773936000,232.6,0.035,0.7,-0.145,-0.305,-0.275
btc-updown-15m-1773936000,1773936000,242.6,-0.04,0.665,-0.17,-0.28,-0.34
btc-updown-15m-1773936000,1773936000,252.6,-0.09,0.575,-0.16,-0.14,-0.23
btc-updown-15m-1773936000,1773936000,263,-0.035,0.54,-0.155,-0.135,-0.115
btc-updown-15m-1773936000,1773936000,273.3,-0.055,0.49,-0.105,-0.125,-0.105
btc-updown-15m-1773936000,1773936000,283.3,-0.07,0.415,0.02,-0.01,-0.12
btc-updown-15m-1773936000,1773936000,308,0.035,0.43,-0.045,-0.095,-0.075
btc-updown-15m-1773936000,1773936000,318,-0.045,0.385,0,-0.05,-0.09
btc-updown-15m-1773936000,1773936000,328.1,-0.03,0.355,0,0.08,0.01
btc-updown-15m-1773936000,1773936000,338.1,0.03,0.385,-0.05,-0.06,-0.1
btc-updown-15m-1773936000,1773936000,348.8,0.03,0.385,-0.04,-0.07,-0.07
btc-updown-15m-1773936000,1773936000,358.8,-0.03,0.355,0.08,0,-0.04
btc-updown-15m-1773936000,1773936000,379.8,0.03,0.375,-0.05,-0.08,-0.13
btc-updown-15m-1773936000,1773936000,389.8,0.055,0.435,-0.08,-0.07,-0.2
btc-updown-15m-1773936000,1773936000,399.8,-0.11,0.325,0.03,-0.03,-0.1
btc-updown-15m-1773936000,1773936000,411.5,0.035,0.36,-0.005,-0.045,-0.105
btc-updown-15m-1773936000,1773936000,432.9,-0.035,0.32,-0.035,-0.045,-0.135
btc-updown-15m-1773936000,1773936000,443,0.04,0.345,-0.03,-0.11,-0.16
btc-updown-15m-1773936000,1773936000,453,-0.035,0.31,0.03,-0.085,-0.175
btc-updown-15m-1773936000,1773936000,468.1,0.03,0.315,-0.05,-0.06,-0.22
btc-updown-15m-1773936000,1773936000,480.1,0.035,0.35,-0.125,-0.1,-0.22
btc-updown-15m-1773936000,1773936000,490.2,-0.065,0.285,-0.06,-0.085,-0.14
btc-updown-15m-1773936000,1773936000,500.2,-0.04,0.245,0.01,-0.06,-0.09
btc-updown-15m-1773936000,1773936000,514.3,-0.03,0.215,0.04,-0.09,-0.135
btc-updown-15m-1773936000,1773936000,525.4,0.03,0.235,-0.06,-0.14,-0.11
btc-updown-15m-1773936000,1773936000,545.4,-0.03,0.225,-0.09,-0.06,-0.07
btc-updown-15m-1773936000,1773936000,555.4,-0.045,0.175,-0.08,-0.02,-0.04
btc-updown-15m-1773936000,1773936000,568.9,-0.03,0.155,-0.03,-0.05,-0.06
btc-updown-15m-1773936000,1773936000,579,-0.05,0.105,0.055,-0.01,0
btc-updown-15m-1773936000,1773936000,589,0.03,0.135,0.025,0.06,-0.01
btc-updown-15m-1773936000,1773936000,605.6,-0.03,0.135,-0.06,0.02,-0.09
btc-updown-15m-1773936000,1773936000,615.7,0.03,0.16,-0.035,-0.025,-0.145
btc-updown-15m-1773936000,1773936000,625.7,-0.08,0.085,0.1,0.05,-0.075
btc-updown-15m-1773936000,1773936000,639.4,-0.03,0.105,0.04,0,-0.095
btc-updown-15m-1773936000,1773936000,649.4,0.09,0.195,-0.03,-0.07,-0.185
btc-updown-15m-1773936000,1773936000,659.5,-0.075,0.125,-0.03,-0.075,-0.115
btc-updown-15m-1773936000,1773936000,679.5,0.03,0.165,-0.04,-0.15,-0.155
btc-updown-15m-1773936000,1773936000,689.5,-0.07,0.095,-0.04,-0.085,-0.085
btc-updown-15m-1773936000,1773936000,710.7,-0.03,0.075,-0.065,-0.065,-0.065
btc-updown-15m-1773936000,1773936000,720.7,-0.03,0.045,-0.035,-0.035,-0.035
btc-updown-15m-1773936000,1773936000,730.8,-0.03,0.025,-0.015,-0.015,-0.015
btc-updown-15m-1773936000,1773936000,858.3,0.03,0.04,-0.015,,
btc-updown-15m-1773936000,1773936000,868.4,0.05,0.095,-0.085,,
btc-updown-15m-1773936000,1773936000,878.4,0.04,0.135,,,
btc-updown-15m-1773936000,1773936000,888.4,-0.115,0.025,,,
btc-updown-15m-1773946800,1773946800,12.2,0.03,0.505,0.01,0.16,0.3
btc-updown-15m-1773946800,1773946800,22.2,-0.05,0.455,0.1,0.22,0.38
btc-updown-15m-1773946800,1773946800,32.3,0.05,0.505,0.08,0.22,0.27
btc-updown-15m-1773946800,1773946800,43.9,0.03,0.535,0.13,0.21,0.26
btc-updown-15m-1773946800,1773946800,55.1,0.045,0.565,0.12,0.18,0.26
btc-updown-15m-1773946800,1773946800,65.2,0.05,0.615,0.12,0.21,0.17
btc-updown-15m-1773946800,1773946800,76.8,-0.03,0.615,0.12,0.21,0.125
btc-updown-15m-1773946800,1773946800,86.8,0.085,0.7,0.075,0.105,0.025
btc-updown-15m-1773946800,1773946800,96.8,0.075,0.775,0.04,0.02,-0.06
btc-updown-15m-1773946800,1773946800,106.9,-0.04,0.735,0.09,0.03,0.06
btc-updown-15m-1773946800,1773946800,116.9,0.04,0.775,0.03,0.06,-0.005
btc-updown-15m-1773946800,1773946800,139.9,0.03,0.845,-0.06,-0.13,-0.06
btc-updown-15m-1773946800,1773946800,149.9,-0.06,0.785,0.05,-0.05,-0.03
btc-updown-15m-1773946800,1773946800,164.4,-0.035,0.79,-0.075,0.025,0.055
btc-updown-15m-1773946800,1773946800,175.6,0.035,0.825,-0.12,-0.03,0.02
btc-updown-15m-1773946800,1773946800,185.6,-0.04,0.785,-0.07,0,0.11
btc-updown-15m-1773946800,1773946800,195.6,-0.06,0.725,0.06,0,0.14
btc-updown-15m-1773946800,1773946800,205.7,-0.03,0.705,0.09,0.04,0.19
btc-updown-15m-1773946800,1773946800,221.4,0.035,0.77,-0.005,0.065,0.135
btc-updown-15m-1773946800,1773946800,231.4,0.03,0.805,-0.04,0.035,0.12
btc-updown-15m-1773946800,1773946800,241.5,-0.06,0.745,0.01,0.11,0.16
btc-updown-15m-1773946800,1773946800,251.6,0.03,0.765,0.07,0.09,0.13
btc-updown-15m-1773946800,1773946800,263.6,0.03,0.755,0.09,0.14,0.18
btc-updown-15m-1773946800,1773946800,273.6,0.04,0.795,0.08,0.11,0.16
btc-updown-15m-1773946800,1773946800,283.7,0.05,0.845,0.02,0.06,0.12
btc-updown-15m-1773946800,1773946800,297.4,0.03,0.855,0.04,0.06,0.11
btc-updown-15m-1773946800,1773946800,315.2,-0.03,0.865,0.04,0.05,0.11
btc-updown-15m-1773946800,1773946800,325.2,0.03,0.895,0.01,0.045,0.06
btc-updown-15m-1773946800,1773946800,349.3,0.03,0.915,0.02,0.05,0.03
btc-updown-15m-1773946800,1773946800,368.3,-0.03,0.895,0.07,0.08,0.04
btc-updown-15m-1773946800,1773946800,378.3,0.04,0.935,0.03,0.03,0.01
btc-updown-15m-1773946800,1773946800,500.7,0.035,0.95,0.005,0.015,0.04
btc-updown-15m-1773957600,1773957600,1.7,0.03,0.555,0.03,0.09,-0.02
btc-updown-15m-1773957600,1773957600,11.9,0.04,0.625,0.02,0.01,-0.04
btc-updown-15m-1773957600,1773957600,22.3,-0.03,0.595,0.06,0.04,-0.01
btc-updown-15m-1773957600,1773957600,32.6,-0.03,0.565,0.075,-0.02,0.01
btc-updown-15m-1773957600,1773957600,42.6,0.08,0.645,-0.01,-0.05,-0.02
btc-updown-15m-1773957600,1773957600,52.6,0.03,0.675,-0.04,-0.16,-0.1
btc-updown-15m-1773957600,1773957600,62.6,-0.04,0.635,-0.09,-0.09,-0.09
btc-updown-15m-1773957600,1773957600,86.1,-0.03,0.605,-0.11,-0.02,-0.17
btc-updown-15m-1773957600,1773957600,96.1,-0.045,0.545,0.01,0.06,-0.16
btc-updown-15m-1773957600,1773957600,109,-0.035,0.545,0.04,-0.02,-0.19
btc-updown-15m-1773957600,1773957600,119,-0.06,0.485,0.1,0.07,-0.12
btc-updown-15m-1773957600,1773957600,129.3,0.1,0.585,0.03,-0.06,-0.18
btc-updown-15m-1773957600,1773957600,158.3,0.03,0.615,-0.09,-0.23,-0.23
btc-updown-15m-1773957600,1773957600,168.4,-0.09,0.525,-0.04,-0.17,-0.18
btc-updown-15m-1773957600,1773957600,178.9,0.03,0.555,-0.12,-0.19,-0.24
btc-updown-15m-1773957600,1773957600,188.9,-0.03,0.525,-0.14,-0.12,-0.25
btc-updown-15m-1773957600,1773957600,199.1,-0.04,0.485,-0.13,-0.09,-0.17
btc-updown-15m-1773957600,1773957600,209.1,-0.05,0.435,-0.07,-0.03,-0.22
btc-updown-15m-1773957600,1773957600,219.1,-0.05,0.385,0.02,-0.02,-0.19
btc-updown-15m-1773957600,1773957600,229.1,-0.03,0.355,0.04,-0.01,-0.17
btc-updown-15m-1773957600,1773957600,245.6,0.03,0.395,-0.01,-0.12,-0.18
btc-updown-15m-1773957600,1773957600,278.5,-0.03,0.375,-0.1,-0.18,-0.22
btc-updown-15m-1773957600,1773957600,301.1,-0.03,0.305,-0.11,-0.11,-0.17
btc-updown-15m-1773957600,1773957600,315.3,0.035,0.31,-0.135,-0.055,-0.115
btc-updown-15m-1773957600,1773957600,325.3,-0.045,0.265,-0.09,-0.09,0.02
btc-updown-15m-1773957600,1773957600,335.3,-0.08,0.185,0.02,-0.03,0.12
btc-updown-15m-1773957600,1773957600,352,-0.03,0.175,-0.01,-0.04,0.07
btc-updown-15m-1773957600,1773957600,365.1,0.03,0.205,-0.05,-0.07,0.1
btc-updown-15m-1773957600,1773957600,375.1,0.05,0.255,-0.11,-0.06,0.06
btc-updown-15m-1773957600,1773957600,385.1,-0.08,0.175,-0.04,0.11,0.18
btc-updown-15m-1773957600,1773957600,430.1,0.03,0.165,0.14,0.14,0.4
btc-updown-15m-1773957600,1773957600,440.5,0.03,0.205,0.04,0.15,0.36
btc-updown-15m-1773957600,1773957600,450.5,0.15,0.355,-0.1,0.02,0.06
btc-updown-15m-1773957600,1773957600,460.5,-0.05,0.305,0,0.2,0.12
btc-updown-15m-1773957600,1773957600,470.6,-0.06,0.245,0.11,0.31,0.19
btc-updown-15m-1773957600,1773957600,483.2,0.035,0.28,0.095,0.285,0.135
btc-updown-15m-1773957600,1773957600,498.4,0.03,0.335,0.22,0.23,0.12
btc-updown-15m-1773957600,1773957600,508.4,0.06,0.395,0.17,0.02,-0.04
btc-updown-15m-1773957600,1773957600,518.4,0.09,0.485,0.08,-0.06,-0.17
btc-updown-15m-1773957600,1773957600,528.4,0.07,0.555,0.01,-0.125,-0.24
btc-updown-15m-1773957600,1773957600,561.4,-0.035,0.53,-0.095,-0.095,-0.205
btc-updown-15m-1773957600,1773957600,571.4,-0.11,0.415,0.01,-0.12,-0.11
btc-updown-15m-1773957600,1773957600,582.4,0.035,0.435,0.02,-0.12,-0.16
btc-updown-15m-1773957600,1773957600,594.3,-0.06,0.435,-0.01,-0.16,-0.16
btc-updown-15m-1773957600,1773957600,605.8,0.03,0.465,-0.16,-0.15,-0.2
btc-updown-15m-1773957600,1773957600,615.8,-0.03,0.435,-0.12,-0.12,-0.18
btc-updown-15m-1773957600,1773957600,628,-0.03,0.425,-0.15,-0.12,-0.01
btc-updown-15m-1773957600,1773957600,638,-0.11,0.315,0,-0.015,-0.07
btc-updown-15m-1773957600,1773957600,652.7,-0.03,0.285,0.04,-0.01,-0.06
btc-updown-15m-1773957600,1773957600,662.7,0.03,0.315,0.01,-0.05,-0.14
btc-updown-15m-1773957600,1773957600,697.4,0.035,0.345,-0.08,-0.1,0.02
btc-updown-15m-1773957600,1773957600,707.4,-0.07,0.275,-0.02,-0.05,0.3
btc-updown-15m-1773957600,1773957600,717.7,-0.03,0.245,0.13,-0.05,0.47
btc-updown-15m-1773957600,1773957600,742.5,0.04,0.305,-0.08,-0.04,0.67
btc-updown-15m-1773957600,1773957600,752.5,-0.06,0.245,-0.07,0.07,0.73
btc-updown-15m-1773957600,1773957600,776.2,-0.03,0.195,0.1,0.52,0.79
btc-updown-15m-1773957600,1773957600,786.3,-0.03,0.165,0.2,0.74,
btc-updown-15m-1773957600,1773957600,796.3,0.095,0.26,0.115,0.645,
btc-updown-15m-1773957600,1773957600,806.3,0.045,0.305,0.41,0.67,
btc-updown-15m-1773957600,1773957600,816.3,0.06,0.365,0.54,0.61,
btc-updown-15m-1773957600,1773957600,826.5,0.03,0.395,0.51,0.59,
btc-updown-15m-1773957600,1773957600,836.5,0.31,0.715,0.26,0.27,
btc-updown-15m-1773957600,1773957600,846.5,0.2,0.915,0.06,,
btc-updown-15m-1773957600,1773957600,857.4,0.035,0.95,0.035,,
btc-updown-15m-1773968400,1773968400,11.4,0.035,0.5,0.01,0.01,0.22
btc-updown-15m-1773968400,1773968400,32.6,0.035,0.515,-0.005,-0.005,0.2
btc-updown-15m-1773968400,1773968400,92.9,0.08,0.59,0.12,0.125,0.18
btc-updown-15m-1773968400,1773968400,103.3,0.105,0.695,0.02,0.045,0.075
btc-updown-15m-1773968400,1773968400,125.3,0.035,0.72,0.005,0.05,0.05
btc-updown-15m-1773968400,1773968400,155,0.03,0.725,0.045,0.045,0.045
btc-updown-15m-1773968400,1773968400,168.9,0.03,0.745,0.025,0.025,-0.045
btc-updown-15m-1773968400,1773968400,279.1,-0.045,0.725,-0.025,-0.025,0
btc-updown-15m-1773968400,1773968400,578.5,0.06,0.78,-0.01,-0.01,0.2
btc-updown-15m-1773968400,1773968400,669.4,0.055,0.825,0.155,0.155,0.155
btc-updown-15m-1773979200,1773979200,22,-0.03,0.425,0,0,0.05
btc-updown-15m-1773979200,1773979200,85.1,-0.035,0.39,0.035,0.095,0.115
btc-updown-15m-1773979200,1773979200,95.1,-0.045,0.345,0.08,0.18,0.22
btc-updown-15m-1773979200,1773979200,105.1,0.05,0.395,0.07,0.14,0.16
btc-updown-15m-1773979200,1773979200,131.4,-0.03,0.415,0.11,0.13,0.16
btc-updown-15m-1773979200,1773979200,141.5,0.06,0.475,0.06,0,0.11
btc-updown-15m-1773979200,1773979200,151.5,0.03,0.505,0.03,0.05,0.09
btc-updown-15m-1773979200,1773979200,199.2,-0.03,0.515,0.08,0.07,0.02
btc-updown-15m-1773979200,1773979200,209.2,0.04,0.555,0.01,0.04,0.08
btc-updown-15m-1773979200,1773979200,228,0.035,0.59,0.035,-0.145,0.045
btc-updown-15m-1773979200,1773979200,238,-0.03,0.565,0.03,-0.06,0.115
btc-updown-15m-1773979200,1773979200,253.7,0.03,0.605,-0.1,-0.09,0.12
btc-updown-15m-1773979200,1773979200,265,-0.03,0.585,-0.215,-0.01,0.16
btc-updown-15m-1773979200,1773979200,277.6,-0.03,0.565,-0.05,0.08,0.16
btc-updown-15m-1773979200,1773979200,287.6,-0.11,0.445,0.09,0.19,0.31
btc-updown-15m-1773979200,1773979200,297.8,0.035,0.48,0.155,0.2,0.275
btc-updown-15m-1773979200,1773979200,307.8,0.035,0.515,0.13,0.16,0.25
btc-updown-15m-1773979200,1773979200,320.4,0.03,0.545,0.08,0.17,0.385
btc-updown-15m-1773979200,1773979200,330.4,0.06,0.605,0.09,0.11,0.32
btc-updown-15m-1773979200,1773979200,340.4,0.04,0.645,0.06,0.09,0.3
btc-updown-15m-1773979200,1773979200,353.5,0.03,0.675,0.07,0.08,0.27
btc-updown-15m-1773979200,1773979200,366.8,-0.03,0.655,0.07,0.105,0.31
btc-updown-15m-1773979200,1773979200,376.9,0.05,0.705,0.04,0.165,0.26
btc-updown-15m-1773979200,1773979200,393,-0.03,0.715,0.05,0.22,0.245
btc-updown-15m-1773979200,1773979200,403.1,0.03,0.745,0.05,0.2,0.23
btc-updown-15m-1773979200,1773979200,432,0.03,0.795,0.15,0.17,0.19
btc-updown-15m-1773979200,1773979200,442,0.14,0.935,0.01,0.03,0.05
btc-updown-15m-1773979200,1773979200,483.4,0.03,0.975,-0.015,0.01,0.01
btc-updown-15m-1773990000,1773990000,6,-0.03,0.485,-0.19,-0.34,-0.39
btc-updown-15m-1773990000,1773990000,16,-0.115,0.37,-0.105,-0.245,-0.285
btc-updown-15m-1773990000,1773990000,26.1,-0.09,0.28,-0.07,-0.175,-0.195
btc-updown-15m-1773990000,1773990000,51,-0.04,0.255,-0.15,-0.17,-0.17
btc-updown-15m-1773990000,1773990000,61,-0.085,0.165,-0.08,-0.08,-0.09
btc-updown-15m-1773990000,1773990000,71.4,-0.035,0.13,-0.055,-0.025,-0.065
btc-updown-15m-1773990000,1773990000,83.4,-0.03,0.105,-0.01,-0.03,-0.04
btc-updown-15m-1773990000,1773990000,94.1,-0.03,0.075,0.02,0.01,-0.01
btc-updown-15m-1773990000,1773990000,128.1,0.03,0.105,-0.03,-0.04,-0.04
btc-updown-15m-1773990000,1773990000,139.7,-0.03,0.08,-0.005,-0.015,-0.015
btc-updown-15m-1773990000,1773990000,182.4,-0.03,0.065,-0.01,0,0
btc-updown-15m-1773990000,1773990000,309.8,0.03,0.095,-0.035,-0.06,-0.07
btc-updown-15m-1773990000,1773990000,366.9,-0.03,0.05,-0.015,-0.025,-0.005
btc-updown-15m-1773990000,1773990000,510.2,0.03,0.07,0.055,0.002,-0.055
btc-updown-15m-1773990000,1773990000,525.7,0.0305,0.095,-0.0115,-0.024,-0.0795
btc-updown-15m-1773990000,1773990000,535.8,0.05,0.145,-0.074,-0.1,-0.1295
btc-updown-15m-1773990000,1773990000,554.9,-0.0315,0.0855,-0.012,-0.061,-0.07
btc-updown-15m-1773990000,1773990000,595.2,-0.0305,0.0405,-0.0155,-0.025,-0.025
btc-updown-15m-1774000800,1774000800,8.7,-0.03,0.525,-0.04,-0.06,-0.08
btc-updown-15m-1774000800,1774000800,18.7,0.05,0.575,-0.05,-0.13,-0.12
btc-updown-15m-1774000800,1774000800,31.1,-0.035,0.54,-0.035,-0.095,-0.115
btc-updown-15m-1774000800,1774000800,41.1,-0.1,0.435,0.03,0,0.01
btc-updown-15m-1774000800,1774000800,51.1,0.1,0.535,-0.09,-0.13,-0.17
btc-updown-15m-1774000800,1774000800,61.1,-0.03,0.505,-0.06,-0.13,-0.16
btc-updown-15m-1774000800,1774000800,71.1,-0.04,0.465,-0.03,-0.02,-0.21
btc-updown-15m-1774000800,1774000800,93.3,0.035,0.48,-0.115,-0.055,-0.305
btc-updown-15m-1774000800,1774000800,103.3,-0.045,0.435,0.01,0.01,-0.27
btc-updown-15m-1774000800,1774000800,117.5,-0.035,0.405,0.03,-0.05,-0.2
btc-updown-15m-1774000800,1774000800,128.4,0.035,0.425,0.03,-0.14,-0.24
btc-updown-15m-1774000800,1774000800,141.2,0.03,0.455,-0.09,-0.32,-0.2
btc-updown-15m-1774000800,1774000800,151.3,-0.03,0.425,-0.08,-0.24,-0.18
btc-updown-15m-1774000800,1774000800,164.5,-0.035,0.39,-0.135,-0.225,-0.155
btc-updown-15m-1774000800,1774000800,174.6,-0.03,0.355,-0.17,-0.13,-0.16
btc-updown-15m-1774000800,1774000800,187.3,-0.035,0.32,-0.125,-0.135,-0.145
btc-updown-15m-1774000800,1774000800,197.3,-0.08,0.235,-0.05,-0.03,0.04
btc-updown-15m-1774000800,1774000800,207.3,-0.06,0.175,0.04,0.05,0.11
btc-updown-15m-1774000800,1774000800,232.5,0.03,0.205,0.05,-0.01,0.08
btc-updown-15m-1774000800,1774000800,242.7,-0.03,0.195,0.05,0.03,0.09
btc-updown-15m-1774000800,1774000800,254.8,0.03,0.215,0.02,0.04,0.07
btc-updown-15m-1774000800,1774000800,264.8,0.03,0.245,-0.055,-0.01,-0.03
btc-updown-15m-1774000800,1774000800,280.5,-0.03,0.225,-0.04,0.04,0.01
btc-updown-15m-1774000800,1774000800,290.5,0.03,0.255,-0.01,-0.01,-0.02
btc-updown-15m-1774000800,1774000800,300.5,-0.05,0.205,0.08,0.09,0.12
btc-updown-15m-1774000800,1774000800,311.7,-0.04,0.185,0.08,0.08,0.05
btc-updown-15m-1774000800,1774000800,321.7,0.05,0.235,0.02,0,-0.01
btc-updown-15m-1774000800,1774000800,331.7,0.075,0.31,-0.025,-0.075,-0.115
btc-updown-15m-1774000800,1774000800,341.7,-0.045,0.265,0,-0.02,-0.16
btc-updown-15m-1774000800,1774000800,352.1,0.06,0.285,-0.05,-0.05,-0.19
btc-updown-15m-1774000800,1774000800,366.4,-0.04,0.255,-0.03,0,-0.17
btc-updown-15m-1774000800,1774000800,377.9,0.03,0.265,-0.03,-0.03,-0.14
btc-updown-15m-1774000800,1774000800,388,-0.05,0.215,0.11,-0.01,-0.09
btc-updown-15m-1774000800,1774000800,398.7,-0.03,0.225,0.02,-0.1,-0.15
btc-updown-15m-1774000800,1774000800,413.3,0.03,0.275,-0.05,-0.18,-0.23
btc-updown-15m-1774000800,1774000800,426,-0.035,0.255,-0.1,-0.17,-0.22
btc-updown-15m-1774000800,1774000800,436,-0.03,0.225,-0.15,-0.11,-0.2
btc-updown-15m-1774000800,1774000800,447.7,-0.03,0.205,-0.12,-0.08,-0.19
btc-updown-15m-1774000800,1774000800,457.7,-0.06,0.145,-0.05,-0.07,-0.13
btc-updown-15m-1774000800,1774000800,467.7,-0.07,0.075,0.05,-0.03,-0.05
btc-updown-15m-1774000800,1774000800,484.2,-0.03,0.075,0.03,-0.04,-0.04
btc-updown-15m-1774000800,1774000800,494.3,0.03,0.105,-0.04,-0.08,-0.055
btc-updown-15m-1774000800,1774000800,504.8,-0.05,0.105,-0.06,-0.085,-0.08
btc-updown-15m-1774000800,1774000800,516.7,-0.04,0.085,-0.05,-0.07,-0.06
btc-updown-15m-1774000800,1774000800,526.7,-0.04,0.045,-0.02,-0.02,-0.03
btc-updown-15m-1774000800,1774000800,623.1,-0.03,0.025,-0.01,-0.015,-0.019
btc-updown-15m-1774011600,1774011600,2.4,0.035,0.58,-0.055,-0.005,-0.015
btc-updown-15m-1774011600,1774011600,14.2,-0.03,0.575,-0.09,-0.03,0.07
btc-updown-15m-1774011600,1774011600,24.2,-0.04,0.535,-0.06,-0.01,0.09
btc-updown-15m-1774011600,1774011600,34.2,-0.03,0.505,0,0.01,0.11
btc-updown-15m-1774011600,1774011600,60.7,0.03,0.505,-0.01,0.05,-0.05
btc-updown-15m-1774011600,1774011600,70.8,-0.03,0.505,0.07,0.09,-0.04
btc-updown-15m-1774011600,1774011600,80.8,0.05,0.555,0.02,0.06,0.05
btc-updown-15m-1774011600,1774011600,90.8,-0.06,0.495,0.06,0.12,0.09
btc-updown-15m-1774011600,1774011600,101,0.08,0.575,0.04,0,0.05
btc-updown-15m-1774011600,1774011600,115.2,0.04,0.585,0.04,-0.07,0.07
btc-updown-15m-1774011600,1774011600,127.7,0.03,0.595,0.02,-0.15,0.01
btc-updown-15m-1774011600,1774011600,137.7,0.03,0.625,-0.1,-0.01,-0.03
btc-updown-15m-1774011600,1774011600,152.4,-0.03,0.605,-0.15,-0.03,0.05
btc-updown-15m-1774011600,1774011600,162.4,-0.04,0.565,-0.1,0.06,0.1
btc-updown-15m-1774011600,1774011600,172.4,-0.04,0.525,0.07,0.1,0.14
btc-updown-15m-1774011600,1774011600,182.4,-0.07,0.455,0.12,0.19,0.22
btc-updown-15m-1774011600,1774011600,194.4,0.035,0.49,0.145,0.115,0.195
btc-updown-15m-1774011600,1774011600,204.5,0.1,0.595,0.06,0.05,0.18
btc-updown-15m-1774011600,1774011600,214.5,0.03,0.625,0.02,0.1,0.19
btc-updown-15m-1774011600,1774011600,226.1,0.03,0.635,-0.04,0.02,0.09
btc-updown-15m-1774011600,1774011600,239.6,0.03,0.655,0,-0.04,0
btc-updown-15m-1774011600,1774011600,249.7,-0.07,0.585,0.11,0.11,0.08
btc-updown-15m-1774011600,1774011600,259.7,0.06,0.645,0.02,0.08,0
btc-updown-15m-1774011600,1774011600,272.9,0.03,0.675,0.03,0.14,0.01
btc-updown-15m-1774011600,1774011600,283,-0.055,0.665,0.04,0.06,0.05
btc-updown-15m-1774011600,1774011600,299.3,-0.03,0.635,0.18,0.02,-0.11
btc-updown-15m-1774011600,1774011600,309.3,0.07,0.695,0.11,-0.05,-0.04
btc-updown-15m-1774011600,1774011600,319.4,0.03,0.725,-0.03,-0.08,0.06
btc-updown-15m-1774011600,1774011600,329.4,0.09,0.815,-0.16,-0.14,-0.02
btc-updown-15m-1774011600,1774011600,341.4,-0.035,0.78,-0.13,-0.055,0.015
btc-updown-15m-1774011600,1774011600,351.4,-0.085,0.695,-0.05,-0.06,0.14
btc-updown-15m-1774011600,1774011600,361.4,-0.06,0.635,0.04,-0.02,0.21
btc-updown-15m-1774011600,1774011600,380,-0.03,0.645,0.05,0.14,0.24
btc-updown-15m-1774011600,1774011600,390,0.03,0.675,-0.13,0.12,0.21
btc-updown-15m-1774011600,1774011600,400,0.06,0.735,-0.08,0.07,0.16
btc-updown-15m-1774011600,1774011600,410,-0.04,0.695,0.09,0.14,0.2
btc-updown-15m-1774011600,1774011600,420,-0.15,0.545,0.25,0.3,0.315
btc-updown-15m-1774011600,1774011600,430,0.11,0.655,0.15,0.19,0.22
btc-updown-15m-1774011600,1774011600,440,0.13,0.785,0.05,0.1,0.13
btc-updown-15m-1774011600,1774011600,470.9,0.04,0.835,0.06,0.06,0.01
btc-updown-15m-1774011600,1774011600,494.7,0.03,0.875,0.02,0.04,-0.21
btc-updown-15m-1774011600,1774011600,534.8,-0.03,0.865,0.04,-0.13,-0.37
btc-updown-15m-1774011600,1774011600,544.8,0.03,0.895,-0.01,-0.15,-0.55
btc-updown-15m-1774011600,1774011600,555.3,0.03,0.915,-0.05,-0.25,-0.64
btc-updown-15m-1774011600,1774011600,565.5,-0.03,0.885,-0.15,-0.3,-0.68
btc-updown-15m-1774011600,1774011600,583.5,-0.03,0.865,-0.2,-0.31,-0.59
btc-updown-15m-1774011600,1774011600,593.5,-0.09,0.775,-0.2,-0.28,-0.57
btc-updown-15m-1774011600,1774011600,603.5,-0.04,0.735,-0.15,-0.4,-0.54
btc-updown-15m-1774011600,1774011600,613.5,-0.07,0.665,-0.11,-0.38,-0.51
btc-updown-15m-1774011600,1774011600,623.5,-0.09,0.575,-0.08,-0.42,-0.46
btc-updown-15m-1774011600,1774011600,640.9,-0.03,0.58,-0.305,-0.315,-0.505
btc-updown-15m-1774011600,1774011600,650.9,-0.075,0.505,-0.33,-0.285,-0.45
btc-updown-15m-1774011600,1774011600,660.9,-0.17,0.335,-0.07,-0.09,-0.23
btc-updown-15m-1774011600,1774011600,670.9,-0.06,0.275,-0.01,-0.125,-0.23
btc-updown-15m-1774011600,1774011600,681,-0.1,0.175,0.04,-0.05,-0.14
btc-updown-15m-1774011600,1774011600,691,0.09,0.265,-0.02,-0.17,-0.24
btc-updown-15m-1774011600,1774011600,704.4,0.03,0.275,-0.13,-0.19,-0.26
btc-updown-15m-1774011600,1774011600,714.4,-0.05,0.225,-0.09,-0.14,-0.2
btc-updown-15m-1774011600,1774011600,724.4,-0.03,0.195,-0.11,-0.1,-0.18
btc-updown-15m-1774011600,1774011600,734.4,-0.06,0.135,-0.05,-0.09,-0.12
btc-updown-15m-1774011600,1774011600,749.6,-0.03,0.1,-0.045,-0.075,-0.075
btc-updown-15m-1774011600,1774011600,771,-0.03,0.055,-0.02,-0.03,0.06
btc-updown-15m-1774011600,1774011600,781,0.05,0.105,-0.08,-0.08,
btc-updown-15m-1774011600,1774011600,791,-0.06,0.045,-0.03,-0.035,
btc-updown-15m-1774011600,1774011600,876,0.03,0.055,,,
btc-updown-15m-1774011600,1774011600,886,0.11,0.165,,,
btc-updown-15m-1774011600,1774011600,896,-0.075,0.09,,,
btc-updown-15m-1774022400,1774022400,14.5,-0.03,0.485,0.11,0.12,0.11
btc-updown-15m-1774022400,1774022400,32.1,-0.03,0.485,0.14,0.13,0.1
btc-updown-15m-1774022400,1774022400,42.3,0.03,0.515,0.09,0.15,0.12
btc-updown-15m-1774022400,1774022400,52.4,0.08,0.595,-0.01,0.07,0.04
btc-updown-15m-1774022400,1774022400,62.4,0.03,0.625,-0.01,0.03,0.04
btc-updown-15m-1774022400,1774022400,72.6,-0.035,0.605,0.06,-0.01,0.05
btc-updown-15m-1774022400,1774022400,89.8,0.03,0.615,0.05,-0.02,0.05
btc-updown-15m-1774022400,1774022400,99.8,0.05,0.665,-0.08,-0.03,0.03
btc-updown-15m-1774022400,1774022400,113.5,-0.03,0.635,-0.04,0,0.07
btc-updown-15m-1774022400,1774022400,125.3,-0.03,0.625,0.01,0.08,0.1
btc-updown-15m-1774022400,1774022400,135.9,-0.03,0.605,0.03,0.05,0.1
btc-updown-15m-1774022400,1774022400,148.6,-0.03,0.595,0.07,0.07,0.13
btc-updown-15m-1774022400,1774022400,159.1,0.035,0.63,0.075,0.065,0.155
btc-updown-15m-1774022400,1774022400,175.9,0.03,0.665,0,0.04,0.18
btc-updown-15m-1774022400,1774022400,185.9,0.04,0.705,-0.01,0.03,0.08
btc-updown-15m-1774022400,1774022400,196,-0.05,0.655,-0.03,0.05,0.08
btc-updown-15m-1774022400,1774022400,211.9,0.03,0.675,0.05,0.07,0.08
btc-updown-15m-1774022400,1774022400,224.9,-0.035,0.66,0.045,0.125,0.065
btc-updown-15m-1774022400,1774022400,235,0.045,0.705,0,0.14,0.02
btc-updown-15m-1774022400,1774022400,245.8,0.03,0.735,0.05,0.05,0.07
btc-updown-15m-1774022400,1774022400,255.9,-0.03,0.705,0.09,0.025,0.085
btc-updown-15m-1774022400,1774022400,271.7,0.03,0.74,0.075,0.015,0.095
btc-updown-15m-1774022400,1774022400,281.7,0.055,0.795,-0.01,-0.05,-0.03
btc-updown-15m-1774022400,1774022400,294.2,0.035,0.82,-0.065,-0.105,0.015
btc-updown-15m-1774022400,1774022400,304.2,-0.05,0.785,-0.025,0.01,0.05
btc-updown-15m-1774022400,1774022400,315.6,-0.03,0.755,-0.03,0.03,0.08
btc-updown-15m-1774022400,1774022400,344.6,-0.03,0.73,0.045,0.025,0.075
btc-updown-15m-1774022400,1774022400,355.7,0.03,0.755,0.03,0.085,0.04
btc-updown-15m-1774022400,1774022400,365.7,0.05,0.805,-0.02,0.03,0
btc-updown-15m-1774022400,1774022400,376.9,0.03,0.795,-0.06,0.04,-0.03
btc-updown-15m-1774022400,1774022400,388.4,0.035,0.825,0.02,0.05,-0.12
btc-updown-15m-1774022400,1774022400,398.4,-0.06,0.765,0.09,0.11,-0.14
btc-updown-15m-1774022400,1774022400,408.5,0.03,0.795,0.06,-0.04,-0.22
btc-updown-15m-1774022400,1774022400,418.5,0.05,0.845,0.03,-0.04,-0.29
btc-updown-15m-1774022400,1774022400,440,-0.03,0.835,-0.1,-0.08,-0.3
btc-updown-15m-1774022400,1774022400,450,0.04,0.875,-0.07,-0.17,-0.19
btc-updown-15m-1774022400,1774022400,462.8,-0.03,0.845,-0.05,-0.24,-0.06
btc-updown-15m-1774022400,1774022400,472.8,-0.06,0.785,-0.07,-0.26,0.01
btc-updown-15m-1774022400,1774022400,496.7,-0.03,0.775,-0.18,-0.23,0.02
btc-updown-15m-1774022400,1774022400,506.7,-0.08,0.695,-0.14,-0.06,0.09
btc-updown-15m-1774022400,1774022400,516.8,-0.05,0.645,-0.125,0.1,0.25
btc-updown-15m-1774022400,1774022400,526.8,-0.05,0.595,-0.05,0.17,0.31
btc-updown-15m-1774022400,1774022400,536.8,-0.04,0.555,0.08,0.25,0.33
btc-updown-15m-1774022400,1774022400,546.8,-0.035,0.52,0.225,0.27,0.385
btc-updown-15m-1774022400,1774022400,557.2,0.03,0.545,0.22,0.25,0.34
btc-updown-15m-1774022400,1774022400,567.2,0.12,0.665,0.14,0.12,0.2
btc-updown-15m-1774022400,1774022400,577.2,0.08,0.745,0.04,0.15,0.17
btc-updown-15m-1774022400,1774022400,587.4,0.03,0.785,0.01,0.14,0.17
btc-updown-15m-1774022400,1774022400,600.2,-0.035,0.79,0.075,0.095,0.175
btc-updown-15m-1774022400,1774022400,614.1,0.035,0.815,0.085,0.07,0.16
btc-updown-15m-1774022400,1774022400,624.1,-0.06,0.755,0.135,0.1,0.23
btc-updown-15m-1774022400,1774022400,634.1,0.13,0.885,0.02,-0.02,0.1
btc-updown-15m-1774022400,1774022400,647,0.03,0.925,-0.04,0.03,0.06
btc-updown-15m-1774022400,1774022400,657,-0.04,0.885,-0.01,0.08,0.1
btc-updown-15m-1774022400,1774022400,668.1,-0.03,0.855,0.06,0.12,0.13
btc-updown-15m-1774022400,1774022400,678.6,0.03,0.885,0.07,0.1,0.1
btc-updown-15m-1774022400,1774022400,697.1,0.03,0.9,0.075,0.085,0.085
btc-updown-15m-1774022400,1774022400,707.1,0.045,0.955,0.03,0.03,0.03
btc-updown-15m-1774033200,1774033200,2,0.03,0.525,0.06,0.14,0.22
btc-updown-15m-1774033200,1774033200,12,0.14,0.665,-0.04,0.07,0.07
btc-updown-15m-1774033200,1774033200,22,0.04,0.705,-0.1,0,0.07
btc-updown-15m-1774033200,1774033200,32,-0.1,0.605,0.07,0.12,0.16
btc-updown-15m-1774033200,1774033200,46.9,0.03,0.625,0.09,0.03,0.07
btc-updown-15m-1774033200,1774033200,56.9,0.04,0.665,0.04,0.06,0.04
btc-updown-15m-1774033200,1774033200,68.8,0.03,0.685,-0.01,0.06,0.03
btc-updown-15m-1774033200,1774033200,80.2,-0.03,0.705,-0.01,0.05,-0.02
btc-updown-15m-1774033200,1774033200,90.3,0.03,0.735,0.01,0.01,-0.04
btc-updown-15m-1774033200,1774033200,100.3,-0.06,0.675,0.06,0.08,0.1
btc-updown-15m-1774033200,1774033200,110.4,0.035,0.695,0.06,0.05,0.06
btc-updown-15m-1774033200,1774033200,120.4,0.05,0.745,0,-0.02,0.03
btc-updown-15m-1774033200,1774033200,133.7,-0.03,0.725,-0.02,-0.03,0.05
btc-updown-15m-1774033200,1774033200,143.7,0.03,0.755,-0.05,-0.05,0.03
btc-updown-15m-1774033200,1774033200,156.7,0.03,0.785,-0.07,-0.08,-0.02
btc-updown-15m-1774033200,1774033200,166.7,-0.09,0.695,0,0.04,0.04
btc-updown-15m-1774033200,1774033200,177.5,0.03,0.725,-0.04,0.05,0.02
btc-updown-15m-1774033200,1774033200,192.7,-0.03,0.695,0.05,0.085,0.1
btc-updown-15m-1774033200,1774033200,220,0.03,0.725,0.06,0,0.03
btc-updown-15m-1774033200,1774033200,230.5,-0.03,0.755,0.02,-0.02,-0.1
btc-updown-15m-1774033200,1774033200,242.4,-0.03,0.755,0.03,-0.01,-0.11
btc-updown-15m-1774033200,1774033200,252.4,0.03,0.785,-0.06,0.01,-0.2
btc-updown-15m-1774033200,1774033200,278.4,-0.03,0.755,0.03,0.01,-0.395
btc-updown-15m-1774033200,1774033200,304.5,0.05,0.765,-0.02,-0.09,-0.27
btc-updown-15m-1774033200,1774033200,314.5,0.035,0.795,-0.08,-0.245,-0.34
btc-updown-15m-1774033200,1774033200,332.8,-0.03,0.745,-0.1,-0.39,-0.22
btc-updown-15m-1774033200,1774033200,344.1,-0.03,0.715,-0.15,-0.39,-0.27
btc-updown-15m-1774033200,1774033200,355.4,-0.04,0.66,-0.165,-0.255,-0.265
btc-updown-15m-1774033200,1774033200,369,-0.03,0.615,-0.26,-0.13,-0.22
btc-updown-15m-1774033200,1774033200,379,-0.06,0.555,-0.25,-0.1,-0.13
btc-updown-15m-1774033200,1774033200,389.1,-0.09,0.465,0.03,0.065,0.12
btc-updown-15m-1774033200,1774033200,399.1,-0.11,0.355,0.13,0.15,0.26
btc-updown-15m-1774033200,1774033200,409.1,-0.05,0.305,0.15,0.16,0.33
btc-updown-15m-1774033200,1774033200,419.1,0.19,0.495,0.035,-0.12,0.13
btc-updown-15m-1774033200,1774033200,429.3,-0.03,0.485,0.02,-0.09,0.15
btc-updown-15m-1774033200,1774033200,439.8,-0.04,0.445,0.02,-0.01,0.23
btc-updown-15m-1774033200,1774033200,449.8,0.09,0.535,-0.16,0.06,0.16
btc-updown-15m-1774033200,1774033200,459.8,-0.035,0.495,-0.08,0.16,0.15
btc-updown-15m-1774033200,1774033200,470.1,-0.04,0.455,-0.01,0.18,0.27
btc-updown-15m-1774033200,1774033200,480.1,-0.08,0.375,0.22,0.25,0.28
btc-updown-15m-1774033200,1774033200,490.1,0.085,0.46,0.205,0.175,0.295
btc-updown-15m-1774033200,1774033200,501.1,0.03,0.465,0.17,0.17,0.27
btc-updown-15m-1774033200,1774033200,511.1,0.14,0.605,0.02,0.1,0.08
btc-updown-15m-1774033200,1774033200,521.2,0.06,0.665,-0.03,-0.02,0.04
btc-updown-15m-1774033200,1774033200,531.2,-0.03,0.635,0,0.05,0.04
btc-updown-15m-1774033200,1774033200,558.8,0.03,0.665,0.06,0.07,-0.43
btc-updown-15m-1774033200,1774033200,570,0.04,0.695,-0.04,-0.01,-0.46
btc-updown-15m-1774033200,1774033200,580,-0.05,0.645,0.11,0.06,-0.42
btc-updown-15m-1774033200,1774033200,590,0.08,0.725,0.01,-0.05,-0.55
btc-updown-15m-1774033200,1774033200,600,-0.07,0.655,0.03,-0.25,-0.44
btc-updown-15m-1774033200,1774033200,610,0.1,0.755,-0.05,-0.46,-0.47
btc-updown-15m-1774033200,1774033200,620.7,-0.03,0.735,-0.06,-0.52,-0.45
btc-updown-15m-1774033200,1774033200,630.7,-0.05,0.685,-0.26,-0.45,-0.25
btc-updown-15m-1774033200,1774033200,645.4,-0.03,0.71,-0.395,-0.515,-0.165
btc-updown-15m-1774033200,1774033200,655.5,-0.32,0.395,-0.16,-0.22,0.325
btc-updown-15m-1774033200,1774033200,665.5,-0.045,0.345,-0.1,-0.04,0.405
btc-updown-15m-1774033200,1774033200,675.5,-0.035,0.31,-0.115,-0.045,0.525
btc-updown-15m-1774033200,1774033200,685.6,-0.05,0.235,-0.06,0.1,0.6
btc-updown-15m-1774033200,1774033200,697.2,0.03,0.275,0.04,0.15,0.65
btc-updown-15m-1774033200,1774033200,707.3,-0.09,0.185,0.08,0.315,0.76
btc-updown-15m-1774033200,1774033200,718.9,0.03,0.215,0.13,0.58,0.75
btc-updown-15m-1774033200,1774033200,728.9,0.06,0.275,0.21,0.485,0.71
btc-updown-15m-1774033200,1774033200,741.1,0.035,0.33,0.215,0.485,0.66
btc-updown-15m-1774033200,1774033200,751.1,0.105,0.435,0.38,0.41,0.55
btc-updown-15m-1774033200,1774033200,761.1,0.06,0.495,0.245,0.44,0.49
btc-updown-15m-1774033200,1774033200,771.1,0.05,0.545,0.27,0.33,0.44
btc-updown-15m-1774033200,1774033200,781.1,0.27,0.815,0.03,0.17,
btc-updown-15m-1774033200,1774033200,791.1,-0.075,0.74,0.195,0.245,
btc-updown-15m-1774033200,1774033200,801.2,0.07,0.815,0.06,0.175,
btc-updown-15m-1774033200,1774033200,811.2,0.03,0.845,0.14,0.14,
btc-updown-15m-1774033200,1774033200,821.2,0.09,0.935,0.05,0.05,
btc-updown-15m-1774033200,1774033200,831.3,-0.07,0.875,0.115,0.11,
btc-updown-15m-1774033200,1774033200,841.3,0.11,0.985,0,,
btc-updown-15m-1774044000,1774044000,1.8,0.03,0.465,0.16,0.31,0.38
btc-updown-15m-1774044000,1774044000,12.7,0.035,0.495,0.16,0.24,0.31
btc-updown-15m-1774044000,1774044000,22.8,0.05,0.545,0.12,0.18,0.265
btc-updown-15m-1774044000,1774044000,32.8,0.09,0.635,0.12,0.11,0.19
btc-updown-15m-1774044000,1774044000,53.4,0.03,0.685,0.05,0.12,0.16
btc-updown-15m-1774044000,1774044000,63.4,0.07,0.755,-0.01,0.06,0.09
btc-updown-15m-1774044000,1774044000,73.6,-0.03,0.735,0.03,0.07,0.11
btc-updown-15m-1774044000,1774044000,95.8,0.03,0.765,0.06,0.07,0.15
btc-updown-15m-1774044000,1774044000,113,0.03,0.805,0.01,0.04,0.08
btc-updown-15m-1774044000,1774044000,128.3,-0.04,0.795,0.03,0.05,0.09
btc-updown-15m-1774044000,1774044000,180.7,0.03,0.845,0.085,0.04,0.1
btc-updown-15m-1774044000,1774044000,197.9,0.03,0.875,0.01,0,0.08
btc-updown-15m-1774044000,1774044000,207.9,0.04,0.915,-0.03,-0.02,0.04
btc-updown-15m-1774044000,1774044000,224.3,-0.03,0.885,0,0.03,0.06
btc-updown-15m-1774044000,1774044000,286.6,0.03,0.935,0.02,0.01,0.01
btc-updown-15m-1774054800,1774054800,0.9,0.03,0.525,-0.02,0.05,0.085
btc-updown-15m-1774054800,1774054800,11,0.1,0.625,-0.04,-0.04,0.02
btc-updown-15m-1774054800,1774054800,21,-0.05,0.575,-0.03,0.04,0.07
btc-updown-15m-1774054800,1774054800,31,-0.07,0.505,0.07,0.11,0.04
btc-updown-15m-1774054800,1774054800,41,0.08,0.585,0,0.02,-0.04
btc-updown-15m-1774054800,1774054800,51,-0.04,0.545,0.07,0.02,0
btc-updown-15m-1774054800,1774054800,72.5,0.03,0.605,0,0.04,-0.08
btc-updown-15m-1774054800,1774054800,109.1,-0.03,0.575,0.07,-0.03,-0.1
btc-updown-15m-1774054800,1774054800,120.3,0.03,0.595,-0.05,-0.12,-0.135
btc-updown-15m-1774054800,1774054800,130.3,0.04,0.635,-0.09,-0.14,-0.1
btc-updown-15m-1774054800,1774054800,141.9,-0.045,0.6,-0.055,-0.065,-0.165
btc-updown-15m-1774054800,1774054800,151.9,-0.05,0.545,-0.06,-0.04,-0.12
btc-updown-15m-1774054800,1774054800,173.3,-0.03,0.515,0.03,-0.06,-0.21
btc-updown-15m-1774054800,1774054800,192.1,0.04,0.525,-0.04,-0.09,-0.14
btc-updown-15m-1774054800,1774054800,205.1,0.03,0.555,-0.1,-0.12,-0.13
btc-updown-15m-1774054800,1774054800,215.1,-0.05,0.505,-0.025,-0.13,-0.08
btc-updown-15m-1774054800,1774054800,225.1,-0.03,0.475,-0.04,-0.17,-0.13
btc-updown-15m-1774054800,1774054800,249.9,0.035,0.495,-0.12,-0.13,0.05
btc-updown-15m-1774054800,1774054800,259.9,-0.06,0.435,-0.13,-0.01,0.17
btc-updown-15m-1774054800,1774054800,274.2,-0.035,0.4,-0.075,0.025,0.165
btc-updown-15m-1774054800,1774054800,284.2,-0.085,0.305,0.09,0.04,0.25
btc-updown-15m-1774054800,1774054800,304.8,0.035,0.34,0.085,0.145,0.235
btc-updown-15m-1774054800,1774054800,314.8,0.04,0.395,-0.05,0.18,0.31
btc-updown-15m-1774054800,1774054800,344,-0.035,0.39,0.185,0.165,0.385
btc-updown-15m-1774054800,1774054800,354,-0.035,0.355,0.26,0.2,0.42
btc-updown-15m-1774054800,1774054800,364,0.13,0.485,0.08,0.09,0.19
btc-updown-15m-1774054800,1774054800,374,0.09,0.575,-0.02,0.13,0.14
btc-updown-15m-1774054800,1774054800,384.1,0.04,0.615,-0.06,0.16,0.115
btc-updown-15m-1774054800,1774054800,394.1,-0.05,0.565,0.01,0.21,0.2
btc-updown-15m-1774054800,1774054800,414.3,-0.03,0.525,0.25,0.25,0.23
btc-updown-15m-1774054800,1774054800,424.3,0.05,0.575,0.2,0.1,0.18
btc-updown-15m-1774054800,1774054800,434.3,0.13,0.705,0.07,0.01,0.05
btc-updown-15m-1774054800,1774054800,444.3,0.07,0.775,0,-0.045,-0.01
btc-updown-15m-1774054800,1774054800,476.8,-0.03,0.745,-0.01,0.01,-0.14
btc-updown-15m-1774054800,1774054800,486.8,0.03,0.775,-0.02,-0.02,-0.07
btc-updown-15m-1774054800,1774054800,496.8,-0.06,0.715,0.03,0.04,0.09
btc-updown-15m-1774054800,1774054800,510.8,0.03,0.755,0,0.01,0.17
btc-updown-15m-1774054800,1774054800,524.2,-0.03,0.735,0.02,-0.07,0.18
btc-updown-15m-1774054800,1774054800,534.3,0.04,0.755,0.01,-0.15,0.17
btc-updown-15m-1774054800,1774054800,574.4,-0.03,0.735,-0.04,0.19,0.19
btc-updown-15m-1774054800,1774054800,584.4,-0.06,0.665,0.18,0.25,0.26
btc-updown-15m-1774054800,1774054800,594.4,-0.06,0.605,0.31,0.32,0.28
btc-updown-15m-1774054800,1774054800,604.4,0.09,0.695,0.23,0.21,0.1
btc-updown-15m-1774054800,1774054800,614.4,0.15,0.845,0.07,0.09,-0.09
btc-updown-15m-1774054800,1774054800,624.5,0.07,0.915,0.01,0.02,-0.2
btc-updown-15m-1774054800,1774054800,657.4,-0.03,0.885,0.05,0,-0.22
btc-updown-15m-1774054800,1774054800,669.3,-0.03,0.905,0.03,-0.16,-0.2
btc-updown-15m-1774054800,1774054800,679.3,0.03,0.935,-0.05,-0.2,-0.52
btc-updown-15m-1774054800,1774054800,708.1,-0.03,0.895,-0.15,-0.16,-0.35
btc-updown-15m-1774054800,1774054800,721.8,-0.03,0.855,-0.11,-0.19,-0.31
btc-updown-15m-1774054800,1774054800,731.8,-0.1,0.745,-0.15,-0.05,-0.155
btc-updown-15m-1774054800,1774054800,741.8,-0.03,0.715,-0.04,-0.45,-0.14
btc-updown-15m-1774054800,1774054800,751.8,0.03,0.745,-0.08,-0.425,-0.12
btc-updown-15m-1774054800,1774054800,761.8,-0.16,0.585,0.11,-0.08,-0.13
btc-updown-15m-1774054800,1774054800,771.8,0.09,0.675,-0.41,-0.11,-0.58
btc-updown-15m-1774054800,1774054800,786.5,0.035,0.7,-0.27,-0.05,
btc-updown-15m-1774054800,1774054800,796.9,-0.035,0.67,-0.125,-0.095,
btc-updown-15m-1774054800,1774054800,806.9,-0.345,0.315,0.25,0.29,
btc-updown-15m-1774054800,1774054800,816.9,0.115,0.43,0.19,0.025,
btc-updown-15m-1774054800,1774054800,826.9,0.115,0.545,0.03,-0.255,
btc-updown-15m-1774054800,1774054800,844.2,0.04,0.585,-0.135,,
btc-updown-15m-1774054800,1774054800,854.7,-0.03,0.575,-0.33,,
btc-updown-15m-1774054800,1774054800,864.8,0.035,0.61,-0.465,,
btc-updown-15m-1774054800,1774054800,874.8,-0.215,0.395,,,
btc-updown-15m-1774054800,1774054800,884.8,-0.15,0.245,,,
btc-updown-15m-1774054800,1774054800,894.8,-0.1,0.145,,,
btc-updown-15m-1774065600,1774065600,3.4,0.03,0.515,0.17,0.2,0.21
btc-updown-15m-1774065600,1774065600,13.5,0.05,0.565,0.12,0.18,0.22
btc-updown-15m-1774065600,1774065600,28.4,0.03,0.595,0.12,0.09,0.16
btc-updown-15m-1774065600,1774065600,38.4,0.11,0.745,-0.02,-0.06,0.07
btc-updown-15m-1774065600,1774065600,48.5,-0.03,0.715,0.07,0.02,0.11
btc-updown-15m-1774065600,1774065600,69.4,0.03,0.745,-0.01,-0.02,-0.03
btc-updown-15m-1774065600,1774065600,79.5,0.04,0.785,-0.05,-0.04,-0.05
btc-updown-15m-1774065600,1774065600,89.5,-0.1,0.685,0.04,0.11,0.04
btc-updown-15m-1774065600,1774065600,99.5,0.05,0.735,-0.01,0.08,0.03
btc-updown-15m-1774065600,1774065600,132.3,0.03,0.755,0.07,-0.04,0.07
btc-updown-15m-1774065600,1774065600,142.5,-0.03,0.745,0.07,-0.02,0.08
btc-updown-15m-1774065600,1774065600,152.5,0.05,0.795,-0.08,-0.03,0.05
btc-updown-15m-1774065600,1774065600,176.2,-0.035,0.79,-0.065,0.045,0.095
btc-updown-15m-1774065600,1774065600,186.2,-0.075,0.715,0.05,0.11,0.16
btc-updown-15m-1774065600,1774065600,211.7,0.03,0.755,0.07,0.09,0.2
btc-updown-15m-1774065600,1774065600,222.5,0.03,0.795,0.03,0.05,0.17
btc-updown-15m-1774065600,1774065600,232.7,0.04,0.835,-0.01,0.01,0.13
btc-updown-15m-1774065600,1774065600,293,0.03,0.875,0.06,0.09,0.07
btc-updown-15m-1774065600,1774065600,311.8,0.03,0.915,0.05,0.04,0.05
btc-updown-15m-1774065600,1774065600,520,-0.035,0.91,0.005,0.045,0.055
btc-updown-15m-1774065600,1774065600,540.3,0.03,0.925,0,0.04,0.045
btc-updown-15m-1774065600,1774065600,557.7,-0.03,0.905,0.02,0.06,0.07
btc-updown-15m-1774065600,1774065600,567.7,0.03,0.935,0.03,0.03,0.05
btc-updown-15m-1774065600,1774065600,578.9,0.035,0.96,0.005,0.005,0.015
btc-updown-15m-1774065600,1774065600,594.9,0.04,0.965,0,0.01,0.02
btc-updown-15m-1774075500,1774075500,1,-0.04,0.41,-0.025,-0.085,0.025
btc-updown-15m-1774075500,1774075500,11.1,0.055,0.445,-0.06,-0.13,0.01
btc-updown-15m-1774075500,1774075500,30.6,-0.035,0.4,-0.075,-0.065,0.175
btc-updown-15m-1774075500,1774075500,58.6,-0.03,0.355,-0.02,0.09,0.11
btc-updown-15m-1774075500,1774075500,112.3,0.035,0.37,0.145,0.095,0.075
btc-updown-15m-1774075500,1774075500,122.4,0.065,0.435,0.15,0.03,0.01
btc-updown-15m-1774075500,1774075500,136.5,0.035,0.48,-0.005,-0.035,0.085
btc-updown-15m-1774075500,1774075500,146.5,0.1,0.595,-0.13,-0.15,-0.03
btc-updown-15m-1774075500,1774075500,156.6,-0.03,0.58,-0.125,-0.135,-0.095
btc-updown-15m-1774075500,1774075500,166.6,-0.105,0.475,-0.03,-0.03,-0.01
btc-updown-15m-1774075500,1774075500,249.5,0.035,0.48,0.005,0.035,-0.055
btc-updown-15m-1774075500,1774075500,259.5,0.085,0.565,-0.08,-0.05,-0.15
btc-updown-15m-1774075500,1774075500,269.5,-0.07,0.495,0.02,0.03,-0.1
btc-updown-15m-1774075500,1774075500,293.8,0.03,0.505,0.02,0.01,-0.14
btc-updown-15m-1774075500,1774075500,312.6,0.03,0.545,-0.04,-0.13,-0.2
btc-updown-15m-1774075500,1774075500,326.5,0.035,0.525,-0.01,-0.13,-0.22
btc-updown-15m-1774075500,1774075500,360.1,-0.03,0.495,-0.1,-0.13,-0.19
btc-updown-15m-1774075500,1774075500,370.1,-0.07,0.415,-0.05,-0.07,-0.1
btc-updown-15m-1774075500,1774075500,398.5,-0.03,0.365,0.01,-0.06,-0.02
btc-updown-15m-1774075500,1774075500,438.2,-0.04,0.335,-0.04,-0.02,-0.05
btc-updown-15m-1774075500,1774075500,448.2,-0.03,0.305,0,0.05,-0.02
btc-updown-15m-1774075500,1774075500,499.8,0.035,0.35,0.055,-0.065,0.015
btc-updown-15m-1774075500,1774075500,510,0.035,0.355,-0.04,-0.07,-0.06
btc-updown-15m-1774075500,1774075500,523.4,0.03,0.375,-0.085,0,-0.1
btc-updown-15m-1774075500,1774075500,533.5,-0.03,0.355,-0.07,0.01,-0.1
btc-updown-15m-1774075500,1774075500,543.5,-0.04,0.305,0.03,0.04,-0.05
btc-updown-15m-1774075500,1774075500,555.5,-0.03,0.285,0.09,0.08,-0.03
btc-updown-15m-1774075500,1774075500,573.5,0.035,0.32,0.025,-0.035,-0.065
btc-updown-15m-1774075500,1774075500,583.5,0.04,0.375,0.01,-0.1,-0.14
btc-updown-15m-1774075500,1774075500,598.3,-0.03,0.345,-0.05,-0.09,-0.11
btc-updown-15m-1774075500,1774075500,608.3,0.055,0.4,-0.135,-0.145,-0.145
btc-updown-15m-1774075500,1774075500,618.3,-0.045,0.355,-0.1,-0.1,-0.1
btc-updown-15m-1774075500,1774075500,628.4,-0.06,0.295,-0.04,-0.04,-0.03
btc-updown-15m-1774075500,1774075500,717.9,-0.03,0.235,0.025,-0.03,0.08
btc-updown-15m-1774075500,1774075500,729.6,0.03,0.255,0,-0.09,0.02
btc-updown-15m-1774075500,1774075500,764.7,-0.03,0.215,-0.06,0.01,0.005
btc-updown-15m-1774075500,1774075500,785.5,-0.03,0.175,-0.05,0.095,
btc-updown-15m-1774075500,1774075500,795.6,-0.03,0.145,0.16,0.1,
btc-updown-15m-1774075500,1774075500,822.6,0.035,0.15,0.115,0.1,
btc-updown-15m-1774075500,1774075500,832.7,0.17,0.325,-0.07,-0.07,
btc-updown-15m-1774075500,1774075500,842.7,-0.04,0.275,-0.01,,
btc-updown-15m-1774075500,1774075500,853,-0.035,0.24,0.01,,
btc-updown-15m-1774075500,1774075500,880.1,-0.03,0.235,,,
btc-updown-15m-1774075500,1774075500,890.1,0.035,0.265,,,
btc-updown-15m-1774086300,1774086300,1.7,0.03,0.545,-0.06,-0.03,-0.05
btc-updown-15m-1774086300,1774086300,11.8,-0.065,0.495,-0.01,-0.02,-0.02
btc-updown-15m-1774086300,1774086300,44,0.03,0.515,-0.04,-0.03,0.06
btc-updown-15m-1774086300,1774086300,54,-0.045,0.515,-0.03,-0.03,0.06
btc-updown-15m-1774086300,1774086300,64.1,-0.03,0.485,0,0,0.11
btc-updown-15m-1774086300,1774086300,155.5,0.03,0.515,0.08,0.12,0.12
btc-updown-15m-1774086300,1774086300,165.5,0.06,0.575,0.06,0.06,0.06
btc-updown-15m-1774086300,1774086300,180.6,0.03,0.605,0.03,0.03,-0.02
btc-updown-15m-1774086300,1774086300,192.1,0.03,0.635,0,0,-0.14
btc-updown-15m-1774086300,1774086300,255.6,-0.045,0.59,0.045,-0.095,-0.045
btc-updown-15m-1774086300,1774086300,265.6,0.045,0.63,-0.065,-0.185,-0.085
btc-updown-15m-1774086300,1774086300,292.1,-0.03,0.605,-0.16,-0.15,0.03
btc-updown-15m-1774086300,1774086300,307.2,-0.045,0.53,-0.095,-0.035,0.105
btc-updown-15m-1774086300,1774086300,317.2,-0.09,0.455,-0.01,0.09,0.21
btc-updown-15m-1774086300,1774086300,365.9,0.035,0.49,0.055,0.145,0.165
btc-updown-15m-1774086300,1774086300,375.9,0.055,0.545,0,0.11,0.12
btc-updown-15m-1774086300,1774086300,406.5,0.05,0.595,0.06,0.13,0.1
btc-updown-15m-1774086300,1774086300,437.1,0.03,0.665,0.06,0,0.12
btc-updown-15m-1774086300,1774086300,447.1,0.065,0.725,-0.005,-0.04,0.02
btc-updown-15m-1774086300,1774086300,459.2,-0.03,0.695,-0.04,-0.04,-0.005
btc-updown-15m-1774086300,1774086300,469.3,0.03,0.725,-0.06,-0.03,0.02
btc-updown-15m-1774086300,1774086300,485.3,-0.035,0.68,-0.005,0.105,-0.195
btc-updown-15m-1774086300,1774086300,499.7,0.03,0.685,0.01,0.12,-0.15
btc-updown-15m-1774086300,1774086300,511,0.035,0.7,0.085,0.045,-0.095
btc-updown-15m-1774086300,1774086300,521.1,-0.045,0.655,0.13,0.02,-0.07
btc-updown-15m-1774086300,1774086300,531.1,0.13,0.785,0.01,-0.14,-0.2
btc-updown-15m-1774086300,1774086300,563.6,-0.03,0.755,-0.1,-0.22,-0.08
btc-updown-15m-1774086300,1774086300,579.1,-0.03,0.715,-0.215,-0.14,-0.04
btc-updown-15m-1774086300,1774086300,589.1,0.045,0.745,-0.21,-0.16,-0.07
btc-updown-15m-1774086300,1774086300,599.2,-0.09,0.655,-0.04,0.01,0.01
btc-updown-15m-1774086300,1774086300,609.2,-0.16,0.495,0.08,0.16,0.18
btc-updown-15m-1774086300,1774086300,619.2,0.04,0.535,0.05,0.14,0.14
btc-updown-15m-1774086300,1774086300,629.2,0.08,0.615,0.05,0.06,0.06
btc-updown-15m-1774086300,1774086300,639.3,-0.04,0.575,0.08,0.1,0.13
btc-updown-15m-1774086300,1774086300,656.7,0.03,0.615,0.06,0.05,0.14
btc-updown-15m-1774086300,1774086300,666.7,0.04,0.655,0.02,0.02,0.21
btc-updown-15m-1774086300,1774086300,759.9,0.035,0.71,0.165,0.215,0.265
btc-updown-15m-1774086300,1774086300,776.3,0.03,0.755,0.16,0.2,0.235
btc-updown-15m-1774086300,1774086300,786.3,0.11,0.865,0.05,0.1,
btc-updown-15m-1774086300,1774086300,801.7,0.03,0.905,0.04,0.06,
btc-updown-15m-1774086300,1774086300,822.4,0.04,0.935,0.02,0.04,
btc-updown-15m-1774097100,1774097100,3.9,0.035,0.49,0.015,0.035,-0.205
btc-updown-15m-1774097100,1774097100,57.4,0.03,0.535,-0.18,-0.27,-0.34
btc-updown-15m-1774097100,1774097100,67.5,0.04,0.565,-0.2,-0.28,-0.37
btc-updown-15m-1774097100,1774097100,80.1,-0.035,0.53,-0.195,-0.265,-0.345
btc-updown-15m-1774097100,1774097100,90.1,-0.17,0.355,-0.03,-0.09,-0.15
btc-updown-15m-1774097100,1774097100,116.1,-0.035,0.32,-0.055,-0.125,0.025
btc-updown-15m-1774097100,1774097100,126.4,0.035,0.295,-0.05,-0.1,0.03
btc-updown-15m-1774097100,1774097100,156.6,-0.03,0.235,-0.04,0,0.05
btc-updown-15m-1774097100,1774097100,170.1,-0.03,0.205,-0.02,0.135,0.07
btc-updown-15m-1774097100,1774097100,181.3,0.03,0.225,-0.02,0.115,0
btc-updown-15m-1774097100,1774097100,191.3,-0.04,0.185,0.05,0.14,0.03
btc-updown-15m-1774097100,1774097100,215.7,0.03,0.215,0.11,0.07,0.07
btc-updown-15m-1774097100,1774097100,228.1,0.03,0.265,0.06,0.01,0.005
btc-updown-15m-1774097100,1774097100,238.1,0.07,0.335,-0.04,-0.06,-0.08
btc-updown-15m-1774097100,1774097100,267.8,-0.03,0.295,-0.02,0,0.02
btc-updown-15m-1774097100,1774097100,301.1,-0.03,0.245,0.05,0.01,-0.04
btc-updown-15m-1774097100,1774097100,314.1,0.03,0.235,0.04,0.03,-0.06
btc-updown-15m-1774097100,1774097100,379.4,0.045,0.31,-0.095,-0.16,-0.165
btc-updown-15m-1774097100,1774097100,397.3,-0.04,0.275,-0.1,-0.11,-0.15
btc-updown-15m-1774097100,1774097100,407.3,-0.06,0.215,-0.06,0.01,-0.1
btc-updown-15m-1774097100,1774097100,430.4,-0.03,0.175,-0.01,-0.02,-0.09
btc-updown-15m-1774097100,1774097100,440.6,-0.03,0.145,0.08,0,-0.07
btc-updown-15m-1774097100,1774097100,450.6,0.03,0.175,0.01,-0.04,-0.1
btc-updown-15m-1774097100,1774097100,461.6,0.03,0.195,-0.04,-0.06,-0.13
btc-updown-15m-1774097100,1774097100,471.7,0.03,0.225,-0.08,-0.11,-0.16
btc-updown-15m-1774097100,1774097100,481.7,-0.04,0.185,-0.05,-0.1,-0.16
btc-updown-15m-1774097100,1774097100,491.7,-0.03,0.155,-0.02,-0.07,-0.07
btc-updown-15m-1774097100,1774097100,507.1,-0.03,0.125,-0.01,-0.05,0.01
btc-updown-15m-1774097100,1774097100,541.3,-0.03,0.085,-0.01,-0.05,-0.015
btc-updown-15m-1774097100,1774097100,596.2,-0.03,0.035,0.1,0.04,0.02
btc-updown-15m-1774097100,1774097100,606.6,0.03,0.075,0.03,-0.01,-0.03
btc-updown-15m-1774097100,1774097100,616.6,0.055,0.135,-0.05,-0.08,-0.09
btc-updown-15m-1774097100,1774097100,634.8,-0.03,0.105,-0.04,-0.05,-0.07
btc-updown-15m-1774097100,1774097100,661.7,-0.03,0.065,-0.01,-0.01,-0.04
btc-updown-15m-1774107900,1774107900,0.8,0.035,0.56,0.015,0.005,0.005
btc-updown-15m-1774107900,1774107900,10.8,0.125,0.685,-0.1,-0.12,-0.11
btc-updown-15m-1774107900,1774107900,20.8,-0.1,0.585,-0.02,-0.03,-0.03
btc-updown-15m-1774107900,1774107900,138.3,-0.035,0.55,-0.035,-0.005,0.135
btc-updown-15m-1774107900,1774107900,148.4,0.035,0.585,-0.08,0.03,0.11
btc-updown-15m-1774107900,1774107900,158.4,-0.07,0.515,0.01,0.1,0.13
btc-updown-15m-1774107900,1774107900,194.5,0.03,0.545,0.07,0.1,0.12
btc-updown-15m-1774107900,1774107900,204.5,0.06,0.605,0.04,0.09,0.06
btc-updown-15m-1774107900,1774107900,230.5,0.03,0.645,0.04,0.01,0.01
btc-updown-15m-1774107900,1774107900,257.9,0.03,0.675,-0.025,-0.02,-0.14
btc-updown-15m-1774107900,1774107900,268.8,-0.03,0.655,0,0.005,-0.13
btc-updown-15m-1774107900,1774107900,358.3,-0.03,0.625,-0.1,-0.06,0.1
btc-updown-15m-1774107900,1774107900,368.3,-0.065,0.56,0.015,0.005,0.16
btc-updown-15m-1774107900,1774107900,379.8,-0.03,0.515,0.06,0.06,0.24
btc-updown-15m-1774107900,1774107900,395.4,0.03,0.545,0.02,0.125,0.27
btc-updown-15m-1774107900,1774107900,441.9,0.03,0.595,0.1,0.16,0.24
btc-updown-15m-1774107900,1774107900,451.9,0.05,0.67,0.055,0.145,0.125
btc-updown-15m-1774107900,1774107900,475.6,0.035,0.71,0.045,0.135,0.115
btc-updown-15m-1774107900,1774107900,498.6,0.03,0.75,0.105,0.085,0.075
btc-updown-15m-1774107900,1774107900,508.6,-0.045,0.71,0.145,0.085,0.125
btc-updown-15m-1774107900,1774107900,518.6,0.095,0.805,0.03,0.02,0
btc-updown-15m-1774107900,1774107900,528.6,0.05,0.855,-0.02,-0.05,-0.055
btc-updown-15m-1774107900,1774107900,566.8,-0.04,0.795,-0.06,0.03,-0.13
btc-updown-15m-1774107900,1774107900,576.8,0.04,0.835,-0.02,-0.03,-0.15
btc-updown-15m-1774107900,1774107900,596.6,-0.03,0.775,0.05,-0.04,-0.08
btc-updown-15m-1774107900,1774107900,606.6,0.045,0.815,-0.01,-0.08,-0.02
btc-updown-15m-1774107900,1774107900,654,-0.03,0.775,-0.01,-0.08,0.13
btc-updown-15m-1774107900,1774107900,664,-0.03,0.745,-0.06,0.05,0.15
btc-updown-15m-1774107900,1774107900,679.6,0.03,0.765,-0.07,0.07,0.15
btc-updown-15m-1774107900,1774107900,689.6,-0.095,0.665,0.03,0.16,0.27
btc-updown-15m-1774107900,1774107900,721.8,0.03,0.725,0.11,0.17,0.22
btc-updown-15m-1774107900,1774107900,731.9,0.055,0.78,0.095,0.125,0.16
btc-updown-15m-1774107900,1774107900,741.9,0.055,0.835,0.06,0.1,0.08
btc-updown-15m-1774107900,1774107900,754.5,0.035,0.86,0.035,0.085,0.07
btc-updown-15m-1774107900,1774107900,764.8,0.03,0.895,0.01,0.045,0.05
btc-updown-15m-1774107900,1774107900,800.5,0.03,0.935,0.01,-0.02,
btc-updown-15m-1774107900,1774107900,858.7,-0.035,0.91,-0.235,,
btc-updown-15m-1774107900,1774107900,874.5,0.03,0.93,,,
btc-updown-15m-1774107900,1774107900,886.8,-0.03,0.905,,,
btc-updown-15m-1774107900,1774107900,896.8,-0.085,0.82,,,
btc-updown-15m-1774118700,1774118700,16,-0.03,0.425,-0.02,-0.06,-0.12
btc-updown-15m-1774118700,1774118700,80.2,0.035,0.41,-0.085,-0.115,0.025
btc-updown-15m-1774118700,1774118700,90.2,-0.08,0.345,-0.04,-0.05,0
btc-updown-15m-1774118700,1774118700,117.8,-0.03,0.305,-0.01,-0.05,0.03
btc-updown-15m-1774118700,1774118700,127.8,0.04,0.345,-0.08,-0.1,-0.01
btc-updown-15m-1774118700,1774118700,138,-0.035,0.31,-0.045,-0.04,0.025
btc-updown-15m-1774118700,1774118700,198,0.03,0.275,0.06,0.06,-0.03
btc-updown-15m-1774118700,1774118700,208.1,0.06,0.335,0,-0.02,-0.12
btc-updown-15m-1774118700,1774118700,313.1,-0.035,0.26,-0.035,-0.06,-0.185
btc-updown-15m-1774118700,1774118700,323.1,-0.03,0.225,-0.01,-0.11,-0.16
btc-updown-15m-1774118700,1774118700,382.9,-0.03,0.17,-0.095,-0.105,-0.135
btc-updown-15m-1774118700,1774118700,392.9,-0.075,0.095,-0.02,-0.04,-0.06
btc-updown-15m-1774118700,1774118700,413.4,-0.03,0.065,0,-0.01,-0.03
btc-updown-15m-1774118700,1774118700,427.4,0.03,0.075,-0.02,-0.04,-0.04
btc-updown-15m-1774129500,1774129500,0.8,0.035,0.585,-0.02,0.03,0.02
btc-updown-15m-1774129500,1774129500,10.8,-0.035,0.555,0.04,0.06,0.07
btc-updown-15m-1774129500,1774129500,30.7,-0.03,0.565,0.05,-0.015,0.04
btc-updown-15m-1774129500,1774129500,40.7,0.03,0.595,0.02,-0.07,-0.01
btc-updown-15m-1774129500,1774129500,72.2,-0.03,0.585,-0.07,0.04,-0.07
btc-updown-15m-1774129500,1774129500,82.3,-0.035,0.535,0.07,0.07,-0.02
btc-updown-15m-1774129500,1774129500,102.2,-0.03,0.515,0.11,0.06,0.14
btc-updown-15m-1774129500,1774129500,112.2,0.095,0.61,-0.005,-0.095,0.085
btc-updown-15m-1774129500,1774129500,126.7,0.03,0.625,-0.04,-0.11,0.08
btc-updown-15m-1774129500,1774129500,161.6,-0.03,0.575,-0.06,0.08,0.07
btc-updown-15m-1774129500,1774129500,171.6,-0.06,0.515,0,0.18,-0.01
btc-updown-15m-1774129500,1774129500,205.9,0.03,0.545,0.17,0.12,0.03
btc-updown-15m-1774129500,1774129500,215.9,0.09,0.655,0.05,-0.015,-0.09
btc-updown-15m-1774129500,1774129500,225.9,0.04,0.695,0,-0.19,-0.1
btc-updown-15m-1774129500,1774129500,261.5,-0.035,0.675,-0.17,-0.1,-0.05
btc-updown-15m-1774129500,1774129500,272.2,-0.03,0.645,-0.13,-0.08,0.01
btc-updown-15m-1774129500,1774129500,282.2,-0.09,0.555,0.01,0.04,0.1
btc-updown-15m-1774129500,1774129500,292.2,-0.055,0.505,0.06,0.1,0.14
btc-updown-15m-1774129500,1774129500,308,0.03,0.515,0.05,0.09,0.01
btc-updown-15m-1774129500,1774129500,318.1,0.05,0.565,0.03,0.06,-0.1
btc-updown-15m-1774129500,1774129500,340.8,0.03,0.595,0.01,0.06,-0.33
btc-updown-15m-1774129500,1774129500,381.8,0.03,0.635,0.01,-0.225,-0.49
btc-updown-15m-1774129500,1774129500,391.8,0.03,0.665,-0.105,-0.31,-0.5
btc-updown-15m-1774129500,1774129500,420.7,-0.035,0.63,-0.275,-0.525,-0.405
btc-updown-15m-1774129500,1774129500,430.7,-0.175,0.455,-0.19,-0.3,-0.18
btc-updown-15m-1774129500,1774129500,440.7,-0.04,0.415,-0.25,-0.27,0.08
btc-updown-15m-1774129500,1774129500,450.8,-0.06,0.355,-0.255,-0.19,0.01
btc-updown-15m-1774129500,1774129500,460.8,-0.09,0.265,-0.11,-0.115,0.36
btc-updown-15m-1774129500,1774129500,470.8,-0.11,0.155,-0.01,-0.01,0.47
btc-updown-15m-1774129500,1774129500,480.8,-0.06,0.095,0.07,0.13,0.53
btc-updown-15m-1774129500,1774129500,490.8,0.06,0.155,-0.005,0.12,0.45
btc-updown-15m-1774129500,1774129500,515.6,0.03,0.165,0.1,0.185,0.34
btc-updown-15m-1774129500,1774129500,531.7,0.03,0.185,0.31,0.44,0.325
btc-updown-15m-1774129500,1774129500,541.7,0.04,0.225,0.14,0.4,0.21
btc-updown-15m-1774129500,1774129500,551.7,0.05,0.275,0.35,0.31,0.13
btc-updown-15m-1774129500,1774129500,561.7,0.22,0.495,0.13,0.025,-0.075
btc-updown-15m-1774129500,1774129500,571.8,-0.13,0.365,0.26,0.13,0.09
btc-updown-15m-1774129500,1774129500,581.8,0.26,0.625,-0.04,-0.12,-0.28
btc-updown-15m-1774129500,1774129500,594,-0.03,0.605,-0.1,-0.11,-0.26
btc-updown-15m-1774129500,1774129500,604,0.03,0.615,-0.12,-0.21,-0.26
btc-updown-15m-1774129500,1774129500,614,-0.085,0.535,-0.03,-0.12,0.01
btc-updown-15m-1774129500,1774129500,624,-0.03,0.505,-0.01,-0.05,-0.025
btc-updown-15m-1774129500,1774129500,656.1,-0.035,0.47,-0.005,-0.125,0.175
btc-updown-15m-1774129500,1774129500,666.2,-0.05,0.405,0.04,-0.05,0.255
btc-updown-15m-1774129500,1774129500,681,0.03,0.44,-0.115,0.095,0.27
btc-updown-15m-1774129500,1774129500,691.5,0.03,0.455,-0.09,0.205,0.44
btc-updown-15m-1774129500,1774129500,701.5,-0.11,0.345,0.02,0.32,0.55
btc-updown-15m-1774129500,1774129500,719.1,0.035,0.365,0.29,0.28,0.56
btc-updown-15m-1774129500,1774129500,731.8,0.03,0.395,0.27,0.26,0.54
btc-updown-15m-1774129500,1774129500,741.8,0.11,0.53,0.115,0.18,0.415
btc-updown-15m-1774129500,1774129500,751.9,0.13,0.66,-0.015,0.235,0.305
btc-updown-15m-1774129500,1774129500,798.2,0.035,0.69,0.24,0.255,
btc-updown-15m-1774129500,1774129500,809.4,0.03,0.725,0.2,0.24,
btc-updown-15m-1774129500,1774129500,819.4,0.2,0.925,0,0.04,
btc-updown-15m-1774129500,1774129500,829.7,0.05,0.925,0.02,0.05,
btc-updown-15m-1774129500,1774129500,844.8,-0.03,0.895,0.065,,
btc-updown-15m-1774140300,1774140300,1.1,0.075,0.53,-0.095,-0.105,-0.125
btc-updown-15m-1774140300,1774140300,11.4,-0.1,0.475,-0.08,-0.03,-0.055
btc-updown-15m-1774140300,1774140300,21.4,-0.08,0.395,0.01,0.1,0.06
btc-updown-15m-1774140300,1774140300,31.4,0.04,0.435,-0.01,0.05,0.03
btc-updown-15m-1774140300,1774140300,41.5,-0.04,0.395,0.05,0.06,0.07
btc-updown-15m-1774140300,1774140300,73.3,0.03,0.455,0,-0.01,0.02
btc-updown-15m-1774140300,1774140300,85.4,0.04,0.485,-0.09,0,0.045
btc-updown-15m-1774140300,1774140300,95.4,-0.035,0.455,-0.03,0.01,0.08
btc-updown-15m-1774140300,1774140300,106,-0.03,0.425,0.03,0.03,0.12
btc-updown-15m-1774140300,1774140300,133.4,0.03,0.455,-0.02,0.02,0.2
btc-updown-15m-1774140300,1774140300,148.3,-0.03,0.435,0.02,0.1,0.19
btc-updown-15m-1774140300,1774140300,158.4,0.03,0.465,0,0.07,0.09
btc-updown-15m-1774140300,1774140300,193.5,0.035,0.49,0.055,0.165,-0.325
btc-updown-15m-1774140300,1774140300,203.5,0.07,0.565,-0.02,0.025,-0.31
btc-updown-15m-1774140300,1774140300,243,0.035,0.58,0.045,-0.225,-0.395
btc-updown-15m-1774140300,1774140300,253,0.075,0.655,-0.16,-0.49,-0.54
btc-updown-15m-1774140300,1774140300,263.1,-0.07,0.585,-0.1,-0.33,-0.46
btc-updown-15m-1774140300,1774140300,273.3,0.04,0.625,-0.27,-0.39,-0.54
btc-updown-15m-1774140300,1774140300,283.3,-0.125,0.5,-0.335,-0.305,-0.345
btc-updown-15m-1774140300,1774140300,294,-0.03,0.495,-0.23,-0.27,-0.33
btc-updown-15m-1774140300,1774140300,304.1,-0.14,0.355,-0.12,-0.21,-0.24
btc-updown-15m-1774140300,1774140300,314.1,-0.18,0.175,0.01,-0.06,-0.07
btc-updown-15m-1774140300,1774140300,324.2,0.08,0.255,-0.03,-0.13,-0.2
btc-updown-15m-1774140300,1774140300,339,-0.03,0.2,-0.065,-0.065,-0.115
btc-updown-15m-1774140300,1774140300,351,0.03,0.225,-0.12,-0.045,-0.17
btc-updown-15m-1774140300,1774140300,361,-0.04,0.185,-0.11,-0.025,-0.13
btc-updown-15m-1774140300,1774140300,371,-0.05,0.135,0.02,-0.05,-0.1
btc-updown-15m-1774140300,1774140300,381,-0.03,0.105,0.075,-0.05,-0.055
btc-updown-15m-1774140300,1774140300,391,-0.03,0.075,0.085,0,-0.02
btc-updown-15m-1774140300,1774140300,401,0.08,0.155,-0.07,-0.06,-0.11
btc-updown-15m-1774140300,1774140300,411.5,0.035,0.18,-0.125,-0.125,-0.13
btc-updown-15m-1774140300,1774140300,421.5,-0.03,0.145,-0.07,-0.09,-0.09
btc-updown-15m-1774140300,1774140300,431.6,-0.06,0.085,0.01,-0.05,-0.04
btc-updown-15m-1774140300,1774140300,441.6,-0.03,0.055,0,-0.005,0.01
btc-updown-15m-1774140300,1774140300,462,0.03,0.105,-0.07,-0.06,-0.06
btc-updown-15m-1774140300,1774140300,472.1,-0.05,0.055,-0.005,-0.005,0
btc-updown-15m-1774140300,1774140300,555,0.03,0.085,-0.04,-0.047,-0.07
btc-updown-15m-1774151100,1774151100,0.6,0.03,0.535,-0.06,-0.13,-0.19
btc-updown-15m-1774151100,1774151100,10.7,-0.04,0.525,-0.04,-0.16,-0.22
btc-updown-15m-1774151100,1774151100,22.1,-0.03,0.475,-0.02,-0.15,-0.18
btc-updown-15m-1774151100,1774151100,32.3,0.04,0.475,-0.07,-0.11,-0.14
btc-updown-15m-1774151100,1774151100,49.3,-0.035,0.46,-0.115,-0.145,-0.165
btc-updown-15m-1774151100,1774151100,59.3,-0.055,0.405,-0.1,-0.06,-0.11
btc-updown-15m-1774151100,1774151100,70.1,-0.03,0.37,-0.005,-0.065,-0.065
btc-updown-15m-1774151100,1774151100,81.8,-0.035,0.33,0.015,-0.035,0.005
btc-updown-15m-1774151100,1774151100,91.9,0.035,0.36,-0.025,-0.025,-0.075
btc-updown-15m-1774151100,1774151100,102.7,-0.035,0.33,-0.025,-0.015,-0.045
btc-updown-15m-1774151100,1774151100,112.7,0.035,0.345,-0.05,-0.06,-0.07
btc-updown-15m-1774151100,1774151100,125.1,-0.04,0.305,0.04,-0.03,0.01
btc-updown-15m-1774151100,1774151100,148.9,0.03,0.335,-0.04,-0.05,0.01
btc-updown-15m-1774151100,1774151100,158.9,-0.03,0.305,0,-0.02,0.04
btc-updown-15m-1774151100,1774151100,172.2,-0.03,0.285,0.05,-0.01,0.14
btc-updown-15m-1774151100,1774151100,192.7,0.035,0.31,-0.025,0.015,0.055
btc-updown-15m-1774151100,1774151100,202.7,0.03,0.335,-0.06,0.01,0.01
btc-updown-15m-1774151100,1774151100,212.7,-0.04,0.295,0.02,0.05,0.01
btc-updown-15m-1774151100,1774151100,229.3,0.03,0.315,0.03,0.09,-0.03
btc-updown-15m-1774151100,1774151100,239.3,-0.05,0.265,0.08,0.11,0.02
btc-updown-15m-1774151100,1774151100,249.5,0.04,0.305,0.04,0.07,-0.07
btc-updown-15m-1774151100,1774151100,259.6,0.04,0.345,0.06,0.01,-0.16
btc-updown-15m-1774151100,1774151100,284.9,0.03,0.375,-0.01,-0.06,-0.18
btc-updown-15m-1774151100,1774151100,294.9,0.05,0.425,-0.07,-0.13,-0.22
btc-updown-15m-1774151100,1774151100,304.9,-0.04,0.385,-0.07,-0.14,-0.17
btc-updown-15m-1774151100,1774151100,316.7,-0.03,0.355,-0.07,-0.16,-0.08
btc-updown-15m-1774151100,1774151100,329.9,-0.035,0.32,-0.035,-0.145,-0.095
btc-updown-15m-1774151100,1774151100,346.6,-0.03,0.285,-0.09,-0.09,-0.03
btc-updown-15m-1774151100,1774151100,362.4,-0.03,0.285,-0.06,-0.07,-0.03
btc-updown-15m-1774151100,1774151100,372.4,-0.035,0.235,-0.04,0.05,0.02
btc-updown-15m-1774151100,1774151100,382.4,-0.06,0.175,0.03,0.05,0.055
btc-updown-15m-1774151100,1774151100,392.4,0.05,0.225,-0.01,0.01,0
btc-updown-15m-1774151100,1774151100,402.4,-0.03,0.195,0.09,0.04,0.07
btc-updown-15m-1774151100,1774151100,427.1,0.03,0.245,-0.02,0.01,0.11
btc-updown-15m-1774151100,1774151100,437.1,0.03,0.275,-0.02,-0.03,0.18
btc-updown-15m-1774151100,1774151100,447.1,-0.05,0.225,0.025,0,0.24
btc-updown-15m-1774151100,1774151100,465.7,0.03,0.255,-0.005,0.005,0.05
btc-updown-15m-1774151100,1774151100,503.1,-0.03,0.225,0.05,0.23,0.065
btc-updown-15m-1774151100,1774151100,515.7,0.035,0.27,0.085,0.075,0.035
btc-updown-15m-1774151100,1774151100,533.4,0.035,0.3,0.155,-0.005,0.1
btc-updown-15m-1774151100,1774151100,543.4,0.135,0.435,0,-0.15,-0.1
btc-updown-15m-1774151100,1774151100,554,0.05,0.415,-0.08,-0.12,0.1
btc-updown-15m-1774151100,1774151100,564,0.03,0.445,-0.15,-0.155,-0.01
btc-updown-15m-1774151100,1774151100,574,-0.065,0.38,-0.095,-0.085,0.015
btc-updown-15m-1774151100,1774151100,584,-0.045,0.335,-0.04,0.01,-0.01
btc-updown-15m-1774151100,1774151100,594,-0.04,0.295,-0.005,0.105,0
btc-updown-15m-1774151100,1774151100,636.2,0.035,0.325,-0.04,0.09,0.02
btc-updown-15m-1774151100,1774151100,648.9,0.035,0.37,0.155,-0.045,-0.055
btc-updown-15m-1774151100,1774151100,660.5,0.03,0.445,-0.05,-0.15,0.025
btc-updown-15m-1774151100,1774151100,670.5,0.16,0.605,-0.25,-0.37,-0.19
btc-updown-15m-1774151100,1774151100,680.6,-0.08,0.525,-0.2,-0.31,-0.13
btc-updown-15m-1774151100,1774151100,690.7,-0.13,0.395,-0.1,-0.08,0.24
btc-updown-15m-1774151100,1774151100,700.7,-0.04,0.355,-0.12,0.03,0.2
btc-updown-15m-1774151100,1774151100,710.7,-0.035,0.32,-0.105,0.185,-0.015
btc-updown-15m-1774151100,1774151100,720.7,-0.03,0.295,0.02,0.17,-0.045
btc-updown-15m-1774151100,1774151100,730.7,-0.06,0.235,0.15,0.17,0.035
btc-updown-15m-1774151100,1774151100,741.8,-0.03,0.215,0.28,0.385,0.115
btc-updown-15m-1774151100,1774151100,751.9,0.1,0.315,0.145,0.33,0
btc-updown-15m-1774151100,1774151100,761.9,0.04,0.355,0.05,0.21,-0.075
btc-updown-15m-1774151100,1774151100,771.9,0.14,0.495,0.105,-0.21,-0.38
btc-updown-15m-1774151100,1774151100,781.9,-0.035,0.46,0.185,-0.205,
btc-updown-15m-1774151100,1774151100,791.9,-0.05,0.405,0.16,-0.13,
btc-updown-15m-1774151100,1774151100,801.9,0.19,0.595,-0.31,-0.255,
btc-updown-15m-1774151100,1774151100,812,0.05,0.645,-0.39,-0.33,
btc-updown-15m-1774151100,1774151100,822,-0.08,0.565,-0.29,-0.285,
btc-updown-15m-1774151100,1774151100,832,-0.3,0.265,0.08,-0.14,
btc-updown-15m-1774151100,1774151100,847.8,0.035,0.29,0.015,,
btc-updown-15m-1774151100,1774151100,857.9,0.05,0.34,-0.155,,
btc-updown-15m-1774151100,1774151100,869.5,-0.03,0.305,-0.29,,
btc-updown-15m-1774151100,1774151100,881.3,-0.035,0.28,,,
btc-updown-15m-1774151100,1774151100,891.3,-0.165,0.115,,,
btc-updown-15m-1774161900,1774161900,0.8,-0.035,0.47,-0.035,-0.065,-0.135
btc-updown-15m-1774161900,1774161900,10.8,-0.09,0.375,0.06,-0.02,-0.05
btc-updown-15m-1774161900,1774161900,20.8,0.06,0.435,0,-0.08,-0.1
btc-updown-15m-1774161900,1774161900,51,0.03,0.465,-0.11,-0.1,-0.1
btc-updown-15m-1774161900,1774161900,61,-0.06,0.405,-0.13,-0.08,0.02
btc-updown-15m-1774161900,1774161900,71,-0.05,0.355,-0.025,-0.03,0.17
btc-updown-15m-1774161900,1774161900,89.1,-0.035,0.32,0.015,0.015,0.125
btc-updown-15m-1774161900,1774161900,99.3,0.04,0.335,-0.01,0.04,0.06
btc-updown-15m-1774161900,1774161900,111,0.035,0.365,-0.03,0,0.05
btc-updown-15m-1774161900,1774161900,121,-0.04,0.325,0,0.1,0.065
btc-updown-15m-1774161900,1774161900,154.9,0.035,0.37,0.075,0.075,-0.075
btc-updown-15m-1774161900,1774161900,178.5,0.03,0.395,0.05,0.01,-0.14
btc-updown-15m-1774161900,1774161900,188.5,0.065,0.46,-0.015,-0.125,-0.195
btc-updown-15m-1774161900,1774161900,198.6,0.075,0.535,-0.12,-0.27,-0.265
btc-updown-15m-1774161900,1774161900,208.6,-0.09,0.445,-0.04,-0.14,-0.15
btc-updown-15m-1774161900,1774161900,218.9,-0.03,0.415,-0.08,-0.16,-0.12
btc-updown-15m-1774161900,1774161900,243.7,-0.03,0.375,-0.08,-0.115,-0.11
btc-updown-15m-1774161900,1774161900,253.7,-0.11,0.265,-0.01,0.01,-0.02
btc-updown-15m-1774161900,1774161900,265.4,0.035,0.29,-0.035,-0.025,0.085
btc-updown-15m-1774161900,1774161900,275.5,-0.035,0.26,0,0.04,0.005
btc-updown-15m-1774161900,1774161900,326.3,0.035,0.3,-0.04,0.105,0.145
btc-updown-15m-1774161900,1774161900,381.4,0.035,0.28,0.015,0.075,0.025
btc-updown-15m-1774161900,1774161900,391.4,0.04,0.325,-0.03,0.13,-0.035
btc-updown-15m-1774161900,1774161900,401.4,-0.04,0.285,0.04,0.23,-0.03
btc-updown-15m-1774161900,1774161900,422.9,0.03,0.325,0.185,0.05,-0.09
btc-updown-15m-1774161900,1774161900,433,-0.04,0.325,0.19,0.04,-0.09
btc-updown-15m-1774161900,1774161900,443,0.11,0.435,-0.02,-0.12,-0.22
btc-updown-15m-1774161900,1774161900,453.1,0.08,0.515,-0.14,-0.25,-0.3
btc-updown-15m-1774161900,1774161900,465.8,-0.03,0.495,-0.16,-0.25,-0.27
btc-updown-15m-1774161900,1774161900,475.8,-0.1,0.395,-0.09,-0.15,-0.19
btc-updown-15m-1774161900,1774161900,485.8,-0.03,0.365,-0.12,-0.13,-0.24
btc-updown-15m-1774161900,1774161900,496,-0.035,0.33,-0.085,-0.095,-0.225
btc-updown-15m-1774161900,1774161900,511.6,-0.03,0.285,-0.04,-0.07,-0.22
btc-updown-15m-1774161900,1774161900,600.4,-0.03,0.195,-0.13,-0.07,-0.15
btc-updown-15m-1774161900,1774161900,610.4,-0.07,0.115,-0.06,-0.02,-0.09
btc-updown-15m-1774161900,1774161900,620.4,-0.03,0.085,0.05,-0.01,-0.04
btc-updown-15m-1774161900,1774161900,645.6,0.045,0.11,-0.025,-0.065,-0.065
btc-updown-15m-1774161900,1774161900,656.5,-0.035,0.135,-0.08,-0.1,-0.09
btc-updown-15m-1774161900,1774161900,666.6,-0.03,0.105,-0.05,-0.08,-0.0695
btc-updown-15m-1774161900,1774161900,676.6,-0.03,0.075,-0.03,-0.03,-0.04
btc-updown-15m-1774161900,1774161900,691.2,-0.04,0.055,-0.02,0,-0.0245
btc-updown-15m-1774161900,1774161900,747.4,0.03,0.075,-0.03,-0.0305,-0.064
btc-updown-15m-1774161900,1774161900,757.6,-0.03,0.055,-0.02,-0.0295,-0.0535
btc-updown-15m-1774172700,1774172700,4.5,-0.03,0.495,-0.03,0.03,-0.07
btc-updown-15m-1774172700,1774172700,14.5,-0.05,0.445,0.03,0.08,-0.07
btc-updown-15m-1774172700,1774172700,24.9,0.035,0.48,-0.005,0.055,-0.08
btc-updown-15m-1774172700,1774172700,55.8,0.03,0.505,0.03,-0.05,0.04
btc-updown-15m-1774172700,1774172700,91.1,0.035,0.57,-0.115,-0.145,0.045
btc-updown-15m-1774172700,1774172700,101.5,0.035,0.61,-0.175,-0.175,-0.005
btc-updown-15m-1774172700,1774172700,111.5,-0.13,0.485,-0.11,0.07,0.12
btc-updown-15m-1774172700,1774172700,123.7,-0.035,0.45,-0.015,0.095,0.145
btc-updown-15m-1774172700,1774172700,133.7,-0.05,0.4,0.045,0.205,0.195
btc-updown-15m-1774172700,1774172700,145.1,0.03,0.405,0.14,0.21,0.18
btc-updown-15m-1774172700,1774172700,162.6,0.03,0.455,0.15,0.15,0.17
btc-updown-15m-1774172700,1774172700,172.6,0.09,0.545,0.07,0.06,0.1
btc-updown-15m-1774172700,1774172700,188.9,0.035,0.58,0.025,0.015,-0.1
btc-updown-15m-1774172700,1774172700,198.9,0.03,0.615,-0.01,-0.03,-0.08
btc-updown-15m-1774172700,1774172700,279.2,-0.035,0.55,-0.065,0.015,0.01
btc-updown-15m-1774172700,1774172700,289.2,0.075,0.625,-0.09,0.03,-0.11
btc-updown-15m-1774172700,1774172700,299.2,-0.11,0.515,0.05,0.14,0
btc-updown-15m-1774172700,1774172700,309.2,-0.03,0.485,0.08,0.17,-0.075
btc-updown-15m-1774172700,1774172700,319.2,0.05,0.535,0.12,0.02,-0.01
btc-updown-15m-1774172700,1774172700,341.1,0.03,0.595,0.06,-0.04,-0.09
btc-updown-15m-1774172700,1774172700,351.1,0.06,0.655,-0.1,-0.14,-0.06
btc-updown-15m-1774172700,1774172700,371.9,0.03,0.685,-0.17,-0.18,0.02
btc-updown-15m-1774172700,1774172700,381.9,-0.13,0.555,-0.04,-0.03,0
btc-updown-15m-1774172700,1774172700,392,-0.08,0.475,0.04,0.03,0.09
btc-updown-15m-1774172700,1774172700,402,0.04,0.515,-0.01,-0.01,0.06
btc-updown-15m-1774172700,1774172700,422.2,-0.03,0.485,0.02,0.18,0.23
btc-updown-15m-1774172700,1774172700,432.2,0.03,0.505,0,0.2,0.245
btc-updown-15m-1774172700,1774172700,464,0.03,0.535,0.17,0.105,0.27
btc-updown-15m-1774172700,1774172700,474,0.095,0.635,-0.07,0.07,0.23
btc-updown-15m-1774172700,1774172700,484,0.05,0.685,-0.12,0.03,0.19
btc-updown-15m-1774172700,1774172700,497.4,-0.035,0.67,-0.005,0.12,0.165
btc-updown-15m-1774172700,1774172700,507.4,-0.09,0.565,0.15,0.24,0.3
btc-updown-15m-1774172700,1774172700,522.2,0.03,0.595,0.155,0.21,0.31
btc-updown-15m-1774172700,1774172700,532.2,0.1,0.705,0.09,0.125,0.21
btc-updown-15m-1774172700,1774172700,548.2,0.03,0.745,0.02,0.13,0.19
btc-updown-15m-1774172700,1774172700,558.2,0.05,0.795,0.01,0.04,0.15
btc-updown-15m-1774172700,1774172700,574.3,-0.03,0.775,0.1,0.11,0.13
btc-updown-15m-1774172700,1774172700,584.3,0.03,0.805,0.06,0.1,0.12
btc-updown-15m-1774172700,1774172700,594.3,0.06,0.865,0.02,0.05,0.03
btc-updown-15m-1774172700,1774172700,607.2,0.03,0.885,0.01,0.05,0
btc-updown-15m-1774172700,1774172700,617.2,-0.05,0.835,0.07,0.1,0.03
btc-updown-15m-1774172700,1774172700,627.4,0.03,0.865,0.05,0.055,0.01
btc-updown-15m-1774172700,1774172700,637.4,0.03,0.895,0.04,0.01,0.02
btc-updown-15m-1774172700,1774172700,688.9,-0.035,0.91,-0.015,-0.035,0.055
btc-updown-15m-1774172700,1774172700,713.3,-0.03,0.895,-0.02,0.06,0.08
btc-updown-15m-1774172700,1774172700,731.1,-0.03,0.865,0.05,0.1,0.125
btc-updown-15m-1774172700,1774172700,741.9,0.03,0.875,0.08,0.09,0.115
btc-updown-15m-1774172700,1774172700,752.3,0.03,0.905,0.06,0.06,0.085
btc-updown-15m-1774172700,1774172700,768.3,0.03,0.925,0.04,0.05,0.065
btc-updown-15m-1774172700,1774172700,780.6,0.035,0.96,0.005,0.025,
btc-updown-15m-1774183500,1774183500,3.9,-0.045,0.455,0,-0.07,0.09
btc-updown-15m-1774183500,1774183500,15.7,-0.035,0.455,-0.05,-0.01,0.1
btc-updown-15m-1774183500,1774183500,37.4,-0.035,0.44,-0.055,0.075,0.095
btc-updown-15m-1774183500,1774183500,47.6,-0.04,0.405,0.05,0.16,0.17
btc-updown-15m-1774183500,1774183500,59.3,-0.035,0.38,0.145,0.155,0.275
btc-updown-15m-1774183500,1774183500,70.8,0.045,0.43,0.095,0.075,0.275
btc-updown-15m-1774183500,1774183500,81.3,0.03,0.465,0.07,0.095,0.24
btc-updown-15m-1774183500,1774183500,91.5,0.03,0.525,0.01,0.05,0.22
btc-updown-15m-1774183500,1774183500,107.4,0.03,0.545,0.01,0.03,0.215
btc-updown-15m-1774183500,1774183500,117.6,-0.04,0.525,0.03,0.1,0.25
btc-updown-15m-1774183500,1774183500,129.1,-0.03,0.505,0.03,0.19,0.25
btc-updown-15m-1774183500,1774183500,139.3,0.06,0.565,0.04,0.14,0.23
btc-updown-15m-1774183500,1774183500,152.9,0.035,0.59,0.075,0.155,0.015
btc-updown-15m-1774183500,1774183500,162.9,-0.045,0.545,0.16,0.29,0.04
btc-updown-15m-1774183500,1774183500,172.9,0.06,0.605,0.11,0.19,-0.1
btc-updown-15m-1774183500,1774183500,183,0.06,0.665,0.08,0.1,-0.32
btc-updown-15m-1774183500,1774183500,204.1,0.03,0.735,0.06,0.02,-0.23
btc-updown-15m-1774183500,1774183500,217.3,0.03,0.765,-0.04,-0.16,-0.33
btc-updown-15m-1774183500,1774183500,227.5,-0.03,0.745,0.05,-0.22,-0.17
btc-updown-15m-1774183500,1774183500,237.5,0.04,0.775,-0.075,-0.43,-0.23
btc-updown-15m-1774183500,1774183500,247.5,-0.04,0.735,-0.13,-0.33,-0.14
btc-updown-15m-1774183500,1774183500,257.5,0.06,0.795,-0.27,-0.35,-0.2
btc-updown-15m-1774183500,1774183500,267.7,-0.095,0.7,-0.355,-0.215,-0.025
btc-updown-15m-1774183500,1774183500,277.7,-0.115,0.585,-0.18,-0.16,0.05
btc-updown-15m-1774183500,1774183500,287.7,-0.06,0.525,-0.08,0.05,0.06
btc-updown-15m-1774183500,1774183500,297.7,-0.18,0.345,0.14,0.2,0.25
btc-updown-15m-1774183500,1774183500,307.7,0.06,0.405,0.02,0.21,0.13
btc-updown-15m-1774183500,1774183500,317.7,0.04,0.445,0.13,0.15,0.12
btc-updown-15m-1774183500,1774183500,327.7,0.04,0.485,0.06,0.19,-0.05
btc-updown-15m-1774183500,1774183500,337.7,-0.05,0.435,0.18,0.2,-0.08
btc-updown-15m-1774183500,1774183500,347.8,0.13,0.575,0.02,0.01,-0.12
btc-updown-15m-1774183500,1774183500,362.3,0.03,0.555,0.1,-0.07,-0.17
btc-updown-15m-1774183500,1774183500,374.8,-0.03,0.565,0.01,-0.01,-0.23
btc-updown-15m-1774183500,1774183500,384.8,0.055,0.62,-0.015,-0.195,-0.295
btc-updown-15m-1774183500,1774183500,394.9,0.03,0.655,-0.11,-0.27,-0.22
btc-updown-15m-1774183500,1774183500,404.9,-0.08,0.575,-0.02,-0.21,-0.05
btc-updown-15m-1774183500,1774183500,415,0.03,0.605,-0.18,-0.165,0.01
btc-updown-15m-1774183500,1774183500,425,-0.06,0.545,-0.16,-0.21,0.09
btc-updown-15m-1774183500,1774183500,437.9,0.045,0.565,-0.11,-0.23,-0.01
btc-updown-15m-1774183500,1774183500,447.9,-0.13,0.435,-0.02,-0.11,0.24
btc-updown-15m-1774183500,1774183500,457.9,-0.08,0.355,-0.01,0.08,0.37
btc-updown-15m-1774183500,1774183500,467.9,0.1,0.455,-0.12,0.13,0.26
btc-updown-15m-1774183500,1774183500,478,-0.04,0.415,-0.09,0.185,0.31
btc-updown-15m-1774183500,1774183500,488,-0.07,0.345,0.09,0.295,0.485
btc-updown-15m-1774183500,1774183500,509.9,0.035,0.37,0.245,0.305,0.425
btc-updown-15m-1774183500,1774183500,523.7,0.035,0.47,0.055,0.205,0.325
btc-updown-15m-1774183500,1774183500,533.7,0.135,0.615,0.06,0.1,0.09
btc-updown-15m-1774183500,1774183500,545.8,0.03,0.635,0.08,0.19,0.07
btc-updown-15m-1774183500,1774183500,555.8,-0.11,0.525,0.18,0.27,0.27
btc-updown-15m-1774183500,1774183500,565.8,0.15,0.675,0.04,0.12,0.165
btc-updown-15m-1774183500,1774183500,575.8,0.04,0.715,0.11,0.08,0.14
btc-updown-15m-1774183500,1774183500,592.5,0.04,0.715,0.08,-0.01,0.15
btc-updown-15m-1774183500,1774183500,602.5,0.06,0.775,0.025,-0.065,0.115
btc-updown-15m-1774183500,1774183500,612.5,0.09,0.865,-0.07,-0.1,0
btc-updown-15m-1774183500,1774183500,622.5,-0.07,0.795,-0.09,0.05,0.11
btc-updown-15m-1774183500,1774183500,648.2,-0.03,0.765,0.04,0.095,0.19
btc-updown-15m-1774183500,1774183500,658.2,-0.05,0.715,0.135,0.16,0.24
btc-updown-15m-1774183500,1774183500,671.7,0.03,0.755,0.07,0.1,0.21
btc-updown-15m-1774183500,1774183500,681.8,0.09,0.845,0.02,0.06,0.13
btc-updown-15m-1774183500,1774183500,699.9,0.03,0.875,0.02,0.05,0.1
btc-updown-15m-1774183500,1774183500,710.1,0.04,0.865,0.04,0.09,0.11
btc-updown-15m-1774183500,1774183500,723.7,0.03,0.905,0.01,0.06,0.08
btc-updown-15m-1774183500,1774183500,733.7,-0.08,0.825,0.11,0.14,0.165
btc-updown-15m-1774183500,1774183500,743.7,0.09,0.915,0.04,0.06,0.075
btc-updown-15m-1774183500,1774183500,766.8,0.035,0.95,0.015,0.025,0.04
btc-updown-15m-1774194300,1774194300,2.4,-0.03,0.515,0.02,-0.06,-0.15
btc-updown-15m-1774194300,1774194300,12.4,0.03,0.535,0,-0.1,-0.165
btc-updown-15m-1774194300,1774194300,54.4,-0.03,0.505,-0.08,-0.13,-0.05
btc-updown-15m-1774194300,1774194300,65.2,-0.035,0.46,-0.055,-0.095,-0.005
btc-updown-15m-1774194300,1774194300,114.2,-0.03,0.375,-0.01,0.08,-0.1
btc-updown-15m-1774194300,1774194300,144.7,0.03,0.405,0.05,0.06,-0.15
btc-updown-15m-1774194300,1774194300,154.8,0.055,0.465,-0.01,-0.12,-0.16
btc-updown-15m-1774194300,1774194300,206.1,-0.035,0.43,-0.165,-0.175,0.195
btc-updown-15m-1774194300,1774194300,216.2,-0.06,0.345,-0.08,-0.04,0.26
btc-updown-15m-1774194300,1774194300,227,-0.035,0.31,-0.045,0.085,0.305
btc-updown-15m-1774194300,1774194300,237.1,-0.04,0.265,-0.01,0.13,0.26
btc-updown-15m-1774194300,1774194300,270.1,0.035,0.3,0.115,0.345,0.405
btc-updown-15m-1774194300,1774194300,280.1,0.06,0.365,0.28,0.23,0.33
btc-updown-15m-1774194300,1774194300,290.2,0.03,0.395,0.12,0.19,0.3
btc-updown-15m-1774194300,1774194300,300.3,0.06,0.455,0.19,0.13,0.16
btc-updown-15m-1774194300,1774194300,310.3,0.19,0.645,-0.05,-0.06,-0.07
btc-updown-15m-1774194300,1774194300,320.3,-0.13,0.515,0.07,0.1,-0.04
btc-updown-15m-1774194300,1774194300,330.3,0.13,0.645,-0.06,0.06,-0.3
btc-updown-15m-1774194300,1774194300,340.3,-0.05,0.595,-0.01,0.1,-0.1
btc-updown-15m-1774194300,1774194300,351.1,-0.03,0.575,0.04,0.12,-0.11
btc-updown-15m-1774194300,1774194300,364.6,0.06,0.585,0.1,-0.01,-0.07
btc-updown-15m-1774194300,1774194300,377,0.03,0.615,0.06,-0.08,-0.11
btc-updown-15m-1774194300,1774194300,387,0.12,0.735,-0.05,-0.31,-0.17
btc-updown-15m-1774194300,1774194300,397.1,-0.04,0.695,-0.13,-0.35,-0.17
btc-updown-15m-1774194300,1774194300,419.4,-0.03,0.655,-0.31,-0.16,-0.13
btc-updown-15m-1774194300,1774194300,429.5,-0.07,0.575,-0.07,-0.07,-0.05
btc-updown-15m-1774194300,1774194300,439.5,-0.05,0.525,-0.05,-0.02,-0.01
btc-updown-15m-1774194300,1774194300,449.5,-0.14,0.345,0.15,0.18,0.21
btc-updown-15m-1774194300,1774194300,459.5,0.16,0.505,0,0.02,0.12
btc-updown-15m-1774194300,1774194300,469.5,-0.03,0.475,0.03,0.05,0.06
btc-updown-15m-1774194300,1774194300,483.9,0.03,0.515,0.01,0,0.025
btc-updown-15m-1774194300,1774194300,497,-0.03,0.505,0.02,0.02,0.055
btc-updown-15m-1774194300,1774194300,507.1,0.06,0.565,-0.04,0.01,0
btc-updown-15m-1774194300,1774194300,517.2,-0.04,0.525,0,0.1,0.045
btc-updown-15m-1774194300,1774194300,563.3,0.03,0.555,-0.02,0,0.055
btc-updown-15m-1774194300,1774194300,573.4,-0.04,0.525,0.02,0.03,0.08
btc-updown-15m-1774194300,1774194300,584.5,-0.05,0.535,0.01,0.03,0.23
btc-updown-15m-1774194300,1774194300,657,0.03,0.595,0.01,0.24,0.11
btc-updown-15m-1774194300,1774194300,667.2,-0.04,0.615,-0.005,0.24,0.19
btc-updown-15m-1774194300,1774194300,699.9,0.05,0.665,0.185,0.06,0.14
btc-updown-15m-1774194300,1774194300,709.9,0.14,0.825,-0.1,-0.13,-0.015
btc-updown-15m-1774194300,1774194300,721.1,0.03,0.855,-0.04,-0.09,0.06
btc-updown-15m-1774194300,1774194300,736,-0.03,0.825,-0.1,0.01,0.1
btc-updown-15m-1774194300,1774194300,746,-0.09,0.735,-0.03,0.15,0.2
btc-updown-15m-1774194300,1774194300,756,0.05,0.785,0.01,0.07,0.18
btc-updown-15m-1774194300,1774194300,766,-0.06,0.725,0.11,0.06,0.26
btc-updown-15m-1774194300,1774194300,777.1,-0.03,0.705,0.19,0.18,0.28
btc-updown-15m-1774194300,1774194300,787.1,0.1,0.805,0,0.12,
btc-updown-15m-1774194300,1774194300,801.5,0.03,0.845,-0.025,0.08,
btc-updown-15m-1774194300,1774194300,811.5,0.09,0.935,-0.02,0.03,
btc-updown-15m-1774194300,1774194300,821.5,-0.14,0.795,0.13,0.18,
btc-updown-15m-1774194300,1774194300,832.2,0.03,0.845,0.08,0.14,
btc-updown-15m-1774194300,1774194300,842.2,0.05,0.905,0.06,,
btc-updown-15m-1774194300,1774194300,862.1,0.03,0.925,0.06,,
btc-updown-15m-1774194300,1774194300,872.1,0.04,0.965,,,
btc-updown-15m-1774205100,1774205100,5.4,-0.03,0.525,0.01,0.04,0.22
btc-updown-15m-1774205100,1774205100,15.4,0.05,0.575,-0.07,0.01,0.17
btc-updown-15m-1774205100,1774205100,25.4,-0.06,0.515,0.02,0.13,0.25
btc-updown-15m-1774205100,1774205100,36.2,0.03,0.545,0.02,0.12,0.23
btc-updown-15m-1774205100,1774205100,46.2,-0.04,0.505,0.08,0.16,0.28
btc-updown-15m-1774205100,1774205100,56.2,0.04,0.545,0.1,0.18,0.22
btc-updown-15m-1774205100,1774205100,77,0.03,0.595,0.07,0.15,0.16
btc-updown-15m-1774205100,1774205100,87,0.05,0.645,0.08,0.13,0.14
btc-updown-15m-1774205100,1774205100,98.6,0.03,0.665,0.1,0.11,0.11
btc-updown-15m-1774205100,1774205100,114.4,0.035,0.7,0.065,0.065,0.145
btc-updown-15m-1774205100,1774205100,124.4,0.035,0.735,0.04,0.04,0.1
btc-updown-15m-1774205100,1774205100,145.6,0.03,0.775,-0.01,0,0.02
btc-updown-15m-1774205100,1774205100,172.1,-0.03,0.755,0.01,0.08,0.035
btc-updown-15m-1774205100,1774205100,206.3,0.03,0.785,0.06,0,0.02
btc-updown-15m-1774205100,1774205100,226.4,0.03,0.805,0.015,-0.01,0.05
btc-updown-15m-1774205100,1774205100,266.1,-0.035,0.78,0.01,0.025,0.015
btc-updown-15m-1774205100,1774205100,277.2,-0.03,0.765,0.04,0.08,0
btc-updown-15m-1774205100,1774205100,287.3,0.03,0.795,-0.01,0.065,0.04
btc-updown-15m-1774205100,1774205100,334.6,0.035,0.83,0.045,-0.075,0.075
btc-updown-15m-1774205100,1774205100,344.6,0.03,0.865,0.03,-0.02,0.03
btc-updown-15m-1774205100,1774205100,356.8,-0.03,0.835,-0.04,0.005,0.07
btc-updown-15m-1774205100,1774205100,366.8,0.05,0.885,-0.12,-0.02,0.03
btc-updown-15m-1774205100,1774205100,377.3,-0.03,0.865,-0.03,0.03,0.05
btc-updown-15m-1774205100,1774205100,387.3,-0.07,0.795,0.045,0.1,0.12
btc-updown-15m-1774205100,1774205100,397.3,-0.03,0.765,0.1,0.14,0.15
btc-updown-15m-1774205100,1774205100,407.4,0.07,0.835,0.06,0.07,0.1
btc-updown-15m-1774205100,1774205100,420.5,0.03,0.865,0.03,0.055,0.045
btc-updown-15m-1774205100,1774205100,432.3,0.03,0.885,0.01,0.03,0.01
btc-updown-15m-1774205100,1774205100,481.5,0.03,0.935,-0.01,-0.02,-0.06
btc-updown-15m-1774205100,1774205100,540.3,-0.03,0.905,0,-0.06,0.02
btc-updown-15m-1774205100,1774205100,551.6,-0.03,0.89,0.005,0.005,0.045
btc-updown-15m-1774205100,1774205100,571.1,-0.03,0.885,-0.01,0.015,0.07
btc-updown-15m-1774205100,1774205100,584,-0.03,0.875,0.01,0.03,0.09
btc-updown-15m-1774205100,1774205100,597,-0.03,0.845,0.04,0.08,0.11
btc-updown-15m-1774205100,1774205100,607,0.04,0.885,0.01,0.05,0.08
btc-updown-15m-1774205100,1774205100,647.7,0.03,0.925,0.02,0.04,0.05
btc-updown-15m-1774215900,1774215900,0,0.035,0.525,-0.03,-0.08,-0.215
btc-updown-15m-1774215900,1774215900,10.1,0.03,0.555,-0.06,-0.1,-0.24
btc-updown-15m-1774215900,1774215900,26.9,-0.03,0.525,-0.04,-0.09,-0.23
btc-updown-15m-1774215900,1774215900,47.4,0.03,0.515,-0.08,-0.22,-0.22
btc-updown-15m-1774215900,1774215900,57.5,-0.03,0.485,-0.05,-0.22,-0.19
btc-updown-15m-1774215900,1774215900,80.3,-0.03,0.425,-0.11,-0.12,-0.13
btc-updown-15m-1774215900,1774215900,90.3,-0.06,0.365,-0.05,-0.07,-0.07
btc-updown-15m-1774215900,1774215900,100.3,-0.055,0.31,0.005,-0.015,-0.015
btc-updown-15m-1774215900,1774215900,114,0.03,0.315,-0.02,-0.02,-0.02
btc-updown-15m-1774215900,1774215900,124,-0.04,0.275,0.02,0.02,0.02
btc-updown-15m-1774215900,1774215900,135.6,0.035,0.29,0.005,0.005,0.005
btc-updown-15m-1774215900,1774215900,274.6,0.04,0.335,0.13,0,0.12
btc-updown-15m-1774215900,1774215900,285.6,0.03,0.395,0.06,-0.07,-0.01
btc-updown-15m-1774215900,1774215900,295.6,0.07,0.465,-0.01,-0.1,-0.09
btc-updown-15m-1774215900,1774215900,306.5,0.035,0.495,-0.15,-0.13,-0.06
btc-updown-15m-1774215900,1774215900,316.6,-0.04,0.455,-0.13,-0.11,0
btc-updown-15m-1774215900,1774215900,329.8,-0.03,0.425,-0.06,0.03,0.03
btc-updown-15m-1774215900,1774215900,341.4,0.03,0.39,-0.005,0.045,0.065
btc-updown-15m-1774215900,1774215900,354,0.04,0.365,-0.03,0.01,0.08
btc-updown-15m-1774215900,1774215900,371.9,0.03,0.395,0.035,0.06,0.06
btc-updown-15m-1774215900,1774215900,381.9,-0.05,0.345,0.04,0.11,0.08
btc-updown-15m-1774215900,1774215900,391.9,0.11,0.455,-0.02,0,-0.03
btc-updown-15m-1774215900,1774215900,402.8,-0.03,0.425,0.03,0.03,-0.06
btc-updown-15m-1774215900,1774215900,412.8,-0.045,0.38,0.075,0.065,0.045
btc-updown-15m-1774215900,1774215900,423,0.055,0.435,0.02,0.01,-0.01
btc-updown-15m-1774215900,1774215900,435.2,0.03,0.465,-0.01,-0.02,-0.03
btc-updown-15m-1774215900,1774215900,498.3,-0.03,0.425,0,0,-0.24
btc-updown-15m-1774215900,1774215900,508.4,-0.06,0.365,0.055,0.15,-0.25
btc-updown-15m-1774215900,1774215900,518.9,-0.03,0.365,0.06,0.19,-0.15
btc-updown-15m-1774215900,1774215900,529,0.06,0.425,0,0.04,-0.26
btc-updown-15m-1774215900,1774215900,567.2,0.03,0.455,-0.08,-0.35,-0.29
btc-updown-15m-1774215900,1774215900,577.2,0.09,0.555,-0.265,-0.37,-0.32
btc-updown-15m-1774215900,1774215900,587.2,-0.09,0.465,-0.27,-0.29,-0.13
btc-updown-15m-1774215900,1774215900,597.2,-0.09,0.375,-0.27,-0.21,-0.08
btc-updown-15m-1774215900,1774215900,607.2,-0.09,0.285,-0.1,-0.18,0
btc-updown-15m-1774215900,1774215900,617.2,-0.09,0.195,-0.02,-0.13,0.01
btc-updown-15m-1774215900,1774215900,627.4,-0.09,0.105,0.06,0.07,0.175
btc-updown-15m-1774215900,1774215900,637.4,0.08,0.185,-0.08,0.045,0.09
btc-updown-15m-1774215900,1774215900,648.2,-0.03,0.175,-0.11,0.16,0.1
btc-updown-15m-1774215900,1774215900,659.4,-0.03,0.135,0.04,0.16,0.21
btc-updown-15m-1774215900,1774215900,669.4,-0.03,0.105,0.12,0.19,0.14
btc-updown-15m-1774215900,1774215900,680.9,0.04,0.13,0.225,0.105,0.015
btc-updown-15m-1774215900,1774215900,690.9,0.04,0.175,0.12,0.1,0.1
btc-updown-15m-1774215900,1774215900,701.3,0.06,0.235,0.02,0.04,-0.06
btc-updown-15m-1774215900,1774215900,711.3,0.12,0.355,-0.12,-0.08,-0.19
btc-updown-15m-1774215900,1774215900,721.4,-0.06,0.295,-0.02,0.04,-0.21
btc-updown-15m-1774215900,1774215900,731.4,-0.04,0.255,0.02,-0.04,-0.05
btc-updown-15m-1774215900,1774215900,744.9,0.03,0.235,0.06,-0.07,0.145
btc-updown-15m-1774215900,1774215900,754.9,0.04,0.275,0.05,0,0.4
btc-updown-15m-1774215900,1774215900,775.7,0.035,0.305,-0.08,-0.18,0.68
btc-updown-15m-1774215900,1774215900,786.9,-0.03,0.295,-0.02,-0.08,
btc-updown-15m-1774215900,1774215900,796.9,-0.15,0.145,0.02,0.04,
btc-updown-15m-1774215900,1774215900,806.9,0.08,0.225,-0.11,0.27,
btc-updown-15m-1774215900,1774215900,816.9,0.05,0.275,-0.06,0.43,
btc-updown-15m-1774215900,1774215900,826.9,-0.11,0.165,0.02,0.62,
btc-updown-15m-1774215900,1774215900,836.9,-0.05,0.115,0.38,0.86,
btc-updown-15m-1774215900,1774215900,847,0.1,0.215,0.49,,
btc-updown-15m-1774215900,1774215900,857,-0.03,0.185,0.55,,
btc-updown-15m-1774215900,1774215900,867,0.31,0.495,0.48,,
btc-updown-15m-1774215900,1774215900,877,0.21,0.705,,,
btc-updown-15m-1774215900,1774215900,887,0.035,0.74,,,
btc-updown-15m-1774215900,1774215900,897,0.235,0.975,,,
btc-updown-15m-1774226700,1774226700,3.4,0.035,0.58,-0.04,-0.025,0.035
btc-updown-15m-1774226700,1774226700,21.2,-0.035,0.525,0.03,0.01,0.02
btc-updown-15m-1774226700,1774226700,41.8,0.03,0.555,-0.04,0.04,0.09
btc-updown-15m-1774226700,1774226700,54.3,0.03,0.615,-0.06,-0.03,0.02
btc-updown-15m-1774226700,1774226700,64.4,-0.06,0.555,-0.01,0.06,0.1
btc-updown-15m-1774226700,1774226700,79.9,0.03,0.555,0.04,0.01,0.09
btc-updown-15m-1774226700,1774226700,90.9,0.04,0.585,-0.04,0.03,0.03
btc-updown-15m-1774226700,1774226700,101.6,0.035,0.595,0.01,0.05,0.02
btc-updown-15m-1774226700,1774226700,111.6,-0.03,0.565,-0.02,0.01,0.04
btc-updown-15m-1774226700,1774226700,121.8,0.03,0.595,0.02,0.01,-0.06
btc-updown-15m-1774226700,1774226700,136.5,-0.03,0.585,0.04,0.08,-0.05
btc-updown-15m-1774226700,1774226700,146.5,0.03,0.615,0.01,0,-0.03
btc-updown-15m-1774226700,1774226700,156.5,0.03,0.645,0.01,-0.08,0.03
btc-updown-15m-1774226700,1774226700,166.5,-0.03,0.615,0.05,-0.01,0.05
btc-updown-15m-1774226700,1774226700,180.6,0.03,0.605,0.01,-0.03,0.09
btc-updown-15m-1774226700,1774226700,190.6,0.04,0.645,-0.045,-0.11,0.08
btc-updown-15m-1774226700,1774226700,203.1,-0.03,0.635,-0.06,-0.12,0.19
btc-updown-15m-1774226700,1774226700,213.1,-0.04,0.595,-0.06,0.02,0.29
btc-updown-15m-1774226700,1774226700,224.9,0.035,0.615,-0.08,0.05,0.25
btc-updown-15m-1774226700,1774226700,238.1,-0.03,0.575,0.03,0.12,0.28
btc-updown-15m-1774226700,1774226700,248.1,-0.04,0.535,0.13,0.18,0.35
btc-updown-15m-1774226700,1774226700,265.9,0.035,0.57,0.125,0.315,0.325
btc-updown-15m-1774226700,1774226700,275.9,0.115,0.685,0.02,0.2,0.21
btc-updown-15m-1774226700,1774226700,296.1,0.035,0.695,0.18,0.17,0.19
btc-updown-15m-1774226700,1774226700,308.1,0.03,0.725,0.14,0.16,0.11
btc-updown-15m-1774226700,1774226700,318.1,0.04,0.765,0.12,0.13,0.04
btc-updown-15m-1774226700,1774226700,328.1,0.09,0.855,0,0.04,-0.055
btc-updown-15m-1774226700,1774226700,339.9,-0.03,0.845,0.04,0.05,-0.24
btc-updown-15m-1774226700,1774226700,349.9,0.035,0.88,0,0.015,-0.265
btc-updown-15m-1774226700,1774226700,363.5,0.03,0.875,0.02,0,-0.23
btc-updown-15m-1774226700,1774226700,425.1,-0.03,0.855,-0.13,-0.21,-0.18
btc-updown-15m-1774226700,1774226700,435.1,-0.04,0.815,-0.24,-0.13,-0.16
btc-updown-15m-1774226700,1774226700,453.2,-0.03,0.755,-0.11,-0.1,-0.2
btc-updown-15m-1774226700,1774226700,463.2,-0.16,0.595,0.06,0.13,-0.08
btc-updown-15m-1774226700,1774226700,473.9,0.03,0.615,0.1,0.13,-0.03
btc-updown-15m-1774226700,1774226700,483.9,0.03,0.645,0.01,0.03,-0.15
btc-updown-15m-1774226700,1774226700,494.6,0.03,0.675,0.03,-0.02,-0.15
btc-updown-15m-1774226700,1774226700,504.6,0.04,0.715,0.03,-0.08,-0.18
btc-updown-15m-1774226700,1774226700,514.6,-0.06,0.655,0.02,-0.1,-0.02
btc-updown-15m-1774226700,1774226700,524.6,0.05,0.705,-0.05,-0.18,-0.12
btc-updown-15m-1774226700,1774226700,534.7,0.04,0.745,-0.11,-0.18,-0.335
btc-updown-15m-1774226700,1774226700,544.7,-0.07,0.675,-0.12,-0.17,-0.38
btc-updown-15m-1774226700,1774226700,561.6,-0.03,0.635,-0.08,-0.12,-0.18
btc-updown-15m-1774226700,1774226700,571.6,-0.03,0.595,-0.07,0.07,-0.13
btc-updown-15m-1774226700,1774226700,581.6,-0.08,0.515,-0.01,0.13,-0.02
btc-updown-15m-1774226700,1774226700,591.7,0.04,0.555,-0.04,-0.08,-0.08
btc-updown-15m-1774226700,1774226700,601.7,-0.03,0.525,0.14,-0.25,-0.065
btc-updown-15m-1774226700,1774226700,613.8,0.03,0.525,0.06,-0.12,-0.07
btc-updown-15m-1774226700,1774226700,624.7,0.03,0.545,-0.135,-0.15,-0.03
btc-updown-15m-1774226700,1774226700,634.7,0.09,0.635,-0.34,-0.14,-0.15
btc-updown-15m-1774226700,1774226700,644.7,-0.05,0.585,-0.22,-0.09,0.02
btc-updown-15m-1774226700,1774226700,654.7,-0.175,0.41,-0.015,0.025,0.275
btc-updown-15m-1774226700,1774226700,664.7,-0.115,0.295,0.2,0.18,0.52
btc-updown-15m-1774226700,1774226700,674.7,0.07,0.365,0.13,0.08,0.51
btc-updown-15m-1774226700,1774226700,684.7,0.03,0.395,0.04,0.12,0.49
btc-updown-15m-1774226700,1774226700,694.7,0.1,0.495,-0.02,-0.01,0.23
btc-updown-15m-1774226700,1774226700,705.7,-0.03,0.495,-0.06,0.12,0.15
btc-updown-15m-1774226700,1774226700,715.7,-0.06,0.435,0.09,0.25,0.39
btc-updown-15m-1774226700,1774226700,726.3,0.03,0.455,0.03,0.38,-0.105
btc-updown-15m-1774226700,1774226700,744.4,0.045,0.5,0.185,0.385,-0.11
btc-updown-15m-1774226700,1774226700,754.5,-0.03,0.485,0.33,0.24,-0.175
btc-updown-15m-1774226700,1774226700,764.5,0.12,0.605,0.27,0.02,-0.35
btc-updown-15m-1774226700,1774226700,774.5,0.08,0.685,0.2,0.11,-0.65
btc-updown-15m-1774226700,1774226700,784.5,0.13,0.815,-0.09,-0.35,
btc-updown-15m-1774226700,1774226700,794.6,0.06,0.875,-0.25,-0.39,
btc-updown-15m-1774226700,1774226700,809,-0.03,0.845,-0.02,-0.56,
btc-updown-15m-1774226700,1774226700,819,-0.22,0.625,-0.25,-0.415,
btc-updown-15m-1774226700,1774226700,829,0.07,0.695,-0.34,-0.56,
btc-updown-15m-1774226700,1774226700,839,0.13,0.825,-0.54,-0.81,
btc-updown-15m-1774226700,1774226700,849,-0.45,0.375,-0.165,,
btc-updown-15m-1774226700,1774226700,859.4,-0.04,0.385,-0.25,,
btc-updown-15m-1774226700,1774226700,869.4,-0.1,0.285,-0.27,,
btc-updown-15m-1774226700,1774226700,879.4,-0.075,0.21,,,
btc-updown-15m-1774226700,1774226700,889.4,-0.075,0.135,,,
btc-updown-15m-1774237500,1774237500,1.9,-0.03,0.505,-0.09,-0.16,0
btc-updown-15m-1774237500,1774237500,12,-0.08,0.425,-0.08,-0.025,0.12
btc-updown-15m-1774237500,1774237500,28.3,-0.035,0.405,-0.05,0.2,0.09
btc-updown-15m-1774237500,1774237500,38.3,-0.05,0.355,-0.005,0.27,0.13
btc-updown-15m-1774237500,1774237500,70.2,0.035,0.385,0.24,0.16,0.13
btc-updown-15m-1774237500,1774237500,80.2,0.15,0.535,-0.01,-0.02,0
btc-updown-15m-1774237500,1774237500,90.2,0.07,0.605,-0.12,-0.12,-0.05
btc-updown-15m-1774237500,1774237500,101.6,-0.03,0.575,-0.03,-0.085,-0.14
btc-updown-15m-1774237500,1774237500,111.6,-0.04,0.535,-0.05,-0.09,-0.13
btc-updown-15m-1774237500,1774237500,121.6,-0.03,0.505,-0.02,0.01,-0.06
btc-updown-15m-1774237500,1774237500,131.7,0.04,0.545,-0.055,-0.04,-0.1
btc-updown-15m-1774237500,1774237500,141.7,-0.06,0.485,-0.04,0.05,-0.04
btc-updown-15m-1774237500,1774237500,169.4,-0.035,0.46,0.075,-0.065,0.015
btc-updown-15m-1774237500,1774237500,179.4,0.06,0.505,0.06,-0.08,-0.01
btc-updown-15m-1774237500,1774237500,192.2,-0.035,0.51,-0.095,-0.06,-0.055
btc-updown-15m-1774237500,1774237500,202.4,0.03,0.545,-0.14,-0.09,-0.21
btc-updown-15m-1774237500,1774237500,212.4,-0.06,0.485,-0.04,-0.04,-0.14
btc-updown-15m-1774237500,1774237500,222.4,-0.07,0.415,0.04,0.04,-0.07
btc-updown-15m-1774237500,1774237500,236.9,0.035,0.43,0.085,0.075,-0.08
btc-updown-15m-1774237500,1774237500,246.9,0.035,0.465,-0.005,-0.02,-0.07
btc-updown-15m-1774237500,1774237500,258.1,-0.035,0.445,0.03,-0.12,0.075
btc-updown-15m-1774237500,1774237500,268.1,0.09,0.535,-0.04,-0.21,0.01
btc-updown-15m-1774237500,1774237500,278.1,-0.075,0.46,-0.005,-0.115,0.085
btc-updown-15m-1774237500,1774237500,293.1,0.035,0.49,-0.155,-0.135,0.045
btc-updown-15m-1774237500,1774237500,306.7,-0.04,0.465,-0.12,-0.07,0.08
btc-updown-15m-1774237500,1774237500,316.7,-0.125,0.335,0.01,0.175,0.265
btc-updown-15m-1774237500,1774237500,360.4,0.03,0.385,0.15,0.16,0.07
btc-updown-15m-1774237500,1774237500,370.4,0.04,0.425,0.13,0.15,0.01
btc-updown-15m-1774237500,1774237500,380.4,0.11,0.535,0.03,0.065,-0.16
btc-updown-15m-1774237500,1774237500,400.5,0.03,0.56,0.02,-0.025,-0.405
btc-updown-15m-1774237500,1774237500,415.3,0.03,0.545,-0.03,-0.06,-0.43
btc-updown-15m-1774237500,1774237500,428.6,0.035,0.585,-0.05,-0.15,-0.46
btc-updown-15m-1774237500,1774237500,442.5,-0.03,0.565,-0.08,-0.21,-0.44
btc-updown-15m-1774237500,1774237500,467.8,0.035,0.57,-0.205,-0.465,-0.495
btc-updown-15m-1774237500,1774237500,477.8,-0.085,0.485,-0.21,-0.35,-0.43
btc-updown-15m-1774237500,1774237500,487.8,-0.05,0.435,-0.23,-0.3,-0.385
btc-updown-15m-1774237500,1774237500,497.8,-0.07,0.365,-0.26,-0.24,-0.31
btc-updown-15m-1774237500,1774237500,507.8,-0.09,0.275,-0.14,-0.15,-0.23
btc-updown-15m-1774237500,1774237500,517.8,-0.07,0.205,-0.07,-0.1,-0.17
btc-updown-15m-1774237500,1774237500,527.8,-0.1,0.105,0.02,-0.03,-0.07
btc-updown-15m-1774237500,1774237500,537.8,0.03,0.135,-0.01,-0.08,-0.11
btc-updown-15m-1774237500,1774237500,586.5,-0.03,0.075,-0.01,-0.04,-0.05
btc-updown-15m-1774237500,1774237500,613.2,0.03,0.075,-0.04,-0.06,-0.065
btc-updown-15m-1774237500,1774237500,623.2,-0.03,0.045,-0.02,-0.02,-0.035
btc-updown-15m-1774248300,1774248300,6.3,-0.035,0.53,0.035,0.095,0.245
btc-updown-15m-1774248300,1774248300,16.3,-0.095,0.435,0.19,0.22,0.35
btc-updown-15m-1774248300,1774248300,26.3,0.12,0.555,0.1,0.13,0.2
btc-updown-15m-1774248300,1774248300,38,0.035,0.585,0.04,0.12,0.17
btc-updown-15m-1774248300,1774248300,48,0.04,0.625,0.07,0.04,0.06
btc-updown-15m-1774248300,1774248300,58,0.03,0.655,0.01,0.08,0.06
btc-updown-15m-1774248300,1774248300,68,-0.03,0.625,0.08,0.15,0.03
btc-updown-15m-1774248300,1774248300,78.1,0.075,0.7,-0.035,0.075,-0.005
btc-updown-15m-1774248300,1774248300,88.1,-0.035,0.665,0.07,0.07,-0.11
btc-updown-15m-1774248300,1774248300,98.1,0.04,0.705,0.07,0.05,-0.18
btc-updown-15m-1774248300,1774248300,108.1,-0.04,0.665,0.11,0.02,-0.13
btc-updown-15m-1774248300,1774248300,118.1,0.07,0.735,0,-0.03,-0.2
btc-updown-15m-1774248300,1774248300,128.2,0.04,0.775,-0.02,-0.12,-0.24
btc-updown-15m-1774248300,1774248300,140.3,0.03,0.775,-0.05,-0.1,-0.31
btc-updown-15m-1774248300,1774248300,150.3,-0.06,0.715,-0.01,-0.11,-0.22
btc-updown-15m-1774248300,1774248300,163.2,-0.03,0.695,-0.02,-0.14,-0.17
btc-updown-15m-1774248300,1774248300,173.2,0.03,0.725,-0.04,-0.24,-0.13
btc-updown-15m-1774248300,1774248300,183.2,-0.05,0.675,-0.07,-0.16,-0.18
btc-updown-15m-1774248300,1774248300,195.5,0.03,0.685,-0.08,-0.2,-0.29
btc-updown-15m-1774248300,1774248300,205.5,-0.14,0.545,-0.07,-0.06,-0.03
btc-updown-15m-1774248300,1774248300,215.5,0.06,0.605,-0.1,-0.11,-0.13
btc-updown-15m-1774248300,1774248300,226.3,0.035,0.585,-0.11,-0.04,-0.07
btc-updown-15m-1774248300,1774248300,236.3,-0.1,0.485,0.01,0.1,0.1
btc-updown-15m-1774248300,1774248300,246.3,0.03,0.515,-0.02,-0.06,0.02
btc-updown-15m-1774248300,1774248300,256.3,-0.04,0.475,0.07,-0.025,0.08
btc-updown-15m-1774248300,1774248300,279.8,0.03,0.525,-0.11,-0.02,0.05
btc-updown-15m-1774248300,1774248300,289.8,0.04,0.565,-0.09,-0.05,-0.02
btc-updown-15m-1774248300,1774248300,300.9,-0.035,0.53,-0.035,0.065,0.065
btc-updown-15m-1774248300,1774248300,310.9,-0.11,0.415,0.09,0.11,0.21
btc-updown-15m-1774248300,1774248300,320.9,0.07,0.485,0.03,0.11,0.22
btc-updown-15m-1774248300,1774248300,331.6,0.035,0.5,0.095,0.095,0.215
btc-updown-15m-1774248300,1774248300,345.5,0.03,0.505,0.05,0.04,0.26
btc-updown-15m-1774248300,1774248300,355.6,0.08,0.585,-0.02,0.04,0.14
btc-updown-15m-1774248300,1774248300,365.6,-0.07,0.515,0.11,0.09,0.23
btc-updown-15m-1774248300,1774248300,375.6,0.04,0.555,-0.01,0.14,0.16
btc-updown-15m-1774248300,1774248300,387.8,0.04,0.595,0,0.1,0.04
btc-updown-15m-1774248300,1774248300,401,-0.03,0.565,0.06,0.14,0.08
btc-updown-15m-1774248300,1774248300,412.5,0.035,0.585,0.09,0.14,0.06
btc-updown-15m-1774248300,1774248300,424.5,-0.04,0.585,0.11,0.17,-0.01
btc-updown-15m-1774248300,1774248300,434.5,0.09,0.675,0.09,0.06,-0.05
btc-updown-15m-1774248300,1774248300,444.5,0.04,0.715,0.01,-0.01,-0.09
btc-updown-15m-1774248300,1774248300,455,-0.03,0.695,0.06,-0.01,-0.07
btc-updown-15m-1774248300,1774248300,465,0.07,0.765,-0.05,-0.12,-0.07
btc-updown-15m-1774248300,1774248300,475,-0.04,0.725,-0.01,-0.09,-0.04
btc-updown-15m-1774248300,1774248300,485.1,0.03,0.755,-0.07,-0.2,-0.01
btc-updown-15m-1774248300,1774248300,495.1,-0.04,0.715,-0.07,-0.09,0.02
btc-updown-15m-1774248300,1774248300,506.2,-0.035,0.67,-0.035,-0.115,0.095
btc-updown-15m-1774248300,1774248300,517,0.03,0.655,-0.12,-0.03,0.13
btc-updown-15m-1774248300,1774248300,533.4,0.03,0.675,-0.05,0.02,0.12
btc-updown-15m-1774248300,1774248300,543.4,-0.05,0.635,-0.01,0.11,-0.01
btc-updown-15m-1774248300,1774248300,554.1,0.03,0.625,0.06,0.12,-0.12
btc-updown-15m-1774248300,1774248300,565.3,-0.03,0.595,0.09,0.16,-0.105
btc-updown-15m-1774248300,1774248300,575.4,0.035,0.625,0.12,0.15,-0.16
btc-updown-15m-1774248300,1774248300,585.4,0.07,0.695,0.03,0.1,-0.19
btc-updown-15m-1774248300,1774248300,602.7,0.03,0.725,0.05,-0.08,-0.3
btc-updown-15m-1774248300,1774248300,612.7,-0.03,0.705,0.12,-0.2,-0.27
btc-updown-15m-1774248300,1774248300,622.7,0.05,0.755,0.05,-0.42,-0.19
btc-updown-15m-1774248300,1774248300,637,0.03,0.785,-0.24,-0.32,-0.26
btc-updown-15m-1774248300,1774248300,653.3,0.03,0.805,-0.46,-0.23,-0.28
btc-updown-15m-1774248300,1774248300,663.3,-0.18,0.625,-0.18,-0.2,0.02
btc-updown-15m-1774248300,1774248300,673.3,-0.12,0.505,-0.01,-0.06,0.01
btc-updown-15m-1774248300,1774248300,683.3,-0.145,0.36,0.215,0.205,0.105
btc-updown-15m-1774248300,1774248300,693.3,0.085,0.445,-0.02,0.09,-0.09
btc-updown-15m-1774248300,1774248300,703.3,0.05,0.495,-0.05,0.04,-0.11
btc-updown-15m-1774248300,1774248300,713.3,0.08,0.575,-0.01,-0.05,0.135
btc-updown-15m-1774248300,1774248300,723.3,-0.15,0.425,0.11,0.22,0.38
btc-updown-15m-1774248300,1774248300,733.5,0.03,0.455,0.08,0.06,0.495
btc-updown-15m-1774248300,1774248300,743.5,0.11,0.565,-0.04,-0.1,0.39
btc-updown-15m-1774248300,1774248300,754.8,0.03,0.545,0.045,-0.18,0.43
btc-updown-15m-1774248300,1774248300,765.5,0.045,0.6,-0.085,-0.195,0.385
btc-updown-15m-1774248300,1774248300,775.5,-0.075,0.525,-0.14,0.21,0.465
btc-updown-15m-1774248300,1774248300,785.5,0.06,0.585,-0.22,0.24,
btc-updown-15m-1774248300,1774248300,795.5,-0.07,0.515,-0.11,0.44,
btc-updown-15m-1774248300,1774248300,805.5,-0.13,0.385,0.35,0.57,
btc-updown-15m-1774248300,1774248300,818.1,0.03,0.395,0.535,0.59,
btc-updown-15m-1774248300,1774248300,828.1,0.11,0.505,0.45,0.48,
btc-updown-15m-1774248300,1774248300,838.2,0.22,0.725,0.24,0.265,
btc-updown-15m-1774248300,1774248300,848.2,0.205,0.93,0.055,,
btc-updown-15m-1774248300,1774248300,858.3,0.04,0.955,0.03,,
btc-updown-15m-1774259100,1774259100,18,0.03,0.605,0,-0.01,0.13
btc-updown-15m-1774259100,1774259100,32.1,0.03,0.635,-0.02,0,0.12
btc-updown-15m-1774259100,1774259100,46.3,-0.03,0.605,-0.01,0.12,0.09
btc-updown-15m-1774259100,1774259100,56.4,0.03,0.635,0,0.06,0.1
btc-updown-15m-1774259100,1774259100,72.3,-0.03,0.595,0.05,0.15,0.16
btc-updown-15m-1774259100,1774259100,85,0.035,0.63,0.065,0.145,0.135
btc-updown-15m-1774259100,1774259100,102.9,0.03,0.665,0.08,0.05,0.09
btc-updown-15m-1774259100,1774259100,115.9,-0.03,0.695,0.08,0.03,-0.02
btc-updown-15m-1774259100,1774259100,125.9,0.045,0.74,0.015,0.035,-0.075
btc-updown-15m-1774259100,1774259100,136,-0.035,0.735,-0.04,0.03,-0.08
btc-updown-15m-1774259100,1774259100,146,0.04,0.775,-0.05,-0.01,-0.15
btc-updown-15m-1774259100,1774259100,156.3,-0.03,0.745,0.03,-0.01,-0.11
btc-updown-15m-1774259100,1774259100,166.3,-0.05,0.695,0.07,0.05,-0.05
btc-updown-15m-1774259100,1774259100,176.3,0.035,0.73,0.03,-0.055,-0.085
btc-updown-15m-1774259100,1774259100,186.3,0.04,0.775,-0.04,-0.11,-0.08
btc-updown-15m-1774259100,1774259100,209.2,-0.03,0.745,-0.09,-0.12,-0.04
btc-updown-15m-1774259100,1774259100,233.2,-0.03,0.725,-0.07,-0.03,0.03
btc-updown-15m-1774259100,1774259100,243.2,-0.07,0.655,-0.05,0.03,0.07
btc-updown-15m-1774259100,1774259100,265.8,-0.03,0.625,0.02,0.12,0.1
btc-updown-15m-1774259100,1774259100,278,0.03,0.635,0.08,0.06,0.09
btc-updown-15m-1774259100,1774259100,289.8,0.03,0.665,0.09,0.09,0.06
btc-updown-15m-1774259100,1774259100,300.4,-0.03,0.655,0.05,0.1,0.13
btc-updown-15m-1774259100,1774259100,310.4,0.09,0.745,-0.03,-0.01,-0.03
btc-updown-15m-1774259100,1774259100,326.4,-0.04,0.715,0.04,0.01,-0.04
btc-updown-15m-1774259100,1774259100,341.7,0.03,0.725,0.01,0,-0.03
btc-updown-15m-1774259100,1774259100,351.8,0.03,0.755,-0.02,0,-0.14
btc-updown-15m-1774259100,1774259100,362.4,-0.03,0.725,-0.02,0.06,-0.06
btc-updown-15m-1774259100,1774259100,388.8,-0.03,0.705,0.07,-0.03,0.11
btc-updown-15m-1774259100,1774259100,411.5,0.03,0.755,-0.09,-0.14,-0.04
btc-updown-15m-1774259100,1774259100,421.5,0.03,0.785,-0.11,-0.08,-0.08
btc-updown-15m-1774259100,1774259100,431.5,-0.07,0.715,-0.02,-0.04,0.03
btc-updown-15m-1774259100,1774259100,441.6,-0.05,0.665,-0.05,0.11,-0.01
btc-updown-15m-1774259100,1774259100,457.4,0.035,0.71,-0.035,0.105,-0.065
btc-updown-15m-1774259100,1774259100,467.4,-0.095,0.615,0.08,0.12,0.03
btc-updown-15m-1774259100,1774259100,477.4,0.05,0.665,0.14,0.03,0.03
btc-updown-15m-1774259100,1774259100,492.8,0.035,0.69,0.115,0.055,0.055
btc-updown-15m-1774259100,1774259100,502.8,0.08,0.775,-0.06,-0.12,0.03
btc-updown-15m-1774259100,1774259100,512.8,0.03,0.805,-0.1,-0.12,0.02
btc-updown-15m-1774259100,1774259100,523.7,-0.03,0.775,-0.03,-0.13,0.05
btc-updown-15m-1774259100,1774259100,533.7,-0.05,0.725,-0.07,-0.08,0.1
btc-updown-15m-1774259100,1774259100,547,0.03,0.725,-0.065,0.02,0.1
btc-updown-15m-1774259100,1774259100,557.1,-0.03,0.695,-0.05,0.09,0.15
btc-updown-15m-1774259100,1774259100,569.7,0.04,0.685,0.03,0.14,0.23
btc-updown-15m-1774259100,1774259100,579.7,-0.04,0.645,0.1,0.22,0.31
btc-updown-15m-1774259100,1774259100,593.9,0.03,0.675,0.13,0.15,0.29
btc-updown-15m-1774259100,1774259100,603.9,0.1,0.775,0.04,0.01,0.21
btc-updown-15m-1774259100,1774259100,613.9,-0.03,0.745,0.08,0.08,0.24
btc-updown-15m-1774259100,1774259100,624,0.06,0.805,0.02,0.06,0.18
btc-updown-15m-1774259100,1774259100,634.5,0.03,0.845,-0.06,0.08,0.14
btc-updown-15m-1774259100,1774259100,644.5,-0.03,0.815,0.02,0.15,0.1805
btc-updown-15m-1774259100,1774259100,662.8,-0.035,0.79,0.135,0.195,0.2045
btc-updown-15m-1774259100,1774259100,672.8,0.035,0.825,0.14,0.16,0.17
btc-updown-15m-1774259100,1774259100,682.8,0.04,0.865,0.1,0.12,0.1285
btc-updown-15m-1774259100,1774259100,692.8,0.06,0.925,0.06,0.06,0.0685
btc-updown-15m-1774259100,1774259100,702.9,0.04,0.965,0.02,0.031,0.0285
btc-updown-15m-1774269900,1774269900,11,-0.03,0.415,-0.01,0.02,0.19
btc-updown-15m-1774269900,1774269900,21,0.1,0.515,-0.13,-0.06,0.1
btc-updown-15m-1774269900,1774269900,31,-0.03,0.485,-0.05,0.01,0.13
btc-updown-15m-1774269900,1774269900,41,-0.08,0.405,0.03,0.12,0.22
btc-updown-15m-1774269900,1774269900,60.5,0.035,0.42,0.065,0.155,0.235
btc-updown-15m-1774269900,1774269900,73.6,0.035,0.435,0.09,0.17,0.19
btc-updown-15m-1774269900,1774269900,83.6,0.05,0.485,0.06,0.13,0.07
btc-updown-15m-1774269900,1774269900,93.6,0.03,0.515,0.05,0.09,0.02
btc-updown-15m-1774269900,1774269900,107,0.03,0.545,0.06,0.07,0.01
btc-updown-15m-1774269900,1774269900,124.6,0.045,0.58,0.035,0.105,-0.015
btc-updown-15m-1774269900,1774269900,138.7,0.03,0.615,0.01,-0.02,-0.1
btc-updown-15m-1774269900,1774269900,154.1,0.03,0.615,0.06,-0.08,-0.14
btc-updown-15m-1774269900,1774269900,170.1,0.03,0.655,-0.06,-0.09,-0.2
btc-updown-15m-1774269900,1774269900,182.9,0.03,0.675,-0.14,-0.11,-0.17
btc-updown-15m-1774269900,1774269900,192.9,-0.04,0.635,-0.07,-0.09,-0.09
btc-updown-15m-1774269900,1774269900,202.9,-0.07,0.565,0,-0.06,-0.055
btc-updown-15m-1774269900,1774269900,216.7,0.03,0.545,0.06,-0.085,-0.15
btc-updown-15m-1774269900,1774269900,233.2,0.03,0.595,-0.09,-0.12,-0.21
btc-updown-15m-1774269900,1774269900,243.3,-0.03,0.565,-0.07,-0.06,-0.19
btc-updown-15m-1774269900,1774269900,254.8,-0.035,0.545,-0.07,-0.01,-0.12
btc-updown-15m-1774269900,1774269900,265,-0.04,0.505,-0.03,0.01,-0.04
btc-updown-15m-1774269900,1774269900,275,-0.05,0.455,0.05,-0.05,0.09
btc-updown-15m-1774269900,1774269900,285.1,0.04,0.495,0.04,-0.18,0.14
btc-updown-15m-1774269900,1774269900,299.3,0.035,0.495,-0.03,-0.16,0.18
btc-updown-15m-1774269900,1774269900,309.3,0.05,0.545,-0.17,-0.13,0.19
btc-updown-15m-1774269900,1774269900,319.3,0.04,0.585,-0.25,-0.09,0.09
btc-updown-15m-1774269900,1774269900,329.3,-0.12,0.465,-0.13,0.02,0.2
btc-updown-15m-1774269900,1774269900,339.3,-0.09,0.375,0.04,0.21,0.26
btc-updown-15m-1774269900,1774269900,349.3,-0.04,0.335,0.16,0.3,0.3
btc-updown-15m-1774269900,1774269900,366.1,0.04,0.385,0.18,0.32,0.29
btc-updown-15m-1774269900,1774269900,376.1,0.08,0.465,0.17,0.19,0.19
btc-updown-15m-1774269900,1774269900,386.8,-0.03,0.485,0.19,0.22,0.08
btc-updown-15m-1774269900,1774269900,396.8,0.1,0.585,0.12,0.05,-0.05
btc-updown-15m-1774269900,1774269900,406.8,0.07,0.655,0.02,0.01,-0.07
btc-updown-15m-1774269900,1774269900,417.6,0.04,0.675,0,0.03,-0.08
btc-updown-15m-1774269900,1774269900,428,0.035,0.71,-0.065,-0.015,-0.195
btc-updown-15m-1774269900,1774269900,438,-0.035,0.675,-0.04,-0.06,-0.18
btc-updown-15m-1774269900,1774269900,449.5,-0.03,0.645,0.08,-0.08,-0.21
btc-updown-15m-1774269900,1774269900,459.9,0.03,0.675,-0.01,-0.13,-0.29
btc-updown-15m-1774269900,1774269900,470,-0.04,0.635,-0.02,-0.05,-0.25
btc-updown-15m-1774269900,1774269900,480,0.09,0.725,-0.17,-0.135,-0.38
btc-updown-15m-1774269900,1774269900,490,-0.06,0.665,-0.12,-0.17,-0.28
btc-updown-15m-1774269900,1774269900,500,-0.05,0.615,-0.03,-0.12,-0.23
btc-updown-15m-1774269900,1774269900,510,-0.06,0.555,0.035,-0.13,-0.23
btc-updown-15m-1774269900,1774269900,526.6,0.035,0.57,-0.095,-0.265,-0.315
btc-updown-15m-1774269900,1774269900,536.6,0.055,0.625,-0.16,-0.28,-0.38
btc-updown-15m-1774269900,1774269900,546.7,-0.1,0.525,-0.11,-0.17,-0.33
btc-updown-15m-1774269900,1774269900,556.7,-0.05,0.475,-0.17,-0.07,-0.17
btc-updown-15m-1774269900,1774269900,569,-0.04,0.455,-0.11,-0.12,-0.07
btc-updown-15m-1774269900,1774269900,579,-0.055,0.385,-0.03,-0.11,-0.1
btc-updown-15m-1774269900,1774269900,591.9,0.04,0.385,0.01,-0.14,-0.11
btc-updown-15m-1774269900,1774269900,601.9,-0.04,0.345,-0.06,-0.09,-0.08
btc-updown-15m-1774269900,1774269900,611.9,0.08,0.425,-0.16,-0.21,-0.25
btc-updown-15m-1774269900,1774269900,621.9,-0.035,0.39,-0.145,-0.065,-0.195
btc-updown-15m-1774269900,1774269900,632,-0.105,0.285,-0.03,0.065,-0.2
btc-updown-15m-1774269900,1774269900,643.5,-0.035,0.25,-0.035,-0.015,-0.165
btc-updown-15m-1774269900,1774269900,657.4,0.03,0.275,0.1,0.03,-0.19
btc-updown-15m-1774269900,1774269900,667.4,-0.08,0.195,0.09,0.02,-0.13
btc-updown-15m-1774269900,1774269900,677.4,0.08,0.275,0.03,-0.08,-0.17
btc-updown-15m-1774269900,1774269900,687.4,0.1,0.375,-0.07,-0.25,-0.21
btc-updown-15m-1774269900,1774269900,697.4,-0.09,0.285,-0.07,-0.17,-0.17
btc-updown-15m-1774269900,1774269900,712.7,0.03,0.275,-0.14,-0.2,-0.09
btc-updown-15m-1774269900,1774269900,722.8,-0.03,0.245,-0.16,-0.18,0.15
btc-updown-15m-1774269900,1774269900,732.8,-0.07,0.175,-0.09,-0.11,0.29
btc-updown-15m-1774269900,1774269900,742.8,-0.04,0.135,-0.06,-0.01,0.225
btc-updown-15m-1774269900,1774269900,752.8,-0.05,0.085,-0.02,0.05,0.37
btc-updown-15m-1774269900,1774269900,765.7,-0.03,0.075,0.02,0.12,0.75
btc-updown-15m-1774269900,1774269900,795.7,0.03,0.105,0.09,0.43,
btc-updown-15m-1774269900,1774269900,805.7,0.06,0.165,0.01,0.19,
btc-updown-15m-1774269900,1774269900,816.5,-0.03,0.135,0.24,0.68,
btc-updown-15m-1774269900,1774269900,826.5,0.04,0.175,0.31,0.63,
btc-updown-15m-1774269900,1774269900,839.4,0.03,0.195,0.13,0.72,
btc-updown-15m-1774269900,1774269900,849.4,0.16,0.355,0.47,,
btc-updown-15m-1774269900,1774269900,859.4,0.03,0.385,0.365,,
btc-updown-15m-1774269900,1774269900,869.4,-0.06,0.325,0.59,,
btc-updown-15m-1774269900,1774269900,879.5,0.5,0.825,,,
btc-updown-15m-1774269900,1774269900,889.5,-0.06,0.765,,,
btc-updown-15m-1774279800,1774279800,5.9,0.035,0.58,-0.035,-0.105,-0.055
btc-updown-15m-1774279800,1774279800,23.4,-0.035,0.545,-0.01,-0.03,-0.02
btc-updown-15m-1774279800,1774279800,38.2,-0.035,0.53,-0.055,-0.045,0.015
btc-updown-15m-1774279800,1774279800,48.2,-0.03,0.495,0.04,0.085,0.08
btc-updown-15m-1774279800,1774279800,59.4,-0.045,0.475,0.03,0.07,0.1
btc-updown-15m-1774279800,1774279800,71.3,0.03,0.505,-0.02,0.04,0
btc-updown-15m-1774279800,1774279800,82,-0.03,0.495,0.08,0.02,-0.08
btc-updown-15m-1774279800,1774279800,95.2,-0.03,0.485,0.04,0.04,-0.07
btc-updown-15m-1774279800,1774279800,105.2,0.05,0.535,-0.01,0.03,-0.09
btc-updown-15m-1774279800,1774279800,115.2,-0.03,0.505,0,0.06,0.01
btc-updown-15m-1774279800,1774279800,129.9,0.04,0.565,-0.02,-0.06,-0.05
btc-updown-15m-1774279800,1774279800,139.9,-0.065,0.495,0.08,-0.07,0.04
btc-updown-15m-1774279800,1774279800,154,0.03,0.535,0.01,-0.12,-0.055
btc-updown-15m-1774279800,1774279800,165,0.035,0.565,-0.12,-0.12,-0.245
btc-updown-15m-1774279800,1774279800,176.2,0.035,0.58,-0.175,-0.075,-0.315
btc-updown-15m-1774279800,1774279800,186.2,-0.04,0.555,-0.14,-0.03,-0.27
btc-updown-15m-1774279800,1774279800,196.2,-0.12,0.435,0.03,0.11,-0.1
btc-updown-15m-1774279800,1774279800,206.2,-0.035,0.4,0.105,0.115,-0.145
btc-updown-15m-1774279800,1774279800,219.6,0.035,0.43,0.085,-0.035,-0.125
btc-updown-15m-1774279800,1774279800,229.6,0.12,0.555,-0.02,-0.25,-0.24
btc-updown-15m-1774279800,1774279800,239.6,-0.09,0.465,0.01,-0.17,-0.08
btc-updown-15m-1774279800,1774279800,249.6,0.05,0.515,-0.12,-0.22,-0.2
btc-updown-15m-1774279800,1774279800,262.6,0.03,0.545,-0.26,-0.3,-0.1
btc-updown-15m-1774279800,1774279800,272.6,-0.04,0.505,-0.21,-0.23,0.09
btc-updown-15m-1774279800,1774279800,282.7,-0.16,0.345,-0.01,-0.02,0.24
btc-updown-15m-1774279800,1774279800,292.7,-0.06,0.285,-0.03,0.1,0.15
btc-updown-15m-1774279800,1774279800,307.8,0.03,0.325,0,0.03,0.09
btc-updown-15m-1774279800,1774279800,321.3,-0.03,0.295,0.02,0.13,0.1
btc-updown-15m-1774279800,1774279800,332.1,0.03,0.275,0.07,0.33,0.13
btc-updown-15m-1774279800,1774279800,342.1,0.05,0.325,0.02,0.25,0.11
btc-updown-15m-1774279800,1774279800,352.2,0.045,0.37,0.065,0.05,0.025
btc-updown-15m-1774279800,1774279800,362.2,-0.035,0.335,0.27,-0.01,0.05
btc-updown-15m-1774279800,1774279800,375.1,0.035,0.36,0.225,0.055,-0.015
btc-updown-15m-1774279800,1774279800,385.2,0.09,0.455,-0.12,-0.02,-0.14
btc-updown-15m-1774279800,1774279800,395.2,0.13,0.585,-0.26,-0.2,-0.26
btc-updown-15m-1774279800,1774279800,406.9,-0.035,0.55,-0.115,-0.175,-0.32
btc-updown-15m-1774279800,1774279800,416.9,-0.215,0.335,0.1,0.065,-0.15
btc-updown-15m-1774279800,1774279800,426.9,0.06,0.395,-0.02,-0.06,-0.21
btc-updown-15m-1774279800,1774279800,436.9,0.035,0.435,-0.06,-0.06,-0.21
btc-updown-15m-1774279800,1774279800,448.9,0.03,0.445,-0.05,-0.09,-0.18
btc-updown-15m-1774279800,1774279800,458.9,-0.03,0.415,-0.08,-0.12,-0.09
btc-updown-15m-1774279800,1774279800,469.1,-0.03,0.375,-0.03,-0.17,-0.08
btc-updown-15m-1774279800,1774279800,480.3,0.03,0.395,-0.03,-0.185,-0.2
btc-updown-15m-1774279800,1774279800,490.5,-0.06,0.335,-0.03,-0.15,-0.09
btc-updown-15m-1774279800,1774279800,505.3,-0.035,0.31,-0.115,-0.095,-0.155
btc-updown-15m-1774279800,1774279800,515.6,0.03,0.335,-0.12,-0.06,-0.22
btc-updown-15m-1774279800,1774279800,525.6,-0.06,0.275,-0.05,0.01,-0.17
btc-updown-15m-1774279800,1774279800,535.6,-0.08,0.195,0.02,0.06,-0.12
btc-updown-15m-1774279800,1774279800,545.8,0.03,0.215,0.06,0,-0.15
btc-updown-15m-1774279800,1774279800,556,0.035,0.235,0.05,0,-0.18
btc-updown-15m-1774279800,1774279800,567.1,0.03,0.245,0,-0.105,-0.19
btc-updown-15m-1774279800,1774279800,577.1,0.07,0.315,-0.1,-0.19,-0.16
btc-updown-15m-1774279800,1774279800,587.1,-0.05,0.265,-0.03,-0.16,-0.12
btc-updown-15m-1774279800,1774279800,598.2,-0.03,0.245,-0.12,-0.17,-0.14
btc-updown-15m-1774279800,1774279800,608.2,-0.03,0.215,-0.09,-0.125,-0.15
btc-updown-15m-1774279800,1774279800,620.3,-0.035,0.21,-0.135,-0.135,-0.165
btc-updown-15m-1774279800,1774279800,630.4,-0.06,0.125,-0.05,-0.06,-0.1
btc-updown-15m-1774279800,1774279800,647.7,-0.03,0.095,-0.03,0.05,-0.08
btc-updown-15m-1774279800,1774279800,662.4,-0.03,0.045,0.07,0.06,-0.035
btc-updown-15m-1774279800,1774279800,676.2,-0.03,0.055,0.09,-0.01,-0.045
btc-updown-15m-1774279800,1774279800,691.6,0.03,0.105,-0.01,-0.08,-0.095
btc-updown-15m-1774279800,1774279800,701.6,0.04,0.145,-0.1,-0.13,-0.135
btc-updown-15m-1774279800,1774279800,711.8,-0.035,0.11,-0.065,-0.095,-0.1
btc-updown-15m-1774279800,1774279800,725.9,-0.03,0.085,-0.07,-0.075,-0.084
btc-updown-15m-1774279800,1774279800,735.9,-0.04,0.045,-0.035,-0.035,-0.044
btc-updown-15m-1774279800,1774279800,752.2,-0.03,0.015,-0.005,-0.005,-0.014
btc-updown-15m-1774290600,1774290600,5.9,0.035,0.57,0.015,0.065,0.185
btc-updown-15m-1774290600,1774290600,15.9,0.04,0.615,0.06,0.08,0.11
btc-updown-15m-1774290600,1774290600,30,0.03,0.615,0.01,0.1,0.08
btc-updown-15m-1774290600,1774290600,44.1,0.04,0.625,0.08,0.06,0.1
btc-updown-15m-1774290600,1774290600,54.1,0.055,0.68,0.055,0.105,0.065
btc-updown-15m-1774290600,1774290600,64.1,-0.07,0.615,0.09,0.17,0.15
btc-updown-15m-1774290600,1774290600,74.1,0.08,0.695,-0.01,0.03,0.07
btc-updown-15m-1774290600,1774290600,84.1,0.04,0.735,0.05,-0.02,0.01
btc-updown-15m-1774290600,1774290600,94.1,-0.03,0.705,0.08,0,0.1
btc-updown-15m-1774290600,1774290600,106.3,0.03,0.735,-0.01,-0.04,0.13
btc-updown-15m-1774290600,1774290600,116.3,0.055,0.795,-0.07,-0.05,0.06
btc-updown-15m-1774290600,1774290600,126.3,-0.04,0.755,-0.03,0.02,0.08
btc-updown-15m-1774290600,1774290600,136.3,-0.03,0.725,-0.03,0.025,0.05
btc-updown-15m-1774290600,1774290600,156.9,0.03,0.725,0.05,0.13,0.15
btc-updown-15m-1774290600,1774290600,166.9,-0.03,0.695,0.05,0.17,0.15
btc-updown-15m-1774290600,1774290600,176.9,0.05,0.745,0.04,0.11,0.12
btc-updown-15m-1774290600,1774290600,186.9,0.03,0.775,0.08,0.04,0.13
btc-updown-15m-1774290600,1774290600,196.9,-0.03,0.745,0.12,0.03,0.16
btc-updown-15m-1774290600,1774290600,207,0.04,0.785,0.07,0,0.11
btc-updown-15m-1774290600,1774290600,217,0.07,0.855,-0.04,0.02,0.05
btc-updown-15m-1774290600,1774290600,227.3,0.03,0.865,-0.09,-0.01,0.03
btc-updown-15m-1774290600,1774290600,239.3,-0.03,0.845,-0.05,0.02,0.07
btc-updown-15m-1774290600,1774290600,251.6,-0.03,0.815,0.02,0.09,0.12
btc-updown-15m-1774290600,1774290600,261.7,-0.06,0.745,0.13,0.15,0.22
btc-updown-15m-1774290600,1774290600,271.7,0.08,0.825,0.07,0.07,0.15
btc-updown-15m-1774290600,1774290600,286.6,-0.03,0.845,0.055,0.05,0.12
btc-updown-15m-1774290600,1774290600,303.7,0.03,0.895,0,0.03,0.06
btc-updown-15m-1774290600,1774290600,361.1,0.03,0.925,0.05,0.02,0.02
btc-updown-15m-1774290600,1774290600,372.7,0.035,0.96,0.005,-0.005,-0.005
btc-updown-15m-1774290600,1774290600,522.3,0.04,0.965,0.01,-0.05,0.02
btc-updown-15m-1774290600,1774290600,558.7,-0.03,0.945,0,0.01,0
btc-updown-15m-1774290600,1774290600,568.7,-0.09,0.855,0.08,0.11,0.1
btc-updown-15m-1774290600,1774290600,578.7,0.05,0.905,0.015,0.07,0.04
btc-updown-15m-1774290600,1774290600,588.7,0.04,0.945,0.01,0.04,-0.02
btc-updown-15m-1774290600,1774290600,617.1,0.035,0.95,0.035,0.005,0.025
btc-updown-15m-1774290600,1774290600,634.7,0.03,0.975,-0.02,-0.04,0.01
btc-updown-15m-1774290600,1774290600,677.3,-0.03,0.945,-0.01,0.03,0.045
btc-updown-15m-1774290600,1774290600,691.7,-0.035,0.935,0.03,0.045,0.055
btc-updown-15m-1774290600,1774290600,705.3,0.03,0.935,0.04,0.055,0.055
btc-updown-15m-1774290600,1774290600,719.7,0.035,0.955,0.02,0.035,0.035
btc-updown-15m-1774290600,1774290600,736.6,0.03,0.975,0.015,0.015,0.0235
btc-updown-15m-1774301400,1774301400,11.7,-0.03,0.48,-0.025,-0.015,0.025
btc-updown-15m-1774301400,1774301400,54.6,-0.03,0.425,0.12,0.08,0.09
btc-updown-15m-1774301400,1774301400,64.6,0.05,0.465,0.13,0.04,0.05
btc-updown-15m-1774301400,1774301400,78.3,0.035,0.5,0.005,0.005,0.175
btc-updown-15m-1774301400,1774301400,88.3,0.065,0.565,-0.06,-0.06,0.17
btc-updown-15m-1774301400,1774301400,98.3,0.03,0.595,-0.09,-0.09,0.11
btc-updown-15m-1774301400,1774301400,108.3,-0.09,0.505,0,0,0.22
btc-updown-15m-1774301400,1774301400,190.8,0.03,0.545,0.17,0.21,0.29
btc-updown-15m-1774301400,1774301400,200.8,0.15,0.695,0.03,0.07,0.135
btc-updown-15m-1774301400,1774301400,210.8,0.08,0.775,-0.05,0.07,0.06
btc-updown-15m-1774301400,1774301400,220.9,-0.065,0.715,0.04,0.13,0.13
btc-updown-15m-1774301400,1774301400,246.2,0.03,0.735,0.115,0.09,0.06
btc-updown-15m-1774301400,1774301400,256.2,0.03,0.765,0.08,0.07,0.01
btc-updown-15m-1774301400,1774301400,266.2,0.04,0.805,0.03,0.03,0.05
btc-updown-15m-1774301400,1774301400,276.2,0.045,0.85,-0.025,-0.005,0.015
btc-updown-15m-1774301400,1774301400,359.1,-0.03,0.815,0.04,0.07,0.04
btc-updown-15m-1774301400,1774301400,369.1,-0.045,0.775,0.09,0.11,0.02
btc-updown-15m-1774301400,1774301400,382.6,0.03,0.805,0.07,0.09,-0.01
btc-updown-15m-1774301400,1774301400,392.6,0.06,0.865,0.02,0,-0.07
btc-updown-15m-1774301400,1774301400,452.4,-0.03,0.865,-0.07,-0.07,0.07
btc-updown-15m-1774301400,1774301400,480.9,-0.03,0.835,-0.04,0.07,0.13
btc-updown-15m-1774301400,1774301400,520.1,0.04,0.845,0.07,0.12,0.14
btc-updown-15m-1774301400,1774301400,530.1,0.05,0.895,0.04,0.07,0.08
btc-updown-15m-1774301400,1774301400,554.5,0.03,0.935,0.03,0.03,0.02
btc-updown-15m-1774301400,1774301400,701,-0.035,0.92,-0.025,0.005,0.065
btc-updown-15m-1774301400,1774301400,711,-0.055,0.865,0.03,0.11,0.12
btc-updown-15m-1774301400,1774301400,721,0.04,0.905,-0.01,0.07,0.08
btc-updown-15m-1774301400,1774301400,760.6,0.03,0.925,0.05,0.06,0.065
btc-updown-15m-1774301400,1774301400,770.7,0.05,0.975,0,0.01,0.015
btc-updown-15m-1774301400,1774301400,844.3,-0.03,0.955,0.035,,
btc-updown-15m-1774301400,1774301400,854.4,0.05,0.985,0.005,,
btc-updown-15m-1774312200,1774312200,3.7,-0.03,0.515,-0.065,-0.11,-0.315
btc-updown-15m-1774312200,1774312200,13.7,-0.04,0.475,0.03,0,-0.27
btc-updown-15m-1774312200,1774312200,29.1,-0.03,0.435,0.07,-0.13,-0.2
btc-updown-15m-1774312200,1774312200,39.1,0.04,0.475,-0.03,-0.19,-0.27
btc-updown-15m-1774312200,1774312200,51.2,0.03,0.535,-0.03,-0.27,-0.36
btc-updown-15m-1774312200,1774312200,61.2,-0.11,0.425,-0.13,-0.23,-0.24
btc-updown-15m-1774312200,1774312200,71.2,0.05,0.475,-0.19,-0.27,-0.31
btc-updown-15m-1774312200,1774312200,81.2,0.03,0.505,-0.24,-0.32,-0.3
btc-updown-15m-1774312200,1774312200,91.2,-0.21,0.295,-0.1,-0.07,-0.08
btc-updown-15m-1774312200,1774312200,106.6,-0.035,0.25,-0.055,-0.065,-0.065
btc-updown-15m-1774312200,1774312200,120.7,-0.03,0.235,-0.01,-0.06,-0.05
btc-updown-15m-1774312200,1774312200,130.7,-0.03,0.205,0,-0.05,0.02
btc-updown-15m-1774312200,1774312200,146.2,0.03,0.225,-0.04,0.01,0.04
btc-updown-15m-1774312200,1774312200,157.7,-0.03,0.215,-0.04,-0.01,0.15
btc-updown-15m-1774312200,1774312200,167.7,-0.03,0.185,0.02,0,0.2
btc-updown-15m-1774312200,1774312200,191.2,-0.03,0.155,0.05,0.07,0.13
btc-updown-15m-1774312200,1774312200,201.2,0.04,0.205,-0.02,0.06,0.08
btc-updown-15m-1774312200,1774312200,212.7,0.03,0.225,-0.04,0.06,0
btc-updown-15m-1774312200,1774312200,222.7,-0.03,0.195,0.04,0.19,0.07
btc-updown-15m-1774312200,1774312200,244.2,0.03,0.215,0.11,0.07,0.12
btc-updown-15m-1774312200,1774312200,254.2,0.03,0.245,0.14,0.05,0.16
btc-updown-15m-1774312200,1774312200,273.7,0.035,0.305,-0.02,-0.08,0.09
btc-updown-15m-1774312200,1774312200,283.7,0.07,0.375,-0.08,-0.11,-0.04
btc-updown-15m-1774312200,1774312200,296.3,-0.03,0.355,-0.09,-0.1,-0.03
btc-updown-15m-1774312200,1774312200,306.3,-0.08,0.275,-0.05,0.095,0.095
btc-updown-15m-1774312200,1774312200,325.4,-0.035,0.265,-0.01,0.15,0.18
btc-updown-15m-1774312200,1774312200,335.4,-0.04,0.225,0.14,0.16,0.23
btc-updown-15m-1774312200,1774312200,345.6,0.04,0.265,0.14,0.07,0.16
btc-updown-15m-1774312200,1774312200,356.4,-0.03,0.245,0.18,0.08,0.12
btc-updown-15m-1774312200,1774312200,366.4,0.13,0.375,0.01,-0.005,-0.1
btc-updown-15m-1774312200,1774312200,376.5,0.03,0.405,-0.07,0.04,-0.16
btc-updown-15m-1774312200,1774312200,387.8,0.035,0.44,-0.115,0.005,-0.205
btc-updown-15m-1774312200,1774312200,397.8,-0.055,0.385,-0.02,0.07,-0.2
btc-updown-15m-1774312200,1774312200,407.8,-0.05,0.335,0.11,0.09,-0.22
btc-updown-15m-1774312200,1774312200,425.7,0.035,0.37,0.085,-0.095,-0.295
btc-updown-15m-1774312200,1774312200,435.7,0.075,0.445,-0.02,-0.2,-0.41
btc-updown-15m-1774312200,1774312200,465.1,-0.03,0.425,-0.17,-0.22,-0.37
btc-updown-15m-1774312200,1774312200,475.1,-0.06,0.365,-0.125,-0.26,-0.26
btc-updown-15m-1774312200,1774312200,485.2,-0.09,0.275,-0.05,-0.2,-0.22
btc-updown-15m-1774312200,1774312200,495.2,-0.03,0.245,-0.04,-0.21,-0.19
btc-updown-15m-1774312200,1774312200,515.3,-0.03,0.21,-0.135,-0.195,-0.145
btc-updown-15m-1774312200,1774312200,526.9,-0.03,0.155,-0.12,-0.08,-0.05
btc-updown-15m-1774312200,1774312200,536.9,-0.05,0.095,-0.07,0.01,0.05
btc-updown-15m-1774312200,1774312200,546.9,-0.04,0.055,-0.04,0.01,0.23
btc-updown-15m-1774312200,1774312200,584.5,0.03,0.045,0,0.06,0.11
btc-updown-15m-1774312200,1774312200,594.5,0.06,0.105,-0.03,0.02,0.05
btc-updown-15m-1774312200,1774312200,604.5,-0.03,0.075,-0.01,0.22,0.1
btc-updown-15m-1774312200,1774312200,614.6,-0.03,0.045,0.06,0.21,0.04
btc-updown-15m-1774312200,1774312200,624.6,0.03,0.075,0.05,0.1,0.03
btc-updown-15m-1774312200,1774312200,643.3,0.03,0.095,0.23,0.06,0.06
btc-updown-15m-1774312200,1774312200,653.3,0.03,0.125,0.08,0.015,-0.02
btc-updown-15m-1774312200,1774312200,663.3,0.13,0.255,-0.08,-0.08,-0.1
btc-updown-15m-1774312200,1774312200,673.4,0.07,0.325,-0.17,-0.23,-0.22
btc-updown-15m-1774312200,1774312200,683.4,-0.12,0.205,-0.065,-0.11,-0.14
btc-updown-15m-1774312200,1774312200,693.4,-0.03,0.175,0,0.01,-0.13
btc-updown-15m-1774312200,1774312200,705.9,-0.03,0.155,-0.06,-0.06,-0.11
btc-updown-15m-1774312200,1774312200,717.4,0.03,0.165,-0.06,-0.02,-0.11
btc-updown-15m-1774312200,1774312200,727.5,-0.03,0.145,0.02,-0.015,-0.12
btc-updown-15m-1774312200,1774312200,737.5,-0.04,0.105,-0.01,-0.02,-0.095
btc-updown-15m-1774312200,1774312200,748.7,0.03,0.135,0.01,-0.06,-0.12
btc-updown-15m-1774312200,1774312200,758.7,0.035,0.17,-0.05,-0.125,-0.155
btc-updown-15m-1774312200,1774312200,768.7,-0.075,0.095,-0.02,-0.07,-0.08
btc-updown-15m-1774312200,1774312200,778.7,0.05,0.145,-0.07,-0.09,-0.13
btc-updown-15m-1774312200,1774312200,789.3,-0.035,0.115,-0.07,-0.09,
btc-updown-15m-1774312200,1774312200,799.3,-0.05,0.065,-0.04,-0.05,
btc-updown-15m-1774312200,1774312200,818.1,-0.03,0.045,-0.02,-0.03,
btc-updown-15m-1774312200,1774312200,836.8,0.03,0.055,-0.04,-0.04,
btc-updown-15m-1774312200,1774312200,846.9,-0.03,0.025,-0.01,,
btc-updown-15m-1774323000,1774323000,1.7,0.035,0.49,-0.065,-0.125,-0.225
btc-updown-15m-1774323000,1774323000,11.8,-0.03,0.505,-0.09,-0.095,-0.24
btc-updown-15m-1774323000,1774323000,21.9,-0.04,0.465,-0.01,-0.06,-0.23
btc-updown-15m-1774323000,1774323000,31.9,-0.04,0.425,-0.06,0,-0.23
btc-updown-15m-1774323000,1774323000,44.1,0.035,0.44,-0.025,-0.135,-0.185
btc-updown-15m-1774323000,1774323000,54.8,-0.035,0.435,-0.03,-0.19,-0.16
btc-updown-15m-1774323000,1774323000,64.8,-0.08,0.355,-0.02,-0.1,-0.035
btc-updown-15m-1774323000,1774323000,74.8,0.055,0.41,-0.105,-0.155,-0.135
btc-updown-15m-1774323000,1774323000,88.1,0.035,0.44,-0.225,-0.245,-0.165
btc-updown-15m-1774323000,1774323000,98.1,-0.09,0.355,-0.1,-0.1,-0.1
btc-updown-15m-1774323000,1774323000,108.1,-0.05,0.305,-0.05,-0.06,-0.01
btc-updown-15m-1774323000,1774323000,118.1,-0.09,0.215,-0.02,0.06,0.09
btc-updown-15m-1774323000,1774323000,128.1,0.04,0.255,0,0.03,0.03
btc-updown-15m-1774323000,1774323000,141.8,-0.03,0.235,0.06,0.07,0.07
btc-updown-15m-1774323000,1774323000,151.8,-0.04,0.195,0.08,0.07,0.14
btc-updown-15m-1774323000,1774323000,161.8,0.06,0.255,0.02,0.01,0.01
btc-updown-15m-1774323000,1774323000,171.8,0.04,0.295,0,0,-0.1
btc-updown-15m-1774323000,1774323000,184.8,0.035,0.31,-0.045,-0.035,-0.095
btc-updown-15m-1774323000,1774323000,199.5,0.035,0.3,-0.005,0.005,-0.055
btc-updown-15m-1774323000,1774323000,209.5,-0.04,0.265,0.08,0.09,-0.01
btc-updown-15m-1774323000,1774323000,226.6,0.04,0.295,-0.02,-0.09,-0.12
btc-updown-15m-1774323000,1774323000,238.7,0.03,0.325,0.01,-0.12,-0.185
btc-updown-15m-1774323000,1774323000,248.7,-0.04,0.285,-0.01,-0.06,-0.11
btc-updown-15m-1774323000,1774323000,266.8,0.035,0.31,-0.105,-0.055,-0.125
btc-updown-15m-1774323000,1774323000,277.6,-0.03,0.285,-0.06,-0.06,-0.07
btc-updown-15m-1774323000,1774323000,287.6,-0.09,0.195,0.06,-0.02,-0.005
btc-updown-15m-1774323000,1774323000,300.9,0.03,0.225,0.02,-0.1,-0.1
btc-updown-15m-1774323000,1774323000,314.7,0.03,0.245,-0.055,-0.06,-0.13
btc-updown-15m-1774323000,1774323000,336.7,-0.03,0.225,-0.07,-0.01,-0.14
btc-updown-15m-1774323000,1774323000,346.7,-0.05,0.175,0.015,0.015,-0.07
btc-updown-15m-1774323000,1774323000,356.8,-0.035,0.14,0.045,-0.015,-0.035
btc-updown-15m-1774323000,1774323000,368,0.03,0.17,0.045,-0.045,-0.085
btc-updown-15m-1774323000,1774323000,390.7,-0.03,0.155,-0.03,-0.05,-0.07
btc-updown-15m-1774323000,1774323000,400.7,0.06,0.215,-0.09,-0.13,-0.125
btc-updown-15m-1774323000,1774323000,413.4,-0.03,0.165,-0.05,-0.06,-0.07
btc-updown-15m-1774323000,1774323000,455.1,-0.03,0.085,0,0.015,0.1
btc-updown-15m-1774323000,1774323000,468.2,0.03,0.115,-0.04,0,0.08
btc-updown-15m-1774323000,1774323000,511.9,0.03,0.105,-0.01,-0.02,0.06
btc-updown-15m-1774323000,1774323000,537.8,-0.03,0.085,0,0,0.17
btc-updown-15m-1774323000,1774323000,554,0.03,0.115,0.09,0,0.1
btc-updown-15m-1774323000,1774323000,566.2,-0.03,0.085,0,0.03,0.23
btc-updown-15m-1774323000,1774323000,576.2,0.11,0.195,-0.075,-0.03,0.07
btc-updown-15m-1774323000,1774323000,586.5,-0.03,0.195,-0.08,0.07,-0.03
btc-updown-15m-1774323000,1774323000,596.5,-0.11,0.085,0.03,0.155,0.05
btc-updown-15m-1774323000,1774323000,606.5,0.035,0.12,0.035,0.035,-0.045
btc-updown-15m-1774323000,1774323000,616.9,-0.03,0.095,0.18,0.18,0.01
btc-updown-15m-1774323000,1774323000,626.9,0.03,0.125,0.11,0.15,-0.04
btc-updown-15m-1774323000,1774323000,637,0.03,0.155,0,0.11,-0.08
btc-updown-15m-1774323000,1774323000,647,0.12,0.275,0,-0.12,-0.2
btc-updown-15m-1774323000,1774323000,657,-0.04,0.235,0.05,-0.1,-0.17
btc-updown-15m-1774323000,1774323000,667.1,-0.08,0.155,0.1,-0.08,-0.09
btc-updown-15m-1774323000,1774323000,677.1,0.12,0.275,-0.12,-0.17,-0.21
btc-updown-15m-1774323000,1774323000,687.2,0.035,0.31,-0.175,-0.225,-0.245
btc-updown-15m-1774323000,1774323000,697.3,-0.055,0.255,-0.18,-0.18,-0.21
btc-updown-15m-1774323000,1774323000,707.3,-0.1,0.155,-0.05,-0.09,-0.13
btc-updown-15m-1774323000,1774323000,722,-0.03,0.105,-0.02,-0.04,-0.09
btc-updown-15m-1774323000,1774323000,733.7,0.03,0.115,-0.04,-0.05,-0.105
btc-updown-15m-1774323000,1774323000,743.7,-0.03,0.085,-0.02,-0.02,-0.075
btc-updown-15m-1774323000,1774323000,822.6,-0.03,0.025,-0.015,-0.015,
btc-updown-15m-1774333800,1774333800,1.6,0.035,0.52,0.165,0.205,0.145
btc-updown-15m-1774333800,1774333800,11.6,0.055,0.575,0.11,0.17,0.12
btc-updown-15m-1774333800,1774333800,21.6,0.1,0.675,0.1,0.06,-0.02
btc-updown-15m-1774333800,1774333800,36.1,0.03,0.725,0.02,0.03,0.01
btc-updown-15m-1774333800,1774333800,49.9,0.03,0.735,0.01,-0.1,0.07
btc-updown-15m-1774333800,1774333800,60.2,-0.04,0.725,0.05,-0.08,0.06
btc-updown-15m-1774333800,1774333800,90,0.03,0.775,-0.135,-0.05,0.05
btc-updown-15m-1774333800,1774333800,101.2,-0.03,0.755,-0.06,0.01,0.09
btc-updown-15m-1774333800,1774333800,111.2,-0.12,0.635,0.02,0.16,0.14
btc-updown-15m-1774333800,1774333800,121.2,0.03,0.665,0.07,0.12,0.13
btc-updown-15m-1774333800,1774333800,140.5,-0.035,0.66,0.135,0.125,0.135
btc-updown-15m-1774333800,1774333800,150.6,0.07,0.725,0.06,0.1,0.08
btc-updown-15m-1774333800,1774333800,160.9,0.03,0.765,0.02,0.08,-0.02
btc-updown-15m-1774333800,1774333800,170.9,0.03,0.795,-0.01,-0.01,-0.07
btc-updown-15m-1774333800,1774333800,193.9,-0.03,0.755,0.11,0.04,0.01
btc-updown-15m-1774333800,1774333800,204,0.04,0.795,-0.03,0.02,0.015
btc-updown-15m-1774333800,1774333800,214,0.04,0.835,-0.04,-0.03,-0.04
btc-updown-15m-1774333800,1774333800,224,0.03,0.865,-0.07,-0.13,-0.04
btc-updown-15m-1774333800,1774333800,234,-0.1,0.765,0.05,-0.04,0.05
btc-updown-15m-1774333800,1774333800,244,0.03,0.795,0.01,-0.04,-0.02
btc-updown-15m-1774333800,1774333800,276,-0.035,0.77,-0.005,0.025,0.025
btc-updown-15m-1774333800,1774333800,286,-0.035,0.735,0.04,0.09,0.05
btc-updown-15m-1774333800,1774333800,303.3,0.03,0.755,0.04,0.02,0.06
btc-updown-15m-1774333800,1774333800,319.9,0.03,0.805,0.02,-0.04,0.005
btc-updown-15m-1774333800,1774333800,359.5,-0.035,0.79,-0.025,0.035,0.085
btc-updown-15m-1774333800,1774333800,371.4,0.03,0.795,0,0.01,-0.04
btc-updown-15m-1774333800,1774333800,381.4,-0.03,0.765,0.04,0.05,0
btc-updown-15m-1774333800,1774333800,392.2,0.03,0.785,0.03,0.035,-0.02
btc-updown-15m-1774333800,1774333800,462.4,0.03,0.85,-0.105,-0.045,0.005
btc-updown-15m-1774333800,1774333800,472.5,0.03,0.885,-0.12,-0.085,-0.025
btc-updown-15m-1774333800,1774333800,482.5,-0.03,0.855,-0.085,-0.03,0.06
btc-updown-15m-1774333800,1774333800,492.6,-0.11,0.745,0.06,0.09,0.18
btc-updown-15m-1774333800,1774333800,520.5,0.03,0.805,0.025,0.05,0.065
btc-updown-15m-1774333800,1774333800,567.7,0.03,0.845,0.06,0.08,0.135
btc-updown-15m-1774333800,1774333800,595.2,0.03,0.89,0.035,0.015,0.1
btc-updown-15m-1774333800,1774333800,605.2,0.03,0.925,-0.005,0.01,0.065
btc-updown-15m-1774333800,1774333800,636.7,-0.03,0.895,0.04,0.085,0.095
btc-updown-15m-1774333800,1774333800,650.2,0.03,0.895,0.07,0.09,0.095
btc-updown-15m-1774333800,1774333800,662.8,0.03,0.935,0.045,0.055,0.055
btc-updown-15m-1774344600,1774344600,0.6,-0.045,0.43,-0.005,0.015,0.085
btc-updown-15m-1774344600,1774344600,13.1,-0.035,0.38,0.08,0.075,0.255
btc-updown-15m-1774344600,1774344600,23.5,0.03,0.395,0.02,0.04,0.25
btc-updown-15m-1774344600,1774344600,41.7,0.035,0.44,0.025,0.025,0.215
btc-updown-15m-1774344600,1774344600,53,-0.03,0.425,0.01,0.07,0.3
btc-updown-15m-1774344600,1774344600,68,0.03,0.455,0.02,0.1,0.28
btc-updown-15m-1774344600,1774344600,79,-0.03,0.425,0.05,0.21,0.28
btc-updown-15m-1774344600,1774344600,94.9,0.03,0.465,0.08,0.19,0.07
btc-updown-15m-1774344600,1774344600,110.5,0.035,0.5,0.135,0.235,0.075
btc-updown-15m-1774344600,1774344600,122.9,0.03,0.525,0.13,0.21,-0.03
btc-updown-15m-1774344600,1774344600,132.9,0.11,0.635,0.06,0.11,-0.11
btc-updown-15m-1774344600,1774344600,144.8,0.03,0.665,0.09,0.02,-0.08
btc-updown-15m-1774344600,1774344600,155.2,-0.03,0.655,0.07,-0.11,-0.08
btc-updown-15m-1774344600,1774344600,165.2,0.04,0.695,0.05,-0.12,-0.11
btc-updown-15m-1774344600,1774344600,175.2,0.06,0.755,-0.06,-0.2,-0.25
btc-updown-15m-1774344600,1774344600,185.2,-0.03,0.725,-0.18,-0.21,-0.19
btc-updown-15m-1774344600,1774344600,199,-0.03,0.705,-0.13,-0.15,-0.14
btc-updown-15m-1774344600,1774344600,213.8,-0.035,0.66,-0.175,-0.085,-0.105
btc-updown-15m-1774344600,1774344600,224,-0.07,0.575,-0.05,0.01,0.03
btc-updown-15m-1774344600,1774344600,237,-0.035,0.54,0.045,-0.035,0.135
btc-updown-15m-1774344600,1774344600,250.9,0.03,0.525,0.06,0,0.14
btc-updown-15m-1774344600,1774344600,260.9,0.06,0.585,-0.06,-0.02,0.08
btc-updown-15m-1774344600,1774344600,286.8,-0.035,0.54,0.025,0.065,0.065
btc-updown-15m-1774344600,1774344600,302.8,0.04,0.535,0.05,0.16,0.11
btc-updown-15m-1774344600,1774344600,315.9,0.04,0.565,0.04,0.1,0.13
btc-updown-15m-1774344600,1774344600,329.5,0.03,0.595,0.08,0.05,0.09
btc-updown-15m-1774344600,1774344600,339.5,-0.05,0.545,0.12,0.14,0.12
btc-updown-15m-1774344600,1774344600,349.5,0.105,0.65,0.015,-0.055,0.135
btc-updown-15m-1774344600,1774344600,361.2,0.03,0.685,-0.04,-0.04,0.09
btc-updown-15m-1774344600,1774344600,371.4,-0.035,0.665,-0.02,0.03,0.05
btc-updown-15m-1774344600,1774344600,383.8,-0.03,0.635,0,0.11,0.1
btc-updown-15m-1774344600,1774344600,393.8,0.055,0.685,-0.04,-0.02,0.02
btc-updown-15m-1774344600,1774344600,403.8,-0.08,0.605,0.09,0.15,0.13
btc-updown-15m-1774344600,1774344600,413.8,0.03,0.635,0.11,0.12,0.13
btc-updown-15m-1774344600,1774344600,430.6,0.05,0.695,-0.02,0.02,0.01
btc-updown-15m-1774344600,1774344600,440.6,0.05,0.745,0.04,-0.02,0.09
btc-updown-15m-1774344600,1774344600,450.6,-0.07,0.675,0.1,0.04,0.17
btc-updown-15m-1774344600,1774344600,462.5,0.035,0.7,0.015,-0.005,0.155
btc-updown-15m-1774344600,1774344600,472.5,0.055,0.755,-0.02,0.01,0.1
btc-updown-15m-1774344600,1774344600,488.2,-0.035,0.72,-0.045,0.025,0.215
btc-updown-15m-1774344600,1774344600,506.2,-0.035,0.68,0.085,0.165,0.295
btc-updown-15m-1774344600,1774344600,518.6,-0.03,0.645,0.1,0.19,0.32
btc-updown-15m-1774344600,1774344600,528.6,0.12,0.765,0.07,0.09,0.2
btc-updown-15m-1774344600,1774344600,538.6,-0.05,0.715,0.13,0.16,0.27
btc-updown-15m-1774344600,1774344600,548.7,0.03,0.745,0.09,0.19,0.24
btc-updown-15m-1774344600,1774344600,558.7,0.09,0.835,0.02,0.14,0.15
btc-updown-15m-1774344600,1774344600,581.9,0.03,0.855,0.07,0.11,0.13
btc-updown-15m-1774344600,1774344600,598.9,0.03,0.885,0.09,0.1,0.1
btc-updown-15m-1774344600,1774344600,608.9,0.045,0.93,0.035,0.055,0.055
btc-updown-15m-1774344600,1774344600,618.9,0.045,0.975,-0.01,0.01,0.01
btc-updown-15m-1774355400,1774355400,1.9,-0.03,0.49,-0.165,-0.065,-0.125
btc-updown-15m-1774355400,1774355400,11.9,-0.08,0.405,-0.02,-0.02,-0.02
btc-updown-15m-1774355400,1774355400,22.1,0.035,0.435,-0.05,-0.08,-0.09
btc-updown-15m-1774355400,1774355400,32.1,-0.11,0.325,0.09,0.07,0.01
btc-updown-15m-1774355400,1774355400,42.1,0.06,0.385,0,-0.07,-0.08
btc-updown-15m-1774355400,1774355400,54.8,0.03,0.405,-0.05,-0.05,-0.09
btc-updown-15m-1774355400,1774355400,64.9,-0.03,0.375,-0.02,0.02,-0.19
btc-updown-15m-1774355400,1774355400,76.9,-0.03,0.345,-0.01,0.02,-0.15
btc-updown-15m-1774355400,1774355400,86.9,0.05,0.395,-0.01,-0.07,-0.25
btc-updown-15m-1774355400,1774355400,97,-0.04,0.355,0.02,-0.02,-0.25
btc-updown-15m-1774355400,1774355400,114.1,0.035,0.35,-0.005,-0.035,-0.255
btc-updown-15m-1774355400,1774355400,124.7,0.03,0.385,-0.05,-0.2,-0.31
btc-updown-15m-1774355400,1774355400,137.9,-0.03,0.345,-0.03,-0.15,-0.28
btc-updown-15m-1774355400,1774355400,162,-0.03,0.305,-0.13,-0.21,-0.23
btc-updown-15m-1774355400,1774355400,176.6,-0.03,0.285,-0.15,-0.2,-0.21
btc-updown-15m-1774355400,1774355400,186.6,-0.1,0.185,-0.08,-0.12,-0.11
btc-updown-15m-1774355400,1774355400,197.7,0.03,0.195,-0.1,-0.13,-0.11
btc-updown-15m-1774355400,1774355400,207.8,-0.05,0.145,-0.06,-0.07,-0.06
btc-updown-15m-1774355400,1774355400,217.8,-0.04,0.105,-0.04,-0.03,-0.04
btc-updown-15m-1774355400,1774355400,239.8,-0.03,0.07,0.015,0.005,0.005
btc-updown-15m-1774355400,1774355400,341.7,-0.03,0.055,0.05,0.04,-0.02
btc-updown-15m-1774355400,1774355400,357.7,0.03,0.075,0.03,-0.02,-0.05
btc-updown-15m-1774355400,1774355400,367.7,0.03,0.105,-0.01,-0.06,-0.09
btc-updown-15m-1774355400,1774355400,416.3,-0.03,0.065,-0.03,-0.04,-0.05
btc-updown-15m-1774355400,1774355400,684,0.0305,0.055,-0.04,-0.04,-0.0495
btc-updown-15m-1774355400,1774355400,696.9,-0.0315,0.0335,-0.0185,-0.019,-0.0265
btc-updown-15m-1774366200,1774366200,1.7,0.045,0.51,0.005,-0.085,-0.235
btc-updown-15m-1774366200,1774366200,21.5,0.035,0.55,-0.045,-0.115,-0.36
btc-updown-15m-1774366200,1774366200,31.6,-0.04,0.515,-0.085,-0.1,-0.33
btc-updown-15m-1774366200,1774366200,58.9,-0.03,0.475,-0.02,-0.23,-0.31
btc-updown-15m-1774366200,1774366200,68.9,-0.06,0.415,-0.01,-0.17,-0.27
btc-updown-15m-1774366200,1774366200,78.9,0.03,0.445,-0.17,-0.2,-0.29
btc-updown-15m-1774366200,1774366200,93,-0.035,0.4,-0.135,-0.225,-0.235
btc-updown-15m-1774366200,1774366200,103,-0.05,0.345,-0.08,-0.16,-0.18
btc-updown-15m-1774366200,1774366200,113,-0.06,0.285,-0.1,-0.11,-0.09
btc-updown-15m-1774366200,1774366200,131.4,-0.03,0.245,-0.06,-0.095,0.03
btc-updown-15m-1774366200,1774366200,141.4,-0.04,0.205,-0.05,-0.05,0.08
btc-updown-15m-1774366200,1774366200,154.9,-0.03,0.165,-0.02,0,0.12
btc-updown-15m-1774366200,1774366200,170.3,-0.03,0.155,0,0.02,0.145
btc-updown-15m-1774366200,1774366200,182.9,-0.03,0.145,0.02,0.06,0.1
btc-updown-15m-1774366200,1774366200,231.1,0.03,0.195,0.09,0.1,0.105
btc-updown-15m-1774366200,1774366200,243.2,0.03,0.225,0.05,0.02,0.08
btc-updown-15m-1774366200,1774366200,253.2,0.04,0.265,0.03,0,0.07
btc-updown-15m-1774366200,1774366200,279.6,0.035,0.295,-0.04,0,0.06
btc-updown-15m-1774366200,1774366200,297.4,-0.035,0.27,0.055,0.035,0.005
btc-updown-15m-1774366200,1774366200,313.7,0.03,0.275,0,0.06,0.04
btc-updown-15m-1774366200,1774366200,323.9,0.035,0.31,-0.005,0.035,-0.075
btc-updown-15m-1774366200,1774366200,337.3,-0.03,0.295,0.01,0.07,0
btc-updown-15m-1774366200,1774366200,351.1,0.035,0.3,0.035,-0.015,0.045
btc-updown-15m-1774366200,1774366200,368.7,0.03,0.315,0.07,-0.02,0.135
btc-updown-15m-1774366200,1774366200,379.6,-0.03,0.295,-0.04,-0.02,0.17
btc-updown-15m-1774366200,1774366200,389.7,0.03,0.325,-0.05,-0.05,0.22
btc-updown-15m-1774366200,1774366200,404.1,-0.035,0.31,0,-0.005,0.32
btc-updown-15m-1774366200,1774366200,416.1,0.03,0.275,0,0.09,0.36
btc-updown-15m-1774366200,1774366200,431.3,0.035,0.31,-0.005,0.155,0.515
btc-updown-15m-1774366200,1774366200,441.3,-0.055,0.255,0.09,0.24,0.53
btc-updown-15m-1774366200,1774366200,452,0.03,0.275,0.175,0.25,0.42
btc-updown-15m-1774366200,1774366200,463.9,0.035,0.31,0.195,0.315,0.415
btc-updown-15m-1774366200,1774366200,473.9,0.06,0.365,0.14,0.24,0.37
btc-updown-15m-1774366200,1774366200,484.5,0.105,0.47,0.065,0.275,0.225
btc-updown-15m-1774366200,1774366200,501.4,0.04,0.495,0.12,0.29,0.31
btc-updown-15m-1774366200,1774366200,511.7,0.03,0.525,0.21,0.17,0.25
btc-updown-15m-1774366200,1774366200,521.7,0.03,0.555,0.27,0.14,0.22
btc-updown-15m-1774366200,1774366200,531.7,0.055,0.615,0.17,0.12,0.13
btc-updown-15m-1774366200,1774366200,541.8,0.12,0.735,-0.04,-0.06,0.07
btc-updown-15m-1774366200,1774366200,551.8,0.09,0.825,-0.13,-0.13,-0.13
btc-updown-15m-1774366200,1774366200,561.8,-0.04,0.785,-0.05,0.01,-0.11
btc-updown-15m-1774366200,1774366200,571.8,-0.09,0.695,-0.02,0.08,0.05
btc-updown-15m-1774366200,1774366200,584.2,0.03,0.735,-0.03,0.03,0.04
btc-updown-15m-1774366200,1774366200,597.6,0.04,0.745,0.03,0.1,0.06
btc-updown-15m-1774366200,1774366200,607.6,-0.06,0.685,0.12,0.04,0.07
btc-updown-15m-1774366200,1774366200,617.6,0.06,0.745,0.04,-0.11,0
btc-updown-15m-1774366200,1774366200,627.6,0.03,0.775,0.07,-0.075,0.06
btc-updown-15m-1774366200,1774366200,637.6,0.03,0.805,-0.08,-0.03,0.02
btc-updown-15m-1774366200,1774366200,650,-0.03,0.775,-0.11,0.02,-0.12
btc-updown-15m-1774366200,1774366200,660,0.04,0.815,-0.1,-0.02,-0.18
btc-updown-15m-1774366200,1774366200,670.1,-0.12,0.695,0.06,0.1,-0.09
btc-updown-15m-1774366200,1774366200,685.2,0.04,0.675,0.09,0.16,-0.05
btc-updown-15m-1774366200,1774366200,695.2,0.105,0.78,-0.035,0.025,-0.045
btc-updown-15m-1774366200,1774366200,709.1,0.03,0.785,0,-0.18,-0.24
btc-updown-15m-1774366200,1774366200,721.9,-0.03,0.775,0.055,-0.22,-0.42
btc-updown-15m-1774366200,1774366200,738.4,-0.03,0.745,-0.15,-0.11,-0.24
btc-updown-15m-1774366200,1774366200,748.4,0.09,0.835,-0.18,-0.21,-0.27
btc-updown-15m-1774366200,1774366200,760,-0.035,0.79,-0.185,-0.23,-0.165
btc-updown-15m-1774366200,1774366200,770,-0.135,0.655,-0.05,-0.11,0.26
btc-updown-15m-1774366200,1774366200,780.5,-0.03,0.635,0.08,-0.3,
btc-updown-15m-1774366200,1774366200,791.1,0.03,0.645,-0.14,-0.01,
btc-updown-15m-1774366200,1774366200,801.2,-0.07,0.575,-0.05,-0.07,
btc-updown-15m-1774366200,1774366200,811.2,0.17,0.745,-0.42,-0.1,
btc-updown-15m-1774366200,1774366200,821.2,-0.24,0.505,0.105,0.165,
btc-updown-15m-1774366200,1774366200,831.7,-0.03,0.485,0.02,0.4,
btc-updown-15m-1774366200,1774366200,841.7,-0.125,0.355,0.29,,
btc-updown-15m-1774366200,1774366200,851.7,0.21,0.565,0.145,,
btc-updown-15m-1774366200,1774366200,861.7,-0.08,0.485,0.4,,
btc-updown-15m-1774366200,1774366200,871.8,0.16,0.645,,,
btc-updown-15m-1774366200,1774366200,881.8,0.065,0.71,,,
btc-updown-15m-1774366200,1774366200,891.8,0.195,0.905,,,
btc-updown-15m-1774377000,1774377000,1.4,0.035,0.495,-0.01,-0.03,0.25
btc-updown-15m-1774377000,1774377000,11.6,-0.07,0.485,-0.025,0.01,0.25
btc-updown-15m-1774377000,1774377000,21.6,0.06,0.545,-0.11,-0.06,0.25
btc-updown-15m-1774377000,1774377000,31.6,-0.05,0.485,-0.02,0.08,0.31
btc-updown-15m-1774377000,1774377000,41.6,-0.035,0.455,0.04,0.14,0.35
btc-updown-15m-1774377000,1774377000,56.6,0.035,0.44,0.075,0.295,0.335
btc-updown-15m-1774377000,1774377000,71.9,0.06,0.495,0.1,0.25,0.29
btc-updown-15m-1774377000,1774377000,86,0.03,0.505,0.23,0.31,0.28
btc-updown-15m-1774377000,1774377000,96,0.09,0.595,0.14,0.2,0.12
btc-updown-15m-1774377000,1774377000,106,0.05,0.645,0.15,0.16,0.14
btc-updown-15m-1774377000,1774377000,116,0.09,0.735,0.08,0.04,0.06
btc-updown-15m-1774377000,1774377000,132.4,0.03,0.775,0.04,0.01,0.02
btc-updown-15m-1774377000,1774377000,147.1,0.035,0.82,-0.045,-0.035,-0.035
btc-updown-15m-1774377000,1774377000,158,-0.035,0.795,-0.01,-0.07,-0.01
btc-updown-15m-1774377000,1774377000,169.2,-0.03,0.77,0.015,0.025,0.015
btc-updown-15m-1774377000,1774377000,179.8,0.03,0.785,0,-0.02,0
btc-updown-15m-1774377000,1774377000,211.1,-0.075,0.71,0.065,0.055,0.115
btc-updown-15m-1774377000,1774377000,221.1,0.045,0.755,0.04,0.03,0.07
btc-updown-15m-1774377000,1774377000,231.1,0.04,0.795,-0.01,-0.01,0.08
btc-updown-15m-1774377000,1774377000,248.4,0.03,0.795,-0.01,-0.04,0.1
btc-updown-15m-1774377000,1774377000,267.7,-0.03,0.765,0.02,0.04,0.16
btc-updown-15m-1774377000,1774377000,300,-0.03,0.755,0.07,0.14,0.2
btc-updown-15m-1774377000,1774377000,310.2,0.03,0.785,0.04,0.12,0.17
btc-updown-15m-1774377000,1774377000,328.8,0.035,0.815,0.08,0.11,0.15
btc-updown-15m-1774377000,1774377000,343.4,0.03,0.845,0.05,0.09,0.12
btc-updown-15m-1774377000,1774377000,353.4,0.03,0.875,0.04,0.07,0.09
btc-updown-15m-1774377000,1774377000,386.5,0.03,0.925,0.02,0.04,0.04
btc-updown-15m-1774377000,1774377000,740.7,-0.034,0.96,0.02,0.034,0.0375
btc-updown-15m-1774377000,1774377000,750.8,0.03,0.985,0,0.008,0.0125
btc-updown-15m-1774377000,1774377000,768.2,-0.031,0.955,0.0385,0.0355,0.044
btc-updown-15m-1774387800,1774387800,2.4,0.035,0.5,0.145,0.175,-0.005
btc-updown-15m-1774387800,1774387800,12.4,0.1,0.585,0.05,0.04,-0.1
btc-updown-15m-1774387800,1774387800,22.5,0.09,0.675,-0.04,-0.15,-0.17
btc-updown-15m-1774387800,1774387800,32.5,-0.03,0.645,0.03,-0.11,-0.14
btc-updown-15m-1774387800,1774387800,57.1,0.03,0.665,-0.13,-0.17,-0.22
btc-updown-15m-1774387800,1774387800,71.7,-0.03,0.645,-0.12,-0.16,-0.15
btc-updown-15m-1774387800,1774387800,81.7,-0.1,0.535,-0.02,-0.03,-0.04
btc-updown-15m-1774387800,1774387800,112,-0.03,0.515,-0.01,-0.07,0.1
btc-updown-15m-1774387800,1774387800,126,-0.03,0.485,-0.04,0.005,0.06
btc-updown-15m-1774387800,1774387800,139,0.03,0.515,-0.06,-0.02,0
btc-updown-15m-1774387800,1774387800,155.7,-0.035,0.47,0.02,0.035,0.055
btc-updown-15m-1774387800,1774387800,181.7,0.035,0.48,0.025,0.055,0.05
btc-updown-15m-1774387800,1774387800,223.4,0.03,0.535,-0.01,0.05,0.04
btc-updown-15m-1774387800,1774387800,233.4,0.08,0.615,-0.11,-0.06,0.01
btc-updown-15m-1774387800,1774387800,243.4,-0.08,0.535,-0.03,0.01,0.09
btc-updown-15m-1774387800,1774387800,254.6,-0.03,0.515,0.07,0.01,0.01
btc-updown-15m-1774387800,1774387800,277,0.03,0.545,-0.01,0.06,0.09
btc-updown-15m-1774387800,1774387800,287,0.04,0.585,-0.07,0,0.06
btc-updown-15m-1774387800,1774387800,297.1,-0.04,0.535,-0.02,0.1,0.07
btc-updown-15m-1774387800,1774387800,319,-0.03,0.515,0.09,0.05,0.11
btc-updown-15m-1774387800,1774387800,333.7,0.03,0.545,0.08,0.09,-0.06
btc-updown-15m-1774387800,1774387800,345.7,-0.03,0.575,-0.05,0.06,-0.05
btc-updown-15m-1774387800,1774387800,355.7,0.06,0.635,0.01,-0.03,-0.01
btc-updown-15m-1774387800,1774387800,368.1,-0.04,0.595,0.04,0.04,0.05
btc-updown-15m-1774387800,1774387800,378.1,-0.06,0.525,0.12,0.1,0.12
btc-updown-15m-1774387800,1774387800,388.2,0.12,0.645,-0.04,-0.09,0
btc-updown-15m-1774387800,1774387800,402.3,-0.03,0.605,0.03,-0.13,0.04
btc-updown-15m-1774387800,1774387800,412.3,0.03,0.645,-0.02,-0.08,0
btc-updown-15m-1774387800,1774387800,422.4,-0.05,0.595,-0.11,0.05,0.05
btc-updown-15m-1774387800,1774387800,432.4,0.04,0.635,-0.16,0.01,0.01
btc-updown-15m-1774387800,1774387800,443.2,-0.03,0.605,-0.04,0.04,0.04
btc-updown-15m-1774387800,1774387800,453.2,-0.12,0.485,0.16,0.16,0.16
btc-updown-15m-1774387800,1774387800,465.5,0.035,0.52,0.125,0.125,0.125
btc-updown-15m-1774387800,1774387800,475.8,0.1,0.625,0.02,0.02,0.02
btc-updown-15m-1774387800,1774387800,609.1,0.03,0.675,0.07,0.135,0.275
btc-updown-15m-1774387800,1774387800,629.5,0.05,0.725,0.06,0.17,0.225
btc-updown-15m-1774387800,1774387800,643.3,0.045,0.745,0.11,0.165,0.22
btc-updown-15m-1774387800,1774387800,653.7,0.03,0.775,0.085,0.155,0.19
btc-updown-15m-1774387800,1774387800,664.2,0.03,0.805,0.1,0.13,0.165
btc-updown-15m-1774387800,1774387800,675,0.04,0.855,0.065,0.095,0.13
btc-updown-15m-1774387800,1774387800,685.5,0.03,0.885,0.045,0.065,0.1
btc-updown-15m-1774398600,1774398600,5.6,-0.03,0.425,-0.24,-0.2,0.1
btc-updown-15m-1774398600,1774398600,20.8,-0.035,0.44,-0.215,-0.125,0.035
btc-updown-15m-1774398600,1774398600,30.9,-0.3,0.135,0.1,0.25,0.35
btc-updown-15m-1774398600,1774398600,47.3,0.04,0.225,0.12,0.23,0.29
btc-updown-15m-1774398600,1774398600,71,0.03,0.245,0.21,0.26,0.395
btc-updown-15m-1774398600,1774398600,81.1,0.07,0.315,0.17,0.15,0.33
btc-updown-15m-1774398600,1774398600,91.1,0.07,0.385,0.1,0.1,0.32
btc-updown-15m-1774398600,1774398600,101.1,0.07,0.455,0.05,0.07,0.22
btc-updown-15m-1774398600,1774398600,119.1,0.035,0.5,-0.045,0.085,0.27
btc-updown-15m-1774398600,1774398600,139.6,-0.03,0.475,0.07,0.18,0.37
btc-updown-15m-1774398600,1774398600,151.5,0.035,0.5,0.095,0.195,0.315
btc-updown-15m-1774398600,1774398600,172.5,0.03,0.555,0.1,0.11,0.29
btc-updown-15m-1774398600,1774398600,182.5,0.04,0.595,0.07,0.235,0.24
btc-updown-15m-1774398600,1774398600,192.6,0.05,0.645,0.03,0.16,0.2
btc-updown-15m-1774398600,1774398600,203.1,0.03,0.675,-0.01,0.14,0.14
btc-updown-15m-1774398600,1774398600,213.2,-0.045,0.665,0.18,0.14,0.17
btc-updown-15m-1774398600,1774398600,234.3,0.035,0.71,0.095,0.135,0.185
btc-updown-15m-1774398600,1774398600,244.4,0.12,0.835,-0.03,0,0.06
btc-updown-15m-1774398600,1774398600,255.4,0.035,0.84,-0.005,0.015,0.035
btc-updown-15m-1774398600,1774398600,265.4,-0.055,0.795,0.02,0.01,0.12
btc-updown-15m-1774398600,1774398600,315.1,0.03,0.855,0,0.02,0.07
btc-updown-15m-1774398600,1774398600,325.1,-0.05,0.805,0.09,0.11,0.13
btc-updown-15m-1774398600,1774398600,335.1,0.04,0.845,0.05,0.05,0.12
btc-updown-15m-1774398600,1774398600,353.7,0.03,0.895,0.01,0.01,0.06
btc-updown-15m-1774398600,1774398600,371.5,-0.03,0.875,0.035,0.04,0.08
btc-updown-15m-1774398600,1774398600,383.5,0.03,0.905,0,0.03,0.06
btc-updown-15m-1774398600,1774398600,453.3,0.035,0.955,-0.01,0.02,0.03
btc-updown-15m-1774409400,1774409400,0.8,0.04,0.565,0.18,0.21,0.27
btc-updown-15m-1774409400,1774409400,10.8,0.045,0.64,0.14,0.125,0.225
btc-updown-15m-1774409400,1774409400,22.8,-0.03,0.605,0.17,0.2,0.21
btc-updown-15m-1774409400,1774409400,32.8,0.12,0.725,0.05,0.05,0.07
btc-updown-15m-1774409400,1774409400,42.8,0.07,0.795,-0.02,0.01,0.1
btc-updown-15m-1774409400,1774409400,54.6,0.03,0.785,0.02,0.03,0.14
btc-updown-15m-1774409400,1774409400,65.2,-0.03,0.765,0.03,0.07,0.12
btc-updown-15m-1774409400,1774409400,77.1,0.03,0.775,0.03,0.05,0.12
btc-updown-15m-1774409400,1774409400,87.1,0.03,0.805,0.055,0.03,0.09
btc-updown-15m-1774409400,1774409400,99.4,0.03,0.805,0.04,0.04,0.08
btc-updown-15m-1774409400,1774409400,115.9,0.035,0.84,-0.02,0.085,0.055
btc-updown-15m-1774409400,1774409400,126.2,-0.03,0.835,0.01,0.05,0.07
btc-updown-15m-1774409400,1774409400,139.8,-0.03,0.825,0.08,0.07,0.05
btc-updown-15m-1774409400,1774409400,153.2,-0.035,0.78,0.105,0.105,0.095
btc-updown-15m-1774409400,1774409400,163.3,0.12,0.895,-0.01,-0.01,0
btc-updown-15m-1774409400,1774409400,173.3,0.03,0.925,-0.02,-0.03,-0.03
btc-updown-15m-1774409400,1774409400,183.3,-0.04,0.885,0,0.02,0.02
btc-updown-15m-1774409400,1774409400,210.8,-0.03,0.875,0.02,-0.01,0.07
btc-updown-15m-1774409400,1774409400,257.5,-0.03,0.875,0.02,0.06,0.09
btc-updown-15m-1774409400,1774409400,269.1,-0.03,0.845,0.05,0.11,0.11
btc-updown-15m-1774409400,1774409400,279.1,0.03,0.875,0.04,0.08,0.09
btc-updown-15m-1774409400,1774409400,289.7,0.03,0.895,0.04,0.07,0.08
btc-updown-15m-1774409400,1774409400,312.5,0.03,0.935,0.02,0.03,0.04
btc-updown-15m-1774420200,1774420200,3.7,-0.03,0.425,0.02,0.03,-0.09
btc-updown-15m-1774420200,1774420200,13.8,0.03,0.445,0.04,0.03,-0.1
btc-updown-15m-1774420200,1774420200,26.3,0.03,0.445,0.04,0.04,-0.18
btc-updown-15m-1774420200,1774420200,43.5,0.035,0.485,-0.01,0.06,-0.25
btc-updown-15m-1774420200,1774420200,100,0.03,0.515,-0.18,-0.3,-0.245
btc-updown-15m-1774420200,1774420200,110.7,-0.03,0.515,-0.23,-0.28,-0.21
btc-updown-15m-1774420200,1774420200,120.7,-0.105,0.41,-0.16,-0.145,-0.115
btc-updown-15m-1774420200,1774420200,130.7,-0.085,0.325,-0.11,-0.02,-0.01
btc-updown-15m-1774420200,1774420200,140.7,-0.04,0.285,-0.05,-0.02,0.03
btc-updown-15m-1774420200,1774420200,150.8,-0.035,0.25,0.015,-0.035,0.095
btc-updown-15m-1774420200,1774420200,160.8,-0.035,0.215,0.09,0.06,0.1
btc-updown-15m-1774420200,1774420200,172.1,0.03,0.245,0.02,0.06,0.07
btc-updown-15m-1774420200,1774420200,187.8,0.035,0.29,-0.035,0.025,0.215
btc-updown-15m-1774420200,1774420200,197.8,0.04,0.335,-0.03,-0.02,0.11
btc-updown-15m-1774420200,1774420200,207.8,-0.12,0.215,0.08,0.13,0.12
btc-updown-15m-1774420200,1774420200,217.8,0.04,0.255,0.06,0.06,0.22
btc-updown-15m-1774420200,1774420200,227.9,0.05,0.305,0.01,0.02,0.23
btc-updown-15m-1774420200,1774420200,250.9,0.03,0.325,-0.01,0.19,0.13
btc-updown-15m-1774420200,1774420200,269.4,0.04,0.345,0.13,0,0.01
btc-updown-15m-1774420200,1774420200,293.6,-0.03,0.295,0.08,0.2,-0.07
btc-updown-15m-1774420200,1774420200,303.6,0.195,0.495,-0.06,0,-0.27
btc-updown-15m-1774420200,1774420200,316.3,-0.035,0.46,0.075,-0.065,-0.255
btc-updown-15m-1774420200,1774420200,326.3,-0.125,0.335,0.16,0.02,-0.07
btc-updown-15m-1774420200,1774420200,336.3,0.14,0.475,0.02,-0.19,0
btc-updown-15m-1774420200,1774420200,346.3,0.06,0.535,-0.14,-0.31,-0.07
btc-updown-15m-1774420200,1774420200,356.3,-0.04,0.495,-0.14,-0.27,-0.005
btc-updown-15m-1774420200,1774420200,369,-0.035,0.46,-0.175,-0.235,-0.075
btc-updown-15m-1774420200,1774420200,379,-0.09,0.375,-0.15,-0.16,-0.005
btc-updown-15m-1774420200,1774420200,393,-0.035,0.31,-0.085,0.195,-0.035
btc-updown-15m-1774420200,1774420200,403,-0.09,0.22,-0.015,0.235,0.055
btc-updown-15m-1774420200,1774420200,417.8,-0.03,0.195,0.3,0.21,0.04
btc-updown-15m-1774420200,1774420200,427.9,0.03,0.225,0.25,0.17,0
btc-updown-15m-1774420200,1774420200,441.2,0.03,0.235,0.24,0.06,-0.04
btc-updown-15m-1774420200,1774420200,451.2,0.27,0.505,-0.1,-0.23,-0.33
btc-updown-15m-1774420200,1774420200,461.2,-0.05,0.455,-0.135,-0.16,-0.29
btc-updown-15m-1774420200,1774420200,472.6,0.035,0.49,-0.195,-0.255,-0.315
btc-updown-15m-1774420200,1774420200,482.9,-0.1,0.395,-0.12,-0.16,-0.25
btc-updown-15m-1774420200,1774420200,492.9,-0.08,0.315,-0.04,-0.11,-0.19
btc-updown-15m-1774420200,1774420200,503.2,-0.03,0.295,-0.06,-0.13,-0.18
btc-updown-15m-1774420200,1774420200,523.4,-0.03,0.245,-0.04,-0.075,-0.12
btc-updown-15m-1774420200,1774420200,539.6,-0.03,0.225,-0.04,-0.07,-0.13
btc-updown-15m-1774420200,1774420200,551.8,-0.03,0.205,-0.04,-0.08,0.02
btc-updown-15m-1774420200,1774420200,561.8,-0.04,0.165,0.01,-0.05,-0.01
btc-updown-15m-1774420200,1774420200,579.5,-0.03,0.145,-0.01,-0.03,0.08
btc-updown-15m-1774420200,1774420200,589.5,0.03,0.175,-0.06,-0.06,0.01
btc-updown-15m-1774420200,1774420200,600.8,-0.03,0.145,-0.02,-0.05,0.05
btc-updown-15m-1774420200,1774420200,611.3,-0.03,0.125,0,0.1,0.13
btc-updown-15m-1774420200,1774420200,665.5,0.03,0.135,0.075,0.14,0.07
btc-updown-15m-1774420200,1774420200,675.5,0.1,0.235,-0.04,0.11,-0.05
btc-updown-15m-1774420200,1774420200,685.5,-0.03,0.205,0,0.18,0.01
btc-updown-15m-1774420200,1774420200,704.3,0.03,0.235,0.03,0.24,0.16
btc-updown-15m-1774420200,1774420200,714.3,-0.05,0.185,0.2,0.03,0.07
btc-updown-15m-1774420200,1774420200,724.3,0.09,0.275,0.09,-0.05,-0.1
btc-updown-15m-1774420200,1774420200,735,0.03,0.315,0.16,-0.13,-0.27
btc-updown-15m-1774420200,1774420200,745.1,0.055,0.385,-0.18,-0.17,-0.33
btc-updown-15m-1774420200,1774420200,758.7,-0.03,0.355,-0.15,-0.05,-0.34
btc-updown-15m-1774420200,1774420200,768.8,0.04,0.395,-0.14,-0.07,-0.385
btc-updown-15m-1774420200,1774420200,778.8,-0.175,0.22,0.005,-0.045,-0.21
btc-updown-15m-1774420200,1774420200,788.8,-0.03,0.19,0.115,-0.025,
btc-updown-15m-1774420200,1774420200,798.8,0.07,0.255,0.07,-0.21,
btc-updown-15m-1774420200,1774420200,808.8,-0.03,0.225,-0.05,-0.2,
btc-updown-15m-1774420200,1774420200,818.8,0.08,0.305,-0.14,-0.295,
btc-updown-15m-1774420200,1774420200,829.3,0.03,0.335,-0.29,-0.325,
btc-updown-15m-1774420200,1774420200,839.3,-0.16,0.175,-0.15,-0.165,
btc-updown-15m-1774420200,1774420200,852.5,-0.03,0.145,-0.135,,
btc-updown-15m-1774420200,1774420200,862.5,-0.09,0.055,-0.045,,
btc-updown-15m-1774420200,1774420200,872.5,-0.03,0.025,,,
btc-updown-15m-1774431000,1774431000,3.2,0.03,0.52,0.055,0.125,0.115
btc-updown-15m-1774431000,1774431000,13.3,0.03,0.545,0.06,0.11,0.05
btc-updown-15m-1774431000,1774431000,34,0.035,0.58,0.065,0.075,0.055
btc-updown-15m-1774431000,1774431000,44,0.035,0.615,0.03,0.04,-0.02
btc-updown-15m-1774431000,1774431000,55.4,0.03,0.655,-0.01,0.04,-0.06
btc-updown-15m-1774431000,1774431000,106.1,0.03,0.665,-0.09,-0.07,-0.2
btc-updown-15m-1774431000,1774431000,122,-0.035,0.66,-0.035,-0.055,-0.145
btc-updown-15m-1774431000,1774431000,132,-0.065,0.595,-0.01,0.03,-0.05
btc-updown-15m-1774431000,1774431000,151.8,0.03,0.605,0,-0.1,0
btc-updown-15m-1774431000,1774431000,161.8,-0.04,0.585,0.04,-0.09,0.03
btc-updown-15m-1774431000,1774431000,183.1,0.03,0.625,-0.12,-0.11,-0.15
btc-updown-15m-1774431000,1774431000,205.5,-0.03,0.605,-0.14,-0.02,-0.1
btc-updown-15m-1774431000,1774431000,215.5,-0.1,0.505,0.01,0.08,0.04
btc-updown-15m-1774431000,1774431000,225.5,-0.04,0.465,0.08,0.15,0.18
btc-updown-15m-1774431000,1774431000,241,0.035,0.5,0.105,-0.055,-0.105
btc-updown-15m-1774431000,1774431000,251,0.045,0.545,0.07,-0.22,-0.05
btc-updown-15m-1774431000,1774431000,261,0.04,0.585,0.03,-0.11,-0.12
btc-updown-15m-1774431000,1774431000,283.7,0.03,0.615,-0.25,0.02,-0.11
btc-updown-15m-1774431000,1774431000,297.5,-0.04,0.575,-0.07,-0.18,-0.07
btc-updown-15m-1774431000,1774431000,307.5,-0.13,0.405,0.19,0.03,0.08
btc-updown-15m-1774431000,1774431000,317.5,0.06,0.465,0.19,0.03,0.02
btc-updown-15m-1774431000,1774431000,327.6,0.04,0.505,-0.11,-0.06,-0.07
btc-updown-15m-1774431000,1774431000,337.6,0.09,0.595,-0.16,-0.16,-0.18
btc-updown-15m-1774431000,1774431000,347.7,0.06,0.655,-0.16,-0.15,-0.22
btc-updown-15m-1774431000,1774431000,357.7,-0.26,0.395,0.05,0.11,0.11
btc-updown-15m-1774431000,1774431000,367.7,0.04,0.435,0.01,0.05,0.21
btc-updown-15m-1774431000,1774431000,377.7,0.06,0.495,0.01,-0.01,0.11
btc-updown-15m-1774431000,1774431000,387.7,-0.05,0.445,0.055,-0.01,0.19
btc-updown-15m-1774431000,1774431000,398.4,0.035,0.475,0.01,-0.06,0
btc-updown-15m-1774431000,1774431000,408.4,0.03,0.505,-0.02,-0.02,-0.02
btc-updown-15m-1774431000,1774431000,426.6,-0.03,0.475,-0.06,0.12,0.07
btc-updown-15m-1774431000,1774431000,443.4,-0.035,0.46,0.045,0.135,0.175
btc-updown-15m-1774431000,1774431000,453.4,0.03,0.455,0.13,0.14,0.185
btc-updown-15m-1774431000,1774431000,463.4,-0.04,0.415,0.2,0.02,0.22
btc-updown-15m-1774431000,1774431000,473.4,0.09,0.505,0.09,-0.04,0.21
btc-updown-15m-1774431000,1774431000,483.4,0.08,0.585,0.01,-0.05,0.15
btc-updown-15m-1774431000,1774431000,493.9,0.03,0.615,-0.18,-0.065,0.08
btc-updown-15m-1774431000,1774431000,507,0.03,0.635,-0.17,-0.01,0.08
btc-updown-15m-1774431000,1774431000,517,-0.14,0.495,0.05,0.15,0.24
btc-updown-15m-1774431000,1774431000,533,0.03,0.465,0.17,0.25,0.35
btc-updown-15m-1774431000,1774431000,543,0.07,0.535,0.1,0.2,0.235
btc-updown-15m-1774431000,1774431000,554,0.04,0.575,0.06,0.12,0.17
btc-updown-15m-1774431000,1774431000,564,0.06,0.635,0.08,0.07,0.17
btc-updown-15m-1774431000,1774431000,575.1,0.03,0.655,0.02,0.08,0.16
btc-updown-15m-1774431000,1774431000,587,0.03,0.675,0.02,0.16,-0.07
btc-updown-15m-1774431000,1774431000,597,0.06,0.745,-0.03,-0.02,-0.1
btc-updown-15m-1774431000,1774431000,607.1,-0.08,0.665,0.07,0.1,0.06
btc-updown-15m-1774431000,1774431000,618.7,0.035,0.7,0.125,0.035,0.115
btc-updown-15m-1774431000,1774431000,634.2,0.03,0.735,0.05,0.08,0.06
btc-updown-15m-1774431000,1774431000,644.3,0.1,0.835,-0.09,-0.03,0
btc-updown-15m-1774431000,1774431000,656,-0.035,0.79,-0.035,-0.175,-0.035
btc-updown-15m-1774431000,1774431000,666.4,0.04,0.765,0.04,-0.06,0
btc-updown-15m-1774431000,1774431000,677.2,-0.03,0.735,-0.13,-0.015,-0.08
btc-updown-15m-1774431000,1774431000,688.1,0.03,0.765,-0.09,0.03,-0.14
btc-updown-15m-1774431000,1774431000,698.1,0.045,0.81,-0.045,-0.005,-0.205
btc-updown-15m-1774431000,1774431000,708.1,-0.205,0.605,0.2,0.23,0.13
btc-updown-15m-1774431000,1774431000,718.1,0.07,0.675,0.12,0.08,-0.09
btc-updown-15m-1774431000,1774431000,728.1,0.09,0.765,0.04,0,0
btc-updown-15m-1774431000,1774431000,738.1,0.04,0.805,0.03,-0.13,0.04
btc-updown-15m-1774431000,1774431000,753.6,-0.04,0.795,-0.04,-0.34,0.01
btc-updown-15m-1774431000,1774431000,763.7,0.04,0.835,-0.22,-0.07,-0.27
btc-updown-15m-1774431000,1774431000,773.9,-0.08,0.755,-0.04,-0.18,-0.46
btc-updown-15m-1774431000,1774431000,783.9,-0.03,0.725,-0.24,-0.08,
btc-updown-15m-1774431000,1774431000,793.9,-0.11,0.615,0.16,0.215,
btc-updown-15m-1774431000,1774431000,803.9,0.1,0.715,-0.14,0.1,
btc-updown-15m-1774431000,1774431000,813.9,-0.23,0.485,0.16,0.33,
btc-updown-15m-1774431000,1774431000,823.9,0.29,0.775,0.05,-0.21,
btc-updown-15m-1774431000,1774431000,833.9,-0.2,0.575,0.24,-0.28,
btc-updown-15m-1774431000,1774431000,844,0.07,0.645,0.17,,
btc-updown-15m-1774431000,1774431000,854,0.18,0.825,-0.26,,
btc-updown-15m-1774431000,1774431000,865.1,0.035,0.82,-0.565,,
btc-updown-15m-1774431000,1774431000,875.9,-0.04,0.785,,,
btc-updown-15m-1774431000,1774431000,886,-0.04,0.565,,,
btc-updown-15m-1774431000,1774431000,896,-0.265,0.3,,,
btc-updown-15m-1774441800,1774441800,4.5,-0.03,0.515,-0.14,-0.13,-0.2
btc-updown-15m-1774441800,1774441800,19.7,0.03,0.515,-0.15,-0.18,-0.18
btc-updown-15m-1774441800,1774441800,29.7,-0.1,0.415,-0.05,-0.12,-0.14
btc-updown-15m-1774441800,1774441800,44.1,0.03,0.395,-0.04,-0.11,-0.09
btc-updown-15m-1774441800,1774441800,62.3,-0.03,0.365,-0.08,-0.07,0.005
btc-updown-15m-1774441800,1774441800,73.9,-0.03,0.355,-0.07,-0.02,0.04
btc-updown-15m-1774441800,1774441800,83.9,-0.07,0.285,0.02,0.04,0.15
btc-updown-15m-1774441800,1774441800,95.6,-0.035,0.265,0.06,0.01,0.24
btc-updown-15m-1774441800,1774441800,107.9,-0.03,0.285,0.05,0.06,0.16
btc-updown-15m-1774441800,1774441800,125.1,0.03,0.325,-0.05,0.06,0.2
btc-updown-15m-1774441800,1774441800,136.8,-0.04,0.315,0.02,0.09,0.21
btc-updown-15m-1774441800,1774441800,146.9,-0.05,0.265,0.06,0.2,0.24
btc-updown-15m-1774441800,1774441800,159.5,-0.03,0.245,0.14,0.27,0.34
btc-updown-15m-1774441800,1774441800,169.5,0.1,0.345,0.07,0.1,0.3
btc-updown-15m-1774441800,1774441800,181,0.035,0.37,0.105,0.115,0.275
btc-updown-15m-1774441800,1774441800,195.5,0.035,0.42,0.035,0.045,0.245
btc-updown-15m-1774441800,1774441800,205.6,0.03,0.445,0.05,0.06,0.15
btc-updown-15m-1774441800,1774441800,215.6,0.06,0.505,0.02,0,0.11
btc-updown-15m-1774441800,1774441800,225.6,-0.05,0.455,0.01,0.15,0.08
btc-updown-15m-1774441800,1774441800,235.6,0.04,0.495,0.01,0.15,0.07
btc-updown-15m-1774441800,1774441800,245.6,0.03,0.525,-0.02,0.165,0
btc-updown-15m-1774441800,1774441800,255.6,-0.06,0.465,0.14,0.2,0.03
btc-updown-15m-1774441800,1774441800,265.6,0.04,0.505,0.14,0.09,-0.04
btc-updown-15m-1774441800,1774441800,277.7,0.035,0.55,0.065,0.05,-0.015
btc-updown-15m-1774441800,1774441800,287.7,0.1,0.655,0.01,-0.11,-0.1
btc-updown-15m-1774441800,1774441800,301.7,0.03,0.645,-0.02,-0.09,-0.115
btc-updown-15m-1774441800,1774441800,312.3,-0.03,0.645,-0.07,-0.12,-0.16
btc-updown-15m-1774441800,1774441800,322.3,-0.045,0.6,-0.025,-0.105,-0.065
btc-updown-15m-1774441800,1774441800,338.4,-0.03,0.595,-0.07,-0.04,-0.07
btc-updown-15m-1774441800,1774441800,348.4,-0.05,0.545,-0.01,0.01,0
btc-updown-15m-1774441800,1774441800,362.1,-0.035,0.54,-0.035,-0.025,0.035
btc-updown-15m-1774441800,1774441800,372.7,-0.03,0.495,0.06,-0.01,0.19
btc-updown-15m-1774441800,1774441800,387.5,-0.04,0.465,0.06,0.08,0.22
btc-updown-15m-1774441800,1774441800,397.5,0.07,0.535,-0.04,-0.02,0.18
btc-updown-15m-1774441800,1774441800,409.3,0.035,0.59,-0.085,-0.045,0.075
btc-updown-15m-1774441800,1774441800,419.3,-0.065,0.525,0,0.035,0.16
btc-updown-15m-1774441800,1774441800,430.4,-0.03,0.505,0.01,0.17,0.26
btc-updown-15m-1774441800,1774441800,440.7,0.03,0.535,0.01,0.14,0.2
btc-updown-15m-1774441800,1774441800,453.7,-0.03,0.515,0.075,0.2,0.27
btc-updown-15m-1774441800,1774441800,463.7,0.03,0.535,0.15,0.14,0.24
btc-updown-15m-1774441800,1774441800,479.5,0.035,0.57,0.135,0.115,0.225
btc-updown-15m-1774441800,1774441800,489.5,0.085,0.655,0.03,0.11,0.03
btc-updown-15m-1774441800,1774441800,512.2,0.035,0.705,-0.02,0.08,0.14
btc-updown-15m-1774441800,1774441800,522.5,-0.04,0.675,0.09,0.105,0.21
btc-updown-15m-1774441800,1774441800,532.5,-0.03,0.645,0.1,0.13,0.155
btc-updown-15m-1774441800,1774441800,542.5,0.04,0.685,0.1,0.065,0.13
btc-updown-15m-1774441800,1774441800,552.5,0.08,0.765,0.01,0.01,0.055
btc-updown-15m-1774441800,1774441800,569.9,0.03,0.775,0.03,0.1,0.16
btc-updown-15m-1774441800,1774441800,579.9,0.03,0.805,-0.14,0.07,0.12
btc-updown-15m-1774441800,1774441800,590,-0.03,0.775,0.06,0.09,0.13
btc-updown-15m-1774441800,1774441800,600,0.03,0.805,0.07,-0.04,0.11
btc-updown-15m-1774441800,1774441800,610,-0.15,0.655,0.22,0.14,0.3
btc-updown-15m-1774441800,1774441800,620,0.18,0.835,0.03,0.09,0.14
btc-updown-15m-1774441800,1774441800,630.1,0.04,0.875,-0.11,0.06,0.1
btc-updown-15m-1774441800,1774441800,641.5,0.03,0.885,-0.06,0.025,0.09
btc-updown-15m-1774441800,1774441800,651.5,-0.05,0.835,0.08,0.09,0.15
btc-updown-15m-1774441800,1774441800,661.5,-0.08,0.755,0.17,0.18,0.23
btc-updown-15m-1774441800,1774441800,671.5,0.06,0.825,0.085,0.13,0.16
btc-updown-15m-1774441800,1774441800,681.5,0.09,0.915,0.01,0.06,0.075
btc-updown-15m-1774441800,1774441800,698.4,0.03,0.935,0.02,0.035,0.055
btc-updown-15m-1774441800,1774441800,708.4,-0.03,0.905,0.06,0.08,0.085
btc-updown-15m-1774441800,1774441800,721,0.03,0.935,0.04,0.05,0.055
btc-updown-15m-1774441800,1774441800,732.6,0.035,0.955,0.02,0.035,0.03
btc-updown-15m-1774452600,1774452600,0.5,0.03,0.525,-0.07,0.025,0.1
btc-updown-15m-1774452600,1774452600,11.1,-0.03,0.495,-0.015,0.05,0.12
btc-updown-15m-1774452600,1774452600,22.2,-0.03,0.475,0.06,0.05,0.15
btc-updown-15m-1774452600,1774452600,33.8,-0.035,0.45,0.105,0.045,0.115
btc-updown-15m-1774452600,1774452600,43.8,0.065,0.51,-0.015,0.005,0.015
btc-updown-15m-1774452600,1774452600,55.8,-0.03,0.495,0.03,0.13,-0.05
btc-updown-15m-1774452600,1774452600,65.9,0.08,0.575,-0.06,0.04,-0.12
btc-updown-15m-1774452600,1774452600,75.9,-0.05,0.525,-0.01,0.1,-0.14
btc-updown-15m-1774452600,1774452600,90.5,-0.03,0.495,0.13,0.07,-0.09
btc-updown-15m-1774452600,1774452600,109.1,0.03,0.535,0.09,-0.06,-0.14
btc-updown-15m-1774452600,1774452600,119.1,0.09,0.625,-0.06,-0.18,-0.25
btc-updown-15m-1774452600,1774452600,134.9,-0.03,0.585,-0.11,-0.21,-0.13
btc-updown-15m-1774452600,1774452600,145.5,-0.03,0.585,-0.14,-0.17,-0.14
btc-updown-15m-1774452600,1774452600,158.3,-0.035,0.53,-0.095,-0.165,-0.105
btc-updown-15m-1774452600,1774452600,168.3,-0.065,0.465,-0.05,-0.05,-0.09
btc-updown-15m-1774452600,1774452600,181.8,-0.03,0.435,0.015,-0.06,-0.01
btc-updown-15m-1774452600,1774452600,191.8,-0.075,0.36,0.025,0.025,0.035
btc-updown-15m-1774452600,1774452600,201.9,0.055,0.415,-0.04,0.03,-0.06
btc-updown-15m-1774452600,1774452600,211.9,0.035,0.45,-0.075,-0.045,-0.105
btc-updown-15m-1774452600,1774452600,221.9,-0.07,0.385,0.01,0,-0.1
btc-updown-15m-1774452600,1774452600,234.8,-0.04,0.375,0.07,0.01,-0.05
btc-updown-15m-1774452600,1774452600,251.9,0.03,0.405,-0.02,-0.01,-0.15
btc-updown-15m-1774452600,1774452600,261.9,0.04,0.445,-0.05,-0.09,-0.18
btc-updown-15m-1774452600,1774452600,271.9,-0.04,0.405,0.02,-0.06,-0.16
btc-updown-15m-1774452600,1774452600,282.9,-0.035,0.38,0.025,-0.075,-0.055
btc-updown-15m-1774452600,1774452600,294.2,0.03,0.395,-0.035,-0.07,-0.13
btc-updown-15m-1774452600,1774452600,304.8,0.035,0.425,-0.11,-0.16,-0.22
btc-updown-15m-1774452600,1774452600,321,-0.03,0.355,-0.02,-0.09,-0.15
btc-updown-15m-1774452600,1774452600,334.6,-0.035,0.32,-0.055,-0.075,-0.155
btc-updown-15m-1774452600,1774452600,346.5,0.03,0.315,0,0.01,-0.13
btc-updown-15m-1774452600,1774452600,356.7,0.03,0.325,-0.1,-0.1,-0.15
btc-updown-15m-1774452600,1774452600,366.7,-0.07,0.255,0.04,-0.05,-0.1
btc-updown-15m-1774452600,1774452600,376.7,0.06,0.315,0.01,-0.085,-0.19
btc-updown-15m-1774452600,1774452600,386.7,-0.09,0.225,0,-0.03,-0.12
btc-updown-15m-1774452600,1774452600,396.7,0.07,0.295,-0.09,-0.14,-0.21
btc-updown-15m-1774452600,1774452600,406.7,0.03,0.325,-0.095,-0.14,-0.23
btc-updown-15m-1774452600,1774452600,416.7,-0.1,0.225,-0.03,-0.05,-0.17
btc-updown-15m-1774452600,1774452600,428.7,-0.03,0.195,-0.04,-0.045,-0.11
btc-updown-15m-1774452600,1774452600,438.7,0.04,0.235,-0.07,-0.12,-0.14
btc-updown-15m-1774452600,1774452600,448.7,-0.05,0.185,-0.025,-0.1,-0.08
btc-updown-15m-1774452600,1774452600,458.7,-0.03,0.155,-0.01,-0.07,-0.04
btc-updown-15m-1774452600,1774452600,472.8,-0.035,0.17,-0.075,-0.095,-0.075
btc-updown-15m-1774452600,1774452600,494,-0.03,0.125,-0.03,-0.03,-0.04
btc-updown-15m-1774452600,1774452600,504,-0.03,0.095,-0.03,0.02,-0.01
btc-updown-15m-1774452600,1774452600,532.2,-0.03,0.075,0.01,0.02,0.02
btc-updown-15m-1774452600,1774452600,547.6,0.03,0.085,0.04,-0.02,-0.03
btc-updown-15m-1774452600,1774452600,564.7,0.03,0.115,-0.02,-0.03,-0.07
btc-updown-15m-1774452600,1774452600,585,-0.03,0.075,0.01,0.04,-0.06
btc-updown-15m-1774452600,1774452600,596.7,0.03,0.085,0.02,0.03,-0.07
btc-updown-15m-1774452600,1774452600,610.3,0.03,0.095,0.01,-0.03,-0.08
btc-updown-15m-1774452600,1774452600,620.4,-0.03,0.065,0.03,-0.02,-0.05
btc-updown-15m-1774452600,1774452600,630.4,0.03,0.095,-0.02,-0.05,-0.08
btc-updown-15m-1774452600,1774452600,641.6,0.03,0.105,-0.04,-0.08,-0.095
btc-updown-15m-1774452600,1774452600,654.8,-0.03,0.085,-0.04,-0.07,-0.075
btc-updown-15m-1774452600,1774452600,665,-0.03,0.055,-0.02,-0.04,-0.045
btc-updown-15m-1774452600,1774452600,679.2,-0.03,0.045,-0.03,-0.03,-0.035
btc-updown-15m-1774463400,1774463400,0.5,0.03,0.505,0.07,-0.03,-0.17
btc-updown-15m-1774463400,1774463400,10.5,0.09,0.595,0,-0.18,-0.23
btc-updown-15m-1774463400,1774463400,20.5,-0.09,0.505,0.02,-0.1,-0.14
btc-updown-15m-1774463400,1774463400,30.5,0.07,0.575,-0.1,-0.23,-0.27
btc-updown-15m-1774463400,1774463400,44.9,-0.03,0.585,-0.19,-0.26,-0.27
btc-updown-15m-1774463400,1774463400,54.9,-0.1,0.485,-0.07,-0.19,-0.16
btc-updown-15m-1774463400,1774463400,65.2,-0.035,0.45,-0.105,-0.085,-0.145
btc-updown-15m-1774463400,1774463400,75.2,-0.055,0.395,-0.07,-0.03,-0.09
btc-updown-15m-1774463400,1774463400,88.6,-0.03,0.365,-0.03,-0.06,-0.01
btc-updown-15m-1774463400,1774463400,106.7,-0.04,0.315,0.05,0.04,0.12
btc-updown-15m-1774463400,1774463400,117.4,0.045,0.345,-0.04,-0.02,0.09
btc-updown-15m-1774463400,1774463400,143.8,-0.035,0.33,-0.005,0.035,0.015
btc-updown-15m-1774463400,1774463400,163.6,-0.03,0.305,0,0.13,0.03
btc-updown-15m-1774463400,1774463400,178.8,-0.03,0.305,0.05,0.13,0.02
btc-updown-15m-1774463400,1774463400,196.8,0.03,0.335,0.1,0.01,0.04
btc-updown-15m-1774463400,1774463400,209.4,0.03,0.395,0.04,-0.06,-0.02
btc-updown-15m-1774463400,1774463400,219.5,-0.03,0.375,-0.01,-0.06,-0.03
btc-updown-15m-1774463400,1774463400,229.5,0.06,0.435,-0.09,-0.1,-0.06
btc-updown-15m-1774463400,1774463400,245.7,-0.035,0.4,-0.075,0.005,-0.055
btc-updown-15m-1774463400,1774463400,255.7,-0.06,0.345,-0.01,0.02,-0.04
btc-updown-15m-1774463400,1774463400,291,0.03,0.335,0.04,0.04,-0.03
btc-updown-15m-1774463400,1774463400,302.6,0.035,0.36,0.015,0.045,-0.005
btc-updown-15m-1774463400,1774463400,313.2,-0.03,0.375,0,-0.04,-0.1
btc-updown-15m-1774463400,1774463400,323.6,-0.03,0.345,0.03,-0.01,-0.09
btc-updown-15m-1774463400,1774463400,333.6,0.03,0.375,0.04,-0.01,-0.12
btc-updown-15m-1774463400,1774463400,347.6,0.03,0.375,-0.07,-0.08,-0.17
btc-updown-15m-1774463400,1774463400,358,0.03,0.405,-0.07,-0.08,-0.2
btc-updown-15m-1774463400,1774463400,368,-0.07,0.345,0.005,-0.03,-0.14
btc-updown-15m-1774463400,1774463400,378,-0.04,0.305,0,-0.05,-0.14
btc-updown-15m-1774463400,1774463400,388,0.03,0.335,-0.01,-0.07,-0.14
btc-updown-15m-1774463400,1774463400,401.7,-0.03,0.295,0.02,-0.06,-0.16
btc-updown-15m-1774463400,1774463400,415.7,0.03,0.325,-0.07,-0.12,-0.23
btc-updown-15m-1774463400,1774463400,429.6,-0.035,0.315,-0.07,-0.11,-0.21
btc-updown-15m-1774463400,1774463400,439.6,-0.06,0.255,-0.05,-0.09,-0.19
btc-updown-15m-1774463400,1774463400,457.8,-0.03,0.235,-0.03,-0.13,-0.19
btc-updown-15m-1774463400,1774463400,467.8,-0.03,0.205,-0.04,-0.08,-0.14
btc-updown-15m-1774463400,1774463400,495.4,-0.03,0.165,-0.04,-0.09,-0.1
btc-updown-15m-1774463400,1774463400,505.5,0.03,0.195,-0.09,-0.135,-0.16
btc-updown-15m-1774463400,1774463400,515.5,-0.09,0.105,0,-0.06,-0.08
btc-updown-15m-1774463400,1774463400,531.5,-0.03,0.105,-0.04,-0.03,-0.09
btc-updown-15m-1774463400,1774463400,547,0.03,0.105,-0.06,-0.04,-0.09
btc-updown-15m-1774463400,1774463400,557,-0.03,0.075,-0.02,-0.02,-0.06
btc-updown-15m-1774463400,1774463400,568.2,-0.03,0.045,0.03,-0.01,-0.03
btc-updown-15m-1774463400,1774463400,587.9,0.03,0.075,-0.02,-0.05,-0.06
btc-updown-15m-1774463400,1774463400,602,-0.03,0.055,-0.02,-0.04,-0.04
btc-updown-15m-1774463400,1774463400,625.4,-0.03,0.035,-0.02,-0.02,-0.031
btc-updown-15m-1774474200,1774474200,0.7,0.03,0.525,0.08,0.08,0.06
btc-updown-15m-1774474200,1774474200,28.8,0.035,0.58,0.025,0.005,-0.075
btc-updown-15m-1774474200,1774474200,38.8,0.085,0.665,-0.08,-0.08,-0.19
btc-updown-15m-1774474200,1774474200,48.8,-0.06,0.605,-0.02,-0.02,-0.11
btc-updown-15m-1774474200,1774474200,63.4,-0.03,0.585,0,0,-0.04
btc-updown-15m-1774474200,1774474200,132.2,-0.035,0.55,-0.075,0.005,0.175
btc-updown-15m-1774474200,1774474200,142.2,-0.035,0.515,-0.02,0.06,0.14
btc-updown-15m-1774474200,1774474200,152.2,-0.06,0.455,0.1,0.14,0.18
btc-updown-15m-1774474200,1774474200,165.1,0.04,0.495,0.07,0.14,0.12
btc-updown-15m-1774474200,1774474200,178,0.03,0.525,0.07,0.13,0.09
btc-updown-15m-1774474200,1774474200,207.1,0.03,0.595,0.06,0.04,0.12
btc-updown-15m-1774474200,1774474200,222.4,0.03,0.625,0.1,-0.01,0.11
btc-updown-15m-1774474200,1774474200,246.6,0.04,0.695,-0.06,-0.06,-0.03
btc-updown-15m-1774474200,1774474200,256.6,-0.035,0.665,-0.05,0.03,-0.04
btc-updown-15m-1774474200,1774474200,266.6,-0.03,0.635,-0.02,0.08,-0.01
btc-updown-15m-1774474200,1774474200,307.7,0.03,0.645,0.09,0.02,-0.07
btc-updown-15m-1774474200,1774474200,317.7,0.05,0.695,0.02,-0.07,-0.08
btc-updown-15m-1774474200,1774474200,350.3,-0.03,0.705,-0.08,-0.12,0.02
btc-updown-15m-1774474200,1774474200,365,-0.035,0.68,-0.075,-0.105,0.115
btc-updown-15m-1774474200,1774474200,376.4,-0.03,0.635,-0.05,-0.06,0.17
btc-updown-15m-1774474200,1774474200,397.5,-0.03,0.595,-0.02,0.07,0.18
btc-updown-15m-1774474200,1774474200,437.1,0.03,0.605,0.06,0.2,0.28
btc-updown-15m-1774474200,1774474200,447.1,0.04,0.645,0.13,0.1,0.25
btc-updown-15m-1774474200,1774474200,467.9,0.035,0.7,0.105,0.105,0.235
btc-updown-15m-1774474200,1774474200,477.9,0.07,0.785,-0.04,0.02,0.16
btc-updown-15m-1774474200,1774474200,500.1,-0.03,0.765,0.04,0.12,0.17
btc-updown-15m-1774474200,1774474200,512.6,0.03,0.775,0.04,0.12,0.18
btc-updown-15m-1774474200,1774474200,523.3,0.03,0.805,0.07,0.12,0.15
btc-updown-15m-1774474200,1774474200,552.5,0.03,0.845,0.08,0.1,0.12
btc-updown-15m-1774474200,1774474200,562.5,0.035,0.895,0.05,0.04,0.07
btc-updown-15m-1774474200,1774474200,581.9,0.03,0.925,0.02,0.03,0.02
btc-updown-15m-1774474200,1774474200,728.2,0.03,0.985,0.008,0.0125,0.0115
btc-updown-15m-1774485000,1774485000,25.4,-0.03,0.435,0.09,0.22,0.16
btc-updown-15m-1774485000,1774485000,35.4,0.04,0.455,0.11,0.23,0.17
btc-updown-15m-1774485000,1774485000,50.5,0.035,0.49,0.105,0.225,0.145
btc-updown-15m-1774485000,1774485000,61.1,0.03,0.545,0.15,0.01,0.05
btc-updown-15m-1774485000,1774485000,74.4,0.03,0.595,0.12,-0.04,0
btc-updown-15m-1774485000,1774485000,85.1,0.03,0.625,0.04,-0.03,-0.03
btc-updown-15m-1774485000,1774485000,95.1,0.05,0.675,-0.13,-0.05,-0.03
btc-updown-15m-1774485000,1774485000,105.1,0.035,0.71,-0.155,-0.105,-0.055
btc-updown-15m-1774485000,1774485000,115.1,-0.04,0.665,-0.07,-0.06,0.08
btc-updown-15m-1774485000,1774485000,125.1,-0.12,0.545,0.08,0.04,-0.02
btc-updown-15m-1774485000,1774485000,136.3,0.03,0.555,0.06,0.04,0
btc-updown-15m-1774485000,1774485000,146.3,0.04,0.595,0.05,0,-0.02
btc-updown-15m-1774485000,1774485000,156.3,0.03,0.625,-0.04,0.02,-0.01
btc-updown-15m-1774485000,1774485000,170.7,0.03,0.635,-0.04,0.115,-0.01
btc-updown-15m-1774485000,1774485000,180.7,-0.04,0.595,0.04,0.05,-0.08
btc-updown-15m-1774485000,1774485000,206.9,0.03,0.625,0.07,-0.05,0.03
btc-updown-15m-1774485000,1774485000,217,0.03,0.655,-0.12,-0.04,0.02
btc-updown-15m-1774485000,1774485000,227.2,0.03,0.685,-0.13,-0.13,0.07
btc-updown-15m-1774485000,1774485000,237.5,-0.03,0.655,-0.08,-0.17,0.13
btc-updown-15m-1774485000,1774485000,247.5,-0.12,0.535,0.08,0.02,0.3
btc-updown-15m-1774485000,1774485000,258.5,0.03,0.555,0,0.02,0.24
btc-updown-15m-1774485000,1774485000,272.8,0.03,0.605,-0.07,0.01,0.22
btc-updown-15m-1774485000,1774485000,282.9,-0.05,0.555,0.03,0.13,0.27
btc-updown-15m-1774485000,1774485000,292.9,0.11,0.665,-0.05,0.09,0.15
btc-updown-15m-1774485000,1774485000,302.9,-0.13,0.535,0.08,0.24,0.26
btc-updown-15m-1774485000,1774485000,312.9,0.05,0.585,0.1,0.195,0.16
btc-updown-15m-1774485000,1774485000,322.9,0.03,0.615,0.14,0.19,0.14
btc-updown-15m-1774485000,1774485000,333.6,-0.03,0.615,0.165,0.21,0.21
btc-updown-15m-1774485000,1774485000,343.6,0.09,0.705,0.08,0.12,0.12
btc-updown-15m-1774485000,1774485000,353.6,0.07,0.775,0.03,0.04,0.06
btc-updown-15m-1774485000,1774485000,367.1,0.035,0.82,-0.005,-0.045,0.035
btc-updown-15m-1774485000,1774485000,377.3,-0.04,0.795,0.03,-0.05,0.04
btc-updown-15m-1774485000,1774485000,390.7,0.035,0.83,-0.025,-0.005,0.015
btc-updown-15m-1774485000,1774485000,408.1,0.035,0.83,-0.08,0.005,0.045
btc-updown-15m-1774485000,1774485000,418.1,-0.045,0.805,0.015,0.045,0.04
btc-updown-15m-1774485000,1774485000,428.1,-0.07,0.735,0.115,0.125,0.08
btc-updown-15m-1774485000,1774485000,439.3,0.03,0.755,0.08,0.08,-0.02
btc-updown-15m-1774485000,1774485000,449.3,0.065,0.82,0.035,0.025,-0.065
btc-updown-15m-1774485000,1774485000,459.3,0.035,0.855,0.01,0.02,-0.12
btc-updown-15m-1774485000,1774485000,490.8,0.04,0.875,0,-0.09,-0.18
btc-updown-15m-1774485000,1774485000,500.9,-0.04,0.835,0.03,-0.09,0
btc-updown-15m-1774485000,1774485000,513.1,0.03,0.865,-0.02,-0.14,-0.1
btc-updown-15m-1774485000,1774485000,533.3,-0.03,0.845,-0.1,-0.19,0.05
btc-updown-15m-1774485000,1774485000,544.2,-0.03,0.815,-0.08,-0.12,0.06
btc-updown-15m-1774485000,1774485000,554.2,-0.08,0.735,0.01,0.03,0.13
btc-updown-15m-1774485000,1774485000,587.5,-0.03,0.715,0.09,0.19,0.16
btc-updown-15m-1774485000,1774485000,597.5,-0.06,0.655,0.1,0.22,0.19
btc-updown-15m-1774485000,1774485000,607.6,0.05,0.705,0.06,0.18,0.03
btc-updown-15m-1774485000,1774485000,617.6,0.1,0.805,0.1,0.06,-0.04
btc-updown-15m-1774485000,1774485000,627.6,-0.05,0.755,0.12,0.09,-0.04
btc-updown-15m-1774485000,1774485000,639.8,0.03,0.785,0.08,0.08,-0.04
btc-updown-15m-1774485000,1774485000,649.8,0.115,0.905,-0.07,-0.03,-0.02
btc-updown-15m-1774485000,1774485000,659.9,-0.03,0.875,-0.02,-0.03,-0.02
btc-updown-15m-1774485000,1774485000,678.4,-0.03,0.855,0.02,-0.16,0.01
btc-updown-15m-1774485000,1774485000,695.9,0.03,0.865,-0.08,-0.12,-0.08
btc-updown-15m-1774485000,1774485000,714,-0.03,0.845,-0.13,0.03,-0.03
btc-updown-15m-1774485000,1774485000,725.6,-0.03,0.815,-0.08,0.03,0.13
btc-updown-15m-1774485000,1774485000,735.7,-0.03,0.755,0.1,0.1,0.22
btc-updown-15m-1774485000,1774485000,745.8,-0.04,0.715,0.14,0.04,0.27
btc-updown-15m-1774485000,1774485000,755.9,0.03,0.745,0.1,0.04,0.24
btc-updown-15m-1774485000,1774485000,765.9,0.11,0.855,0,0.01,0.13
btc-updown-15m-1774485000,1774485000,776.7,-0.035,0.85,-0.1,0.045,0.135
btc-updown-15m-1774485000,1774485000,799.4,-0.03,0.815,-0.035,0.16,
btc-updown-15m-1774485000,1774485000,809.4,-0.07,0.745,0.15,0.24,
btc-updown-15m-1774485000,1774485000,819.4,0.035,0.785,0.16,0.2,
btc-updown-15m-1774485000,1774485000,833,-0.035,0.805,0.18,0.18,
btc-updown-15m-1774485000,1774485000,843,0.14,0.945,0.04,,
btc-updown-15m-1774485000,1774485000,853,0.03,0.975,0.01,,
btc-updown-15m-1774494900,1774494900,0.6,0.03,0.525,-0.09,-0.075,-0.15
btc-updown-15m-1774494900,1774494900,10.6,-0.06,0.465,-0.01,-0.08,-0.09
btc-updown-15m-1774494900,1774494900,20.6,-0.06,0.405,0.09,-0.04,-0.11
btc-updown-15m-1774494900,1774494900,33.5,0.035,0.435,-0.03,-0.06,-0.14
btc-updown-15m-1774494900,1774494900,43.5,0.03,0.465,-0.105,-0.08,-0.19
btc-updown-15m-1774494900,1774494900,58.5,-0.035,0.46,-0.055,-0.085,-0.155
btc-updown-15m-1774494900,1774494900,68.5,-0.105,0.355,0.02,0.02,-0.07
btc-updown-15m-1774494900,1774494900,83.6,0.04,0.385,-0.02,-0.1,-0.05
btc-updown-15m-1774494900,1774494900,95.7,-0.03,0.375,0,-0.09,-0.02
btc-updown-15m-1774494900,1774494900,131.1,-0.035,0.34,-0.045,-0.06,-0.005
btc-updown-15m-1774494900,1774494900,141.1,-0.04,0.295,0,0.04,0.04
btc-updown-15m-1774494900,1774494900,162,-0.035,0.265,0.01,0.08,0.04
btc-updown-15m-1774494900,1774494900,190.6,-0.035,0.27,0.085,0.06,-0.035
btc-updown-15m-1774494900,1774494900,200.6,0.065,0.335,0.1,0,-0.1
btc-updown-15m-1774494900,1774494900,224.1,0.035,0.37,-0.035,-0.055,-0.105
btc-updown-15m-1774494900,1774494900,234.1,-0.03,0.35,-0.015,-0.125,-0.125
btc-updown-15m-1774494900,1774494900,244.1,-0.035,0.315,-0.01,-0.09,-0.13
btc-updown-15m-1774494900,1774494900,268.8,-0.04,0.315,-0.08,-0.06,-0.18
btc-updown-15m-1774494900,1774494900,288.4,-0.035,0.255,-0.02,0.01,-0.09
btc-updown-15m-1774494900,1774494900,325.9,0.03,0.265,-0.06,-0.13,-0.11
btc-updown-15m-1774494900,1774494900,350,-0.03,0.235,-0.11,-0.07,-0.15
btc-updown-15m-1774494900,1774494900,360.1,-0.03,0.195,-0.07,-0.065,-0.16
btc-updown-15m-1774494900,1774494900,370.1,-0.08,0.115,0.01,0.02,-0.09
btc-updown-15m-1774494900,1774494900,403.5,0.03,0.155,-0.02,-0.07,-0.14
btc-updown-15m-1774494900,1774494900,419.7,-0.03,0.135,0.02,-0.1,-0.12
btc-updown-15m-1774494900,1774494900,432.4,0.03,0.135,-0.05,-0.11,-0.12
btc-updown-15m-1774494900,1774494900,451.7,-0.03,0.125,-0.09,-0.1,-0.11
btc-updown-15m-1774494900,1774494900,461.7,-0.04,0.085,-0.06,-0.07,-0.07
btc-updown-15m-1774494900,1774494900,473.5,-0.03,0.055,-0.03,-0.04,-0.04
btc-updown-15m-1774494900,1774494900,484.4,-0.03,0.025,-0.01,-0.01,-0.01
btc-updown-15m-1774505700,1774505700,6.3,-0.03,0.515,0.07,0.02,0
btc-updown-15m-1774505700,1774505700,16.3,-0.05,0.465,0.11,0.09,0.14
btc-updown-15m-1774505700,1774505700,26.4,0.08,0.545,0.03,-0.08,0.03
btc-updown-15m-1774505700,1774505700,36.4,0.04,0.585,-0.05,-0.07,0.02
btc-updown-15m-1774505700,1774505700,62.8,-0.035,0.54,-0.025,0.03,0.085
btc-updown-15m-1774505700,1774505700,73.2,0.03,0.545,-0.03,0.11,0.1
btc-updown-15m-1774505700,1774505700,83.2,-0.07,0.475,0.1,0.1,0.12
btc-updown-15m-1774505700,1774505700,93.3,0.04,0.515,0.04,0.09,0.05
btc-updown-15m-1774505700,1774505700,105.8,0.03,0.535,0.07,0.09,0.06
btc-updown-15m-1774505700,1774505700,115.9,0.06,0.595,-0.02,0,0.05
btc-updown-15m-1774505700,1774505700,125.9,-0.08,0.515,0.09,0.14,0.15
btc-updown-15m-1774505700,1774505700,135.9,0.09,0.605,0.02,0.01,0.04
btc-updown-15m-1774505700,1774505700,145.9,-0.03,0.575,0.02,-0.085,0
btc-updown-15m-1774505700,1774505700,155.9,0.03,0.605,0.05,-0.04,0.08
btc-updown-15m-1774505700,1774505700,169.9,-0.03,0.625,-0.01,-0.01,0.09
btc-updown-15m-1774505700,1774505700,181,0.03,0.625,-0.06,0.035,0.13
btc-updown-15m-1774505700,1774505700,194.1,-0.03,0.625,-0.03,0.01,0.03
btc-updown-15m-1774505700,1774505700,204.1,-0.16,0.465,0.18,0.11,0.26
btc-updown-15m-1774505700,1774505700,214.2,0.1,0.565,0.09,0.095,0.18
btc-updown-15m-1774505700,1774505700,224.2,0.03,0.595,0.04,0.14,0.2
btc-updown-15m-1774505700,1774505700,234.2,0.05,0.645,-0.07,0.1,0.07
btc-updown-15m-1774505700,1774505700,252,-0.03,0.625,0.09,0.04,0.09
btc-updown-15m-1774505700,1774505700,262,-0.03,0.595,0.13,0.11,-0.07
btc-updown-15m-1774505700,1774505700,272,0.05,0.645,0.08,0.1,-0.2
btc-updown-15m-1774505700,1774505700,282,0.07,0.715,-0.05,0.06,-0.18
btc-updown-15m-1774505700,1774505700,292.7,0.03,0.745,-0.02,-0.04,-0.18
btc-updown-15m-1774505700,1774505700,304,-0.03,0.715,0.03,0.04,-0.19
btc-updown-15m-1774505700,1774505700,314,-0.06,0.655,0.14,0.06,-0.19
btc-updown-15m-1774505700,1774505700,324,0.07,0.725,-0.01,-0.25,-0.29
btc-updown-15m-1774505700,1774505700,337.5,0.03,0.765,-0.01,-0.31,-0.46
btc-updown-15m-1774505700,1774505700,347.6,-0.06,0.705,-0.16,-0.14,-0.33
btc-updown-15m-1774505700,1774505700,357.6,0.04,0.745,-0.28,-0.13,-0.35
btc-updown-15m-1774505700,1774505700,367.8,-0.035,0.72,-0.265,-0.205,-0.385
btc-updown-15m-1774505700,1774505700,377.8,-0.175,0.545,0.02,-0.08,-0.26
btc-updown-15m-1774505700,1774505700,387.8,-0.09,0.455,0.16,-0.02,-0.23
btc-updown-15m-1774505700,1774505700,398.3,0.035,0.48,0.035,-0.175,-0.255
btc-updown-15m-1774505700,1774505700,408.4,0.085,0.565,-0.1,-0.18,-0.4
btc-updown-15m-1774505700,1774505700,418.4,0.05,0.615,-0.23,-0.22,-0.36
btc-updown-15m-1774505700,1774505700,428.4,-0.1,0.515,-0.21,-0.18,-0.29
btc-updown-15m-1774505700,1774505700,438.4,-0.05,0.465,-0.08,-0.21,-0.2
btc-updown-15m-1774505700,1774505700,448.4,-0.08,0.385,0.01,-0.18,-0.16
btc-updown-15m-1774505700,1774505700,458.4,-0.08,0.305,0.03,-0.08,-0.12
btc-updown-15m-1774505700,1774505700,468.5,0.08,0.385,-0.13,-0.22,-0.22
btc-updown-15m-1774505700,1774505700,480.8,-0.03,0.355,-0.16,-0.115,-0.2
btc-updown-15m-1774505700,1774505700,495.9,-0.03,0.305,-0.1,-0.04,-0.21
btc-updown-15m-1774505700,1774505700,506,-0.08,0.225,-0.02,-0.01,-0.13
btc-updown-15m-1774505700,1774505700,519.1,0.03,0.225,0,-0.04,-0.13
btc-updown-15m-1774505700,1774505700,529.1,-0.06,0.165,0.1,0,-0.08
btc-updown-15m-1774505700,1774505700,539.2,0.09,0.255,-0.03,-0.09,-0.23
btc-updown-15m-1774505700,1774505700,549.3,-0.03,0.225,-0.04,-0.11,-0.2
btc-updown-15m-1774505700,1774505700,559.3,0.04,0.265,-0.1,-0.15,-0.23
btc-updown-15m-1774505700,1774505700,574.5,0.03,0.245,-0.12,-0.16,-0.21
btc-updown-15m-1774505700,1774505700,584.5,-0.08,0.165,-0.07,-0.075,-0.14
btc-updown-15m-1774505700,1774505700,594.5,0.03,0.195,-0.1,-0.15,-0.16
btc-updown-15m-1774505700,1774505700,604.6,-0.07,0.125,-0.04,-0.09,-0.09
btc-updown-15m-1774505700,1774505700,614.6,-0.03,0.095,-0.01,-0.07,0
btc-updown-15m-1774505700,1774505700,654,-0.03,0.065,-0.03,-0.03,0.05
btc-updown-15m-1774505700,1774505700,664,-0.04,0.025,0.01,0.01,0.07
btc-updown-15m-1774505700,1774505700,731.4,0.03,0.055,0.06,0.06,0.05
btc-updown-15m-1774505700,1774505700,741.5,0.07,0.125,0,-0.02,0
btc-updown-15m-1774505700,1774505700,754.8,0.03,0.135,-0.02,0,0.065
btc-updown-15m-1774505700,1774505700,765,-0.03,0.105,0.01,0.1,0.13
btc-updown-15m-1774505700,1774505700,776.4,0.03,0.155,-0.05,0,0.09
btc-updown-15m-1774505700,1774505700,786.5,-0.05,0.115,0.025,0.06,
btc-updown-15m-1774505700,1774505700,807.3,0.03,0.135,0.01,-0.02,
btc-updown-15m-1774505700,1774505700,822.2,0.03,0.165,-0.06,-0.08,
btc-updown-15m-1774505700,1774505700,832.6,-0.04,0.155,-0.05,0.235,
btc-updown-15m-1774505700,1774505700,843.7,0.03,0.185,0.035,,
btc-updown-15m-1774505700,1774505700,853.8,-0.08,0.105,0.11,,
btc-updown-15m-1774505700,1774505700,868,-0.03,0.105,-0.07,,
btc-updown-15m-1774505700,1774505700,878,0.06,0.165,,,
btc-updown-15m-1774505700,1774505700,888,0.06,0.225,,,
btc-updown-15m-1774505700,1774505700,898,-0.19,0.035,,,
btc-updown-15m-1774516500,1774516500,21.1,-0.03,0.435,-0.02,-0.22,-0.25
btc-updown-15m-1774516500,1774516500,40,0.03,0.445,-0.16,-0.16,-0.24
btc-updown-15m-1774516500,1774516500,50,-0.03,0.415,-0.2,-0.165,-0.225
btc-updown-15m-1774516500,1774516500,63.4,-0.035,0.38,-0.135,-0.165,-0.255
btc-updown-15m-1774516500,1774516500,73.4,-0.095,0.285,0,-0.11,-0.18
btc-updown-15m-1774516500,1774516500,83.4,-0.07,0.215,0.04,-0.02,-0.1
btc-updown-15m-1774516500,1774516500,93.4,0.03,0.245,-0.03,-0.02,-0.11
btc-updown-15m-1774516500,1774516500,103.6,0.04,0.285,-0.11,-0.1,-0.15
btc-updown-15m-1774516500,1774516500,120.1,-0.03,0.22,-0.005,-0.045,-0.105
btc-updown-15m-1774516500,1774516500,130.9,0.03,0.255,-0.06,-0.13,-0.1
btc-updown-15m-1774516500,1774516500,140.9,-0.07,0.185,0.01,-0.07,0.04
btc-updown-15m-1774516500,1774516500,150.9,0.03,0.215,-0.05,-0.1,-0.01
btc-updown-15m-1774516500,1774516500,162.6,-0.03,0.195,-0.075,-0.06,0.01
btc-updown-15m-1774516500,1774516500,180.8,-0.03,0.165,-0.05,-0.05,0.08
btc-updown-15m-1774516500,1774516500,190.8,-0.04,0.125,0.01,0.03,0.21
btc-updown-15m-1774516500,1774516500,216.7,0.03,0.135,0,0.07,0.2
btc-updown-15m-1774516500,1774516500,246.8,0.035,0.15,0.055,0.155,0.155
btc-updown-15m-1774516500,1774516500,256.8,0.055,0.205,0.02,0.1,0.17
btc-updown-15m-1774516500,1774516500,279.5,-0.03,0.185,0.14,0.16,0.16
btc-updown-15m-1774516500,1774516500,289.6,0.03,0.215,0.07,0.15,0.16
btc-updown-15m-1774516500,1774516500,299.6,0.03,0.245,-0.01,0.03,0.14
btc-updown-15m-1774516500,1774516500,309.6,0.08,0.325,0.02,-0.02,0.06
btc-updown-15m-1774516500,1774516500,319.9,-0.05,0.285,0.07,0.09,0.09
btc-updown-15m-1774516500,1774516500,329.9,-0.05,0.235,0.04,0.1,0.16
btc-updown-15m-1774516500,1774516500,339.9,0.11,0.345,-0.04,0,0.08
btc-updown-15m-1774516500,1774516500,357.8,-0.035,0.34,0.045,0.045,0.115
btc-updown-15m-1774516500,1774516500,367.8,-0.035,0.305,0.04,0.09,0.06
btc-updown-15m-1774516500,1774516500,377.9,0.07,0.375,0,-0.05,-0.1
btc-updown-15m-1774516500,1774516500,389.3,-0.03,0.345,0.04,0.05,-0.12
btc-updown-15m-1774516500,1774516500,405.2,0.03,0.375,-0.02,0.04,-0.18
btc-updown-15m-1774516500,1774516500,419.7,0.03,0.385,0.01,0.07,-0.14
btc-updown-15m-1774516500,1774516500,430.5,-0.045,0.385,0.04,-0.02,-0.14
btc-updown-15m-1774516500,1774516500,443.2,0.03,0.395,0.05,-0.16,-0.16
btc-updown-15m-1774516500,1774516500,453.2,0.04,0.435,-0.05,-0.24,-0.22
btc-updown-15m-1774516500,1774516500,468.8,0.03,0.455,-0.2,-0.25,-0.33
btc-updown-15m-1774516500,1774516500,480.8,-0.03,0.425,-0.2,-0.18,-0.27
btc-updown-15m-1774516500,1774516500,491.1,-0.03,0.365,-0.17,-0.12,-0.21
btc-updown-15m-1774516500,1774516500,501.1,-0.13,0.235,-0.02,-0.02,-0.09
btc-updown-15m-1774516500,1774516500,512.5,-0.03,0.205,0.04,0.01,-0.03
btc-updown-15m-1774516500,1774516500,532.2,0.03,0.225,0.01,-0.1,-0.1
btc-updown-15m-1774516500,1774516500,545.2,0.03,0.245,-0.03,-0.12,-0.16
btc-updown-15m-1774516500,1774516500,555.2,-0.03,0.215,-0.08,-0.07,-0.14
btc-updown-15m-1774516500,1774516500,581.8,-0.03,0.185,-0.03,-0.02,-0.13
btc-updown-15m-1774516500,1774516500,591.8,-0.06,0.125,0.02,0,-0.06
btc-updown-15m-1774516500,1774516500,612.7,0.03,0.155,0.01,-0.08,-0.02
btc-updown-15m-1774516500,1774516500,629.8,0.03,0.175,-0.09,-0.11,0.05
btc-updown-15m-1774516500,1774516500,650.2,-0.03,0.135,-0.06,-0.07,0.13
btc-updown-15m-1774516500,1774516500,660.2,-0.055,0.075,-0.02,0.05,0.16
btc-updown-15m-1774516500,1774516500,693.2,-0.03,0.045,0.09,0.2,0.42
btc-updown-15m-1774516500,1774516500,706.4,0.03,0.065,0.1,0.25,0.405
btc-updown-15m-1774516500,1774516500,717.2,0.03,0.105,0.05,0.13,0.215
btc-updown-15m-1774516500,1774516500,727.2,0.04,0.145,0.07,0.16,0.225
btc-updown-15m-1774516500,1774516500,744.8,-0.03,0.145,0.09,0.245,0.4
btc-updown-15m-1774516500,1774516500,754.8,0.07,0.215,0.09,0.28,0.28
btc-updown-15m-1774516500,1774516500,764.8,0.055,0.27,-0.045,0.195,0.19
btc-updown-15m-1774516500,1774516500,774.8,-0.035,0.235,0.15,0.265,0.13
btc-updown-15m-1774516500,1774516500,784.9,0.07,0.305,0.19,0.23,
btc-updown-15m-1774516500,1774516500,794.9,-0.08,0.225,0.22,0.13,
btc-updown-15m-1774516500,1774516500,804.9,0.16,0.385,0.115,0.16,
btc-updown-15m-1774516500,1774516500,814.9,0.11,0.495,0.04,0,
btc-updown-15m-1774516500,1774516500,824.9,-0.05,0.445,-0.09,0.015,
btc-updown-15m-1774516500,1774516500,834.9,0.04,0.485,0.06,-0.12,
btc-updown-15m-1774516500,1774516500,844.9,0.05,0.535,-0.04,,
btc-updown-15m-1774516500,1774516500,854.9,-0.18,0.355,0.105,,
btc-updown-15m-1774516500,1774516500,864.9,0.19,0.545,-0.185,,
btc-updown-15m-1774516500,1774516500,875,-0.05,0.495,,,
btc-updown-15m-1774516500,1774516500,885.5,-0.07,0.515,,,
btc-updown-15m-1774516500,1774516500,895.5,-0.145,0.365,,,
btc-updown-15m-1774527300,1774527300,3.1,-0.03,0.48,0.045,0.095,0.035
btc-updown-15m-1774527300,1774527300,14,0.03,0.505,0.03,0.055,0.02
btc-updown-15m-1774527300,1774527300,27.9,0.03,0.525,0.02,0.02,0
btc-updown-15m-1774527300,1774527300,60.7,0.04,0.575,-0.03,-0.09,-0.01
btc-updown-15m-1774527300,1774527300,78,0.03,0.595,-0.1,-0.06,-0.12
btc-updown-15m-1774527300,1774527300,88,-0.05,0.545,-0.07,-0.02,-0.11
btc-updown-15m-1774527300,1774527300,100.5,-0.03,0.515,0.01,0.05,-0.09
btc-updown-15m-1774527300,1774527300,110.5,-0.045,0.465,0.06,0.1,-0.07
btc-updown-15m-1774527300,1774527300,121.5,0.035,0.49,0.065,0.065,-0.045
btc-updown-15m-1774527300,1774527300,131.5,0.035,0.525,0.04,-0.05,-0.04
btc-updown-15m-1774527300,1774527300,144.6,-0.03,0.525,0.06,-0.05,-0.08
btc-updown-15m-1774527300,1774527300,154.6,0.03,0.555,-0.06,-0.14,-0.13
btc-updown-15m-1774527300,1774527300,181.8,-0.035,0.54,-0.095,-0.095,-0.025
btc-updown-15m-1774527300,1774527300,191.9,-0.055,0.475,-0.045,0.01,-0.02
btc-updown-15m-1774527300,1774527300,207.5,-0.03,0.435,-0.02,0,-0.02
btc-updown-15m-1774527300,1774527300,230.7,-0.035,0.395,0.06,-0.005,0.15
btc-updown-15m-1774527300,1774527300,241,0.035,0.43,0.005,0.075,0.145
btc-updown-15m-1774527300,1774527300,251,0.05,0.485,-0.06,-0.03,0.1
btc-updown-15m-1774527300,1774527300,262.4,-0.035,0.45,-0.065,-0.035,0.075
btc-updown-15m-1774527300,1774527300,283.9,-0.035,0.4,0.055,0.075,0.125
btc-updown-15m-1774527300,1774527300,296.2,0.03,0.395,0.02,0.15,0.15
btc-updown-15m-1774527300,1774527300,306.2,0.07,0.465,0.01,0.12,0.11
btc-updown-15m-1774527300,1774527300,318.8,-0.03,0.435,0.11,0.14,0.08
btc-updown-15m-1774527300,1774527300,330.2,0.03,0.46,0.095,0.045,0.135
btc-updown-15m-1774527300,1774527300,344.4,0.03,0.505,0.08,0.02,0.08
btc-updown-15m-1774527300,1774527300,354.6,0.03,0.545,-0.02,0,0.04
btc-updown-15m-1774527300,1774527300,364.6,0.035,0.58,0.005,-0.005,-0.085
btc-updown-15m-1774527300,1774527300,380.1,-0.035,0.55,-0.045,-0.035,-0.025
btc-updown-15m-1774527300,1774527300,390.1,-0.03,0.505,0.05,0.085,0.14
btc-updown-15m-1774527300,1774527300,403.9,-0.04,0.525,-0.01,0.06,0.07
btc-updown-15m-1774527300,1774527300,418.8,0.03,0.555,0.04,-0.02,0.08
btc-updown-15m-1774527300,1774527300,428.8,0.04,0.595,-0.01,-0.08,0.03
btc-updown-15m-1774527300,1774527300,438.9,-0.08,0.515,0.07,0.01,0.04
btc-updown-15m-1774527300,1774527300,448.9,0.08,0.595,-0.06,0.04,-0.06
btc-updown-15m-1774527300,1774527300,460.5,-0.03,0.585,-0.07,0,-0.19
btc-updown-15m-1774527300,1774527300,475.9,-0.035,0.55,0.035,0.085,-0.165
btc-updown-15m-1774527300,1774527300,485.9,-0.04,0.495,0.15,0.13,-0.1
btc-updown-15m-1774527300,1774527300,496,0.04,0.535,0.07,0.09,-0.14
btc-updown-15m-1774527300,1774527300,506,0.05,0.585,0.05,-0.05,-0.36
btc-updown-15m-1774527300,1774527300,516,0.06,0.645,-0.02,-0.22,-0.4
btc-updown-15m-1774527300,1774527300,526,-0.04,0.605,0.02,-0.2,-0.2
btc-updown-15m-1774527300,1774527300,536,0.03,0.635,-0.1,-0.25,-0.25
btc-updown-15m-1774527300,1774527300,558.6,-0.03,0.595,-0.19,-0.33,-0.1
btc-updown-15m-1774527300,1774527300,570.5,-0.03,0.505,-0.13,-0.295,0.2
btc-updown-15m-1774527300,1774527300,580.5,-0.11,0.395,-0.01,-0.02,0.23
btc-updown-15m-1774527300,1774527300,596.7,-0.03,0.375,-0.15,0.01,0.02
btc-updown-15m-1774527300,1774527300,606.7,0.03,0.395,0.135,0.05,0.04
btc-updown-15m-1774527300,1774527300,616.7,-0.085,0.31,0.095,0.185,0.145
btc-updown-15m-1774527300,1774527300,626.7,-0.09,0.22,0.165,0.31,0.235
btc-updown-15m-1774527300,1774527300,636.7,0.32,0.54,-0.095,0.13,-0.175
btc-updown-15m-1774527300,1774527300,646.9,-0.18,0.405,0.09,0.17,-0.1
btc-updown-15m-1774527300,1774527300,659.8,-0.04,0.385,0.315,0.04,0.215
btc-updown-15m-1774527300,1774527300,669.9,0.06,0.445,0.18,-0.02,0.19
btc-updown-15m-1774527300,1774527300,679.9,0.05,0.495,0.08,-0.04,0.255
btc-updown-15m-1774527300,1774527300,689.9,0.21,0.705,-0.28,-0.375,-0.07
btc-updown-15m-1774527300,1774527300,700,-0.08,0.625,-0.2,-0.28,-0.03
btc-updown-15m-1774527300,1774527300,710,-0.05,0.575,-0.12,-0.27,0.12
btc-updown-15m-1774527300,1774527300,720,-0.15,0.425,-0.1,0.18,0.49
btc-updown-15m-1774527300,1774527300,732.8,0.04,0.455,-0.16,0.165,0.53
btc-updown-15m-1774527300,1774527300,742.9,-0.045,0.455,-0.04,0.29,0.535
btc-updown-15m-1774527300,1774527300,752.9,-0.12,0.335,0.28,0.3,0.64
btc-updown-15m-1774527300,1774527300,763,-0.035,0.3,0.32,0.305,0.69
btc-updown-15m-1774527300,1774527300,773,0.115,0.415,0.33,0.455,0.575
btc-updown-15m-1774527300,1774527300,783,0.2,0.615,0.02,0.31,
btc-updown-15m-1774527300,1774527300,794,0.03,0.625,-0.02,0.36,
btc-updown-15m-1774527300,1774527300,804,0.12,0.745,0.14,0.245,
btc-updown-15m-1774527300,1774527300,814,-0.13,0.615,0.315,0.37,
btc-updown-15m-1774527300,1774527300,827.2,0.03,0.605,0.38,0.385,
btc-updown-15m-1774527300,1774527300,837.2,0.27,0.875,0.11,0.115,
btc-updown-15m-1774527300,1774527300,847.2,0.06,0.935,0.04,,
btc-updown-15m-1774527300,1774527300,857.2,0.05,0.985,0.005,,
btc-updown-15m-1774538100,1774538100,12.2,-0.035,0.555,-0.12,0.01,-0.01
btc-updown-15m-1774538100,1774538100,22.4,-0.195,0.36,0.155,0.135,0.125
btc-updown-15m-1774538100,1774538100,32.4,0.065,0.425,0.16,0.11,0.01
btc-updown-15m-1774538100,1774538100,42.7,-0.03,0.435,0.12,0.06,0.02
btc-updown-15m-1774538100,1774538100,52.7,0.08,0.515,-0.02,0.01,-0.12
btc-updown-15m-1774538100,1774538100,62.7,0.06,0.575,-0.04,-0.09,-0.18
btc-updown-15m-1774538100,1774538100,77.2,-0.04,0.525,-0.06,-0.08,-0.13
btc-updown-15m-1774538100,1774538100,87.2,-0.05,0.475,0,-0.03,-0.06
btc-updown-15m-1774538100,1774538100,97.2,0.05,0.525,-0.04,-0.06,-0.125
btc-updown-15m-1774538100,1774538100,107.2,-0.06,0.465,-0.02,-0.05,-0.07
btc-updown-15m-1774538100,1774538100,118,0.035,0.48,-0.025,-0.065,-0.085
btc-updown-15m-1774538100,1774538100,128.8,0.03,0.515,-0.05,-0.13,-0.1
btc-updown-15m-1774538100,1774538100,138.8,-0.08,0.435,-0.03,-0.04,-0.02
btc-updown-15m-1774538100,1774538100,148.9,0.03,0.465,-0.08,-0.06,-0.01
btc-updown-15m-1774538100,1774538100,166.5,-0.03,0.435,-0.04,-0.04,0
btc-updown-15m-1774538100,1774538100,178.9,-0.03,0.375,0.03,0.02,0.05
btc-updown-15m-1774538100,1774538100,189,0.03,0.395,0.01,0.02,0.02
btc-updown-15m-1774538100,1774538100,220.9,0.03,0.405,-0.01,0.03,0.03
btc-updown-15m-1774538100,1774538100,264.4,0.045,0.45,-0.045,-0.035,0.005
btc-updown-15m-1774538100,1774538100,275.6,-0.03,0.425,-0.03,0.04,0.01
btc-updown-15m-1774538100,1774538100,291.7,-0.035,0.405,0.02,0.065,0.06
btc-updown-15m-1774538100,1774538100,312.1,0.035,0.44,-0.005,0.025,0.035
btc-updown-15m-1774538100,1774538100,322.2,-0.03,0.415,0.06,0.04,0.08
btc-updown-15m-1774538100,1774538100,332.2,0.03,0.445,0.06,-0.02,0.03
btc-updown-15m-1774538100,1774538100,349,0.035,0.495,-0.01,-0.04,-0.08
btc-updown-15m-1774538100,1774538100,361.5,0.035,0.505,-0.06,-0.04,-0.12
btc-updown-15m-1774538100,1774538100,371.5,-0.06,0.445,-0.005,0.03,-0.02
btc-updown-15m-1774538100,1774538100,385.9,-0.035,0.455,0.04,0.04,-0.1
btc-updown-15m-1774538100,1774538100,402.1,0.03,0.455,0.02,0.01,-0.1
btc-updown-15m-1774538100,1774538100,433.6,-0.04,0.455,0.01,-0.04,0.15
btc-updown-15m-1774538100,1774538100,443.8,0.05,0.505,-0.11,-0.14,0.07
btc-updown-15m-1774538100,1774538100,453.8,-0.03,0.475,-0.11,-0.14,0.12
btc-updown-15m-1774538100,1774538100,466.2,-0.035,0.44,-0.025,-0.095,0.145
btc-updown-15m-1774538100,1774538100,476.2,-0.065,0.375,-0.02,0.1,0.25
btc-updown-15m-1774538100,1774538100,486.2,0.03,0.405,-0.06,0.17,0.315
btc-updown-15m-1774538100,1774538100,496.7,0.04,0.415,-0.07,0.22,0.18
btc-updown-15m-1774538100,1774538100,506.7,-0.06,0.355,0.12,0.21,0.27
btc-updown-15m-1774538100,1774538100,527.1,0.03,0.375,0.26,0.18,0.26
btc-updown-15m-1774538100,1774538100,537.1,0.12,0.495,0.07,0.13,0.17
btc-updown-15m-1774538100,1774538100,547.2,0.1,0.595,-0.02,0.13,0.02
btc-updown-15m-1774538100,1774538100,557.2,0.04,0.635,-0.08,-0.04,0.15
btc-updown-15m-1774538100,1774538100,567.2,-0.065,0.565,0.06,0.105,0.24
btc-updown-15m-1774538100,1774538100,577.5,0.03,0.595,0.14,0.14,0.195
btc-updown-15m-1774538100,1774538100,587.5,-0.05,0.545,0.05,0.09,0.07
btc-updown-15m-1774538100,1774538100,597.5,0.08,0.625,0.05,0.03,0.09
btc-updown-15m-1774538100,1774538100,607.5,0.11,0.735,0,-0.085,0.08
btc-updown-15m-1774538100,1774538100,617.5,-0.14,0.595,0.04,0.19,0.21
btc-updown-15m-1774538100,1774538100,627.5,0.08,0.675,-0.02,0.13,0.13
btc-updown-15m-1774538100,1774538100,637.5,0.06,0.735,-0.09,0.06,0.03
btc-updown-15m-1774538100,1774538100,647.5,-0.1,0.635,0.15,-0.02,0.15
btc-updown-15m-1774538100,1774538100,662.5,0.03,0.665,0.12,0.06,0.29
btc-updown-15m-1774538100,1774538100,674.3,0.03,0.685,0.04,0.13,0.29
btc-updown-15m-1774538100,1774538100,684.3,0.1,0.785,-0.12,0.06,0.19
btc-updown-15m-1774538100,1774538100,695.9,0.03,0.805,-0.04,0,0.17
btc-updown-15m-1774538100,1774538100,705.9,-0.15,0.655,0.11,0.12,0.32
btc-updown-15m-1774538100,1774538100,716.4,0.03,0.685,0.14,0.24,0.3
btc-updown-15m-1774538100,1774538100,726.4,0.08,0.765,-0.02,0.15,0.22
btc-updown-15m-1774538100,1774538100,736.6,-0.03,0.765,0.01,0.21,0.22
btc-updown-15m-1774538100,1774538100,746.6,0.05,0.815,0.11,0.16,0.17
btc-updown-15m-1774538100,1774538100,756.7,-0.07,0.745,0.175,0.23,0.24
btc-updown-15m-1774538100,1774538100,766.7,0.03,0.775,0.2,0.21,0.21
btc-updown-15m-1774538100,1774538100,776.7,0.15,0.925,0.05,0.06,0.06
btc-updown-15m-1774538100,1774538100,793,0.03,0.975,0,0.01,
btc-updown-15m-1774538100,1774538100,809.1,0.03,0.975,0.01,0.01,
btc-updown-15m-1774548900,1774548900,1.1,0.03,0.615,-0.15,-0.21,-0.13
btc-updown-15m-1774548900,1774548900,11.1,-0.08,0.505,-0.05,-0.1,-0.05
btc-updown-15m-1774548900,1774548900,29.7,-0.03,0.475,-0.05,-0.07,-0.04
btc-updown-15m-1774548900,1774548900,47.9,-0.035,0.43,-0.005,-0.015,-0.085
btc-updown-15m-1774548900,1774548900,65.6,-0.035,0.395,0.03,0.09,-0.11
btc-updown-15m-1774548900,1774548900,100.1,0.035,0.44,0.015,-0.065,-0.175
btc-updown-15m-1774548900,1774548900,112.4,0.03,0.455,0,-0.1,-0.17
btc-updown-15m-1774548900,1774548900,122.4,0.04,0.495,-0.06,-0.22,-0.17
btc-updown-15m-1774548900,1774548900,132.5,-0.04,0.455,-0.08,-0.11,-0.13
btc-updown-15m-1774548900,1774548900,150.1,-0.03,0.425,-0.1,-0.14,-0.11
btc-updown-15m-1774548900,1774548900,160.1,-0.05,0.375,-0.07,-0.11,-0.06
btc-updown-15m-1774548900,1774548900,170.1,-0.03,0.345,0.03,-0.01,-0.05
btc-updown-15m-1774548900,1774548900,180.9,-0.035,0.315,-0.03,-0.01,-0.06
btc-updown-15m-1774548900,1774548900,191.6,0.03,0.325,-0.04,0.005,-0.07
btc-updown-15m-1774548900,1774548900,201.6,0.05,0.375,-0.04,-0.08,-0.12
btc-updown-15m-1774548900,1774548900,211.6,-0.1,0.275,0.04,0.04,-0.02
btc-updown-15m-1774548900,1774548900,223.6,0.03,0.315,0.02,-0.03,-0.06
btc-updown-15m-1774548900,1774548900,233.6,-0.03,0.285,0.01,0.02,-0.03
btc-updown-15m-1774548900,1774548900,243.6,0.04,0.325,-0.01,-0.07,-0.07
btc-updown-15m-1774548900,1774548900,261.2,-0.03,0.295,0.01,-0.04,-0.04
btc-updown-15m-1774548900,1774548900,282.6,-0.03,0.285,-0.03,-0.03,-0.03
btc-updown-15m-1774548900,1774548900,294.6,-0.035,0.26,-0.005,-0.005,-0.005
btc-updown-15m-1774548900,1774548900,442.7,-0.03,0.225,-0.06,-0.01,-0.05
btc-updown-15m-1774548900,1774548900,454.4,-0.03,0.195,0,0.08,-0.05
btc-updown-15m-1774548900,1774548900,464.4,-0.03,0.165,0.05,0.125,-0.01
btc-updown-15m-1774548900,1774548900,476.7,0.03,0.195,0.02,0.03,-0.06
btc-updown-15m-1774548900,1774548900,488.5,-0.03,0.185,0.08,-0.03,-0.08
btc-updown-15m-1774548900,1774548900,498.5,0.04,0.225,-0.04,-0.05,-0.11
btc-updown-15m-1774548900,1774548900,509.8,0.035,0.24,-0.015,-0.085,-0.135
btc-updown-15m-1774548900,1774548900,519.8,0.06,0.305,-0.15,-0.12,-0.24
btc-updown-15m-1774548900,1774548900,529.8,-0.12,0.185,-0.01,-0.03,-0.14
btc-updown-15m-1774548900,1774548900,539.8,0.04,0.225,-0.07,-0.09,-0.2
btc-updown-15m-1774548900,1774548900,549.8,-0.07,0.155,0.03,-0.03,-0.14
btc-updown-15m-1774548900,1774548900,560.3,0.03,0.175,-0.03,-0.06,-0.16
btc-updown-15m-1774548900,1774548900,572.8,-0.03,0.145,-0.03,-0.04,-0.135
btc-updown-15m-1774548900,1774548900,585,0.03,0.175,-0.06,-0.13,-0.165
btc-updown-15m-1774548900,1774548900,595,-0.04,0.135,-0.04,-0.1,-0.125
btc-updown-15m-1774548900,1774548900,606.4,-0.03,0.105,0.005,-0.09,-0.095
btc-updown-15m-1774548900,1774548900,638.1,-0.03,0.065,-0.05,-0.055,-0.055
btc-updown-15m-1774548900,1774548900,651.2,-0.03,0.035,-0.02,-0.025,-0.025
btc-updown-15m-1774548900,1774548900,663.6,-0.03,0.015,-0.005,-0.005,-0.005
btc-updown-15m-1774559700,1774559700,10.2,-0.03,0.53,0.055,-0.075,-0.075
btc-updown-15m-1774559700,1774559700,29.4,0.03,0.545,0.03,-0.07,0.01
btc-updown-15m-1774559700,1774559700,39.4,0.04,0.585,-0.13,-0.16,-0.03
btc-updown-15m-1774559700,1774559700,63.3,-0.035,0.54,-0.065,-0.095,0.095
btc-updown-15m-1774559700,1774559700,73.3,-0.08,0.455,-0.03,0,0.18
btc-updown-15m-1774559700,1774559700,96,-0.035,0.44,0.015,0.115,0.175
btc-updown-15m-1774559700,1774559700,124.7,0.03,0.455,0.1,0.2,0.13
btc-updown-15m-1774559700,1774559700,146.8,0.035,0.49,0.105,0.135,0.165
btc-updown-15m-1774559700,1774559700,156.8,0.055,0.555,0.1,0.06,0.1
btc-updown-15m-1774559700,1774559700,173.2,0.035,0.59,0.035,0.005,0.065
btc-updown-15m-1774559700,1774559700,183.2,0.045,0.635,-0.01,-0.05,0.04
btc-updown-15m-1774559700,1774559700,195.8,-0.035,0.62,-0.025,-0.015,0.06
btc-updown-15m-1774559700,1774559700,206,0.03,0.625,-0.01,0.03,0.09
btc-updown-15m-1774559700,1774559700,220.5,-0.03,0.595,-0.03,0.04,0.29
btc-updown-15m-1774559700,1774559700,243.8,-0.03,0.585,0.07,0.09,0.24
btc-updown-15m-1774559700,1774559700,256.2,0.04,0.605,0.04,0.07,0.26
btc-updown-15m-1774559700,1774559700,266.2,0.05,0.655,0,0.06,0.2
btc-updown-15m-1774559700,1774559700,278.7,-0.03,0.635,0.04,0.25,0.27
btc-updown-15m-1774559700,1774559700,298.7,0.03,0.685,0.03,0.15,0.21
btc-updown-15m-1774559700,1774559700,316.7,0.035,0.71,0.145,0.155,0.205
btc-updown-15m-1774559700,1774559700,330.9,0.04,0.755,0.08,0.11,0.17
btc-updown-15m-1774559700,1774559700,340.9,0.12,0.885,-0.07,0.02,0.05
btc-updown-15m-1774559700,1774559700,350.9,-0.03,0.855,0.01,0.05,0.08
btc-updown-15m-1774559700,1774559700,361,-0.03,0.83,0.035,0.055,0.125
btc-updown-15m-1774559700,1774559700,373.6,0.03,0.855,0.05,0.06,0.09
btc-updown-15m-1774559700,1774559700,393.9,0.03,0.885,0,0.05,0.08
btc-updown-15m-1774559700,1774559700,432.3,0.03,0.915,0.02,0.03,0.07
btc-updown-15m-1774559700,1774559700,518.2,0.03,0.985,0,0,0
btc-updown-15m-1774559700,1774559700,688.5,-0.032,0.9495,0.0285,0.0355,0.0415
btc-updown-15m-1774559700,1774559700,698.5,0.031,0.966,0.013,0.0235,0.0275
btc-updown-15m-1774570500,1774570500,5.9,0.035,0.475,-0.06,-0.06,-0.14
btc-updown-15m-1774570500,1774570500,17.2,-0.035,0.44,-0.025,0.005,-0.095
btc-updown-15m-1774570500,1774570500,73.2,0.03,0.445,-0.1,-0.1,0.08
btc-updown-15m-1774570500,1774570500,85,-0.03,0.415,-0.05,-0.08,0.12
btc-updown-15m-1774570500,1774570500,95.1,-0.12,0.285,0.05,0.085,0.28
btc-updown-15m-1774570500,1774570500,105.1,0.06,0.345,0,0.03,0.24
btc-updown-15m-1774570500,1774570500,145.6,-0.035,0.31,0.165,0.225,0.135
btc-updown-15m-1774570500,1774570500,155.6,0.065,0.37,0.125,0.195,0.125
btc-updown-15m-1774570500,1774570500,166.1,0.03,0.4,0.125,0.185,0.105
btc-updown-15m-1774570500,1774570500,176.2,0.065,0.475,0.06,0.04,-0.09
btc-updown-15m-1774570500,1774570500,190,0.03,0.505,0.06,0.005,-0.12
btc-updown-15m-1774570500,1774570500,209,0.03,0.555,-0.07,-0.1,-0.36
btc-updown-15m-1774570500,1774570500,228.6,-0.04,0.525,-0.08,-0.15,-0.23
btc-updown-15m-1774570500,1774570500,238.6,-0.04,0.485,-0.03,-0.1,-0.16
btc-updown-15m-1774570500,1774570500,248.6,0.03,0.515,-0.02,-0.13,-0.11
btc-updown-15m-1774570500,1774570500,258.6,-0.07,0.445,-0.07,-0.14,-0.09
btc-updown-15m-1774570500,1774570500,272.2,0.035,0.48,-0.045,-0.21,-0.135
btc-updown-15m-1774570500,1774570500,287.4,-0.035,0.46,-0.115,-0.175,-0.055
btc-updown-15m-1774570500,1774570500,297.4,-0.06,0.385,-0.2,-0.06,0.02
btc-updown-15m-1774570500,1774570500,307.4,0.05,0.435,-0.16,-0.04,-0.06
btc-updown-15m-1774570500,1774570500,317.5,-0.09,0.345,-0.06,0.025,0.04
btc-updown-15m-1774570500,1774570500,327.5,-0.14,0.185,0.14,0.16,0.1
btc-updown-15m-1774570500,1774570500,337.5,0.09,0.275,0.12,0.15,-0.19
btc-updown-15m-1774570500,1774570500,352.5,0.03,0.315,0.04,0.1,-0.25
btc-updown-15m-1774570500,1774570500,363.8,0.035,0.36,-0.005,0.045,-0.305
btc-updown-15m-1774570500,1774570500,373.9,0.065,0.445,0,-0.03,-0.37
btc-updown-15m-1774570500,1774570500,384,-0.1,0.345,0.07,-0.06,-0.28
btc-updown-15m-1774570500,1774570500,394.6,0.035,0.38,-0.015,-0.27,-0.315
btc-updown-15m-1774570500,1774570500,404.6,0.06,0.445,-0.03,-0.36,-0.41
btc-updown-15m-1774570500,1774570500,414.7,-0.03,0.415,-0.13,-0.37,-0.38
btc-updown-15m-1774570500,1774570500,424.7,-0.05,0.365,-0.26,-0.31,-0.33
btc-updown-15m-1774570500,1774570500,434.8,0.05,0.415,-0.34,-0.34,-0.39
btc-updown-15m-1774570500,1774570500,444.8,-0.13,0.285,-0.24,-0.22,-0.26
btc-updown-15m-1774570500,1774570500,455,-0.18,0.105,-0.05,-0.04,-0.06
btc-updown-15m-1774570500,1774570500,465,-0.03,0.075,0,-0.04,-0.03
btc-updown-15m-1774570500,1774570500,475,-0.03,0.045,0.02,-0.01,0.01
btc-updown-15m-1774570500,1774570500,486.8,0.03,0.065,0,-0.03,-0.025
btc-updown-15m-1774570500,1774570500,519,-0.03,0.035,0,0.01,0
btc-updown-15m-1774570500,1774570500,592.3,0.03,0.075,-0.05,-0.05,-0.0565
btc-updown-15m-1774570500,1774570500,602.3,-0.03,0.045,-0.02,-0.021,-0.029
btc-updown-15m-1774570500,1774570500,620.2,-0.03,0.025,0,-0.013,-0.012
btc-updown-15m-1774581300,1774581300,0.6,0.04,0.595,0.02,-0.03,0.04
btc-updown-15m-1774581300,1774581300,10.7,-0.04,0.555,0,0,0.08
btc-updown-15m-1774581300,1774581300,22.7,-0.035,0.555,-0.01,-0.02,0.12
btc-updown-15m-1774581300,1774581300,36.4,-0.04,0.555,0,0.08,0.18
btc-updown-15m-1774581300,1774581300,80.5,-0.03,0.525,0.17,0.15,0.19
btc-updown-15m-1774581300,1774581300,90.5,0.03,0.555,0.08,0.17,0.16
btc-updown-15m-1774581300,1774581300,100.5,0.11,0.665,-0.03,0.07,0.03
btc-updown-15m-1774581300,1774581300,117.1,-0.035,0.66,0.065,0.055,0.065
btc-updown-15m-1774581300,1774581300,138.5,0.03,0.665,0.07,0.07,0.135
btc-updown-15m-1774581300,1774581300,148.5,0.06,0.725,-0.01,-0.01,0.05
btc-updown-15m-1774581300,1774581300,180.8,0.03,0.755,-0.04,0.01,0.02
btc-updown-15m-1774581300,1774581300,195.8,-0.03,0.735,-0.07,0.07,0.02
btc-updown-15m-1774581300,1774581300,229.1,-0.035,0.66,0.135,0.115,0.075
btc-updown-15m-1774581300,1774581300,239.1,0.07,0.725,0.05,0.05,0.08
btc-updown-15m-1774581300,1774581300,249.1,0.08,0.805,0,-0.01,0.06
btc-updown-15m-1774581300,1774581300,265.5,-0.03,0.775,-0.04,-0.06,0.09
btc-updown-15m-1774581300,1774581300,277.8,0.03,0.805,-0.01,-0.04,0.06
btc-updown-15m-1774581300,1774581300,287.8,-0.03,0.775,-0.02,-0.04,0.09
btc-updown-15m-1774581300,1774581300,297.8,-0.04,0.735,-0.02,0.07,0.14
btc-updown-15m-1774581300,1774581300,307.8,0.06,0.795,-0.03,0.07,0.09
btc-updown-15m-1774581300,1774581300,317.8,-0.04,0.755,-0.02,0.11,0.11
btc-updown-15m-1774581300,1774581300,327.9,-0.04,0.715,0.09,0.14,0.16
btc-updown-15m-1774581300,1774581300,337.9,0.05,0.765,0.1,0.1,0.04
btc-updown-15m-1774581300,1774581300,347.9,-0.03,0.735,0.13,0.13,-0.05
btc-updown-15m-1774581300,1774581300,357.9,0.07,0.805,0.05,0.07,-0.11
btc-updown-15m-1774581300,1774581300,367.9,0.06,0.865,0,0.02,-0.29
btc-updown-15m-1774581300,1774581300,424,0.03,0.895,-0.02,-0.23,-0.47
btc-updown-15m-1774581300,1774581300,434,-0.03,0.865,-0.18,-0.31,-0.29
btc-updown-15m-1774581300,1774581300,455.2,-0.03,0.835,-0.17,-0.24,-0.26
btc-updown-15m-1774581300,1774581300,465.3,-0.15,0.685,-0.12,-0.1,-0.11
btc-updown-15m-1774581300,1774581300,485.3,-0.03,0.655,-0.06,-0.22,-0.02
btc-updown-15m-1774581300,1774581300,495.3,-0.08,0.565,0.02,0.02,0.19
btc-updown-15m-1774581300,1774581300,507.9,-0.035,0.54,-0.225,0.155,0.275
btc-updown-15m-1774581300,1774581300,518,0.05,0.585,-0.08,-0.01,0.24
btc-updown-15m-1774581300,1774581300,528.1,-0.06,0.525,0.09,0.03,0.24
btc-updown-15m-1774581300,1774581300,538.1,-0.19,0.315,0.38,0.22,0.47
btc-updown-15m-1774581300,1774581300,548.1,0.25,0.565,0.01,0.14,0.285
btc-updown-15m-1774581300,1774581300,558.1,0.05,0.615,-0.06,0.14,0.23
btc-updown-15m-1774581300,1774581300,568.1,0.08,0.695,-0.16,0.12,0.22
btc-updown-15m-1774581300,1774581300,578.1,-0.12,0.575,0.13,0.25,0.315
btc-updown-15m-1774581300,1774581300,588.5,0.03,0.605,0.15,0.16,0.3
btc-updown-15m-1774581300,1774581300,598.5,-0.09,0.52,0.295,0.285,0.395
btc-updown-15m-1774581300,1774581300,608.5,0.195,0.715,0.11,0.13,0.22
btc-updown-15m-1774581300,1774581300,618.5,0.04,0.755,0.01,0.09,0.2
btc-updown-15m-1774581300,1774581300,628.5,0.06,0.815,-0.01,0.1,0.14
btc-updown-15m-1774581300,1774581300,645.2,-0.035,0.78,0.065,0.135,0.185
btc-updown-15m-1774581300,1774581300,658.3,0.03,0.795,0.12,0.12,0.17
btc-updown-15m-1774581300,1774581300,668.3,0.05,0.845,0.05,0.09,0.12
btc-updown-15m-1774581300,1774581300,687.1,0.065,0.91,0.005,0.045,0.055
btc-updown-15m-1774581300,1774581300,697.4,-0.03,0.885,0.05,0.07,0.09
btc-updown-15m-1774581300,1774581300,721.3,0.03,0.925,0.03,0.04,0.065
btc-updown-15m-1774592100,1774592100,16.2,-0.03,0.435,-0.12,-0.03,-0.1
btc-updown-15m-1774592100,1774592100,26.2,-0.05,0.385,-0.04,0.02,-0.08
btc-updown-15m-1774592100,1774592100,36.2,-0.03,0.355,0.06,0.09,-0.06
btc-updown-15m-1774592100,1774592100,46.2,-0.04,0.315,0.09,0.14,0
btc-updown-15m-1774592100,1774592100,57.8,0.035,0.35,0.065,-0.015,0.035
btc-updown-15m-1774592100,1774592100,67.8,0.065,0.415,0.03,-0.04,-0.03
btc-updown-15m-1774592100,1774592100,87.9,0.035,0.44,-0.105,-0.135,0.055
btc-updown-15m-1774592100,1774592100,112.5,0.035,0.49,-0.155,-0.125,0.035
btc-updown-15m-1774592100,1774592100,122.5,-0.125,0.365,-0.07,0.02,0.1
btc-updown-15m-1774592100,1774592100,136.2,-0.04,0.335,-0.02,0.06,0.18
btc-updown-15m-1774592100,1774592100,146.2,-0.03,0.305,0.08,0.19,0.21
btc-updown-15m-1774592100,1774592100,159.6,0.03,0.335,0.05,0.16,0.23
btc-updown-15m-1774592100,1774592100,174.7,0.03,0.385,0.07,0.14,0.12
btc-updown-15m-1774592100,1774592100,201.2,0.04,0.415,0.09,0.1,0.19
btc-updown-15m-1774592100,1774592100,211.2,0.08,0.495,-0.03,0.02,0.01
btc-updown-15m-1774592100,1774592100,231.7,0.03,0.525,-0.01,-0.03,-0.02
btc-updown-15m-1774592100,1774592100,241.7,-0.06,0.465,0.05,0.04,-0.03
btc-updown-15m-1774592100,1774592100,251.7,0.04,0.505,0.05,0.06,-0.1
btc-updown-15m-1774592100,1774592100,277.8,0.03,0.545,-0.025,-0.05,-0.03
btc-updown-15m-1774592100,1774592100,287.8,-0.06,0.485,0.12,0.02,-0.01
btc-updown-15m-1774592100,1774592100,308.1,0.03,0.535,-0.04,-0.11,-0.17
btc-updown-15m-1774592100,1774592100,318.1,0.07,0.605,-0.1,-0.2,-0.29
btc-updown-15m-1774592100,1774592100,328.1,-0.11,0.495,-0.05,0.04,-0.2
btc-updown-15m-1774592100,1774592100,352.2,-0.04,0.455,-0.04,0.02,-0.18
btc-updown-15m-1774592100,1774592100,362.2,-0.035,0.415,0.11,0,-0.08
btc-updown-15m-1774592100,1774592100,383.2,0.035,0.44,-0.005,-0.125,-0.165
btc-updown-15m-1774592100,1774592100,393.2,0.08,0.525,-0.12,-0.24,-0.27
btc-updown-15m-1774592100,1774592100,406.2,-0.035,0.5,-0.185,-0.225,-0.155
btc-updown-15m-1774592100,1774592100,416.2,-0.075,0.425,-0.13,-0.11,-0.01
btc-updown-15m-1774592100,1774592100,426.4,-0.035,0.39,-0.105,-0.105,0.115
btc-updown-15m-1774592100,1774592100,436.4,-0.065,0.315,-0.04,0,0.37
btc-updown-15m-1774592100,1774592100,453,-0.03,0.285,0.05,-0.03,0.39
btc-updown-15m-1774592100,1774592100,472.9,0.035,0.295,-0.02,0.09,0.53
btc-updown-15m-1774592100,1774592100,482.9,0.04,0.335,-0.08,0.12,0.48
btc-updown-15m-1774592100,1774592100,492.9,-0.07,0.265,0.08,0.37,0.45
btc-updown-15m-1774592100,1774592100,505,-0.035,0.27,0.115,0.415,0.435
btc-updown-15m-1774592100,1774592100,519.5,0.035,0.3,0.245,0.355,0.495
btc-updown-15m-1774592100,1774592100,529.5,0.045,0.345,0.34,0.47,0.25
btc-updown-15m-1774592100,1774592100,539.5,0.07,0.415,0.26,0.4,0.22
btc-updown-15m-1774592100,1774592100,549.5,0.13,0.545,0.11,0.24,-0.09
btc-updown-15m-1774592100,1774592100,559.5,0.14,0.685,0.13,0.02,-0.13
btc-updown-15m-1774592100,1774592100,574.8,-0.03,0.655,0.18,0.03,0.04
btc-updown-15m-1774592100,1774592100,584.8,0.08,0.735,0,0.02,0.01
btc-updown-15m-1774592100,1774592100,594.8,0.06,0.795,-0.1,-0.16,-0.09
btc-updown-15m-1774592100,1774592100,604.8,0.04,0.835,-0.15,-0.37,0
btc-updown-15m-1774592100,1774592100,614.8,-0.1,0.735,0.02,-0.23,0.09
btc-updown-15m-1774592100,1774592100,624.8,-0.04,0.695,-0.06,-0.13,0.14
btc-updown-15m-1774592100,1774592100,635.7,0.03,0.735,-0.27,-0.11,0.14
btc-updown-15m-1774592100,1774592100,645.7,0.03,0.755,-0.23,0,0.1
btc-updown-15m-1774592100,1774592100,655.7,-0.12,0.635,-0.07,0.06,0.23
btc-updown-15m-1774592100,1774592100,665.7,-0.17,0.465,0.16,0.37,0.45
btc-updown-15m-1774592100,1774592100,675.7,0.06,0.525,0.23,0.3,0.43
btc-updown-15m-1774592100,1774592100,685.7,0.04,0.565,0.13,0.27,0.4
btc-updown-15m-1774592100,1774592100,695.7,0.06,0.625,0.21,0.25,0.35
btc-updown-15m-1774592100,1774592100,705.7,0.13,0.755,0.07,0.1,0.22
btc-updown-15m-1774592100,1774592100,715.7,-0.06,0.695,0.14,0.17,0.29
btc-updown-15m-1774592100,1774592100,725.8,0.14,0.835,0.04,0.08,0.15
btc-updown-15m-1774592100,1774592100,738.5,0.035,0.84,0.015,0.115,0.15
btc-updown-15m-1774592100,1774592100,752,0.03,0.855,0.06,0.11,0.135
btc-updown-15m-1774592100,1774592100,765,-0.03,0.855,0.09,0.12,0.135
btc-updown-15m-1774592100,1774592100,775,0.03,0.885,0.08,0.1,0.105
btc-updown-15m-1774592100,1774592100,785,0.03,0.915,0.06,0.07,
btc-updown-15m-1774592100,1774592100,795,0.035,0.95,0.025,0.04,
btc-updown-15m-1774602900,1774602900,0.9,0.035,0.58,0.025,0.155,0.105
btc-updown-15m-1774602900,1774602900,16.5,0.035,0.575,0.07,0.09,0.15
btc-updown-15m-1774602900,1774602900,26.5,0.03,0.605,0.08,0.1,0.11
btc-updown-15m-1774602900,1774602900,38.2,0.03,0.635,0.09,0.05,0.09
btc-updown-15m-1774602900,1774602900,48.2,0.045,0.68,-0.045,0.025,0.045
btc-updown-15m-1774602900,1774602900,59.4,0.04,0.71,-0.015,-0.025,0.015
btc-updown-15m-1774602900,1774602900,70.4,-0.03,0.705,-0.02,0,-0.04
btc-updown-15m-1774602900,1774602900,80.4,-0.04,0.665,0.05,0.06,-0.01
btc-updown-15m-1774602900,1774602900,104.5,0.035,0.71,-0.025,0.015,0.035
btc-updown-15m-1774602900,1774602900,120.4,-0.035,0.68,0.025,0.045,0.065
btc-updown-15m-1774602900,1774602900,133.1,-0.04,0.685,0.04,-0.03,0.12
btc-updown-15m-1774602900,1774602900,183,-0.03,0.695,0.01,0.05,0.1
btc-updown-15m-1774602900,1774602900,193,-0.04,0.655,0.09,0.15,0.17
btc-updown-15m-1774602900,1774602900,203.5,-0.03,0.625,0.09,0.14,0.2
btc-updown-15m-1774602900,1774602900,213.5,0.08,0.705,0.04,0.11,0.15
btc-updown-15m-1774602900,1774602900,223.5,0.05,0.745,0.06,0.09,0.11
btc-updown-15m-1774602900,1774602900,233.6,-0.03,0.715,0.05,0.13,0.14
btc-updown-15m-1774602900,1774602900,243.7,0.04,0.755,0.06,0.04,0.11
btc-updown-15m-1774602900,1774602900,253.7,0.04,0.795,0.04,0.03,0.08
btc-updown-15m-1774602900,1774602900,263.7,-0.03,0.765,0.08,0.06,0.13
btc-updown-15m-1774602900,1774602900,273.7,0.05,0.815,-0.02,0.05,0.06
btc-updown-15m-1774602900,1774602900,284.4,0.03,0.845,-0.02,0,0.06
btc-updown-15m-1774602900,1774602900,294.8,-0.03,0.815,0.01,0.05,0.06
btc-updown-15m-1774602900,1774602900,332.9,0.03,0.855,0.01,0.02,0.04
btc-updown-15m-1774602900,1774602900,345.9,-0.03,0.835,0.04,0.07,0.05
btc-updown-15m-1774602900,1774602900,360.8,0.03,0.855,0.01,-0.02,0.04
btc-updown-15m-1774602900,1774602900,403.6,0.03,0.905,-0.03,-0.01,0
btc-updown-15m-1774602900,1774602900,413.6,-0.03,0.875,-0.01,0.02,0.02
btc-updown-15m-1774602900,1774602900,423.7,-0.04,0.835,0.06,0.06,0.1
btc-updown-15m-1774602900,1774602900,433.8,0.035,0.87,0.025,0.045,0.065
btc-updown-15m-1774602900,1774602900,448.2,0.03,0.895,0,0,0.03
btc-updown-15m-1774602900,1774602900,466.6,-0.03,0.885,0,0.03,0.06
btc-updown-15m-1774602900,1774602900,534.2,-0.03,0.895,0.03,0.05,0.09
btc-updown-15m-1774602900,1774602900,544.2,0.04,0.935,0,0.04,0.05
btc-updown-15m-1774602900,1774602900,603.1,0.03,0.975,0,0.01,0.015
btc-updown-15m-1774613700,1774613700,12.8,0.03,0.555,0.02,0.08,0
btc-updown-15m-1774613700,1774613700,48.3,-0.035,0.55,0.105,0.155,-0.045
btc-updown-15m-1774613700,1774613700,58.3,0.05,0.595,0.07,0.05,-0.07
btc-updown-15m-1774613700,1774613700,68.5,0.03,0.625,0.09,-0.04,-0.07
btc-updown-15m-1774613700,1774613700,78.5,0.03,0.655,0.05,-0.11,-0.09
btc-updown-15m-1774613700,1774613700,89.9,0.03,0.685,-0.04,-0.14,-0.16
btc-updown-15m-1774613700,1774613700,109.5,-0.035,0.68,-0.135,-0.175,-0.125
btc-updown-15m-1774613700,1774613700,119.5,-0.035,0.645,-0.1,-0.12,-0.1
btc-updown-15m-1774613700,1774613700,129.6,-0.06,0.585,-0.14,-0.05,-0.04
btc-updown-15m-1774613700,1774613700,139.6,-0.04,0.545,-0.04,0,0.08
btc-updown-15m-1774613700,1774613700,150.9,-0.03,0.515,0.02,0.01,0.13
btc-updown-15m-1774613700,1774613700,160.9,-0.05,0.465,0.07,0.13,0.14
btc-updown-15m-1774613700,1774613700,170.9,0.04,0.505,0.03,0.05,0.11
btc-updown-15m-1774613700,1774613700,180.9,0.03,0.535,-0.01,0.01,0.01
btc-updown-15m-1774613700,1774613700,204.8,-0.03,0.525,0.03,0.13,0.055
btc-updown-15m-1774613700,1774613700,216.5,0.03,0.555,-0.02,0.095,-0.01
btc-updown-15m-1774613700,1774613700,226.5,0.04,0.595,-0.05,0.03,-0.16
btc-updown-15m-1774613700,1774613700,236.5,-0.04,0.545,0.105,0.07,-0.11
btc-updown-15m-1774613700,1774613700,258.1,0.035,0.57,0.045,0.045,-0.105
btc-updown-15m-1774613700,1774613700,268.1,0.065,0.655,-0.04,-0.08,-0.2
btc-updown-15m-1774613700,1774613700,278.7,-0.03,0.625,-0.06,-0.08,-0.18
btc-updown-15m-1774613700,1774613700,300.2,-0.03,0.585,-0.02,-0.12,-0.18
btc-updown-15m-1774613700,1774613700,310.2,0.03,0.615,-0.07,-0.11,-0.21
btc-updown-15m-1774613700,1774613700,324.7,-0.03,0.585,-0.15,-0.15,-0.14
btc-updown-15m-1774613700,1774613700,345.2,-0.03,0.515,-0.07,-0.07,0.02
btc-updown-15m-1774613700,1774613700,355.3,-0.075,0.435,0.02,0,0.07
btc-updown-15m-1774613700,1774613700,365.3,0.11,0.545,-0.09,-0.14,0.03
btc-updown-15m-1774613700,1774613700,375.3,-0.09,0.455,-0.01,-0.02,0.11
btc-updown-15m-1774613700,1774613700,415.9,-0.03,0.425,0.02,0.08,0.02
btc-updown-15m-1774613700,1774613700,435.4,0.035,0.44,0.095,0.125,-0.235
btc-updown-15m-1774613700,1774613700,445.7,-0.04,0.445,0.06,0.14,-0.14
btc-updown-15m-1774613700,1774613700,459.1,0.04,0.435,0.2,0.17,-0.17
btc-updown-15m-1774613700,1774613700,469.1,0.12,0.555,0.01,-0.08,-0.27
btc-updown-15m-1774613700,1774613700,479.2,-0.07,0.485,0.08,-0.14,-0.16
btc-updown-15m-1774613700,1774613700,489.2,0.15,0.635,-0.03,-0.32,-0.34
btc-updown-15m-1774613700,1774613700,499.2,-0.07,0.565,-0.09,-0.32,-0.19
btc-updown-15m-1774613700,1774613700,518.6,0.03,0.595,-0.28,-0.33,-0.36
btc-updown-15m-1774613700,1774613700,528.6,-0.12,0.475,-0.23,-0.19,-0.27
btc-updown-15m-1774613700,1774613700,538.7,-0.08,0.395,-0.09,-0.08,-0.23
btc-updown-15m-1774613700,1774613700,548.7,-0.075,0.315,-0.05,-0.01,-0.13
btc-updown-15m-1774613700,1774613700,558.7,-0.07,0.245,0.04,0.12,-0.175
btc-updown-15m-1774613700,1774613700,568.7,0.06,0.305,0.01,0.03,-0.24
btc-updown-15m-1774613700,1774613700,578.7,-0.04,0.265,0.04,-0.03,-0.18
btc-updown-15m-1774613700,1774613700,590.3,0.035,0.3,0.065,-0.095,-0.245
btc-updown-15m-1774613700,1774613700,609.1,-0.03,0.295,-0.06,-0.11,-0.23
btc-updown-15m-1774613700,1774613700,619.1,0.08,0.375,-0.17,-0.3,-0.32
btc-updown-15m-1774613700,1774613700,629.1,-0.04,0.335,-0.12,-0.26,-0.29
btc-updown-15m-1774613700,1774613700,639.1,-0.1,0.235,-0.05,-0.15,-0.19
btc-updown-15m-1774613700,1774613700,649.2,-0.03,0.205,-0.13,-0.15,-0.16
btc-updown-15m-1774613700,1774613700,664.4,0.03,0.205,-0.12,-0.14,-0.19
btc-updown-15m-1774613700,1774613700,674.4,-0.09,0.115,-0.06,-0.06,-0.1
btc-updown-15m-1774613700,1774613700,684.4,-0.05,0.065,0.01,-0.01,-0.05
btc-updown-15m-1774613700,1774613700,694.9,0.03,0.085,0,-0.03,-0.07
btc-updown-15m-1774613700,1774613700,705.1,-0.03,0.055,0,0,-0.04
btc-updown-15m-1774613700,1774613700,726.3,0.03,0.085,-0.035,-0.07,-0.07
btc-updown-15m-1774613700,1774613700,736.4,-0.03,0.055,0,-0.04,-0.04
btc-updown-15m-1774613700,1774613700,781.8,-0.03,0.015,0,0,
btc-updown-15m-1774624500,1774624500,0.7,-0.03,0.425,0.02,0.02,0.05
btc-updown-15m-1774624500,1774624500,10.7,0.07,0.495,-0.09,-0.05,-0.05
btc-updown-15m-1774624500,1774624500,25.7,-0.035,0.46,0.035,-0.035,0.065
btc-updown-15m-1774624500,1774624500,35.7,-0.045,0.41,0.065,0.045,0.115
btc-updown-15m-1774624500,1774624500,52.2,0.035,0.44,-0.045,0.025,-0.095
btc-updown-15m-1774624500,1774624500,63.4,-0.035,0.445,0.01,0.03,-0.05
btc-updown-15m-1774624500,1774624500,75.3,-0.03,0.415,0.03,0.06,0.02
btc-updown-15m-1774624500,1774624500,93.3,0.035,0.43,0.045,0.105,-0.035
btc-updown-15m-1774624500,1774624500,108.3,0.03,0.465,0.01,-0.12,-0.04
btc-updown-15m-1774624500,1774624500,140.6,0.035,0.48,-0.105,-0.035,-0.105
btc-updown-15m-1774624500,1774624500,150.6,0.095,0.575,-0.21,-0.15,-0.21
btc-updown-15m-1774624500,1774624500,160.6,-0.21,0.365,0.06,0.01,-0.01
btc-updown-15m-1774624500,1774624500,172.1,-0.03,0.345,0.1,0.07,-0.16
btc-updown-15m-1774624500,1774624500,182.2,0.03,0.375,0.02,-0.01,-0.21
btc-updown-15m-1774624500,1774624500,192.2,0.04,0.415,-0.04,-0.03,-0.25
btc-updown-15m-1774624500,1774624500,202.2,0.03,0.445,-0.03,-0.07,-0.29
btc-updown-15m-1774624500,1774624500,212.2,-0.05,0.395,-0.03,-0.04,-0.27
btc-updown-15m-1774624500,1774624500,226.5,0.05,0.425,-0.02,-0.2,-0.31
btc-updown-15m-1774624500,1774624500,236.5,-0.06,0.365,0.01,-0.2,-0.25
btc-updown-15m-1774624500,1774624500,252.4,0.03,0.395,-0.09,-0.23,-0.32
btc-updown-15m-1774624500,1774624500,262.9,-0.03,0.375,-0.2,-0.21,-0.31
btc-updown-15m-1774624500,1774624500,282,-0.035,0.32,-0.155,-0.175,-0.275
btc-updown-15m-1774624500,1774624500,292,-0.13,0.185,-0.03,-0.07,-0.14
btc-updown-15m-1774624500,1774624500,308,-0.03,0.135,-0.01,-0.07,-0.1
btc-updown-15m-1774624500,1774624500,318,0.05,0.185,-0.07,-0.13,-0.14
btc-updown-15m-1774624500,1774624500,328,-0.06,0.125,-0.03,-0.09,-0.09
btc-updown-15m-1774624500,1774624500,361.1,-0.03,0.085,-0.04,-0.03,-0.06
btc-updown-15m-1774624500,1774624500,388.4,-0.03,0.035,0.01,0,-0.011
btc-updown-15m-1774624500,1774624500,520.2,0.0315,0.051,0.4465,0.384,0.1335
btc-updown-15m-1774624500,1774624500,530.2,0.355,0.41,-0.085,-0.035,-0.175
btc-updown-15m-1774624500,1774624500,540.2,0.393,0.803,-0.4065,-0.4175,-0.518
btc-updown-15m-1774624500,1774624500,550.2,-0.3055,0.4975,-0.0625,-0.1245,-0.2115
btc-updown-15m-1774624500,1774624500,560.2,-0.1725,0.325,0.05,-0.07,0.061
btc-updown-15m-1774624500,1774624500,570.2,0.0715,0.3965,-0.011,-0.1515,-0.121
btc-updown-15m-1774624500,1774624500,580.2,0.0385,0.435,-0.062,-0.2505,-0.1445
btc-updown-15m-1774624500,1774624500,590.2,-0.06,0.375,-0.12,-0.14,-0.105
btc-updown-15m-1774624500,1774624500,600.9,0.03,0.405,-0.1555,-0.12,-0.013
btc-updown-15m-1774624500,1774624500,610.9,-0.032,0.373,-0.184,-0.0885,-0.047
btc-updown-15m-1774624500,1774624500,620.9,-0.1275,0.2455,0.0095,0.1285,0.077
btc-updown-15m-1774624500,1774624500,633.2,-0.03,0.235,0.0695,0.112,0.1345
btc-updown-15m-1774624500,1774624500,643.2,-0.046,0.189,0.115,0.1015,0.1845
btc-updown-15m-1774624500,1774624500,653.2,0.066,0.255,0.0325,0.0655,0.0525
btc-updown-15m-1774624500,1774624500,663.2,0.0495,0.3045,0.0425,0.0005,-0.0395
btc-updown-15m-1774624500,1774624500,673.3,0.03,0.315,-0.0245,0.0185,-0.0365
btc-updown-15m-1774624500,1774624500,683.3,-0.03,0.285,0.0355,0.086,-0.0505
btc-updown-15m-1774624500,1774624500,693.3,0.063,0.348,-0.043,0.0265,-0.0425
btc-updown-15m-1774624500,1774624500,703.3,-0.0575,0.2905,0.043,0.083,0.099
btc-updown-15m-1774624500,1774624500,713.3,0.03,0.3205,0.0505,-0.013,0.031
btc-updown-15m-1774624500,1774624500,723.6,-0.03,0.301,0.083,-0.036,0.254
btc-updown-15m-1774624500,1774624500,733.6,0.0435,0.3445,0.029,-0.0895,-0.0195
btc-updown-15m-1774624500,1774624500,743.7,0.031,0.375,-0.069,-0.1405,0.11
btc-updown-15m-1774624500,1774624500,759.9,-0.0305,0.36,-0.095,-0.006,0.615
btc-updown-15m-1774624500,1774624500,770.6,-0.0305,0.335,-0.12,0.006,0.6635
btc-updown-15m-1774624500,1774624500,780.7,0.048,0.385,-0.1,0.086,
btc-updown-15m-1774624500,1774624500,790.7,-0.0945,0.2905,0.0635,0.0385,
btc-updown-15m-1774624500,1774624500,800.7,-0.0755,0.215,0.1255,0.1625,
btc-updown-15m-1774624500,1774624500,810.7,0.0705,0.2855,0.1895,0.4695,
btc-updown-15m-1774624500,1774624500,820.7,0.0685,0.354,-0.025,0.611,
btc-updown-15m-1774624500,1774624500,832.7,-0.0355,0.3435,0.026,0.6555,
btc-updown-15m-1774624500,1774624500,842.7,0.2115,0.555,0.19,,
btc-updown-15m-1774624500,1774624500,852.7,-0.23,0.325,0.525,,
btc-updown-15m-1774624500,1774624500,862.9,0.0445,0.3695,0.6295,,
btc-updown-15m-1774624500,1774624500,872.9,0.335,0.755,,,
btc-updown-15m-1774624500,1774624500,883,0.09,0.845,,,
btc-updown-15m-1774635300,1774635300,0.6,0.04,0.585,-0.05,0.03,0.14
btc-updown-15m-1774635300,1774635300,10.6,-0.06,0.525,0.01,0.07,0.22
btc-updown-15m-1774635300,1774635300,20.6,0.06,0.585,0.03,0.04,0.19
btc-updown-15m-1774635300,1774635300,30.6,-0.05,0.535,0.08,0.05,0.25
btc-updown-15m-1774635300,1774635300,44.9,0.035,0.59,0.015,0.065,0.205
btc-updown-15m-1774635300,1774635300,56.7,0.03,0.615,-0.04,0.12,0.13
btc-updown-15m-1774635300,1774635300,78.6,0.03,0.625,0.1,0.13,0.19
btc-updown-15m-1774635300,1774635300,88.6,-0.05,0.575,0.16,0.21,0.29
btc-updown-15m-1774635300,1774635300,98.6,0.06,0.635,0.1,0.2,0.19
btc-updown-15m-1774635300,1774635300,108.6,0.09,0.725,0.03,0.08,0.09
btc-updown-15m-1774635300,1774635300,123.6,0.03,0.735,0.09,0.06,0.1
btc-updown-15m-1774635300,1774635300,133.6,0.03,0.765,0.01,0.05,0.09
btc-updown-15m-1774635300,1774635300,146.5,0.03,0.795,-0.05,0.07,0.09
btc-updown-15m-1774635300,1774635300,156.5,0.04,0.835,-0.06,-0.01,0.06
btc-updown-15m-1774635300,1774635300,169.5,-0.035,0.8,0.025,0.015,0.125
btc-updown-15m-1774635300,1774635300,179.5,-0.035,0.765,0.1,0.06,0.14
btc-updown-15m-1774635300,1774635300,189.5,0.04,0.805,0.02,0.05,0.09
btc-updown-15m-1774635300,1774635300,200.6,0.03,0.845,-0.03,0.02,0.06
btc-updown-15m-1774635300,1774635300,213.5,-0.03,0.825,0.01,0.05,0.1
btc-updown-15m-1774635300,1774635300,232.6,0.035,0.825,0.05,0.1,0.115
btc-updown-15m-1774635300,1774635300,247.7,0.03,0.855,0.04,0.06,0.085
btc-updown-15m-1774635300,1774635300,264.4,0.03,0.885,0.03,0.02,0.07
btc-updown-15m-1774635300,1774635300,282.5,0.03,0.905,-0.02,0.04,0.03
btc-updown-15m-1774635300,1774635300,297.5,-0.03,0.905,0.01,0.04,0.02
btc-updown-15m-1774635300,1774635300,312.8,-0.03,0.885,0.06,0.06,0.03
btc-updown-15m-1774635300,1774635300,322.8,0.04,0.925,0.01,0.03,0
btc-updown-15m-1774635300,1774635300,422,-0.03,0.905,0.02,0.02,-0.05
btc-updown-15m-1774635300,1774635300,448.7,-0.03,0.905,0.02,0.04,-0.27
btc-updown-15m-1774635300,1774635300,468,-0.03,0.885,0.05,0.03,-0.53
btc-updown-15m-1774635300,1774635300,478,0.04,0.925,0.02,-0.05,-0.52
btc-updown-15m-1774635300,1774635300,529.7,-0.03,0.895,-0.19,-0.55,-0.27
btc-updown-15m-1774635300,1774635300,539.7,-0.03,0.865,-0.23,-0.44,-0.37
btc-updown-15m-1774635300,1774635300,557.3,-0.03,0.845,-0.48,-0.33,-0.36
btc-updown-15m-1774635300,1774635300,567.3,-0.21,0.635,-0.23,-0.22,-0.08
btc-updown-15m-1774635300,1774635300,578.9,-0.03,0.605,-0.09,-0.14,-0.16
btc-updown-15m-1774635300,1774635300,588.9,-0.27,0.335,0.14,0.31,0.12
btc-updown-15m-1774635300,1774635300,598.9,0.07,0.405,0.01,0.08,0.12
btc-updown-15m-1774635300,1774635300,608.9,0.11,0.515,-0.05,-0.03,0.2
btc-updown-15m-1774635300,1774635300,618.9,-0.04,0.475,0.17,0.01,0.28
btc-updown-15m-1774635300,1774635300,628.9,-0.06,0.415,0.07,0.09,0.36
btc-updown-15m-1774635300,1774635300,638.9,0.05,0.465,0.02,-0.02,0.35
btc-updown-15m-1774635300,1774635300,648.9,0.18,0.645,-0.16,-0.19,0.26
btc-updown-15m-1774635300,1774635300,658.9,-0.16,0.485,0.02,0.04,0.48
btc-updown-15m-1774635300,1774635300,671.4,0.035,0.5,-0.055,0.295,0.435
btc-updown-15m-1774635300,1774635300,682,-0.03,0.525,-0.05,0.32,0.405
btc-updown-15m-1774635300,1774635300,692,-0.07,0.455,0.1,0.32,0.53
btc-updown-15m-1774635300,1774635300,702.7,-0.035,0.45,0.365,0.415,0.54
btc-updown-15m-1774635300,1774635300,712.7,0.095,0.545,0.3,0.31,0.445
btc-updown-15m-1774635300,1774635300,725.1,0.035,0.585,0.2,0.35,0.405
btc-updown-15m-1774635300,1774635300,735.1,0.175,0.76,0.045,0.175,0.23
btc-updown-15m-1774635300,1774635300,745.1,0.03,0.785,0.11,0.18,0.209
btc-updown-15m-1774635300,1774635300,757.6,0.035,0.815,0.115,0.17,0.184
btc-updown-15m-1774635300,1774635300,767.7,0.09,0.905,0.03,0.085,0.094
btc-updown-15m-1774635300,1774635300,777.7,0.035,0.94,0.025,0.05,0.059
btc-updown-15m-1774635300,1774635300,789.3,-0.035,0.93,0.06,0.06,
btc-updown-15m-1774635300,1774635300,804.8,0.035,0.97,0.02,0.0245,
btc-updown-15m-1774646100,1774646100,0.5,-0.03,0.415,0.13,-0.01,0.02
btc-updown-15m-1774646100,1774646100,10.5,0.04,0.455,0,-0.1,-0.11
btc-updown-15m-1774646100,1774646100,26.8,0.035,0.49,-0.045,-0.145,-0.055
btc-updown-15m-1774646100,1774646100,36.9,-0.04,0.475,-0.11,-0.08,-0.03
btc-updown-15m-1774646100,1774646100,48.9,-0.03,0.425,-0.07,-0.04,0.08
btc-updown-15m-1774646100,1774646100,62.7,-0.03,0.375,-0.01,0.04,0.13
btc-updown-15m-1774646100,1774646100,72.7,-0.03,0.345,-0.02,0.03,0.15
btc-updown-15m-1774646100,1774646100,92.8,0.03,0.375,0.04,0.07,-0.04
btc-updown-15m-1774646100,1774646100,102.8,-0.05,0.325,0.05,0.12,-0.01
btc-updown-15m-1774646100,1774646100,113,0.11,0.435,-0.01,0.07,-0.11
btc-updown-15m-1774646100,1774646100,125.7,-0.035,0.4,0.045,0.105,-0.115
btc-updown-15m-1774646100,1774646100,136.9,0.04,0.425,0.09,-0.01,-0.1
btc-updown-15m-1774646100,1774646100,163.2,0.035,0.48,0.015,-0.16,-0.065
btc-updown-15m-1774646100,1774646100,194.1,-0.03,0.475,-0.15,-0.2,-0.02
btc-updown-15m-1774646100,1774646100,204.2,-0.09,0.375,-0.035,0.03,0.01
btc-updown-15m-1774646100,1774646100,214.3,-0.04,0.335,-0.06,0.06,0.13
btc-updown-15m-1774646100,1774646100,242.4,-0.035,0.29,0.105,0.215,0.155
btc-updown-15m-1774646100,1774646100,255.9,0.04,0.315,0.09,0.14,0.18
btc-updown-15m-1774646100,1774646100,266,0.09,0.415,-0.005,-0.03,0.08
btc-updown-15m-1774646100,1774646100,297.4,0.035,0.44,-0.055,0.025,-0.055
btc-updown-15m-1774646100,1774646100,309,-0.03,0.495,-0.03,-0.04,0.03
btc-updown-15m-1774646100,1774646100,319,-0.04,0.455,0.01,0.04,0.07
btc-updown-15m-1774646100,1774646100,329.3,-0.07,0.385,0.07,0.11,0.12
btc-updown-15m-1774646100,1774646100,339.3,0.08,0.465,-0.01,-0.03,-0.02
btc-updown-15m-1774646100,1774646100,373.6,0.035,0.49,-0.095,0.035,0.035
btc-updown-15m-1774646100,1774646100,399.3,-0.04,0.455,0.07,-0.01,0.13
btc-updown-15m-1774646100,1774646100,409.3,-0.055,0.395,0.12,0.06,0.19
btc-updown-15m-1774646100,1774646100,421.9,0.035,0.44,0.035,0.08,0.125
btc-updown-15m-1774646100,1774646100,431.9,0.065,0.525,-0.08,0,-0.03
btc-updown-15m-1774646100,1774646100,450.5,-0.03,0.485,0.01,0.04,0.01
btc-updown-15m-1774646100,1774646100,460.5,-0.04,0.445,0.08,0.14,0.05
btc-updown-15m-1774646100,1774646100,470.6,0.035,0.48,0.045,0.105,-0.015
btc-updown-15m-1774646100,1774646100,481.9,0.03,0.515,0.05,0.05,0.06
btc-updown-15m-1774646100,1774646100,511.6,0.03,0.555,0.03,-0.06,0.06
btc-updown-15m-1774646100,1774646100,543.1,-0.04,0.545,-0.05,0.02,0.04
btc-updown-15m-1774646100,1774646100,583.2,-0.035,0.46,0.125,0.245,0.155
btc-updown-15m-1774646100,1774646100,600.6,0.035,0.5,0.115,0.055,0.155
btc-updown-15m-1774646100,1774646100,610.6,0.085,0.585,0.11,0,0.12
btc-updown-15m-1774646100,1774646100,629.3,0.03,0.615,-0.06,-0.02,0.14
btc-updown-15m-1774646100,1774646100,639.8,0.1,0.715,-0.13,-0.09,0.08
btc-updown-15m-1774646100,1774646100,650,-0.115,0.6,-0.005,0.025,0.055
btc-updown-15m-1774646100,1774646100,660,-0.05,0.555,0.03,0.08,0.09
btc-updown-15m-1774646100,1774646100,671.3,0.035,0.59,0.025,0.115,-0.095
btc-updown-15m-1774646100,1774646100,681.7,0.04,0.605,0.02,0.14,0.01
btc-updown-15m-1774646100,1774646100,699.1,0.03,0.625,0.08,0.17,0.13
btc-updown-15m-1774646100,1774646100,720.2,0.03,0.655,0.1,-0.01,-0.11
btc-updown-15m-1774646100,1774646100,730.2,0.05,0.705,0.09,-0.2,-0.17
btc-updown-15m-1774646100,1774646100,741.5,0.03,0.735,-0.07,-0.12,-0.16
btc-updown-15m-1774646100,1774646100,756.9,0.03,0.785,-0.29,-0.04,-0.08
btc-updown-15m-1774646100,1774646100,766.9,0.035,0.825,-0.31,-0.07,-0.48
btc-updown-15m-1774646100,1774646100,777,-0.18,0.645,0.06,-0.1,0.295
btc-updown-15m-1774646100,1774646100,787,-0.155,0.49,0.255,0.045,
btc-updown-15m-1774646100,1774646100,799.8,0.03,0.535,0.21,0.04,
btc-updown-15m-1774646100,1774646100,809.8,0.16,0.695,-0.15,-0.03,
btc-updown-15m-1774646100,1774646100,819.8,0.06,0.755,-0.22,-0.05,
btc-updown-15m-1774646100,1774646100,832.1,-0.03,0.735,-0.16,-0.05,
btc-updown-15m-1774646100,1774646100,842.2,-0.18,0.555,0.115,,
btc-updown-15m-1774646100,1774646100,853.4,0.03,0.555,-0.05,,
btc-updown-15m-1774646100,1774646100,864.9,0.05,0.585,0.35,,
btc-updown-15m-1774646100,1774646100,875,0.11,0.695,,,
btc-updown-15m-1774646100,1774646100,885,-0.14,0.555,,,
btc-updown-15m-1774646100,1774646100,895,0.375,0.935,,,
btc-updown-15m-1774656900,1774656900,1.5,0.035,0.5,0.115,0.135,0.205
btc-updown-15m-1774656900,1774656900,11.5,0.105,0.615,-0.03,0.03,0.14
btc-updown-15m-1774656900,1774656900,39.3,-0.03,0.585,0.06,0.07,0.2
btc-updown-15m-1774656900,1774656900,56.5,0.03,0.635,0.02,0,0.2
btc-updown-15m-1774656900,1774656900,87.9,0.03,0.675,-0.04,0.04,0.13
btc-updown-15m-1774656900,1774656900,101.1,-0.03,0.655,0.1,0.13,0.12
btc-updown-15m-1774656900,1774656900,118.3,0.03,0.665,0.05,0.17,0.075
btc-updown-15m-1774656900,1774656900,128.3,0.07,0.735,0.02,0.1,0.03
btc-updown-15m-1774656900,1774656900,139.4,-0.03,0.725,0.05,0.095,0.05
btc-updown-15m-1774656900,1774656900,155.5,0.03,0.745,0.1,0.07,-0.08
btc-updown-15m-1774656900,1774656900,165.5,0.04,0.785,0.05,-0.03,-0.11
btc-updown-15m-1774656900,1774656900,175.6,0.035,0.82,-0.015,-0.055,-0.185
btc-updown-15m-1774656900,1774656900,202.1,-0.03,0.815,-0.1,-0.04,-0.17
btc-updown-15m-1774656900,1774656900,221,-0.035,0.78,-0.015,-0.115,-0.04
btc-updown-15m-1774656900,1774656900,231,-0.06,0.715,0.06,-0.04,0.02
btc-updown-15m-1774656900,1774656900,242.2,0.03,0.745,-0.06,-0.1,-0.01
btc-updown-15m-1774656900,1774656900,269.4,-0.03,0.745,-0.11,-0.09,0.01
btc-updown-15m-1774656900,1774656900,279.4,-0.08,0.665,-0.02,-0.01,0.11
btc-updown-15m-1774656900,1774656900,292.5,-0.03,0.645,0,0.09,0.12
btc-updown-15m-1774656900,1774656900,340.6,0.03,0.685,0.06,0.09,0.13
btc-updown-15m-1774656900,1774656900,353.7,0.03,0.735,0.02,0.03,0.09
btc-updown-15m-1774656900,1774656900,458.9,0.03,0.805,-0.09,0,0.06
btc-updown-15m-1774656900,1774656900,477,-0.035,0.78,0.005,0.025,0.105
btc-updown-15m-1774656900,1774656900,487,-0.06,0.72,0.055,0.155,0.135
btc-updown-15m-1774656900,1774656900,497.1,0.075,0.795,0,0.08,0.06
btc-updown-15m-1774656900,1774656900,541.2,0.035,0.83,0.035,0.055,0.005
btc-updown-15m-1774656900,1774656900,551.2,0.045,0.875,0,-0.02,0.03
btc-updown-15m-1774656900,1774656900,603.8,-0.035,0.85,0.015,-0.015,0.075
btc-updown-15m-1774656900,1774656900,623.3,0.03,0.875,0.02,-0.02,0.065
btc-updown-15m-1774656900,1774656900,634.9,-0.03,0.865,-0.03,0.03,0.09
btc-updown-15m-1774656900,1774656900,644.9,0.04,0.905,-0.04,0,0.05
btc-updown-15m-1774656900,1774656900,654.9,-0.06,0.845,0.01,0.06,0.11
btc-updown-15m-1774656900,1774656900,670.8,0.035,0.87,0.025,0.075,0.075
btc-updown-15m-1774656900,1774656900,681,-0.04,0.865,0.04,0.07,0.09
btc-updown-15m-1774656900,1774656900,692.5,0.03,0.885,0.04,0.07,0.06
btc-updown-15m-1774656900,1774656900,725.1,0.03,0.935,0.02,0,0.04
btc-updown-15m-1774656900,1774656900,847.4,0.03,0.985,0.005,,
btc-updown-15m-1774667700,1774667700,0.7,0.035,0.575,0.04,0.03,0.105
btc-updown-15m-1774667700,1774667700,13.5,0.045,0.585,0.03,0.02,0.1
btc-updown-15m-1774667700,1774667700,23.6,0.03,0.615,0,-0.01,0.08
btc-updown-15m-1774667700,1774667700,77.5,0.03,0.635,-0.01,0.03,0.13
btc-updown-15m-1774667700,1774667700,87.6,-0.04,0.605,0.02,0.13,0.15
btc-updown-15m-1774667700,1774667700,101.7,0.05,0.625,0.035,0.075,0.11
btc-updown-15m-1774667700,1774667700,118.4,-0.03,0.595,0.14,0.16,0.19
btc-updown-15m-1774667700,1774667700,128.4,0.08,0.655,0.07,0.09,0.15
btc-updown-15m-1774667700,1774667700,144.1,0.04,0.725,0.07,0.03,0.02
btc-updown-15m-1774667700,1774667700,154.2,-0.04,0.695,0.07,0.09,0.08
btc-updown-15m-1774667700,1774667700,164.6,0.03,0.725,0.04,0.01,0.01
btc-updown-15m-1774667700,1774667700,174.7,0.06,0.785,-0.03,0,0
btc-updown-15m-1774667700,1774667700,186,-0.03,0.755,0.005,0.06,0.05
btc-updown-15m-1774667700,1774667700,201.4,0.03,0.755,0.02,-0.02,0.06
btc-updown-15m-1774667700,1774667700,211.5,0.03,0.785,0,-0.02,0.07
btc-updown-15m-1774667700,1774667700,221.6,-0.05,0.735,0.07,0,0.11
btc-updown-15m-1774667700,1774667700,231.6,0.04,0.775,-0.04,0,0.07
btc-updown-15m-1774667700,1774667700,242.6,0.03,0.805,-0.03,0,0.06
btc-updown-15m-1774667700,1774667700,252.6,-0.05,0.765,-0.03,0.05,0.1
btc-updown-15m-1774667700,1774667700,267.5,0.03,0.765,0.04,0.08,0.11
btc-updown-15m-1774667700,1774667700,277.5,-0.04,0.725,0.09,0.13,0.15
btc-updown-15m-1774667700,1774667700,287.7,0.05,0.775,0.04,0.07,0.1
btc-updown-15m-1774667700,1774667700,297.7,0.03,0.805,0.04,0.05,0.05
btc-updown-15m-1774667700,1774667700,325.5,0.03,0.845,0.01,0.03,0.02
btc-updown-15m-1774667700,1774667700,411.4,0.03,0.905,-0.05,-0.14,-0.02
btc-updown-15m-1774667700,1774667700,421.4,-0.06,0.855,0.01,-0.07,0
btc-updown-15m-1774667700,1774667700,433.7,-0.03,0.825,-0.03,0.02,0.05
btc-updown-15m-1774667700,1774667700,443.7,0.04,0.865,-0.09,-0.03,-0.01
btc-updown-15m-1774667700,1774667700,454.8,-0.03,0.835,-0.05,0.04,0.01
btc-updown-15m-1774667700,1774667700,464.9,-0.04,0.795,0.04,0.01,0.09
btc-updown-15m-1774667700,1774667700,493.3,0.035,0.82,0.025,0.055,0.075
btc-updown-15m-1774667700,1774667700,504.8,0.03,0.865,0.01,-0.01,0.04
btc-updown-15m-1774667700,1774667700,519,-0.03,0.865,0,-0.02,0.07
btc-updown-15m-1774667700,1774667700,530.2,-0.03,0.825,0.03,0.05,0.07
btc-updown-15m-1774667700,1774667700,540.3,0.04,0.865,-0.02,0.05,0.03
btc-updown-15m-1774667700,1774667700,564.9,-0.03,0.845,0.04,0.07,0.09
btc-updown-15m-1774667700,1774667700,580.6,0.03,0.865,0.03,0.07,0.07
btc-updown-15m-1774667700,1774667700,596.2,0.03,0.915,0,-0.03,0.05
btc-updown-15m-1774667700,1774667700,608.6,-0.03,0.885,0.05,0.02,0.09
btc-updown-15m-1774667700,1774667700,629.5,0.03,0.93,-0.035,0.005,-0.015
btc-updown-15m-1774667700,1774667700,649.2,-0.03,0.905,0.02,0.06,0.03
btc-updown-15m-1774667700,1774667700,678,0.03,0.925,0.03,0.05,0.03
btc-updown-15m-1774667700,1774667700,745.9,-0.03,0.945,-0.01,0.01,0.03
btc-updown-15m-1774667700,1774667700,823.5,-0.035,0.92,0.055,0.065,
btc-updown-15m-1774667700,1774667700,835.1,0.03,0.905,0.07,0.08,
btc-updown-15m-1774667700,1774667700,845.1,0.07,0.975,0.01,,
btc-updown-15m-1774678500,1774678500,17.1,0.04,0.495,-0.02,0.1,0.29
btc-updown-15m-1774678500,1774678500,49,-0.035,0.46,0.135,0.125,0.325
btc-updown-15m-1774678500,1774678500,61,0.035,0.485,0.1,0.16,0.28
btc-updown-15m-1774678500,1774678500,71,0.085,0.57,0.015,0.065,0.205
btc-updown-15m-1774678500,1774678500,81.1,0.03,0.595,0,0.24,0.25
btc-updown-15m-1774678500,1774678500,112.9,0.03,0.615,0.21,0.16,0.25
btc-updown-15m-1774678500,1774678500,134.3,0.03,0.645,0.13,0.17,0.25
btc-updown-15m-1774678500,1774678500,144.4,0.18,0.825,-0.055,0,0.08
btc-updown-15m-1774678500,1774678500,154.4,-0.04,0.785,-0.015,0.08,0.1
btc-updown-15m-1774678500,1774678500,165,-0.03,0.755,0.06,0.12,0.15
btc-updown-15m-1774678500,1774678500,175,0.035,0.775,0.05,0.09,0.11
btc-updown-15m-1774678500,1774678500,193.5,0.03,0.795,0.08,0.09,0.09
btc-updown-15m-1774678500,1774678500,211.2,0.03,0.855,0,0.02,0.03
btc-updown-15m-1774678500,1774678500,241.5,-0.03,0.835,0.04,0.07,0.04
btc-updown-15m-1774678500,1774678500,252.2,0.03,0.865,0.05,0.01,0.01
btc-updown-15m-1774678500,1774678500,262.2,0.035,0.9,-0.005,-0.03,-0.005
btc-updown-15m-1774678500,1774678500,272.2,-0.03,0.875,0.03,0.03,0.01
btc-updown-15m-1774678500,1774678500,282.2,0.04,0.915,-0.04,-0.03,0.01
btc-updown-15m-1774678500,1774678500,292.5,-0.03,0.885,-0.015,-0.01,0.03
btc-updown-15m-1774678500,1774678500,311.3,-0.03,0.875,0.01,0,-0.02
btc-updown-15m-1774678500,1774678500,332.1,0.03,0.9,-0.025,-0.015,-0.035
btc-updown-15m-1774678500,1774678500,342.4,-0.03,0.875,0,0.05,-0.07
btc-updown-15m-1774678500,1774678500,400.9,0.03,0.915,-0.065,-0.11,-0.01
btc-updown-15m-1774678500,1774678500,413.4,-0.03,0.895,-0.06,-0.06,0.01
btc-updown-15m-1774678500,1774678500,423.4,-0.035,0.86,0.005,0.005,0.05
btc-updown-15m-1774678500,1774678500,439.4,-0.03,0.845,0,0.05,0.05
btc-updown-15m-1774678500,1774678500,451,0.03,0.865,0,0.04,0.03
btc-updown-15m-1774678500,1774678500,461,-0.06,0.805,0.09,0.1,0.07
btc-updown-15m-1774678500,1774678500,480.6,0.03,0.865,0.03,0.05,0.1
btc-updown-15m-1774678500,1774678500,490.6,0.03,0.895,0.01,0.015,0.06
btc-updown-15m-1774678500,1774678500,564.5,-0.03,0.895,0.07,0.05,0.07
btc-updown-15m-1774678500,1774678500,582,0.03,0.925,0.03,0.03,0.05
btc-updown-15m-1774678500,1774678500,592.1,0.04,0.965,-0.005,0.02,0.01
btc-updown-15m-1774678500,1774678500,623.7,-0.035,0.935,0.05,0.03,0.04
btc-updown-15m-1774678500,1774678500,642.5,0.03,0.975,0,0,0.01
btc-updown-15m-1774678500,1774678500,652.8,0.03,0.985,-0.02,-0.01,0
btc-updown-15m-1774678500,1774678500,670.1,0.03,0.975,-0.005,0.01,0.019
btc-updown-15m-1774689300,1774689300,7.8,-0.035,0.535,-0.16,-0.16,-0.11
btc-updown-15m-1774689300,1774689300,17.8,-0.12,0.415,-0.03,0.04,0
btc-updown-15m-1774689300,1774689300,32.3,-0.035,0.385,-0.04,0.08,0.02
btc-updown-15m-1774689300,1774689300,43.4,0.03,0.395,0.01,0.07,0.01
btc-updown-15m-1774689300,1774689300,57.4,-0.03,0.355,0.12,0.07,0.15
btc-updown-15m-1774689300,1774689300,67.5,0.09,0.375,0.08,0.05,0.15
btc-updown-15m-1774689300,1774689300,77.6,0.08,0.455,0,-0.04,0.07
btc-updown-15m-1774689300,1774689300,112.3,-0.03,0.435,-0.02,0.02,0.1
btc-updown-15m-1774689300,1774689300,171.1,0.035,0.44,0.085,0.095,0.165
btc-updown-15m-1774689300,1774689300,181.1,0.075,0.515,0.01,0.02,0.12
btc-updown-15m-1774689300,1774689300,243.4,-0.03,0.505,0.07,0.15,0.25
btc-updown-15m-1774689300,1774689300,253.4,0.04,0.545,0.06,0.15,0.21
btc-updown-15m-1774689300,1774689300,278.4,0.03,0.595,0.08,0.135,0.15
btc-updown-15m-1774689300,1774689300,290.2,0.03,0.625,0.09,0.11,0.12
btc-updown-15m-1774689300,1774689300,300.7,0.03,0.635,0.09,0.12,0.11
btc-updown-15m-1774689300,1774689300,310.7,0.05,0.685,0.05,0.07,0.07
btc-updown-15m-1774689300,1774689300,321.7,0.04,0.725,0.01,0.03,0.025
btc-updown-15m-1774689300,1774689300,411.7,-0.03,0.715,0.03,0.03,0.17
btc-updown-15m-1774689300,1774689300,421.7,0.03,0.745,-0.02,0.07,0.12
btc-updown-15m-1774689300,1774689300,443,-0.03,0.725,0.02,0.13,0.15
btc-updown-15m-1774689300,1774689300,476.1,0.03,0.765,0.13,0.1,0.01
btc-updown-15m-1774689300,1774689300,486.2,0.1,0.865,0.05,0,-0.3
btc-updown-15m-1774689300,1774689300,511.7,0.05,0.905,-0.04,-0.07,-0.33
btc-updown-15m-1774689300,1774689300,521.9,-0.05,0.855,0.01,-0.03,-0.26
btc-updown-15m-1774689300,1774689300,532,0.03,0.885,-0.01,-0.11,-0.23
btc-updown-15m-1774689300,1774689300,570.9,-0.03,0.845,-0.25,-0.26,-0.06
btc-updown-15m-1774689300,1774689300,584.2,-0.03,0.815,-0.31,-0.17,-0.01
btc-updown-15m-1774689300,1774689300,594.2,-0.04,0.775,-0.24,-0.08,0.03
btc-updown-15m-1774689300,1774689300,604.2,-0.21,0.565,0.01,0.26,0.26
btc-updown-15m-1774689300,1774689300,614.2,-0.06,0.505,0.14,0.31,0.33
btc-updown-15m-1774689300,1774689300,624.3,0.03,0.535,0.16,0.25,0.3
btc-updown-15m-1774689300,1774689300,634.3,0.04,0.575,0.25,0.23,0.27
btc-updown-15m-1774689300,1774689300,644.5,0.07,0.645,0.17,0.16,0.22
btc-updown-15m-1774689300,1774689300,654.5,0.05,0.695,0.09,0.11,0.17
btc-updown-15m-1774689300,1774689300,664.5,0.13,0.825,-0.02,0,0.05
btc-updown-15m-1774689300,1774689300,677.8,-0.035,0.78,0.035,0.055,0.095
btc-updown-15m-1774689300,1774689300,760,0.03,0.865,0.02,0.06,0.11
btc-updown-15m-1774689300,1774689300,813.7,0.03,0.915,-0.05,0.06,
btc-updown-15m-1774689300,1774689300,838.9,-0.04,0.885,0.09,-0.06,
btc-updown-15m-1774689300,1774689300,851.2,0.05,0.895,0.08,,
btc-updown-15m-1774689300,1774689300,861.2,0.04,0.935,0.04,,
btc-updown-15m-1774689300,1774689300,871.2,0.04,0.975,,,
btc-updown-15m-1774689300,1774689300,896.6,-0.045,0.92,,,
btc-updown-15m-1774699200,1774699200,4.5,0.03,0.455,0.04,0.06,0.07
btc-updown-15m-1774699200,1774699200,14.6,0.06,0.515,0,0,0.06
btc-updown-15m-1774699200,1774699200,99.9,0.03,0.545,-0.01,-0.03,-0.16
btc-updown-15m-1774699200,1774699200,120.1,-0.03,0.525,-0.02,-0.11,-0.18
btc-updown-15m-1774699200,1774699200,130.2,0.03,0.545,-0.03,-0.11,-0.23
btc-updown-15m-1774699200,1774699200,147.8,-0.035,0.53,-0.115,-0.095,-0.29
btc-updown-15m-1774699200,1774699200,172.6,-0.03,0.485,-0.05,-0.13,-0.26
btc-updown-15m-1774699200,1774699200,182.6,-0.05,0.435,0.05,-0.08,-0.32
btc-updown-15m-1774699200,1774699200,210.8,0.03,0.465,-0.11,-0.24,-0.37
btc-updown-15m-1774699200,1774699200,220.8,-0.03,0.435,-0.13,-0.18,-0.33
btc-updown-15m-1774699200,1774699200,230.8,-0.08,0.355,-0.08,-0.14,-0.27
btc-updown-15m-1774699200,1774699200,250.5,-0.035,0.31,-0.055,-0.195,-0.245
btc-updown-15m-1774699200,1774699200,262,-0.035,0.27,-0.045,-0.145,-0.205
btc-updown-15m-1774699200,1774699200,272,-0.04,0.225,-0.06,-0.13,-0.17
btc-updown-15m-1774699200,1774699200,282,0.03,0.255,-0.14,-0.15,-0.21
btc-updown-15m-1774699200,1774699200,292,-0.03,0.225,-0.095,-0.14,-0.15
btc-updown-15m-1774699200,1774699200,302.1,-0.06,0.165,-0.07,-0.1,-0.1
btc-updown-15m-1774699200,1774699200,312.1,-0.05,0.115,-0.01,-0.07,-0.03
btc-updown-15m-1774699200,1774699200,324.1,0.03,0.135,-0.06,-0.07,-0.05
btc-updown-15m-1774699200,1774699200,334.2,-0.04,0.095,-0.03,-0.04,-0.02
btc-updown-15m-1774699200,1774699200,357.4,-0.03,0.07,-0.005,0.005,0.075
btc-updown-15m-1774699200,1774699200,409.4,0.03,0.075,0.02,0.02,0.23
btc-updown-15m-1774699200,1774699200,430.6,0.03,0.095,-0.03,0.13,0.39
btc-updown-15m-1774699200,1774699200,464.8,0.03,0.095,0.15,0.22,0.4
btc-updown-15m-1774699200,1774699200,474.8,0.04,0.135,0.12,0.15,0.39
btc-updown-15m-1774699200,1774699200,484.8,0.07,0.205,0.08,0.215,0.37
btc-updown-15m-1774699200,1774699200,494.9,0.04,0.245,0.07,0.23,0.34
btc-updown-15m-1774699200,1774699200,510.1,0.03,0.265,0.095,0.2,0.38
btc-updown-15m-1774699200,1774699200,524.1,0.035,0.31,0.165,0.195,0.315
btc-updown-15m-1774699200,1774699200,534.1,-0.03,0.285,0.19,0.2,0.32
btc-updown-15m-1774699200,1774699200,544.1,0.14,0.425,0.04,0.15,0.25
btc-updown-15m-1774699200,1774699200,554.1,0.05,0.475,0.03,0.11,0.3
btc-updown-15m-1774699200,1774699200,582.3,0.035,0.49,0.105,0.145,0.215
btc-updown-15m-1774699200,1774699200,594.7,0.03,0.525,0.03,0.08,0.06
btc-updown-15m-1774699200,1774699200,604.9,0.05,0.575,0.08,0.15,0.105
btc-updown-15m-1774699200,1774699200,625.6,-0.04,0.555,0.05,0.24,0.31
btc-updown-15m-1774699200,1774699200,635.7,0.1,0.655,0.07,0.06,0.21
btc-updown-15m-1774699200,1774699200,645.7,-0.05,0.605,0.18,0.01,0.24
btc-updown-15m-1774699200,1774699200,660.8,0.03,0.625,0.1,-0.03,0.31
btc-updown-15m-1774699200,1774699200,670.8,0.17,0.795,-0.08,0.04,0.14
btc-updown-15m-1774699200,1774699200,683.4,0.03,0.805,-0.22,0.015,0.14
btc-updown-15m-1774699200,1774699200,693.5,-0.09,0.715,-0.12,0.155,0.25
btc-updown-15m-1774699200,1774699200,703.5,-0.1,0.615,0.22,0.22,0.36
btc-updown-15m-1774699200,1774699200,713.6,-0.03,0.585,0.25,0.33,0.4
btc-updown-15m-1774699200,1774699200,724.5,0.03,0.615,0.255,0.32,0.37
btc-updown-15m-1774699200,1774699200,734.5,0.22,0.835,0.01,0.09,0.15
btc-updown-15m-1774699200,1774699200,744.5,0.03,0.865,0.05,0.08,0.12
btc-updown-15m-1774699200,1774699200,758,-0.035,0.84,0.095,0.135,0.145
btc-updown-15m-1774699200,1774699200,770.3,0.03,0.865,0.08,0.12,0.12
btc-updown-15m-1774699200,1774699200,780.3,0.06,0.925,0.04,0.06,
btc-updown-15m-1774699200,1774699200,813.7,0.03,0.975,0.01,0.01,
btc-updown-15m-1774710000,1774710000,0.5,-0.03,0.51,-0.015,-0.025,-0.075
btc-updown-15m-1774710000,1774710000,10.5,0.055,0.565,-0.07,-0.07,-0.11
btc-updown-15m-1774710000,1774710000,20.6,-0.06,0.505,0,0,-0.05
btc-updown-15m-1774710000,1774710000,32.6,0.03,0.525,-0.04,-0.05,-0.12
btc-updown-15m-1774710000,1774710000,43.6,-0.03,0.495,0.01,-0.01,-0.115
btc-updown-15m-1774710000,1774710000,86.9,-0.03,0.475,-0.03,-0.05,0.13
btc-updown-15m-1774710000,1774710000,125.8,-0.03,0.435,-0.06,0.08,0.19
btc-updown-15m-1774710000,1774710000,146.1,-0.03,0.425,-0.01,0.18,0.17
btc-updown-15m-1774710000,1774710000,156.1,-0.05,0.375,0.14,0.26,0.22
btc-updown-15m-1774710000,1774710000,167.1,0.03,0.395,0.14,0.25,0.05
btc-updown-15m-1774710000,1774710000,177.1,0.075,0.47,0.145,0.155,0.005
btc-updown-15m-1774710000,1774710000,187.1,0.045,0.515,0.12,0.09,-0.03
btc-updown-15m-1774710000,1774710000,200.1,0.03,0.535,0.11,0.06,0.06
btc-updown-15m-1774710000,1774710000,210.1,0.1,0.635,-0.01,-0.045,0.005
btc-updown-15m-1774710000,1774710000,240.8,-0.03,0.615,-0.025,-0.13,-0.03
btc-updown-15m-1774710000,1774710000,252.8,-0.03,0.585,-0.1,0.01,0.09
btc-updown-15m-1774710000,1774710000,277.3,-0.03,0.565,-0.08,0.03,0.2
btc-updown-15m-1774710000,1774710000,287.3,-0.125,0.44,0.195,0.135,0.325
btc-updown-15m-1774710000,1774710000,297.4,0.035,0.475,0.15,0.1,0.33
btc-updown-15m-1774710000,1774710000,309.9,0.03,0.515,0.06,0.135,0.29
btc-updown-15m-1774710000,1774710000,319.9,0.09,0.605,-0.03,0.11,0.23
btc-updown-15m-1774710000,1774710000,330,0.045,0.645,-0.06,0.17,0.19
btc-updown-15m-1774710000,1774710000,340,-0.07,0.575,0.08,0.16,0.26
btc-updown-15m-1774710000,1774710000,363.8,0.03,0.605,0.16,0.16,0.18
btc-updown-15m-1774710000,1774710000,373.9,0.06,0.675,0.09,0.13,0.12
btc-updown-15m-1774710000,1774710000,384,0.06,0.735,0.035,0.11,0.08
btc-updown-15m-1774710000,1774710000,394,0.03,0.765,0,0.04,0.05
btc-updown-15m-1774710000,1774710000,409.1,0.03,0.765,0.09,0.03,0.02
btc-updown-15m-1774710000,1774710000,419.2,0.03,0.795,0.04,0.01,0
btc-updown-15m-1774710000,1774710000,432.4,0.04,0.805,0.02,0,0
btc-updown-15m-1774710000,1774710000,442.4,0.04,0.845,-0.05,-0.03,-0.01
btc-updown-15m-1774710000,1774710000,452.4,-0.04,0.805,-0.03,0.01,0.01
btc-updown-15m-1774710000,1774710000,468.1,-0.04,0.795,0.02,0.02,0
btc-updown-15m-1774710000,1774710000,486.5,-0.035,0.79,0.025,0.015,-0.005
btc-updown-15m-1774710000,1774710000,559.2,0.035,0.84,-0.045,-0.02,0.115
btc-updown-15m-1774710000,1774710000,569.3,-0.03,0.815,-0.01,0,0.14
btc-updown-15m-1774710000,1774710000,608.6,0.035,0.835,0.02,0.1,0.12
btc-updown-15m-1774710000,1774710000,630.8,0.03,0.845,0.06,0.11,0.14
btc-updown-15m-1774710000,1774710000,646.5,0.03,0.875,0.07,0.09,0.115
btc-updown-15m-1774710000,1774710000,656.6,0.05,0.925,0.03,0.03,0.065
btc-updown-15m-1774710000,1774710000,670.3,0.04,0.945,0.02,0.02,0.045
btc-updown-15m-1774710000,1774710000,694.6,0.05,0.965,-0.01,0.025,0.0335
btc-updown-15m-1774720800,1774720800,2.6,0.03,0.505,0.02,0.04,0.11
btc-updown-15m-1774720800,1774720800,12.7,-0.04,0.515,0.03,0.08,0.12
btc-updown-15m-1774720800,1774720800,23.1,-0.03,0.485,0.06,0.11,0.18
btc-updown-15m-1774720800,1774720800,33.1,0.04,0.525,0.02,0.07,0.11
btc-updown-15m-1774720800,1774720800,70.1,0.035,0.58,-0.025,0.055,0.185
btc-updown-15m-1774720800,1774720800,96.4,-0.03,0.565,0.04,0.1,0.27
btc-updown-15m-1774720800,1774720800,106.4,-0.07,0.495,0.15,0.17,0.32
btc-updown-15m-1774720800,1774720800,116.5,0.04,0.535,0.15,0.13,0.29
btc-updown-15m-1774720800,1774720800,126.5,0.07,0.605,0.06,0.12,0.22
btc-updown-15m-1774720800,1774720800,136.5,0.04,0.645,0.02,0.14,0.2
btc-updown-15m-1774720800,1774720800,146.5,0.04,0.685,-0.02,0.135,0.16
btc-updown-15m-1774720800,1774720800,159.2,0.03,0.675,0.065,0.13,0.14
btc-updown-15m-1774720800,1774720800,186.1,0.035,0.7,0.125,0.125,0.145
btc-updown-15m-1774720800,1774720800,196.1,0.05,0.775,0.04,0.07,0.04
btc-updown-15m-1774720800,1774720800,206.1,0.05,0.825,0,0.02,0
btc-updown-15m-1774720800,1774720800,220.2,-0.03,0.815,0.03,-0.01,0.03
btc-updown-15m-1774720800,1774720800,259.1,0.03,0.855,-0.04,-0.03,-0.01
btc-updown-15m-1774720800,1774720800,274.8,-0.03,0.815,0.04,0.03,0.03
btc-updown-15m-1774720800,1774720800,291,0.035,0.84,-0.015,-0.005,0.015
btc-updown-15m-1774720800,1774720800,313.1,-0.03,0.815,0.03,0.04,0.02
btc-updown-15m-1774720800,1774720800,355.5,-0.03,0.815,0.02,0.05,0.05
btc-updown-15m-1774720800,1774720800,370.1,0.03,0.855,-0.01,-0.03,0.05
btc-updown-15m-1774720800,1774720800,416.2,-0.03,0.825,0.01,0.04,0.01
btc-updown-15m-1774720800,1774720800,454.7,0.03,0.865,0,0.04,0.03
btc-updown-15m-1774720800,1774720800,488.2,0.03,0.895,-0.02,-0.04,0.08
btc-updown-15m-1774720800,1774720800,517.1,-0.03,0.885,-0.03,0.01,0.08
btc-updown-15m-1774720800,1774720800,528,-0.03,0.845,0.01,0.08,0.12
btc-updown-15m-1774720800,1774720800,547.9,0.03,0.855,0.04,0.12,0.11
btc-updown-15m-1774720800,1774720800,566.2,0.03,0.875,0.06,0.08,0.1
btc-updown-15m-1774720800,1774720800,587.1,0.03,0.925,0.03,0.04,0.06
btc-updown-15m-1774720800,1774720800,597.1,0.035,0.96,-0.005,0.005,0.025
btc-updown-15m-1774731600,1774731600,1.7,-0.035,0.45,0.135,0.145,0.055
btc-updown-15m-1774731600,1774731600,11.7,0.07,0.52,0.065,-0.005,-0.005
btc-updown-15m-1774731600,1774731600,21.8,0.03,0.555,0.03,-0.01,-0.03
btc-updown-15m-1774731600,1774731600,32.6,0.035,0.59,0.005,-0.055,-0.055
btc-updown-15m-1774731600,1774731600,66.4,-0.035,0.555,-0.06,-0.05,-0.01
btc-updown-15m-1774731600,1774731600,78.2,0.03,0.545,-0.04,-0.03,-0.02
btc-updown-15m-1774731600,1774731600,96.2,-0.03,0.505,0,0.03,-0.07
btc-updown-15m-1774731600,1774731600,124.6,0.03,0.525,0.01,0.02,-0.07
btc-updown-15m-1774731600,1774731600,205.4,-0.03,0.505,-0.05,0.04,0
btc-updown-15m-1774731600,1774731600,216,-0.03,0.475,-0.02,0.135,0.04
btc-updown-15m-1774731600,1774731600,228.5,0.03,0.465,0.07,0.12,0.05
btc-updown-15m-1774731600,1774731600,250.8,0.035,0.49,0.125,0.125,0.015
btc-updown-15m-1774731600,1774731600,266.1,0.035,0.57,0.035,-0.065,-0.215
btc-updown-15m-1774731600,1774731600,276.1,0.04,0.61,-0.005,-0.095,-0.255
btc-updown-15m-1774731600,1774731600,287.9,-0.03,0.585,0.04,-0.07,-0.25
btc-updown-15m-1774731600,1774731600,324.1,-0.03,0.585,-0.07,-0.24,-0.275
btc-updown-15m-1774731600,1774731600,334.2,-0.065,0.515,-0.01,-0.15,-0.21
btc-updown-15m-1774731600,1774731600,365.8,-0.03,0.505,-0.15,-0.23,-0.29
btc-updown-15m-1774731600,1774731600,376.6,-0.035,0.47,-0.135,-0.175,-0.325
btc-updown-15m-1774731600,1774731600,386.6,-0.07,0.355,-0.05,-0.045,-0.24
btc-updown-15m-1774731600,1774731600,410.9,-0.04,0.315,-0.01,-0.09,-0.26
btc-updown-15m-1774731600,1774731600,460.6,-0.04,0.265,-0.02,-0.18,-0.23
btc-updown-15m-1774731600,1774731600,470.7,-0.03,0.225,-0.09,-0.16,-0.19
btc-updown-15m-1774731600,1774731600,488.5,-0.03,0.205,-0.12,-0.17,-0.17
btc-updown-15m-1774731600,1774731600,498.5,-0.06,0.145,-0.06,-0.11,-0.12
btc-updown-15m-1774731600,1774731600,512.2,-0.03,0.105,-0.07,-0.07,-0.09
btc-updown-15m-1774731600,1774731600,530.7,-0.03,0.055,-0.02,-0.02,-0.04
btc-updown-15m-1774742400,1774742400,21.2,0.03,0.595,0.01,0.23,0.32
btc-updown-15m-1774742400,1774742400,31.2,-0.04,0.565,0.12,0.27,0.34
btc-updown-15m-1774742400,1774742400,49.3,0.03,0.62,0.165,0.175,0.325
btc-updown-15m-1774742400,1774742400,59.3,0.06,0.68,0.155,0.165,0.235
btc-updown-15m-1774742400,1774742400,69.3,0.1,0.775,0.08,0.14,0.13
btc-updown-15m-1774742400,1774742400,80.3,0.035,0.82,-0.025,0.095,0.125
btc-updown-15m-1774742400,1774742400,92.1,0.03,0.845,0.03,0.07,0.01
btc-updown-15m-1774742400,1774742400,105,-0.04,0.815,0.09,0.12,0.07
btc-updown-15m-1774742400,1774742400,115.3,0.035,0.815,0.1,0.09,0.05
btc-updown-15m-1774742400,1774742400,125.4,0.07,0.885,0.05,0.045,0.01
btc-updown-15m-1774742400,1774742400,156.1,0.03,0.935,-0.02,-0.06,0
btc-updown-15m-1774742400,1774742400,170.3,-0.03,0.895,0.05,-0.02,0.03
btc-updown-15m-1774742400,1774742400,180.3,0.03,0.915,0.02,-0.05,0
btc-updown-15m-1774742400,1774742400,191,-0.03,0.895,-0.01,0.01,0.01
btc-updown-15m-1774742400,1774742400,201,0.05,0.945,-0.08,-0.02,-0.03
btc-updown-15m-1774742400,1774742400,211,-0.09,0.855,0.01,0.08,0.07
btc-updown-15m-1774742400,1774742400,221,0.03,0.885,0.02,0.05,0.035
btc-updown-15m-1774742400,1774742400,245.3,0.03,0.895,0.04,0.04,0.05
btc-updown-15m-1774742400,1774742400,255.3,0.03,0.925,0,-0.02,0.03
btc-updown-15m-1774742400,1774742400,295.6,-0.03,0.895,0.02,0.04,0
btc-updown-15m-1774742400,1774742400,305.6,0.04,0.935,-0.01,0.01,0
btc-updown-15m-1774742400,1774742400,315.7,-0.03,0.905,0.015,0.05,0.035
btc-updown-15m-1774742400,1774742400,360,0.035,0.945,-0.01,-0.01,-0.06
btc-updown-15m-1774742400,1774742400,376.5,-0.035,0.91,-0.005,0.035,0.025
btc-updown-15m-1774742400,1774742400,399.7,-0.03,0.905,0.035,0.03,0.04
btc-updown-15m-1774742400,1774742400,418.1,0.03,0.935,0.01,-0.05,0.02
btc-updown-15m-1774742400,1774742400,474.9,-0.03,0.905,0.035,0.04,-0.15
btc-updown-15m-1774742400,1774742400,486.1,0.03,0.915,0.03,0.05,-0.15
btc-updown-15m-1774742400,1774742400,565,-0.035,0.92,-0.155,-0.135,0.055
btc-updown-15m-1774742400,1774742400,578.3,-0.035,0.925,-0.125,-0.12,0.05
btc-updown-15m-1774742400,1774742400,589.8,-0.03,0.895,-0.105,-0.08,0.07
btc-updown-15m-1774742400,1774742400,599.9,-0.155,0.7,0.095,0.205,0.275
btc-updown-15m-1774742400,1774742400,609.9,0.12,0.815,-0.01,0.13,0.17
btc-updown-15m-1774742400,1774742400,650.1,0.04,0.845,0.13,0.12,0.14
btc-updown-15m-1774742400,1774742400,660.1,0.055,0.91,0.055,0.065,0.075
btc-updown-15m-1774742400,1774742400,674.4,0.035,0.96,0.005,0.025,-0.03
btc-updown-15m-1774742400,1774742400,794.2,-0.03,0.955,0.02,0.02,
btc-updown-15m-1774742400,1774742400,804.3,0.03,0.975,0.002,0.009,
btc-updown-15m-1774742400,1774742400,814.3,-0.04,0.935,0.047,0.0405,
btc-updown-15m-1774742400,1774742400,824.4,0.04,0.975,0,0.01,
btc-updown-15m-1774753200,1774753200,2.9,-0.03,0.36,0.015,0.005,-0.005
btc-updown-15m-1774753200,1774753200,18.4,-0.03,0.345,0.03,0,0.03
btc-updown-15m-1774753200,1774753200,28.4,0.03,0.375,-0.015,-0.03,0
btc-updown-15m-1774753200,1774753200,40.4,-0.03,0.345,0,0,0
btc-updown-15m-1774753200,1774753200,50.4,0.03,0.375,-0.03,-0.02,-0.02
btc-updown-15m-1774753200,1774753200,138,0.03,0.375,-0.02,-0.04,-0.07
btc-updown-15m-1774753200,1774753200,159.8,-0.03,0.345,0,-0.13,-0.05
btc-updown-15m-1774753200,1774753200,206.9,-0.035,0.31,-0.185,0.015,0.045
btc-updown-15m-1774753200,1774753200,218.1,-0.035,0.275,-0.065,0.03,0.01
btc-updown-15m-1774753200,1774753200,228.1,-0.17,0.105,0.2,0.18,0.25
btc-updown-15m-1774753200,1774753200,245,0.045,0.17,0.145,0.215,0.195
btc-updown-15m-1774753200,1774753200,255,0.065,0.235,0.05,0.13,0.08
btc-updown-15m-1774753200,1774753200,265,0.15,0.385,-0.1,-0.02,-0.19
btc-updown-15m-1774753200,1774753200,275,-0.07,0.315,0.07,-0.03,-0.12
btc-updown-15m-1774753200,1774753200,285.1,-0.03,0.285,0.08,0.11,-0.09
btc-updown-15m-1774753200,1774753200,295.5,0.03,0.315,0.03,0,-0.12
btc-updown-15m-1774753200,1774753200,305.5,0.065,0.385,-0.085,-0.02,-0.15
btc-updown-15m-1774753200,1774753200,321,0.03,0.395,-0.07,-0.18,-0.17
btc-updown-15m-1774753200,1774753200,331.1,-0.04,0.355,0,-0.16,-0.18
btc-updown-15m-1774753200,1774753200,341.1,-0.075,0.28,0.075,-0.095,-0.025
btc-updown-15m-1774753200,1774753200,351.1,0.045,0.325,-0.11,-0.15,-0.09
btc-updown-15m-1774753200,1774753200,361.4,0.035,0.36,-0.165,-0.15,-0.14
btc-updown-15m-1774753200,1774753200,373,-0.035,0.33,-0.145,-0.105,-0.105
btc-updown-15m-1774753200,1774753200,383,-0.105,0.22,-0.035,0.005,0.095
btc-updown-15m-1774753200,1774753200,420.9,0.035,0.21,-0.035,0.015,0.145
btc-updown-15m-1774753200,1774753200,447.1,-0.04,0.185,0.05,0.16,-0.02
btc-updown-15m-1774753200,1774753200,458.2,0.03,0.185,0.03,0.17,-0.05
btc-updown-15m-1774753200,1774753200,468.2,0.035,0.23,-0.005,0.215,0.025
btc-updown-15m-1774753200,1774753200,500.4,0.03,0.255,0.19,0.015,0
btc-updown-15m-1774753200,1774753200,510.4,0.085,0.345,0.01,-0.21,-0.1
btc-updown-15m-1774753200,1774753200,520.4,0.03,0.375,-0.02,-0.24,-0.12
btc-updown-15m-1774753200,1774753200,530.4,0.07,0.445,-0.175,-0.16,-0.2
btc-updown-15m-1774753200,1774753200,540.4,-0.09,0.355,-0.22,0.04,-0.11
btc-updown-15m-1774753200,1774753200,556.3,-0.035,0.32,-0.14,-0.105,-0.125
btc-updown-15m-1774753200,1774753200,566.3,-0.125,0.195,0.17,0.08,0.03
btc-updown-15m-1774753200,1774753200,576.3,-0.06,0.135,0.24,0.13,0.09
btc-updown-15m-1774753200,1774753200,586.3,0.05,0.185,0.03,0.07,0.03
btc-updown-15m-1774753200,1774753200,596.3,0.18,0.365,-0.09,-0.12,-0.24
btc-updown-15m-1774753200,1774753200,608.1,-0.04,0.385,-0.13,-0.16,-0.31
btc-updown-15m-1774753200,1774753200,618.1,-0.14,0.245,0,-0.045,-0.16
btc-updown-15m-1774753200,1774753200,628.4,-0.03,0.225,0.02,0.01,-0.145
btc-updown-15m-1774753200,1774753200,638.5,0.03,0.255,-0.03,-0.03,0.19
btc-updown-15m-1774753200,1774753200,669.1,-0.03,0.215,0.01,-0.14,-0.09
btc-updown-15m-1774753200,1774753200,685.9,0.03,0.225,-0.1,-0.15,-0.125
btc-updown-15m-1774753200,1774753200,713.3,-0.03,0.185,-0.11,0.05,-0.015
btc-updown-15m-1774753200,1774753200,723.3,-0.09,0.095,0.13,0.03,0.045
btc-updown-15m-1774753200,1774753200,743,-0.03,0.075,0.16,0.03,-0.01
btc-updown-15m-1774753200,1774753200,753,0.16,0.235,-0.11,-0.14,-0.17
btc-updown-15m-1774753200,1774753200,763,0.07,0.305,-0.18,-0.24,-0.225
btc-updown-15m-1774753200,1774753200,773,-0.07,0.235,-0.13,-0.06,0.01
btc-updown-15m-1774753200,1774753200,783,-0.11,0.125,-0.03,0.005,
btc-updown-15m-1774753200,1774753200,798.9,-0.03,0.095,0.055,-0.015,
btc-updown-15m-1774753200,1774753200,813.6,-0.035,0.07,0.07,-0.005,
btc-updown-15m-1774753200,1774753200,824.6,0.04,0.095,0.02,0.175,
btc-updown-15m-1774753200,1774753200,834.7,0.05,0.165,-0.1,0.03,
btc-updown-15m-1774753200,1774753200,844.7,-0.055,0.11,-0.055,,
btc-updown-15m-1774753200,1774753200,855,0.03,0.135,0.175,,
btc-updown-15m-1774753200,1774753200,865.1,-0.07,0.065,0.12,,
btc-updown-15m-1774753200,1774753200,878.4,-0.03,0.055,,,
btc-updown-15m-1774753200,1774753200,888.4,0.13,0.185,,,
btc-updown-15m-1774753200,1774753200,898.4,-0.17,0.015,,,
btc-updown-15m-1774764000,1774764000,0,-0.04,0.405,0.13,0.16,0.21
btc-updown-15m-1774764000,1774764000,10,0.14,0.545,0,0.05,0.07
btc-updown-15m-1774764000,1774764000,20,0.04,0.585,-0.05,0.02,0.06
btc-updown-15m-1774764000,1774764000,30,-0.05,0.535,0.03,0.07,0.13
btc-updown-15m-1774764000,1774764000,68.8,0.03,0.595,0.04,0.02,0.09
btc-updown-15m-1774764000,1774764000,84.9,0.03,0.605,0.06,0.04,0.07
btc-updown-15m-1774764000,1774764000,97.7,0.03,0.635,-0.02,0.03,0.06
btc-updown-15m-1774764000,1774764000,108.2,0.03,0.665,-0.02,-0.01,0.03
btc-updown-15m-1774764000,1774764000,119.1,-0.03,0.635,0.03,0.02,0.12
btc-updown-15m-1774764000,1774764000,133.9,0.03,0.645,0.01,0.04,0.12
btc-updown-15m-1774764000,1774764000,181.5,0.03,0.685,0,0.08,0.14
btc-updown-15m-1774764000,1774764000,237.2,0.03,0.725,0.1,0.1,0.19
btc-updown-15m-1774764000,1774764000,247.2,0.04,0.765,0.1,0.1,0.11
btc-updown-15m-1774764000,1774764000,259.8,0.03,0.79,0.075,0.075,0.095
btc-updown-15m-1774764000,1774764000,269.8,0.035,0.835,-0.01,0.05,0.06
btc-updown-15m-1774764000,1774764000,279.9,0.03,0.865,0,0.04,0.03
btc-updown-15m-1774764000,1774764000,294.1,-0.03,0.835,0.035,0.06,0.07
btc-updown-15m-1774764000,1774764000,306.8,0.03,0.855,0.05,0.02,0.06
btc-updown-15m-1774764000,1774764000,322.7,0.03,0.895,0,0,0.03
btc-updown-15m-1774764000,1774764000,336,0.03,0.905,-0.03,-0.01,0.015
btc-updown-15m-1774764000,1774764000,365.8,-0.03,0.875,0.02,0.04,0.03
btc-updown-15m-1774764000,1774764000,606.3,-0.035,0.91,-0.005,0.005,0.055
btc-updown-15m-1774764000,1774764000,654.5,0.03,0.925,0.02,0.025,0.05
btc-updown-15m-1774764000,1774764000,683.2,0.035,0.96,-0.01,0.015,0.025
btc-updown-15m-1774774800,1774774800,1.6,0.03,0.52,-0.045,-0.135,0.015
btc-updown-15m-1774774800,1774774800,11.6,0.05,0.575,-0.12,-0.19,-0.13
btc-updown-15m-1774774800,1774774800,21.7,-0.1,0.475,0,-0.08,0.06
btc-updown-15m-1774774800,1774774800,60.9,-0.035,0.44,-0.045,0.095,0.185
btc-updown-15m-1774774800,1774774800,70.9,-0.055,0.385,0.06,0.07,0.25
btc-updown-15m-1774774800,1774774800,94.9,0.04,0.435,0.1,0.21,0.25
btc-updown-15m-1774774800,1774774800,106.8,0.035,0.48,-0.005,0.145,0.215
btc-updown-15m-1774774800,1774774800,116.9,0.04,0.535,0.06,0.09,0.16
btc-updown-15m-1774774800,1774774800,129,-0.03,0.505,0.13,0.13,0.22
btc-updown-15m-1774774800,1774774800,140.4,0.035,0.49,0.135,0.145,0.235
btc-updown-15m-1774774800,1774774800,150.4,0.09,0.585,0.04,0.16,0.19
btc-updown-15m-1774774800,1774774800,160.5,0.05,0.635,0,0.06,0.19
btc-updown-15m-1774774800,1774774800,202.7,0.03,0.665,0.02,0.06,-0.28
btc-updown-15m-1774774800,1774774800,212.7,0.07,0.745,-0.03,0.03,-0.29
btc-updown-15m-1774774800,1774774800,222.7,-0.05,0.695,0.035,0.125,-0.34
btc-updown-15m-1774774800,1774774800,269.3,0.03,0.755,-0.21,-0.37,-0.48
btc-updown-15m-1774774800,1774774800,279.3,0.07,0.825,-0.37,-0.47,-0.56
btc-updown-15m-1774774800,1774774800,296.6,-0.035,0.79,-0.405,-0.545,-0.555
btc-updown-15m-1774774800,1774774800,306.6,-0.35,0.435,-0.01,-0.14,-0.36
btc-updown-15m-1774774800,1774774800,316.7,-0.06,0.375,-0.02,-0.11,-0.3
btc-updown-15m-1774774800,1774774800,331.5,0.035,0.42,-0.205,-0.145,-0.375
btc-updown-15m-1774774800,1774774800,341.5,-0.07,0.355,-0.08,-0.09,-0.31
btc-updown-15m-1774774800,1774774800,351.6,-0.1,0.255,0.01,0.01,-0.22
btc-updown-15m-1774774800,1774774800,361.6,-0.035,0.22,0.055,-0.05,-0.185
btc-updown-15m-1774774800,1774774800,371.7,0.05,0.275,-0.01,-0.18,-0.23
btc-updown-15m-1774774800,1774774800,418.6,-0.03,0.215,-0.17,-0.18,-0.07
btc-updown-15m-1774774800,1774774800,428.6,-0.14,0.065,-0.02,-0.02,0.05
btc-updown-15m-1774774800,1774774800,442.7,-0.03,0.065,-0.025,0.07,-0.03
btc-updown-15m-1774774800,1774774800,455.5,-0.03,0.045,-0.01,0.12,0.09
btc-updown-15m-1774774800,1774774800,474.5,-0.03,0.035,0.1,0.13,0.13
btc-updown-15m-1774774800,1774774800,495.8,0.03,0.065,0.095,-0.01,0.08
btc-updown-15m-1774774800,1774774800,505.8,0.06,0.13,0.03,-0.095,0.005
btc-updown-15m-1774774800,1774774800,515.8,0.035,0.165,-0.04,-0.03,-0.02
btc-updown-15m-1774774800,1774774800,544.8,-0.03,0.135,0,0.02,-0.01
btc-updown-15m-1774774800,1774774800,554.8,-0.08,0.055,0.095,0.09,0.05
btc-updown-15m-1774774800,1774774800,572.4,0.03,0.065,0.09,0.04,0.01
btc-updown-15m-1774774800,1774774800,582.5,0.05,0.155,-0.01,-0.01,-0.1
btc-updown-15m-1774774800,1774774800,630.6,-0.03,0.11,0.015,-0.035,-0.055
btc-updown-15m-1774774800,1774774800,640.6,0.035,0.145,-0.035,-0.09,-0.09
btc-updown-15m-1774774800,1774774800,687.7,-0.03,0.075,-0.03,-0.02,-0.04
btc-updown-15m-1774774800,1774774800,729.5,-0.03,0.025,0.02,0.005,-0.01
btc-updown-15m-1774774800,1774774800,746.4,0.03,0.055,0.005,-0.02,-0.04
btc-updown-15m-1774774800,1774774800,786.7,-0.03,0.035,-0.01,-0.02,
btc-updown-15m-1774785600,1774785600,4.1,0.03,0.525,-0.01,0.06,-0.08
btc-updown-15m-1774785600,1774785600,14.1,-0.06,0.465,0.08,0.11,0.03
btc-updown-15m-1774785600,1774785600,24.1,0.05,0.515,0.06,0.06,-0.03
btc-updown-15m-1774785600,1774785600,43.9,0.03,0.545,0.03,-0.06,-0.03
btc-updown-15m-1774785600,1774785600,55,0.035,0.58,-0.005,-0.135,-0.045
btc-updown-15m-1774785600,1774785600,88.9,-0.035,0.54,-0.095,-0.045,0.025
btc-updown-15m-1774785600,1774785600,98.9,-0.055,0.485,0.01,0.03,0.13
btc-updown-15m-1774785600,1774785600,113.4,-0.035,0.45,0.025,0.085,0.185
btc-updown-15m-1774785600,1774785600,124.4,0.035,0.48,0.065,0.095,0.09
btc-updown-15m-1774785600,1774785600,150.7,0.03,0.525,0.06,0.04,-0.14
btc-updown-15m-1774785600,1774785600,163.6,-0.03,0.515,0.06,0.13,-0.19
btc-updown-15m-1774785600,1774785600,180.4,0.035,0.56,0.005,-0.005,-0.215
btc-updown-15m-1774785600,1774785600,217.3,0.03,0.595,-0.025,-0.25,-0.15
btc-updown-15m-1774785600,1774785600,227.4,0.04,0.635,-0.21,-0.31,-0.26
btc-updown-15m-1774785600,1774785600,237.8,-0.03,0.605,-0.19,-0.3,-0.25
btc-updown-15m-1774785600,1774785600,247.8,-0.04,0.565,-0.22,-0.19,-0.11
btc-updown-15m-1774785600,1774785600,257.8,-0.14,0.425,-0.1,-0.07,0.01
btc-updown-15m-1774785600,1774785600,268.1,0.035,0.415,-0.08,0.04,-0.04
btc-updown-15m-1774785600,1774785600,278.1,-0.07,0.345,0.01,0.1,0.05
btc-updown-15m-1774785600,1774785600,289.1,0.03,0.375,0,-0.01,-0.03
btc-updown-15m-1774785600,1774785600,299.1,-0.03,0.345,0.11,0.01,-0.06
btc-updown-15m-1774785600,1774785600,319.2,0.03,0.385,-0.02,0,0.01
btc-updown-15m-1774785600,1774785600,329.2,0.07,0.455,-0.1,-0.08,-0.07
btc-updown-15m-1774785600,1774785600,345.5,-0.03,0.425,0.01,-0.08,-0.14
btc-updown-15m-1774785600,1774785600,355.5,-0.07,0.355,0.01,-0.06,-0.11
btc-updown-15m-1774785600,1774785600,365.5,0.11,0.465,-0.12,-0.16,-0.23
btc-updown-15m-1774785600,1774785600,375.5,-0.03,0.435,-0.09,-0.04,-0.16
btc-updown-15m-1774785600,1774785600,385.7,-0.07,0.365,-0.07,0.03,-0.08
btc-updown-15m-1774785600,1774785600,399.7,-0.03,0.345,-0.04,0.04,-0.185
btc-updown-15m-1774785600,1774785600,412.5,-0.035,0.31,0.085,-0.065,-0.055
btc-updown-15m-1774785600,1774785600,431.2,0.035,0.33,0.055,-0.115,-0.095
btc-updown-15m-1774785600,1774785600,441.2,0.065,0.395,-0.14,-0.11,-0.18
btc-updown-15m-1774785600,1774785600,463.8,-0.03,0.355,-0.17,-0.2,-0.21
btc-updown-15m-1774785600,1774785600,473.8,-0.11,0.245,0.04,0.01,-0.15
btc-updown-15m-1774785600,1774785600,488.4,-0.03,0.205,-0.045,0.05,-0.07
btc-updown-15m-1774785600,1774785600,498.4,0.09,0.295,-0.14,-0.07,-0.15
btc-updown-15m-1774785600,1774785600,508.5,-0.07,0.225,0.03,0.05,-0.09
btc-updown-15m-1774785600,1774785600,518.5,-0.065,0.16,0.095,0,-0.055
btc-updown-15m-1774785600,1774785600,529.2,0.03,0.185,0.04,-0.07,-0.09
btc-updown-15m-1774785600,1774785600,539.2,0.055,0.255,0.01,-0.16,-0.08
btc-updown-15m-1774785600,1774785600,551.6,-0.03,0.235,-0.08,-0.09,-0.1
btc-updown-15m-1774785600,1774785600,564.3,0.03,0.265,-0.17,-0.13,-0.14
btc-updown-15m-1774785600,1774785600,574.3,-0.06,0.205,-0.07,-0.095,-0.07
btc-updown-15m-1774785600,1774785600,584.3,-0.06,0.145,0,-0.04,-0.05
btc-updown-15m-1774785600,1774785600,594.3,-0.05,0.095,0.04,0.08,0
btc-updown-15m-1774785600,1774785600,604.3,0.04,0.135,-0.025,-0.01,-0.07
btc-updown-15m-1774785600,1774785600,634.4,-0.03,0.105,0.02,0.03,-0.07
btc-updown-15m-1774785600,1774785600,651.5,0.03,0.135,-0.02,-0.03,-0.06
btc-updown-15m-1774785600,1774785600,661.6,-0.03,0.125,0.01,-0.02,-0.005
btc-updown-15m-1774785600,1774785600,685.6,-0.035,0.11,-0.005,-0.075,0.005
btc-updown-15m-1774785600,1774785600,701.7,-0.03,0.105,-0.06,-0.03,0.2495
btc-updown-15m-1774785600,1774785600,722.1,-0.03,0.065,-0.03,0.04,0.201
btc-updown-15m-1774785600,1774785600,738.1,-0.03,0.035,0.04,0.1,0.2945
btc-updown-15m-1774785600,1774785600,755.9,0.03,0.065,0.04,0.274,-0.03
btc-updown-15m-1774785600,1774785600,772.9,-0.03,0.065,0.07,0.24,-0.0305
btc-updown-15m-1774785600,1774785600,782.9,0.06,0.125,0.09,0.1405,
btc-updown-15m-1774785600,1774785600,793.5,0.03,0.155,0.195,0.094,
btc-updown-15m-1774785600,1774785600,803.8,-0.03,0.13,0.175,0.24,
btc-updown-15m-1774785600,1774785600,813.8,0.125,0.255,0.0125,-0.21,
btc-updown-15m-1774785600,1774785600,823.8,0.095,0.35,-0.075,-0.318,
btc-updown-15m-1774785600,1774785600,833.8,-0.04,0.305,0.055,-0.29,
btc-updown-15m-1774785600,1774785600,843.8,-0.0375,0.2675,-0.2225,,
btc-updown-15m-1774785600,1774785600,857.4,0.032,0.2895,-0.1995,,
btc-updown-15m-1774785600,1774785600,867.4,0.085,0.385,-0.379,,
btc-updown-15m-1774785600,1774785600,877.4,-0.332,0.053,,,
btc-updown-15m-1774785600,1774785600,887.5,0.038,0.09,,,
btc-updown-15m-1774785600,1774785600,897.5,-0.084,0.006,,,
btc-updown-15m-1774796400,1774796400,1.4,0.03,0.505,0.24,0.26,0.15
btc-updown-15m-1774796400,1774796400,11.4,0.245,0.755,0.01,0.01,-0.09
btc-updown-15m-1774796400,1774796400,21.6,-0.08,0.675,0.1,0.07,0.04
btc-updown-15m-1774796400,1774796400,31.6,0.06,0.745,0.02,-0.05,-0.01
btc-updown-15m-1774796400,1774796400,41.8,0.03,0.765,0,-0.08,0.03
btc-updown-15m-1774796400,1774796400,59.1,-0.03,0.765,-0.07,-0.11,0.02
btc-updown-15m-1774796400,1774796400,73.3,-0.03,0.735,-0.05,-0.07,-0.02
btc-updown-15m-1774796400,1774796400,85.6,-0.03,0.715,-0.08,-0.01,0.01
btc-updown-15m-1774796400,1774796400,95.6,-0.04,0.675,-0.01,0.09,0.04
btc-updown-15m-1774796400,1774796400,106.3,-0.03,0.645,0.06,0.13,0.08
btc-updown-15m-1774796400,1774796400,117.7,0.03,0.645,0.09,0.135,0.06
btc-updown-15m-1774796400,1774796400,127.7,-0.03,0.625,0.17,0.19,0.1
btc-updown-15m-1774796400,1774796400,137.8,0.08,0.705,0.07,-0.01,-0.04
btc-updown-15m-1774796400,1774796400,147.8,0.03,0.735,0.045,-0.01,-0.13
btc-updown-15m-1774796400,1774796400,157.8,0.06,0.795,0.02,-0.08,-0.22
btc-updown-15m-1774796400,1774796400,184.6,0.03,0.805,-0.09,-0.08,-0.17
btc-updown-15m-1774796400,1774796400,194.6,-0.115,0.695,0.02,-0.03,-0.01
btc-updown-15m-1774796400,1774796400,204.7,0.03,0.725,-0.03,-0.135,0.03
btc-updown-15m-1774796400,1774796400,234.8,-0.03,0.695,-0.105,-0.04,0.06
btc-updown-15m-1774796400,1774796400,244.8,0.03,0.725,-0.15,-0.09,0.04
btc-updown-15m-1774796400,1774796400,254.8,-0.06,0.665,-0.07,0.02,0.16
btc-updown-15m-1774796400,1774796400,264.9,-0.075,0.59,0.065,0.165,0.295
btc-updown-15m-1774796400,1774796400,275.1,-0.03,0.575,0.06,0.17,0.26
btc-updown-15m-1774796400,1774796400,288.3,0.03,0.605,0.08,0.15,0.2
btc-updown-15m-1774796400,1774796400,298.3,0.05,0.655,0.1,0.1,0.18
btc-updown-15m-1774796400,1774796400,311.1,0.03,0.655,0.095,0.12,0.17
btc-updown-15m-1774796400,1774796400,321.2,0.1,0.755,0,0.12,0.07
btc-updown-15m-1774796400,1774796400,358.9,-0.03,0.725,0.18,0.11,0.12
btc-updown-15m-1774796400,1774796400,368.9,0.05,0.775,0.06,0.05,0.14
btc-updown-15m-1774796400,1774796400,379,0.07,0.845,-0.04,-0.02,0.02
btc-updown-15m-1774796400,1774796400,389,0.06,0.905,-0.07,-0.07,0.02
btc-updown-15m-1774796400,1774796400,399,-0.07,0.835,-0.01,0,0.05
btc-updown-15m-1774796400,1774796400,410.5,-0.04,0.805,0.02,0.04,0.11
btc-updown-15m-1774796400,1774796400,434.6,-0.03,0.815,0.03,0.07,0.09
btc-updown-15m-1774796400,1774796400,444.9,0.05,0.835,0.015,0.03,0.07
btc-updown-15m-1774796400,1774796400,480.2,0.03,0.875,0.06,0.05,-0.235
btc-updown-15m-1774796400,1774796400,490.2,0.04,0.915,-0.03,-0.01,-0.31
btc-updown-15m-1774796400,1774796400,500.2,-0.05,0.865,0.05,0.04,-0.19
btc-updown-15m-1774796400,1774796400,510.2,0.07,0.935,-0.01,-0.04,-0.2
btc-updown-15m-1774796400,1774796400,520.2,-0.05,0.885,0.02,0.02,-0.18
btc-updown-15m-1774796400,1774796400,530.2,0.03,0.915,-0.01,-0.25,-0.18
btc-updown-15m-1774796400,1774796400,547.2,-0.03,0.895,0.015,-0.24,-0.155
btc-updown-15m-1774796400,1774796400,573.7,0.03,0.915,-0.21,-0.16,-0.18
btc-updown-15m-1774796400,1774796400,583.7,-0.31,0.605,0,0.09,0.18
btc-updown-15m-1774796400,1774796400,593.7,0.03,0.645,0.02,0.09,0.13
btc-updown-15m-1774796400,1774796400,603.8,0.06,0.705,0.05,0.03,0.115
btc-updown-15m-1774796400,1774796400,613.8,-0.1,0.605,0.09,0.13,0.07
btc-updown-15m-1774796400,1774796400,623.8,0.06,0.665,0.07,0.07,-0.07
btc-updown-15m-1774796400,1774796400,633.8,0.09,0.755,-0.02,-0.02,-0.1
btc-updown-15m-1774796400,1774796400,643.8,-0.06,0.695,0.04,0.05,-0.02
btc-updown-15m-1774796400,1774796400,653.9,0.04,0.735,0,0.04,-0.03
btc-updown-15m-1774796400,1774796400,689.4,0.03,0.745,0.03,-0.1,-0.67
btc-updown-15m-1774796400,1774796400,699.5,0.13,0.875,-0.13,-0.19,-0.83
btc-updown-15m-1774796400,1774796400,709.6,-0.11,0.755,-0.07,-0.05,-0.68
btc-updown-15m-1774796400,1774796400,720.7,0.03,0.785,-0.14,-0.31,-0.75
btc-updown-15m-1774796400,1774796400,730.8,-0.07,0.725,-0.04,-0.48,-0.66
btc-updown-15m-1774796400,1774796400,741,-0.04,0.685,0.02,-0.53,-0.6
btc-updown-15m-1774796400,1774796400,751,-0.04,0.645,-0.21,-0.58,-0.61
btc-updown-15m-1774796400,1774796400,761,0.04,0.685,-0.44,-0.64,-0.67
btc-updown-15m-1774796400,1774796400,775.9,-0.03,0.655,-0.57,-0.62,-0.535
btc-updown-15m-1774796400,1774796400,786,-0.395,0.225,-0.18,-0.19,
btc-updown-15m-1774796400,1774796400,796,-0.07,0.155,-0.11,-0.05,
btc-updown-15m-1774796400,1774796400,806,-0.07,0.085,-0.05,-0.01,
btc-updown-15m-1774796400,1774796400,816,-0.04,0.045,-0.01,-0.02,
btc-updown-15m-1774796400,1774796400,828.4,0.03,0.075,0.01,0.09,
btc-updown-15m-1774796400,1774796400,838.4,-0.04,0.035,0.03,0.08,
btc-updown-15m-1774796400,1774796400,849,0.03,0.065,-0.04,,
btc-updown-15m-1774796400,1774796400,859.9,0.03,0.085,0.095,,
btc-updown-15m-1774796400,1774796400,870,-0.04,0.045,0.545,,
btc-updown-15m-1774796400,1774796400,880,-0.03,0.015,,,
btc-updown-15m-1774796400,1774796400,890,0.165,0.18,,,
btc-updown-15m-1774807200,1774807200,1.8,0.03,0.535,0,0.1,0.1
btc-updown-15m-1774807200,1774807200,11.8,-0.04,0.495,0.1,0.14,0.14
btc-updown-15m-1774807200,1774807200,21.8,0.055,0.55,0.065,0.085,0.085
btc-updown-15m-1774807200,1774807200,38.3,0.035,0.59,0.045,0.045,0.045
btc-updown-15m-1774807200,1774807200,198.4,-0.03,0.605,-0.11,-0.22,-0.3
btc-updown-15m-1774807200,1774807200,210.7,-0.03,0.515,-0.11,-0.15,-0.34
btc-updown-15m-1774807200,1774807200,220.7,-0.03,0.495,-0.11,-0.14,-0.265
btc-updown-15m-1774807200,1774807200,233.8,-0.035,0.46,-0.075,-0.205,-0.205
btc-updown-15m-1774807200,1774807200,243.8,-0.06,0.385,-0.015,-0.13,-0.08
btc-updown-15m-1774807200,1774807200,283.2,-0.035,0.33,-0.075,-0.095,0.005
btc-updown-15m-1774807200,1774807200,293.3,-0.045,0.265,0.07,-0.01,-0.02
btc-updown-15m-1774807200,1774807200,317.6,0.035,0.29,-0.035,-0.02,-0.015
btc-updown-15m-1774807200,1774807200,327.6,0.03,0.335,-0.075,-0.07,-0.06
btc-updown-15m-1774807200,1774807200,337.7,-0.12,0.215,0.09,0.04,0.055
btc-updown-15m-1774807200,1774807200,347.7,0.04,0.255,0.015,0.08,-0.01
btc-updown-15m-1774807200,1774807200,362.8,0.035,0.3,-0.045,-0.025,-0.025
btc-updown-15m-1774807200,1774807200,377.3,-0.035,0.27,0.065,0.005,0.085
btc-updown-15m-1774807200,1774807200,401,0.04,0.295,-0.02,-0.05,-0.1
btc-updown-15m-1774807200,1774807200,411,0.04,0.335,-0.065,-0.09,-0.135
btc-updown-15m-1774807200,1774807200,421,-0.065,0.27,0.005,-0.03,-0.065
btc-updown-15m-1774807200,1774807200,460.3,-0.03,0.245,0.07,-0.05,-0.08
btc-updown-15m-1774807200,1774807200,482.6,0.03,0.275,-0.05,-0.07,-0.12
btc-updown-15m-1774807200,1774807200,493.5,0.035,0.31,-0.105,-0.085,-0.095
btc-updown-15m-1774807200,1774807200,507,-0.035,0.33,-0.13,-0.125,-0.115
btc-updown-15m-1774807200,1774807200,517,-0.1,0.2,0.025,-0.035,-0.025
btc-updown-15m-1774807200,1774807200,554.1,0.035,0.26,-0.085,-0.045,0.145
btc-updown-15m-1774807200,1774807200,564.1,-0.055,0.205,-0.05,0.01,0.4
btc-updown-15m-1774807200,1774807200,576.8,-0.03,0.175,-0.03,0,0.41
btc-updown-15m-1774807200,1774807200,610.2,0.03,0.185,-0.01,0.225,0.3
btc-updown-15m-1774807200,1774807200,635.1,-0.03,0.185,0.23,0.4,0.52
btc-updown-15m-1774807200,1774807200,645.1,0.12,0.305,0.11,0.31,0.42
btc-updown-15m-1774807200,1774807200,655.2,0.1,0.405,0.18,0.21,0.405
btc-updown-15m-1774807200,1774807200,675.4,0.03,0.445,0.17,0,0.25
btc-updown-15m-1774807200,1774807200,685.7,0.06,0.585,0.03,-0.15,0.185
btc-updown-15m-1774807200,1774807200,702.3,0.03,0.615,-0.18,0.095,0.31
btc-updown-15m-1774807200,1774807200,718.1,-0.03,0.585,-0.15,0.23,0.35
btc-updown-15m-1774807200,1774807200,728.1,-0.095,0.49,0.215,0.24,0.395
btc-updown-15m-1774807200,1774807200,738.1,-0.045,0.445,0.275,0.25,0.5
btc-updown-15m-1774807200,1774807200,749.1,0.035,0.48,0.325,0.315,0.475
btc-updown-15m-1774807200,1774807200,759.1,0.23,0.725,-0.04,0.105,0.25
btc-updown-15m-1774807200,1774807200,771.6,0.03,0.74,0.035,0.185,0.245
btc-updown-15m-1774807200,1774807200,781.6,0.055,0.8,-0.005,0.14,
btc-updown-15m-1774807200,1774807200,791.7,-0.115,0.685,0.23,0.23,
btc-updown-15m-1774807200,1774807200,801.7,0.09,0.775,0.15,0.17,
btc-updown-15m-1774807200,1774807200,812.2,0.03,0.795,0.16,0.175,
btc-updown-15m-1774807200,1774807200,822.2,0.13,0.925,-0.015,0.05,
btc-updown-15m-1774807200,1774807200,839.2,0.03,0.935,0.01,0.055,
btc-updown-15m-1774807200,1774807200,851.8,-0.035,0.92,0.055,,
btc-updown-15m-1774807200,1774807200,862.3,0.035,0.945,0.04,,
btc-updown-15m-1774807200,1774807200,879.3,0.03,0.975,,,
btc-updown-15m-1774818000,1774818000,19.6,0.03,0.515,0.1,0.19,0.005
btc-updown-15m-1774818000,1774818000,29.6,0.045,0.565,0.12,0.15,-0.04
btc-updown-15m-1774818000,1774818000,39.6,0.05,0.615,0.09,0.07,-0.12
btc-updown-15m-1774818000,1774818000,52.7,0.03,0.645,0.05,0.13,-0.1
btc-updown-15m-1774818000,1774818000,62.7,0.04,0.685,0.03,-0.12,-0.15
btc-updown-15m-1774818000,1774818000,93.9,-0.035,0.675,-0.12,-0.17,-0.24
btc-updown-15m-1774818000,1774818000,103.9,0.05,0.725,-0.19,-0.19,-0.26
btc-updown-15m-1774818000,1774818000,113.9,0.04,0.765,-0.24,-0.21,-0.31
btc-updown-15m-1774818000,1774818000,123.9,-0.21,0.555,-0.05,-0.04,-0.11
btc-updown-15m-1774818000,1774818000,134.1,-0.03,0.525,0.01,-0.04,-0.07
btc-updown-15m-1774818000,1774818000,154.7,-0.03,0.495,0.02,-0.06,-0.055
btc-updown-15m-1774818000,1774818000,164.8,0.03,0.525,-0.06,-0.06,-0.08
btc-updown-15m-1774818000,1774818000,174.8,0.03,0.555,-0.12,-0.11,-0.11
btc-updown-15m-1774818000,1774818000,184.8,-0.04,0.515,-0.08,-0.01,-0.11
btc-updown-15m-1774818000,1774818000,194.8,-0.05,0.465,0,-0.01,0
btc-updown-15m-1774818000,1774818000,204.8,-0.03,0.435,0.01,0,0.05
btc-updown-15m-1774818000,1774818000,221.3,0.03,0.465,-0.01,-0.03,0.03
btc-updown-15m-1774818000,1774818000,244.1,0.035,0.49,-0.05,-0.095,-0.015
btc-updown-15m-1774818000,1774818000,254.1,-0.04,0.455,-0.01,0,-0.02
btc-updown-15m-1774818000,1774818000,302,-0.03,0.415,0.07,0.1,0.09
btc-updown-15m-1774818000,1774818000,312.3,0.03,0.405,0.09,0.03,0.08
btc-updown-15m-1774818000,1774818000,322.3,0.1,0.505,-0.01,-0.07,-0.11
btc-updown-15m-1774818000,1774818000,356.9,0.03,0.525,-0.05,-0.06,-0.14
btc-updown-15m-1774818000,1774818000,366.9,-0.1,0.425,0.06,0.04,-0.04
btc-updown-15m-1774818000,1774818000,385,0.035,0.47,0.005,-0.075,-0.135
btc-updown-15m-1774818000,1774818000,429.5,-0.035,0.47,-0.085,-0.085,-0.305
btc-updown-15m-1774818000,1774818000,440.9,-0.035,0.44,-0.075,-0.105,-0.275
btc-updown-15m-1774818000,1774818000,450.9,-0.04,0.395,-0.01,-0.13,-0.25
btc-updown-15m-1774818000,1774818000,497.5,-0.03,0.355,-0.18,-0.19,-0.28
btc-updown-15m-1774818000,1774818000,507.5,-0.065,0.29,-0.115,-0.13,-0.195
btc-updown-15m-1774818000,1774818000,517.5,-0.105,0.185,-0.01,-0.075,-0.1
btc-updown-15m-1774818000,1774818000,571.7,-0.03,0.135,-0.07,-0.05,-0.09
btc-updown-15m-1774818000,1774818000,581.7,-0.04,0.095,-0.04,-0.02,-0.06
btc-updown-15m-1774818000,1774818000,591.7,-0.03,0.065,0.03,0.01,-0.04
btc-updown-15m-1774818000,1774818000,617.6,0.03,0.085,-0.01,-0.04,-0.07
btc-updown-15m-1774828800,1774828800,1.3,0.03,0.535,0.02,0.07,-0.09
btc-updown-15m-1774828800,1774828800,11.3,0.035,0.57,-0.065,-0.055,-0.155
btc-updown-15m-1774828800,1774828800,22.1,0.035,0.585,0.02,-0.1,-0.14
btc-updown-15m-1774828800,1774828800,34.4,-0.035,0.555,0,-0.16,-0.18
btc-updown-15m-1774828800,1774828800,49,0.035,0.59,-0.115,-0.165,-0.245
btc-updown-15m-1774828800,1774828800,62.4,-0.03,0.575,-0.18,-0.11,-0.27
btc-updown-15m-1774828800,1774828800,72.4,-0.06,0.515,-0.07,-0.085,-0.17
btc-updown-15m-1774828800,1774828800,83.8,-0.035,0.48,-0.065,-0.055,-0.175
btc-updown-15m-1774828800,1774828800,93.8,-0.075,0.4,0.045,-0.03,-0.085
btc-updown-15m-1774828800,1774828800,103.8,0.035,0.435,0.03,-0.05,-0.12
btc-updown-15m-1774828800,1774828800,120.5,0.035,0.43,-0.065,-0.125,-0.125
btc-updown-15m-1774828800,1774828800,131.1,-0.03,0.415,-0.08,-0.09,-0.14
btc-updown-15m-1774828800,1774828800,141.2,0.03,0.445,-0.095,-0.155,-0.19
btc-updown-15m-1774828800,1774828800,151.2,-0.08,0.365,-0.05,-0.065,-0.12
btc-updown-15m-1774828800,1774828800,161.2,-0.035,0.335,-0.01,0,-0.13
btc-updown-15m-1774828800,1774828800,172.9,-0.04,0.325,-0.03,-0.01,-0.13
btc-updown-15m-1774828800,1774828800,186.5,-0.03,0.295,0.02,0.01,-0.16
btc-updown-15m-1774828800,1774828800,198.5,0.03,0.325,-0.02,-0.075,-0.2
btc-updown-15m-1774828800,1774828800,208.5,-0.05,0.275,0.04,-0.035,-0.16
btc-updown-15m-1774828800,1774828800,218.5,0.06,0.335,-0.03,-0.12,-0.22
btc-updown-15m-1774828800,1774828800,228.5,-0.03,0.305,-0.05,-0.09,-0.2
btc-updown-15m-1774828800,1774828800,252,-0.035,0.265,-0.06,-0.14,-0.1
btc-updown-15m-1774828800,1774828800,265.6,0.03,0.275,-0.07,-0.16,-0.135
btc-updown-15m-1774828800,1774828800,275.6,-0.07,0.215,-0.08,-0.07,-0.055
btc-updown-15m-1774828800,1774828800,296.8,-0.03,0.185,-0.06,-0.04,-0.04
btc-updown-15m-1774828800,1774828800,306.8,-0.04,0.145,-0.035,0.04,-0.015
btc-updown-15m-1774828800,1774828800,317.7,-0.03,0.125,-0.02,0,0.04
btc-updown-15m-1774828800,1774828800,332.5,0.03,0.14,0.055,0.025,0.025
btc-updown-15m-1774828800,1774828800,356.3,0.035,0.145,0.01,0.01,0.13
btc-updown-15m-1774828800,1774828800,366.3,0.04,0.185,-0.025,-0.05,0.06
btc-updown-15m-1774828800,1774828800,376.3,-0.045,0.14,0.06,0.01,0.225
btc-updown-15m-1774828800,1774828800,387.4,0.03,0.155,-0.01,0.02,0.31
btc-updown-15m-1774828800,1774828800,400.4,0.03,0.195,-0.09,0.03,0.17
btc-updown-15m-1774828800,1774828800,411.4,-0.03,0.175,-0.01,0.1,0.02
btc-updown-15m-1774828800,1774828800,421.4,-0.03,0.145,0.02,0.12,-0.05
btc-updown-15m-1774828800,1774828800,436.4,0.03,0.165,0.1,0.2,-0.04
btc-updown-15m-1774828800,1774828800,456.1,0.03,0.195,0.05,0.24,-0.06
btc-updown-15m-1774828800,1774828800,466.1,0.05,0.245,0.08,0.09,-0.09
btc-updown-15m-1774828800,1774828800,476.1,0.04,0.285,0.18,-0.145,-0.2
btc-updown-15m-1774828800,1774828800,486.2,-0.03,0.245,0.19,-0.17,-0.15
btc-updown-15m-1774828800,1774828800,496.2,0.08,0.325,0.01,-0.2,-0.23
btc-updown-15m-1774828800,1774828800,506.2,0.14,0.465,-0.33,-0.29,-0.4
btc-updown-15m-1774828800,1774828800,516.2,-0.03,0.435,-0.36,-0.3,-0.37
btc-updown-15m-1774828800,1774828800,526.2,-0.1,0.335,-0.21,-0.175,-0.29
btc-updown-15m-1774828800,1774828800,536.2,-0.2,0.135,0.04,-0.05,-0.01
btc-updown-15m-1774828800,1774828800,546.2,-0.06,0.075,0.06,0.02,0
btc-updown-15m-1774828800,1774828800,556.2,0.05,0.125,0.035,-0.03,-0.07
btc-updown-15m-1774828800,1774828800,566.2,0.05,0.175,-0.09,-0.11,-0.12
btc-updown-15m-1774828800,1774828800,576.3,-0.04,0.135,-0.04,-0.07,-0.065
btc-updown-15m-1774828800,1774828800,587.4,0.03,0.155,-0.06,-0.11,-0.11
btc-updown-15m-1774828800,1774828800,597.4,-0.05,0.105,-0.04,0.005,-0.07
btc-updown-15m-1774828800,1774828800,613.5,0.03,0.105,-0.05,-0.04,-0.09
btc-updown-15m-1774828800,1774828800,624,-0.03,0.095,0.01,-0.05,-0.07
btc-updown-15m-1774828800,1774828800,634,-0.03,0.065,0.01,0.01,-0.03
btc-updown-15m-1774828800,1774828800,648.9,0.03,0.095,-0.02,-0.05,-0.07
btc-updown-15m-1774828800,1774828800,659.2,0.03,0.125,-0.03,-0.09,-0.11
btc-updown-15m-1774828800,1774828800,669.2,-0.06,0.065,-0.02,-0.05,-0.05
btc-updown-15m-1774828800,1774828800,683.6,-0.03,0.045,0,-0.02,-0.03
btc-updown-15m-1774828800,1774828800,693.7,0.03,0.075,-0.06,-0.04,-0.06
btc-updown-15m-1774828800,1774828800,703.8,-0.03,0.045,-0.03,-0.01,-0.03
btc-updown-15m-1774828800,1774828800,721.9,-0.03,0.015,0.02,0,0
btc-updown-15m-1774839600,1774839600,11.3,0.03,0.465,0.01,0,-0.11
btc-updown-15m-1774839600,1774839600,29.9,-0.035,0.44,0.065,0.025,-0.075
btc-updown-15m-1774839600,1774839600,39.9,0.04,0.475,-0.01,-0.04,-0.06
btc-updown-15m-1774839600,1774839600,69.4,-0.03,0.475,-0.04,-0.12,-0.28
btc-updown-15m-1774839600,1774839600,98.9,-0.03,0.435,-0.07,-0.02,-0.27
btc-updown-15m-1774839600,1774839600,109.7,0.03,0.465,-0.15,-0.15,-0.31
btc-updown-15m-1774839600,1774839600,120.3,-0.035,0.445,-0.08,-0.18,-0.27
btc-updown-15m-1774839600,1774839600,130.3,-0.09,0.355,0.06,-0.15,-0.18
btc-updown-15m-1774839600,1774839600,140.3,-0.04,0.315,-0.01,-0.1,-0.13
btc-updown-15m-1774839600,1774839600,150.3,0.05,0.365,-0.1,-0.18,-0.215
btc-updown-15m-1774839600,1774839600,160.3,0.05,0.415,-0.21,-0.24,-0.24
btc-updown-15m-1774839600,1774839600,170.3,-0.11,0.305,-0.09,-0.15,-0.15
btc-updown-15m-1774839600,1774839600,180.4,-0.04,0.265,-0.08,-0.08,-0.09
btc-updown-15m-1774839600,1774839600,190.4,-0.06,0.205,-0.03,-0.03,-0.06
btc-updown-15m-1774839600,1774839600,200.8,0.03,0.215,-0.06,-0.04,-0.07
btc-updown-15m-1774839600,1774839600,210.8,-0.03,0.185,0,-0.04,-0.06
btc-updown-15m-1774839600,1774839600,226.8,-0.03,0.165,0.01,-0.01,-0.04
btc-updown-15m-1774839600,1774839600,240.4,0.03,0.185,-0.035,-0.01,-0.06
btc-updown-15m-1774839600,1774839600,252.2,-0.03,0.165,0.01,-0.02,-0.04
btc-updown-15m-1774839600,1774839600,266.5,-0.03,0.145,0.01,-0.01,0.01
btc-updown-15m-1774839600,1774839600,276.5,0.04,0.185,-0.05,-0.06,0.01
btc-updown-15m-1774839600,1774839600,286.6,-0.03,0.155,-0.03,-0.03,0.03
btc-updown-15m-1774839600,1774839600,296.8,0.03,0.185,-0.06,-0.06,0.09
btc-updown-15m-1774839600,1774839600,306.8,-0.05,0.135,-0.01,-0.01,0.08
btc-updown-15m-1774839600,1774839600,346.9,0.03,0.155,-0.02,0.03,0.09
btc-updown-15m-1774839600,1774839600,357,-0.03,0.125,0.03,0.15,0.05
btc-updown-15m-1774839600,1774839600,386.4,0.03,0.155,0.12,0.02,-0.07
btc-updown-15m-1774839600,1774839600,396.4,0.04,0.195,0.03,0.04,-0.11
btc-updown-15m-1774839600,1774839600,410.9,0.03,0.215,0.01,-0.02,-0.06
btc-updown-15m-1774839600,1774839600,423.5,-0.035,0.235,-0.02,-0.14,-0.11
btc-updown-15m-1774839600,1774839600,433.5,-0.05,0.185,0.08,-0.09,-0.085
btc-updown-15m-1774839600,1774839600,443.6,0.04,0.225,-0.04,-0.14,-0.09
btc-updown-15m-1774839600,1774839600,454,0.03,0.225,-0.13,-0.14,-0.12
btc-updown-15m-1774839600,1774839600,464,0.04,0.265,-0.17,-0.15,-0.11
btc-updown-15m-1774839600,1774839600,474.1,-0.08,0.185,-0.1,0.01,-0.03
btc-updown-15m-1774839600,1774839600,484.1,-0.09,0.095,-0.01,0.05,0.04
btc-updown-15m-1774839600,1774839600,520.5,0.03,0.115,-0.02,0.07,0.045
btc-updown-15m-1774839600,1774839600,530.5,0.04,0.155,-0.03,0,-0.1
btc-updown-15m-1774839600,1774839600,540.6,0.06,0.215,-0.09,-0.06,-0.045
btc-updown-15m-1774839600,1774839600,550.6,-0.12,0.095,0.09,0.03,0.055
btc-updown-15m-1774839600,1774839600,560.6,0.03,0.125,0.04,0.03,-0.04
btc-updown-15m-1774839600,1774839600,572.2,-0.03,0.105,0.02,0.04,0.01
btc-updown-15m-1774839600,1774839600,582.3,0.07,0.175,-0.09,-0.05,-0.11
btc-updown-15m-1774839600,1774839600,597.4,0.03,0.185,-0.05,-0.01,-0.15
btc-updown-15m-1774839600,1774839600,607.4,-0.05,0.145,0.02,0.07,-0.12
btc-updown-15m-1774839600,1774839600,617.4,-0.06,0.085,-0.04,0,-0.06
btc-updown-15m-1774839600,1774839600,627.4,0.05,0.135,0.04,-0.06,-0.11
btc-updown-15m-1774839600,1774839600,637.5,0.04,0.165,0.05,-0.04,-0.14
btc-updown-15m-1774839600,1774839600,647.6,-0.12,0.045,0.04,-0.01,-0.01
btc-updown-15m-1774839600,1774839600,657.6,0.13,0.175,-0.1,-0.14,-0.15
btc-updown-15m-1774839600,1774839600,667.6,0.045,0.215,-0.11,-0.19,-0.1945
btc-updown-15m-1774839600,1774839600,677.6,-0.13,0.085,-0.05,-0.06,-0.074
btc-updown-15m-1774839600,1774839600,690.6,0.03,0.115,-0.08,-0.09,-0.1005
btc-updown-15m-1774839600,1774839600,700.6,-0.04,0.075,-0.05,-0.04,-0.063
btc-updown-15m-1774839600,1774839600,710.6,-0.04,0.035,-0.01,0,-0.029
btc-updown-15m-1774850400,1774850400,3.3,0.03,0.515,0.08,0.06,0.12
btc-updown-15m-1774850400,1774850400,13.3,0.06,0.575,0,0.02,0.18
btc-updown-15m-1774850400,1774850400,23.4,-0.05,0.525,0.07,0.03,0.19
btc-updown-15m-1774850400,1774850400,33.4,0.07,0.595,-0.02,-0.04,0.13
btc-updown-15m-1774850400,1774850400,44.2,-0.03,0.565,0.03,-0.03,0.19
btc-updown-15m-1774850400,1774850400,54.2,0.03,0.595,-0.04,-0.02,0.16
btc-updown-15m-1774850400,1774850400,64.5,-0.03,0.565,-0.01,0.07,0.13
btc-updown-15m-1774850400,1774850400,74.6,0.03,0.595,-0.06,0.16,0.05
btc-updown-15m-1774850400,1774850400,84.6,-0.04,0.555,0.02,0.16,0.11
btc-updown-15m-1774850400,1774850400,99.4,-0.03,0.575,0.15,0.09,0.12
btc-updown-15m-1774850400,1774850400,109.4,-0.06,0.515,0.2,0.28,0.17
btc-updown-15m-1774850400,1774850400,119.4,0.1,0.615,0.12,0.14,0.1
btc-updown-15m-1774850400,1774850400,129.4,0.11,0.725,-0.06,-0.04,0.01
btc-updown-15m-1774850400,1774850400,139.9,-0.03,0.715,0.08,-0.02,0.01
btc-updown-15m-1774850400,1774850400,149.9,0.04,0.755,0,-0.05,-0.03
btc-updown-15m-1774850400,1774850400,159.9,-0.09,0.665,0.02,0.03,0.08
btc-updown-15m-1774850400,1774850400,170,0.13,0.795,-0.1,-0.11,-0.06
btc-updown-15m-1774850400,1774850400,180,-0.04,0.755,-0.05,-0.04,-0.02
btc-updown-15m-1774850400,1774850400,190,-0.07,0.685,0.01,0.05,0.06
btc-updown-15m-1774850400,1774850400,201,0.035,0.695,-0.01,0.03,0.06
btc-updown-15m-1774850400,1774850400,212.9,-0.05,0.665,0.07,0.07,0.09
btc-updown-15m-1774850400,1774850400,223,0.07,0.735,0,-0.01,0.07
btc-updown-15m-1774850400,1774850400,240.6,0.045,0.73,0.005,0.005,0.065
btc-updown-15m-1774850400,1774850400,264.6,-0.03,0.725,0.01,0.01,0.08
btc-updown-15m-1774850400,1774850400,274.6,0.04,0.765,-0.03,0.01,-0.04
btc-updown-15m-1774850400,1774850400,284.6,-0.03,0.735,0.01,0.055,0.06
btc-updown-15m-1774850400,1774850400,326,-0.03,0.715,0.08,0.09,-0.01
btc-updown-15m-1774850400,1774850400,336,0.07,0.785,0.03,-0.04,-0.11
btc-updown-15m-1774850400,1774850400,349,-0.03,0.775,0.05,0.02,-0.09
btc-updown-15m-1774850400,1774850400,361,0.03,0.795,0.01,-0.12,-0.02
btc-updown-15m-1774850400,1774850400,372.4,0.035,0.83,-0.045,-0.075,-0.075
btc-updown-15m-1774850400,1774850400,393,-0.03,0.775,-0.1,-0.09,-0.1
btc-updown-15m-1774850400,1774850400,403.2,0.03,0.785,-0.04,-0.09,-0.14
btc-updown-15m-1774850400,1774850400,413.2,-0.16,0.625,0.1,0.08,0.05
btc-updown-15m-1774850400,1774850400,423.2,0.05,0.675,0.01,0.12,0.015
btc-updown-15m-1774850400,1774850400,433.3,0.07,0.745,-0.06,0.01,-0.04
btc-updown-15m-1774850400,1774850400,444.6,-0.03,0.715,0,0.05,-0.09
btc-updown-15m-1774850400,1774850400,456.4,-0.035,0.665,0.1,0,-0.15
btc-updown-15m-1774850400,1774850400,466.9,0.035,0.685,0.02,-0.01,-0.14
btc-updown-15m-1774850400,1774850400,480.6,0.035,0.72,-0.055,-0.035,-0.195
btc-updown-15m-1774850400,1774850400,490.6,0.03,0.755,-0.11,-0.06,-0.38
btc-updown-15m-1774850400,1774850400,500.6,-0.05,0.705,-0.03,-0.06,-0.32
btc-updown-15m-1774850400,1774850400,510.6,-0.04,0.665,0.02,-0.09,-0.39
btc-updown-15m-1774850400,1774850400,521,-0.03,0.645,0.05,-0.18,-0.42
btc-updown-15m-1774850400,1774850400,531,0.03,0.675,-0.03,-0.11,-0.4
btc-updown-15m-1774850400,1774850400,543.5,0.04,0.695,-0.2,-0.24,-0.43
btc-updown-15m-1774850400,1774850400,559.8,-0.035,0.66,-0.105,-0.275,-0.385
btc-updown-15m-1774850400,1774850400,569.8,-0.08,0.575,-0.04,-0.31,-0.37
btc-updown-15m-1774850400,1774850400,579.8,-0.1,0.475,-0.1,-0.23,-0.32
btc-updown-15m-1774850400,1774850400,589.8,0.08,0.555,-0.17,-0.32,-0.43
btc-updown-15m-1774850400,1774850400,600.3,-0.03,0.525,-0.255,-0.22,-0.41
btc-updown-15m-1774850400,1774850400,610.3,-0.15,0.375,-0.15,-0.09,-0.29
btc-updown-15m-1774850400,1774850400,625.3,-0.03,0.355,-0.05,-0.15,-0.28
btc-updown-15m-1774850400,1774850400,635.3,-0.115,0.24,0.03,-0.075,-0.195
btc-updown-15m-1774850400,1774850400,650.8,0.03,0.255,0.02,-0.13,-0.105
btc-updown-15m-1774850400,1774850400,660.8,0.04,0.295,-0.09,-0.19,-0.19
btc-updown-15m-1774850400,1774850400,681.2,-0.035,0.255,-0.13,-0.18,-0.15
btc-updown-15m-1774850400,1774850400,691.2,-0.05,0.205,-0.1,-0.16,-0.08
btc-updown-15m-1774850400,1774850400,701.2,-0.08,0.125,-0.04,-0.02,0.07
btc-updown-15m-1774850400,1774850400,713.9,-0.03,0.105,-0.03,0.02,0.05
btc-updown-15m-1774850400,1774850400,725.6,-0.03,0.105,-0.06,0.05,-0.03
btc-updown-15m-1774850400,1774850400,735.6,-0.03,0.075,0.05,-0.01,-0.025
btc-updown-15m-1774850400,1774850400,750.8,-0.03,0.045,0.06,0.08,0.06
btc-updown-15m-1774850400,1774850400,760.8,0.04,0.085,0,0.12,-0.05
btc-updown-15m-1774850400,1774850400,770.8,0.065,0.15,-0.045,0.05,-0.14
btc-updown-15m-1774850400,1774850400,780.8,-0.045,0.105,0.02,0,
btc-updown-15m-1774850400,1774850400,791.5,-0.03,0.075,0.09,-0.01,
btc-updown-15m-1774850400,1774850400,801.5,0.045,0.095,0.1,-0.05,
btc-updown-15m-1774850400,1774850400,811.5,0.035,0.13,-0.03,-0.05,
btc-updown-15m-1774850400,1774850400,821.5,0.035,0.165,-0.1,-0.11,
btc-updown-15m-1774850400,1774850400,831.5,0.03,0.195,-0.15,-0.185,
btc-updown-15m-1774850400,1774850400,841.5,-0.1,0.095,-0.015,,
btc-updown-15m-1774850400,1774850400,851.5,-0.03,0.065,-0.01,,
btc-updown-15m-1774850400,1774850400,862.8,-0.03,0.045,-0.035,,
btc-updown-15m-1774850400,1774850400,873.7,0.03,0.075,,,
btc-updown-15m-1774850400,1774850400,883.8,-0.03,0.045,,,
btc-updown-15m-1774861200,1774861200,0.9,-0.03,0.515,-0.05,-0.08,-0.055
btc-updown-15m-1774861200,1774861200,13.3,-0.03,0.495,-0.09,-0.07,-0.04
btc-updown-15m-1774861200,1774861200,23.4,-0.03,0.485,-0.05,-0.09,-0.09
btc-updown-15m-1774861200,1774861200,35,-0.035,0.455,0.015,-0.1,0
btc-updown-15m-1774861200,1774861200,45.1,-0.06,0.395,0.03,-0.05,0.04
btc-updown-15m-1774861200,1774861200,55.1,0.04,0.435,-0.04,-0.03,-0.08
btc-updown-15m-1774861200,1774861200,65.1,0.035,0.47,-0.115,-0.035,-0.155
btc-updown-15m-1774861200,1774861200,75.1,-0.045,0.425,-0.08,0.03,-0.11
btc-updown-15m-1774861200,1774861200,94.7,-0.03,0.365,0.07,0.09,-0.1
btc-updown-15m-1774861200,1774861200,105.1,0.03,0.385,0.07,0.05,-0.12
btc-updown-15m-1774861200,1774861200,120.8,0.035,0.46,-0.075,-0.105,-0.135
btc-updown-15m-1774861200,1774861200,132.6,0.03,0.455,0.02,-0.14,-0.15
btc-updown-15m-1774861200,1774861200,142.6,-0.06,0.395,-0.04,-0.06,-0.18
btc-updown-15m-1774861200,1774861200,152.6,0.04,0.435,-0.12,-0.17,-0.18
btc-updown-15m-1774861200,1774861200,162.6,0.04,0.475,-0.16,-0.21,-0.21
btc-updown-15m-1774861200,1774861200,172.6,-0.12,0.355,-0.02,-0.04,-0.05
btc-updown-15m-1774861200,1774861200,182.6,-0.04,0.315,-0.05,0.01,0.01
btc-updown-15m-1774861200,1774861200,198.8,0.03,0.335,-0.03,-0.07,0
btc-updown-15m-1774861200,1774861200,208.8,-0.05,0.285,0.04,-0.03,0.16
btc-updown-15m-1774861200,1774861200,227.3,0.035,0.3,-0.035,-0.065,0.035
btc-updown-15m-1774861200,1774861200,254.7,-0.035,0.27,-0.035,0.065,0.135
btc-updown-15m-1774861200,1774861200,271.1,0.03,0.255,0.05,0.19,0.15
btc-updown-15m-1774861200,1774861200,286,-0.03,0.235,0.1,0.1,0.18
btc-updown-15m-1774861200,1774861200,296,0.07,0.305,0.13,0.04,0.12
btc-updown-15m-1774861200,1774861200,306,0.04,0.345,0.07,0.06,0.06
btc-updown-15m-1774861200,1774861200,320.5,0.035,0.37,-0.025,0.085,0.005
btc-updown-15m-1774861200,1774861200,330.7,0.065,0.445,-0.09,-0.04,-0.02
btc-updown-15m-1774861200,1774861200,340.7,-0.07,0.375,0.03,0.05,0.1
btc-updown-15m-1774861200,1774861200,350.8,-0.03,0.345,0.11,0.08,0.13
btc-updown-15m-1774861200,1774861200,364.8,0.03,0.375,0.05,0.03,0.03
btc-updown-15m-1774861200,1774861200,374.8,0.03,0.405,0.01,-0.03,-0.01
btc-updown-15m-1774861200,1774861200,384.8,0.05,0.455,-0.03,-0.03,-0.1
btc-updown-15m-1774861200,1774861200,394.8,-0.03,0.425,-0.02,0.07,-0.15
btc-updown-15m-1774861200,1774861200,412.1,0.035,0.435,-0.05,0.03,-0.24
btc-updown-15m-1774861200,1774861200,430,-0.035,0.39,0.085,-0.005,-0.175
btc-updown-15m-1774861200,1774861200,442.4,0.03,0.405,0.06,-0.06,-0.23
btc-updown-15m-1774861200,1774861200,452.4,0.04,0.445,-0.03,-0.17,-0.24
btc-updown-15m-1774861200,1774861200,466.9,-0.03,0.475,-0.08,-0.27,-0.34
btc-updown-15m-1774861200,1774861200,482.1,-0.03,0.435,-0.15,-0.18,-0.31
btc-updown-15m-1774861200,1774861200,492.1,-0.04,0.395,-0.15,-0.18,-0.22
btc-updown-15m-1774861200,1774861200,502.1,-0.05,0.345,-0.15,-0.17,-0.12
btc-updown-15m-1774861200,1774861200,512.2,-0.06,0.285,-0.03,-0.085,-0.06
btc-updown-15m-1774861200,1774861200,522.2,-0.04,0.245,-0.03,-0.08,-0.02
btc-updown-15m-1774861200,1774861200,532.2,-0.05,0.195,-0.02,-0.09,0.02
btc-updown-15m-1774861200,1774861200,542.2,0.06,0.255,-0.055,-0.13,-0.05
btc-updown-15m-1774861200,1774861200,552.2,-0.04,0.215,-0.05,-0.04,0
btc-updown-15m-1774861200,1774861200,562.2,-0.04,0.175,-0.07,0.05,0.27
btc-updown-15m-1774861200,1774861200,572.3,0.03,0.205,-0.08,0.02,0.26
btc-updown-15m-1774861200,1774861200,582.3,-0.04,0.165,0.01,0.06,0.32
btc-updown-15m-1774861200,1774861200,592.4,-0.06,0.105,0.12,0.11,0.6
btc-updown-15m-1774861200,1774861200,602.4,0.03,0.135,0.09,0.07,0.35
btc-updown-15m-1774861200,1774861200,612.4,0.04,0.175,0.03,0.04,0.28
btc-updown-15m-1774861200,1774861200,622.4,0.05,0.225,-0.01,0.23,0.22
btc-updown-15m-1774861200,1774861200,642.9,-0.03,0.195,0.03,0.29,-0.02
btc-updown-15m-1774861200,1774861200,656.5,0.03,0.215,0.23,0.4,-0.11
btc-updown-15m-1774861200,1774861200,667.8,-0.03,0.195,0.27,0.27,-0.1
btc-updown-15m-1774861200,1774861200,677.8,0.11,0.305,0.23,0.14,-0.23
btc-updown-15m-1774861200,1774861200,687.8,0.14,0.445,0.16,-0.02,-0.42
btc-updown-15m-1774861200,1774861200,706.8,0.035,0.495,-0.05,-0.34,-0.47
btc-updown-15m-1774861200,1774861200,716.8,0.11,0.605,-0.18,-0.5,-0.59
btc-updown-15m-1774861200,1774861200,726.8,-0.12,0.485,-0.27,-0.41,-0.47
btc-updown-15m-1774861200,1774861200,736.8,-0.04,0.445,-0.29,-0.37,-0.43
btc-updown-15m-1774861200,1774861200,749.1,-0.03,0.415,-0.31,-0.39,-0.4
btc-updown-15m-1774861200,1774861200,759.1,-0.22,0.195,-0.115,-0.17,-0.18
btc-updown-15m-1774861200,1774861200,769.2,-0.04,0.155,-0.08,-0.13,-0.14
btc-updown-15m-1774861200,1774861200,779.2,-0.05,0.105,-0.08,-0.09,-0.09
btc-updown-15m-1774861200,1774861200,789.2,-0.03,0.075,-0.05,-0.06,
btc-updown-15m-1774861200,1774861200,801.1,-0.03,0.045,-0.02,-0.03,
btc-updown-15m-1774872000,1774872000,3.4,0.035,0.5,0.015,-0.075,0.055
btc-updown-15m-1774872000,1774872000,13.7,0.065,0.575,-0.06,-0.15,-0.07
btc-updown-15m-1774872000,1774872000,23.7,-0.11,0.475,-0.01,-0.01,0.06
btc-updown-15m-1774872000,1774872000,33.8,0.04,0.515,-0.09,0,0.06
btc-updown-15m-1774872000,1774872000,44.7,0.03,0.515,-0.09,0.08,0.05
btc-updown-15m-1774872000,1774872000,54.8,-0.05,0.465,0.05,0.13,0.22
btc-updown-15m-1774872000,1774872000,64.8,-0.03,0.435,0.08,0.1,0.24
btc-updown-15m-1774872000,1774872000,83.6,0.035,0.46,0.135,0.075,0.235
btc-updown-15m-1774872000,1774872000,93.7,0.05,0.515,0.02,0.07,0.16
btc-updown-15m-1774872000,1774872000,103.7,0.08,0.595,-0.09,-0.03,0.08
btc-updown-15m-1774872000,1774872000,115.2,0.03,0.595,-0.05,0.09,0.13
btc-updown-15m-1774872000,1774872000,125.2,-0.06,0.535,0.04,0.14,0.2
btc-updown-15m-1774872000,1774872000,135.7,0.03,0.555,0.05,0.16,0.23
btc-updown-15m-1774872000,1774872000,146.5,0.035,0.58,0.105,0.115,0.205
btc-updown-15m-1774872000,1774872000,158.3,-0.03,0.565,0.11,0.12,0.24
btc-updown-15m-1774872000,1774872000,168.3,0.1,0.665,0.07,-0.01,0.15
btc-updown-15m-1774872000,1774872000,178.8,0.035,0.695,0,0.02,0.14
btc-updown-15m-1774872000,1774872000,193.1,0.035,0.71,-0.035,0.045,0.135
btc-updown-15m-1774872000,1774872000,206.7,-0.03,0.695,0.03,0.09,0.15
btc-updown-15m-1774872000,1774872000,227.9,-0.03,0.655,0.14,0.16,0.22
btc-updown-15m-1774872000,1774872000,238,0.07,0.725,0.06,0.105,0.17
btc-updown-15m-1774872000,1774872000,251.5,0.03,0.745,0.075,0.09,0.15
btc-updown-15m-1774872000,1774872000,261.5,0.03,0.775,0.04,0.06,0.15
btc-updown-15m-1774872000,1774872000,272.4,0.03,0.795,0.01,0.08,0.14
btc-updown-15m-1774872000,1774872000,305,-0.04,0.795,0.07,0.1,0.13
btc-updown-15m-1774872000,1774872000,315,0.04,0.835,0.04,0.09,0.1
btc-updown-15m-1774872000,1774872000,330.5,0.03,0.88,0.005,0.055,0.075
btc-updown-15m-1774872000,1774872000,355.6,0.035,0.895,0.04,0.03,0.03
btc-updown-15m-1774872000,1774872000,371.6,0.03,0.915,0.01,0.02,0.04
btc-updown-15m-1774872000,1774872000,462.7,-0.035,0.92,0.035,0.035,0.065
btc-updown-15m-1774872000,1774872000,487.3,0.035,0.955,0.01,0.02,0.02
btc-updown-15m-1774872000,1774872000,510.1,0.035,0.965,0,0.01,0.01
btc-updown-15m-1774882800,1774882800,6.1,0.035,0.48,-0.045,-0.025,-0.025
btc-updown-15m-1774882800,1774882800,18.1,-0.03,0.475,0,-0.01,-0.09
btc-updown-15m-1774882800,1774882800,37,-0.03,0.425,0.03,-0.02,0.03
btc-updown-15m-1774882800,1774882800,47,0.05,0.475,-0.01,-0.08,0.01
btc-updown-15m-1774882800,1774882800,62.1,-0.03,0.475,-0.07,-0.06,-0.06
btc-updown-15m-1774882800,1774882800,72.9,0.04,0.485,-0.07,-0.08,-0.05
btc-updown-15m-1774882800,1774882800,86.9,-0.03,0.435,-0.04,-0.03,-0.06
btc-updown-15m-1774882800,1774882800,98.3,-0.03,0.415,0,0.03,-0.02
btc-updown-15m-1774882800,1774882800,123.6,0.035,0.44,0.015,-0.015,0.015
btc-updown-15m-1774882800,1774882800,133.6,-0.04,0.405,0.06,0.03,0.01
btc-updown-15m-1774882800,1774882800,143.7,-0.05,0.355,0.11,0.04,0.01
btc-updown-15m-1774882800,1774882800,153.7,0.1,0.455,-0.03,-0.03,-0.05
btc-updown-15m-1774882800,1774882800,166.2,0.035,0.485,-0.09,-0.12,-0.1
btc-updown-15m-1774882800,1774882800,176.3,-0.04,0.445,-0.07,-0.02,-0.04
btc-updown-15m-1774882800,1774882800,187.4,0.03,0.445,-0.03,0.02,0.01
btc-updown-15m-1774882800,1774882800,197.4,-0.06,0.385,-0.02,0.01,-0.02
btc-updown-15m-1774882800,1774882800,213.8,0.035,0.425,0.04,-0.02,-0.07
btc-updown-15m-1774882800,1774882800,223.8,-0.05,0.375,0.04,0.01,-0.07
btc-updown-15m-1774882800,1774882800,233.8,0.05,0.425,-0.06,-0.01,-0.06
btc-updown-15m-1774882800,1774882800,243.8,0.04,0.465,-0.06,0.08,-0.18
btc-updown-15m-1774882800,1774882800,253.9,-0.05,0.415,-0.03,0.01,-0.13
btc-updown-15m-1774882800,1774882800,263.9,-0.05,0.365,0.05,0.05,-0.03
btc-updown-15m-1774882800,1774882800,273.9,0.04,0.405,0.14,-0.05,-0.14
btc-updown-15m-1774882800,1774882800,294.6,0.035,0.42,-0.005,-0.055,-0.155
btc-updown-15m-1774882800,1774882800,304.6,0.165,0.585,-0.24,-0.3,-0.31
btc-updown-15m-1774882800,1774882800,314.6,-0.17,0.415,-0.09,-0.13,-0.22
btc-updown-15m-1774882800,1774882800,326.8,0.03,0.405,-0.05,-0.13,-0.28
btc-updown-15m-1774882800,1774882800,336.8,-0.07,0.335,-0.06,-0.07,-0.23
btc-updown-15m-1774882800,1774882800,346.8,-0.03,0.305,-0.02,-0.03,-0.19
btc-updown-15m-1774882800,1774882800,356.8,0.05,0.355,-0.08,-0.1,-0.26
btc-updown-15m-1774882800,1774882800,366.8,-0.08,0.275,-0.01,-0.01,-0.2
btc-updown-15m-1774882800,1774882800,377.6,-0.03,0.285,-0.01,-0.1,-0.23
btc-updown-15m-1774882800,1774882800,391.6,-0.04,0.275,-0.04,-0.16,-0.21
btc-updown-15m-1774882800,1774882800,401.6,-0.03,0.245,-0.04,-0.14,-0.18
btc-updown-15m-1774882800,1774882800,411.6,0.05,0.295,-0.12,-0.18,-0.24
btc-updown-15m-1774882800,1774882800,421.6,-0.06,0.235,-0.12,-0.15,-0.19
btc-updown-15m-1774882800,1774882800,431.7,-0.03,0.205,-0.1,-0.12,-0.17
btc-updown-15m-1774882800,1774882800,441.7,-0.03,0.175,-0.06,-0.12,-0.14
btc-updown-15m-1774882800,1774882800,451.7,-0.06,0.115,-0.03,-0.05,-0.08
btc-updown-15m-1774882800,1774882800,472.6,-0.03,0.095,-0.03,-0.04,-0.04
btc-updown-15m-1774882800,1774882800,492.2,-0.03,0.085,-0.02,-0.05,-0.05
btc-updown-15m-1774893600,1774893600,28.8,-0.03,0.495,0.01,0.01,0.1
btc-updown-15m-1774893600,1774893600,39.6,0.03,0.505,0.02,-0.05,0.11
btc-updown-15m-1774893600,1774893600,54.8,0.03,0.535,-0.03,0.01,0.17
btc-updown-15m-1774893600,1774893600,69.8,0.03,0.535,-0.08,-0.03,0.25
btc-updown-15m-1774893600,1774893600,84,-0.03,0.505,0.02,0.14,0.25
btc-updown-15m-1774893600,1774893600,94,-0.05,0.455,0.04,0.15,0.28
btc-updown-15m-1774893600,1774893600,107.2,0.035,0.49,0.075,0.155,0.215
btc-updown-15m-1774893600,1774893600,118.9,-0.03,0.475,0.12,0.235,0.22
btc-updown-15m-1774893600,1774893600,128.9,0.03,0.505,0.11,0.28,0.11
btc-updown-15m-1774893600,1774893600,138.9,0.08,0.585,0.06,0.17,-0.08
btc-updown-15m-1774893600,1774893600,150.6,-0.03,0.615,0.12,0.1,-0.04
btc-updown-15m-1774893600,1774893600,163.8,0.03,0.635,0.14,0.07,-0.08
btc-updown-15m-1774893600,1774893600,173.8,0.06,0.695,0.06,0,-0.14
btc-updown-15m-1774893600,1774893600,184,0.03,0.735,0,-0.11,-0.18
btc-updown-15m-1774893600,1774893600,194,0.04,0.775,-0.06,-0.2,-0.18
btc-updown-15m-1774893600,1774893600,208.7,-0.03,0.725,-0.03,-0.14,-0.23
btc-updown-15m-1774893600,1774893600,223.2,-0.03,0.705,-0.12,-0.14,-0.28
btc-updown-15m-1774893600,1774893600,239.7,-0.035,0.67,-0.105,-0.155,-0.195
btc-updown-15m-1774893600,1774893600,249.7,-0.06,0.605,-0.03,-0.09,-0.1
btc-updown-15m-1774893600,1774893600,259.7,-0.1,0.505,0.05,0.1,-0.05
btc-updown-15m-1774893600,1774893600,269.7,0.06,0.565,-0.05,-0.06,-0.2
btc-updown-15m-1774893600,1774893600,294.5,-0.03,0.52,-0.005,-0.015,-0.145
btc-updown-15m-1774893600,1774893600,304.5,0.04,0.555,-0.09,-0.08,-0.08
btc-updown-15m-1774893600,1774893600,314.5,0.05,0.605,-0.18,-0.12,-0.17
btc-updown-15m-1774893600,1774893600,324.5,-0.09,0.515,-0.01,-0.1,-0.22
btc-updown-15m-1774893600,1774893600,334.5,-0.05,0.465,0.01,-0.1,-0.23
btc-updown-15m-1774893600,1774893600,344.7,-0.04,0.425,0.06,-0.05,-0.22
btc-updown-15m-1774893600,1774893600,354.7,0.08,0.505,-0.09,-0.13,-0.1
btc-updown-15m-1774893600,1774893600,364.7,-0.03,0.475,-0.11,0,-0.06
btc-updown-15m-1774893600,1774893600,375.8,-0.04,0.435,-0.04,-0.04,0.07
btc-updown-15m-1774893600,1774893600,386.4,-0.035,0.395,-0.02,-0.1,0.1
btc-updown-15m-1774893600,1774893600,396.6,-0.03,0.365,0.07,-0.14,0.02
btc-updown-15m-1774893600,1774893600,406.6,0.05,0.415,-0.02,-0.2,-0.08
btc-updown-15m-1774893600,1774893600,416.6,-0.04,0.375,-0.08,0.03,-0.09
btc-updown-15m-1774893600,1774893600,426.6,0.06,0.435,-0.21,0.03,-0.23
btc-updown-15m-1774893600,1774893600,436.7,-0.04,0.395,-0.18,0.11,-0.25
btc-updown-15m-1774893600,1774893600,446.7,-0.1,0.295,0.11,0.2,-0.1
btc-updown-15m-1774893600,1774893600,456.7,-0.07,0.225,0.24,0.16,-0.07
btc-updown-15m-1774893600,1774893600,469.9,0.035,0.27,0.265,0.045,-0.195
btc-updown-15m-1774893600,1774893600,479.9,0.16,0.435,-0.01,-0.15,-0.35
btc-updown-15m-1774893600,1774893600,489.9,0.05,0.485,-0.1,-0.26,-0.39
btc-updown-15m-1774893600,1774893600,499.9,0.05,0.535,-0.22,-0.38,-0.49
btc-updown-15m-1774893600,1774893600,510,-0.11,0.425,-0.14,-0.29,-0.3
btc-updown-15m-1774893600,1774893600,520,-0.04,0.385,-0.16,-0.22,-0.17
btc-updown-15m-1774893600,1774893600,530,-0.07,0.315,-0.16,-0.24,-0.14
btc-updown-15m-1774893600,1774893600,540,-0.03,0.285,-0.15,-0.2,-0.13
btc-updown-15m-1774893600,1774893600,550,-0.06,0.225,-0.06,-0.13,-0.075
btc-updown-15m-1774893600,1774893600,560,-0.07,0.155,-0.08,-0.11,0
btc-updown-15m-1774893600,1774893600,574.4,-0.035,0.145,-0.07,0,-0.015
btc-updown-15m-1774893600,1774893600,588,-0.03,0.125,-0.04,0.03,-0.02
btc-updown-15m-1774893600,1774893600,598,-0.04,0.085,0.02,0.08,0
btc-updown-15m-1774893600,1774893600,611.3,0.03,0.115,0.06,0.03,0.01
btc-updown-15m-1774893600,1774893600,621.3,-0.07,0.045,0.12,0.09,0.14
btc-updown-15m-1774893600,1774893600,631.3,0.08,0.125,0.05,-0.02,0.03
btc-updown-15m-1774893600,1774893600,641.3,0.05,0.175,-0.03,-0.07,-0.03
btc-updown-15m-1774893600,1774893600,653.4,-0.035,0.155,-0.02,-0.09,0.04
btc-updown-15m-1774893600,1774893600,663.4,0.05,0.205,-0.08,-0.08,0.1
btc-updown-15m-1774893600,1774893600,673.4,-0.06,0.145,-0.04,-0.03,0.02
btc-updown-15m-1774893600,1774893600,689.8,-0.04,0.125,-0.02,0.03,-0.07
btc-updown-15m-1774893600,1774893600,704.7,-0.03,0.105,0.02,0.04,-0.05
btc-updown-15m-1774893600,1774893600,714.7,-0.04,0.065,0.1,0.1,0.01
btc-updown-15m-1774893600,1774893600,724.9,0.06,0.125,0.04,0.17,-0.04
btc-updown-15m-1774893600,1774893600,736.6,0.03,0.165,-0.04,-0.04,0.02
btc-updown-15m-1774893600,1774893600,746.8,-0.03,0.135,0.04,-0.02,-0.09
btc-updown-15m-1774893600,1774893600,757.1,0.03,0.155,0.1,-0.12,-0.09
btc-updown-15m-1774893600,1774893600,767.1,-0.03,0.125,0,-0.065,0.01
btc-updown-15m-1774893600,1774893600,777.1,0.07,0.195,-0.08,-0.11,0.38
btc-updown-15m-1774893600,1774893600,787.1,0.06,0.255,-0.22,-0.2,
btc-updown-15m-1774893600,1774893600,797.1,-0.13,0.125,-0.065,0.07,
btc-updown-15m-1774893600,1774893600,808.6,-0.03,0.095,-0.01,-0.05,
btc-updown-15m-1774893600,1774893600,818.6,-0.05,0.035,0.02,0.06,
btc-updown-15m-1774893600,1774893600,830.4,0.03,0.065,0.03,0.03,
btc-updown-15m-1774893600,1774893600,846.8,-0.03,0.055,0.01,,
btc-updown-15m-1774893600,1774893600,856.8,0.15,0.205,-0.055,,
btc-updown-15m-1774893600,1774893600,866.8,-0.16,0.045,0.555,,
btc-updown-15m-1774893600,1774893600,877.5,0.03,0.08,,,
btc-updown-15m-1774893600,1774893600,887.6,0.03,0.115,,,
btc-updown-15m-1774893600,1774893600,897.6,0.06,0.175,,,
btc-updown-15m-1774903500,1774903500,0,-0.04,0.415,-0.04,-0.02,0.02
btc-updown-15m-1774903500,1774903500,10,0.03,0.445,-0.06,-0.02,-0.02
btc-updown-15m-1774903500,1774903500,20,-0.05,0.395,-0.05,0.01,0.04
btc-updown-15m-1774903500,1774903500,44.9,-0.03,0.345,0.07,0.08,0.09
btc-updown-15m-1774903500,1774903500,57.3,0.03,0.385,0.03,0.05,-0.04
btc-updown-15m-1774903500,1774903500,67.3,0.04,0.425,0,0,-0.18
btc-updown-15m-1774903500,1774903500,142.2,0.03,0.455,-0.08,-0.21,-0.19
btc-updown-15m-1774903500,1774903500,172,-0.035,0.39,-0.145,-0.135,-0.045
btc-updown-15m-1774903500,1774903500,182,-0.09,0.295,-0.05,-0.03,-0.05
btc-updown-15m-1774903500,1774903500,192,-0.05,0.245,0,0.03,0.01
btc-updown-15m-1774903500,1774903500,225.5,-0.03,0.215,0.06,0.07,0.07
btc-updown-15m-1774903500,1774903500,235.5,0.05,0.265,0,0.06,0.05
btc-updown-15m-1774903500,1774903500,275.8,0.035,0.3,-0.095,-0.015,0.015
btc-updown-15m-1774903500,1774903500,288.1,0.03,0.315,-0.07,-0.03,0.05
btc-updown-15m-1774903500,1774903500,299.3,-0.03,0.295,-0.04,0.04,0.05
btc-updown-15m-1774903500,1774903500,309.3,-0.055,0.235,0.045,0.08,0.06
btc-updown-15m-1774903500,1774903500,329.5,0.03,0.275,0.1,0.01,-0.02
btc-updown-15m-1774903500,1774903500,350.3,0.03,0.315,-0.02,0.05,-0.08
btc-updown-15m-1774903500,1774903500,360.3,0.075,0.39,-0.105,-0.07,-0.155
btc-updown-15m-1774903500,1774903500,370.3,-0.075,0.315,0.02,-0.02,-0.01
btc-updown-15m-1774903500,1774903500,395.7,0.03,0.315,-0.02,-0.06,0
btc-updown-15m-1774903500,1774903500,407.1,0.035,0.37,-0.1,-0.135,-0.045
btc-updown-15m-1774903500,1774903500,420.3,-0.035,0.33,-0.075,-0.095,0.045
btc-updown-15m-1774903500,1774903500,456.4,-0.03,0.235,0.04,0.1,0.19
btc-updown-15m-1774903500,1774903500,486.3,0.03,0.265,0.07,0.11,0.21
btc-updown-15m-1774903500,1774903500,496.3,0.05,0.315,0.01,0.13,0.07
btc-updown-15m-1774903500,1774903500,535.9,0.035,0.36,0.085,0.125,0.175
btc-updown-15m-1774903500,1774903500,549,0.03,0.405,0.04,-0.02,0.13
btc-updown-15m-1774903500,1774903500,559,0.04,0.445,-0.01,-0.05,0.05
btc-updown-15m-1774903500,1774903500,591.1,0.035,0.48,-0.085,0.035,-0.045
btc-updown-15m-1774903500,1774903500,601.1,0.06,0.545,0.01,-0.02,-0.07
btc-updown-15m-1774903500,1774903500,611.1,-0.16,0.385,0.2,0.15,0.07
btc-updown-15m-1774903500,1774903500,622.9,0.035,0.42,0.115,0.095,0.025
btc-updown-15m-1774903500,1774903500,632.9,0.11,0.535,-0.01,0.01,-0.17
btc-updown-15m-1774903500,1774903500,643,0.06,0.595,-0.06,-0.11,-0.29
btc-updown-15m-1774903500,1774903500,653,-0.06,0.535,-0.02,-0.07,-0.34
btc-updown-15m-1774903500,1774903500,668,0.03,0.535,0.01,-0.07,-0.35
btc-updown-15m-1774903500,1774903500,678,-0.04,0.495,-0.06,-0.05,-0.02
btc-updown-15m-1774903500,1774903500,688,0.05,0.545,-0.07,-0.09,0.01
btc-updown-15m-1774903500,1774903500,701.6,-0.03,0.515,-0.06,-0.2,0.17
btc-updown-15m-1774903500,1774903500,711.6,-0.08,0.435,0.01,-0.23,0.32
btc-updown-15m-1774903500,1774903500,721.6,0.04,0.475,-0.11,-0.27,0.11
btc-updown-15m-1774903500,1774903500,750.7,-0.04,0.405,-0.19,0.17,0.28
btc-updown-15m-1774903500,1774903500,761.4,-0.035,0.33,-0.085,0.345,-0.175
btc-updown-15m-1774903500,1774903500,771.5,-0.12,0.2,0.315,0.54,-0.185
btc-updown-15m-1774903500,1774903500,790.2,0.03,0.245,0.28,0.33,
btc-updown-15m-1774903500,1774903500,800.3,0.26,0.505,0.21,0.08,
btc-updown-15m-1774903500,1774903500,810.3,0.07,0.575,0.02,0.055,
btc-updown-15m-1774903500,1774903500,820.3,-0.05,0.525,0.05,-0.325,
btc-updown-15m-1774903500,1774903500,830.3,0.19,0.715,-0.13,-0.65,
btc-updown-15m-1774903500,1774903500,840.3,-0.12,0.595,0.04,,
btc-updown-15m-1774903500,1774903500,853.4,0.05,0.585,-0.45,,
btc-updown-15m-1774903500,1774903500,869.5,0.03,0.615,-0.595,,
btc-updown-15m-1774903500,1774903500,879.6,-0.51,0.105,,,
btc-updown-15m-1774903500,1774903500,889.6,-0.035,0.07,,,
btc-updown-15m-1774914300,1774914300,6.3,-0.03,0.425,-0.04,-0.02,-0.07
btc-updown-15m-1774914300,1774914300,16.3,-0.04,0.385,-0.02,0.04,-0.02
btc-updown-15m-1774914300,1774914300,26.4,-0.05,0.335,0.05,0.1,0.03
btc-updown-15m-1774914300,1774914300,36.4,0.05,0.385,0.02,0.02,-0.01
btc-updown-15m-1774914300,1774914300,67.7,0.04,0.425,-0.02,-0.07,-0.1
btc-updown-15m-1774914300,1774914300,105.6,0.035,0.44,-0.075,-0.155,0.025
btc-updown-15m-1774914300,1774914300,120.6,-0.03,0.415,-0.04,-0.13,0.01
btc-updown-15m-1774914300,1774914300,130.7,-0.06,0.355,0.02,-0.03,0.11
btc-updown-15m-1774914300,1774914300,163.9,-0.03,0.345,-0.03,0.12,-0.04
btc-updown-15m-1774914300,1774914300,173.9,-0.03,0.285,0.09,0.18,0.03
btc-updown-15m-1774914300,1774914300,185.4,0.03,0.315,0.1,0.16,0.05
btc-updown-15m-1774914300,1774914300,198.5,0.035,0.36,0.105,0.065,0.035
btc-updown-15m-1774914300,1774914300,208.7,0.03,0.395,0.07,0.03,0
btc-updown-15m-1774914300,1774914300,218.7,0.06,0.455,0.01,-0.03,-0.08
btc-updown-15m-1774914300,1774914300,239.5,-0.03,0.435,-0.01,-0.12,-0.04
btc-updown-15m-1774914300,1774914300,249.5,0.03,0.465,-0.16,-0.1,-0.08
btc-updown-15m-1774914300,1774914300,259.6,-0.04,0.425,-0.11,-0.03,0
btc-updown-15m-1774914300,1774914300,279.3,-0.04,0.385,-0.02,-0.01,0.03
btc-updown-15m-1774914300,1774914300,289.3,-0.07,0.315,0.08,0.06,0.1
btc-updown-15m-1774914300,1774914300,304.7,0.035,0.35,0.095,0.035,0.005
btc-updown-15m-1774914300,1774914300,314.7,0.045,0.395,-0.02,-0.01,-0.04
btc-updown-15m-1774914300,1774914300,334.5,0.035,0.43,-0.045,-0.015,-0.035
btc-updown-15m-1774914300,1774914300,344.5,-0.06,0.375,0.01,0.04,-0.01
btc-updown-15m-1774914300,1774914300,354.5,0.07,0.445,0,-0.07,-0.03
btc-updown-15m-1774914300,1774914300,364.5,-0.06,0.385,0.03,-0.03,0.14
btc-updown-15m-1774914300,1774914300,377.8,0.035,0.42,-0.005,-0.055,0.075
btc-updown-15m-1774914300,1774914300,390.9,-0.03,0.415,-0.04,-0.1,-0.04
btc-updown-15m-1774914300,1774914300,410.4,-0.035,0.39,-0.025,0.005,-0.045
btc-updown-15m-1774914300,1774914300,423.3,-0.03,0.355,0.065,0.15,-0.04
btc-updown-15m-1774914300,1774914300,436.4,0.03,0.375,-0.01,0.11,-0.08
btc-updown-15m-1774914300,1774914300,447.3,-0.03,0.345,0.12,0.03,-0.01
btc-updown-15m-1774914300,1774914300,457.3,0.03,0.375,0.15,-0.01,-0.04
btc-updown-15m-1774914300,1774914300,469.4,0.035,0.37,0.105,-0.025,0.015
btc-updown-15m-1774914300,1774914300,479.4,0.09,0.465,-0.1,-0.15,-0.07
btc-updown-15m-1774914300,1774914300,489.4,0.06,0.525,-0.16,-0.21,-0.13
btc-updown-15m-1774914300,1774914300,499.4,-0.05,0.475,-0.13,-0.18,-0.09
btc-updown-15m-1774914300,1774914300,509.5,-0.11,0.365,-0.05,-0.03,-0.05
btc-updown-15m-1774914300,1774914300,532.2,-0.035,0.33,-0.045,0.055,0.035
btc-updown-15m-1774914300,1774914300,554.9,0.035,0.35,0.035,0.045,-0.015
btc-updown-15m-1774914300,1774914300,564.9,-0.06,0.29,0.095,0.075,0.045
btc-updown-15m-1774914300,1774914300,574.9,0.05,0.335,0.08,-0.07,-0.01
btc-updown-15m-1774914300,1774914300,584.9,0.05,0.385,0.01,-0.08,0.08
btc-updown-15m-1774914300,1774914300,621.4,-0.03,0.365,-0.01,-0.03,-0.03
btc-updown-15m-1774914300,1774914300,631.4,-0.085,0.275,0.02,0.06,-0.14
btc-updown-15m-1774914300,1774914300,643.1,0.035,0.305,0.03,0.14,-0.16
btc-updown-15m-1774914300,1774914300,653.1,0.05,0.355,-0.02,0.135,0.02
btc-updown-15m-1774914300,1774914300,663.1,-0.06,0.295,0.03,0.19,0.075
btc-updown-15m-1774914300,1774914300,673.2,0.04,0.335,0.11,0.14,0.02
btc-updown-15m-1774914300,1774914300,697.8,0.035,0.37,0.105,-0.245,-0.145
btc-updown-15m-1774914300,1774914300,707.8,0.12,0.495,-0.14,-0.31,-0.32
btc-updown-15m-1774914300,1774914300,733.8,-0.035,0.45,-0.26,-0.095,-0.135
btc-updown-15m-1774914300,1774914300,743.8,-0.1,0.345,0.03,-0.09,0.19
btc-updown-15m-1774914300,1774914300,753.8,-0.22,0.125,0.25,0.1,0.65
btc-updown-15m-1774914300,1774914300,763.8,0.06,0.185,0.17,-0.02,0.7
btc-updown-15m-1774914300,1774914300,773.8,0.19,0.375,-0.12,-0.21,0.61
btc-updown-15m-1774914300,1774914300,793.8,-0.03,0.345,-0.18,-0.03,
btc-updown-15m-1774914300,1774914300,803.9,-0.08,0.255,-0.09,0.28,
btc-updown-15m-1774914300,1774914300,813.9,-0.03,0.225,-0.05,0.55,
btc-updown-15m-1774914300,1774914300,823.9,-0.06,0.165,0.17,0.72,
btc-updown-15m-1774914300,1774914300,844.7,0.035,0.2,0.595,,
btc-updown-15m-1774914300,1774914300,854.7,0.05,0.265,0.63,,
btc-updown-15m-1774914300,1774914300,864.7,0.28,0.545,0.44,,
btc-updown-15m-1774914300,1774914300,874.7,0.25,0.795,,,
btc-updown-15m-1774914300,1774914300,884.7,0.1,0.895,,,
btc-updown-15m-1774914300,1774914300,894.8,0.09,0.985,,,
btc-updown-15m-1774925100,1774925100,15.2,0.035,0.49,-0.005,0.005,0.005
btc-updown-15m-1774925100,1774925100,66.5,0.03,0.515,-0.11,-0.02,-0.2
btc-updown-15m-1774925100,1774925100,78.1,-0.03,0.475,-0.06,0.02,-0.23
btc-updown-15m-1774925100,1774925100,88.1,-0.04,0.435,-0.03,0.06,-0.15
btc-updown-15m-1774925100,1774925100,102.2,-0.035,0.4,0.095,-0.015,-0.145
btc-updown-15m-1774925100,1774925100,114.2,0.03,0.405,0.09,-0.04,-0.2
btc-updown-15m-1774925100,1774925100,124.2,0.1,0.505,-0.05,-0.18,-0.32
btc-updown-15m-1774925100,1774925100,153.1,-0.035,0.46,-0.135,-0.175,-0.175
btc-updown-15m-1774925100,1774925100,163.1,-0.07,0.385,-0.1,-0.13,-0.15
btc-updown-15m-1774925100,1774925100,180.9,-0.035,0.33,-0.075,-0.155,-0.075
btc-updown-15m-1774925100,1774925100,190.9,-0.05,0.275,-0.01,-0.06,0.06
btc-updown-15m-1774925100,1774925100,207.1,0.03,0.275,-0.1,-0.04,0.15
btc-updown-15m-1774925100,1774925100,227.9,-0.035,0.25,-0.015,-0.015,0.205
btc-updown-15m-1774925100,1774925100,238,-0.07,0.175,0.06,0.07,0.29
btc-updown-15m-1774925100,1774925100,248,0.04,0.215,0.06,0.14,0.27
btc-updown-15m-1774925100,1774925100,269.9,0.03,0.265,-0.03,0.21,0.26
btc-updown-15m-1774925100,1774925100,280.3,-0.035,0.255,0.09,0.23,0.26
btc-updown-15m-1774925100,1774925100,294.1,0.03,0.265,0.11,0.17,0.18
btc-updown-15m-1774925100,1774925100,304.1,0.07,0.335,0.17,0.13,0.07
btc-updown-15m-1774925100,1774925100,319.3,0.03,0.385,0.07,0.17,0.23
btc-updown-15m-1774925100,1774925100,329.3,0.09,0.475,-0.01,0.05,0.31
btc-updown-15m-1774925100,1774925100,343.3,-0.035,0.465,0.09,0.06,0.32
btc-updown-15m-1774925100,1774925100,353.3,-0.04,0.425,0.11,0.03,0.41
btc-updown-15m-1774925100,1774925100,363.4,0.07,0.495,0.03,-0.09,0.34
btc-updown-15m-1774925100,1774925100,373.4,0.06,0.555,-0.03,-0.09,0.23
btc-updown-15m-1774925100,1774925100,383.6,-0.03,0.525,-0.07,0.13,0.26
btc-updown-15m-1774925100,1774925100,395.8,-0.03,0.515,-0.1,0.32,0.28
btc-updown-15m-1774925100,1774925100,408,-0.03,0.485,0.11,0.34,0.19
btc-updown-15m-1774925100,1774925100,418,-0.07,0.415,0.33,0.41,0.22
btc-updown-15m-1774925100,1774925100,428,0.03,0.445,0.36,0.39,0.32
btc-updown-15m-1774925100,1774925100,438,0.15,0.595,0.23,0.17,0.04
btc-updown-15m-1774925100,1774925100,448,0.15,0.745,0.08,0.04,-0.25
btc-updown-15m-1774925100,1774925100,458,0.06,0.805,0.03,-0.01,-0.34
btc-updown-15m-1774925100,1774925100,469.2,0.035,0.835,-0.07,-0.16,-0.28
btc-updown-15m-1774925100,1774925100,493.3,-0.04,0.795,-0.12,-0.09,-0.3
btc-updown-15m-1774925100,1774925100,508.6,0.03,0.795,-0.15,-0.3,-0.3
btc-updown-15m-1774925100,1774925100,522,-0.03,0.765,-0.06,-0.23,-0.39
btc-updown-15m-1774925100,1774925100,532,-0.09,0.675,-0.09,-0.16,-0.32
btc-updown-15m-1774925100,1774925100,542.5,0.04,0.705,-0.22,-0.2,-0.29
btc-updown-15m-1774925100,1774925100,553.5,-0.04,0.665,-0.13,-0.175,-0.34
btc-updown-15m-1774925100,1774925100,563.5,-0.09,0.575,-0.06,-0.12,-0.22
btc-updown-15m-1774925100,1774925100,573.5,-0.1,0.475,0.01,-0.04,-0.18
btc-updown-15m-1774925100,1774925100,583.5,0.06,0.535,-0.055,-0.17,-0.21
btc-updown-15m-1774925100,1774925100,594.6,-0.035,0.5,-0.045,-0.145,-0.155
btc-updown-15m-1774925100,1774925100,604.6,-0.035,0.465,-0.03,-0.14,-0.17
btc-updown-15m-1774925100,1774925100,617.8,0.03,0.445,-0.1,-0.11,0.12
btc-updown-15m-1774925100,1774925100,627.8,0.05,0.495,-0.14,-0.17,0
btc-updown-15m-1774925100,1774925100,637.8,-0.12,0.375,-0.05,-0.05,0.19
btc-updown-15m-1774925100,1774925100,647.8,-0.03,0.345,-0.01,0,0.16
btc-updown-15m-1774925100,1774925100,661.5,0.03,0.385,-0.07,-0.04,0.2
btc-updown-15m-1774925100,1774925100,671.5,-0.085,0.325,-0.05,0.18,0.34
btc-updown-15m-1774925100,1774925100,682.6,0.035,0.36,0.045,0.185,0.345
btc-updown-15m-1774925100,1774925100,692.6,-0.075,0.285,0.01,0.21,0.4
btc-updown-15m-1774925100,1774925100,702.9,0.03,0.315,0.22,0.19,0.355
btc-updown-15m-1774925100,1774925100,712.9,0.09,0.405,0.14,0.13,0.17
btc-updown-15m-1774925100,1774925100,722.9,-0.11,0.295,0.2,0.29,0.25
btc-updown-15m-1774925100,1774925100,732.9,0.24,0.535,-0.03,0.13,0.18
btc-updown-15m-1774925100,1774925100,743.5,-0.03,0.525,0.01,0.16,0.18
btc-updown-15m-1774925100,1774925100,754.2,-0.03,0.485,0.1,0.18,0.065
btc-updown-15m-1774925100,1774925100,765.9,-0.03,0.505,0.16,0.13,-0.01
btc-updown-15m-1774925100,1774925100,776,0.04,0.545,0.055,0.04,-0.535
btc-updown-15m-1774925100,1774925100,786,0.04,0.585,0.185,0.04,
btc-updown-15m-1774925100,1774925100,796,0.08,0.665,-0.03,0.07,
btc-updown-15m-1774925100,1774925100,806,-0.07,0.595,-0.01,0.11,
btc-updown-15m-1774925100,1774925100,816,0.175,0.77,-0.145,-0.305,
btc-updown-15m-1774925100,1774925100,826,-0.13,0.635,0.1,-0.14,
btc-updown-15m-1774925100,1774925100,836.1,-0.05,0.585,0.12,-0.575,
btc-updown-15m-1774925100,1774925100,846.1,0.04,0.625,-0.165,,
btc-updown-15m-1774925100,1774925100,856.1,0.11,0.735,-0.255,,
btc-updown-15m-1774925100,1774925100,866.1,-0.03,0.705,-0.695,,
btc-updown-15m-1774925100,1774925100,876.2,-0.245,0.46,,,
btc-updown-15m-1774925100,1774925100,887.6,-0.06,0.435,,,
btc-updown-15m-1774935900,1774935900,0.3,-0.03,0.435,0.16,0.15,0.24
btc-updown-15m-1774935900,1774935900,10.4,0.04,0.495,0.13,0.145,0.2
btc-updown-15m-1774935900,1774935900,20.5,0.07,0.565,0.01,0.05,0.16
btc-updown-15m-1774935900,1774935900,30.5,0.03,0.595,-0.01,0.03,0.11
btc-updown-15m-1774935900,1774935900,40.5,0.03,0.625,0.01,0.05,0.09
btc-updown-15m-1774935900,1774935900,50.5,-0.05,0.575,0.04,0.12,0.15
btc-updown-15m-1774935900,1774935900,61.4,0.03,0.605,0.05,0.07,0.11
btc-updown-15m-1774935900,1774935900,74.9,-0.03,0.615,0.04,0.1,0.07
btc-updown-15m-1774935900,1774935900,90.6,0.03,0.645,0.03,0.06,-0.01
btc-updown-15m-1774935900,1774935900,106.5,-0.03,0.645,0.07,0.08,0.05
btc-updown-15m-1774935900,1774935900,116.5,0.05,0.695,0.01,0.045,0.03
btc-updown-15m-1774935900,1774935900,127.8,0.03,0.725,-0.01,0,-0.04
btc-updown-15m-1774935900,1774935900,139.7,0.03,0.725,0.01,-0.04,-0.07
btc-updown-15m-1774935900,1774935900,152.5,0.03,0.755,-0.01,-0.12,-0.14
btc-updown-15m-1774935900,1774935900,162.6,-0.03,0.725,-0.03,-0.1,-0.14
btc-updown-15m-1774935900,1774935900,188.1,-0.03,0.715,-0.09,-0.03,-0.015
btc-updown-15m-1774935900,1774935900,206.8,-0.03,0.655,0.07,0,0.07
btc-updown-15m-1774935900,1774935900,218,-0.03,0.625,0.06,-0.03,0.16
btc-updown-15m-1774935900,1774935900,228,0.06,0.685,-0.03,-0.05,0.07
btc-updown-15m-1774935900,1774935900,238,0.08,0.765,-0.11,-0.04,-0.03
btc-updown-15m-1774935900,1774935900,248,-0.08,0.685,-0.09,0.02,0.06
btc-updown-15m-1774935900,1774935900,258.1,-0.03,0.655,-0.02,0.07,0.11
btc-updown-15m-1774935900,1774935900,271.4,-0.03,0.625,0.09,0.1,0.18
btc-updown-15m-1774935900,1774935900,281.4,-0.04,0.585,0.11,0.2,0.24
btc-updown-15m-1774935900,1774935900,291.5,0.06,0.645,0.08,0.08,0.18
btc-updown-15m-1774935900,1774935900,301.5,0.07,0.715,0.01,0.02,0.13
btc-updown-15m-1774935900,1774935900,318.2,0.03,0.725,0.03,0.04,0.05
btc-updown-15m-1774935900,1774935900,336.3,0.03,0.755,-0.01,0.05,-0.03
btc-updown-15m-1774935900,1774935900,346.7,-0.03,0.755,0.01,0.07,-0.02
btc-updown-15m-1774935900,1774935900,378.3,0.03,0.765,0.06,0.01,0.04
btc-updown-15m-1774935900,1774935900,390.2,0.03,0.795,0.05,-0.08,0.05
btc-updown-15m-1774935900,1774935900,412,0.03,0.855,-0.07,-0.13,-0.11
btc-updown-15m-1774935900,1774935900,422.1,-0.04,0.845,-0.12,-0.12,-0.09
btc-updown-15m-1774935900,1774935900,434.9,-0.03,0.815,-0.08,-0.08,-0.03
btc-updown-15m-1774935900,1774935900,446.3,-0.03,0.765,-0.04,0.07,-0.04
btc-updown-15m-1774935900,1774935900,456.3,-0.04,0.725,-0.03,0.12,0.05
btc-updown-15m-1774935900,1774935900,467.5,0.03,0.755,0.05,0.04,-0.03
btc-updown-15m-1774935900,1774935900,477.5,-0.035,0.725,0.08,-0.01,0.12
btc-updown-15m-1774935900,1774935900,493.6,0.03,0.735,0.08,0.09,0.11
btc-updown-15m-1774935900,1774935900,503.8,0.1,0.835,-0.09,-0.06,0
btc-updown-15m-1774935900,1774935900,517.1,0.04,0.845,-0.1,-0.07,0.05
btc-updown-15m-1774935900,1774935900,527.1,-0.05,0.795,-0.02,-0.07,0.08
btc-updown-15m-1774935900,1774935900,537.1,-0.08,0.715,0,0.13,0.15
btc-updown-15m-1774935900,1774935900,547.1,0.03,0.745,0.03,0.08,0.09
btc-updown-15m-1774935900,1774935900,557.1,0.03,0.775,-0.05,0.09,0.11
btc-updown-15m-1774935900,1774935900,567.1,-0.06,0.715,0.13,0.12,0.14
btc-updown-15m-1774935900,1774935900,577.1,0.06,0.775,0.05,0.12,0.1
btc-updown-15m-1774935900,1774935900,587.2,-0.05,0.725,0.14,0.15,0.06
btc-updown-15m-1774935900,1774935900,597.2,0.12,0.845,-0.01,0.02,-0.19
btc-updown-15m-1774935900,1774935900,610.8,0.03,0.845,0.05,0.035,-0.29
btc-updown-15m-1774935900,1774935900,624.7,-0.03,0.835,0.04,0.02,-0.29
btc-updown-15m-1774935900,1774935900,634.7,0.04,0.875,-0.01,0,-0.38
btc-updown-15m-1774935900,1774935900,646.6,-0.03,0.865,0.02,-0.08,-0.4
btc-updown-15m-1774935900,1774935900,666.7,-0.03,0.835,0.04,-0.44,-0.32
btc-updown-15m-1774935900,1774935900,676.8,0.05,0.885,-0.1,-0.34,-0.37
btc-updown-15m-1774935900,1774935900,686.8,-0.03,0.855,-0.2,-0.33,-0.26
btc-updown-15m-1774935900,1774935900,697.9,-0.03,0.825,-0.42,-0.33,-0.22
btc-updown-15m-1774935900,1774935900,707.9,-0.06,0.765,-0.22,-0.32,-0.16
btc-updown-15m-1774935900,1774935900,718,-0.11,0.655,-0.13,-0.24,-0.07
btc-updown-15m-1774935900,1774935900,728,-0.25,0.405,0.09,0.11,0.25
btc-updown-15m-1774935900,1774935900,738,0.14,0.545,-0.1,0.07,0.115
btc-updown-15m-1774935900,1774935900,752.4,-0.03,0.515,-0.02,0.09,0.4
btc-updown-15m-1774935900,1774935900,766.7,-0.035,0.46,0.055,0.145,0.35
btc-updown-15m-1774935900,1774935900,776.7,-0.035,0.41,0.185,0.175,0.565
btc-updown-15m-1774935900,1774935900,786.7,0.105,0.515,0.085,0.13,
btc-updown-15m-1774935900,1774935900,797.1,0.03,0.545,0.06,0.12,
btc-updown-15m-1774935900,1774935900,807.1,0.05,0.595,-0.01,0.27,
btc-updown-15m-1774935900,1774935900,841.1,-0.03,0.575,0.34,,
btc-updown-15m-1774935900,1774935900,851.1,0.16,0.735,-0.01,,
btc-updown-15m-1774935900,1774935900,861.1,-0.08,0.655,0.19,,
btc-updown-15m-1774935900,1774935900,871.1,0.26,0.915,,,
btc-updown-15m-1774935900,1774935900,881.1,-0.19,0.725,,,
btc-updown-15m-1774935900,1774935900,891.1,0.12,0.845,,,
btc-updown-15m-1774946700,1774946700,0.2,0.03,0.595,-0.14,-0.17,-0.13
btc-updown-15m-1774946700,1774946700,10.2,-0.03,0.565,-0.25,-0.17,-0.06
btc-updown-15m-1774946700,1774946700,20.2,-0.04,0.525,-0.19,-0.16,0.02
btc-updown-15m-1774946700,1774946700,30.2,-0.07,0.455,-0.03,-0.08,0.25
btc-updown-15m-1774946700,1774946700,40.3,-0.14,0.315,0.08,0.15,0.37
btc-updown-15m-1774946700,1774946700,51.2,0.035,0.345,0,0.14,0.32
btc-updown-15m-1774946700,1774946700,61.2,0.03,0.375,-0.01,0.09,0.26
btc-updown-15m-1774946700,1774946700,71.3,0.03,0.405,0.06,0.09,0.24
btc-updown-15m-1774946700,1774946700,81.3,-0.06,0.345,0.14,0.2,0.28
btc-updown-15m-1774946700,1774946700,91.4,0.03,0.375,0.09,0.33,0.27
btc-updown-15m-1774946700,1774946700,101.4,0.08,0.465,0.03,0.22,0.17
btc-updown-15m-1774946700,1774946700,111.7,0.035,0.485,0.06,0.18,0.22
btc-updown-15m-1774946700,1774946700,122,-0.04,0.455,0.25,0.17,0.32
btc-updown-15m-1774946700,1774946700,133.3,0.035,0.5,0.145,0.125,0.265
btc-updown-15m-1774946700,1774946700,143.3,0.105,0.605,0.06,0.01,0.15
btc-updown-15m-1774946700,1774946700,153.3,0.09,0.695,-0.09,-0.05,0.06
btc-updown-15m-1774946700,1774946700,163.3,-0.05,0.645,-0.02,0.01,0.09
btc-updown-15m-1774946700,1774946700,180.5,-0.03,0.635,0,0.16,0.11
btc-updown-15m-1774946700,1774946700,192.2,0.03,0.645,0,0.12,0.1
btc-updown-15m-1774946700,1774946700,202.3,-0.03,0.615,0.09,0.16,0.11
btc-updown-15m-1774946700,1774946700,212.3,0.03,0.645,0.13,0.11,0.08
btc-updown-15m-1774946700,1774946700,227.7,0.03,0.665,0.1,0.07,0.07
btc-updown-15m-1774946700,1774946700,237.7,0.04,0.715,0.04,0.06,0.05
btc-updown-15m-1774946700,1774946700,247.8,0.07,0.785,-0.04,-0.05,-0.06
btc-updown-15m-1774946700,1774946700,269.5,-0.03,0.745,0,-0.03,-0.02
btc-updown-15m-1774946700,1774946700,297.3,0.03,0.775,-0.06,-0.03,-0.08
btc-updown-15m-1774946700,1774946700,307.3,-0.04,0.735,-0.01,-0.01,-0.05
btc-updown-15m-1774946700,1774946700,345.6,0.03,0.735,-0.07,-0.06,-0.01
btc-updown-15m-1774946700,1774946700,357.5,0.03,0.765,-0.07,-0.07,-0.09
btc-updown-15m-1774946700,1774946700,367.5,-0.04,0.725,-0.005,-0.04,-0.02
btc-updown-15m-1774946700,1774946700,377.5,-0.03,0.695,0,-0.2,0.02
btc-updown-15m-1774946700,1774946700,405.7,-0.035,0.67,-0.065,0.055,0.175
btc-updown-15m-1774946700,1774946700,415.7,0.035,0.705,-0.08,-0.02,0.15
btc-updown-15m-1774946700,1774946700,431.4,-0.05,0.685,0.05,0.03,0.15
btc-updown-15m-1774946700,1774946700,441.4,-0.035,0.65,0.065,0.095,0.185
btc-updown-15m-1774946700,1774946700,451.4,0.065,0.715,-0.04,0.06,0.13
btc-updown-15m-1774946700,1774946700,462.1,0.03,0.735,-0.02,0.11,0.09
btc-updown-15m-1774946700,1774946700,472.2,-0.03,0.705,0.05,0.15,0.11
btc-updown-15m-1774946700,1774946700,487.8,0.045,0.705,0.09,0.15,0.14
btc-updown-15m-1774946700,1774946700,499.3,0.03,0.735,0.12,0.11,0.11
btc-updown-15m-1774946700,1774946700,509.3,0.04,0.775,0.08,0.04,0.09
btc-updown-15m-1774946700,1774946700,519.3,0.06,0.835,0.03,0,-0.05
btc-updown-15m-1774946700,1774946700,542,-0.03,0.825,0.02,0.01,-0.4
btc-updown-15m-1774946700,1774946700,552.4,0.035,0.835,-0.01,0.01,-0.4
btc-updown-15m-1774946700,1774946700,562.8,-0.03,0.835,-0.02,0.05,-0.44
btc-updown-15m-1774946700,1774946700,594,-0.035,0.795,0.075,-0.16,-0.38
btc-updown-15m-1774946700,1774946700,619.4,0.03,0.845,-0.09,-0.47,-0.49
btc-updown-15m-1774946700,1774946700,632.5,-0.03,0.845,-0.42,-0.46,-0.49
btc-updown-15m-1774946700,1774946700,642.5,-0.06,0.785,-0.35,-0.34,-0.47
btc-updown-15m-1774946700,1774946700,652.5,-0.12,0.665,-0.27,-0.16,-0.43
btc-updown-15m-1774946700,1774946700,662.5,-0.24,0.425,-0.04,0.05,-0.22
btc-updown-15m-1774946700,1774946700,676.9,0.04,0.435,0.04,0.02,-0.2
btc-updown-15m-1774946700,1774946700,686.9,-0.04,0.395,0.02,-0.04,-0.15
btc-updown-15m-1774946700,1774946700,700.2,0.035,0.42,0.045,-0.105,-0.085
btc-updown-15m-1774946700,1774946700,710.2,0.065,0.495,-0.14,-0.3,-0.07
btc-updown-15m-1774946700,1774946700,720.2,-0.05,0.445,-0.09,-0.26,0.04
btc-updown-15m-1774946700,1774946700,737.5,-0.035,0.455,-0.24,-0.22,-0.04
btc-updown-15m-1774946700,1774946700,747.5,-0.12,0.335,-0.11,-0.085,-0.12
btc-updown-15m-1774946700,1774946700,759.5,-0.035,0.315,-0.09,0.02,-0.21
btc-updown-15m-1774946700,1774946700,769.5,-0.17,0.145,0.08,0.285,-0.11
btc-updown-15m-1774946700,1774946700,779.5,0.04,0.185,0.07,0.29,-0.175
btc-updown-15m-1774946700,1774946700,789.5,0.04,0.225,0.11,0.35,
btc-updown-15m-1774946700,1774946700,800.8,-0.03,0.225,0.23,0.18,
btc-updown-15m-1774946700,1774946700,810.8,0.06,0.285,0.21,-0.09,
btc-updown-15m-1774946700,1774946700,820.9,0.04,0.325,0.12,-0.21,
btc-updown-15m-1774946700,1774946700,830.9,0.13,0.455,-0.05,-0.43,
btc-updown-15m-1774946700,1774946700,840.9,0.04,0.495,-0.3,,
btc-updown-15m-1774946700,1774946700,850.9,-0.05,0.445,-0.33,,
btc-updown-15m-1774946700,1774946700,860.9,-0.04,0.405,-0.38,,
btc-updown-15m-1774946700,1774946700,870.9,-0.2,0.195,,,
btc-updown-15m-1774946700,1774946700,880.9,-0.08,0.115,,,
btc-updown-15m-1774946700,1774946700,891,-0.09,0.025,,,
btc-updown-15m-1774957500,1774957500,19.9,-0.03,0.415,-0.08,-0.21,-0.31
btc-updown-15m-1774957500,1774957500,29.9,-0.05,0.365,-0.04,-0.14,-0.22
btc-updown-15m-1774957500,1774957500,63.1,-0.03,0.295,-0.07,-0.14,-0.17
btc-updown-15m-1774957500,1774957500,73.1,-0.085,0.205,0,-0.06,-0.08
btc-updown-15m-1774957500,1774957500,83.8,0.03,0.225,-0.02,-0.14,-0.09
btc-updown-15m-1774957500,1774957500,95,-0.03,0.215,-0.07,-0.09,-0.08
btc-updown-15m-1774957500,1774957500,120.8,-0.03,0.165,-0.02,-0.04,-0.05
btc-updown-15m-1774957500,1774957500,139,-0.035,0.11,0.035,0.04,-0.015
btc-updown-15m-1774957500,1774957500,149,0.035,0.145,-0.02,-0.01,-0.015
btc-updown-15m-1774957500,1774957500,164.9,0.03,0.155,-0.03,-0.03,-0.04
btc-updown-15m-1774957500,1774957500,253.2,-0.03,0.085,0.01,0.06,0.04
btc-updown-15m-1774957500,1774957500,264.8,0.03,0.125,0.04,0.04,0.01
btc-updown-15m-1774957500,1774957500,276.8,0.03,0.155,0,-0.03,-0.05
btc-updown-15m-1774957500,1774957500,286.9,-0.03,0.125,0.02,0.08,-0.02
btc-updown-15m-1774957500,1774957500,296.9,0.04,0.165,0.01,0,-0.03
btc-updown-15m-1774957500,1774957500,312.9,-0.03,0.145,0.02,-0.02,-0.05
btc-updown-15m-1774957500,1774957500,325.6,0.03,0.165,0,-0.04,-0.1
btc-updown-15m-1774957500,1774957500,335.8,-0.03,0.135,0.01,-0.03,-0.07
btc-updown-15m-1774957500,1774957500,345.8,0.05,0.185,-0.08,-0.08,-0.12
btc-updown-15m-1774957500,1774957500,356,-0.03,0.165,-0.04,-0.03,-0.1
btc-updown-15m-1774957500,1774957500,366,-0.03,0.135,-0.03,-0.03,-0.07
btc-updown-15m-1774957500,1774957500,376,-0.03,0.105,0,-0.01,-0.05
btc-updown-15m-1774957500,1774957500,388.4,0.03,0.135,0,-0.07,-0.04
btc-updown-15m-1774957500,1774957500,398.4,-0.03,0.105,-0.01,-0.04,0
btc-updown-15m-1774957500,1774957500,413.3,0.03,0.135,-0.04,-0.07,-0.03
btc-updown-15m-1774957500,1774957500,423.4,-0.03,0.105,-0.04,-0.04,-0.04
btc-updown-15m-1774957500,1774957500,443.7,-0.03,0.065,0,-0.01,-0.01
btc-updown-15m-1774957500,1774957500,506.6,0.03,0.085,0.01,-0.03,-0.04
btc-updown-15m-1774957500,1774957500,540.5,-0.035,0.07,-0.015,-0.025,-0.035
btc-updown-15m-1774957500,1774957500,671.9,0.03,0.055,-0.01,-0.03,0.041
btc-updown-15m-1774957500,1774957500,788.1,0.0305,0.045,0.061,0,
btc-updown-15m-1774957500,1774957500,807.2,0.0315,0.085,0.05,-0.06,
btc-updown-15m-1774957500,1774957500,819.5,0.03,0.1235,-0.0735,-0.0985,
btc-updown-15m-1774957500,1774957500,830,0.0335,0.145,-0.12,-0.1305,
btc-updown-15m-1774957500,1774957500,840,-0.068,0.077,-0.052,-0.076,
btc-updown-15m-1774957500,1774957500,859.7,-0.03,0.025,-0.0105,,
btc-updown-15m-1774957500,1774957500,872.1,0.0325,0.05,,,
btc-updown-15m-1774968300,1774968300,4.5,-0.03,0.505,-0.14,-0.15,-0.1
btc-updown-15m-1774968300,1774968300,20.9,-0.035,0.455,-0.15,-0.09,-0.06
btc-updown-15m-1774968300,1774968300,30.9,-0.07,0.385,-0.06,-0.06,-0.07
btc-updown-15m-1774968300,1774968300,40.9,-0.05,0.335,0.08,0.06,-0.05
btc-updown-15m-1774968300,1774968300,50.9,-0.03,0.305,0.06,0.12,-0.04
btc-updown-15m-1774968300,1774968300,61.6,0.03,0.335,-0.01,0.07,-0.06
btc-updown-15m-1774968300,1774968300,71.6,0.08,0.415,-0.02,-0.01,-0.15
btc-updown-15m-1774968300,1774968300,81.6,-0.06,0.355,0.07,0.02,-0.12
btc-updown-15m-1774968300,1774968300,97.9,0.03,0.385,0.02,-0.1,-0.17
btc-updown-15m-1774968300,1774968300,107.9,0.04,0.425,-0.04,-0.16,-0.19
btc-updown-15m-1774968300,1774968300,141.5,-0.03,0.375,-0.11,-0.14,-0.3
btc-updown-15m-1774968300,1774968300,151.5,-0.08,0.295,-0.02,-0.08,-0.21
btc-updown-15m-1774968300,1774968300,166.4,-0.035,0.255,0,-0.02,-0.17
btc-updown-15m-1774968300,1774968300,197.7,-0.04,0.255,-0.02,-0.18,-0.2
btc-updown-15m-1774968300,1774968300,207.7,-0.08,0.175,-0.01,-0.1,-0.11
btc-updown-15m-1774968300,1774968300,217.7,0.04,0.215,-0.11,-0.14,-0.15
btc-updown-15m-1774968300,1774968300,230.6,-0.03,0.195,-0.12,-0.11,-0.14
btc-updown-15m-1774968300,1774968300,240.6,-0.03,0.165,-0.08,-0.11,-0.11
btc-updown-15m-1774968300,1774968300,250.6,-0.09,0.075,0,-0.04,-0.02
btc-updown-15m-1774968300,1774968300,294.7,-0.03,0.065,-0.01,-0.01,-0.055
btc-updown-15m-1774968300,1774968300,317.8,0.03,0.065,-0.01,-0.02,-0.055
btc-updown-15m-1774968300,1774968300,383.1,-0.03,0.035,-0.025,-0.025,-0.02
btc-updown-15m-1774979100,1774979100,18.6,-0.03,0.495,0.04,0.09,0.02
btc-updown-15m-1774979100,1774979100,41,0.04,0.505,0.09,0.06,0.01
btc-updown-15m-1774979100,1774979100,57.6,0.035,0.57,0.005,-0.055,-0.205
btc-updown-15m-1774979100,1774979100,67.7,0.055,0.625,-0.05,-0.14,-0.31
btc-updown-15m-1774979100,1774979100,77.7,-0.04,0.585,-0.04,-0.07,-0.3
btc-updown-15m-1774979100,1774979100,101.3,-0.03,0.565,-0.08,-0.05,-0.28
btc-updown-15m-1774979100,1774979100,111.3,-0.05,0.515,0.03,-0.04,-0.24
btc-updown-15m-1774979100,1774979100,121.8,-0.03,0.485,0,-0.16,-0.15
btc-updown-15m-1774979100,1774979100,131.8,0.05,0.535,-0.03,-0.21,-0.25
btc-updown-15m-1774979100,1774979100,142,-0.04,0.545,-0.07,-0.3,-0.25
btc-updown-15m-1774979100,1774979100,152,-0.06,0.485,-0.16,-0.18,-0.12
btc-updown-15m-1774979100,1774979100,170.4,-0.03,0.485,-0.24,-0.21,-0.05
btc-updown-15m-1774979100,1774979100,180.4,-0.145,0.335,-0.03,-0.06,0.08
btc-updown-15m-1774979100,1774979100,196.2,-0.03,0.305,-0.03,-0.03,0.1
btc-updown-15m-1774979100,1774979100,207.6,0.03,0.315,-0.05,0,0.14
btc-updown-15m-1774979100,1774979100,217.6,-0.06,0.255,0.06,0.12,0.2
btc-updown-15m-1774979100,1774979100,240.8,0.035,0.31,0.035,0.105,0.155
btc-updown-15m-1774979100,1774979100,250.9,-0.03,0.285,0.11,0.13,0.2
btc-updown-15m-1774979100,1774979100,262.2,0.03,0.315,0.12,0.11,0.18
btc-updown-15m-1774979100,1774979100,272.2,0.05,0.365,0.08,0.08,0.16
btc-updown-15m-1774979100,1774979100,282.2,0.04,0.405,0.01,0.06,0.03
btc-updown-15m-1774979100,1774979100,296.8,0.035,0.43,0.025,0.025,-0.045
btc-updown-15m-1774979100,1774979100,311.6,-0.03,0.415,0.05,0.07,-0.09
btc-updown-15m-1774979100,1774979100,323.7,0.03,0.445,0.02,0.05,-0.16
btc-updown-15m-1774979100,1774979100,344.7,0.035,0.48,0.015,-0.015,-0.195
btc-updown-15m-1774979100,1774979100,372,0.035,0.5,-0.065,-0.175,-0.145
btc-updown-15m-1774979100,1774979100,388.1,0.03,0.525,-0.16,-0.21,-0.17
btc-updown-15m-1774979100,1774979100,398.1,-0.03,0.495,-0.09,-0.215,-0.25
btc-updown-15m-1774979100,1774979100,408.2,-0.05,0.445,-0.18,-0.15,-0.3
btc-updown-15m-1774979100,1774979100,418.2,-0.08,0.365,-0.05,-0.1,-0.23
btc-updown-15m-1774979100,1774979100,428.2,0.04,0.405,-0.125,-0.09,-0.22
btc-updown-15m-1774979100,1774979100,438.2,-0.14,0.265,0.03,0.12,-0.14
btc-updown-15m-1774979100,1774979100,448.2,0.05,0.315,-0.05,0.04,-0.14
btc-updown-15m-1774979100,1774979100,458.2,-0.035,0.28,0.035,-0.035,-0.065
btc-updown-15m-1774979100,1774979100,471.6,-0.035,0.255,0.1,-0.155,-0.08
btc-updown-15m-1774979100,1774979100,486,0.035,0.3,-0.045,-0.125,-0.065
btc-updown-15m-1774979100,1774979100,496,0.075,0.375,-0.24,-0.24,-0.16
btc-updown-15m-1774979100,1774979100,508.1,-0.03,0.355,-0.22,-0.18,-0.19
btc-updown-15m-1774979100,1774979100,518.1,-0.11,0.245,-0.06,-0.03,-0.11
btc-updown-15m-1774979100,1774979100,528.1,-0.1,0.145,-0.02,0.06,-0.07
btc-updown-15m-1774979100,1774979100,540.1,0.035,0.155,0.01,0.07,-0.09
btc-updown-15m-1774979100,1774979100,551.8,-0.03,0.155,0.06,0.055,-0.11
btc-updown-15m-1774979100,1774979100,561.8,-0.03,0.125,0.05,0.07,-0.1
btc-updown-15m-1774979100,1774979100,571.8,0.05,0.175,0.08,-0.01,-0.16
btc-updown-15m-1774979100,1774979100,581.8,0.04,0.215,0,-0.08,-0.2
btc-updown-15m-1774979100,1774979100,591.8,-0.04,0.175,0.02,-0.11,-0.16
btc-updown-15m-1774979100,1774979100,601.8,0.08,0.255,-0.09,-0.18,-0.24
btc-updown-15m-1774979100,1774979100,611.8,-0.04,0.215,-0.08,-0.17,-0.2
btc-updown-15m-1774979100,1774979100,622.2,-0.03,0.185,-0.12,-0.16,-0.17
btc-updown-15m-1774979100,1774979100,636,-0.03,0.135,-0.09,-0.12,-0.12
btc-updown-15m-1774979100,1774979100,646.9,-0.03,0.105,-0.09,-0.09,-0.1005
btc-updown-15m-1774979100,1774979100,656.9,-0.04,0.055,-0.04,-0.04,-0.052
btc-updown-15m-1774979100,1774979100,671.6,-0.03,0.045,-0.03,-0.03,-0.0435
btc-updown-15m-1774989900,1774989900,7.8,0.035,0.5,-0.095,0.025,-0.005
btc-updown-15m-1774989900,1774989900,17.8,-0.05,0.455,-0.01,0.12,0.205
btc-updown-15m-1774989900,1774989900,30.5,-0.03,0.425,0.03,0.1,0.26
btc-updown-15m-1774989900,1774989900,42.5,0.035,0.44,0.105,0.045,0.385
btc-updown-15m-1774989900,1774989900,61,0.035,0.48,0.045,-0.005,0.315
btc-updown-15m-1774989900,1774989900,71,0.04,0.525,-0.04,0.01,0.28
btc-updown-15m-1774989900,1774989900,82.4,-0.03,0.515,-0.05,0.18,0.3
btc-updown-15m-1774989900,1774989900,96.5,-0.04,0.525,-0.03,0.29,0.3
btc-updown-15m-1774989900,1774989900,106.5,-0.04,0.485,0.06,0.33,0.34
btc-updown-15m-1774989900,1774989900,123.7,0.035,0.49,0.215,0.275,0.325
btc-updown-15m-1774989900,1774989900,133.7,0.05,0.545,0.27,0.27,0.32
btc-updown-15m-1774989900,1774989900,143.7,0.13,0.675,0.14,0.14,0.23
btc-updown-15m-1774989900,1774989900,156,0.035,0.72,0.055,0.105,0.185
btc-updown-15m-1774989900,1774989900,183.2,-0.035,0.78,0.045,0.035,0.065
btc-updown-15m-1774989900,1774989900,193.2,0.04,0.815,0.01,0.03,0.03
btc-updown-15m-1774989900,1774989900,204.8,0.03,0.845,-0.02,0.06,-0.02
btc-updown-15m-1774989900,1774989900,251.6,0.03,0.845,0.05,0,0
btc-updown-15m-1774989900,1774989900,261.6,0.06,0.905,-0.02,-0.07,-0.05
btc-updown-15m-1774989900,1774989900,296.2,-0.03,0.865,-0.04,-0.03,0.03
btc-updown-15m-1774989900,1774989900,315.1,-0.03,0.825,0,0.02,0.1
btc-updown-15m-1774989900,1774989900,326.5,-0.035,0.79,0.045,0.065,0.135
btc-updown-15m-1774989900,1774989900,336.6,0.03,0.785,0.06,0.08,0.14
btc-updown-15m-1774989900,1774989900,346.8,0.04,0.825,0.02,0.05,0.1
btc-updown-15m-1774989900,1774989900,416.6,0.03,0.905,0.02,0.03,0.07
btc-updown-15m-1775000700,1775000700,5.5,-0.03,0.425,-0.09,-0.15,-0.17
btc-updown-15m-1775000700,1775000700,15.6,-0.07,0.355,-0.01,-0.08,-0.07
btc-updown-15m-1775000700,1775000700,32,0.03,0.385,-0.1,-0.11,-0.11
btc-updown-15m-1775000700,1775000700,49,-0.03,0.305,-0.03,-0.03,-0.05
btc-updown-15m-1775000700,1775000700,59.1,-0.05,0.245,0.03,0.05,-0.01
btc-updown-15m-1775000700,1775000700,69.2,0.03,0.275,0,-0.03,-0.08
btc-updown-15m-1775000700,1775000700,109.5,0.035,0.31,-0.015,-0.055,-0.165
btc-updown-15m-1775000700,1775000700,119.6,-0.03,0.295,-0.02,-0.06,-0.15
btc-updown-15m-1775000700,1775000700,129.6,-0.04,0.255,0.015,-0.06,-0.1
btc-updown-15m-1775000700,1775000700,139.6,0.04,0.295,-0.04,-0.09,-0.14
btc-updown-15m-1775000700,1775000700,155.9,-0.035,0.26,-0.055,-0.095,-0.115
btc-updown-15m-1775000700,1775000700,182.5,-0.03,0.215,-0.05,-0.07,-0.06
btc-updown-15m-1775000700,1775000700,202.9,-0.03,0.185,-0.04,-0.03,0.02
btc-updown-15m-1775000700,1775000700,216,-0.03,0.155,-0.01,-0.01,0.09
btc-updown-15m-1775000700,1775000700,282,0.03,0.175,-0.01,0.1,0.08
btc-updown-15m-1775000700,1775000700,300.8,-0.03,0.155,0.05,0.21,0.09
btc-updown-15m-1775000700,1775000700,310.8,0.04,0.195,0.08,0.11,0.06
btc-updown-15m-1775000700,1775000700,320.8,0.03,0.205,0.19,0.08,0.07
btc-updown-15m-1775000700,1775000700,334.9,0.03,0.235,0.08,0.01,-0.01
btc-updown-15m-1775000700,1775000700,344.9,0.06,0.295,-0.01,-0.05,-0.02
btc-updown-15m-1775000700,1775000700,354.9,0.13,0.425,-0.18,-0.19,-0.13
btc-updown-15m-1775000700,1775000700,364.9,-0.11,0.315,-0.07,-0.08,-0.08
btc-updown-15m-1775000700,1775000700,374.9,-0.03,0.285,-0.04,-0.03,-0.05
btc-updown-15m-1775000700,1775000700,384.9,-0.04,0.245,-0.01,0.03,0.01
btc-updown-15m-1775000700,1775000700,426,0.03,0.265,-0.04,-0.03,0.18
btc-updown-15m-1775000700,1775000700,441.5,0.03,0.275,0.02,-0.03,0.03
btc-updown-15m-1775000700,1775000700,453.3,-0.03,0.245,-0.01,0.11,0.125
btc-updown-15m-1775000700,1775000700,463.3,0.04,0.275,-0.04,0.27,0.02
btc-updown-15m-1775000700,1775000700,479.2,-0.03,0.245,0.01,0.25,0.03
btc-updown-15m-1775000700,1775000700,510.5,0.03,0.275,0.22,0.17,-0.05
btc-updown-15m-1775000700,1775000700,520.5,0.28,0.555,-0.21,-0.27,-0.33
btc-updown-15m-1775000700,1775000700,530.5,-0.05,0.505,-0.2,-0.24,-0.29
btc-updown-15m-1775000700,1775000700,541.2,-0.03,0.475,-0.02,-0.2,-0.29
btc-updown-15m-1775000700,1775000700,551.2,-0.135,0.315,-0.025,-0.08,-0.13
btc-updown-15m-1775000700,1775000700,562.9,0.035,0.35,-0.115,-0.125,-0.115
btc-updown-15m-1775000700,1775000700,572.9,0.065,0.415,-0.14,-0.145,-0.26
btc-updown-15m-1775000700,1775000700,582.9,-0.12,0.295,-0.08,-0.07,-0.2
btc-updown-15m-1775000700,1775000700,593,-0.06,0.235,-0.01,-0.01,-0.09
btc-updown-15m-1775000700,1775000700,603,0.04,0.275,0,-0.08,-0.12
btc-updown-15m-1775000700,1775000700,613,-0.06,0.215,0.01,-0.02,-0.04
btc-updown-15m-1775000700,1775000700,624.2,0.03,0.225,0,0.01,-0.04
btc-updown-15m-1775000700,1775000700,634.2,0.04,0.265,-0.07,-0.11,-0.1
btc-updown-15m-1775000700,1775000700,644.2,-0.04,0.225,-0.02,-0.14,-0.15
btc-updown-15m-1775000700,1775000700,655.7,-0.03,0.185,0.05,-0.03,-0.16
btc-updown-15m-1775000700,1775000700,666.9,0.03,0.195,-0.1,-0.01,-0.165
btc-updown-15m-1775000700,1775000700,676.9,0.05,0.245,-0.135,-0.07,-0.22
btc-updown-15m-1775000700,1775000700,686.9,-0.04,0.205,-0.06,-0.02,-0.13
btc-updown-15m-1775000700,1775000700,696.9,-0.11,0.095,0.09,-0.02,0.35
btc-updown-15m-1775000700,1775000700,707.2,0.03,0.125,0.05,-0.08,0.35
btc-updown-15m-1775000700,1775000700,717.2,0.03,0.155,0.03,-0.13,0.05
btc-updown-15m-1775000700,1775000700,727.2,0.03,0.185,-0.11,-0.155,0.02
btc-updown-15m-1775000700,1775000700,737.3,-0.03,0.175,-0.13,-0.14,0.13
btc-updown-15m-1775000700,1775000700,755.1,-0.03,0.155,-0.125,0.31,-0.1
btc-updown-15m-1775000700,1775000700,765.1,-0.1,0.055,-0.03,0.42,-0.04
btc-updown-15m-1775000700,1775000700,775.1,-0.03,0.025,0.05,0.18,-0.015
btc-updown-15m-1775000700,1775000700,798.5,0.03,0.055,0.41,0.25,
btc-updown-15m-1775000700,1775000700,808.5,0.03,0.085,0.11,0.32,
btc-updown-15m-1775000700,1775000700,818.5,0.38,0.465,-0.26,-0.44,
btc-updown-15m-1775000700,1775000700,828.9,-0.03,0.435,-0.13,-0.42,
btc-updown-15m-1775000700,1775000700,838.9,-0.23,0.195,0.22,-0.185,
btc-updown-15m-1775000700,1775000700,850.5,0.03,0.215,-0.19,,
btc-updown-15m-1775000700,1775000700,860.5,0.1,0.315,-0.3,,
btc-updown-15m-1775000700,1775000700,870.5,-0.205,0.11,,,
btc-updown-15m-1775000700,1775000700,880.5,-0.095,0.025,,,
btc-updown-15m-1775000700,1775000700,891.2,-0.085,0.015,,,
