slug,epoch,t_sec,up_best_bid,up_best_ask,up_mid,spread,top3_bid_depth,top3_ask_depth,down_best_bid,down_best_ask,last_event_age_ms
btc-updown-15m-1768876200,1768876200,0,0.55,0.59,0.57,0.04,698.3,114.6,0.41,0.45,92
btc-updown-15m-1768876200,1768876200,15,0.67,0.69,0.68,0.02,722.5,1191.72,0.31,0.33,7
btc-updown-15m-1768876200,1768876200,30,0.65,0.66,0.655,0.01,482.38,1421.96,0.34,0.35,1
btc-updown-15m-1768876200,1768876200,45,0.59,0.6,0.595,0.01,736,1175.18,0.4,0.41,23
btc-updown-15m-1768876200,1768876200,60,0.58,0.59,0.585,0.01,1008.9,718.79,0.41,0.42,0
btc-updown-15m-1768876200,1768876200,75,0.62,0.63,0.625,0.01,989.2,853.2,0.37,0.38,7
btc-updown-15m-1768876200,1768876200,90,0.64,0.65,0.645,0.01,1539,468.9,0.35,0.36,2
btc-updown-15m-1768876200,1768876200,105,0.72,0.73,0.725,0.01,1105.36,488.93,0.27,0.28,247
btc-updown-15m-1768876200,1768876200,120,0.77,0.78,0.775,0.01,973.03,1209.53,0.22,0.23,2
btc-updown-15m-1768876200,1768876200,135,0.77,0.78,0.775,0.01,1072.42,1804.73,0.22,0.23,4
btc-updown-15m-1768876200,1768876200,150,0.76,0.77,0.765,0.01,1295.12,2310.2,0.23,0.24,6
btc-updown-15m-1768876200,1768876200,165,0.74,0.75,0.745,0.01,949.3,1053.45,0.25,0.26,1
btc-updown-15m-1768876200,1768876200,180,0.71,0.72,0.715,0.01,1423.03,1081,0.28,0.29,9
btc-updown-15m-1768876200,1768876200,195,0.64,0.65,0.645,0.01,943.91,940.88,0.35,0.36,1
btc-updown-15m-1768876200,1768876200,210,0.64,0.65,0.645,0.01,986.01,1160.02,0.35,0.36,0
btc-updown-15m-1768876200,1768876200,225,0.63,0.64,0.635,0.01,1490.29,1688.68,0.36,0.37,24
btc-updown-15m-1768876200,1768876200,240,0.76,0.77,0.765,0.01,307.4,2048.04,0.23,0.24,20
btc-updown-15m-1768876200,1768876200,255,0.75,0.76,0.755,0.01,1071.79,2043.74,0.24,0.25,20
btc-updown-15m-1768876200,1768876200,270,0.75,0.76,0.755,0.01,865.66,2216.88,0.24,0.25,4
btc-updown-15m-1768876200,1768876200,285,0.81,0.82,0.815,0.01,1701.29,832.08,0.18,0.19,11
btc-updown-15m-1768876200,1768876200,300,0.82,0.83,0.825,0.01,813.28,1023,0.17,0.18,6
btc-updown-15m-1768876200,1768876200,315,0.8,0.81,0.805,0.01,1347.43,116,0.19,0.2,0
btc-updown-15m-1768876200,1768876200,330,0.91,0.92,0.915,0.01,592.39,2082.76,0.08,0.09,0
btc-updown-15m-1768876200,1768876200,345,0.9,0.91,0.905,0.01,885.72,2468.65,0.09,0.1,29
btc-updown-15m-1768876200,1768876200,360,0.88,0.89,0.885,0.01,1263.84,770.01,0.11,0.12,6
btc-updown-15m-1768876200,1768876200,375,0.91,0.92,0.915,0.01,471.49,2748.35,0.08,0.09,27
btc-updown-15m-1768876200,1768876200,390,0.89,0.9,0.895,0.01,896.36,2257.46,0.1,0.11,4
btc-updown-15m-1768876200,1768876200,405,0.91,0.92,0.915,0.01,651.99,2500.84,0.08,0.09,0
btc-updown-15m-1768876200,1768876200,420,0.9,0.91,0.905,0.01,901.77,1601.68,0.09,0.1,2
btc-updown-15m-1768876200,1768876200,435,0.82,0.83,0.825,0.01,700.49,827.97,0.17,0.18,47
btc-updown-15m-1768876200,1768876200,450,0.82,0.83,0.825,0.01,852.9,960.2,0.17,0.18,3
btc-updown-15m-1768876200,1768876200,465,0.85,0.86,0.855,0.01,1007.2,1096.26,0.14,0.15,338
btc-updown-15m-1768876200,1768876200,480,0.88,0.89,0.885,0.01,2815.41,1787.43,0.11,0.12,12
btc-updown-15m-1768876200,1768876200,495,0.9,0.91,0.905,0.01,2007.18,1750.22,0.09,0.1,29
btc-updown-15m-1768876200,1768876200,510,0.88,0.89,0.885,0.01,1420.95,1551.79,0.11,0.12,25
btc-updown-15m-1768876200,1768876200,525,0.87,0.88,0.875,0.01,857.6,903.01,0.12,0.13,23
btc-updown-15m-1768876200,1768876200,540,0.89,0.9,0.895,0.01,2077.24,2175.12,0.1,0.11,7
btc-updown-15m-1768876200,1768876200,555,0.9,0.91,0.905,0.01,1875.5,3665.66,0.09,0.1,11
btc-updown-15m-1768876200,1768876200,570,0.93,0.94,0.935,0.01,883.5,2549.95,0.06,0.07,33
btc-updown-15m-1768876200,1768876200,585,0.93,0.94,0.935,0.01,4681.21,2361.71,0.06,0.07,38
btc-updown-15m-1768876200,1768876200,600,0.95,0.96,0.955,0.01,1257.33,106624.07,0.04,0.05,13
btc-updown-15m-1768876200,1768876200,615,0.93,0.94,0.935,0.01,5122.83,1847.91,0.06,0.07,166
btc-updown-15m-1768876200,1768876200,630,0.94,0.95,0.945,0.01,5208.11,5189.63,0.05,0.06,26
btc-updown-15m-1768876200,1768876200,645,0.94,0.95,0.945,0.01,4805.01,4350.24,0.05,0.06,22
btc-updown-15m-1768876200,1768876200,660,0.95,0.96,0.955,0.01,949.51,58177.7,0.04,0.05,0
btc-updown-15m-1768876200,1768876200,675,0.95,0.96,0.955,0.01,941.01,5706.59,0.04,0.05,10
btc-updown-15m-1768876200,1768876200,690,0.94,0.95,0.945,0.01,5410.35,1723.39,0.05,0.06,17
btc-updown-15m-1768876200,1768876200,705,0.96,0.97,0.965,0.01,866.71,15611.3,0.03,0.04,13
btc-updown-15m-1768876200,1768876200,720,0.96,0.97,0.965,0.01,1161.95,94639.93,0.03,0.04,51
btc-updown-15m-1768876200,1768876200,735,0.97,0.98,0.975,0.01,738.63,98201.52,0.02,0.03,25
btc-updown-15m-1768876200,1768876200,750,0.97,0.98,0.975,0.01,1411.05,99159.84,0.02,0.03,22
btc-updown-15m-1768876200,1768876200,765,0.97,0.98,0.975,0.01,1672.03,101598.82,0.02,0.03,56
btc-updown-15m-1768876200,1768876200,780,0.97,0.98,0.975,0.01,1593.03,100406.71,0.02,0.03,43
btc-updown-15m-1768876200,1768876200,795,0.97,0.98,0.975,0.01,1405.94,11035.08,0.02,0.03,7
btc-updown-15m-1768876200,1768876200,810,0.98,0.99,0.985,0.01,1786.09,10808.6,0.01,0.02,178
btc-updown-15m-1768876200,1768876200,825,0.98,0.99,0.985,0.01,1947.78,8745.57,0.01,0.02,93
btc-updown-15m-1768876200,1768876200,840,0.988,0.99,0.989,0.002,878.15,7944.06,0.01,0.012,21
btc-updown-15m-1768876200,1768876200,845,0.98,0.989,0.9845,0.009,2398.7,7355.51,0.011,0.02,21
btc-updown-15m-1768876200,1768876200,850,0.98,0.989,0.9845,0.009,2383.7,8328.13,0.011,0.02,37
btc-updown-15m-1768876200,1768876200,855,0.98,0.989,0.9845,0.009,2130.7,7283.36,0.011,0.02,17
btc-updown-15m-1768876200,1768876200,860,0.99,0.997,0.9935,0.007,2585.78,1674.9,0.003,0.01,37
btc-updown-15m-1768876200,1768876200,865,0.99,0.997,0.9935,0.007,3988.52,1254.84,0.003,0.01,112
btc-updown-15m-1768876200,1768876200,870,0.99,0.997,0.9935,0.007,6567.72,1252.44,0.003,0.01,41
btc-updown-15m-1768876200,1768876200,875,0.997,0.998,0.9975,0.001,4659.98,1199.9,0.002,0.003,47
btc-updown-15m-1768876200,1768876200,880,0.997,0.998,0.9975,0.001,7531.06,1178,0.002,0.003,54
btc-updown-15m-1768876200,1768876200,885,0.99,0.999,0.9945,0.009,9652.87,1099.9,0.001,0.01,139
btc-updown-15m-1768876200,1768876200,890,0.991,0.999,0.995,0.008,9357.97,949.88,0.001,0.009,6
btc-updown-15m-1768876200,1768876200,895,0.999,,,,5720.1,0,,0.001,258
btc-updown-15m-1768876200,1768876200,897,0.999,,,,8296.53,0,,0.001,47
btc-updown-15m-1768876200,1768876200,899,0.999,,,,26032.21,0,,0.001,3
btc-updown-15m-1768876200,1768876200,900,0.999,,,,27752.96,0,,0.001,78
btc-updown-15m-1768887000,1768887000,0,0.54,0.55,0.545,0.01,1598.75,4402.71,0.45,0.46,0
btc-updown-15m-1768887000,1768887000,15,0.4,0.41,0.405,0.01,1280.16,1202.64,0.59,0.6,19
btc-updown-15m-1768887000,1768887000,30,0.38,0.39,0.385,0.01,604.65,1704.45,0.61,0.62,9
btc-updown-15m-1768887000,1768887000,45,0.42,0.43,0.425,0.01,563.8,1876.88,0.57,0.58,0
btc-updown-15m-1768887000,1768887000,60,0.43,0.44,0.435,0.01,1012.28,1192.79,0.56,0.57,2
btc-updown-15m-1768887000,1768887000,75,0.42,0.43,0.425,0.01,956.81,2228.98,0.57,0.58,16
btc-updown-15m-1768887000,1768887000,90,0.41,0.42,0.415,0.01,2478.32,76,0.58,0.59,1
btc-updown-15m-1768887000,1768887000,105,0.47,0.48,0.475,0.01,534,1534.33,0.52,0.53,1
btc-updown-15m-1768887000,1768887000,120,0.53,0.54,0.535,0.01,2293.06,1880.98,0.46,0.47,2
btc-updown-15m-1768887000,1768887000,135,0.61,0.62,0.615,0.01,2135.51,815.81,0.38,0.39,20
btc-updown-15m-1768887000,1768887000,150,0.64,0.65,0.645,0.01,1152.13,1073.68,0.35,0.36,2
btc-updown-15m-1768887000,1768887000,165,0.6,0.61,0.605,0.01,475.85,1482.3,0.39,0.4,2
btc-updown-15m-1768887000,1768887000,180,0.58,0.59,0.585,0.01,858.89,2644.51,0.41,0.42,34
btc-updown-15m-1768887000,1768887000,195,0.59,0.6,0.595,0.01,1809.67,1141.59,0.4,0.41,0
btc-updown-15m-1768887000,1768887000,210,0.62,0.63,0.625,0.01,3017.83,800.98,0.37,0.38,7
btc-updown-15m-1768887000,1768887000,225,0.62,0.63,0.625,0.01,3068.07,1652.54,0.37,0.38,21
btc-updown-15m-1768887000,1768887000,240,0.68,0.69,0.685,0.01,1018.46,1950.2,0.31,0.32,6
btc-updown-15m-1768887000,1768887000,255,0.61,0.62,0.615,0.01,2267.22,1770.94,0.38,0.39,4
btc-updown-15m-1768887000,1768887000,270,0.65,0.66,0.655,0.01,2137.72,781.35,0.34,0.35,1
btc-updown-15m-1768887000,1768887000,285,0.66,0.67,0.665,0.01,836.3,2182.63,0.33,0.34,13
btc-updown-15m-1768887000,1768887000,300,0.66,0.67,0.665,0.01,634.61,1687.29,0.33,0.34,5
btc-updown-15m-1768887000,1768887000,315,0.71,0.72,0.715,0.01,2369.62,541.31,0.28,0.29,56
btc-updown-15m-1768887000,1768887000,330,0.67,0.68,0.675,0.01,643.16,2032.13,0.32,0.33,4
btc-updown-15m-1768887000,1768887000,345,0.59,0.6,0.595,0.01,1756.41,908.83,0.4,0.41,6
btc-updown-15m-1768887000,1768887000,360,0.56,0.57,0.565,0.01,1196.82,1336.66,0.43,0.44,23
btc-updown-15m-1768887000,1768887000,375,0.52,0.53,0.525,0.01,669.47,821.55,0.47,0.48,7
btc-updown-15m-1768887000,1768887000,390,0.52,0.53,0.525,0.01,1817.59,698.32,0.47,0.48,10
btc-updown-15m-1768887000,1768887000,405,0.54,0.55,0.545,0.01,2006.51,874.35,0.45,0.46,27
btc-updown-15m-1768887000,1768887000,420,0.54,0.55,0.545,0.01,707.17,1377.26,0.45,0.46,11
btc-updown-15m-1768887000,1768887000,435,0.62,0.63,0.625,0.01,535.72,535.61,0.37,0.38,4
btc-updown-15m-1768887000,1768887000,450,0.6,0.61,0.605,0.01,482.14,2717.82,0.39,0.4,9
btc-updown-15m-1768887000,1768887000,465,0.68,0.69,0.685,0.01,1267.02,2122.19,0.31,0.32,41
btc-updown-15m-1768887000,1768887000,480,0.66,0.67,0.665,0.01,549.93,1678.2,0.33,0.34,2
btc-updown-15m-1768887000,1768887000,495,0.62,0.63,0.625,0.01,1756.66,1572.1,0.37,0.38,8
btc-updown-15m-1768887000,1768887000,510,0.71,0.72,0.715,0.01,757.41,686.14,0.28,0.29,0
btc-updown-15m-1768887000,1768887000,525,0.63,0.64,0.635,0.01,1474.05,1305.57,0.36,0.37,2
btc-updown-15m-1768887000,1768887000,540,0.55,0.56,0.555,0.01,1381.46,912.58,0.44,0.45,36
btc-updown-15m-1768887000,1768887000,555,0.57,0.58,0.575,0.01,1448.15,621.94,0.42,0.43,1
btc-updown-15m-1768887000,1768887000,570,0.27,0.28,0.275,0.01,884.36,1473.22,0.72,0.73,13
btc-updown-15m-1768887000,1768887000,585,0.29,0.3,0.295,0.01,2672.78,318.09,0.7,0.71,18
btc-updown-15m-1768887000,1768887000,600,0.22,0.23,0.225,0.01,1570.32,725.55,0.77,0.78,34
btc-updown-15m-1768887000,1768887000,615,0.21,0.22,0.215,0.01,2320.47,151.54,0.78,0.79,0
btc-updown-15m-1768887000,1768887000,630,0.26,0.28,0.27,0.02,500.82,2525.33,0.72,0.74,3
btc-updown-15m-1768887000,1768887000,645,0.22,0.23,0.225,0.01,2236.36,1666.51,0.77,0.78,7
btc-updown-15m-1768887000,1768887000,660,0.21,0.22,0.215,0.01,937.01,1291.19,0.78,0.79,0
btc-updown-15m-1768887000,1768887000,675,0.15,0.16,0.155,0.01,2410.4,423,0.84,0.85,6
btc-updown-15m-1768887000,1768887000,690,0.11,0.12,0.115,0.01,730.82,939.1,0.88,0.89,1
btc-updown-15m-1768887000,1768887000,705,0.05,0.06,0.055,0.01,2929.11,2008.14,0.94,0.95,6
btc-updown-15m-1768887000,1768887000,720,0.02,0.03,0.025,0.01,20157.05,1131.46,0.97,0.98,52
btc-updown-15m-1768887000,1768887000,735,0.01,0.02,0.015,0.01,16105.26,10878.66,0.98,0.99,39
btc-updown-15m-1768887000,1768887000,750,0.01,0.02,0.015,0.01,16217.11,7245.67,0.98,0.99,9
btc-updown-15m-1768887000,1768887000,765,0.01,0.02,0.015,0.01,12840.61,7903.37,0.98,0.99,15
btc-updown-15m-1768887000,1768887000,780,0.01,0.02,0.015,0.01,7873.95,8188.86,0.98,0.99,23
btc-updown-15m-1768887000,1768887000,795,0.01,0.02,0.015,0.01,3248.67,6738.96,0.98,0.99,91
btc-updown-15m-1768887000,1768887000,810,0.01,0.02,0.015,0.01,3636.86,5395.97,0.98,0.99,5
btc-updown-15m-1768887000,1768887000,825,0.01,0.019,0.0145,0.009,1801.91,5579.05,0.981,0.99,68
btc-updown-15m-1768887000,1768887000,840,0.003,0.01,0.0065,0.007,6348.09,4420.53,0.99,0.997,6
btc-updown-15m-1768887000,1768887000,845,0.003,0.008,0.0055,0.005,6719.23,934.76,0.992,0.997,3
btc-updown-15m-1768887000,1768887000,850,0.003,0.009,0.006,0.006,12767.1,3921.07,0.991,0.997,57
btc-updown-15m-1768887000,1768887000,855,0.01,0.02,0.015,0.01,11343.36,3729.36,0.98,0.99,69
btc-updown-15m-1768887000,1768887000,860,0.01,0.02,0.015,0.01,10856.16,3610.88,0.98,0.99,34
btc-updown-15m-1768887000,1768887000,865,0.011,0.02,0.0155,0.009,11000.01,3458.61,0.98,0.989,11
btc-updown-15m-1768887000,1768887000,870,0.01,0.02,0.015,0.01,6734.71,3505.24,0.98,0.99,4
btc-updown-15m-1768887000,1768887000,875,0.011,0.02,0.0155,0.009,245.38,3172.35,0.98,0.989,90
btc-updown-15m-1768887000,1768887000,880,0.002,0.008,0.005,0.006,6679.21,12816.17,0.992,0.998,70
btc-updown-15m-1768887000,1768887000,885,0.001,0.008,0.0045,0.007,6079.23,13516.17,0.992,0.999,80
btc-updown-15m-1768887000,1768887000,890,0.008,0.009,0.0085,0.001,4889.99,15372.47,0.991,0.992,225
btc-updown-15m-1768887000,1768887000,895,0.003,0.009,0.006,0.006,9269.97,13757.26,0.991,0.997,38
btc-updown-15m-1768887000,1768887000,897,0.001,0.009,0.005,0.008,4078.23,12738.56,0.991,0.999,257
btc-updown-15m-1768887000,1768887000,899,,0.001,,,0,30981.82,0.999,,23
btc-updown-15m-1768887000,1768887000,900,,0.001,,,0,41179.42,0.999,,52
btc-updown-15m-1768896900,1768896900,0,0.52,0.53,0.525,0.01,3446.37,2943.81,0.47,0.48,19
btc-updown-15m-1768896900,1768896900,15,0.55,0.56,0.555,0.01,2196.43,917.39,0.44,0.45,0
btc-updown-15m-1768896900,1768896900,30,0.55,0.56,0.555,0.01,2638.27,1880.15,0.44,0.45,17
btc-updown-15m-1768896900,1768896900,45,0.43,0.44,0.435,0.01,3092.5,1714.29,0.56,0.57,1
btc-updown-15m-1768896900,1768896900,60,0.4,0.41,0.405,0.01,157.63,1936.72,0.59,0.6,0
btc-updown-15m-1768896900,1768896900,75,0.38,0.39,0.385,0.01,1691.12,2251.8,0.61,0.62,69
btc-updown-15m-1768896900,1768896900,90,0.46,0.47,0.465,0.01,2399.27,1614.32,0.53,0.54,3
btc-updown-15m-1768896900,1768896900,105,0.46,0.47,0.465,0.01,2717.8,1964.93,0.53,0.54,6
btc-updown-15m-1768896900,1768896900,120,0.5,0.51,0.505,0.01,1453.54,1928.06,0.49,0.5,6
btc-updown-15m-1768896900,1768896900,135,0.49,0.5,0.495,0.01,2901.43,2107.43,0.5,0.51,32
btc-updown-15m-1768896900,1768896900,150,0.53,0.54,0.535,0.01,2023.7,1520.5,0.46,0.47,0
btc-updown-15m-1768896900,1768896900,165,0.53,0.54,0.535,0.01,1984.08,2900.9,0.46,0.47,126
btc-updown-15m-1768896900,1768896900,180,0.59,0.6,0.595,0.01,2118.38,2062.81,0.4,0.41,1
btc-updown-15m-1768896900,1768896900,195,0.69,0.7,0.695,0.01,3120.6,2891.72,0.3,0.31,1
btc-updown-15m-1768896900,1768896900,210,0.72,0.73,0.725,0.01,3332.67,1489.87,0.27,0.28,4
btc-updown-15m-1768896900,1768896900,225,0.72,0.73,0.725,0.01,1941.9,2700.13,0.27,0.28,45
btc-updown-15m-1768896900,1768896900,240,0.78,0.79,0.785,0.01,1241.86,1962.82,0.21,0.22,4
btc-updown-15m-1768896900,1768896900,255,0.75,0.76,0.755,0.01,1488.05,2656.58,0.24,0.25,3
btc-updown-15m-1768896900,1768896900,270,0.71,0.72,0.715,0.01,1792,2197.99,0.28,0.29,3
btc-updown-15m-1768896900,1768896900,285,0.65,0.66,0.655,0.01,661,3476,0.34,0.35,16
btc-updown-15m-1768896900,1768896900,300,0.69,0.7,0.695,0.01,1795.73,2127.01,0.3,0.31,9
btc-updown-15m-1768896900,1768896900,315,0.69,0.7,0.695,0.01,3273.88,1407.26,0.3,0.31,0
btc-updown-15m-1768896900,1768896900,330,0.72,0.73,0.725,0.01,1600.62,1134.91,0.27,0.28,0
btc-updown-15m-1768896900,1768896900,345,0.75,0.76,0.755,0.01,3565.62,1930.57,0.24,0.25,14
btc-updown-15m-1768896900,1768896900,360,0.8,0.81,0.805,0.01,1219.23,3965.91,0.19,0.2,1
btc-updown-15m-1768896900,1768896900,375,0.85,0.86,0.855,0.01,3293.31,1445.93,0.14,0.15,24
btc-updown-15m-1768896900,1768896900,390,0.89,0.9,0.895,0.01,2753.3,2011.24,0.1,0.11,134
btc-updown-15m-1768896900,1768896900,405,0.8,0.81,0.805,0.01,2331.76,1118.83,0.19,0.2,17
btc-updown-15m-1768896900,1768896900,420,0.78,0.79,0.785,0.01,2187.45,1765.39,0.21,0.22,0
btc-updown-15m-1768896900,1768896900,435,0.79,0.8,0.795,0.01,1214.1,2259.7,0.2,0.21,16
btc-updown-15m-1768896900,1768896900,450,0.84,0.85,0.845,0.01,1860.52,1906.08,0.15,0.16,7
btc-updown-15m-1768896900,1768896900,465,0.88,0.89,0.885,0.01,2201.94,762.06,0.11,0.12,10
btc-updown-15m-1768896900,1768896900,480,0.89,0.9,0.895,0.01,2611.61,3204.16,0.1,0.11,47
btc-updown-15m-1768896900,1768896900,495,0.92,0.93,0.925,0.01,2275.77,5336.89,0.07,0.08,49
btc-updown-15m-1768896900,1768896900,510,0.92,0.93,0.925,0.01,2529.78,4288,0.07,0.08,22
btc-updown-15m-1768896900,1768896900,525,0.93,0.94,0.935,0.01,2905.14,5059.55,0.06,0.07,1
btc-updown-15m-1768896900,1768896900,540,0.93,0.94,0.935,0.01,3015.91,5122.69,0.06,0.07,24
btc-updown-15m-1768896900,1768896900,555,0.93,0.94,0.935,0.01,2754.49,5597.88,0.06,0.07,3
btc-updown-15m-1768896900,1768896900,570,0.93,0.94,0.935,0.01,2812.9,4594.46,0.06,0.07,22
btc-updown-15m-1768896900,1768896900,585,0.93,0.94,0.935,0.01,1708.84,3307.65,0.06,0.07,106
btc-updown-15m-1768896900,1768896900,600,0.95,0.96,0.955,0.01,3824.49,6668.53,0.04,0.05,13
btc-updown-15m-1768896900,1768896900,615,0.97,0.98,0.975,0.01,5292.82,15906.34,0.02,0.03,52
btc-updown-15m-1768896900,1768896900,630,0.98,0.99,0.985,0.01,4870.9,13551.45,0.01,0.02,14
btc-updown-15m-1768896900,1768896900,645,0.98,0.99,0.985,0.01,7290.22,9239.58,0.01,0.02,71
btc-updown-15m-1768896900,1768896900,660,0.99,,,,11769.78,0,,0.01,142
btc-updown-15m-1768896900,1768896900,675,0.99,,,,8049.08,0,,0.01,6
btc-updown-15m-1768896900,1768896900,690,0.99,,,,9496.42,0,,0.01,23
btc-updown-15m-1768896900,1768896900,705,0.99,,,,9593.04,0,,0.01,107
btc-updown-15m-1768896900,1768896900,720,0.99,,,,9085.97,0,,0.01,30
btc-updown-15m-1768896900,1768896900,735,0.99,,,,10679.81,0,,0.01,128
btc-updown-15m-1768896900,1768896900,750,0.99,,,,11643.25,0,,0.01,38
btc-updown-15m-1768896900,1768896900,765,0.99,0.998,0.994,0.008,11026.23,1734.19,0.002,0.01,2
btc-updown-15m-1768896900,1768896900,780,0.995,0.998,0.9965,0.003,2909.84,6818.58,0.002,0.005,8
btc-updown-15m-1768896900,1768896900,795,0.995,0.999,0.997,0.004,5066.76,1085.99,0.001,0.005,34
btc-updown-15m-1768896900,1768896900,810,0.994,0.998,0.996,0.004,2553.56,683.81,0.002,0.006,44
btc-updown-15m-1768896900,1768896900,825,0.997,0.998,0.9975,0.001,236.6,2305.69,0.002,0.003,48
btc-updown-15m-1768896900,1768896900,840,0.997,0.998,0.9975,0.001,236.6,2061.27,0.002,0.003,45
btc-updown-15m-1768896900,1768896900,845,0.995,0.999,0.997,0.004,2624.2,658.77,0.001,0.005,106
btc-updown-15m-1768896900,1768896900,850,0.997,0.999,0.998,0.002,4592.2,557.66,0.001,0.003,3
btc-updown-15m-1768896900,1768896900,855,0.999,,,,2601.22,0,,0.001,91
btc-updown-15m-1768896900,1768896900,860,0.999,,,,6949.28,0,,0.001,245
btc-updown-15m-1768896900,1768896900,865,0.999,,,,6231.92,0,,0.001,160
btc-updown-15m-1768896900,1768896900,870,0.999,,,,5231.92,0,,0.001,594
btc-updown-15m-1768896900,1768896900,875,0.999,,,,9108.8,0,,0.001,45
btc-updown-15m-1768896900,1768896900,880,0.999,,,,7215.73,0,,0.001,55
btc-updown-15m-1768896900,1768896900,885,0.999,,,,9651.76,0,,0.001,398
btc-updown-15m-1768896900,1768896900,890,0.999,,,,9761.76,0,,0.001,96
btc-updown-15m-1768896900,1768896900,895,0.999,,,,12219.21,0,,0.001,79
btc-updown-15m-1768896900,1768896900,897,0.999,,,,22769.21,0,,0.001,13
btc-updown-15m-1768896900,1768896900,899,0.999,,,,27034.21,0,,0.001,98
btc-updown-15m-1768896900,1768896900,900,0.999,,,,35408.71,0,,0.001,15
btc-updown-15m-1768907700,1768907700,0,0.45,0.48,0.465,0.03,2151.02,3341.34,0.52,0.55,156
btc-updown-15m-1768907700,1768907700,15,0.48,0.49,0.485,0.01,862.22,3616.79,0.51,0.52,2
btc-updown-15m-1768907700,1768907700,30,0.48,0.49,0.485,0.01,1316.5,3632.01,0.51,0.52,22
btc-updown-15m-1768907700,1768907700,45,0.48,0.49,0.485,0.01,2615.73,893.9,0.51,0.52,4
btc-updown-15m-1768907700,1768907700,60,0.49,0.5,0.495,0.01,2580.19,2637.49,0.5,0.51,1
btc-updown-15m-1768907700,1768907700,75,0.44,0.45,0.445,0.01,786.09,2735.78,0.55,0.56,6
btc-updown-15m-1768907700,1768907700,90,0.39,0.4,0.395,0.01,2410.48,2908.3,0.6,0.61,9
btc-updown-15m-1768907700,1768907700,105,0.41,0.42,0.415,0.01,1132.72,2940.62,0.58,0.59,1
btc-updown-15m-1768907700,1768907700,120,0.41,0.42,0.415,0.01,2853.1,1600.01,0.58,0.59,5
btc-updown-15m-1768907700,1768907700,135,0.54,0.55,0.545,0.01,1155.97,3879.29,0.45,0.46,0
btc-updown-15m-1768907700,1768907700,150,0.57,0.58,0.575,0.01,738.42,4583.37,0.42,0.43,1
btc-updown-15m-1768907700,1768907700,165,0.56,0.57,0.565,0.01,3751.98,616.19,0.43,0.44,20
btc-updown-15m-1768907700,1768907700,180,0.59,0.6,0.595,0.01,1953.95,3732.14,0.4,0.41,3
btc-updown-15m-1768907700,1768907700,195,0.57,0.58,0.575,0.01,2351.08,3212.84,0.42,0.43,10
btc-updown-15m-1768907700,1768907700,210,0.57,0.58,0.575,0.01,1965.29,2307.95,0.42,0.43,16
btc-updown-15m-1768907700,1768907700,225,0.59,0.6,0.595,0.01,1763.5,3536.45,0.4,0.41,10
btc-updown-15m-1768907700,1768907700,240,0.59,0.6,0.595,0.01,1082.81,4606.8,0.4,0.41,0
btc-updown-15m-1768907700,1768907700,255,0.54,0.55,0.545,0.01,1640.53,1913.86,0.45,0.46,30
btc-updown-15m-1768907700,1768907700,270,0.55,0.56,0.555,0.01,432.78,2186.05,0.44,0.45,77
btc-updown-15m-1768907700,1768907700,285,0.51,0.52,0.515,0.01,4246.2,3011.43,0.48,0.49,2
btc-updown-15m-1768907700,1768907700,300,0.51,0.52,0.515,0.01,3846.5,3283.23,0.48,0.49,63
btc-updown-15m-1768907700,1768907700,315,0.41,0.42,0.415,0.01,3689.82,2545.22,0.58,0.59,0
btc-updown-15m-1768907700,1768907700,330,0.4,0.41,0.405,0.01,2249.88,3328.4,0.59,0.6,3
btc-updown-15m-1768907700,1768907700,345,0.31,0.32,0.315,0.01,3857.19,3745.34,0.68,0.69,38
btc-updown-15m-1768907700,1768907700,360,0.31,0.32,0.315,0.01,3424.52,487.16,0.68,0.69,4
btc-updown-15m-1768907700,1768907700,375,0.42,0.43,0.425,0.01,2676.06,2491.75,0.57,0.58,1
btc-updown-15m-1768907700,1768907700,390,0.4,0.41,0.405,0.01,1311.94,4015.39,0.59,0.6,17
btc-updown-15m-1768907700,1768907700,405,0.41,0.42,0.415,0.01,4118.02,960.42,0.58,0.59,5
btc-updown-15m-1768907700,1768907700,420,0.37,0.38,0.375,0.01,1652.65,799.79,0.62,0.63,17
btc-updown-15m-1768907700,1768907700,435,0.31,0.32,0.315,0.01,3803.2,1058.83,0.68,0.69,29
btc-updown-15m-1768907700,1768907700,450,0.32,0.33,0.325,0.01,3223.29,1941.56,0.67,0.68,17
btc-updown-15m-1768907700,1768907700,465,0.32,0.33,0.325,0.01,1709.36,1571.03,0.67,0.68,60
btc-updown-15m-1768907700,1768907700,480,0.3,0.31,0.305,0.01,903.22,982.78,0.69,0.7,1
btc-updown-15m-1768907700,1768907700,495,0.35,0.36,0.355,0.01,2684.28,3655.93,0.64,0.65,2
btc-updown-15m-1768907700,1768907700,510,0.33,0.34,0.335,0.01,1791.32,1757.8,0.66,0.67,1
btc-updown-15m-1768907700,1768907700,525,0.32,0.33,0.325,0.01,943.99,1218.1,0.67,0.68,15
btc-updown-15m-1768907700,1768907700,540,0.29,0.3,0.295,0.01,2344.45,778.37,0.7,0.71,0
btc-updown-15m-1768907700,1768907700,555,0.3,0.31,0.305,0.01,1685.78,1634.41,0.69,0.7,1
btc-updown-15m-1768907700,1768907700,570,0.3,0.31,0.305,0.01,1465.98,927.49,0.69,0.7,4
btc-updown-15m-1768907700,1768907700,585,0.39,0.4,0.395,0.01,363,3887.38,0.6,0.61,0
btc-updown-15m-1768907700,1768907700,600,0.3,0.32,0.31,0.02,1565.07,1604,0.68,0.7,12
btc-updown-15m-1768907700,1768907700,615,0.45,0.46,0.455,0.01,636.03,808.97,0.54,0.55,0
btc-updown-15m-1768907700,1768907700,630,0.44,0.45,0.445,0.01,3878.08,164.82,0.55,0.56,43
btc-updown-15m-1768907700,1768907700,645,0.44,0.45,0.445,0.01,449.31,2623.1,0.55,0.56,9
btc-updown-15m-1768907700,1768907700,660,0.71,0.72,0.715,0.01,434.8,788.72,0.28,0.29,0
btc-updown-15m-1768907700,1768907700,675,0.76,0.77,0.765,0.01,1021.39,1563.45,0.23,0.24,1
btc-updown-15m-1768907700,1768907700,690,0.77,0.78,0.775,0.01,627.57,3664.65,0.22,0.23,1
btc-updown-15m-1768907700,1768907700,705,0.88,0.89,0.885,0.01,2002.77,1070.22,0.11,0.12,21
btc-updown-15m-1768907700,1768907700,720,0.9,0.91,0.905,0.01,2471.5,3000.56,0.09,0.1,105
btc-updown-15m-1768907700,1768907700,735,0.85,0.86,0.855,0.01,2060.97,2800.8,0.14,0.15,6
btc-updown-15m-1768907700,1768907700,750,0.63,0.64,0.635,0.01,2187.8,134.83,0.36,0.37,6
btc-updown-15m-1768907700,1768907700,765,0.97,0.98,0.975,0.01,2135.27,18798.14,0.02,0.03,1
btc-updown-15m-1768907700,1768907700,780,0.97,0.98,0.975,0.01,4273.09,17709.46,0.02,0.03,8
btc-updown-15m-1768907700,1768907700,795,0.95,0.96,0.955,0.01,3327.63,3474.24,0.04,0.05,4
btc-updown-15m-1768907700,1768907700,810,0.96,0.97,0.965,0.01,2438.66,16594.99,0.03,0.04,92
btc-updown-15m-1768907700,1768907700,825,0.98,0.99,0.985,0.01,4138.24,16127.1,0.01,0.02,74
btc-updown-15m-1768907700,1768907700,840,0.98,0.99,0.985,0.01,5784.29,7901.07,0.01,0.02,88
btc-updown-15m-1768907700,1768907700,845,0.98,0.99,0.985,0.01,3438.06,4007.68,0.01,0.02,4
btc-updown-15m-1768907700,1768907700,850,0.99,,,,6587.77,0,,0.01,48
btc-updown-15m-1768907700,1768907700,855,0.99,,,,12369.73,0,,0.01,36
btc-updown-15m-1768907700,1768907700,860,0.98,0.99,0.985,0.01,2050.92,523.26,0.01,0.02,0
btc-updown-15m-1768907700,1768907700,865,0.85,0.86,0.855,0.01,690,196.75,0.14,0.15,0
btc-updown-15m-1768907700,1768907700,870,0.98,0.99,0.985,0.01,738.46,618.95,0.01,0.02,0
btc-updown-15m-1768907700,1768907700,875,0.98,,,,1487.69,0,,0.02,2
btc-updown-15m-1768907700,1768907700,880,0.99,,,,1741.49,0,,0.01,297
btc-updown-15m-1768907700,1768907700,885,0.99,,,,7092.62,0,,0.01,277
btc-updown-15m-1768907700,1768907700,890,0.99,,,,8186.6,0,,0.01,507
btc-updown-15m-1768907700,1768907700,895,0.99,,,,10014.01,0,,0.01,200
btc-updown-15m-1768907700,1768907700,897,0.99,,,,11613.8,0,,0.01,103
btc-updown-15m-1768907700,1768907700,899,0.99,,,,15724.88,0,,0.01,19
btc-updown-15m-1768907700,1768907700,900,0.99,,,,24092.96,0,,0.01,49
btc-updown-15m-1768917600,1768917600,0,0.54,0.55,0.545,0.01,1512.79,155.71,0.45,0.46,31
btc-updown-15m-1768917600,1768917600,15,0.56,0.57,0.565,0.01,2497.67,3868.48,0.43,0.44,7
btc-updown-15m-1768917600,1768917600,30,0.64,0.65,0.645,0.01,585.31,5668.83,0.35,0.36,8
btc-updown-15m-1768917600,1768917600,45,0.59,0.6,0.595,0.01,4035.13,2104.4,0.4,0.41,0
btc-updown-15m-1768917600,1768917600,60,0.64,0.65,0.645,0.01,5045.64,1219.22,0.35,0.36,26
btc-updown-15m-1768917600,1768917600,75,0.71,0.72,0.715,0.01,2737.49,3630.78,0.28,0.29,4
btc-updown-15m-1768917600,1768917600,90,0.73,0.74,0.735,0.01,4857.84,13038.05,0.26,0.27,101
btc-updown-15m-1768917600,1768917600,105,0.73,0.74,0.735,0.01,2272.38,12765.27,0.26,0.27,6
btc-updown-15m-1768917600,1768917600,120,0.72,0.73,0.725,0.01,4018.04,8528.5,0.27,0.28,2
btc-updown-15m-1768917600,1768917600,135,0.72,0.73,0.725,0.01,5010.67,8164.43,0.27,0.28,21
btc-updown-15m-1768917600,1768917600,150,0.74,0.75,0.745,0.01,5517.68,3817.11,0.25,0.26,9
btc-updown-15m-1768917600,1768917600,165,0.75,0.78,0.765,0.03,6146.89,1216.29,0.22,0.25,2
btc-updown-15m-1768917600,1768917600,180,0.82,0.83,0.825,0.01,2370.94,5108.55,0.17,0.18,11
btc-updown-15m-1768917600,1768917600,195,0.83,0.84,0.835,0.01,5002.99,3405.14,0.16,0.17,26
btc-updown-15m-1768917600,1768917600,210,0.83,0.84,0.835,0.01,1766.97,3945.5,0.16,0.17,11
btc-updown-15m-1768917600,1768917600,225,0.83,0.84,0.835,0.01,2896.75,2924.63,0.16,0.17,5
btc-updown-15m-1768917600,1768917600,240,0.83,0.84,0.835,0.01,4535.55,1926.04,0.16,0.17,5
btc-updown-15m-1768917600,1768917600,255,0.86,0.87,0.865,0.01,4606.87,2040.89,0.13,0.14,10
btc-updown-15m-1768917600,1768917600,270,0.86,0.87,0.865,0.01,4864.1,1650.79,0.13,0.14,24
btc-updown-15m-1768917600,1768917600,285,0.87,0.88,0.875,0.01,4977.34,1562.15,0.12,0.13,22
btc-updown-15m-1768917600,1768917600,300,0.89,0.9,0.895,0.01,3575.08,2988.81,0.1,0.11,0
btc-updown-15m-1768917600,1768917600,315,0.91,0.92,0.915,0.01,4740.6,5121.66,0.08,0.09,1
btc-updown-15m-1768917600,1768917600,330,0.92,0.93,0.925,0.01,3079.33,5657.7,0.07,0.08,5
btc-updown-15m-1768917600,1768917600,345,0.92,0.93,0.925,0.01,4330.71,5309.75,0.07,0.08,44
btc-updown-15m-1768917600,1768917600,360,0.91,0.92,0.915,0.01,5097.59,3255.67,0.08,0.09,148
btc-updown-15m-1768917600,1768917600,375,0.92,0.93,0.925,0.01,4858.48,4913.78,0.07,0.08,68
btc-updown-15m-1768917600,1768917600,390,0.93,0.94,0.935,0.01,2269.56,5603.06,0.06,0.07,4
btc-updown-15m-1768917600,1768917600,405,0.93,0.94,0.935,0.01,3125.19,6477.6,0.06,0.07,19
btc-updown-15m-1768917600,1768917600,420,0.93,0.94,0.935,0.01,2878.58,6937.93,0.06,0.07,39
btc-updown-15m-1768917600,1768917600,435,0.94,0.95,0.945,0.01,2304.41,8009.94,0.05,0.06,30
btc-updown-15m-1768917600,1768917600,450,0.94,0.95,0.945,0.01,4051.21,7386.73,0.05,0.06,63
btc-updown-15m-1768917600,1768917600,465,0.95,0.96,0.955,0.01,5641.91,10877.97,0.04,0.05,12
btc-updown-15m-1768917600,1768917600,480,0.95,0.96,0.955,0.01,5602.17,9917.44,0.04,0.05,1
btc-updown-15m-1768917600,1768917600,495,0.96,0.97,0.965,0.01,2902.83,31588.47,0.03,0.04,88
btc-updown-15m-1768917600,1768917600,510,0.95,0.96,0.955,0.01,3931.07,9439.54,0.04,0.05,86
btc-updown-15m-1768917600,1768917600,525,0.93,0.94,0.935,0.01,3602.21,4666.6,0.06,0.07,22
btc-updown-15m-1768917600,1768917600,540,0.93,0.94,0.935,0.01,766.53,6097.77,0.06,0.07,3
btc-updown-15m-1768917600,1768917600,555,0.89,0.9,0.895,0.01,4360.81,3064.12,0.1,0.11,338
btc-updown-15m-1768917600,1768917600,570,0.93,0.94,0.935,0.01,1891.03,4922.07,0.06,0.07,2
btc-updown-15m-1768917600,1768917600,585,0.95,0.96,0.955,0.01,2635.4,10308.54,0.04,0.05,16
btc-updown-15m-1768917600,1768917600,600,0.96,0.97,0.965,0.01,3737.16,27635.13,0.03,0.04,2
btc-updown-15m-1768917600,1768917600,615,0.97,0.98,0.975,0.01,2629.68,25701.02,0.02,0.03,17
btc-updown-15m-1768917600,1768917600,630,0.97,0.98,0.975,0.01,1526.1,26048.39,0.02,0.03,40
btc-updown-15m-1768917600,1768917600,645,0.96,0.97,0.965,0.01,2925.49,28020.62,0.03,0.04,0
btc-updown-15m-1768917600,1768917600,660,0.95,0.96,0.955,0.01,2898.8,6203.08,0.04,0.05,38
btc-updown-15m-1768917600,1768917600,675,0.95,0.96,0.955,0.01,3266.86,4861.48,0.04,0.05,0
btc-updown-15m-1768917600,1768917600,690,0.97,0.98,0.975,0.01,3553.73,24263.16,0.02,0.03,18
btc-updown-15m-1768917600,1768917600,705,0.98,0.99,0.985,0.01,2065.81,21790.17,0.01,0.02,26
btc-updown-15m-1768917600,1768917600,720,0.981,0.99,0.9855,0.009,2995.05,17163.36,0.01,0.019,39
btc-updown-15m-1768917600,1768917600,735,0.986,0.99,0.988,0.004,2791.21,14487.75,0.01,0.014,1
btc-updown-15m-1768917600,1768917600,750,0.988,0.99,0.989,0.002,847.52,9003.83,0.01,0.012,115
btc-updown-15m-1768917600,1768917600,765,0.98,0.989,0.9845,0.009,2833.93,8714.41,0.011,0.02,42
btc-updown-15m-1768917600,1768917600,780,0.98,0.99,0.985,0.01,2915.25,8506.03,0.01,0.02,13
btc-updown-15m-1768917600,1768917600,795,0.991,0.998,0.9945,0.007,2161.96,578.01,0.002,0.009,45
btc-updown-15m-1768917600,1768917600,810,0.992,0.998,0.995,0.006,8883.88,2004.72,0.002,0.008,86
btc-updown-15m-1768917600,1768917600,825,0.994,0.999,0.9965,0.005,2728.91,2053.01,0.001,0.006,6
btc-updown-15m-1768917600,1768917600,840,0.994,0.999,0.9965,0.005,2763.91,238.93,0.001,0.006,105
btc-updown-15m-1768917600,1768917600,845,0.994,0.999,0.9965,0.005,3079.08,422.72,0.001,0.006,82
btc-updown-15m-1768917600,1768917600,850,0.994,0.999,0.9965,0.005,3054.08,386.58,0.001,0.006,4
btc-updown-15m-1768917600,1768917600,855,0.995,0.999,0.997,0.004,4080.23,273.27,0.001,0.005,4
btc-updown-15m-1768917600,1768917600,860,0.999,,,,4715.57,0,,0.001,318
btc-updown-15m-1768917600,1768917600,865,0.999,,,,3973.86,0,,0.001,140
btc-updown-15m-1768917600,1768917600,870,0.999,,,,2579.68,0,,0.001,15
btc-updown-15m-1768917600,1768917600,875,0.999,,,,2558.78,0,,0.001,215
btc-updown-15m-1768917600,1768917600,880,0.996,,,,4278.06,0,,0.004,140
btc-updown-15m-1768917600,1768917600,885,0.999,,,,9534.73,0,,0.001,77
btc-updown-15m-1768917600,1768917600,890,0.999,,,,9004.26,0,,0.001,252
btc-updown-15m-1768917600,1768917600,895,0.999,,,,12248.93,0,,0.001,141
btc-updown-15m-1768917600,1768917600,897,0.999,,,,12648.34,0,,0.001,459
btc-updown-15m-1768917600,1768917600,899,0.999,,,,16158.34,0,,0.001,103
btc-updown-15m-1768917600,1768917600,900,0.999,,,,16221.34,0,,0.001,121
btc-updown-15m-1768927500,1768927500,0,0.55,0.57,0.56,0.02,3361.5,2222.61,0.43,0.45,42
btc-updown-15m-1768927500,1768927500,15,0.56,0.57,0.565,0.01,4594.35,3825.14,0.43,0.44,114
btc-updown-15m-1768927500,1768927500,30,0.46,0.47,0.465,0.01,3180.73,3592.92,0.53,0.54,42
btc-updown-15m-1768927500,1768927500,45,0.51,0.52,0.515,0.01,1275,370.44,0.48,0.49,58
btc-updown-15m-1768927500,1768927500,60,0.44,0.45,0.445,0.01,2660.27,2111.88,0.55,0.56,50
btc-updown-15m-1768927500,1768927500,75,0.45,0.46,0.455,0.01,4134.22,1152.36,0.54,0.55,82
btc-updown-15m-1768927500,1768927500,90,0.48,0.49,0.485,0.01,4576.07,961.85,0.51,0.52,0
btc-updown-15m-1768927500,1768927500,105,0.51,0.55,0.53,0.04,5861.63,482.81,0.45,0.49,12
btc-updown-15m-1768927500,1768927500,120,0.5,0.51,0.505,0.01,2164,2481.38,0.49,0.5,0
btc-updown-15m-1768927500,1768927500,135,0.54,0.55,0.545,0.01,5418.57,191.45,0.45,0.46,4
btc-updown-15m-1768927500,1768927500,150,0.51,0.52,0.515,0.01,2416.7,2504.5,0.48,0.49,9
btc-updown-15m-1768927500,1768927500,165,0.5,0.51,0.505,0.01,3027.57,2453.65,0.49,0.5,3
btc-updown-15m-1768927500,1768927500,180,0.49,0.5,0.495,0.01,1387.34,3351.53,0.5,0.51,6
btc-updown-15m-1768927500,1768927500,195,0.5,0.51,0.505,0.01,818.5,4162.88,0.49,0.5,0
btc-updown-15m-1768927500,1768927500,210,0.44,0.45,0.445,0.01,8285.72,1945.29,0.55,0.56,2
btc-updown-15m-1768927500,1768927500,225,0.44,0.45,0.445,0.01,7217.4,1819.53,0.55,0.56,2
btc-updown-15m-1768927500,1768927500,240,0.43,0.44,0.435,0.01,3528.28,4314.99,0.56,0.57,22
btc-updown-15m-1768927500,1768927500,255,0.47,0.48,0.475,0.01,538.43,4239.27,0.52,0.53,4
btc-updown-15m-1768927500,1768927500,270,0.43,0.44,0.435,0.01,3884.07,4610.01,0.56,0.57,42
btc-updown-15m-1768927500,1768927500,285,0.42,0.43,0.425,0.01,2795.77,5023.98,0.57,0.58,23
btc-updown-15m-1768927500,1768927500,300,0.51,0.52,0.515,0.01,2074.7,1453.66,0.48,0.49,2
btc-updown-15m-1768927500,1768927500,315,0.64,0.65,0.645,0.01,1329.81,2430.3,0.35,0.36,36
btc-updown-15m-1768927500,1768927500,330,0.73,0.74,0.735,0.01,5424.47,587.21,0.26,0.27,17
btc-updown-15m-1768927500,1768927500,345,0.75,0.76,0.755,0.01,3827.65,871.56,0.24,0.25,5
btc-updown-15m-1768927500,1768927500,360,0.73,0.74,0.735,0.01,6025.35,1239.19,0.26,0.27,21
btc-updown-15m-1768927500,1768927500,375,0.74,0.75,0.745,0.01,2364.31,694.54,0.25,0.26,0
btc-updown-15m-1768927500,1768927500,390,0.69,0.7,0.695,0.01,5499.1,2621.9,0.3,0.31,15
btc-updown-15m-1768927500,1768927500,405,0.6,0.61,0.605,0.01,1596.49,2260.1,0.39,0.4,10
btc-updown-15m-1768927500,1768927500,420,0.53,0.54,0.535,0.01,2397.49,5018.59,0.46,0.47,1
btc-updown-15m-1768927500,1768927500,435,0.56,0.57,0.565,0.01,124.08,2987.08,0.43,0.44,4
btc-updown-15m-1768927500,1768927500,450,0.55,0.56,0.555,0.01,1936.2,1715.31,0.44,0.45,3
btc-updown-15m-1768927500,1768927500,465,0.55,0.56,0.555,0.01,5317.39,3318.02,0.44,0.45,4
btc-updown-15m-1768927500,1768927500,480,0.6,0.61,0.605,0.01,1102.86,1957.24,0.39,0.4,0
btc-updown-15m-1768927500,1768927500,495,0.55,0.56,0.555,0.01,2948.6,2511.46,0.44,0.45,53
btc-updown-15m-1768927500,1768927500,510,0.54,0.55,0.545,0.01,2772.86,384.36,0.45,0.46,8
btc-updown-15m-1768927500,1768927500,525,0.57,0.58,0.575,0.01,360.87,5935.93,0.42,0.43,10
btc-updown-15m-1768927500,1768927500,540,0.52,0.53,0.525,0.01,3198.14,556.66,0.47,0.48,1
btc-updown-15m-1768927500,1768927500,555,0.56,0.57,0.565,0.01,675.61,3496.22,0.43,0.44,93
btc-updown-15m-1768927500,1768927500,570,0.55,0.56,0.555,0.01,4250.93,3098.54,0.44,0.45,94
btc-updown-15m-1768927500,1768927500,585,0.49,0.5,0.495,0.01,5352.16,2230.5,0.5,0.51,6
btc-updown-15m-1768927500,1768927500,600,0.46,0.47,0.465,0.01,5095.5,300,0.53,0.54,3
btc-updown-15m-1768927500,1768927500,615,0.4,0.41,0.405,0.01,1952.04,2818,0.59,0.6,5
btc-updown-15m-1768927500,1768927500,630,0.56,0.57,0.565,0.01,320.41,310.98,0.43,0.44,3
btc-updown-15m-1768927500,1768927500,645,0.59,0.6,0.595,0.01,537.5,2780.69,0.4,0.41,1
btc-updown-15m-1768927500,1768927500,660,0.6,0.61,0.605,0.01,3241.31,1886.09,0.39,0.4,29
btc-updown-15m-1768927500,1768927500,675,0.66,0.67,0.665,0.01,581.25,946.45,0.33,0.34,8
btc-updown-15m-1768927500,1768927500,690,0.86,0.87,0.865,0.01,625.27,3919.41,0.13,0.14,2
btc-updown-15m-1768927500,1768927500,705,0.78,0.8,0.79,0.02,771.34,522.24,0.2,0.22,61
btc-updown-15m-1768927500,1768927500,720,0.8,0.81,0.805,0.01,3518.68,192.4,0.19,0.2,0
btc-updown-15m-1768927500,1768927500,735,0.85,0.86,0.855,0.01,902.55,387.91,0.14,0.15,2
btc-updown-15m-1768927500,1768927500,750,0.89,0.9,0.895,0.01,353.63,2955.37,0.1,0.11,2
btc-updown-15m-1768927500,1768927500,765,0.74,0.75,0.745,0.01,682.56,567.83,0.25,0.26,9
btc-updown-15m-1768927500,1768927500,780,0.86,0.87,0.865,0.01,2721.07,1162.09,0.13,0.14,0
btc-updown-15m-1768927500,1768927500,795,0.82,0.84,0.83,0.02,2030.73,568.92,0.16,0.18,12
btc-updown-15m-1768927500,1768927500,810,0.92,0.93,0.925,0.01,1025.95,3584.18,0.07,0.08,11
btc-updown-15m-1768927500,1768927500,825,0.92,0.93,0.925,0.01,878.88,641.88,0.07,0.08,26
btc-updown-15m-1768927500,1768927500,840,0.92,0.93,0.925,0.01,1863.41,1125.93,0.07,0.08,2
btc-updown-15m-1768927500,1768927500,845,0.92,0.93,0.925,0.01,1898.61,1064.93,0.07,0.08,22
btc-updown-15m-1768927500,1768927500,850,0.9,0.93,0.915,0.03,2767.41,924.96,0.07,0.1,5
btc-updown-15m-1768927500,1768927500,855,0.91,0.92,0.915,0.01,124,1941.89,0.08,0.09,87
btc-updown-15m-1768927500,1768927500,860,0.89,0.9,0.895,0.01,494,323.26,0.1,0.11,244
btc-updown-15m-1768927500,1768927500,865,0.91,0.92,0.915,0.01,422.59,332.27,0.08,0.09,77
btc-updown-15m-1768927500,1768927500,870,0.92,0.93,0.925,0.01,211,2620.3,0.07,0.08,39
btc-updown-15m-1768927500,1768927500,875,0.88,0.9,0.89,0.02,626.08,1621.4,0.1,0.12,2
btc-updown-15m-1768927500,1768927500,880,0.94,0.95,0.945,0.01,705.33,1997.55,0.05,0.06,37
btc-updown-15m-1768927500,1768927500,885,0.97,0.98,0.975,0.01,2566.45,11249.57,0.02,0.03,41
btc-updown-15m-1768927500,1768927500,890,0.98,0.99,0.985,0.01,2997.87,6708.6,0.01,0.02,43
btc-updown-15m-1768927500,1768927500,895,0.99,,,,4026.61,0,,0.01,110
btc-updown-15m-1768927500,1768927500,897,0.99,,,,5827.02,0,,0.01,2
btc-updown-15m-1768927500,1768927500,899,0.99,,,,26628.38,0,,0.01,7
btc-updown-15m-1768927500,1768927500,900,0.99,,,,33766.09,0,,0.01,3
btc-updown-15m-1768938300,1768938300,0,0.52,0.54,0.53,0.02,5592.21,2823.94,0.46,0.48,6
btc-updown-15m-1768938300,1768938300,15,0.59,0.6,0.595,0.01,1000,329.02,0.4,0.41,0
btc-updown-15m-1768938300,1768938300,30,0.54,0.55,0.545,0.01,304.8,1382.19,0.45,0.46,172
btc-updown-15m-1768938300,1768938300,45,0.51,0.52,0.515,0.01,1709.23,5691.89,0.48,0.49,121
btc-updown-15m-1768938300,1768938300,60,0.43,0.44,0.435,0.01,637.32,1008,0.56,0.57,0
btc-updown-15m-1768938300,1768938300,75,0.4,0.41,0.405,0.01,1559.5,901.1,0.59,0.6,99
btc-updown-15m-1768938300,1768938300,90,0.47,0.48,0.475,0.01,1101.77,276.39,0.52,0.53,5
btc-updown-15m-1768938300,1768938300,105,0.53,0.54,0.535,0.01,1143.67,2166.24,0.46,0.47,3
btc-updown-15m-1768938300,1768938300,120,0.57,0.58,0.575,0.01,816.23,4217.43,0.42,0.43,3
btc-updown-15m-1768938300,1768938300,135,0.52,0.53,0.525,0.01,866.1,770.6,0.47,0.48,32
btc-updown-15m-1768938300,1768938300,150,0.5,0.51,0.505,0.01,374.97,1290.85,0.49,0.5,229
btc-updown-15m-1768938300,1768938300,165,0.5,0.51,0.505,0.01,813,835.03,0.49,0.5,13
btc-updown-15m-1768938300,1768938300,180,0.49,0.5,0.495,0.01,427.5,1153.16,0.5,0.51,2
btc-updown-15m-1768938300,1768938300,195,0.5,0.51,0.505,0.01,373,1357.89,0.49,0.5,0
btc-updown-15m-1768938300,1768938300,210,0.57,0.58,0.575,0.01,915.5,5418.03,0.42,0.43,147
btc-updown-15m-1768938300,1768938300,225,0.58,0.59,0.585,0.01,656.51,4263.35,0.41,0.42,27
btc-updown-15m-1768938300,1768938300,240,0.53,0.56,0.545,0.03,4168.68,6410.39,0.44,0.47,0
btc-updown-15m-1768938300,1768938300,255,0.55,0.56,0.555,0.01,807,5806.43,0.44,0.45,8
btc-updown-15m-1768938300,1768938300,270,0.55,0.56,0.555,0.01,201.19,6886.5,0.44,0.45,24
btc-updown-15m-1768938300,1768938300,285,0.57,0.58,0.575,0.01,1213.85,7746.68,0.42,0.43,4
btc-updown-15m-1768938300,1768938300,300,0.54,0.55,0.545,0.01,1172.5,387.92,0.45,0.46,16
btc-updown-15m-1768938300,1768938300,315,0.55,0.56,0.555,0.01,652.66,3955.35,0.44,0.45,5
btc-updown-15m-1768938300,1768938300,330,0.57,0.58,0.575,0.01,1213.19,4912.63,0.42,0.43,1
btc-updown-15m-1768938300,1768938300,345,0.59,0.6,0.595,0.01,853,1306.34,0.4,0.41,1
btc-updown-15m-1768938300,1768938300,360,0.63,0.64,0.635,0.01,542.75,781.39,0.36,0.37,7
btc-updown-15m-1768938300,1768938300,375,0.63,0.64,0.635,0.01,398.19,699.94,0.36,0.37,17
btc-updown-15m-1768938300,1768938300,390,0.66,0.67,0.665,0.01,739.77,630.06,0.33,0.34,51
btc-updown-15m-1768938300,1768938300,405,0.67,0.68,0.675,0.01,757.5,949.44,0.32,0.33,10
btc-updown-15m-1768938300,1768938300,420,0.71,0.72,0.715,0.01,773.49,882,0.28,0.29,4
btc-updown-15m-1768938300,1768938300,435,0.74,0.75,0.745,0.01,440.17,1131.84,0.25,0.26,19
btc-updown-15m-1768938300,1768938300,450,0.76,0.77,0.765,0.01,3888.22,1049.1,0.23,0.24,55
btc-updown-15m-1768938300,1768938300,465,0.79,0.8,0.795,0.01,3086.51,928.4,0.2,0.21,10
btc-updown-15m-1768938300,1768938300,480,0.91,0.92,0.915,0.01,2794.79,2375.23,0.08,0.09,8
btc-updown-15m-1768938300,1768938300,495,0.91,0.92,0.915,0.01,3331.61,595.56,0.08,0.09,5
btc-updown-15m-1768938300,1768938300,510,0.93,0.94,0.935,0.01,3003.11,2222.39,0.06,0.07,15
btc-updown-15m-1768938300,1768938300,525,0.94,0.95,0.945,0.01,3454.89,1409.07,0.05,0.06,14
btc-updown-15m-1768938300,1768938300,540,0.94,0.95,0.945,0.01,3061.7,2082.59,0.05,0.06,21
btc-updown-15m-1768938300,1768938300,555,0.95,0.96,0.955,0.01,2988.77,7250.53,0.04,0.05,8
btc-updown-15m-1768938300,1768938300,570,0.95,0.97,0.96,0.02,4211.36,23273.4,0.03,0.05,10
btc-updown-15m-1768938300,1768938300,585,0.96,0.98,0.97,0.02,1259.92,17263.76,0.02,0.04,132
btc-updown-15m-1768938300,1768938300,600,0.96,0.97,0.965,0.01,3525.92,17082.28,0.03,0.04,35
btc-updown-15m-1768938300,1768938300,615,0.97,0.98,0.975,0.01,2311.59,16136.39,0.02,0.03,48
btc-updown-15m-1768938300,1768938300,630,0.98,0.99,0.985,0.01,9209.62,13468.05,0.01,0.02,21
btc-updown-15m-1768938300,1768938300,645,0.98,0.99,0.985,0.01,10030.04,6288.95,0.01,0.02,85
btc-updown-15m-1768938300,1768938300,660,0.98,0.99,0.985,0.01,8819.37,4119.71,0.01,0.02,79
btc-updown-15m-1768938300,1768938300,675,0.98,0.99,0.985,0.01,6907.97,4016.11,0.01,0.02,91
btc-updown-15m-1768938300,1768938300,690,0.98,0.99,0.985,0.01,5391.97,3677.78,0.01,0.02,28
btc-updown-15m-1768938300,1768938300,705,0.98,0.99,0.985,0.01,6146.79,2747.3,0.01,0.02,6
btc-updown-15m-1768938300,1768938300,720,0.98,0.99,0.985,0.01,3889.93,501.15,0.01,0.02,151
btc-updown-15m-1768938300,1768938300,735,0.99,0.998,0.994,0.008,1379.24,575.26,0.002,0.01,25
btc-updown-15m-1768938300,1768938300,750,0.991,0.998,0.9945,0.007,1507,560.93,0.002,0.009,2
btc-updown-15m-1768938300,1768938300,765,0.991,0.997,0.994,0.006,2509.84,2566.33,0.003,0.009,99
btc-updown-15m-1768938300,1768938300,780,0.991,0.998,0.9945,0.007,3167.61,2554.61,0.002,0.009,53
btc-updown-15m-1768938300,1768938300,795,0.99,0.997,0.9935,0.007,2492.07,1062.21,0.003,0.01,112
btc-updown-15m-1768938300,1768938300,810,0.99,0.997,0.9935,0.007,1658.94,1591.87,0.003,0.01,76
btc-updown-15m-1768938300,1768938300,825,0.991,0.998,0.9945,0.007,1739.7,613.31,0.002,0.009,161
btc-updown-15m-1768938300,1768938300,840,0.992,0.998,0.995,0.006,8282.99,2010.72,0.002,0.008,161
btc-updown-15m-1768938300,1768938300,845,0.992,0.998,0.995,0.006,10012.39,1930.62,0.002,0.008,54
btc-updown-15m-1768938300,1768938300,850,0.993,0.998,0.9955,0.005,11325.56,2099.61,0.002,0.007,92
btc-updown-15m-1768938300,1768938300,855,0.998,0.999,0.9985,0.001,6652.36,1267.64,0.001,0.002,67
btc-updown-15m-1768938300,1768938300,860,0.998,0.999,0.9985,0.001,6644.36,798.73,0.001,0.002,119
btc-updown-15m-1768938300,1768938300,865,0.995,,,,5604.37,0,,0.005,128
btc-updown-15m-1768938300,1768938300,870,0.996,0.999,0.9975,0.003,597.88,1199.96,0.001,0.004,33
btc-updown-15m-1768938300,1768938300,875,0.999,,,,4208.77,0,,0.001,15
btc-updown-15m-1768938300,1768938300,880,0.999,,,,3153.77,0,,0.001,85
btc-updown-15m-1768938300,1768938300,885,0.999,,,,3768.08,0,,0.001,239
btc-updown-15m-1768938300,1768938300,890,0.999,,,,16736.97,0,,0.001,66
btc-updown-15m-1768938300,1768938300,895,0.999,,,,16346.38,0,,0.001,69
btc-updown-15m-1768938300,1768938300,897,0.999,,,,17397.38,0,,0.001,143
btc-updown-15m-1768938300,1768938300,899,0.999,,,,21025.63,0,,0.001,99
btc-updown-15m-1768938300,1768938300,900,0.999,,,,21035.63,0,,0.001,280
btc-updown-15m-1768952700,1768952700,0,0.46,0.47,0.465,0.01,107.39,483.77,0.53,0.54,247
btc-updown-15m-1768952700,1768952700,15,0.49,0.5,0.495,0.01,346.64,3328.33,0.5,0.51,60
btc-updown-15m-1768952700,1768952700,30,0.54,0.55,0.545,0.01,1893.96,973.34,0.45,0.46,0
btc-updown-15m-1768952700,1768952700,45,0.51,0.52,0.515,0.01,1788.07,986.42,0.48,0.49,26
btc-updown-15m-1768952700,1768952700,60,0.51,0.52,0.515,0.01,3647.06,2416.48,0.48,0.49,3
btc-updown-15m-1768952700,1768952700,75,0.55,0.56,0.555,0.01,657.41,1140.02,0.44,0.45,0
btc-updown-15m-1768952700,1768952700,90,0.51,0.52,0.515,0.01,2531.83,2332.2,0.48,0.49,92
btc-updown-15m-1768952700,1768952700,105,0.48,0.49,0.485,0.01,952.38,1442.54,0.51,0.52,1
btc-updown-15m-1768952700,1768952700,120,0.48,0.5,0.49,0.02,263.65,2895.3,0.5,0.52,6
btc-updown-15m-1768952700,1768952700,135,0.39,0.4,0.395,0.01,734.5,1225,0.6,0.61,1
btc-updown-15m-1768952700,1768952700,150,0.4,0.42,0.41,0.02,4116.87,1160.31,0.58,0.6,17
btc-updown-15m-1768952700,1768952700,165,0.44,0.45,0.445,0.01,2103.21,962.24,0.55,0.56,6
btc-updown-15m-1768952700,1768952700,180,0.4,0.41,0.405,0.01,2261.1,1735.39,0.59,0.6,79
btc-updown-15m-1768952700,1768952700,195,0.3,0.31,0.305,0.01,508.96,740.02,0.69,0.7,36
btc-updown-15m-1768952700,1768952700,210,0.3,0.31,0.305,0.01,807.76,1594.06,0.69,0.7,50
btc-updown-15m-1768952700,1768952700,225,0.35,0.36,0.355,0.01,972.5,783.2,0.64,0.65,5
btc-updown-15m-1768952700,1768952700,240,0.28,0.29,0.285,0.01,1160.68,932.41,0.71,0.72,10
btc-updown-15m-1768952700,1768952700,255,0.24,0.25,0.245,0.01,1300.03,954.94,0.75,0.76,3
btc-updown-15m-1768952700,1768952700,270,0.23,0.24,0.235,0.01,1859.14,825.03,0.76,0.77,47
btc-updown-15m-1768952700,1768952700,285,0.24,0.25,0.245,0.01,919.68,1245.33,0.75,0.76,20
btc-updown-15m-1768952700,1768952700,300,0.25,0.26,0.255,0.01,864.32,964.59,0.74,0.75,26
btc-updown-15m-1768952700,1768952700,315,0.26,0.27,0.265,0.01,4718.21,1294.81,0.73,0.74,37
btc-updown-15m-1768952700,1768952700,330,0.3,0.31,0.305,0.01,1181.07,625.41,0.69,0.7,0
btc-updown-15m-1768952700,1768952700,345,0.34,0.35,0.345,0.01,668.94,1030.5,0.65,0.66,41
btc-updown-15m-1768952700,1768952700,360,0.34,0.35,0.345,0.01,960.8,1111.05,0.65,0.66,41
btc-updown-15m-1768952700,1768952700,375,0.29,0.3,0.295,0.01,1965.53,510.85,0.7,0.71,13
btc-updown-15m-1768952700,1768952700,390,0.29,0.3,0.295,0.01,1193.34,1320.73,0.7,0.71,0
btc-updown-15m-1768952700,1768952700,405,0.39,0.4,0.395,0.01,1335.66,869.2,0.6,0.61,3
btc-updown-15m-1768952700,1768952700,420,0.45,0.46,0.455,0.01,554.37,1874.9,0.54,0.55,4
btc-updown-15m-1768952700,1768952700,435,0.36,0.37,0.365,0.01,646.6,1211,0.63,0.64,1
btc-updown-15m-1768952700,1768952700,450,0.29,0.3,0.295,0.01,1908.95,1151.99,0.7,0.71,3
btc-updown-15m-1768952700,1768952700,465,0.22,0.23,0.225,0.01,2073.55,545.32,0.77,0.78,9
btc-updown-15m-1768952700,1768952700,480,0.22,0.23,0.225,0.01,767.52,1863.4,0.77,0.78,8
btc-updown-15m-1768952700,1768952700,495,0.23,0.24,0.235,0.01,428.45,1653.5,0.76,0.77,57
btc-updown-15m-1768952700,1768952700,510,0.28,0.29,0.285,0.01,2477.59,508.09,0.71,0.72,0
btc-updown-15m-1768952700,1768952700,525,0.27,0.28,0.275,0.01,541.64,571,0.72,0.73,49
btc-updown-15m-1768952700,1768952700,540,0.23,0.24,0.235,0.01,1262.99,855.81,0.76,0.77,141
btc-updown-15m-1768952700,1768952700,555,0.25,0.26,0.255,0.01,1145.8,197.5,0.74,0.75,6
btc-updown-15m-1768952700,1768952700,570,0.32,0.33,0.325,0.01,440.85,1119.54,0.67,0.68,0
btc-updown-15m-1768952700,1768952700,585,0.38,0.39,0.385,0.01,1548.99,312.47,0.61,0.62,16
btc-updown-15m-1768952700,1768952700,600,0.45,0.46,0.455,0.01,1411.4,292.81,0.54,0.55,4
btc-updown-15m-1768952700,1768952700,615,0.41,0.42,0.415,0.01,667.04,844.95,0.58,0.59,4
btc-updown-15m-1768952700,1768952700,630,0.34,0.35,0.345,0.01,1348.53,311.63,0.65,0.66,0
btc-updown-15m-1768952700,1768952700,645,0.43,0.44,0.435,0.01,418.99,1072,0.56,0.57,39
btc-updown-15m-1768952700,1768952700,660,0.49,0.5,0.495,0.01,807.5,1506.69,0.5,0.51,22
btc-updown-15m-1768952700,1768952700,675,0.52,0.53,0.525,0.01,1960.68,291.14,0.47,0.48,0
btc-updown-15m-1768952700,1768952700,690,0.52,0.53,0.525,0.01,1315,1910.56,0.47,0.48,0
btc-updown-15m-1768952700,1768952700,705,0.48,0.49,0.485,0.01,1707.05,769.65,0.51,0.52,3
btc-updown-15m-1768952700,1768952700,720,0.43,0.44,0.435,0.01,960.17,792.1,0.56,0.57,10
btc-updown-15m-1768952700,1768952700,735,0.43,0.44,0.435,0.01,1274.7,628.83,0.56,0.57,1
btc-updown-15m-1768952700,1768952700,750,0.37,0.38,0.375,0.01,1219,641.94,0.62,0.63,0
btc-updown-15m-1768952700,1768952700,765,0.29,0.3,0.295,0.01,154.46,1981.93,0.7,0.71,0
btc-updown-15m-1768952700,1768952700,780,0.28,0.29,0.285,0.01,65,504,0.71,0.72,20
btc-updown-15m-1768952700,1768952700,795,0.2,0.21,0.205,0.01,2878.36,1626,0.79,0.8,12
btc-updown-15m-1768952700,1768952700,810,0.1,0.11,0.105,0.01,2098.2,569.98,0.89,0.9,2
btc-updown-15m-1768952700,1768952700,825,0.14,0.15,0.145,0.01,268,393,0.85,0.86,2
btc-updown-15m-1768952700,1768952700,840,0.14,0.15,0.145,0.01,318.98,322,0.85,0.86,0
btc-updown-15m-1768952700,1768952700,845,0.15,0.16,0.155,0.01,146,106,0.84,0.85,7
btc-updown-15m-1768952700,1768952700,850,0.12,0.13,0.125,0.01,707.81,380.92,0.87,0.88,27
btc-updown-15m-1768952700,1768952700,855,0.07,0.08,0.075,0.01,397.54,653,0.92,0.93,33
btc-updown-15m-1768952700,1768952700,860,0.07,0.08,0.075,0.01,164.93,343,0.92,0.93,1
btc-updown-15m-1768952700,1768952700,865,0.07,0.09,0.08,0.02,35,448,0.91,0.93,1
btc-updown-15m-1768952700,1768952700,870,0.03,0.04,0.035,0.01,15035.82,661.69,0.96,0.97,3
btc-updown-15m-1768952700,1768952700,875,0.02,0.03,0.025,0.01,12579.06,1423.61,0.97,0.98,26
btc-updown-15m-1768952700,1768952700,880,0.01,0.02,0.015,0.01,14451.08,2938.15,0.98,0.99,4
btc-updown-15m-1768952700,1768952700,885,0.01,0.02,0.015,0.01,14633.51,3420.18,0.98,0.99,11
btc-updown-15m-1768952700,1768952700,890,0.01,0.02,0.015,0.01,11938.63,3385.31,0.98,0.99,94
btc-updown-15m-1768952700,1768952700,895,0.01,0.02,0.015,0.01,7932.77,3857.35,0.98,0.99,71
btc-updown-15m-1768952700,1768952700,897,0.01,0.02,0.015,0.01,6032.73,4104.27,0.98,0.99,10
btc-updown-15m-1768952700,1768952700,899,0.01,0.02,0.015,0.01,921.93,4032.71,0.98,0.99,4
btc-updown-15m-1768952700,1768952700,900,,0.01,,,0,15285.33,0.99,,30
btc-updown-15m-1768963500,1768963500,0,0.5,0.53,0.515,0.03,4234.83,7680.83,0.47,0.5,35
btc-updown-15m-1768963500,1768963500,15,0.5,0.51,0.505,0.01,1932,6630.3,0.49,0.5,5
btc-updown-15m-1768963500,1768963500,30,0.47,0.48,0.475,0.01,2363.1,1289.79,0.52,0.53,90
btc-updown-15m-1768963500,1768963500,45,0.52,0.53,0.525,0.01,1130.03,6041.21,0.47,0.48,59
btc-updown-15m-1768963500,1768963500,60,0.57,0.58,0.575,0.01,1414.05,1609.69,0.42,0.43,128
btc-updown-15m-1768963500,1768963500,75,0.55,0.56,0.555,0.01,665.81,2180.33,0.44,0.45,1
btc-updown-15m-1768963500,1768963500,90,0.53,0.54,0.535,0.01,1835.47,5564.3,0.46,0.47,66
btc-updown-15m-1768963500,1768963500,105,0.59,0.6,0.595,0.01,964.85,5837.39,0.4,0.41,11
btc-updown-15m-1768963500,1768963500,120,0.6,0.61,0.605,0.01,868.19,264,0.39,0.4,3
btc-updown-15m-1768963500,1768963500,135,0.63,0.64,0.635,0.01,1030.71,3895.18,0.36,0.37,17
btc-updown-15m-1768963500,1768963500,150,0.64,0.65,0.645,0.01,1082.17,3896.81,0.35,0.36,7
btc-updown-15m-1768963500,1768963500,165,0.66,0.67,0.665,0.01,1568.4,1450.46,0.33,0.34,15
btc-updown-15m-1768963500,1768963500,180,0.66,0.67,0.665,0.01,1069.23,950.39,0.33,0.34,12
btc-updown-15m-1768963500,1768963500,195,0.56,0.57,0.565,0.01,1073.53,492.5,0.43,0.44,8
btc-updown-15m-1768963500,1768963500,210,0.54,0.55,0.545,0.01,1558.24,1029.39,0.45,0.46,47
btc-updown-15m-1768963500,1768963500,225,0.56,0.57,0.565,0.01,2018.27,1999.2,0.43,0.44,28
btc-updown-15m-1768963500,1768963500,240,0.63,0.64,0.635,0.01,569.02,2276.31,0.36,0.37,47
btc-updown-15m-1768963500,1768963500,255,0.7,0.71,0.705,0.01,639.51,3529.47,0.29,0.3,1
btc-updown-15m-1768963500,1768963500,270,0.67,0.68,0.675,0.01,542.02,1780.7,0.32,0.33,5
btc-updown-15m-1768963500,1768963500,285,0.63,0.64,0.635,0.01,1929.62,1562.37,0.36,0.37,26
btc-updown-15m-1768963500,1768963500,300,0.6,0.61,0.605,0.01,364.42,1606,0.39,0.4,0
btc-updown-15m-1768963500,1768963500,315,0.6,0.61,0.605,0.01,603.38,2238.3,0.39,0.4,1
btc-updown-15m-1768963500,1768963500,330,0.51,0.52,0.515,0.01,456.35,181.6,0.48,0.49,24
btc-updown-15m-1768963500,1768963500,345,0.5,0.51,0.505,0.01,483.8,808.29,0.49,0.5,4
btc-updown-15m-1768963500,1768963500,360,0.44,0.45,0.445,0.01,492.7,1150.27,0.55,0.56,35
btc-updown-15m-1768963500,1768963500,375,0.45,0.46,0.455,0.01,467.3,578.08,0.54,0.55,1
btc-updown-15m-1768963500,1768963500,390,0.45,0.46,0.455,0.01,482.77,816.32,0.54,0.55,18
btc-updown-15m-1768963500,1768963500,405,0.4,0.41,0.405,0.01,5142.05,1682.17,0.59,0.6,13
btc-updown-15m-1768963500,1768963500,420,0.4,0.41,0.405,0.01,1226.61,1153.79,0.59,0.6,0
btc-updown-15m-1768963500,1768963500,435,0.3,0.31,0.305,0.01,1245.93,1132.45,0.69,0.7,14
btc-updown-15m-1768963500,1768963500,450,0.49,0.5,0.495,0.01,847.52,515.03,0.5,0.51,33
btc-updown-15m-1768963500,1768963500,465,0.49,0.5,0.495,0.01,1163.97,4867.37,0.5,0.51,12
btc-updown-15m-1768963500,1768963500,480,0.4,0.41,0.405,0.01,511,554.19,0.59,0.6,0
btc-updown-15m-1768963500,1768963500,495,0.41,0.42,0.415,0.01,390.95,477.78,0.58,0.59,86
btc-updown-15m-1768963500,1768963500,510,0.37,0.38,0.375,0.01,483.73,940.9,0.62,0.63,40
btc-updown-15m-1768963500,1768963500,525,0.34,0.36,0.35,0.02,491.23,405.38,0.64,0.66,0
btc-updown-15m-1768963500,1768963500,540,0.44,0.45,0.445,0.01,825.8,765.27,0.55,0.56,151
btc-updown-15m-1768963500,1768963500,555,0.45,0.46,0.455,0.01,524.8,461.25,0.54,0.55,6
btc-updown-15m-1768963500,1768963500,570,0.33,0.34,0.335,0.01,288.78,299.17,0.66,0.67,12
btc-updown-15m-1768963500,1768963500,585,0.36,0.37,0.365,0.01,1266.36,548.72,0.63,0.64,24
btc-updown-15m-1768963500,1768963500,600,0.4,0.41,0.405,0.01,305.97,1520.41,0.59,0.6,37
btc-updown-15m-1768963500,1768963500,615,0.67,0.68,0.675,0.01,487.35,295.05,0.32,0.33,12
btc-updown-15m-1768963500,1768963500,630,0.52,0.53,0.525,0.01,104,682.79,0.47,0.48,0
btc-updown-15m-1768963500,1768963500,645,0.46,0.47,0.465,0.01,515.8,627.57,0.53,0.54,21
btc-updown-15m-1768963500,1768963500,660,0.31,0.32,0.315,0.01,289.85,228.44,0.68,0.69,15
btc-updown-15m-1768963500,1768963500,675,0.26,0.27,0.265,0.01,589.57,346,0.73,0.74,31
btc-updown-15m-1768963500,1768963500,690,0.33,0.34,0.335,0.01,587.38,410.35,0.66,0.67,32
btc-updown-15m-1768963500,1768963500,705,0.21,0.22,0.215,0.01,648.67,1338.34,0.78,0.79,12
btc-updown-15m-1768963500,1768963500,720,0.22,0.23,0.225,0.01,699.79,409.77,0.77,0.78,4
btc-updown-15m-1768963500,1768963500,735,0.18,0.19,0.185,0.01,1524.1,1620.37,0.81,0.82,17
btc-updown-15m-1768963500,1768963500,750,0.3,0.31,0.305,0.01,406.57,486.65,0.69,0.7,3
btc-updown-15m-1768963500,1768963500,765,0.2,0.21,0.205,0.01,767.44,254.87,0.79,0.8,20
btc-updown-15m-1768963500,1768963500,780,0.15,0.16,0.155,0.01,894.13,1896,0.84,0.85,5
btc-updown-15m-1768963500,1768963500,795,0.1,0.11,0.105,0.01,4160.53,1355.62,0.89,0.9,26
btc-updown-15m-1768963500,1768963500,810,0.08,0.09,0.085,0.01,1126.18,1411,0.91,0.92,2
btc-updown-15m-1768963500,1768963500,825,0.15,0.16,0.155,0.01,1332.58,490.75,0.84,0.85,19
btc-updown-15m-1768963500,1768963500,840,0.13,0.14,0.135,0.01,971.67,206.93,0.86,0.87,2
btc-updown-15m-1768963500,1768963500,845,0.13,0.14,0.135,0.01,654.37,647.17,0.86,0.87,7
btc-updown-15m-1768963500,1768963500,850,0.1,0.11,0.105,0.01,2209.32,907.93,0.89,0.9,0
btc-updown-15m-1768963500,1768963500,855,0.09,0.1,0.095,0.01,407.61,414,0.9,0.91,27
btc-updown-15m-1768963500,1768963500,860,0.05,0.06,0.055,0.01,2322.26,108,0.94,0.95,47
btc-updown-15m-1768963500,1768963500,865,0.03,0.05,0.04,0.02,14293.54,791,0.95,0.97,18
btc-updown-15m-1768963500,1768963500,870,0.02,0.03,0.025,0.01,10859.06,423.2,0.97,0.98,27
btc-updown-15m-1768963500,1768963500,875,0.01,0.02,0.015,0.01,7716.76,2227.82,0.98,0.99,4
btc-updown-15m-1768963500,1768963500,880,0.01,0.02,0.015,0.01,6054.13,1823.85,0.98,0.99,17
btc-updown-15m-1768963500,1768963500,885,,0.01,,,0,11184.92,0.99,,0
btc-updown-15m-1768963500,1768963500,890,,0.01,,,0,10730.17,0.99,,11
btc-updown-15m-1768963500,1768963500,895,,0.01,,,0,10794.01,0.99,,381
btc-updown-15m-1768963500,1768963500,897,,0.01,,,0,10221.91,0.99,,89
btc-updown-15m-1768963500,1768963500,899,,0.01,,,0,15699.11,0.99,,12
btc-updown-15m-1768963500,1768963500,900,,0.01,,,0,23361.54,0.99,,159
btc-updown-15m-1768973400,1768973400,0,0.44,0.45,0.445,0.01,3341.98,2777.79,0.55,0.56,50
btc-updown-15m-1768973400,1768973400,15,0.51,0.52,0.515,0.01,794.67,337.88,0.48,0.49,78
btc-updown-15m-1768973400,1768973400,30,0.53,0.54,0.535,0.01,1014.33,1334.07,0.46,0.47,0
btc-updown-15m-1768973400,1768973400,45,0.58,0.59,0.585,0.01,965.1,257.8,0.41,0.42,19
btc-updown-15m-1768973400,1768973400,60,0.61,0.62,0.615,0.01,876.16,1296.82,0.38,0.39,70
btc-updown-15m-1768973400,1768973400,75,0.59,0.6,0.595,0.01,1330.71,1370.45,0.4,0.41,52
btc-updown-15m-1768973400,1768973400,90,0.57,0.58,0.575,0.01,381.59,1310.36,0.42,0.43,1
btc-updown-15m-1768973400,1768973400,105,0.62,0.63,0.625,0.01,1401.54,1173.23,0.37,0.38,0
btc-updown-15m-1768973400,1768973400,120,0.59,0.6,0.595,0.01,1997.15,2969.72,0.4,0.41,21
btc-updown-15m-1768973400,1768973400,135,0.67,0.68,0.675,0.01,1017.78,882.43,0.32,0.33,4
btc-updown-15m-1768973400,1768973400,150,0.81,0.82,0.815,0.01,1738.07,1307.89,0.18,0.19,0
btc-updown-15m-1768973400,1768973400,165,0.8,0.81,0.805,0.01,1415,1169.86,0.19,0.2,0
btc-updown-15m-1768973400,1768973400,180,0.79,0.8,0.795,0.01,1952.25,698.33,0.2,0.21,19
btc-updown-15m-1768973400,1768973400,195,0.81,0.82,0.815,0.01,1866.95,877.75,0.18,0.19,28
btc-updown-15m-1768973400,1768973400,210,0.77,0.78,0.775,0.01,1561.67,1458.47,0.22,0.23,24
btc-updown-15m-1768973400,1768973400,225,0.79,0.8,0.795,0.01,3862.17,1243.87,0.2,0.21,8
btc-updown-15m-1768973400,1768973400,240,0.8,0.81,0.805,0.01,4419.31,1186.46,0.19,0.2,50
btc-updown-15m-1768973400,1768973400,255,0.8,0.81,0.805,0.01,3890.58,1165.71,0.19,0.2,19
btc-updown-15m-1768973400,1768973400,270,0.82,0.83,0.825,0.01,2176.5,1793.43,0.17,0.18,3
btc-updown-15m-1768973400,1768973400,285,0.84,0.85,0.845,0.01,1520.86,1604.75,0.15,0.16,33
btc-updown-15m-1768973400,1768973400,300,0.82,0.83,0.825,0.01,1733.11,1344.35,0.17,0.18,46
btc-updown-15m-1768973400,1768973400,315,0.83,0.84,0.835,0.01,1062.37,1547.34,0.16,0.17,2
btc-updown-15m-1768973400,1768973400,330,0.83,0.84,0.835,0.01,1225.4,1135.33,0.16,0.17,1
btc-updown-15m-1768973400,1768973400,345,0.83,0.84,0.835,0.01,2050.69,814,0.16,0.17,23
btc-updown-15m-1768973400,1768973400,360,0.87,0.88,0.875,0.01,1202.8,1848.22,0.12,0.13,114
btc-updown-15m-1768973400,1768973400,375,0.91,0.92,0.915,0.01,1132.88,1726.11,0.08,0.09,3
btc-updown-15m-1768973400,1768973400,390,0.92,0.93,0.925,0.01,1587.56,2935.89,0.07,0.08,39
btc-updown-15m-1768973400,1768973400,405,0.93,0.94,0.935,0.01,2010.77,1998.12,0.06,0.07,1
btc-updown-15m-1768973400,1768973400,420,0.95,0.96,0.955,0.01,1711.76,5723,0.04,0.05,0
btc-updown-15m-1768973400,1768973400,435,0.95,0.96,0.955,0.01,2065.09,5189.56,0.04,0.05,109
btc-updown-15m-1768973400,1768973400,450,0.98,0.99,0.985,0.01,3013.5,2938.61,0.01,0.02,13
btc-updown-15m-1768973400,1768973400,465,0.97,0.98,0.975,0.01,3095.34,3594.46,0.02,0.03,51
btc-updown-15m-1768973400,1768973400,480,0.97,0.98,0.975,0.01,2571.12,3455.54,0.02,0.03,28
btc-updown-15m-1768973400,1768973400,495,0.97,0.98,0.975,0.01,2475.42,3442.65,0.02,0.03,10
btc-updown-15m-1768973400,1768973400,510,0.98,0.99,0.985,0.01,2635.86,2427.29,0.01,0.02,46
btc-updown-15m-1768973400,1768973400,525,0.99,,,,11869.71,0,,0.01,25
btc-updown-15m-1768973400,1768973400,540,0.99,0.998,0.994,0.008,7799.91,275,0.002,0.01,178
btc-updown-15m-1768973400,1768973400,555,0.993,0.996,0.9945,0.003,1776.41,400,0.004,0.007,20
btc-updown-15m-1768973400,1768973400,570,0.992,0.994,0.993,0.002,9848.29,1660.5,0.006,0.008,13
btc-updown-15m-1768973400,1768973400,585,0.992,0.995,0.9935,0.003,9649.29,2505.39,0.005,0.008,19
btc-updown-15m-1768973400,1768973400,600,0.99,0.992,0.991,0.002,11322.51,2658,0.008,0.01,7
btc-updown-15m-1768973400,1768973400,615,0.991,0.995,0.993,0.004,17974.52,2071.4,0.005,0.009,577
btc-updown-15m-1768973400,1768973400,630,0.991,0.996,0.9935,0.005,16574.57,8173.56,0.004,0.009,18
btc-updown-15m-1768973400,1768973400,645,0.991,0.996,0.9935,0.005,14113.57,7925.27,0.004,0.009,45
btc-updown-15m-1768973400,1768973400,660,0.992,0.996,0.994,0.004,17143.52,9003.81,0.004,0.008,95
btc-updown-15m-1768973400,1768973400,675,0.994,0.996,0.995,0.002,6167.21,8157.44,0.004,0.006,74
btc-updown-15m-1768973400,1768973400,690,0.996,0.998,0.997,0.002,3091.13,2888.09,0.002,0.004,83
btc-updown-15m-1768973400,1768973400,705,0.995,,,,2017.35,0,,0.005,32
btc-updown-15m-1768973400,1768973400,720,0.997,,,,6778.58,0,,0.003,85
btc-updown-15m-1768973400,1768973400,735,0.999,,,,17936.89,0,,0.001,30
btc-updown-15m-1768973400,1768973400,750,0.999,,,,18705.2,0,,0.001,13
btc-updown-15m-1768973400,1768973400,765,0.999,,,,17705.2,0,,0.001,7
btc-updown-15m-1768973400,1768973400,780,0.999,,,,17699.35,0,,0.001,101
btc-updown-15m-1768973400,1768973400,795,0.999,,,,37595.81,0,,0.001,18
btc-updown-15m-1768973400,1768973400,810,0.999,,,,36321.35,0,,0.001,156
btc-updown-15m-1768973400,1768973400,825,0.999,,,,36296.47,0,,0.001,129
btc-updown-15m-1768973400,1768973400,840,0.999,,,,36296.47,0,,0.001,138
btc-updown-15m-1768973400,1768973400,845,0.999,,,,36296.47,0,,0.001,174
btc-updown-15m-1768973400,1768973400,850,0.999,,,,36301.47,0,,0.001,91
btc-updown-15m-1768973400,1768973400,855,0.999,,,,36299.02,0,,0.001,80
btc-updown-15m-1768973400,1768973400,860,0.999,,,,36299.02,0,,0.001,44
btc-updown-15m-1768973400,1768973400,865,0.999,,,,36497.8,0,,0.001,182
btc-updown-15m-1768973400,1768973400,870,0.999,,,,36497.8,0,,0.001,489
btc-updown-15m-1768973400,1768973400,875,0.999,,,,36497.8,0,,0.001,8
btc-updown-15m-1768973400,1768973400,880,0.999,,,,36497.8,0,,0.001,77
btc-updown-15m-1768973400,1768973400,885,0.999,,,,36734.08,0,,0.001,72
btc-updown-15m-1768973400,1768973400,890,0.999,,,,37109.9,0,,0.001,97
btc-updown-15m-1768973400,1768973400,895,0.999,,,,47169.96,0,,0.001,17
btc-updown-15m-1768973400,1768973400,897,0.999,,,,48220.96,0,,0.001,12
btc-updown-15m-1768973400,1768973400,899,0.999,,,,50220.96,0,,0.001,131
btc-updown-15m-1768973400,1768973400,900,0.999,,,,50285.71,0,,0.001,32
btc-updown-15m-1768984200,1768984200,0,0.51,0.52,0.515,0.01,280.64,2767.18,0.48,0.49,61
btc-updown-15m-1768984200,1768984200,15,0.54,0.55,0.545,0.01,874.23,958.39,0.45,0.46,7
btc-updown-15m-1768984200,1768984200,30,0.54,0.55,0.545,0.01,1154,589.07,0.45,0.46,10
btc-updown-15m-1768984200,1768984200,45,0.56,0.57,0.565,0.01,1139.8,1446.99,0.43,0.44,1
btc-updown-15m-1768984200,1768984200,60,0.62,0.63,0.625,0.01,905.91,1500.68,0.37,0.38,21
btc-updown-15m-1768984200,1768984200,75,0.51,0.52,0.515,0.01,654.98,996.26,0.48,0.49,5
btc-updown-15m-1768984200,1768984200,90,0.45,0.46,0.455,0.01,1100.81,1925.52,0.54,0.55,57
btc-updown-15m-1768984200,1768984200,105,0.46,0.47,0.465,0.01,871.42,897.05,0.53,0.54,5
btc-updown-15m-1768984200,1768984200,120,0.47,0.48,0.475,0.01,1005.75,1236.21,0.52,0.53,14
btc-updown-15m-1768984200,1768984200,135,0.57,0.58,0.575,0.01,981.07,1640.12,0.42,0.43,44
btc-updown-15m-1768984200,1768984200,150,0.58,0.59,0.585,0.01,1498.78,2060.06,0.41,0.42,57
btc-updown-15m-1768984200,1768984200,165,0.58,0.59,0.585,0.01,1561.11,1652.12,0.41,0.42,133
btc-updown-15m-1768984200,1768984200,180,0.62,0.63,0.625,0.01,1107.08,1036.03,0.37,0.38,0
btc-updown-15m-1768984200,1768984200,195,0.66,0.67,0.665,0.01,1488.37,893.92,0.33,0.34,3
btc-updown-15m-1768984200,1768984200,210,0.61,0.62,0.615,0.01,1354.58,750.44,0.38,0.39,2
btc-updown-15m-1768984200,1768984200,225,0.58,0.59,0.585,0.01,949.14,1437.32,0.41,0.42,7
btc-updown-15m-1768984200,1768984200,240,0.64,0.65,0.645,0.01,1426.16,725.22,0.35,0.36,14
btc-updown-15m-1768984200,1768984200,255,0.63,0.65,0.64,0.02,1610.57,1635.49,0.35,0.37,6
btc-updown-15m-1768984200,1768984200,270,0.64,0.65,0.645,0.01,1470.25,959.6,0.35,0.36,18
btc-updown-15m-1768984200,1768984200,285,0.69,0.7,0.695,0.01,967.68,1186.02,0.3,0.31,0
btc-updown-15m-1768984200,1768984200,300,0.69,0.7,0.695,0.01,1151.68,1819.03,0.3,0.31,9
btc-updown-15m-1768984200,1768984200,315,0.62,0.63,0.625,0.01,1297.97,874.1,0.37,0.38,3
btc-updown-15m-1768984200,1768984200,330,0.63,0.64,0.635,0.01,1351.82,815,0.36,0.37,16
btc-updown-15m-1768984200,1768984200,345,0.49,0.5,0.495,0.01,1189.6,1230.49,0.5,0.51,8
btc-updown-15m-1768984200,1768984200,360,0.48,0.49,0.485,0.01,1484,841.25,0.51,0.52,30
btc-updown-15m-1768984200,1768984200,375,0.41,0.42,0.415,0.01,1263.47,666.52,0.58,0.59,7
btc-updown-15m-1768984200,1768984200,390,0.44,0.45,0.445,0.01,690.64,1688.12,0.55,0.56,28
btc-updown-15m-1768984200,1768984200,405,0.27,0.28,0.275,0.01,1441.09,1341.68,0.72,0.73,8
btc-updown-15m-1768984200,1768984200,420,0.09,0.1,0.095,0.01,1407.49,972.37,0.9,0.91,11
btc-updown-15m-1768984200,1768984200,435,0.21,0.22,0.215,0.01,561.97,1646.89,0.78,0.79,8
btc-updown-15m-1768984200,1768984200,450,0.18,0.2,0.19,0.02,827.3,1304.01,0.8,0.82,11
btc-updown-15m-1768984200,1768984200,465,0.12,0.13,0.125,0.01,637.87,448,0.87,0.88,7
btc-updown-15m-1768984200,1768984200,480,0.08,0.09,0.085,0.01,2765.08,527.29,0.91,0.92,53
btc-updown-15m-1768984200,1768984200,495,0.05,0.06,0.055,0.01,3451.95,966.61,0.94,0.95,14
btc-updown-15m-1768984200,1768984200,510,0.04,0.05,0.045,0.01,4871.91,550.16,0.95,0.96,8
btc-updown-15m-1768984200,1768984200,525,0.04,0.05,0.045,0.01,4808.46,1947.59,0.95,0.96,77
btc-updown-15m-1768984200,1768984200,540,0.05,0.06,0.055,0.01,1298.29,2092.38,0.94,0.95,27
btc-updown-15m-1768984200,1768984200,555,0.05,0.06,0.055,0.01,1207.57,2050.8,0.94,0.95,2
btc-updown-15m-1768984200,1768984200,570,0.05,0.06,0.055,0.01,1156.01,2400.4,0.94,0.95,5
btc-updown-15m-1768984200,1768984200,585,0.04,0.05,0.045,0.01,4586.34,2170.35,0.95,0.96,0
btc-updown-15m-1768984200,1768984200,600,0.02,0.03,0.025,0.01,18834.89,1096.02,0.97,0.98,3
btc-updown-15m-1768984200,1768984200,615,0.04,0.06,0.05,0.02,3265.02,2350.63,0.94,0.96,7
btc-updown-15m-1768984200,1768984200,630,0.04,0.05,0.045,0.01,2977.42,3076.47,0.95,0.96,13
btc-updown-15m-1768984200,1768984200,645,0.03,0.04,0.035,0.01,18557.3,3439.84,0.96,0.97,88
btc-updown-15m-1768984200,1768984200,660,0.03,0.04,0.035,0.01,18508.26,2928.54,0.96,0.97,2
btc-updown-15m-1768984200,1768984200,675,0.02,0.03,0.025,0.01,18024.04,4815.45,0.97,0.98,126
btc-updown-15m-1768984200,1768984200,690,0.02,0.03,0.025,0.01,17565.89,4206.87,0.97,0.98,9
btc-updown-15m-1768984200,1768984200,705,0.02,0.03,0.025,0.01,16937.88,4315.8,0.97,0.98,142
btc-updown-15m-1768984200,1768984200,720,0.02,0.03,0.025,0.01,16417.46,4287.14,0.97,0.98,5
btc-updown-15m-1768984200,1768984200,735,0.01,0.02,0.015,0.01,12979.72,4616.09,0.98,0.99,14
btc-updown-15m-1768984200,1768984200,750,0.01,0.02,0.015,0.01,11062.84,3765.79,0.98,0.99,9
btc-updown-15m-1768984200,1768984200,765,0.01,0.02,0.015,0.01,10442.62,3415.5,0.98,0.99,48
btc-updown-15m-1768984200,1768984200,780,0.01,0.02,0.015,0.01,9419.69,5323.54,0.98,0.99,109
btc-updown-15m-1768984200,1768984200,795,0.01,0.02,0.015,0.01,3768.07,5364.34,0.98,0.99,1
btc-updown-15m-1768984200,1768984200,810,,0.01,,,0,5625.77,0.99,,30
btc-updown-15m-1768984200,1768984200,825,,0.01,,,0,14980.13,0.99,,1
btc-updown-15m-1768984200,1768984200,840,,0.01,,,0,24355.65,0.99,,196
btc-updown-15m-1768984200,1768984200,845,,0.01,,,0,26814.07,0.99,,158
btc-updown-15m-1768984200,1768984200,850,,0.01,,,0,26867.07,0.99,,56
btc-updown-15m-1768984200,1768984200,855,0.002,0.01,0.006,0.008,200,26498.77,0.99,0.998,77
btc-updown-15m-1768984200,1768984200,860,0.001,0.002,0.0015,0.001,387.94,25115.34,0.998,0.999,212
btc-updown-15m-1768984200,1768984200,865,0.001,0.009,0.005,0.008,357.66,26170.58,0.991,0.999,115
btc-updown-15m-1768984200,1768984200,870,,0.001,,,0,3345.34,0.999,,118
btc-updown-15m-1768984200,1768984200,875,0.001,0.005,0.003,0.004,265.5,6346.25,0.995,0.999,463
btc-updown-15m-1768984200,1768984200,880,,0.001,,,0,2650.82,0.999,,70
btc-updown-15m-1768984200,1768984200,885,,0.001,,,0,6831.89,0.999,,168
btc-updown-15m-1768984200,1768984200,890,,0.001,,,0,5944.79,0.999,,31
btc-updown-15m-1768984200,1768984200,895,,0.001,,,0,7916.8,0.999,,179
btc-updown-15m-1768984200,1768984200,897,,0.001,,,0,12771.25,0.999,,78
btc-updown-15m-1768984200,1768984200,899,,0.001,,,0,17901.5,0.999,,18
btc-updown-15m-1768984200,1768984200,900,,0.001,,,0,17911.5,0.999,,161
btc-updown-15m-1768994100,1768994100,0,0.52,0.53,0.525,0.01,412.8,3805,0.47,0.48,4
btc-updown-15m-1768994100,1768994100,15,0.47,0.48,0.475,0.01,1395.66,2811.18,0.52,0.53,8
btc-updown-15m-1768994100,1768994100,30,0.53,0.54,0.535,0.01,2556.9,5114.68,0.46,0.47,10
btc-updown-15m-1768994100,1768994100,45,0.58,0.59,0.585,0.01,2737.57,5398.01,0.41,0.42,5
btc-updown-15m-1768994100,1768994100,60,0.52,0.53,0.525,0.01,2617.06,5040.54,0.47,0.48,11
btc-updown-15m-1768994100,1768994100,75,0.42,0.43,0.425,0.01,5701.15,2259.26,0.57,0.58,2
btc-updown-15m-1768994100,1768994100,90,0.49,0.5,0.495,0.01,453.35,1965.86,0.5,0.51,0
btc-updown-15m-1768994100,1768994100,105,0.38,0.39,0.385,0.01,4592.49,2461.38,0.61,0.62,28
btc-updown-15m-1768994100,1768994100,120,0.39,0.4,0.395,0.01,3718.3,3837.44,0.6,0.61,17
btc-updown-15m-1768994100,1768994100,135,0.43,0.44,0.435,0.01,4764.09,1433.5,0.56,0.57,14
btc-updown-15m-1768994100,1768994100,150,0.43,0.44,0.435,0.01,5323.78,1699.6,0.56,0.57,6
btc-updown-15m-1768994100,1768994100,165,0.49,0.5,0.495,0.01,731.39,3212.97,0.5,0.51,16
btc-updown-15m-1768994100,1768994100,180,0.52,0.53,0.525,0.01,1369.59,6366.14,0.47,0.48,0
btc-updown-15m-1768994100,1768994100,195,0.48,0.49,0.485,0.01,5086.78,5232.63,0.51,0.52,23
btc-updown-15m-1768994100,1768994100,210,0.48,0.49,0.485,0.01,3975.5,718.13,0.51,0.52,7
btc-updown-15m-1768994100,1768994100,225,0.49,0.5,0.495,0.01,5786.73,413.03,0.5,0.51,0
btc-updown-15m-1768994100,1768994100,240,0.5,0.51,0.505,0.01,3288.27,970.16,0.49,0.5,2
btc-updown-15m-1768994100,1768994100,255,0.64,0.65,0.645,0.01,1908.71,4317.08,0.35,0.36,30
btc-updown-15m-1768994100,1768994100,270,0.65,0.66,0.655,0.01,5395.5,4641.17,0.34,0.35,13
btc-updown-15m-1768994100,1768994100,285,0.76,0.77,0.765,0.01,5223.36,4312.52,0.23,0.24,3
btc-updown-15m-1768994100,1768994100,300,0.78,0.79,0.785,0.01,5083.97,1332.25,0.21,0.22,4
btc-updown-15m-1768994100,1768994100,315,0.81,0.82,0.815,0.01,2431.32,3466.89,0.18,0.19,1
btc-updown-15m-1768994100,1768994100,330,0.79,0.8,0.795,0.01,3413.8,3399.43,0.2,0.21,6
btc-updown-15m-1768994100,1768994100,345,0.83,0.84,0.835,0.01,2837.99,5819.47,0.16,0.17,0
btc-updown-15m-1768994100,1768994100,360,0.82,0.83,0.825,0.01,5580.8,4665.42,0.17,0.18,30
btc-updown-15m-1768994100,1768994100,375,0.83,0.84,0.835,0.01,2871.33,2954.85,0.16,0.17,2
btc-updown-15m-1768994100,1768994100,390,0.84,0.85,0.845,0.01,4798.63,1480.3,0.15,0.16,34
btc-updown-15m-1768994100,1768994100,405,0.84,0.85,0.845,0.01,5251.89,4402.85,0.15,0.16,2
btc-updown-15m-1768994100,1768994100,420,0.84,0.85,0.845,0.01,4691.62,3675.61,0.15,0.16,14
btc-updown-15m-1768994100,1768994100,435,0.81,0.82,0.815,0.01,1339.57,720,0.18,0.19,5
btc-updown-15m-1768994100,1768994100,450,0.79,0.8,0.795,0.01,3066.72,1521.3,0.2,0.21,43
btc-updown-15m-1768994100,1768994100,465,0.84,0.85,0.845,0.01,2926.55,2506.16,0.15,0.16,4
btc-updown-15m-1768994100,1768994100,480,0.84,0.85,0.845,0.01,5359,2343.98,0.15,0.16,98
btc-updown-15m-1768994100,1768994100,495,0.85,0.87,0.86,0.02,4630.3,1885.45,0.13,0.15,24
btc-updown-15m-1768994100,1768994100,510,0.82,0.83,0.825,0.01,2348.35,2115.15,0.17,0.18,13
btc-updown-15m-1768994100,1768994100,525,0.79,0.8,0.795,0.01,3531.3,2434.37,0.2,0.21,19
btc-updown-15m-1768994100,1768994100,540,0.79,0.8,0.795,0.01,5113.8,1567.97,0.2,0.21,15
btc-updown-15m-1768994100,1768994100,555,0.87,0.88,0.875,0.01,2762.88,1045.7,0.12,0.13,45
btc-updown-15m-1768994100,1768994100,570,0.84,0.85,0.845,0.01,5221.19,1659.66,0.15,0.16,93
btc-updown-15m-1768994100,1768994100,585,0.85,0.87,0.86,0.02,5424.86,6345.19,0.13,0.15,162
btc-updown-15m-1768994100,1768994100,600,0.86,0.87,0.865,0.01,5540.95,2722.1,0.13,0.14,14
btc-updown-15m-1768994100,1768994100,615,0.85,0.86,0.855,0.01,3219.8,1138.78,0.14,0.15,1
btc-updown-15m-1768994100,1768994100,630,0.87,0.88,0.875,0.01,3398.24,839.73,0.12,0.13,88
btc-updown-15m-1768994100,1768994100,645,0.89,0.9,0.895,0.01,3037.81,654.26,0.1,0.11,30
btc-updown-15m-1768994100,1768994100,660,0.89,0.9,0.895,0.01,735.46,3173.57,0.1,0.11,39
btc-updown-15m-1768994100,1768994100,675,0.91,0.92,0.915,0.01,3148.91,469.4,0.08,0.09,3
btc-updown-15m-1768994100,1768994100,690,0.93,0.94,0.935,0.01,637.69,3831.02,0.06,0.07,390
btc-updown-15m-1768994100,1768994100,705,0.93,0.94,0.935,0.01,704,3934.23,0.06,0.07,1
btc-updown-15m-1768994100,1768994100,720,0.93,0.94,0.935,0.01,3026.95,3180.45,0.06,0.07,32
btc-updown-15m-1768994100,1768994100,735,0.94,0.95,0.945,0.01,727.88,3853.86,0.05,0.06,52
btc-updown-15m-1768994100,1768994100,750,0.94,0.96,0.95,0.02,771.38,7792.3,0.04,0.06,0
btc-updown-15m-1768994100,1768994100,765,0.84,0.85,0.845,0.01,1962.06,89,0.15,0.16,23
btc-updown-15m-1768994100,1768994100,780,0.84,0.85,0.845,0.01,2571,245.79,0.15,0.16,20
btc-updown-15m-1768994100,1768994100,795,0.9,0.91,0.905,0.01,464.28,341,0.09,0.1,12
btc-updown-15m-1768994100,1768994100,810,0.92,0.93,0.925,0.01,2504,2983.7,0.07,0.08,4
btc-updown-15m-1768994100,1768994100,825,0.95,0.96,0.955,0.01,437.44,3891.21,0.04,0.05,2
btc-updown-15m-1768994100,1768994100,840,0.88,0.89,0.885,0.01,2534.18,78,0.11,0.12,14
btc-updown-15m-1768994100,1768994100,845,0.88,0.9,0.89,0.02,666,495.59,0.1,0.12,15
btc-updown-15m-1768994100,1768994100,850,0.89,0.91,0.9,0.02,707.14,444.05,0.09,0.11,8
btc-updown-15m-1768994100,1768994100,855,0.95,0.96,0.955,0.01,427.71,3712.72,0.04,0.05,38
btc-updown-15m-1768994100,1768994100,860,0.95,0.97,0.96,0.02,589,13158.28,0.03,0.05,21
btc-updown-15m-1768994100,1768994100,865,0.98,0.99,0.985,0.01,773.98,10359.96,0.01,0.02,9
btc-updown-15m-1768994100,1768994100,870,0.96,0.98,0.97,0.02,525,11038.6,0.02,0.04,58
btc-updown-15m-1768994100,1768994100,875,0.97,0.98,0.975,0.01,250.23,10849.21,0.02,0.03,5
btc-updown-15m-1768994100,1768994100,880,0.83,0.9,0.865,0.07,41.31,237,0.1,0.17,9
btc-updown-15m-1768994100,1768994100,885,0.97,0.98,0.975,0.01,194.13,9676.24,0.02,0.03,1
btc-updown-15m-1768994100,1768994100,890,0.97,0.98,0.975,0.01,754.61,9206.7,0.02,0.03,50
btc-updown-15m-1768994100,1768994100,895,0.98,0.99,0.985,0.01,2190.36,7088.06,0.01,0.02,83
btc-updown-15m-1768994100,1768994100,897,0.98,0.99,0.985,0.01,1612.46,5802.61,0.01,0.02,111
btc-updown-15m-1768994100,1768994100,899,0.98,0.99,0.985,0.01,1566.46,3437.25,0.01,0.02,72
btc-updown-15m-1768994100,1768994100,900,0.98,0.99,0.985,0.01,1305.66,1414.21,0.01,0.02,12
btc-updown-15m-1769006700,1769006700,0,0.43,0.45,0.44,0.02,624.45,7375.42,0.55,0.57,14
btc-updown-15m-1769006700,1769006700,15,0.47,0.48,0.475,0.01,5981.02,4061.5,0.52,0.53,15
btc-updown-15m-1769006700,1769006700,30,0.46,0.47,0.465,0.01,5340.67,5095.48,0.53,0.54,70
btc-updown-15m-1769006700,1769006700,45,0.46,0.47,0.465,0.01,2868.41,832.29,0.53,0.54,0
btc-updown-15m-1769006700,1769006700,60,0.35,0.36,0.355,0.01,4277.09,2080.5,0.64,0.65,37
btc-updown-15m-1769006700,1769006700,75,0.33,0.34,0.335,0.01,4999.1,1505.96,0.66,0.67,3
btc-updown-15m-1769006700,1769006700,90,0.31,0.32,0.315,0.01,5156.72,3243.89,0.68,0.69,123
btc-updown-15m-1769006700,1769006700,105,0.36,0.37,0.365,0.01,3426.34,4068.3,0.63,0.64,12
btc-updown-15m-1769006700,1769006700,120,0.29,0.3,0.295,0.01,5659.6,2742.89,0.7,0.71,4
btc-updown-15m-1769006700,1769006700,135,0.34,0.35,0.345,0.01,5424.9,2801.33,0.65,0.66,0
btc-updown-15m-1769006700,1769006700,150,0.38,0.39,0.385,0.01,4621.67,1138.35,0.61,0.62,90
btc-updown-15m-1769006700,1769006700,165,0.41,0.42,0.415,0.01,3525.37,2268.99,0.58,0.59,1
btc-updown-15m-1769006700,1769006700,180,0.51,0.52,0.515,0.01,6292.7,681.79,0.48,0.49,5
btc-updown-15m-1769006700,1769006700,195,0.52,0.54,0.53,0.02,5188.11,5437.54,0.46,0.48,942
btc-updown-15m-1769006700,1769006700,210,0.52,0.53,0.525,0.01,2461.89,5231.83,0.47,0.48,10
btc-updown-15m-1769006700,1769006700,225,0.52,0.53,0.525,0.01,3422.98,3493,0.47,0.48,0
btc-updown-15m-1769006700,1769006700,240,0.38,0.39,0.385,0.01,4372.67,316,0.61,0.62,32
btc-updown-15m-1769006700,1769006700,255,0.34,0.35,0.345,0.01,3233.7,1961.01,0.65,0.66,57
btc-updown-15m-1769006700,1769006700,270,0.38,0.39,0.385,0.01,3433.53,2987.3,0.61,0.62,1
btc-updown-15m-1769006700,1769006700,285,0.41,0.42,0.415,0.01,4858.48,2302.36,0.58,0.59,6
btc-updown-15m-1769006700,1769006700,300,0.35,0.36,0.355,0.01,2697.19,2669.9,0.64,0.65,45
btc-updown-15m-1769006700,1769006700,315,0.27,0.28,0.275,0.01,382.33,4631.48,0.72,0.73,18
btc-updown-15m-1769006700,1769006700,330,0.25,0.26,0.255,0.01,208,4648.67,0.74,0.75,23
btc-updown-15m-1769006700,1769006700,345,0.29,0.3,0.295,0.01,3609.01,1627.56,0.7,0.71,33
btc-updown-15m-1769006700,1769006700,360,0.31,0.32,0.315,0.01,3714.42,1535.3,0.68,0.69,0
btc-updown-15m-1769006700,1769006700,375,0.29,0.3,0.295,0.01,590.18,3864.3,0.7,0.71,27
btc-updown-15m-1769006700,1769006700,390,0.23,0.23,0.23,0,558.76,1295.51,0.77,0.77,1048
btc-updown-15m-1769006700,1769006700,405,0.22,0.23,0.225,0.01,5024.9,801.95,0.77,0.78,247
btc-updown-15m-1769006700,1769006700,420,0.26,0.27,0.265,0.01,2310.54,3782.86,0.73,0.74,5
btc-updown-15m-1769006700,1769006700,435,0.22,0.23,0.225,0.01,4200.39,1030.33,0.77,0.78,5
btc-updown-15m-1769006700,1769006700,450,0.15,0.16,0.155,0.01,3313.54,916.8,0.84,0.85,1483
btc-updown-15m-1769006700,1769006700,465,0.19,0.2,0.195,0.01,4037.02,532.84,0.8,0.81,0
btc-updown-15m-1769006700,1769006700,480,0.24,0.25,0.245,0.01,1588.84,4223.19,0.75,0.76,13
btc-updown-15m-1769006700,1769006700,495,0.17,0.18,0.175,0.01,987.89,3677.91,0.82,0.83,22
btc-updown-15m-1769006700,1769006700,510,0.24,0.25,0.245,0.01,4248.19,1147.33,0.75,0.76,83
btc-updown-15m-1769006700,1769006700,525,0.27,0.28,0.275,0.01,4255.79,1131.2,0.72,0.73,0
btc-updown-15m-1769006700,1769006700,540,0.34,0.35,0.345,0.01,2664.08,838.16,0.65,0.66,0
btc-updown-15m-1769006700,1769006700,555,0.41,0.42,0.415,0.01,980.08,2925.84,0.58,0.59,3
btc-updown-15m-1769006700,1769006700,570,0.38,0.39,0.385,0.01,462.46,3742.4,0.61,0.62,0
btc-updown-15m-1769006700,1769006700,585,0.38,0.39,0.385,0.01,794.61,3565.07,0.61,0.62,0
btc-updown-15m-1769006700,1769006700,600,0.44,0.45,0.445,0.01,4289.87,210,0.55,0.56,1
btc-updown-15m-1769006700,1769006700,615,0.46,0.47,0.465,0.01,1028.58,2587.5,0.53,0.54,3
btc-updown-15m-1769006700,1769006700,630,0.49,0.5,0.495,0.01,4656.32,2156.27,0.5,0.51,2
btc-updown-15m-1769006700,1769006700,645,0.33,0.34,0.335,0.01,276.17,3338.76,0.66,0.67,1
btc-updown-15m-1769006700,1769006700,660,0.45,0.46,0.455,0.01,4462.64,277.85,0.54,0.55,1
btc-updown-15m-1769006700,1769006700,675,0.6,0.61,0.605,0.01,572.91,463,0.39,0.4,0
btc-updown-15m-1769006700,1769006700,690,0.66,0.67,0.665,0.01,683,2295.99,0.33,0.34,11
btc-updown-15m-1769006700,1769006700,705,0.72,0.73,0.725,0.01,1780.76,3911.49,0.27,0.28,14
btc-updown-15m-1769006700,1769006700,720,0.77,0.78,0.775,0.01,1235.96,2663.94,0.22,0.23,9
btc-updown-15m-1769006700,1769006700,735,0.79,0.8,0.795,0.01,1777.8,720.83,0.2,0.21,6
btc-updown-15m-1769006700,1769006700,750,0.85,0.86,0.855,0.01,1385,6188.84,0.14,0.15,2
btc-updown-15m-1769006700,1769006700,765,0.72,0.73,0.725,0.01,2483.27,4239.89,0.27,0.28,41
btc-updown-15m-1769006700,1769006700,780,0.89,0.9,0.895,0.01,3187.95,1177.86,0.1,0.11,6
btc-updown-15m-1769006700,1769006700,795,0.92,0.93,0.925,0.01,948.89,2245.95,0.07,0.08,0
btc-updown-15m-1769006700,1769006700,810,0.94,0.96,0.95,0.02,3147,5751.54,0.04,0.06,2
btc-updown-15m-1769006700,1769006700,825,0.96,0.97,0.965,0.01,1799.67,19077.43,0.03,0.04,4
btc-updown-15m-1769006700,1769006700,840,0.97,0.98,0.975,0.01,4359.21,16983.1,0.02,0.03,5
btc-updown-15m-1769006700,1769006700,845,0.97,0.98,0.975,0.01,3349.82,12453.35,0.02,0.03,66
btc-updown-15m-1769006700,1769006700,850,0.98,0.99,0.985,0.01,4131.49,7490.05,0.01,0.02,116
btc-updown-15m-1769006700,1769006700,855,0.97,0.98,0.975,0.01,4683.19,3248.33,0.02,0.03,1
btc-updown-15m-1769006700,1769006700,860,0.98,0.99,0.985,0.01,1340.03,3377.01,0.01,0.02,27
btc-updown-15m-1769006700,1769006700,865,0.97,0.98,0.975,0.01,3322.41,1560.41,0.02,0.03,14
btc-updown-15m-1769006700,1769006700,870,0.98,0.99,0.985,0.01,1595.62,2878.49,0.01,0.02,1
btc-updown-15m-1769006700,1769006700,875,0.98,0.99,0.985,0.01,998.58,3998.43,0.01,0.02,5
btc-updown-15m-1769006700,1769006700,880,0.98,0.99,0.985,0.01,3277.45,779.69,0.01,0.02,1
btc-updown-15m-1769006700,1769006700,885,0.98,0.99,0.985,0.01,2963.48,860.06,0.01,0.02,124
btc-updown-15m-1769006700,1769006700,890,0.99,,,,5070.31,0,,0.01,27
btc-updown-15m-1769006700,1769006700,895,0.99,,,,20983.36,0,,0.01,5
btc-updown-15m-1769006700,1769006700,897,0.99,,,,26436.12,0,,0.01,14
btc-updown-15m-1769006700,1769006700,899,0.999,,,,34020.49,0,,0.001,28
btc-updown-15m-1769006700,1769006700,900,0.999,,,,34342.28,0,,0.001,138
btc-updown-15m-1769017500,1769017500,0,0.48,0.53,0.505,0.05,864.15,3373.11,0.47,0.52,268
btc-updown-15m-1769017500,1769017500,15,0.44,0.45,0.445,0.01,2318.6,6806.05,0.55,0.56,0
btc-updown-15m-1769017500,1769017500,30,0.48,0.49,0.485,0.01,4487.92,3696.04,0.51,0.52,4
btc-updown-15m-1769017500,1769017500,45,0.53,0.54,0.535,0.01,7975.57,3823.04,0.46,0.47,24
btc-updown-15m-1769017500,1769017500,60,0.48,0.49,0.485,0.01,3017.47,1902.37,0.51,0.52,0
btc-updown-15m-1769017500,1769017500,75,0.53,0.54,0.535,0.01,5497.58,4201.28,0.46,0.47,13
btc-updown-15m-1769017500,1769017500,90,0.5,0.51,0.505,0.01,1141.83,3340.08,0.49,0.5,0
btc-updown-15m-1769017500,1769017500,105,0.51,0.52,0.515,0.01,3851.78,8854.62,0.48,0.49,2
btc-updown-15m-1769017500,1769017500,120,0.51,0.52,0.515,0.01,1287.84,8702.64,0.48,0.49,41
btc-updown-15m-1769017500,1769017500,135,0.59,0.6,0.595,0.01,4324.72,2112.29,0.4,0.41,76
btc-updown-15m-1769017500,1769017500,150,0.56,0.57,0.565,0.01,1113.75,3306.32,0.43,0.44,73
btc-updown-15m-1769017500,1769017500,165,0.56,0.58,0.57,0.02,4662.48,1227.11,0.42,0.44,11
btc-updown-15m-1769017500,1769017500,180,0.55,0.56,0.555,0.01,6208.62,2281.01,0.44,0.45,49
btc-updown-15m-1769017500,1769017500,195,0.56,0.57,0.565,0.01,1217.6,6412.34,0.43,0.44,0
btc-updown-15m-1769017500,1769017500,210,0.55,0.56,0.555,0.01,704.91,5739.02,0.44,0.45,4
btc-updown-15m-1769017500,1769017500,225,0.5,0.51,0.505,0.01,125.36,5176.34,0.49,0.5,2
btc-updown-15m-1769017500,1769017500,240,0.51,0.52,0.515,0.01,1925.89,4933.6,0.48,0.49,1
btc-updown-15m-1769017500,1769017500,255,0.4,0.41,0.405,0.01,3659.37,5441.45,0.59,0.6,3
btc-updown-15m-1769017500,1769017500,270,0.46,0.47,0.465,0.01,3231.61,6004,0.53,0.54,16
btc-updown-15m-1769017500,1769017500,285,0.51,0.52,0.515,0.01,3325.5,5826.62,0.48,0.49,30
btc-updown-15m-1769017500,1769017500,300,0.58,0.59,0.585,0.01,4468.9,3508.04,0.41,0.42,7
btc-updown-15m-1769017500,1769017500,315,0.51,0.52,0.515,0.01,2678.78,5571.01,0.48,0.49,35
btc-updown-15m-1769017500,1769017500,330,0.46,0.47,0.465,0.01,6697.61,1215.48,0.53,0.54,1
btc-updown-15m-1769017500,1769017500,345,0.58,0.59,0.585,0.01,133.8,1182.84,0.41,0.42,58
btc-updown-15m-1769017500,1769017500,360,0.47,0.48,0.475,0.01,3290.8,3458.41,0.52,0.53,0
btc-updown-15m-1769017500,1769017500,375,0.52,0.53,0.525,0.01,1713.47,5010.29,0.47,0.48,11
btc-updown-15m-1769017500,1769017500,390,0.48,0.49,0.485,0.01,2288.16,3580.87,0.51,0.52,8
btc-updown-15m-1769017500,1769017500,405,0.55,0.56,0.555,0.01,1475.82,5828.36,0.44,0.45,4
btc-updown-15m-1769017500,1769017500,420,0.54,0.55,0.545,0.01,3270.4,4727.99,0.45,0.46,1
btc-updown-15m-1769017500,1769017500,435,0.48,0.49,0.485,0.01,4071.03,1318.43,0.51,0.52,0
btc-updown-15m-1769017500,1769017500,450,0.56,0.57,0.565,0.01,3055.46,2804.4,0.43,0.44,23
btc-updown-15m-1769017500,1769017500,465,0.59,0.6,0.595,0.01,7719.94,117.12,0.4,0.41,16
btc-updown-15m-1769017500,1769017500,480,0.67,0.68,0.675,0.01,255.91,2620.6,0.32,0.33,0
btc-updown-15m-1769017500,1769017500,495,0.6,0.61,0.605,0.01,5994.71,2080.57,0.39,0.4,0
btc-updown-15m-1769017500,1769017500,510,0.68,0.69,0.685,0.01,3033.37,2093.9,0.31,0.32,22
btc-updown-15m-1769017500,1769017500,525,0.64,0.65,0.645,0.01,269.36,1181.35,0.35,0.36,3
btc-updown-15m-1769017500,1769017500,540,0.5,0.51,0.505,0.01,5699.13,8667.23,0.49,0.5,8
btc-updown-15m-1769017500,1769017500,555,0.52,0.53,0.525,0.01,7694.18,753.67,0.47,0.48,2
btc-updown-15m-1769017500,1769017500,570,0.63,0.64,0.635,0.01,3093.38,2096.36,0.36,0.37,2
btc-updown-15m-1769017500,1769017500,585,0.52,0.53,0.525,0.01,1977.31,3729.59,0.47,0.48,20
btc-updown-15m-1769017500,1769017500,600,0.55,0.56,0.555,0.01,1336.27,2301.96,0.44,0.45,13
btc-updown-15m-1769017500,1769017500,615,0.42,0.43,0.425,0.01,2569.62,1333.21,0.57,0.58,1
btc-updown-15m-1769017500,1769017500,630,0.42,0.43,0.425,0.01,3788.18,614.43,0.57,0.58,0
btc-updown-15m-1769017500,1769017500,645,0.5,0.5,0.5,0,150.09,2762.74,0.5,0.5,74
btc-updown-15m-1769017500,1769017500,660,0.54,0.55,0.545,0.01,2759.13,881.04,0.45,0.46,8
btc-updown-15m-1769017500,1769017500,675,0.54,0.55,0.545,0.01,3260.13,3237.77,0.45,0.46,3
btc-updown-15m-1769017500,1769017500,690,0.39,0.4,0.395,0.01,3029.98,1910.25,0.6,0.61,5
btc-updown-15m-1769017500,1769017500,705,0.44,0.45,0.445,0.01,1425.15,3986.23,0.55,0.56,0
btc-updown-15m-1769017500,1769017500,720,0.31,0.32,0.315,0.01,7033.73,90,0.68,0.69,0
btc-updown-15m-1769017500,1769017500,735,0.37,0.38,0.375,0.01,5541.02,864.27,0.62,0.63,15
btc-updown-15m-1769017500,1769017500,750,0.26,0.27,0.265,0.01,2700.15,957.62,0.73,0.74,34
btc-updown-15m-1769017500,1769017500,765,0.27,0.28,0.275,0.01,2059.73,2893.56,0.72,0.73,9
btc-updown-15m-1769017500,1769017500,780,0.23,0.24,0.235,0.01,4401.43,1118.45,0.76,0.77,0
btc-updown-15m-1769017500,1769017500,795,0.58,0.59,0.585,0.01,2888.49,2517.81,0.41,0.42,10
btc-updown-15m-1769017500,1769017500,810,0.84,0.85,0.845,0.01,2095.95,2043.3,0.15,0.16,6
btc-updown-15m-1769017500,1769017500,825,0.71,0.72,0.715,0.01,3364.65,1851,0.28,0.29,0
btc-updown-15m-1769017500,1769017500,840,0.83,0.84,0.835,0.01,2574.15,2470.12,0.16,0.17,8
btc-updown-15m-1769017500,1769017500,845,0.74,0.77,0.755,0.03,2491.02,292,0.23,0.26,0
btc-updown-15m-1769017500,1769017500,850,0.74,0.75,0.745,0.01,2457.75,4658.51,0.25,0.26,34
btc-updown-15m-1769017500,1769017500,855,0.77,0.78,0.775,0.01,2288,2596.5,0.22,0.23,0
btc-updown-15m-1769017500,1769017500,860,0.77,0.78,0.775,0.01,2613.01,2303.94,0.22,0.23,14
btc-updown-15m-1769017500,1769017500,865,0.79,0.8,0.795,0.01,497.35,1679.68,0.2,0.21,0
btc-updown-15m-1769017500,1769017500,870,0.83,0.84,0.835,0.01,2462.23,2851.66,0.16,0.17,22
btc-updown-15m-1769017500,1769017500,875,0.66,0.69,0.675,0.03,482.3,659.45,0.31,0.34,1
btc-updown-15m-1769017500,1769017500,880,0.74,0.75,0.745,0.01,191.98,2264.7,0.25,0.26,30
btc-updown-15m-1769017500,1769017500,885,0.76,0.77,0.765,0.01,2180.68,761.75,0.23,0.24,7
btc-updown-15m-1769017500,1769017500,890,0.86,0.87,0.865,0.01,65.81,144,0.13,0.14,5
btc-updown-15m-1769017500,1769017500,895,0.97,0.98,0.975,0.01,322,25803.62,0.02,0.03,34
btc-updown-15m-1769017500,1769017500,897,0.85,0.98,0.915,0.13,115.8,24124.44,0.02,0.15,10
btc-updown-15m-1769017500,1769017500,899,0.85,0.86,0.855,0.01,408,62.74,0.14,0.15,24
btc-updown-15m-1769017500,1769017500,900,0.85,0.98,0.915,0.13,393,10754.01,0.02,0.15,29
btc-updown-15m-1769027400,1769027400,0,0.52,0.53,0.525,0.01,2464.76,2424.35,0.47,0.48,147
btc-updown-15m-1769027400,1769027400,15,0.47,0.48,0.475,0.01,4051.89,1270.65,0.52,0.53,1
btc-updown-15m-1769027400,1769027400,30,0.5,0.51,0.505,0.01,3566.31,1067.42,0.49,0.5,1
btc-updown-15m-1769027400,1769027400,45,0.5,0.51,0.505,0.01,3762.4,3484.38,0.49,0.5,30
btc-updown-15m-1769027400,1769027400,60,0.52,0.53,0.525,0.01,3937.15,1460.71,0.47,0.48,64
btc-updown-15m-1769027400,1769027400,75,0.43,0.45,0.44,0.02,2961.35,3244.54,0.55,0.57,41
btc-updown-15m-1769027400,1769027400,90,0.34,0.35,0.345,0.01,4325.44,185.52,0.65,0.66,7
btc-updown-15m-1769027400,1769027400,105,0.45,0.47,0.46,0.02,2298.58,507.12,0.53,0.55,8
btc-updown-15m-1769027400,1769027400,120,0.58,0.59,0.585,0.01,4437.59,2839.29,0.41,0.42,1
btc-updown-15m-1769027400,1769027400,135,0.59,0.6,0.595,0.01,2895.08,6190.76,0.4,0.41,0
btc-updown-15m-1769027400,1769027400,150,0.68,0.69,0.685,0.01,1572.85,1145.66,0.31,0.32,0
btc-updown-15m-1769027400,1769027400,165,0.73,0.74,0.735,0.01,356.3,6125.08,0.26,0.27,2
btc-updown-15m-1769027400,1769027400,180,0.75,0.76,0.755,0.01,1808.9,6396.62,0.24,0.25,1
btc-updown-15m-1769027400,1769027400,195,0.73,0.74,0.735,0.01,2549.57,5217.54,0.26,0.27,8
btc-updown-15m-1769027400,1769027400,210,0.75,0.76,0.755,0.01,3630.35,6125.45,0.24,0.25,7
btc-updown-15m-1769027400,1769027400,225,0.73,0.74,0.735,0.01,3704.5,5451.98,0.26,0.27,13
btc-updown-15m-1769027400,1769027400,240,0.78,0.79,0.785,0.01,2577.01,6359.11,0.21,0.22,5
btc-updown-15m-1769027400,1769027400,255,0.79,0.8,0.795,0.01,6528.17,1079.46,0.2,0.21,15
btc-updown-15m-1769027400,1769027400,270,0.81,0.82,0.815,0.01,2761.13,6587.02,0.18,0.19,0
btc-updown-15m-1769027400,1769027400,285,0.81,0.82,0.815,0.01,1958.17,3918.4,0.18,0.19,11
btc-updown-15m-1769027400,1769027400,300,0.83,0.84,0.835,0.01,6333.91,5955.93,0.16,0.17,11
btc-updown-15m-1769027400,1769027400,315,0.85,0.86,0.855,0.01,2979.83,5655.14,0.14,0.15,21
btc-updown-15m-1769027400,1769027400,330,0.85,0.86,0.855,0.01,4321.36,5271.82,0.14,0.15,0
btc-updown-15m-1769027400,1769027400,345,0.84,0.85,0.845,0.01,1423.67,5467.75,0.15,0.16,2
btc-updown-15m-1769027400,1769027400,360,0.83,0.84,0.835,0.01,1928.58,6831.83,0.16,0.17,0
btc-updown-15m-1769027400,1769027400,375,0.82,0.83,0.825,0.01,7234.25,462.36,0.17,0.18,0
btc-updown-15m-1769027400,1769027400,390,0.85,0.86,0.855,0.01,5443.5,1007.94,0.14,0.15,12
btc-updown-15m-1769027400,1769027400,405,0.84,0.85,0.845,0.01,4360.07,4998.79,0.15,0.16,90
btc-updown-15m-1769027400,1769027400,420,0.82,0.84,0.83,0.02,2290.7,6758.81,0.16,0.18,69
btc-updown-15m-1769027400,1769027400,435,0.82,0.83,0.825,0.01,2204.78,4244.23,0.17,0.18,1
btc-updown-15m-1769027400,1769027400,450,0.83,0.84,0.835,0.01,3190.79,5422.51,0.16,0.17,1
btc-updown-15m-1769027400,1769027400,465,0.87,0.88,0.875,0.01,1077.2,6799.43,0.12,0.13,0
btc-updown-15m-1769027400,1769027400,480,0.85,0.86,0.855,0.01,3226.76,5384.72,0.14,0.15,4
btc-updown-15m-1769027400,1769027400,495,0.83,0.84,0.835,0.01,6307.5,4072.56,0.16,0.17,56
btc-updown-15m-1769027400,1769027400,510,0.89,0.9,0.895,0.01,4078.92,5078.38,0.1,0.11,18
btc-updown-15m-1769027400,1769027400,525,0.88,0.89,0.885,0.01,6952.86,745.12,0.11,0.12,0
btc-updown-15m-1769027400,1769027400,540,0.9,0.91,0.905,0.01,2287.7,5643.4,0.09,0.1,19
btc-updown-15m-1769027400,1769027400,555,0.88,0.89,0.885,0.01,5170.77,5872.11,0.11,0.12,11
btc-updown-15m-1769027400,1769027400,570,0.89,0.9,0.895,0.01,1198.36,5612.31,0.1,0.11,10
btc-updown-15m-1769027400,1769027400,585,0.86,0.87,0.865,0.01,3738.42,5571.56,0.13,0.14,31
btc-updown-15m-1769027400,1769027400,600,0.84,0.85,0.845,0.01,1564,5677.48,0.15,0.16,47
btc-updown-15m-1769027400,1769027400,615,0.84,0.85,0.845,0.01,1324.83,2016.99,0.15,0.16,2
btc-updown-15m-1769027400,1769027400,630,0.87,0.88,0.875,0.01,1463.99,5166.96,0.12,0.13,12
btc-updown-15m-1769027400,1769027400,645,0.87,0.88,0.875,0.01,4403.5,4147.01,0.12,0.13,11
btc-updown-15m-1769027400,1769027400,660,0.91,0.92,0.915,0.01,3736.99,4703.58,0.08,0.09,0
btc-updown-15m-1769027400,1769027400,675,0.87,0.88,0.875,0.01,3879.07,4025.49,0.12,0.13,1
btc-updown-15m-1769027400,1769027400,690,0.8,0.81,0.805,0.01,202.94,6060.05,0.19,0.2,6
btc-updown-15m-1769027400,1769027400,705,0.66,0.67,0.665,0.01,711.07,2469.6,0.33,0.34,8
btc-updown-15m-1769027400,1769027400,720,0.64,0.65,0.645,0.01,468.98,2376.6,0.35,0.36,0
btc-updown-15m-1769027400,1769027400,735,0.84,0.85,0.845,0.01,2758.21,1916.34,0.15,0.16,22
btc-updown-15m-1769027400,1769027400,750,0.87,0.88,0.875,0.01,2977.09,1698.36,0.12,0.13,3
btc-updown-15m-1769027400,1769027400,765,0.91,0.92,0.915,0.01,3483.24,1575.09,0.08,0.09,34
btc-updown-15m-1769027400,1769027400,780,0.97,0.98,0.975,0.01,3193.92,16741.16,0.02,0.03,3
btc-updown-15m-1769027400,1769027400,795,0.96,0.97,0.965,0.01,3149.38,17109.74,0.03,0.04,92
btc-updown-15m-1769027400,1769027400,810,0.96,0.97,0.965,0.01,3012.8,17339.39,0.03,0.04,59
btc-updown-15m-1769027400,1769027400,825,0.95,0.96,0.955,0.01,2995.06,5361.29,0.04,0.05,4
btc-updown-15m-1769027400,1769027400,840,0.97,0.98,0.975,0.01,2956.28,21698.09,0.02,0.03,122
btc-updown-15m-1769027400,1769027400,845,0.97,0.98,0.975,0.01,2569.48,20599.78,0.02,0.03,10
btc-updown-15m-1769027400,1769027400,850,0.98,0.99,0.985,0.01,5681.44,18904.49,0.01,0.02,5
btc-updown-15m-1769027400,1769027400,855,0.98,0.99,0.985,0.01,5116.81,12865.74,0.01,0.02,19
btc-updown-15m-1769027400,1769027400,860,0.98,0.99,0.985,0.01,7357.88,3422.8,0.01,0.02,124
btc-updown-15m-1769027400,1769027400,865,0.99,,,,20596.97,0,,0.01,12
btc-updown-15m-1769027400,1769027400,870,0.99,,,,20354.15,0,,0.01,31
btc-updown-15m-1769027400,1769027400,875,0.99,,,,19140.08,0,,0.01,15
btc-updown-15m-1769027400,1769027400,880,0.99,,,,20453.76,0,,0.01,276
btc-updown-15m-1769027400,1769027400,885,0.99,,,,18953.24,0,,0.01,44
btc-updown-15m-1769027400,1769027400,890,0.99,,,,19003.42,0,,0.01,199
btc-updown-15m-1769027400,1769027400,895,0.99,,,,16941.1,0,,0.01,87
btc-updown-15m-1769027400,1769027400,897,0.99,,,,22630.21,0,,0.01,245
btc-updown-15m-1769027400,1769027400,899,0.99,,,,28232.03,0,,0.01,117
btc-updown-15m-1769027400,1769027400,900,0.99,,,,36290.48,0,,0.01,16
btc-updown-15m-1769038200,1769038200,0,0.51,0.53,0.52,0.02,6747.54,3502.27,0.47,0.49,82
btc-updown-15m-1769038200,1769038200,15,0.51,0.52,0.515,0.01,1791.25,1152.58,0.48,0.49,3
btc-updown-15m-1769038200,1769038200,30,0.48,0.49,0.485,0.01,1594.38,1725.48,0.51,0.52,1
btc-updown-15m-1769038200,1769038200,45,0.39,0.4,0.395,0.01,1245.57,886.44,0.6,0.61,84
btc-updown-15m-1769038200,1769038200,60,0.39,0.4,0.395,0.01,1503.72,1403.61,0.6,0.61,75
btc-updown-15m-1769038200,1769038200,75,0.37,0.38,0.375,0.01,1797.52,1625.2,0.62,0.63,12
btc-updown-15m-1769038200,1769038200,90,0.35,0.36,0.355,0.01,1410.12,1790.19,0.64,0.65,71
btc-updown-15m-1769038200,1769038200,105,0.25,0.26,0.255,0.01,1626.26,767.93,0.74,0.75,15
btc-updown-15m-1769038200,1769038200,120,0.28,0.29,0.285,0.01,751.8,1531.66,0.71,0.72,4
btc-updown-15m-1769038200,1769038200,135,0.29,0.3,0.295,0.01,2167.09,427.02,0.7,0.71,0
btc-updown-15m-1769038200,1769038200,150,0.31,0.32,0.315,0.01,263,788.28,0.68,0.69,0
btc-updown-15m-1769038200,1769038200,165,0.25,0.26,0.255,0.01,1591.3,678.86,0.74,0.75,12
btc-updown-15m-1769038200,1769038200,180,0.25,0.26,0.255,0.01,814.38,857.27,0.74,0.75,23
btc-updown-15m-1769038200,1769038200,195,0.22,0.23,0.225,0.01,1723.4,653.24,0.77,0.78,6
btc-updown-15m-1769038200,1769038200,210,0.22,0.23,0.225,0.01,1638.09,1662.91,0.77,0.78,10
btc-updown-15m-1769038200,1769038200,225,0.21,0.22,0.215,0.01,755.05,696.78,0.78,0.79,59
btc-updown-15m-1769038200,1769038200,240,0.2,0.21,0.205,0.01,1899.75,650.74,0.79,0.8,6
btc-updown-15m-1769038200,1769038200,255,0.2,0.21,0.205,0.01,1703.95,1004.8,0.79,0.8,240
btc-updown-15m-1769038200,1769038200,270,0.2,0.21,0.205,0.01,1752.77,1096.66,0.79,0.8,16
btc-updown-15m-1769038200,1769038200,285,0.13,0.14,0.135,0.01,2014.19,705.21,0.86,0.87,40
btc-updown-15m-1769038200,1769038200,300,0.16,0.17,0.165,0.01,1449.49,544.8,0.83,0.84,0
btc-updown-15m-1769038200,1769038200,315,0.13,0.14,0.135,0.01,2220.77,621.69,0.86,0.87,16
btc-updown-15m-1769038200,1769038200,330,0.13,0.14,0.135,0.01,2231.8,582.44,0.86,0.87,76
btc-updown-15m-1769038200,1769038200,345,0.12,0.13,0.125,0.01,2765.37,1884.04,0.87,0.88,100
btc-updown-15m-1769038200,1769038200,360,0.09,0.1,0.095,0.01,2155.58,1840.51,0.9,0.91,36
btc-updown-15m-1769038200,1769038200,375,0.15,0.16,0.155,0.01,715.99,868.63,0.84,0.85,0
btc-updown-15m-1769038200,1769038200,390,0.11,0.12,0.115,0.01,1694.47,1377.25,0.88,0.89,132
btc-updown-15m-1769038200,1769038200,405,0.1,0.11,0.105,0.01,2728.31,1637.45,0.89,0.9,44
btc-updown-15m-1769038200,1769038200,420,0.08,0.09,0.085,0.01,1521.12,1733.11,0.91,0.92,64
btc-updown-15m-1769038200,1769038200,435,0.07,0.08,0.075,0.01,2958.21,1938.94,0.92,0.93,2
btc-updown-15m-1769038200,1769038200,450,0.06,0.07,0.065,0.01,3524.72,1720.24,0.93,0.94,63
btc-updown-15m-1769038200,1769038200,465,0.06,0.07,0.065,0.01,3367.28,1719.96,0.93,0.94,10
btc-updown-15m-1769038200,1769038200,480,0.06,0.07,0.065,0.01,3490.64,957.32,0.93,0.94,19
btc-updown-15m-1769038200,1769038200,495,0.06,0.07,0.065,0.01,3212.74,1613.69,0.93,0.94,102
btc-updown-15m-1769038200,1769038200,510,0.06,0.07,0.065,0.01,3744.05,638.91,0.93,0.94,43
btc-updown-15m-1769038200,1769038200,525,0.06,0.07,0.065,0.01,1611.13,1831.45,0.93,0.94,72
btc-updown-15m-1769038200,1769038200,540,0.05,0.06,0.055,0.01,3974.17,2513.84,0.94,0.95,186
btc-updown-15m-1769038200,1769038200,555,0.05,0.06,0.055,0.01,3332.41,1826.08,0.94,0.95,1
btc-updown-15m-1769038200,1769038200,570,0.03,0.04,0.035,0.01,15367.77,3463.75,0.96,0.97,51
btc-updown-15m-1769038200,1769038200,585,0.02,0.03,0.025,0.01,15781.27,2785.58,0.97,0.98,13
btc-updown-15m-1769038200,1769038200,600,0.02,0.03,0.025,0.01,13981.61,4912.5,0.97,0.98,32
btc-updown-15m-1769038200,1769038200,615,0.02,0.03,0.025,0.01,12159.98,4671.5,0.97,0.98,29
btc-updown-15m-1769038200,1769038200,630,,0.01,,,0,5337.86,0.99,,146
btc-updown-15m-1769038200,1769038200,645,,0.01,,,0,4667.77,0.99,,87
btc-updown-15m-1769038200,1769038200,660,,0.01,,,0,11099.02,0.99,,45
btc-updown-15m-1769038200,1769038200,675,,0.01,,,0,6683.01,0.99,,17
btc-updown-15m-1769038200,1769038200,690,,0.01,,,0,6643.94,0.99,,282
btc-updown-15m-1769038200,1769038200,705,,0.01,,,0,7194.68,0.99,,35
btc-updown-15m-1769038200,1769038200,720,0.002,0.009,0.0055,0.007,346.1,7617.94,0.991,0.998,21
btc-updown-15m-1769038200,1769038200,735,0.003,0.009,0.006,0.006,2113.72,7388.39,0.991,0.997,47
btc-updown-15m-1769038200,1769038200,750,0.003,0.007,0.005,0.004,2062.7,4081.48,0.993,0.997,1604
btc-updown-15m-1769038200,1769038200,765,0.001,0.005,0.003,0.004,1460.12,1372.21,0.995,0.999,239
btc-updown-15m-1769038200,1769038200,780,0.002,0.005,0.0035,0.003,1433.66,1693.91,0.995,0.998,30
btc-updown-15m-1769038200,1769038200,795,0.001,0.004,0.0025,0.003,1313.66,1781.17,0.996,0.999,22
btc-updown-15m-1769038200,1769038200,810,0.001,0.003,0.002,0.002,552.71,1855,0.997,0.999,90
btc-updown-15m-1769038200,1769038200,825,,0.001,,,0,17092.51,0.999,,4
btc-updown-15m-1769038200,1769038200,840,,0.001,,,0,16011.92,0.999,,39
btc-updown-15m-1769038200,1769038200,845,,0.001,,,0,16011.92,0.999,,22
btc-updown-15m-1769038200,1769038200,850,,0.001,,,0,16011.92,0.999,,47
btc-updown-15m-1769038200,1769038200,855,,0.001,,,0,16011.92,0.999,,294
btc-updown-15m-1769038200,1769038200,860,,0.001,,,0,15011.92,0.999,,52
btc-updown-15m-1769038200,1769038200,865,,0.001,,,0,15221.85,0.999,,17
btc-updown-15m-1769038200,1769038200,870,,0.001,,,0,15221.85,0.999,,43
btc-updown-15m-1769038200,1769038200,875,,0.001,,,0,20221.85,0.999,,13
btc-updown-15m-1769038200,1769038200,880,,0.001,,,0,36221.85,0.999,,13
btc-updown-15m-1769038200,1769038200,885,,0.001,,,0,36633.26,0.999,,110
btc-updown-15m-1769038200,1769038200,890,,0.001,,,0,36631.84,0.999,,61
btc-updown-15m-1769038200,1769038200,895,,0.001,,,0,41218.73,0.999,,91
btc-updown-15m-1769038200,1769038200,897,,0.001,,,0,41218.73,0.999,,61
btc-updown-15m-1769038200,1769038200,899,,0.001,,,0,43248.73,0.999,,96
btc-updown-15m-1769038200,1769038200,900,,0.001,,,0,43258.74,0.999,,22
btc-updown-15m-1769048100,1769048100,0,0.45,0.47,0.46,0.02,1645.16,633.38,0.53,0.55,55
btc-updown-15m-1769048100,1769048100,15,0.43,0.44,0.435,0.01,867.79,1830.52,0.56,0.57,7
btc-updown-15m-1769048100,1769048100,30,0.4,0.41,0.405,0.01,1234.85,1282.2,0.59,0.6,37
btc-updown-15m-1769048100,1769048100,45,0.4,0.41,0.405,0.01,1316.2,203.7,0.59,0.6,72
btc-updown-15m-1769048100,1769048100,60,0.43,0.44,0.435,0.01,2285.82,4076.39,0.56,0.57,78
btc-updown-15m-1769048100,1769048100,75,0.43,0.44,0.435,0.01,2494.17,1285.7,0.56,0.57,2
btc-updown-15m-1769048100,1769048100,90,0.51,0.52,0.515,0.01,975.61,901.21,0.48,0.49,24
btc-updown-15m-1769048100,1769048100,105,0.54,0.55,0.545,0.01,1148.77,3683.96,0.45,0.46,6
btc-updown-15m-1769048100,1769048100,120,0.54,0.55,0.545,0.01,738.64,1258.76,0.45,0.46,21
btc-updown-15m-1769048100,1769048100,135,0.51,0.52,0.515,0.01,449.56,708.31,0.48,0.49,0
btc-updown-15m-1769048100,1769048100,150,0.38,0.39,0.385,0.01,873.8,564.59,0.61,0.62,9
btc-updown-15m-1769048100,1769048100,165,0.42,0.43,0.425,0.01,671.8,630.77,0.57,0.58,3
btc-updown-15m-1769048100,1769048100,180,0.47,0.48,0.475,0.01,1002.21,594.34,0.52,0.53,3
btc-updown-15m-1769048100,1769048100,195,0.54,0.55,0.545,0.01,911.1,554.05,0.45,0.46,64
btc-updown-15m-1769048100,1769048100,210,0.51,0.52,0.515,0.01,311.79,555,0.48,0.49,67
btc-updown-15m-1769048100,1769048100,225,0.57,0.58,0.575,0.01,877.08,1346.16,0.42,0.43,1
btc-updown-15m-1769048100,1769048100,240,0.59,0.6,0.595,0.01,480.67,1851.55,0.4,0.41,0
btc-updown-15m-1769048100,1769048100,255,0.59,0.6,0.595,0.01,494.7,994.17,0.4,0.41,0
btc-updown-15m-1769048100,1769048100,270,0.64,0.65,0.645,0.01,1280.6,2505.36,0.35,0.36,1
btc-updown-15m-1769048100,1769048100,285,0.61,0.62,0.615,0.01,1085.08,670.74,0.38,0.39,15
btc-updown-15m-1769048100,1769048100,300,0.62,0.63,0.625,0.01,392.56,2273.9,0.37,0.38,0
btc-updown-15m-1769048100,1769048100,315,0.57,0.58,0.575,0.01,948.4,696.82,0.42,0.43,0
btc-updown-15m-1769048100,1769048100,330,0.64,0.65,0.645,0.01,1122.19,1916.15,0.35,0.36,13
btc-updown-15m-1769048100,1769048100,345,0.64,0.65,0.645,0.01,1132.51,1586.36,0.35,0.36,9
btc-updown-15m-1769048100,1769048100,360,0.63,0.64,0.635,0.01,1169.47,1539.22,0.36,0.37,0
btc-updown-15m-1769048100,1769048100,375,0.62,0.63,0.625,0.01,931.19,1462.51,0.37,0.38,246
btc-updown-15m-1769048100,1769048100,390,0.63,0.64,0.635,0.01,952.88,1627.74,0.36,0.37,6
btc-updown-15m-1769048100,1769048100,405,0.69,0.7,0.695,0.01,1129.15,5349.8,0.3,0.31,45
btc-updown-15m-1769048100,1769048100,420,0.69,0.7,0.695,0.01,1248.15,1856.47,0.3,0.31,123
btc-updown-15m-1769048100,1769048100,435,0.66,0.67,0.665,0.01,778.01,595.32,0.33,0.34,5
btc-updown-15m-1769048100,1769048100,450,0.69,0.7,0.695,0.01,646.69,1267.73,0.3,0.31,38
btc-updown-15m-1769048100,1769048100,465,0.73,0.74,0.735,0.01,368.64,256.9,0.26,0.27,2
btc-updown-15m-1769048100,1769048100,480,0.63,0.64,0.635,0.01,798.85,820.84,0.36,0.37,25
btc-updown-15m-1769048100,1769048100,495,0.66,0.67,0.665,0.01,1743.85,675.52,0.33,0.34,16
btc-updown-15m-1769048100,1769048100,510,0.59,0.6,0.595,0.01,794.36,719.11,0.4,0.41,14
btc-updown-15m-1769048100,1769048100,525,0.7,0.71,0.705,0.01,783.87,458.86,0.29,0.3,4
btc-updown-15m-1769048100,1769048100,540,0.75,0.76,0.755,0.01,765.19,713,0.24,0.25,22
btc-updown-15m-1769048100,1769048100,555,0.74,0.75,0.745,0.01,342.87,1604.15,0.25,0.26,22
btc-updown-15m-1769048100,1769048100,570,0.72,0.73,0.725,0.01,1117.04,457.44,0.27,0.28,13
btc-updown-15m-1769048100,1769048100,585,0.75,0.76,0.755,0.01,548.65,1632.73,0.24,0.25,8
btc-updown-15m-1769048100,1769048100,600,0.74,0.75,0.745,0.01,792.24,1475.76,0.25,0.26,0
btc-updown-15m-1769048100,1769048100,615,0.76,0.77,0.765,0.01,1145.24,779.09,0.23,0.24,18
btc-updown-15m-1769048100,1769048100,630,0.81,0.82,0.815,0.01,1063.12,1675.45,0.18,0.19,11
btc-updown-15m-1769048100,1769048100,645,0.83,0.84,0.835,0.01,1666.61,10467.15,0.16,0.17,1
btc-updown-15m-1769048100,1769048100,660,0.84,0.85,0.845,0.01,980.97,8953.31,0.15,0.16,7
btc-updown-15m-1769048100,1769048100,675,0.83,0.84,0.835,0.01,1563.78,1369.64,0.16,0.17,0
btc-updown-15m-1769048100,1769048100,690,0.9,0.91,0.905,0.01,735.16,1254.54,0.09,0.1,15
btc-updown-15m-1769048100,1769048100,705,0.94,0.95,0.945,0.01,20283.4,19044.19,0.05,0.06,27
btc-updown-15m-1769048100,1769048100,720,0.95,0.96,0.955,0.01,9600.74,7027.75,0.04,0.05,162
btc-updown-15m-1769048100,1769048100,735,0.95,0.96,0.955,0.01,9614.47,7450.62,0.04,0.05,11
btc-updown-15m-1769048100,1769048100,750,0.92,0.93,0.925,0.01,1064.21,1548.95,0.07,0.08,2
btc-updown-15m-1769048100,1769048100,765,0.92,0.93,0.925,0.01,1165.47,1707.71,0.07,0.08,3
btc-updown-15m-1769048100,1769048100,780,0.92,0.93,0.925,0.01,1149.5,6978.47,0.07,0.08,71
btc-updown-15m-1769048100,1769048100,795,0.92,0.93,0.925,0.01,566.3,2685.38,0.07,0.08,92
btc-updown-15m-1769048100,1769048100,810,0.89,0.9,0.895,0.01,984.8,1847.85,0.1,0.11,17
btc-updown-15m-1769048100,1769048100,825,0.92,0.93,0.925,0.01,896.13,3564.26,0.07,0.08,15
btc-updown-15m-1769048100,1769048100,840,0.94,0.95,0.945,0.01,627.14,16862.7,0.05,0.06,5
btc-updown-15m-1769048100,1769048100,845,0.95,0.96,0.955,0.01,1129.69,17435.29,0.04,0.05,63
btc-updown-15m-1769048100,1769048100,850,0.95,0.96,0.955,0.01,1347.53,17039.74,0.04,0.05,91
btc-updown-15m-1769048100,1769048100,855,0.96,0.97,0.965,0.01,3159.48,17772.79,0.03,0.04,0
btc-updown-15m-1769048100,1769048100,860,0.96,0.97,0.965,0.01,2697.86,15182.76,0.03,0.04,45
btc-updown-15m-1769048100,1769048100,865,0.98,0.99,0.985,0.01,4655.85,9402.12,0.01,0.02,3
btc-updown-15m-1769048100,1769048100,870,0.98,0.99,0.985,0.01,5681.79,8358.93,0.01,0.02,30
btc-updown-15m-1769048100,1769048100,875,0.98,0.99,0.985,0.01,5706.29,9124.53,0.01,0.02,469
btc-updown-15m-1769048100,1769048100,880,0.98,0.99,0.985,0.01,4658.49,6416.18,0.01,0.02,2
btc-updown-15m-1769048100,1769048100,885,0.98,0.99,0.985,0.01,5290.75,5664.45,0.01,0.02,11
btc-updown-15m-1769048100,1769048100,890,0.99,,,,6509.28,0,,0.01,139
btc-updown-15m-1769048100,1769048100,895,0.99,,,,14805.52,0,,0.01,212
btc-updown-15m-1769048100,1769048100,897,0.99,,,,17080.96,0,,0.01,35
btc-updown-15m-1769048100,1769048100,899,0.99,,,,28092.92,0,,0.01,1
btc-updown-15m-1769048100,1769048100,900,0.99,,,,29609.14,0,,0.01,71
btc-updown-15m-1769058000,1769058000,0,0.44,0.45,0.445,0.01,1893.84,190.76,0.55,0.56,56
btc-updown-15m-1769058000,1769058000,15,0.49,0.5,0.495,0.01,587.52,827.76,0.5,0.51,9
btc-updown-15m-1769058000,1769058000,30,0.6,0.61,0.605,0.01,883.09,692.12,0.39,0.4,17
btc-updown-15m-1769058000,1769058000,45,0.53,0.54,0.535,0.01,950.13,421.3,0.46,0.47,1
btc-updown-15m-1769058000,1769058000,60,0.5,0.51,0.505,0.01,1411.8,839.72,0.49,0.5,31
btc-updown-15m-1769058000,1769058000,75,0.5,0.51,0.505,0.01,917.8,823.34,0.49,0.5,2
btc-updown-15m-1769058000,1769058000,90,0.52,0.53,0.525,0.01,1069.53,620.8,0.47,0.48,11
btc-updown-15m-1769058000,1769058000,105,0.51,0.52,0.515,0.01,1018.8,854.03,0.48,0.49,6
btc-updown-15m-1769058000,1769058000,120,0.53,0.54,0.535,0.01,949.19,717.8,0.46,0.47,10
btc-updown-15m-1769058000,1769058000,135,0.51,0.52,0.515,0.01,551.02,985.56,0.48,0.49,3
btc-updown-15m-1769058000,1769058000,150,0.45,0.46,0.455,0.01,903.1,865.14,0.54,0.55,44
btc-updown-15m-1769058000,1769058000,165,0.49,0.5,0.495,0.01,699.78,775.38,0.5,0.51,3
btc-updown-15m-1769058000,1769058000,180,0.51,0.52,0.515,0.01,705.73,1303.11,0.48,0.49,26
btc-updown-15m-1769058000,1769058000,195,0.48,0.49,0.485,0.01,540.4,1081.34,0.51,0.52,3
btc-updown-15m-1769058000,1769058000,210,0.46,0.47,0.465,0.01,745.85,779.02,0.53,0.54,54
btc-updown-15m-1769058000,1769058000,225,0.51,0.52,0.515,0.01,1124,7093.61,0.48,0.49,24
btc-updown-15m-1769058000,1769058000,240,0.51,0.52,0.515,0.01,887.56,3216.32,0.48,0.49,5
btc-updown-15m-1769058000,1769058000,255,0.49,0.5,0.495,0.01,395.18,1206.98,0.5,0.51,11
btc-updown-15m-1769058000,1769058000,270,0.59,0.6,0.595,0.01,760.73,298.83,0.4,0.41,29
btc-updown-15m-1769058000,1769058000,285,0.59,0.6,0.595,0.01,867.56,980.71,0.4,0.41,24
btc-updown-15m-1769058000,1769058000,300,0.62,0.63,0.625,0.01,929.57,767.78,0.37,0.38,20
btc-updown-15m-1769058000,1769058000,315,0.64,0.65,0.645,0.01,818.51,788.71,0.35,0.36,16
btc-updown-15m-1769058000,1769058000,330,0.65,0.66,0.655,0.01,461.17,595.79,0.34,0.35,3
btc-updown-15m-1769058000,1769058000,345,0.58,0.59,0.585,0.01,956.66,837.12,0.41,0.42,1
btc-updown-15m-1769058000,1769058000,360,0.59,0.6,0.595,0.01,1106.1,697.95,0.4,0.41,192
btc-updown-15m-1769058000,1769058000,375,0.55,0.56,0.555,0.01,451.09,836.79,0.44,0.45,5
btc-updown-15m-1769058000,1769058000,390,0.61,0.63,0.62,0.02,852.5,239.83,0.37,0.39,11
btc-updown-15m-1769058000,1769058000,405,0.66,0.67,0.665,0.01,1024.82,949.77,0.33,0.34,7
btc-updown-15m-1769058000,1769058000,420,0.67,0.68,0.675,0.01,1090.32,1101.71,0.32,0.33,3
btc-updown-15m-1769058000,1769058000,435,0.66,0.67,0.665,0.01,1108.47,558.36,0.33,0.34,7
btc-updown-15m-1769058000,1769058000,450,0.66,0.67,0.665,0.01,1364.77,629.07,0.33,0.34,66
btc-updown-15m-1769058000,1769058000,465,0.66,0.67,0.665,0.01,1183.28,711.39,0.33,0.34,14
btc-updown-15m-1769058000,1769058000,480,0.68,0.69,0.685,0.01,1083.38,582.07,0.31,0.32,5
btc-updown-15m-1769058000,1769058000,495,0.79,0.8,0.795,0.01,55.87,449.34,0.2,0.21,5
btc-updown-15m-1769058000,1769058000,510,0.74,0.75,0.745,0.01,418.56,1063.82,0.25,0.26,2
btc-updown-15m-1769058000,1769058000,525,0.76,0.77,0.765,0.01,876.95,634.27,0.23,0.24,4
btc-updown-15m-1769058000,1769058000,540,0.76,0.77,0.765,0.01,826.64,676.81,0.23,0.24,20
btc-updown-15m-1769058000,1769058000,555,0.78,0.79,0.785,0.01,437.47,840.82,0.21,0.22,10
btc-updown-15m-1769058000,1769058000,570,0.73,0.74,0.735,0.01,858.09,2007.93,0.26,0.27,60
btc-updown-15m-1769058000,1769058000,585,0.72,0.73,0.725,0.01,951.74,1929.1,0.27,0.28,57
btc-updown-15m-1769058000,1769058000,600,0.72,0.73,0.725,0.01,573.34,709.69,0.27,0.28,14
btc-updown-15m-1769058000,1769058000,615,0.82,0.83,0.825,0.01,647.71,579.71,0.17,0.18,9
btc-updown-15m-1769058000,1769058000,630,0.8,0.81,0.805,0.01,298.94,937.82,0.19,0.2,34
btc-updown-15m-1769058000,1769058000,645,0.79,0.8,0.795,0.01,567.68,474.99,0.2,0.21,6
btc-updown-15m-1769058000,1769058000,660,0.83,0.84,0.835,0.01,677.87,1213.68,0.16,0.17,41
btc-updown-15m-1769058000,1769058000,675,0.8,0.81,0.805,0.01,864.4,447.36,0.19,0.2,58
btc-updown-15m-1769058000,1769058000,690,0.78,0.79,0.785,0.01,435.68,829.79,0.21,0.22,57
btc-updown-15m-1769058000,1769058000,705,0.76,0.77,0.765,0.01,111.26,955.87,0.23,0.24,77
btc-updown-15m-1769058000,1769058000,720,0.77,0.78,0.775,0.01,272.43,1054.26,0.22,0.23,13
btc-updown-15m-1769058000,1769058000,735,0.78,0.79,0.785,0.01,105,726.93,0.21,0.22,0
btc-updown-15m-1769058000,1769058000,750,0.76,0.77,0.765,0.01,409.5,315.59,0.23,0.24,5
btc-updown-15m-1769058000,1769058000,765,0.54,0.55,0.545,0.01,27.1,328.5,0.45,0.46,9
btc-updown-15m-1769058000,1769058000,780,0.65,0.66,0.655,0.01,500.15,225.24,0.34,0.35,28
btc-updown-15m-1769058000,1769058000,795,0.7,0.71,0.705,0.01,596.1,136.71,0.29,0.3,7
btc-updown-15m-1769058000,1769058000,810,0.75,0.76,0.755,0.01,225.1,151.89,0.24,0.25,4
btc-updown-15m-1769058000,1769058000,825,0.83,0.84,0.835,0.01,500.94,6302.9,0.16,0.17,2
btc-updown-15m-1769058000,1769058000,840,0.8,0.81,0.805,0.01,494.98,379.09,0.19,0.2,0
btc-updown-15m-1769058000,1769058000,845,0.83,0.85,0.84,0.02,147.34,40384.57,0.15,0.17,24
btc-updown-15m-1769058000,1769058000,850,0.84,0.85,0.845,0.01,127.76,39759.81,0.15,0.16,32
btc-updown-15m-1769058000,1769058000,855,0.84,0.85,0.845,0.01,124.62,39365.62,0.15,0.16,7
btc-updown-15m-1769058000,1769058000,860,0.82,0.83,0.825,0.01,216.79,6415.51,0.17,0.18,13
btc-updown-15m-1769058000,1769058000,865,0.81,0.83,0.82,0.02,412.6,4274.75,0.17,0.19,8
btc-updown-15m-1769058000,1769058000,870,0.8,0.82,0.81,0.02,351.6,2580.52,0.18,0.2,3
btc-updown-15m-1769058000,1769058000,875,0.82,0.84,0.83,0.02,133.36,2317.67,0.16,0.18,22
btc-updown-15m-1769058000,1769058000,880,0.84,0.85,0.845,0.01,133,425.83,0.15,0.16,20
btc-updown-15m-1769058000,1769058000,885,0.85,0.86,0.855,0.01,154.77,194.87,0.14,0.15,61
btc-updown-15m-1769058000,1769058000,890,0.89,0.9,0.895,0.01,240.19,377.75,0.1,0.11,29
btc-updown-15m-1769058000,1769058000,895,0.97,0.98,0.975,0.01,725.95,10172.24,0.02,0.03,5
btc-updown-15m-1769058000,1769058000,897,0.97,0.98,0.975,0.01,8428.83,7404.15,0.02,0.03,41
btc-updown-15m-1769058000,1769058000,899,0.96,0.99,0.975,0.03,8273.93,3804.89,0.01,0.04,4
btc-updown-15m-1769058000,1769058000,900,0.98,0.99,0.985,0.01,8686.12,1716.1,0.01,0.02,25
btc-updown-15m-1769068800,1769068800,0,0.51,0.52,0.515,0.01,2711.21,5665.43,0.48,0.49,258
btc-updown-15m-1769068800,1769068800,15,0.51,0.52,0.515,0.01,2360.25,416.41,0.48,0.49,32
btc-updown-15m-1769068800,1769068800,30,0.56,0.57,0.565,0.01,320.03,335.65,0.43,0.44,6
btc-updown-15m-1769068800,1769068800,45,0.57,0.58,0.575,0.01,680.93,546.14,0.42,0.43,7
btc-updown-15m-1769068800,1769068800,60,0.58,0.59,0.585,0.01,1010.07,3895.24,0.41,0.42,134
btc-updown-15m-1769068800,1769068800,75,0.54,0.55,0.545,0.01,752.37,589.46,0.45,0.46,5
btc-updown-15m-1769068800,1769068800,90,0.63,0.64,0.635,0.01,754.7,392.36,0.36,0.37,1
btc-updown-15m-1769068800,1769068800,105,0.69,0.7,0.695,0.01,447.9,1002.7,0.3,0.31,18
btc-updown-15m-1769068800,1769068800,120,0.6,0.61,0.605,0.01,816.11,626.22,0.39,0.4,1
btc-updown-15m-1769068800,1769068800,135,0.69,0.7,0.695,0.01,974.27,6320.96,0.3,0.31,1
btc-updown-15m-1769068800,1769068800,150,0.7,0.71,0.705,0.01,392.3,5705.33,0.29,0.3,6
btc-updown-15m-1769068800,1769068800,165,0.7,0.71,0.705,0.01,1214.58,5338.6,0.29,0.3,50
btc-updown-15m-1769068800,1769068800,180,0.7,0.71,0.705,0.01,1095.45,4571.45,0.29,0.3,18
btc-updown-15m-1769068800,1769068800,195,0.72,0.73,0.725,0.01,4221.51,988.21,0.27,0.28,0
btc-updown-15m-1769068800,1769068800,210,0.73,0.74,0.735,0.01,802.48,494.84,0.26,0.27,5
btc-updown-15m-1769068800,1769068800,225,0.74,0.75,0.745,0.01,505.21,380.71,0.25,0.26,5
btc-updown-15m-1769068800,1769068800,240,0.75,0.76,0.755,0.01,382.91,2903.96,0.24,0.25,37
btc-updown-15m-1769068800,1769068800,255,0.74,0.75,0.745,0.01,324.5,638.04,0.25,0.26,7
btc-updown-15m-1769068800,1769068800,270,0.71,0.72,0.715,0.01,1112.37,536.12,0.28,0.29,79
btc-updown-15m-1769068800,1769068800,285,0.7,0.71,0.705,0.01,1003.09,1543.49,0.29,0.3,170
btc-updown-15m-1769068800,1769068800,300,0.7,0.71,0.705,0.01,1947.35,926.68,0.29,0.3,29
btc-updown-15m-1769068800,1769068800,315,0.74,0.75,0.745,0.01,769.3,458.33,0.25,0.26,25
btc-updown-15m-1769068800,1769068800,330,0.77,0.78,0.775,0.01,513.41,5857.38,0.22,0.23,25
btc-updown-15m-1769068800,1769068800,345,0.78,0.79,0.785,0.01,654.29,2248.21,0.21,0.22,48
btc-updown-15m-1769068800,1769068800,360,0.8,0.81,0.805,0.01,933.8,613.52,0.19,0.2,13
btc-updown-15m-1769068800,1769068800,375,0.85,0.86,0.855,0.01,181.69,846.42,0.14,0.15,5
btc-updown-15m-1769068800,1769068800,390,0.82,0.83,0.825,0.01,983.17,11697.82,0.17,0.18,0
btc-updown-15m-1769068800,1769068800,405,0.82,0.83,0.825,0.01,1254.32,12698.19,0.17,0.18,0
btc-updown-15m-1769068800,1769068800,420,0.82,0.83,0.825,0.01,1083.34,12837.64,0.17,0.18,25
btc-updown-15m-1769068800,1769068800,435,0.83,0.84,0.835,0.01,793.77,216.39,0.16,0.17,2
btc-updown-15m-1769068800,1769068800,450,0.87,0.88,0.875,0.01,699.31,5812.36,0.12,0.13,56
btc-updown-15m-1769068800,1769068800,465,0.88,0.89,0.885,0.01,1955.07,824.8,0.11,0.12,22
btc-updown-15m-1769068800,1769068800,480,0.9,0.91,0.905,0.01,9937.06,2052.76,0.09,0.1,121
btc-updown-15m-1769068800,1769068800,495,0.89,0.9,0.895,0.01,507.87,1020.45,0.1,0.11,2
btc-updown-15m-1769068800,1769068800,510,0.9,0.91,0.905,0.01,713.79,2482.33,0.09,0.1,2
btc-updown-15m-1769068800,1769068800,525,0.88,0.89,0.885,0.01,1024.98,12312.45,0.11,0.12,143
btc-updown-15m-1769068800,1769068800,540,0.85,0.86,0.855,0.01,1114.3,591.04,0.14,0.15,24
btc-updown-15m-1769068800,1769068800,555,0.85,0.86,0.855,0.01,1346.53,479.88,0.14,0.15,0
btc-updown-15m-1769068800,1769068800,570,0.85,0.86,0.855,0.01,1317.29,805.86,0.14,0.15,21
btc-updown-15m-1769068800,1769068800,585,0.87,0.88,0.875,0.01,356.69,7339,0.12,0.13,26
btc-updown-15m-1769068800,1769068800,600,0.9,0.91,0.905,0.01,525.08,2165.45,0.09,0.1,13
btc-updown-15m-1769068800,1769068800,615,0.84,0.85,0.845,0.01,1304.41,269.83,0.15,0.16,8
btc-updown-15m-1769068800,1769068800,630,0.82,0.83,0.825,0.01,337.59,476.29,0.17,0.18,3
btc-updown-15m-1769068800,1769068800,645,0.84,0.85,0.845,0.01,268.77,666.42,0.15,0.16,7
btc-updown-15m-1769068800,1769068800,660,0.84,0.85,0.845,0.01,582.87,593.7,0.15,0.16,27
btc-updown-15m-1769068800,1769068800,675,0.82,0.83,0.825,0.01,574.1,2906.81,0.17,0.18,2
btc-updown-15m-1769068800,1769068800,690,0.72,0.73,0.725,0.01,275.15,336.98,0.27,0.28,1
btc-updown-15m-1769068800,1769068800,705,0.52,0.65,0.585,0.13,697.44,942.39,0.35,0.48,2
btc-updown-15m-1769068800,1769068800,720,0.35,0.36,0.355,0.01,223.34,193.44,0.64,0.65,2
btc-updown-15m-1769068800,1769068800,735,0.61,0.62,0.615,0.01,277.67,712.95,0.38,0.39,0
btc-updown-15m-1769068800,1769068800,750,0.68,0.69,0.685,0.01,371.85,8035.16,0.31,0.32,13
btc-updown-15m-1769068800,1769068800,765,0.65,0.66,0.655,0.01,331.51,935.38,0.34,0.35,10
btc-updown-15m-1769068800,1769068800,780,0.3,0.31,0.305,0.01,726.61,189.43,0.69,0.7,3
btc-updown-15m-1769068800,1769068800,795,0.28,0.29,0.285,0.01,506.45,223.52,0.71,0.72,11
btc-updown-15m-1769068800,1769068800,810,0.19,0.2,0.195,0.01,387,1854.96,0.8,0.81,2
btc-updown-15m-1769068800,1769068800,825,0.15,0.16,0.155,0.01,512.93,4172.56,0.84,0.85,1
btc-updown-15m-1769068800,1769068800,840,0.14,0.15,0.145,0.01,152.91,155.5,0.85,0.86,25
btc-updown-15m-1769068800,1769068800,845,0.11,0.12,0.115,0.01,4252.18,3336.25,0.88,0.89,6
btc-updown-15m-1769068800,1769068800,850,0.11,0.12,0.115,0.01,4472.38,442.41,0.88,0.89,26
btc-updown-15m-1769068800,1769068800,855,0.11,0.12,0.115,0.01,4152.21,213,0.88,0.89,29
btc-updown-15m-1769068800,1769068800,860,0.1,0.11,0.105,0.01,4126.68,170.5,0.89,0.9,0
btc-updown-15m-1769068800,1769068800,865,0.11,0.12,0.115,0.01,4079.78,157.5,0.88,0.89,3
btc-updown-15m-1769068800,1769068800,870,0.09,0.1,0.095,0.01,226.42,462,0.9,0.91,32
btc-updown-15m-1769068800,1769068800,875,0.1,0.11,0.105,0.01,59.88,396.09,0.89,0.9,0
btc-updown-15m-1769068800,1769068800,880,0.44,0.47,0.455,0.03,70.94,54,0.53,0.56,0
btc-updown-15m-1769068800,1769068800,885,0.48,0.56,0.52,0.08,417.21,103,0.44,0.52,0
btc-updown-15m-1769068800,1769068800,890,0.02,0.03,0.025,0.01,13480.67,151.98,0.97,0.98,2
btc-updown-15m-1769068800,1769068800,895,0.01,0.02,0.015,0.01,10155.34,282.89,0.98,0.99,26
btc-updown-15m-1769068800,1769068800,897,0.01,0.03,0.02,0.02,7484.28,467.72,0.97,0.99,19
btc-updown-15m-1769068800,1769068800,899,,0.01,,,0,13875.2,0.99,,3
btc-updown-15m-1769068800,1769068800,900,,0.01,,,0,26063.06,0.99,,19
btc-updown-15m-1769078700,1769078700,0,0.5,0.52,0.51,0.02,722.59,238,0.48,0.5,312
btc-updown-15m-1769078700,1769078700,15,0.47,0.48,0.475,0.01,2637.96,2853.96,0.52,0.53,0
btc-updown-15m-1769078700,1769078700,30,0.48,0.49,0.485,0.01,2793.93,4275.07,0.51,0.52,20
btc-updown-15m-1769078700,1769078700,45,0.52,0.53,0.525,0.01,1167.44,2131.62,0.47,0.48,10
btc-updown-15m-1769078700,1769078700,60,0.55,0.56,0.555,0.01,1064.87,3201.25,0.44,0.45,69
btc-updown-15m-1769078700,1769078700,75,0.53,0.54,0.535,0.01,1140.6,3677.5,0.46,0.47,43
btc-updown-15m-1769078700,1769078700,90,0.49,0.5,0.495,0.01,5154.29,2454.38,0.5,0.51,23
btc-updown-15m-1769078700,1769078700,105,0.49,0.5,0.495,0.01,838.27,3468.74,0.5,0.51,2
btc-updown-15m-1769078700,1769078700,120,0.44,0.45,0.445,0.01,4459.33,3555.51,0.55,0.56,76
btc-updown-15m-1769078700,1769078700,135,0.33,0.34,0.335,0.01,3301.73,3935.2,0.66,0.67,26
btc-updown-15m-1769078700,1769078700,150,0.39,0.4,0.395,0.01,3726.5,517.54,0.6,0.61,7
btc-updown-15m-1769078700,1769078700,165,0.53,0.54,0.535,0.01,2895.17,1620.94,0.46,0.47,19
btc-updown-15m-1769078700,1769078700,180,0.6,0.61,0.605,0.01,2557.68,2972.51,0.39,0.4,65
btc-updown-15m-1769078700,1769078700,195,0.58,0.59,0.585,0.01,3259.81,5157.73,0.41,0.42,45
btc-updown-15m-1769078700,1769078700,210,0.53,0.54,0.535,0.01,2391.16,3131.02,0.46,0.47,0
btc-updown-15m-1769078700,1769078700,225,0.46,0.47,0.465,0.01,2841.01,2549.25,0.53,0.54,192
btc-updown-15m-1769078700,1769078700,240,0.49,0.5,0.495,0.01,4526.15,4709,0.5,0.51,19
btc-updown-15m-1769078700,1769078700,255,0.48,0.49,0.485,0.01,1451.96,4661.28,0.51,0.52,31
btc-updown-15m-1769078700,1769078700,270,0.52,0.53,0.525,0.01,974.06,1416.8,0.47,0.48,3
btc-updown-15m-1769078700,1769078700,285,0.53,0.54,0.535,0.01,4757.78,5141.16,0.46,0.47,44
btc-updown-15m-1769078700,1769078700,300,0.52,0.53,0.525,0.01,4157.86,3661.45,0.47,0.48,4
btc-updown-15m-1769078700,1769078700,315,0.49,0.5,0.495,0.01,1473.78,1162.1,0.5,0.51,19
btc-updown-15m-1769078700,1769078700,330,0.51,0.52,0.515,0.01,5607.77,1715.95,0.48,0.49,1
btc-updown-15m-1769078700,1769078700,345,0.53,0.54,0.535,0.01,1929.44,3199.15,0.46,0.47,10
btc-updown-15m-1769078700,1769078700,360,0.53,0.54,0.535,0.01,2772.41,4957.5,0.46,0.47,222
btc-updown-15m-1769078700,1769078700,375,0.53,0.54,0.535,0.01,1102.52,2326.2,0.46,0.47,15
btc-updown-15m-1769078700,1769078700,390,0.47,0.48,0.475,0.01,2287.74,3562.55,0.52,0.53,57
btc-updown-15m-1769078700,1769078700,405,0.63,0.64,0.635,0.01,2737.99,3029.68,0.36,0.37,19
btc-updown-15m-1769078700,1769078700,420,0.66,0.67,0.665,0.01,4590.48,2271.78,0.33,0.34,10
btc-updown-15m-1769078700,1769078700,435,0.67,0.68,0.675,0.01,1582.67,4423.76,0.32,0.33,1
btc-updown-15m-1769078700,1769078700,450,0.67,0.68,0.675,0.01,4782.18,2070.13,0.32,0.33,2
btc-updown-15m-1769078700,1769078700,465,0.68,0.69,0.685,0.01,3681.64,4361.62,0.31,0.32,8
btc-updown-15m-1769078700,1769078700,480,0.6,0.61,0.605,0.01,2491.61,5068.2,0.39,0.4,19
btc-updown-15m-1769078700,1769078700,495,0.63,0.64,0.635,0.01,538.13,2981.87,0.36,0.37,36
btc-updown-15m-1769078700,1769078700,510,0.61,0.62,0.615,0.01,3944.73,1624.9,0.38,0.39,1
btc-updown-15m-1769078700,1769078700,525,0.7,0.71,0.705,0.01,3133.73,3314.07,0.29,0.3,2
btc-updown-15m-1769078700,1769078700,540,0.71,0.72,0.715,0.01,5123.59,461,0.28,0.29,13
btc-updown-15m-1769078700,1769078700,555,0.86,0.87,0.865,0.01,6421.34,2199.56,0.13,0.14,58
btc-updown-15m-1769078700,1769078700,570,0.86,0.87,0.865,0.01,4887.88,2767.66,0.13,0.14,39
btc-updown-15m-1769078700,1769078700,585,0.86,0.87,0.865,0.01,4837.62,2824.95,0.13,0.14,7
btc-updown-15m-1769078700,1769078700,600,0.86,0.87,0.865,0.01,5459.45,2665.82,0.13,0.14,9
btc-updown-15m-1769078700,1769078700,615,0.65,0.66,0.655,0.01,560.57,518.52,0.34,0.35,3
btc-updown-15m-1769078700,1769078700,630,0.68,0.69,0.685,0.01,473.61,624.7,0.31,0.32,82
btc-updown-15m-1769078700,1769078700,645,0.7,0.71,0.705,0.01,631.79,965.49,0.29,0.3,0
btc-updown-15m-1769078700,1769078700,660,0.73,0.74,0.735,0.01,618.36,3285.81,0.26,0.27,22
btc-updown-15m-1769078700,1769078700,675,0.74,0.75,0.745,0.01,405.47,3183.16,0.25,0.26,33
btc-updown-15m-1769078700,1769078700,690,0.82,0.83,0.825,0.01,2621.2,1950.57,0.17,0.18,32
btc-updown-15m-1769078700,1769078700,705,0.87,0.88,0.875,0.01,3089.06,953.28,0.12,0.13,1
btc-updown-15m-1769078700,1769078700,720,0.86,0.87,0.865,0.01,2796.62,3642.67,0.13,0.14,9
btc-updown-15m-1769078700,1769078700,735,0.85,0.86,0.855,0.01,2703.37,397.37,0.14,0.15,2
btc-updown-15m-1769078700,1769078700,750,0.93,0.94,0.935,0.01,2326.04,4356.54,0.06,0.07,5
btc-updown-15m-1769078700,1769078700,765,0.85,0.86,0.855,0.01,2438.21,357.97,0.14,0.15,6
btc-updown-15m-1769078700,1769078700,780,0.87,0.88,0.875,0.01,2736.9,379.53,0.12,0.13,13
btc-updown-15m-1769078700,1769078700,795,0.92,0.93,0.925,0.01,2582.17,1376.61,0.07,0.08,47
btc-updown-15m-1769078700,1769078700,810,0.92,0.93,0.925,0.01,2609.01,1487.06,0.07,0.08,31
btc-updown-15m-1769078700,1769078700,825,0.93,0.94,0.935,0.01,813.18,1415.22,0.06,0.07,72
btc-updown-15m-1769078700,1769078700,840,0.96,0.97,0.965,0.01,3261.3,17116.64,0.03,0.04,8
btc-updown-15m-1769078700,1769078700,845,0.97,0.98,0.975,0.01,811.85,14573.53,0.02,0.03,72
btc-updown-15m-1769078700,1769078700,850,0.97,0.98,0.975,0.01,806.32,15156.61,0.02,0.03,72
btc-updown-15m-1769078700,1769078700,855,0.97,0.98,0.975,0.01,795.46,15116.06,0.02,0.03,174
btc-updown-15m-1769078700,1769078700,860,0.97,0.98,0.975,0.01,944.12,14217.74,0.02,0.03,0
btc-updown-15m-1769078700,1769078700,865,0.98,0.99,0.985,0.01,884.19,13949.38,0.01,0.02,0
btc-updown-15m-1769078700,1769078700,870,0.98,0.99,0.985,0.01,2156.64,13403.11,0.01,0.02,5
btc-updown-15m-1769078700,1769078700,875,0.98,0.99,0.985,0.01,3101.02,10216.78,0.01,0.02,2
btc-updown-15m-1769078700,1769078700,880,0.98,0.99,0.985,0.01,1034.24,7861.89,0.01,0.02,7
btc-updown-15m-1769078700,1769078700,885,0.98,0.99,0.985,0.01,949.24,3927.32,0.01,0.02,17
btc-updown-15m-1769078700,1769078700,890,0.99,,,,15933.79,0,,0.01,145
btc-updown-15m-1769078700,1769078700,895,0.99,,,,13290.11,0,,0.01,2
btc-updown-15m-1769078700,1769078700,897,0.99,,,,11582.89,0,,0.01,123
btc-updown-15m-1769078700,1769078700,899,0.99,,,,11532.89,0,,0.01,213
btc-updown-15m-1769078700,1769078700,900,0.99,,,,13981.58,0,,0.01,375
btc-updown-15m-1769089500,1769089500,0,0.54,0.55,0.545,0.01,3176.64,808.63,0.45,0.46,2
btc-updown-15m-1769089500,1769089500,15,0.59,0.6,0.595,0.01,4885.93,169.61,0.4,0.41,86
btc-updown-15m-1769089500,1769089500,30,0.6,0.61,0.605,0.01,5247.1,2940.9,0.39,0.4,1
btc-updown-15m-1769089500,1769089500,45,0.57,0.58,0.575,0.01,3663.37,3349.47,0.42,0.43,22
btc-updown-15m-1769089500,1769089500,60,0.59,0.6,0.595,0.01,3803.12,6008.91,0.4,0.41,0
btc-updown-15m-1769089500,1769089500,75,0.59,0.6,0.595,0.01,4074.48,3196.74,0.4,0.41,4
btc-updown-15m-1769089500,1769089500,90,0.6,0.61,0.605,0.01,4531.45,3930.13,0.39,0.4,13
btc-updown-15m-1769089500,1769089500,105,0.62,0.63,0.625,0.01,3816.87,3607.54,0.37,0.38,3
btc-updown-15m-1769089500,1769089500,120,0.59,0.6,0.595,0.01,4191.44,2181.85,0.4,0.41,0
btc-updown-15m-1769089500,1769089500,135,0.64,0.65,0.645,0.01,879.16,7583.18,0.35,0.36,0
btc-updown-15m-1769089500,1769089500,150,0.69,0.7,0.695,0.01,3654.84,811.64,0.3,0.31,10
btc-updown-15m-1769089500,1769089500,165,0.71,0.72,0.715,0.01,449.71,3156.16,0.28,0.29,562
btc-updown-15m-1769089500,1769089500,180,0.61,0.62,0.615,0.01,2339.17,2672.66,0.38,0.39,6
btc-updown-15m-1769089500,1769089500,195,0.59,0.6,0.595,0.01,2646.78,5209.37,0.4,0.41,42
btc-updown-15m-1769089500,1769089500,210,0.58,0.59,0.585,0.01,3481.26,692.59,0.41,0.42,1
btc-updown-15m-1769089500,1769089500,225,0.6,0.61,0.605,0.01,1279.31,4113.48,0.39,0.4,4
btc-updown-15m-1769089500,1769089500,240,0.54,0.55,0.545,0.01,560.85,523.82,0.45,0.46,96
btc-updown-15m-1769089500,1769089500,255,0.57,0.58,0.575,0.01,1112.11,3731.38,0.42,0.43,5
btc-updown-15m-1769089500,1769089500,270,0.61,0.62,0.615,0.01,5464.12,1179.39,0.38,0.39,4
btc-updown-15m-1769089500,1769089500,285,0.62,0.63,0.625,0.01,2525.91,6590.16,0.37,0.38,2
btc-updown-15m-1769089500,1769089500,300,0.61,0.62,0.615,0.01,3962.55,3897.72,0.38,0.39,0
btc-updown-15m-1769089500,1769089500,315,0.6,0.61,0.605,0.01,2141.79,5557.41,0.39,0.4,0
btc-updown-15m-1769089500,1769089500,330,0.5,0.52,0.51,0.02,5576.39,1874.46,0.48,0.5,9
btc-updown-15m-1769089500,1769089500,345,0.57,0.58,0.575,0.01,4260.17,983.3,0.42,0.43,18
btc-updown-15m-1769089500,1769089500,360,0.59,0.6,0.595,0.01,1463.85,4020.3,0.4,0.41,11
btc-updown-15m-1769089500,1769089500,375,0.53,0.54,0.535,0.01,2421.71,3270.33,0.46,0.47,5
btc-updown-15m-1769089500,1769089500,390,0.58,0.59,0.585,0.01,3246.12,1069.97,0.41,0.42,25
btc-updown-15m-1769089500,1769089500,405,0.55,0.57,0.56,0.02,3690.63,5020.86,0.43,0.45,37
btc-updown-15m-1769089500,1769089500,420,0.52,0.53,0.525,0.01,1010.89,3021.55,0.47,0.48,30
btc-updown-15m-1769089500,1769089500,435,0.57,0.58,0.575,0.01,3892.56,2474.8,0.42,0.43,0
btc-updown-15m-1769089500,1769089500,450,0.48,0.49,0.485,0.01,2818.92,4263.57,0.51,0.52,11
btc-updown-15m-1769089500,1769089500,465,0.39,0.4,0.395,0.01,3038.17,3191.5,0.6,0.61,1
btc-updown-15m-1769089500,1769089500,480,0.36,0.37,0.365,0.01,3595.22,4614.03,0.63,0.64,17
btc-updown-15m-1769089500,1769089500,495,0.25,0.26,0.255,0.01,1207.43,888.31,0.74,0.75,601
btc-updown-15m-1769089500,1769089500,510,0.21,0.22,0.215,0.01,3138.39,4419.4,0.78,0.79,3444
btc-updown-15m-1769089500,1769089500,525,0.18,0.19,0.185,0.01,331.45,3283.91,0.81,0.82,52
btc-updown-15m-1769089500,1769089500,540,0.18,0.19,0.185,0.01,693.63,2418.68,0.81,0.82,27
btc-updown-15m-1769089500,1769089500,555,0.25,0.26,0.255,0.01,2267.94,769.12,0.74,0.75,15
btc-updown-15m-1769089500,1769089500,570,0.29,0.3,0.295,0.01,2897.31,559.93,0.7,0.71,1
btc-updown-15m-1769089500,1769089500,585,0.32,0.33,0.325,0.01,2925.2,1381.11,0.67,0.68,29
btc-updown-15m-1769089500,1769089500,600,0.34,0.32,0.33,-0.02,1795.18,1132.17,0.68,0.66,13
btc-updown-15m-1769089500,1769089500,615,0.32,0.33,0.325,0.01,5639.6,491.23,0.67,0.68,4
btc-updown-15m-1769089500,1769089500,630,0.39,0.4,0.395,0.01,1477.48,2784.7,0.6,0.61,0
btc-updown-15m-1769089500,1769089500,645,0.39,0.4,0.395,0.01,800.36,344.34,0.6,0.61,3
btc-updown-15m-1769089500,1769089500,660,0.44,0.46,0.45,0.02,1054.97,341.07,0.54,0.56,2
btc-updown-15m-1769089500,1769089500,675,0.57,0.58,0.575,0.01,462.71,3757.74,0.42,0.43,2
btc-updown-15m-1769089500,1769089500,690,0.58,0.59,0.585,0.01,415.99,3160.14,0.41,0.42,6
btc-updown-15m-1769089500,1769089500,705,0.69,0.7,0.695,0.01,2854.49,1293.73,0.3,0.31,1
btc-updown-15m-1769089500,1769089500,720,0.57,0.59,0.58,0.02,2433.22,788.85,0.41,0.43,73
btc-updown-15m-1769089500,1769089500,735,0.73,0.74,0.735,0.01,2457.12,168.11,0.26,0.27,18
btc-updown-15m-1769089500,1769089500,750,0.73,0.74,0.735,0.01,2535.47,131.14,0.26,0.27,5
btc-updown-15m-1769089500,1769089500,765,0.75,0.76,0.755,0.01,403.35,1428.29,0.24,0.25,6
btc-updown-15m-1769089500,1769089500,780,0.64,0.65,0.645,0.01,2558.27,840.08,0.35,0.36,11
btc-updown-15m-1769089500,1769089500,795,0.27,0.28,0.275,0.01,2275,1048.02,0.72,0.73,1
btc-updown-15m-1769089500,1769089500,810,0.34,0.35,0.345,0.01,2569.12,571.89,0.65,0.66,2
btc-updown-15m-1769089500,1769089500,825,0.35,0.35,0.35,0,2049.58,2077.69,0.65,0.65,323
btc-updown-15m-1769089500,1769089500,840,0.53,0.53,0.53,0,66.39,425.62,0.47,0.47,654
btc-updown-15m-1769089500,1769089500,845,0.38,0.39,0.385,0.01,453.23,632.17,0.61,0.62,116
btc-updown-15m-1769089500,1769089500,850,0.37,0.38,0.375,0.01,1606,453.45,0.62,0.63,14
btc-updown-15m-1769089500,1769089500,855,0.4,0.46,0.43,0.06,720.7,41.77,0.54,0.6,2
btc-updown-15m-1769089500,1769089500,860,0.42,0.43,0.425,0.01,276,50,0.57,0.58,978
btc-updown-15m-1769089500,1769089500,865,0.53,0.55,0.54,0.02,117.11,372.2,0.45,0.47,863
btc-updown-15m-1769089500,1769089500,870,0.62,0.63,0.625,0.01,125.8,697.69,0.37,0.38,17
btc-updown-15m-1769089500,1769089500,875,0.37,0.41,0.39,0.04,485.72,71,0.59,0.63,10
btc-updown-15m-1769089500,1769089500,880,0.57,0.58,0.575,0.01,197.49,502.46,0.42,0.43,16
btc-updown-15m-1769089500,1769089500,885,0.52,0.55,0.535,0.03,139.1,49.2,0.45,0.48,1
btc-updown-15m-1769089500,1769089500,890,0.44,0.45,0.445,0.01,168.08,47,0.55,0.56,285
btc-updown-15m-1769089500,1769089500,895,0.46,0.52,0.49,0.06,904,246.85,0.48,0.54,12
btc-updown-15m-1769089500,1769089500,897,0.45,0.55,0.5,0.1,816.95,83.26,0.45,0.55,13
btc-updown-15m-1769089500,1769089500,899,0.46,0.5,0.48,0.04,481.67,133.26,0.5,0.54,6
btc-updown-15m-1769089500,1769089500,900,0.28,0.46,0.37,0.18,64,133,0.54,0.72,24
btc-updown-15m-1769099400,1769099400,0,0.48,0.49,0.485,0.01,3851.31,943.87,0.51,0.52,48
btc-updown-15m-1769099400,1769099400,15,0.53,0.54,0.535,0.01,3206.23,238.33,0.46,0.47,8
btc-updown-15m-1769099400,1769099400,30,0.56,0.57,0.565,0.01,2838.72,2612.68,0.43,0.44,13
btc-updown-15m-1769099400,1769099400,45,0.63,0.64,0.635,0.01,3291.62,1792.88,0.36,0.37,3
btc-updown-15m-1769099400,1769099400,60,0.64,0.65,0.645,0.01,4300.91,11135.35,0.35,0.36,46
btc-updown-15m-1769099400,1769099400,75,0.64,0.65,0.645,0.01,2688.81,13233.91,0.35,0.36,3
btc-updown-15m-1769099400,1769099400,90,0.64,0.65,0.645,0.01,2752.44,12484.6,0.35,0.36,0
btc-updown-15m-1769099400,1769099400,105,0.65,0.66,0.655,0.01,1752.62,12536.77,0.34,0.35,36
btc-updown-15m-1769099400,1769099400,120,0.56,0.57,0.565,0.01,1201.69,774.05,0.43,0.44,25
btc-updown-15m-1769099400,1769099400,135,0.58,0.58,0.58,0,2462.73,2539.53,0.42,0.42,488
btc-updown-15m-1769099400,1769099400,150,0.63,0.64,0.635,0.01,4423.57,1364.61,0.36,0.37,11
btc-updown-15m-1769099400,1769099400,165,0.6,0.61,0.605,0.01,7472.85,3400.32,0.39,0.4,46
btc-updown-15m-1769099400,1769099400,180,0.5,0.51,0.505,0.01,595.92,1218.19,0.49,0.5,279
btc-updown-15m-1769099400,1769099400,195,0.41,0.42,0.415,0.01,2137.75,842.05,0.58,0.59,1
btc-updown-15m-1769099400,1769099400,210,0.47,0.48,0.475,0.01,891.12,3440.22,0.52,0.53,11
btc-updown-15m-1769099400,1769099400,225,0.32,0.34,0.33,0.02,1084.79,1701.6,0.66,0.68,3
btc-updown-15m-1769099400,1769099400,240,0.28,0.29,0.285,0.01,2007.74,1484.08,0.71,0.72,17
btc-updown-15m-1769099400,1769099400,255,0.31,0.32,0.315,0.01,3780.96,2305.67,0.68,0.69,1
btc-updown-15m-1769099400,1769099400,270,0.31,0.32,0.315,0.01,1531.62,2977.76,0.68,0.69,1441
btc-updown-15m-1769099400,1769099400,285,0.31,0.32,0.315,0.01,3242.75,3013.9,0.68,0.69,2
btc-updown-15m-1769099400,1769099400,300,0.27,0.28,0.275,0.01,3083.73,2717.84,0.72,0.73,1
btc-updown-15m-1769099400,1769099400,315,0.24,0.25,0.245,0.01,1192.91,1433.11,0.75,0.76,2
btc-updown-15m-1769099400,1769099400,330,0.22,0.23,0.225,0.01,1354,4288.7,0.77,0.78,32
btc-updown-15m-1769099400,1769099400,345,0.19,0.2,0.195,0.01,2740.23,704.35,0.8,0.81,510
btc-updown-15m-1769099400,1769099400,360,0.23,0.24,0.235,0.01,3370.3,1304.38,0.76,0.77,8
btc-updown-15m-1769099400,1769099400,375,0.21,0.22,0.215,0.01,4107.18,238,0.78,0.79,4
btc-updown-15m-1769099400,1769099400,390,0.34,0.35,0.345,0.01,2558.28,1687.32,0.65,0.66,15
btc-updown-15m-1769099400,1769099400,405,0.33,0.34,0.335,0.01,954,3665.27,0.66,0.67,1
btc-updown-15m-1769099400,1769099400,420,0.22,0.23,0.225,0.01,1411.51,5182.47,0.77,0.78,5
btc-updown-15m-1769099400,1769099400,435,0.19,0.2,0.195,0.01,1883.35,4717.46,0.8,0.81,5
btc-updown-15m-1769099400,1769099400,450,0.23,0.24,0.235,0.01,3491.94,403.08,0.76,0.77,0
btc-updown-15m-1769099400,1769099400,465,0.28,0.27,0.275,-0.01,4820.52,1874.7,0.73,0.72,0
btc-updown-15m-1769099400,1769099400,480,0.35,0.36,0.355,0.01,2964.92,1859.19,0.64,0.65,18
btc-updown-15m-1769099400,1769099400,495,0.39,0.4,0.395,0.01,1513.75,3696.5,0.6,0.61,19
btc-updown-15m-1769099400,1769099400,510,0.5,0.5,0.5,0,71.94,2842.61,0.5,0.5,3215
btc-updown-15m-1769099400,1769099400,525,0.58,0.59,0.585,0.01,1247.49,12906.13,0.41,0.42,29
btc-updown-15m-1769099400,1769099400,540,0.52,0.53,0.525,0.01,80.5,2894.63,0.47,0.48,6
btc-updown-15m-1769099400,1769099400,555,0.33,0.34,0.335,0.01,1775.33,3595.72,0.66,0.67,0
btc-updown-15m-1769099400,1769099400,570,0.31,0.32,0.315,0.01,1332.73,3352.58,0.68,0.69,1
btc-updown-15m-1769099400,1769099400,585,0.36,0.37,0.365,0.01,1283.86,1905.96,0.63,0.64,345
btc-updown-15m-1769099400,1769099400,600,0.33,0.34,0.335,0.01,2572.83,3082.26,0.66,0.67,63
btc-updown-15m-1769099400,1769099400,615,0.18,0.2,0.19,0.02,3724.57,2798.46,0.8,0.82,24
btc-updown-15m-1769099400,1769099400,630,0.27,0.28,0.275,0.01,1941.42,1126.39,0.72,0.73,3
btc-updown-15m-1769099400,1769099400,645,0.26,0.27,0.265,0.01,1257,458.28,0.73,0.74,2
btc-updown-15m-1769099400,1769099400,660,0.2,0.22,0.21,0.02,5004.18,970.73,0.78,0.8,1734
btc-updown-15m-1769099400,1769099400,675,0.27,0.29,0.28,0.02,5562.52,179.29,0.71,0.73,21
btc-updown-15m-1769099400,1769099400,690,0.15,0.16,0.155,0.01,368.2,2840.32,0.84,0.85,7
btc-updown-15m-1769099400,1769099400,705,0.15,0.16,0.155,0.01,1880.87,867.09,0.84,0.85,4
btc-updown-15m-1769099400,1769099400,720,0.15,0.16,0.155,0.01,3550.01,231,0.84,0.85,17
btc-updown-15m-1769099400,1769099400,735,0.16,0.17,0.165,0.01,594.4,1026.76,0.83,0.84,3
btc-updown-15m-1769099400,1769099400,750,0.13,0.14,0.135,0.01,4642.3,1315.45,0.86,0.87,10
btc-updown-15m-1769099400,1769099400,765,0.22,0.23,0.225,0.01,1493.22,387.67,0.77,0.78,4
btc-updown-15m-1769099400,1769099400,780,0.22,0.22,0.22,0,56.09,433.51,0.78,0.78,1834
btc-updown-15m-1769099400,1769099400,795,0.29,0.3,0.295,0.01,299.92,2827.66,0.7,0.71,0
btc-updown-15m-1769099400,1769099400,810,0.26,0.28,0.27,0.02,4818.87,423.26,0.72,0.74,177
btc-updown-15m-1769099400,1769099400,825,0.27,0.29,0.28,0.02,707.8,312.77,0.71,0.73,33
btc-updown-15m-1769099400,1769099400,840,0.26,0.27,0.265,0.01,157.7,2546.15,0.73,0.74,39
btc-updown-15m-1769099400,1769099400,845,0.23,0.24,0.235,0.01,1826.68,41.42,0.76,0.77,5
btc-updown-15m-1769099400,1769099400,850,0.22,0.24,0.23,0.02,139.57,2037,0.76,0.78,16
btc-updown-15m-1769099400,1769099400,855,0.17,0.19,0.18,0.02,279,70.78,0.81,0.83,2
btc-updown-15m-1769099400,1769099400,860,0.15,0.17,0.16,0.02,169,145.05,0.83,0.85,43
btc-updown-15m-1769099400,1769099400,865,0.31,0.33,0.32,0.02,2141.56,187.1,0.67,0.69,1
btc-updown-15m-1769099400,1769099400,870,0.32,0.34,0.33,0.02,2362.72,167,0.66,0.68,6
btc-updown-15m-1769099400,1769099400,875,0.28,0.29,0.285,0.01,184,787.36,0.71,0.72,9
btc-updown-15m-1769099400,1769099400,880,0.14,0.15,0.145,0.01,2116.75,553.95,0.85,0.86,16
btc-updown-15m-1769099400,1769099400,885,0.12,0.13,0.125,0.01,2357,326,0.87,0.88,1
btc-updown-15m-1769099400,1769099400,890,0.15,0.16,0.155,0.01,1962.08,65.65,0.84,0.85,27
btc-updown-15m-1769099400,1769099400,895,0.05,0.07,0.06,0.02,1243.16,452.15,0.93,0.95,50
btc-updown-15m-1769099400,1769099400,897,0.02,0.03,0.025,0.01,16593.31,225.28,0.97,0.98,0
btc-updown-15m-1769099400,1769099400,899,0.02,0.04,0.03,0.02,13189.2,1077.23,0.96,0.98,14
btc-updown-15m-1769099400,1769099400,900,,0.01,,,0,522.66,0.99,,8
btc-updown-15m-1769109300,1769109300,0,0.5,0.51,0.505,0.01,1050.57,675.97,0.49,0.5,58
btc-updown-15m-1769109300,1769109300,15,0.41,0.42,0.415,0.01,2858.92,949.97,0.58,0.59,21
btc-updown-15m-1769109300,1769109300,30,0.49,0.5,0.495,0.01,1984.93,872.43,0.5,0.51,7
btc-updown-15m-1769109300,1769109300,45,0.44,0.45,0.445,0.01,2334.14,1554.52,0.55,0.56,28
btc-updown-15m-1769109300,1769109300,60,0.48,0.49,0.485,0.01,598.69,4888.36,0.51,0.52,1
btc-updown-15m-1769109300,1769109300,75,0.44,0.45,0.445,0.01,1786.98,1148.01,0.55,0.56,92
btc-updown-15m-1769109300,1769109300,90,0.43,0.44,0.435,0.01,616.91,3843.95,0.56,0.57,3
btc-updown-15m-1769109300,1769109300,105,0.4,0.41,0.405,0.01,11043.48,3797.27,0.59,0.6,34
btc-updown-15m-1769109300,1769109300,120,0.43,0.44,0.435,0.01,3249.69,1012.53,0.56,0.57,5
btc-updown-15m-1769109300,1769109300,135,0.44,0.45,0.445,0.01,2968.19,4252.22,0.55,0.56,28
btc-updown-15m-1769109300,1769109300,150,0.42,0.43,0.425,0.01,9840.75,8085.38,0.57,0.58,0
btc-updown-15m-1769109300,1769109300,165,0.4,0.41,0.405,0.01,5311.16,6215.43,0.59,0.6,927
btc-updown-15m-1769109300,1769109300,180,0.42,0.43,0.425,0.01,2627.77,1944.7,0.57,0.58,1
btc-updown-15m-1769109300,1769109300,195,0.41,0.42,0.415,0.01,2837.55,3165.47,0.58,0.59,74
btc-updown-15m-1769109300,1769109300,210,0.43,0.44,0.435,0.01,3452.67,2599.32,0.56,0.57,19
btc-updown-15m-1769109300,1769109300,225,0.4,0.41,0.405,0.01,277.49,2694.52,0.59,0.6,555
btc-updown-15m-1769109300,1769109300,240,0.34,0.36,0.35,0.02,3418.44,3651.39,0.64,0.66,0
btc-updown-15m-1769109300,1769109300,255,0.31,0.32,0.315,0.01,13601.85,2155.75,0.68,0.69,1
btc-updown-15m-1769109300,1769109300,270,0.45,0.46,0.455,0.01,1978.08,970.87,0.54,0.55,1
btc-updown-15m-1769109300,1769109300,285,0.49,0.5,0.495,0.01,2409.93,1067.46,0.5,0.51,13
btc-updown-15m-1769109300,1769109300,300,0.56,0.57,0.565,0.01,2712.05,3529.89,0.43,0.44,8
btc-updown-15m-1769109300,1769109300,315,0.57,0.58,0.575,0.01,1784.37,4081.4,0.42,0.43,239
btc-updown-15m-1769109300,1769109300,330,0.65,0.66,0.655,0.01,2563.73,5795.42,0.34,0.35,2
btc-updown-15m-1769109300,1769109300,345,0.55,0.56,0.555,0.01,5163.27,1711.85,0.44,0.45,21
btc-updown-15m-1769109300,1769109300,360,0.56,0.57,0.565,0.01,2872.65,4676.41,0.43,0.44,0
btc-updown-15m-1769109300,1769109300,375,0.52,0.53,0.525,0.01,4356.2,727.58,0.47,0.48,23
btc-updown-15m-1769109300,1769109300,390,0.46,0.47,0.465,0.01,3841.98,1962.31,0.53,0.54,16
btc-updown-15m-1769109300,1769109300,405,0.5,0.5,0.5,0,346.26,495.43,0.5,0.5,839
btc-updown-15m-1769109300,1769109300,420,0.58,0.59,0.585,0.01,4667.06,1813.11,0.41,0.42,61
btc-updown-15m-1769109300,1769109300,435,0.6,0.61,0.605,0.01,1014.68,4852.54,0.39,0.4,18
btc-updown-15m-1769109300,1769109300,450,0.44,0.46,0.45,0.02,2010.54,624.29,0.54,0.56,2610
btc-updown-15m-1769109300,1769109300,465,0.39,0.4,0.395,0.01,3788.39,3240.09,0.6,0.61,9
btc-updown-15m-1769109300,1769109300,480,0.35,0.36,0.355,0.01,4409.57,2659.9,0.64,0.65,3
btc-updown-15m-1769109300,1769109300,495,0.43,0.44,0.435,0.01,3108.18,337.14,0.56,0.57,14
btc-updown-15m-1769109300,1769109300,510,0.53,0.54,0.535,0.01,1476.1,4363.19,0.46,0.47,69
btc-updown-15m-1769109300,1769109300,525,0.57,0.58,0.575,0.01,2286.56,1835,0.42,0.43,1
btc-updown-15m-1769109300,1769109300,540,0.73,0.74,0.735,0.01,596.39,3854.17,0.26,0.27,19
btc-updown-15m-1769109300,1769109300,555,0.8,0.81,0.805,0.01,1465.82,4946.26,0.19,0.2,389
btc-updown-15m-1769109300,1769109300,570,0.89,0.9,0.895,0.01,2784.52,1181.65,0.1,0.11,0
btc-updown-15m-1769109300,1769109300,585,0.93,0.94,0.935,0.01,610.21,6969.25,0.06,0.07,21
btc-updown-15m-1769109300,1769109300,600,0.9,0.91,0.905,0.01,2455.7,4289.03,0.09,0.1,73
btc-updown-15m-1769109300,1769109300,615,0.93,0.94,0.935,0.01,265.15,8073.1,0.06,0.07,155
btc-updown-15m-1769109300,1769109300,630,0.93,0.94,0.935,0.01,3307.06,5701.36,0.06,0.07,77
btc-updown-15m-1769109300,1769109300,645,0.93,0.94,0.935,0.01,3059.25,4327.44,0.06,0.07,27
btc-updown-15m-1769109300,1769109300,660,0.93,0.94,0.935,0.01,3434.8,3416.38,0.06,0.07,3
btc-updown-15m-1769109300,1769109300,675,0.95,0.96,0.955,0.01,3127.5,16581.06,0.04,0.05,10
btc-updown-15m-1769109300,1769109300,690,0.92,0.93,0.925,0.01,4432.5,2911.62,0.07,0.08,6
btc-updown-15m-1769109300,1769109300,705,0.85,0.85,0.85,0,400.17,2647.56,0.15,0.15,31
btc-updown-15m-1769109300,1769109300,720,0.89,0.9,0.895,0.01,2826.99,2974,0.1,0.11,67
btc-updown-15m-1769109300,1769109300,735,0.88,0.89,0.885,0.01,2433.04,2734.97,0.11,0.12,13
btc-updown-15m-1769109300,1769109300,750,0.91,0.92,0.915,0.01,4872.38,3941.17,0.08,0.09,9
btc-updown-15m-1769109300,1769109300,765,0.93,0.94,0.935,0.01,4787.22,2249.77,0.06,0.07,3
btc-updown-15m-1769109300,1769109300,780,0.91,0.92,0.915,0.01,3406.64,2740.22,0.08,0.09,34
btc-updown-15m-1769109300,1769109300,795,0.91,0.92,0.915,0.01,3409.01,82.1,0.08,0.09,6
btc-updown-15m-1769109300,1769109300,810,0.96,0.97,0.965,0.01,2697.62,26747.85,0.03,0.04,7
btc-updown-15m-1769109300,1769109300,825,0.97,0.98,0.975,0.01,3869,22589.65,0.02,0.03,40
btc-updown-15m-1769109300,1769109300,840,0.98,0.99,0.985,0.01,3653.41,13084.58,0.01,0.02,15
btc-updown-15m-1769109300,1769109300,845,0.98,0.99,0.985,0.01,5492.47,12093.14,0.01,0.02,74
btc-updown-15m-1769109300,1769109300,850,0.98,0.99,0.985,0.01,6203.97,7144.88,0.01,0.02,44
btc-updown-15m-1769109300,1769109300,855,0.98,0.99,0.985,0.01,6457.29,5809.71,0.01,0.02,24
btc-updown-15m-1769109300,1769109300,860,0.98,,,,5156.1,0,,0.02,41
btc-updown-15m-1769109300,1769109300,865,0.99,,,,9403.9,0,,0.01,69
btc-updown-15m-1769109300,1769109300,870,0.99,,,,10598.02,0,,0.01,148
btc-updown-15m-1769109300,1769109300,875,0.99,,,,10607.88,0,,0.01,24
btc-updown-15m-1769109300,1769109300,880,0.99,,,,10811.34,0,,0.01,54
btc-updown-15m-1769109300,1769109300,885,0.99,,,,10156.99,0,,0.01,126
btc-updown-15m-1769109300,1769109300,890,0.99,,,,9548.64,0,,0.01,0
btc-updown-15m-1769109300,1769109300,895,0.99,,,,8779.06,0,,0.01,99
btc-updown-15m-1769109300,1769109300,897,0.99,,,,14127.2,0,,0.01,10
btc-updown-15m-1769109300,1769109300,899,0.99,,,,26201.99,0,,0.01,57
btc-updown-15m-1769109300,1769109300,900,0.99,,,,29380.71,0,,0.01,227
btc-updown-15m-1769120100,1769120100,0,0.5,0.52,0.51,0.02,1460.51,3011.02,0.48,0.5,27
btc-updown-15m-1769120100,1769120100,15,0.49,0.5,0.495,0.01,1061.31,1799.2,0.5,0.51,5
btc-updown-15m-1769120100,1769120100,30,0.51,0.52,0.515,0.01,1029.94,818.04,0.48,0.49,21
btc-updown-15m-1769120100,1769120100,45,0.48,0.5,0.49,0.02,1033.58,1862.38,0.5,0.52,50
btc-updown-15m-1769120100,1769120100,60,0.46,0.47,0.465,0.01,1831.62,1690.23,0.53,0.54,1
btc-updown-15m-1769120100,1769120100,75,0.47,0.48,0.475,0.01,788.1,2078.79,0.52,0.53,1
btc-updown-15m-1769120100,1769120100,90,0.34,0.35,0.345,0.01,172.7,275.13,0.65,0.66,1
btc-updown-15m-1769120100,1769120100,105,0.33,0.34,0.335,0.01,902.23,1093.82,0.66,0.67,17
btc-updown-15m-1769120100,1769120100,120,0.34,0.35,0.345,0.01,2065.26,1378.33,0.65,0.66,11
btc-updown-15m-1769120100,1769120100,135,0.35,0.36,0.355,0.01,1700.15,844.83,0.64,0.65,1
btc-updown-15m-1769120100,1769120100,150,0.28,0.29,0.285,0.01,1353.08,1750.73,0.71,0.72,14
btc-updown-15m-1769120100,1769120100,165,0.22,0.23,0.225,0.01,1777.94,1095.9,0.77,0.78,10
btc-updown-15m-1769120100,1769120100,180,0.22,0.23,0.225,0.01,2145.53,1250.57,0.77,0.78,1
btc-updown-15m-1769120100,1769120100,195,0.2,0.21,0.205,0.01,643.25,1888.67,0.79,0.8,0
btc-updown-15m-1769120100,1769120100,210,0.22,0.23,0.225,0.01,892.98,1304.12,0.77,0.78,29
btc-updown-15m-1769120100,1769120100,225,0.21,0.22,0.215,0.01,1283.82,1864.44,0.78,0.79,5
btc-updown-15m-1769120100,1769120100,240,0.18,0.19,0.185,0.01,1308.67,1295.96,0.81,0.82,13
btc-updown-15m-1769120100,1769120100,255,0.19,0.2,0.195,0.01,904.6,1897.41,0.8,0.81,0
btc-updown-15m-1769120100,1769120100,270,0.17,0.18,0.175,0.01,1370.55,1284.65,0.82,0.83,44
btc-updown-15m-1769120100,1769120100,285,0.15,0.16,0.155,0.01,1632.76,1515.16,0.84,0.85,26
btc-updown-15m-1769120100,1769120100,300,0.15,0.16,0.155,0.01,1493.74,1304.85,0.84,0.85,30
btc-updown-15m-1769120100,1769120100,315,0.15,0.16,0.155,0.01,1701.61,1381.35,0.84,0.85,74
btc-updown-15m-1769120100,1769120100,330,0.18,0.19,0.185,0.01,1384.97,1326.77,0.81,0.82,14
btc-updown-15m-1769120100,1769120100,345,0.16,0.17,0.165,0.01,767.57,2086.31,0.83,0.84,2
btc-updown-15m-1769120100,1769120100,360,0.17,0.18,0.175,0.01,1766.13,5288.45,0.82,0.83,1
btc-updown-15m-1769120100,1769120100,375,0.14,0.15,0.145,0.01,1911,952.47,0.85,0.86,2
btc-updown-15m-1769120100,1769120100,390,0.16,0.17,0.165,0.01,1820.55,846.73,0.83,0.84,0
btc-updown-15m-1769120100,1769120100,405,0.18,0.19,0.185,0.01,1871.97,3901.23,0.81,0.82,8
btc-updown-15m-1769120100,1769120100,420,0.18,0.19,0.185,0.01,1843.06,3849.12,0.81,0.82,14
btc-updown-15m-1769120100,1769120100,435,0.17,0.18,0.175,0.01,1656.49,3560.06,0.82,0.83,7
btc-updown-15m-1769120100,1769120100,450,0.16,0.17,0.165,0.01,1037.31,1340.75,0.83,0.84,5
btc-updown-15m-1769120100,1769120100,465,0.14,0.15,0.145,0.01,2110.1,885.05,0.85,0.86,6
btc-updown-15m-1769120100,1769120100,480,0.14,0.15,0.145,0.01,2292.02,1770.71,0.85,0.86,39
btc-updown-15m-1769120100,1769120100,495,0.14,0.15,0.145,0.01,1418.52,1168.23,0.85,0.86,10
btc-updown-15m-1769120100,1769120100,510,0.14,0.15,0.145,0.01,1437.91,1154.17,0.85,0.86,28
btc-updown-15m-1769120100,1769120100,525,0.12,0.13,0.125,0.01,2617.06,776.12,0.87,0.88,12
btc-updown-15m-1769120100,1769120100,540,0.12,0.13,0.125,0.01,2596.36,2040.53,0.87,0.88,22
btc-updown-15m-1769120100,1769120100,555,0.1,0.11,0.105,0.01,2229.64,964.55,0.89,0.9,2
btc-updown-15m-1769120100,1769120100,570,0.11,0.12,0.115,0.01,2124.73,2700.61,0.88,0.89,5
btc-updown-15m-1769120100,1769120100,585,0.1,0.11,0.105,0.01,2498.04,1468.24,0.89,0.9,24
btc-updown-15m-1769120100,1769120100,600,0.1,0.11,0.105,0.01,2100.62,1531.72,0.89,0.9,7
btc-updown-15m-1769120100,1769120100,615,0.11,0.12,0.115,0.01,1827.89,1790.12,0.88,0.89,2
btc-updown-15m-1769120100,1769120100,630,0.06,0.07,0.065,0.01,3061.1,1744.87,0.93,0.94,1
btc-updown-15m-1769120100,1769120100,645,0.04,0.05,0.045,0.01,5382.15,2262.54,0.95,0.96,3
btc-updown-15m-1769120100,1769120100,660,0.03,0.04,0.035,0.01,16795.56,1125.37,0.96,0.97,2
btc-updown-15m-1769120100,1769120100,675,0.02,0.03,0.025,0.01,16767.91,991.92,0.97,0.98,12
btc-updown-15m-1769120100,1769120100,690,0.25,0.26,0.255,0.01,388.27,71.66,0.74,0.75,3
btc-updown-15m-1769120100,1769120100,705,0.17,0.18,0.175,0.01,2130.7,1359.56,0.82,0.83,48
btc-updown-15m-1769120100,1769120100,720,0.13,0.14,0.135,0.01,972.19,1530.71,0.86,0.87,22
btc-updown-15m-1769120100,1769120100,735,0.19,0.2,0.195,0.01,617.87,1752.84,0.8,0.81,9
btc-updown-15m-1769120100,1769120100,750,0.34,0.35,0.345,0.01,301,685.63,0.65,0.66,23
btc-updown-15m-1769120100,1769120100,765,0.38,0.39,0.385,0.01,531.09,673.35,0.61,0.62,1
btc-updown-15m-1769120100,1769120100,780,0.34,0.35,0.345,0.01,529.83,1440.92,0.65,0.66,24
btc-updown-15m-1769120100,1769120100,795,0.06,0.08,0.07,0.02,1786.75,1410.42,0.92,0.94,7
btc-updown-15m-1769120100,1769120100,810,0.08,0.09,0.085,0.01,854.84,1255.16,0.91,0.92,38
btc-updown-15m-1769120100,1769120100,825,0.1,0.12,0.11,0.02,795.5,1231.65,0.88,0.9,2
btc-updown-15m-1769120100,1769120100,840,0.02,0.05,0.035,0.03,17261.11,709.5,0.95,0.98,13
btc-updown-15m-1769120100,1769120100,845,0.02,0.03,0.025,0.01,15347.72,1144.27,0.97,0.98,101
btc-updown-15m-1769120100,1769120100,850,0.02,0.03,0.025,0.01,14411.15,1254.29,0.97,0.98,228
btc-updown-15m-1769120100,1769120100,855,0.01,0.02,0.015,0.01,12389.79,2255.91,0.98,0.99,9
btc-updown-15m-1769120100,1769120100,860,0.01,0.02,0.015,0.01,8569.88,3095.97,0.98,0.99,16
btc-updown-15m-1769120100,1769120100,865,0.01,0.02,0.015,0.01,6981.46,3052.71,0.98,0.99,150
btc-updown-15m-1769120100,1769120100,870,,0.01,,,0,8150.5,0.99,,11
btc-updown-15m-1769120100,1769120100,875,,0.01,,,0,9052.14,0.99,,4
btc-updown-15m-1769120100,1769120100,880,,0.01,,,0,11277.04,0.99,,74
btc-updown-15m-1769120100,1769120100,885,,0.01,,,0,11480.54,0.99,,132
btc-updown-15m-1769120100,1769120100,890,,0.01,,,0,11537.93,0.99,,166
btc-updown-15m-1769120100,1769120100,895,,0.01,,,0,13187.23,0.99,,13
btc-updown-15m-1769120100,1769120100,897,,0.01,,,0,12824.08,0.99,,2
btc-updown-15m-1769120100,1769120100,899,,0.01,,,0,16351.19,0.99,,25
btc-updown-15m-1769120100,1769120100,900,,0.01,,,0,28175.83,0.99,,15
btc-updown-15m-1769130000,1769130000,0,0.44,0.45,0.445,0.01,141.09,1357.03,0.55,0.56,165
btc-updown-15m-1769130000,1769130000,15,0.57,0.58,0.575,0.01,148.38,430.31,0.42,0.43,21
btc-updown-15m-1769130000,1769130000,30,0.57,0.58,0.575,0.01,399.42,397.31,0.42,0.43,13314
btc-updown-15m-1769130000,1769130000,45,0.57,0.58,0.575,0.01,399.42,397.31,0.42,0.43,28314
btc-updown-15m-1769130000,1769130000,60,0.57,0.58,0.575,0.01,399.42,397.31,0.42,0.43,43314
btc-updown-15m-1769130000,1769130000,75,0.57,0.58,0.575,0.01,399.42,397.31,0.42,0.43,58314
btc-updown-15m-1769130000,1769130000,90,0.57,0.58,0.575,0.01,399.42,397.31,0.42,0.43,73314
btc-updown-15m-1769130000,1769130000,105,0.57,0.61,0.59,0.04,294.42,95.28,0.39,0.43,184
btc-updown-15m-1769130000,1769130000,120,0.72,0.73,0.725,0.01,123.72,270.01,0.27,0.28,2
btc-updown-15m-1769130000,1769130000,135,0.75,0.76,0.755,0.01,679.2,381.24,0.24,0.25,0
btc-updown-15m-1769130000,1769130000,150,0.76,0.77,0.765,0.01,394.59,786.27,0.23,0.24,20
btc-updown-15m-1769130000,1769130000,165,0.66,0.67,0.665,0.01,167.7,828.33,0.33,0.34,5
btc-updown-15m-1769130000,1769130000,180,0.65,0.66,0.655,0.01,667.34,479.44,0.34,0.35,73
btc-updown-15m-1769130000,1769130000,195,0.66,0.67,0.665,0.01,451.82,476.54,0.33,0.34,34
btc-updown-15m-1769130000,1769130000,210,0.71,0.72,0.715,0.01,190,556.66,0.28,0.29,0
btc-updown-15m-1769130000,1769130000,225,0.72,0.73,0.725,0.01,666.95,448.88,0.27,0.28,122
btc-updown-15m-1769130000,1769130000,240,0.73,0.74,0.735,0.01,1013,409.16,0.26,0.27,0
btc-updown-15m-1769130000,1769130000,255,0.78,0.79,0.785,0.01,363.39,1071.23,0.21,0.22,1
btc-updown-15m-1769130000,1769130000,270,0.83,0.84,0.835,0.01,627.21,738.88,0.16,0.17,9
btc-updown-15m-1769130000,1769130000,285,0.87,0.88,0.875,0.01,578.75,1469.53,0.12,0.13,29
btc-updown-15m-1769130000,1769130000,300,0.84,0.85,0.845,0.01,601.1,795.75,0.15,0.16,22
btc-updown-15m-1769130000,1769130000,315,0.78,0.79,0.785,0.01,420.02,714.36,0.21,0.22,4
btc-updown-15m-1769130000,1769130000,330,0.78,0.79,0.785,0.01,418.75,569.57,0.21,0.22,20
btc-updown-15m-1769130000,1769130000,345,0.76,0.78,0.77,0.02,712.12,680.08,0.22,0.24,33
btc-updown-15m-1769130000,1769130000,360,0.77,0.78,0.775,0.01,416.57,583.43,0.22,0.23,6
btc-updown-15m-1769130000,1769130000,375,0.79,0.8,0.795,0.01,695.3,506.79,0.2,0.21,26
btc-updown-15m-1769130000,1769130000,390,0.74,0.75,0.745,0.01,472,670.81,0.25,0.26,1
btc-updown-15m-1769130000,1769130000,405,0.76,0.77,0.765,0.01,578.53,411.14,0.23,0.24,13
btc-updown-15m-1769130000,1769130000,420,0.77,0.78,0.775,0.01,257,1307.07,0.22,0.23,5
btc-updown-15m-1769130000,1769130000,435,0.74,0.75,0.745,0.01,447.8,214.63,0.25,0.26,4
btc-updown-15m-1769130000,1769130000,450,0.76,0.77,0.765,0.01,657.55,384.68,0.23,0.24,3
btc-updown-15m-1769130000,1769130000,465,0.79,0.8,0.795,0.01,678.21,393.47,0.2,0.21,2
btc-updown-15m-1769130000,1769130000,480,0.87,0.88,0.875,0.01,407.42,1322.22,0.12,0.13,14
btc-updown-15m-1769130000,1769130000,495,0.8,0.81,0.805,0.01,602.38,447.26,0.19,0.2,17
btc-updown-15m-1769130000,1769130000,510,0.82,0.86,0.84,0.04,1058.18,133.97,0.14,0.18,42
btc-updown-15m-1769130000,1769130000,525,0.91,0.92,0.915,0.01,424.67,1327.8,0.08,0.09,4
btc-updown-15m-1769130000,1769130000,540,0.88,0.9,0.89,0.02,452.19,772.07,0.1,0.12,14
btc-updown-15m-1769130000,1769130000,555,0.9,0.91,0.905,0.01,426.7,1008.82,0.09,0.1,2
btc-updown-15m-1769130000,1769130000,570,0.88,0.89,0.885,0.01,571.56,557.51,0.11,0.12,73
btc-updown-15m-1769130000,1769130000,585,0.87,0.88,0.875,0.01,545.11,665.96,0.12,0.13,14
btc-updown-15m-1769130000,1769130000,600,0.92,0.93,0.925,0.01,497.33,1382.17,0.07,0.08,7
btc-updown-15m-1769130000,1769130000,615,0.9,0.91,0.905,0.01,873.16,522.91,0.09,0.1,59
btc-updown-15m-1769130000,1769130000,630,0.89,0.91,0.9,0.02,555.04,362.45,0.09,0.11,17
btc-updown-15m-1769130000,1769130000,645,0.9,0.91,0.905,0.01,762.64,279.1,0.09,0.1,1
btc-updown-15m-1769130000,1769130000,660,0.95,0.96,0.955,0.01,365,4067.88,0.04,0.05,7
btc-updown-15m-1769130000,1769130000,675,0.96,0.97,0.965,0.01,833.12,14079.32,0.03,0.04,4
btc-updown-15m-1769130000,1769130000,690,0.97,0.98,0.975,0.01,1413.29,13040.73,0.02,0.03,2
btc-updown-15m-1769130000,1769130000,705,0.97,0.98,0.975,0.01,1733.32,12881.68,0.02,0.03,22
btc-updown-15m-1769130000,1769130000,720,0.97,0.98,0.975,0.01,2030.35,11789.96,0.02,0.03,37
btc-updown-15m-1769130000,1769130000,735,0.98,0.99,0.985,0.01,1737.97,10988.34,0.01,0.02,99
btc-updown-15m-1769130000,1769130000,750,0.97,0.98,0.975,0.01,1209.02,11357.85,0.02,0.03,14
btc-updown-15m-1769130000,1769130000,765,0.97,0.98,0.975,0.01,737.18,12192.81,0.02,0.03,17
btc-updown-15m-1769130000,1769130000,780,0.97,0.98,0.975,0.01,701.95,12187.24,0.02,0.03,13
btc-updown-15m-1769130000,1769130000,795,0.95,0.96,0.955,0.01,322.74,1227.66,0.04,0.05,41
btc-updown-15m-1769130000,1769130000,810,0.95,0.96,0.955,0.01,510.36,1304.26,0.04,0.05,16
btc-updown-15m-1769130000,1769130000,825,0.97,0.98,0.975,0.01,697.61,12033.91,0.02,0.03,82
btc-updown-15m-1769130000,1769130000,840,0.97,0.98,0.975,0.01,1582.73,11133.04,0.02,0.03,5
btc-updown-15m-1769130000,1769130000,845,0.966,0.98,0.973,0.014,920.31,10941.51,0.02,0.034,27
btc-updown-15m-1769130000,1769130000,850,0.97,0.98,0.975,0.01,1316.04,11190.41,0.02,0.03,227
btc-updown-15m-1769130000,1769130000,855,0.981,0.987,0.984,0.006,2054.21,10702.64,0.013,0.019,54
btc-updown-15m-1769130000,1769130000,860,0.98,0.985,0.9825,0.005,2082.41,10887.7,0.015,0.02,66
btc-updown-15m-1769130000,1769130000,865,0.98,0.99,0.985,0.01,2027.59,10788.4,0.01,0.02,27
btc-updown-15m-1769130000,1769130000,870,0.98,0.99,0.985,0.01,2330.25,10274.75,0.01,0.02,253
btc-updown-15m-1769130000,1769130000,875,0.981,0.99,0.9855,0.009,2558.48,9176.38,0.01,0.019,221
btc-updown-15m-1769130000,1769130000,880,0.985,0.99,0.9875,0.005,2085.48,6566.41,0.01,0.015,18
btc-updown-15m-1769130000,1769130000,885,0.981,0.99,0.9855,0.009,2335.34,4535.9,0.01,0.019,16
btc-updown-15m-1769130000,1769130000,890,0.98,0.99,0.985,0.01,2919.12,2521.4,0.01,0.02,117
btc-updown-15m-1769130000,1769130000,895,0.991,,,,4938.09,0,,0.009,53
btc-updown-15m-1769130000,1769130000,897,0.999,,,,5544.48,0,,0.001,5
btc-updown-15m-1769130000,1769130000,899,0.999,,,,3380.42,0,,0.001,103
btc-updown-15m-1769130000,1769130000,900,0.999,,,,11960.42,0,,0.001,114
btc-updown-15m-1769140800,1769140800,0,0.45,0.46,0.455,0.01,210.39,862.94,0.54,0.55,292
btc-updown-15m-1769140800,1769140800,15,0.47,0.48,0.475,0.01,553.78,2665.09,0.52,0.53,11
btc-updown-15m-1769140800,1769140800,30,0.46,0.47,0.465,0.01,547.63,1166.86,0.53,0.54,105
btc-updown-15m-1769140800,1769140800,45,0.46,0.47,0.465,0.01,513.08,1450.9,0.53,0.54,117
btc-updown-15m-1769140800,1769140800,60,0.44,0.45,0.445,0.01,632.62,440.89,0.55,0.56,10
btc-updown-15m-1769140800,1769140800,75,0.4,0.41,0.405,0.01,351.31,335.3,0.59,0.6,14
btc-updown-15m-1769140800,1769140800,90,0.4,0.41,0.405,0.01,539.75,703.64,0.59,0.6,17
btc-updown-15m-1769140800,1769140800,105,0.36,0.37,0.365,0.01,999.24,542.6,0.63,0.64,27
btc-updown-15m-1769140800,1769140800,120,0.37,0.38,0.375,0.01,398.53,300.3,0.62,0.63,3
btc-updown-15m-1769140800,1769140800,135,0.36,0.37,0.365,0.01,605.49,474.78,0.63,0.64,5
btc-updown-15m-1769140800,1769140800,150,0.35,0.36,0.355,0.01,875.08,731.25,0.64,0.65,15
btc-updown-15m-1769140800,1769140800,165,0.34,0.35,0.345,0.01,888.94,706.85,0.65,0.66,12
btc-updown-15m-1769140800,1769140800,180,0.34,0.35,0.345,0.01,1465.64,840.06,0.65,0.66,7
btc-updown-15m-1769140800,1769140800,195,0.28,0.29,0.285,0.01,804.24,748.24,0.71,0.72,17
btc-updown-15m-1769140800,1769140800,210,0.23,0.24,0.235,0.01,605.64,456.2,0.76,0.77,3
btc-updown-15m-1769140800,1769140800,225,0.24,0.25,0.245,0.01,1014.34,552.35,0.75,0.76,8
btc-updown-15m-1769140800,1769140800,240,0.21,0.22,0.215,0.01,614.12,622.55,0.78,0.79,82
btc-updown-15m-1769140800,1769140800,255,0.24,0.25,0.245,0.01,524.8,693.8,0.75,0.76,6
btc-updown-15m-1769140800,1769140800,270,0.24,0.25,0.245,0.01,623.7,639.2,0.75,0.76,20
btc-updown-15m-1769140800,1769140800,285,0.24,0.25,0.245,0.01,623.97,322.96,0.75,0.76,27
btc-updown-15m-1769140800,1769140800,300,0.24,0.25,0.245,0.01,638.8,629.61,0.75,0.76,95
btc-updown-15m-1769140800,1769140800,315,0.19,0.2,0.195,0.01,628.27,930.5,0.8,0.81,0
btc-updown-15m-1769140800,1769140800,330,0.19,0.2,0.195,0.01,702.5,465.47,0.8,0.81,149
btc-updown-15m-1769140800,1769140800,345,0.2,0.21,0.205,0.01,610.78,404.64,0.79,0.8,100
btc-updown-15m-1769140800,1769140800,360,0.13,0.14,0.135,0.01,1480.35,581.35,0.86,0.87,9
btc-updown-15m-1769140800,1769140800,375,0.15,0.16,0.155,0.01,683.86,543.5,0.84,0.85,35
btc-updown-15m-1769140800,1769140800,390,0.17,0.18,0.175,0.01,497.04,587.24,0.82,0.83,138
btc-updown-15m-1769140800,1769140800,405,0.29,0.3,0.295,0.01,444,690.25,0.7,0.71,13
btc-updown-15m-1769140800,1769140800,420,0.16,0.17,0.165,0.01,579.84,574.72,0.83,0.84,32
btc-updown-15m-1769140800,1769140800,435,0.3,0.31,0.305,0.01,411.1,1044.15,0.69,0.7,6
btc-updown-15m-1769140800,1769140800,450,0.29,0.3,0.295,0.01,731.4,1018.91,0.7,0.71,50
btc-updown-15m-1769140800,1769140800,465,0.29,0.3,0.295,0.01,614.63,954.92,0.7,0.71,12
btc-updown-15m-1769140800,1769140800,480,0.29,0.3,0.295,0.01,556.27,580.44,0.7,0.71,81
btc-updown-15m-1769140800,1769140800,495,0.27,0.28,0.275,0.01,600.7,394.47,0.72,0.73,4
btc-updown-15m-1769140800,1769140800,510,0.28,0.29,0.285,0.01,523.06,362.79,0.71,0.72,14
btc-updown-15m-1769140800,1769140800,525,0.28,0.3,0.29,0.02,599.16,772.9,0.7,0.72,20
btc-updown-15m-1769140800,1769140800,540,0.28,0.29,0.285,0.01,547.82,683.5,0.71,0.72,1
btc-updown-15m-1769140800,1769140800,555,0.24,0.25,0.245,0.01,1083.02,346.29,0.75,0.76,9
btc-updown-15m-1769140800,1769140800,570,0.24,0.25,0.245,0.01,917.17,644.39,0.75,0.76,14
btc-updown-15m-1769140800,1769140800,585,0.24,0.25,0.245,0.01,989.34,668.38,0.75,0.76,50
btc-updown-15m-1769140800,1769140800,600,0.22,0.23,0.225,0.01,757.11,514.14,0.77,0.78,102
btc-updown-15m-1769140800,1769140800,615,0.43,0.44,0.435,0.01,386.8,330.36,0.56,0.57,1
btc-updown-15m-1769140800,1769140800,630,0.8,0.83,0.815,0.03,97,166.28,0.17,0.2,3
btc-updown-15m-1769140800,1769140800,645,0.87,0.88,0.875,0.01,392.98,1156.15,0.12,0.13,4
btc-updown-15m-1769140800,1769140800,660,0.68,0.74,0.71,0.06,340.1,267.64,0.26,0.32,681
btc-updown-15m-1769140800,1769140800,675,0.69,0.7,0.695,0.01,577.35,298.3,0.3,0.31,860
btc-updown-15m-1769140800,1769140800,690,0.74,0.75,0.745,0.01,552.6,326.69,0.25,0.26,1
btc-updown-15m-1769140800,1769140800,705,0.64,0.65,0.645,0.01,320,248.56,0.35,0.36,7
btc-updown-15m-1769140800,1769140800,720,0.85,0.86,0.855,0.01,278.04,182.99,0.14,0.15,5
btc-updown-15m-1769140800,1769140800,735,0.94,0.95,0.945,0.01,492.24,517.25,0.05,0.06,2
btc-updown-15m-1769140800,1769140800,750,0.97,0.98,0.975,0.01,316.42,18135.75,0.02,0.03,15
btc-updown-15m-1769140800,1769140800,765,0.74,0.75,0.745,0.01,604.55,245.93,0.25,0.26,2
btc-updown-15m-1769140800,1769140800,780,0.97,0.98,0.975,0.01,375.12,17920.63,0.02,0.03,18
btc-updown-15m-1769140800,1769140800,795,0.95,0.97,0.96,0.02,282.42,15779.28,0.03,0.05,33
btc-updown-15m-1769140800,1769140800,810,0.97,0.98,0.975,0.01,1333.08,15457.37,0.02,0.03,65
btc-updown-15m-1769140800,1769140800,825,0.98,0.99,0.985,0.01,2020.66,14709.76,0.01,0.02,7
btc-updown-15m-1769140800,1769140800,840,0.98,0.99,0.985,0.01,3251.79,11117.28,0.01,0.02,24
btc-updown-15m-1769140800,1769140800,845,0.98,0.99,0.985,0.01,3837.51,10570.28,0.01,0.02,0
btc-updown-15m-1769140800,1769140800,850,0.98,0.99,0.985,0.01,3638.45,6534.35,0.01,0.02,8
btc-updown-15m-1769140800,1769140800,855,0.98,0.99,0.985,0.01,3332.26,1681.15,0.01,0.02,15
btc-updown-15m-1769140800,1769140800,860,0.99,,,,5495.19,0,,0.01,272
btc-updown-15m-1769140800,1769140800,865,0.99,,,,5488.83,0,,0.01,157
btc-updown-15m-1769140800,1769140800,870,0.99,,,,5062.79,0,,0.01,319
btc-updown-15m-1769140800,1769140800,875,0.99,,,,8154.65,0,,0.01,15
btc-updown-15m-1769140800,1769140800,880,0.99,,,,13469.95,0,,0.01,70
btc-updown-15m-1769140800,1769140800,885,0.99,,,,13518.21,0,,0.01,391
btc-updown-15m-1769140800,1769140800,890,0.99,,,,13671.01,0,,0.01,393
btc-updown-15m-1769140800,1769140800,895,0.99,,,,17765.38,0,,0.01,195
btc-updown-15m-1769140800,1769140800,897,0.99,,,,26796.75,0,,0.01,114
btc-updown-15m-1769140800,1769140800,899,0.99,,,,29461.35,0,,0.01,149
btc-updown-15m-1769140800,1769140800,900,0.99,,,,33488.53,0,,0.01,85
btc-updown-15m-1769150700,1769150700,0,0.48,0.51,0.495,0.03,669.36,2753.88,0.49,0.52,29
btc-updown-15m-1769150700,1769150700,15,0.48,0.49,0.485,0.01,1763.61,895.77,0.51,0.52,1
btc-updown-15m-1769150700,1769150700,30,0.41,0.42,0.415,0.01,360.45,690.5,0.58,0.59,17
btc-updown-15m-1769150700,1769150700,45,0.36,0.37,0.365,0.01,223.03,1096.5,0.63,0.64,8
btc-updown-15m-1769150700,1769150700,60,0.3,0.31,0.305,0.01,1639.88,882.98,0.69,0.7,0
btc-updown-15m-1769150700,1769150700,75,0.22,0.23,0.225,0.01,1534.21,493.83,0.77,0.78,1
btc-updown-15m-1769150700,1769150700,90,0.26,0.27,0.265,0.01,1574.43,912.22,0.73,0.74,8
btc-updown-15m-1769150700,1769150700,105,0.26,0.27,0.265,0.01,780.29,1502.14,0.73,0.74,11
btc-updown-15m-1769150700,1769150700,120,0.35,0.36,0.355,0.01,511.58,1017.44,0.64,0.65,0
btc-updown-15m-1769150700,1769150700,135,0.36,0.37,0.365,0.01,470.53,1386.27,0.63,0.64,49
btc-updown-15m-1769150700,1769150700,150,0.36,0.37,0.365,0.01,1601.57,795.96,0.63,0.64,3
btc-updown-15m-1769150700,1769150700,165,0.35,0.36,0.355,0.01,698.38,1821.01,0.64,0.65,7
btc-updown-15m-1769150700,1769150700,180,0.32,0.33,0.325,0.01,584.68,1597.31,0.67,0.68,6
btc-updown-15m-1769150700,1769150700,195,0.24,0.25,0.245,0.01,1588.16,691,0.75,0.76,52
btc-updown-15m-1769150700,1769150700,210,0.28,0.29,0.285,0.01,1495.16,969.87,0.71,0.72,5
btc-updown-15m-1769150700,1769150700,225,0.41,0.42,0.415,0.01,720.1,539.52,0.58,0.59,20
btc-updown-15m-1769150700,1769150700,240,0.41,0.42,0.415,0.01,1511.07,892.58,0.58,0.59,1
btc-updown-15m-1769150700,1769150700,255,0.43,0.44,0.435,0.01,2042.43,605.2,0.56,0.57,1
btc-updown-15m-1769150700,1769150700,270,0.44,0.45,0.445,0.01,844.23,878.59,0.55,0.56,2
btc-updown-15m-1769150700,1769150700,285,0.41,0.42,0.415,0.01,284.19,1082.12,0.58,0.59,6
btc-updown-15m-1769150700,1769150700,300,0.46,0.47,0.465,0.01,758.39,1044.01,0.53,0.54,0
btc-updown-15m-1769150700,1769150700,315,0.39,0.4,0.395,0.01,1550.89,993.58,0.6,0.61,1
btc-updown-15m-1769150700,1769150700,330,0.41,0.42,0.415,0.01,618.9,1029.59,0.58,0.59,38
btc-updown-15m-1769150700,1769150700,345,0.37,0.38,0.375,0.01,1644.32,1036.08,0.62,0.63,2
btc-updown-15m-1769150700,1769150700,360,0.25,0.26,0.255,0.01,885.88,806.54,0.74,0.75,2
btc-updown-15m-1769150700,1769150700,375,0.17,0.18,0.175,0.01,1544.3,1001.07,0.82,0.83,71
btc-updown-15m-1769150700,1769150700,390,0.19,0.2,0.195,0.01,898.78,1898.37,0.8,0.81,2
btc-updown-15m-1769150700,1769150700,405,0.17,0.18,0.175,0.01,1135.41,1371.94,0.82,0.83,5
btc-updown-15m-1769150700,1769150700,420,0.24,0.25,0.245,0.01,828.59,1574.75,0.75,0.76,12
btc-updown-15m-1769150700,1769150700,435,0.15,0.16,0.155,0.01,523.4,1919.06,0.84,0.85,5
btc-updown-15m-1769150700,1769150700,450,0.16,0.17,0.165,0.01,856.4,1466.28,0.83,0.84,26
btc-updown-15m-1769150700,1769150700,465,0.1,0.11,0.105,0.01,948.15,724.58,0.89,0.9,4
btc-updown-15m-1769150700,1769150700,480,0.11,0.12,0.115,0.01,1755.84,1610.32,0.88,0.89,31
btc-updown-15m-1769150700,1769150700,495,0.1,0.11,0.105,0.01,8622.11,1738.39,0.89,0.9,37
btc-updown-15m-1769150700,1769150700,510,0.11,0.12,0.115,0.01,8594.05,1510.02,0.88,0.89,0
btc-updown-15m-1769150700,1769150700,525,0.1,0.11,0.105,0.01,8468.02,2208.86,0.89,0.9,29
btc-updown-15m-1769150700,1769150700,540,0.1,0.11,0.105,0.01,5118.03,2348.43,0.89,0.9,58
btc-updown-15m-1769150700,1769150700,555,0.09,0.1,0.095,0.01,686.04,1337.76,0.9,0.91,58
btc-updown-15m-1769150700,1769150700,570,0.08,0.09,0.085,0.01,733.17,1085.77,0.91,0.92,16
btc-updown-15m-1769150700,1769150700,585,0.05,0.06,0.055,0.01,1958.61,970.68,0.94,0.95,17
btc-updown-15m-1769150700,1769150700,600,0.06,0.07,0.065,0.01,2056.41,965.83,0.93,0.94,10
btc-updown-15m-1769150700,1769150700,615,0.06,0.07,0.065,0.01,886.74,1067.08,0.93,0.94,33
btc-updown-15m-1769150700,1769150700,630,0.03,0.04,0.035,0.01,19417.33,900.97,0.96,0.97,39
btc-updown-15m-1769150700,1769150700,645,0.05,0.06,0.055,0.01,503.86,908.81,0.94,0.95,32
btc-updown-15m-1769150700,1769150700,660,0.03,0.05,0.04,0.02,18290.57,1364.18,0.95,0.97,7
btc-updown-15m-1769150700,1769150700,675,0.02,0.03,0.025,0.01,17393.03,2078.09,0.97,0.98,0
btc-updown-15m-1769150700,1769150700,690,0.01,0.02,0.015,0.01,14936.72,2451.77,0.98,0.99,7
btc-updown-15m-1769150700,1769150700,705,0.01,0.02,0.015,0.01,12114.8,4981.13,0.98,0.99,38
btc-updown-15m-1769150700,1769150700,720,0.01,0.02,0.015,0.01,11257.7,5690.39,0.98,0.99,33
btc-updown-15m-1769150700,1769150700,735,0.01,0.02,0.015,0.01,12253.62,4965.77,0.98,0.99,24
btc-updown-15m-1769150700,1769150700,750,0.01,0.02,0.015,0.01,10584.95,5171.72,0.98,0.99,113
btc-updown-15m-1769150700,1769150700,765,0.01,0.02,0.015,0.01,8810.24,4577.82,0.98,0.99,284
btc-updown-15m-1769150700,1769150700,780,0.002,0.01,0.006,0.008,325,7674.85,0.99,0.998,7
btc-updown-15m-1769150700,1769150700,795,0.002,0.007,0.0045,0.005,181,6897.42,0.993,0.998,53
btc-updown-15m-1769150700,1769150700,810,0.002,0.007,0.0045,0.005,1401.14,5088.17,0.993,0.998,61
btc-updown-15m-1769150700,1769150700,825,0.002,0.007,0.0045,0.005,720.36,4631.54,0.993,0.998,11
btc-updown-15m-1769150700,1769150700,840,0.001,0.007,0.004,0.006,208.4,5816.76,0.993,0.999,35
btc-updown-15m-1769150700,1769150700,845,0.001,0.002,0.0015,0.001,78.37,3382.15,0.998,0.999,14
btc-updown-15m-1769150700,1769150700,850,,0.001,,,0,8847.33,0.999,,98
btc-updown-15m-1769150700,1769150700,855,,0.001,,,0,5114.09,0.999,,18
btc-updown-15m-1769150700,1769150700,860,,0.001,,,0,4848.86,0.999,,10
btc-updown-15m-1769150700,1769150700,865,,0.001,,,0,11307.85,0.999,,15
btc-updown-15m-1769150700,1769150700,870,,0.001,,,0,11006.82,0.999,,15
btc-updown-15m-1769150700,1769150700,875,,0.001,,,0,12506.82,0.999,,17
btc-updown-15m-1769150700,1769150700,880,,0.001,,,0,12506.82,0.999,,267
btc-updown-15m-1769150700,1769150700,885,,0.001,,,0,12506.82,0.999,,69
btc-updown-15m-1769150700,1769150700,890,,0.001,,,0,17006.82,0.999,,42
btc-updown-15m-1769150700,1769150700,895,,0.001,,,0,19641.68,0.999,,67
btc-updown-15m-1769150700,1769150700,897,,0.001,,,0,28703.12,0.999,,246
btc-updown-15m-1769150700,1769150700,899,,0.001,,,0,29579.12,0.999,,167
btc-updown-15m-1769150700,1769150700,900,,0.001,,,0,45026.13,0.999,,120
btc-updown-15m-1769161500,1769161500,0,0.55,0.58,0.565,0.03,1538.84,121.69,0.42,0.45,142
btc-updown-15m-1769161500,1769161500,15,0.5,0.51,0.505,0.01,1490.09,1354.59,0.49,0.5,3
btc-updown-15m-1769161500,1769161500,30,0.35,0.36,0.355,0.01,1690.15,2405.55,0.64,0.65,9
btc-updown-15m-1769161500,1769161500,45,0.33,0.34,0.335,0.01,3822.54,1494.6,0.66,0.67,28
btc-updown-15m-1769161500,1769161500,60,0.29,0.3,0.295,0.01,2538.38,2245.16,0.7,0.71,27
btc-updown-15m-1769161500,1769161500,75,0.37,0.38,0.375,0.01,2297.87,3080.27,0.62,0.63,7
btc-updown-15m-1769161500,1769161500,90,0.3,0.31,0.305,0.01,4068.34,3037.44,0.69,0.7,18
btc-updown-15m-1769161500,1769161500,105,0.34,0.35,0.345,0.01,3605.29,1309.19,0.65,0.66,40
btc-updown-15m-1769161500,1769161500,120,0.34,0.35,0.345,0.01,3330.4,2350.02,0.65,0.66,69
btc-updown-15m-1769161500,1769161500,135,0.37,0.38,0.375,0.01,1890.8,370.41,0.62,0.63,66
btc-updown-15m-1769161500,1769161500,150,0.39,0.4,0.395,0.01,3421.34,1687.14,0.6,0.61,1
btc-updown-15m-1769161500,1769161500,165,0.4,0.41,0.405,0.01,3446.52,3591.32,0.59,0.6,6
btc-updown-15m-1769161500,1769161500,180,0.4,0.41,0.405,0.01,3683.7,3591.64,0.59,0.6,13
btc-updown-15m-1769161500,1769161500,195,0.34,0.35,0.345,0.01,1977.61,1900.07,0.65,0.66,0
btc-updown-15m-1769161500,1769161500,210,0.39,0.4,0.395,0.01,3702.7,2315.44,0.6,0.61,13
btc-updown-15m-1769161500,1769161500,225,0.4,0.41,0.405,0.01,1907.84,4338.93,0.59,0.6,7
btc-updown-15m-1769161500,1769161500,240,0.45,0.46,0.455,0.01,497.36,1325.93,0.54,0.55,3
btc-updown-15m-1769161500,1769161500,255,0.45,0.46,0.455,0.01,4098.02,715.94,0.54,0.55,57
btc-updown-15m-1769161500,1769161500,270,0.54,0.55,0.545,0.01,4266.56,1930.45,0.45,0.46,4
btc-updown-15m-1769161500,1769161500,285,0.47,0.48,0.475,0.01,3573.48,704.44,0.52,0.53,0
btc-updown-15m-1769161500,1769161500,300,0.52,0.53,0.525,0.01,3749.49,2561.46,0.47,0.48,20
btc-updown-15m-1769161500,1769161500,315,0.35,0.36,0.355,0.01,3053.54,1688.74,0.64,0.65,45
btc-updown-15m-1769161500,1769161500,330,0.43,0.44,0.435,0.01,1260.5,1407.96,0.56,0.57,8
btc-updown-15m-1769161500,1769161500,345,0.37,0.38,0.375,0.01,2763.58,825.39,0.62,0.63,4
btc-updown-15m-1769161500,1769161500,360,0.26,0.27,0.265,0.01,2259.35,3311.13,0.73,0.74,5
btc-updown-15m-1769161500,1769161500,375,0.34,0.35,0.345,0.01,1101.38,1784.3,0.65,0.66,0
btc-updown-15m-1769161500,1769161500,390,0.3,0.31,0.305,0.01,3607.2,2212.45,0.69,0.7,1
btc-updown-15m-1769161500,1769161500,405,0.3,0.31,0.305,0.01,3135.92,735.1,0.69,0.7,5
btc-updown-15m-1769161500,1769161500,420,0.29,0.31,0.3,0.02,2989.61,3970.52,0.69,0.71,0
btc-updown-15m-1769161500,1769161500,435,0.35,0.36,0.355,0.01,3567.1,518.2,0.64,0.65,1
btc-updown-15m-1769161500,1769161500,450,0.32,0.33,0.325,0.01,3374.18,440.99,0.67,0.68,15
btc-updown-15m-1769161500,1769161500,465,0.35,0.36,0.355,0.01,507,3178.28,0.64,0.65,5
btc-updown-15m-1769161500,1769161500,480,0.33,0.34,0.335,0.01,2377.1,2073.1,0.66,0.67,8
btc-updown-15m-1769161500,1769161500,495,0.31,0.32,0.315,0.01,2063.49,3327.06,0.68,0.69,7
btc-updown-15m-1769161500,1769161500,510,0.28,0.29,0.285,0.01,3575.43,644.8,0.71,0.72,1
btc-updown-15m-1769161500,1769161500,525,0.33,0.34,0.335,0.01,2689.2,2639.1,0.66,0.67,17
btc-updown-15m-1769161500,1769161500,540,0.21,0.22,0.215,0.01,3178.2,3255.57,0.78,0.79,2
btc-updown-15m-1769161500,1769161500,555,0.22,0.23,0.225,0.01,2830.91,3442.26,0.77,0.78,54
btc-updown-15m-1769161500,1769161500,570,0.2,0.21,0.205,0.01,1461.23,2301.46,0.79,0.8,5
btc-updown-15m-1769161500,1769161500,585,0.17,0.18,0.175,0.01,3303.85,2505.71,0.82,0.83,8
btc-updown-15m-1769161500,1769161500,600,0.2,0.21,0.205,0.01,1421.46,154.42,0.79,0.8,51
btc-updown-15m-1769161500,1769161500,615,0.35,0.36,0.355,0.01,250.45,292.1,0.64,0.65,1
btc-updown-15m-1769161500,1769161500,630,0.31,0.32,0.315,0.01,2944.35,1522.65,0.68,0.69,3
btc-updown-15m-1769161500,1769161500,645,0.46,0.47,0.465,0.01,1182.54,204,0.53,0.54,58
btc-updown-15m-1769161500,1769161500,660,0.44,0.45,0.445,0.01,1018.1,1704.1,0.55,0.56,32
btc-updown-15m-1769161500,1769161500,675,0.39,0.4,0.395,0.01,166.5,880.81,0.6,0.61,0
btc-updown-15m-1769161500,1769161500,690,0.29,0.3,0.295,0.01,171.25,1380.32,0.7,0.71,0
btc-updown-15m-1769161500,1769161500,705,0.24,0.25,0.245,0.01,313.05,840.73,0.75,0.76,3
btc-updown-15m-1769161500,1769161500,720,0.27,0.28,0.275,0.01,1544.7,981.74,0.72,0.73,108
btc-updown-15m-1769161500,1769161500,735,0.26,0.27,0.265,0.01,2683.3,412.9,0.73,0.74,5
btc-updown-15m-1769161500,1769161500,750,0.27,0.28,0.275,0.01,959.4,967.71,0.72,0.73,0
btc-updown-15m-1769161500,1769161500,765,0.29,0.3,0.295,0.01,1014.24,1318.73,0.7,0.71,35
btc-updown-15m-1769161500,1769161500,780,0.24,0.25,0.245,0.01,2888.08,644,0.75,0.76,149
btc-updown-15m-1769161500,1769161500,795,0.18,0.19,0.185,0.01,2373.1,604.06,0.81,0.82,1
btc-updown-15m-1769161500,1769161500,810,0.07,0.08,0.075,0.01,2515.04,472.78,0.92,0.93,13
btc-updown-15m-1769161500,1769161500,825,0.1,0.11,0.105,0.01,542.5,830.68,0.89,0.9,16
btc-updown-15m-1769161500,1769161500,840,0.15,0.16,0.155,0.01,174.31,593.63,0.84,0.85,6
btc-updown-15m-1769161500,1769161500,845,0.14,0.15,0.145,0.01,1092,241.6,0.85,0.86,0
btc-updown-15m-1769161500,1769161500,850,0.13,0.14,0.135,0.01,2477.8,184,0.86,0.87,8
btc-updown-15m-1769161500,1769161500,855,0.13,0.14,0.135,0.01,1828.36,159.33,0.86,0.87,22
btc-updown-15m-1769161500,1769161500,860,0.16,0.17,0.165,0.01,35,140,0.83,0.84,19
btc-updown-15m-1769161500,1769161500,865,0.07,0.08,0.075,0.01,792.58,214.16,0.92,0.93,2
btc-updown-15m-1769161500,1769161500,870,0.04,0.05,0.045,0.01,4198.96,185,0.95,0.96,5
btc-updown-15m-1769161500,1769161500,875,0.03,0.04,0.035,0.01,15477.65,597.93,0.96,0.97,18
btc-updown-15m-1769161500,1769161500,880,0.03,0.04,0.035,0.01,14768.51,243.18,0.96,0.97,14
btc-updown-15m-1769161500,1769161500,885,0.02,0.03,0.025,0.01,13702.72,65.54,0.97,0.98,8
btc-updown-15m-1769161500,1769161500,890,0.01,0.02,0.015,0.01,11260.78,379.01,0.98,0.99,0
btc-updown-15m-1769161500,1769161500,895,,0.01,,,0,9010.85,0.99,,42
btc-updown-15m-1769161500,1769161500,897,,0.01,,,0,14771.16,0.99,,7
btc-updown-15m-1769161500,1769161500,899,,0.01,,,0,15823.07,0.99,,38
btc-updown-15m-1769161500,1769161500,900,,0.01,,,0,33033.84,0.99,,19
btc-updown-15m-1769171400,1769171400,0,0.53,0.54,0.535,0.01,663.99,2067.08,0.46,0.47,71
btc-updown-15m-1769171400,1769171400,15,0.5,0.51,0.505,0.01,1951.2,452.6,0.49,0.5,6
btc-updown-15m-1769171400,1769171400,30,0.54,0.55,0.545,0.01,3843.96,2611.47,0.45,0.46,4
btc-updown-15m-1769171400,1769171400,45,0.56,0.57,0.565,0.01,1550.44,4927.15,0.43,0.44,85
btc-updown-15m-1769171400,1769171400,60,0.58,0.59,0.585,0.01,3060.78,4389.27,0.41,0.42,18
btc-updown-15m-1769171400,1769171400,75,0.44,0.45,0.445,0.01,3413.76,1504.39,0.55,0.56,0
btc-updown-15m-1769171400,1769171400,90,0.48,0.49,0.485,0.01,2881.65,1433.6,0.51,0.52,4
btc-updown-15m-1769171400,1769171400,105,0.61,0.62,0.615,0.01,1958.98,428.32,0.38,0.39,0
btc-updown-15m-1769171400,1769171400,120,0.58,0.6,0.59,0.02,1845.95,4309.1,0.4,0.42,1
btc-updown-15m-1769171400,1769171400,135,0.46,0.47,0.465,0.01,4113.19,2725.46,0.53,0.54,68
btc-updown-15m-1769171400,1769171400,150,0.4,0.41,0.405,0.01,2344.24,2334.63,0.59,0.6,9
btc-updown-15m-1769171400,1769171400,165,0.41,0.42,0.415,0.01,4196.28,3221.38,0.58,0.59,15
btc-updown-15m-1769171400,1769171400,180,0.4,0.41,0.405,0.01,2125.12,3743.23,0.59,0.6,9
btc-updown-15m-1769171400,1769171400,195,0.39,0.4,0.395,0.01,5139.06,5408.66,0.6,0.61,42
btc-updown-15m-1769171400,1769171400,210,0.39,0.4,0.395,0.01,6170.18,4343.03,0.6,0.61,10
btc-updown-15m-1769171400,1769171400,225,0.42,0.43,0.425,0.01,3070.76,4555.7,0.57,0.58,14
btc-updown-15m-1769171400,1769171400,240,0.39,0.4,0.395,0.01,4424.36,2099.42,0.6,0.61,3
btc-updown-15m-1769171400,1769171400,255,0.37,0.38,0.375,0.01,6055.61,1466.5,0.62,0.63,33
btc-updown-15m-1769171400,1769171400,270,0.38,0.39,0.385,0.01,2731.97,1228.19,0.61,0.62,58
btc-updown-15m-1769171400,1769171400,285,0.43,0.44,0.435,0.01,1479.59,1184.6,0.56,0.57,3
btc-updown-15m-1769171400,1769171400,300,0.4,0.41,0.405,0.01,3660.7,2237.98,0.59,0.6,19
btc-updown-15m-1769171400,1769171400,315,0.37,0.38,0.375,0.01,1073.86,2880.38,0.62,0.63,38
btc-updown-15m-1769171400,1769171400,330,0.25,0.26,0.255,0.01,2418.52,2661.29,0.74,0.75,0
btc-updown-15m-1769171400,1769171400,345,0.2,0.21,0.205,0.01,2388.83,3109.85,0.79,0.8,3
btc-updown-15m-1769171400,1769171400,360,0.22,0.23,0.225,0.01,2788.64,3358.18,0.77,0.78,6
btc-updown-15m-1769171400,1769171400,375,0.2,0.21,0.205,0.01,4906.07,2259.18,0.79,0.8,24
btc-updown-15m-1769171400,1769171400,390,0.22,0.23,0.225,0.01,2696.18,1271.32,0.77,0.78,7
btc-updown-15m-1769171400,1769171400,405,0.22,0.23,0.225,0.01,4522.35,843.7,0.77,0.78,35
btc-updown-15m-1769171400,1769171400,420,0.16,0.17,0.165,0.01,5171.2,1575.98,0.83,0.84,15
btc-updown-15m-1769171400,1769171400,435,0.21,0.22,0.215,0.01,3009.04,2840.85,0.78,0.79,0
btc-updown-15m-1769171400,1769171400,450,0.29,0.3,0.295,0.01,2843.26,920.82,0.7,0.71,26
btc-updown-15m-1769171400,1769171400,465,0.33,0.34,0.335,0.01,3804.18,346.93,0.66,0.67,34
btc-updown-15m-1769171400,1769171400,480,0.36,0.37,0.365,0.01,4369.18,600,0.63,0.64,0
btc-updown-15m-1769171400,1769171400,495,0.48,0.49,0.485,0.01,2356.87,911.25,0.51,0.52,13
btc-updown-15m-1769171400,1769171400,510,0.54,0.55,0.545,0.01,524.48,1486.13,0.45,0.46,3
btc-updown-15m-1769171400,1769171400,525,0.53,0.54,0.535,0.01,2896.31,5644.26,0.46,0.47,18
btc-updown-15m-1769171400,1769171400,540,0.53,0.54,0.535,0.01,4876.29,1194.9,0.46,0.47,19
btc-updown-15m-1769171400,1769171400,555,0.45,0.46,0.455,0.01,2012.52,1684.06,0.54,0.55,5
btc-updown-15m-1769171400,1769171400,570,0.46,0.47,0.465,0.01,5622.31,709.99,0.53,0.54,119
btc-updown-15m-1769171400,1769171400,585,0.48,0.49,0.485,0.01,2487.09,4139.56,0.51,0.52,10
btc-updown-15m-1769171400,1769171400,600,0.52,0.53,0.525,0.01,641.43,1449.4,0.47,0.48,0
btc-updown-15m-1769171400,1769171400,615,0.67,0.68,0.675,0.01,864.6,3108.1,0.32,0.33,2
btc-updown-15m-1769171400,1769171400,630,0.69,0.7,0.695,0.01,459.6,2250.58,0.3,0.31,0
btc-updown-15m-1769171400,1769171400,645,0.56,0.57,0.565,0.01,999.8,2222.91,0.43,0.44,4
btc-updown-15m-1769171400,1769171400,660,0.42,0.43,0.425,0.01,2968.73,558.82,0.57,0.58,2
btc-updown-15m-1769171400,1769171400,675,0.34,0.35,0.345,0.01,4836.16,469.63,0.65,0.66,28
btc-updown-15m-1769171400,1769171400,690,0.51,0.52,0.515,0.01,2557.97,3891.72,0.48,0.49,63
btc-updown-15m-1769171400,1769171400,705,0.56,0.57,0.565,0.01,506.82,2754.9,0.43,0.44,13
btc-updown-15m-1769171400,1769171400,720,0.58,0.59,0.585,0.01,585.5,3210.67,0.41,0.42,3
btc-updown-15m-1769171400,1769171400,735,0.64,0.65,0.645,0.01,647.81,1027.03,0.35,0.36,67
btc-updown-15m-1769171400,1769171400,750,0.81,0.82,0.815,0.01,242.29,4494.44,0.18,0.19,8
btc-updown-15m-1769171400,1769171400,765,0.75,0.76,0.755,0.01,386.03,2853.62,0.24,0.25,20
btc-updown-15m-1769171400,1769171400,780,0.78,0.79,0.785,0.01,1571.83,265.21,0.21,0.22,7
btc-updown-15m-1769171400,1769171400,795,0.93,0.94,0.935,0.01,2997.67,617.21,0.06,0.07,18
btc-updown-15m-1769171400,1769171400,810,0.94,0.95,0.945,0.01,591.18,2724.24,0.05,0.06,10
btc-updown-15m-1769171400,1769171400,825,0.94,0.95,0.945,0.01,2464.08,2269.53,0.05,0.06,3
btc-updown-15m-1769171400,1769171400,840,0.95,0.96,0.955,0.01,2585.4,5213.72,0.04,0.05,21
btc-updown-15m-1769171400,1769171400,845,0.96,0.98,0.97,0.02,785.91,14357.6,0.02,0.04,7
btc-updown-15m-1769171400,1769171400,850,0.97,0.98,0.975,0.01,2121.73,14125.63,0.02,0.03,101
btc-updown-15m-1769171400,1769171400,855,0.97,0.98,0.975,0.01,2140.13,13963.49,0.02,0.03,68
btc-updown-15m-1769171400,1769171400,860,0.98,0.99,0.985,0.01,2779.58,8519.82,0.01,0.02,1
btc-updown-15m-1769171400,1769171400,865,0.98,0.99,0.985,0.01,4571.52,4627.12,0.01,0.02,45
btc-updown-15m-1769171400,1769171400,870,0.99,,,,7184.9,0,,0.01,20
btc-updown-15m-1769171400,1769171400,875,0.99,,,,7531.99,0,,0.01,35
btc-updown-15m-1769171400,1769171400,880,0.99,,,,5953,0,,0.01,7
btc-updown-15m-1769171400,1769171400,885,0.99,,,,20789.29,0,,0.01,15
btc-updown-15m-1769171400,1769171400,890,0.99,,,,21673.52,0,,0.01,169
btc-updown-15m-1769171400,1769171400,895,0.99,,,,21908.96,0,,0.01,33
btc-updown-15m-1769171400,1769171400,897,0.99,,,,24337.1,0,,0.01,87
btc-updown-15m-1769171400,1769171400,899,0.99,,,,33355.77,0,,0.01,107
btc-updown-15m-1769171400,1769171400,900,0.99,,,,41425.6,0,,0.01,17
btc-updown-15m-1769181300,1769181300,0,0.55,0.56,0.555,0.01,4662.91,2839.52,0.44,0.45,237
btc-updown-15m-1769181300,1769181300,15,0.52,0.53,0.525,0.01,2655.35,3486.99,0.47,0.48,0
btc-updown-15m-1769181300,1769181300,30,0.54,0.55,0.545,0.01,1513.37,3213.5,0.45,0.46,79
btc-updown-15m-1769181300,1769181300,45,0.62,0.63,0.625,0.01,1075.8,3450.59,0.37,0.38,67
btc-updown-15m-1769181300,1769181300,60,0.61,0.62,0.615,0.01,915.14,2001.16,0.38,0.39,82
btc-updown-15m-1769181300,1769181300,75,0.52,0.53,0.525,0.01,4834.89,1956.67,0.47,0.48,42
btc-updown-15m-1769181300,1769181300,90,0.56,0.57,0.565,0.01,271.24,792.54,0.43,0.44,19
btc-updown-15m-1769181300,1769181300,105,0.41,0.43,0.42,0.02,2951.7,2429.24,0.57,0.59,1
btc-updown-15m-1769181300,1769181300,120,0.32,0.33,0.325,0.01,3692.58,347.44,0.67,0.68,0
btc-updown-15m-1769181300,1769181300,135,0.29,0.3,0.295,0.01,5552.52,3536.59,0.7,0.71,14
btc-updown-15m-1769181300,1769181300,150,0.27,0.28,0.275,0.01,3916.53,3424.49,0.72,0.73,1
btc-updown-15m-1769181300,1769181300,165,0.29,0.3,0.295,0.01,5428.19,751.91,0.7,0.71,0
btc-updown-15m-1769181300,1769181300,180,0.38,0.39,0.385,0.01,4448.08,1542.28,0.61,0.62,4
btc-updown-15m-1769181300,1769181300,195,0.43,0.44,0.435,0.01,4035.39,1070.38,0.56,0.57,12
btc-updown-15m-1769181300,1769181300,210,0.43,0.44,0.435,0.01,2647.64,4452.95,0.56,0.57,3
btc-updown-15m-1769181300,1769181300,225,0.41,0.42,0.415,0.01,4620.52,943.3,0.58,0.59,11
btc-updown-15m-1769181300,1769181300,240,0.37,0.38,0.375,0.01,533.76,6764.13,0.62,0.63,10
btc-updown-15m-1769181300,1769181300,255,0.39,0.4,0.395,0.01,6073.75,4363.75,0.6,0.61,14
btc-updown-15m-1769181300,1769181300,270,0.39,0.4,0.395,0.01,4876.41,3714.54,0.6,0.61,1
btc-updown-15m-1769181300,1769181300,285,0.4,0.41,0.405,0.01,5021.53,2464.19,0.59,0.6,6
btc-updown-15m-1769181300,1769181300,300,0.46,0.47,0.465,0.01,655.59,1981.69,0.53,0.54,53
btc-updown-15m-1769181300,1769181300,315,0.55,0.56,0.555,0.01,2872.46,4567.79,0.44,0.45,6
btc-updown-15m-1769181300,1769181300,330,0.63,0.64,0.635,0.01,917.52,1002.47,0.36,0.37,0
btc-updown-15m-1769181300,1769181300,345,0.76,0.77,0.765,0.01,492.5,2137.13,0.23,0.24,0
btc-updown-15m-1769181300,1769181300,360,0.89,0.9,0.895,0.01,1585.37,4729.54,0.1,0.11,14
btc-updown-15m-1769181300,1769181300,375,0.87,0.88,0.875,0.01,3258.23,2821.23,0.12,0.13,453
btc-updown-15m-1769181300,1769181300,390,0.91,0.92,0.915,0.01,5179.12,3544.91,0.08,0.09,6
btc-updown-15m-1769181300,1769181300,405,0.88,0.89,0.885,0.01,1083.42,7240.01,0.11,0.12,3
btc-updown-15m-1769181300,1769181300,420,0.93,0.94,0.935,0.01,4147.44,8063.6,0.06,0.07,21
btc-updown-15m-1769181300,1769181300,435,0.92,0.93,0.925,0.01,5878.93,4471.67,0.07,0.08,10
btc-updown-15m-1769181300,1769181300,450,0.94,0.95,0.945,0.01,2483.89,6125.9,0.05,0.06,0
btc-updown-15m-1769181300,1769181300,465,0.94,0.95,0.945,0.01,5427.24,5694.96,0.05,0.06,9
btc-updown-15m-1769181300,1769181300,480,0.95,0.96,0.955,0.01,8907.93,16878.12,0.04,0.05,197
btc-updown-15m-1769181300,1769181300,495,0.95,0.96,0.955,0.01,4962.28,14578.09,0.04,0.05,2
btc-updown-15m-1769181300,1769181300,510,0.92,0.93,0.925,0.01,712.95,10131.47,0.07,0.08,9
btc-updown-15m-1769181300,1769181300,525,0.88,0.89,0.885,0.01,1132.12,4516.86,0.11,0.12,3
btc-updown-15m-1769181300,1769181300,540,0.91,0.92,0.915,0.01,693.12,4363.97,0.08,0.09,6
btc-updown-15m-1769181300,1769181300,555,0.93,0.94,0.935,0.01,1829.49,4341.19,0.06,0.07,6
btc-updown-15m-1769181300,1769181300,570,0.94,0.95,0.945,0.01,2890.81,4790.04,0.05,0.06,32
btc-updown-15m-1769181300,1769181300,585,0.92,0.93,0.925,0.01,1258.8,5225.3,0.07,0.08,0
btc-updown-15m-1769181300,1769181300,600,0.93,0.94,0.935,0.01,2058.64,3552.5,0.06,0.07,1
btc-updown-15m-1769181300,1769181300,615,0.96,0.97,0.965,0.01,3475.99,21665.05,0.03,0.04,7
btc-updown-15m-1769181300,1769181300,630,0.97,0.98,0.975,0.01,1749.96,19661.38,0.02,0.03,52
btc-updown-15m-1769181300,1769181300,645,0.97,0.98,0.975,0.01,1551.42,15879.42,0.02,0.03,1
btc-updown-15m-1769181300,1769181300,660,0.97,0.98,0.975,0.01,3429.14,15034.06,0.02,0.03,7
btc-updown-15m-1769181300,1769181300,675,0.97,0.98,0.975,0.01,3101.2,16164.36,0.02,0.03,11
btc-updown-15m-1769181300,1769181300,690,0.94,0.95,0.945,0.01,1139.58,2460.11,0.05,0.06,77
btc-updown-15m-1769181300,1769181300,705,0.97,0.98,0.975,0.01,3370.76,14000.96,0.02,0.03,1
btc-updown-15m-1769181300,1769181300,720,0.98,0.99,0.985,0.01,3390.71,12067.69,0.01,0.02,12
btc-updown-15m-1769181300,1769181300,735,0.98,0.99,0.985,0.01,6751.81,9796.43,0.01,0.02,40
btc-updown-15m-1769181300,1769181300,750,0.98,0.99,0.985,0.01,4692.32,4191.84,0.01,0.02,50
btc-updown-15m-1769181300,1769181300,765,0.981,0.99,0.9855,0.009,3856.66,927,0.01,0.019,34
btc-updown-15m-1769181300,1769181300,780,0.98,0.99,0.985,0.01,3950.82,1371.39,0.01,0.02,31
btc-updown-15m-1769181300,1769181300,795,0.87,0.88,0.875,0.01,605.5,1887.19,0.12,0.13,3
btc-updown-15m-1769181300,1769181300,810,0.85,0.86,0.855,0.01,2774.15,815,0.14,0.15,3
btc-updown-15m-1769181300,1769181300,825,0.84,0.85,0.845,0.01,2783.47,135,0.15,0.16,1
btc-updown-15m-1769181300,1769181300,840,0.98,0.99,0.985,0.01,1399.43,1425.57,0.01,0.02,17
btc-updown-15m-1769181300,1769181300,845,0.99,0.991,0.9905,0.001,1154.62,570.98,0.009,0.01,8
btc-updown-15m-1769181300,1769181300,850,0.986,0.99,0.988,0.004,872.33,424.58,0.01,0.014,59
btc-updown-15m-1769181300,1769181300,855,0.99,0.999,0.9945,0.009,1802.02,49.23,0.001,0.01,18
btc-updown-15m-1769181300,1769181300,860,0.991,0.999,0.995,0.008,1335.03,49.23,0.001,0.009,19
btc-updown-15m-1769181300,1769181300,865,0.996,0.998,0.997,0.002,1789.04,1051.23,0.002,0.004,16
btc-updown-15m-1769181300,1769181300,870,0.986,0.998,0.992,0.012,779.3,1552.07,0.002,0.014,5
btc-updown-15m-1769181300,1769181300,875,0.992,0.999,0.9955,0.007,417.73,361.13,0.001,0.008,0
btc-updown-15m-1769181300,1769181300,880,0.994,0.995,0.9945,0.001,3166.18,69.56,0.005,0.006,31
btc-updown-15m-1769181300,1769181300,885,0.998,0.999,0.9985,0.001,2260,443,0.001,0.002,27
btc-updown-15m-1769181300,1769181300,890,0.999,,,,22786.33,0,,0.001,34
btc-updown-15m-1769181300,1769181300,895,0.999,,,,23665.09,0,,0.001,68
btc-updown-15m-1769181300,1769181300,897,0.999,,,,30341.27,0,,0.001,31
btc-updown-15m-1769181300,1769181300,899,0.999,,,,31683.64,0,,0.001,17
btc-updown-15m-1769181300,1769181300,900,0.999,,,,31718.65,0,,0.001,22
btc-updown-15m-1769192100,1769192100,0,0.46,0.48,0.47,0.02,235.74,900,0.52,0.54,74
btc-updown-15m-1769192100,1769192100,15,0.47,0.48,0.475,0.01,2970.73,2827.79,0.52,0.53,2
btc-updown-15m-1769192100,1769192100,30,0.53,0.54,0.535,0.01,296.53,5594.76,0.46,0.47,7
btc-updown-15m-1769192100,1769192100,45,0.5,0.51,0.505,0.01,3488.92,1857.17,0.49,0.5,1152
btc-updown-15m-1769192100,1769192100,60,0.48,0.49,0.485,0.01,5011.14,1178.3,0.51,0.52,21
btc-updown-15m-1769192100,1769192100,75,0.37,0.38,0.375,0.01,2365.59,2980.5,0.62,0.63,12
btc-updown-15m-1769192100,1769192100,90,0.36,0.37,0.365,0.01,5247.47,921.11,0.63,0.64,0
btc-updown-15m-1769192100,1769192100,105,0.4,0.41,0.405,0.01,1346.52,1555.63,0.59,0.6,347
btc-updown-15m-1769192100,1769192100,120,0.51,0.52,0.515,0.01,2436.68,3286.8,0.48,0.49,0
btc-updown-15m-1769192100,1769192100,135,0.45,0.48,0.465,0.03,1269.86,1497.14,0.52,0.55,29
btc-updown-15m-1769192100,1769192100,150,0.44,0.45,0.445,0.01,2665.89,4040.78,0.55,0.56,34
btc-updown-15m-1769192100,1769192100,165,0.62,0.63,0.625,0.01,566.87,3450.83,0.37,0.38,20
btc-updown-15m-1769192100,1769192100,180,0.6,0.62,0.61,0.02,3524.32,4288.53,0.38,0.4,13
btc-updown-15m-1769192100,1769192100,195,0.65,0.66,0.655,0.01,4737.56,2735.01,0.34,0.35,100
btc-updown-15m-1769192100,1769192100,210,0.65,0.66,0.655,0.01,5062.87,2396.34,0.34,0.35,22
btc-updown-15m-1769192100,1769192100,225,0.74,0.75,0.745,0.01,3670,2138.98,0.25,0.26,2
btc-updown-15m-1769192100,1769192100,240,0.6,0.61,0.605,0.01,2946.66,3033.06,0.39,0.4,6
btc-updown-15m-1769192100,1769192100,255,0.64,0.65,0.645,0.01,1864.41,5011.26,0.35,0.36,0
btc-updown-15m-1769192100,1769192100,270,0.65,0.66,0.655,0.01,1116.78,2792.99,0.34,0.35,5
btc-updown-15m-1769192100,1769192100,285,0.74,0.75,0.745,0.01,2796.79,3973.05,0.25,0.26,33
btc-updown-15m-1769192100,1769192100,300,0.76,0.77,0.765,0.01,3170.02,4516.59,0.23,0.24,93
btc-updown-15m-1769192100,1769192100,315,0.6,0.62,0.61,0.02,4386.57,3259.24,0.38,0.4,233
btc-updown-15m-1769192100,1769192100,330,0.55,0.56,0.555,0.01,7763.86,266.3,0.44,0.45,56
btc-updown-15m-1769192100,1769192100,345,0.71,0.72,0.715,0.01,594.24,5878.07,0.28,0.29,2
btc-updown-15m-1769192100,1769192100,360,0.68,0.69,0.685,0.01,1811.08,3205.77,0.31,0.32,10
btc-updown-15m-1769192100,1769192100,375,0.73,0.74,0.735,0.01,2468.68,3561.05,0.26,0.27,36
btc-updown-15m-1769192100,1769192100,390,0.77,0.78,0.775,0.01,4032.69,706.07,0.22,0.23,1
btc-updown-15m-1769192100,1769192100,405,0.83,0.85,0.84,0.02,1216.69,5622.62,0.15,0.17,5
btc-updown-15m-1769192100,1769192100,420,0.79,0.8,0.795,0.01,1085.41,3519.43,0.2,0.21,8
btc-updown-15m-1769192100,1769192100,435,0.78,0.79,0.785,0.01,3203.62,1968.8,0.21,0.22,2
btc-updown-15m-1769192100,1769192100,450,0.86,0.87,0.865,0.01,3810.02,3488.03,0.13,0.14,122
btc-updown-15m-1769192100,1769192100,465,0.83,0.84,0.835,0.01,1659.1,5359.18,0.16,0.17,5
btc-updown-15m-1769192100,1769192100,480,0.86,0.87,0.865,0.01,2132.97,6138.4,0.13,0.14,16
btc-updown-15m-1769192100,1769192100,495,0.82,0.83,0.825,0.01,3139.62,3965.47,0.17,0.18,20
btc-updown-15m-1769192100,1769192100,510,0.84,0.85,0.845,0.01,1617.64,4885.06,0.15,0.16,36
btc-updown-15m-1769192100,1769192100,525,0.88,0.89,0.885,0.01,3041.29,4628.67,0.11,0.12,7
btc-updown-15m-1769192100,1769192100,540,0.88,0.89,0.885,0.01,3207.28,3218.85,0.11,0.12,14
btc-updown-15m-1769192100,1769192100,555,0.9,0.91,0.905,0.01,3253.29,3896.28,0.09,0.1,0
btc-updown-15m-1769192100,1769192100,570,0.93,0.94,0.935,0.01,1227.6,5621.29,0.06,0.07,96
btc-updown-15m-1769192100,1769192100,585,0.87,0.88,0.875,0.01,899.3,3551.09,0.12,0.13,39
btc-updown-15m-1769192100,1769192100,600,0.86,0.87,0.865,0.01,5771.01,2168.9,0.13,0.14,5
btc-updown-15m-1769192100,1769192100,615,0.83,0.84,0.835,0.01,747.27,2153.59,0.16,0.17,18
btc-updown-15m-1769192100,1769192100,630,0.86,0.87,0.865,0.01,388.5,3866.41,0.13,0.14,121
btc-updown-15m-1769192100,1769192100,645,0.79,0.8,0.795,0.01,497.63,3279.63,0.2,0.21,90
btc-updown-15m-1769192100,1769192100,660,0.71,0.73,0.72,0.02,1011.86,4543.4,0.27,0.29,5
btc-updown-15m-1769192100,1769192100,675,0.67,0.68,0.675,0.01,977.08,802.69,0.32,0.33,491
btc-updown-15m-1769192100,1769192100,690,0.71,0.72,0.715,0.01,252.36,4548.45,0.28,0.29,0
btc-updown-15m-1769192100,1769192100,705,0.7,0.71,0.705,0.01,364.19,420.61,0.29,0.3,21
btc-updown-15m-1769192100,1769192100,720,0.73,0.73,0.73,0,440.96,1170.59,0.27,0.27,589
btc-updown-15m-1769192100,1769192100,735,0.79,0.8,0.795,0.01,923.58,4070.52,0.2,0.21,1
btc-updown-15m-1769192100,1769192100,750,0.82,0.83,0.825,0.01,332.49,3149.56,0.17,0.18,4
btc-updown-15m-1769192100,1769192100,765,0.83,0.85,0.84,0.02,494.53,5086.85,0.15,0.17,335
btc-updown-15m-1769192100,1769192100,780,0.86,0.87,0.865,0.01,570.21,1560.13,0.13,0.14,17
btc-updown-15m-1769192100,1769192100,795,0.93,0.94,0.935,0.01,965.8,880.03,0.06,0.07,22
btc-updown-15m-1769192100,1769192100,810,0.95,0.96,0.955,0.01,5095.64,2770.22,0.04,0.05,28
btc-updown-15m-1769192100,1769192100,825,0.96,0.97,0.965,0.01,3826.89,15447.38,0.03,0.04,6
btc-updown-15m-1769192100,1769192100,840,0.98,0.99,0.985,0.01,5750.59,3517.84,0.01,0.02,26
btc-updown-15m-1769192100,1769192100,845,0.99,,,,11405.57,0,,0.01,16
btc-updown-15m-1769192100,1769192100,850,0.99,,,,13128.03,0,,0.01,35
btc-updown-15m-1769192100,1769192100,855,0.99,,,,13254.17,0,,0.01,30
btc-updown-15m-1769192100,1769192100,860,0.99,,,,13071.46,0,,0.01,4
btc-updown-15m-1769192100,1769192100,865,0.99,,,,12438.01,0,,0.01,35
btc-updown-15m-1769192100,1769192100,870,0.99,,,,12509.45,0,,0.01,28
btc-updown-15m-1769192100,1769192100,875,0.99,,,,18205.97,0,,0.01,31
btc-updown-15m-1769192100,1769192100,880,0.99,,,,18098.21,0,,0.01,30
btc-updown-15m-1769192100,1769192100,885,0.99,,,,19094.08,0,,0.01,38
btc-updown-15m-1769192100,1769192100,890,0.99,,,,19061.13,0,,0.01,11
btc-updown-15m-1769192100,1769192100,895,0.99,,,,15358.45,0,,0.01,24
btc-updown-15m-1769192100,1769192100,897,0.99,,,,25654.9,0,,0.01,17
btc-updown-15m-1769192100,1769192100,899,0.99,,,,42051.95,0,,0.01,121
btc-updown-15m-1769192100,1769192100,900,0.99,,,,45330.66,0,,0.01,7
btc-updown-15m-1769202000,1769202000,0,0.52,0.53,0.525,0.01,2063.34,836.67,0.47,0.48,126
btc-updown-15m-1769202000,1769202000,15,0.43,0.44,0.435,0.01,2013.3,620.87,0.56,0.57,1
btc-updown-15m-1769202000,1769202000,30,0.44,0.45,0.445,0.01,3035.32,4428.57,0.55,0.56,7
btc-updown-15m-1769202000,1769202000,45,0.52,0.53,0.525,0.01,1980.37,1643.44,0.47,0.48,10
btc-updown-15m-1769202000,1769202000,60,0.52,0.53,0.525,0.01,3486.76,3109.24,0.47,0.48,14
btc-updown-15m-1769202000,1769202000,75,0.54,0.55,0.545,0.01,1649.75,2827.44,0.45,0.46,37
btc-updown-15m-1769202000,1769202000,90,0.58,0.59,0.585,0.01,3612.69,2924.32,0.41,0.42,0
btc-updown-15m-1769202000,1769202000,105,0.56,0.57,0.565,0.01,2014.14,1463.41,0.43,0.44,0
btc-updown-15m-1769202000,1769202000,120,0.47,0.48,0.475,0.01,2226.68,1806.22,0.52,0.53,23
btc-updown-15m-1769202000,1769202000,135,0.51,0.52,0.515,0.01,1947.5,4036.02,0.48,0.49,3
btc-updown-15m-1769202000,1769202000,150,0.48,0.49,0.485,0.01,4119,3310.39,0.51,0.52,28
btc-updown-15m-1769202000,1769202000,165,0.46,0.47,0.465,0.01,4260.68,1464.5,0.53,0.54,132
btc-updown-15m-1769202000,1769202000,180,0.42,0.43,0.425,0.01,1551.54,557.71,0.57,0.58,9
btc-updown-15m-1769202000,1769202000,195,0.37,0.38,0.375,0.01,3331.74,1041,0.62,0.63,0
btc-updown-15m-1769202000,1769202000,210,0.43,0.44,0.435,0.01,1097.51,2092.82,0.56,0.57,16
btc-updown-15m-1769202000,1769202000,225,0.58,0.59,0.585,0.01,2228.53,2338.7,0.41,0.42,80
btc-updown-15m-1769202000,1769202000,240,0.66,0.67,0.665,0.01,2480.5,3190.63,0.33,0.34,0
btc-updown-15m-1769202000,1769202000,255,0.7,0.71,0.705,0.01,2710.45,3824.84,0.29,0.3,13
btc-updown-15m-1769202000,1769202000,270,0.73,0.74,0.735,0.01,3205.16,2265.44,0.26,0.27,7
btc-updown-15m-1769202000,1769202000,285,0.68,0.69,0.685,0.01,3290.28,2016.77,0.31,0.32,2
btc-updown-15m-1769202000,1769202000,300,0.71,0.72,0.715,0.01,2121.66,2639.11,0.28,0.29,0
btc-updown-15m-1769202000,1769202000,315,0.71,0.72,0.715,0.01,2586.15,4401.7,0.28,0.29,16
btc-updown-15m-1769202000,1769202000,330,0.67,0.68,0.675,0.01,3374.59,3274.19,0.32,0.33,40
btc-updown-15m-1769202000,1769202000,345,0.65,0.66,0.655,0.01,2209.29,2459.56,0.34,0.35,56
btc-updown-15m-1769202000,1769202000,360,0.67,0.68,0.675,0.01,5235.36,777.91,0.32,0.33,17
btc-updown-15m-1769202000,1769202000,375,0.72,0.73,0.725,0.01,4332.68,1477.47,0.27,0.28,14
btc-updown-15m-1769202000,1769202000,390,0.76,0.77,0.765,0.01,2691.34,4229.22,0.23,0.24,18
btc-updown-15m-1769202000,1769202000,405,0.79,0.8,0.795,0.01,3991.15,2002.2,0.2,0.21,169
btc-updown-15m-1769202000,1769202000,420,0.81,0.82,0.815,0.01,2498.19,4090.19,0.18,0.19,4
btc-updown-15m-1769202000,1769202000,435,0.84,0.85,0.845,0.01,1491.25,5482.7,0.15,0.16,12
btc-updown-15m-1769202000,1769202000,450,0.83,0.84,0.835,0.01,3501.97,3023.77,0.16,0.17,0
btc-updown-15m-1769202000,1769202000,465,0.82,0.83,0.825,0.01,1954.18,3900.48,0.17,0.18,56
btc-updown-15m-1769202000,1769202000,480,0.8,0.81,0.805,0.01,2658.49,2261.95,0.19,0.2,0
btc-updown-15m-1769202000,1769202000,495,0.88,0.89,0.885,0.01,2650.9,1542.9,0.11,0.12,1
btc-updown-15m-1769202000,1769202000,510,0.93,0.94,0.935,0.01,1985.7,3413.66,0.06,0.07,39
btc-updown-15m-1769202000,1769202000,525,0.88,0.89,0.885,0.01,2790.88,3087.87,0.11,0.12,7
btc-updown-15m-1769202000,1769202000,540,0.93,0.94,0.935,0.01,2441.66,3881.08,0.06,0.07,40
btc-updown-15m-1769202000,1769202000,555,0.91,0.92,0.915,0.01,718.96,2029.87,0.08,0.09,517
btc-updown-15m-1769202000,1769202000,570,0.87,0.88,0.875,0.01,1116.99,4191.46,0.12,0.13,18
btc-updown-15m-1769202000,1769202000,585,0.93,0.94,0.935,0.01,877.39,6772.33,0.06,0.07,9
btc-updown-15m-1769202000,1769202000,600,0.93,0.94,0.935,0.01,474.76,6263.82,0.06,0.07,5
btc-updown-15m-1769202000,1769202000,615,0.9,0.91,0.905,0.01,2137.12,1844.36,0.09,0.1,67
btc-updown-15m-1769202000,1769202000,630,0.89,0.9,0.895,0.01,1246.41,2844.53,0.1,0.11,57
btc-updown-15m-1769202000,1769202000,645,0.92,0.93,0.925,0.01,2564.23,2924.84,0.07,0.08,16
btc-updown-15m-1769202000,1769202000,660,0.92,0.93,0.925,0.01,2507.28,1722.86,0.07,0.08,56
btc-updown-15m-1769202000,1769202000,675,0.93,0.94,0.935,0.01,2130.74,2336.99,0.06,0.07,29
btc-updown-15m-1769202000,1769202000,690,0.94,0.95,0.945,0.01,2133.26,3339.47,0.05,0.06,56
btc-updown-15m-1769202000,1769202000,705,0.96,0.97,0.965,0.01,2413,19699.31,0.03,0.04,8
btc-updown-15m-1769202000,1769202000,720,0.97,0.98,0.975,0.01,2694.61,18435.23,0.02,0.03,58
btc-updown-15m-1769202000,1769202000,735,0.97,0.98,0.975,0.01,3189.19,16241.92,0.02,0.03,5
btc-updown-15m-1769202000,1769202000,750,0.98,0.99,0.985,0.01,4467.65,14065.54,0.01,0.02,182
btc-updown-15m-1769202000,1769202000,765,0.98,0.99,0.985,0.01,4077.96,13939.2,0.01,0.02,4
btc-updown-15m-1769202000,1769202000,780,0.98,0.99,0.985,0.01,4187.21,13401.79,0.01,0.02,11
btc-updown-15m-1769202000,1769202000,795,0.981,0.99,0.9855,0.009,3321.21,11210.25,0.01,0.019,12
btc-updown-15m-1769202000,1769202000,810,0.989,0.99,0.9895,0.001,1949.04,8353.89,0.01,0.011,4
btc-updown-15m-1769202000,1769202000,825,0.98,0.99,0.985,0.01,3139.42,5793.99,0.01,0.02,10
btc-updown-15m-1769202000,1769202000,840,0.99,0.994,0.992,0.004,1112.64,517.23,0.006,0.01,4
btc-updown-15m-1769202000,1769202000,845,0.995,0.999,0.997,0.004,3317.63,210,0.001,0.005,116
btc-updown-15m-1769202000,1769202000,850,0.991,0.999,0.995,0.008,3411.57,210,0.001,0.009,53
btc-updown-15m-1769202000,1769202000,855,0.991,0.999,0.995,0.008,5184.74,297,0.001,0.009,50
btc-updown-15m-1769202000,1769202000,860,0.992,0.999,0.9955,0.007,5181.24,314.71,0.001,0.008,23
btc-updown-15m-1769202000,1769202000,865,0.992,0.999,0.9955,0.007,5092.47,306.7,0.001,0.008,150
btc-updown-15m-1769202000,1769202000,870,0.992,0.999,0.9955,0.007,4220.37,3.39,0.001,0.008,2
btc-updown-15m-1769202000,1769202000,875,0.997,0.999,0.998,0.002,4190.21,347.37,0.001,0.003,89
btc-updown-15m-1769202000,1769202000,880,0.991,0.999,0.995,0.008,5020.28,23.16,0.001,0.009,2
btc-updown-15m-1769202000,1769202000,885,0.99,,,,4681.72,0,,0.01,39
btc-updown-15m-1769202000,1769202000,890,0.999,,,,7810.16,0,,0.001,22
btc-updown-15m-1769202000,1769202000,895,0.999,,,,7524.81,0,,0.001,40
btc-updown-15m-1769202000,1769202000,897,0.999,,,,24022.73,0,,0.001,27
btc-updown-15m-1769202000,1769202000,899,0.999,,,,44692.03,0,,0.001,37
btc-updown-15m-1769202000,1769202000,900,0.999,,,,47777.39,0,,0.001,26
btc-updown-15m-1769212800,1769212800,0,0.47,0.49,0.48,0.02,443.75,574.69,0.51,0.53,903
btc-updown-15m-1769212800,1769212800,15,0.51,0.52,0.515,0.01,672.01,756.52,0.48,0.49,0
btc-updown-15m-1769212800,1769212800,30,0.51,0.52,0.515,0.01,1203.22,1117.47,0.48,0.49,32
btc-updown-15m-1769212800,1769212800,45,0.51,0.52,0.515,0.01,671.47,1309.94,0.48,0.49,2
btc-updown-15m-1769212800,1769212800,60,0.51,0.52,0.515,0.01,491.73,1211.42,0.48,0.49,67
btc-updown-15m-1769212800,1769212800,75,0.5,0.51,0.505,0.01,1114.71,1198.83,0.49,0.5,15
btc-updown-15m-1769212800,1769212800,90,0.5,0.51,0.505,0.01,1015.37,1378.96,0.49,0.5,47
btc-updown-15m-1769212800,1769212800,105,0.51,0.52,0.515,0.01,1145.4,1447.6,0.48,0.49,27
btc-updown-15m-1769212800,1769212800,120,0.57,0.58,0.575,0.01,320.26,1385.4,0.42,0.43,36
btc-updown-15m-1769212800,1769212800,135,0.62,0.63,0.625,0.01,526.59,810.81,0.37,0.38,5
btc-updown-15m-1769212800,1769212800,150,0.66,0.67,0.665,0.01,263.89,1108.43,0.33,0.34,1
btc-updown-15m-1769212800,1769212800,165,0.64,0.65,0.645,0.01,477.41,1396.62,0.35,0.36,60
btc-updown-15m-1769212800,1769212800,180,0.65,0.66,0.655,0.01,543.59,1314.71,0.34,0.35,9
btc-updown-15m-1769212800,1769212800,195,0.64,0.65,0.645,0.01,1137.28,870.43,0.35,0.36,62
btc-updown-15m-1769212800,1769212800,210,0.59,0.6,0.595,0.01,1051.01,704.72,0.4,0.41,5
btc-updown-15m-1769212800,1769212800,225,0.51,0.52,0.515,0.01,737.13,533.28,0.48,0.49,3
btc-updown-15m-1769212800,1769212800,240,0.51,0.52,0.515,0.01,1279.37,485.14,0.48,0.49,11
btc-updown-15m-1769212800,1769212800,255,0.42,0.43,0.425,0.01,972.21,556.89,0.57,0.58,42
btc-updown-15m-1769212800,1769212800,270,0.43,0.44,0.435,0.01,700.29,370.84,0.56,0.57,2
btc-updown-15m-1769212800,1769212800,285,0.43,0.44,0.435,0.01,429.3,797.75,0.56,0.57,1
btc-updown-15m-1769212800,1769212800,300,0.37,0.38,0.375,0.01,420.92,571.43,0.62,0.63,96
btc-updown-15m-1769212800,1769212800,315,0.38,0.39,0.385,0.01,1183.98,393.98,0.61,0.62,13
btc-updown-15m-1769212800,1769212800,330,0.32,0.33,0.325,0.01,827.16,1202.01,0.67,0.68,28
btc-updown-15m-1769212800,1769212800,345,0.33,0.34,0.335,0.01,384.12,1011.9,0.66,0.67,25
btc-updown-15m-1769212800,1769212800,360,0.27,0.28,0.275,0.01,1614.2,405.41,0.72,0.73,7
btc-updown-15m-1769212800,1769212800,375,0.2,0.21,0.205,0.01,924.29,342.18,0.79,0.8,27
btc-updown-15m-1769212800,1769212800,390,0.25,0.26,0.255,0.01,581.92,449,0.74,0.75,0
btc-updown-15m-1769212800,1769212800,405,0.38,0.39,0.385,0.01,1060.6,1212.8,0.61,0.62,37
btc-updown-15m-1769212800,1769212800,420,0.26,0.28,0.27,0.02,974.19,755.39,0.72,0.74,4
btc-updown-15m-1769212800,1769212800,435,0.18,0.19,0.185,0.01,905.32,592.18,0.81,0.82,20
btc-updown-15m-1769212800,1769212800,450,0.16,0.17,0.165,0.01,830.71,493.05,0.83,0.84,17
btc-updown-15m-1769212800,1769212800,465,0.16,0.17,0.165,0.01,947.76,595.7,0.83,0.84,66
btc-updown-15m-1769212800,1769212800,480,0.17,0.18,0.175,0.01,819.57,945.54,0.82,0.83,0
btc-updown-15m-1769212800,1769212800,495,0.17,0.18,0.175,0.01,352.68,1619.29,0.82,0.83,0
btc-updown-15m-1769212800,1769212800,510,0.19,0.2,0.195,0.01,639.9,890.65,0.8,0.81,0
btc-updown-15m-1769212800,1769212800,525,0.18,0.19,0.185,0.01,389.32,495.67,0.81,0.82,78
btc-updown-15m-1769212800,1769212800,540,0.18,0.19,0.185,0.01,692.09,305.88,0.81,0.82,5
btc-updown-15m-1769212800,1769212800,555,0.21,0.22,0.215,0.01,854.24,396.97,0.78,0.79,2
btc-updown-15m-1769212800,1769212800,570,0.21,0.22,0.215,0.01,830.68,494.74,0.78,0.79,7
btc-updown-15m-1769212800,1769212800,585,0.16,0.17,0.165,0.01,983.65,709.84,0.83,0.84,11
btc-updown-15m-1769212800,1769212800,600,0.17,0.18,0.175,0.01,829.88,961.96,0.82,0.83,35
btc-updown-15m-1769212800,1769212800,615,0.13,0.14,0.135,0.01,1417.55,602.65,0.86,0.87,56
btc-updown-15m-1769212800,1769212800,630,0.16,0.17,0.165,0.01,977.86,819.69,0.83,0.84,9
btc-updown-15m-1769212800,1769212800,645,0.15,0.16,0.155,0.01,523.14,503.71,0.84,0.85,10
btc-updown-15m-1769212800,1769212800,660,0.1,0.11,0.105,0.01,1804,494.92,0.89,0.9,18
btc-updown-15m-1769212800,1769212800,675,0.05,0.06,0.055,0.01,2279.19,1467.25,0.94,0.95,11
btc-updown-15m-1769212800,1769212800,690,0.02,0.03,0.025,0.01,13783.45,1015.84,0.97,0.98,1
btc-updown-15m-1769212800,1769212800,705,0.02,0.03,0.025,0.01,13654.42,2021.84,0.97,0.98,29
btc-updown-15m-1769212800,1769212800,720,0.02,0.03,0.025,0.01,12823.77,2447.96,0.97,0.98,26
btc-updown-15m-1769212800,1769212800,735,0.02,0.03,0.025,0.01,11634.12,2623.86,0.97,0.98,8
btc-updown-15m-1769212800,1769212800,750,0.01,0.02,0.015,0.01,10946.73,2642.67,0.98,0.99,91
btc-updown-15m-1769212800,1769212800,765,0.01,0.02,0.015,0.01,10322.46,2976.73,0.98,0.99,10
btc-updown-15m-1769212800,1769212800,780,0.01,0.02,0.015,0.01,8509.95,3826.67,0.98,0.99,28
btc-updown-15m-1769212800,1769212800,795,,0.01,,,0,7031.8,0.99,,85
btc-updown-15m-1769212800,1769212800,810,,0.009,,,0,5379.16,0.991,,242
btc-updown-15m-1769212800,1769212800,825,0.004,0.005,0.0045,0.001,1899.88,256.01,0.995,0.996,55
btc-updown-15m-1769212800,1769212800,840,0.002,0.009,0.0055,0.007,426.13,8992.46,0.991,0.998,37
btc-updown-15m-1769212800,1769212800,845,0.002,0.008,0.005,0.006,1840.4,7117.02,0.992,0.998,12
btc-updown-15m-1769212800,1769212800,850,0.002,0.008,0.005,0.006,1873.16,6465.98,0.992,0.998,70
btc-updown-15m-1769212800,1769212800,855,0.001,0.008,0.0045,0.007,1498.4,7223.59,0.992,0.999,44
btc-updown-15m-1769212800,1769212800,860,0.002,0.009,0.0055,0.007,1476.07,8969.36,0.991,0.998,27
btc-updown-15m-1769212800,1769212800,865,,0.001,,,0,6647.08,0.999,,40
btc-updown-15m-1769212800,1769212800,870,0.002,0.008,0.005,0.006,34.47,7579.78,0.992,0.998,4
btc-updown-15m-1769212800,1769212800,875,,0.001,,,0,2534.52,0.999,,39
btc-updown-15m-1769212800,1769212800,880,,0.008,,,0,7746.75,0.992,,12
btc-updown-15m-1769212800,1769212800,885,,0.008,,,0,8423.23,0.992,,536
btc-updown-15m-1769212800,1769212800,890,,0.001,,,0,4151.24,0.999,,173
btc-updown-15m-1769212800,1769212800,895,,0.001,,,0,8850.53,0.999,,205
btc-updown-15m-1769212800,1769212800,897,,0.001,,,0,8917.54,0.999,,11
btc-updown-15m-1769212800,1769212800,899,,0.001,,,0,23251.47,0.999,,16
btc-updown-15m-1769212800,1769212800,900,,0.001,,,0,32001.47,0.999,,9
btc-updown-15m-1769222700,1769222700,0,0.44,0.45,0.445,0.01,17.45,3161.92,0.55,0.56,201
btc-updown-15m-1769222700,1769222700,15,0.44,0.45,0.445,0.01,1327.9,2966.31,0.55,0.56,9
btc-updown-15m-1769222700,1769222700,30,0.45,0.46,0.455,0.01,1481.13,978.27,0.54,0.55,0
btc-updown-15m-1769222700,1769222700,45,0.45,0.47,0.46,0.02,908.31,1684.12,0.53,0.55,0
btc-updown-15m-1769222700,1769222700,60,0.48,0.49,0.485,0.01,996.22,2489.26,0.51,0.52,45
btc-updown-15m-1769222700,1769222700,75,0.48,0.49,0.485,0.01,1092.93,1806.91,0.51,0.52,142
btc-updown-15m-1769222700,1769222700,90,0.43,0.44,0.435,0.01,770.7,849.24,0.56,0.57,2
btc-updown-15m-1769222700,1769222700,105,0.43,0.44,0.435,0.01,857.15,502.29,0.56,0.57,3
btc-updown-15m-1769222700,1769222700,120,0.44,0.45,0.445,0.01,674.79,1024.29,0.55,0.56,67
btc-updown-15m-1769222700,1769222700,135,0.43,0.44,0.435,0.01,1150.99,1612.12,0.56,0.57,68
btc-updown-15m-1769222700,1769222700,150,0.43,0.44,0.435,0.01,1220.43,1659.47,0.56,0.57,15
btc-updown-15m-1769222700,1769222700,165,0.43,0.44,0.435,0.01,1182.3,1499.73,0.56,0.57,27
btc-updown-15m-1769222700,1769222700,180,0.29,0.3,0.295,0.01,632.31,322.71,0.7,0.71,5
btc-updown-15m-1769222700,1769222700,195,0.29,0.3,0.295,0.01,798.11,675.74,0.7,0.71,31
btc-updown-15m-1769222700,1769222700,210,0.33,0.34,0.335,0.01,777.99,690.91,0.66,0.67,55
btc-updown-15m-1769222700,1769222700,225,0.31,0.32,0.315,0.01,1580.24,443.18,0.68,0.69,5
btc-updown-15m-1769222700,1769222700,240,0.37,0.38,0.375,0.01,829.65,721.19,0.62,0.63,0
btc-updown-15m-1769222700,1769222700,255,0.45,0.49,0.47,0.04,1131.88,2025.74,0.51,0.55,6
btc-updown-15m-1769222700,1769222700,270,0.33,0.34,0.335,0.01,731.9,472.9,0.66,0.67,6
btc-updown-15m-1769222700,1769222700,285,0.4,0.41,0.405,0.01,540.35,906.25,0.59,0.6,1
btc-updown-15m-1769222700,1769222700,300,0.46,0.47,0.465,0.01,1234.68,1224.53,0.53,0.54,139
btc-updown-15m-1769222700,1769222700,315,0.24,0.25,0.245,0.01,423.07,118.39,0.75,0.76,0
btc-updown-15m-1769222700,1769222700,330,0.26,0.27,0.265,0.01,629.63,1014.48,0.73,0.74,15
btc-updown-15m-1769222700,1769222700,345,0.28,0.29,0.285,0.01,684.58,1262.31,0.71,0.72,20
btc-updown-15m-1769222700,1769222700,360,0.27,0.28,0.275,0.01,652.49,694.27,0.72,0.73,0
btc-updown-15m-1769222700,1769222700,375,0.26,0.27,0.265,0.01,1192.7,1077.52,0.73,0.74,13
btc-updown-15m-1769222700,1769222700,390,0.26,0.27,0.265,0.01,652.92,1336.29,0.73,0.74,39
btc-updown-15m-1769222700,1769222700,405,0.27,0.28,0.275,0.01,494.31,844.53,0.72,0.73,56
btc-updown-15m-1769222700,1769222700,420,0.28,0.29,0.285,0.01,797.54,645.17,0.71,0.72,6
btc-updown-15m-1769222700,1769222700,435,0.28,0.29,0.285,0.01,965.82,931.58,0.71,0.72,39
btc-updown-15m-1769222700,1769222700,450,0.27,0.28,0.275,0.01,1399.08,917.59,0.72,0.73,41
btc-updown-15m-1769222700,1769222700,465,0.25,0.26,0.255,0.01,749.08,472.02,0.74,0.75,10
btc-updown-15m-1769222700,1769222700,480,0.48,0.5,0.49,0.02,167.44,824.86,0.5,0.52,0
btc-updown-15m-1769222700,1769222700,495,0.54,0.55,0.545,0.01,452.79,399.77,0.45,0.46,11
btc-updown-15m-1769222700,1769222700,510,0.5,0.51,0.505,0.01,577.8,321.49,0.49,0.5,27
btc-updown-15m-1769222700,1769222700,525,0.58,0.59,0.585,0.01,748.48,1007.02,0.41,0.42,5
btc-updown-15m-1769222700,1769222700,540,0.58,0.59,0.585,0.01,927.48,494.81,0.41,0.42,3
btc-updown-15m-1769222700,1769222700,555,0.59,0.6,0.595,0.01,1373.55,879.48,0.4,0.41,3
btc-updown-15m-1769222700,1769222700,570,0.66,0.67,0.665,0.01,638.79,415.9,0.33,0.34,78
btc-updown-15m-1769222700,1769222700,585,0.64,0.65,0.645,0.01,933.73,833.22,0.35,0.36,6
btc-updown-15m-1769222700,1769222700,600,0.62,0.64,0.63,0.02,1063.69,1403.82,0.36,0.38,46
btc-updown-15m-1769222700,1769222700,615,0.61,0.62,0.615,0.01,790.46,865.67,0.38,0.39,7
btc-updown-15m-1769222700,1769222700,630,0.61,0.62,0.615,0.01,1505.76,917.64,0.38,0.39,3
btc-updown-15m-1769222700,1769222700,645,0.62,0.63,0.625,0.01,1464.08,1424.76,0.37,0.38,55
btc-updown-15m-1769222700,1769222700,660,0.45,0.47,0.46,0.02,275.19,909.42,0.53,0.55,6
btc-updown-15m-1769222700,1769222700,675,0.56,0.57,0.565,0.01,890.39,498.45,0.43,0.44,41
btc-updown-15m-1769222700,1769222700,690,0.59,0.6,0.595,0.01,853.63,749.99,0.4,0.41,13
btc-updown-15m-1769222700,1769222700,705,0.71,0.72,0.715,0.01,874.26,141.15,0.28,0.29,2
btc-updown-15m-1769222700,1769222700,720,0.72,0.73,0.725,0.01,639.21,488.76,0.27,0.28,13
btc-updown-15m-1769222700,1769222700,735,0.62,0.63,0.625,0.01,382.64,309.5,0.37,0.38,6
btc-updown-15m-1769222700,1769222700,750,0.61,0.62,0.615,0.01,418.35,999.43,0.38,0.39,9
btc-updown-15m-1769222700,1769222700,765,0.64,0.65,0.645,0.01,318.9,365.91,0.35,0.36,69
btc-updown-15m-1769222700,1769222700,780,0.9,0.94,0.92,0.04,431.27,2558.96,0.06,0.1,0
btc-updown-15m-1769222700,1769222700,795,0.91,0.92,0.915,0.01,765.73,561.37,0.08,0.09,4
btc-updown-15m-1769222700,1769222700,810,0.95,0.96,0.955,0.01,1903.33,3757.07,0.04,0.05,30
btc-updown-15m-1769222700,1769222700,825,0.93,0.94,0.935,0.01,195.92,793,0.06,0.07,17
btc-updown-15m-1769222700,1769222700,840,0.93,0.94,0.935,0.01,455.46,576.5,0.06,0.07,9
btc-updown-15m-1769222700,1769222700,845,0.94,0.95,0.945,0.01,750.6,1112.74,0.05,0.06,26
btc-updown-15m-1769222700,1769222700,850,0.94,0.96,0.95,0.02,947,3797.58,0.04,0.06,168
btc-updown-15m-1769222700,1769222700,855,0.94,0.95,0.945,0.01,1083,1145.26,0.05,0.06,172
btc-updown-15m-1769222700,1769222700,860,0.94,0.96,0.95,0.02,692,3802.44,0.04,0.06,6
btc-updown-15m-1769222700,1769222700,865,0.97,0.98,0.975,0.01,1326.41,11303.75,0.02,0.03,0
btc-updown-15m-1769222700,1769222700,870,0.97,0.98,0.975,0.01,1140.14,9093.62,0.02,0.03,67
btc-updown-15m-1769222700,1769222700,875,0.98,0.99,0.985,0.01,1066.99,5692.26,0.01,0.02,6
btc-updown-15m-1769222700,1769222700,880,0.95,0.97,0.96,0.02,828.77,6386.06,0.03,0.05,8
btc-updown-15m-1769222700,1769222700,885,0.96,0.97,0.965,0.01,720.01,6478.36,0.03,0.04,233
btc-updown-15m-1769222700,1769222700,890,0.98,0.99,0.985,0.01,1323.94,4572.09,0.01,0.02,386
btc-updown-15m-1769222700,1769222700,895,0.98,0.99,0.985,0.01,814.35,3866.26,0.01,0.02,53
btc-updown-15m-1769222700,1769222700,897,0.99,,,,7886.1,0,,0.01,54
btc-updown-15m-1769222700,1769222700,899,0.99,,,,8968.66,0,,0.01,61
btc-updown-15m-1769222700,1769222700,900,0.99,,,,9452.76,0,,0.01,43
btc-updown-15m-1769232600,1769232600,0,0.51,0.55,0.53,0.04,457.57,294.99,0.45,0.49,43
btc-updown-15m-1769232600,1769232600,15,0.36,0.37,0.365,0.01,796.87,571.03,0.63,0.64,5
btc-updown-15m-1769232600,1769232600,30,0.37,0.38,0.375,0.01,620.87,426.48,0.62,0.63,77
btc-updown-15m-1769232600,1769232600,45,0.36,0.37,0.365,0.01,1151.93,777.68,0.63,0.64,41
btc-updown-15m-1769232600,1769232600,60,0.36,0.37,0.365,0.01,786.73,707.36,0.63,0.64,33
btc-updown-15m-1769232600,1769232600,75,0.36,0.37,0.365,0.01,1386.61,366.49,0.63,0.64,2
btc-updown-15m-1769232600,1769232600,90,0.38,0.39,0.385,0.01,484.62,850.18,0.61,0.62,11
btc-updown-15m-1769232600,1769232600,105,0.38,0.39,0.385,0.01,875.75,853.8,0.61,0.62,87
btc-updown-15m-1769232600,1769232600,120,0.38,0.39,0.385,0.01,914.17,1174.19,0.61,0.62,14
btc-updown-15m-1769232600,1769232600,135,0.37,0.38,0.375,0.01,1299.04,639.79,0.62,0.63,15
btc-updown-15m-1769232600,1769232600,150,0.38,0.39,0.385,0.01,746.02,1223.61,0.61,0.62,56
btc-updown-15m-1769232600,1769232600,165,0.38,0.39,0.385,0.01,569.78,1204.7,0.61,0.62,29
btc-updown-15m-1769232600,1769232600,180,0.37,0.38,0.375,0.01,808.23,1021.95,0.62,0.63,60
btc-updown-15m-1769232600,1769232600,195,0.37,0.38,0.375,0.01,562.86,1054.07,0.62,0.63,4
btc-updown-15m-1769232600,1769232600,210,0.36,0.37,0.365,0.01,1227.24,1201.77,0.63,0.64,5
btc-updown-15m-1769232600,1769232600,225,0.36,0.37,0.365,0.01,551.61,1363.69,0.63,0.64,16
btc-updown-15m-1769232600,1769232600,240,0.35,0.36,0.355,0.01,820.61,1304.17,0.64,0.65,48
btc-updown-15m-1769232600,1769232600,255,0.35,0.36,0.355,0.01,780.64,1424.25,0.64,0.65,61
btc-updown-15m-1769232600,1769232600,270,0.35,0.36,0.355,0.01,773.16,1422.17,0.64,0.65,33
btc-updown-15m-1769232600,1769232600,285,0.42,0.43,0.425,0.01,963.17,697.46,0.57,0.58,6
btc-updown-15m-1769232600,1769232600,300,0.45,0.46,0.455,0.01,688.28,956.52,0.54,0.55,7
btc-updown-15m-1769232600,1769232600,315,0.44,0.45,0.445,0.01,708.89,932.51,0.55,0.56,3
btc-updown-15m-1769232600,1769232600,330,0.41,0.42,0.415,0.01,684.38,1190.45,0.58,0.59,126
btc-updown-15m-1769232600,1769232600,345,0.4,0.41,0.405,0.01,896.42,1158.27,0.59,0.6,4
btc-updown-15m-1769232600,1769232600,360,0.4,0.41,0.405,0.01,1099.66,1012.68,0.59,0.6,13
btc-updown-15m-1769232600,1769232600,375,0.39,0.4,0.395,0.01,533.19,618.69,0.6,0.61,4
btc-updown-15m-1769232600,1769232600,390,0.38,0.39,0.385,0.01,524.3,1250.63,0.61,0.62,133
btc-updown-15m-1769232600,1769232600,405,0.38,0.39,0.385,0.01,498.77,1233.55,0.61,0.62,6
btc-updown-15m-1769232600,1769232600,420,0.37,0.38,0.375,0.01,449.15,538.64,0.62,0.63,43
btc-updown-15m-1769232600,1769232600,435,0.37,0.38,0.375,0.01,388.3,936.09,0.62,0.63,2
btc-updown-15m-1769232600,1769232600,450,0.29,0.3,0.295,0.01,670.43,322.84,0.7,0.71,42
btc-updown-15m-1769232600,1769232600,465,0.32,0.33,0.325,0.01,810.66,805.9,0.67,0.68,14
btc-updown-15m-1769232600,1769232600,480,0.31,0.33,0.32,0.02,963.42,1054.69,0.67,0.69,1
btc-updown-15m-1769232600,1769232600,495,0.31,0.32,0.315,0.01,918.03,1026.59,0.68,0.69,64
btc-updown-15m-1769232600,1769232600,510,0.31,0.32,0.315,0.01,952.1,1089.33,0.68,0.69,8
btc-updown-15m-1769232600,1769232600,525,0.3,0.31,0.305,0.01,673.1,366.68,0.69,0.7,64
btc-updown-15m-1769232600,1769232600,540,0.36,0.37,0.365,0.01,726.86,838.17,0.63,0.64,7
btc-updown-15m-1769232600,1769232600,555,0.42,0.43,0.425,0.01,406.6,1376.17,0.57,0.58,23
btc-updown-15m-1769232600,1769232600,570,0.35,0.36,0.355,0.01,1194.29,293.71,0.64,0.65,35
btc-updown-15m-1769232600,1769232600,585,0.25,0.26,0.255,0.01,638.83,525.52,0.74,0.75,0
btc-updown-15m-1769232600,1769232600,600,0.13,0.14,0.135,0.01,855.51,455.97,0.86,0.87,5
btc-updown-15m-1769232600,1769232600,615,0.05,0.06,0.055,0.01,3045.59,631.55,0.94,0.95,10
btc-updown-15m-1769232600,1769232600,630,0.12,0.13,0.125,0.01,298,884.98,0.87,0.88,49
btc-updown-15m-1769232600,1769232600,645,0.1,0.11,0.105,0.01,288.51,1933.09,0.89,0.9,5
btc-updown-15m-1769232600,1769232600,660,0.07,0.08,0.075,0.01,1279.43,944.05,0.92,0.93,11
btc-updown-15m-1769232600,1769232600,675,0.12,0.13,0.125,0.01,286.58,1410.77,0.87,0.88,64
btc-updown-15m-1769232600,1769232600,690,0.08,0.09,0.085,0.01,951.87,1040.83,0.91,0.92,3
btc-updown-15m-1769232600,1769232600,705,0.1,0.11,0.105,0.01,106,1235.48,0.89,0.9,56
btc-updown-15m-1769232600,1769232600,720,0.04,0.05,0.045,0.01,3922.76,493.7,0.95,0.96,18
btc-updown-15m-1769232600,1769232600,735,0.04,0.05,0.045,0.01,3815.94,564.3,0.95,0.96,37
btc-updown-15m-1769232600,1769232600,750,0.02,0.03,0.025,0.01,11809.13,375.48,0.97,0.98,7
btc-updown-15m-1769232600,1769232600,765,0.02,0.03,0.025,0.01,11242.5,2193.4,0.97,0.98,111
btc-updown-15m-1769232600,1769232600,780,0.01,0.02,0.015,0.01,9763.68,1851.69,0.98,0.99,7
btc-updown-15m-1769232600,1769232600,795,0.02,0.03,0.025,0.01,9248.39,2282.03,0.97,0.98,59
btc-updown-15m-1769232600,1769232600,810,0.01,0.02,0.015,0.01,8567.5,2427.6,0.98,0.99,43
btc-updown-15m-1769232600,1769232600,825,0.01,0.019,0.0145,0.009,6995.33,2227,0.981,0.99,55
btc-updown-15m-1769232600,1769232600,840,0.01,0.018,0.014,0.008,464.92,4102.87,0.982,0.99,4
btc-updown-15m-1769232600,1769232600,845,0.005,0.01,0.0075,0.005,1086.66,3722.19,0.99,0.995,58
btc-updown-15m-1769232600,1769232600,850,0.002,0.01,0.006,0.008,1250.74,3806.79,0.99,0.998,117
btc-updown-15m-1769232600,1769232600,855,0.002,0.01,0.006,0.008,1236.37,3669.7,0.99,0.998,232
btc-updown-15m-1769232600,1769232600,860,0.002,0.01,0.006,0.008,1286.26,3589.71,0.99,0.998,12
btc-updown-15m-1769232600,1769232600,865,0.002,0.01,0.006,0.008,2286.26,3665.71,0.99,0.998,35
btc-updown-15m-1769232600,1769232600,870,0.002,0.009,0.0055,0.007,3286.26,2082.46,0.991,0.998,21
btc-updown-15m-1769232600,1769232600,875,0.001,0.002,0.0015,0.001,512.78,2254.27,0.998,0.999,22
btc-updown-15m-1769232600,1769232600,880,0.001,0.002,0.0015,0.001,510.77,5392.17,0.998,0.999,120
btc-updown-15m-1769232600,1769232600,885,0.001,0.007,0.004,0.006,508.76,6372.59,0.993,0.999,96
btc-updown-15m-1769232600,1769232600,890,,0.001,,,0,4783.83,0.999,,798
btc-updown-15m-1769232600,1769232600,895,,0.001,,,0,5040.73,0.999,,281
btc-updown-15m-1769232600,1769232600,897,,0.001,,,0,6201.73,0.999,,464
btc-updown-15m-1769232600,1769232600,899,,0.001,,,0,16120.74,0.999,,33
btc-updown-15m-1769232600,1769232600,900,,0.001,,,0,29695.75,0.999,,276
btc-updown-15m-1769243400,1769243400,0,0.52,0.53,0.525,0.01,928.81,2222.16,0.47,0.48,147
btc-updown-15m-1769243400,1769243400,15,0.51,0.52,0.515,0.01,1170.68,776.99,0.48,0.49,74
btc-updown-15m-1769243400,1769243400,30,0.51,0.52,0.515,0.01,1431.05,1294.2,0.48,0.49,20
btc-updown-15m-1769243400,1769243400,45,0.5,0.51,0.505,0.01,3806.89,2422.15,0.49,0.5,16
btc-updown-15m-1769243400,1769243400,60,0.5,0.51,0.505,0.01,4354.05,2552.24,0.49,0.5,38
btc-updown-15m-1769243400,1769243400,75,0.51,0.52,0.515,0.01,1339.66,3433.24,0.48,0.49,0
btc-updown-15m-1769243400,1769243400,90,0.52,0.53,0.525,0.01,2631.27,3133.55,0.47,0.48,2
btc-updown-15m-1769243400,1769243400,105,0.51,0.52,0.515,0.01,2113.11,3585.97,0.48,0.49,2
btc-updown-15m-1769243400,1769243400,120,0.5,0.51,0.505,0.01,3405.12,1996.43,0.49,0.5,66
btc-updown-15m-1769243400,1769243400,135,0.51,0.52,0.515,0.01,3236.89,2806.7,0.48,0.49,2
btc-updown-15m-1769243400,1769243400,150,0.51,0.52,0.515,0.01,2832.81,2675.9,0.48,0.49,9
btc-updown-15m-1769243400,1769243400,165,0.51,0.52,0.515,0.01,3058.55,1949.14,0.48,0.49,30
btc-updown-15m-1769243400,1769243400,180,0.5,0.51,0.505,0.01,1303.34,543.57,0.49,0.5,66
btc-updown-15m-1769243400,1769243400,195,0.51,0.52,0.515,0.01,2267.6,3632.06,0.48,0.49,23
btc-updown-15m-1769243400,1769243400,210,0.51,0.52,0.515,0.01,2515.43,3298.93,0.48,0.49,6
btc-updown-15m-1769243400,1769243400,225,0.51,0.52,0.515,0.01,3361.87,2230.96,0.48,0.49,0
btc-updown-15m-1769243400,1769243400,240,0.56,0.57,0.565,0.01,1297.19,755.2,0.43,0.44,181
btc-updown-15m-1769243400,1769243400,255,0.55,0.56,0.555,0.01,171.69,3316.78,0.44,0.45,0
btc-updown-15m-1769243400,1769243400,270,0.52,0.53,0.525,0.01,1600.59,1794.49,0.47,0.48,1
btc-updown-15m-1769243400,1769243400,285,0.51,0.52,0.515,0.01,1366.32,2404,0.48,0.49,8
btc-updown-15m-1769243400,1769243400,300,0.5,0.51,0.505,0.01,3266.83,2479.5,0.49,0.5,135
btc-updown-15m-1769243400,1769243400,315,0.51,0.52,0.515,0.01,2925.39,672.22,0.48,0.49,39
btc-updown-15m-1769243400,1769243400,330,0.51,0.52,0.515,0.01,4566.79,2841.26,0.48,0.49,18
btc-updown-15m-1769243400,1769243400,345,0.51,0.52,0.515,0.01,4779.39,2771.83,0.48,0.49,104
btc-updown-15m-1769243400,1769243400,360,0.51,0.52,0.515,0.01,4945.13,3510.52,0.48,0.49,1
btc-updown-15m-1769243400,1769243400,375,0.5,0.51,0.505,0.01,6609.17,2277.81,0.49,0.5,63
btc-updown-15m-1769243400,1769243400,390,0.5,0.51,0.505,0.01,6418.57,1131.6,0.49,0.5,16
btc-updown-15m-1769243400,1769243400,405,0.5,0.51,0.505,0.01,6589.57,1105.19,0.49,0.5,10
btc-updown-15m-1769243400,1769243400,420,0.52,0.53,0.525,0.01,6303.79,786.53,0.47,0.48,3
btc-updown-15m-1769243400,1769243400,435,0.53,0.54,0.535,0.01,2175.93,2466.75,0.46,0.47,1
btc-updown-15m-1769243400,1769243400,450,0.52,0.53,0.525,0.01,4195.19,2500.08,0.47,0.48,6
btc-updown-15m-1769243400,1769243400,465,0.52,0.53,0.525,0.01,3668.69,2542.01,0.47,0.48,1
btc-updown-15m-1769243400,1769243400,480,0.61,0.62,0.615,0.01,557.99,230.27,0.38,0.39,0
btc-updown-15m-1769243400,1769243400,495,0.78,0.79,0.785,0.01,629.19,2483.09,0.21,0.22,4
btc-updown-15m-1769243400,1769243400,510,0.77,0.78,0.775,0.01,2253.9,2409.12,0.22,0.23,12
btc-updown-15m-1769243400,1769243400,525,0.79,0.8,0.795,0.01,2294.47,2014.93,0.2,0.21,1
btc-updown-15m-1769243400,1769243400,540,0.79,0.8,0.795,0.01,2157.75,2032.65,0.2,0.21,0
btc-updown-15m-1769243400,1769243400,555,0.79,0.8,0.795,0.01,2640.66,1251.1,0.2,0.21,1
btc-updown-15m-1769243400,1769243400,570,0.79,0.8,0.795,0.01,628.44,2788.53,0.2,0.21,0
btc-updown-15m-1769243400,1769243400,585,0.8,0.81,0.805,0.01,3255.13,2236.88,0.19,0.2,64
btc-updown-15m-1769243400,1769243400,600,0.82,0.83,0.825,0.01,2564.66,2848.97,0.17,0.18,71
btc-updown-15m-1769243400,1769243400,615,0.76,0.77,0.765,0.01,640.19,327.66,0.23,0.24,73
btc-updown-15m-1769243400,1769243400,630,0.82,0.83,0.825,0.01,329.51,358.29,0.17,0.18,2
btc-updown-15m-1769243400,1769243400,645,0.82,0.84,0.83,0.02,736.7,1681.69,0.16,0.18,14
btc-updown-15m-1769243400,1769243400,660,0.81,0.82,0.815,0.01,1003.87,142.31,0.18,0.19,30
btc-updown-15m-1769243400,1769243400,675,0.85,0.86,0.855,0.01,289.76,1733.25,0.14,0.15,21
btc-updown-15m-1769243400,1769243400,690,0.89,0.9,0.895,0.01,477.67,1402.61,0.1,0.11,30
btc-updown-15m-1769243400,1769243400,705,0.93,0.94,0.935,0.01,938.51,1313.5,0.06,0.07,51
btc-updown-15m-1769243400,1769243400,720,0.96,0.97,0.965,0.01,1229.76,11893.86,0.03,0.04,0
btc-updown-15m-1769243400,1769243400,735,0.97,0.98,0.975,0.01,1369.24,10237.16,0.02,0.03,22
btc-updown-15m-1769243400,1769243400,750,0.97,0.98,0.975,0.01,2341.03,9030.14,0.02,0.03,64
btc-updown-15m-1769243400,1769243400,765,0.98,0.99,0.985,0.01,2073.35,8381.51,0.01,0.02,139
btc-updown-15m-1769243400,1769243400,780,0.98,0.99,0.985,0.01,2890.73,7998.92,0.01,0.02,30
btc-updown-15m-1769243400,1769243400,795,0.98,0.99,0.985,0.01,2391.18,8185.21,0.01,0.02,42
btc-updown-15m-1769243400,1769243400,810,0.981,0.99,0.9855,0.009,3864.78,6318.47,0.01,0.019,45
btc-updown-15m-1769243400,1769243400,825,0.981,0.99,0.9855,0.009,4091.17,3962.58,0.01,0.019,45
btc-updown-15m-1769243400,1769243400,840,0.99,0.997,0.9935,0.007,3326.81,1296,0.003,0.01,167
btc-updown-15m-1769243400,1769243400,845,0.99,0.997,0.9935,0.007,3276.7,1219.94,0.003,0.01,39
btc-updown-15m-1769243400,1769243400,850,0.991,0.996,0.9935,0.005,3033.96,1109.93,0.004,0.009,351
btc-updown-15m-1769243400,1769243400,855,0.991,0.996,0.9935,0.005,2783.29,1109.93,0.004,0.009,238
btc-updown-15m-1769243400,1769243400,860,0.991,0.997,0.994,0.006,4883.77,1205.64,0.003,0.009,546
btc-updown-15m-1769243400,1769243400,865,0.991,0.997,0.994,0.006,4757.65,443.97,0.003,0.009,0
btc-updown-15m-1769243400,1769243400,870,0.992,0.998,0.995,0.006,2937.35,293.83,0.002,0.008,46
btc-updown-15m-1769243400,1769243400,875,0.999,,,,1492.14,0,,0.001,34
btc-updown-15m-1769243400,1769243400,880,0.999,,,,1386.25,0,,0.001,606
btc-updown-15m-1769243400,1769243400,885,0.999,,,,1575.98,0,,0.001,719
btc-updown-15m-1769243400,1769243400,890,0.999,,,,3530.05,0,,0.001,47
btc-updown-15m-1769243400,1769243400,895,0.999,,,,5454.1,0,,0.001,962
btc-updown-15m-1769243400,1769243400,897,0.999,,,,12674.67,0,,0.001,33
btc-updown-15m-1769243400,1769243400,899,0.999,,,,23922.09,0,,0.001,3
btc-updown-15m-1769243400,1769243400,900,0.999,,,,32422.09,0,,0.001,105
btc-updown-15m-1769253300,1769253300,0,0.51,0.52,0.515,0.01,534.17,654.18,0.48,0.49,19
btc-updown-15m-1769253300,1769253300,15,0.55,0.56,0.555,0.01,497.45,606.51,0.44,0.45,2
btc-updown-15m-1769253300,1769253300,30,0.56,0.57,0.565,0.01,2322.32,756.16,0.43,0.44,0
btc-updown-15m-1769253300,1769253300,45,0.57,0.58,0.575,0.01,1131.09,596.33,0.42,0.43,25
btc-updown-15m-1769253300,1769253300,60,0.57,0.58,0.575,0.01,1655.5,2872.09,0.42,0.43,68
btc-updown-15m-1769253300,1769253300,75,0.57,0.58,0.575,0.01,1076.8,3111.88,0.42,0.43,0
btc-updown-15m-1769253300,1769253300,90,0.57,0.58,0.575,0.01,2205.78,2511.94,0.42,0.43,11
btc-updown-15m-1769253300,1769253300,105,0.57,0.58,0.575,0.01,2153.9,3191.89,0.42,0.43,8
btc-updown-15m-1769253300,1769253300,120,0.57,0.58,0.575,0.01,1478.15,3244.24,0.42,0.43,4
btc-updown-15m-1769253300,1769253300,135,0.56,0.57,0.565,0.01,2125.69,2272.08,0.43,0.44,36
btc-updown-15m-1769253300,1769253300,150,0.56,0.57,0.565,0.01,2150.17,2750.92,0.43,0.44,14
btc-updown-15m-1769253300,1769253300,165,0.56,0.57,0.565,0.01,1512.44,2849.86,0.43,0.44,17
btc-updown-15m-1769253300,1769253300,180,0.55,0.56,0.555,0.01,3189.13,564.19,0.44,0.45,0
btc-updown-15m-1769253300,1769253300,195,0.56,0.57,0.565,0.01,3084.56,1415.47,0.43,0.44,38
btc-updown-15m-1769253300,1769253300,210,0.83,0.84,0.835,0.01,345.33,1242.89,0.16,0.17,1
btc-updown-15m-1769253300,1769253300,225,0.8,0.81,0.805,0.01,2824.41,910.18,0.19,0.2,52
btc-updown-15m-1769253300,1769253300,240,0.73,0.74,0.735,0.01,294.52,601.09,0.26,0.27,101
btc-updown-15m-1769253300,1769253300,255,0.61,0.62,0.615,0.01,2580.81,1448.99,0.38,0.39,4
btc-updown-15m-1769253300,1769253300,270,0.63,0.64,0.635,0.01,2891.07,686.23,0.36,0.37,5
btc-updown-15m-1769253300,1769253300,285,0.64,0.65,0.645,0.01,2052.61,2829.34,0.35,0.36,19
btc-updown-15m-1769253300,1769253300,300,0.66,0.67,0.665,0.01,1204.6,427.6,0.33,0.34,6
btc-updown-15m-1769253300,1769253300,315,0.85,0.86,0.855,0.01,2929.76,2758.64,0.14,0.15,1
btc-updown-15m-1769253300,1769253300,330,0.85,0.86,0.855,0.01,601.17,3550.04,0.14,0.15,2
btc-updown-15m-1769253300,1769253300,345,0.84,0.85,0.845,0.01,2845.42,2380.1,0.15,0.16,30
btc-updown-15m-1769253300,1769253300,360,0.83,0.84,0.835,0.01,2291.03,2902.88,0.16,0.17,53
btc-updown-15m-1769253300,1769253300,375,0.85,0.86,0.855,0.01,1806.63,806.29,0.14,0.15,46
btc-updown-15m-1769253300,1769253300,390,0.84,0.85,0.845,0.01,239.79,2046.44,0.15,0.16,2
btc-updown-15m-1769253300,1769253300,405,0.81,0.82,0.815,0.01,2273.05,2560.37,0.18,0.19,46
btc-updown-15m-1769253300,1769253300,420,0.81,0.82,0.815,0.01,2201.91,2215.73,0.18,0.19,14
btc-updown-15m-1769253300,1769253300,435,0.83,0.84,0.835,0.01,2800.91,890.52,0.16,0.17,0
btc-updown-15m-1769253300,1769253300,450,0.84,0.85,0.845,0.01,2881.71,834.77,0.15,0.16,15
btc-updown-15m-1769253300,1769253300,465,0.84,0.85,0.845,0.01,641.76,740.5,0.15,0.16,0
btc-updown-15m-1769253300,1769253300,480,0.84,0.85,0.845,0.01,2965.32,1533.81,0.15,0.16,1
btc-updown-15m-1769253300,1769253300,495,0.85,0.86,0.855,0.01,2910.42,1486.61,0.14,0.15,30
btc-updown-15m-1769253300,1769253300,510,0.86,0.87,0.865,0.01,2930.28,2080.69,0.13,0.14,0
btc-updown-15m-1769253300,1769253300,525,0.87,0.88,0.875,0.01,1839.52,1452.3,0.12,0.13,14
btc-updown-15m-1769253300,1769253300,540,0.87,0.88,0.875,0.01,1852.11,1897.55,0.12,0.13,4
btc-updown-15m-1769253300,1769253300,555,0.9,0.91,0.905,0.01,634.31,1256.35,0.09,0.1,62
btc-updown-15m-1769253300,1769253300,570,0.91,0.92,0.915,0.01,614.14,2934.33,0.08,0.09,4
btc-updown-15m-1769253300,1769253300,585,0.92,0.93,0.925,0.01,1492.99,3719.72,0.07,0.08,9
btc-updown-15m-1769253300,1769253300,600,0.92,0.93,0.925,0.01,1567.46,4498.77,0.07,0.08,33
btc-updown-15m-1769253300,1769253300,615,0.92,0.93,0.925,0.01,698.41,3642.51,0.07,0.08,7
btc-updown-15m-1769253300,1769253300,630,0.93,0.94,0.935,0.01,992.91,3236.43,0.06,0.07,15
btc-updown-15m-1769253300,1769253300,645,0.92,0.93,0.925,0.01,640.71,1666.64,0.07,0.08,9
btc-updown-15m-1769253300,1769253300,660,0.94,0.95,0.945,0.01,536.82,3660.92,0.05,0.06,13
btc-updown-15m-1769253300,1769253300,675,0.94,0.95,0.945,0.01,744.31,2409.2,0.05,0.06,34
btc-updown-15m-1769253300,1769253300,690,0.97,0.98,0.975,0.01,1773.88,10094.56,0.02,0.03,1
btc-updown-15m-1769253300,1769253300,705,0.97,0.98,0.975,0.01,2584.51,9063.03,0.02,0.03,7
btc-updown-15m-1769253300,1769253300,720,0.98,0.99,0.985,0.01,5349.09,7348.99,0.01,0.02,49
btc-updown-15m-1769253300,1769253300,735,0.98,0.99,0.985,0.01,7039.47,7604.99,0.01,0.02,16
btc-updown-15m-1769253300,1769253300,750,0.98,0.99,0.985,0.01,6047.03,1742.17,0.01,0.02,49
btc-updown-15m-1769253300,1769253300,765,0.99,,,,6176.07,0,,0.01,153
btc-updown-15m-1769253300,1769253300,780,0.99,,,,5441.8,0,,0.01,104
btc-updown-15m-1769253300,1769253300,795,0.99,,,,8761.81,0,,0.01,21
btc-updown-15m-1769253300,1769253300,810,0.99,,,,12899.61,0,,0.01,272
btc-updown-15m-1769253300,1769253300,825,0.99,,,,12704.03,0,,0.01,261
btc-updown-15m-1769253300,1769253300,840,0.99,,,,11748.49,0,,0.01,186
btc-updown-15m-1769253300,1769253300,845,0.99,,,,11028.61,0,,0.01,19
btc-updown-15m-1769253300,1769253300,850,0.99,,,,9827.61,0,,0.01,115
btc-updown-15m-1769253300,1769253300,855,0.98,0.99,0.985,0.01,2188.44,564.36,0.01,0.02,9
btc-updown-15m-1769253300,1769253300,860,0.98,0.99,0.985,0.01,1898.09,370.09,0.01,0.02,119
btc-updown-15m-1769253300,1769253300,865,0.99,0.998,0.994,0.008,95.97,200,0.002,0.01,469
btc-updown-15m-1769253300,1769253300,870,0.99,0.998,0.994,0.008,110.34,138.53,0.002,0.01,94
btc-updown-15m-1769253300,1769253300,875,0.99,0.998,0.994,0.008,243.44,111.4,0.002,0.01,81
btc-updown-15m-1769253300,1769253300,880,0.99,0.998,0.994,0.008,272.03,1091.38,0.002,0.01,118
btc-updown-15m-1769253300,1769253300,885,0.991,0.999,0.995,0.008,1220.92,70.39,0.001,0.009,15
btc-updown-15m-1769253300,1769253300,890,0.999,,,,2656.55,0,,0.001,28
btc-updown-15m-1769253300,1769253300,895,0.999,,,,4836.6,0,,0.001,310
btc-updown-15m-1769253300,1769253300,897,0.999,,,,4891.5,0,,0.001,196
btc-updown-15m-1769253300,1769253300,899,0.999,,,,15853.57,0,,0.001,618
btc-updown-15m-1769253300,1769253300,900,0.999,,,,15769.27,0,,0.001,36
btc-updown-15m-1769264100,1769264100,0,0.51,0.53,0.52,0.02,1434.55,1070.51,0.47,0.49,328
btc-updown-15m-1769264100,1769264100,15,0.44,0.45,0.445,0.01,1940.73,2019.11,0.55,0.56,49
btc-updown-15m-1769264100,1769264100,30,0.4,0.41,0.405,0.01,1952.85,1587.83,0.59,0.6,2
btc-updown-15m-1769264100,1769264100,45,0.42,0.43,0.425,0.01,780.39,3007.13,0.57,0.58,5
btc-updown-15m-1769264100,1769264100,60,0.42,0.43,0.425,0.01,2139.37,3440.1,0.57,0.58,98
btc-updown-15m-1769264100,1769264100,75,0.43,0.44,0.435,0.01,458.06,1579.91,0.56,0.57,9
btc-updown-15m-1769264100,1769264100,90,0.45,0.46,0.455,0.01,7035.9,2523.19,0.54,0.55,1
btc-updown-15m-1769264100,1769264100,105,0.46,0.47,0.465,0.01,7029.13,3299.07,0.53,0.54,15
btc-updown-15m-1769264100,1769264100,120,0.53,0.54,0.535,0.01,2613.35,3248.25,0.46,0.47,7
btc-updown-15m-1769264100,1769264100,135,0.48,0.49,0.485,0.01,3409.06,2159.14,0.51,0.52,25
btc-updown-15m-1769264100,1769264100,150,0.47,0.48,0.475,0.01,3072.09,2643.85,0.52,0.53,63
btc-updown-15m-1769264100,1769264100,165,0.49,0.5,0.495,0.01,2488.06,1718.27,0.5,0.51,0
btc-updown-15m-1769264100,1769264100,180,0.48,0.49,0.485,0.01,3509.65,1913.27,0.51,0.52,109
btc-updown-15m-1769264100,1769264100,195,0.45,0.46,0.455,0.01,2194.82,1757.47,0.54,0.55,23
btc-updown-15m-1769264100,1769264100,210,0.46,0.47,0.465,0.01,2408.57,3467.9,0.53,0.54,13
btc-updown-15m-1769264100,1769264100,225,0.47,0.48,0.475,0.01,1573.59,4000.25,0.52,0.53,37
btc-updown-15m-1769264100,1769264100,240,0.46,0.47,0.465,0.01,1279.46,3731.92,0.53,0.54,6
btc-updown-15m-1769264100,1769264100,255,0.43,0.44,0.435,0.01,1218.71,2925.4,0.56,0.57,208
btc-updown-15m-1769264100,1769264100,270,0.42,0.43,0.425,0.01,3185.38,2170.8,0.57,0.58,14
btc-updown-15m-1769264100,1769264100,285,0.43,0.44,0.435,0.01,3331.91,838.59,0.56,0.57,15
btc-updown-15m-1769264100,1769264100,300,0.44,0.45,0.445,0.01,8025.66,2311.41,0.55,0.56,166
btc-updown-15m-1769264100,1769264100,315,0.44,0.45,0.445,0.01,6801.4,3154.12,0.55,0.56,93
btc-updown-15m-1769264100,1769264100,330,0.44,0.45,0.445,0.01,7694.53,3087.31,0.55,0.56,3
btc-updown-15m-1769264100,1769264100,345,0.45,0.46,0.455,0.01,3776.06,3564.02,0.54,0.55,29
btc-updown-15m-1769264100,1769264100,360,0.45,0.46,0.455,0.01,2287.53,3474.39,0.54,0.55,4
btc-updown-15m-1769264100,1769264100,375,0.44,0.45,0.445,0.01,1284.18,488.37,0.55,0.56,6
btc-updown-15m-1769264100,1769264100,390,0.45,0.46,0.455,0.01,2043.1,3158.25,0.54,0.55,12
btc-updown-15m-1769264100,1769264100,405,0.5,0.51,0.505,0.01,2740.77,1498.52,0.49,0.5,87
btc-updown-15m-1769264100,1769264100,420,0.52,0.53,0.525,0.01,515.61,154.44,0.47,0.48,6
btc-updown-15m-1769264100,1769264100,435,0.53,0.54,0.535,0.01,2940.84,1404.72,0.46,0.47,3
btc-updown-15m-1769264100,1769264100,450,0.56,0.57,0.565,0.01,2745.01,1961.56,0.43,0.44,2
btc-updown-15m-1769264100,1769264100,465,0.54,0.55,0.545,0.01,2144.27,2862.32,0.45,0.46,2
btc-updown-15m-1769264100,1769264100,480,0.53,0.54,0.535,0.01,603.01,2038.72,0.46,0.47,166
btc-updown-15m-1769264100,1769264100,495,0.52,0.53,0.525,0.01,708.81,2657.18,0.47,0.48,35
btc-updown-15m-1769264100,1769264100,510,0.51,0.52,0.515,0.01,1405.19,2119.18,0.48,0.49,151
btc-updown-15m-1769264100,1769264100,525,0.51,0.52,0.515,0.01,893.61,3048.28,0.48,0.49,40
btc-updown-15m-1769264100,1769264100,540,0.48,0.49,0.485,0.01,905.2,2956.01,0.51,0.52,1
btc-updown-15m-1769264100,1769264100,555,0.44,0.45,0.445,0.01,259,2548,0.55,0.56,5
btc-updown-15m-1769264100,1769264100,570,0.36,0.37,0.365,0.01,2166.28,379.39,0.63,0.64,2
btc-updown-15m-1769264100,1769264100,585,0.33,0.34,0.335,0.01,2616.03,2344.15,0.66,0.67,35
btc-updown-15m-1769264100,1769264100,600,0.27,0.28,0.275,0.01,977.31,1878.63,0.72,0.73,8
btc-updown-15m-1769264100,1769264100,615,0.31,0.32,0.315,0.01,1537.88,882.1,0.68,0.69,5
btc-updown-15m-1769264100,1769264100,630,0.3,0.31,0.305,0.01,770.24,142.39,0.69,0.7,5
btc-updown-15m-1769264100,1769264100,645,0.35,0.37,0.36,0.02,1925.7,567.19,0.63,0.65,24
btc-updown-15m-1769264100,1769264100,660,0.34,0.35,0.345,0.01,673.86,332.13,0.65,0.66,52
btc-updown-15m-1769264100,1769264100,675,0.51,0.52,0.515,0.01,143.05,3391.2,0.48,0.49,2
btc-updown-15m-1769264100,1769264100,690,0.51,0.52,0.515,0.01,1155.59,1287.19,0.48,0.49,7
btc-updown-15m-1769264100,1769264100,705,0.52,0.53,0.525,0.01,523.61,2195.91,0.47,0.48,17
btc-updown-15m-1769264100,1769264100,720,0.53,0.54,0.535,0.01,593.5,2267.28,0.46,0.47,5
btc-updown-15m-1769264100,1769264100,735,0.55,0.56,0.555,0.01,490.35,2135.08,0.44,0.45,4
btc-updown-15m-1769264100,1769264100,750,0.56,0.57,0.565,0.01,397.27,2843.6,0.43,0.44,74
btc-updown-15m-1769264100,1769264100,765,0.57,0.58,0.575,0.01,372.9,2179.28,0.42,0.43,22
btc-updown-15m-1769264100,1769264100,780,0.59,0.6,0.595,0.01,443.5,2272.11,0.4,0.41,0
btc-updown-15m-1769264100,1769264100,795,0.64,0.65,0.645,0.01,136.15,2905.28,0.35,0.36,101
btc-updown-15m-1769264100,1769264100,810,0.63,0.64,0.635,0.01,329.66,564.85,0.36,0.37,32
btc-updown-15m-1769264100,1769264100,825,0.64,0.65,0.645,0.01,99.98,2017.88,0.35,0.36,0
btc-updown-15m-1769264100,1769264100,840,0.66,0.67,0.665,0.01,100.18,1898.67,0.33,0.34,24
btc-updown-15m-1769264100,1769264100,845,0.67,0.69,0.68,0.02,173.58,1822.41,0.31,0.33,9
btc-updown-15m-1769264100,1769264100,850,0.65,0.67,0.66,0.02,240.18,2053.9,0.33,0.35,2
btc-updown-15m-1769264100,1769264100,855,0.62,0.64,0.63,0.02,389.65,1150.2,0.36,0.38,2
btc-updown-15m-1769264100,1769264100,860,0.65,0.66,0.655,0.01,498.09,1014.3,0.34,0.35,8
btc-updown-15m-1769264100,1769264100,865,0.67,0.71,0.69,0.04,42,1130.64,0.29,0.33,9
btc-updown-15m-1769264100,1769264100,870,0.66,0.71,0.685,0.05,87.14,170.85,0.29,0.34,2
btc-updown-15m-1769264100,1769264100,875,0.77,0.84,0.805,0.07,522.78,100.27,0.16,0.23,3
btc-updown-15m-1769264100,1769264100,880,0.96,0.97,0.965,0.01,135.86,7033.27,0.03,0.04,0
btc-updown-15m-1769264100,1769264100,885,0.95,0.98,0.965,0.03,22.59,5793.68,0.02,0.05,1
btc-updown-15m-1769264100,1769264100,890,0.97,0.98,0.975,0.01,14.93,6891.99,0.02,0.03,53
btc-updown-15m-1769264100,1769264100,895,0.85,0.98,0.915,0.13,230,763.43,0.02,0.15,6
btc-updown-15m-1769264100,1769264100,897,0.97,0.98,0.975,0.01,217.6,68.01,0.02,0.03,43
btc-updown-15m-1769264100,1769264100,899,0.99,,,,3716.29,0,,0.01,36
btc-updown-15m-1769264100,1769264100,900,0.98,,,,1463.6,0,,0.02,11
btc-updown-15m-1769274000,1769274000,0,0.52,0.53,0.525,0.01,3602.43,677.13,0.47,0.48,49
btc-updown-15m-1769274000,1769274000,15,0.52,0.53,0.525,0.01,5128.7,1575.32,0.47,0.48,3
btc-updown-15m-1769274000,1769274000,30,0.51,0.52,0.515,0.01,5327.71,1178.64,0.48,0.49,1
btc-updown-15m-1769274000,1769274000,45,0.37,0.38,0.375,0.01,2870.68,260.19,0.62,0.63,1
btc-updown-15m-1769274000,1769274000,60,0.53,0.54,0.535,0.01,1345.52,594.08,0.46,0.47,88
btc-updown-15m-1769274000,1769274000,75,0.53,0.54,0.535,0.01,3134.58,2749.44,0.46,0.47,7
btc-updown-15m-1769274000,1769274000,90,0.55,0.56,0.555,0.01,2664.63,3322.7,0.44,0.45,11
btc-updown-15m-1769274000,1769274000,105,0.55,0.56,0.555,0.01,4088.36,100.33,0.44,0.45,0
btc-updown-15m-1769274000,1769274000,120,0.72,0.73,0.725,0.01,1322.55,2316.89,0.27,0.28,2
btc-updown-15m-1769274000,1769274000,135,0.63,0.64,0.635,0.01,2697.7,2695.19,0.36,0.37,5
btc-updown-15m-1769274000,1769274000,150,0.69,0.7,0.695,0.01,450.9,3514.43,0.3,0.31,29
btc-updown-15m-1769274000,1769274000,165,0.67,0.68,0.675,0.01,2436.12,2678.26,0.32,0.33,6
btc-updown-15m-1769274000,1769274000,180,0.71,0.72,0.715,0.01,827.25,2612.91,0.28,0.29,33
btc-updown-15m-1769274000,1769274000,195,0.69,0.7,0.695,0.01,853.49,2916.29,0.3,0.31,1
btc-updown-15m-1769274000,1769274000,210,0.67,0.68,0.675,0.01,3040.15,1945.12,0.32,0.33,52
btc-updown-15m-1769274000,1769274000,225,0.69,0.7,0.695,0.01,2115.69,2971.52,0.3,0.31,18
btc-updown-15m-1769274000,1769274000,240,0.69,0.7,0.695,0.01,2391.6,2996.95,0.3,0.31,1
btc-updown-15m-1769274000,1769274000,255,0.74,0.75,0.745,0.01,3117.32,640.55,0.25,0.26,6
btc-updown-15m-1769274000,1769274000,270,0.78,0.79,0.785,0.01,966.14,1527.5,0.21,0.22,12
btc-updown-15m-1769274000,1769274000,285,0.7,0.71,0.705,0.01,2593.16,1404.52,0.29,0.3,17
btc-updown-15m-1769274000,1769274000,300,0.56,0.57,0.565,0.01,1987.04,1658.59,0.43,0.44,11
btc-updown-15m-1769274000,1769274000,315,0.65,0.66,0.655,0.01,3882.43,329.1,0.34,0.35,0
btc-updown-15m-1769274000,1769274000,330,0.68,0.69,0.685,0.01,1505.38,2426.23,0.31,0.32,32
btc-updown-15m-1769274000,1769274000,345,0.68,0.69,0.685,0.01,1793.07,2065.98,0.31,0.32,102
btc-updown-15m-1769274000,1769274000,360,0.69,0.7,0.695,0.01,1779.41,3018.02,0.3,0.31,36
btc-updown-15m-1769274000,1769274000,375,0.66,0.67,0.665,0.01,1216.53,3638.31,0.33,0.34,25
btc-updown-15m-1769274000,1769274000,390,0.67,0.68,0.675,0.01,1597.6,3364.13,0.32,0.33,134
btc-updown-15m-1769274000,1769274000,405,0.67,0.69,0.68,0.02,1097.46,2561.6,0.31,0.33,0
btc-updown-15m-1769274000,1769274000,420,0.67,0.68,0.675,0.01,4921.19,701.84,0.32,0.33,0
btc-updown-15m-1769274000,1769274000,435,0.66,0.67,0.665,0.01,3189.63,345.87,0.33,0.34,0
btc-updown-15m-1769274000,1769274000,450,0.7,0.71,0.705,0.01,1468.99,566,0.29,0.3,5
btc-updown-15m-1769274000,1769274000,465,0.71,0.72,0.715,0.01,3284.47,2278.83,0.28,0.29,41
btc-updown-15m-1769274000,1769274000,480,0.72,0.73,0.725,0.01,3037.93,2674.28,0.27,0.28,19
btc-updown-15m-1769274000,1769274000,495,0.74,0.75,0.745,0.01,478.38,3090.33,0.25,0.26,19
btc-updown-15m-1769274000,1769274000,510,0.72,0.73,0.725,0.01,3232.9,2397,0.27,0.28,0
btc-updown-15m-1769274000,1769274000,525,0.72,0.73,0.725,0.01,2808.94,3145.1,0.27,0.28,254
btc-updown-15m-1769274000,1769274000,540,0.73,0.74,0.735,0.01,2717.74,2352.64,0.26,0.27,2
btc-updown-15m-1769274000,1769274000,555,0.73,0.74,0.735,0.01,3494.49,2331.21,0.26,0.27,12
btc-updown-15m-1769274000,1769274000,570,0.63,0.64,0.635,0.01,2769.19,2078.18,0.36,0.37,1
btc-updown-15m-1769274000,1769274000,585,0.57,0.58,0.575,0.01,298.39,347.3,0.42,0.43,7
btc-updown-15m-1769274000,1769274000,600,0.51,0.52,0.515,0.01,2913.98,842.47,0.48,0.49,13
btc-updown-15m-1769274000,1769274000,615,0.52,0.53,0.525,0.01,1771.24,703.23,0.47,0.48,33
btc-updown-15m-1769274000,1769274000,630,0.65,0.66,0.655,0.01,680.19,1947.02,0.34,0.35,15
btc-updown-15m-1769274000,1769274000,645,0.86,0.87,0.865,0.01,1147.75,894.18,0.13,0.14,1
btc-updown-15m-1769274000,1769274000,660,0.87,0.88,0.875,0.01,1517.74,1381.93,0.12,0.13,15
btc-updown-15m-1769274000,1769274000,675,0.94,0.95,0.945,0.01,962.47,4066.28,0.05,0.06,21
btc-updown-15m-1769274000,1769274000,690,0.95,0.96,0.955,0.01,1093.4,4653.53,0.04,0.05,7
btc-updown-15m-1769274000,1769274000,705,0.97,0.98,0.975,0.01,565.02,9857.11,0.02,0.03,33
btc-updown-15m-1769274000,1769274000,720,0.96,0.97,0.965,0.01,1254.99,12065.16,0.03,0.04,19
btc-updown-15m-1769274000,1769274000,735,0.96,0.97,0.965,0.01,1095.15,8020.66,0.03,0.04,80
btc-updown-15m-1769274000,1769274000,750,0.97,0.98,0.975,0.01,1229.36,8252.26,0.02,0.03,8
btc-updown-15m-1769274000,1769274000,765,0.97,0.98,0.975,0.01,2237.25,6864.12,0.02,0.03,86
btc-updown-15m-1769274000,1769274000,780,0.97,0.98,0.975,0.01,1525.58,6498.11,0.02,0.03,24
btc-updown-15m-1769274000,1769274000,795,0.99,,,,6099.36,0,,0.01,63
btc-updown-15m-1769274000,1769274000,810,0.992,0.998,0.995,0.006,7305.59,395.29,0.002,0.008,40
btc-updown-15m-1769274000,1769274000,825,0.992,0.998,0.995,0.006,5089.11,1647.03,0.002,0.008,45
btc-updown-15m-1769274000,1769274000,840,0.992,0.999,0.9955,0.007,8272.32,147.03,0.001,0.008,2
btc-updown-15m-1769274000,1769274000,845,0.992,0.999,0.9955,0.007,9560.97,66.95,0.001,0.008,142
btc-updown-15m-1769274000,1769274000,850,0.998,0.999,0.9985,0.001,3622.19,66.95,0.001,0.002,3
btc-updown-15m-1769274000,1769274000,855,0.993,0.999,0.996,0.006,3489.59,56.63,0.001,0.007,40
btc-updown-15m-1769274000,1769274000,860,0.994,0.999,0.9965,0.005,5689.41,8.51,0.001,0.006,82
btc-updown-15m-1769274000,1769274000,865,0.994,0.999,0.9965,0.005,3206.03,7.5,0.001,0.006,158
btc-updown-15m-1769274000,1769274000,870,0.995,0.999,0.997,0.004,3306.25,7.5,0.001,0.005,390
btc-updown-15m-1769274000,1769274000,875,0.999,,,,428.48,0,,0.001,160
btc-updown-15m-1769274000,1769274000,880,0.999,,,,791.72,0,,0.001,186
btc-updown-15m-1769274000,1769274000,885,0.999,,,,873,0,,0.001,1854
btc-updown-15m-1769274000,1769274000,890,0.999,,,,545.52,0,,0.001,114
btc-updown-15m-1769274000,1769274000,895,0.999,,,,21231.6,0,,0.001,183
btc-updown-15m-1769274000,1769274000,897,0.999,,,,21291.6,0,,0.001,29
btc-updown-15m-1769274000,1769274000,899,0.999,,,,30159.51,0,,0.001,115
btc-updown-15m-1769274000,1769274000,900,0.999,,,,31834.54,0,,0.001,182
btc-updown-15m-1769285700,1769285700,0,0.49,0.54,0.515,0.05,542.74,130.62,0.46,0.51,631
btc-updown-15m-1769285700,1769285700,15,0.64,0.65,0.645,0.01,709.69,497.1,0.35,0.36,14
btc-updown-15m-1769285700,1769285700,30,0.67,0.68,0.675,0.01,498.84,919.05,0.32,0.33,2
btc-updown-15m-1769285700,1769285700,45,0.66,0.67,0.665,0.01,625.88,969.88,0.33,0.34,108
btc-updown-15m-1769285700,1769285700,60,0.65,0.66,0.655,0.01,622.85,1010.28,0.34,0.35,54
btc-updown-15m-1769285700,1769285700,75,0.66,0.67,0.665,0.01,255.52,859.02,0.33,0.34,41
btc-updown-15m-1769285700,1769285700,90,0.68,0.69,0.685,0.01,1016.58,695.94,0.31,0.32,98
btc-updown-15m-1769285700,1769285700,105,0.7,0.71,0.705,0.01,495.94,2021.28,0.29,0.3,22
btc-updown-15m-1769285700,1769285700,120,0.71,0.72,0.715,0.01,685.12,2190.48,0.28,0.29,24
btc-updown-15m-1769285700,1769285700,135,0.74,0.75,0.745,0.01,474.58,921.62,0.25,0.26,56
btc-updown-15m-1769285700,1769285700,150,0.76,0.77,0.765,0.01,1044.28,642.01,0.23,0.24,169
btc-updown-15m-1769285700,1769285700,165,0.7,0.71,0.705,0.01,456.1,622.64,0.29,0.3,14
btc-updown-15m-1769285700,1769285700,180,0.68,0.69,0.685,0.01,470.65,546.82,0.31,0.32,6
btc-updown-15m-1769285700,1769285700,195,0.61,0.62,0.615,0.01,495.24,1179.75,0.38,0.39,10
btc-updown-15m-1769285700,1769285700,210,0.44,0.45,0.445,0.01,743.28,582.4,0.55,0.56,54
btc-updown-15m-1769285700,1769285700,225,0.41,0.42,0.415,0.01,722.3,469.1,0.58,0.59,2
btc-updown-15m-1769285700,1769285700,240,0.43,0.44,0.435,0.01,685.7,347.38,0.56,0.57,19
btc-updown-15m-1769285700,1769285700,255,0.44,0.45,0.445,0.01,547.48,726.44,0.55,0.56,6
btc-updown-15m-1769285700,1769285700,270,0.46,0.47,0.465,0.01,893.89,527.05,0.53,0.54,27
btc-updown-15m-1769285700,1769285700,285,0.48,0.49,0.485,0.01,987.87,925.34,0.51,0.52,29
btc-updown-15m-1769285700,1769285700,300,0.49,0.5,0.495,0.01,902.14,756.56,0.5,0.51,2
btc-updown-15m-1769285700,1769285700,315,0.48,0.49,0.485,0.01,500.4,1057.24,0.51,0.52,6
btc-updown-15m-1769285700,1769285700,330,0.47,0.48,0.475,0.01,674.27,687.55,0.52,0.53,4
btc-updown-15m-1769285700,1769285700,345,0.56,0.57,0.565,0.01,884.6,545.45,0.43,0.44,2
btc-updown-15m-1769285700,1769285700,360,0.59,0.6,0.595,0.01,697.17,509.57,0.4,0.41,3
btc-updown-15m-1769285700,1769285700,375,0.64,0.65,0.645,0.01,763.61,838.2,0.35,0.36,4
btc-updown-15m-1769285700,1769285700,390,0.66,0.67,0.665,0.01,648.28,686.45,0.33,0.34,64
btc-updown-15m-1769285700,1769285700,405,0.7,0.71,0.705,0.01,354.24,526.46,0.29,0.3,4
btc-updown-15m-1769285700,1769285700,420,0.67,0.68,0.675,0.01,396.08,312.21,0.32,0.33,5
btc-updown-15m-1769285700,1769285700,435,0.79,0.8,0.795,0.01,640.19,548.14,0.2,0.21,10
btc-updown-15m-1769285700,1769285700,450,0.83,0.84,0.835,0.01,660.55,1218.06,0.16,0.17,19
btc-updown-15m-1769285700,1769285700,465,0.81,0.82,0.815,0.01,652.18,860.43,0.18,0.19,9
btc-updown-15m-1769285700,1769285700,480,0.8,0.81,0.805,0.01,599.75,1094.84,0.19,0.2,89
btc-updown-15m-1769285700,1769285700,495,0.75,0.76,0.755,0.01,285.58,774.72,0.24,0.25,20
btc-updown-15m-1769285700,1769285700,510,0.83,0.84,0.835,0.01,622.05,623.47,0.16,0.17,16
btc-updown-15m-1769285700,1769285700,525,0.81,0.82,0.815,0.01,325.67,491.15,0.18,0.19,0
btc-updown-15m-1769285700,1769285700,540,0.83,0.84,0.835,0.01,623.16,981.58,0.16,0.17,5
btc-updown-15m-1769285700,1769285700,555,0.83,0.84,0.835,0.01,556.8,1031.36,0.16,0.17,19
btc-updown-15m-1769285700,1769285700,570,0.85,0.86,0.855,0.01,554.66,614.03,0.14,0.15,86
btc-updown-15m-1769285700,1769285700,585,0.84,0.85,0.845,0.01,707.72,426.31,0.15,0.16,12
btc-updown-15m-1769285700,1769285700,600,0.86,0.87,0.865,0.01,721.41,985.61,0.13,0.14,15
btc-updown-15m-1769285700,1769285700,615,0.87,0.88,0.875,0.01,668.17,813.76,0.12,0.13,11
btc-updown-15m-1769285700,1769285700,630,0.86,0.87,0.865,0.01,903.24,738.55,0.13,0.14,11
btc-updown-15m-1769285700,1769285700,645,0.86,0.87,0.865,0.01,619.02,796.17,0.13,0.14,5
btc-updown-15m-1769285700,1769285700,660,0.88,0.89,0.885,0.01,1375.95,3946.84,0.11,0.12,15
btc-updown-15m-1769285700,1769285700,675,0.9,0.91,0.905,0.01,607.59,2120.3,0.09,0.1,4
btc-updown-15m-1769285700,1769285700,690,0.91,0.92,0.915,0.01,422.73,1572.49,0.08,0.09,2
btc-updown-15m-1769285700,1769285700,705,0.91,0.92,0.915,0.01,500.51,1551.16,0.08,0.09,13
btc-updown-15m-1769285700,1769285700,720,0.91,0.93,0.92,0.02,476.32,3576.45,0.07,0.09,5
btc-updown-15m-1769285700,1769285700,735,0.93,0.94,0.935,0.01,778.09,3236.3,0.06,0.07,12
btc-updown-15m-1769285700,1769285700,750,0.94,0.95,0.945,0.01,959.09,3151.14,0.05,0.06,79
btc-updown-15m-1769285700,1769285700,765,0.96,0.97,0.965,0.01,642.03,11854.08,0.03,0.04,109
btc-updown-15m-1769285700,1769285700,780,0.97,0.98,0.975,0.01,1036.76,10010.75,0.02,0.03,10
btc-updown-15m-1769285700,1769285700,795,0.96,0.97,0.965,0.01,890.4,9287.05,0.03,0.04,2
btc-updown-15m-1769285700,1769285700,810,0.97,0.98,0.975,0.01,1269.25,7565.97,0.02,0.03,28
btc-updown-15m-1769285700,1769285700,825,0.98,0.99,0.985,0.01,2163.79,4193.37,0.01,0.02,69
btc-updown-15m-1769285700,1769285700,840,0.98,0.99,0.985,0.01,2639.54,3429.75,0.01,0.02,14
btc-updown-15m-1769285700,1769285700,845,0.98,0.99,0.985,0.01,2355.45,2697.13,0.01,0.02,325
btc-updown-15m-1769285700,1769285700,850,0.987,0.99,0.9885,0.003,2001.95,2229,0.01,0.013,47
btc-updown-15m-1769285700,1769285700,855,0.987,0.99,0.9885,0.003,2190.17,1619.39,0.01,0.013,1
btc-updown-15m-1769285700,1769285700,860,0.987,0.99,0.9885,0.003,1819.17,795.7,0.01,0.013,110
btc-updown-15m-1769285700,1769285700,865,0.989,0.99,0.9895,0.001,1129.34,463.94,0.01,0.011,89
btc-updown-15m-1769285700,1769285700,870,0.987,0.998,0.9925,0.011,1945.48,363.49,0.002,0.013,16
btc-updown-15m-1769285700,1769285700,875,0.99,0.998,0.994,0.008,1147.76,310.4,0.002,0.01,210
btc-updown-15m-1769285700,1769285700,880,0.99,0.998,0.994,0.008,985.37,346.31,0.002,0.01,107
btc-updown-15m-1769285700,1769285700,885,0.99,0.998,0.994,0.008,80.85,336.29,0.002,0.01,231
btc-updown-15m-1769285700,1769285700,890,0.99,0.999,0.9945,0.009,697.1,111.39,0.001,0.01,163
btc-updown-15m-1769285700,1769285700,895,0.999,,,,12856.41,0,,0.001,61
btc-updown-15m-1769285700,1769285700,897,0.999,,,,12788.49,0,,0.001,46
btc-updown-15m-1769285700,1769285700,899,0.999,,,,13919.49,0,,0.001,84
btc-updown-15m-1769285700,1769285700,900,0.999,,,,13804.51,0,,0.001,258
btc-updown-15m-1769296500,1769296500,0,0.52,0.55,0.535,0.03,988.97,567.11,0.45,0.48,555
btc-updown-15m-1769296500,1769296500,15,0.5,0.51,0.505,0.01,1560.89,520.41,0.49,0.5,61
btc-updown-15m-1769296500,1769296500,30,0.66,0.67,0.665,0.01,882.35,643.3,0.33,0.34,18
btc-updown-15m-1769296500,1769296500,45,0.65,0.66,0.655,0.01,1314.33,968.01,0.34,0.35,63
btc-updown-15m-1769296500,1769296500,60,0.59,0.6,0.595,0.01,359.17,598.02,0.4,0.41,19
btc-updown-15m-1769296500,1769296500,75,0.63,0.64,0.635,0.01,265.3,558.08,0.36,0.37,0
btc-updown-15m-1769296500,1769296500,90,0.55,0.56,0.555,0.01,552.78,663.45,0.44,0.45,34
btc-updown-15m-1769296500,1769296500,105,0.49,0.5,0.495,0.01,1876.76,474.94,0.5,0.51,33
btc-updown-15m-1769296500,1769296500,120,0.52,0.53,0.525,0.01,858.02,1182.65,0.47,0.48,9
btc-updown-15m-1769296500,1769296500,135,0.45,0.46,0.455,0.01,504.27,526.55,0.54,0.55,25
btc-updown-15m-1769296500,1769296500,150,0.41,0.42,0.415,0.01,556.69,724.3,0.58,0.59,0
btc-updown-15m-1769296500,1769296500,165,0.4,0.41,0.405,0.01,443.89,1074.13,0.59,0.6,1
btc-updown-15m-1769296500,1769296500,180,0.38,0.39,0.385,0.01,518.14,899.38,0.61,0.62,2
btc-updown-15m-1769296500,1769296500,195,0.67,0.68,0.675,0.01,1048.88,412.87,0.32,0.33,25
btc-updown-15m-1769296500,1769296500,210,0.66,0.67,0.665,0.01,715.57,608.17,0.33,0.34,5
btc-updown-15m-1769296500,1769296500,225,0.66,0.67,0.665,0.01,1315.83,469.89,0.33,0.34,6
btc-updown-15m-1769296500,1769296500,240,0.69,0.7,0.695,0.01,371.19,914.45,0.3,0.31,9
btc-updown-15m-1769296500,1769296500,255,0.78,0.79,0.785,0.01,473.19,992.88,0.21,0.22,23
btc-updown-15m-1769296500,1769296500,270,0.77,0.78,0.775,0.01,617.72,1234.99,0.22,0.23,1
btc-updown-15m-1769296500,1769296500,285,0.74,0.75,0.745,0.01,824.89,475.8,0.25,0.26,27
btc-updown-15m-1769296500,1769296500,300,0.74,0.75,0.745,0.01,1321.17,488.52,0.25,0.26,12
btc-updown-15m-1769296500,1769296500,315,0.72,0.73,0.725,0.01,859.69,494.59,0.27,0.28,6
btc-updown-15m-1769296500,1769296500,330,0.73,0.74,0.735,0.01,463.6,695.11,0.26,0.27,36
btc-updown-15m-1769296500,1769296500,345,0.76,0.77,0.765,0.01,835.51,472.51,0.23,0.24,169
btc-updown-15m-1769296500,1769296500,360,0.77,0.78,0.775,0.01,893.43,1309.85,0.22,0.23,25
btc-updown-15m-1769296500,1769296500,375,0.76,0.77,0.765,0.01,548.71,900.06,0.23,0.24,3
btc-updown-15m-1769296500,1769296500,390,0.77,0.78,0.775,0.01,1148.53,721.61,0.22,0.23,23
btc-updown-15m-1769296500,1769296500,405,0.8,0.81,0.805,0.01,654.89,1066.92,0.19,0.2,159
btc-updown-15m-1769296500,1769296500,420,0.8,0.81,0.805,0.01,645.64,1070.11,0.19,0.2,0
btc-updown-15m-1769296500,1769296500,435,0.8,0.81,0.805,0.01,573.2,664.68,0.19,0.2,50
btc-updown-15m-1769296500,1769296500,450,0.8,0.81,0.805,0.01,1043.05,1015.52,0.19,0.2,14
btc-updown-15m-1769296500,1769296500,465,0.8,0.81,0.805,0.01,646.21,1041.6,0.19,0.2,20
btc-updown-15m-1769296500,1769296500,480,0.82,0.83,0.825,0.01,1168.77,650.58,0.17,0.18,19
btc-updown-15m-1769296500,1769296500,495,0.81,0.82,0.815,0.01,837.12,318.54,0.18,0.19,57
btc-updown-15m-1769296500,1769296500,510,0.82,0.83,0.825,0.01,1273.08,458.09,0.17,0.18,7
btc-updown-15m-1769296500,1769296500,525,0.85,0.86,0.855,0.01,537.07,746.31,0.14,0.15,8
btc-updown-15m-1769296500,1769296500,540,0.87,0.88,0.875,0.01,1149.91,411.5,0.12,0.13,7
btc-updown-15m-1769296500,1769296500,555,0.89,0.9,0.895,0.01,885.56,1164.59,0.1,0.11,6
btc-updown-15m-1769296500,1769296500,570,0.93,0.94,0.935,0.01,596.39,2866.55,0.06,0.07,9
btc-updown-15m-1769296500,1769296500,585,0.9,0.91,0.905,0.01,353.22,903.12,0.09,0.1,50
btc-updown-15m-1769296500,1769296500,600,0.91,0.92,0.915,0.01,1356.76,1179.51,0.08,0.09,7
btc-updown-15m-1769296500,1769296500,615,0.68,0.69,0.685,0.01,899.5,386.19,0.31,0.32,11
btc-updown-15m-1769296500,1769296500,630,0.83,0.84,0.835,0.01,433.47,760.02,0.16,0.17,5
btc-updown-15m-1769296500,1769296500,645,0.86,0.87,0.865,0.01,921.19,302.52,0.13,0.14,3
btc-updown-15m-1769296500,1769296500,660,0.87,0.88,0.875,0.01,1013.52,591.43,0.12,0.13,11
btc-updown-15m-1769296500,1769296500,675,0.87,0.88,0.875,0.01,919.17,1129.08,0.12,0.13,43
btc-updown-15m-1769296500,1769296500,690,0.92,0.94,0.93,0.02,655.38,3934.53,0.06,0.08,64
btc-updown-15m-1769296500,1769296500,705,0.92,0.93,0.925,0.01,910,3128.37,0.07,0.08,62
btc-updown-15m-1769296500,1769296500,720,0.92,0.93,0.925,0.01,2590.42,3568.91,0.07,0.08,6
btc-updown-15m-1769296500,1769296500,735,0.94,0.95,0.945,0.01,1319.29,4752.23,0.05,0.06,19
btc-updown-15m-1769296500,1769296500,750,0.94,0.95,0.945,0.01,2069.53,4034.75,0.05,0.06,22
btc-updown-15m-1769296500,1769296500,765,0.94,0.95,0.945,0.01,2059.07,2906.46,0.05,0.06,28
btc-updown-15m-1769296500,1769296500,780,0.94,0.95,0.945,0.01,1805.26,2664.79,0.05,0.06,22
btc-updown-15m-1769296500,1769296500,795,0.95,0.96,0.955,0.01,1683.88,3489.36,0.04,0.05,11
btc-updown-15m-1769296500,1769296500,810,0.96,0.97,0.965,0.01,868.46,9210.44,0.03,0.04,6
btc-updown-15m-1769296500,1769296500,825,0.96,0.97,0.965,0.01,1125.57,8782.24,0.03,0.04,2
btc-updown-15m-1769296500,1769296500,840,0.97,0.98,0.975,0.01,1046.93,8328.94,0.02,0.03,97
btc-updown-15m-1769296500,1769296500,845,0.98,0.99,0.985,0.01,1000.32,5146.84,0.01,0.02,8
btc-updown-15m-1769296500,1769296500,850,0.98,0.99,0.985,0.01,2409.53,5137.37,0.01,0.02,43
btc-updown-15m-1769296500,1769296500,855,0.98,0.99,0.985,0.01,3058.69,4902.13,0.01,0.02,137
btc-updown-15m-1769296500,1769296500,860,0.98,0.99,0.985,0.01,3021.07,4506.72,0.01,0.02,44
btc-updown-15m-1769296500,1769296500,865,0.98,0.99,0.985,0.01,2862.66,3910.01,0.01,0.02,70
btc-updown-15m-1769296500,1769296500,870,0.99,,,,3715.73,0,,0.01,62
btc-updown-15m-1769296500,1769296500,875,0.98,0.99,0.985,0.01,3064.65,78.59,0.01,0.02,75
btc-updown-15m-1769296500,1769296500,880,0.99,,,,2805.15,0,,0.01,0
btc-updown-15m-1769296500,1769296500,885,0.99,,,,6662.91,0,,0.01,312
btc-updown-15m-1769296500,1769296500,890,0.99,,,,7399.91,0,,0.01,663
btc-updown-15m-1769296500,1769296500,895,0.99,0.998,0.994,0.008,9130.95,117.72,0.002,0.01,34
btc-updown-15m-1769296500,1769296500,897,0.999,,,,9739.6,0,,0.001,115
btc-updown-15m-1769296500,1769296500,899,0.999,,,,10416.03,0,,0.001,7
btc-updown-15m-1769296500,1769296500,900,0.999,,,,12419.89,0,,0.001,62
btc-updown-15m-1769306400,1769306400,0,0.53,0.56,0.545,0.03,1738.32,160.72,0.44,0.47,305
btc-updown-15m-1769306400,1769306400,15,0.39,0.4,0.395,0.01,918.63,584.12,0.6,0.61,15
btc-updown-15m-1769306400,1769306400,30,0.52,0.53,0.525,0.01,666.07,683.87,0.47,0.48,17
btc-updown-15m-1769306400,1769306400,45,0.59,0.6,0.595,0.01,1417.94,851.18,0.4,0.41,4
btc-updown-15m-1769306400,1769306400,60,0.65,0.66,0.655,0.01,746.77,985.76,0.34,0.35,165
btc-updown-15m-1769306400,1769306400,75,0.65,0.66,0.655,0.01,498.16,1098.61,0.34,0.35,77
btc-updown-15m-1769306400,1769306400,90,0.68,0.7,0.69,0.02,1021.53,1168.16,0.3,0.32,41
btc-updown-15m-1769306400,1769306400,105,0.68,0.69,0.685,0.01,793.82,1230.69,0.31,0.32,0
btc-updown-15m-1769306400,1769306400,120,0.75,0.76,0.755,0.01,293.97,2803.27,0.24,0.25,91
btc-updown-15m-1769306400,1769306400,135,0.77,0.78,0.775,0.01,594.48,1270.59,0.22,0.23,35
btc-updown-15m-1769306400,1769306400,150,0.79,0.8,0.795,0.01,815.9,985.04,0.2,0.21,1
btc-updown-15m-1769306400,1769306400,165,0.78,0.79,0.785,0.01,1036.49,519.91,0.21,0.22,16
btc-updown-15m-1769306400,1769306400,180,0.78,0.79,0.785,0.01,575.67,1255.37,0.21,0.22,38
btc-updown-15m-1769306400,1769306400,195,0.78,0.79,0.785,0.01,535.36,1344.87,0.21,0.22,6
btc-updown-15m-1769306400,1769306400,210,0.78,0.79,0.785,0.01,924.66,2058.19,0.21,0.22,2
btc-updown-15m-1769306400,1769306400,225,0.78,0.79,0.785,0.01,944.92,1904.44,0.21,0.22,3
btc-updown-15m-1769306400,1769306400,240,0.78,0.79,0.785,0.01,757.26,1886.17,0.21,0.22,12
btc-updown-15m-1769306400,1769306400,255,0.78,0.79,0.785,0.01,1087.76,1222.66,0.21,0.22,7
btc-updown-15m-1769306400,1769306400,270,0.78,0.79,0.785,0.01,1089.37,1126.63,0.21,0.22,56
btc-updown-15m-1769306400,1769306400,285,0.78,0.79,0.785,0.01,1501.57,715.4,0.21,0.22,0
btc-updown-15m-1769306400,1769306400,300,0.79,0.8,0.795,0.01,711.36,1416.24,0.2,0.21,64
btc-updown-15m-1769306400,1769306400,315,0.91,0.92,0.915,0.01,726.92,2615.01,0.08,0.09,16
btc-updown-15m-1769306400,1769306400,330,0.9,0.91,0.905,0.01,1119.39,2135.72,0.09,0.1,19
btc-updown-15m-1769306400,1769306400,345,0.91,0.92,0.915,0.01,1438.28,910.2,0.08,0.09,23
btc-updown-15m-1769306400,1769306400,360,0.93,0.94,0.935,0.01,1601.95,3295.76,0.06,0.07,34
btc-updown-15m-1769306400,1769306400,375,0.93,0.94,0.935,0.01,1284.79,2132.55,0.06,0.07,200
btc-updown-15m-1769306400,1769306400,390,0.95,0.96,0.955,0.01,988.74,4751.86,0.04,0.05,7
btc-updown-15m-1769306400,1769306400,405,0.94,0.95,0.945,0.01,1337.79,1469.38,0.05,0.06,76
btc-updown-15m-1769306400,1769306400,420,0.95,0.96,0.955,0.01,1283.36,4387.13,0.04,0.05,44
btc-updown-15m-1769306400,1769306400,435,0.96,0.97,0.965,0.01,1166.71,11131.65,0.03,0.04,66
btc-updown-15m-1769306400,1769306400,450,0.96,0.97,0.965,0.01,1007.65,11010.1,0.03,0.04,112
btc-updown-15m-1769306400,1769306400,465,0.95,0.96,0.955,0.01,1038.62,2950.53,0.04,0.05,133
btc-updown-15m-1769306400,1769306400,480,0.92,0.93,0.925,0.01,627.91,1054.92,0.07,0.08,1
btc-updown-15m-1769306400,1769306400,495,0.94,0.95,0.945,0.01,755.67,1322.88,0.05,0.06,29
btc-updown-15m-1769306400,1769306400,510,0.95,0.96,0.955,0.01,1264.56,2606.63,0.04,0.05,25
btc-updown-15m-1769306400,1769306400,525,0.96,0.97,0.965,0.01,971.79,9413.66,0.03,0.04,31
btc-updown-15m-1769306400,1769306400,540,0.95,0.96,0.955,0.01,2682.79,2577.34,0.04,0.05,18
btc-updown-15m-1769306400,1769306400,555,0.96,0.97,0.965,0.01,1938.65,9405.43,0.03,0.04,6
btc-updown-15m-1769306400,1769306400,570,0.95,0.96,0.955,0.01,2390.24,2338.98,0.04,0.05,86
btc-updown-15m-1769306400,1769306400,585,0.95,0.96,0.955,0.01,2014.69,2539.17,0.04,0.05,5
btc-updown-15m-1769306400,1769306400,600,0.96,0.97,0.965,0.01,829.41,401328.79,0.03,0.04,44
btc-updown-15m-1769306400,1769306400,615,0.89,0.9,0.895,0.01,1132,587.76,0.1,0.11,0
btc-updown-15m-1769306400,1769306400,630,0.95,0.96,0.955,0.01,352.02,2757.46,0.04,0.05,14
btc-updown-15m-1769306400,1769306400,645,0.94,0.95,0.945,0.01,608.91,78621.8,0.05,0.06,258
btc-updown-15m-1769306400,1769306400,660,0.97,0.98,0.975,0.01,525.11,7564.58,0.02,0.03,4
btc-updown-15m-1769306400,1769306400,675,0.96,0.97,0.965,0.01,296.71,8216.67,0.03,0.04,3
btc-updown-15m-1769306400,1769306400,690,0.97,0.98,0.975,0.01,928.75,7656.97,0.02,0.03,6
btc-updown-15m-1769306400,1769306400,705,0.98,0.99,0.985,0.01,4276.38,392576.74,0.01,0.02,18
btc-updown-15m-1769306400,1769306400,720,0.98,0.99,0.985,0.01,4096.99,391635.7,0.01,0.02,16
btc-updown-15m-1769306400,1769306400,735,0.98,0.99,0.985,0.01,3973.54,389927.36,0.01,0.02,3
btc-updown-15m-1769306400,1769306400,750,0.98,0.99,0.985,0.01,3971.32,586.87,0.01,0.02,41
btc-updown-15m-1769306400,1769306400,765,0.98,0.99,0.985,0.01,3726.42,138.56,0.01,0.02,0
btc-updown-15m-1769306400,1769306400,780,0.98,0.99,0.985,0.01,3011.71,436.5,0.01,0.02,47
btc-updown-15m-1769306400,1769306400,795,0.98,0.99,0.985,0.01,2674.41,320,0.01,0.02,59
btc-updown-15m-1769306400,1769306400,810,0.98,0.99,0.985,0.01,2315.97,1045,0.01,0.02,184
btc-updown-15m-1769306400,1769306400,825,0.98,0.99,0.985,0.01,1708.62,753,0.01,0.02,93
btc-updown-15m-1769306400,1769306400,840,0.991,0.998,0.9945,0.007,2184.79,616.83,0.002,0.009,73
btc-updown-15m-1769306400,1769306400,845,0.991,0.999,0.995,0.008,3706.67,502.07,0.001,0.009,270
btc-updown-15m-1769306400,1769306400,850,0.999,,,,8328.34,0,,0.001,148
btc-updown-15m-1769306400,1769306400,855,0.999,,,,8284.65,0,,0.001,216
btc-updown-15m-1769306400,1769306400,860,0.999,,,,11286.44,0,,0.001,97
btc-updown-15m-1769306400,1769306400,865,0.999,,,,11298.44,0,,0.001,466
btc-updown-15m-1769306400,1769306400,870,0.999,,,,6320.97,0,,0.001,186
btc-updown-15m-1769306400,1769306400,875,0.999,,,,6320.97,0,,0.001,180
btc-updown-15m-1769306400,1769306400,880,0.999,,,,6436.97,0,,0.001,165
btc-updown-15m-1769306400,1769306400,885,0.999,,,,6436.97,0,,0.001,68
btc-updown-15m-1769306400,1769306400,890,0.999,,,,6899.73,0,,0.001,261
btc-updown-15m-1769306400,1769306400,895,0.999,,,,6950.4,0,,0.001,229
btc-updown-15m-1769306400,1769306400,897,0.999,,,,15000.4,0,,0.001,61
btc-updown-15m-1769306400,1769306400,899,0.999,,,,19065.45,0,,0.001,201
btc-updown-15m-1769306400,1769306400,900,0.999,,,,28435.5,0,,0.001,136
btc-updown-15m-1769317200,1769317200,0,0.48,0.51,0.495,0.03,223.63,903.03,0.49,0.52,52
btc-updown-15m-1769317200,1769317200,15,0.49,0.5,0.495,0.01,854.07,1095.68,0.5,0.51,10
btc-updown-15m-1769317200,1769317200,30,0.45,0.46,0.455,0.01,617.26,542.5,0.54,0.55,22
btc-updown-15m-1769317200,1769317200,45,0.32,0.33,0.325,0.01,1344.98,458.81,0.67,0.68,21
btc-updown-15m-1769317200,1769317200,60,0.32,0.33,0.325,0.01,1226.45,630.93,0.67,0.68,103
btc-updown-15m-1769317200,1769317200,75,0.33,0.34,0.335,0.01,1410.93,611.69,0.66,0.67,106
btc-updown-15m-1769317200,1769317200,90,0.34,0.35,0.345,0.01,1323.78,701.48,0.65,0.66,202
btc-updown-15m-1769317200,1769317200,105,0.34,0.35,0.345,0.01,1248.48,583.83,0.65,0.66,27
btc-updown-15m-1769317200,1769317200,120,0.33,0.34,0.335,0.01,1213.09,609.2,0.66,0.67,13
btc-updown-15m-1769317200,1769317200,135,0.32,0.33,0.325,0.01,1197.98,501.82,0.67,0.68,6
btc-updown-15m-1769317200,1769317200,150,0.3,0.31,0.305,0.01,1166.32,403.2,0.69,0.7,128
btc-updown-15m-1769317200,1769317200,165,0.3,0.31,0.305,0.01,1225.73,515.1,0.69,0.7,165
btc-updown-15m-1769317200,1769317200,180,0.37,0.38,0.375,0.01,1153.59,524.87,0.62,0.63,20
btc-updown-15m-1769317200,1769317200,195,0.37,0.38,0.375,0.01,493.73,1089.85,0.62,0.63,8
btc-updown-15m-1769317200,1769317200,210,0.36,0.37,0.365,0.01,1208.08,1035.48,0.63,0.64,9
btc-updown-15m-1769317200,1769317200,225,0.42,0.43,0.425,0.01,1411.51,1213.44,0.57,0.58,13
btc-updown-15m-1769317200,1769317200,240,0.41,0.42,0.415,0.01,612.48,464.69,0.58,0.59,0
btc-updown-15m-1769317200,1769317200,255,0.38,0.39,0.385,0.01,257.03,754.92,0.61,0.62,15
btc-updown-15m-1769317200,1769317200,270,0.35,0.36,0.355,0.01,1020.64,670.48,0.64,0.65,159
btc-updown-15m-1769317200,1769317200,285,0.35,0.36,0.355,0.01,414.19,795.97,0.64,0.65,63
btc-updown-15m-1769317200,1769317200,300,0.32,0.33,0.325,0.01,1088.54,1162.03,0.67,0.68,2
btc-updown-15m-1769317200,1769317200,315,0.29,0.3,0.295,0.01,444.23,906.01,0.7,0.71,21
btc-updown-15m-1769317200,1769317200,330,0.31,0.32,0.315,0.01,1215.03,583.58,0.68,0.69,22
btc-updown-15m-1769317200,1769317200,345,0.29,0.3,0.295,0.01,560.48,523.48,0.7,0.71,20
btc-updown-15m-1769317200,1769317200,360,0.29,0.3,0.295,0.01,504.09,627.29,0.7,0.71,53
btc-updown-15m-1769317200,1769317200,375,0.22,0.23,0.225,0.01,948.07,619.48,0.77,0.78,0
btc-updown-15m-1769317200,1769317200,390,0.23,0.24,0.235,0.01,758.76,1248.41,0.76,0.77,15
btc-updown-15m-1769317200,1769317200,405,0.2,0.21,0.205,0.01,1471.82,434.14,0.79,0.8,0
btc-updown-15m-1769317200,1769317200,420,0.22,0.23,0.225,0.01,1606.63,1116.93,0.77,0.78,1
btc-updown-15m-1769317200,1769317200,435,0.21,0.22,0.215,0.01,804.22,551.18,0.78,0.79,0
btc-updown-15m-1769317200,1769317200,450,0.41,0.42,0.415,0.01,1171.65,817.41,0.58,0.59,18
btc-updown-15m-1769317200,1769317200,465,0.4,0.41,0.405,0.01,987.98,402.24,0.59,0.6,29
btc-updown-15m-1769317200,1769317200,480,0.57,0.58,0.575,0.01,85.12,934.59,0.42,0.43,5
btc-updown-15m-1769317200,1769317200,495,0.55,0.56,0.555,0.01,631.36,438.91,0.44,0.45,69
btc-updown-15m-1769317200,1769317200,510,0.55,0.56,0.555,0.01,945.98,701.23,0.44,0.45,108
btc-updown-15m-1769317200,1769317200,525,0.55,0.56,0.555,0.01,967.28,633.34,0.44,0.45,13
btc-updown-15m-1769317200,1769317200,540,0.58,0.59,0.585,0.01,350.17,1304.21,0.41,0.42,101
btc-updown-15m-1769317200,1769317200,555,0.59,0.6,0.595,0.01,670.68,444.99,0.4,0.41,6
btc-updown-15m-1769317200,1769317200,570,0.65,0.66,0.655,0.01,506.4,769.7,0.34,0.35,54
btc-updown-15m-1769317200,1769317200,585,0.71,0.72,0.715,0.01,435.33,932.71,0.28,0.29,15
btc-updown-15m-1769317200,1769317200,600,0.74,0.75,0.745,0.01,1556.22,446.71,0.25,0.26,119
btc-updown-15m-1769317200,1769317200,615,0.82,0.83,0.825,0.01,577.46,467.32,0.17,0.18,67
btc-updown-15m-1769317200,1769317200,630,0.87,0.89,0.88,0.02,561.82,685.5,0.11,0.13,2
btc-updown-15m-1769317200,1769317200,645,0.87,0.88,0.875,0.01,685.5,408.92,0.12,0.13,1
btc-updown-15m-1769317200,1769317200,660,0.89,0.9,0.895,0.01,775.5,1289.32,0.1,0.11,170
btc-updown-15m-1769317200,1769317200,675,0.89,0.9,0.895,0.01,1233.39,1197.17,0.1,0.11,6
btc-updown-15m-1769317200,1769317200,690,0.91,0.92,0.915,0.01,1539.26,4958.04,0.08,0.09,59
btc-updown-15m-1769317200,1769317200,705,0.94,0.95,0.945,0.01,1042.71,1052.26,0.05,0.06,7
btc-updown-15m-1769317200,1769317200,720,0.68,0.69,0.685,0.01,391.52,349,0.31,0.32,69
btc-updown-15m-1769317200,1769317200,735,0.59,0.6,0.595,0.01,389,239.98,0.4,0.41,157
btc-updown-15m-1769317200,1769317200,750,0.53,0.54,0.535,0.01,315.5,98,0.46,0.47,0
btc-updown-15m-1769317200,1769317200,765,0.57,0.58,0.575,0.01,240.88,354.57,0.42,0.43,24
btc-updown-15m-1769317200,1769317200,780,0.55,0.57,0.56,0.02,1060.3,147,0.43,0.45,4
btc-updown-15m-1769317200,1769317200,795,0.88,0.89,0.885,0.01,934.5,338.73,0.11,0.12,2
btc-updown-15m-1769317200,1769317200,810,0.9,0.91,0.905,0.01,1181.44,562.69,0.09,0.1,11
btc-updown-15m-1769317200,1769317200,825,0.93,0.94,0.935,0.01,1517.14,1418.5,0.06,0.07,33
btc-updown-15m-1769317200,1769317200,840,0.97,0.98,0.975,0.01,1601.78,5565.34,0.02,0.03,1
btc-updown-15m-1769317200,1769317200,845,0.97,0.98,0.975,0.01,1187.16,5406.45,0.02,0.03,13
btc-updown-15m-1769317200,1769317200,850,0.98,0.99,0.985,0.01,2341.12,4298.16,0.01,0.02,11
btc-updown-15m-1769317200,1769317200,855,0.98,0.99,0.985,0.01,2728.77,3585.65,0.01,0.02,145
btc-updown-15m-1769317200,1769317200,860,0.98,0.99,0.985,0.01,3320.97,2530.79,0.01,0.02,6
btc-updown-15m-1769317200,1769317200,865,0.99,,,,3881.56,0,,0.01,8
btc-updown-15m-1769317200,1769317200,870,0.99,,,,6653.69,0,,0.01,258
btc-updown-15m-1769317200,1769317200,875,0.99,,,,8505.17,0,,0.01,122
btc-updown-15m-1769317200,1769317200,880,0.99,,,,9261.44,0,,0.01,568
btc-updown-15m-1769317200,1769317200,885,0.99,,,,9457.65,0,,0.01,257
btc-updown-15m-1769317200,1769317200,890,0.99,,,,9418.85,0,,0.01,193
btc-updown-15m-1769317200,1769317200,895,0.99,,,,9336.91,0,,0.01,549
btc-updown-15m-1769317200,1769317200,897,0.99,,,,10578.66,0,,0.01,66
btc-updown-15m-1769317200,1769317200,899,0.99,,,,12353.35,0,,0.01,126
btc-updown-15m-1769317200,1769317200,900,0.99,,,,19975.31,0,,0.01,242
btc-updown-15m-1769327100,1769327100,0,0.55,0.56,0.555,0.01,1516.25,2013.54,0.44,0.45,6
btc-updown-15m-1769327100,1769327100,15,0.53,0.54,0.535,0.01,4065.32,3345.49,0.46,0.47,4
btc-updown-15m-1769327100,1769327100,30,0.53,0.54,0.535,0.01,2786.89,3249.17,0.46,0.47,119
btc-updown-15m-1769327100,1769327100,45,0.53,0.54,0.535,0.01,2812.71,3160.54,0.46,0.47,10
btc-updown-15m-1769327100,1769327100,60,0.52,0.53,0.525,0.01,5353.04,1819.91,0.47,0.48,24
btc-updown-15m-1769327100,1769327100,75,0.52,0.53,0.525,0.01,4957.87,3749.55,0.47,0.48,10
btc-updown-15m-1769327100,1769327100,90,0.5,0.51,0.505,0.01,3365.08,1708.36,0.49,0.5,5
btc-updown-15m-1769327100,1769327100,105,0.49,0.5,0.495,0.01,1381.88,2833.39,0.5,0.51,6
btc-updown-15m-1769327100,1769327100,120,0.49,0.5,0.495,0.01,2143.64,353.68,0.5,0.51,7
btc-updown-15m-1769327100,1769327100,135,0.47,0.48,0.475,0.01,2267.9,2366.23,0.52,0.53,0
btc-updown-15m-1769327100,1769327100,150,0.45,0.46,0.455,0.01,3196.24,1240.98,0.54,0.55,7
btc-updown-15m-1769327100,1769327100,165,0.46,0.47,0.465,0.01,1872.85,2909,0.53,0.54,174
btc-updown-15m-1769327100,1769327100,180,0.47,0.48,0.475,0.01,2580.36,10379.53,0.52,0.53,73
btc-updown-15m-1769327100,1769327100,195,0.46,0.47,0.465,0.01,2705.95,2131.19,0.53,0.54,18
btc-updown-15m-1769327100,1769327100,210,0.46,0.47,0.465,0.01,2930.14,1453.1,0.53,0.54,13
btc-updown-15m-1769327100,1769327100,225,0.49,0.5,0.495,0.01,1221.13,321.53,0.5,0.51,1
btc-updown-15m-1769327100,1769327100,240,0.47,0.48,0.475,0.01,2869.33,2092.93,0.52,0.53,216
btc-updown-15m-1769327100,1769327100,255,0.28,0.29,0.285,0.01,2276.97,342.53,0.71,0.72,70
btc-updown-15m-1769327100,1769327100,270,0.32,0.33,0.325,0.01,1486.95,591.95,0.67,0.68,107
btc-updown-15m-1769327100,1769327100,285,0.32,0.33,0.325,0.01,1486.09,2224.92,0.67,0.68,20
btc-updown-15m-1769327100,1769327100,300,0.17,0.18,0.175,0.01,3075.97,500.4,0.82,0.83,1
btc-updown-15m-1769327100,1769327100,315,0.33,0.34,0.335,0.01,526.25,2603.5,0.66,0.67,56
btc-updown-15m-1769327100,1769327100,330,0.32,0.33,0.325,0.01,2780.62,583.94,0.67,0.68,2
btc-updown-15m-1769327100,1769327100,345,0.33,0.34,0.335,0.01,86.41,1848.8,0.66,0.67,8
btc-updown-15m-1769327100,1769327100,360,0.24,0.25,0.245,0.01,2068.65,3268.04,0.75,0.76,2
btc-updown-15m-1769327100,1769327100,375,0.2,0.21,0.205,0.01,2822.91,777.99,0.79,0.8,289
btc-updown-15m-1769327100,1769327100,390,0.21,0.22,0.215,0.01,2010.64,2798.32,0.78,0.79,45
btc-updown-15m-1769327100,1769327100,405,0.21,0.22,0.215,0.01,2654.36,895.37,0.78,0.79,292
btc-updown-15m-1769327100,1769327100,420,0.21,0.22,0.215,0.01,366.87,2292.95,0.78,0.79,17
btc-updown-15m-1769327100,1769327100,435,0.15,0.16,0.155,0.01,3205.94,2034.38,0.84,0.85,5
btc-updown-15m-1769327100,1769327100,450,0.29,0.31,0.3,0.02,464.83,2553.26,0.69,0.71,4
btc-updown-15m-1769327100,1769327100,465,0.08,0.09,0.085,0.01,6014.19,597.52,0.91,0.92,20
btc-updown-15m-1769327100,1769327100,480,0.08,0.09,0.085,0.01,1830.21,3223.1,0.91,0.92,3
btc-updown-15m-1769327100,1769327100,495,0.08,0.09,0.085,0.01,1443.08,3048.02,0.91,0.92,13
btc-updown-15m-1769327100,1769327100,510,0.14,0.15,0.145,0.01,1274.53,2287.36,0.85,0.86,2
btc-updown-15m-1769327100,1769327100,525,0.14,0.15,0.145,0.01,2023.61,1102.92,0.85,0.86,145
btc-updown-15m-1769327100,1769327100,540,0.09,0.1,0.095,0.01,3836.95,553.84,0.9,0.91,124
btc-updown-15m-1769327100,1769327100,555,0.09,0.1,0.095,0.01,2202.95,1359.09,0.9,0.91,28
btc-updown-15m-1769327100,1769327100,570,0.15,0.16,0.155,0.01,1990.97,3281.11,0.84,0.85,155
btc-updown-15m-1769327100,1769327100,585,0.14,0.15,0.145,0.01,3097.33,2159.73,0.85,0.86,28
btc-updown-15m-1769327100,1769327100,600,0.15,0.16,0.155,0.01,418.63,2179.37,0.84,0.85,20
btc-updown-15m-1769327100,1769327100,615,0.06,0.07,0.065,0.01,3158.89,619.07,0.93,0.94,13
btc-updown-15m-1769327100,1769327100,630,0.05,0.07,0.06,0.02,4982.95,911.49,0.93,0.95,6
btc-updown-15m-1769327100,1769327100,645,0.05,0.07,0.06,0.02,2578.01,1633.8,0.93,0.95,0
btc-updown-15m-1769327100,1769327100,660,0.04,0.05,0.045,0.01,3148.05,1952.59,0.95,0.96,1
btc-updown-15m-1769327100,1769327100,675,0.02,0.03,0.025,0.01,6546.1,3436.67,0.97,0.98,17
btc-updown-15m-1769327100,1769327100,690,0.02,0.03,0.025,0.01,5949.51,2662.73,0.97,0.98,20
btc-updown-15m-1769327100,1769327100,705,0.01,0.02,0.015,0.01,5075.11,1985.2,0.98,0.99,125
btc-updown-15m-1769327100,1769327100,720,0.01,0.02,0.015,0.01,4450.06,2127.02,0.98,0.99,53
btc-updown-15m-1769327100,1769327100,735,0.01,0.02,0.015,0.01,1390.49,4356.18,0.98,0.99,1
btc-updown-15m-1769327100,1769327100,750,0.01,0.02,0.015,0.01,866.78,3788.91,0.98,0.99,28
btc-updown-15m-1769327100,1769327100,765,0.01,0.02,0.015,0.01,461.4,3774.6,0.98,0.99,91
btc-updown-15m-1769327100,1769327100,780,0.01,0.02,0.015,0.01,300,3783.15,0.98,0.99,127
btc-updown-15m-1769327100,1769327100,795,,0.01,,,0,7548.55,0.99,,11
btc-updown-15m-1769327100,1769327100,810,,0.01,,,0,5025.16,0.99,,100
btc-updown-15m-1769327100,1769327100,825,,0.01,,,0,6402.32,0.99,,145
btc-updown-15m-1769327100,1769327100,840,,0.01,,,0,8832.67,0.99,,279
btc-updown-15m-1769327100,1769327100,845,,0.01,,,0,6924.47,0.99,,444
btc-updown-15m-1769327100,1769327100,850,0.002,0.01,0.006,0.008,200,8887.57,0.99,0.998,90
btc-updown-15m-1769327100,1769327100,855,0.002,0.01,0.006,0.008,182.93,8870.7,0.99,0.998,153
btc-updown-15m-1769327100,1769327100,860,0.001,0.002,0.0015,0.001,152.89,8863.13,0.998,0.999,31
btc-updown-15m-1769327100,1769327100,865,0.001,0.002,0.0015,0.001,142.89,7939.96,0.998,0.999,131
btc-updown-15m-1769327100,1769327100,870,0.001,0.002,0.0015,0.001,132.89,6877.96,0.998,0.999,169
btc-updown-15m-1769327100,1769327100,875,0.001,0.002,0.0015,0.001,101.42,6874.79,0.998,0.999,40
btc-updown-15m-1769327100,1769327100,880,,0.001,,,0,2818.76,0.999,,75
btc-updown-15m-1769327100,1769327100,885,,0.001,,,0,2810.49,0.999,,165
btc-updown-15m-1769327100,1769327100,890,,0.001,,,0,7069.06,0.999,,331
btc-updown-15m-1769327100,1769327100,895,,0.001,,,0,9539.85,0.999,,14
btc-updown-15m-1769327100,1769327100,897,,0.001,,,0,11629.62,0.999,,46
btc-updown-15m-1769327100,1769327100,899,,0.001,,,0,20712.5,0.999,,97
btc-updown-15m-1769327100,1769327100,900,,0.001,,,0,38625.53,0.999,,552
btc-updown-15m-1769337000,1769337000,0,0.4,0.45,0.425,0.05,241.83,1682.79,0.55,0.6,49
btc-updown-15m-1769337000,1769337000,15,0.45,0.46,0.455,0.01,725.35,769.4,0.54,0.55,14
btc-updown-15m-1769337000,1769337000,30,0.43,0.44,0.435,0.01,1172.58,95.84,0.56,0.57,10
btc-updown-15m-1769337000,1769337000,45,0.37,0.38,0.375,0.01,164.37,450,0.62,0.63,52
btc-updown-15m-1769337000,1769337000,60,0.39,0.4,0.395,0.01,884.84,806.46,0.6,0.61,15
btc-updown-15m-1769337000,1769337000,75,0.3,0.33,0.315,0.03,385.19,665.42,0.67,0.7,63
btc-updown-15m-1769337000,1769337000,90,0.25,0.26,0.255,0.01,628.61,867.12,0.74,0.75,9
btc-updown-15m-1769337000,1769337000,105,0.24,0.25,0.245,0.01,1557.6,524.87,0.75,0.76,30
btc-updown-15m-1769337000,1769337000,120,0.3,0.31,0.305,0.01,1137.69,217.33,0.69,0.7,11
btc-updown-15m-1769337000,1769337000,135,0.35,0.36,0.355,0.01,1282.08,173.3,0.64,0.65,59
btc-updown-15m-1769337000,1769337000,150,0.43,0.44,0.435,0.01,1342.47,470.47,0.56,0.57,101
btc-updown-15m-1769337000,1769337000,165,0.32,0.35,0.335,0.03,750.71,1173.5,0.65,0.68,11
btc-updown-15m-1769337000,1769337000,180,0.25,0.26,0.255,0.01,1441.4,259.09,0.74,0.75,11
btc-updown-15m-1769337000,1769337000,195,0.31,0.32,0.315,0.01,657.87,745.13,0.68,0.69,0
btc-updown-15m-1769337000,1769337000,210,0.3,0.31,0.305,0.01,1460.08,436.32,0.69,0.7,4
btc-updown-15m-1769337000,1769337000,225,0.3,0.31,0.305,0.01,914.64,373.54,0.69,0.7,9
btc-updown-15m-1769337000,1769337000,240,0.29,0.3,0.295,0.01,1501.04,334.85,0.7,0.71,2
btc-updown-15m-1769337000,1769337000,255,0.35,0.36,0.355,0.01,296.59,123.3,0.64,0.65,9
btc-updown-15m-1769337000,1769337000,270,0.32,0.33,0.325,0.01,439.18,395.09,0.67,0.68,12
btc-updown-15m-1769337000,1769337000,285,0.24,0.25,0.245,0.01,1842.3,415.09,0.75,0.76,23
btc-updown-15m-1769337000,1769337000,300,0.25,0.26,0.255,0.01,1092.77,549.48,0.74,0.75,49
btc-updown-15m-1769337000,1769337000,315,0.34,0.35,0.345,0.01,421.39,742.54,0.65,0.66,0
btc-updown-15m-1769337000,1769337000,330,0.26,0.27,0.265,0.01,612.95,1149.73,0.73,0.74,61
btc-updown-15m-1769337000,1769337000,345,0.33,0.34,0.335,0.01,339.8,833.69,0.66,0.67,1
btc-updown-15m-1769337000,1769337000,360,0.29,0.3,0.295,0.01,585.93,744.98,0.7,0.71,0
btc-updown-15m-1769337000,1769337000,375,0.18,0.19,0.185,0.01,958.8,470.55,0.81,0.82,67
btc-updown-15m-1769337000,1769337000,390,0.19,0.2,0.195,0.01,978.91,577.39,0.8,0.81,3
btc-updown-15m-1769337000,1769337000,405,0.23,0.24,0.235,0.01,517.56,307.18,0.76,0.77,5
btc-updown-15m-1769337000,1769337000,420,0.17,0.18,0.175,0.01,539.68,610.48,0.82,0.83,40
btc-updown-15m-1769337000,1769337000,435,0.22,0.23,0.225,0.01,620.55,763.48,0.77,0.78,18
btc-updown-15m-1769337000,1769337000,450,0.18,0.19,0.185,0.01,814.23,391.61,0.81,0.82,1
btc-updown-15m-1769337000,1769337000,465,0.18,0.19,0.185,0.01,597.77,533.62,0.81,0.82,1
btc-updown-15m-1769337000,1769337000,480,0.18,0.19,0.185,0.01,528.38,582.97,0.81,0.82,7
btc-updown-15m-1769337000,1769337000,495,0.14,0.15,0.145,0.01,911.19,643.9,0.85,0.86,22
btc-updown-15m-1769337000,1769337000,510,0.1,0.11,0.105,0.01,868.62,647.7,0.89,0.9,12
btc-updown-15m-1769337000,1769337000,525,0.11,0.12,0.115,0.01,717.91,826.41,0.88,0.89,0
btc-updown-15m-1769337000,1769337000,540,0.15,0.16,0.155,0.01,666.62,660.32,0.84,0.85,17
btc-updown-15m-1769337000,1769337000,555,0.1,0.11,0.105,0.01,823.38,664.9,0.89,0.9,49
btc-updown-15m-1769337000,1769337000,570,0.09,0.1,0.095,0.01,1383.22,718.7,0.9,0.91,9
btc-updown-15m-1769337000,1769337000,585,0.08,0.09,0.085,0.01,2021.06,644.24,0.91,0.92,15
btc-updown-15m-1769337000,1769337000,600,0.08,0.09,0.085,0.01,1971.4,797.69,0.91,0.92,51
btc-updown-15m-1769337000,1769337000,615,0.07,0.08,0.075,0.01,2784.46,1179.98,0.92,0.93,168
btc-updown-15m-1769337000,1769337000,630,0.05,0.06,0.055,0.01,3782.88,1764.88,0.94,0.95,8
btc-updown-15m-1769337000,1769337000,645,0.06,0.07,0.065,0.01,1900.57,797.55,0.93,0.94,130
btc-updown-15m-1769337000,1769337000,660,0.06,0.07,0.065,0.01,1984.4,816.16,0.93,0.94,64
btc-updown-15m-1769337000,1769337000,675,0.11,0.12,0.115,0.01,905.76,243.13,0.88,0.89,11
btc-updown-15m-1769337000,1769337000,690,0.07,0.08,0.075,0.01,458.33,631.56,0.92,0.93,8
btc-updown-15m-1769337000,1769337000,705,0.08,0.09,0.085,0.01,378.05,740.7,0.91,0.92,43
btc-updown-15m-1769337000,1769337000,720,0.07,0.08,0.075,0.01,1733.13,574.68,0.92,0.93,6
btc-updown-15m-1769337000,1769337000,735,0.29,0.31,0.3,0.02,443.01,152.69,0.69,0.71,1
btc-updown-15m-1769337000,1769337000,750,0.33,0.34,0.335,0.01,822.92,153.2,0.66,0.67,58
btc-updown-15m-1769337000,1769337000,765,0.24,0.25,0.245,0.01,206.66,243.13,0.75,0.76,14
btc-updown-15m-1769337000,1769337000,780,0.21,0.22,0.215,0.01,405.63,284.29,0.78,0.79,1
btc-updown-15m-1769337000,1769337000,795,0.15,0.16,0.155,0.01,531.95,352.09,0.84,0.85,0
btc-updown-15m-1769337000,1769337000,810,0.19,0.2,0.195,0.01,427.68,192.21,0.8,0.81,0
btc-updown-15m-1769337000,1769337000,825,0.37,0.38,0.375,0.01,136,63.3,0.62,0.63,4
btc-updown-15m-1769337000,1769337000,840,0.29,0.3,0.295,0.01,316.47,326.53,0.7,0.71,8
btc-updown-15m-1769337000,1769337000,845,0.29,0.3,0.295,0.01,82.05,119.99,0.7,0.71,35
btc-updown-15m-1769337000,1769337000,850,0.35,0.36,0.355,0.01,310.15,152.09,0.64,0.65,40
btc-updown-15m-1769337000,1769337000,855,0.35,0.36,0.355,0.01,323.48,220.18,0.64,0.65,84
btc-updown-15m-1769337000,1769337000,860,0.39,0.4,0.395,0.01,267.79,130.41,0.6,0.61,71
btc-updown-15m-1769337000,1769337000,865,0.44,0.45,0.445,0.01,207.14,269.98,0.55,0.56,8
btc-updown-15m-1769337000,1769337000,870,0.39,0.41,0.4,0.02,165.03,180.34,0.59,0.61,12
btc-updown-15m-1769337000,1769337000,875,0.36,0.37,0.365,0.01,116.63,86.65,0.63,0.64,18
btc-updown-15m-1769337000,1769337000,880,0.31,0.33,0.32,0.02,199,22.06,0.67,0.69,0
btc-updown-15m-1769337000,1769337000,885,0.23,0.26,0.245,0.03,142,42.38,0.74,0.77,8
btc-updown-15m-1769337000,1769337000,890,0.17,0.21,0.19,0.04,7399.62,39.67,0.79,0.83,12
btc-updown-15m-1769337000,1769337000,895,0.06,0.09,0.075,0.03,1357,193.71,0.91,0.94,45
btc-updown-15m-1769337000,1769337000,897,0.01,0.05,0.03,0.04,4706.39,194.66,0.95,0.99,7
btc-updown-15m-1769337000,1769337000,899,,0.01,,,0,11779.91,0.99,,3
btc-updown-15m-1769337000,1769337000,900,,0.01,,,0,13324.78,0.99,,31
btc-updown-15m-1769347800,1769347800,0,0.81,0.89,0.85,0.08,1088.61,745.78,0.11,0.19,155
btc-updown-15m-1769347800,1769347800,15,0.55,0.56,0.555,0.01,2628.29,2772.64,0.44,0.45,11
btc-updown-15m-1769347800,1769347800,30,0.56,0.57,0.565,0.01,618.74,2705.04,0.43,0.44,11
btc-updown-15m-1769347800,1769347800,45,0.58,0.59,0.585,0.01,2490.27,3092.86,0.41,0.42,37
btc-updown-15m-1769347800,1769347800,60,0.49,0.5,0.495,0.01,1740.51,1328.17,0.5,0.51,506
btc-updown-15m-1769347800,1769347800,75,0.36,0.37,0.365,0.01,1542.56,348.28,0.63,0.64,92
btc-updown-15m-1769347800,1769347800,90,0.55,0.56,0.555,0.01,1354.28,147.53,0.44,0.45,55
btc-updown-15m-1769347800,1769347800,105,0.66,0.67,0.665,0.01,1224.92,2874.34,0.33,0.34,4
btc-updown-15m-1769347800,1769347800,120,0.69,0.7,0.695,0.01,1188.02,2681.56,0.3,0.31,27
btc-updown-15m-1769347800,1769347800,135,0.64,0.65,0.645,0.01,2233.17,1658.59,0.35,0.36,9
btc-updown-15m-1769347800,1769347800,150,0.56,0.57,0.565,0.01,2070.61,2156.37,0.43,0.44,59
btc-updown-15m-1769347800,1769347800,165,0.57,0.61,0.59,0.04,3047.84,2860.38,0.39,0.43,1
btc-updown-15m-1769347800,1769347800,180,0.66,0.67,0.665,0.01,553.09,3095.5,0.33,0.34,6
btc-updown-15m-1769347800,1769347800,195,0.72,0.73,0.725,0.01,1233.59,2633.56,0.27,0.28,5
btc-updown-15m-1769347800,1769347800,210,0.72,0.73,0.725,0.01,3129.56,1371.12,0.27,0.28,1
btc-updown-15m-1769347800,1769347800,225,0.77,0.78,0.775,0.01,1421.08,1352.74,0.22,0.23,15
btc-updown-15m-1769347800,1769347800,240,0.78,0.8,0.79,0.02,3753.18,3257.09,0.2,0.22,3
btc-updown-15m-1769347800,1769347800,255,0.77,0.78,0.775,0.01,3689.47,1146.42,0.22,0.23,29
btc-updown-15m-1769347800,1769347800,270,0.84,0.85,0.845,0.01,519.37,3362.05,0.15,0.16,62
btc-updown-15m-1769347800,1769347800,285,0.83,0.84,0.835,0.01,2605.09,3190.48,0.16,0.17,66
btc-updown-15m-1769347800,1769347800,300,0.82,0.83,0.825,0.01,2995.99,3318.99,0.17,0.18,63
btc-updown-15m-1769347800,1769347800,315,0.89,0.9,0.895,0.01,2589.25,1686.48,0.1,0.11,23
btc-updown-15m-1769347800,1769347800,330,0.92,0.93,0.925,0.01,3007.65,2217.43,0.07,0.08,5
btc-updown-15m-1769347800,1769347800,345,0.93,0.94,0.935,0.01,5231.46,3211.06,0.06,0.07,18
btc-updown-15m-1769347800,1769347800,360,0.92,0.93,0.925,0.01,1850.34,2247.48,0.07,0.08,19
btc-updown-15m-1769347800,1769347800,375,0.92,0.93,0.925,0.01,905.12,2488.7,0.07,0.08,10
btc-updown-15m-1769347800,1769347800,390,0.92,0.93,0.925,0.01,3993.19,2278.02,0.07,0.08,48
btc-updown-15m-1769347800,1769347800,405,0.92,0.93,0.925,0.01,2079.13,3012.74,0.07,0.08,58
btc-updown-15m-1769347800,1769347800,420,0.9,0.91,0.905,0.01,3162.88,1853.28,0.09,0.1,2
btc-updown-15m-1769347800,1769347800,435,0.92,0.93,0.925,0.01,2918.6,3728.29,0.07,0.08,0
btc-updown-15m-1769347800,1769347800,450,0.91,0.93,0.92,0.02,3110.69,3927.95,0.07,0.09,274
btc-updown-15m-1769347800,1769347800,465,0.92,0.93,0.925,0.01,2217.4,3354.53,0.07,0.08,3
btc-updown-15m-1769347800,1769347800,480,0.94,0.95,0.945,0.01,374.5,8981.5,0.05,0.06,76
btc-updown-15m-1769347800,1769347800,495,0.93,0.94,0.935,0.01,1349.39,6184.99,0.06,0.07,90
btc-updown-15m-1769347800,1769347800,510,0.93,0.94,0.935,0.01,543.13,6905.49,0.06,0.07,3
btc-updown-15m-1769347800,1769347800,525,0.92,0.93,0.925,0.01,2870.66,2318.97,0.07,0.08,17
btc-updown-15m-1769347800,1769347800,540,0.9,0.91,0.905,0.01,3772.41,1147.2,0.09,0.1,70
btc-updown-15m-1769347800,1769347800,555,0.94,0.95,0.945,0.01,3676.77,7920.52,0.05,0.06,24
btc-updown-15m-1769347800,1769347800,570,0.94,0.95,0.945,0.01,3069.25,5699.17,0.05,0.06,11
btc-updown-15m-1769347800,1769347800,585,0.95,0.96,0.955,0.01,3004.25,8865.25,0.04,0.05,53
btc-updown-15m-1769347800,1769347800,600,0.94,0.95,0.945,0.01,2575.42,5844.26,0.05,0.06,22
btc-updown-15m-1769347800,1769347800,615,0.95,0.96,0.955,0.01,1747.82,5957.79,0.04,0.05,50
btc-updown-15m-1769347800,1769347800,630,0.96,0.97,0.965,0.01,1699.05,13794.59,0.03,0.04,47
btc-updown-15m-1769347800,1769347800,645,0.97,0.98,0.975,0.01,2058.47,12172.58,0.02,0.03,122
btc-updown-15m-1769347800,1769347800,660,0.97,0.98,0.975,0.01,1974.39,11209.77,0.02,0.03,2
btc-updown-15m-1769347800,1769347800,675,0.97,0.98,0.975,0.01,2809.27,8104.86,0.02,0.03,9
btc-updown-15m-1769347800,1769347800,690,0.98,0.99,0.985,0.01,6505.29,4960.03,0.01,0.02,20
btc-updown-15m-1769347800,1769347800,705,0.99,,,,23482.75,0,,0.01,107
btc-updown-15m-1769347800,1769347800,720,0.99,,,,12028.69,0,,0.01,134
btc-updown-15m-1769347800,1769347800,735,0.99,,,,10815.4,0,,0.01,273
btc-updown-15m-1769347800,1769347800,750,0.99,,,,11257.96,0,,0.01,653
btc-updown-15m-1769347800,1769347800,765,0.99,,,,15228.1,0,,0.01,342
btc-updown-15m-1769347800,1769347800,780,0.99,,,,18233.75,0,,0.01,61
btc-updown-15m-1769347800,1769347800,795,0.998,0.999,0.9985,0.001,759.65,589.89,0.001,0.002,29
btc-updown-15m-1769347800,1769347800,810,0.996,0.998,0.997,0.002,1459.87,314.58,0.002,0.004,32
btc-updown-15m-1769347800,1769347800,825,0.996,0.998,0.997,0.002,3114.83,1245.64,0.002,0.004,93
btc-updown-15m-1769347800,1769347800,840,0.999,,,,11187.39,0,,0.001,10
btc-updown-15m-1769347800,1769347800,845,0.999,,,,20113.82,0,,0.001,377
btc-updown-15m-1769347800,1769347800,850,0.999,,,,16502.59,0,,0.001,172
btc-updown-15m-1769347800,1769347800,855,0.999,,,,16692.59,0,,0.001,1
btc-updown-15m-1769347800,1769347800,860,0.999,,,,15878.94,0,,0.001,10
btc-updown-15m-1769347800,1769347800,865,0.999,,,,15878.94,0,,0.001,17
btc-updown-15m-1769347800,1769347800,870,0.999,,,,19869.08,0,,0.001,10
btc-updown-15m-1769347800,1769347800,875,0.999,,,,20869.08,0,,0.001,9
btc-updown-15m-1769347800,1769347800,880,0.999,,,,20819.88,0,,0.001,4
btc-updown-15m-1769347800,1769347800,885,0.999,,,,22267.88,0,,0.001,208
btc-updown-15m-1769347800,1769347800,890,0.999,,,,22728.89,0,,0.001,96
btc-updown-15m-1769347800,1769347800,895,0.999,,,,24112.61,0,,0.001,12
btc-updown-15m-1769347800,1769347800,897,0.999,,,,33074.01,0,,0.001,128
btc-updown-15m-1769347800,1769347800,899,0.999,,,,49862.01,0,,0.001,119
btc-updown-15m-1769347800,1769347800,900,0.999,,,,50033.51,0,,0.001,63
btc-updown-15m-1769357700,1769357700,0,0.57,0.61,0.59,0.04,1870.94,100.93,0.39,0.43,76
btc-updown-15m-1769357700,1769357700,15,0.59,0.6,0.595,0.01,5455.37,1256.53,0.4,0.41,123
btc-updown-15m-1769357700,1769357700,30,0.62,0.63,0.625,0.01,2989.69,3661.5,0.37,0.38,63
btc-updown-15m-1769357700,1769357700,45,0.57,0.58,0.575,0.01,3763.54,230.77,0.42,0.43,54
btc-updown-15m-1769357700,1769357700,60,0.47,0.48,0.475,0.01,128,4855.35,0.52,0.53,102
btc-updown-15m-1769357700,1769357700,75,0.32,0.33,0.325,0.01,3747.46,697.79,0.67,0.68,98
btc-updown-15m-1769357700,1769357700,90,0.29,0.3,0.295,0.01,1733,3562.01,0.7,0.71,1
btc-updown-15m-1769357700,1769357700,105,0.25,0.26,0.255,0.01,2027.38,3068.3,0.74,0.75,64
btc-updown-15m-1769357700,1769357700,120,0.22,0.23,0.225,0.01,985.67,695.85,0.77,0.78,25
btc-updown-15m-1769357700,1769357700,135,0.34,0.35,0.345,0.01,1819.67,2116.38,0.65,0.66,59
btc-updown-15m-1769357700,1769357700,150,0.37,0.38,0.375,0.01,1189.63,977.04,0.62,0.63,0
btc-updown-15m-1769357700,1769357700,165,0.58,0.6,0.59,0.02,580.94,1096.64,0.4,0.42,72
btc-updown-15m-1769357700,1769357700,180,0.59,0.6,0.595,0.01,2060.03,3501.99,0.4,0.41,17
btc-updown-15m-1769357700,1769357700,195,0.57,0.58,0.575,0.01,838.03,2524.59,0.42,0.43,3
btc-updown-15m-1769357700,1769357700,210,0.57,0.58,0.575,0.01,1066.33,3289.44,0.42,0.43,2
btc-updown-15m-1769357700,1769357700,225,0.58,0.59,0.585,0.01,683.67,2327.33,0.41,0.42,99
btc-updown-15m-1769357700,1769357700,240,0.52,0.53,0.525,0.01,2616.01,1802,0.47,0.48,1
btc-updown-15m-1769357700,1769357700,255,0.34,0.35,0.345,0.01,2890.85,1164.23,0.65,0.66,7
btc-updown-15m-1769357700,1769357700,270,0.26,0.27,0.265,0.01,1308.27,996.09,0.73,0.74,0
btc-updown-15m-1769357700,1769357700,285,0.24,0.25,0.245,0.01,2752.89,1172.03,0.75,0.76,7
btc-updown-15m-1769357700,1769357700,300,0.22,0.23,0.225,0.01,2467.73,2049.7,0.77,0.78,22
btc-updown-15m-1769357700,1769357700,315,0.15,0.16,0.155,0.01,1166.78,1573.19,0.84,0.85,66
btc-updown-15m-1769357700,1769357700,330,0.18,0.2,0.19,0.02,3054.24,88.6,0.8,0.82,77
btc-updown-15m-1769357700,1769357700,345,0.3,0.31,0.305,0.01,970.17,2100.24,0.69,0.7,23
btc-updown-15m-1769357700,1769357700,360,0.28,0.29,0.285,0.01,1732.45,2527.87,0.71,0.72,71
btc-updown-15m-1769357700,1769357700,375,0.26,0.28,0.27,0.02,1988.92,1498.66,0.72,0.74,18
btc-updown-15m-1769357700,1769357700,390,0.3,0.31,0.305,0.01,593.81,1634.5,0.69,0.7,36
btc-updown-15m-1769357700,1769357700,405,0.23,0.24,0.235,0.01,605.53,1567.14,0.76,0.77,2
btc-updown-15m-1769357700,1769357700,420,0.34,0.35,0.345,0.01,747.13,2743.11,0.65,0.66,0
btc-updown-15m-1769357700,1769357700,435,0.37,0.38,0.375,0.01,1644.89,1535,0.62,0.63,7
btc-updown-15m-1769357700,1769357700,450,0.37,0.4,0.385,0.03,1785.51,196.09,0.6,0.63,56
btc-updown-15m-1769357700,1769357700,465,0.38,0.39,0.385,0.01,648.09,1421.59,0.61,0.62,0
btc-updown-15m-1769357700,1769357700,480,0.26,0.28,0.27,0.02,270.84,1631.54,0.72,0.74,0
btc-updown-15m-1769357700,1769357700,495,0.37,0.38,0.375,0.01,972.92,1985.97,0.62,0.63,2
btc-updown-15m-1769357700,1769357700,510,0.48,0.49,0.485,0.01,116.74,2528.34,0.51,0.52,5
btc-updown-15m-1769357700,1769357700,525,0.46,0.47,0.465,0.01,799.16,2159.43,0.53,0.54,1
btc-updown-15m-1769357700,1769357700,540,0.49,0.5,0.495,0.01,1782.25,1097,0.5,0.51,0
btc-updown-15m-1769357700,1769357700,555,0.44,0.45,0.445,0.01,427.86,1146.46,0.55,0.56,0
btc-updown-15m-1769357700,1769357700,570,0.44,0.45,0.445,0.01,194.09,489.09,0.55,0.56,2
btc-updown-15m-1769357700,1769357700,585,0.49,0.5,0.495,0.01,608.03,1670.5,0.5,0.51,17
btc-updown-15m-1769357700,1769357700,600,0.54,0.55,0.545,0.01,1559.13,1510.59,0.45,0.46,0
btc-updown-15m-1769357700,1769357700,615,0.38,0.39,0.385,0.01,827.54,1109.46,0.61,0.62,0
btc-updown-15m-1769357700,1769357700,630,0.56,0.57,0.565,0.01,902.66,1517.95,0.43,0.44,3
btc-updown-15m-1769357700,1769357700,645,0.6,0.61,0.605,0.01,765.27,1108.73,0.39,0.4,47
btc-updown-15m-1769357700,1769357700,660,0.61,0.62,0.615,0.01,1255.72,641.87,0.38,0.39,0
btc-updown-15m-1769357700,1769357700,675,0.47,0.48,0.475,0.01,1262.26,902,0.52,0.53,18
btc-updown-15m-1769357700,1769357700,690,0.45,0.46,0.455,0.01,1763.98,438.42,0.54,0.55,8
btc-updown-15m-1769357700,1769357700,705,0.47,0.48,0.475,0.01,755.5,839,0.52,0.53,15
btc-updown-15m-1769357700,1769357700,720,0.34,0.37,0.355,0.03,1307.09,308.32,0.63,0.66,0
btc-updown-15m-1769357700,1769357700,735,0.61,0.63,0.62,0.02,692.58,1410.39,0.37,0.39,55
btc-updown-15m-1769357700,1769357700,750,0.52,0.53,0.525,0.01,1657.5,135,0.47,0.48,5
btc-updown-15m-1769357700,1769357700,765,0.51,0.52,0.515,0.01,561.3,189.35,0.48,0.49,9
btc-updown-15m-1769357700,1769357700,780,0.54,0.55,0.545,0.01,1049.09,713.94,0.45,0.46,1
btc-updown-15m-1769357700,1769357700,795,0.7,0.71,0.705,0.01,754.8,722.32,0.29,0.3,0
btc-updown-15m-1769357700,1769357700,810,0.87,0.88,0.875,0.01,2095.12,1369,0.12,0.13,1
btc-updown-15m-1769357700,1769357700,825,0.97,0.98,0.975,0.01,3101.5,9609.13,0.02,0.03,3
btc-updown-15m-1769357700,1769357700,840,0.98,0.99,0.985,0.01,9229.17,3183.06,0.01,0.02,1
btc-updown-15m-1769357700,1769357700,845,0.98,0.99,0.985,0.01,4332.24,2441.9,0.01,0.02,0
btc-updown-15m-1769357700,1769357700,850,0.99,,,,8631.25,0,,0.01,3
btc-updown-15m-1769357700,1769357700,855,0.98,0.99,0.985,0.01,2850.28,654.78,0.01,0.02,1
btc-updown-15m-1769357700,1769357700,860,0.97,0.98,0.975,0.01,1518.2,913.95,0.02,0.03,4
btc-updown-15m-1769357700,1769357700,865,0.98,0.99,0.985,0.01,1084.01,451.22,0.01,0.02,53
btc-updown-15m-1769357700,1769357700,870,0.99,,,,2613.75,0,,0.01,194
btc-updown-15m-1769357700,1769357700,875,0.99,,,,2275.02,0,,0.01,213
btc-updown-15m-1769357700,1769357700,880,0.99,,,,1948.04,0,,0.01,69
btc-updown-15m-1769357700,1769357700,885,0.99,,,,13532.07,0,,0.01,288
btc-updown-15m-1769357700,1769357700,890,0.99,,,,28732.29,0,,0.01,178
btc-updown-15m-1769357700,1769357700,895,0.99,,,,31743.32,0,,0.01,36
btc-updown-15m-1769357700,1769357700,897,0.99,,,,43534.31,0,,0.01,70
btc-updown-15m-1769357700,1769357700,899,0.99,,,,45264.37,0,,0.01,234
btc-updown-15m-1769357700,1769357700,900,0.99,,,,49625.38,0,,0.01,4
btc-updown-15m-1769368500,1769368500,0,0.58,0.6,0.59,0.02,453.66,333.82,0.4,0.42,55
btc-updown-15m-1769368500,1769368500,15,0.52,0.53,0.525,0.01,1769.63,4443.31,0.47,0.48,10
btc-updown-15m-1769368500,1769368500,30,0.58,0.59,0.585,0.01,452.74,5100.42,0.41,0.42,46
btc-updown-15m-1769368500,1769368500,45,0.55,0.56,0.555,0.01,2499.87,4235.26,0.44,0.45,43
btc-updown-15m-1769368500,1769368500,60,0.54,0.55,0.545,0.01,3351.91,1986.71,0.45,0.46,42
btc-updown-15m-1769368500,1769368500,75,0.43,0.44,0.435,0.01,1641.41,457,0.56,0.57,25
btc-updown-15m-1769368500,1769368500,90,0.39,0.4,0.395,0.01,3732.08,2248.48,0.6,0.61,16
btc-updown-15m-1769368500,1769368500,105,0.38,0.39,0.385,0.01,2961.66,1302.35,0.61,0.62,23
btc-updown-15m-1769368500,1769368500,120,0.32,0.33,0.325,0.01,2430.47,2943.77,0.67,0.68,0
btc-updown-15m-1769368500,1769368500,135,0.39,0.4,0.395,0.01,921.72,5215.03,0.6,0.61,0
btc-updown-15m-1769368500,1769368500,150,0.4,0.41,0.405,0.01,1444.04,2959.33,0.59,0.6,17
btc-updown-15m-1769368500,1769368500,165,0.4,0.42,0.41,0.02,1923.56,2726.24,0.58,0.6,1
btc-updown-15m-1769368500,1769368500,180,0.28,0.29,0.285,0.01,786.53,1186.85,0.71,0.72,92
btc-updown-15m-1769368500,1769368500,195,0.22,0.23,0.225,0.01,755.72,5005.61,0.77,0.78,1
btc-updown-15m-1769368500,1769368500,210,0.17,0.18,0.175,0.01,2072.05,3514.33,0.82,0.83,20
btc-updown-15m-1769368500,1769368500,225,0.15,0.16,0.155,0.01,3451.91,3951.69,0.84,0.85,5
btc-updown-15m-1769368500,1769368500,240,0.15,0.16,0.155,0.01,2261.04,3974.43,0.84,0.85,0
btc-updown-15m-1769368500,1769368500,255,0.21,0.22,0.215,0.01,2793.11,3319.79,0.78,0.79,3
btc-updown-15m-1769368500,1769368500,270,0.19,0.2,0.195,0.01,5645.97,2500.06,0.8,0.81,9
btc-updown-15m-1769368500,1769368500,285,0.19,0.2,0.195,0.01,553.48,5046.61,0.8,0.81,0
btc-updown-15m-1769368500,1769368500,300,0.14,0.15,0.145,0.01,2871.46,3309.43,0.85,0.86,26
btc-updown-15m-1769368500,1769368500,315,0.09,0.1,0.095,0.01,1574.69,5658.92,0.9,0.91,0
btc-updown-15m-1769368500,1769368500,330,0.08,0.09,0.085,0.01,2449.18,5112.48,0.91,0.92,4
btc-updown-15m-1769368500,1769368500,345,0.02,0.03,0.025,0.01,13151.32,2259.17,0.97,0.98,13
btc-updown-15m-1769368500,1769368500,360,0.02,0.03,0.025,0.01,10987.45,2671.22,0.97,0.98,274
btc-updown-15m-1769368500,1769368500,375,0.06,0.07,0.065,0.01,1845.16,1329.36,0.93,0.94,51
btc-updown-15m-1769368500,1769368500,390,0.03,0.05,0.04,0.02,10951.38,2485.68,0.95,0.97,10
btc-updown-15m-1769368500,1769368500,405,0.03,0.04,0.035,0.01,12874.35,2556.19,0.96,0.97,3
btc-updown-15m-1769368500,1769368500,420,0.03,0.04,0.035,0.01,13654.69,2211.69,0.96,0.97,3
btc-updown-15m-1769368500,1769368500,435,0.02,0.03,0.025,0.01,11738.29,4188.06,0.97,0.98,15
btc-updown-15m-1769368500,1769368500,450,0.02,0.03,0.025,0.01,12134.93,1818.15,0.97,0.98,3
btc-updown-15m-1769368500,1769368500,465,0.02,0.03,0.025,0.01,9637.05,2026.3,0.97,0.98,7
btc-updown-15m-1769368500,1769368500,480,0.02,0.03,0.025,0.01,9549.57,1424.62,0.97,0.98,29
btc-updown-15m-1769368500,1769368500,495,0.02,0.03,0.025,0.01,8897.57,2598.67,0.97,0.98,31
btc-updown-15m-1769368500,1769368500,510,0.01,0.02,0.015,0.01,7202.22,2509.12,0.98,0.99,5
btc-updown-15m-1769368500,1769368500,525,0.01,0.02,0.015,0.01,6147.56,3020.75,0.98,0.99,121
btc-updown-15m-1769368500,1769368500,540,0.01,0.02,0.015,0.01,6629.17,2702.62,0.98,0.99,199
btc-updown-15m-1769368500,1769368500,555,0.01,0.019,0.0145,0.009,1992.71,3317.44,0.981,0.99,39
btc-updown-15m-1769368500,1769368500,570,0.01,0.019,0.0145,0.009,3308.71,4367.18,0.981,0.99,22
btc-updown-15m-1769368500,1769368500,585,0.003,0.01,0.0065,0.007,4966,6410.77,0.99,0.997,65
btc-updown-15m-1769368500,1769368500,600,0.004,0.009,0.0065,0.005,3104.94,7420.57,0.991,0.996,1
btc-updown-15m-1769368500,1769368500,615,0.004,0.008,0.006,0.004,2737.98,8852.18,0.992,0.996,27
btc-updown-15m-1769368500,1769368500,630,0.003,0.007,0.005,0.004,5425.3,3651.5,0.993,0.997,33
btc-updown-15m-1769368500,1769368500,645,0.003,0.005,0.004,0.002,5385.3,4363.02,0.995,0.997,2
btc-updown-15m-1769368500,1769368500,660,0.002,0.007,0.0045,0.005,3266,2518.06,0.993,0.998,61
btc-updown-15m-1769368500,1769368500,675,0.002,0.005,0.0035,0.003,1093.73,3173.6,0.995,0.998,14
btc-updown-15m-1769368500,1769368500,690,0.001,0.004,0.0025,0.003,282.95,3853.72,0.996,0.999,13
btc-updown-15m-1769368500,1769368500,705,0.002,0.003,0.0025,0.001,299.54,2879.87,0.997,0.998,18
btc-updown-15m-1769368500,1769368500,720,0.002,0.004,0.003,0.002,536.17,5318.71,0.996,0.998,32
btc-updown-15m-1769368500,1769368500,735,0.001,0.002,0.0015,0.001,1332.22,5172.49,0.998,0.999,23
btc-updown-15m-1769368500,1769368500,750,0.001,0.004,0.0025,0.003,1385.01,4046.21,0.996,0.999,73
btc-updown-15m-1769368500,1769368500,765,0.001,0.003,0.002,0.002,304.64,3841.22,0.997,0.999,325
btc-updown-15m-1769368500,1769368500,780,,0.001,,,0,2442.21,0.999,,222
btc-updown-15m-1769368500,1769368500,795,0.001,0.002,0.0015,0.001,671.11,2480.93,0.998,0.999,28
btc-updown-15m-1769368500,1769368500,810,0.001,0.002,0.0015,0.001,570.73,3980.93,0.998,0.999,72
btc-updown-15m-1769368500,1769368500,825,,0.001,,,0,12869.32,0.999,,1
btc-updown-15m-1769368500,1769368500,840,,0.001,,,0,23369.28,0.999,,27
btc-updown-15m-1769368500,1769368500,845,,0.001,,,0,18384.29,0.999,,19
btc-updown-15m-1769368500,1769368500,850,,0.001,,,0,18338.42,0.999,,12
btc-updown-15m-1769368500,1769368500,855,,0.001,,,0,21708.42,0.999,,12
btc-updown-15m-1769368500,1769368500,860,,0.001,,,0,21708.42,0.999,,98
btc-updown-15m-1769368500,1769368500,865,,0.001,,,0,21269.01,0.999,,19
btc-updown-15m-1769368500,1769368500,870,,0.001,,,0,21269.01,0.999,,258
btc-updown-15m-1769368500,1769368500,875,,0.001,,,0,21269.01,0.999,,31
btc-updown-15m-1769368500,1769368500,880,,0.001,,,0,21269.01,0.999,,4
btc-updown-15m-1769368500,1769368500,885,,0.001,,,0,21669.41,0.999,,52
btc-updown-15m-1769368500,1769368500,890,,0.001,,,0,22786.03,0.999,,833
btc-updown-15m-1769368500,1769368500,895,,0.001,,,0,32746.59,0.999,,9
btc-updown-15m-1769368500,1769368500,897,,0.001,,,0,32746.59,0.999,,15
btc-updown-15m-1769368500,1769368500,899,,0.001,,,0,33023.19,0.999,,15
btc-updown-15m-1769368500,1769368500,900,,0.001,,,0,33023.19,0.999,,68
btc-updown-15m-1769378400,1769378400,0,0.51,0.52,0.515,0.01,1215.15,816.24,0.48,0.49,43
btc-updown-15m-1769378400,1769378400,15,0.51,0.52,0.515,0.01,1463.62,4736.1,0.48,0.49,6
btc-updown-15m-1769378400,1769378400,30,0.52,0.53,0.525,0.01,3595.86,3996.52,0.47,0.48,23
btc-updown-15m-1769378400,1769378400,45,0.51,0.52,0.515,0.01,3186.28,3952.43,0.48,0.49,34
btc-updown-15m-1769378400,1769378400,60,0.54,0.55,0.545,0.01,1634.25,1206.21,0.45,0.46,5
btc-updown-15m-1769378400,1769378400,75,0.32,0.33,0.325,0.01,1258.5,1131.04,0.67,0.68,21
btc-updown-15m-1769378400,1769378400,90,0.22,0.23,0.225,0.01,2234.32,2213.92,0.77,0.78,22
btc-updown-15m-1769378400,1769378400,105,0.22,0.23,0.225,0.01,3206.34,1713.04,0.77,0.78,143
btc-updown-15m-1769378400,1769378400,120,0.22,0.27,0.245,0.05,2631.69,3005.11,0.73,0.78,22
btc-updown-15m-1769378400,1769378400,135,0.23,0.24,0.235,0.01,4278.02,2906.28,0.76,0.77,14
btc-updown-15m-1769378400,1769378400,150,0.16,0.18,0.17,0.02,4768.68,957.33,0.82,0.84,41
btc-updown-15m-1769378400,1769378400,165,0.15,0.16,0.155,0.01,2199.43,4132.16,0.84,0.85,4
btc-updown-15m-1769378400,1769378400,180,0.15,0.16,0.155,0.01,2543.19,4217,0.84,0.85,6
btc-updown-15m-1769378400,1769378400,195,0.15,0.16,0.155,0.01,4246.22,2936.3,0.84,0.85,2
btc-updown-15m-1769378400,1769378400,210,0.28,0.29,0.285,0.01,833.77,2155.97,0.71,0.72,0
btc-updown-15m-1769378400,1769378400,225,0.33,0.34,0.335,0.01,2712.65,2343.67,0.66,0.67,5
btc-updown-15m-1769378400,1769378400,240,0.32,0.33,0.325,0.01,2712.51,2560.84,0.67,0.68,11
btc-updown-15m-1769378400,1769378400,255,0.25,0.26,0.255,0.01,1986.92,2243.1,0.74,0.75,13
btc-updown-15m-1769378400,1769378400,270,0.23,0.24,0.235,0.01,3674.63,368.58,0.76,0.77,8
btc-updown-15m-1769378400,1769378400,285,0.26,0.27,0.265,0.01,2707.23,3978.72,0.73,0.74,7
btc-updown-15m-1769378400,1769378400,300,0.26,0.27,0.265,0.01,1772.07,4497.24,0.73,0.74,0
btc-updown-15m-1769378400,1769378400,315,0.22,0.23,0.225,0.01,2380.44,3514.86,0.77,0.78,16
btc-updown-15m-1769378400,1769378400,330,0.19,0.2,0.195,0.01,3320.4,3410.59,0.8,0.81,14
btc-updown-15m-1769378400,1769378400,345,0.2,0.21,0.205,0.01,2567.29,1798.77,0.79,0.8,38
btc-updown-15m-1769378400,1769378400,360,0.17,0.18,0.175,0.01,2793.07,1862.9,0.82,0.83,10
btc-updown-15m-1769378400,1769378400,375,0.17,0.18,0.175,0.01,3392.02,2160.59,0.82,0.83,0
btc-updown-15m-1769378400,1769378400,390,0.13,0.14,0.135,0.01,4708.63,1601.37,0.86,0.87,41
btc-updown-15m-1769378400,1769378400,405,0.11,0.12,0.115,0.01,3528.83,2541.2,0.88,0.89,5
btc-updown-15m-1769378400,1769378400,420,0.14,0.15,0.145,0.01,1934.26,2478.25,0.85,0.86,31
btc-updown-15m-1769378400,1769378400,435,0.1,0.11,0.105,0.01,2729.82,3684.47,0.89,0.9,24
btc-updown-15m-1769378400,1769378400,450,0.12,0.13,0.125,0.01,1692.64,2742.37,0.87,0.88,8
btc-updown-15m-1769378400,1769378400,465,0.08,0.09,0.085,0.01,1729.51,2091.69,0.91,0.92,17
btc-updown-15m-1769378400,1769378400,480,0.04,0.05,0.045,0.01,8704.48,1986.02,0.95,0.96,16
btc-updown-15m-1769378400,1769378400,495,0.07,0.08,0.075,0.01,3639.57,4555.74,0.92,0.93,40
btc-updown-15m-1769378400,1769378400,510,0.05,0.06,0.055,0.01,4631.73,3004.07,0.94,0.95,11
btc-updown-15m-1769378400,1769378400,525,0.07,0.08,0.075,0.01,3014.31,2683.75,0.92,0.93,17
btc-updown-15m-1769378400,1769378400,540,0.08,0.09,0.085,0.01,1851.53,3217.6,0.91,0.92,3
btc-updown-15m-1769378400,1769378400,555,0.05,0.06,0.055,0.01,3273.97,3805.89,0.94,0.95,25
btc-updown-15m-1769378400,1769378400,570,0.05,0.06,0.055,0.01,4554.37,2203.89,0.94,0.95,25
btc-updown-15m-1769378400,1769378400,585,0.05,0.06,0.055,0.01,4146.87,3044.83,0.94,0.95,3
btc-updown-15m-1769378400,1769378400,600,0.08,0.09,0.085,0.01,2621.81,2430.22,0.91,0.92,0
btc-updown-15m-1769378400,1769378400,615,0.06,0.07,0.065,0.01,5654.48,1034.04,0.93,0.94,145
btc-updown-15m-1769378400,1769378400,630,0.15,0.16,0.155,0.01,873.71,599.45,0.84,0.85,6
btc-updown-15m-1769378400,1769378400,645,0.1,0.11,0.105,0.01,1256.72,1757.81,0.89,0.9,6
btc-updown-15m-1769378400,1769378400,660,0.11,0.12,0.115,0.01,2672.19,1278.04,0.88,0.89,11
btc-updown-15m-1769378400,1769378400,675,0.1,0.11,0.105,0.01,1293.25,978.09,0.89,0.9,5
btc-updown-15m-1769378400,1769378400,690,0.08,0.09,0.085,0.01,3446.2,441.59,0.91,0.92,0
btc-updown-15m-1769378400,1769378400,705,0.1,0.11,0.105,0.01,958.8,1714.69,0.89,0.9,209
btc-updown-15m-1769378400,1769378400,720,0.03,0.04,0.035,0.01,14285.6,634.5,0.96,0.97,2
btc-updown-15m-1769378400,1769378400,735,0.02,0.03,0.025,0.01,10965.79,1792.7,0.97,0.98,5
btc-updown-15m-1769378400,1769378400,750,0.04,0.05,0.045,0.01,5974.38,292.92,0.95,0.96,3
btc-updown-15m-1769378400,1769378400,765,0.02,0.03,0.025,0.01,11069.57,735.98,0.97,0.98,6
btc-updown-15m-1769378400,1769378400,780,0.02,0.03,0.025,0.01,8948.13,1738.61,0.97,0.98,20
btc-updown-15m-1769378400,1769378400,795,0.02,0.03,0.025,0.01,8503.12,1008.28,0.97,0.98,7
btc-updown-15m-1769378400,1769378400,810,0.01,0.02,0.015,0.01,743.31,2698.68,0.98,0.99,54
btc-updown-15m-1769378400,1769378400,825,,0.01,,,0,6200.62,0.99,,68
btc-updown-15m-1769378400,1769378400,840,,0.01,,,0,1951.54,0.99,,19
btc-updown-15m-1769378400,1769378400,845,0.02,0.03,0.025,0.01,2367.98,1593.32,0.97,0.98,6
btc-updown-15m-1769378400,1769378400,850,0.01,0.02,0.015,0.01,1126.64,3633.37,0.98,0.99,2
btc-updown-15m-1769378400,1769378400,855,0.01,0.02,0.015,0.01,1386.03,2796.9,0.98,0.99,23
btc-updown-15m-1769378400,1769378400,860,0.01,0.02,0.015,0.01,58,2411.48,0.98,0.99,20
btc-updown-15m-1769378400,1769378400,865,0.01,0.02,0.015,0.01,254.66,2318.8,0.98,0.99,23
btc-updown-15m-1769378400,1769378400,870,0.01,0.02,0.015,0.01,280.88,2545.03,0.98,0.99,17
btc-updown-15m-1769378400,1769378400,875,0.002,0.01,0.006,0.008,305.52,1414.31,0.99,0.998,14
btc-updown-15m-1769378400,1769378400,880,0.002,0.006,0.004,0.004,155.63,638,0.994,0.998,7
btc-updown-15m-1769378400,1769378400,885,0.002,0.009,0.0055,0.007,135.62,2763.84,0.991,0.998,52
btc-updown-15m-1769378400,1769378400,890,0.001,0.01,0.0055,0.009,2038,2537.58,0.99,0.999,214
btc-updown-15m-1769378400,1769378400,895,,0.01,,,0,3417.91,0.99,,62
btc-updown-15m-1769378400,1769378400,897,,0.01,,,0,2412.45,0.99,,20
btc-updown-15m-1769378400,1769378400,899,,0.001,,,0,8864.28,0.999,,128
btc-updown-15m-1769378400,1769378400,900,,0.001,,,0,30217.15,0.999,,34
btc-updown-15m-1769389200,1769389200,0,0.5,0.51,0.505,0.01,10947.1,3841.53,0.49,0.5,84
btc-updown-15m-1769389200,1769389200,15,0.57,0.58,0.575,0.01,367.27,1023.29,0.42,0.43,190
btc-updown-15m-1769389200,1769389200,30,0.57,0.58,0.575,0.01,833.45,1210.79,0.42,0.43,8972
btc-updown-15m-1769389200,1769389200,45,0.57,0.58,0.575,0.01,833.45,1210.79,0.42,0.43,13987
btc-updown-15m-1769389200,1769389200,60,0.57,0.58,0.575,0.01,833.45,1210.79,0.42,0.43,28987
btc-updown-15m-1769389200,1769389200,75,0.57,0.58,0.575,0.01,833.45,1210.79,0.42,0.43,43987
btc-updown-15m-1769389200,1769389200,90,0.57,0.58,0.575,0.01,833.45,1210.79,0.42,0.43,58987
btc-updown-15m-1769389200,1769389200,105,0.53,0.54,0.535,0.01,2120,35.52,0.46,0.47,21
btc-updown-15m-1769389200,1769389200,120,0.62,0.63,0.625,0.01,5308.97,900.69,0.37,0.38,14
btc-updown-15m-1769389200,1769389200,135,0.69,0.7,0.695,0.01,2336.37,2716.58,0.3,0.31,9
btc-updown-15m-1769389200,1769389200,150,0.69,0.7,0.695,0.01,3797.12,2642.92,0.3,0.31,17
btc-updown-15m-1769389200,1769389200,165,0.74,0.75,0.745,0.01,4573.2,458.34,0.25,0.26,0
btc-updown-15m-1769389200,1769389200,180,0.8,0.81,0.805,0.01,1481.74,1922.59,0.19,0.2,16
btc-updown-15m-1769389200,1769389200,195,0.81,0.82,0.815,0.01,3367.25,2523.18,0.18,0.19,1
btc-updown-15m-1769389200,1769389200,210,0.82,0.83,0.825,0.01,2878.26,3068.05,0.17,0.18,4
btc-updown-15m-1769389200,1769389200,225,0.85,0.86,0.855,0.01,2725.27,3963.59,0.14,0.15,6
btc-updown-15m-1769389200,1769389200,240,0.87,0.88,0.875,0.01,4559.73,2330.65,0.12,0.13,2
btc-updown-15m-1769389200,1769389200,255,0.89,0.9,0.895,0.01,3369.82,3244.86,0.1,0.11,20
btc-updown-15m-1769389200,1769389200,270,0.93,0.94,0.935,0.01,5457.36,2612.86,0.06,0.07,1
btc-updown-15m-1769389200,1769389200,285,0.93,0.94,0.935,0.01,4154.22,1866.15,0.06,0.07,36
btc-updown-15m-1769389200,1769389200,300,0.93,0.94,0.935,0.01,2897.04,2775.3,0.06,0.07,51
btc-updown-15m-1769389200,1769389200,315,0.94,0.95,0.945,0.01,4538.83,1900.09,0.05,0.06,1
btc-updown-15m-1769389200,1769389200,330,0.95,0.96,0.955,0.01,4718.62,6543.43,0.04,0.05,0
btc-updown-15m-1769389200,1769389200,345,0.95,0.96,0.955,0.01,4217.17,14245.2,0.04,0.05,6
btc-updown-15m-1769389200,1769389200,360,0.95,0.96,0.955,0.01,6446.04,12791.59,0.04,0.05,20
btc-updown-15m-1769389200,1769389200,375,0.96,0.97,0.965,0.01,5753.69,20415.57,0.03,0.04,9
btc-updown-15m-1769389200,1769389200,390,0.96,0.97,0.965,0.01,3081.45,19986.53,0.03,0.04,7
btc-updown-15m-1769389200,1769389200,405,0.96,0.97,0.965,0.01,3367.39,14454.09,0.03,0.04,3
btc-updown-15m-1769389200,1769389200,420,0.97,0.98,0.975,0.01,3128.8,13884.98,0.02,0.03,66
btc-updown-15m-1769389200,1769389200,435,0.97,0.98,0.975,0.01,3185.86,13021.5,0.02,0.03,20
btc-updown-15m-1769389200,1769389200,450,0.97,0.98,0.975,0.01,4978.16,11003.84,0.02,0.03,112
btc-updown-15m-1769389200,1769389200,465,0.98,0.99,0.985,0.01,4337.74,9238.12,0.01,0.02,0
btc-updown-15m-1769389200,1769389200,480,0.98,0.99,0.985,0.01,9159.15,6518.18,0.01,0.02,59
btc-updown-15m-1769389200,1769389200,495,0.982,0.99,0.986,0.008,6512.66,5719.8,0.01,0.018,25
btc-updown-15m-1769389200,1769389200,510,0.991,0.998,0.9945,0.007,3548.13,813,0.002,0.009,75
btc-updown-15m-1769389200,1769389200,525,0.993,0.998,0.9955,0.005,5083.26,1783,0.002,0.007,0
btc-updown-15m-1769389200,1769389200,540,0.992,0.993,0.9925,0.001,3406.33,1622,0.007,0.008,126
btc-updown-15m-1769389200,1769389200,555,0.993,0.996,0.9945,0.003,4561.71,3531,0.004,0.007,132
btc-updown-15m-1769389200,1769389200,570,0.994,0.996,0.995,0.002,4154.65,5501,0.004,0.006,45
btc-updown-15m-1769389200,1769389200,585,0.995,0.996,0.9955,0.001,5904.37,5457,0.004,0.005,47
btc-updown-15m-1769389200,1769389200,600,0.996,0.997,0.9965,0.001,4127.92,15519.62,0.003,0.004,0
btc-updown-15m-1769389200,1769389200,615,0.996,0.997,0.9965,0.001,7392.02,15292.62,0.003,0.004,38
btc-updown-15m-1769389200,1769389200,630,0.996,0.997,0.9965,0.001,7272.65,14646.46,0.003,0.004,101
btc-updown-15m-1769389200,1769389200,645,0.996,0.997,0.9965,0.001,6952.65,12587.05,0.003,0.004,43
btc-updown-15m-1769389200,1769389200,660,0.998,0.999,0.9985,0.001,7103.79,11277,0.001,0.002,52
btc-updown-15m-1769389200,1769389200,675,0.998,0.999,0.9985,0.001,12062.2,10887.92,0.001,0.002,69
btc-updown-15m-1769389200,1769389200,690,0.998,0.999,0.9985,0.001,11899.16,10917.92,0.001,0.002,12
btc-updown-15m-1769389200,1769389200,705,0.998,0.999,0.9985,0.001,8391.16,10358.48,0.001,0.002,8
btc-updown-15m-1769389200,1769389200,720,0.998,0.999,0.9985,0.001,4260.16,9846.62,0.001,0.002,21
btc-updown-15m-1769389200,1769389200,735,0.998,0.999,0.9985,0.001,3665.63,692.17,0.001,0.002,0
btc-updown-15m-1769389200,1769389200,750,0.998,0.999,0.9985,0.001,3606.76,660.15,0.001,0.002,217
btc-updown-15m-1769389200,1769389200,765,0.998,0.999,0.9985,0.001,3077.76,557.79,0.001,0.002,98
btc-updown-15m-1769389200,1769389200,780,0.999,,,,7077.96,0,,0.001,262
btc-updown-15m-1769389200,1769389200,795,0.999,,,,10037.41,0,,0.001,149
btc-updown-15m-1769389200,1769389200,810,0.999,,,,7350.39,0,,0.001,273
btc-updown-15m-1769389200,1769389200,825,0.999,,,,7297.39,0,,0.001,214
btc-updown-15m-1769389200,1769389200,840,0.991,,,,20354.77,0,,0.009,234
btc-updown-15m-1769389200,1769389200,845,0.991,,,,18180.03,0,,0.009,28
btc-updown-15m-1769389200,1769389200,850,0.992,,,,21370.14,0,,0.008,20
btc-updown-15m-1769389200,1769389200,855,0.992,,,,21320.14,0,,0.008,2
btc-updown-15m-1769389200,1769389200,860,0.992,,,,21214.19,0,,0.008,20
btc-updown-15m-1769389200,1769389200,865,0.993,,,,6416.82,0,,0.007,18
btc-updown-15m-1769389200,1769389200,870,0.997,0.998,0.9975,0.001,7460.47,210,0.002,0.003,30
btc-updown-15m-1769389200,1769389200,875,0.997,0.999,0.998,0.002,10417.25,570.43,0.001,0.003,15
btc-updown-15m-1769389200,1769389200,880,0.999,,,,4056.44,0,,0.001,12
btc-updown-15m-1769389200,1769389200,885,0.999,,,,5013.08,0,,0.001,46
btc-updown-15m-1769389200,1769389200,890,0.999,,,,9986.78,0,,0.001,25
btc-updown-15m-1769389200,1769389200,895,0.999,,,,44572.13,0,,0.001,18
btc-updown-15m-1769389200,1769389200,897,0.999,,,,44133.41,0,,0.001,28
btc-updown-15m-1769389200,1769389200,899,0.999,,,,44868.16,0,,0.001,127
btc-updown-15m-1769389200,1769389200,900,0.999,,,,46588.16,0,,0.001,172
btc-updown-15m-1769399100,1769399100,0,0.56,0.6,0.58,0.04,738.76,392.96,0.4,0.44,102
btc-updown-15m-1769399100,1769399100,15,0.56,0.57,0.565,0.01,2597.56,3238.32,0.43,0.44,7
btc-updown-15m-1769399100,1769399100,30,0.56,0.57,0.565,0.01,1870.98,1393.07,0.43,0.44,0
btc-updown-15m-1769399100,1769399100,45,0.56,0.58,0.57,0.02,2043.2,3772.48,0.42,0.44,0
btc-updown-15m-1769399100,1769399100,60,0.54,0.55,0.545,0.01,4088.87,1644.74,0.45,0.46,3
btc-updown-15m-1769399100,1769399100,75,0.52,0.53,0.525,0.01,2484.72,951.49,0.47,0.48,0
btc-updown-15m-1769399100,1769399100,90,0.56,0.57,0.565,0.01,3157.48,1658.03,0.43,0.44,0
btc-updown-15m-1769399100,1769399100,105,0.49,0.5,0.495,0.01,3352.56,2684.55,0.5,0.51,15
btc-updown-15m-1769399100,1769399100,120,0.45,0.46,0.455,0.01,2784.89,647,0.54,0.55,10
btc-updown-15m-1769399100,1769399100,135,0.43,0.44,0.435,0.01,3384.07,2612.9,0.56,0.57,8
btc-updown-15m-1769399100,1769399100,150,0.46,0.47,0.465,0.01,4688.16,977.98,0.53,0.54,14
btc-updown-15m-1769399100,1769399100,165,0.22,0.23,0.225,0.01,3639.97,1247.99,0.77,0.78,3
btc-updown-15m-1769399100,1769399100,180,0.29,0.3,0.295,0.01,883.49,2583.99,0.7,0.71,4
btc-updown-15m-1769399100,1769399100,195,0.32,0.33,0.325,0.01,4310.79,2265.14,0.67,0.68,16
btc-updown-15m-1769399100,1769399100,210,0.34,0.35,0.345,0.01,4438.81,2931.69,0.65,0.66,9
btc-updown-15m-1769399100,1769399100,225,0.36,0.37,0.365,0.01,2102.53,3667.99,0.63,0.64,3
btc-updown-15m-1769399100,1769399100,240,0.3,0.31,0.305,0.01,911.63,3292.06,0.69,0.7,21
btc-updown-15m-1769399100,1769399100,255,0.29,0.3,0.295,0.01,2134.33,3576.64,0.7,0.71,0
btc-updown-15m-1769399100,1769399100,270,0.32,0.33,0.325,0.01,2071.15,4215.62,0.67,0.68,72
btc-updown-15m-1769399100,1769399100,285,0.42,0.43,0.425,0.01,2843.89,1178.97,0.57,0.58,1
btc-updown-15m-1769399100,1769399100,300,0.32,0.33,0.325,0.01,2835.14,1659.35,0.67,0.68,12
btc-updown-15m-1769399100,1769399100,315,0.46,0.47,0.465,0.01,454.83,1691.94,0.53,0.54,0
btc-updown-15m-1769399100,1769399100,330,0.31,0.32,0.315,0.01,1846.6,1653.49,0.68,0.69,12
btc-updown-15m-1769399100,1769399100,345,0.3,0.31,0.305,0.01,2927.86,1826.6,0.69,0.7,33
btc-updown-15m-1769399100,1769399100,360,0.33,0.34,0.335,0.01,2880.76,1683.09,0.66,0.67,0
btc-updown-15m-1769399100,1769399100,375,0.21,0.22,0.215,0.01,2483.2,2985.34,0.78,0.79,6
btc-updown-15m-1769399100,1769399100,390,0.19,0.2,0.195,0.01,4472.27,910.65,0.8,0.81,41
btc-updown-15m-1769399100,1769399100,405,0.28,0.29,0.285,0.01,2334.81,3859.6,0.71,0.72,5
btc-updown-15m-1769399100,1769399100,420,0.18,0.19,0.185,0.01,2223.74,1560.85,0.81,0.82,2
btc-updown-15m-1769399100,1769399100,435,0.09,0.1,0.095,0.01,1264.23,3459.91,0.9,0.91,5
btc-updown-15m-1769399100,1769399100,450,0.11,0.12,0.115,0.01,1965.28,3756.02,0.88,0.89,5
btc-updown-15m-1769399100,1769399100,465,0.07,0.08,0.075,0.01,4378.68,1548.89,0.92,0.93,23
btc-updown-15m-1769399100,1769399100,480,0.06,0.07,0.065,0.01,2129.82,3384.96,0.93,0.94,1
btc-updown-15m-1769399100,1769399100,495,0.05,0.06,0.055,0.01,3414.66,2205.75,0.94,0.95,0
btc-updown-15m-1769399100,1769399100,510,0.03,0.04,0.035,0.01,19733.56,2117.47,0.96,0.97,15
btc-updown-15m-1769399100,1769399100,525,0.02,0.03,0.025,0.01,16314.64,3559.44,0.97,0.98,1
btc-updown-15m-1769399100,1769399100,540,0.02,0.03,0.025,0.01,16734.35,2614.91,0.97,0.98,3
btc-updown-15m-1769399100,1769399100,555,0.02,0.03,0.025,0.01,16221.68,1676.82,0.97,0.98,17
btc-updown-15m-1769399100,1769399100,570,0.02,0.03,0.025,0.01,16121.68,1676.82,0.97,0.98,5985
btc-updown-15m-1769399100,1769399100,585,0.02,0.03,0.025,0.01,16121.68,1676.82,0.97,0.98,5984
btc-updown-15m-1769399100,1769399100,600,0.02,0.03,0.025,0.01,16121.68,1676.82,0.97,0.98,20984
btc-updown-15m-1769399100,1769399100,615,0.02,0.03,0.025,0.01,16121.68,1676.82,0.97,0.98,35984
btc-updown-15m-1769399100,1769399100,630,0.02,0.03,0.025,0.01,16121.68,1676.82,0.97,0.98,50984
btc-updown-15m-1769399100,1769399100,645,0.02,0.03,0.025,0.01,15275.6,2317.1,0.97,0.98,93
btc-updown-15m-1769399100,1769399100,660,0.01,0.02,0.015,0.01,10197.89,19673.5,0.98,0.99,7
btc-updown-15m-1769399100,1769399100,675,0.01,0.02,0.015,0.01,7425.53,21077.21,0.98,0.99,530
btc-updown-15m-1769399100,1769399100,690,0.01,0.02,0.015,0.01,5922.33,20713.19,0.98,0.99,38
btc-updown-15m-1769399100,1769399100,705,0.002,0.003,0.0025,0.001,1309.39,8530.31,0.997,0.998,26
btc-updown-15m-1769399100,1769399100,720,0.001,0.004,0.0025,0.003,610.36,2535.52,0.996,0.999,28
btc-updown-15m-1769399100,1769399100,735,0.003,0.008,0.0055,0.005,3139.2,6333.72,0.992,0.997,2
btc-updown-15m-1769399100,1769399100,750,0.005,0.008,0.0065,0.003,2605.06,8897.46,0.992,0.995,6
btc-updown-15m-1769399100,1769399100,765,0.005,0.008,0.0065,0.003,3377.15,5214.22,0.992,0.995,138
btc-updown-15m-1769399100,1769399100,780,0.005,0.01,0.0075,0.005,2958.47,8207.04,0.99,0.995,259
btc-updown-15m-1769399100,1769399100,795,0.005,0.01,0.0075,0.005,1896.57,6475.97,0.99,0.995,178
btc-updown-15m-1769399100,1769399100,810,0.005,0.01,0.0075,0.005,1766.38,5268.32,0.99,0.995,257
btc-updown-15m-1769399100,1769399100,825,0.006,0.01,0.008,0.004,1632.51,4046.38,0.99,0.994,502
btc-updown-15m-1769399100,1769399100,840,0.007,0.009,0.008,0.002,1045.36,3535.5,0.991,0.993,87
btc-updown-15m-1769399100,1769399100,845,0.007,0.01,0.0085,0.003,500.3,3258.66,0.99,0.993,8
btc-updown-15m-1769399100,1769399100,850,0.003,0.007,0.005,0.004,2189.57,9572.08,0.993,0.997,22
btc-updown-15m-1769399100,1769399100,855,0.003,0.006,0.0045,0.003,2164.57,8288.57,0.994,0.997,12
btc-updown-15m-1769399100,1769399100,860,0.003,0.006,0.0045,0.003,3070.16,8424.23,0.994,0.997,6
btc-updown-15m-1769399100,1769399100,865,0.006,0.007,0.0065,0.001,944.46,9808.85,0.993,0.994,11
btc-updown-15m-1769399100,1769399100,870,0.005,0.007,0.006,0.002,1222.67,6898.56,0.993,0.995,6
btc-updown-15m-1769399100,1769399100,875,0.001,0.007,0.004,0.006,1126.64,5567.89,0.993,0.999,252
btc-updown-15m-1769399100,1769399100,880,0.001,0.002,0.0015,0.001,767.22,2092.77,0.998,0.999,99
btc-updown-15m-1769399100,1769399100,885,0.001,0.007,0.004,0.006,317.55,3587.27,0.993,0.999,95
btc-updown-15m-1769399100,1769399100,890,0.001,0.005,0.003,0.004,87.76,3711.77,0.995,0.999,18
btc-updown-15m-1769399100,1769399100,895,,0.001,,,0,13690.22,0.999,,123
btc-updown-15m-1769399100,1769399100,897,,0.001,,,0,13749.83,0.999,,52
btc-updown-15m-1769399100,1769399100,899,,0.001,,,0,13944.29,0.999,,48
btc-updown-15m-1769399100,1769399100,900,,0.001,,,0,22749.28,0.999,,166
btc-updown-15m-1769409000,1769409000,0,0.48,0.5,0.49,0.02,229.31,244.73,0.5,0.52,48
btc-updown-15m-1769409000,1769409000,15,0.62,0.63,0.625,0.01,3129.69,1484.67,0.37,0.38,0
btc-updown-15m-1769409000,1769409000,30,0.62,0.63,0.625,0.01,2689.66,3243.16,0.37,0.38,29
btc-updown-15m-1769409000,1769409000,45,0.61,0.62,0.615,0.01,1685.12,2370.64,0.38,0.39,26
btc-updown-15m-1769409000,1769409000,60,0.59,0.6,0.595,0.01,2866.68,3685.89,0.4,0.41,7
btc-updown-15m-1769409000,1769409000,75,0.5,0.51,0.505,0.01,2418.95,843.33,0.49,0.5,72
btc-updown-15m-1769409000,1769409000,90,0.47,0.48,0.475,0.01,3137.84,1935.12,0.52,0.53,13
btc-updown-15m-1769409000,1769409000,105,0.5,0.51,0.505,0.01,1969.14,3428.37,0.49,0.5,9
btc-updown-15m-1769409000,1769409000,120,0.5,0.51,0.505,0.01,2434.49,3623.34,0.49,0.5,21
btc-updown-15m-1769409000,1769409000,135,0.56,0.57,0.565,0.01,799.32,3214.59,0.43,0.44,15
btc-updown-15m-1769409000,1769409000,150,0.64,0.65,0.645,0.01,2005.5,4541.69,0.35,0.36,11
btc-updown-15m-1769409000,1769409000,165,0.59,0.6,0.595,0.01,3496.94,1208.39,0.4,0.41,0
btc-updown-15m-1769409000,1769409000,180,0.6,0.61,0.605,0.01,593.79,2524.72,0.39,0.4,57
btc-updown-15m-1769409000,1769409000,195,0.59,0.6,0.595,0.01,2665.66,3666.84,0.4,0.41,37
btc-updown-15m-1769409000,1769409000,210,0.53,0.54,0.535,0.01,2720.3,3571.38,0.46,0.47,0
btc-updown-15m-1769409000,1769409000,225,0.56,0.57,0.565,0.01,3503.39,2047.27,0.43,0.44,9
btc-updown-15m-1769409000,1769409000,240,0.54,0.55,0.545,0.01,1966.39,816.96,0.45,0.46,7
btc-updown-15m-1769409000,1769409000,255,0.59,0.6,0.595,0.01,2421.67,3396.3,0.4,0.41,27
btc-updown-15m-1769409000,1769409000,270,0.59,0.6,0.595,0.01,2342.39,1899.69,0.4,0.41,2
btc-updown-15m-1769409000,1769409000,285,0.4,0.42,0.41,0.02,1992.04,748.56,0.58,0.6,8
btc-updown-15m-1769409000,1769409000,300,0.29,0.3,0.295,0.01,1510.06,1809.69,0.7,0.71,13
btc-updown-15m-1769409000,1769409000,315,0.31,0.32,0.315,0.01,344.54,4323.4,0.68,0.69,0
btc-updown-15m-1769409000,1769409000,330,0.33,0.34,0.335,0.01,1149.28,1878.06,0.66,0.67,0
btc-updown-15m-1769409000,1769409000,345,0.31,0.32,0.315,0.01,2652.36,1265.7,0.68,0.69,0
btc-updown-15m-1769409000,1769409000,360,0.37,0.38,0.375,0.01,1460.51,504.88,0.62,0.63,0
btc-updown-15m-1769409000,1769409000,375,0.3,0.31,0.305,0.01,1082.83,633.51,0.69,0.7,0
btc-updown-15m-1769409000,1769409000,390,0.21,0.22,0.215,0.01,920.94,1506.88,0.78,0.79,3
btc-updown-15m-1769409000,1769409000,405,0.28,0.29,0.285,0.01,2746.99,1427.26,0.71,0.72,13
btc-updown-15m-1769409000,1769409000,420,0.32,0.34,0.33,0.02,1368.92,2468.3,0.66,0.68,0
btc-updown-15m-1769409000,1769409000,435,0.28,0.29,0.285,0.01,2296.16,762.78,0.71,0.72,27
btc-updown-15m-1769409000,1769409000,450,0.22,0.23,0.225,0.01,2200.83,2478.48,0.77,0.78,0
btc-updown-15m-1769409000,1769409000,465,0.25,0.26,0.255,0.01,2261.53,3570.05,0.74,0.75,4
btc-updown-15m-1769409000,1769409000,480,0.25,0.26,0.255,0.01,1630.32,3648.23,0.74,0.75,67
btc-updown-15m-1769409000,1769409000,495,0.23,0.24,0.235,0.01,2060.2,3445.96,0.76,0.77,8
btc-updown-15m-1769409000,1769409000,510,0.24,0.25,0.245,0.01,2936.41,4977.26,0.75,0.76,21
btc-updown-15m-1769409000,1769409000,525,0.22,0.23,0.225,0.01,2331.99,3071.09,0.77,0.78,24
btc-updown-15m-1769409000,1769409000,540,0.21,0.22,0.215,0.01,3144.34,2726.63,0.78,0.79,3
btc-updown-15m-1769409000,1769409000,555,0.19,0.2,0.195,0.01,892.98,2183.27,0.8,0.81,6
btc-updown-15m-1769409000,1769409000,570,0.15,0.16,0.155,0.01,3302.18,3301.91,0.84,0.85,91
btc-updown-15m-1769409000,1769409000,585,0.17,0.18,0.175,0.01,2310.6,1626.5,0.82,0.83,26
btc-updown-15m-1769409000,1769409000,600,0.16,0.17,0.165,0.01,2473.28,3230.48,0.83,0.84,22
btc-updown-15m-1769409000,1769409000,615,0.16,0.17,0.165,0.01,1632.8,1198.11,0.83,0.84,5
btc-updown-15m-1769409000,1769409000,630,0.16,0.17,0.165,0.01,2896.26,1029.55,0.83,0.84,11
btc-updown-15m-1769409000,1769409000,645,0.15,0.16,0.155,0.01,1106.82,578.29,0.84,0.85,10
btc-updown-15m-1769409000,1769409000,660,0.16,0.17,0.165,0.01,3158.16,721.62,0.83,0.84,0
btc-updown-15m-1769409000,1769409000,675,0.17,0.18,0.175,0.01,1708.57,1047.32,0.82,0.83,11
btc-updown-15m-1769409000,1769409000,690,0.16,0.17,0.165,0.01,1866.27,299.45,0.83,0.84,3
btc-updown-15m-1769409000,1769409000,705,0.14,0.15,0.145,0.01,3200.38,798.17,0.85,0.86,92
btc-updown-15m-1769409000,1769409000,720,0.19,0.2,0.195,0.01,1208.87,1123.35,0.8,0.81,35
btc-updown-15m-1769409000,1769409000,735,0.14,0.15,0.145,0.01,1173.57,1246.26,0.85,0.86,13
btc-updown-15m-1769409000,1769409000,750,0.15,0.16,0.155,0.01,851.52,687.85,0.84,0.85,21
btc-updown-15m-1769409000,1769409000,765,0.43,0.44,0.435,0.01,355,449.4,0.56,0.57,0
btc-updown-15m-1769409000,1769409000,780,0.4,0.41,0.405,0.01,383.91,457.13,0.59,0.6,1
btc-updown-15m-1769409000,1769409000,795,0.35,0.36,0.355,0.01,843.56,322.74,0.64,0.65,37
btc-updown-15m-1769409000,1769409000,810,0.39,0.4,0.395,0.01,178,413.37,0.6,0.61,4
btc-updown-15m-1769409000,1769409000,825,0.49,0.5,0.495,0.01,561.91,337.04,0.5,0.51,0
btc-updown-15m-1769409000,1769409000,840,0.54,0.55,0.545,0.01,305.23,244.13,0.45,0.46,12
btc-updown-15m-1769409000,1769409000,845,0.58,0.59,0.585,0.01,57.11,289.46,0.41,0.42,1
btc-updown-15m-1769409000,1769409000,850,0.55,0.57,0.56,0.02,467.68,1750.74,0.43,0.45,4
btc-updown-15m-1769409000,1769409000,855,0.56,0.58,0.57,0.02,257.13,2593.54,0.42,0.44,0
btc-updown-15m-1769409000,1769409000,860,0.6,0.62,0.61,0.02,244.8,424,0.38,0.4,5
btc-updown-15m-1769409000,1769409000,865,0.66,0.67,0.665,0.01,330.58,90.34,0.33,0.34,9
btc-updown-15m-1769409000,1769409000,870,0.73,0.74,0.735,0.01,227.77,172.59,0.26,0.27,0
btc-updown-15m-1769409000,1769409000,875,0.79,0.8,0.795,0.01,206.53,224.9,0.2,0.21,22
btc-updown-15m-1769409000,1769409000,880,0.96,0.97,0.965,0.01,151.09,11633.02,0.03,0.04,13
btc-updown-15m-1769409000,1769409000,885,0.96,0.98,0.97,0.02,417.47,9673.13,0.02,0.04,4
btc-updown-15m-1769409000,1769409000,890,0.98,0.99,0.985,0.01,1515.92,2398.46,0.01,0.02,14
btc-updown-15m-1769409000,1769409000,895,0.99,,,,6734.05,0,,0.01,32
btc-updown-15m-1769409000,1769409000,897,0.99,,,,10872.7,0,,0.01,10
btc-updown-15m-1769409000,1769409000,899,0.99,,,,14913.43,0,,0.01,167
btc-updown-15m-1769409000,1769409000,900,0.99,,,,20427.75,0,,0.01,100
btc-updown-15m-1769419800,1769419800,0,0.58,0.6,0.59,0.02,662.3,520.47,0.4,0.42,156
btc-updown-15m-1769419800,1769419800,15,0.56,0.57,0.565,0.01,2468.42,2115.61,0.43,0.44,1
btc-updown-15m-1769419800,1769419800,30,0.55,0.56,0.555,0.01,2810.7,5309.9,0.44,0.45,0
btc-updown-15m-1769419800,1769419800,45,0.52,0.53,0.525,0.01,6839.5,5519.73,0.47,0.48,25
btc-updown-15m-1769419800,1769419800,60,0.47,0.48,0.475,0.01,3782.7,3961.24,0.52,0.53,6
btc-updown-15m-1769419800,1769419800,75,0.52,0.54,0.53,0.02,1033.79,717.88,0.46,0.48,0
btc-updown-15m-1769419800,1769419800,90,0.48,0.49,0.485,0.01,917.59,1916.99,0.51,0.52,32
btc-updown-15m-1769419800,1769419800,105,0.47,0.48,0.475,0.01,3424.9,3450.3,0.52,0.53,10
btc-updown-15m-1769419800,1769419800,120,0.48,0.49,0.485,0.01,2675.91,4899.46,0.51,0.52,56
btc-updown-15m-1769419800,1769419800,135,0.36,0.37,0.365,0.01,1934.99,3353.39,0.63,0.64,4
btc-updown-15m-1769419800,1769419800,150,0.35,0.36,0.355,0.01,3160.36,4009.11,0.64,0.65,99
btc-updown-15m-1769419800,1769419800,165,0.49,0.5,0.495,0.01,1402.81,598.88,0.5,0.51,6
btc-updown-15m-1769419800,1769419800,180,0.42,0.43,0.425,0.01,3034.07,2612.07,0.57,0.58,48
btc-updown-15m-1769419800,1769419800,195,0.36,0.37,0.365,0.01,2938.37,2797.3,0.63,0.64,70
btc-updown-15m-1769419800,1769419800,210,0.38,0.39,0.385,0.01,2745.97,3772.62,0.61,0.62,2
btc-updown-15m-1769419800,1769419800,225,0.36,0.37,0.365,0.01,1725.35,2791.56,0.63,0.64,39
btc-updown-15m-1769419800,1769419800,240,0.37,0.38,0.375,0.01,1092.38,3683.06,0.62,0.63,8
btc-updown-15m-1769419800,1769419800,255,0.38,0.39,0.385,0.01,1539,3090.86,0.61,0.62,23
btc-updown-15m-1769419800,1769419800,270,0.41,0.42,0.415,0.01,2925.96,2959.01,0.58,0.59,33
btc-updown-15m-1769419800,1769419800,285,0.4,0.41,0.405,0.01,1933.02,3970.29,0.59,0.6,77
btc-updown-15m-1769419800,1769419800,300,0.38,0.39,0.385,0.01,3653.8,3387.46,0.61,0.62,3
btc-updown-15m-1769419800,1769419800,315,0.32,0.33,0.325,0.01,3611.58,1621.54,0.67,0.68,4
btc-updown-15m-1769419800,1769419800,330,0.36,0.37,0.365,0.01,1269.51,2454.87,0.63,0.64,49
btc-updown-15m-1769419800,1769419800,345,0.29,0.3,0.295,0.01,3412.3,1971.1,0.7,0.71,105
btc-updown-15m-1769419800,1769419800,360,0.29,0.3,0.295,0.01,3459.36,3465.64,0.7,0.71,8
btc-updown-15m-1769419800,1769419800,375,0.27,0.28,0.275,0.01,3989.59,3396.92,0.72,0.73,7
btc-updown-15m-1769419800,1769419800,390,0.28,0.29,0.285,0.01,890.9,3883.43,0.71,0.72,1
btc-updown-15m-1769419800,1769419800,405,0.17,0.18,0.175,0.01,1059.6,3465.76,0.82,0.83,79
btc-updown-15m-1769419800,1769419800,420,0.17,0.18,0.175,0.01,4030.26,1895.16,0.82,0.83,0
btc-updown-15m-1769419800,1769419800,435,0.21,0.22,0.215,0.01,3175.3,3847.79,0.78,0.79,118
btc-updown-15m-1769419800,1769419800,450,0.18,0.19,0.185,0.01,455.54,318.75,0.81,0.82,18
btc-updown-15m-1769419800,1769419800,465,0.16,0.17,0.165,0.01,3343.38,3124.23,0.83,0.84,5
btc-updown-15m-1769419800,1769419800,480,0.16,0.17,0.165,0.01,5078.9,266.11,0.83,0.84,50
btc-updown-15m-1769419800,1769419800,495,0.15,0.16,0.155,0.01,4279.87,1476.88,0.84,0.85,9
btc-updown-15m-1769419800,1769419800,510,0.14,0.15,0.145,0.01,4448.34,2387.08,0.85,0.86,2
btc-updown-15m-1769419800,1769419800,525,0.16,0.17,0.165,0.01,2481.74,2027.13,0.83,0.84,18
btc-updown-15m-1769419800,1769419800,540,0.13,0.15,0.14,0.02,3079.3,909.3,0.85,0.87,3
btc-updown-15m-1769419800,1769419800,555,0.1,0.11,0.105,0.01,2702.62,1457.71,0.89,0.9,15
btc-updown-15m-1769419800,1769419800,570,0.07,0.08,0.075,0.01,5568.84,4272.43,0.92,0.93,1
btc-updown-15m-1769419800,1769419800,585,0.05,0.06,0.055,0.01,5055.83,4425.5,0.94,0.95,1
btc-updown-15m-1769419800,1769419800,600,0.03,0.04,0.035,0.01,17278.02,5210.97,0.96,0.97,1
btc-updown-15m-1769419800,1769419800,615,0.04,0.05,0.045,0.01,8530.72,1231.31,0.95,0.96,0
btc-updown-15m-1769419800,1769419800,630,0.03,0.04,0.035,0.01,14956.37,2948.54,0.96,0.97,2
btc-updown-15m-1769419800,1769419800,645,0.07,0.08,0.075,0.01,2205.02,2906.22,0.92,0.93,1
btc-updown-15m-1769419800,1769419800,660,0.17,0.18,0.175,0.01,389.96,1468.94,0.82,0.83,10
btc-updown-15m-1769419800,1769419800,675,0.26,0.27,0.265,0.01,383.39,1008.14,0.73,0.74,1
btc-updown-15m-1769419800,1769419800,690,0.25,0.26,0.255,0.01,3010.54,1242.33,0.74,0.75,54
btc-updown-15m-1769419800,1769419800,705,0.25,0.26,0.255,0.01,1975.39,1757.52,0.74,0.75,104
btc-updown-15m-1769419800,1769419800,720,0.21,0.22,0.215,0.01,1092.5,1763.79,0.78,0.79,6
btc-updown-15m-1769419800,1769419800,735,0.18,0.19,0.185,0.01,2568.39,1580.5,0.81,0.82,8
btc-updown-15m-1769419800,1769419800,750,0.21,0.22,0.215,0.01,688.93,1375.41,0.78,0.79,9
btc-updown-15m-1769419800,1769419800,765,0.17,0.18,0.175,0.01,296.49,1748.89,0.82,0.83,0
btc-updown-15m-1769419800,1769419800,780,0.3,0.31,0.305,0.01,586.02,509.75,0.69,0.7,0
btc-updown-15m-1769419800,1769419800,795,0.4,0.41,0.405,0.01,888.01,132.07,0.59,0.6,12
btc-updown-15m-1769419800,1769419800,810,0.28,0.29,0.285,0.01,728.71,158.8,0.71,0.72,114
btc-updown-15m-1769419800,1769419800,825,0.19,0.2,0.195,0.01,1274,580.14,0.8,0.81,0
btc-updown-15m-1769419800,1769419800,840,0.2,0.21,0.205,0.01,1209.97,170.72,0.79,0.8,9
btc-updown-15m-1769419800,1769419800,845,0.22,0.23,0.225,0.01,225.23,164.73,0.77,0.78,16
btc-updown-15m-1769419800,1769419800,850,0.32,0.33,0.325,0.01,586.66,31.8,0.67,0.68,3
btc-updown-15m-1769419800,1769419800,855,0.33,0.34,0.335,0.01,486.31,375.43,0.66,0.67,51
btc-updown-15m-1769419800,1769419800,860,0.52,0.53,0.525,0.01,96.35,2093.42,0.47,0.48,1
btc-updown-15m-1769419800,1769419800,865,0.5,0.54,0.52,0.04,506.12,1668.34,0.46,0.5,35
btc-updown-15m-1769419800,1769419800,870,0.18,0.2,0.19,0.02,1765.33,300.26,0.8,0.82,0
btc-updown-15m-1769419800,1769419800,875,0.24,0.25,0.245,0.01,226.79,99.1,0.75,0.76,69
btc-updown-15m-1769419800,1769419800,880,0.19,0.21,0.2,0.02,117,98.99,0.79,0.81,309
btc-updown-15m-1769419800,1769419800,885,0.05,0.08,0.065,0.03,833.49,155,0.92,0.95,2
btc-updown-15m-1769419800,1769419800,890,0.02,0.04,0.03,0.02,11654.48,345.85,0.96,0.98,4
btc-updown-15m-1769419800,1769419800,895,,0.01,,,0,11614.07,0.99,,21
btc-updown-15m-1769419800,1769419800,897,,0.01,,,0,12278.37,0.99,,113
btc-updown-15m-1769419800,1769419800,899,,0.01,,,0,19786.72,0.99,,152
btc-updown-15m-1769419800,1769419800,900,,0.01,,,0,22697.13,0.99,,43
btc-updown-15m-1769429700,1769429700,0,0.4,0.48,0.44,0.08,291.07,329.94,0.52,0.6,10
btc-updown-15m-1769429700,1769429700,15,0.53,0.54,0.535,0.01,3387.17,2917.24,0.46,0.47,0
btc-updown-15m-1769429700,1769429700,30,0.62,0.64,0.63,0.02,4485.09,4661.98,0.36,0.38,1
btc-updown-15m-1769429700,1769429700,45,0.65,0.66,0.655,0.01,2584.99,5534.49,0.34,0.35,31
btc-updown-15m-1769429700,1769429700,60,0.62,0.63,0.625,0.01,7276.68,1438.03,0.37,0.38,40
btc-updown-15m-1769429700,1769429700,75,0.67,0.68,0.675,0.01,2343.98,3733.81,0.32,0.33,0
btc-updown-15m-1769429700,1769429700,90,0.59,0.6,0.595,0.01,3538.44,2752.88,0.4,0.41,31
btc-updown-15m-1769429700,1769429700,105,0.68,0.7,0.69,0.02,3111.89,4035.33,0.3,0.32,9
btc-updown-15m-1769429700,1769429700,120,0.69,0.7,0.695,0.01,6035.86,2627.29,0.3,0.31,44
btc-updown-15m-1769429700,1769429700,135,0.67,0.69,0.68,0.02,6433,3266.9,0.31,0.33,36
btc-updown-15m-1769429700,1769429700,150,0.68,0.69,0.685,0.01,4617.37,4261.1,0.31,0.32,4
btc-updown-15m-1769429700,1769429700,165,0.71,0.72,0.715,0.01,2323.16,3512.05,0.28,0.29,15
btc-updown-15m-1769429700,1769429700,180,0.68,0.69,0.685,0.01,3320.29,3031.24,0.31,0.32,58
btc-updown-15m-1769429700,1769429700,195,0.61,0.62,0.615,0.01,2539.36,4107.14,0.38,0.39,25
btc-updown-15m-1769429700,1769429700,210,0.63,0.64,0.635,0.01,4291.59,4266.92,0.36,0.37,62
btc-updown-15m-1769429700,1769429700,225,0.57,0.58,0.575,0.01,2091.39,2803.77,0.42,0.43,10
btc-updown-15m-1769429700,1769429700,240,0.61,0.62,0.615,0.01,3398.71,6204.08,0.38,0.39,0
btc-updown-15m-1769429700,1769429700,255,0.57,0.58,0.575,0.01,2211.64,4227.71,0.42,0.43,49
btc-updown-15m-1769429700,1769429700,270,0.64,0.65,0.645,0.01,988.97,1201.71,0.35,0.36,2
btc-updown-15m-1769429700,1769429700,285,0.65,0.66,0.655,0.01,5656.09,3661.62,0.34,0.35,145
btc-updown-15m-1769429700,1769429700,300,0.66,0.67,0.665,0.01,3786.52,2743.69,0.33,0.34,2
btc-updown-15m-1769429700,1769429700,315,0.62,0.63,0.625,0.01,4692.32,2234.59,0.37,0.38,0
btc-updown-15m-1769429700,1769429700,330,0.72,0.73,0.725,0.01,3618.53,3290.78,0.27,0.28,24
btc-updown-15m-1769429700,1769429700,345,0.68,0.69,0.685,0.01,3669.66,1930.19,0.31,0.32,16
btc-updown-15m-1769429700,1769429700,360,0.75,0.76,0.755,0.01,2937.43,2637.82,0.24,0.25,5
btc-updown-15m-1769429700,1769429700,375,0.66,0.67,0.665,0.01,2238.3,5074.26,0.33,0.34,2
btc-updown-15m-1769429700,1769429700,390,0.55,0.56,0.555,0.01,2171.71,3770.39,0.44,0.45,25
btc-updown-15m-1769429700,1769429700,405,0.56,0.57,0.565,0.01,4390.99,3314.14,0.43,0.44,29
btc-updown-15m-1769429700,1769429700,420,0.48,0.49,0.485,0.01,2549.49,5007.07,0.51,0.52,0
btc-updown-15m-1769429700,1769429700,435,0.4,0.41,0.405,0.01,1921.47,1390.21,0.59,0.6,1
btc-updown-15m-1769429700,1769429700,450,0.37,0.38,0.375,0.01,3142.68,4224.36,0.62,0.63,1
btc-updown-15m-1769429700,1769429700,465,0.42,0.43,0.425,0.01,796.43,3913.91,0.57,0.58,4
btc-updown-15m-1769429700,1769429700,480,0.3,0.31,0.305,0.01,4257.7,938.8,0.69,0.7,0
btc-updown-15m-1769429700,1769429700,495,0.27,0.28,0.275,0.01,5302.85,2307.58,0.72,0.73,0
btc-updown-15m-1769429700,1769429700,510,0.29,0.3,0.295,0.01,2915.01,4048.68,0.7,0.71,15
btc-updown-15m-1769429700,1769429700,525,0.28,0.29,0.285,0.01,2797.36,4721.99,0.71,0.72,26
btc-updown-15m-1769429700,1769429700,540,0.29,0.3,0.295,0.01,4935.2,3030.91,0.7,0.71,60
btc-updown-15m-1769429700,1769429700,555,0.26,0.27,0.265,0.01,2696.64,5225.57,0.73,0.74,1
btc-updown-15m-1769429700,1769429700,570,0.29,0.3,0.295,0.01,3961.84,3505.58,0.7,0.71,76
btc-updown-15m-1769429700,1769429700,585,0.3,0.32,0.31,0.02,4491.25,2766.78,0.68,0.7,11
btc-updown-15m-1769429700,1769429700,600,0.31,0.32,0.315,0.01,3507.11,3667.25,0.68,0.69,4
btc-updown-15m-1769429700,1769429700,615,0.29,0.3,0.295,0.01,5353.82,1438.82,0.7,0.71,47
btc-updown-15m-1769429700,1769429700,630,0.5,0.51,0.505,0.01,1155.37,2847.37,0.49,0.5,66
btc-updown-15m-1769429700,1769429700,645,0.55,0.56,0.555,0.01,2589.04,3957.59,0.44,0.45,2
btc-updown-15m-1769429700,1769429700,660,0.52,0.53,0.525,0.01,706.9,3582.09,0.47,0.48,17
btc-updown-15m-1769429700,1769429700,675,0.53,0.54,0.535,0.01,2848.75,1233.5,0.46,0.47,8
btc-updown-15m-1769429700,1769429700,690,0.5,0.51,0.505,0.01,567.82,1153.41,0.49,0.5,10
btc-updown-15m-1769429700,1769429700,705,0.39,0.4,0.395,0.01,956.7,3505.04,0.6,0.61,0
btc-updown-15m-1769429700,1769429700,720,0.39,0.4,0.395,0.01,2572.42,2791.58,0.6,0.61,0
btc-updown-15m-1769429700,1769429700,735,0.54,0.55,0.545,0.01,2720.74,3325.34,0.45,0.46,23
btc-updown-15m-1769429700,1769429700,750,0.7,0.71,0.705,0.01,851,3071.63,0.29,0.3,0
btc-updown-15m-1769429700,1769429700,765,0.53,0.54,0.535,0.01,2661.12,2756.5,0.46,0.47,35
btc-updown-15m-1769429700,1769429700,780,0.57,0.58,0.575,0.01,503.75,1051.74,0.42,0.43,18
btc-updown-15m-1769429700,1769429700,795,0.62,0.63,0.625,0.01,2685.08,2028.08,0.37,0.38,2
btc-updown-15m-1769429700,1769429700,810,0.61,0.62,0.615,0.01,2048.44,754.03,0.38,0.39,27
btc-updown-15m-1769429700,1769429700,825,0.6,0.61,0.605,0.01,450.53,634.28,0.39,0.4,7
btc-updown-15m-1769429700,1769429700,840,0.59,0.6,0.595,0.01,445.58,3881.79,0.4,0.41,0
btc-updown-15m-1769429700,1769429700,845,0.47,0.48,0.475,0.01,60.35,740.95,0.52,0.53,24
btc-updown-15m-1769429700,1769429700,850,0.46,0.47,0.465,0.01,150.16,927.53,0.53,0.54,2
btc-updown-15m-1769429700,1769429700,855,0.46,0.47,0.465,0.01,93.16,83.78,0.53,0.54,24
btc-updown-15m-1769429700,1769429700,860,0.47,0.48,0.475,0.01,246.36,508.99,0.52,0.53,1
btc-updown-15m-1769429700,1769429700,865,0.46,0.47,0.465,0.01,204.48,224.05,0.53,0.54,30
btc-updown-15m-1769429700,1769429700,870,0.48,0.51,0.495,0.03,82.99,2040.71,0.49,0.52,8
btc-updown-15m-1769429700,1769429700,875,0.46,0.48,0.47,0.02,72.6,52.74,0.52,0.54,0
btc-updown-15m-1769429700,1769429700,880,0.49,0.5,0.495,0.01,111.14,318.14,0.5,0.51,54
btc-updown-15m-1769429700,1769429700,885,0.46,0.49,0.475,0.03,137.64,77,0.51,0.54,0
btc-updown-15m-1769429700,1769429700,890,0.48,0.51,0.495,0.03,83.7,174,0.49,0.52,4
btc-updown-15m-1769429700,1769429700,895,0.6,0.62,0.61,0.02,27.94,210,0.38,0.4,2
btc-updown-15m-1769429700,1769429700,897,0.7,0.76,0.73,0.06,376.75,501.89,0.24,0.3,7
btc-updown-15m-1769429700,1769429700,899,0.72,0.79,0.755,0.07,157.29,65.14,0.21,0.28,1
btc-updown-15m-1769429700,1769429700,900,0.94,0.95,0.945,0.01,256.13,1668.45,0.05,0.06,16
btc-updown-15m-1769440500,1769440500,0,0.42,0.44,0.43,0.02,399.35,2052.31,0.56,0.58,153
btc-updown-15m-1769440500,1769440500,15,0.5,0.52,0.51,0.02,4786.61,618.7,0.48,0.5,0
btc-updown-15m-1769440500,1769440500,30,0.54,0.55,0.545,0.01,4592.97,5146.9,0.45,0.46,2
btc-updown-15m-1769440500,1769440500,45,0.54,0.55,0.545,0.01,4525.53,4349.75,0.45,0.46,1
btc-updown-15m-1769440500,1769440500,60,0.5,0.51,0.505,0.01,2063.49,4519.02,0.49,0.5,54
btc-updown-15m-1769440500,1769440500,75,0.43,0.44,0.435,0.01,1956.58,4670.65,0.56,0.57,0
btc-updown-15m-1769440500,1769440500,90,0.36,0.38,0.37,0.02,7817.98,6935.89,0.62,0.64,127
btc-updown-15m-1769440500,1769440500,105,0.35,0.36,0.355,0.01,6153.93,6042.55,0.64,0.65,52
btc-updown-15m-1769440500,1769440500,120,0.52,0.53,0.525,0.01,1864.83,1113.72,0.47,0.48,114
btc-updown-15m-1769440500,1769440500,135,0.61,0.62,0.615,0.01,957.61,9929.07,0.38,0.39,3
btc-updown-15m-1769440500,1769440500,150,0.6,0.61,0.605,0.01,2967.44,8151.59,0.39,0.4,28
btc-updown-15m-1769440500,1769440500,165,0.58,0.59,0.585,0.01,2075,4272.9,0.41,0.42,1
btc-updown-15m-1769440500,1769440500,180,0.46,0.47,0.465,0.01,7392.32,3074.74,0.53,0.54,0
btc-updown-15m-1769440500,1769440500,195,0.48,0.5,0.49,0.02,3993.15,3157.68,0.5,0.52,6
btc-updown-15m-1769440500,1769440500,210,0.5,0.51,0.505,0.01,8288.37,1168.35,0.49,0.5,5
btc-updown-15m-1769440500,1769440500,225,0.55,0.56,0.555,0.01,3460.18,2690.9,0.44,0.45,137
btc-updown-15m-1769440500,1769440500,240,0.52,0.53,0.525,0.01,2820.5,2120.58,0.47,0.48,1
btc-updown-15m-1769440500,1769440500,255,0.45,0.46,0.455,0.01,2001.64,1809.46,0.54,0.55,1
btc-updown-15m-1769440500,1769440500,270,0.4,0.41,0.405,0.01,1088.03,6268.86,0.59,0.6,12
btc-updown-15m-1769440500,1769440500,285,0.39,0.4,0.395,0.01,2776.57,1703.63,0.6,0.61,2
btc-updown-15m-1769440500,1769440500,300,0.45,0.46,0.455,0.01,6357.29,3524.61,0.54,0.55,126
btc-updown-15m-1769440500,1769440500,315,0.27,0.28,0.275,0.01,5093.4,2364.21,0.72,0.73,15
btc-updown-15m-1769440500,1769440500,330,0.22,0.23,0.225,0.01,3178.92,1375.3,0.77,0.78,315
btc-updown-15m-1769440500,1769440500,345,0.31,0.32,0.315,0.01,2080.63,7151.97,0.68,0.69,2
btc-updown-15m-1769440500,1769440500,360,0.3,0.31,0.305,0.01,1222.59,6883.52,0.69,0.7,1
btc-updown-15m-1769440500,1769440500,375,0.34,0.35,0.345,0.01,2912.95,2783.29,0.65,0.66,0
btc-updown-15m-1769440500,1769440500,390,0.39,0.4,0.395,0.01,2987.6,5552.93,0.6,0.61,4
btc-updown-15m-1769440500,1769440500,405,0.38,0.39,0.385,0.01,4222.61,3990.44,0.61,0.62,21
btc-updown-15m-1769440500,1769440500,420,0.34,0.35,0.345,0.01,5416.81,3518.6,0.65,0.66,8
btc-updown-15m-1769440500,1769440500,435,0.28,0.29,0.285,0.01,6408.31,794.39,0.71,0.72,9
btc-updown-15m-1769440500,1769440500,450,0.32,0.33,0.325,0.01,849.96,6632.19,0.67,0.68,4
btc-updown-15m-1769440500,1769440500,465,0.31,0.32,0.315,0.01,2891.14,6399.42,0.68,0.69,15
btc-updown-15m-1769440500,1769440500,480,0.33,0.34,0.335,0.01,60.4,4421.68,0.66,0.67,29
btc-updown-15m-1769440500,1769440500,495,0.32,0.33,0.325,0.01,3780.53,3068,0.67,0.68,37
btc-updown-15m-1769440500,1769440500,510,0.37,0.38,0.375,0.01,3013.49,5159.59,0.62,0.63,0
btc-updown-15m-1769440500,1769440500,525,0.29,0.31,0.3,0.02,5916.48,3831.66,0.69,0.71,1
btc-updown-15m-1769440500,1769440500,540,0.35,0.36,0.355,0.01,2854.02,3613,0.64,0.65,1
btc-updown-15m-1769440500,1769440500,555,0.25,0.26,0.255,0.01,3979.31,955.95,0.74,0.75,14
btc-updown-15m-1769440500,1769440500,570,0.22,0.23,0.225,0.01,676.96,6109.54,0.77,0.78,0
btc-updown-15m-1769440500,1769440500,585,0.15,0.16,0.155,0.01,3709.46,4520.4,0.84,0.85,32
btc-updown-15m-1769440500,1769440500,600,0.15,0.16,0.155,0.01,3726.58,4516.9,0.84,0.85,1
btc-updown-15m-1769440500,1769440500,615,0.08,0.09,0.085,0.01,6263.53,1371.64,0.91,0.92,94
btc-updown-15m-1769440500,1769440500,630,0.05,0.06,0.055,0.01,13297.24,1394.89,0.94,0.95,2
btc-updown-15m-1769440500,1769440500,645,0.06,0.07,0.065,0.01,6201.3,3728.99,0.93,0.94,6
btc-updown-15m-1769440500,1769440500,660,0.03,0.04,0.035,0.01,23116.57,1544.37,0.96,0.97,25
btc-updown-15m-1769440500,1769440500,675,0.03,0.04,0.035,0.01,25314.88,5955.39,0.96,0.97,15
btc-updown-15m-1769440500,1769440500,690,0.03,0.04,0.035,0.01,18858.81,7137.44,0.96,0.97,19
btc-updown-15m-1769440500,1769440500,705,0.03,0.04,0.035,0.01,18833.81,2078.92,0.96,0.97,15
btc-updown-15m-1769440500,1769440500,720,0.02,0.03,0.025,0.01,12363.9,5383.17,0.97,0.98,30
btc-updown-15m-1769440500,1769440500,735,0.02,0.03,0.025,0.01,10287.25,6286.31,0.97,0.98,32
btc-updown-15m-1769440500,1769440500,750,,0.01,,,0,10279.85,0.99,,42
btc-updown-15m-1769440500,1769440500,765,,0.01,,,0,19171.7,0.99,,49
btc-updown-15m-1769440500,1769440500,780,,0.001,,,0,8493.31,0.999,,127
btc-updown-15m-1769440500,1769440500,795,0.002,0.01,0.006,0.008,1000924.9,18857.81,0.99,0.998,20
btc-updown-15m-1769440500,1769440500,810,0.002,0.008,0.005,0.006,1002798.06,8300.41,0.992,0.998,12
btc-updown-15m-1769440500,1769440500,825,0.001,0.005,0.003,0.004,996870.12,10609.7,0.995,0.999,13
btc-updown-15m-1769440500,1769440500,840,0.002,0.01,0.006,0.008,998426.79,9328.27,0.99,0.998,33
btc-updown-15m-1769440500,1769440500,845,0.002,0.01,0.006,0.008,999800.02,9156.03,0.99,0.998,14
btc-updown-15m-1769440500,1769440500,850,0.001,0.01,0.0055,0.009,995499.79,8164.69,0.99,0.999,23
btc-updown-15m-1769440500,1769440500,855,0.002,0.008,0.005,0.006,998741.59,3470.94,0.992,0.998,9
btc-updown-15m-1769440500,1769440500,860,0.002,0.009,0.0055,0.007,996625.22,3536.99,0.991,0.998,112
btc-updown-15m-1769440500,1769440500,865,0.001,0.009,0.005,0.008,995318.78,3965.04,0.991,0.999,23
btc-updown-15m-1769440500,1769440500,870,0.001,0.008,0.0045,0.007,994913.96,5057.24,0.992,0.999,0
btc-updown-15m-1769440500,1769440500,875,0.001,0.003,0.002,0.002,427.98,3210.29,0.997,0.999,2
btc-updown-15m-1769440500,1769440500,880,,0.001,,,0,16339.49,0.999,,178
btc-updown-15m-1769440500,1769440500,885,,0.001,,,0,14673,0.999,,12
btc-updown-15m-1769440500,1769440500,890,,0.001,,,0,15771.26,0.999,,224
btc-updown-15m-1769440500,1769440500,895,,0.001,,,0,16631.09,0.999,,226
btc-updown-15m-1769440500,1769440500,897,,0.001,,,0,30226.93,0.999,,7
btc-updown-15m-1769440500,1769440500,899,,0.001,,,0,32249.28,0.999,,165
btc-updown-15m-1769440500,1769440500,900,,0.001,,,0,34155.28,0.999,,42
btc-updown-15m-1769450400,1769450400,0,0.45,0.47,0.46,0.02,1321.85,804.87,0.53,0.55,57
btc-updown-15m-1769450400,1769450400,15,0.42,0.43,0.425,0.01,3481.27,5726.94,0.57,0.58,0
btc-updown-15m-1769450400,1769450400,30,0.47,0.48,0.475,0.01,2597.35,1928.69,0.52,0.53,0
btc-updown-15m-1769450400,1769450400,45,0.48,0.5,0.49,0.02,5105.09,1169.09,0.5,0.52,0
btc-updown-15m-1769450400,1769450400,60,0.54,0.55,0.545,0.01,2163.22,4229.48,0.45,0.46,9
btc-updown-15m-1769450400,1769450400,75,0.5,0.51,0.505,0.01,2385.04,536.17,0.49,0.5,15
btc-updown-15m-1769450400,1769450400,90,0.47,0.48,0.475,0.01,4766.57,2333.86,0.52,0.53,9
btc-updown-15m-1769450400,1769450400,105,0.51,0.52,0.515,0.01,7065.86,2557.86,0.48,0.49,54
btc-updown-15m-1769450400,1769450400,120,0.56,0.57,0.565,0.01,2949.05,1418.01,0.43,0.44,0
btc-updown-15m-1769450400,1769450400,135,0.48,0.49,0.485,0.01,5393.84,2748.48,0.51,0.52,98
btc-updown-15m-1769450400,1769450400,150,0.49,0.51,0.5,0.02,5209.85,3524.94,0.49,0.51,61
btc-updown-15m-1769450400,1769450400,165,0.51,0.52,0.515,0.01,124,3950.12,0.48,0.49,4
btc-updown-15m-1769450400,1769450400,180,0.57,0.58,0.575,0.01,1697.88,4403.26,0.42,0.43,44
btc-updown-15m-1769450400,1769450400,195,0.47,0.48,0.475,0.01,3180.94,3866.39,0.52,0.53,7
btc-updown-15m-1769450400,1769450400,210,0.59,0.61,0.6,0.02,2486.04,2245.83,0.39,0.41,21
btc-updown-15m-1769450400,1769450400,225,0.72,0.73,0.725,0.01,905.34,5361.33,0.27,0.28,6
btc-updown-15m-1769450400,1769450400,240,0.66,0.67,0.665,0.01,4550.08,5218.53,0.33,0.34,3
btc-updown-15m-1769450400,1769450400,255,0.72,0.73,0.725,0.01,3381.41,5572.47,0.27,0.28,3
btc-updown-15m-1769450400,1769450400,270,0.66,0.67,0.665,0.01,6621.24,1120.39,0.33,0.34,77
btc-updown-15m-1769450400,1769450400,285,0.69,0.7,0.695,0.01,2715.18,5149.57,0.3,0.31,2
btc-updown-15m-1769450400,1769450400,300,0.62,0.63,0.625,0.01,6259.56,5083.78,0.37,0.38,22
btc-updown-15m-1769450400,1769450400,315,0.61,0.62,0.615,0.01,2658.06,5273.93,0.38,0.39,5
btc-updown-15m-1769450400,1769450400,330,0.58,0.59,0.585,0.01,1125.5,2807.94,0.41,0.42,0
btc-updown-15m-1769450400,1769450400,345,0.42,0.43,0.425,0.01,4555.84,938.52,0.57,0.58,23
btc-updown-15m-1769450400,1769450400,360,0.46,0.47,0.465,0.01,4091.98,3961.37,0.53,0.54,3
btc-updown-15m-1769450400,1769450400,375,0.51,0.52,0.515,0.01,1203.24,5102.81,0.48,0.49,0
btc-updown-15m-1769450400,1769450400,390,0.41,0.42,0.415,0.01,3070.98,2537.98,0.58,0.59,10
btc-updown-15m-1769450400,1769450400,405,0.4,0.41,0.405,0.01,2833.05,3034.32,0.59,0.6,2
btc-updown-15m-1769450400,1769450400,420,0.56,0.57,0.565,0.01,3413.38,5511.98,0.43,0.44,22
btc-updown-15m-1769450400,1769450400,435,0.59,0.6,0.595,0.01,1198.49,3329.01,0.4,0.41,0
btc-updown-15m-1769450400,1769450400,450,0.74,0.75,0.745,0.01,2728.59,2689.59,0.25,0.26,6
btc-updown-15m-1769450400,1769450400,465,0.63,0.64,0.635,0.01,1823.55,4733.31,0.36,0.37,0
btc-updown-15m-1769450400,1769450400,480,0.66,0.67,0.665,0.01,5465.24,564.88,0.33,0.34,0
btc-updown-15m-1769450400,1769450400,495,0.65,0.66,0.655,0.01,4789.24,851.89,0.34,0.35,21
btc-updown-15m-1769450400,1769450400,510,0.68,0.69,0.685,0.01,7181.68,4597.15,0.31,0.32,0
btc-updown-15m-1769450400,1769450400,525,0.75,0.76,0.755,0.01,4025.94,3276.62,0.24,0.25,9
btc-updown-15m-1769450400,1769450400,540,0.74,0.75,0.745,0.01,1905.45,3175.06,0.25,0.26,4
btc-updown-15m-1769450400,1769450400,555,0.79,0.8,0.795,0.01,4598.35,5857.97,0.2,0.21,71
btc-updown-15m-1769450400,1769450400,570,0.77,0.78,0.775,0.01,3923.93,4605.51,0.22,0.23,2
btc-updown-15m-1769450400,1769450400,585,0.82,0.83,0.825,0.01,1093.26,6622.92,0.17,0.18,6
btc-updown-15m-1769450400,1769450400,600,0.83,0.84,0.835,0.01,4751.48,3113.32,0.16,0.17,1
btc-updown-15m-1769450400,1769450400,615,0.89,0.9,0.895,0.01,3038.71,4398.54,0.1,0.11,81
btc-updown-15m-1769450400,1769450400,630,0.89,0.9,0.895,0.01,1522.75,3483.4,0.1,0.11,70
btc-updown-15m-1769450400,1769450400,645,0.89,0.9,0.895,0.01,1315.62,4524.9,0.1,0.11,16
btc-updown-15m-1769450400,1769450400,660,0.88,0.89,0.885,0.01,5213.24,40028.98,0.11,0.12,23
btc-updown-15m-1769450400,1769450400,675,0.88,0.89,0.885,0.01,4244.07,25482.74,0.11,0.12,20
btc-updown-15m-1769450400,1769450400,690,0.88,0.89,0.885,0.01,4423.46,20710.41,0.11,0.12,71
btc-updown-15m-1769450400,1769450400,705,0.88,0.89,0.885,0.01,6200.16,13221.67,0.11,0.12,91
btc-updown-15m-1769450400,1769450400,720,0.88,0.89,0.885,0.01,2521.8,5373.26,0.11,0.12,6
btc-updown-15m-1769450400,1769450400,735,0.88,0.89,0.885,0.01,5234.6,2101.85,0.11,0.12,12
btc-updown-15m-1769450400,1769450400,750,0.93,0.94,0.935,0.01,515.42,5702.2,0.06,0.07,9
btc-updown-15m-1769450400,1769450400,765,0.92,0.93,0.925,0.01,830.06,4072.02,0.07,0.08,17
btc-updown-15m-1769450400,1769450400,780,0.92,0.93,0.925,0.01,734.75,3972.6,0.07,0.08,3
btc-updown-15m-1769450400,1769450400,795,0.92,0.93,0.925,0.01,1052.94,4694.69,0.07,0.08,23
btc-updown-15m-1769450400,1769450400,810,0.94,0.95,0.945,0.01,531.26,6309.37,0.05,0.06,66
btc-updown-15m-1769450400,1769450400,825,0.92,0.93,0.925,0.01,1233.28,665.01,0.07,0.08,7
btc-updown-15m-1769450400,1769450400,840,0.93,0.94,0.935,0.01,2868.39,1172.73,0.06,0.07,133
btc-updown-15m-1769450400,1769450400,845,0.95,0.96,0.955,0.01,1527.56,4094.49,0.04,0.05,48
btc-updown-15m-1769450400,1769450400,850,0.97,0.98,0.975,0.01,326.9,11801.63,0.02,0.03,70
btc-updown-15m-1769450400,1769450400,855,0.97,0.98,0.975,0.01,970.12,9887.96,0.02,0.03,11
btc-updown-15m-1769450400,1769450400,860,0.98,0.99,0.985,0.01,4584.95,8576.11,0.01,0.02,5
btc-updown-15m-1769450400,1769450400,865,0.99,,,,10065.91,0,,0.01,74
btc-updown-15m-1769450400,1769450400,870,0.99,,,,26738.46,0,,0.01,76
btc-updown-15m-1769450400,1769450400,875,0.99,,,,27096.5,0,,0.01,16
btc-updown-15m-1769450400,1769450400,880,0.99,,,,27005.4,0,,0.01,94
btc-updown-15m-1769450400,1769450400,885,0.99,,,,27073.84,0,,0.01,72
btc-updown-15m-1769450400,1769450400,890,0.99,,,,27295.54,0,,0.01,113
btc-updown-15m-1769450400,1769450400,895,0.99,,,,31133.41,0,,0.01,201
btc-updown-15m-1769450400,1769450400,897,0.99,,,,41718.89,0,,0.01,38
btc-updown-15m-1769450400,1769450400,899,0.99,,,,43328.56,0,,0.01,114
btc-updown-15m-1769450400,1769450400,900,0.99,,,,47889.06,0,,0.01,87
btc-updown-15m-1769460300,1769460300,0,0.55,0.56,0.555,0.01,1089.09,1070.92,0.44,0.45,56
btc-updown-15m-1769460300,1769460300,15,0.54,0.55,0.545,0.01,3971.4,1183.92,0.45,0.46,3
btc-updown-15m-1769460300,1769460300,30,0.55,0.56,0.555,0.01,3910.86,1690.11,0.44,0.45,27
btc-updown-15m-1769460300,1769460300,45,0.57,0.58,0.575,0.01,3068.18,1861.75,0.42,0.43,21
btc-updown-15m-1769460300,1769460300,60,0.59,0.6,0.595,0.01,1764.56,2023.37,0.4,0.41,2
btc-updown-15m-1769460300,1769460300,75,0.56,0.57,0.565,0.01,1291.9,1634.7,0.43,0.44,1
btc-updown-15m-1769460300,1769460300,90,0.54,0.55,0.545,0.01,2578.8,2370.93,0.45,0.46,22
btc-updown-15m-1769460300,1769460300,105,0.54,0.55,0.545,0.01,4443.92,1679.6,0.45,0.46,43
btc-updown-15m-1769460300,1769460300,120,0.51,0.52,0.515,0.01,7022.97,1654.2,0.48,0.49,50
btc-updown-15m-1769460300,1769460300,135,0.51,0.52,0.515,0.01,3567.08,2951.7,0.48,0.49,39
btc-updown-15m-1769460300,1769460300,150,0.59,0.6,0.595,0.01,2283.15,1300,0.4,0.41,0
btc-updown-15m-1769460300,1769460300,165,0.54,0.55,0.545,0.01,2128.62,1804.08,0.45,0.46,64
btc-updown-15m-1769460300,1769460300,180,0.57,0.58,0.575,0.01,1846.14,1421.72,0.42,0.43,18
btc-updown-15m-1769460300,1769460300,195,0.5,0.51,0.505,0.01,5499.27,2640.96,0.49,0.5,33
btc-updown-15m-1769460300,1769460300,210,0.48,0.49,0.485,0.01,3225.92,960.14,0.51,0.52,19
btc-updown-15m-1769460300,1769460300,225,0.51,0.52,0.515,0.01,772.92,2048.3,0.48,0.49,14
btc-updown-15m-1769460300,1769460300,240,0.45,0.46,0.455,0.01,1325.85,1918.32,0.54,0.55,13
btc-updown-15m-1769460300,1769460300,255,0.32,0.33,0.325,0.01,1626.03,671.62,0.67,0.68,142
btc-updown-15m-1769460300,1769460300,270,0.28,0.29,0.285,0.01,853.03,1106.71,0.71,0.72,4
btc-updown-15m-1769460300,1769460300,285,0.26,0.27,0.265,0.01,1873.13,1481.45,0.73,0.74,38
btc-updown-15m-1769460300,1769460300,300,0.29,0.3,0.295,0.01,1298.81,1935.24,0.7,0.71,22
btc-updown-15m-1769460300,1769460300,315,0.2,0.21,0.205,0.01,1410.82,2649.6,0.79,0.8,39
btc-updown-15m-1769460300,1769460300,330,0.25,0.26,0.255,0.01,3541.33,340.63,0.74,0.75,20
btc-updown-15m-1769460300,1769460300,345,0.2,0.21,0.205,0.01,1058.89,2761.45,0.79,0.8,48
btc-updown-15m-1769460300,1769460300,360,0.16,0.17,0.165,0.01,1600.72,2141.21,0.83,0.84,9
btc-updown-15m-1769460300,1769460300,375,0.18,0.19,0.185,0.01,1578.51,2241.62,0.81,0.82,17
btc-updown-15m-1769460300,1769460300,390,0.18,0.19,0.185,0.01,2055.31,860.78,0.81,0.82,0
btc-updown-15m-1769460300,1769460300,405,0.17,0.19,0.18,0.02,3003.73,2160.06,0.81,0.83,9
btc-updown-15m-1769460300,1769460300,420,0.14,0.15,0.145,0.01,1420.5,1086.42,0.85,0.86,0
btc-updown-15m-1769460300,1769460300,435,0.11,0.13,0.12,0.02,1911.08,2250.65,0.87,0.89,28
btc-updown-15m-1769460300,1769460300,450,0.13,0.14,0.135,0.01,1787.29,623.44,0.86,0.87,14
btc-updown-15m-1769460300,1769460300,465,0.17,0.18,0.175,0.01,1154.26,2492.13,0.82,0.83,0
btc-updown-15m-1769460300,1769460300,480,0.12,0.13,0.125,0.01,2414.46,1688.48,0.87,0.88,73
btc-updown-15m-1769460300,1769460300,495,0.08,0.09,0.085,0.01,4824.59,1262.19,0.91,0.92,20
btc-updown-15m-1769460300,1769460300,510,0.06,0.07,0.065,0.01,3263.44,1302.15,0.93,0.94,21
btc-updown-15m-1769460300,1769460300,525,0.08,0.09,0.085,0.01,2897.37,1649.24,0.91,0.92,8
btc-updown-15m-1769460300,1769460300,540,0.07,0.08,0.075,0.01,3167.7,1475.39,0.92,0.93,11
btc-updown-15m-1769460300,1769460300,555,0.07,0.08,0.075,0.01,2081.34,2185.72,0.92,0.93,43
btc-updown-15m-1769460300,1769460300,570,0.04,0.05,0.045,0.01,6320.05,1894.4,0.95,0.96,19
btc-updown-15m-1769460300,1769460300,585,0.02,0.03,0.025,0.01,12128.7,2125.31,0.97,0.98,32
btc-updown-15m-1769460300,1769460300,600,0.02,0.03,0.025,0.01,11110.73,2819.7,0.97,0.98,35
btc-updown-15m-1769460300,1769460300,615,0.01,0.02,0.015,0.01,5369.84,4756.04,0.98,0.99,32
btc-updown-15m-1769460300,1769460300,630,0.01,0.02,0.015,0.01,3732.46,5931.04,0.98,0.99,55
btc-updown-15m-1769460300,1769460300,645,0.01,0.02,0.015,0.01,2694.23,5695.68,0.98,0.99,217
btc-updown-15m-1769460300,1769460300,660,0.01,0.02,0.015,0.01,2273.27,3485.91,0.98,0.99,109
btc-updown-15m-1769460300,1769460300,675,,0.01,,,0,6390.68,0.99,,45
btc-updown-15m-1769460300,1769460300,690,,0.01,,,0,5528.84,0.99,,109
btc-updown-15m-1769460300,1769460300,705,,0.01,,,0,8534.77,0.99,,21
btc-updown-15m-1769460300,1769460300,720,,0.01,,,0,12736.03,0.99,,96
btc-updown-15m-1769460300,1769460300,735,,0.01,,,0,10265.85,0.99,,3
btc-updown-15m-1769460300,1769460300,750,,0.01,,,0,7539.28,0.99,,31
btc-updown-15m-1769460300,1769460300,765,,0.01,,,0,7149.98,0.99,,8
btc-updown-15m-1769460300,1769460300,780,,0.01,,,0,7571.98,0.99,,254
btc-updown-15m-1769460300,1769460300,795,,0.01,,,0,9951.44,0.99,,260
btc-updown-15m-1769460300,1769460300,810,0.001,0.01,0.0055,0.009,3144.97,10262.66,0.99,0.999,0
btc-updown-15m-1769460300,1769460300,825,0.002,0.009,0.0055,0.007,5401.93,10607.76,0.991,0.998,21
btc-updown-15m-1769460300,1769460300,840,0.003,0.008,0.0055,0.005,5154.74,9396.99,0.992,0.997,2
btc-updown-15m-1769460300,1769460300,845,0.002,0.003,0.0025,0.001,2275.5,1242.34,0.997,0.998,43
btc-updown-15m-1769460300,1769460300,850,0.001,0.002,0.0015,0.001,2351.96,3480.68,0.998,0.999,52
btc-updown-15m-1769460300,1769460300,855,0.001,0.002,0.0015,0.001,2336.96,3471.68,0.998,0.999,59
btc-updown-15m-1769460300,1769460300,860,0.001,0.002,0.0015,0.001,1750.74,1952.62,0.998,0.999,15
btc-updown-15m-1769460300,1769460300,865,,0.001,,,0,10718.7,0.999,,1
btc-updown-15m-1769460300,1769460300,870,,0.001,,,0,10705.2,0.999,,11
btc-updown-15m-1769460300,1769460300,875,,0.001,,,0,10705.2,0.999,,238
btc-updown-15m-1769460300,1769460300,880,,0.001,,,0,30692.78,0.999,,6
btc-updown-15m-1769460300,1769460300,885,,0.001,,,0,29712.78,0.999,,234
btc-updown-15m-1769460300,1769460300,890,,0.001,,,0,30883.2,0.999,,21
btc-updown-15m-1769460300,1769460300,895,,0.001,,,0,32923.8,0.999,,39
btc-updown-15m-1769460300,1769460300,897,,0.001,,,0,46600.81,0.999,,85
btc-updown-15m-1769460300,1769460300,899,,0.001,,,0,48045.34,0.999,,70
btc-updown-15m-1769460300,1769460300,900,,0.001,,,0,49787.81,0.999,,2
btc-updown-15m-1769471100,1769471100,0,0.15,0.4,0.275,0.25,132.54,600.7,0.6,0.85,202
btc-updown-15m-1769471100,1769471100,15,0.46,0.47,0.465,0.01,1183.1,5088,0.53,0.54,0
btc-updown-15m-1769471100,1769471100,30,0.47,0.48,0.475,0.01,2300.16,6752.99,0.52,0.53,80
btc-updown-15m-1769471100,1769471100,45,0.47,0.48,0.475,0.01,2095.13,6350,0.52,0.53,20
btc-updown-15m-1769471100,1769471100,60,0.41,0.42,0.415,0.01,786.34,1296.5,0.58,0.59,19
btc-updown-15m-1769471100,1769471100,75,0.35,0.36,0.355,0.01,1919.1,1816.61,0.64,0.65,5
btc-updown-15m-1769471100,1769471100,90,0.41,0.42,0.415,0.01,3717.57,2016.05,0.58,0.59,25
btc-updown-15m-1769471100,1769471100,105,0.37,0.39,0.38,0.02,1522.65,1372.68,0.61,0.63,21
btc-updown-15m-1769471100,1769471100,120,0.36,0.37,0.365,0.01,1030.09,1453.86,0.63,0.64,3
btc-updown-15m-1769471100,1769471100,135,0.43,0.44,0.435,0.01,935.68,1585.78,0.56,0.57,1
btc-updown-15m-1769471100,1769471100,150,0.3,0.31,0.305,0.01,1248.92,1361.68,0.69,0.7,19
btc-updown-15m-1769471100,1769471100,165,0.4,0.42,0.41,0.02,1552.98,361.5,0.58,0.6,0
btc-updown-15m-1769471100,1769471100,180,0.42,0.43,0.425,0.01,1241.62,804.67,0.57,0.58,9
btc-updown-15m-1769471100,1769471100,195,0.45,0.46,0.455,0.01,1490.11,763.34,0.54,0.55,32
btc-updown-15m-1769471100,1769471100,210,0.38,0.39,0.385,0.01,1229.45,1256.39,0.61,0.62,14
btc-updown-15m-1769471100,1769471100,225,0.38,0.39,0.385,0.01,1744.8,665.61,0.61,0.62,184
btc-updown-15m-1769471100,1769471100,240,0.44,0.45,0.445,0.01,1831.62,354.92,0.55,0.56,13
btc-updown-15m-1769471100,1769471100,255,0.24,0.25,0.245,0.01,414.5,350.18,0.75,0.76,1
btc-updown-15m-1769471100,1769471100,270,0.25,0.26,0.255,0.01,913.6,841.59,0.74,0.75,105
btc-updown-15m-1769471100,1769471100,285,0.27,0.28,0.275,0.01,676.36,686.71,0.72,0.73,98
btc-updown-15m-1769471100,1769471100,300,0.25,0.26,0.255,0.01,1334.61,626.61,0.74,0.75,3
btc-updown-15m-1769471100,1769471100,315,0.27,0.28,0.275,0.01,2701.93,590.72,0.72,0.73,5
btc-updown-15m-1769471100,1769471100,330,0.25,0.26,0.255,0.01,737.19,662.16,0.74,0.75,25
btc-updown-15m-1769471100,1769471100,345,0.22,0.23,0.225,0.01,1173.72,645.42,0.77,0.78,29
btc-updown-15m-1769471100,1769471100,360,0.19,0.2,0.195,0.01,545.62,855.99,0.8,0.81,5
btc-updown-15m-1769471100,1769471100,375,0.21,0.22,0.215,0.01,638.39,348.24,0.78,0.79,40
btc-updown-15m-1769471100,1769471100,390,0.22,0.23,0.225,0.01,666.29,1239.15,0.77,0.78,32
btc-updown-15m-1769471100,1769471100,405,0.21,0.22,0.215,0.01,861.91,674.55,0.78,0.79,8
btc-updown-15m-1769471100,1769471100,420,0.2,0.21,0.205,0.01,692.63,957.57,0.79,0.8,36
btc-updown-15m-1769471100,1769471100,435,0.18,0.19,0.185,0.01,953.61,844.11,0.81,0.82,27
btc-updown-15m-1769471100,1769471100,450,0.1,0.11,0.105,0.01,1139.07,1256.33,0.89,0.9,14
btc-updown-15m-1769471100,1769471100,465,0.1,0.11,0.105,0.01,1912.1,558.87,0.89,0.9,24
btc-updown-15m-1769471100,1769471100,480,0.1,0.11,0.105,0.01,1123.4,1416.16,0.89,0.9,88
btc-updown-15m-1769471100,1769471100,495,0.09,0.1,0.095,0.01,1250.85,1533.48,0.9,0.91,6
btc-updown-15m-1769471100,1769471100,510,0.08,0.09,0.085,0.01,1325.92,1313.65,0.91,0.92,89
btc-updown-15m-1769471100,1769471100,525,0.07,0.08,0.075,0.01,2129.41,1603.27,0.92,0.93,153
btc-updown-15m-1769471100,1769471100,540,0.07,0.08,0.075,0.01,1203.85,940.29,0.92,0.93,125
btc-updown-15m-1769471100,1769471100,555,0.05,0.06,0.055,0.01,3106.28,809.2,0.94,0.95,73
btc-updown-15m-1769471100,1769471100,570,0.03,0.04,0.035,0.01,15751.49,1006.5,0.96,0.97,11
btc-updown-15m-1769471100,1769471100,585,0.03,0.04,0.035,0.01,15184.35,1262.54,0.96,0.97,221
btc-updown-15m-1769471100,1769471100,600,0.03,0.04,0.035,0.01,15232.29,955.71,0.96,0.97,13
btc-updown-15m-1769471100,1769471100,615,0.03,0.04,0.035,0.01,14819.06,1081.77,0.96,0.97,2
btc-updown-15m-1769471100,1769471100,630,0.03,0.04,0.035,0.01,15707.96,1133.17,0.96,0.97,35
btc-updown-15m-1769471100,1769471100,645,0.02,0.03,0.025,0.01,13334.77,956.7,0.97,0.98,179
btc-updown-15m-1769471100,1769471100,660,0.02,0.03,0.025,0.01,12791.85,1540.13,0.97,0.98,3
btc-updown-15m-1769471100,1769471100,675,0.01,0.02,0.015,0.01,9382.63,1947.11,0.98,0.99,29
btc-updown-15m-1769471100,1769471100,690,0.01,0.02,0.015,0.01,7591.31,3031.41,0.98,0.99,114
btc-updown-15m-1769471100,1769471100,705,0.01,0.02,0.015,0.01,7218.79,2690.71,0.98,0.99,64
btc-updown-15m-1769471100,1769471100,720,0.01,0.02,0.015,0.01,6695.21,3649.2,0.98,0.99,2
btc-updown-15m-1769471100,1769471100,735,0.01,0.019,0.0145,0.009,4629.94,5110.78,0.981,0.99,1
btc-updown-15m-1769471100,1769471100,750,0.01,0.017,0.0135,0.007,3423.67,2132.63,0.983,0.99,119
btc-updown-15m-1769471100,1769471100,765,0.01,0.015,0.0125,0.005,1470.11,2170.27,0.985,0.99,55
btc-updown-15m-1769471100,1769471100,780,0.003,0.009,0.006,0.006,1820.29,3273.44,0.991,0.997,38
btc-updown-15m-1769471100,1769471100,795,0.003,0.004,0.0035,0.001,3199.59,1811.47,0.996,0.997,191
btc-updown-15m-1769471100,1769471100,810,0.002,0.003,0.0025,0.001,1589.37,1092.84,0.997,0.998,27
btc-updown-15m-1769471100,1769471100,825,0.002,0.005,0.0035,0.003,846.16,3422.2,0.995,0.998,12
btc-updown-15m-1769471100,1769471100,840,0.001,0.002,0.0015,0.001,527.1,1745.53,0.998,0.999,73
btc-updown-15m-1769471100,1769471100,845,,0.001,,,0,9136.53,0.999,,13
btc-updown-15m-1769471100,1769471100,850,,0.001,,,0,18028.25,0.999,,387
btc-updown-15m-1769471100,1769471100,855,,0.001,,,0,17602.61,0.999,,250
btc-updown-15m-1769471100,1769471100,860,,0.001,,,0,17385.37,0.999,,222
btc-updown-15m-1769471100,1769471100,865,,0.001,,,0,22264.1,0.999,,79
btc-updown-15m-1769471100,1769471100,870,,0.001,,,0,21961.86,0.999,,116
btc-updown-15m-1769471100,1769471100,875,,0.001,,,0,20976.86,0.999,,123
btc-updown-15m-1769471100,1769471100,880,,0.001,,,0,20798.49,0.999,,0
btc-updown-15m-1769471100,1769471100,885,,0.001,,,0,20829.49,0.999,,826
btc-updown-15m-1769471100,1769471100,890,,0.001,,,0,21758.88,0.999,,69
btc-updown-15m-1769471100,1769471100,895,,0.001,,,0,27500.23,0.999,,32
btc-updown-15m-1769471100,1769471100,897,,0.001,,,0,36943.85,0.999,,1
btc-updown-15m-1769471100,1769471100,899,,0.001,,,0,63529.6,0.999,,52
btc-updown-15m-1769471100,1769471100,900,,0.001,,,0,64294.6,0.999,,155
btc-updown-15m-1769481000,1769481000,0,0.5,0.52,0.51,0.02,1424.72,231.56,0.48,0.5,158
btc-updown-15m-1769481000,1769481000,15,0.62,0.63,0.625,0.01,1655.51,1989.23,0.37,0.38,1
btc-updown-15m-1769481000,1769481000,30,0.65,0.67,0.66,0.02,1467.52,1220.22,0.33,0.35,0
btc-updown-15m-1769481000,1769481000,45,0.7,0.71,0.705,0.01,3590.89,1035.99,0.29,0.3,1
btc-updown-15m-1769481000,1769481000,60,0.71,0.72,0.715,0.01,4579.74,2699.59,0.28,0.29,2
btc-updown-15m-1769481000,1769481000,75,0.62,0.63,0.625,0.01,1589.02,926.19,0.37,0.38,12
btc-updown-15m-1769481000,1769481000,90,0.56,0.57,0.565,0.01,2206.48,910.22,0.43,0.44,1
btc-updown-15m-1769481000,1769481000,105,0.57,0.58,0.575,0.01,1507.14,2029.56,0.42,0.43,19
btc-updown-15m-1769481000,1769481000,120,0.57,0.58,0.575,0.01,1636.54,1903.19,0.42,0.43,70
btc-updown-15m-1769481000,1769481000,135,0.72,0.73,0.725,0.01,4867,1604.97,0.27,0.28,20
btc-updown-15m-1769481000,1769481000,150,0.73,0.74,0.735,0.01,5077.14,1798.95,0.26,0.27,18
btc-updown-15m-1769481000,1769481000,165,0.76,0.77,0.765,0.01,962.4,2191.13,0.23,0.24,22
btc-updown-15m-1769481000,1769481000,180,0.81,0.82,0.815,0.01,1575.65,1995.44,0.18,0.19,107
btc-updown-15m-1769481000,1769481000,195,0.78,0.79,0.785,0.01,2343.41,1474.01,0.21,0.22,18
btc-updown-15m-1769481000,1769481000,210,0.78,0.79,0.785,0.01,1196.17,2332.86,0.21,0.22,18
btc-updown-15m-1769481000,1769481000,225,0.78,0.79,0.785,0.01,1770.26,1750.7,0.21,0.22,3
btc-updown-15m-1769481000,1769481000,240,0.72,0.73,0.725,0.01,5275.37,1746.9,0.27,0.28,101
btc-updown-15m-1769481000,1769481000,255,0.77,0.78,0.775,0.01,1931.28,1860.96,0.22,0.23,1
btc-updown-15m-1769481000,1769481000,270,0.78,0.79,0.785,0.01,1408.17,2010.08,0.21,0.22,17
btc-updown-15m-1769481000,1769481000,285,0.74,0.75,0.745,0.01,2707.02,1711.68,0.25,0.26,30
btc-updown-15m-1769481000,1769481000,300,0.77,0.78,0.775,0.01,1084.49,1631.16,0.22,0.23,30
btc-updown-15m-1769481000,1769481000,315,0.78,0.79,0.785,0.01,1337.75,1496.76,0.21,0.22,24
btc-updown-15m-1769481000,1769481000,330,0.77,0.78,0.775,0.01,1152.84,1616.37,0.22,0.23,9
btc-updown-15m-1769481000,1769481000,345,0.82,0.83,0.825,0.01,1062.69,1772.88,0.17,0.18,37
btc-updown-15m-1769481000,1769481000,360,0.82,0.83,0.825,0.01,1442.01,1006.16,0.17,0.18,26
btc-updown-15m-1769481000,1769481000,375,0.82,0.83,0.825,0.01,1676.55,1650.9,0.17,0.18,238
btc-updown-15m-1769481000,1769481000,390,0.82,0.83,0.825,0.01,1775.67,1000.52,0.17,0.18,69
btc-updown-15m-1769481000,1769481000,405,0.82,0.83,0.825,0.01,1880.36,1485.7,0.17,0.18,17
btc-updown-15m-1769481000,1769481000,420,0.83,0.84,0.835,0.01,1748.53,1865.67,0.16,0.17,75
btc-updown-15m-1769481000,1769481000,435,0.84,0.85,0.845,0.01,2069.41,2055.07,0.15,0.16,107
btc-updown-15m-1769481000,1769481000,450,0.84,0.85,0.845,0.01,1959.88,2248.76,0.15,0.16,42
btc-updown-15m-1769481000,1769481000,465,0.89,0.9,0.895,0.01,1486.76,3575.22,0.1,0.11,14
btc-updown-15m-1769481000,1769481000,480,0.91,0.92,0.915,0.01,1121.79,3300.69,0.08,0.09,81
btc-updown-15m-1769481000,1769481000,495,0.92,0.93,0.925,0.01,1315.56,5680.96,0.07,0.08,26
btc-updown-15m-1769481000,1769481000,510,0.93,0.94,0.935,0.01,1408.24,5145.51,0.06,0.07,7
btc-updown-15m-1769481000,1769481000,525,0.94,0.95,0.945,0.01,1767.89,4911.5,0.05,0.06,0
btc-updown-15m-1769481000,1769481000,540,0.95,0.96,0.955,0.01,2089.39,11647.94,0.04,0.05,91
btc-updown-15m-1769481000,1769481000,555,0.96,0.97,0.965,0.01,1892.18,19166.48,0.03,0.04,21
btc-updown-15m-1769481000,1769481000,570,0.97,0.98,0.975,0.01,1953.6,25145.26,0.02,0.03,187
btc-updown-15m-1769481000,1769481000,585,0.97,0.98,0.975,0.01,3768.42,20092.77,0.02,0.03,57
btc-updown-15m-1769481000,1769481000,600,0.97,0.98,0.975,0.01,3666.75,19792.4,0.02,0.03,49
btc-updown-15m-1769481000,1769481000,615,0.98,0.99,0.985,0.01,14604.27,6902.96,0.01,0.02,14
btc-updown-15m-1769481000,1769481000,630,0.99,,,,17703.49,0,,0.01,390
btc-updown-15m-1769481000,1769481000,645,0.99,,,,17926.66,0,,0.01,353
btc-updown-15m-1769481000,1769481000,660,0.99,,,,19541.5,0,,0.01,55
btc-updown-15m-1769481000,1769481000,675,0.99,0.998,0.994,0.008,20179.11,475.28,0.002,0.01,127
btc-updown-15m-1769481000,1769481000,690,0.99,0.997,0.9935,0.007,18453.32,11452.54,0.003,0.01,183
btc-updown-15m-1769481000,1769481000,705,0.997,0.998,0.9975,0.001,2317.82,15892.57,0.002,0.003,0
btc-updown-15m-1769481000,1769481000,720,0.995,0.998,0.9965,0.003,3050.57,16327.42,0.002,0.005,78
btc-updown-15m-1769481000,1769481000,735,0.996,0.998,0.997,0.002,2663.16,16650.52,0.002,0.004,2
btc-updown-15m-1769481000,1769481000,750,0.996,0.998,0.997,0.002,2150.15,18344.76,0.002,0.004,112
btc-updown-15m-1769481000,1769481000,765,0.995,0.997,0.996,0.002,3385.56,12960.07,0.003,0.005,148
btc-updown-15m-1769481000,1769481000,780,0.992,0.995,0.9935,0.003,4035.04,4121.7,0.005,0.008,11
btc-updown-15m-1769481000,1769481000,795,0.994,0.997,0.9955,0.003,2946.15,12650.38,0.003,0.006,10
btc-updown-15m-1769481000,1769481000,810,0.991,0.996,0.9935,0.005,5572.6,1309.06,0.004,0.009,1
btc-updown-15m-1769481000,1769481000,825,0.993,0.997,0.995,0.004,4846.13,12254.23,0.003,0.007,23
btc-updown-15m-1769481000,1769481000,840,0.994,0.998,0.996,0.004,4090.95,1985.07,0.002,0.006,2
btc-updown-15m-1769481000,1769481000,845,0.995,0.999,0.997,0.004,2631.45,282.81,0.001,0.005,162
btc-updown-15m-1769481000,1769481000,850,0.999,,,,8512.72,0,,0.001,48
btc-updown-15m-1769481000,1769481000,855,0.999,,,,8537.95,0,,0.001,46
btc-updown-15m-1769481000,1769481000,860,0.999,,,,8526.18,0,,0.001,101
btc-updown-15m-1769481000,1769481000,865,0.999,,,,11618.69,0,,0.001,3
btc-updown-15m-1769481000,1769481000,870,0.999,,,,13511.87,0,,0.001,288
btc-updown-15m-1769481000,1769481000,875,0.999,,,,20353.93,0,,0.001,20
btc-updown-15m-1769481000,1769481000,880,0.999,,,,20053.42,0,,0.001,38
btc-updown-15m-1769481000,1769481000,885,0.999,,,,20035.59,0,,0.001,400
btc-updown-15m-1769481000,1769481000,890,0.999,,,,19988.59,0,,0.001,61
btc-updown-15m-1769481000,1769481000,895,0.999,,,,22009.6,0,,0.001,49
btc-updown-15m-1769481000,1769481000,897,0.999,,,,31159.11,0,,0.001,17
btc-updown-15m-1769481000,1769481000,899,0.999,,,,31387.58,0,,0.001,8
btc-updown-15m-1769481000,1769481000,900,0.999,,,,33164.58,0,,0.001,31
btc-updown-15m-1769491800,1769491800,0,0.48,0.5,0.49,0.02,830.12,695.74,0.5,0.52,64
btc-updown-15m-1769491800,1769491800,15,0.6,0.61,0.605,0.01,1428.72,1266.16,0.39,0.4,9
btc-updown-15m-1769491800,1769491800,30,0.54,0.55,0.545,0.01,1316.98,871.7,0.45,0.46,18
btc-updown-15m-1769491800,1769491800,45,0.54,0.55,0.545,0.01,1187.24,874.93,0.45,0.46,22
btc-updown-15m-1769491800,1769491800,60,0.56,0.57,0.565,0.01,1123.71,1131.29,0.43,0.44,65
btc-updown-15m-1769491800,1769491800,75,0.61,0.62,0.615,0.01,1964.52,845.37,0.38,0.39,38
btc-updown-15m-1769491800,1769491800,90,0.58,0.59,0.585,0.01,557.05,808.98,0.41,0.42,17
btc-updown-15m-1769491800,1769491800,105,0.55,0.56,0.555,0.01,1530.67,1422.25,0.44,0.45,146
btc-updown-15m-1769491800,1769491800,120,0.53,0.54,0.535,0.01,1129.06,1300.55,0.46,0.47,40
btc-updown-15m-1769491800,1769491800,135,0.55,0.56,0.555,0.01,929.79,693.09,0.44,0.45,63
btc-updown-15m-1769491800,1769491800,150,0.64,0.65,0.645,0.01,1604.03,1320.77,0.35,0.36,3
btc-updown-15m-1769491800,1769491800,165,0.59,0.6,0.595,0.01,1308.8,633.19,0.4,0.41,19
btc-updown-15m-1769491800,1769491800,180,0.61,0.62,0.615,0.01,1528.39,671.97,0.38,0.39,4
btc-updown-15m-1769491800,1769491800,195,0.64,0.65,0.645,0.01,1600.7,1521.39,0.35,0.36,0
btc-updown-15m-1769491800,1769491800,210,0.71,0.72,0.715,0.01,1568.46,875.24,0.28,0.29,16
btc-updown-15m-1769491800,1769491800,225,0.69,0.7,0.695,0.01,821.43,1353.01,0.3,0.31,2
btc-updown-15m-1769491800,1769491800,240,0.62,0.63,0.625,0.01,1902.74,575.1,0.37,0.38,41
btc-updown-15m-1769491800,1769491800,255,0.64,0.65,0.645,0.01,1009.03,1374.78,0.35,0.36,24
btc-updown-15m-1769491800,1769491800,270,0.65,0.66,0.655,0.01,1313.9,1595.75,0.34,0.35,14
btc-updown-15m-1769491800,1769491800,285,0.66,0.67,0.665,0.01,1252.99,1398.88,0.33,0.34,3
btc-updown-15m-1769491800,1769491800,300,0.67,0.68,0.675,0.01,924.24,1753.54,0.32,0.33,93
btc-updown-15m-1769491800,1769491800,315,0.68,0.69,0.685,0.01,1825.19,202.5,0.31,0.32,11
btc-updown-15m-1769491800,1769491800,330,0.79,0.8,0.795,0.01,1268.5,1920.34,0.2,0.21,30
btc-updown-15m-1769491800,1769491800,345,0.76,0.77,0.765,0.01,1155.16,1376.09,0.23,0.24,38
btc-updown-15m-1769491800,1769491800,360,0.77,0.78,0.775,0.01,1777.86,1502.16,0.22,0.23,22
btc-updown-15m-1769491800,1769491800,375,0.65,0.66,0.655,0.01,1083.67,1127.3,0.34,0.35,1
btc-updown-15m-1769491800,1769491800,390,0.65,0.66,0.655,0.01,1630.94,873.77,0.34,0.35,28
btc-updown-15m-1769491800,1769491800,405,0.6,0.61,0.605,0.01,1169.75,945.79,0.39,0.4,66
btc-updown-15m-1769491800,1769491800,420,0.61,0.62,0.615,0.01,1521.19,1456.01,0.38,0.39,27
btc-updown-15m-1769491800,1769491800,435,0.67,0.68,0.675,0.01,1761.53,652.24,0.32,0.33,46
btc-updown-15m-1769491800,1769491800,450,0.68,0.69,0.685,0.01,1541.36,864.39,0.31,0.32,1
btc-updown-15m-1769491800,1769491800,465,0.7,0.71,0.705,0.01,1322.8,755.68,0.29,0.3,18
btc-updown-15m-1769491800,1769491800,480,0.68,0.7,0.69,0.02,1675.08,831.6,0.3,0.32,5
btc-updown-15m-1769491800,1769491800,495,0.73,0.74,0.735,0.01,1321.55,1003.22,0.26,0.27,5
btc-updown-15m-1769491800,1769491800,510,0.79,0.8,0.795,0.01,1465.75,1025.09,0.2,0.21,111
btc-updown-15m-1769491800,1769491800,525,0.79,0.8,0.795,0.01,951.87,1766.84,0.2,0.21,8
btc-updown-15m-1769491800,1769491800,540,0.72,0.73,0.725,0.01,932.28,932.57,0.27,0.28,95
btc-updown-15m-1769491800,1769491800,555,0.8,0.81,0.805,0.01,1436.25,2270.27,0.19,0.2,21
btc-updown-15m-1769491800,1769491800,570,0.84,0.85,0.845,0.01,854.79,2100.78,0.15,0.16,140
btc-updown-15m-1769491800,1769491800,585,0.86,0.87,0.865,0.01,636.92,1499.13,0.13,0.14,31
btc-updown-15m-1769491800,1769491800,600,0.87,0.88,0.875,0.01,1119.04,2879.05,0.12,0.13,52
btc-updown-15m-1769491800,1769491800,615,0.82,0.83,0.825,0.01,1279.45,861.67,0.17,0.18,14
btc-updown-15m-1769491800,1769491800,630,0.87,0.88,0.875,0.01,1468.47,2945.82,0.12,0.13,32
btc-updown-15m-1769491800,1769491800,645,0.92,0.93,0.925,0.01,1604.2,4132.11,0.07,0.08,1
btc-updown-15m-1769491800,1769491800,660,0.92,0.93,0.925,0.01,1073.5,4624.2,0.07,0.08,85
btc-updown-15m-1769491800,1769491800,675,0.86,0.87,0.865,0.01,1156.14,658.17,0.13,0.14,0
btc-updown-15m-1769491800,1769491800,690,0.86,0.87,0.865,0.01,973.91,1257.69,0.13,0.14,0
btc-updown-15m-1769491800,1769491800,705,0.9,0.91,0.905,0.01,1375.96,490.74,0.09,0.1,7
btc-updown-15m-1769491800,1769491800,720,0.92,0.93,0.925,0.01,1037.5,3702.28,0.07,0.08,99
btc-updown-15m-1769491800,1769491800,735,0.91,0.92,0.915,0.01,906.72,650.58,0.08,0.09,46
btc-updown-15m-1769491800,1769491800,750,0.9,0.91,0.905,0.01,710,1164.5,0.09,0.1,9
btc-updown-15m-1769491800,1769491800,765,0.94,0.95,0.945,0.01,1545.87,4542.26,0.05,0.06,17
btc-updown-15m-1769491800,1769491800,780,0.93,0.94,0.935,0.01,797.93,3710.91,0.06,0.07,3
btc-updown-15m-1769491800,1769491800,795,0.95,0.96,0.955,0.01,1568.14,9843.63,0.04,0.05,24
btc-updown-15m-1769491800,1769491800,810,0.97,0.98,0.975,0.01,2222.54,19776.6,0.02,0.03,23
btc-updown-15m-1769491800,1769491800,825,0.97,0.98,0.975,0.01,1727.06,18368.29,0.02,0.03,28
btc-updown-15m-1769491800,1769491800,840,0.97,0.98,0.975,0.01,1938.52,19900.3,0.02,0.03,6
btc-updown-15m-1769491800,1769491800,845,0.96,0.98,0.97,0.02,2369.63,19333.74,0.02,0.04,13
btc-updown-15m-1769491800,1769491800,850,0.96,0.98,0.97,0.02,2454.63,17936.67,0.02,0.04,4
btc-updown-15m-1769491800,1769491800,855,0.98,0.99,0.985,0.01,2012.01,9332.7,0.01,0.02,51
btc-updown-15m-1769491800,1769491800,860,0.97,0.98,0.975,0.01,2090.16,8608.25,0.02,0.03,74
btc-updown-15m-1769491800,1769491800,865,0.97,0.98,0.975,0.01,1652.64,9158.52,0.02,0.03,9
btc-updown-15m-1769491800,1769491800,870,0.97,0.98,0.975,0.01,2404.4,8798.82,0.02,0.03,13
btc-updown-15m-1769491800,1769491800,875,0.98,0.99,0.985,0.01,1119.39,8187.63,0.01,0.02,5
btc-updown-15m-1769491800,1769491800,880,0.98,0.99,0.985,0.01,1175.15,7228.62,0.01,0.02,16
btc-updown-15m-1769491800,1769491800,885,0.98,0.99,0.985,0.01,1221.64,6901.35,0.01,0.02,103
btc-updown-15m-1769491800,1769491800,890,0.98,0.99,0.985,0.01,1554.99,5160.44,0.01,0.02,15
btc-updown-15m-1769491800,1769491800,895,0.4,0.45,0.425,0.05,2183.04,102.95,0.55,0.6,15
btc-updown-15m-1769491800,1769491800,897,0.45,0.55,0.5,0.1,1685.08,105,0.45,0.55,0
btc-updown-15m-1769491800,1769491800,899,0.4,0.54,0.47,0.14,1491.15,169.54,0.46,0.6,31
btc-updown-15m-1769491800,1769491800,900,0.41,0.52,0.465,0.11,1368.89,1636.29,0.48,0.59,4
btc-updown-15m-1769501700,1769501700,0,0.5,0.54,0.52,0.04,1899.28,750.58,0.46,0.5,28
btc-updown-15m-1769501700,1769501700,15,0.5,0.51,0.505,0.01,2747.79,1504.84,0.49,0.5,17
btc-updown-15m-1769501700,1769501700,30,0.6,0.61,0.605,0.01,1038.76,1317.05,0.39,0.4,7
btc-updown-15m-1769501700,1769501700,45,0.67,0.68,0.675,0.01,2378.1,3845.76,0.32,0.33,66
btc-updown-15m-1769501700,1769501700,60,0.55,0.56,0.555,0.01,4214.07,26.54,0.44,0.45,1
btc-updown-15m-1769501700,1769501700,75,0.62,0.63,0.625,0.01,2378.69,3633.45,0.37,0.38,8
btc-updown-15m-1769501700,1769501700,90,0.64,0.65,0.645,0.01,3296.89,2879.69,0.35,0.36,7
btc-updown-15m-1769501700,1769501700,105,0.64,0.65,0.645,0.01,3210.07,3118,0.35,0.36,17
btc-updown-15m-1769501700,1769501700,120,0.65,0.66,0.655,0.01,1323.88,1177.89,0.34,0.35,1
btc-updown-15m-1769501700,1769501700,135,0.56,0.57,0.565,0.01,2415.01,3218.39,0.43,0.44,0
btc-updown-15m-1769501700,1769501700,150,0.56,0.57,0.565,0.01,2580.21,3667.66,0.43,0.44,29
btc-updown-15m-1769501700,1769501700,165,0.46,0.47,0.465,0.01,3022.35,3761.18,0.53,0.54,17
btc-updown-15m-1769501700,1769501700,180,0.46,0.47,0.465,0.01,3155.45,3783.2,0.53,0.54,14
btc-updown-15m-1769501700,1769501700,195,0.48,0.49,0.485,0.01,2681.57,2394.39,0.51,0.52,37
btc-updown-15m-1769501700,1769501700,210,0.48,0.49,0.485,0.01,1991.77,3926,0.51,0.52,6
btc-updown-15m-1769501700,1769501700,225,0.46,0.47,0.465,0.01,3662.02,2125.71,0.53,0.54,15
btc-updown-15m-1769501700,1769501700,240,0.49,0.51,0.5,0.02,4671.55,3058.19,0.49,0.51,27
btc-updown-15m-1769501700,1769501700,255,0.5,0.51,0.505,0.01,1709.89,3681.73,0.49,0.5,81
btc-updown-15m-1769501700,1769501700,270,0.49,0.5,0.495,0.01,2732.89,3752.32,0.5,0.51,4
btc-updown-15m-1769501700,1769501700,285,0.45,0.46,0.455,0.01,3688.64,1966.69,0.54,0.55,52
btc-updown-15m-1769501700,1769501700,300,0.43,0.44,0.435,0.01,3150.8,2341.39,0.56,0.57,93
btc-updown-15m-1769501700,1769501700,315,0.43,0.44,0.435,0.01,2260.79,3211.89,0.56,0.57,62
btc-updown-15m-1769501700,1769501700,330,0.43,0.44,0.435,0.01,2649.19,2460.25,0.56,0.57,2
btc-updown-15m-1769501700,1769501700,345,0.51,0.52,0.515,0.01,3118.79,3149.87,0.48,0.49,14
btc-updown-15m-1769501700,1769501700,360,0.48,0.49,0.485,0.01,2079.39,3800.39,0.51,0.52,52
btc-updown-15m-1769501700,1769501700,375,0.51,0.52,0.515,0.01,720.09,971.76,0.48,0.49,8
btc-updown-15m-1769501700,1769501700,390,0.51,0.52,0.515,0.01,2946.98,3183.93,0.48,0.49,2
btc-updown-15m-1769501700,1769501700,405,0.51,0.52,0.515,0.01,2398.89,3879.22,0.48,0.49,28
btc-updown-15m-1769501700,1769501700,420,0.5,0.51,0.505,0.01,800.39,2408.61,0.49,0.5,2
btc-updown-15m-1769501700,1769501700,435,0.21,0.22,0.215,0.01,3070.66,1383.59,0.78,0.79,27
btc-updown-15m-1769501700,1769501700,450,0.18,0.19,0.185,0.01,2999.68,2595.59,0.81,0.82,3
btc-updown-15m-1769501700,1769501700,465,0.18,0.19,0.185,0.01,2332.43,3391.41,0.81,0.82,1
btc-updown-15m-1769501700,1769501700,480,0.17,0.18,0.175,0.01,4040.72,1679.82,0.82,0.83,4
btc-updown-15m-1769501700,1769501700,495,0.21,0.23,0.22,0.02,1833.37,2857.79,0.77,0.79,113
btc-updown-15m-1769501700,1769501700,510,0.13,0.14,0.135,0.01,3065.63,2993.53,0.86,0.87,104
btc-updown-15m-1769501700,1769501700,525,0.09,0.1,0.095,0.01,4281.58,1514.77,0.9,0.91,13
btc-updown-15m-1769501700,1769501700,540,0.05,0.06,0.055,0.01,3199.94,2483.14,0.94,0.95,133
btc-updown-15m-1769501700,1769501700,555,0.04,0.05,0.045,0.01,5266.84,3765.57,0.95,0.96,9
btc-updown-15m-1769501700,1769501700,570,0.03,0.04,0.035,0.01,14253.63,3588.8,0.96,0.97,54
btc-updown-15m-1769501700,1769501700,585,0.03,0.04,0.035,0.01,13821.04,3257.41,0.96,0.97,60
btc-updown-15m-1769501700,1769501700,600,0.03,0.04,0.035,0.01,13568.27,2539.12,0.96,0.97,33
btc-updown-15m-1769501700,1769501700,615,0.02,0.03,0.025,0.01,12974.31,1722.84,0.97,0.98,4
btc-updown-15m-1769501700,1769501700,630,0.02,0.03,0.025,0.01,12121.31,2800.93,0.97,0.98,37
btc-updown-15m-1769501700,1769501700,645,0.02,0.03,0.025,0.01,11418.08,3079.57,0.97,0.98,47
btc-updown-15m-1769501700,1769501700,660,0.02,0.03,0.025,0.01,11613.64,2315.95,0.97,0.98,74
btc-updown-15m-1769501700,1769501700,675,0.02,0.03,0.025,0.01,11328.81,3502.26,0.97,0.98,153
btc-updown-15m-1769501700,1769501700,690,0.02,0.03,0.025,0.01,11510.26,2332.17,0.97,0.98,42
btc-updown-15m-1769501700,1769501700,705,0.01,0.02,0.015,0.01,10688.73,3867.46,0.98,0.99,261
btc-updown-15m-1769501700,1769501700,720,0.01,0.02,0.015,0.01,8387.02,4442.95,0.98,0.99,1
btc-updown-15m-1769501700,1769501700,735,0.01,0.02,0.015,0.01,6769.95,4016.41,0.98,0.99,97
btc-updown-15m-1769501700,1769501700,750,0.005,0.01,0.0075,0.005,415,9179.62,0.99,0.995,35
btc-updown-15m-1769501700,1769501700,765,0.001,0.004,0.0025,0.003,1468.51,1022,0.996,0.999,20
btc-updown-15m-1769501700,1769501700,780,0.001,0.004,0.0025,0.003,428.51,3732.5,0.996,0.999,123
btc-updown-15m-1769501700,1769501700,795,0.001,0.003,0.002,0.002,283.32,7238.98,0.997,0.999,107
btc-updown-15m-1769501700,1769501700,810,,0.004,,,0,5807.7,0.996,,1
btc-updown-15m-1769501700,1769501700,825,,0.004,,,0,5659.18,0.996,,7
btc-updown-15m-1769501700,1769501700,840,0.002,0.003,0.0025,0.001,1177.09,6484.88,0.997,0.998,262
btc-updown-15m-1769501700,1769501700,845,,0.001,,,0,8298.2,0.999,,49
btc-updown-15m-1769501700,1769501700,850,,0.001,,,0,5662.88,0.999,,72
btc-updown-15m-1769501700,1769501700,855,,0.001,,,0,5903.2,0.999,,91
btc-updown-15m-1769501700,1769501700,860,,0.001,,,0,6224.58,0.999,,22
btc-updown-15m-1769501700,1769501700,865,,0.001,,,0,5208.58,0.999,,51
btc-updown-15m-1769501700,1769501700,870,,0.001,,,0,19088.9,0.999,,112
btc-updown-15m-1769501700,1769501700,875,,0.001,,,0,19120.62,0.999,,3
btc-updown-15m-1769501700,1769501700,880,,0.001,,,0,18972.96,0.999,,77
btc-updown-15m-1769501700,1769501700,885,,0.001,,,0,14076.08,0.999,,141
btc-updown-15m-1769501700,1769501700,890,,0.001,,,0,15339.19,0.999,,36
btc-updown-15m-1769501700,1769501700,895,,0.001,,,0,19150.01,0.999,,62
btc-updown-15m-1769501700,1769501700,897,,0.001,,,0,49020.89,0.999,,12
btc-updown-15m-1769501700,1769501700,899,,0.001,,,0,69478.55,0.999,,72
btc-updown-15m-1769501700,1769501700,900,,0.001,,,0,71255.55,0.999,,98
btc-updown-15m-1769511600,1769511600,0,0.56,0.58,0.57,0.02,645.45,431.51,0.42,0.44,112
btc-updown-15m-1769511600,1769511600,15,0.61,0.62,0.615,0.01,70.38,1066.13,0.38,0.39,1
btc-updown-15m-1769511600,1769511600,30,0.54,0.55,0.545,0.01,1876.6,498.22,0.45,0.46,5
btc-updown-15m-1769511600,1769511600,45,0.65,0.66,0.655,0.01,696.11,1077.76,0.34,0.35,1
btc-updown-15m-1769511600,1769511600,60,0.57,0.58,0.575,0.01,1228.87,917.91,0.42,0.43,5
btc-updown-15m-1769511600,1769511600,75,0.57,0.58,0.575,0.01,1419.21,817.92,0.42,0.43,7
btc-updown-15m-1769511600,1769511600,90,0.58,0.59,0.585,0.01,1292.73,474.34,0.41,0.42,39
btc-updown-15m-1769511600,1769511600,105,0.59,0.6,0.595,0.01,1002.5,592.77,0.4,0.41,121
btc-updown-15m-1769511600,1769511600,120,0.55,0.56,0.555,0.01,731.34,148.36,0.44,0.45,52
btc-updown-15m-1769511600,1769511600,135,0.52,0.53,0.525,0.01,7419.7,937.93,0.47,0.48,35
btc-updown-15m-1769511600,1769511600,150,0.51,0.52,0.515,0.01,6565.31,1420.98,0.48,0.49,2
btc-updown-15m-1769511600,1769511600,165,0.5,0.51,0.505,0.01,2791.63,1166.59,0.49,0.5,144
btc-updown-15m-1769511600,1769511600,180,0.57,0.58,0.575,0.01,454.02,249.69,0.42,0.43,103
btc-updown-15m-1769511600,1769511600,195,0.51,0.53,0.52,0.02,607.94,736.61,0.47,0.49,16
btc-updown-15m-1769511600,1769511600,210,0.58,0.59,0.585,0.01,575.11,496.49,0.41,0.42,30
btc-updown-15m-1769511600,1769511600,225,0.58,0.59,0.585,0.01,299.11,403.42,0.41,0.42,0
btc-updown-15m-1769511600,1769511600,240,0.66,0.67,0.665,0.01,735.46,417.46,0.33,0.34,0
btc-updown-15m-1769511600,1769511600,255,0.67,0.68,0.675,0.01,604.51,1114.61,0.32,0.33,36
btc-updown-15m-1769511600,1769511600,270,0.66,0.67,0.665,0.01,565.09,986.31,0.33,0.34,82
btc-updown-15m-1769511600,1769511600,285,0.64,0.65,0.645,0.01,1109.64,758.78,0.35,0.36,44
btc-updown-15m-1769511600,1769511600,300,0.63,0.64,0.635,0.01,913.48,709.13,0.36,0.37,0
btc-updown-15m-1769511600,1769511600,315,0.74,0.75,0.745,0.01,721.55,363.67,0.25,0.26,28
btc-updown-15m-1769511600,1769511600,330,0.82,0.83,0.825,0.01,1126.75,1318.57,0.17,0.18,10
btc-updown-15m-1769511600,1769511600,345,0.82,0.84,0.83,0.02,782.78,1397.94,0.16,0.18,8
btc-updown-15m-1769511600,1769511600,360,0.88,0.89,0.885,0.01,649.1,1467.2,0.11,0.12,46
btc-updown-15m-1769511600,1769511600,375,0.89,0.9,0.895,0.01,1902.36,1118.64,0.1,0.11,100
btc-updown-15m-1769511600,1769511600,390,0.92,0.93,0.925,0.01,1119.17,2265.9,0.07,0.08,10
btc-updown-15m-1769511600,1769511600,405,0.94,0.95,0.945,0.01,2445.58,4191.34,0.05,0.06,4
btc-updown-15m-1769511600,1769511600,420,0.93,0.94,0.935,0.01,2552.46,2989.79,0.06,0.07,66
btc-updown-15m-1769511600,1769511600,435,0.89,0.9,0.895,0.01,1742.17,1005.8,0.1,0.11,1
btc-updown-15m-1769511600,1769511600,450,0.89,0.9,0.895,0.01,1630.28,790.25,0.1,0.11,146
btc-updown-15m-1769511600,1769511600,465,0.9,0.91,0.905,0.01,1206.52,1049.55,0.09,0.1,38
btc-updown-15m-1769511600,1769511600,480,0.89,0.9,0.895,0.01,1478.5,1030.54,0.1,0.11,3
btc-updown-15m-1769511600,1769511600,495,0.9,0.91,0.905,0.01,972.57,1274.09,0.09,0.1,20
btc-updown-15m-1769511600,1769511600,510,0.9,0.91,0.905,0.01,875.09,2031.24,0.09,0.1,55
btc-updown-15m-1769511600,1769511600,525,0.91,0.92,0.915,0.01,1179.25,2002.36,0.08,0.09,131
btc-updown-15m-1769511600,1769511600,540,0.92,0.93,0.925,0.01,1022.37,3164.05,0.07,0.08,38
btc-updown-15m-1769511600,1769511600,555,0.91,0.92,0.915,0.01,902.19,1324.74,0.08,0.09,125
btc-updown-15m-1769511600,1769511600,570,0.91,0.92,0.915,0.01,976.99,1399.9,0.08,0.09,5
btc-updown-15m-1769511600,1769511600,585,0.92,0.93,0.925,0.01,944.91,3146.56,0.07,0.08,2
btc-updown-15m-1769511600,1769511600,600,0.93,0.94,0.935,0.01,1018.67,3199.51,0.06,0.07,90
btc-updown-15m-1769511600,1769511600,615,0.93,0.95,0.94,0.02,944.81,4565.46,0.05,0.07,46
btc-updown-15m-1769511600,1769511600,630,0.93,0.94,0.935,0.01,1151.53,2990.75,0.06,0.07,173
btc-updown-15m-1769511600,1769511600,645,0.94,0.95,0.945,0.01,2392.54,3945.17,0.05,0.06,99
btc-updown-15m-1769511600,1769511600,660,0.94,0.95,0.945,0.01,1971.36,3735.17,0.05,0.06,30
btc-updown-15m-1769511600,1769511600,675,0.94,0.95,0.945,0.01,2012.75,2709.05,0.05,0.06,152
btc-updown-15m-1769511600,1769511600,690,0.94,0.95,0.945,0.01,1284.84,2836.15,0.05,0.06,70
btc-updown-15m-1769511600,1769511600,705,0.92,0.94,0.93,0.02,855.92,1578.08,0.06,0.08,0
btc-updown-15m-1769511600,1769511600,720,0.92,0.93,0.925,0.01,1014.45,702.72,0.07,0.08,1
btc-updown-15m-1769511600,1769511600,735,0.97,0.98,0.975,0.01,1544.49,10468.91,0.02,0.03,7
btc-updown-15m-1769511600,1769511600,750,0.98,0.99,0.985,0.01,2498.93,9240.81,0.01,0.02,15
btc-updown-15m-1769511600,1769511600,765,0.97,0.98,0.975,0.01,3367.75,9003.06,0.02,0.03,8
btc-updown-15m-1769511600,1769511600,780,0.98,0.99,0.985,0.01,4100.07,5686.06,0.01,0.02,83
btc-updown-15m-1769511600,1769511600,795,0.99,,,,14212.15,0,,0.01,187
btc-updown-15m-1769511600,1769511600,810,0.99,,,,14703.74,0,,0.01,38
btc-updown-15m-1769511600,1769511600,825,0.99,,,,16664.11,0,,0.01,79
btc-updown-15m-1769511600,1769511600,840,0.99,,,,18665.94,0,,0.01,39
btc-updown-15m-1769511600,1769511600,845,0.99,,,,19164.3,0,,0.01,58
btc-updown-15m-1769511600,1769511600,850,0.991,0.999,0.995,0.008,18164.17,194.89,0.001,0.009,1
btc-updown-15m-1769511600,1769511600,855,0.992,0.999,0.9955,0.007,13342.13,433.88,0.001,0.008,33
btc-updown-15m-1769511600,1769511600,860,0.999,,,,7661.43,0,,0.001,127
btc-updown-15m-1769511600,1769511600,865,0.999,,,,7069.78,0,,0.001,1
btc-updown-15m-1769511600,1769511600,870,0.999,,,,6864.92,0,,0.001,4
btc-updown-15m-1769511600,1769511600,875,0.999,,,,7857.26,0,,0.001,32
btc-updown-15m-1769511600,1769511600,880,0.999,,,,6306.89,0,,0.001,72
btc-updown-15m-1769511600,1769511600,885,0.999,,,,6144.64,0,,0.001,255
btc-updown-15m-1769511600,1769511600,890,0.999,,,,17344.84,0,,0.001,0
btc-updown-15m-1769511600,1769511600,895,0.999,,,,17283.32,0,,0.001,31
btc-updown-15m-1769511600,1769511600,897,0.999,,,,17512.14,0,,0.001,66
btc-updown-15m-1769511600,1769511600,899,0.999,,,,28112.93,0,,0.001,52
btc-updown-15m-1769511600,1769511600,900,0.999,,,,30656.93,0,,0.001,19
btc-updown-15m-1769522400,1769522400,0,0.51,0.52,0.515,0.01,1777.86,1795.87,0.48,0.49,175
btc-updown-15m-1769522400,1769522400,15,0.49,0.5,0.495,0.01,4774.23,4654.32,0.5,0.51,65
btc-updown-15m-1769522400,1769522400,30,0.49,0.5,0.495,0.01,5282.08,4877.28,0.5,0.51,23
btc-updown-15m-1769522400,1769522400,45,0.43,0.44,0.435,0.01,2706.71,815.77,0.56,0.57,36
btc-updown-15m-1769522400,1769522400,60,0.43,0.44,0.435,0.01,1837.63,3639.64,0.56,0.57,3
btc-updown-15m-1769522400,1769522400,75,0.45,0.46,0.455,0.01,8482.74,3424.22,0.54,0.55,1
btc-updown-15m-1769522400,1769522400,90,0.5,0.51,0.505,0.01,3453.92,2850.25,0.49,0.5,0
btc-updown-15m-1769522400,1769522400,105,0.47,0.48,0.475,0.01,4771.77,2721.18,0.52,0.53,43
btc-updown-15m-1769522400,1769522400,120,0.46,0.47,0.465,0.01,9745.17,1504.42,0.53,0.54,14
btc-updown-15m-1769522400,1769522400,135,0.48,0.51,0.495,0.03,3531.94,1696.98,0.49,0.52,14
btc-updown-15m-1769522400,1769522400,150,0.49,0.5,0.495,0.01,2701.89,3486.71,0.5,0.51,9
btc-updown-15m-1769522400,1769522400,165,0.49,0.5,0.495,0.01,5024.72,3698.28,0.5,0.51,29
btc-updown-15m-1769522400,1769522400,180,0.5,0.51,0.505,0.01,7797.22,3462.37,0.49,0.5,28
btc-updown-15m-1769522400,1769522400,195,0.59,0.6,0.595,0.01,1475.22,5332.38,0.4,0.41,1
btc-updown-15m-1769522400,1769522400,210,0.64,0.65,0.645,0.01,1570.52,4255.85,0.35,0.36,1
btc-updown-15m-1769522400,1769522400,225,0.74,0.75,0.745,0.01,2955.19,5091.57,0.25,0.26,18
btc-updown-15m-1769522400,1769522400,240,0.77,0.78,0.775,0.01,4110.97,4654.37,0.22,0.23,0
btc-updown-15m-1769522400,1769522400,255,0.82,0.83,0.825,0.01,5548.29,3004.78,0.17,0.18,4
btc-updown-15m-1769522400,1769522400,270,0.8,0.81,0.805,0.01,2584.77,4052.23,0.19,0.2,31
btc-updown-15m-1769522400,1769522400,285,0.78,0.79,0.785,0.01,5825.46,2475.41,0.21,0.22,24
btc-updown-15m-1769522400,1769522400,300,0.79,0.8,0.795,0.01,1364.94,3483.01,0.2,0.21,5
btc-updown-15m-1769522400,1769522400,315,0.76,0.77,0.765,0.01,1601.64,4077.01,0.23,0.24,21
btc-updown-15m-1769522400,1769522400,330,0.75,0.76,0.755,0.01,5021.28,3625.15,0.24,0.25,0
btc-updown-15m-1769522400,1769522400,345,0.76,0.77,0.765,0.01,6276.37,1023.12,0.23,0.24,4
btc-updown-15m-1769522400,1769522400,360,0.76,0.77,0.765,0.01,4265.2,2683.2,0.23,0.24,0
btc-updown-15m-1769522400,1769522400,375,0.71,0.72,0.715,0.01,399.98,4021.07,0.28,0.29,1
btc-updown-15m-1769522400,1769522400,390,0.7,0.71,0.705,0.01,6956.82,2403.65,0.29,0.3,24
btc-updown-15m-1769522400,1769522400,405,0.64,0.65,0.645,0.01,4921.65,1141.22,0.35,0.36,7
btc-updown-15m-1769522400,1769522400,420,0.65,0.66,0.655,0.01,5374.74,2968.1,0.34,0.35,10
btc-updown-15m-1769522400,1769522400,435,0.69,0.7,0.695,0.01,4046.74,2970.52,0.3,0.31,4
btc-updown-15m-1769522400,1769522400,450,0.68,0.69,0.685,0.01,3643.2,3837.99,0.31,0.32,10
btc-updown-15m-1769522400,1769522400,465,0.68,0.69,0.685,0.01,4733.01,2449.78,0.31,0.32,11
btc-updown-15m-1769522400,1769522400,480,0.77,0.78,0.775,0.01,740.65,5804.05,0.22,0.23,11
btc-updown-15m-1769522400,1769522400,495,0.78,0.79,0.785,0.01,2832.49,2107.84,0.21,0.22,3
btc-updown-15m-1769522400,1769522400,510,0.79,0.8,0.795,0.01,3224,2988.42,0.2,0.21,54
btc-updown-15m-1769522400,1769522400,525,0.72,0.73,0.725,0.01,684.98,3208.03,0.27,0.28,64
btc-updown-15m-1769522400,1769522400,540,0.74,0.75,0.745,0.01,2297.84,3176.91,0.25,0.26,4
btc-updown-15m-1769522400,1769522400,555,0.69,0.7,0.695,0.01,2218.84,3324.57,0.3,0.31,6
btc-updown-15m-1769522400,1769522400,570,0.65,0.67,0.66,0.02,1268.54,2023.71,0.33,0.35,28
btc-updown-15m-1769522400,1769522400,585,0.68,0.69,0.685,0.01,4835.76,69.13,0.31,0.32,0
btc-updown-15m-1769522400,1769522400,600,0.79,0.8,0.795,0.01,1794.58,3139.47,0.2,0.21,54
btc-updown-15m-1769522400,1769522400,615,0.89,0.9,0.895,0.01,794.78,4570.83,0.1,0.11,130
btc-updown-15m-1769522400,1769522400,630,0.94,0.95,0.945,0.01,3840.82,6085.49,0.05,0.06,17
btc-updown-15m-1769522400,1769522400,645,0.97,0.98,0.975,0.01,4126.32,15925.02,0.02,0.03,0
btc-updown-15m-1769522400,1769522400,660,0.98,0.99,0.985,0.01,4832.28,13905.19,0.01,0.02,15
btc-updown-15m-1769522400,1769522400,675,0.98,0.99,0.985,0.01,4319.02,13345.1,0.01,0.02,47
btc-updown-15m-1769522400,1769522400,690,0.97,0.98,0.975,0.01,4782.59,13473.13,0.02,0.03,23
btc-updown-15m-1769522400,1769522400,705,0.98,0.99,0.985,0.01,4616.39,11227.14,0.01,0.02,2
btc-updown-15m-1769522400,1769522400,720,0.98,0.99,0.985,0.01,6534.41,5980.85,0.01,0.02,85
btc-updown-15m-1769522400,1769522400,735,0.99,,,,16226.64,0,,0.01,113
btc-updown-15m-1769522400,1769522400,750,0.99,,,,16100.47,0,,0.01,84
btc-updown-15m-1769522400,1769522400,765,0.996,0.998,0.997,0.002,12103.95,654,0.002,0.004,79
btc-updown-15m-1769522400,1769522400,780,0.998,0.999,0.9985,0.001,449.38,449.35,0.001,0.002,17
btc-updown-15m-1769522400,1769522400,795,0.998,0.999,0.9985,0.001,1357.95,446.03,0.001,0.002,41
btc-updown-15m-1769522400,1769522400,810,0.996,0.998,0.997,0.002,2721.55,1110.96,0.002,0.004,48
btc-updown-15m-1769522400,1769522400,825,0.998,0.999,0.9985,0.001,3250.62,737.39,0.001,0.002,120
btc-updown-15m-1769522400,1769522400,840,0.997,0.999,0.998,0.002,3245.38,1962.48,0.001,0.003,116
btc-updown-15m-1769522400,1769522400,845,0.999,,,,2177.92,0,,0.001,47
btc-updown-15m-1769522400,1769522400,850,0.999,,,,3778.27,0,,0.001,15
btc-updown-15m-1769522400,1769522400,855,0.999,,,,2729.07,0,,0.001,92
btc-updown-15m-1769522400,1769522400,860,0.999,,,,1930.45,0,,0.001,1
btc-updown-15m-1769522400,1769522400,865,0.999,,,,1930.45,0,,0.001,25
btc-updown-15m-1769522400,1769522400,870,0.999,,,,1603.07,0,,0.001,69
btc-updown-15m-1769522400,1769522400,875,0.999,,,,2988.08,0,,0.001,26
btc-updown-15m-1769522400,1769522400,880,0.999,,,,2993.08,0,,0.001,698
btc-updown-15m-1769522400,1769522400,885,0.999,,,,5489.78,0,,0.001,149
btc-updown-15m-1769522400,1769522400,890,0.999,,,,21831.71,0,,0.001,19
btc-updown-15m-1769522400,1769522400,895,0.999,,,,29406.91,0,,0.001,26
btc-updown-15m-1769522400,1769522400,897,0.999,,,,30332.02,0,,0.001,24
btc-updown-15m-1769522400,1769522400,899,0.999,,,,31186.52,0,,0.001,34
btc-updown-15m-1769522400,1769522400,900,0.999,,,,31752.52,0,,0.001,103
btc-updown-15m-1769532300,1769532300,0,0.45,0.47,0.46,0.02,679.18,1214.87,0.53,0.55,78
btc-updown-15m-1769532300,1769532300,15,0.41,0.42,0.415,0.01,590,1219.5,0.58,0.59,64
btc-updown-15m-1769532300,1769532300,30,0.39,0.4,0.395,0.01,3137.37,4415.34,0.6,0.61,3
btc-updown-15m-1769532300,1769532300,45,0.47,0.48,0.475,0.01,940.61,2155.43,0.52,0.53,1985
btc-updown-15m-1769532300,1769532300,60,0.47,0.48,0.475,0.01,940.61,2155.43,0.52,0.53,11968
btc-updown-15m-1769532300,1769532300,75,0.47,0.48,0.475,0.01,940.61,2155.43,0.52,0.53,11985
btc-updown-15m-1769532300,1769532300,90,0.47,0.48,0.475,0.01,940.61,2155.43,0.52,0.53,26985
btc-updown-15m-1769532300,1769532300,105,0.47,0.48,0.475,0.01,940.61,2155.43,0.52,0.53,41985
btc-updown-15m-1769532300,1769532300,120,0.47,0.48,0.475,0.01,940.61,2155.43,0.52,0.53,56985
btc-updown-15m-1769532300,1769532300,135,0.47,0.48,0.475,0.01,1017.14,1482.71,0.52,0.53,92
btc-updown-15m-1769532300,1769532300,150,0.52,0.54,0.53,0.02,1976.29,3598.55,0.46,0.48,236
btc-updown-15m-1769532300,1769532300,165,0.52,0.53,0.525,0.01,2807.16,7831.27,0.47,0.48,367
btc-updown-15m-1769532300,1769532300,180,0.53,0.54,0.535,0.01,7561.61,4023.28,0.46,0.47,158
btc-updown-15m-1769532300,1769532300,195,0.53,0.54,0.535,0.01,3094.38,6012.33,0.46,0.47,1979
btc-updown-15m-1769532300,1769532300,210,0.52,0.53,0.525,0.01,3508.05,5974.1,0.47,0.48,0
btc-updown-15m-1769532300,1769532300,225,0.52,0.53,0.525,0.01,1888.17,8673.27,0.47,0.48,1514
btc-updown-15m-1769532300,1769532300,240,0.52,0.53,0.525,0.01,1412.49,4813.43,0.47,0.48,1079
btc-updown-15m-1769532300,1769532300,255,0.52,0.53,0.525,0.01,1423.73,4105.21,0.47,0.48,4815
btc-updown-15m-1769532300,1769532300,270,0.54,0.55,0.545,0.01,2937.14,3100.57,0.45,0.46,62
btc-updown-15m-1769532300,1769532300,285,0.54,0.56,0.55,0.02,1941.26,4979.16,0.44,0.46,2471
btc-updown-15m-1769532300,1769532300,300,0.52,0.53,0.525,0.01,4122.2,6318.61,0.47,0.48,34
btc-updown-15m-1769532300,1769532300,315,0.56,0.57,0.565,0.01,4237.39,605.48,0.43,0.44,42
btc-updown-15m-1769532300,1769532300,330,0.61,0.62,0.615,0.01,2929.7,4758.01,0.38,0.39,9
btc-updown-15m-1769532300,1769532300,345,0.55,0.56,0.555,0.01,1175.76,2534.17,0.44,0.45,8
btc-updown-15m-1769532300,1769532300,360,0.52,0.53,0.525,0.01,10409.98,1459.48,0.47,0.48,2
btc-updown-15m-1769532300,1769532300,375,0.58,0.59,0.585,0.01,2457.47,3267.65,0.41,0.42,47
btc-updown-15m-1769532300,1769532300,390,0.57,0.58,0.575,0.01,2197.6,3927.21,0.42,0.43,1069
btc-updown-15m-1769532300,1769532300,405,0.52,0.53,0.525,0.01,2936.19,3784.92,0.47,0.48,641
btc-updown-15m-1769532300,1769532300,420,0.52,0.53,0.525,0.01,2890.9,3661.91,0.47,0.48,4733
btc-updown-15m-1769532300,1769532300,435,0.52,0.53,0.525,0.01,2924.32,2613.32,0.47,0.48,2224
btc-updown-15m-1769532300,1769532300,450,0.52,0.53,0.525,0.01,1603.93,2285.59,0.47,0.48,72
btc-updown-15m-1769532300,1769532300,465,0.52,0.53,0.525,0.01,105.39,4328.22,0.47,0.48,37
btc-updown-15m-1769532300,1769532300,480,0.52,0.53,0.525,0.01,189.49,3897.66,0.47,0.48,156
btc-updown-15m-1769532300,1769532300,495,0.52,0.53,0.525,0.01,268.2,3967.61,0.47,0.48,434
btc-updown-15m-1769532300,1769532300,510,0.52,0.53,0.525,0.01,168.17,4414.69,0.47,0.48,8
btc-updown-15m-1769532300,1769532300,525,0.52,0.53,0.525,0.01,1712.19,4381.16,0.47,0.48,2442
btc-updown-15m-1769532300,1769532300,540,0.52,0.53,0.525,0.01,574.62,4546.17,0.47,0.48,44
btc-updown-15m-1769532300,1769532300,555,0.52,0.53,0.525,0.01,149.2,4701.2,0.47,0.48,349
btc-updown-15m-1769532300,1769532300,570,0.52,0.53,0.525,0.01,362.67,4976.28,0.47,0.48,811
btc-updown-15m-1769532300,1769532300,585,0.52,0.53,0.525,0.01,180.51,4472.19,0.47,0.48,3507
btc-updown-15m-1769532300,1769532300,600,0.52,0.53,0.525,0.01,89.98,4368.1,0.47,0.48,258
btc-updown-15m-1769532300,1769532300,615,0.52,0.53,0.525,0.01,3047.73,5789.42,0.47,0.48,2015
btc-updown-15m-1769532300,1769532300,630,0.52,0.53,0.525,0.01,82.64,4143.02,0.47,0.48,912
btc-updown-15m-1769532300,1769532300,645,0.52,0.53,0.525,0.01,221.38,7790.43,0.47,0.48,3315
btc-updown-15m-1769532300,1769532300,660,0.52,0.53,0.525,0.01,153.73,6607.95,0.47,0.48,2598
btc-updown-15m-1769532300,1769532300,675,0.52,0.53,0.525,0.01,1428.97,7501.84,0.47,0.48,3319
btc-updown-15m-1769532300,1769532300,690,0.52,0.53,0.525,0.01,182.76,10315.52,0.47,0.48,924
btc-updown-15m-1769532300,1769532300,705,0.52,0.53,0.525,0.01,2595.34,15558.54,0.47,0.48,2829
btc-updown-15m-1769532300,1769532300,720,0.52,0.53,0.525,0.01,2611.34,14711.04,0.47,0.48,2418
btc-updown-15m-1769532300,1769532300,735,0.52,0.53,0.525,0.01,73.75,14392.59,0.47,0.48,28
btc-updown-15m-1769532300,1769532300,750,0.52,0.53,0.525,0.01,88.03,15046.24,0.47,0.48,238
btc-updown-15m-1769532300,1769532300,765,0.52,0.53,0.525,0.01,104.53,15207.57,0.47,0.48,3771
btc-updown-15m-1769532300,1769532300,780,0.52,0.53,0.525,0.01,1123.54,12295.48,0.47,0.48,1341
btc-updown-15m-1769532300,1769532300,795,0.52,0.53,0.525,0.01,110.73,13577.03,0.47,0.48,4091
btc-updown-15m-1769532300,1769532300,810,0.52,0.53,0.525,0.01,79.68,15094.8,0.47,0.48,3865
btc-updown-15m-1769532300,1769532300,825,0.52,0.53,0.525,0.01,139.92,17822.23,0.47,0.48,1658
btc-updown-15m-1769532300,1769532300,840,0.52,0.53,0.525,0.01,102.95,18074.17,0.47,0.48,0
btc-updown-15m-1769532300,1769532300,845,0.52,0.53,0.525,0.01,1040.09,15454.84,0.47,0.48,46
btc-updown-15m-1769532300,1769532300,850,0.52,0.53,0.525,0.01,2431.72,15158.15,0.47,0.48,344
btc-updown-15m-1769532300,1769532300,855,0.52,0.53,0.525,0.01,937.22,15410.87,0.47,0.48,1781
btc-updown-15m-1769532300,1769532300,860,0.52,0.53,0.525,0.01,937.22,15410.87,0.47,0.48,2731
btc-updown-15m-1769532300,1769532300,865,0.52,0.53,0.525,0.01,2271.86,15582.87,0.47,0.48,3632
btc-updown-15m-1769532300,1769532300,870,0.52,0.53,0.525,0.01,790.86,16117.79,0.47,0.48,728
btc-updown-15m-1769532300,1769532300,875,0.52,0.53,0.525,0.01,1632.82,16671.79,0.47,0.48,98
btc-updown-15m-1769532300,1769532300,880,0.52,0.53,0.525,0.01,77.23,16979.35,0.47,0.48,1915
btc-updown-15m-1769532300,1769532300,885,0.52,0.53,0.525,0.01,82.23,16957.46,0.47,0.48,2843
btc-updown-15m-1769532300,1769532300,890,0.52,0.53,0.525,0.01,2960.63,16882.72,0.47,0.48,346
btc-updown-15m-1769532300,1769532300,895,0.52,0.53,0.525,0.01,88.23,16692.69,0.47,0.48,2647
btc-updown-15m-1769532300,1769532300,897,0.52,0.53,0.525,0.01,72.23,15921.69,0.47,0.48,781
btc-updown-15m-1769532300,1769532300,899,0.52,0.53,0.525,0.01,72.23,15921.69,0.47,0.48,2781
btc-updown-15m-1769532300,1769532300,900,0.52,0.53,0.525,0.01,91.39,15511.69,0.47,0.48,44
btc-updown-15m-1769543100,1769543100,0,0.4,0.45,0.425,0.05,503.73,3032.75,0.55,0.6,57
btc-updown-15m-1769543100,1769543100,15,0.31,0.34,0.325,0.03,3875.06,1984.53,0.66,0.69,1
btc-updown-15m-1769543100,1769543100,30,0.21,0.23,0.22,0.02,3887.65,1088.8,0.77,0.79,22
btc-updown-15m-1769543100,1769543100,45,0.34,0.35,0.345,0.01,3519.01,956.66,0.65,0.66,15
btc-updown-15m-1769543100,1769543100,60,0.31,0.32,0.315,0.01,3503.21,1774.81,0.68,0.69,101
btc-updown-15m-1769543100,1769543100,75,0.39,0.4,0.395,0.01,5774.04,1676.62,0.6,0.61,28
btc-updown-15m-1769543100,1769543100,90,0.39,0.4,0.395,0.01,4073.26,612.54,0.6,0.61,45
btc-updown-15m-1769543100,1769543100,105,0.4,0.41,0.405,0.01,2186.28,5946.67,0.59,0.6,87
btc-updown-15m-1769543100,1769543100,120,0.38,0.39,0.385,0.01,2921.13,3963.71,0.61,0.62,1
btc-updown-15m-1769543100,1769543100,135,0.33,0.34,0.335,0.01,1547.54,4859.2,0.66,0.67,32
btc-updown-15m-1769543100,1769543100,150,0.29,0.3,0.295,0.01,3415.15,936.01,0.7,0.71,71
btc-updown-15m-1769543100,1769543100,165,0.24,0.26,0.25,0.02,3617.26,3506.99,0.74,0.76,2
btc-updown-15m-1769543100,1769543100,180,0.24,0.25,0.245,0.01,2845.59,3788.69,0.75,0.76,1
btc-updown-15m-1769543100,1769543100,195,0.28,0.29,0.285,0.01,2683.65,1710.42,0.71,0.72,2
btc-updown-15m-1769543100,1769543100,210,0.22,0.24,0.23,0.02,4384.29,2168.73,0.76,0.78,1
btc-updown-15m-1769543100,1769543100,225,0.19,0.2,0.195,0.01,5754.96,4860.36,0.8,0.81,69
btc-updown-15m-1769543100,1769543100,240,0.32,0.33,0.325,0.01,1332.75,1037.18,0.67,0.68,13
btc-updown-15m-1769543100,1769543100,255,0.37,0.38,0.375,0.01,1263.46,3349.63,0.62,0.63,9
btc-updown-15m-1769543100,1769543100,270,0.31,0.32,0.315,0.01,3992.37,2937.23,0.68,0.69,9
btc-updown-15m-1769543100,1769543100,285,0.38,0.39,0.385,0.01,1198.31,4619.92,0.61,0.62,2
btc-updown-15m-1769543100,1769543100,300,0.37,0.38,0.375,0.01,2455.42,4882.23,0.62,0.63,11
btc-updown-15m-1769543100,1769543100,315,0.36,0.37,0.365,0.01,2534.77,4596.59,0.63,0.64,156
btc-updown-15m-1769543100,1769543100,330,0.19,0.2,0.195,0.01,2251.68,2959.31,0.8,0.81,50
btc-updown-15m-1769543100,1769543100,345,0.17,0.18,0.175,0.01,2450.69,2602.41,0.82,0.83,0
btc-updown-15m-1769543100,1769543100,360,0.2,0.21,0.205,0.01,2295.39,3372.59,0.79,0.8,26
btc-updown-15m-1769543100,1769543100,375,0.15,0.16,0.155,0.01,7497.19,502.04,0.84,0.85,2
btc-updown-15m-1769543100,1769543100,390,0.12,0.13,0.125,0.01,5358.32,3640.07,0.87,0.88,42
btc-updown-15m-1769543100,1769543100,405,0.2,0.21,0.205,0.01,5147.83,2596.2,0.79,0.8,20
btc-updown-15m-1769543100,1769543100,420,0.18,0.19,0.185,0.01,3469.05,4474.38,0.81,0.82,0
btc-updown-15m-1769543100,1769543100,435,0.19,0.2,0.195,0.01,6095.65,1579.94,0.8,0.81,33
btc-updown-15m-1769543100,1769543100,450,0.22,0.23,0.225,0.01,538.65,937.65,0.77,0.78,59
btc-updown-15m-1769543100,1769543100,465,0.22,0.23,0.225,0.01,5497.54,4124.74,0.77,0.78,1
btc-updown-15m-1769543100,1769543100,480,0.28,0.29,0.285,0.01,1805.24,2760.28,0.71,0.72,2
btc-updown-15m-1769543100,1769543100,495,0.21,0.22,0.215,0.01,5237.73,4981.91,0.78,0.79,0
btc-updown-15m-1769543100,1769543100,510,0.22,0.23,0.225,0.01,4942.36,181.53,0.77,0.78,14
btc-updown-15m-1769543100,1769543100,525,0.21,0.22,0.215,0.01,2357.03,3085.05,0.78,0.79,28
btc-updown-15m-1769543100,1769543100,540,0.09,0.1,0.095,0.01,7513.16,1846.96,0.9,0.91,16
btc-updown-15m-1769543100,1769543100,555,0.1,0.11,0.105,0.01,4283.26,1120.3,0.89,0.9,0
btc-updown-15m-1769543100,1769543100,570,0.1,0.12,0.11,0.02,5838.82,2861.45,0.88,0.9,0
btc-updown-15m-1769543100,1769543100,585,0.09,0.1,0.095,0.01,5866.56,2624.63,0.9,0.91,15
btc-updown-15m-1769543100,1769543100,600,0.08,0.09,0.085,0.01,5473.16,1403.93,0.91,0.92,26
btc-updown-15m-1769543100,1769543100,615,0.06,0.07,0.065,0.01,7689.92,1112.19,0.93,0.94,12
btc-updown-15m-1769543100,1769543100,630,0.05,0.06,0.055,0.01,7977,1413.6,0.94,0.95,13
btc-updown-15m-1769543100,1769543100,645,0.04,0.05,0.045,0.01,10240.53,1228.42,0.95,0.96,36
btc-updown-15m-1769543100,1769543100,660,0.02,0.03,0.025,0.01,17761.89,3591.44,0.97,0.98,104
btc-updown-15m-1769543100,1769543100,675,0.02,0.03,0.025,0.01,17374.55,3960.27,0.97,0.98,29
btc-updown-15m-1769543100,1769543100,690,0.01,0.02,0.015,0.01,16612.73,5454.34,0.98,0.99,13
btc-updown-15m-1769543100,1769543100,705,0.01,0.02,0.015,0.01,16935.55,3744.56,0.98,0.99,11
btc-updown-15m-1769543100,1769543100,720,0.01,0.02,0.015,0.01,14449.22,4223.07,0.98,0.99,15
btc-updown-15m-1769543100,1769543100,735,0.01,0.02,0.015,0.01,9697.33,5707.89,0.98,0.99,24
btc-updown-15m-1769543100,1769543100,750,0.01,0.011,0.0105,0.001,6714.03,5828.67,0.989,0.99,99
btc-updown-15m-1769543100,1769543100,765,0.01,0.019,0.0145,0.009,4824.7,6253.01,0.981,0.99,17
btc-updown-15m-1769543100,1769543100,780,0.01,0.02,0.015,0.01,154.28,5644.02,0.98,0.99,181
btc-updown-15m-1769543100,1769543100,795,0.002,0.005,0.0035,0.003,833.96,1454.19,0.995,0.998,32
btc-updown-15m-1769543100,1769543100,810,0.002,0.01,0.006,0.008,1180.3,10537.03,0.99,0.998,101
btc-updown-15m-1769543100,1769543100,825,0.002,0.01,0.006,0.008,945.97,8112.45,0.99,0.998,12
btc-updown-15m-1769543100,1769543100,840,0.003,0.004,0.0035,0.001,2113.98,5778.02,0.996,0.997,80
btc-updown-15m-1769543100,1769543100,845,0.003,0.01,0.0065,0.007,1707.02,550.73,0.99,0.997,90
btc-updown-15m-1769543100,1769543100,850,0.002,0.003,0.0025,0.001,2589.74,5631.04,0.997,0.998,60
btc-updown-15m-1769543100,1769543100,855,0.002,0.003,0.0025,0.001,2649.74,5295.41,0.997,0.998,8
btc-updown-15m-1769543100,1769543100,860,0.002,0.003,0.0025,0.001,2590.82,4347.55,0.997,0.998,221
btc-updown-15m-1769543100,1769543100,865,0.002,0.003,0.0025,0.001,2375.95,4238.52,0.997,0.998,206
btc-updown-15m-1769543100,1769543100,870,0.002,0.003,0.0025,0.001,2098.66,3887.25,0.997,0.998,15
btc-updown-15m-1769543100,1769543100,875,0.001,0.002,0.0015,0.001,1586.21,3866.46,0.998,0.999,88
btc-updown-15m-1769543100,1769543100,880,0.001,0.002,0.0015,0.001,1360.26,3371.77,0.998,0.999,67
btc-updown-15m-1769543100,1769543100,885,,0.001,,,0,4686.6,0.999,,252
btc-updown-15m-1769543100,1769543100,890,,0.001,,,0,5805.4,0.999,,125
btc-updown-15m-1769543100,1769543100,895,,0.001,,,0,26350.78,0.999,,123
btc-updown-15m-1769543100,1769543100,897,,0.001,,,0,36854.94,0.999,,24
btc-updown-15m-1769543100,1769543100,899,,0.001,,,0,36872.69,0.999,,46
btc-updown-15m-1769543100,1769543100,900,,0.001,,,0,36052.34,0.999,,2
btc-updown-15m-1769553000,1769553000,0,0.45,0.46,0.455,0.01,305.92,494.27,0.54,0.55,179
btc-updown-15m-1769553000,1769553000,15,0.36,0.37,0.365,0.01,3276.57,561.33,0.63,0.64,45
btc-updown-15m-1769553000,1769553000,30,0.41,0.42,0.415,0.01,3348.37,3596.56,0.58,0.59,66
btc-updown-15m-1769553000,1769553000,45,0.37,0.38,0.375,0.01,2154.02,3649.5,0.62,0.63,1
btc-updown-15m-1769553000,1769553000,60,0.36,0.37,0.365,0.01,2518.04,1976.47,0.63,0.64,5
btc-updown-15m-1769553000,1769553000,75,0.43,0.45,0.44,0.02,3994.28,431,0.55,0.57,73
btc-updown-15m-1769553000,1769553000,90,0.43,0.44,0.435,0.01,3747.26,3281.93,0.56,0.57,57
btc-updown-15m-1769553000,1769553000,105,0.43,0.44,0.435,0.01,2827.24,3349.3,0.56,0.57,0
btc-updown-15m-1769553000,1769553000,120,0.42,0.43,0.425,0.01,3860.31,800.81,0.57,0.58,22
btc-updown-15m-1769553000,1769553000,135,0.47,0.48,0.475,0.01,2061.42,4173.15,0.52,0.53,3
btc-updown-15m-1769553000,1769553000,150,0.48,0.49,0.485,0.01,1023.29,6697.64,0.51,0.52,9
btc-updown-15m-1769553000,1769553000,165,0.46,0.47,0.465,0.01,4511.74,2349.6,0.53,0.54,1
btc-updown-15m-1769553000,1769553000,180,0.48,0.49,0.485,0.01,2558.26,6853.06,0.51,0.52,53
btc-updown-15m-1769553000,1769553000,195,0.48,0.49,0.485,0.01,3239.33,4183.48,0.51,0.52,11
btc-updown-15m-1769553000,1769553000,210,0.41,0.42,0.415,0.01,2656.02,3882.4,0.58,0.59,17
btc-updown-15m-1769553000,1769553000,225,0.45,0.47,0.46,0.02,1840.99,1544.3,0.53,0.55,26
btc-updown-15m-1769553000,1769553000,240,0.51,0.52,0.515,0.01,2905.22,4144.02,0.48,0.49,62
btc-updown-15m-1769553000,1769553000,255,0.51,0.52,0.515,0.01,3304.9,3145.79,0.48,0.49,12
btc-updown-15m-1769553000,1769553000,270,0.56,0.57,0.565,0.01,3329.36,3813.39,0.43,0.44,82
btc-updown-15m-1769553000,1769553000,285,0.64,0.65,0.645,0.01,2525.61,3938.2,0.35,0.36,9
btc-updown-15m-1769553000,1769553000,300,0.7,0.71,0.705,0.01,1071.06,4507.8,0.29,0.3,17
btc-updown-15m-1769553000,1769553000,315,0.77,0.78,0.775,0.01,3851.06,1481.03,0.22,0.23,5
btc-updown-15m-1769553000,1769553000,330,0.77,0.78,0.775,0.01,2975.73,4907.08,0.22,0.23,3
btc-updown-15m-1769553000,1769553000,345,0.7,0.71,0.705,0.01,3005.78,2906.54,0.29,0.3,13
btc-updown-15m-1769553000,1769553000,360,0.75,0.76,0.755,0.01,2791.14,2036.71,0.24,0.25,4
btc-updown-15m-1769553000,1769553000,375,0.85,0.86,0.855,0.01,2582.39,4848.41,0.14,0.15,20
btc-updown-15m-1769553000,1769553000,390,0.76,0.77,0.765,0.01,3713.52,3485.08,0.23,0.24,112
btc-updown-15m-1769553000,1769553000,405,0.81,0.82,0.815,0.01,1899.53,5186.12,0.18,0.19,30
btc-updown-15m-1769553000,1769553000,420,0.84,0.85,0.845,0.01,3786.46,2439.12,0.15,0.16,6
btc-updown-15m-1769553000,1769553000,435,0.92,0.93,0.925,0.01,2259.4,4448.58,0.07,0.08,3
btc-updown-15m-1769553000,1769553000,450,0.94,0.95,0.945,0.01,1570,4365.23,0.05,0.06,1
btc-updown-15m-1769553000,1769553000,465,0.95,0.96,0.955,0.01,2220.55,7181.77,0.04,0.05,5
btc-updown-15m-1769553000,1769553000,480,0.95,0.96,0.955,0.01,1080.83,3939.58,0.04,0.05,30
btc-updown-15m-1769553000,1769553000,495,0.96,0.97,0.965,0.01,2187.23,16475.5,0.03,0.04,21
btc-updown-15m-1769553000,1769553000,510,0.96,0.97,0.965,0.01,2667.8,14803.22,0.03,0.04,64
btc-updown-15m-1769553000,1769553000,525,0.98,0.99,0.985,0.01,2674.28,8550.19,0.01,0.02,56
btc-updown-15m-1769553000,1769553000,540,0.9,0.92,0.91,0.02,1902.14,6176.25,0.08,0.1,10
btc-updown-15m-1769553000,1769553000,555,0.95,0.96,0.955,0.01,2533.13,9246.74,0.04,0.05,41
btc-updown-15m-1769553000,1769553000,570,0.94,0.95,0.945,0.01,1004.27,5206.07,0.05,0.06,2
btc-updown-15m-1769553000,1769553000,585,0.95,0.96,0.955,0.01,1843.13,6281.08,0.04,0.05,11
btc-updown-15m-1769553000,1769553000,600,0.95,0.96,0.955,0.01,3478.58,5142.49,0.04,0.05,50
btc-updown-15m-1769553000,1769553000,615,0.976,0.98,0.978,0.004,1640.4,18249.61,0.02,0.024,3
btc-updown-15m-1769553000,1769553000,630,0.97,0.98,0.975,0.01,3198.91,16372.51,0.02,0.03,30
btc-updown-15m-1769553000,1769553000,645,0.982,0.99,0.986,0.008,2456.45,12972.01,0.01,0.018,19
btc-updown-15m-1769553000,1769553000,660,0.981,0.99,0.9855,0.009,2096.71,9558.7,0.01,0.019,143
btc-updown-15m-1769553000,1769553000,675,0.982,0.989,0.9855,0.007,1608.73,9290.79,0.011,0.018,52
btc-updown-15m-1769553000,1769553000,690,0.971,0.98,0.9755,0.009,2172.05,6617.12,0.02,0.029,54
btc-updown-15m-1769553000,1769553000,705,0.98,0.987,0.9835,0.007,2465.83,6991.04,0.013,0.02,9
btc-updown-15m-1769553000,1769553000,720,0.982,0.988,0.985,0.006,1497.61,5566.94,0.012,0.018,0
btc-updown-15m-1769553000,1769553000,735,0.99,0.992,0.991,0.002,3140.26,975.51,0.008,0.01,21
btc-updown-15m-1769553000,1769553000,750,0.992,0.995,0.9935,0.003,6199,1794.41,0.005,0.008,31
btc-updown-15m-1769553000,1769553000,765,0.995,0.997,0.996,0.002,1354.84,2730.37,0.003,0.005,39
btc-updown-15m-1769553000,1769553000,780,0.994,0.997,0.9955,0.003,4293.06,7465.27,0.003,0.006,33
btc-updown-15m-1769553000,1769553000,795,0.997,0.998,0.9975,0.001,1131.8,4491.11,0.002,0.003,23
btc-updown-15m-1769553000,1769553000,810,0.995,0.998,0.9965,0.003,1561.33,5267.22,0.002,0.005,28
btc-updown-15m-1769553000,1769553000,825,0.995,0.998,0.9965,0.003,3565.55,6766.89,0.002,0.005,16
btc-updown-15m-1769553000,1769553000,840,0.996,0.999,0.9975,0.003,5089.82,4990.28,0.001,0.004,24
btc-updown-15m-1769553000,1769553000,845,0.997,0.999,0.998,0.002,8313.07,3964.83,0.001,0.003,20
btc-updown-15m-1769553000,1769553000,850,0.999,,,,10246.39,0,,0.001,2
btc-updown-15m-1769553000,1769553000,855,0.999,,,,13072.99,0,,0.001,29
btc-updown-15m-1769553000,1769553000,860,0.999,,,,13853.35,0,,0.001,56
btc-updown-15m-1769553000,1769553000,865,0.999,,,,13581.63,0,,0.001,116
btc-updown-15m-1769553000,1769553000,870,0.999,,,,12639.59,0,,0.001,516
btc-updown-15m-1769553000,1769553000,875,0.999,,,,15578.74,0,,0.001,12
btc-updown-15m-1769553000,1769553000,880,0.999,,,,13281.92,0,,0.001,31
btc-updown-15m-1769553000,1769553000,885,0.999,,,,17230.89,0,,0.001,249
btc-updown-15m-1769553000,1769553000,890,0.999,,,,30876.83,0,,0.001,234
btc-updown-15m-1769553000,1769553000,895,0.999,,,,28771.04,0,,0.001,107
btc-updown-15m-1769553000,1769553000,897,0.999,,,,39448.85,0,,0.001,60
btc-updown-15m-1769553000,1769553000,899,0.999,,,,43448.76,0,,0.001,23
btc-updown-15m-1769553000,1769553000,900,0.999,,,,42308.76,0,,0.001,148
btc-updown-15m-1769562900,1769562900,0,0.49,0.5,0.495,0.01,241.23,929.21,0.5,0.51,357
btc-updown-15m-1769562900,1769562900,15,0.57,0.58,0.575,0.01,1518.32,2975.3,0.42,0.43,61
btc-updown-15m-1769562900,1769562900,30,0.57,0.58,0.575,0.01,647.27,6742.67,0.42,0.43,75
btc-updown-15m-1769562900,1769562900,45,0.56,0.57,0.565,0.01,1816.54,1479.08,0.43,0.44,1
btc-updown-15m-1769562900,1769562900,60,0.56,0.57,0.565,0.01,3140.5,2879.27,0.43,0.44,4
btc-updown-15m-1769562900,1769562900,75,0.65,0.66,0.655,0.01,632.98,3105.05,0.34,0.35,83
btc-updown-15m-1769562900,1769562900,90,0.59,0.6,0.595,0.01,1329.14,856.21,0.4,0.41,0
btc-updown-15m-1769562900,1769562900,105,0.65,0.66,0.655,0.01,1534.53,4287.23,0.34,0.35,116
btc-updown-15m-1769562900,1769562900,120,0.67,0.68,0.675,0.01,1326.77,2594.96,0.32,0.33,67
btc-updown-15m-1769562900,1769562900,135,0.67,0.68,0.675,0.01,1671.73,3279.95,0.32,0.33,7
btc-updown-15m-1769562900,1769562900,150,0.66,0.67,0.665,0.01,1983.49,1320.46,0.33,0.34,2
btc-updown-15m-1769562900,1769562900,165,0.67,0.68,0.675,0.01,1611.93,2350.27,0.32,0.33,7
btc-updown-15m-1769562900,1769562900,180,0.7,0.71,0.705,0.01,1229.33,2185.9,0.29,0.3,33
btc-updown-15m-1769562900,1769562900,195,0.68,0.69,0.685,0.01,1316.98,2191.77,0.31,0.32,3
btc-updown-15m-1769562900,1769562900,210,0.72,0.73,0.725,0.01,1662.47,1167.37,0.27,0.28,5
btc-updown-15m-1769562900,1769562900,225,0.78,0.79,0.785,0.01,2730.81,2417.23,0.21,0.22,13
btc-updown-15m-1769562900,1769562900,240,0.81,0.82,0.815,0.01,3312.39,1046.01,0.18,0.19,18
btc-updown-15m-1769562900,1769562900,255,0.78,0.8,0.79,0.02,2389.1,1232.8,0.2,0.22,56
btc-updown-15m-1769562900,1769562900,270,0.8,0.81,0.805,0.01,2583.33,1414.69,0.19,0.2,0
btc-updown-15m-1769562900,1769562900,285,0.8,0.81,0.805,0.01,1946.2,1783.08,0.19,0.2,19
btc-updown-15m-1769562900,1769562900,300,0.8,0.81,0.805,0.01,1469.18,1660.68,0.19,0.2,0
btc-updown-15m-1769562900,1769562900,315,0.81,0.82,0.815,0.01,1264.01,2870.45,0.18,0.19,2
btc-updown-15m-1769562900,1769562900,330,0.8,0.81,0.805,0.01,1119.9,2326.57,0.19,0.2,31
btc-updown-15m-1769562900,1769562900,345,0.86,0.87,0.865,0.01,1706.38,2125.64,0.13,0.14,22
btc-updown-15m-1769562900,1769562900,360,0.83,0.84,0.835,0.01,1305.94,1303.69,0.16,0.17,11
btc-updown-15m-1769562900,1769562900,375,0.85,0.86,0.855,0.01,876.85,2496.06,0.14,0.15,8
btc-updown-15m-1769562900,1769562900,390,0.81,0.83,0.82,0.02,1673.38,1012.47,0.17,0.19,2
btc-updown-15m-1769562900,1769562900,405,0.83,0.84,0.835,0.01,1322.79,2200.45,0.16,0.17,61
btc-updown-15m-1769562900,1769562900,420,0.82,0.83,0.825,0.01,1260.13,2108.58,0.17,0.18,31
btc-updown-15m-1769562900,1769562900,435,0.65,0.67,0.66,0.02,1064.5,2256.14,0.33,0.35,3
btc-updown-15m-1769562900,1769562900,450,0.61,0.62,0.615,0.01,1606.23,1978.03,0.38,0.39,2
btc-updown-15m-1769562900,1769562900,465,0.55,0.56,0.555,0.01,1374.56,2536.32,0.44,0.45,27
btc-updown-15m-1769562900,1769562900,480,0.32,0.33,0.325,0.01,151.95,2238.01,0.67,0.68,31
btc-updown-15m-1769562900,1769562900,495,0.57,0.58,0.575,0.01,1087.65,1698.95,0.42,0.43,1
btc-updown-15m-1769562900,1769562900,510,0.58,0.59,0.585,0.01,1379.69,1423.82,0.41,0.42,6
btc-updown-15m-1769562900,1769562900,525,0.78,0.79,0.785,0.01,1162.77,2437.56,0.21,0.22,3
btc-updown-15m-1769562900,1769562900,540,0.74,0.75,0.745,0.01,1413.47,1702.04,0.25,0.26,2
btc-updown-15m-1769562900,1769562900,555,0.57,0.58,0.575,0.01,1487.03,896.75,0.42,0.43,79
btc-updown-15m-1769562900,1769562900,570,0.61,0.64,0.625,0.03,1906.4,749.36,0.36,0.39,16
btc-updown-15m-1769562900,1769562900,585,0.51,0.52,0.515,0.01,1076.61,880.39,0.48,0.49,3
btc-updown-15m-1769562900,1769562900,600,0.47,0.48,0.475,0.01,635.91,427.09,0.52,0.53,82
btc-updown-15m-1769562900,1769562900,615,0.53,0.54,0.535,0.01,1093.53,1462.5,0.46,0.47,22
btc-updown-15m-1769562900,1769562900,630,0.41,0.42,0.415,0.01,1257.23,992.21,0.58,0.59,6
btc-updown-15m-1769562900,1769562900,645,0.49,0.5,0.495,0.01,561.69,718.71,0.5,0.51,2
btc-updown-15m-1769562900,1769562900,660,0.42,0.43,0.425,0.01,1554,694.69,0.57,0.58,5
btc-updown-15m-1769562900,1769562900,675,0.48,0.49,0.485,0.01,2075.91,1365.48,0.51,0.52,16
btc-updown-15m-1769562900,1769562900,690,0.3,0.32,0.31,0.02,873.77,870.6,0.68,0.7,46
btc-updown-15m-1769562900,1769562900,705,0.07,0.08,0.075,0.01,2927.79,124.58,0.92,0.93,4
btc-updown-15m-1769562900,1769562900,720,0.05,0.06,0.055,0.01,2075.64,2867.4,0.94,0.95,7
btc-updown-15m-1769562900,1769562900,735,0.02,0.03,0.025,0.01,13859.77,2963.33,0.97,0.98,2
btc-updown-15m-1769562900,1769562900,750,0.02,0.03,0.025,0.01,17926.59,1226.62,0.97,0.98,6
btc-updown-15m-1769562900,1769562900,765,0.02,0.03,0.025,0.01,17820.14,1658.16,0.97,0.98,31
btc-updown-15m-1769562900,1769562900,780,0.01,0.02,0.015,0.01,16798.94,1190.62,0.98,0.99,2
btc-updown-15m-1769562900,1769562900,795,0.02,0.03,0.025,0.01,17552.33,382.3,0.97,0.98,64
btc-updown-15m-1769562900,1769562900,810,0.03,0.04,0.035,0.01,17382.87,1065.91,0.96,0.97,37
btc-updown-15m-1769562900,1769562900,825,0.02,0.03,0.025,0.01,17017.07,853.37,0.97,0.98,7
btc-updown-15m-1769562900,1769562900,840,0.02,0.03,0.025,0.01,16352.64,2364.98,0.97,0.98,26
btc-updown-15m-1769562900,1769562900,845,0.01,0.02,0.015,0.01,7059.69,3588.5,0.98,0.99,314
btc-updown-15m-1769562900,1769562900,850,0.01,0.02,0.015,0.01,6912.78,4153.81,0.98,0.99,50
btc-updown-15m-1769562900,1769562900,855,0.01,0.02,0.015,0.01,5969.82,3655.81,0.98,0.99,46
btc-updown-15m-1769562900,1769562900,860,0.01,0.02,0.015,0.01,5763.86,4122.81,0.98,0.99,71
btc-updown-15m-1769562900,1769562900,865,0.01,0.02,0.015,0.01,5495.47,3998.43,0.98,0.99,6
btc-updown-15m-1769562900,1769562900,870,0.01,0.02,0.015,0.01,1153.85,3792.43,0.98,0.99,57
btc-updown-15m-1769562900,1769562900,875,,0.01,,,0,8768.85,0.99,,115
btc-updown-15m-1769562900,1769562900,880,,0.01,,,0,9033.65,0.99,,202
btc-updown-15m-1769562900,1769562900,885,,0.01,,,0,10032.83,0.99,,483
btc-updown-15m-1769562900,1769562900,890,,0.001,,,0,6357.41,0.999,,55
btc-updown-15m-1769562900,1769562900,895,0.001,0.01,0.0055,0.009,50.55,9660.04,0.99,0.999,21
btc-updown-15m-1769562900,1769562900,897,,0.001,,,0,8918.33,0.999,,55
btc-updown-15m-1769562900,1769562900,899,0.001,0.01,0.0055,0.009,1592.68,9961.6,0.99,0.999,21
btc-updown-15m-1769562900,1769562900,900,,0.001,,,0,38673.69,0.999,,102
btc-updown-15m-1769573700,1769573700,0,0.55,0.56,0.555,0.01,2290.45,426.4,0.44,0.45,180
btc-updown-15m-1769573700,1769573700,15,0.5,0.51,0.505,0.01,823.19,1684.04,0.49,0.5,4
btc-updown-15m-1769573700,1769573700,30,0.56,0.57,0.565,0.01,896.52,1827.82,0.43,0.44,35
btc-updown-15m-1769573700,1769573700,45,0.56,0.57,0.565,0.01,2316,953.04,0.43,0.44,7
btc-updown-15m-1769573700,1769573700,60,0.56,0.57,0.565,0.01,1254.08,591.77,0.43,0.44,9
btc-updown-15m-1769573700,1769573700,75,0.55,0.56,0.555,0.01,665.99,1814.41,0.44,0.45,18
btc-updown-15m-1769573700,1769573700,90,0.54,0.55,0.545,0.01,1738.08,1031.66,0.45,0.46,129
btc-updown-15m-1769573700,1769573700,105,0.41,0.42,0.415,0.01,1539.04,910.06,0.58,0.59,0
btc-updown-15m-1769573700,1769573700,120,0.44,0.45,0.445,0.01,777.47,1751.19,0.55,0.56,0
btc-updown-15m-1769573700,1769573700,135,0.31,0.32,0.315,0.01,570.96,905.79,0.68,0.69,19
btc-updown-15m-1769573700,1769573700,150,0.3,0.31,0.305,0.01,1879.57,1539.08,0.69,0.7,6
btc-updown-15m-1769573700,1769573700,165,0.3,0.31,0.305,0.01,1607.96,2302.76,0.69,0.7,10
btc-updown-15m-1769573700,1769573700,180,0.3,0.31,0.305,0.01,784.44,1119.58,0.69,0.7,16
btc-updown-15m-1769573700,1769573700,195,0.26,0.27,0.265,0.01,272.84,2223.72,0.73,0.74,5
btc-updown-15m-1769573700,1769573700,210,0.3,0.31,0.305,0.01,722.03,1735.62,0.69,0.7,0
btc-updown-15m-1769573700,1769573700,225,0.29,0.3,0.295,0.01,3044.57,1414.22,0.7,0.71,79
btc-updown-15m-1769573700,1769573700,240,0.29,0.3,0.295,0.01,709.53,883.3,0.7,0.71,4
btc-updown-15m-1769573700,1769573700,255,0.3,0.31,0.305,0.01,549.27,1098.22,0.69,0.7,121
btc-updown-15m-1769573700,1769573700,270,0.29,0.3,0.295,0.01,2387.91,838.43,0.7,0.71,7
btc-updown-15m-1769573700,1769573700,285,0.3,0.31,0.305,0.01,2638.17,898.5,0.69,0.7,0
btc-updown-15m-1769573700,1769573700,300,0.28,0.29,0.285,0.01,2307.88,895.25,0.71,0.72,85
btc-updown-15m-1769573700,1769573700,315,0.27,0.28,0.275,0.01,1844.83,709.78,0.72,0.73,4
btc-updown-15m-1769573700,1769573700,330,0.3,0.31,0.305,0.01,1339.88,184.56,0.69,0.7,0
btc-updown-15m-1769573700,1769573700,345,0.36,0.37,0.365,0.01,1347.25,1437.78,0.63,0.64,50
btc-updown-15m-1769573700,1769573700,360,0.41,0.42,0.415,0.01,805.79,1013.22,0.58,0.59,26
btc-updown-15m-1769573700,1769573700,375,0.41,0.42,0.415,0.01,1723.99,1265.4,0.58,0.59,27
btc-updown-15m-1769573700,1769573700,390,0.26,0.27,0.265,0.01,723.95,1193.5,0.73,0.74,3
btc-updown-15m-1769573700,1769573700,405,0.14,0.15,0.145,0.01,1742.51,819.66,0.85,0.86,159
btc-updown-15m-1769573700,1769573700,420,0.24,0.25,0.245,0.01,1093.53,764.15,0.75,0.76,24
btc-updown-15m-1769573700,1769573700,435,0.21,0.22,0.215,0.01,1388.36,336.08,0.78,0.79,9
btc-updown-15m-1769573700,1769573700,450,0.4,0.41,0.405,0.01,534.74,339.76,0.59,0.6,1
btc-updown-15m-1769573700,1769573700,465,0.47,0.48,0.475,0.01,190.96,430.44,0.52,0.53,0
btc-updown-15m-1769573700,1769573700,480,0.46,0.47,0.465,0.01,626.35,353.04,0.53,0.54,0
btc-updown-15m-1769573700,1769573700,495,0.46,0.47,0.465,0.01,577.36,462.03,0.53,0.54,14
btc-updown-15m-1769573700,1769573700,510,0.33,0.34,0.335,0.01,804.96,517.93,0.66,0.67,12
btc-updown-15m-1769573700,1769573700,525,0.38,0.39,0.385,0.01,650.27,135.51,0.61,0.62,0
btc-updown-15m-1769573700,1769573700,540,0.3,0.31,0.305,0.01,702.16,431.7,0.69,0.7,44
btc-updown-15m-1769573700,1769573700,555,0.29,0.3,0.295,0.01,995.65,470.66,0.7,0.71,10
btc-updown-15m-1769573700,1769573700,570,0.25,0.26,0.255,0.01,1654.26,719.65,0.74,0.75,25
btc-updown-15m-1769573700,1769573700,585,0.25,0.26,0.255,0.01,1261.96,654.52,0.74,0.75,8
btc-updown-15m-1769573700,1769573700,600,0.25,0.26,0.255,0.01,1930.61,1034.22,0.74,0.75,100
btc-updown-15m-1769573700,1769573700,615,0.22,0.23,0.225,0.01,2580.12,500.47,0.77,0.78,112
btc-updown-15m-1769573700,1769573700,630,0.22,0.23,0.225,0.01,2736.55,1803.66,0.77,0.78,1
btc-updown-15m-1769573700,1769573700,645,0.26,0.27,0.265,0.01,1896.46,353.19,0.73,0.74,14
btc-updown-15m-1769573700,1769573700,660,0.26,0.27,0.265,0.01,753.54,367.33,0.73,0.74,11
btc-updown-15m-1769573700,1769573700,675,0.21,0.25,0.23,0.04,1151.12,627.04,0.75,0.79,0
btc-updown-15m-1769573700,1769573700,690,0.09,0.1,0.095,0.01,588.8,413.2,0.9,0.91,1
btc-updown-15m-1769573700,1769573700,705,0.16,0.17,0.165,0.01,370.74,437.64,0.83,0.84,18
btc-updown-15m-1769573700,1769573700,720,0.1,0.11,0.105,0.01,9808.38,753.35,0.89,0.9,0
btc-updown-15m-1769573700,1769573700,735,0.13,0.14,0.135,0.01,405.28,437.06,0.86,0.87,3
btc-updown-15m-1769573700,1769573700,750,0.25,0.26,0.255,0.01,2010.56,523.36,0.74,0.75,0
btc-updown-15m-1769573700,1769573700,765,0.3,0.31,0.305,0.01,2074.87,197.41,0.69,0.7,82
btc-updown-15m-1769573700,1769573700,780,0.21,0.22,0.215,0.01,781.38,466.05,0.78,0.79,11
btc-updown-15m-1769573700,1769573700,795,0.13,0.14,0.135,0.01,1528.64,553.93,0.86,0.87,6
btc-updown-15m-1769573700,1769573700,810,0.1,0.11,0.105,0.01,360.77,565.48,0.89,0.9,17
btc-updown-15m-1769573700,1769573700,825,0.11,0.12,0.115,0.01,272.28,248.17,0.88,0.89,0
btc-updown-15m-1769573700,1769573700,840,0.11,0.12,0.115,0.01,1802.3,642.04,0.88,0.89,34
btc-updown-15m-1769573700,1769573700,845,0.11,0.12,0.115,0.01,1080.01,412.98,0.88,0.89,0
btc-updown-15m-1769573700,1769573700,850,0.14,0.15,0.145,0.01,2084.44,562.94,0.85,0.86,3
btc-updown-15m-1769573700,1769573700,855,0.16,0.17,0.165,0.01,856.86,165.75,0.83,0.84,10
btc-updown-15m-1769573700,1769573700,860,0.16,0.17,0.165,0.01,1714.78,238.95,0.83,0.84,39
btc-updown-15m-1769573700,1769573700,865,0.22,0.23,0.225,0.01,104.28,347.6,0.77,0.78,1
btc-updown-15m-1769573700,1769573700,870,0.19,0.2,0.195,0.01,290.26,197.09,0.8,0.81,17
btc-updown-15m-1769573700,1769573700,875,0.16,0.17,0.165,0.01,1066.36,353.85,0.83,0.84,0
btc-updown-15m-1769573700,1769573700,880,0.15,0.16,0.155,0.01,710.84,193.75,0.84,0.85,1
btc-updown-15m-1769573700,1769573700,885,0.75,0.78,0.765,0.03,90.43,219.74,0.22,0.25,16
btc-updown-15m-1769573700,1769573700,890,0.86,0.91,0.885,0.05,381.08,189.05,0.09,0.14,0
btc-updown-15m-1769573700,1769573700,895,0.67,0.81,0.74,0.14,35,925.72,0.19,0.33,26
btc-updown-15m-1769573700,1769573700,897,0.54,0.72,0.63,0.18,29.47,223.75,0.28,0.46,3
btc-updown-15m-1769573700,1769573700,899,0.58,0.67,0.625,0.09,27.39,494.5,0.33,0.42,0
btc-updown-15m-1769573700,1769573700,900,0.31,0.43,0.37,0.12,67.5,65.81,0.57,0.69,5
btc-updown-15m-1769583600,1769583600,0,0.45,0.46,0.455,0.01,467.69,753.92,0.54,0.55,250
btc-updown-15m-1769583600,1769583600,15,0.54,0.55,0.545,0.01,3533.64,389.95,0.45,0.46,1
btc-updown-15m-1769583600,1769583600,30,0.56,0.57,0.565,0.01,2836.62,1710.19,0.43,0.44,71
btc-updown-15m-1769583600,1769583600,45,0.52,0.53,0.525,0.01,4213.18,2415.97,0.47,0.48,101
btc-updown-15m-1769583600,1769583600,60,0.52,0.53,0.525,0.01,4071.47,2051.88,0.47,0.48,4
btc-updown-15m-1769583600,1769583600,75,0.35,0.36,0.355,0.01,3435.31,493.75,0.64,0.65,57
btc-updown-15m-1769583600,1769583600,90,0.35,0.36,0.355,0.01,2280.05,2463.66,0.64,0.65,0
btc-updown-15m-1769583600,1769583600,105,0.28,0.29,0.285,0.01,3330.45,1146.36,0.71,0.72,0
btc-updown-15m-1769583600,1769583600,120,0.3,0.31,0.305,0.01,4002.01,1952.43,0.69,0.7,14
btc-updown-15m-1769583600,1769583600,135,0.39,0.4,0.395,0.01,2224.46,326.5,0.6,0.61,8
btc-updown-15m-1769583600,1769583600,150,0.58,0.59,0.585,0.01,842.64,2785.93,0.41,0.42,10
btc-updown-15m-1769583600,1769583600,165,0.57,0.58,0.575,0.01,1286.07,3614.67,0.42,0.43,8
btc-updown-15m-1769583600,1769583600,180,0.55,0.56,0.555,0.01,3087.48,3071.51,0.44,0.45,97
btc-updown-15m-1769583600,1769583600,195,0.42,0.43,0.425,0.01,2921.38,1432.42,0.57,0.58,30
btc-updown-15m-1769583600,1769583600,210,0.35,0.36,0.355,0.01,2597.36,1961.6,0.64,0.65,2
btc-updown-15m-1769583600,1769583600,225,0.34,0.35,0.345,0.01,1954.76,2624.08,0.65,0.66,1
btc-updown-15m-1769583600,1769583600,240,0.34,0.35,0.345,0.01,2833.53,3172.19,0.65,0.66,40
btc-updown-15m-1769583600,1769583600,255,0.33,0.34,0.335,0.01,2931.59,3475.34,0.66,0.67,62
btc-updown-15m-1769583600,1769583600,270,0.36,0.37,0.365,0.01,880.93,3176.68,0.63,0.64,5
btc-updown-15m-1769583600,1769583600,285,0.36,0.37,0.365,0.01,3118.29,3051.79,0.63,0.64,7
btc-updown-15m-1769583600,1769583600,300,0.42,0.43,0.425,0.01,2369.26,3729,0.57,0.58,24
btc-updown-15m-1769583600,1769583600,315,0.27,0.28,0.275,0.01,2289.69,3164.93,0.72,0.73,4
btc-updown-15m-1769583600,1769583600,330,0.15,0.16,0.155,0.01,1964.89,1500.27,0.84,0.85,1
btc-updown-15m-1769583600,1769583600,345,0.14,0.15,0.145,0.01,3759.26,851.55,0.85,0.86,0
btc-updown-15m-1769583600,1769583600,360,0.15,0.16,0.155,0.01,3155.97,3272.88,0.84,0.85,10
btc-updown-15m-1769583600,1769583600,375,0.17,0.18,0.175,0.01,1671.83,2602.04,0.82,0.83,17
btc-updown-15m-1769583600,1769583600,390,0.13,0.14,0.135,0.01,1920.03,2167.76,0.86,0.87,22
btc-updown-15m-1769583600,1769583600,405,0.1,0.11,0.105,0.01,5687.69,454.34,0.89,0.9,5
btc-updown-15m-1769583600,1769583600,420,0.2,0.21,0.205,0.01,3438.86,2765.12,0.79,0.8,11
btc-updown-15m-1769583600,1769583600,435,0.17,0.18,0.175,0.01,3314.24,1449.94,0.82,0.83,0
btc-updown-15m-1769583600,1769583600,450,0.19,0.2,0.195,0.01,2063.87,3662.63,0.8,0.81,7
btc-updown-15m-1769583600,1769583600,465,0.22,0.23,0.225,0.01,1569.64,3665.19,0.77,0.78,37
btc-updown-15m-1769583600,1769583600,480,0.3,0.31,0.305,0.01,3620.6,1228.19,0.69,0.7,86
btc-updown-15m-1769583600,1769583600,495,0.31,0.32,0.315,0.01,2229.97,3852.94,0.68,0.69,3
btc-updown-15m-1769583600,1769583600,510,0.29,0.3,0.295,0.01,2099.24,3858.84,0.7,0.71,26
btc-updown-15m-1769583600,1769583600,525,0.26,0.27,0.265,0.01,474.87,3768.22,0.73,0.74,92
btc-updown-15m-1769583600,1769583600,540,0.24,0.25,0.245,0.01,2296.49,3432.7,0.75,0.76,60
btc-updown-15m-1769583600,1769583600,555,0.24,0.25,0.245,0.01,4048.49,2570.54,0.75,0.76,24
btc-updown-15m-1769583600,1769583600,570,0.27,0.28,0.275,0.01,3158.2,2927.7,0.72,0.73,87
btc-updown-15m-1769583600,1769583600,585,0.28,0.29,0.285,0.01,2985.59,1281.14,0.71,0.72,1
btc-updown-15m-1769583600,1769583600,600,0.3,0.31,0.305,0.01,640.37,347.64,0.69,0.7,6
btc-updown-15m-1769583600,1769583600,615,0.09,0.1,0.095,0.01,2694.21,920.5,0.9,0.91,2
btc-updown-15m-1769583600,1769583600,630,0.06,0.07,0.065,0.01,2872.88,1598.15,0.93,0.94,117
btc-updown-15m-1769583600,1769583600,645,0.05,0.06,0.055,0.01,3131.25,1811.27,0.94,0.95,2
btc-updown-15m-1769583600,1769583600,660,0.02,0.03,0.025,0.01,12979.19,2308.99,0.97,0.98,25
btc-updown-15m-1769583600,1769583600,675,0.07,0.08,0.075,0.01,842.72,1193.55,0.92,0.93,53
btc-updown-15m-1769583600,1769583600,690,0.05,0.06,0.055,0.01,1966.76,868.12,0.94,0.95,21
btc-updown-15m-1769583600,1769583600,705,0.07,0.08,0.075,0.01,3307.47,421.36,0.92,0.93,5
btc-updown-15m-1769583600,1769583600,720,0.05,0.06,0.055,0.01,1381.37,941.95,0.94,0.95,1
btc-updown-15m-1769583600,1769583600,735,0.07,0.08,0.075,0.01,1558.64,1599.73,0.92,0.93,100
btc-updown-15m-1769583600,1769583600,750,0.06,0.07,0.065,0.01,814.07,1212.11,0.93,0.94,9
btc-updown-15m-1769583600,1769583600,765,0.05,0.06,0.055,0.01,2334.16,1847.07,0.94,0.95,11
btc-updown-15m-1769583600,1769583600,780,0.03,0.04,0.035,0.01,14426.42,1165.81,0.96,0.97,9
btc-updown-15m-1769583600,1769583600,795,0.03,0.04,0.035,0.01,11652.18,1034.35,0.96,0.97,22
btc-updown-15m-1769583600,1769583600,810,0.02,0.03,0.025,0.01,12260.02,1506.3,0.97,0.98,72
btc-updown-15m-1769583600,1769583600,825,0.02,0.03,0.025,0.01,10239.35,2210.35,0.97,0.98,231
btc-updown-15m-1769583600,1769583600,840,,0.01,,,0,11525.46,0.99,,202
btc-updown-15m-1769583600,1769583600,845,,0.01,,,0,12649.48,0.99,,165
btc-updown-15m-1769583600,1769583600,850,,0.01,,,0,11317.26,0.99,,45
btc-updown-15m-1769583600,1769583600,855,,0.01,,,0,13275.26,0.99,,4
btc-updown-15m-1769583600,1769583600,860,,0.01,,,0,13363.26,0.99,,121
btc-updown-15m-1769583600,1769583600,865,,0.01,,,0,14549.26,0.99,,3
btc-updown-15m-1769583600,1769583600,870,,0.01,,,0,15601.24,0.99,,34
btc-updown-15m-1769583600,1769583600,875,,0.01,,,0,19275.23,0.99,,257
btc-updown-15m-1769583600,1769583600,880,,0.01,,,0,21994.4,0.99,,31
btc-updown-15m-1769583600,1769583600,885,,0.01,,,0,21935.69,0.99,,153
btc-updown-15m-1769583600,1769583600,890,,0.01,,,0,22335.91,0.99,,26
btc-updown-15m-1769583600,1769583600,895,,0.01,,,0,23974.66,0.99,,309
btc-updown-15m-1769583600,1769583600,897,,0.01,,,0,22151.28,0.99,,76
btc-updown-15m-1769583600,1769583600,899,,0.01,,,0,35896.49,0.99,,64
btc-updown-15m-1769583600,1769583600,900,,0.01,,,0,36730.74,0.99,,1
btc-updown-15m-1769594400,1769594400,0,0.39,0.4,0.395,0.01,1762.96,893.12,0.6,0.61,69
btc-updown-15m-1769594400,1769594400,15,0.47,0.48,0.475,0.01,5657.26,5504.08,0.52,0.53,5
btc-updown-15m-1769594400,1769594400,30,0.47,0.48,0.475,0.01,3414.5,3771.67,0.52,0.53,9
btc-updown-15m-1769594400,1769594400,45,0.4,0.41,0.405,0.01,1887.64,3762.64,0.59,0.6,1
btc-updown-15m-1769594400,1769594400,60,0.2,0.21,0.205,0.01,1666.65,3857.16,0.79,0.8,4
btc-updown-15m-1769594400,1769594400,75,0.27,0.28,0.275,0.01,2477.62,3686.05,0.72,0.73,26
btc-updown-15m-1769594400,1769594400,90,0.31,0.32,0.315,0.01,1432.59,3962.25,0.68,0.69,25
btc-updown-15m-1769594400,1769594400,105,0.35,0.36,0.355,0.01,3236.51,2191.07,0.64,0.65,13
btc-updown-15m-1769594400,1769594400,120,0.32,0.34,0.33,0.02,2728,2715.62,0.66,0.68,1
btc-updown-15m-1769594400,1769594400,135,0.37,0.38,0.375,0.01,2239.36,3981.7,0.62,0.63,7
btc-updown-15m-1769594400,1769594400,150,0.37,0.38,0.375,0.01,2578.9,4376.49,0.62,0.63,7
btc-updown-15m-1769594400,1769594400,165,0.39,0.4,0.395,0.01,3117.25,1588.57,0.6,0.61,12
btc-updown-15m-1769594400,1769594400,180,0.39,0.4,0.395,0.01,1035.67,2631,0.6,0.61,4
btc-updown-15m-1769594400,1769594400,195,0.41,0.42,0.415,0.01,1824.69,256.09,0.58,0.59,12
btc-updown-15m-1769594400,1769594400,210,0.45,0.46,0.455,0.01,1699.15,1578.97,0.54,0.55,152
btc-updown-15m-1769594400,1769594400,225,0.44,0.45,0.445,0.01,689.73,2365.58,0.55,0.56,6
btc-updown-15m-1769594400,1769594400,240,0.47,0.48,0.475,0.01,2109.88,3661.04,0.52,0.53,75
btc-updown-15m-1769594400,1769594400,255,0.46,0.47,0.465,0.01,1645.07,2197.89,0.53,0.54,107
btc-updown-15m-1769594400,1769594400,270,0.46,0.47,0.465,0.01,3167.96,2843.73,0.53,0.54,30
btc-updown-15m-1769594400,1769594400,285,0.45,0.46,0.455,0.01,1369.06,4005.08,0.54,0.55,24
btc-updown-15m-1769594400,1769594400,300,0.42,0.43,0.425,0.01,2312.59,2136.76,0.57,0.58,18
btc-updown-15m-1769594400,1769594400,315,0.43,0.44,0.435,0.01,755.09,4172.82,0.56,0.57,0
btc-updown-15m-1769594400,1769594400,330,0.23,0.24,0.235,0.01,1867.31,2645.96,0.76,0.77,32
btc-updown-15m-1769594400,1769594400,345,0.24,0.25,0.245,0.01,3476.76,3179.95,0.75,0.76,6
btc-updown-15m-1769594400,1769594400,360,0.33,0.34,0.335,0.01,988.81,1482.51,0.66,0.67,28
btc-updown-15m-1769594400,1769594400,375,0.23,0.24,0.235,0.01,1875.59,3117.14,0.76,0.77,0
btc-updown-15m-1769594400,1769594400,390,0.26,0.27,0.265,0.01,1711.96,3835.54,0.73,0.74,16
btc-updown-15m-1769594400,1769594400,405,0.35,0.36,0.355,0.01,1578.38,3420.67,0.64,0.65,6
btc-updown-15m-1769594400,1769594400,420,0.33,0.34,0.335,0.01,1537.2,4428.95,0.66,0.67,23
btc-updown-15m-1769594400,1769594400,435,0.31,0.32,0.315,0.01,1443.97,2283.64,0.68,0.69,26
btc-updown-15m-1769594400,1769594400,450,0.26,0.27,0.265,0.01,2116.46,3214.98,0.73,0.74,3
btc-updown-15m-1769594400,1769594400,465,0.2,0.21,0.205,0.01,3720.77,529.48,0.79,0.8,2
btc-updown-15m-1769594400,1769594400,480,0.17,0.18,0.175,0.01,3283.82,3316.28,0.82,0.83,107
btc-updown-15m-1769594400,1769594400,495,0.27,0.28,0.275,0.01,1182.32,2292.18,0.72,0.73,12
btc-updown-15m-1769594400,1769594400,510,0.3,0.31,0.305,0.01,3633.36,3085.06,0.69,0.7,0
btc-updown-15m-1769594400,1769594400,525,0.29,0.3,0.295,0.01,3612.42,1278.85,0.7,0.71,8
btc-updown-15m-1769594400,1769594400,540,0.38,0.39,0.385,0.01,4680.44,496.49,0.61,0.62,0
btc-updown-15m-1769594400,1769594400,555,0.45,0.46,0.455,0.01,592.28,580.87,0.54,0.55,1
btc-updown-15m-1769594400,1769594400,570,0.38,0.39,0.385,0.01,3338.71,2938.47,0.61,0.62,2
btc-updown-15m-1769594400,1769594400,585,0.41,0.42,0.415,0.01,312.18,4208.96,0.58,0.59,8
btc-updown-15m-1769594400,1769594400,600,0.33,0.34,0.335,0.01,3376.17,3588.86,0.66,0.67,11
btc-updown-15m-1769594400,1769594400,615,0.13,0.14,0.135,0.01,3144.76,516,0.86,0.87,2
btc-updown-15m-1769594400,1769594400,630,0.14,0.15,0.145,0.01,2913.2,1756.01,0.85,0.86,25
btc-updown-15m-1769594400,1769594400,645,0.16,0.17,0.165,0.01,2229.36,487.29,0.83,0.84,49
btc-updown-15m-1769594400,1769594400,660,0.11,0.12,0.115,0.01,4080.89,755.38,0.88,0.89,0
btc-updown-15m-1769594400,1769594400,675,0.15,0.16,0.155,0.01,464.54,1189,0.84,0.85,14
btc-updown-15m-1769594400,1769594400,690,0.16,0.17,0.165,0.01,2443.76,1425,0.83,0.84,4
btc-updown-15m-1769594400,1769594400,705,0.14,0.15,0.145,0.01,2369.99,1102.96,0.85,0.86,11
btc-updown-15m-1769594400,1769594400,720,0.05,0.06,0.055,0.01,4166.4,2240.82,0.94,0.95,3
btc-updown-15m-1769594400,1769594400,735,0.03,0.05,0.04,0.02,16711.74,2061.12,0.95,0.97,3
btc-updown-15m-1769594400,1769594400,750,0.01,0.02,0.015,0.01,10082.37,2195.38,0.98,0.99,1
btc-updown-15m-1769594400,1769594400,765,0.01,0.02,0.015,0.01,6558.05,3301.61,0.98,0.99,2
btc-updown-15m-1769594400,1769594400,780,0.14,0.15,0.145,0.01,673.25,626.5,0.85,0.86,32
btc-updown-15m-1769594400,1769594400,795,0.06,0.07,0.065,0.01,2233.07,738.3,0.93,0.94,31
btc-updown-15m-1769594400,1769594400,810,0.05,0.07,0.06,0.02,1863.36,2424.32,0.93,0.95,4
btc-updown-15m-1769594400,1769594400,825,0.06,0.07,0.065,0.01,1528.7,2058.97,0.93,0.94,9
btc-updown-15m-1769594400,1769594400,840,0.02,0.03,0.025,0.01,4218.15,1152.64,0.97,0.98,46
btc-updown-15m-1769594400,1769594400,845,0.07,0.08,0.075,0.01,504.45,125.87,0.92,0.93,6
btc-updown-15m-1769594400,1769594400,850,0.04,0.05,0.045,0.01,2008.31,173.7,0.95,0.96,2
btc-updown-15m-1769594400,1769594400,855,0.09,0.1,0.095,0.01,423.63,594.49,0.9,0.91,8
btc-updown-15m-1769594400,1769594400,860,0.07,0.08,0.075,0.01,803.91,225.54,0.92,0.93,0
btc-updown-15m-1769594400,1769594400,865,0.05,0.06,0.055,0.01,58.07,3208.24,0.94,0.95,8
btc-updown-15m-1769594400,1769594400,870,0.02,0.03,0.025,0.01,3780.17,2567.83,0.97,0.98,37
btc-updown-15m-1769594400,1769594400,875,0.02,0.03,0.025,0.01,2090.98,733.32,0.97,0.98,4
btc-updown-15m-1769594400,1769594400,880,0.01,0.02,0.015,0.01,368.81,6575.07,0.98,0.99,49
btc-updown-15m-1769594400,1769594400,885,,0.01,,,0,8782.6,0.99,,43
btc-updown-15m-1769594400,1769594400,890,0.01,0.02,0.015,0.01,100,5255.92,0.98,0.99,18
btc-updown-15m-1769594400,1769594400,895,0.59,0.6,0.595,0.01,359.59,405.58,0.4,0.41,0
btc-updown-15m-1769594400,1769594400,897,0.63,0.9,0.765,0.27,310.73,210.86,0.1,0.37,0
btc-updown-15m-1769594400,1769594400,899,0.94,0.96,0.95,0.02,306.73,4276.76,0.04,0.06,5
btc-updown-15m-1769594400,1769594400,900,0.87,0.95,0.91,0.08,114.99,2850.05,0.05,0.13,2
btc-updown-15m-1769604300,1769604300,0,0.48,0.49,0.485,0.01,998.03,4042.29,0.51,0.52,193
btc-updown-15m-1769604300,1769604300,15,0.54,0.55,0.545,0.01,4426.05,2997.95,0.45,0.46,12
btc-updown-15m-1769604300,1769604300,30,0.55,0.56,0.555,0.01,6403.67,2434.11,0.44,0.45,5
btc-updown-15m-1769604300,1769604300,45,0.58,0.59,0.585,0.01,5571.83,4667.42,0.41,0.42,26
btc-updown-15m-1769604300,1769604300,60,0.6,0.61,0.605,0.01,4329.73,4165.74,0.39,0.4,7
btc-updown-15m-1769604300,1769604300,75,0.55,0.56,0.555,0.01,5953.15,2787.16,0.44,0.45,0
btc-updown-15m-1769604300,1769604300,90,0.64,0.65,0.645,0.01,3898.49,2383.84,0.35,0.36,4
btc-updown-15m-1769604300,1769604300,105,0.76,0.77,0.765,0.01,5026.16,3036.93,0.23,0.24,1
btc-updown-15m-1769604300,1769604300,120,0.76,0.77,0.765,0.01,3831.43,2329.01,0.23,0.24,0
btc-updown-15m-1769604300,1769604300,135,0.73,0.75,0.74,0.02,3712.48,6747.62,0.25,0.27,2
btc-updown-15m-1769604300,1769604300,150,0.68,0.69,0.685,0.01,3301.16,2951.55,0.31,0.32,25
btc-updown-15m-1769604300,1769604300,165,0.74,0.75,0.745,0.01,2659.34,2372.28,0.25,0.26,4
btc-updown-15m-1769604300,1769604300,180,0.77,0.78,0.775,0.01,6728.72,6294.93,0.22,0.23,31
btc-updown-15m-1769604300,1769604300,195,0.71,0.72,0.715,0.01,4518.97,2852.52,0.28,0.29,140
btc-updown-15m-1769604300,1769604300,210,0.73,0.74,0.735,0.01,2563.66,5028.35,0.26,0.27,89
btc-updown-15m-1769604300,1769604300,225,0.74,0.75,0.745,0.01,5997.92,2228.79,0.25,0.26,82
btc-updown-15m-1769604300,1769604300,240,0.73,0.74,0.735,0.01,1745.68,2238.87,0.26,0.27,0
btc-updown-15m-1769604300,1769604300,255,0.66,0.67,0.665,0.01,1716.89,4743.1,0.33,0.34,2
btc-updown-15m-1769604300,1769604300,270,0.59,0.6,0.595,0.01,2178.87,6481.25,0.4,0.41,15
btc-updown-15m-1769604300,1769604300,285,0.59,0.6,0.595,0.01,1778.69,5973.97,0.4,0.41,132
btc-updown-15m-1769604300,1769604300,300,0.56,0.57,0.565,0.01,3026.27,6145.15,0.43,0.44,31
btc-updown-15m-1769604300,1769604300,315,0.44,0.45,0.445,0.01,401,4275.87,0.55,0.56,0
btc-updown-15m-1769604300,1769604300,330,0.45,0.46,0.455,0.01,928.65,4733.23,0.54,0.55,5
btc-updown-15m-1769604300,1769604300,345,0.21,0.22,0.215,0.01,3045.89,520.74,0.78,0.79,44
btc-updown-15m-1769604300,1769604300,360,0.21,0.22,0.215,0.01,3924.13,4942.06,0.78,0.79,0
btc-updown-15m-1769604300,1769604300,375,0.19,0.2,0.195,0.01,4434.5,3473.98,0.8,0.81,2
btc-updown-15m-1769604300,1769604300,390,0.19,0.2,0.195,0.01,852.03,2447.18,0.8,0.81,0
btc-updown-15m-1769604300,1769604300,405,0.17,0.18,0.175,0.01,5356.12,2082.58,0.82,0.83,1
btc-updown-15m-1769604300,1769604300,420,0.19,0.2,0.195,0.01,547.06,4562.5,0.8,0.81,1
btc-updown-15m-1769604300,1769604300,435,0.17,0.18,0.175,0.01,2753.7,2996.1,0.82,0.83,48
btc-updown-15m-1769604300,1769604300,450,0.18,0.19,0.185,0.01,4216.9,4133.14,0.81,0.82,5
btc-updown-15m-1769604300,1769604300,465,0.19,0.2,0.195,0.01,7026.97,174.5,0.8,0.81,1
btc-updown-15m-1769604300,1769604300,480,0.29,0.3,0.295,0.01,2508.02,1616.39,0.7,0.71,6
btc-updown-15m-1769604300,1769604300,495,0.41,0.42,0.415,0.01,3343.5,3251.26,0.58,0.59,1
btc-updown-15m-1769604300,1769604300,510,0.49,0.5,0.495,0.01,4617.77,2307.6,0.5,0.51,434
btc-updown-15m-1769604300,1769604300,525,0.53,0.54,0.535,0.01,6409.9,1726.95,0.46,0.47,0
btc-updown-15m-1769604300,1769604300,540,0.56,0.57,0.565,0.01,3474.66,4395.26,0.43,0.44,14
btc-updown-15m-1769604300,1769604300,555,0.61,0.62,0.615,0.01,5307.02,2858.04,0.38,0.39,84
btc-updown-15m-1769604300,1769604300,570,0.56,0.61,0.585,0.05,692.18,478.39,0.39,0.44,18
btc-updown-15m-1769604300,1769604300,585,0.81,0.82,0.815,0.01,5045.87,3522.31,0.18,0.19,9
btc-updown-15m-1769604300,1769604300,600,0.79,0.8,0.795,0.01,1412.36,8937.94,0.2,0.21,23
btc-updown-15m-1769604300,1769604300,615,0.79,0.8,0.795,0.01,3771.13,2954.52,0.2,0.21,9
btc-updown-15m-1769604300,1769604300,630,0.83,0.84,0.835,0.01,1805.42,4125.64,0.16,0.17,2
btc-updown-15m-1769604300,1769604300,645,0.8,0.81,0.805,0.01,921.69,3652.34,0.19,0.2,0
btc-updown-15m-1769604300,1769604300,660,0.82,0.83,0.825,0.01,4479.89,3721.87,0.17,0.18,42
btc-updown-15m-1769604300,1769604300,675,0.88,0.89,0.885,0.01,1302.4,5342.77,0.11,0.12,14
btc-updown-15m-1769604300,1769604300,690,0.87,0.88,0.875,0.01,1430.32,3373.13,0.12,0.13,47
btc-updown-15m-1769604300,1769604300,705,0.89,0.9,0.895,0.01,1827.11,3580.76,0.1,0.11,56
btc-updown-15m-1769604300,1769604300,720,0.9,0.91,0.905,0.01,1345.98,5222.86,0.09,0.1,9
btc-updown-15m-1769604300,1769604300,735,0.91,0.92,0.915,0.01,1424.58,4787.59,0.08,0.09,62
btc-updown-15m-1769604300,1769604300,750,0.92,0.93,0.925,0.01,3725.33,3917.71,0.07,0.08,104
btc-updown-15m-1769604300,1769604300,765,0.96,0.97,0.965,0.01,3107.63,16651.25,0.03,0.04,0
btc-updown-15m-1769604300,1769604300,780,0.98,0.99,0.985,0.01,5936.69,11206.98,0.01,0.02,62
btc-updown-15m-1769604300,1769604300,795,0.97,0.98,0.975,0.01,4699.19,9258.01,0.02,0.03,138
btc-updown-15m-1769604300,1769604300,810,0.97,0.98,0.975,0.01,1016.91,10814.41,0.02,0.03,31
btc-updown-15m-1769604300,1769604300,825,0.96,0.97,0.965,0.01,2874,10210.14,0.03,0.04,114
btc-updown-15m-1769604300,1769604300,840,0.97,0.98,0.975,0.01,3535.04,9547.67,0.02,0.03,0
btc-updown-15m-1769604300,1769604300,845,0.98,0.99,0.985,0.01,3378.46,4143.01,0.01,0.02,1
btc-updown-15m-1769604300,1769604300,850,0.98,0.998,0.989,0.018,3472.46,574,0.002,0.02,8
btc-updown-15m-1769604300,1769604300,855,0.99,0.998,0.994,0.008,7073.12,549.31,0.002,0.01,27
btc-updown-15m-1769604300,1769604300,860,0.998,0.999,0.9985,0.001,5223.28,449.17,0.001,0.002,24
btc-updown-15m-1769604300,1769604300,865,0.99,0.999,0.9945,0.009,4775.87,34.44,0.001,0.01,11
btc-updown-15m-1769604300,1769604300,870,0.99,0.999,0.9945,0.009,4665.87,69.99,0.001,0.01,25
btc-updown-15m-1769604300,1769604300,875,0.999,,,,4353.72,0,,0.001,26
btc-updown-15m-1769604300,1769604300,880,0.999,,,,6850.09,0,,0.001,3
btc-updown-15m-1769604300,1769604300,885,0.99,0.999,0.9945,0.009,9115.81,125.54,0.001,0.01,35
btc-updown-15m-1769604300,1769604300,890,0.996,0.999,0.9975,0.003,7316.54,424.25,0.001,0.004,33
btc-updown-15m-1769604300,1769604300,895,0.999,,,,1648.03,0,,0.001,353
btc-updown-15m-1769604300,1769604300,897,0.999,,,,2203.38,0,,0.001,135
btc-updown-15m-1769604300,1769604300,899,0.999,,,,11212.63,0,,0.001,109
btc-updown-15m-1769604300,1769604300,900,0.999,,,,13595.45,0,,0.001,32
btc-updown-15m-1769615100,1769615100,0,0.46,0.48,0.47,0.02,988.98,1220.6,0.52,0.54,165
btc-updown-15m-1769615100,1769615100,15,0.48,0.49,0.485,0.01,6220.42,5515.31,0.51,0.52,0
btc-updown-15m-1769615100,1769615100,30,0.58,0.59,0.585,0.01,5539.22,1454.16,0.41,0.42,71
btc-updown-15m-1769615100,1769615100,45,0.64,0.65,0.645,0.01,678.95,7413.79,0.35,0.36,8
btc-updown-15m-1769615100,1769615100,60,0.64,0.65,0.645,0.01,3237.67,2523.8,0.35,0.36,31
btc-updown-15m-1769615100,1769615100,75,0.7,0.71,0.705,0.01,4676.62,4930.05,0.29,0.3,22
btc-updown-15m-1769615100,1769615100,90,0.67,0.68,0.675,0.01,3566.64,320.59,0.32,0.33,0
btc-updown-15m-1769615100,1769615100,105,0.64,0.65,0.645,0.01,3863.01,3134.57,0.35,0.36,0
btc-updown-15m-1769615100,1769615100,120,0.65,0.66,0.655,0.01,1267.12,5180.3,0.34,0.35,19
btc-updown-15m-1769615100,1769615100,135,0.53,0.54,0.535,0.01,3044,3776.06,0.46,0.47,2
btc-updown-15m-1769615100,1769615100,150,0.33,0.34,0.335,0.01,1554.73,2861.1,0.66,0.67,5
btc-updown-15m-1769615100,1769615100,165,0.23,0.24,0.235,0.01,4576.53,3294.9,0.76,0.77,2
btc-updown-15m-1769615100,1769615100,180,0.23,0.24,0.235,0.01,4238.45,4768.67,0.76,0.77,13
btc-updown-15m-1769615100,1769615100,195,0.29,0.3,0.295,0.01,6490.89,530.75,0.7,0.71,3
btc-updown-15m-1769615100,1769615100,210,0.3,0.31,0.305,0.01,4867.99,1392.68,0.69,0.7,20
btc-updown-15m-1769615100,1769615100,225,0.29,0.3,0.295,0.01,4325.07,3488.71,0.7,0.71,138
btc-updown-15m-1769615100,1769615100,240,0.27,0.28,0.275,0.01,6637,3925.98,0.72,0.73,16
btc-updown-15m-1769615100,1769615100,255,0.25,0.26,0.255,0.01,2299.22,4461.22,0.74,0.75,1
btc-updown-15m-1769615100,1769615100,270,0.27,0.28,0.275,0.01,2438.79,4874.24,0.72,0.73,4
btc-updown-15m-1769615100,1769615100,285,0.26,0.27,0.265,0.01,2325.4,4096.65,0.73,0.74,2
btc-updown-15m-1769615100,1769615100,300,0.27,0.28,0.275,0.01,3278.96,3039.72,0.72,0.73,1
btc-updown-15m-1769615100,1769615100,315,0.25,0.26,0.255,0.01,6025.56,587.84,0.74,0.75,1
btc-updown-15m-1769615100,1769615100,330,0.26,0.27,0.265,0.01,976.25,4904.21,0.73,0.74,2
btc-updown-15m-1769615100,1769615100,345,0.34,0.35,0.345,0.01,2685.39,2514.09,0.65,0.66,0
btc-updown-15m-1769615100,1769615100,360,0.31,0.32,0.315,0.01,3475.31,283.59,0.68,0.69,1
btc-updown-15m-1769615100,1769615100,375,0.24,0.25,0.245,0.01,5279.79,6121.83,0.75,0.76,6
btc-updown-15m-1769615100,1769615100,390,0.21,0.22,0.215,0.01,4380.72,3398.98,0.78,0.79,5
btc-updown-15m-1769615100,1769615100,405,0.29,0.3,0.295,0.01,990.95,3752.22,0.7,0.71,47
btc-updown-15m-1769615100,1769615100,420,0.27,0.28,0.275,0.01,1865.42,3622.64,0.72,0.73,1
btc-updown-15m-1769615100,1769615100,435,0.29,0.3,0.295,0.01,929.27,4706.95,0.7,0.71,134
btc-updown-15m-1769615100,1769615100,450,0.35,0.36,0.355,0.01,3098.86,1626.2,0.64,0.65,50
btc-updown-15m-1769615100,1769615100,465,0.29,0.3,0.295,0.01,1863.26,2538.99,0.7,0.71,0
btc-updown-15m-1769615100,1769615100,480,0.32,0.33,0.325,0.01,3454.62,3769.6,0.67,0.68,2
btc-updown-15m-1769615100,1769615100,495,0.3,0.31,0.305,0.01,5102.09,1022.64,0.69,0.7,2
btc-updown-15m-1769615100,1769615100,510,0.44,0.45,0.445,0.01,3256.16,843.51,0.55,0.56,0
btc-updown-15m-1769615100,1769615100,525,0.39,0.4,0.395,0.01,2858.45,2162.09,0.6,0.61,1
btc-updown-15m-1769615100,1769615100,540,0.34,0.35,0.345,0.01,3488.77,4959.32,0.65,0.66,12
btc-updown-15m-1769615100,1769615100,555,0.34,0.35,0.345,0.01,3143.24,847.4,0.65,0.66,4
btc-updown-15m-1769615100,1769615100,570,0.35,0.36,0.355,0.01,3394.83,3596.56,0.64,0.65,60
btc-updown-15m-1769615100,1769615100,585,0.43,0.44,0.435,0.01,4560.48,141.28,0.56,0.57,3
btc-updown-15m-1769615100,1769615100,600,0.64,0.65,0.645,0.01,947.38,2466.59,0.35,0.36,38
btc-updown-15m-1769615100,1769615100,615,0.74,0.75,0.745,0.01,3153.02,3508.09,0.25,0.26,13
btc-updown-15m-1769615100,1769615100,630,0.75,0.76,0.755,0.01,1305.37,4511.77,0.24,0.25,0
btc-updown-15m-1769615100,1769615100,645,0.63,0.64,0.635,0.01,2899.7,1213.98,0.36,0.37,14
btc-updown-15m-1769615100,1769615100,660,0.64,0.65,0.645,0.01,3356.49,2840.57,0.35,0.36,57
btc-updown-15m-1769615100,1769615100,675,0.63,0.64,0.635,0.01,2193.25,949.77,0.36,0.37,0
btc-updown-15m-1769615100,1769615100,690,0.63,0.64,0.635,0.01,3082.74,2705.17,0.36,0.37,62
btc-updown-15m-1769615100,1769615100,705,0.63,0.64,0.635,0.01,178,3677.88,0.36,0.37,4
btc-updown-15m-1769615100,1769615100,720,0.46,0.47,0.465,0.01,987.49,3062.31,0.53,0.54,6
btc-updown-15m-1769615100,1769615100,735,0.51,0.53,0.52,0.02,3831.11,346.35,0.47,0.49,5
btc-updown-15m-1769615100,1769615100,750,0.62,0.63,0.625,0.01,2838.43,1970.69,0.37,0.38,0
btc-updown-15m-1769615100,1769615100,765,0.64,0.65,0.645,0.01,319,3218.75,0.35,0.36,84
btc-updown-15m-1769615100,1769615100,780,0.67,0.68,0.675,0.01,1041.32,2141,0.32,0.33,2
btc-updown-15m-1769615100,1769615100,795,0.65,0.66,0.655,0.01,2760.25,1283.64,0.34,0.35,8
btc-updown-15m-1769615100,1769615100,810,0.42,0.43,0.425,0.01,2605.65,640.57,0.57,0.58,0
btc-updown-15m-1769615100,1769615100,825,0.38,0.39,0.385,0.01,157.72,1267.45,0.61,0.62,0
btc-updown-15m-1769615100,1769615100,840,0.27,0.29,0.28,0.02,5037.56,586.83,0.71,0.73,2
btc-updown-15m-1769615100,1769615100,845,0.3,0.34,0.32,0.04,1642,175.04,0.66,0.7,0
btc-updown-15m-1769615100,1769615100,850,0.31,0.32,0.315,0.01,4582.13,600.47,0.68,0.69,5
btc-updown-15m-1769615100,1769615100,855,0.25,0.26,0.255,0.01,156.12,723.09,0.74,0.75,5
btc-updown-15m-1769615100,1769615100,860,0.05,0.08,0.065,0.03,4269.43,895.62,0.92,0.95,13
btc-updown-15m-1769615100,1769615100,865,0.06,0.07,0.065,0.01,767.73,354.91,0.93,0.94,1
btc-updown-15m-1769615100,1769615100,870,0.14,0.16,0.15,0.02,1990.44,1948.49,0.84,0.86,4
btc-updown-15m-1769615100,1769615100,875,0.27,0.28,0.275,0.01,71,69,0.72,0.73,26
btc-updown-15m-1769615100,1769615100,880,0.2,0.21,0.205,0.01,311.8,2384.24,0.79,0.8,0
btc-updown-15m-1769615100,1769615100,885,0.32,0.34,0.33,0.02,131.03,141,0.66,0.68,7
btc-updown-15m-1769615100,1769615100,890,0.15,0.2,0.175,0.05,192.86,142.25,0.8,0.85,10
btc-updown-15m-1769615100,1769615100,895,0.04,0.07,0.055,0.03,3102.98,27.07,0.93,0.96,12
btc-updown-15m-1769615100,1769615100,897,0.01,0.02,0.015,0.01,6629.5,228.76,0.98,0.99,12
btc-updown-15m-1769615100,1769615100,899,,0.01,,,0,4530.63,0.99,,79
btc-updown-15m-1769615100,1769615100,900,,0.01,,,0,26712.36,0.99,,45
btc-updown-15m-1769625000,1769625000,0,0.55,0.56,0.555,0.01,3640.87,451.81,0.44,0.45,144
btc-updown-15m-1769625000,1769625000,15,0.48,0.49,0.485,0.01,1756.18,4423.62,0.51,0.52,10
btc-updown-15m-1769625000,1769625000,30,0.51,0.52,0.515,0.01,2335.54,5976.86,0.48,0.49,0
btc-updown-15m-1769625000,1769625000,45,0.44,0.45,0.445,0.01,1589.64,5132,0.55,0.56,0
btc-updown-15m-1769625000,1769625000,60,0.4,0.41,0.405,0.01,6199.96,3232.75,0.59,0.6,2
btc-updown-15m-1769625000,1769625000,75,0.52,0.53,0.525,0.01,6474.65,659.23,0.47,0.48,0
btc-updown-15m-1769625000,1769625000,90,0.57,0.58,0.575,0.01,4797.96,1130.31,0.42,0.43,0
btc-updown-15m-1769625000,1769625000,105,0.62,0.63,0.625,0.01,4022.46,3564.2,0.37,0.38,4
btc-updown-15m-1769625000,1769625000,120,0.55,0.56,0.555,0.01,494.05,5970.91,0.44,0.45,6
btc-updown-15m-1769625000,1769625000,135,0.45,0.46,0.455,0.01,4869.54,962.74,0.54,0.55,4
btc-updown-15m-1769625000,1769625000,150,0.48,0.49,0.485,0.01,1736.94,8992.48,0.51,0.52,14
btc-updown-15m-1769625000,1769625000,165,0.47,0.48,0.475,0.01,7247.27,3413.03,0.52,0.53,0
btc-updown-15m-1769625000,1769625000,180,0.52,0.53,0.525,0.01,5328.56,1837.51,0.47,0.48,0
btc-updown-15m-1769625000,1769625000,195,0.55,0.56,0.555,0.01,2477.06,5514.91,0.44,0.45,4
btc-updown-15m-1769625000,1769625000,210,0.55,0.56,0.555,0.01,4298.24,432.71,0.44,0.45,0
btc-updown-15m-1769625000,1769625000,225,0.63,0.64,0.635,0.01,2070.11,3933.46,0.36,0.37,11
btc-updown-15m-1769625000,1769625000,240,0.6,0.61,0.605,0.01,1658.88,3032.45,0.39,0.4,7
btc-updown-15m-1769625000,1769625000,255,0.52,0.53,0.525,0.01,2374.74,3786.78,0.47,0.48,2
btc-updown-15m-1769625000,1769625000,270,0.43,0.44,0.435,0.01,5230.33,1273.27,0.56,0.57,12
btc-updown-15m-1769625000,1769625000,285,0.4,0.41,0.405,0.01,4371.71,2093.34,0.59,0.6,1
btc-updown-15m-1769625000,1769625000,300,0.4,0.41,0.405,0.01,4096.24,2563.43,0.59,0.6,1
btc-updown-15m-1769625000,1769625000,315,0.36,0.37,0.365,0.01,3219.01,3781.36,0.63,0.64,76
btc-updown-15m-1769625000,1769625000,330,0.45,0.46,0.455,0.01,3605.04,3590.27,0.54,0.55,21
btc-updown-15m-1769625000,1769625000,345,0.38,0.39,0.385,0.01,1489.37,4891.95,0.61,0.62,4
btc-updown-15m-1769625000,1769625000,360,0.38,0.39,0.385,0.01,1919.98,3869.35,0.61,0.62,4
btc-updown-15m-1769625000,1769625000,375,0.35,0.36,0.355,0.01,4155.74,3441.82,0.64,0.65,0
btc-updown-15m-1769625000,1769625000,390,0.3,0.31,0.305,0.01,5671.46,1875.7,0.69,0.7,11
btc-updown-15m-1769625000,1769625000,405,0.26,0.27,0.265,0.01,5008.16,1909.96,0.73,0.74,0
btc-updown-15m-1769625000,1769625000,420,0.2,0.21,0.205,0.01,1125.27,2709.96,0.79,0.8,5
btc-updown-15m-1769625000,1769625000,435,0.26,0.27,0.265,0.01,4906.12,2424.12,0.73,0.74,4
btc-updown-15m-1769625000,1769625000,450,0.24,0.25,0.245,0.01,5796.86,2605.58,0.75,0.76,13
btc-updown-15m-1769625000,1769625000,465,0.16,0.17,0.165,0.01,5240.85,715.93,0.83,0.84,32
btc-updown-15m-1769625000,1769625000,480,0.16,0.17,0.165,0.01,4505.9,4787.39,0.83,0.84,19
btc-updown-15m-1769625000,1769625000,495,0.17,0.19,0.18,0.02,6503.48,3941.01,0.81,0.83,1
btc-updown-15m-1769625000,1769625000,510,0.16,0.17,0.165,0.01,4745.28,3958.59,0.83,0.84,45
btc-updown-15m-1769625000,1769625000,525,0.14,0.16,0.15,0.02,7495.78,3737.73,0.84,0.86,7
btc-updown-15m-1769625000,1769625000,540,0.13,0.14,0.135,0.01,7340.02,3282.25,0.86,0.87,20
btc-updown-15m-1769625000,1769625000,555,0.13,0.14,0.135,0.01,6328.97,4016.52,0.86,0.87,1
btc-updown-15m-1769625000,1769625000,570,0.14,0.15,0.145,0.01,6785.13,4078.58,0.85,0.86,0
btc-updown-15m-1769625000,1769625000,585,0.14,0.15,0.145,0.01,6629.21,2086.98,0.85,0.86,25
btc-updown-15m-1769625000,1769625000,600,0.11,0.12,0.115,0.01,5389.53,3522.22,0.88,0.89,3
btc-updown-15m-1769625000,1769625000,615,0.07,0.08,0.075,0.01,9627.42,1050.06,0.92,0.93,28
btc-updown-15m-1769625000,1769625000,630,0.05,0.07,0.06,0.02,6779.8,3779.37,0.93,0.95,80
btc-updown-15m-1769625000,1769625000,645,0.04,0.05,0.045,0.01,10162.8,1495.78,0.95,0.96,8
btc-updown-15m-1769625000,1769625000,660,0.04,0.05,0.045,0.01,10776.91,1267.01,0.95,0.96,32
btc-updown-15m-1769625000,1769625000,675,0.05,0.06,0.055,0.01,5623.45,3609.67,0.94,0.95,16
btc-updown-15m-1769625000,1769625000,690,0.02,0.03,0.025,0.01,14704.92,8244.92,0.97,0.98,11
btc-updown-15m-1769625000,1769625000,705,0.02,0.03,0.025,0.01,14003.93,6253.61,0.97,0.98,12
btc-updown-15m-1769625000,1769625000,720,0.01,0.02,0.015,0.01,10751.89,5673.29,0.98,0.99,77
btc-updown-15m-1769625000,1769625000,735,0.01,0.02,0.015,0.01,7568.34,9038.49,0.98,0.99,99
btc-updown-15m-1769625000,1769625000,750,0.01,0.02,0.015,0.01,7198.99,8716.77,0.98,0.99,72
btc-updown-15m-1769625000,1769625000,765,0.01,0.02,0.015,0.01,6009.23,8189.85,0.98,0.99,63
btc-updown-15m-1769625000,1769625000,780,,0.01,,,0,12698.26,0.99,,97
btc-updown-15m-1769625000,1769625000,795,,0.01,,,0,13233.14,0.99,,16
btc-updown-15m-1769625000,1769625000,810,,0.01,,,0,18035.09,0.99,,71
btc-updown-15m-1769625000,1769625000,825,,0.01,,,0,17382.58,0.99,,74
btc-updown-15m-1769625000,1769625000,840,,0.01,,,0,17334.99,0.99,,13
btc-updown-15m-1769625000,1769625000,845,,0.01,,,0,18989.42,0.99,,29
btc-updown-15m-1769625000,1769625000,850,,0.01,,,0,17867.54,0.99,,82
btc-updown-15m-1769625000,1769625000,855,,0.01,,,0,17427.45,0.99,,1
btc-updown-15m-1769625000,1769625000,860,,0.01,,,0,19223.61,0.99,,4
btc-updown-15m-1769625000,1769625000,865,,0.01,,,0,17777.7,0.99,,353
btc-updown-15m-1769625000,1769625000,870,,0.01,,,0,12703.89,0.99,,106
btc-updown-15m-1769625000,1769625000,875,,0.01,,,0,12495.08,0.99,,6
btc-updown-15m-1769625000,1769625000,880,,0.01,,,0,12485.08,0.99,,38
btc-updown-15m-1769625000,1769625000,885,,0.01,,,0,12372.08,0.99,,3
btc-updown-15m-1769625000,1769625000,890,,0.01,,,0,16298.01,0.99,,50
btc-updown-15m-1769625000,1769625000,895,,0.01,,,0,35253.78,0.99,,428
btc-updown-15m-1769625000,1769625000,897,,0.01,,,0,33835.19,0.99,,61
btc-updown-15m-1769625000,1769625000,899,,0.01,,,0,46966.27,0.99,,62
btc-updown-15m-1769625000,1769625000,900,,0.01,,,0,49804.98,0.99,,10
btc-updown-15m-1769635800,1769635800,0,0.53,0.55,0.54,0.02,2134.34,120.33,0.45,0.47,280
btc-updown-15m-1769635800,1769635800,15,0.55,0.56,0.555,0.01,1299.04,3952.66,0.44,0.45,3
btc-updown-15m-1769635800,1769635800,30,0.53,0.54,0.535,0.01,3582.38,1543.4,0.46,0.47,32
btc-updown-15m-1769635800,1769635800,45,0.54,0.55,0.545,0.01,2152.32,3339.4,0.45,0.46,15
btc-updown-15m-1769635800,1769635800,60,0.54,0.55,0.545,0.01,1833.14,3779.69,0.45,0.46,7
btc-updown-15m-1769635800,1769635800,75,0.44,0.45,0.445,0.01,2251.53,829.62,0.55,0.56,46
btc-updown-15m-1769635800,1769635800,90,0.5,0.51,0.505,0.01,986.17,3583.99,0.49,0.5,1
btc-updown-15m-1769635800,1769635800,105,0.4,0.46,0.43,0.06,1562.8,666,0.54,0.6,1
btc-updown-15m-1769635800,1769635800,120,0.37,0.38,0.375,0.01,2305.84,1285,0.62,0.63,3
btc-updown-15m-1769635800,1769635800,135,0.28,0.29,0.285,0.01,1410.4,1313.27,0.71,0.72,5
btc-updown-15m-1769635800,1769635800,150,0.33,0.34,0.335,0.01,3069.08,2608.67,0.66,0.67,3
btc-updown-15m-1769635800,1769635800,165,0.3,0.31,0.305,0.01,2560.58,1986.6,0.69,0.7,3
btc-updown-15m-1769635800,1769635800,180,0.32,0.33,0.325,0.01,1429.65,2124.5,0.67,0.68,3
btc-updown-15m-1769635800,1769635800,195,0.32,0.33,0.325,0.01,2080.21,2992.84,0.67,0.68,19
btc-updown-15m-1769635800,1769635800,210,0.34,0.35,0.345,0.01,2827.69,2919,0.65,0.66,21
btc-updown-15m-1769635800,1769635800,225,0.36,0.37,0.365,0.01,1895.6,2754.59,0.63,0.64,14
btc-updown-15m-1769635800,1769635800,240,0.35,0.36,0.355,0.01,2717.23,2774.97,0.64,0.65,11
btc-updown-15m-1769635800,1769635800,255,0.34,0.35,0.345,0.01,4005.7,2640.53,0.65,0.66,14
btc-updown-15m-1769635800,1769635800,270,0.33,0.34,0.335,0.01,3917.65,2389.09,0.66,0.67,0
btc-updown-15m-1769635800,1769635800,285,0.32,0.33,0.325,0.01,3640.46,2274.4,0.67,0.68,40
btc-updown-15m-1769635800,1769635800,300,0.24,0.25,0.245,0.01,2664.34,1100.13,0.75,0.76,104
btc-updown-15m-1769635800,1769635800,315,0.28,0.29,0.285,0.01,2816.05,2351.21,0.71,0.72,15
btc-updown-15m-1769635800,1769635800,330,0.27,0.28,0.275,0.01,1206.72,1515.47,0.72,0.73,7
btc-updown-15m-1769635800,1769635800,345,0.18,0.19,0.185,0.01,2954.19,3667.8,0.81,0.82,0
btc-updown-15m-1769635800,1769635800,360,0.18,0.19,0.185,0.01,3649.75,2043.85,0.81,0.82,2
btc-updown-15m-1769635800,1769635800,375,0.24,0.25,0.245,0.01,2721.61,3600.25,0.75,0.76,7
btc-updown-15m-1769635800,1769635800,390,0.25,0.26,0.255,0.01,3218.51,2221.68,0.74,0.75,81
btc-updown-15m-1769635800,1769635800,405,0.31,0.32,0.315,0.01,1380.41,3406.01,0.68,0.69,20
btc-updown-15m-1769635800,1769635800,420,0.39,0.4,0.395,0.01,1461.85,1539.08,0.6,0.61,2
btc-updown-15m-1769635800,1769635800,435,0.45,0.46,0.455,0.01,3079.55,633.34,0.54,0.55,7
btc-updown-15m-1769635800,1769635800,450,0.52,0.53,0.525,0.01,3162.72,493.38,0.47,0.48,2
btc-updown-15m-1769635800,1769635800,465,0.64,0.66,0.65,0.02,147.66,2482.22,0.34,0.36,0
btc-updown-15m-1769635800,1769635800,480,0.69,0.7,0.695,0.01,3925.63,5908.63,0.3,0.31,35
btc-updown-15m-1769635800,1769635800,495,0.79,0.8,0.795,0.01,1291.61,60.09,0.2,0.21,2
btc-updown-15m-1769635800,1769635800,510,0.86,0.87,0.865,0.01,4386.77,450.06,0.13,0.14,6
btc-updown-15m-1769635800,1769635800,525,0.9,0.91,0.905,0.01,3675.26,1212.65,0.09,0.1,57
btc-updown-15m-1769635800,1769635800,540,0.91,0.92,0.915,0.01,4122.55,1773.79,0.08,0.09,24
btc-updown-15m-1769635800,1769635800,555,0.91,0.92,0.915,0.01,2778.66,1401.63,0.08,0.09,13
btc-updown-15m-1769635800,1769635800,570,0.93,0.94,0.935,0.01,2614.75,4275.23,0.06,0.07,2
btc-updown-15m-1769635800,1769635800,585,0.93,0.94,0.935,0.01,1661.54,2629.74,0.06,0.07,5
btc-updown-15m-1769635800,1769635800,600,0.93,0.94,0.935,0.01,3172.4,2190.67,0.06,0.07,3
btc-updown-15m-1769635800,1769635800,615,0.95,0.96,0.955,0.01,1584.32,5475.96,0.04,0.05,1
btc-updown-15m-1769635800,1769635800,630,0.94,0.95,0.945,0.01,929.44,1885.57,0.05,0.06,14
btc-updown-15m-1769635800,1769635800,645,0.96,0.97,0.965,0.01,1749.81,13450.78,0.03,0.04,124
btc-updown-15m-1769635800,1769635800,660,0.97,0.98,0.975,0.01,650.03,13118.68,0.02,0.03,15
btc-updown-15m-1769635800,1769635800,675,0.97,0.98,0.975,0.01,1902.74,11413.76,0.02,0.03,34
btc-updown-15m-1769635800,1769635800,690,0.97,0.98,0.975,0.01,2807.05,11050.08,0.02,0.03,180
btc-updown-15m-1769635800,1769635800,705,0.97,0.98,0.975,0.01,2311.56,9746.86,0.02,0.03,0
btc-updown-15m-1769635800,1769635800,720,0.98,0.99,0.985,0.01,2623.43,8227.22,0.01,0.02,8
btc-updown-15m-1769635800,1769635800,735,0.98,0.99,0.985,0.01,2512.64,7287.23,0.01,0.02,8
btc-updown-15m-1769635800,1769635800,750,0.99,,,,7825.17,0,,0.01,8
btc-updown-15m-1769635800,1769635800,765,0.99,,,,7067.47,0,,0.01,14
btc-updown-15m-1769635800,1769635800,780,0.99,,,,9469.25,0,,0.01,108
btc-updown-15m-1769635800,1769635800,795,0.99,,,,7695.07,0,,0.01,184
btc-updown-15m-1769635800,1769635800,810,0.999,,,,8737.99,0,,0.001,56
btc-updown-15m-1769635800,1769635800,825,0.998,0.999,0.9985,0.001,163.04,356.11,0.001,0.002,10
btc-updown-15m-1769635800,1769635800,840,0.998,0.999,0.9985,0.001,3460.29,569.16,0.001,0.002,17
btc-updown-15m-1769635800,1769635800,845,0.996,0.999,0.9975,0.003,8292,407,0.001,0.004,23
btc-updown-15m-1769635800,1769635800,850,0.999,,,,8735.1,0,,0.001,25
btc-updown-15m-1769635800,1769635800,855,0.999,,,,6151.1,0,,0.001,16
btc-updown-15m-1769635800,1769635800,860,0.999,,,,890.1,0,,0.001,2
btc-updown-15m-1769635800,1769635800,865,0.999,,,,690.59,0,,0.001,11
btc-updown-15m-1769635800,1769635800,870,0.999,,,,442.7,0,,0.001,18
btc-updown-15m-1769635800,1769635800,875,0.999,,,,6322.99,0,,0.001,161
btc-updown-15m-1769635800,1769635800,880,0.999,,,,16186.76,0,,0.001,96
btc-updown-15m-1769635800,1769635800,885,0.999,,,,26753.58,0,,0.001,123
btc-updown-15m-1769635800,1769635800,890,0.999,,,,21556.58,0,,0.001,34
btc-updown-15m-1769635800,1769635800,895,0.999,,,,25476.59,0,,0.001,217
btc-updown-15m-1769635800,1769635800,897,0.999,,,,30547.53,0,,0.001,174
btc-updown-15m-1769635800,1769635800,899,0.999,,,,31130.53,0,,0.001,20
btc-updown-15m-1769635800,1769635800,900,0.999,,,,38693.6,0,,0.001,122
btc-updown-15m-1769646600,1769646600,0,0.55,0.56,0.555,0.01,2256.05,240.99,0.44,0.45,257
btc-updown-15m-1769646600,1769646600,15,0.65,0.66,0.655,0.01,2629.75,1456.27,0.34,0.35,9
btc-updown-15m-1769646600,1769646600,30,0.64,0.65,0.645,0.01,589.38,2460.29,0.35,0.36,15
btc-updown-15m-1769646600,1769646600,45,0.71,0.74,0.725,0.03,3099.94,2491.97,0.26,0.29,0
btc-updown-15m-1769646600,1769646600,60,0.74,0.75,0.745,0.01,1660.68,960.27,0.25,0.26,2
btc-updown-15m-1769646600,1769646600,75,0.66,0.67,0.665,0.01,1187.97,2587.76,0.33,0.34,4
btc-updown-15m-1769646600,1769646600,90,0.61,0.62,0.615,0.01,2577.12,2516.65,0.38,0.39,13
btc-updown-15m-1769646600,1769646600,105,0.64,0.65,0.645,0.01,1632.93,1653.16,0.35,0.36,3
btc-updown-15m-1769646600,1769646600,120,0.63,0.64,0.635,0.01,2687.19,1764.78,0.36,0.37,47
btc-updown-15m-1769646600,1769646600,135,0.63,0.64,0.635,0.01,2128.53,579.43,0.36,0.37,22
btc-updown-15m-1769646600,1769646600,150,0.69,0.7,0.695,0.01,725.47,2919.28,0.3,0.31,11
btc-updown-15m-1769646600,1769646600,165,0.69,0.7,0.695,0.01,472.59,2511.14,0.3,0.31,12
btc-updown-15m-1769646600,1769646600,180,0.65,0.66,0.655,0.01,362.09,2848.71,0.34,0.35,17
btc-updown-15m-1769646600,1769646600,195,0.65,0.66,0.655,0.01,1289.62,1749.68,0.34,0.35,10
btc-updown-15m-1769646600,1769646600,210,0.74,0.75,0.745,0.01,1282.68,2336.13,0.25,0.26,8
btc-updown-15m-1769646600,1769646600,225,0.78,0.79,0.785,0.01,1540.88,2280.02,0.21,0.22,22
btc-updown-15m-1769646600,1769646600,240,0.73,0.74,0.735,0.01,821.5,2554.42,0.26,0.27,128
btc-updown-15m-1769646600,1769646600,255,0.78,0.79,0.785,0.01,538.22,3111.58,0.21,0.22,5
btc-updown-15m-1769646600,1769646600,270,0.72,0.73,0.725,0.01,1088.89,978.57,0.27,0.28,2
btc-updown-15m-1769646600,1769646600,285,0.78,0.79,0.785,0.01,1523.4,2462.24,0.21,0.22,6
btc-updown-15m-1769646600,1769646600,300,0.82,0.83,0.825,0.01,1766.85,2476.83,0.17,0.18,2
btc-updown-15m-1769646600,1769646600,315,0.76,0.77,0.765,0.01,578.53,3161.19,0.23,0.24,87
btc-updown-15m-1769646600,1769646600,330,0.65,0.66,0.655,0.01,1814.6,394.75,0.34,0.35,1
btc-updown-15m-1769646600,1769646600,345,0.53,0.54,0.535,0.01,740.54,1573.88,0.46,0.47,19
btc-updown-15m-1769646600,1769646600,360,0.52,0.53,0.525,0.01,3373.5,1640.26,0.47,0.48,80
btc-updown-15m-1769646600,1769646600,375,0.61,0.62,0.615,0.01,418.51,2425.94,0.38,0.39,15
btc-updown-15m-1769646600,1769646600,390,0.67,0.68,0.675,0.01,1203.03,2229.89,0.32,0.33,56
btc-updown-15m-1769646600,1769646600,405,0.57,0.58,0.575,0.01,1209.56,1315.77,0.42,0.43,0
btc-updown-15m-1769646600,1769646600,420,0.53,0.55,0.54,0.02,935.54,2180.83,0.45,0.47,8
btc-updown-15m-1769646600,1769646600,435,0.72,0.73,0.725,0.01,3230.81,41.38,0.27,0.28,12
btc-updown-15m-1769646600,1769646600,450,0.74,0.75,0.745,0.01,988.89,2387.43,0.25,0.26,3
btc-updown-15m-1769646600,1769646600,465,0.71,0.72,0.715,0.01,921.84,2436.31,0.28,0.29,10
btc-updown-15m-1769646600,1769646600,480,0.73,0.74,0.735,0.01,2890.93,489.75,0.26,0.27,1
btc-updown-15m-1769646600,1769646600,495,0.78,0.79,0.785,0.01,936.18,2749.78,0.21,0.22,39
btc-updown-15m-1769646600,1769646600,510,0.76,0.77,0.765,0.01,3630.8,190.69,0.23,0.24,3
btc-updown-15m-1769646600,1769646600,525,0.76,0.77,0.765,0.01,446.3,2310.22,0.23,0.24,0
btc-updown-15m-1769646600,1769646600,540,0.78,0.79,0.785,0.01,2167.26,1674.27,0.21,0.22,2
btc-updown-15m-1769646600,1769646600,555,0.85,0.86,0.855,0.01,1118.32,3213.15,0.14,0.15,122
btc-updown-15m-1769646600,1769646600,570,0.73,0.74,0.735,0.01,1113.5,942.02,0.26,0.27,2
btc-updown-15m-1769646600,1769646600,585,0.77,0.78,0.775,0.01,1873.66,779.66,0.22,0.23,0
btc-updown-15m-1769646600,1769646600,600,0.84,0.87,0.855,0.03,3864.68,1510.36,0.13,0.16,4
btc-updown-15m-1769646600,1769646600,615,0.87,0.88,0.875,0.01,1041.5,2128.62,0.12,0.13,3
btc-updown-15m-1769646600,1769646600,630,0.8,0.81,0.805,0.01,762,855.92,0.19,0.2,26
btc-updown-15m-1769646600,1769646600,645,0.75,0.76,0.755,0.01,1904.95,868.88,0.24,0.25,21
btc-updown-15m-1769646600,1769646600,660,0.75,0.76,0.755,0.01,1171.24,1123.76,0.24,0.25,57
btc-updown-15m-1769646600,1769646600,675,0.84,0.85,0.845,0.01,700.33,1518.64,0.15,0.16,1
btc-updown-15m-1769646600,1769646600,690,0.85,0.86,0.855,0.01,1052.88,1537.05,0.14,0.15,77
btc-updown-15m-1769646600,1769646600,705,0.9,0.91,0.905,0.01,785.08,2767.99,0.09,0.1,2
btc-updown-15m-1769646600,1769646600,720,0.89,0.9,0.895,0.01,1814.35,1848.6,0.1,0.11,1
btc-updown-15m-1769646600,1769646600,735,0.66,0.67,0.665,0.01,658.5,806.48,0.33,0.34,2
btc-updown-15m-1769646600,1769646600,750,0.56,0.57,0.565,0.01,15,3093.07,0.43,0.44,8
btc-updown-15m-1769646600,1769646600,765,0.36,0.37,0.365,0.01,172.88,770.24,0.63,0.64,2
btc-updown-15m-1769646600,1769646600,780,0.29,0.3,0.295,0.01,2240.14,1652.22,0.7,0.71,5
btc-updown-15m-1769646600,1769646600,795,0.3,0.31,0.305,0.01,1577.3,663.2,0.69,0.7,46
btc-updown-15m-1769646600,1769646600,810,0.25,0.26,0.255,0.01,836.71,416.36,0.74,0.75,32
btc-updown-15m-1769646600,1769646600,825,0.18,0.19,0.185,0.01,148.01,171.11,0.81,0.82,5
btc-updown-15m-1769646600,1769646600,840,0.11,0.13,0.12,0.02,2532.62,179.98,0.87,0.89,20
btc-updown-15m-1769646600,1769646600,845,0.08,0.09,0.085,0.01,875.14,611.94,0.91,0.92,1
btc-updown-15m-1769646600,1769646600,850,0.04,0.05,0.045,0.01,5235.69,782.41,0.95,0.96,6
btc-updown-15m-1769646600,1769646600,855,0.04,0.05,0.045,0.01,3389.63,797.92,0.95,0.96,6
btc-updown-15m-1769646600,1769646600,860,0.03,0.04,0.035,0.01,10122.03,1047.27,0.96,0.97,41
btc-updown-15m-1769646600,1769646600,865,0.02,0.03,0.025,0.01,10424.37,1559.18,0.97,0.98,40
btc-updown-15m-1769646600,1769646600,870,0.01,0.02,0.015,0.01,7258.37,2587.36,0.98,0.99,49
btc-updown-15m-1769646600,1769646600,875,0.01,0.02,0.015,0.01,13706.93,2069.69,0.98,0.99,25
btc-updown-15m-1769646600,1769646600,880,0.01,0.02,0.015,0.01,12723.25,2627.45,0.98,0.99,23
btc-updown-15m-1769646600,1769646600,885,0.01,0.02,0.015,0.01,6844.93,3042.72,0.98,0.99,69
btc-updown-15m-1769646600,1769646600,890,,0.01,,,0,16513.9,0.99,,111
btc-updown-15m-1769646600,1769646600,895,,0.01,,,0,19521.73,0.99,,552
btc-updown-15m-1769646600,1769646600,897,,0.01,,,0,16868.99,0.99,,196
btc-updown-15m-1769646600,1769646600,899,,0.01,,,0,17634.63,0.99,,100
btc-updown-15m-1769646600,1769646600,900,,0.01,,,0,38282.73,0.99,,45
btc-updown-15m-1769656500,1769656500,0,0.49,0.5,0.495,0.01,803.5,256.74,0.5,0.51,7
btc-updown-15m-1769656500,1769656500,15,0.56,0.57,0.565,0.01,1417.35,1869.79,0.43,0.44,1
btc-updown-15m-1769656500,1769656500,30,0.53,0.54,0.535,0.01,728.13,1117.83,0.46,0.47,4
btc-updown-15m-1769656500,1769656500,45,0.59,0.6,0.595,0.01,2093.72,894.22,0.4,0.41,2
btc-updown-15m-1769656500,1769656500,60,0.65,0.66,0.655,0.01,1722.42,892.83,0.34,0.35,50
btc-updown-15m-1769656500,1769656500,75,0.6,0.61,0.605,0.01,1209.79,283.92,0.39,0.4,0
btc-updown-15m-1769656500,1769656500,90,0.6,0.61,0.605,0.01,1780.5,1365.11,0.39,0.4,0
btc-updown-15m-1769656500,1769656500,105,0.64,0.65,0.645,0.01,545.91,861.31,0.35,0.36,0
btc-updown-15m-1769656500,1769656500,120,0.59,0.6,0.595,0.01,1477.67,754.69,0.4,0.41,3
btc-updown-15m-1769656500,1769656500,135,0.58,0.59,0.585,0.01,1570.97,1044.93,0.41,0.42,1
btc-updown-15m-1769656500,1769656500,150,0.59,0.6,0.595,0.01,1581.79,948.88,0.4,0.41,0
btc-updown-15m-1769656500,1769656500,165,0.59,0.6,0.595,0.01,1602.09,941.54,0.4,0.41,0
btc-updown-15m-1769656500,1769656500,180,0.52,0.53,0.525,0.01,1027.16,615.85,0.47,0.48,235
btc-updown-15m-1769656500,1769656500,195,0.57,0.58,0.575,0.01,615.79,1801.64,0.42,0.43,7
btc-updown-15m-1769656500,1769656500,210,0.57,0.58,0.575,0.01,891.02,1688.3,0.42,0.43,67
btc-updown-15m-1769656500,1769656500,225,0.57,0.58,0.575,0.01,939.64,1630.21,0.42,0.43,4
btc-updown-15m-1769656500,1769656500,240,0.6,0.61,0.605,0.01,676.29,1744.76,0.39,0.4,5
btc-updown-15m-1769656500,1769656500,255,0.46,0.47,0.465,0.01,1440.67,1668.82,0.53,0.54,2
btc-updown-15m-1769656500,1769656500,270,0.38,0.39,0.385,0.01,1352.1,599.22,0.61,0.62,14
btc-updown-15m-1769656500,1769656500,285,0.42,0.43,0.425,0.01,1137.03,1489.05,0.57,0.58,31
btc-updown-15m-1769656500,1769656500,300,0.42,0.43,0.425,0.01,1192.29,1675.54,0.57,0.58,24
btc-updown-15m-1769656500,1769656500,315,0.47,0.48,0.475,0.01,643.95,1534.54,0.52,0.53,10
btc-updown-15m-1769656500,1769656500,330,0.5,0.51,0.505,0.01,542.23,1358.63,0.49,0.5,46
btc-updown-15m-1769656500,1769656500,345,0.51,0.52,0.515,0.01,937.21,1586.86,0.48,0.49,0
btc-updown-15m-1769656500,1769656500,360,0.6,0.61,0.605,0.01,1196.72,713.65,0.39,0.4,27
btc-updown-15m-1769656500,1769656500,375,0.61,0.62,0.615,0.01,527.2,1905.73,0.38,0.39,5
btc-updown-15m-1769656500,1769656500,390,0.65,0.66,0.655,0.01,939.38,1570.03,0.34,0.35,0
btc-updown-15m-1769656500,1769656500,405,0.58,0.59,0.585,0.01,1038.43,1786.04,0.41,0.42,8
btc-updown-15m-1769656500,1769656500,420,0.53,0.54,0.535,0.01,150.67,1809.7,0.46,0.47,5963
btc-updown-15m-1769656500,1769656500,435,0.53,0.54,0.535,0.01,150.67,1809.7,0.46,0.47,20963
btc-updown-15m-1769656500,1769656500,450,0.53,0.54,0.535,0.01,150.67,1809.7,0.46,0.47,13978
btc-updown-15m-1769656500,1769656500,465,0.53,0.54,0.535,0.01,150.67,1809.7,0.46,0.47,28978
btc-updown-15m-1769656500,1769656500,480,0.53,0.54,0.535,0.01,150.67,1809.7,0.46,0.47,43978
btc-updown-15m-1769656500,1769656500,495,0.53,0.54,0.535,0.01,150.67,1809.7,0.46,0.47,58978
btc-updown-15m-1769656500,1769656500,510,0.72,0.75,0.735,0.03,81.13,283,0.25,0.28,2
btc-updown-15m-1769656500,1769656500,525,0.69,0.7,0.695,0.01,524.77,1961.5,0.3,0.31,6
btc-updown-15m-1769656500,1769656500,540,0.65,0.66,0.655,0.01,1636.94,555.16,0.34,0.35,73
btc-updown-15m-1769656500,1769656500,555,0.73,0.74,0.735,0.01,1568.93,2076.52,0.26,0.27,30
btc-updown-15m-1769656500,1769656500,570,0.78,0.79,0.785,0.01,1350.05,2140.3,0.21,0.22,35
btc-updown-15m-1769656500,1769656500,585,0.8,0.81,0.805,0.01,2055.8,1818.74,0.19,0.2,0
btc-updown-15m-1769656500,1769656500,600,0.63,0.64,0.635,0.01,83.16,2175.9,0.36,0.37,1
btc-updown-15m-1769656500,1769656500,615,0.39,0.4,0.395,0.01,1073.25,499.12,0.6,0.61,17
btc-updown-15m-1769656500,1769656500,630,0.58,0.59,0.585,0.01,1644.82,582.96,0.41,0.42,9
btc-updown-15m-1769656500,1769656500,645,0.4,0.41,0.405,0.01,1825.33,314.13,0.59,0.6,39
btc-updown-15m-1769656500,1769656500,660,0.32,0.33,0.325,0.01,1655.2,776.97,0.67,0.68,15
btc-updown-15m-1769656500,1769656500,675,0.41,0.42,0.415,0.01,1010.13,312.75,0.58,0.59,10
btc-updown-15m-1769656500,1769656500,690,0.44,0.45,0.445,0.01,1357.15,580.8,0.55,0.56,3
btc-updown-15m-1769656500,1769656500,705,0.47,0.48,0.475,0.01,1631.74,1465.59,0.52,0.53,4
btc-updown-15m-1769656500,1769656500,720,0.56,0.57,0.565,0.01,416.31,957.32,0.43,0.44,15
btc-updown-15m-1769656500,1769656500,735,0.52,0.53,0.525,0.01,472.04,1331.06,0.47,0.48,3
btc-updown-15m-1769656500,1769656500,750,0.44,0.45,0.445,0.01,1052.17,557.74,0.55,0.56,27
btc-updown-15m-1769656500,1769656500,765,0.44,0.45,0.445,0.01,1225.91,555.24,0.55,0.56,13990
btc-updown-15m-1769656500,1769656500,780,0.44,0.45,0.445,0.01,1225.91,555.24,0.55,0.56,28990
btc-updown-15m-1769656500,1769656500,795,0.44,0.45,0.445,0.01,1225.91,555.24,0.55,0.56,43990
btc-updown-15m-1769656500,1769656500,810,0.44,0.45,0.445,0.01,1225.91,555.24,0.55,0.56,58990
btc-updown-15m-1769656500,1769656500,825,0.44,0.45,0.445,0.01,1225.91,555.24,0.55,0.56,73990
btc-updown-15m-1769656500,1769656500,840,0.44,0.45,0.445,0.01,415.91,424.5,0.55,0.56,4
btc-updown-15m-1769656500,1769656500,845,0.17,0.3,0.235,0.13,577.13,154.81,0.7,0.83,2
btc-updown-15m-1769656500,1769656500,850,0.12,0.13,0.125,0.01,235.8,435.34,0.87,0.88,9
btc-updown-15m-1769656500,1769656500,855,0.33,0.34,0.335,0.01,95.07,28.28,0.66,0.67,9
btc-updown-15m-1769656500,1769656500,860,0.33,0.35,0.34,0.02,152.09,67,0.65,0.67,3
btc-updown-15m-1769656500,1769656500,865,0.12,0.13,0.125,0.01,232.06,1948.27,0.87,0.88,0
btc-updown-15m-1769656500,1769656500,870,0.04,0.05,0.045,0.01,4805.64,259.56,0.95,0.96,5
btc-updown-15m-1769656500,1769656500,875,0.04,0.05,0.045,0.01,4244.06,94,0.95,0.96,12
btc-updown-15m-1769656500,1769656500,880,0.03,0.04,0.035,0.01,10500.87,1397.83,0.96,0.97,54
btc-updown-15m-1769656500,1769656500,885,0.02,0.03,0.025,0.01,9992.13,1598.02,0.97,0.98,14
btc-updown-15m-1769656500,1769656500,890,0.02,0.03,0.025,0.01,8361.2,1418.83,0.97,0.98,18
btc-updown-15m-1769656500,1769656500,895,0.01,0.02,0.015,0.01,5036.2,880.46,0.98,0.99,8
btc-updown-15m-1769656500,1769656500,897,0.01,0.02,0.015,0.01,3913.35,990.76,0.98,0.99,2
btc-updown-15m-1769656500,1769656500,899,0.01,0.02,0.015,0.01,786.51,822.79,0.98,0.99,18
btc-updown-15m-1769656500,1769656500,900,,0.01,,,0,9137.52,0.99,,23
btc-updown-15m-1769667300,1769667300,0,0.45,0.49,0.47,0.04,535.59,263.11,0.51,0.55,68
btc-updown-15m-1769667300,1769667300,15,0.61,0.62,0.615,0.01,417.54,1890.03,0.38,0.39,0
btc-updown-15m-1769667300,1769667300,30,0.65,0.66,0.655,0.01,2530.2,1742.24,0.34,0.35,1
btc-updown-15m-1769667300,1769667300,45,0.64,0.65,0.645,0.01,1723.8,1234.03,0.35,0.36,51
btc-updown-15m-1769667300,1769667300,60,0.67,0.68,0.675,0.01,3281.53,2399.74,0.32,0.33,0
btc-updown-15m-1769667300,1769667300,75,0.68,0.69,0.685,0.01,911.96,4126.39,0.31,0.32,123
btc-updown-15m-1769667300,1769667300,90,0.69,0.7,0.695,0.01,2250.21,2425.52,0.3,0.31,71
btc-updown-15m-1769667300,1769667300,105,0.72,0.73,0.725,0.01,2468.14,3444.92,0.27,0.28,2
btc-updown-15m-1769667300,1769667300,120,0.72,0.73,0.725,0.01,2400.05,2057.79,0.27,0.28,113
btc-updown-15m-1769667300,1769667300,135,0.73,0.74,0.735,0.01,2827.3,2611.91,0.26,0.27,19
btc-updown-15m-1769667300,1769667300,150,0.64,0.65,0.645,0.01,188.34,1423.94,0.35,0.36,1
btc-updown-15m-1769667300,1769667300,165,0.61,0.62,0.615,0.01,1247.35,2172.63,0.38,0.39,1
btc-updown-15m-1769667300,1769667300,180,0.63,0.64,0.635,0.01,1166.94,3083.67,0.36,0.37,10
btc-updown-15m-1769667300,1769667300,195,0.54,0.55,0.545,0.01,865.63,2683.79,0.45,0.46,5
btc-updown-15m-1769667300,1769667300,210,0.54,0.55,0.545,0.01,2447.41,2900.66,0.45,0.46,6
btc-updown-15m-1769667300,1769667300,225,0.5,0.51,0.505,0.01,245.26,3180.41,0.49,0.5,1
btc-updown-15m-1769667300,1769667300,240,0.56,0.57,0.565,0.01,53,3555.76,0.43,0.44,0
btc-updown-15m-1769667300,1769667300,255,0.52,0.53,0.525,0.01,2395.48,2580.68,0.47,0.48,2
btc-updown-15m-1769667300,1769667300,270,0.52,0.53,0.525,0.01,2123.82,557.68,0.47,0.48,11
btc-updown-15m-1769667300,1769667300,285,0.5,0.51,0.505,0.01,2350.56,2523.18,0.49,0.5,4
btc-updown-15m-1769667300,1769667300,300,0.49,0.5,0.495,0.01,2028.86,2161.63,0.5,0.51,10
btc-updown-15m-1769667300,1769667300,315,0.35,0.36,0.355,0.01,2144.34,1010.24,0.64,0.65,95
btc-updown-15m-1769667300,1769667300,330,0.32,0.33,0.325,0.01,865.51,2993.68,0.67,0.68,0
btc-updown-15m-1769667300,1769667300,345,0.25,0.26,0.255,0.01,3191.52,1513.42,0.74,0.75,71
btc-updown-15m-1769667300,1769667300,360,0.34,0.35,0.345,0.01,1638.57,3133.23,0.65,0.66,77
btc-updown-15m-1769667300,1769667300,375,0.31,0.32,0.315,0.01,728.16,2462.86,0.68,0.69,3
btc-updown-15m-1769667300,1769667300,390,0.26,0.27,0.265,0.01,634.8,815.67,0.73,0.74,15
btc-updown-15m-1769667300,1769667300,405,0.26,0.27,0.265,0.01,1421.07,2774.32,0.73,0.74,61
btc-updown-15m-1769667300,1769667300,420,0.26,0.27,0.265,0.01,1530.08,2735.09,0.73,0.74,54
btc-updown-15m-1769667300,1769667300,435,0.22,0.23,0.225,0.01,2624.7,3373.93,0.77,0.78,54
btc-updown-15m-1769667300,1769667300,450,0.21,0.22,0.215,0.01,3461.67,1634,0.78,0.79,66
btc-updown-15m-1769667300,1769667300,465,0.21,0.22,0.215,0.01,1798.38,2916.08,0.78,0.79,14
btc-updown-15m-1769667300,1769667300,480,0.2,0.21,0.205,0.01,2331.52,2222,0.79,0.8,1
btc-updown-15m-1769667300,1769667300,495,0.21,0.22,0.215,0.01,847.2,728.86,0.78,0.79,4
btc-updown-15m-1769667300,1769667300,510,0.2,0.21,0.205,0.01,904.85,493.73,0.79,0.8,11
btc-updown-15m-1769667300,1769667300,525,0.27,0.28,0.275,0.01,2863.38,2696.34,0.72,0.73,3
btc-updown-15m-1769667300,1769667300,540,0.27,0.28,0.275,0.01,2815.77,2709.33,0.72,0.73,44
btc-updown-15m-1769667300,1769667300,555,0.26,0.27,0.265,0.01,2018.74,2575.1,0.73,0.74,26
btc-updown-15m-1769667300,1769667300,570,0.23,0.24,0.235,0.01,3246.76,2460.36,0.76,0.77,42
btc-updown-15m-1769667300,1769667300,585,0.17,0.18,0.175,0.01,2802.97,1568.03,0.82,0.83,23
btc-updown-15m-1769667300,1769667300,600,0.16,0.17,0.165,0.01,3048.96,1857.69,0.83,0.84,56
btc-updown-15m-1769667300,1769667300,615,0.18,0.19,0.185,0.01,1822.17,375.81,0.81,0.82,8
btc-updown-15m-1769667300,1769667300,630,0.18,0.2,0.19,0.02,2229.3,706.4,0.8,0.82,0
btc-updown-15m-1769667300,1769667300,645,0.17,0.18,0.175,0.01,714.26,835.44,0.82,0.83,0
btc-updown-15m-1769667300,1769667300,660,0.14,0.15,0.145,0.01,1008.48,809.53,0.85,0.86,0
btc-updown-15m-1769667300,1769667300,675,0.06,0.07,0.065,0.01,3730.14,1007.21,0.93,0.94,7
btc-updown-15m-1769667300,1769667300,690,0.04,0.05,0.045,0.01,5059.52,1485.04,0.95,0.96,30
btc-updown-15m-1769667300,1769667300,705,0.04,0.05,0.045,0.01,6463.15,1655.84,0.95,0.96,16
btc-updown-15m-1769667300,1769667300,720,0.04,0.05,0.045,0.01,4889.86,1588.7,0.95,0.96,0
btc-updown-15m-1769667300,1769667300,735,0.05,0.06,0.055,0.01,1611.9,1344.6,0.94,0.95,11
btc-updown-15m-1769667300,1769667300,750,0.11,0.12,0.115,0.01,585.18,758.64,0.88,0.89,11
btc-updown-15m-1769667300,1769667300,765,0.12,0.13,0.125,0.01,2544.27,853.39,0.87,0.88,2
btc-updown-15m-1769667300,1769667300,780,0.09,0.1,0.095,0.01,743.62,910.8,0.9,0.91,18
btc-updown-15m-1769667300,1769667300,795,0.06,0.07,0.065,0.01,1284.17,772.71,0.93,0.94,4
btc-updown-15m-1769667300,1769667300,810,0.31,0.33,0.32,0.02,1048.83,455.88,0.67,0.69,0
btc-updown-15m-1769667300,1769667300,825,0.07,0.08,0.075,0.01,185.71,436.69,0.92,0.93,16
btc-updown-15m-1769667300,1769667300,840,0.11,0.13,0.12,0.02,442.46,272.97,0.87,0.89,1
btc-updown-15m-1769667300,1769667300,845,0.16,0.17,0.165,0.01,1739.1,131.76,0.83,0.84,4
btc-updown-15m-1769667300,1769667300,850,0.13,0.15,0.14,0.02,1858.35,218.08,0.85,0.87,3
btc-updown-15m-1769667300,1769667300,855,0.08,0.09,0.085,0.01,257.01,314.07,0.91,0.92,21
btc-updown-15m-1769667300,1769667300,860,0.04,0.06,0.05,0.02,3714.83,248.65,0.94,0.96,2
btc-updown-15m-1769667300,1769667300,865,0.07,0.08,0.075,0.01,572.3,264.89,0.92,0.93,26
btc-updown-15m-1769667300,1769667300,870,0.09,0.1,0.095,0.01,584,178.94,0.9,0.91,4
btc-updown-15m-1769667300,1769667300,875,0.24,0.25,0.245,0.01,150.38,16,0.75,0.76,9
btc-updown-15m-1769667300,1769667300,880,0.42,0.48,0.45,0.06,107.16,53,0.52,0.58,3
btc-updown-15m-1769667300,1769667300,885,0.37,0.4,0.385,0.03,32.95,173.16,0.6,0.63,26
btc-updown-15m-1769667300,1769667300,890,0.21,0.24,0.225,0.03,72,69.63,0.76,0.79,10
btc-updown-15m-1769667300,1769667300,895,0.17,0.4,0.285,0.23,21,17.41,0.6,0.83,0
btc-updown-15m-1769667300,1769667300,897,0.53,0.72,0.625,0.19,11.27,130.42,0.28,0.47,5
btc-updown-15m-1769667300,1769667300,899,0.9,0.91,0.905,0.01,866.4,594.94,0.09,0.1,5
btc-updown-15m-1769667300,1769667300,900,0.91,0.93,0.92,0.02,692.48,823.56,0.07,0.09,4
btc-updown-15m-1769677200,1769677200,0,0.55,0.58,0.565,0.03,1450.96,452.31,0.42,0.45,34
btc-updown-15m-1769677200,1769677200,15,0.48,0.49,0.485,0.01,984.69,2262.99,0.51,0.52,96
btc-updown-15m-1769677200,1769677200,30,0.46,0.47,0.465,0.01,3663.73,2950.43,0.53,0.54,163
btc-updown-15m-1769677200,1769677200,45,0.45,0.46,0.455,0.01,5219.45,1060.11,0.54,0.55,51
btc-updown-15m-1769677200,1769677200,60,0.46,0.47,0.465,0.01,4425.31,1704.73,0.53,0.54,2
btc-updown-15m-1769677200,1769677200,75,0.48,0.49,0.485,0.01,3296.89,1175.8,0.51,0.52,73
btc-updown-15m-1769677200,1769677200,90,0.63,0.64,0.635,0.01,454.29,1026.21,0.36,0.37,1
btc-updown-15m-1769677200,1769677200,105,0.68,0.69,0.685,0.01,3229.84,878.45,0.31,0.32,37
btc-updown-15m-1769677200,1769677200,120,0.71,0.72,0.715,0.01,3145.37,1786.39,0.28,0.29,4
btc-updown-15m-1769677200,1769677200,135,0.71,0.72,0.715,0.01,2640.86,1123.77,0.28,0.29,22
btc-updown-15m-1769677200,1769677200,150,0.73,0.74,0.735,0.01,3043.29,2337.44,0.26,0.27,21
btc-updown-15m-1769677200,1769677200,165,0.74,0.75,0.745,0.01,3618.7,2515.98,0.25,0.26,4
btc-updown-15m-1769677200,1769677200,180,0.7,0.71,0.705,0.01,3695.41,597.74,0.29,0.3,0
btc-updown-15m-1769677200,1769677200,195,0.73,0.74,0.735,0.01,1910.93,2264.97,0.26,0.27,2
btc-updown-15m-1769677200,1769677200,210,0.75,0.76,0.755,0.01,2876.36,3669.66,0.24,0.25,1
btc-updown-15m-1769677200,1769677200,225,0.77,0.78,0.775,0.01,3193.77,3797.07,0.22,0.23,101
btc-updown-15m-1769677200,1769677200,240,0.82,0.83,0.825,0.01,1184.04,3473.35,0.17,0.18,0
btc-updown-15m-1769677200,1769677200,255,0.79,0.8,0.795,0.01,1571.39,2620.69,0.2,0.21,9
btc-updown-15m-1769677200,1769677200,270,0.8,0.81,0.805,0.01,1426.06,2215.41,0.19,0.2,9
btc-updown-15m-1769677200,1769677200,285,0.74,0.75,0.745,0.01,1891.24,2379.88,0.25,0.26,4
btc-updown-15m-1769677200,1769677200,300,0.78,0.79,0.785,0.01,1034.67,1519.97,0.21,0.22,0
btc-updown-15m-1769677200,1769677200,315,0.78,0.79,0.785,0.01,3119.47,3116.19,0.21,0.22,151
btc-updown-15m-1769677200,1769677200,330,0.76,0.77,0.765,0.01,3420.43,2733.91,0.23,0.24,147
btc-updown-15m-1769677200,1769677200,345,0.71,0.72,0.715,0.01,2723.48,1279.83,0.28,0.29,12
btc-updown-15m-1769677200,1769677200,360,0.63,0.64,0.635,0.01,1471.11,3084.66,0.36,0.37,11
btc-updown-15m-1769677200,1769677200,375,0.7,0.71,0.705,0.01,988.63,534.01,0.29,0.3,1
btc-updown-15m-1769677200,1769677200,390,0.71,0.72,0.715,0.01,3196.95,2484.97,0.28,0.29,11
btc-updown-15m-1769677200,1769677200,405,0.71,0.72,0.715,0.01,805.56,2489.56,0.28,0.29,0
btc-updown-15m-1769677200,1769677200,420,0.7,0.71,0.705,0.01,1899.02,2902.76,0.29,0.3,64
btc-updown-15m-1769677200,1769677200,435,0.71,0.72,0.715,0.01,3324.89,1252.93,0.28,0.29,17
btc-updown-15m-1769677200,1769677200,450,0.74,0.75,0.745,0.01,2610.88,1602.63,0.25,0.26,2
btc-updown-15m-1769677200,1769677200,465,0.61,0.62,0.615,0.01,964.82,1160.2,0.38,0.39,1
btc-updown-15m-1769677200,1769677200,480,0.59,0.6,0.595,0.01,3109.82,2467.33,0.4,0.41,23
btc-updown-15m-1769677200,1769677200,495,0.61,0.62,0.615,0.01,2344.11,2573.33,0.38,0.39,4
btc-updown-15m-1769677200,1769677200,510,0.62,0.63,0.625,0.01,2495.54,2306.4,0.37,0.38,66
btc-updown-15m-1769677200,1769677200,525,0.66,0.67,0.665,0.01,2454.18,1991.53,0.33,0.34,14
btc-updown-15m-1769677200,1769677200,540,0.75,0.76,0.755,0.01,843.48,2284.96,0.24,0.25,2
btc-updown-15m-1769677200,1769677200,555,0.45,0.46,0.455,0.01,541.68,1244.44,0.54,0.55,79
btc-updown-15m-1769677200,1769677200,570,0.32,0.33,0.325,0.01,2330.1,1708.44,0.67,0.68,12
btc-updown-15m-1769677200,1769677200,585,0.45,0.46,0.455,0.01,1138.75,1108.38,0.54,0.55,17
btc-updown-15m-1769677200,1769677200,600,0.49,0.51,0.5,0.02,2378.97,1118.49,0.49,0.51,0
btc-updown-15m-1769677200,1769677200,615,0.49,0.5,0.495,0.01,839.96,841.39,0.5,0.51,2
btc-updown-15m-1769677200,1769677200,630,0.35,0.36,0.355,0.01,908.2,789.46,0.64,0.65,2
btc-updown-15m-1769677200,1769677200,645,0.39,0.4,0.395,0.01,1807,777.99,0.6,0.61,4
btc-updown-15m-1769677200,1769677200,660,0.29,0.3,0.295,0.01,3053.47,970.1,0.7,0.71,1
btc-updown-15m-1769677200,1769677200,675,0.3,0.31,0.305,0.01,641.2,694.93,0.69,0.7,1
btc-updown-15m-1769677200,1769677200,690,0.33,0.34,0.335,0.01,1173.88,782.24,0.66,0.67,74
btc-updown-15m-1769677200,1769677200,705,0.3,0.31,0.305,0.01,1377.06,1092.51,0.69,0.7,13
btc-updown-15m-1769677200,1769677200,720,0.21,0.22,0.215,0.01,912.83,788.95,0.78,0.79,152
btc-updown-15m-1769677200,1769677200,735,0.16,0.18,0.17,0.02,786.97,872.57,0.82,0.84,2
btc-updown-15m-1769677200,1769677200,750,0.16,0.17,0.165,0.01,1907.2,1120.08,0.83,0.84,10
btc-updown-15m-1769677200,1769677200,765,0.18,0.19,0.185,0.01,2207.85,738.2,0.81,0.82,0
btc-updown-15m-1769677200,1769677200,780,0.14,0.15,0.145,0.01,1921.92,300.5,0.85,0.86,27
btc-updown-15m-1769677200,1769677200,795,0.08,0.09,0.085,0.01,880.25,775.74,0.91,0.92,0
btc-updown-15m-1769677200,1769677200,810,0.05,0.06,0.055,0.01,3573.14,1304.85,0.94,0.95,2
btc-updown-15m-1769677200,1769677200,825,0.03,0.05,0.04,0.02,14100.14,440.24,0.95,0.97,13
btc-updown-15m-1769677200,1769677200,840,0.01,0.02,0.015,0.01,5419.02,3507.92,0.98,0.99,23
btc-updown-15m-1769677200,1769677200,845,,0.01,,,0,3763.72,0.99,,2
btc-updown-15m-1769677200,1769677200,850,,0.01,,,0,6237.67,0.99,,54
btc-updown-15m-1769677200,1769677200,855,,0.01,,,0,6142.05,0.99,,39
btc-updown-15m-1769677200,1769677200,860,,0.01,,,0,2152.6,0.99,,2
btc-updown-15m-1769677200,1769677200,865,,0.01,,,0,4604.34,0.99,,42
btc-updown-15m-1769677200,1769677200,870,,0.01,,,0,6463.61,0.99,,184
btc-updown-15m-1769677200,1769677200,875,0.01,0.02,0.015,0.01,497.92,1042.08,0.98,0.99,6
btc-updown-15m-1769677200,1769677200,880,,0.01,,,0,5103.46,0.99,,278
btc-updown-15m-1769677200,1769677200,885,,0.01,,,0,6498.96,0.99,,151
btc-updown-15m-1769677200,1769677200,890,,0.01,,,0,5894.59,0.99,,130
btc-updown-15m-1769677200,1769677200,895,,0.01,,,0,11765.83,0.99,,14
btc-updown-15m-1769677200,1769677200,897,,0.01,,,0,15010.47,0.99,,1
btc-updown-15m-1769677200,1769677200,899,,0.01,,,0,46656.73,0.99,,101
btc-updown-15m-1769677200,1769677200,900,,0.01,,,0,70345.16,0.99,,22
btc-updown-15m-1769687100,1769687100,0,0.53,0.55,0.54,0.02,1641.63,237.31,0.45,0.47,301
btc-updown-15m-1769687100,1769687100,15,0.53,0.54,0.535,0.01,1614.36,4086.43,0.46,0.47,62
btc-updown-15m-1769687100,1769687100,30,0.56,0.57,0.565,0.01,426.77,2568.2,0.43,0.44,10
btc-updown-15m-1769687100,1769687100,45,0.49,0.5,0.495,0.01,3660.84,2792.34,0.5,0.51,10
btc-updown-15m-1769687100,1769687100,60,0.51,0.52,0.515,0.01,1139.69,691.99,0.48,0.49,27
btc-updown-15m-1769687100,1769687100,75,0.4,0.41,0.405,0.01,3376.4,922.58,0.59,0.6,4
btc-updown-15m-1769687100,1769687100,90,0.43,0.44,0.435,0.01,3217.2,3585.39,0.56,0.57,7
btc-updown-15m-1769687100,1769687100,105,0.45,0.46,0.455,0.01,2535.44,2161.78,0.54,0.55,18
btc-updown-15m-1769687100,1769687100,120,0.46,0.47,0.465,0.01,3102.46,2954.73,0.53,0.54,92
btc-updown-15m-1769687100,1769687100,135,0.49,0.5,0.495,0.01,2919.45,3352.54,0.5,0.51,36
btc-updown-15m-1769687100,1769687100,150,0.42,0.43,0.425,0.01,3540.24,2766.49,0.57,0.58,0
btc-updown-15m-1769687100,1769687100,165,0.4,0.41,0.405,0.01,3868.92,2844.75,0.59,0.6,61
btc-updown-15m-1769687100,1769687100,180,0.42,0.43,0.425,0.01,1213.06,3671.06,0.57,0.58,0
btc-updown-15m-1769687100,1769687100,195,0.47,0.48,0.475,0.01,3534.8,4469.91,0.52,0.53,8
btc-updown-15m-1769687100,1769687100,210,0.47,0.48,0.475,0.01,446.94,6652.65,0.52,0.53,0
btc-updown-15m-1769687100,1769687100,225,0.44,0.45,0.445,0.01,2204.93,4172.47,0.55,0.56,11
btc-updown-15m-1769687100,1769687100,240,0.42,0.43,0.425,0.01,3100.04,3239.57,0.57,0.58,19
btc-updown-15m-1769687100,1769687100,255,0.42,0.43,0.425,0.01,3665.47,2850,0.57,0.58,11
btc-updown-15m-1769687100,1769687100,270,0.41,0.42,0.415,0.01,3644.89,2986.63,0.58,0.59,9
btc-updown-15m-1769687100,1769687100,285,0.4,0.41,0.405,0.01,4741.28,1189.48,0.59,0.6,2
btc-updown-15m-1769687100,1769687100,300,0.3,0.31,0.305,0.01,2449.25,1029.66,0.69,0.7,16
btc-updown-15m-1769687100,1769687100,315,0.38,0.39,0.385,0.01,1391.61,1155.98,0.61,0.62,2
btc-updown-15m-1769687100,1769687100,330,0.42,0.43,0.425,0.01,1557.34,824.92,0.57,0.58,0
btc-updown-15m-1769687100,1769687100,345,0.43,0.44,0.435,0.01,615.37,1328.21,0.56,0.57,44
btc-updown-15m-1769687100,1769687100,360,0.44,0.45,0.445,0.01,972.71,1086.22,0.55,0.56,15
btc-updown-15m-1769687100,1769687100,375,0.48,0.49,0.485,0.01,1236.09,5046.32,0.51,0.52,115
btc-updown-15m-1769687100,1769687100,390,0.49,0.5,0.495,0.01,3359.64,4380.27,0.5,0.51,20
btc-updown-15m-1769687100,1769687100,405,0.45,0.46,0.455,0.01,1631.83,606.03,0.54,0.55,30
btc-updown-15m-1769687100,1769687100,420,0.49,0.5,0.495,0.01,1038.08,4296.42,0.5,0.51,24
btc-updown-15m-1769687100,1769687100,435,0.56,0.57,0.565,0.01,372.46,523.29,0.43,0.44,6
btc-updown-15m-1769687100,1769687100,450,0.64,0.65,0.645,0.01,1132.46,954.25,0.35,0.36,2
btc-updown-15m-1769687100,1769687100,465,0.71,0.72,0.715,0.01,1606.69,568.64,0.28,0.29,0
btc-updown-15m-1769687100,1769687100,480,0.64,0.65,0.645,0.01,1597.99,788.9,0.35,0.36,0
btc-updown-15m-1769687100,1769687100,495,0.72,0.73,0.725,0.01,3077.79,2782.25,0.27,0.28,56
btc-updown-15m-1769687100,1769687100,510,0.28,0.29,0.285,0.01,1700.74,113.05,0.71,0.72,28
btc-updown-15m-1769687100,1769687100,525,0.27,0.28,0.275,0.01,867.4,1898.18,0.72,0.73,2
btc-updown-15m-1769687100,1769687100,540,0.33,0.34,0.335,0.01,2073.46,2128.87,0.66,0.67,21
btc-updown-15m-1769687100,1769687100,555,0.39,0.4,0.395,0.01,2368.23,3348.12,0.6,0.61,59
btc-updown-15m-1769687100,1769687100,570,0.39,0.4,0.395,0.01,2412.87,3393.04,0.6,0.61,3
btc-updown-15m-1769687100,1769687100,585,0.38,0.4,0.39,0.02,2831.09,3117.14,0.6,0.62,65
btc-updown-15m-1769687100,1769687100,600,0.41,0.42,0.415,0.01,2812.61,2152.47,0.58,0.59,143
btc-updown-15m-1769687100,1769687100,615,0.49,0.5,0.495,0.01,2514.26,2710.09,0.5,0.51,19
btc-updown-15m-1769687100,1769687100,630,0.45,0.46,0.455,0.01,2574.71,750.81,0.54,0.55,5
btc-updown-15m-1769687100,1769687100,645,0.46,0.47,0.465,0.01,1666.46,625.8,0.53,0.54,15
btc-updown-15m-1769687100,1769687100,660,0.54,0.55,0.545,0.01,1082.08,493.25,0.45,0.46,29
btc-updown-15m-1769687100,1769687100,675,0.76,0.77,0.765,0.01,1225.68,2079.39,0.23,0.24,0
btc-updown-15m-1769687100,1769687100,690,0.86,0.87,0.865,0.01,577.86,3192.76,0.13,0.14,58
btc-updown-15m-1769687100,1769687100,705,0.85,0.86,0.855,0.01,1381.83,1847.82,0.14,0.15,40
btc-updown-15m-1769687100,1769687100,720,0.86,0.87,0.865,0.01,1147.94,1926.3,0.13,0.14,41
btc-updown-15m-1769687100,1769687100,735,0.91,0.92,0.915,0.01,775.5,2521.07,0.08,0.09,72
btc-updown-15m-1769687100,1769687100,750,0.84,0.86,0.85,0.02,546.75,372,0.14,0.16,0
btc-updown-15m-1769687100,1769687100,765,0.78,0.79,0.785,0.01,1459.43,1783.13,0.21,0.22,9
btc-updown-15m-1769687100,1769687100,780,0.88,0.89,0.885,0.01,2250.31,550.34,0.11,0.12,1
btc-updown-15m-1769687100,1769687100,795,0.94,0.95,0.945,0.01,1081.66,3286.43,0.05,0.06,64
btc-updown-15m-1769687100,1769687100,810,0.96,0.97,0.965,0.01,1844.35,17518.99,0.03,0.04,16
btc-updown-15m-1769687100,1769687100,825,0.97,0.98,0.975,0.01,1780.62,15541.82,0.02,0.03,29
btc-updown-15m-1769687100,1769687100,840,0.98,0.99,0.985,0.01,2867.06,10921.85,0.01,0.02,10
btc-updown-15m-1769687100,1769687100,845,0.98,0.99,0.985,0.01,2895.25,9989.76,0.01,0.02,148
btc-updown-15m-1769687100,1769687100,850,0.97,0.98,0.975,0.01,3431.08,9905.29,0.02,0.03,44
btc-updown-15m-1769687100,1769687100,855,0.98,0.99,0.985,0.01,2330.76,9470.77,0.01,0.02,65
btc-updown-15m-1769687100,1769687100,860,0.98,0.99,0.985,0.01,3183.97,9345.26,0.01,0.02,354
btc-updown-15m-1769687100,1769687100,865,0.98,0.99,0.985,0.01,1820.37,9214.27,0.01,0.02,160
btc-updown-15m-1769687100,1769687100,870,0.98,0.99,0.985,0.01,3699.35,2031.58,0.01,0.02,24
btc-updown-15m-1769687100,1769687100,875,0.98,0.99,0.985,0.01,2462.87,1557.61,0.01,0.02,162
btc-updown-15m-1769687100,1769687100,880,0.99,0.998,0.994,0.008,3956.34,5020,0.002,0.01,130
btc-updown-15m-1769687100,1769687100,885,0.99,0.999,0.9945,0.009,3662.98,4993.6,0.001,0.01,212
btc-updown-15m-1769687100,1769687100,890,0.99,0.999,0.9945,0.009,4495.75,4535.91,0.001,0.01,33
btc-updown-15m-1769687100,1769687100,895,0.998,0.999,0.9985,0.001,3797.21,4383.99,0.001,0.002,301
btc-updown-15m-1769687100,1769687100,897,0.999,,,,3798.45,0,,0.001,41
btc-updown-15m-1769687100,1769687100,899,0.999,,,,12298.95,0,,0.001,64
btc-updown-15m-1769687100,1769687100,900,0.999,,,,14241.76,0,,0.001,12
btc-updown-15m-1769697900,1769697900,0,0.61,0.64,0.625,0.03,4959.33,957.24,0.36,0.39,9
btc-updown-15m-1769697900,1769697900,15,0.48,0.49,0.485,0.01,867.65,3677.35,0.51,0.52,3
btc-updown-15m-1769697900,1769697900,30,0.43,0.44,0.435,0.01,2808.08,4596.09,0.56,0.57,3
btc-updown-15m-1769697900,1769697900,45,0.45,0.46,0.455,0.01,2393.28,3651.25,0.54,0.55,396
btc-updown-15m-1769697900,1769697900,60,0.54,0.55,0.545,0.01,2463.78,994.14,0.45,0.46,39
btc-updown-15m-1769697900,1769697900,75,0.59,0.6,0.595,0.01,1909.75,528.69,0.4,0.41,3
btc-updown-15m-1769697900,1769697900,90,0.5,0.51,0.505,0.01,849.45,3998.2,0.49,0.5,3
btc-updown-15m-1769697900,1769697900,105,0.49,0.5,0.495,0.01,3445.14,4588.59,0.5,0.51,23
btc-updown-15m-1769697900,1769697900,120,0.54,0.55,0.545,0.01,2097.38,2526.41,0.45,0.46,28
btc-updown-15m-1769697900,1769697900,135,0.47,0.48,0.475,0.01,4688.22,2617,0.52,0.53,0
btc-updown-15m-1769697900,1769697900,150,0.48,0.49,0.485,0.01,571.66,2350.39,0.51,0.52,1
btc-updown-15m-1769697900,1769697900,165,0.62,0.63,0.625,0.01,1134.81,1415.16,0.37,0.38,129
btc-updown-15m-1769697900,1769697900,180,0.73,0.74,0.735,0.01,1158.01,884.1,0.26,0.27,0
btc-updown-15m-1769697900,1769697900,195,0.75,0.76,0.755,0.01,3184.12,1016,0.24,0.25,1
btc-updown-15m-1769697900,1769697900,210,0.79,0.8,0.795,0.01,3243.56,2200.98,0.2,0.21,5
btc-updown-15m-1769697900,1769697900,225,0.83,0.84,0.835,0.01,5221.14,941.09,0.16,0.17,0
btc-updown-15m-1769697900,1769697900,240,0.79,0.8,0.795,0.01,2603.52,1514.86,0.2,0.21,0
btc-updown-15m-1769697900,1769697900,255,0.77,0.79,0.78,0.02,2628.47,223.06,0.21,0.23,53
btc-updown-15m-1769697900,1769697900,270,0.8,0.81,0.805,0.01,3876.81,2177.04,0.19,0.2,4
btc-updown-15m-1769697900,1769697900,285,0.81,0.83,0.82,0.02,4140.13,2042.64,0.17,0.19,0
btc-updown-15m-1769697900,1769697900,300,0.76,0.78,0.77,0.02,2309.2,5081.62,0.22,0.24,3
btc-updown-15m-1769697900,1769697900,315,0.7,0.71,0.705,0.01,2244.98,5535.65,0.29,0.3,1
btc-updown-15m-1769697900,1769697900,330,0.6,0.61,0.605,0.01,124.11,2883.83,0.39,0.4,0
btc-updown-15m-1769697900,1769697900,345,0.62,0.63,0.625,0.01,2977.15,809.37,0.37,0.38,0
btc-updown-15m-1769697900,1769697900,360,0.53,0.54,0.535,0.01,3109.63,3779.72,0.46,0.47,4
btc-updown-15m-1769697900,1769697900,375,0.52,0.53,0.525,0.01,2250.83,4237.79,0.47,0.48,0
btc-updown-15m-1769697900,1769697900,390,0.47,0.48,0.475,0.01,1410.57,1457.62,0.52,0.53,1
btc-updown-15m-1769697900,1769697900,405,0.42,0.43,0.425,0.01,1661.78,3212.21,0.57,0.58,3
btc-updown-15m-1769697900,1769697900,420,0.39,0.4,0.395,0.01,1271.6,1955.75,0.6,0.61,0
btc-updown-15m-1769697900,1769697900,435,0.22,0.24,0.23,0.02,312.5,3049.19,0.76,0.78,58
btc-updown-15m-1769697900,1769697900,450,0.25,0.26,0.255,0.01,2739.69,941.57,0.74,0.75,6
btc-updown-15m-1769697900,1769697900,465,0.2,0.21,0.205,0.01,2299.15,1113.4,0.79,0.8,0
btc-updown-15m-1769697900,1769697900,480,0.21,0.22,0.215,0.01,2605.42,1162.75,0.78,0.79,47
btc-updown-15m-1769697900,1769697900,495,0.18,0.19,0.185,0.01,2928.61,399.57,0.81,0.82,2
btc-updown-15m-1769697900,1769697900,510,0.17,0.18,0.175,0.01,4012.62,161.18,0.82,0.83,1
btc-updown-15m-1769697900,1769697900,525,0.14,0.15,0.145,0.01,490.9,3192.03,0.85,0.86,30
btc-updown-15m-1769697900,1769697900,540,0.09,0.1,0.095,0.01,4709.94,2897.95,0.9,0.91,2
btc-updown-15m-1769697900,1769697900,555,0.07,0.08,0.075,0.01,8304.16,1377.72,0.92,0.93,4
btc-updown-15m-1769697900,1769697900,570,0.1,0.11,0.105,0.01,3883.97,3509.44,0.89,0.9,11
btc-updown-15m-1769697900,1769697900,585,0.13,0.14,0.135,0.01,4978.68,940.31,0.86,0.87,6
btc-updown-15m-1769697900,1769697900,600,0.09,0.1,0.095,0.01,3335.77,1268.58,0.9,0.91,3
btc-updown-15m-1769697900,1769697900,615,0.06,0.07,0.065,0.01,9549.68,1075.62,0.93,0.94,0
btc-updown-15m-1769697900,1769697900,630,0.06,0.07,0.065,0.01,5942.45,3323.23,0.93,0.94,19
btc-updown-15m-1769697900,1769697900,645,0.04,0.05,0.045,0.01,11509.71,2284.87,0.95,0.96,0
btc-updown-15m-1769697900,1769697900,660,0.03,0.04,0.035,0.01,22064.91,4754.75,0.96,0.97,4
btc-updown-15m-1769697900,1769697900,675,0.02,0.03,0.025,0.01,14343.81,5052.41,0.97,0.98,44
btc-updown-15m-1769697900,1769697900,690,0.01,0.02,0.015,0.01,9564.06,9480.89,0.98,0.99,21
btc-updown-15m-1769697900,1769697900,705,,0.01,,,0,7381.94,0.99,,16
btc-updown-15m-1769697900,1769697900,720,,0.01,,,0,8470.89,0.99,,18
btc-updown-15m-1769697900,1769697900,735,,0.01,,,0,11921.42,0.99,,19
btc-updown-15m-1769697900,1769697900,750,0.001,0.002,0.0015,0.001,12316.19,1862.32,0.998,0.999,8
btc-updown-15m-1769697900,1769697900,765,0.001,0.002,0.0015,0.001,9429.47,7108.97,0.998,0.999,19
btc-updown-15m-1769697900,1769697900,780,,0.001,,,0,15077.34,0.999,,3
btc-updown-15m-1769697900,1769697900,795,,0.001,,,0,11994.66,0.999,,131
btc-updown-15m-1769697900,1769697900,810,,0.001,,,0,12293.02,0.999,,85
btc-updown-15m-1769697900,1769697900,825,,0.001,,,0,12043.3,0.999,,39
btc-updown-15m-1769697900,1769697900,840,,0.001,,,0,41943.97,0.999,,35
btc-updown-15m-1769697900,1769697900,845,,0.001,,,0,46867.04,0.999,,16
btc-updown-15m-1769697900,1769697900,850,,0.001,,,0,46872.04,0.999,,41
btc-updown-15m-1769697900,1769697900,855,,0.001,,,0,41862.22,0.999,,40
btc-updown-15m-1769697900,1769697900,860,,0.001,,,0,41907.22,0.999,,105
btc-updown-15m-1769697900,1769697900,865,,0.001,,,0,41907.22,0.999,,38
btc-updown-15m-1769697900,1769697900,870,,0.001,,,0,41912.22,0.999,,39
btc-updown-15m-1769697900,1769697900,875,,0.001,,,0,49912.22,0.999,,19
btc-updown-15m-1769697900,1769697900,880,,0.001,,,0,50112.22,0.999,,8
btc-updown-15m-1769697900,1769697900,885,,0.001,,,0,50612.72,0.999,,283
btc-updown-15m-1769697900,1769697900,890,,0.001,,,0,50599.56,0.999,,20
btc-updown-15m-1769697900,1769697900,895,,0.001,,,0,75484.97,0.999,,20
btc-updown-15m-1769697900,1769697900,897,,0.001,,,0,76892.27,0.999,,80
btc-updown-15m-1769697900,1769697900,899,,0.001,,,0,77812.52,0.999,,96
btc-updown-15m-1769697900,1769697900,900,,0.001,,,0,79624.52,0.999,,106
btc-updown-15m-1769707800,1769707800,0,0.52,0.53,0.525,0.01,1743.6,1112.95,0.47,0.48,30
btc-updown-15m-1769707800,1769707800,15,0.54,0.55,0.545,0.01,5400.06,4117.81,0.45,0.46,10
btc-updown-15m-1769707800,1769707800,30,0.5,0.51,0.505,0.01,2059.08,5725.88,0.49,0.5,1
btc-updown-15m-1769707800,1769707800,45,0.46,0.47,0.465,0.01,9424.27,7846.95,0.53,0.54,24
btc-updown-15m-1769707800,1769707800,60,0.48,0.49,0.485,0.01,6833.9,6485.47,0.51,0.52,46
btc-updown-15m-1769707800,1769707800,75,0.46,0.47,0.465,0.01,5308.18,2597.12,0.53,0.54,5
btc-updown-15m-1769707800,1769707800,90,0.45,0.47,0.46,0.02,5620.85,4619.3,0.53,0.55,0
btc-updown-15m-1769707800,1769707800,105,0.46,0.47,0.465,0.01,5559.48,7713.71,0.53,0.54,24
btc-updown-15m-1769707800,1769707800,120,0.48,0.49,0.485,0.01,4477.25,5427.68,0.51,0.52,153
btc-updown-15m-1769707800,1769707800,135,0.45,0.46,0.455,0.01,744.61,4632.35,0.54,0.55,0
btc-updown-15m-1769707800,1769707800,150,0.42,0.43,0.425,0.01,9516.5,1734.05,0.57,0.58,1
btc-updown-15m-1769707800,1769707800,165,0.42,0.43,0.425,0.01,4386.74,6291.35,0.57,0.58,2
btc-updown-15m-1769707800,1769707800,180,0.43,0.44,0.435,0.01,5342.94,4488.08,0.56,0.57,0
btc-updown-15m-1769707800,1769707800,195,0.42,0.43,0.425,0.01,6157.34,4855.89,0.57,0.58,3
btc-updown-15m-1769707800,1769707800,210,0.43,0.44,0.435,0.01,2015.58,4774.02,0.56,0.57,0
btc-updown-15m-1769707800,1769707800,225,0.41,0.42,0.415,0.01,6599.59,4367.99,0.58,0.59,2
btc-updown-15m-1769707800,1769707800,240,0.37,0.38,0.375,0.01,3101.21,2520.57,0.62,0.63,54
btc-updown-15m-1769707800,1769707800,255,0.45,0.46,0.455,0.01,6645.55,1252.65,0.54,0.55,19
btc-updown-15m-1769707800,1769707800,270,0.5,0.51,0.505,0.01,3012.22,5309.97,0.49,0.5,8
btc-updown-15m-1769707800,1769707800,285,0.52,0.53,0.525,0.01,3976.55,2442.9,0.47,0.48,51
btc-updown-15m-1769707800,1769707800,300,0.55,0.56,0.555,0.01,7200.76,833.79,0.44,0.45,0
btc-updown-15m-1769707800,1769707800,315,0.65,0.66,0.655,0.01,4423.16,5152.56,0.34,0.35,8
btc-updown-15m-1769707800,1769707800,330,0.64,0.65,0.645,0.01,3407.46,6537.38,0.35,0.36,3
btc-updown-15m-1769707800,1769707800,345,0.69,0.7,0.695,0.01,4153.16,3610.68,0.3,0.31,1
btc-updown-15m-1769707800,1769707800,360,0.6,0.61,0.605,0.01,4641.08,4500.35,0.39,0.4,26
btc-updown-15m-1769707800,1769707800,375,0.56,0.57,0.565,0.01,2802.33,4459.33,0.43,0.44,0
btc-updown-15m-1769707800,1769707800,390,0.51,0.52,0.515,0.01,9151.2,90.74,0.48,0.49,100
btc-updown-15m-1769707800,1769707800,405,0.58,0.59,0.585,0.01,3977.66,836.08,0.41,0.42,29
btc-updown-15m-1769707800,1769707800,420,0.57,0.58,0.575,0.01,1544.81,2945.53,0.42,0.43,0
btc-updown-15m-1769707800,1769707800,435,0.66,0.67,0.665,0.01,1379.41,5534.54,0.33,0.34,3
btc-updown-15m-1769707800,1769707800,450,0.61,0.62,0.615,0.01,5683.67,2168.21,0.38,0.39,4
btc-updown-15m-1769707800,1769707800,465,0.65,0.66,0.655,0.01,709.23,6186.92,0.34,0.35,1
btc-updown-15m-1769707800,1769707800,480,0.59,0.6,0.595,0.01,2219,2471.3,0.4,0.41,55
btc-updown-15m-1769707800,1769707800,495,0.66,0.67,0.665,0.01,1611.34,2318.16,0.33,0.34,2
btc-updown-15m-1769707800,1769707800,510,0.63,0.64,0.635,0.01,3865.61,5731.38,0.36,0.37,127
btc-updown-15m-1769707800,1769707800,525,0.53,0.54,0.535,0.01,3635.35,2192.58,0.46,0.47,15
btc-updown-15m-1769707800,1769707800,540,0.39,0.4,0.395,0.01,6455.43,2840.73,0.6,0.61,1
btc-updown-15m-1769707800,1769707800,555,0.26,0.27,0.265,0.01,3045.96,2379.63,0.73,0.74,0
btc-updown-15m-1769707800,1769707800,570,0.24,0.25,0.245,0.01,5947.61,3475.26,0.75,0.76,3
btc-updown-15m-1769707800,1769707800,585,0.19,0.2,0.195,0.01,8037.29,1733.8,0.8,0.81,56
btc-updown-15m-1769707800,1769707800,600,0.17,0.18,0.175,0.01,6571.87,4232.7,0.82,0.83,1
btc-updown-15m-1769707800,1769707800,615,0.08,0.09,0.085,0.01,1775.85,3680.03,0.91,0.92,12
btc-updown-15m-1769707800,1769707800,630,0.05,0.07,0.06,0.02,7997.84,6529.17,0.93,0.95,7
btc-updown-15m-1769707800,1769707800,645,0.03,0.04,0.035,0.01,22539.05,1040.41,0.96,0.97,6
btc-updown-15m-1769707800,1769707800,660,0.04,0.05,0.045,0.01,9785.44,10026.01,0.95,0.96,2
btc-updown-15m-1769707800,1769707800,675,0.08,0.09,0.085,0.01,10614.48,672.21,0.91,0.92,2
btc-updown-15m-1769707800,1769707800,690,0.07,0.08,0.075,0.01,8671.11,384.41,0.92,0.93,2
btc-updown-15m-1769707800,1769707800,705,0.05,0.06,0.055,0.01,4938.29,3751.82,0.94,0.95,0
btc-updown-15m-1769707800,1769707800,720,0.03,0.04,0.035,0.01,18480.61,4210.31,0.96,0.97,24
btc-updown-15m-1769707800,1769707800,735,0.02,0.03,0.025,0.01,11764.65,3367.23,0.97,0.98,21
btc-updown-15m-1769707800,1769707800,750,0.01,0.02,0.015,0.01,7125.48,3274.35,0.98,0.99,28
btc-updown-15m-1769707800,1769707800,765,0.005,0.01,0.0075,0.005,690.99,7915.21,0.99,0.995,0
btc-updown-15m-1769707800,1769707800,780,0.002,0.01,0.006,0.008,17628.36,5197.6,0.99,0.998,12
btc-updown-15m-1769707800,1769707800,795,0.001,0.002,0.0015,0.001,17044.24,1347.31,0.998,0.999,107
btc-updown-15m-1769707800,1769707800,810,0.001,0.002,0.0015,0.001,16862.49,290.95,0.998,0.999,153
btc-updown-15m-1769707800,1769707800,825,0.001,0.002,0.0015,0.001,14243.68,2980.89,0.998,0.999,23
btc-updown-15m-1769707800,1769707800,840,0.001,0.002,0.0015,0.001,14129.64,3141.25,0.998,0.999,30
btc-updown-15m-1769707800,1769707800,845,0.002,0.005,0.0035,0.003,14074.64,766.69,0.995,0.998,35
btc-updown-15m-1769707800,1769707800,850,0.001,0.002,0.0015,0.001,13334.64,1426.85,0.998,0.999,75
btc-updown-15m-1769707800,1769707800,855,0.001,0.002,0.0015,0.001,12939.91,2863.31,0.998,0.999,153
btc-updown-15m-1769707800,1769707800,860,0.001,0.002,0.0015,0.001,8779.91,8421.28,0.998,0.999,125
btc-updown-15m-1769707800,1769707800,865,0.001,0.002,0.0015,0.001,8779.26,6480.66,0.998,0.999,0
btc-updown-15m-1769707800,1769707800,870,0.001,0.003,0.002,0.002,9012.79,3794.76,0.997,0.999,14
btc-updown-15m-1769707800,1769707800,875,0.001,0.003,0.002,0.002,7865.01,3725.64,0.997,0.999,174
btc-updown-15m-1769707800,1769707800,880,0.001,0.002,0.0015,0.001,7324.23,2795.32,0.998,0.999,69
btc-updown-15m-1769707800,1769707800,885,,0.001,,,0,23887.36,0.999,,7
btc-updown-15m-1769707800,1769707800,890,,0.001,,,0,29390.24,0.999,,49
btc-updown-15m-1769707800,1769707800,895,,0.001,,,0,31336.78,0.999,,110
btc-updown-15m-1769707800,1769707800,897,,0.001,,,0,47887.68,0.999,,22
btc-updown-15m-1769707800,1769707800,899,,0.001,,,0,48494.63,0.999,,103
btc-updown-15m-1769707800,1769707800,900,,0.001,,,0,50306.63,0.999,,163
btc-updown-15m-1769718600,1769718600,0,0.49,0.52,0.505,0.03,87.21,1148.19,0.48,0.51,7
btc-updown-15m-1769718600,1769718600,15,0.56,0.57,0.565,0.01,3312.58,3684.26,0.43,0.44,14
btc-updown-15m-1769718600,1769718600,30,0.5,0.51,0.505,0.01,1826.23,3179.99,0.49,0.5,70
btc-updown-15m-1769718600,1769718600,45,0.46,0.47,0.465,0.01,6189.51,3228.11,0.53,0.54,43
btc-updown-15m-1769718600,1769718600,60,0.45,0.46,0.455,0.01,3382.19,5856.43,0.54,0.55,197
btc-updown-15m-1769718600,1769718600,75,0.59,0.6,0.595,0.01,4618.75,3663.1,0.4,0.41,1
btc-updown-15m-1769718600,1769718600,90,0.58,0.59,0.585,0.01,2168.7,6185.13,0.41,0.42,1
btc-updown-15m-1769718600,1769718600,105,0.52,0.53,0.525,0.01,2611.95,3940.94,0.47,0.48,5
btc-updown-15m-1769718600,1769718600,120,0.48,0.49,0.485,0.01,4285.63,1720.35,0.51,0.52,2
btc-updown-15m-1769718600,1769718600,135,0.54,0.55,0.545,0.01,2394.15,5143.23,0.45,0.46,34
btc-updown-15m-1769718600,1769718600,150,0.46,0.47,0.465,0.01,6255.89,3478.03,0.53,0.54,108
btc-updown-15m-1769718600,1769718600,165,0.52,0.53,0.525,0.01,1980.96,2493.46,0.47,0.48,128
btc-updown-15m-1769718600,1769718600,180,0.52,0.53,0.525,0.01,4673.03,3444.7,0.47,0.48,144
btc-updown-15m-1769718600,1769718600,195,0.47,0.48,0.475,0.01,5795.46,1490.43,0.52,0.53,33
btc-updown-15m-1769718600,1769718600,210,0.49,0.5,0.495,0.01,2804.58,1902.3,0.5,0.51,57
btc-updown-15m-1769718600,1769718600,225,0.43,0.44,0.435,0.01,2536.72,222.48,0.56,0.57,3
btc-updown-15m-1769718600,1769718600,240,0.37,0.38,0.375,0.01,3341.66,4615.1,0.62,0.63,1
btc-updown-15m-1769718600,1769718600,255,0.37,0.38,0.375,0.01,3288.43,3888.72,0.62,0.63,1
btc-updown-15m-1769718600,1769718600,270,0.36,0.37,0.365,0.01,4385.08,3378.26,0.63,0.64,196
btc-updown-15m-1769718600,1769718600,285,0.39,0.4,0.395,0.01,4606.44,3061.12,0.6,0.61,7
btc-updown-15m-1769718600,1769718600,300,0.36,0.37,0.365,0.01,4674.27,1251.75,0.63,0.64,51
btc-updown-15m-1769718600,1769718600,315,0.4,0.41,0.405,0.01,2741.77,3660.5,0.59,0.6,5
btc-updown-15m-1769718600,1769718600,330,0.38,0.39,0.385,0.01,3245.54,4079.93,0.61,0.62,38
btc-updown-15m-1769718600,1769718600,345,0.24,0.25,0.245,0.01,3686.07,3656.2,0.75,0.76,115
btc-updown-15m-1769718600,1769718600,360,0.23,0.24,0.235,0.01,4940.35,1022.54,0.76,0.77,0
btc-updown-15m-1769718600,1769718600,375,0.24,0.25,0.245,0.01,3812,3621.31,0.75,0.76,2
btc-updown-15m-1769718600,1769718600,390,0.18,0.19,0.185,0.01,5509.55,3582.35,0.81,0.82,1
btc-updown-15m-1769718600,1769718600,405,0.18,0.19,0.185,0.01,6993.58,2604.76,0.81,0.82,50
btc-updown-15m-1769718600,1769718600,420,0.15,0.16,0.155,0.01,7214.45,2899.04,0.84,0.85,18
btc-updown-15m-1769718600,1769718600,435,0.13,0.14,0.135,0.01,5971.15,3399.2,0.86,0.87,5
btc-updown-15m-1769718600,1769718600,450,0.12,0.13,0.125,0.01,3151.89,5888.3,0.87,0.88,20
btc-updown-15m-1769718600,1769718600,465,0.08,0.09,0.085,0.01,5518.61,5009.55,0.91,0.92,6
btc-updown-15m-1769718600,1769718600,480,0.07,0.08,0.075,0.01,5692.73,2574.04,0.92,0.93,22
btc-updown-15m-1769718600,1769718600,495,0.07,0.08,0.075,0.01,2273.76,6750.04,0.92,0.93,1
btc-updown-15m-1769718600,1769718600,510,0.07,0.08,0.075,0.01,5174.77,5701.24,0.92,0.93,12
btc-updown-15m-1769718600,1769718600,525,0.13,0.14,0.135,0.01,4077.88,1348.77,0.86,0.87,58
btc-updown-15m-1769718600,1769718600,540,0.18,0.19,0.185,0.01,3982.19,1843.15,0.81,0.82,15
btc-updown-15m-1769718600,1769718600,555,0.14,0.15,0.145,0.01,7409.76,3055.88,0.85,0.86,28
btc-updown-15m-1769718600,1769718600,570,0.12,0.13,0.125,0.01,6084.01,1816.1,0.87,0.88,1
btc-updown-15m-1769718600,1769718600,585,0.17,0.18,0.175,0.01,5534.04,2520.33,0.82,0.83,14
btc-updown-15m-1769718600,1769718600,600,0.14,0.15,0.145,0.01,2722.6,5931.15,0.85,0.86,27
btc-updown-15m-1769718600,1769718600,615,0.28,0.29,0.285,0.01,457.43,1968.28,0.71,0.72,2
btc-updown-15m-1769718600,1769718600,630,0.16,0.17,0.165,0.01,2830.49,2339.65,0.83,0.84,13
btc-updown-15m-1769718600,1769718600,645,0.2,0.21,0.205,0.01,5159.5,1635.83,0.79,0.8,1
btc-updown-15m-1769718600,1769718600,660,0.18,0.19,0.185,0.01,5055.78,1575.62,0.81,0.82,6
btc-updown-15m-1769718600,1769718600,675,0.19,0.21,0.2,0.02,4592.76,3946.35,0.79,0.81,0
btc-updown-15m-1769718600,1769718600,690,0.25,0.26,0.255,0.01,1255.93,2628.98,0.74,0.75,0
btc-updown-15m-1769718600,1769718600,705,0.22,0.23,0.225,0.01,2099.75,933.11,0.77,0.78,25
btc-updown-15m-1769718600,1769718600,720,0.1,0.11,0.105,0.01,1578.25,3889.88,0.89,0.9,14
btc-updown-15m-1769718600,1769718600,735,0.21,0.22,0.215,0.01,2548.43,2251.77,0.78,0.79,22
btc-updown-15m-1769718600,1769718600,750,0.47,0.48,0.475,0.01,1400.25,654.36,0.52,0.53,0
btc-updown-15m-1769718600,1769718600,765,0.63,0.64,0.635,0.01,3038.04,21.36,0.36,0.37,2
btc-updown-15m-1769718600,1769718600,780,0.73,0.74,0.735,0.01,360.06,2671.51,0.26,0.27,24
btc-updown-15m-1769718600,1769718600,795,0.84,0.85,0.845,0.01,1098.89,375.62,0.15,0.16,0
btc-updown-15m-1769718600,1769718600,810,0.93,0.94,0.935,0.01,904.38,5023.76,0.06,0.07,3
btc-updown-15m-1769718600,1769718600,825,0.98,0.99,0.985,0.01,5635.7,1168.3,0.01,0.02,13
btc-updown-15m-1769718600,1769718600,840,0.99,,,,10260.62,0,,0.01,204
btc-updown-15m-1769718600,1769718600,845,0.99,,,,8674.63,0,,0.01,27
btc-updown-15m-1769718600,1769718600,850,0.99,,,,9695.34,0,,0.01,210
btc-updown-15m-1769718600,1769718600,855,0.99,,,,10513.34,0,,0.01,31
btc-updown-15m-1769718600,1769718600,860,0.99,,,,10699.77,0,,0.01,994
btc-updown-15m-1769718600,1769718600,865,0.99,,,,13026.4,0,,0.01,1091
btc-updown-15m-1769718600,1769718600,870,0.99,,,,12580.68,0,,0.01,428
btc-updown-15m-1769718600,1769718600,875,0.99,,,,12180.69,0,,0.01,40
btc-updown-15m-1769718600,1769718600,880,0.99,,,,10947.89,0,,0.01,239
btc-updown-15m-1769718600,1769718600,885,0.99,,,,11174.27,0,,0.01,83
btc-updown-15m-1769718600,1769718600,890,0.99,,,,10921.39,0,,0.01,861
btc-updown-15m-1769718600,1769718600,895,0.99,,,,26366.71,0,,0.01,220
btc-updown-15m-1769718600,1769718600,897,0.99,,,,26352.33,0,,0.01,73
btc-updown-15m-1769718600,1769718600,899,0.99,,,,46105.37,0,,0.01,100
btc-updown-15m-1769718600,1769718600,900,0.99,,,,52158.57,0,,0.01,4
btc-updown-15m-1769728500,1769728500,0,0.52,0.53,0.525,0.01,1123.24,2803.59,0.47,0.48,28
btc-updown-15m-1769728500,1769728500,15,0.6,0.61,0.605,0.01,2260.36,1647.54,0.39,0.4,28
btc-updown-15m-1769728500,1769728500,30,0.53,0.54,0.535,0.01,1639.72,1068.59,0.46,0.47,31
btc-updown-15m-1769728500,1769728500,45,0.54,0.55,0.545,0.01,1700.13,1384.42,0.45,0.46,9
btc-updown-15m-1769728500,1769728500,60,0.56,0.57,0.565,0.01,1943.93,2364.07,0.43,0.44,0
btc-updown-15m-1769728500,1769728500,75,0.43,0.44,0.435,0.01,2632.34,975.06,0.56,0.57,12
btc-updown-15m-1769728500,1769728500,90,0.42,0.43,0.425,0.01,1422.8,1284.82,0.57,0.58,1
btc-updown-15m-1769728500,1769728500,105,0.49,0.5,0.495,0.01,867.25,2691.34,0.5,0.51,19
btc-updown-15m-1769728500,1769728500,120,0.58,0.59,0.585,0.01,2647.98,161.67,0.41,0.42,1
btc-updown-15m-1769728500,1769728500,135,0.61,0.62,0.615,0.01,2008.06,1707.6,0.38,0.39,5
btc-updown-15m-1769728500,1769728500,150,0.64,0.65,0.645,0.01,2500.77,604.66,0.35,0.36,0
btc-updown-15m-1769728500,1769728500,165,0.65,0.66,0.655,0.01,637.93,1755.22,0.34,0.35,0
btc-updown-15m-1769728500,1769728500,180,0.73,0.74,0.735,0.01,1317.85,2164.69,0.26,0.27,40
btc-updown-15m-1769728500,1769728500,195,0.64,0.65,0.645,0.01,3601.25,304.92,0.35,0.36,2
btc-updown-15m-1769728500,1769728500,210,0.71,0.72,0.715,0.01,2194.19,266.98,0.28,0.29,55
btc-updown-15m-1769728500,1769728500,225,0.73,0.74,0.735,0.01,2743.6,1044.03,0.26,0.27,214
btc-updown-15m-1769728500,1769728500,240,0.76,0.78,0.77,0.02,2753.16,2382.21,0.22,0.24,68
btc-updown-15m-1769728500,1769728500,255,0.74,0.75,0.745,0.01,1535.35,2256.55,0.25,0.26,33
btc-updown-15m-1769728500,1769728500,270,0.76,0.77,0.765,0.01,2574.43,1960.45,0.23,0.24,7
btc-updown-15m-1769728500,1769728500,285,0.67,0.68,0.675,0.01,4073.7,172.76,0.32,0.33,0
btc-updown-15m-1769728500,1769728500,300,0.7,0.71,0.705,0.01,1822.55,2245.65,0.29,0.3,8
btc-updown-15m-1769728500,1769728500,315,0.7,0.71,0.705,0.01,1231.19,1097.32,0.29,0.3,107
btc-updown-15m-1769728500,1769728500,330,0.69,0.7,0.695,0.01,1821.78,1196.21,0.3,0.31,78
btc-updown-15m-1769728500,1769728500,345,0.71,0.72,0.715,0.01,1509.52,784.05,0.28,0.29,26
btc-updown-15m-1769728500,1769728500,360,0.7,0.71,0.705,0.01,3083.45,439.39,0.29,0.3,17
btc-updown-15m-1769728500,1769728500,375,0.76,0.77,0.765,0.01,1558.22,2020.62,0.23,0.24,0
btc-updown-15m-1769728500,1769728500,390,0.78,0.79,0.785,0.01,807.95,2410.22,0.21,0.22,114
btc-updown-15m-1769728500,1769728500,405,0.78,0.79,0.785,0.01,1071.87,2910.91,0.21,0.22,0
btc-updown-15m-1769728500,1769728500,420,0.77,0.78,0.775,0.01,1671.07,1667.92,0.22,0.23,1
btc-updown-15m-1769728500,1769728500,435,0.76,0.77,0.765,0.01,1992.41,1346.75,0.23,0.24,8
btc-updown-15m-1769728500,1769728500,450,0.75,0.76,0.755,0.01,2141.48,842.23,0.24,0.25,4
btc-updown-15m-1769728500,1769728500,465,0.77,0.78,0.775,0.01,1948.95,1652,0.22,0.23,106
btc-updown-15m-1769728500,1769728500,480,0.77,0.78,0.775,0.01,941.38,2453.66,0.22,0.23,10
btc-updown-15m-1769728500,1769728500,495,0.72,0.73,0.725,0.01,283.9,1938.13,0.27,0.28,24
btc-updown-15m-1769728500,1769728500,510,0.7,0.71,0.705,0.01,1700.64,1357.9,0.29,0.3,1
btc-updown-15m-1769728500,1769728500,525,0.8,0.81,0.805,0.01,861.95,2343.98,0.19,0.2,53
btc-updown-15m-1769728500,1769728500,540,0.85,0.86,0.855,0.01,13931.45,2984.65,0.14,0.15,7
btc-updown-15m-1769728500,1769728500,555,0.87,0.88,0.875,0.01,14590.08,3491.2,0.12,0.13,23
btc-updown-15m-1769728500,1769728500,570,0.92,0.94,0.93,0.02,1814.31,3415.61,0.06,0.08,12
btc-updown-15m-1769728500,1769728500,585,0.94,0.95,0.945,0.01,2546.19,6797.68,0.05,0.06,20
btc-updown-15m-1769728500,1769728500,600,0.93,0.94,0.935,0.01,3418.1,1519.82,0.06,0.07,42
btc-updown-15m-1769728500,1769728500,615,0.96,0.97,0.965,0.01,4279.71,18314.75,0.03,0.04,14
btc-updown-15m-1769728500,1769728500,630,0.97,0.98,0.975,0.01,5389.94,14666.85,0.02,0.03,12
btc-updown-15m-1769728500,1769728500,645,0.97,0.98,0.975,0.01,3231.77,12863.16,0.02,0.03,0
btc-updown-15m-1769728500,1769728500,660,0.98,0.99,0.985,0.01,3974.68,11054.39,0.01,0.02,7
btc-updown-15m-1769728500,1769728500,675,0.98,0.99,0.985,0.01,5503.55,10215.44,0.01,0.02,0
btc-updown-15m-1769728500,1769728500,690,0.98,0.99,0.985,0.01,6468.78,1984.98,0.01,0.02,6
btc-updown-15m-1769728500,1769728500,705,0.99,,,,24630.95,0,,0.01,99
btc-updown-15m-1769728500,1769728500,720,0.99,,,,19746.8,0,,0.01,487
btc-updown-15m-1769728500,1769728500,735,0.99,,,,19184.31,0,,0.01,185
btc-updown-15m-1769728500,1769728500,750,0.99,,,,19993.56,0,,0.01,101
btc-updown-15m-1769728500,1769728500,765,0.998,0.999,0.9985,0.001,459.02,9782.96,0.001,0.002,6
btc-updown-15m-1769728500,1769728500,780,0.998,0.999,0.9985,0.001,696.83,11147.65,0.001,0.002,101
btc-updown-15m-1769728500,1769728500,795,0.996,0.997,0.9965,0.001,63,11527.75,0.003,0.004,5
btc-updown-15m-1769728500,1769728500,810,0.997,0.998,0.9975,0.001,2844.06,11448.38,0.002,0.003,60
btc-updown-15m-1769728500,1769728500,825,0.999,,,,14254.64,0,,0.001,234
btc-updown-15m-1769728500,1769728500,840,0.999,,,,26433.66,0,,0.001,250
btc-updown-15m-1769728500,1769728500,845,0.999,,,,26408.91,0,,0.001,51
btc-updown-15m-1769728500,1769728500,850,0.999,,,,26408.91,0,,0.001,27
btc-updown-15m-1769728500,1769728500,855,0.999,,,,26408.91,0,,0.001,0
btc-updown-15m-1769728500,1769728500,860,0.999,,,,26332.45,0,,0.001,1
btc-updown-15m-1769728500,1769728500,865,0.999,,,,26332.45,0,,0.001,12
btc-updown-15m-1769728500,1769728500,870,0.999,,,,26332.45,0,,0.001,0
btc-updown-15m-1769728500,1769728500,875,0.998,0.999,0.9985,0.001,3882.72,443.99,0.001,0.002,3
btc-updown-15m-1769728500,1769728500,880,0.989,0.99,0.9895,0.001,624.61,10905.68,0.01,0.011,0
btc-updown-15m-1769728500,1769728500,885,0.98,0.988,0.984,0.008,1470.82,900.18,0.012,0.02,14
btc-updown-15m-1769728500,1769728500,890,0.976,0.98,0.978,0.004,73.57,957.74,0.02,0.024,40
btc-updown-15m-1769728500,1769728500,895,0.99,0.996,0.993,0.006,963.45,17676.83,0.004,0.01,31
btc-updown-15m-1769728500,1769728500,897,0.98,0.99,0.985,0.01,1326.52,8783.28,0.01,0.02,49
btc-updown-15m-1769728500,1769728500,899,0.999,,,,20597.35,0,,0.001,22
btc-updown-15m-1769728500,1769728500,900,0.999,,,,21351.33,0,,0.001,58
btc-updown-15m-1769738400,1769738400,0,0.51,0.52,0.515,0.01,2344.18,3939.67,0.48,0.49,48
btc-updown-15m-1769738400,1769738400,15,0.47,0.48,0.475,0.01,607.6,551.2,0.52,0.53,3
btc-updown-15m-1769738400,1769738400,30,0.47,0.48,0.475,0.01,761.77,1481.19,0.52,0.53,5
btc-updown-15m-1769738400,1769738400,45,0.49,0.5,0.495,0.01,970.75,425.85,0.5,0.51,63
btc-updown-15m-1769738400,1769738400,60,0.44,0.45,0.445,0.01,1212.12,337.5,0.55,0.56,0
btc-updown-15m-1769738400,1769738400,75,0.4,0.41,0.405,0.01,1533.38,1152.97,0.59,0.6,41
btc-updown-15m-1769738400,1769738400,90,0.4,0.41,0.405,0.01,1719.98,1075.22,0.59,0.6,6
btc-updown-15m-1769738400,1769738400,105,0.41,0.42,0.415,0.01,971.17,1708.19,0.58,0.59,4
btc-updown-15m-1769738400,1769738400,120,0.42,0.43,0.425,0.01,1529.2,446,0.57,0.58,1
btc-updown-15m-1769738400,1769738400,135,0.43,0.44,0.435,0.01,837.61,954.21,0.56,0.57,1
btc-updown-15m-1769738400,1769738400,150,0.39,0.4,0.395,0.01,658.39,1529.45,0.6,0.61,7
btc-updown-15m-1769738400,1769738400,165,0.45,0.46,0.455,0.01,1700.07,350.04,0.54,0.55,6
btc-updown-15m-1769738400,1769738400,180,0.49,0.5,0.495,0.01,1526.72,861.53,0.5,0.51,29
btc-updown-15m-1769738400,1769738400,195,0.52,0.53,0.525,0.01,1152.87,500.87,0.47,0.48,7
btc-updown-15m-1769738400,1769738400,210,0.56,0.58,0.57,0.02,1937.35,3209.07,0.42,0.44,0
btc-updown-15m-1769738400,1769738400,225,0.51,0.52,0.515,0.01,223.54,1985.75,0.48,0.49,1
btc-updown-15m-1769738400,1769738400,240,0.42,0.43,0.425,0.01,706.65,1877.5,0.57,0.58,5
btc-updown-15m-1769738400,1769738400,255,0.46,0.47,0.465,0.01,1761.03,542.32,0.53,0.54,1
btc-updown-15m-1769738400,1769738400,270,0.42,0.43,0.425,0.01,1418.08,1002.36,0.57,0.58,1
btc-updown-15m-1769738400,1769738400,285,0.34,0.35,0.345,0.01,1833.63,1382.66,0.65,0.66,4
btc-updown-15m-1769738400,1769738400,300,0.32,0.33,0.325,0.01,737.83,1754.14,0.67,0.68,28
btc-updown-15m-1769738400,1769738400,315,0.32,0.33,0.325,0.01,1218.43,1481.56,0.67,0.68,18
btc-updown-15m-1769738400,1769738400,330,0.31,0.33,0.32,0.02,1597.88,1575.11,0.67,0.69,14
btc-updown-15m-1769738400,1769738400,345,0.27,0.29,0.28,0.02,2061.96,1867.06,0.71,0.73,4
btc-updown-15m-1769738400,1769738400,360,0.32,0.33,0.325,0.01,332.88,1032.76,0.67,0.68,3
btc-updown-15m-1769738400,1769738400,375,0.32,0.33,0.325,0.01,805.1,1517.09,0.67,0.68,1
btc-updown-15m-1769738400,1769738400,390,0.28,0.29,0.285,0.01,2450.19,202.56,0.71,0.72,2
btc-updown-15m-1769738400,1769738400,405,0.25,0.26,0.255,0.01,612.91,1148.87,0.74,0.75,0
btc-updown-15m-1769738400,1769738400,420,0.19,0.2,0.195,0.01,886.42,1319.99,0.8,0.81,33
btc-updown-15m-1769738400,1769738400,435,0.11,0.12,0.115,0.01,2742.47,479.1,0.88,0.89,0
btc-updown-15m-1769738400,1769738400,450,0.12,0.13,0.125,0.01,2233.63,1038.57,0.87,0.88,7
btc-updown-15m-1769738400,1769738400,465,0.16,0.17,0.165,0.01,12151.22,687.82,0.83,0.84,1
btc-updown-15m-1769738400,1769738400,480,0.15,0.16,0.155,0.01,10056.45,2225.77,0.84,0.85,3
btc-updown-15m-1769738400,1769738400,495,0.16,0.17,0.165,0.01,7877.29,1697.23,0.83,0.84,6
btc-updown-15m-1769738400,1769738400,510,0.12,0.13,0.125,0.01,2212.19,1730.68,0.87,0.88,65
btc-updown-15m-1769738400,1769738400,525,0.12,0.14,0.13,0.02,1262.74,1092.14,0.86,0.88,0
btc-updown-15m-1769738400,1769738400,540,0.1,0.11,0.105,0.01,1300.44,2109.69,0.89,0.9,0
btc-updown-15m-1769738400,1769738400,555,0.11,0.12,0.115,0.01,1810.05,1942.42,0.88,0.89,1
btc-updown-15m-1769738400,1769738400,570,0.09,0.1,0.095,0.01,12122.21,2157.79,0.9,0.91,0
btc-updown-15m-1769738400,1769738400,585,0.07,0.08,0.075,0.01,10419.63,2587.35,0.92,0.93,14
btc-updown-15m-1769738400,1769738400,600,0.07,0.08,0.075,0.01,2883.64,2716.64,0.92,0.93,29
btc-updown-15m-1769738400,1769738400,615,0.04,0.06,0.05,0.02,16265.17,2452.12,0.94,0.96,4
btc-updown-15m-1769738400,1769738400,630,0.03,0.05,0.04,0.02,35215.59,5620.88,0.95,0.97,14
btc-updown-15m-1769738400,1769738400,645,0.03,0.04,0.035,0.01,34545.19,5389.64,0.96,0.97,11
btc-updown-15m-1769738400,1769738400,660,0.03,0.04,0.035,0.01,35319.95,5636.43,0.96,0.97,0
btc-updown-15m-1769738400,1769738400,675,0.04,0.05,0.045,0.01,11678.5,6131.03,0.95,0.96,22
btc-updown-15m-1769738400,1769738400,690,0.02,0.03,0.025,0.01,33187.38,7287.92,0.97,0.98,21
btc-updown-15m-1769738400,1769738400,705,0.02,0.03,0.025,0.01,32748.91,5626.93,0.97,0.98,12
btc-updown-15m-1769738400,1769738400,720,0.03,0.04,0.035,0.01,31619.95,2845.49,0.96,0.97,97
btc-updown-15m-1769738400,1769738400,735,0.02,0.03,0.025,0.01,24105.21,5946.07,0.97,0.98,52
btc-updown-15m-1769738400,1769738400,750,0.01,0.02,0.015,0.01,7518.35,10180.87,0.98,0.99,18
btc-updown-15m-1769738400,1769738400,765,,0.01,,,0,21987.94,0.99,,38
btc-updown-15m-1769738400,1769738400,780,,0.01,,,0,18530.75,0.99,,6
btc-updown-15m-1769738400,1769738400,795,0.003,0.007,0.005,0.004,1295.41,9139.23,0.993,0.997,128
btc-updown-15m-1769738400,1769738400,810,,0.001,,,0,3270,0.999,,25
btc-updown-15m-1769738400,1769738400,825,,0.001,,,0,1201.95,0.999,,31
btc-updown-15m-1769738400,1769738400,840,0.001,0.003,0.002,0.002,102.03,1195.79,0.997,0.999,13
btc-updown-15m-1769738400,1769738400,845,0.001,0.003,0.002,0.002,402.03,1595.79,0.997,0.999,48
btc-updown-15m-1769738400,1769738400,850,0.001,0.003,0.002,0.002,92.02,1592.8,0.997,0.999,109
btc-updown-15m-1769738400,1769738400,855,,0.001,,,0,5429.99,0.999,,15
btc-updown-15m-1769738400,1769738400,860,,0.001,,,0,11408.99,0.999,,51
btc-updown-15m-1769738400,1769738400,865,,0.001,,,0,25244.35,0.999,,3
btc-updown-15m-1769738400,1769738400,870,,0.001,,,0,26166.8,0.999,,1
btc-updown-15m-1769738400,1769738400,875,,0.001,,,0,26155.48,0.999,,23
btc-updown-15m-1769738400,1769738400,880,,0.001,,,0,39872.99,0.999,,9
btc-updown-15m-1769738400,1769738400,885,,0.001,,,0,50781.19,0.999,,50
btc-updown-15m-1769738400,1769738400,890,,0.001,,,0,61703.44,0.999,,148
btc-updown-15m-1769738400,1769738400,895,,0.001,,,0,133143.81,0.999,,51
btc-updown-15m-1769738400,1769738400,897,,0.001,,,0,134802.94,0.999,,2
btc-updown-15m-1769738400,1769738400,899,,0.001,,,0,135036.54,0.999,,41
btc-updown-15m-1769738400,1769738400,900,,0.001,,,0,136952.29,0.999,,14
btc-updown-15m-1769749200,1769749200,0,0.48,0.49,0.485,0.01,9362.26,1317.63,0.51,0.52,37
btc-updown-15m-1769749200,1769749200,15,0.48,0.49,0.485,0.01,7941.39,2206.1,0.51,0.52,66
btc-updown-15m-1769749200,1769749200,30,0.48,0.49,0.485,0.01,5846.02,3335.72,0.51,0.52,10
btc-updown-15m-1769749200,1769749200,45,0.48,0.49,0.485,0.01,2917.28,2940.72,0.51,0.52,51
btc-updown-15m-1769749200,1769749200,60,0.46,0.47,0.465,0.01,1066.15,1554.62,0.53,0.54,6
btc-updown-15m-1769749200,1769749200,75,0.48,0.49,0.485,0.01,1932.92,1133.7,0.51,0.52,23
btc-updown-15m-1769749200,1769749200,90,0.6,0.61,0.605,0.01,918.05,1549.46,0.39,0.4,0
btc-updown-15m-1769749200,1769749200,105,0.64,0.65,0.645,0.01,263.18,1641.79,0.35,0.36,119
btc-updown-15m-1769749200,1769749200,120,0.57,0.58,0.575,0.01,1868.68,885.97,0.42,0.43,5
btc-updown-15m-1769749200,1769749200,135,0.64,0.65,0.645,0.01,636.65,1780.26,0.35,0.36,36
btc-updown-15m-1769749200,1769749200,150,0.61,0.62,0.615,0.01,785.48,1783.9,0.38,0.39,0
btc-updown-15m-1769749200,1769749200,165,0.66,0.67,0.665,0.01,953.94,1660.66,0.33,0.34,0
btc-updown-15m-1769749200,1769749200,180,0.58,0.59,0.585,0.01,2174.33,53.09,0.41,0.42,1
btc-updown-15m-1769749200,1769749200,195,0.51,0.52,0.515,0.01,1769.57,2561.55,0.48,0.49,3
btc-updown-15m-1769749200,1769749200,210,0.52,0.53,0.525,0.01,1468.88,1084.93,0.47,0.48,20
btc-updown-15m-1769749200,1769749200,225,0.56,0.57,0.565,0.01,1124.54,1071.78,0.43,0.44,5
btc-updown-15m-1769749200,1769749200,240,0.61,0.62,0.615,0.01,1309.93,1761.58,0.38,0.39,3
btc-updown-15m-1769749200,1769749200,255,0.63,0.64,0.635,0.01,816.93,1468.44,0.36,0.37,25
btc-updown-15m-1769749200,1769749200,270,0.67,0.68,0.675,0.01,883.78,1959.27,0.32,0.33,18
btc-updown-15m-1769749200,1769749200,285,0.68,0.69,0.685,0.01,982.9,707.09,0.31,0.32,97
btc-updown-15m-1769749200,1769749200,300,0.59,0.6,0.595,0.01,1793.68,1258.4,0.4,0.41,6
btc-updown-15m-1769749200,1769749200,315,0.55,0.56,0.555,0.01,1942.66,941.48,0.44,0.45,2
btc-updown-15m-1769749200,1769749200,330,0.49,0.5,0.495,0.01,2040.85,805.13,0.5,0.51,16
btc-updown-15m-1769749200,1769749200,345,0.6,0.61,0.605,0.01,1638.87,1192.18,0.39,0.4,6
btc-updown-15m-1769749200,1769749200,360,0.64,0.65,0.645,0.01,1301.27,821.77,0.35,0.36,29
btc-updown-15m-1769749200,1769749200,375,0.57,0.58,0.575,0.01,1320.55,1621.97,0.42,0.43,6
btc-updown-15m-1769749200,1769749200,390,0.5,0.51,0.505,0.01,2737.94,1475.63,0.49,0.5,39
btc-updown-15m-1769749200,1769749200,405,0.48,0.49,0.485,0.01,2041.84,1676.58,0.51,0.52,8
btc-updown-15m-1769749200,1769749200,420,0.45,0.46,0.455,0.01,2824.45,2235.31,0.54,0.55,2
btc-updown-15m-1769749200,1769749200,435,0.57,0.58,0.575,0.01,863.51,2052.84,0.42,0.43,5
btc-updown-15m-1769749200,1769749200,450,0.65,0.66,0.655,0.01,1744.25,1373.1,0.34,0.35,0
btc-updown-15m-1769749200,1769749200,465,0.65,0.66,0.655,0.01,1426.27,969.46,0.34,0.35,19
btc-updown-15m-1769749200,1769749200,480,0.66,0.67,0.665,0.01,1562.11,969.84,0.33,0.34,53
btc-updown-15m-1769749200,1769749200,495,0.77,0.78,0.775,0.01,1152.54,2666.61,0.22,0.23,11
btc-updown-15m-1769749200,1769749200,510,0.86,0.87,0.865,0.01,1976.14,523.92,0.13,0.14,47
btc-updown-15m-1769749200,1769749200,525,0.88,0.89,0.885,0.01,1282.69,1364.35,0.11,0.12,17
btc-updown-15m-1769749200,1769749200,540,0.87,0.89,0.88,0.02,1702.28,1411.02,0.11,0.13,3
btc-updown-15m-1769749200,1769749200,555,0.82,0.83,0.825,0.01,302.51,1813.88,0.17,0.18,0
btc-updown-15m-1769749200,1769749200,570,0.69,0.7,0.695,0.01,374.13,1504.27,0.3,0.31,15
btc-updown-15m-1769749200,1769749200,585,0.86,0.87,0.865,0.01,873.89,1519.63,0.13,0.14,3
btc-updown-15m-1769749200,1769749200,600,0.83,0.84,0.835,0.01,667.17,1065.06,0.16,0.17,6
btc-updown-15m-1769749200,1769749200,615,0.71,0.72,0.715,0.01,1047.05,364.8,0.28,0.29,0
btc-updown-15m-1769749200,1769749200,630,0.77,0.78,0.775,0.01,1009.97,728.39,0.22,0.23,5
btc-updown-15m-1769749200,1769749200,645,0.85,0.86,0.855,0.01,722.81,1086.61,0.14,0.15,3
btc-updown-15m-1769749200,1769749200,660,0.78,0.79,0.785,0.01,619.1,718.89,0.21,0.22,16
btc-updown-15m-1769749200,1769749200,675,0.87,0.88,0.875,0.01,831.54,8928.26,0.12,0.13,4
btc-updown-15m-1769749200,1769749200,690,0.86,0.87,0.865,0.01,1262,686.72,0.13,0.14,8
btc-updown-15m-1769749200,1769749200,705,0.87,0.88,0.875,0.01,1099.48,8799.98,0.12,0.13,2979
btc-updown-15m-1769749200,1769749200,720,0.87,0.88,0.875,0.01,1099.48,8799.98,0.12,0.13,17979
btc-updown-15m-1769749200,1769749200,735,0.87,0.88,0.875,0.01,1099.48,8799.98,0.12,0.13,13985
btc-updown-15m-1769749200,1769749200,750,0.87,0.88,0.875,0.01,1099.48,8799.98,0.12,0.13,28985
btc-updown-15m-1769749200,1769749200,765,0.87,0.88,0.875,0.01,1099.48,8799.98,0.12,0.13,43985
btc-updown-15m-1769749200,1769749200,780,0.87,0.88,0.875,0.01,1099.48,8799.98,0.12,0.13,58985
btc-updown-15m-1769749200,1769749200,795,0.87,0.88,0.875,0.01,1099.48,8799.98,0.12,0.13,136
btc-updown-15m-1769749200,1769749200,810,0.65,0.72,0.685,0.07,86.22,276.13,0.28,0.35,0
btc-updown-15m-1769749200,1769749200,825,0.46,0.48,0.47,0.02,6850.63,853.42,0.52,0.54,2
btc-updown-15m-1769749200,1769749200,840,0.55,0.57,0.56,0.02,539.08,205.17,0.43,0.45,18
btc-updown-15m-1769749200,1769749200,845,0.42,0.43,0.425,0.01,350.82,265.36,0.57,0.58,2
btc-updown-15m-1769749200,1769749200,850,0.32,0.33,0.325,0.01,804.69,192.22,0.67,0.68,4
btc-updown-15m-1769749200,1769749200,855,0.22,0.23,0.225,0.01,1841.06,140.96,0.77,0.78,2
btc-updown-15m-1769749200,1769749200,860,0.2,0.21,0.205,0.01,1201.06,437.61,0.79,0.8,15
btc-updown-15m-1769749200,1769749200,865,0.11,0.12,0.115,0.01,615.9,103,0.88,0.89,3
btc-updown-15m-1769749200,1769749200,870,0.13,0.14,0.135,0.01,745.79,643.01,0.86,0.87,0
btc-updown-15m-1769749200,1769749200,875,0.06,0.07,0.065,0.01,1410.93,1430.39,0.93,0.94,1
btc-updown-15m-1769749200,1769749200,880,0.02,0.03,0.025,0.01,7125.52,847.74,0.97,0.98,7
btc-updown-15m-1769749200,1769749200,885,,0.01,,,0,4931.99,0.99,,25
btc-updown-15m-1769749200,1769749200,890,0.08,0.12,0.1,0.04,131.45,479.45,0.88,0.92,57
btc-updown-15m-1769749200,1769749200,895,0.79,0.8,0.795,0.01,261.45,34.51,0.2,0.21,5
btc-updown-15m-1769749200,1769749200,897,0.25,0.87,0.56,0.62,2719.24,1288.61,0.13,0.75,3
btc-updown-15m-1769749200,1769749200,899,0.71,0.9,0.805,0.19,91.36,2128.92,0.1,0.29,93
btc-updown-15m-1769749200,1769749200,900,0.7,0.97,0.835,0.27,63.01,10398,0.03,0.3,105
btc-updown-15m-1769759100,1769759100,0,0.53,0.54,0.535,0.01,1215.97,2020.84,0.46,0.47,113
btc-updown-15m-1769759100,1769759100,15,0.5,0.51,0.505,0.01,2218.52,5710.01,0.49,0.5,1
btc-updown-15m-1769759100,1769759100,30,0.52,0.53,0.525,0.01,3690.44,3141.06,0.47,0.48,111
btc-updown-15m-1769759100,1769759100,45,0.53,0.54,0.535,0.01,4045.83,4551.97,0.46,0.47,13
btc-updown-15m-1769759100,1769759100,60,0.51,0.52,0.515,0.01,4857.37,3556.07,0.48,0.49,43
btc-updown-15m-1769759100,1769759100,75,0.53,0.54,0.535,0.01,4609.49,5083.44,0.46,0.47,12
btc-updown-15m-1769759100,1769759100,90,0.54,0.55,0.545,0.01,2115.75,4205.95,0.45,0.46,4
btc-updown-15m-1769759100,1769759100,105,0.53,0.54,0.535,0.01,3907.28,5612.7,0.46,0.47,3
btc-updown-15m-1769759100,1769759100,120,0.54,0.55,0.545,0.01,4542.71,4965.78,0.45,0.46,43
btc-updown-15m-1769759100,1769759100,135,0.55,0.56,0.555,0.01,2703.45,5102,0.44,0.45,7
btc-updown-15m-1769759100,1769759100,150,0.57,0.58,0.575,0.01,2734.12,3226.63,0.42,0.43,0
btc-updown-15m-1769759100,1769759100,165,0.6,0.61,0.605,0.01,4871.75,3957.52,0.39,0.4,2
btc-updown-15m-1769759100,1769759100,180,0.59,0.6,0.595,0.01,3415.21,2142.8,0.4,0.41,0
btc-updown-15m-1769759100,1769759100,195,0.61,0.62,0.615,0.01,3473.92,3878.91,0.38,0.39,42
btc-updown-15m-1769759100,1769759100,210,0.61,0.62,0.615,0.01,2816.39,5311.22,0.38,0.39,39
btc-updown-15m-1769759100,1769759100,225,0.63,0.64,0.635,0.01,718.42,5799.32,0.36,0.37,22
btc-updown-15m-1769759100,1769759100,240,0.66,0.67,0.665,0.01,3256.15,4536.57,0.33,0.34,8
btc-updown-15m-1769759100,1769759100,255,0.7,0.71,0.705,0.01,3204.06,3654.9,0.29,0.3,7
btc-updown-15m-1769759100,1769759100,270,0.71,0.72,0.715,0.01,3607.52,4508,0.28,0.29,5
btc-updown-15m-1769759100,1769759100,285,0.79,0.8,0.795,0.01,5232.26,3993.04,0.2,0.21,10
btc-updown-15m-1769759100,1769759100,300,0.83,0.84,0.835,0.01,2444.26,2393.93,0.16,0.17,44
btc-updown-15m-1769759100,1769759100,315,0.88,0.89,0.885,0.01,5179.61,2887.79,0.11,0.12,0
btc-updown-15m-1769759100,1769759100,330,0.94,0.95,0.945,0.01,661.75,9707.16,0.05,0.06,21
btc-updown-15m-1769759100,1769759100,345,0.94,0.95,0.945,0.01,4110.71,10550.64,0.05,0.06,3
btc-updown-15m-1769759100,1769759100,360,0.94,0.95,0.945,0.01,5434.21,6494.29,0.05,0.06,13
btc-updown-15m-1769759100,1769759100,375,0.93,0.94,0.935,0.01,5083.78,3205.95,0.06,0.07,0
btc-updown-15m-1769759100,1769759100,390,0.93,0.94,0.935,0.01,5156.81,4359.35,0.06,0.07,32
btc-updown-15m-1769759100,1769759100,405,0.94,0.95,0.945,0.01,5135.21,3873.1,0.05,0.06,0
btc-updown-15m-1769759100,1769759100,420,0.95,0.96,0.955,0.01,5095.82,7606.79,0.04,0.05,15
btc-updown-15m-1769759100,1769759100,435,0.96,0.97,0.965,0.01,5703.53,16382.25,0.03,0.04,3
btc-updown-15m-1769759100,1769759100,450,0.96,0.97,0.965,0.01,6005.14,16296.35,0.03,0.04,14
btc-updown-15m-1769759100,1769759100,465,0.96,0.97,0.965,0.01,5796.64,15876.05,0.03,0.04,3
btc-updown-15m-1769759100,1769759100,480,0.97,0.98,0.975,0.01,7371.47,13696.59,0.02,0.03,24
btc-updown-15m-1769759100,1769759100,495,0.98,0.99,0.985,0.01,7550.74,9943.06,0.01,0.02,187
btc-updown-15m-1769759100,1769759100,510,0.98,0.99,0.985,0.01,7148.45,9646,0.01,0.02,93
btc-updown-15m-1769759100,1769759100,525,0.985,0.99,0.9875,0.005,7574.26,5337.62,0.01,0.015,5
btc-updown-15m-1769759100,1769759100,540,0.98,0.99,0.985,0.01,9969.72,3336.62,0.01,0.02,29
btc-updown-15m-1769759100,1769759100,555,0.982,0.99,0.986,0.008,3483.42,1477.75,0.01,0.018,23
btc-updown-15m-1769759100,1769759100,570,0.99,0.995,0.9925,0.005,1969.91,890,0.005,0.01,3
btc-updown-15m-1769759100,1769759100,585,0.991,0.995,0.993,0.004,4248.27,1110.5,0.005,0.009,24
btc-updown-15m-1769759100,1769759100,600,0.993,0.994,0.9935,0.001,3674.56,1221.23,0.006,0.007,1
btc-updown-15m-1769759100,1769759100,615,0.993,0.995,0.994,0.002,2863.31,3194.9,0.005,0.007,75
btc-updown-15m-1769759100,1769759100,630,0.991,0.995,0.993,0.004,1700,4704.99,0.005,0.009,31
btc-updown-15m-1769759100,1769759100,645,0.991,0.996,0.9935,0.005,9042.31,3713.57,0.004,0.009,105
btc-updown-15m-1769759100,1769759100,660,0.992,0.998,0.995,0.006,13532.97,10981.71,0.002,0.008,156
btc-updown-15m-1769759100,1769759100,675,0.994,0.998,0.996,0.004,4602.27,11152.41,0.002,0.006,33
btc-updown-15m-1769759100,1769759100,690,0.998,0.999,0.9985,0.001,1628.55,10072.05,0.001,0.002,89
btc-updown-15m-1769759100,1769759100,705,0.998,0.999,0.9985,0.001,9007.33,3030.64,0.001,0.002,124
btc-updown-15m-1769759100,1769759100,720,0.998,0.999,0.9985,0.001,6907.68,3119.14,0.001,0.002,146
btc-updown-15m-1769759100,1769759100,735,0.998,0.999,0.9985,0.001,7520.46,2355.83,0.001,0.002,69
btc-updown-15m-1769759100,1769759100,750,0.998,0.999,0.9985,0.001,4257.5,4143.24,0.001,0.002,106
btc-updown-15m-1769759100,1769759100,765,0.999,,,,18445.11,0,,0.001,12
btc-updown-15m-1769759100,1769759100,780,0.999,,,,17749.2,0,,0.001,148
btc-updown-15m-1769759100,1769759100,795,0.999,,,,33455.93,0,,0.001,1
btc-updown-15m-1769759100,1769759100,810,0.999,,,,32211.98,0,,0.001,24
btc-updown-15m-1769759100,1769759100,825,0.999,,,,31380.98,0,,0.001,36
btc-updown-15m-1769759100,1769759100,840,0.999,,,,31241.23,0,,0.001,94
btc-updown-15m-1769759100,1769759100,845,0.999,,,,30241.23,0,,0.001,36
btc-updown-15m-1769759100,1769759100,850,0.999,,,,29209.23,0,,0.001,38
btc-updown-15m-1769759100,1769759100,855,0.999,,,,29138.23,0,,0.001,12
btc-updown-15m-1769759100,1769759100,860,0.999,,,,29138.23,0,,0.001,23
btc-updown-15m-1769759100,1769759100,865,0.999,,,,29106.46,0,,0.001,35
btc-updown-15m-1769759100,1769759100,870,0.999,,,,29070.46,0,,0.001,1
btc-updown-15m-1769759100,1769759100,875,0.999,,,,28599.23,0,,0.001,21
btc-updown-15m-1769759100,1769759100,880,0.999,,,,28415.23,0,,0.001,49
btc-updown-15m-1769759100,1769759100,885,0.999,,,,28150.05,0,,0.001,17
btc-updown-15m-1769759100,1769759100,890,0.999,,,,29515.4,0,,0.001,32
btc-updown-15m-1769759100,1769759100,895,0.999,,,,33044.49,0,,0.001,7
btc-updown-15m-1769759100,1769759100,897,0.999,,,,53378.5,0,,0.001,6
btc-updown-15m-1769759100,1769759100,899,0.999,,,,53717.95,0,,0.001,31
btc-updown-15m-1769759100,1769759100,900,0.999,,,,55646.05,0,,0.001,42
btc-updown-15m-1769769900,1769769900,0,0.47,0.48,0.475,0.01,1697.31,567.9,0.52,0.53,79
btc-updown-15m-1769769900,1769769900,15,0.44,0.45,0.445,0.01,5463.25,3272.76,0.55,0.56,9
btc-updown-15m-1769769900,1769769900,30,0.5,0.51,0.505,0.01,4521.56,963.52,0.49,0.5,17
btc-updown-15m-1769769900,1769769900,45,0.48,0.49,0.485,0.01,3830.13,4183.54,0.51,0.52,47
btc-updown-15m-1769769900,1769769900,60,0.43,0.44,0.435,0.01,7370.5,2984.33,0.56,0.57,0
btc-updown-15m-1769769900,1769769900,75,0.51,0.52,0.515,0.01,4773.16,2268.71,0.48,0.49,0
btc-updown-15m-1769769900,1769769900,90,0.68,0.69,0.685,0.01,6258.91,132.13,0.31,0.32,58
btc-updown-15m-1769769900,1769769900,105,0.62,0.63,0.625,0.01,3020.97,6484.71,0.37,0.38,9
btc-updown-15m-1769769900,1769769900,120,0.63,0.65,0.64,0.02,5654.78,2701.55,0.35,0.37,50
btc-updown-15m-1769769900,1769769900,135,0.67,0.68,0.675,0.01,2310.03,4270.85,0.32,0.33,9
btc-updown-15m-1769769900,1769769900,150,0.68,0.69,0.685,0.01,5900.64,5673.34,0.31,0.32,80
btc-updown-15m-1769769900,1769769900,165,0.7,0.71,0.705,0.01,5619.78,5339.81,0.29,0.3,5
btc-updown-15m-1769769900,1769769900,180,0.67,0.68,0.675,0.01,3255.66,5800.83,0.32,0.33,11
btc-updown-15m-1769769900,1769769900,195,0.71,0.72,0.715,0.01,3727.84,5823.69,0.28,0.29,15
btc-updown-15m-1769769900,1769769900,210,0.71,0.72,0.715,0.01,3694.85,5291.05,0.28,0.29,30
btc-updown-15m-1769769900,1769769900,225,0.76,0.77,0.765,0.01,4406.05,5074.43,0.23,0.24,2
btc-updown-15m-1769769900,1769769900,240,0.81,0.82,0.815,0.01,6036.69,4269.86,0.18,0.19,0
btc-updown-15m-1769769900,1769769900,255,0.83,0.84,0.835,0.01,4933.88,5280.23,0.16,0.17,43
btc-updown-15m-1769769900,1769769900,270,0.86,0.87,0.865,0.01,3266.57,6319.24,0.13,0.14,3
btc-updown-15m-1769769900,1769769900,285,0.86,0.87,0.865,0.01,3846,6523.55,0.13,0.14,4
btc-updown-15m-1769769900,1769769900,300,0.87,0.88,0.875,0.01,8563.93,4978.46,0.12,0.13,10
btc-updown-15m-1769769900,1769769900,315,0.86,0.87,0.865,0.01,4193.2,4766.32,0.13,0.14,12
btc-updown-15m-1769769900,1769769900,330,0.91,0.92,0.915,0.01,5608.51,5608.27,0.08,0.09,7
btc-updown-15m-1769769900,1769769900,345,0.92,0.93,0.925,0.01,3589.32,8160.09,0.07,0.08,109
btc-updown-15m-1769769900,1769769900,360,0.94,0.95,0.945,0.01,3517.71,11747.3,0.05,0.06,0
btc-updown-15m-1769769900,1769769900,375,0.92,0.93,0.925,0.01,4019.67,4461.97,0.07,0.08,0
btc-updown-15m-1769769900,1769769900,390,0.93,0.94,0.935,0.01,6034.67,7269.03,0.06,0.07,1
btc-updown-15m-1769769900,1769769900,405,0.95,0.96,0.955,0.01,5354.01,10093.53,0.04,0.05,10
btc-updown-15m-1769769900,1769769900,420,0.84,0.85,0.845,0.01,1299.52,4451.82,0.15,0.16,3
btc-updown-15m-1769769900,1769769900,435,0.91,0.92,0.915,0.01,4195.48,7373.28,0.08,0.09,8
btc-updown-15m-1769769900,1769769900,450,0.93,0.94,0.935,0.01,5031.99,7219.03,0.06,0.07,84
btc-updown-15m-1769769900,1769769900,465,0.95,0.96,0.955,0.01,4469.64,10673.2,0.04,0.05,10
btc-updown-15m-1769769900,1769769900,480,0.95,0.96,0.955,0.01,3846.18,10207.37,0.04,0.05,332
btc-updown-15m-1769769900,1769769900,495,0.97,0.98,0.975,0.01,6540.02,23907.92,0.02,0.03,11
btc-updown-15m-1769769900,1769769900,510,0.97,0.98,0.975,0.01,7937.09,20524.72,0.02,0.03,16
btc-updown-15m-1769769900,1769769900,525,0.97,0.98,0.975,0.01,7439.62,20682.78,0.02,0.03,8
btc-updown-15m-1769769900,1769769900,540,0.97,0.98,0.975,0.01,7842.51,18951.49,0.02,0.03,6
btc-updown-15m-1769769900,1769769900,555,0.96,0.97,0.965,0.01,1789.02,23292.54,0.03,0.04,0
btc-updown-15m-1769769900,1769769900,570,0.97,0.98,0.975,0.01,3029.52,20881.46,0.02,0.03,15
btc-updown-15m-1769769900,1769769900,585,0.98,0.989,0.9845,0.009,2937.73,18907.6,0.011,0.02,8
btc-updown-15m-1769769900,1769769900,600,0.97,0.989,0.9795,0.019,4683.59,17014.05,0.011,0.03,62
btc-updown-15m-1769769900,1769769900,615,0.981,0.99,0.9855,0.009,3390.7,12975.73,0.01,0.019,170
btc-updown-15m-1769769900,1769769900,630,0.96,0.97,0.965,0.01,99,4492.95,0.03,0.04,0
btc-updown-15m-1769769900,1769769900,645,0.96,0.97,0.965,0.01,1284.98,7800.12,0.03,0.04,98
btc-updown-15m-1769769900,1769769900,660,0.96,0.97,0.965,0.01,355.93,5567.65,0.03,0.04,32
btc-updown-15m-1769769900,1769769900,675,0.98,0.989,0.9845,0.009,680,15743.26,0.011,0.02,128
btc-updown-15m-1769769900,1769769900,690,0.987,0.988,0.9875,0.001,30,12837.49,0.012,0.013,0
btc-updown-15m-1769769900,1769769900,705,0.988,0.989,0.9885,0.001,2440.05,13779.2,0.011,0.012,13
btc-updown-15m-1769769900,1769769900,720,0.988,0.99,0.989,0.002,1754.9,12814.57,0.01,0.012,33
btc-updown-15m-1769769900,1769769900,735,0.988,0.99,0.989,0.002,1922.9,2910.13,0.01,0.012,5
btc-updown-15m-1769769900,1769769900,750,0.99,0.997,0.9935,0.007,2145.2,7860.67,0.003,0.01,3
btc-updown-15m-1769769900,1769769900,765,0.992,0.995,0.9935,0.003,4639.59,7986.24,0.005,0.008,101
btc-updown-15m-1769769900,1769769900,780,0.998,0.999,0.9985,0.001,999.83,6737.93,0.001,0.002,127
btc-updown-15m-1769769900,1769769900,795,0.997,0.999,0.998,0.002,1620.02,6598.14,0.001,0.003,15
btc-updown-15m-1769769900,1769769900,810,0.997,0.998,0.9975,0.001,1683.79,6623.13,0.002,0.003,17
btc-updown-15m-1769769900,1769769900,825,0.997,0.998,0.9975,0.001,720.36,6451.77,0.002,0.003,3
btc-updown-15m-1769769900,1769769900,840,0.998,0.999,0.9985,0.001,5213.4,462.14,0.001,0.002,18
btc-updown-15m-1769769900,1769769900,845,0.998,0.999,0.9985,0.001,5236.53,311.98,0.001,0.002,34
btc-updown-15m-1769769900,1769769900,850,0.998,0.999,0.9985,0.001,4740.7,198.96,0.001,0.002,31
btc-updown-15m-1769769900,1769769900,855,0.998,0.999,0.9985,0.001,4684.41,93.96,0.001,0.002,8
btc-updown-15m-1769769900,1769769900,860,0.999,,,,6303.37,0,,0.001,0
btc-updown-15m-1769769900,1769769900,865,0.999,,,,6427.07,0,,0.001,12
btc-updown-15m-1769769900,1769769900,870,0.999,,,,6517.07,0,,0.001,8
btc-updown-15m-1769769900,1769769900,875,0.999,,,,6373.02,0,,0.001,28
btc-updown-15m-1769769900,1769769900,880,0.999,,,,6473.02,0,,0.001,0
btc-updown-15m-1769769900,1769769900,885,0.999,,,,22625.13,0,,0.001,54
btc-updown-15m-1769769900,1769769900,890,0.999,,,,23068.6,0,,0.001,147
btc-updown-15m-1769769900,1769769900,895,0.999,,,,27341.9,0,,0.001,247
btc-updown-15m-1769769900,1769769900,897,0.999,,,,46840.88,0,,0.001,100
btc-updown-15m-1769769900,1769769900,899,0.999,,,,47167.83,0,,0.001,1
btc-updown-15m-1769769900,1769769900,900,0.999,,,,47267.83,0,,0.001,44
btc-updown-15m-1769779800,1769779800,0,0.52,0.53,0.525,0.01,2831.99,1048.51,0.47,0.48,36
btc-updown-15m-1769779800,1769779800,15,0.36,0.37,0.365,0.01,142.95,224.04,0.63,0.64,121
btc-updown-15m-1769779800,1769779800,30,0.37,0.4,0.385,0.03,777.38,1100.91,0.6,0.63,35
btc-updown-15m-1769779800,1769779800,45,0.37,0.38,0.375,0.01,2912.22,2109.2,0.62,0.63,81
btc-updown-15m-1769779800,1769779800,60,0.33,0.37,0.35,0.04,704.8,5579.92,0.63,0.67,48
btc-updown-15m-1769779800,1769779800,75,0.36,0.39,0.375,0.03,1690.58,3114.89,0.61,0.64,231
btc-updown-15m-1769779800,1769779800,90,0.37,0.38,0.375,0.01,1399.99,3152.98,0.62,0.63,132
btc-updown-15m-1769779800,1769779800,105,0.39,0.41,0.4,0.02,1017.39,1754.74,0.59,0.61,86
btc-updown-15m-1769779800,1769779800,120,0.39,0.42,0.405,0.03,4957.63,1597.81,0.58,0.61,174
btc-updown-15m-1769779800,1769779800,135,0.39,0.41,0.4,0.02,548.37,2451.55,0.59,0.61,38
btc-updown-15m-1769779800,1769779800,150,0.41,0.43,0.42,0.02,1689.9,3753.3,0.57,0.59,101
btc-updown-15m-1769779800,1769779800,165,0.39,0.42,0.405,0.03,2411.82,868.82,0.58,0.61,75
btc-updown-15m-1769779800,1769779800,180,0.44,0.45,0.445,0.01,692.82,1626.59,0.55,0.56,86
btc-updown-15m-1769779800,1769779800,195,0.47,0.5,0.485,0.03,1532.37,632.3,0.5,0.53,116
btc-updown-15m-1769779800,1769779800,210,0.45,0.58,0.515,0.13,827.94,586.17,0.42,0.55,100
btc-updown-15m-1769779800,1769779800,225,0.55,0.62,0.585,0.07,252.9,742.24,0.38,0.45,159
btc-updown-15m-1769779800,1769779800,240,0.56,0.64,0.6,0.08,100.49,487,0.36,0.44,259
btc-updown-15m-1769779800,1769779800,255,0.56,0.58,0.57,0.02,2336.01,1023.96,0.42,0.44,0
btc-updown-15m-1769779800,1769779800,270,0.6,0.61,0.605,0.01,1766.85,641.05,0.39,0.4,226
btc-updown-15m-1769779800,1769779800,285,0.6,0.65,0.625,0.05,2253.8,614.67,0.35,0.4,877
btc-updown-15m-1769779800,1769779800,300,0.63,0.65,0.64,0.02,968.39,431.42,0.35,0.37,0
btc-updown-15m-1769779800,1769779800,315,0.64,0.65,0.645,0.01,3789.68,620.79,0.35,0.36,271
btc-updown-15m-1769779800,1769779800,330,0.71,0.78,0.745,0.07,369,514.73,0.22,0.29,345
btc-updown-15m-1769779800,1769779800,345,0.7,0.83,0.765,0.13,906.94,309.96,0.17,0.3,188
btc-updown-15m-1769779800,1769779800,360,0.79,0.86,0.825,0.07,478.86,556.33,0.14,0.21,458
btc-updown-15m-1769779800,1769779800,375,0.82,0.85,0.835,0.03,47.66,267.39,0.15,0.18,28
btc-updown-15m-1769779800,1769779800,390,0.84,0.85,0.845,0.01,243.16,528.79,0.15,0.16,311
btc-updown-15m-1769779800,1769779800,405,0.84,0.9,0.87,0.06,1629.28,1812.23,0.1,0.16,782
btc-updown-15m-1769779800,1769779800,420,0.86,0.87,0.865,0.01,940.29,419.49,0.13,0.14,103
btc-updown-15m-1769779800,1769779800,435,0.82,0.83,0.825,0.01,707.67,269.72,0.17,0.18,345
btc-updown-15m-1769779800,1769779800,450,0.83,0.86,0.845,0.03,1125.06,1528.3,0.14,0.17,551
btc-updown-15m-1769779800,1769779800,465,0.82,0.83,0.825,0.01,768.32,2667.74,0.17,0.18,5023
btc-updown-15m-1769779800,1769779800,480,0.83,0.84,0.835,0.01,901.48,2122.66,0.16,0.17,1100
btc-updown-15m-1769779800,1769779800,495,0.82,0.83,0.825,0.01,904.87,1084.84,0.17,0.18,578
btc-updown-15m-1769779800,1769779800,510,0.85,0.86,0.855,0.01,1041.87,1831.56,0.14,0.15,14
btc-updown-15m-1769779800,1769779800,525,0.84,0.85,0.845,0.01,3986.45,1744.72,0.15,0.16,603
btc-updown-15m-1769779800,1769779800,540,0.86,0.87,0.865,0.01,5665.06,1521.89,0.13,0.14,234
btc-updown-15m-1769779800,1769779800,555,0.85,0.88,0.865,0.03,5593.17,1743.1,0.12,0.15,3143
btc-updown-15m-1769779800,1769779800,570,0.86,0.88,0.87,0.02,3023.2,1493.6,0.12,0.14,24
btc-updown-15m-1769779800,1769779800,585,0.85,0.88,0.865,0.03,2657.3,559.62,0.12,0.15,2
btc-updown-15m-1769779800,1769779800,600,0.85,0.9,0.875,0.05,1921.14,2748.35,0.1,0.15,3108
btc-updown-15m-1769779800,1769779800,615,0.85,0.86,0.855,0.01,1547.21,230.33,0.14,0.15,2945
btc-updown-15m-1769779800,1769779800,630,0.85,0.86,0.855,0.01,1547.21,230.33,0.14,0.15,17945
btc-updown-15m-1769779800,1769779800,645,0.89,0.9,0.895,0.01,4161.14,2737.36,0.1,0.11,95
btc-updown-15m-1769779800,1769779800,660,0.89,0.9,0.895,0.01,191.54,2396.09,0.1,0.11,1446
btc-updown-15m-1769779800,1769779800,675,0.89,0.91,0.9,0.02,2601.1,2900.62,0.09,0.11,78
btc-updown-15m-1769779800,1769779800,690,0.9,0.91,0.905,0.01,3571.06,2563.67,0.09,0.1,25
btc-updown-15m-1769779800,1769779800,705,0.9,0.91,0.905,0.01,5751.99,2630.61,0.09,0.1,3182
btc-updown-15m-1769779800,1769779800,720,0.9,0.91,0.905,0.01,5364.86,2122.53,0.09,0.1,2636
btc-updown-15m-1769779800,1769779800,735,0.9,0.91,0.905,0.01,5364.86,2122.53,0.09,0.1,17636
btc-updown-15m-1769779800,1769779800,750,0.91,0.92,0.915,0.01,2991.85,3754.45,0.08,0.09,11687
btc-updown-15m-1769779800,1769779800,765,0.92,0.93,0.925,0.01,21155.79,2253.54,0.07,0.08,325
btc-updown-15m-1769779800,1769779800,780,0.92,0.93,0.925,0.01,19279.74,1801.75,0.07,0.08,132
btc-updown-15m-1769779800,1769779800,795,0.93,0.94,0.935,0.01,3600.43,2116.86,0.06,0.07,25
btc-updown-15m-1769779800,1769779800,810,0.94,0.95,0.945,0.01,905.26,3351.94,0.05,0.06,2527
btc-updown-15m-1769779800,1769779800,825,0.94,0.95,0.945,0.01,1091.05,2573.03,0.05,0.06,2120
btc-updown-15m-1769779800,1769779800,840,0.94,0.97,0.955,0.03,1534.51,18304.15,0.03,0.06,2476
btc-updown-15m-1769779800,1769779800,845,0.94,0.97,0.955,0.03,1534.51,18304.15,0.03,0.06,7476
btc-updown-15m-1769779800,1769779800,850,0.94,0.97,0.955,0.03,1534.51,18304.15,0.03,0.06,12476
btc-updown-15m-1769779800,1769779800,855,0.95,0.97,0.96,0.02,4610.24,17601.54,0.03,0.05,999
btc-updown-15m-1769779800,1769779800,860,0.96,0.98,0.97,0.02,4855.09,14437.66,0.02,0.04,20
btc-updown-15m-1769779800,1769779800,865,0.97,0.98,0.975,0.01,1756.4,14213.36,0.02,0.03,2724
btc-updown-15m-1769779800,1769779800,870,0.97,0.98,0.975,0.01,1756.4,14213.36,0.02,0.03,7724
btc-updown-15m-1769779800,1769779800,875,0.97,0.98,0.975,0.01,1756.4,14213.36,0.02,0.03,12724
btc-updown-15m-1769779800,1769779800,880,0.97,0.98,0.975,0.01,1756.4,14213.36,0.02,0.03,17724
btc-updown-15m-1769779800,1769779800,885,0.97,0.98,0.975,0.01,1756.4,14213.36,0.02,0.03,22724
btc-updown-15m-1769779800,1769779800,890,0.97,0.98,0.975,0.01,2122.21,11659.8,0.02,0.03,71
btc-updown-15m-1769779800,1769779800,895,0.97,0.98,0.975,0.01,2133.53,11554.23,0.02,0.03,222
btc-updown-15m-1769779800,1769779800,897,0.97,0.98,0.975,0.01,2093.78,8562.88,0.02,0.03,84
btc-updown-15m-1769779800,1769779800,899,0.98,0.99,0.985,0.01,1485.48,5131.74,0.01,0.02,561
btc-updown-15m-1769779800,1769779800,900,0.98,0.99,0.985,0.01,1683.2,5116.74,0.01,0.02,3
btc-updown-15m-1769789700,1769789700,0,0.48,0.49,0.485,0.01,1928.74,32.2,0.51,0.52,0
btc-updown-15m-1769789700,1769789700,15,0.47,0.48,0.475,0.01,5968.17,3971.72,0.52,0.53,72
btc-updown-15m-1769789700,1769789700,30,0.54,0.55,0.545,0.01,1967.16,2223.39,0.45,0.46,10
btc-updown-15m-1769789700,1769789700,45,0.46,0.47,0.465,0.01,1745.73,7368,0.53,0.54,0
btc-updown-15m-1769789700,1769789700,60,0.43,0.44,0.435,0.01,4890.64,2195.98,0.56,0.57,60
btc-updown-15m-1769789700,1769789700,75,0.32,0.33,0.325,0.01,4011.63,2686.27,0.67,0.68,13
btc-updown-15m-1769789700,1769789700,90,0.33,0.34,0.335,0.01,362.31,2618.56,0.66,0.67,215
btc-updown-15m-1769789700,1769789700,105,0.32,0.34,0.33,0.02,6651.28,6279.34,0.66,0.68,0
btc-updown-15m-1769789700,1769789700,120,0.34,0.35,0.345,0.01,1426.17,8971.48,0.65,0.66,63
btc-updown-15m-1769789700,1769789700,135,0.29,0.3,0.295,0.01,4239.77,6250.62,0.7,0.71,2
btc-updown-15m-1769789700,1769789700,150,0.29,0.3,0.295,0.01,4183.97,4714.68,0.7,0.71,5
btc-updown-15m-1769789700,1769789700,165,0.34,0.35,0.345,0.01,4740.34,653.34,0.65,0.66,26
btc-updown-15m-1769789700,1769789700,180,0.37,0.38,0.375,0.01,4415.81,6469.91,0.62,0.63,0
btc-updown-15m-1769789700,1769789700,195,0.22,0.23,0.225,0.01,2731.75,1496.96,0.77,0.78,219
btc-updown-15m-1769789700,1769789700,210,0.18,0.19,0.185,0.01,7228.33,4047.08,0.81,0.82,0
btc-updown-15m-1769789700,1769789700,225,0.19,0.2,0.195,0.01,7519.56,2823.45,0.8,0.81,3
btc-updown-15m-1769789700,1769789700,240,0.31,0.32,0.315,0.01,2513.25,6168.47,0.68,0.69,1
btc-updown-15m-1769789700,1769789700,255,0.26,0.27,0.265,0.01,7911.78,1744.38,0.73,0.74,2
btc-updown-15m-1769789700,1769789700,270,0.27,0.29,0.28,0.02,3566.35,7982.1,0.71,0.73,21
btc-updown-15m-1769789700,1769789700,285,0.35,0.36,0.355,0.01,4206.19,1993.96,0.64,0.65,30
btc-updown-15m-1769789700,1769789700,300,0.45,0.46,0.455,0.01,1799.64,5661.09,0.54,0.55,0
btc-updown-15m-1769789700,1769789700,315,0.29,0.3,0.295,0.01,1850.44,4802.15,0.7,0.71,4
btc-updown-15m-1769789700,1769789700,330,0.3,0.31,0.305,0.01,3870.28,2429.63,0.69,0.7,1
btc-updown-15m-1769789700,1769789700,345,0.23,0.24,0.235,0.01,4320.9,2361.76,0.76,0.77,1
btc-updown-15m-1769789700,1769789700,360,0.32,0.33,0.325,0.01,4319.52,6521.36,0.67,0.68,0
btc-updown-15m-1769789700,1769789700,375,0.23,0.24,0.235,0.01,2708.63,6116.68,0.76,0.77,0
btc-updown-15m-1769789700,1769789700,390,0.13,0.14,0.135,0.01,8782.89,1766.22,0.86,0.87,87
btc-updown-15m-1769789700,1769789700,405,0.18,0.19,0.185,0.01,3688.46,5349.74,0.81,0.82,47
btc-updown-15m-1769789700,1769789700,420,0.12,0.13,0.125,0.01,8238.91,4639.74,0.87,0.88,0
btc-updown-15m-1769789700,1769789700,435,0.11,0.12,0.115,0.01,5128.3,2857.51,0.88,0.89,0
btc-updown-15m-1769789700,1769789700,450,0.13,0.14,0.135,0.01,4155.32,4239.74,0.86,0.87,19
btc-updown-15m-1769789700,1769789700,465,0.14,0.15,0.145,0.01,5739.92,2886.3,0.85,0.86,0
btc-updown-15m-1769789700,1769789700,480,0.15,0.16,0.155,0.01,5809.62,3752.18,0.84,0.85,39
btc-updown-15m-1769789700,1769789700,495,0.14,0.15,0.145,0.01,3320.28,5156.55,0.85,0.86,50
btc-updown-15m-1769789700,1769789700,510,0.1,0.11,0.105,0.01,7607.41,2282.7,0.89,0.9,1
btc-updown-15m-1769789700,1769789700,525,0.06,0.07,0.065,0.01,8175.45,3505.58,0.93,0.94,2
btc-updown-15m-1769789700,1769789700,540,0.05,0.06,0.055,0.01,8304.3,5780.48,0.94,0.95,6
btc-updown-15m-1769789700,1769789700,555,0.03,0.04,0.035,0.01,20183.41,5577.3,0.96,0.97,5
btc-updown-15m-1769789700,1769789700,570,0.01,0.02,0.015,0.01,11702.1,7480.89,0.98,0.99,2
btc-updown-15m-1769789700,1769789700,585,0.01,0.02,0.015,0.01,6172.95,11720.57,0.98,0.99,94
btc-updown-15m-1769789700,1769789700,600,0.01,0.02,0.015,0.01,4239.67,11661.9,0.98,0.99,1
btc-updown-15m-1769789700,1769789700,615,,0.01,,,0,17718.46,0.99,,120
btc-updown-15m-1769789700,1769789700,630,,0.01,,,0,22336.65,0.99,,26
btc-updown-15m-1769789700,1769789700,645,,0.01,,,0,22319.21,0.99,,3
btc-updown-15m-1769789700,1769789700,660,,0.01,,,0,23409.53,0.99,,1
btc-updown-15m-1769789700,1769789700,675,,0.01,,,0,19732.98,0.99,,100
btc-updown-15m-1769789700,1769789700,690,,0.01,,,0,19037.07,0.99,,147
btc-updown-15m-1769789700,1769789700,705,,0.01,,,0,18810.12,0.99,,29
btc-updown-15m-1769789700,1769789700,720,,0.01,,,0,14406.28,0.99,,88
btc-updown-15m-1769789700,1769789700,735,,0.01,,,0,14937.08,0.99,,115
btc-updown-15m-1769789700,1769789700,750,0.01,0.02,0.015,0.01,1836.59,14844.35,0.98,0.99,7
btc-updown-15m-1769789700,1769789700,765,0.01,0.02,0.015,0.01,4526.11,13902.03,0.98,0.99,5
btc-updown-15m-1769789700,1769789700,780,0.41,0.43,0.42,0.02,25.8,97.78,0.57,0.59,2
btc-updown-15m-1769789700,1769789700,795,0.72,0.76,0.74,0.04,626,65.51,0.24,0.28,45
btc-updown-15m-1769789700,1769789700,810,0.86,0.87,0.865,0.01,84.44,1908.52,0.13,0.14,33
btc-updown-15m-1769789700,1769789700,825,0.74,0.75,0.745,0.01,46.89,599.89,0.25,0.26,2
btc-updown-15m-1769789700,1769789700,840,0.671,0.699,0.685,0.028,419.76,2278,0.301,0.329,13
btc-updown-15m-1769789700,1769789700,845,0.841,0.85,0.8455,0.009,2769.45,332.11,0.15,0.159,72
btc-updown-15m-1769789700,1769789700,850,0.931,0.94,0.9355,0.009,2463.1,2773.8,0.06,0.069,0
btc-updown-15m-1769789700,1769789700,855,0.94,0.942,0.941,0.002,458.49,21.4,0.058,0.06,0
btc-updown-15m-1769789700,1769789700,860,0.94,0.95,0.945,0.01,458.43,954.18,0.05,0.06,28
btc-updown-15m-1769789700,1769789700,865,0.931,0.94,0.9355,0.009,573.4,329.8,0.06,0.069,14
btc-updown-15m-1769789700,1769789700,870,0.97,0.976,0.973,0.006,533.33,2612.49,0.024,0.03,0
btc-updown-15m-1769789700,1769789700,875,0.961,0.969,0.965,0.008,420.99,1578.74,0.031,0.039,5
btc-updown-15m-1769789700,1769789700,880,0.961,0.97,0.9655,0.009,2235.3,35,0.03,0.039,14
btc-updown-15m-1769789700,1769789700,885,0.99,0.991,0.9905,0.001,2343.26,610,0.009,0.01,1
btc-updown-15m-1769789700,1769789700,890,0.993,0.994,0.9935,0.001,367.22,1600.62,0.006,0.007,13
btc-updown-15m-1769789700,1769789700,895,0.995,0.999,0.997,0.004,692.56,379.83,0.001,0.005,4
btc-updown-15m-1769789700,1769789700,897,0.994,0.999,0.9965,0.005,2363.04,18.33,0.001,0.006,121
btc-updown-15m-1769789700,1769789700,899,0.999,,,,21335.4,0,,0.001,19
btc-updown-15m-1769789700,1769789700,900,0.999,,,,28822.51,0,,0.001,15
btc-updown-15m-1769800500,1769800500,0,0.43,0.45,0.44,0.02,471.46,9798.08,0.55,0.57,182
btc-updown-15m-1769800500,1769800500,15,0.43,0.44,0.435,0.01,2364.37,12532.88,0.56,0.57,2
btc-updown-15m-1769800500,1769800500,30,0.44,0.45,0.445,0.01,8769.42,6804.7,0.55,0.56,3
btc-updown-15m-1769800500,1769800500,45,0.47,0.48,0.475,0.01,8832.26,4176.3,0.52,0.53,0
btc-updown-15m-1769800500,1769800500,60,0.51,0.52,0.515,0.01,7594.99,1630.42,0.48,0.49,0
btc-updown-15m-1769800500,1769800500,75,0.6,0.61,0.605,0.01,7385.02,670.72,0.39,0.4,15
btc-updown-15m-1769800500,1769800500,90,0.61,0.62,0.615,0.01,3744,7764.03,0.38,0.39,3
btc-updown-15m-1769800500,1769800500,105,0.61,0.62,0.615,0.01,5302.99,3676.39,0.38,0.39,0
btc-updown-15m-1769800500,1769800500,120,0.64,0.65,0.645,0.01,3882.19,4958.48,0.35,0.36,15
btc-updown-15m-1769800500,1769800500,135,0.59,0.6,0.595,0.01,7773.56,2849.62,0.4,0.41,0
btc-updown-15m-1769800500,1769800500,150,0.55,0.56,0.555,0.01,5280.23,2457.9,0.44,0.45,7
btc-updown-15m-1769800500,1769800500,165,0.68,0.69,0.685,0.01,4809.42,5257.11,0.31,0.32,5
btc-updown-15m-1769800500,1769800500,180,0.63,0.64,0.635,0.01,6880.02,2002.13,0.36,0.37,3
btc-updown-15m-1769800500,1769800500,195,0.7,0.71,0.705,0.01,5803.54,4528.45,0.29,0.3,34
btc-updown-15m-1769800500,1769800500,210,0.72,0.73,0.725,0.01,8053.97,3241.65,0.27,0.28,0
btc-updown-15m-1769800500,1769800500,225,0.77,0.78,0.775,0.01,5611.5,3794.24,0.22,0.23,4
btc-updown-15m-1769800500,1769800500,240,0.64,0.65,0.645,0.01,2796.18,5268.33,0.35,0.36,23
btc-updown-15m-1769800500,1769800500,255,0.68,0.69,0.685,0.01,8444.18,1703.69,0.31,0.32,11
btc-updown-15m-1769800500,1769800500,270,0.77,0.78,0.775,0.01,6609.94,4587.81,0.22,0.23,36
btc-updown-15m-1769800500,1769800500,285,0.79,0.8,0.795,0.01,4772.59,6938.87,0.2,0.21,0
btc-updown-15m-1769800500,1769800500,300,0.74,0.75,0.745,0.01,4388.44,158.36,0.25,0.26,2
btc-updown-15m-1769800500,1769800500,315,0.82,0.83,0.825,0.01,6618.11,3806.56,0.17,0.18,5
btc-updown-15m-1769800500,1769800500,330,0.82,0.83,0.825,0.01,8029.3,3028.7,0.17,0.18,47
btc-updown-15m-1769800500,1769800500,345,0.83,0.84,0.835,0.01,6589.03,2586.23,0.16,0.17,11
btc-updown-15m-1769800500,1769800500,360,0.86,0.87,0.865,0.01,5646.55,3826.68,0.13,0.14,88
btc-updown-15m-1769800500,1769800500,375,0.87,0.88,0.875,0.01,5869.8,4280.65,0.12,0.13,22
btc-updown-15m-1769800500,1769800500,390,0.89,0.9,0.895,0.01,4327.76,7633.36,0.1,0.11,13
btc-updown-15m-1769800500,1769800500,405,0.9,0.91,0.905,0.01,3292.44,7485.88,0.09,0.1,51
btc-updown-15m-1769800500,1769800500,420,0.9,0.91,0.905,0.01,3488.74,7500.46,0.09,0.1,30
btc-updown-15m-1769800500,1769800500,435,0.88,0.89,0.885,0.01,5202.05,5973.13,0.11,0.12,0
btc-updown-15m-1769800500,1769800500,450,0.86,0.87,0.865,0.01,2751.53,6768.51,0.13,0.14,56
btc-updown-15m-1769800500,1769800500,465,0.89,0.9,0.895,0.01,4925.13,6340.16,0.1,0.11,4
btc-updown-15m-1769800500,1769800500,480,0.89,0.91,0.9,0.02,6427.59,7332.42,0.09,0.11,0
btc-updown-15m-1769800500,1769800500,495,0.89,0.9,0.895,0.01,3462.99,7434.38,0.1,0.11,0
btc-updown-15m-1769800500,1769800500,510,0.86,0.87,0.865,0.01,2306.12,8809.14,0.13,0.14,1
btc-updown-15m-1769800500,1769800500,525,0.83,0.84,0.835,0.01,4798.5,3739.3,0.16,0.17,18
btc-updown-15m-1769800500,1769800500,540,0.84,0.85,0.845,0.01,2671.85,5365.32,0.15,0.16,2
btc-updown-15m-1769800500,1769800500,555,0.83,0.84,0.835,0.01,6646.7,2817.69,0.16,0.17,282
btc-updown-15m-1769800500,1769800500,570,0.89,0.9,0.895,0.01,4900.7,5235.03,0.1,0.11,0
btc-updown-15m-1769800500,1769800500,585,0.92,0.93,0.925,0.01,5333.59,7061.2,0.07,0.08,37
btc-updown-15m-1769800500,1769800500,600,0.91,0.92,0.915,0.01,3246.06,6234.09,0.08,0.09,2
btc-updown-15m-1769800500,1769800500,615,0.94,0.95,0.945,0.01,2130.43,9508.84,0.05,0.06,11
btc-updown-15m-1769800500,1769800500,630,0.93,0.94,0.935,0.01,1390.63,6434.43,0.06,0.07,1
btc-updown-15m-1769800500,1769800500,645,0.93,0.94,0.935,0.01,769.95,10022.38,0.06,0.07,5
btc-updown-15m-1769800500,1769800500,660,0.92,0.93,0.925,0.01,1621.28,9509.56,0.07,0.08,0
btc-updown-15m-1769800500,1769800500,675,0.82,0.83,0.825,0.01,4363.39,3960.69,0.17,0.18,31
btc-updown-15m-1769800500,1769800500,690,0.87,0.88,0.875,0.01,5289.56,2096.68,0.12,0.13,13
btc-updown-15m-1769800500,1769800500,705,0.94,0.95,0.945,0.01,4009.42,5757.75,0.05,0.06,4
btc-updown-15m-1769800500,1769800500,720,0.95,0.96,0.955,0.01,4545.94,10611.35,0.04,0.05,0
btc-updown-15m-1769800500,1769800500,735,0.97,0.98,0.975,0.01,3874,16357.47,0.02,0.03,54
btc-updown-15m-1769800500,1769800500,750,0.97,0.98,0.975,0.01,4426.09,14307.11,0.02,0.03,6
btc-updown-15m-1769800500,1769800500,765,0.98,0.99,0.985,0.01,5804.44,8305.82,0.01,0.02,109
btc-updown-15m-1769800500,1769800500,780,0.98,0.99,0.985,0.01,4667.55,7854.55,0.01,0.02,3
btc-updown-15m-1769800500,1769800500,795,0.99,,,,7450.02,0,,0.01,81
btc-updown-15m-1769800500,1769800500,810,0.99,,,,4883.44,0,,0.01,251
btc-updown-15m-1769800500,1769800500,825,0.99,,,,6780.49,0,,0.01,11
btc-updown-15m-1769800500,1769800500,840,0.99,,,,12022.62,0,,0.01,17
btc-updown-15m-1769800500,1769800500,845,0.99,,,,12199.46,0,,0.01,208
btc-updown-15m-1769800500,1769800500,850,0.99,,,,12239.35,0,,0.01,64
btc-updown-15m-1769800500,1769800500,855,0.99,,,,12315.49,0,,0.01,29
btc-updown-15m-1769800500,1769800500,860,0.99,,,,11997.57,0,,0.01,4
btc-updown-15m-1769800500,1769800500,865,0.99,,,,12171.61,0,,0.01,98
btc-updown-15m-1769800500,1769800500,870,0.99,,,,12286.53,0,,0.01,18
btc-updown-15m-1769800500,1769800500,875,0.99,,,,8913.91,0,,0.01,80
btc-updown-15m-1769800500,1769800500,880,0.99,,,,9272.35,0,,0.01,55
btc-updown-15m-1769800500,1769800500,885,0.99,,,,9196.35,0,,0.01,132
btc-updown-15m-1769800500,1769800500,890,0.99,,,,8513.32,0,,0.01,32
btc-updown-15m-1769800500,1769800500,895,0.99,,,,16441.09,0,,0.01,128
btc-updown-15m-1769800500,1769800500,897,0.99,,,,27002.94,0,,0.01,77
btc-updown-15m-1769800500,1769800500,899,0.99,,,,31817.71,0,,0.01,70
btc-updown-15m-1769800500,1769800500,900,0.99,,,,38831.42,0,,0.01,14
btc-updown-15m-1769810400,1769810400,0,0.45,0.47,0.46,0.02,2882.93,4837.83,0.53,0.55,88
btc-updown-15m-1769810400,1769810400,15,0.42,0.43,0.425,0.01,3593.56,3375,0.57,0.58,11
btc-updown-15m-1769810400,1769810400,30,0.41,0.42,0.415,0.01,2572.9,4002.48,0.58,0.59,19
btc-updown-15m-1769810400,1769810400,45,0.43,0.44,0.435,0.01,3765.58,4430.4,0.56,0.57,37
btc-updown-15m-1769810400,1769810400,60,0.42,0.43,0.425,0.01,2559.26,2987.61,0.57,0.58,0
btc-updown-15m-1769810400,1769810400,75,0.41,0.42,0.415,0.01,3806.33,3608.61,0.58,0.59,197
btc-updown-15m-1769810400,1769810400,90,0.43,0.44,0.435,0.01,3453.34,1780.56,0.56,0.57,15
btc-updown-15m-1769810400,1769810400,105,0.44,0.45,0.445,0.01,3303.53,6253.94,0.55,0.56,84
btc-updown-15m-1769810400,1769810400,120,0.47,0.48,0.475,0.01,5327.5,4422.11,0.52,0.53,2
btc-updown-15m-1769810400,1769810400,135,0.51,0.52,0.515,0.01,3345.66,2265.92,0.48,0.49,4
btc-updown-15m-1769810400,1769810400,150,0.51,0.52,0.515,0.01,3545.26,4487.45,0.48,0.49,42
btc-updown-15m-1769810400,1769810400,165,0.39,0.4,0.395,0.01,1236.7,1694.68,0.6,0.61,3
btc-updown-15m-1769810400,1769810400,180,0.34,0.35,0.345,0.01,4148,1327.58,0.65,0.66,1
btc-updown-15m-1769810400,1769810400,195,0.2,0.21,0.205,0.01,1736.75,3666.65,0.79,0.8,23
btc-updown-15m-1769810400,1769810400,210,0.23,0.24,0.235,0.01,3723.22,3797.28,0.76,0.77,46
btc-updown-15m-1769810400,1769810400,225,0.21,0.22,0.215,0.01,2197.64,3355.2,0.78,0.79,5
btc-updown-15m-1769810400,1769810400,240,0.21,0.22,0.215,0.01,3995.5,2545.16,0.78,0.79,63
btc-updown-15m-1769810400,1769810400,255,0.17,0.18,0.175,0.01,3535.09,2861,0.82,0.83,16
btc-updown-15m-1769810400,1769810400,270,0.16,0.17,0.165,0.01,4259.51,1605.09,0.83,0.84,1
btc-updown-15m-1769810400,1769810400,285,0.17,0.18,0.175,0.01,4472.43,2756.83,0.82,0.83,16
btc-updown-15m-1769810400,1769810400,300,0.17,0.18,0.175,0.01,4805.37,2384.39,0.82,0.83,47
btc-updown-15m-1769810400,1769810400,315,0.22,0.23,0.225,0.01,1984.18,5096.38,0.77,0.78,53
btc-updown-15m-1769810400,1769810400,330,0.24,0.25,0.245,0.01,3640.26,3403.06,0.75,0.76,1
btc-updown-15m-1769810400,1769810400,345,0.24,0.25,0.245,0.01,3400.91,3802.5,0.75,0.76,1
btc-updown-15m-1769810400,1769810400,360,0.22,0.23,0.225,0.01,2413.29,7082.98,0.77,0.78,4
btc-updown-15m-1769810400,1769810400,375,0.15,0.16,0.155,0.01,1917.06,5293.01,0.84,0.85,61
btc-updown-15m-1769810400,1769810400,390,0.14,0.15,0.145,0.01,5757.15,2607.73,0.85,0.86,7
btc-updown-15m-1769810400,1769810400,405,0.12,0.13,0.125,0.01,1627.08,2252.95,0.87,0.88,67
btc-updown-15m-1769810400,1769810400,420,0.08,0.09,0.085,0.01,2692.6,3397.61,0.91,0.92,3
btc-updown-15m-1769810400,1769810400,435,0.09,0.1,0.095,0.01,1121.72,4500.55,0.9,0.91,0
btc-updown-15m-1769810400,1769810400,450,0.08,0.09,0.085,0.01,3325.73,3990.4,0.91,0.92,0
btc-updown-15m-1769810400,1769810400,465,0.1,0.11,0.105,0.01,2862.4,4952.38,0.89,0.9,6
btc-updown-15m-1769810400,1769810400,480,0.14,0.15,0.145,0.01,2793.87,3757.66,0.85,0.86,31
btc-updown-15m-1769810400,1769810400,495,0.15,0.16,0.155,0.01,5841.78,2467.79,0.84,0.85,16
btc-updown-15m-1769810400,1769810400,510,0.16,0.17,0.165,0.01,3148.36,1630.33,0.83,0.84,82
btc-updown-15m-1769810400,1769810400,525,0.13,0.14,0.135,0.01,3752.54,1739.22,0.86,0.87,4
btc-updown-15m-1769810400,1769810400,540,0.15,0.16,0.155,0.01,2422.13,1515.84,0.84,0.85,21
btc-updown-15m-1769810400,1769810400,555,0.18,0.19,0.185,0.01,2721.48,846.31,0.81,0.82,3
btc-updown-15m-1769810400,1769810400,570,0.18,0.19,0.185,0.01,3674.96,1741.04,0.81,0.82,34
btc-updown-15m-1769810400,1769810400,585,0.18,0.19,0.185,0.01,3649.26,979.49,0.81,0.82,33
btc-updown-15m-1769810400,1769810400,600,0.14,0.15,0.145,0.01,2218.67,1814.79,0.85,0.86,0
btc-updown-15m-1769810400,1769810400,615,0.12,0.13,0.125,0.01,1198.76,2046.93,0.87,0.88,43
btc-updown-15m-1769810400,1769810400,630,0.13,0.14,0.135,0.01,1781.92,2644.66,0.86,0.87,43
btc-updown-15m-1769810400,1769810400,645,0.1,0.11,0.105,0.01,1572.05,3585.5,0.89,0.9,5
btc-updown-15m-1769810400,1769810400,660,0.08,0.09,0.085,0.01,5274.83,902.24,0.91,0.92,28
btc-updown-15m-1769810400,1769810400,675,0.11,0.12,0.115,0.01,2002.77,2825.47,0.88,0.89,171
btc-updown-15m-1769810400,1769810400,690,0.06,0.07,0.065,0.01,7949.21,979.85,0.93,0.94,14
btc-updown-15m-1769810400,1769810400,705,0.05,0.06,0.055,0.01,10034.55,1878.42,0.94,0.95,2
btc-updown-15m-1769810400,1769810400,720,0.05,0.06,0.055,0.01,7751.11,3377.45,0.94,0.95,11
btc-updown-15m-1769810400,1769810400,735,0.02,0.03,0.025,0.01,12355.08,3673.64,0.97,0.98,46
btc-updown-15m-1769810400,1769810400,750,0.02,0.03,0.025,0.01,8959.56,3662.32,0.97,0.98,35
btc-updown-15m-1769810400,1769810400,765,0.01,0.02,0.015,0.01,5589.24,4223.34,0.98,0.99,80
btc-updown-15m-1769810400,1769810400,780,0.01,0.02,0.015,0.01,4121.6,4210.39,0.98,0.99,5
btc-updown-15m-1769810400,1769810400,795,,0.01,,,0,10013.29,0.99,,315
btc-updown-15m-1769810400,1769810400,810,,0.01,,,0,8984.25,0.99,,53
btc-updown-15m-1769810400,1769810400,825,,0.01,,,0,9167.81,0.99,,0
btc-updown-15m-1769810400,1769810400,840,0.002,0.004,0.003,0.002,2701,11578.03,0.996,0.998,20
btc-updown-15m-1769810400,1769810400,845,0.002,0.01,0.006,0.008,2856.51,6225.65,0.99,0.998,85
btc-updown-15m-1769810400,1769810400,850,0.002,0.01,0.006,0.008,2847.51,6183.05,0.99,0.998,133
btc-updown-15m-1769810400,1769810400,855,0.001,0.002,0.0015,0.001,2700.71,10739.86,0.998,0.999,28
btc-updown-15m-1769810400,1769810400,860,0.001,0.002,0.0015,0.001,2600.71,5970.4,0.998,0.999,68
btc-updown-15m-1769810400,1769810400,865,,0.001,,,0,18244.52,0.999,,203
btc-updown-15m-1769810400,1769810400,870,,0.001,,,0,18353,0.999,,35
btc-updown-15m-1769810400,1769810400,875,,0.001,,,0,17701.39,0.999,,25
btc-updown-15m-1769810400,1769810400,880,,0.001,,,0,17593.98,0.999,,294
btc-updown-15m-1769810400,1769810400,885,,0.001,,,0,12306.43,0.999,,3
btc-updown-15m-1769810400,1769810400,890,,0.001,,,0,12871.7,0.999,,145
btc-updown-15m-1769810400,1769810400,895,,0.001,,,0,16395.7,0.999,,28
btc-updown-15m-1769810400,1769810400,897,,0.001,,,0,28197.38,0.999,,17
btc-updown-15m-1769810400,1769810400,899,,0.001,,,0,28391.6,0.999,,84
btc-updown-15m-1769810400,1769810400,900,,0.001,,,0,29259.6,0.999,,102
btc-updown-15m-1769821200,1769821200,0,0.53,0.56,0.545,0.03,655.08,286.07,0.44,0.47,33
btc-updown-15m-1769821200,1769821200,15,0.54,0.55,0.545,0.01,1274.8,1526.39,0.45,0.46,4979
btc-updown-15m-1769821200,1769821200,30,0.54,0.55,0.545,0.01,1274.8,1526.39,0.45,0.46,19979
btc-updown-15m-1769821200,1769821200,45,0.54,0.55,0.545,0.01,1274.8,1526.39,0.45,0.46,34979
btc-updown-15m-1769821200,1769821200,60,0.54,0.55,0.545,0.01,1274.8,1526.39,0.45,0.46,49979
btc-updown-15m-1769821200,1769821200,75,0.54,0.55,0.545,0.01,1274.8,1526.39,0.45,0.46,64979
btc-updown-15m-1769821200,1769821200,90,0.54,0.55,0.545,0.01,1274.8,1526.39,0.45,0.46,79979
btc-updown-15m-1769821200,1769821200,105,0.55,0.58,0.565,0.03,1159.04,1061.38,0.42,0.45,83
btc-updown-15m-1769821200,1769821200,120,0.6,0.61,0.605,0.01,2204.96,991.45,0.39,0.4,1
btc-updown-15m-1769821200,1769821200,135,0.78,0.79,0.785,0.01,811.29,2018.72,0.21,0.22,1
btc-updown-15m-1769821200,1769821200,150,0.8,0.81,0.805,0.01,2015.59,1330.05,0.19,0.2,1
btc-updown-15m-1769821200,1769821200,165,0.78,0.79,0.785,0.01,1735.51,1519.36,0.21,0.22,11
btc-updown-15m-1769821200,1769821200,180,0.78,0.79,0.785,0.01,2182.14,1472.85,0.21,0.22,68
btc-updown-15m-1769821200,1769821200,195,0.74,0.75,0.745,0.01,2356.99,1740.69,0.25,0.26,99
btc-updown-15m-1769821200,1769821200,210,0.76,0.77,0.765,0.01,2780.7,1003.28,0.23,0.24,14
btc-updown-15m-1769821200,1769821200,225,0.76,0.77,0.765,0.01,2172.31,2298.77,0.23,0.24,71
btc-updown-15m-1769821200,1769821200,240,0.76,0.77,0.765,0.01,2174.57,2238.27,0.23,0.24,2
btc-updown-15m-1769821200,1769821200,255,0.77,0.78,0.775,0.01,1808.91,2412.62,0.22,0.23,33
btc-updown-15m-1769821200,1769821200,270,0.86,0.87,0.865,0.01,1470.88,3177.53,0.13,0.14,15
btc-updown-15m-1769821200,1769821200,285,0.86,0.87,0.865,0.01,2158.04,2580.13,0.13,0.14,95
btc-updown-15m-1769821200,1769821200,300,0.84,0.85,0.845,0.01,2178.69,1135.81,0.15,0.16,0
btc-updown-15m-1769821200,1769821200,315,0.89,0.9,0.895,0.01,2910.71,2702.58,0.1,0.11,3
btc-updown-15m-1769821200,1769821200,330,0.9,0.91,0.905,0.01,3840.13,1495,0.09,0.1,3
btc-updown-15m-1769821200,1769821200,345,0.92,0.93,0.925,0.01,2502.33,1853.88,0.07,0.08,50
btc-updown-15m-1769821200,1769821200,360,0.92,0.93,0.925,0.01,2259.86,1829.06,0.07,0.08,8
btc-updown-15m-1769821200,1769821200,375,0.93,0.94,0.935,0.01,962.2,2439.67,0.06,0.07,8
btc-updown-15m-1769821200,1769821200,390,0.92,0.93,0.925,0.01,1206.32,2339.55,0.07,0.08,19
btc-updown-15m-1769821200,1769821200,405,0.92,0.93,0.925,0.01,1654.21,2438.28,0.07,0.08,0
btc-updown-15m-1769821200,1769821200,420,0.93,0.94,0.935,0.01,1140.5,3477.89,0.06,0.07,159
btc-updown-15m-1769821200,1769821200,435,0.91,0.92,0.915,0.01,1473.09,2380.73,0.08,0.09,0
btc-updown-15m-1769821200,1769821200,450,0.9,0.91,0.905,0.01,2285.01,1171.5,0.09,0.1,26
btc-updown-15m-1769821200,1769821200,465,0.92,0.93,0.925,0.01,1908.51,2561.95,0.07,0.08,245
btc-updown-15m-1769821200,1769821200,480,0.9,0.91,0.905,0.01,2348.57,1945.18,0.09,0.1,50
btc-updown-15m-1769821200,1769821200,495,0.94,0.95,0.945,0.01,2748.21,2338.28,0.05,0.06,20
btc-updown-15m-1769821200,1769821200,510,0.95,0.96,0.955,0.01,1769.82,6803.69,0.04,0.05,89
btc-updown-15m-1769821200,1769821200,525,0.95,0.96,0.955,0.01,1859.8,6667.8,0.04,0.05,9
btc-updown-15m-1769821200,1769821200,540,0.94,0.95,0.945,0.01,2248.74,3071.1,0.05,0.06,68
btc-updown-15m-1769821200,1769821200,555,0.95,0.96,0.955,0.01,2219.69,5374.15,0.04,0.05,11
btc-updown-15m-1769821200,1769821200,570,0.96,0.97,0.965,0.01,1283.2,14090.39,0.03,0.04,0
btc-updown-15m-1769821200,1769821200,585,0.95,0.96,0.955,0.01,1826.45,5512.5,0.04,0.05,3
btc-updown-15m-1769821200,1769821200,600,0.95,0.96,0.955,0.01,1996.77,4556.82,0.04,0.05,5
btc-updown-15m-1769821200,1769821200,615,0.95,0.96,0.955,0.01,2289.97,5012.67,0.04,0.05,12
btc-updown-15m-1769821200,1769821200,630,0.95,0.96,0.955,0.01,1801.94,5133.75,0.04,0.05,55
btc-updown-15m-1769821200,1769821200,645,0.96,0.97,0.965,0.01,2331.58,13922.15,0.03,0.04,74
btc-updown-15m-1769821200,1769821200,660,0.96,0.97,0.965,0.01,2920.17,13345.16,0.03,0.04,19
btc-updown-15m-1769821200,1769821200,675,0.97,0.98,0.975,0.01,3439.86,12063.18,0.02,0.03,71
btc-updown-15m-1769821200,1769821200,690,0.97,0.98,0.975,0.01,3577.03,10213.28,0.02,0.03,35
btc-updown-15m-1769821200,1769821200,705,0.98,0.99,0.985,0.01,2887.25,5826.61,0.01,0.02,81
btc-updown-15m-1769821200,1769821200,720,0.98,0.99,0.985,0.01,3697.42,5477.37,0.01,0.02,40
btc-updown-15m-1769821200,1769821200,735,0.98,0.99,0.985,0.01,4346.91,471.93,0.01,0.02,17
btc-updown-15m-1769821200,1769821200,750,0.99,,,,4323.06,0,,0.01,28
btc-updown-15m-1769821200,1769821200,765,0.99,,,,5290.59,0,,0.01,491
btc-updown-15m-1769821200,1769821200,780,0.997,0.998,0.9975,0.001,78,3182.91,0.002,0.003,206
btc-updown-15m-1769821200,1769821200,795,0.997,0.998,0.9975,0.001,72,4992.08,0.002,0.003,382
btc-updown-15m-1769821200,1769821200,810,0.996,0.998,0.997,0.002,2821,5311.02,0.002,0.004,205
btc-updown-15m-1769821200,1769821200,825,0.994,0.997,0.9955,0.003,3926.89,5376.22,0.003,0.006,121
btc-updown-15m-1769821200,1769821200,840,0.998,0.999,0.9985,0.001,1650.99,2403.42,0.001,0.002,21
btc-updown-15m-1769821200,1769821200,845,0.998,0.999,0.9985,0.001,3386.01,1858.47,0.001,0.002,24
btc-updown-15m-1769821200,1769821200,850,0.999,,,,13017.39,0,,0.001,243
btc-updown-15m-1769821200,1769821200,855,0.999,,,,17793.91,0,,0.001,25
btc-updown-15m-1769821200,1769821200,860,0.999,,,,17798.91,0,,0.001,13
btc-updown-15m-1769821200,1769821200,865,0.999,,,,17758.96,0,,0.001,13
btc-updown-15m-1769821200,1769821200,870,0.999,,,,17763.96,0,,0.001,16
btc-updown-15m-1769821200,1769821200,875,0.999,,,,17533,0,,0.001,17
btc-updown-15m-1769821200,1769821200,880,0.999,,,,16533,0,,0.001,4
btc-updown-15m-1769821200,1769821200,885,0.999,,,,16629.64,0,,0.001,152
btc-updown-15m-1769821200,1769821200,890,0.999,,,,16674.66,0,,0.001,9
btc-updown-15m-1769821200,1769821200,895,0.999,,,,24609.45,0,,0.001,99
btc-updown-15m-1769821200,1769821200,897,0.999,,,,43306.87,0,,0.001,45
btc-updown-15m-1769821200,1769821200,899,0.999,,,,45073.57,0,,0.001,53
btc-updown-15m-1769821200,1769821200,900,0.999,,,,46331.57,0,,0.001,0
btc-updown-15m-1769831100,1769831100,0,0.52,0.54,0.53,0.02,338.79,3070.02,0.46,0.48,101
btc-updown-15m-1769831100,1769831100,15,0.49,0.5,0.495,0.01,1499.33,2429.75,0.5,0.51,9
btc-updown-15m-1769831100,1769831100,30,0.47,0.48,0.475,0.01,2471.21,793.56,0.52,0.53,6
btc-updown-15m-1769831100,1769831100,45,0.56,0.57,0.565,0.01,1111.81,1002.87,0.43,0.44,2
btc-updown-15m-1769831100,1769831100,60,0.59,0.6,0.595,0.01,910.89,1434.85,0.4,0.41,30
btc-updown-15m-1769831100,1769831100,75,0.44,0.45,0.445,0.01,1659.5,1572.21,0.55,0.56,36
btc-updown-15m-1769831100,1769831100,90,0.39,0.4,0.395,0.01,1348.4,1563.51,0.6,0.61,3
btc-updown-15m-1769831100,1769831100,105,0.38,0.39,0.385,0.01,1462.08,842.1,0.61,0.62,64
btc-updown-15m-1769831100,1769831100,120,0.4,0.41,0.405,0.01,1119.7,1516.09,0.59,0.6,15
btc-updown-15m-1769831100,1769831100,135,0.41,0.42,0.415,0.01,1147.27,514.16,0.58,0.59,116
btc-updown-15m-1769831100,1769831100,150,0.41,0.42,0.415,0.01,1428.84,1063.69,0.58,0.59,78
btc-updown-15m-1769831100,1769831100,165,0.5,0.51,0.505,0.01,1033.07,1329.79,0.49,0.5,33
btc-updown-15m-1769831100,1769831100,180,0.38,0.39,0.385,0.01,1530.23,1216.64,0.61,0.62,22
btc-updown-15m-1769831100,1769831100,195,0.38,0.39,0.385,0.01,1183.94,1297.31,0.61,0.62,41
btc-updown-15m-1769831100,1769831100,210,0.29,0.3,0.295,0.01,974.14,1309.01,0.7,0.71,6
btc-updown-15m-1769831100,1769831100,225,0.34,0.35,0.345,0.01,607.13,2287.57,0.65,0.66,0
btc-updown-15m-1769831100,1769831100,240,0.31,0.32,0.315,0.01,702.52,1319.7,0.68,0.69,59
btc-updown-15m-1769831100,1769831100,255,0.45,0.46,0.455,0.01,1258.89,1207.83,0.54,0.55,25
btc-updown-15m-1769831100,1769831100,270,0.44,0.45,0.445,0.01,1733.93,888.1,0.55,0.56,1
btc-updown-15m-1769831100,1769831100,285,0.46,0.47,0.465,0.01,2303.11,1130.22,0.53,0.54,27
btc-updown-15m-1769831100,1769831100,300,0.46,0.47,0.465,0.01,845.25,1455.69,0.53,0.54,22
btc-updown-15m-1769831100,1769831100,315,0.46,0.47,0.465,0.01,816.4,1911.75,0.53,0.54,7
btc-updown-15m-1769831100,1769831100,330,0.48,0.49,0.485,0.01,700.9,1658.72,0.51,0.52,33
btc-updown-15m-1769831100,1769831100,345,0.49,0.5,0.495,0.01,805.67,1464.71,0.5,0.51,129
btc-updown-15m-1769831100,1769831100,360,0.53,0.54,0.535,0.01,920.68,1449.63,0.46,0.47,24
btc-updown-15m-1769831100,1769831100,375,0.53,0.54,0.535,0.01,613.86,1899.12,0.46,0.47,1
btc-updown-15m-1769831100,1769831100,390,0.44,0.45,0.445,0.01,856.08,907.01,0.55,0.56,0
btc-updown-15m-1769831100,1769831100,405,0.43,0.44,0.435,0.01,1299.86,737.26,0.56,0.57,63
btc-updown-15m-1769831100,1769831100,420,0.26,0.27,0.265,0.01,1580.04,649.26,0.73,0.74,6
btc-updown-15m-1769831100,1769831100,435,0.15,0.16,0.155,0.01,681.77,1283.55,0.84,0.85,8
btc-updown-15m-1769831100,1769831100,450,0.18,0.19,0.185,0.01,909.34,1287.75,0.81,0.82,6
btc-updown-15m-1769831100,1769831100,465,0.2,0.21,0.205,0.01,2069.92,777.1,0.79,0.8,9
btc-updown-15m-1769831100,1769831100,480,0.2,0.21,0.205,0.01,1259.84,1528.62,0.79,0.8,34
btc-updown-15m-1769831100,1769831100,495,0.21,0.22,0.215,0.01,2561.2,1611.78,0.78,0.79,20
btc-updown-15m-1769831100,1769831100,510,0.27,0.28,0.275,0.01,885.15,1251.55,0.72,0.73,3
btc-updown-15m-1769831100,1769831100,525,0.19,0.2,0.195,0.01,1033.6,863.81,0.8,0.81,2
btc-updown-15m-1769831100,1769831100,540,0.21,0.22,0.215,0.01,460.35,1822.23,0.78,0.79,2
btc-updown-15m-1769831100,1769831100,555,0.17,0.18,0.175,0.01,2083.43,756.36,0.82,0.83,201
btc-updown-15m-1769831100,1769831100,570,0.15,0.16,0.155,0.01,1077.73,610.58,0.84,0.85,4
btc-updown-15m-1769831100,1769831100,585,0.13,0.14,0.135,0.01,1476.29,808.97,0.86,0.87,8
btc-updown-15m-1769831100,1769831100,600,0.1,0.11,0.105,0.01,1374.24,1984.96,0.89,0.9,1
btc-updown-15m-1769831100,1769831100,615,0.08,0.09,0.085,0.01,3497.58,1293.83,0.91,0.92,42
btc-updown-15m-1769831100,1769831100,630,0.11,0.12,0.115,0.01,1128.23,763.36,0.88,0.89,3
btc-updown-15m-1769831100,1769831100,645,0.09,0.1,0.095,0.01,1273.7,912.74,0.9,0.91,2
btc-updown-15m-1769831100,1769831100,660,0.08,0.09,0.085,0.01,3510.43,1517.24,0.91,0.92,23
btc-updown-15m-1769831100,1769831100,675,0.13,0.14,0.135,0.01,732.48,1235.82,0.86,0.87,15
btc-updown-15m-1769831100,1769831100,690,0.13,0.14,0.135,0.01,716.09,1402.94,0.86,0.87,2
btc-updown-15m-1769831100,1769831100,705,0.12,0.13,0.125,0.01,980.62,1366.12,0.87,0.88,26
btc-updown-15m-1769831100,1769831100,720,0.12,0.13,0.125,0.01,1427.12,305.08,0.87,0.88,2
btc-updown-15m-1769831100,1769831100,735,0.1,0.11,0.105,0.01,590.37,1275.13,0.89,0.9,4
btc-updown-15m-1769831100,1769831100,750,0.07,0.08,0.075,0.01,5029.9,987.27,0.92,0.93,37
btc-updown-15m-1769831100,1769831100,765,0.07,0.08,0.075,0.01,4520.43,1587.04,0.92,0.93,0
btc-updown-15m-1769831100,1769831100,780,0.07,0.08,0.075,0.01,4282.68,1531.67,0.92,0.93,18
btc-updown-15m-1769831100,1769831100,795,0.05,0.06,0.055,0.01,2937.4,1675.63,0.94,0.95,0
btc-updown-15m-1769831100,1769831100,810,0.03,0.04,0.035,0.01,16356.19,4562.12,0.96,0.97,0
btc-updown-15m-1769831100,1769831100,825,0.01,0.02,0.015,0.01,12167.5,4854.69,0.98,0.99,171
btc-updown-15m-1769831100,1769831100,840,0.01,0.02,0.015,0.01,9059.52,5695.92,0.98,0.99,25
btc-updown-15m-1769831100,1769831100,845,,0.01,,,0,8787.53,0.99,,8
btc-updown-15m-1769831100,1769831100,850,,0.01,,,0,10044.67,0.99,,8
btc-updown-15m-1769831100,1769831100,855,,0.01,,,0,10215.19,0.99,,35
btc-updown-15m-1769831100,1769831100,860,0.001,0.01,0.0055,0.009,1078.99,8243.43,0.99,0.999,29
btc-updown-15m-1769831100,1769831100,865,0.001,0.002,0.0015,0.001,943.87,4108.01,0.998,0.999,9
btc-updown-15m-1769831100,1769831100,870,0.002,0.003,0.0025,0.001,1152.96,6160.9,0.997,0.998,33
btc-updown-15m-1769831100,1769831100,875,0.002,0.008,0.005,0.006,986.96,8007.58,0.992,0.998,0
btc-updown-15m-1769831100,1769831100,880,0.001,0.002,0.0015,0.001,591.8,1052,0.998,0.999,11
btc-updown-15m-1769831100,1769831100,885,0.001,0.002,0.0015,0.001,563.65,493.84,0.998,0.999,79
btc-updown-15m-1769831100,1769831100,890,0.001,0.002,0.0015,0.001,416.86,563.1,0.998,0.999,116
btc-updown-15m-1769831100,1769831100,895,0.001,0.002,0.0015,0.001,190.84,853.1,0.998,0.999,43
btc-updown-15m-1769831100,1769831100,897,,0.001,,,0,6035.22,0.999,,80
btc-updown-15m-1769831100,1769831100,899,,0.001,,,0,11859.97,0.999,,96
btc-updown-15m-1769831100,1769831100,900,,0.001,,,0,27111.72,0.999,,75
btc-updown-15m-1769841900,1769841900,0,0.54,0.57,0.555,0.03,62.22,207.48,0.43,0.46,198
btc-updown-15m-1769841900,1769841900,15,0.65,0.66,0.655,0.01,1877.42,3252.18,0.34,0.35,51
btc-updown-15m-1769841900,1769841900,30,0.58,0.59,0.585,0.01,2120.4,3774.61,0.41,0.42,7
btc-updown-15m-1769841900,1769841900,45,0.61,0.62,0.615,0.01,4675.34,2240.29,0.38,0.39,4
btc-updown-15m-1769841900,1769841900,60,0.66,0.67,0.665,0.01,3290.29,2968.86,0.33,0.34,17
btc-updown-15m-1769841900,1769841900,75,0.66,0.67,0.665,0.01,3295.13,3930.16,0.33,0.34,2
btc-updown-15m-1769841900,1769841900,90,0.66,0.67,0.665,0.01,1358.46,3767.69,0.33,0.34,4
btc-updown-15m-1769841900,1769841900,105,0.6,0.61,0.605,0.01,2222.15,4003.28,0.39,0.4,11
btc-updown-15m-1769841900,1769841900,120,0.69,0.7,0.695,0.01,1788.45,3204.49,0.3,0.31,2
btc-updown-15m-1769841900,1769841900,135,0.71,0.72,0.715,0.01,4464.91,1913.39,0.28,0.29,78
btc-updown-15m-1769841900,1769841900,150,0.77,0.78,0.775,0.01,2879.39,3162.62,0.22,0.23,16
btc-updown-15m-1769841900,1769841900,165,0.66,0.67,0.665,0.01,2917.08,1636.97,0.33,0.34,13
btc-updown-15m-1769841900,1769841900,180,0.67,0.68,0.675,0.01,3250.02,3387.54,0.32,0.33,0
btc-updown-15m-1769841900,1769841900,195,0.66,0.67,0.665,0.01,2109.09,4532.33,0.33,0.34,78
btc-updown-15m-1769841900,1769841900,210,0.65,0.66,0.655,0.01,2333.19,3882.91,0.34,0.35,3
btc-updown-15m-1769841900,1769841900,225,0.55,0.56,0.555,0.01,449.82,943.85,0.44,0.45,2
btc-updown-15m-1769841900,1769841900,240,0.48,0.49,0.485,0.01,1663.85,1059.11,0.51,0.52,6
btc-updown-15m-1769841900,1769841900,255,0.34,0.35,0.345,0.01,2141.34,2911.81,0.65,0.66,6
btc-updown-15m-1769841900,1769841900,270,0.33,0.34,0.335,0.01,2295.03,4006.64,0.66,0.67,5
btc-updown-15m-1769841900,1769841900,285,0.22,0.23,0.225,0.01,2763.57,2714.64,0.77,0.78,31
btc-updown-15m-1769841900,1769841900,300,0.22,0.23,0.225,0.01,2542.76,2658.35,0.77,0.78,40
btc-updown-15m-1769841900,1769841900,315,0.29,0.3,0.295,0.01,3151.2,2628.16,0.7,0.71,30
btc-updown-15m-1769841900,1769841900,330,0.31,0.32,0.315,0.01,3187.23,2564.97,0.68,0.69,13
btc-updown-15m-1769841900,1769841900,345,0.33,0.34,0.335,0.01,1292.6,1643.06,0.66,0.67,12
btc-updown-15m-1769841900,1769841900,360,0.34,0.35,0.345,0.01,4100.79,115.88,0.65,0.66,0
btc-updown-15m-1769841900,1769841900,375,0.41,0.42,0.415,0.01,1084.31,2529.86,0.58,0.59,4
btc-updown-15m-1769841900,1769841900,390,0.53,0.54,0.535,0.01,2724.19,1911.33,0.46,0.47,1
btc-updown-15m-1769841900,1769841900,405,0.57,0.58,0.575,0.01,2321.62,2491.08,0.42,0.43,14
btc-updown-15m-1769841900,1769841900,420,0.57,0.58,0.575,0.01,2041.65,2412.68,0.42,0.43,9
btc-updown-15m-1769841900,1769841900,435,0.48,0.49,0.485,0.01,2382.06,3726.9,0.51,0.52,28
btc-updown-15m-1769841900,1769841900,450,0.51,0.52,0.515,0.01,1970.58,236.03,0.48,0.49,5
btc-updown-15m-1769841900,1769841900,465,0.57,0.58,0.575,0.01,3305.84,2397.53,0.42,0.43,4
btc-updown-15m-1769841900,1769841900,480,0.58,0.59,0.585,0.01,2267.49,4667.91,0.41,0.42,16
btc-updown-15m-1769841900,1769841900,495,0.51,0.52,0.515,0.01,2182.4,586.93,0.48,0.49,37
btc-updown-15m-1769841900,1769841900,510,0.51,0.52,0.515,0.01,3012.37,1612.57,0.48,0.49,16
btc-updown-15m-1769841900,1769841900,525,0.51,0.52,0.515,0.01,2203.3,2250.85,0.48,0.49,8
btc-updown-15m-1769841900,1769841900,540,0.63,0.64,0.635,0.01,747.65,2973.78,0.36,0.37,18
btc-updown-15m-1769841900,1769841900,555,0.62,0.63,0.625,0.01,2142.92,2709.09,0.37,0.38,5
btc-updown-15m-1769841900,1769841900,570,0.67,0.68,0.675,0.01,1424.36,3913.49,0.32,0.33,3
btc-updown-15m-1769841900,1769841900,585,0.68,0.69,0.685,0.01,2130.85,2990.73,0.31,0.32,19
btc-updown-15m-1769841900,1769841900,600,0.67,0.68,0.675,0.01,2545.2,2808.5,0.32,0.33,3
btc-updown-15m-1769841900,1769841900,615,0.72,0.73,0.725,0.01,1574.15,3664.31,0.27,0.28,26
btc-updown-15m-1769841900,1769841900,630,0.75,0.76,0.755,0.01,929.8,3534.82,0.24,0.25,6
btc-updown-15m-1769841900,1769841900,645,0.77,0.78,0.775,0.01,961.54,3885.07,0.22,0.23,112
btc-updown-15m-1769841900,1769841900,660,0.67,0.68,0.675,0.01,312.41,441.04,0.32,0.33,18
btc-updown-15m-1769841900,1769841900,675,0.62,0.63,0.625,0.01,594.42,1077.05,0.37,0.38,2
btc-updown-15m-1769841900,1769841900,690,0.62,0.63,0.625,0.01,1593.45,919.79,0.37,0.38,12
btc-updown-15m-1769841900,1769841900,705,0.41,0.42,0.415,0.01,519.4,571.45,0.58,0.59,0
btc-updown-15m-1769841900,1769841900,720,0.42,0.43,0.425,0.01,1916.63,1367.51,0.57,0.58,35
btc-updown-15m-1769841900,1769841900,735,0.42,0.43,0.425,0.01,2734.53,1239.97,0.57,0.58,1
btc-updown-15m-1769841900,1769841900,750,0.54,0.55,0.545,0.01,537.25,1826.61,0.45,0.46,5
btc-updown-15m-1769841900,1769841900,765,0.46,0.47,0.465,0.01,1113.32,1285.68,0.53,0.54,19
btc-updown-15m-1769841900,1769841900,780,0.39,0.4,0.395,0.01,991.65,963.43,0.6,0.61,32
btc-updown-15m-1769841900,1769841900,795,0.56,0.57,0.565,0.01,1540.34,256.91,0.43,0.44,1
btc-updown-15m-1769841900,1769841900,810,0.82,0.83,0.825,0.01,325.73,588.77,0.17,0.18,24
btc-updown-15m-1769841900,1769841900,825,0.82,0.83,0.825,0.01,309.47,359.73,0.17,0.18,0
btc-updown-15m-1769841900,1769841900,840,0.84,0.85,0.845,0.01,543.35,1409.54,0.15,0.16,2
btc-updown-15m-1769841900,1769841900,845,0.83,0.84,0.835,0.01,466.75,49.68,0.16,0.17,55
btc-updown-15m-1769841900,1769841900,850,0.93,0.94,0.935,0.01,290.63,2319.27,0.06,0.07,0
btc-updown-15m-1769841900,1769841900,855,0.92,0.94,0.93,0.02,589.41,1680.25,0.06,0.08,4
btc-updown-15m-1769841900,1769841900,860,0.96,0.97,0.965,0.01,115.13,13640.39,0.03,0.04,27
btc-updown-15m-1769841900,1769841900,865,0.95,0.97,0.96,0.02,451.53,13343.87,0.03,0.05,135
btc-updown-15m-1769841900,1769841900,870,0.96,0.97,0.965,0.01,1385.17,12870.94,0.03,0.04,92
btc-updown-15m-1769841900,1769841900,875,0.96,0.97,0.965,0.01,1652.81,12335.93,0.03,0.04,3
btc-updown-15m-1769841900,1769841900,880,0.96,0.97,0.965,0.01,710.58,13089.53,0.03,0.04,6
btc-updown-15m-1769841900,1769841900,885,0.97,0.98,0.975,0.01,409.67,10732.98,0.02,0.03,54
btc-updown-15m-1769841900,1769841900,890,0.97,0.98,0.975,0.01,940.44,10500.22,0.02,0.03,15
btc-updown-15m-1769841900,1769841900,895,0.98,0.99,0.985,0.01,840.02,6421.02,0.01,0.02,8
btc-updown-15m-1769841900,1769841900,897,0.97,0.98,0.975,0.01,797.2,5714.14,0.02,0.03,69
btc-updown-15m-1769841900,1769841900,899,0.97,0.99,0.98,0.02,351.01,2943.19,0.01,0.03,28
btc-updown-15m-1769841900,1769841900,900,0.99,,,,7801.47,0,,0.01,34
btc-updown-15m-1769851800,1769851800,0,0.55,0.56,0.555,0.01,1236.54,336.26,0.44,0.45,13
btc-updown-15m-1769851800,1769851800,15,0.59,0.6,0.595,0.01,5025.5,1793.13,0.4,0.41,4
btc-updown-15m-1769851800,1769851800,30,0.6,0.61,0.605,0.01,83,5159.61,0.39,0.4,8
btc-updown-15m-1769851800,1769851800,45,0.65,0.66,0.655,0.01,2363.03,3226.68,0.34,0.35,17
btc-updown-15m-1769851800,1769851800,60,0.64,0.65,0.645,0.01,3032.41,3631.6,0.35,0.36,7
btc-updown-15m-1769851800,1769851800,75,0.77,0.78,0.775,0.01,2434.46,2441.22,0.22,0.23,0
btc-updown-15m-1769851800,1769851800,90,0.8,0.81,0.805,0.01,3238.98,2734.93,0.19,0.2,0
btc-updown-15m-1769851800,1769851800,105,0.82,0.83,0.825,0.01,2259.25,4476.87,0.17,0.18,9
btc-updown-15m-1769851800,1769851800,120,0.79,0.8,0.795,0.01,2401.51,4631,0.2,0.21,3
btc-updown-15m-1769851800,1769851800,135,0.84,0.85,0.845,0.01,5502.75,2253.97,0.15,0.16,8
btc-updown-15m-1769851800,1769851800,150,0.86,0.87,0.865,0.01,2490.74,4206.27,0.13,0.14,15
btc-updown-15m-1769851800,1769851800,165,0.85,0.86,0.855,0.01,2238.21,4690.59,0.14,0.15,109
btc-updown-15m-1769851800,1769851800,180,0.88,0.89,0.885,0.01,3361.83,3748.5,0.11,0.12,36
btc-updown-15m-1769851800,1769851800,195,0.9,0.91,0.905,0.01,2161.21,4555.39,0.09,0.1,69
btc-updown-15m-1769851800,1769851800,210,0.87,0.88,0.875,0.01,1708.04,4519.52,0.12,0.13,195
btc-updown-15m-1769851800,1769851800,225,0.89,0.91,0.9,0.02,2804.83,3882.61,0.09,0.11,2
btc-updown-15m-1769851800,1769851800,240,0.89,0.9,0.895,0.01,3324.36,2151.59,0.1,0.11,2
btc-updown-15m-1769851800,1769851800,255,0.92,0.93,0.925,0.01,3787.65,4749.86,0.07,0.08,7
btc-updown-15m-1769851800,1769851800,270,0.93,0.94,0.935,0.01,4379.42,3311.76,0.06,0.07,14
btc-updown-15m-1769851800,1769851800,285,0.95,0.96,0.955,0.01,4008.69,10098,0.04,0.05,5
btc-updown-15m-1769851800,1769851800,300,0.93,0.94,0.935,0.01,4444.89,2131.23,0.06,0.07,0
btc-updown-15m-1769851800,1769851800,315,0.95,0.96,0.955,0.01,1598.79,9768.56,0.04,0.05,14
btc-updown-15m-1769851800,1769851800,330,0.95,0.96,0.955,0.01,599.12,11158.69,0.04,0.05,5
btc-updown-15m-1769851800,1769851800,345,0.95,0.96,0.955,0.01,3430.52,6430.14,0.04,0.05,17
btc-updown-15m-1769851800,1769851800,360,0.96,0.97,0.965,0.01,3575.5,17399.95,0.03,0.04,20
btc-updown-15m-1769851800,1769851800,375,0.95,0.96,0.955,0.01,1403.09,5589.23,0.04,0.05,7
btc-updown-15m-1769851800,1769851800,390,0.95,0.96,0.955,0.01,3513.2,6808.01,0.04,0.05,1
btc-updown-15m-1769851800,1769851800,405,0.95,0.96,0.955,0.01,3683.58,6119.96,0.04,0.05,12
btc-updown-15m-1769851800,1769851800,420,0.95,0.96,0.955,0.01,4079.91,5188.41,0.04,0.05,25
btc-updown-15m-1769851800,1769851800,435,0.94,0.95,0.945,0.01,3158.25,2142.47,0.05,0.06,3
btc-updown-15m-1769851800,1769851800,450,0.94,0.95,0.945,0.01,2768.77,2426.85,0.05,0.06,25
btc-updown-15m-1769851800,1769851800,465,0.94,0.95,0.945,0.01,114.79,5464.96,0.05,0.06,0
btc-updown-15m-1769851800,1769851800,480,0.93,0.94,0.935,0.01,2931.91,3485.38,0.06,0.07,10
btc-updown-15m-1769851800,1769851800,495,0.96,0.97,0.965,0.01,2775.92,19248.74,0.03,0.04,59
btc-updown-15m-1769851800,1769851800,510,0.96,0.97,0.965,0.01,3763.92,18116.62,0.03,0.04,4
btc-updown-15m-1769851800,1769851800,525,0.96,0.97,0.965,0.01,1982.14,19041.61,0.03,0.04,124
btc-updown-15m-1769851800,1769851800,540,0.94,0.95,0.945,0.01,4447.95,6195.81,0.05,0.06,57
btc-updown-15m-1769851800,1769851800,555,0.96,0.97,0.965,0.01,4699.44,18254.6,0.03,0.04,25
btc-updown-15m-1769851800,1769851800,570,0.97,0.98,0.975,0.01,3767.02,16863.86,0.02,0.03,82
btc-updown-15m-1769851800,1769851800,585,0.97,0.98,0.975,0.01,4409.78,15864.92,0.02,0.03,46
btc-updown-15m-1769851800,1769851800,600,0.97,0.98,0.975,0.01,3976.56,16706.67,0.02,0.03,17
btc-updown-15m-1769851800,1769851800,615,0.97,0.98,0.975,0.01,5473.76,13818.72,0.02,0.03,146
btc-updown-15m-1769851800,1769851800,630,0.98,0.99,0.985,0.01,7661.48,9841.07,0.01,0.02,100
btc-updown-15m-1769851800,1769851800,645,0.989,0.99,0.9895,0.001,93.5,9297.93,0.01,0.011,7
btc-updown-15m-1769851800,1769851800,660,0.986,0.99,0.988,0.004,46.12,13885.66,0.01,0.014,6
btc-updown-15m-1769851800,1769851800,675,0.986,0.99,0.988,0.004,248.12,7423.42,0.01,0.014,1
btc-updown-15m-1769851800,1769851800,690,0.986,0.99,0.988,0.004,143.7,6702.1,0.01,0.014,1
btc-updown-15m-1769851800,1769851800,705,0.986,0.99,0.988,0.004,1071.17,5028.74,0.01,0.014,96
btc-updown-15m-1769851800,1769851800,720,0.99,0.995,0.9925,0.005,2941.93,274.71,0.005,0.01,55
btc-updown-15m-1769851800,1769851800,735,0.995,0.999,0.997,0.004,9160.64,4680.5,0.001,0.005,42
btc-updown-15m-1769851800,1769851800,750,0.994,0.995,0.9945,0.001,96,3050.75,0.005,0.006,54
btc-updown-15m-1769851800,1769851800,765,0.996,0.998,0.997,0.002,139.95,6741.96,0.002,0.004,207
btc-updown-15m-1769851800,1769851800,780,0.996,0.998,0.997,0.002,184.8,4988.48,0.002,0.004,259
btc-updown-15m-1769851800,1769851800,795,0.998,0.999,0.9985,0.001,6006.8,4659.68,0.001,0.002,63
btc-updown-15m-1769851800,1769851800,810,0.998,0.999,0.9985,0.001,6024.07,4598.64,0.001,0.002,9
btc-updown-15m-1769851800,1769851800,825,0.998,0.999,0.9985,0.001,7781.07,3160.29,0.001,0.002,11
btc-updown-15m-1769851800,1769851800,840,0.999,,,,14994.96,0,,0.001,3
btc-updown-15m-1769851800,1769851800,845,0.999,,,,17564.45,0,,0.001,12
btc-updown-15m-1769851800,1769851800,850,0.999,,,,15562.47,0,,0.001,10
btc-updown-15m-1769851800,1769851800,855,0.999,,,,14674.4,0,,0.001,15
btc-updown-15m-1769851800,1769851800,860,0.999,,,,19600.58,0,,0.001,43
btc-updown-15m-1769851800,1769851800,865,0.999,,,,17580.59,0,,0.001,19
btc-updown-15m-1769851800,1769851800,870,0.999,,,,17450.8,0,,0.001,19
btc-updown-15m-1769851800,1769851800,875,0.999,,,,17455.8,0,,0.001,73
btc-updown-15m-1769851800,1769851800,880,0.998,0.999,0.9985,0.001,910.81,781.96,0.001,0.002,1
btc-updown-15m-1769851800,1769851800,885,0.999,,,,2132.02,0,,0.001,20
btc-updown-15m-1769851800,1769851800,890,0.999,,,,9169.65,0,,0.001,22
btc-updown-15m-1769851800,1769851800,895,0.999,,,,22787.94,0,,0.001,16
btc-updown-15m-1769851800,1769851800,897,0.999,,,,43768.3,0,,0.001,13
btc-updown-15m-1769851800,1769851800,899,0.999,,,,44879.48,0,,0.001,113
btc-updown-15m-1769851800,1769851800,900,0.999,,,,46492.48,0,,0.001,69
btc-updown-15m-1769861700,1769861700,0,0.54,0.55,0.545,0.01,1837.86,1291.53,0.45,0.46,265
btc-updown-15m-1769861700,1769861700,15,0.53,0.54,0.535,0.01,2085.78,2770.98,0.46,0.47,66
btc-updown-15m-1769861700,1769861700,30,0.54,0.55,0.545,0.01,2751.39,2761.56,0.45,0.46,0
btc-updown-15m-1769861700,1769861700,45,0.55,0.56,0.555,0.01,738.91,2715.67,0.44,0.45,49
btc-updown-15m-1769861700,1769861700,60,0.57,0.58,0.575,0.01,1775.76,1734.8,0.42,0.43,0
btc-updown-15m-1769861700,1769861700,75,0.78,0.79,0.785,0.01,2313.23,1538.98,0.21,0.22,1
btc-updown-15m-1769861700,1769861700,90,0.77,0.78,0.775,0.01,2077.05,2531.47,0.22,0.23,28
btc-updown-15m-1769861700,1769861700,105,0.77,0.78,0.775,0.01,1479.39,2640.4,0.22,0.23,1
btc-updown-15m-1769861700,1769861700,120,0.79,0.8,0.795,0.01,3581.07,900.9,0.2,0.21,19
btc-updown-15m-1769861700,1769861700,135,0.76,0.77,0.765,0.01,1259.92,2016.13,0.23,0.24,9
btc-updown-15m-1769861700,1769861700,150,0.78,0.79,0.785,0.01,547.29,2891.58,0.21,0.22,144
btc-updown-15m-1769861700,1769861700,165,0.77,0.78,0.775,0.01,1637.95,2200.22,0.22,0.23,8
btc-updown-15m-1769861700,1769861700,180,0.84,0.85,0.845,0.01,2420.69,3242.6,0.15,0.16,14
btc-updown-15m-1769861700,1769861700,195,0.79,0.8,0.795,0.01,2760.17,782.51,0.2,0.21,3
btc-updown-15m-1769861700,1769861700,210,0.75,0.76,0.755,0.01,1531.87,1754.96,0.24,0.25,0
btc-updown-15m-1769861700,1769861700,225,0.83,0.84,0.835,0.01,870.12,2706.82,0.16,0.17,77
btc-updown-15m-1769861700,1769861700,240,0.84,0.85,0.845,0.01,815.5,3744.96,0.15,0.16,24
btc-updown-15m-1769861700,1769861700,255,0.76,0.77,0.765,0.01,1016.47,936.46,0.23,0.24,11
btc-updown-15m-1769861700,1769861700,270,0.77,0.78,0.775,0.01,1481.89,2483.53,0.22,0.23,14
btc-updown-15m-1769861700,1769861700,285,0.8,0.81,0.805,0.01,2092.44,2156.43,0.19,0.2,8
btc-updown-15m-1769861700,1769861700,300,0.87,0.88,0.875,0.01,2238.73,2103.78,0.12,0.13,9
btc-updown-15m-1769861700,1769861700,315,0.91,0.92,0.915,0.01,1821.86,3622.8,0.08,0.09,16
btc-updown-15m-1769861700,1769861700,330,0.92,0.93,0.925,0.01,308.32,2454.43,0.07,0.08,54
btc-updown-15m-1769861700,1769861700,345,0.9,0.91,0.905,0.01,1785.29,2255.98,0.09,0.1,9
btc-updown-15m-1769861700,1769861700,360,0.88,0.89,0.885,0.01,1366.41,1128.17,0.11,0.12,6
btc-updown-15m-1769861700,1769861700,375,0.89,0.9,0.895,0.01,868.25,1765.11,0.1,0.11,38
btc-updown-15m-1769861700,1769861700,390,0.86,0.87,0.865,0.01,896.25,1984.29,0.13,0.14,2
btc-updown-15m-1769861700,1769861700,405,0.86,0.87,0.865,0.01,927.66,2503.01,0.13,0.14,3
btc-updown-15m-1769861700,1769861700,420,0.84,0.85,0.845,0.01,1175.62,1689.73,0.15,0.16,1
btc-updown-15m-1769861700,1769861700,435,0.83,0.84,0.835,0.01,526.39,2634.77,0.16,0.17,6
btc-updown-15m-1769861700,1769861700,450,0.86,0.87,0.865,0.01,1352.95,1981.02,0.13,0.14,57
btc-updown-15m-1769861700,1769861700,465,0.87,0.88,0.875,0.01,1436.09,2057.65,0.12,0.13,10
btc-updown-15m-1769861700,1769861700,480,0.9,0.91,0.905,0.01,1486.19,1300.69,0.09,0.1,45
btc-updown-15m-1769861700,1769861700,495,0.91,0.92,0.915,0.01,857.29,2084.37,0.08,0.09,0
btc-updown-15m-1769861700,1769861700,510,0.91,0.92,0.915,0.01,1046.57,1863.13,0.08,0.09,2
btc-updown-15m-1769861700,1769861700,525,0.92,0.93,0.925,0.01,1283.98,2493.56,0.07,0.08,5
btc-updown-15m-1769861700,1769861700,540,0.93,0.94,0.935,0.01,1446.63,1875.36,0.06,0.07,3
btc-updown-15m-1769861700,1769861700,555,0.95,0.96,0.955,0.01,1566.44,5414.77,0.04,0.05,11
btc-updown-15m-1769861700,1769861700,570,0.95,0.96,0.955,0.01,1276.68,5381.74,0.04,0.05,21
btc-updown-15m-1769861700,1769861700,585,0.94,0.96,0.95,0.02,1527.32,5881.41,0.04,0.06,85
btc-updown-15m-1769861700,1769861700,600,0.95,0.96,0.955,0.01,1513.37,5035.81,0.04,0.05,9
btc-updown-15m-1769861700,1769861700,615,0.97,0.98,0.975,0.01,1637.13,11641.97,0.02,0.03,147
btc-updown-15m-1769861700,1769861700,630,0.96,0.97,0.965,0.01,1861.65,10822.07,0.03,0.04,24
btc-updown-15m-1769861700,1769861700,645,0.96,0.97,0.965,0.01,1270.97,10217.12,0.03,0.04,15
btc-updown-15m-1769861700,1769861700,660,0.96,0.97,0.965,0.01,1019.59,10282.73,0.03,0.04,23
btc-updown-15m-1769861700,1769861700,675,0.98,0.99,0.985,0.01,3284.94,7771.53,0.01,0.02,2
btc-updown-15m-1769861700,1769861700,690,0.98,0.99,0.985,0.01,7553.9,3596.71,0.01,0.02,250
btc-updown-15m-1769861700,1769861700,705,0.98,0.99,0.985,0.01,6926.59,2348.7,0.01,0.02,0
btc-updown-15m-1769861700,1769861700,720,0.99,,,,6903.43,0,,0.01,52
btc-updown-15m-1769861700,1769861700,735,0.99,,,,15320.15,0,,0.01,526
btc-updown-15m-1769861700,1769861700,750,0.99,,,,13343.62,0,,0.01,342
btc-updown-15m-1769861700,1769861700,765,0.99,,,,13097.5,0,,0.01,1000
btc-updown-15m-1769861700,1769861700,780,0.991,0.998,0.9945,0.007,8193.77,3026.14,0.002,0.009,6
btc-updown-15m-1769861700,1769861700,795,0.992,0.997,0.9945,0.005,12980.69,4062.22,0.003,0.008,161
btc-updown-15m-1769861700,1769861700,810,0.994,0.998,0.996,0.004,3216.97,6975.37,0.002,0.006,229
btc-updown-15m-1769861700,1769861700,825,0.998,0.999,0.9985,0.001,1700.05,5777.42,0.001,0.002,595
btc-updown-15m-1769861700,1769861700,840,0.997,0.998,0.9975,0.001,1070.68,5787.67,0.002,0.003,17
btc-updown-15m-1769861700,1769861700,845,0.998,0.999,0.9985,0.001,2639.68,627.63,0.001,0.002,33
btc-updown-15m-1769861700,1769861700,850,0.999,,,,2585.99,0,,0.001,131
btc-updown-15m-1769861700,1769861700,855,0.999,,,,2601.71,0,,0.001,11
btc-updown-15m-1769861700,1769861700,860,0.999,,,,15757.94,0,,0.001,0
btc-updown-15m-1769861700,1769861700,865,0.999,,,,14742.96,0,,0.001,179
btc-updown-15m-1769861700,1769861700,870,0.999,,,,14723.72,0,,0.001,6
btc-updown-15m-1769861700,1769861700,875,0.999,,,,19955.1,0,,0.001,0
btc-updown-15m-1769861700,1769861700,880,0.999,,,,29954.1,0,,0.001,44
btc-updown-15m-1769861700,1769861700,885,0.999,,,,28962.27,0,,0.001,66
btc-updown-15m-1769861700,1769861700,890,0.999,,,,29006.65,0,,0.001,55
btc-updown-15m-1769861700,1769861700,895,0.999,,,,34040.69,0,,0.001,54
btc-updown-15m-1769861700,1769861700,897,0.999,,,,56710.91,0,,0.001,55
btc-updown-15m-1769861700,1769861700,899,0.999,,,,57806.11,0,,0.001,12
btc-updown-15m-1769861700,1769861700,900,0.999,,,,58576.11,0,,0.001,19
btc-updown-15m-1769872500,1769872500,0,0.55,0.56,0.555,0.01,3196.87,110,0.44,0.45,102
btc-updown-15m-1769872500,1769872500,15,0.52,0.53,0.525,0.01,4897.34,2141.04,0.47,0.48,16
btc-updown-15m-1769872500,1769872500,30,0.5,0.51,0.505,0.01,3935.02,3268.24,0.49,0.5,3
btc-updown-15m-1769872500,1769872500,45,0.48,0.49,0.485,0.01,1665.38,3536.1,0.51,0.52,1
btc-updown-15m-1769872500,1769872500,60,0.44,0.45,0.445,0.01,1895.39,3111.36,0.55,0.56,5
btc-updown-15m-1769872500,1769872500,75,0.35,0.36,0.355,0.01,3965.56,225.89,0.64,0.65,1
btc-updown-15m-1769872500,1769872500,90,0.35,0.36,0.355,0.01,3899.35,1850.31,0.64,0.65,0
btc-updown-15m-1769872500,1769872500,105,0.38,0.39,0.385,0.01,2270.09,6372.67,0.61,0.62,0
btc-updown-15m-1769872500,1769872500,120,0.36,0.37,0.365,0.01,5328.36,2898.09,0.63,0.64,0
btc-updown-15m-1769872500,1769872500,135,0.38,0.39,0.385,0.01,1961.13,6364.92,0.61,0.62,5
btc-updown-15m-1769872500,1769872500,150,0.37,0.38,0.375,0.01,1158.2,4337.35,0.62,0.63,53
btc-updown-15m-1769872500,1769872500,165,0.44,0.45,0.445,0.01,1691.39,1829.84,0.55,0.56,0
btc-updown-15m-1769872500,1769872500,180,0.48,0.49,0.485,0.01,4087.51,2140.31,0.51,0.52,1
btc-updown-15m-1769872500,1769872500,195,0.51,0.52,0.515,0.01,1786.12,2885.94,0.48,0.49,0
btc-updown-15m-1769872500,1769872500,210,0.45,0.46,0.455,0.01,85.18,4921.49,0.54,0.55,1
btc-updown-15m-1769872500,1769872500,225,0.42,0.43,0.425,0.01,5735.03,816,0.57,0.58,3
btc-updown-15m-1769872500,1769872500,240,0.43,0.44,0.435,0.01,4837.23,852.38,0.56,0.57,51
btc-updown-15m-1769872500,1769872500,255,0.45,0.46,0.455,0.01,3867.93,3044.86,0.54,0.55,0
btc-updown-15m-1769872500,1769872500,270,0.38,0.39,0.385,0.01,278.79,5313.94,0.61,0.62,2
btc-updown-15m-1769872500,1769872500,285,0.36,0.37,0.365,0.01,3313.62,1450.32,0.63,0.64,33
btc-updown-15m-1769872500,1769872500,300,0.37,0.38,0.375,0.01,363.85,3987.71,0.62,0.63,0
btc-updown-15m-1769872500,1769872500,315,0.37,0.38,0.375,0.01,1972.52,4344.08,0.62,0.63,0
btc-updown-15m-1769872500,1769872500,330,0.38,0.39,0.385,0.01,2399.29,4844.19,0.61,0.62,2
btc-updown-15m-1769872500,1769872500,345,0.31,0.32,0.315,0.01,2274.11,4170.65,0.68,0.69,98
btc-updown-15m-1769872500,1769872500,360,0.34,0.35,0.345,0.01,11301.82,4459.43,0.65,0.66,14
btc-updown-15m-1769872500,1769872500,375,0.38,0.39,0.385,0.01,159.09,4579.6,0.61,0.62,12
btc-updown-15m-1769872500,1769872500,390,0.4,0.41,0.405,0.01,1102.56,597.76,0.59,0.6,0
btc-updown-15m-1769872500,1769872500,405,0.45,0.46,0.455,0.01,1495.03,616.45,0.54,0.55,4
btc-updown-15m-1769872500,1769872500,420,0.44,0.45,0.445,0.01,4155.01,1436.74,0.55,0.56,3
btc-updown-15m-1769872500,1769872500,435,0.33,0.34,0.335,0.01,11088.47,3446.85,0.66,0.67,97
btc-updown-15m-1769872500,1769872500,450,0.4,0.41,0.405,0.01,1004.69,3312.14,0.59,0.6,1
btc-updown-15m-1769872500,1769872500,465,0.43,0.44,0.435,0.01,1149.2,3436.48,0.56,0.57,0
btc-updown-15m-1769872500,1769872500,480,0.44,0.45,0.445,0.01,880,3008.41,0.55,0.56,0
btc-updown-15m-1769872500,1769872500,495,0.42,0.43,0.425,0.01,1572.46,3922.18,0.57,0.58,16
btc-updown-15m-1769872500,1769872500,510,0.32,0.33,0.325,0.01,3241.5,4507.56,0.67,0.68,0
btc-updown-15m-1769872500,1769872500,525,0.35,0.36,0.355,0.01,157.84,1942.59,0.64,0.65,2
btc-updown-15m-1769872500,1769872500,540,0.32,0.33,0.325,0.01,3819.03,1871.63,0.67,0.68,3
btc-updown-15m-1769872500,1769872500,555,0.41,0.42,0.415,0.01,1445.57,1598.57,0.58,0.59,3
btc-updown-15m-1769872500,1769872500,570,0.39,0.4,0.395,0.01,1751.45,1331.3,0.6,0.61,2
btc-updown-15m-1769872500,1769872500,585,0.31,0.32,0.315,0.01,2582.59,4541.28,0.68,0.69,40
btc-updown-15m-1769872500,1769872500,600,0.26,0.27,0.265,0.01,3707.29,2249.44,0.73,0.74,0
btc-updown-15m-1769872500,1769872500,615,0.26,0.27,0.265,0.01,3859.3,863.93,0.73,0.74,11
btc-updown-15m-1769872500,1769872500,630,0.3,0.31,0.305,0.01,3023.23,628.34,0.69,0.7,3
btc-updown-15m-1769872500,1769872500,645,0.47,0.48,0.475,0.01,3197.77,343.91,0.52,0.53,7
btc-updown-15m-1769872500,1769872500,660,0.37,0.38,0.375,0.01,1847.79,1040.7,0.62,0.63,2
btc-updown-15m-1769872500,1769872500,675,0.52,0.53,0.525,0.01,1213.38,1566.77,0.47,0.48,1
btc-updown-15m-1769872500,1769872500,690,0.66,0.67,0.665,0.01,1995.75,235.35,0.33,0.34,32
btc-updown-15m-1769872500,1769872500,705,0.54,0.55,0.545,0.01,157.03,4027,0.45,0.46,0
btc-updown-15m-1769872500,1769872500,720,0.37,0.38,0.375,0.01,1562.67,1904.11,0.62,0.63,1
btc-updown-15m-1769872500,1769872500,735,0.32,0.33,0.325,0.01,2907.99,1007.36,0.67,0.68,14
btc-updown-15m-1769872500,1769872500,750,0.3,0.31,0.305,0.01,1580.15,3615.57,0.69,0.7,2
btc-updown-15m-1769872500,1769872500,765,0.25,0.26,0.255,0.01,3665.33,2085.56,0.74,0.75,21
btc-updown-15m-1769872500,1769872500,780,0.19,0.23,0.21,0.04,4684.88,2763.91,0.77,0.81,0
btc-updown-15m-1769872500,1769872500,795,0.24,0.25,0.245,0.01,1900.42,1411.45,0.75,0.76,0
btc-updown-15m-1769872500,1769872500,810,0.07,0.08,0.075,0.01,4876.48,690.25,0.92,0.93,21
btc-updown-15m-1769872500,1769872500,825,0.32,0.33,0.325,0.01,2186.16,239.71,0.67,0.68,0
btc-updown-15m-1769872500,1769872500,840,0.39,0.4,0.395,0.01,1299.56,98.23,0.6,0.61,5
btc-updown-15m-1769872500,1769872500,845,0.54,0.55,0.545,0.01,1016.42,2155.3,0.45,0.46,28
btc-updown-15m-1769872500,1769872500,850,0.73,0.74,0.735,0.01,418.6,892.28,0.26,0.27,5
btc-updown-15m-1769872500,1769872500,855,0.74,0.75,0.745,0.01,935.95,1454.87,0.25,0.26,0
btc-updown-15m-1769872500,1769872500,860,0.75,0.76,0.755,0.01,1227.19,2021.57,0.24,0.25,0
btc-updown-15m-1769872500,1769872500,865,0.62,0.63,0.625,0.01,35,2225.86,0.37,0.38,10
btc-updown-15m-1769872500,1769872500,870,0.68,0.69,0.685,0.01,614,2989,0.31,0.32,44
btc-updown-15m-1769872500,1769872500,875,0.81,0.82,0.815,0.01,245.13,1351.36,0.18,0.19,5
btc-updown-15m-1769872500,1769872500,880,0.88,0.9,0.89,0.02,584.31,1643.91,0.1,0.12,0
btc-updown-15m-1769872500,1769872500,885,0.95,0.96,0.955,0.01,111,5512.2,0.04,0.05,2
btc-updown-15m-1769872500,1769872500,890,0.98,0.99,0.985,0.01,4882.49,1674.7,0.01,0.02,8
btc-updown-15m-1769872500,1769872500,895,0.99,,,,20516.19,0,,0.01,95
btc-updown-15m-1769872500,1769872500,897,0.99,,,,18613.86,0,,0.01,0
btc-updown-15m-1769872500,1769872500,899,0.99,,,,24081,0,,0.01,24
btc-updown-15m-1769872500,1769872500,900,0.99,,,,43776.73,0,,0.01,100
btc-updown-15m-1769882400,1769882400,0,0.54,0.57,0.555,0.03,3314.23,437.15,0.43,0.46,111
btc-updown-15m-1769882400,1769882400,15,0.61,0.62,0.615,0.01,3978.77,3048.59,0.38,0.39,0
btc-updown-15m-1769882400,1769882400,30,0.65,0.66,0.655,0.01,1052.7,4352.46,0.34,0.35,7
btc-updown-15m-1769882400,1769882400,45,0.73,0.74,0.735,0.01,3863.32,2986.8,0.26,0.27,1
btc-updown-15m-1769882400,1769882400,60,0.73,0.74,0.735,0.01,3100.69,4175.61,0.26,0.27,58
btc-updown-15m-1769882400,1769882400,75,0.66,0.67,0.665,0.01,487.23,5778.43,0.33,0.34,20
btc-updown-15m-1769882400,1769882400,90,0.61,0.62,0.615,0.01,5131.57,3258.93,0.38,0.39,13
btc-updown-15m-1769882400,1769882400,105,0.62,0.63,0.625,0.01,4509.11,3121.67,0.37,0.38,0
btc-updown-15m-1769882400,1769882400,120,0.6,0.61,0.605,0.01,4581.75,3053.31,0.39,0.4,0
btc-updown-15m-1769882400,1769882400,135,0.65,0.67,0.66,0.02,3701.43,3504,0.33,0.35,0
btc-updown-15m-1769882400,1769882400,150,0.58,0.59,0.585,0.01,2844.57,2409.64,0.41,0.42,16
btc-updown-15m-1769882400,1769882400,165,0.61,0.62,0.615,0.01,3246.64,4291.45,0.38,0.39,12
btc-updown-15m-1769882400,1769882400,180,0.62,0.63,0.625,0.01,468,6722.92,0.37,0.38,1
btc-updown-15m-1769882400,1769882400,195,0.56,0.57,0.565,0.01,5387.56,3182.06,0.43,0.44,93
btc-updown-15m-1769882400,1769882400,210,0.54,0.55,0.545,0.01,2879.54,6421.75,0.45,0.46,3
btc-updown-15m-1769882400,1769882400,225,0.52,0.53,0.525,0.01,8057.53,3502.89,0.47,0.48,2
btc-updown-15m-1769882400,1769882400,240,0.5,0.51,0.505,0.01,6572.89,6008.88,0.49,0.5,32
btc-updown-15m-1769882400,1769882400,255,0.46,0.47,0.465,0.01,5949.73,2059.49,0.53,0.54,3
btc-updown-15m-1769882400,1769882400,270,0.42,0.43,0.425,0.01,2934.12,3460.14,0.57,0.58,0
btc-updown-15m-1769882400,1769882400,285,0.43,0.44,0.435,0.01,3568.19,4389.61,0.56,0.57,19
btc-updown-15m-1769882400,1769882400,300,0.47,0.48,0.475,0.01,1564.21,3054.74,0.52,0.53,4
btc-updown-15m-1769882400,1769882400,315,0.61,0.62,0.615,0.01,1989.58,4937.23,0.38,0.39,0
btc-updown-15m-1769882400,1769882400,330,0.55,0.56,0.555,0.01,1924.86,5227.76,0.44,0.45,0
btc-updown-15m-1769882400,1769882400,345,0.56,0.57,0.565,0.01,2108.43,7438.31,0.43,0.44,10
btc-updown-15m-1769882400,1769882400,360,0.6,0.61,0.605,0.01,4855.2,1392.34,0.39,0.4,4
btc-updown-15m-1769882400,1769882400,375,0.56,0.57,0.565,0.01,4192.33,1440.76,0.43,0.44,26
btc-updown-15m-1769882400,1769882400,390,0.5,0.51,0.505,0.01,5869.6,1434,0.49,0.5,24
btc-updown-15m-1769882400,1769882400,405,0.48,0.49,0.485,0.01,3272.63,3027.28,0.51,0.52,6
btc-updown-15m-1769882400,1769882400,420,0.42,0.43,0.425,0.01,4512.91,2831.74,0.57,0.58,2
btc-updown-15m-1769882400,1769882400,435,0.24,0.25,0.245,0.01,3765.02,2444.02,0.75,0.76,1
btc-updown-15m-1769882400,1769882400,450,0.28,0.29,0.285,0.01,4980.21,2119.24,0.71,0.72,1
btc-updown-15m-1769882400,1769882400,465,0.25,0.26,0.255,0.01,4526.73,3334.38,0.74,0.75,9
btc-updown-15m-1769882400,1769882400,480,0.33,0.34,0.335,0.01,2292.83,2800.44,0.66,0.67,0
btc-updown-15m-1769882400,1769882400,495,0.24,0.25,0.245,0.01,4372.04,926.09,0.75,0.76,9
btc-updown-15m-1769882400,1769882400,510,0.24,0.25,0.245,0.01,4179.53,2271.96,0.75,0.76,0
btc-updown-15m-1769882400,1769882400,525,0.2,0.21,0.205,0.01,4749.08,1758.47,0.79,0.8,2
btc-updown-15m-1769882400,1769882400,540,0.21,0.22,0.215,0.01,2626.75,2787.07,0.78,0.79,2
btc-updown-15m-1769882400,1769882400,555,0.25,0.26,0.255,0.01,3654.35,910.25,0.74,0.75,48
btc-updown-15m-1769882400,1769882400,570,0.33,0.34,0.335,0.01,5155.94,1763.01,0.66,0.67,0
btc-updown-15m-1769882400,1769882400,585,0.32,0.33,0.325,0.01,4570.73,3714.74,0.67,0.68,0
btc-updown-15m-1769882400,1769882400,600,0.41,0.42,0.415,0.01,1722,4277.2,0.58,0.59,0
btc-updown-15m-1769882400,1769882400,615,0.35,0.36,0.355,0.01,2751.72,691.56,0.64,0.65,1
btc-updown-15m-1769882400,1769882400,630,0.26,0.27,0.265,0.01,2326.46,3203.4,0.73,0.74,1
btc-updown-15m-1769882400,1769882400,645,0.31,0.32,0.315,0.01,2709.59,501.84,0.68,0.69,13
btc-updown-15m-1769882400,1769882400,660,0.27,0.28,0.275,0.01,4479.86,172.59,0.72,0.73,3
btc-updown-15m-1769882400,1769882400,675,0.38,0.39,0.385,0.01,3911.06,740.72,0.61,0.62,1
btc-updown-15m-1769882400,1769882400,690,0.44,0.45,0.445,0.01,648.79,2666.04,0.55,0.56,1
btc-updown-15m-1769882400,1769882400,705,0.32,0.33,0.325,0.01,2028.54,2372.84,0.67,0.68,10
btc-updown-15m-1769882400,1769882400,720,0.3,0.31,0.305,0.01,950.42,3530.71,0.69,0.7,17
btc-updown-15m-1769882400,1769882400,735,0.15,0.16,0.155,0.01,6818.46,373.33,0.84,0.85,1
btc-updown-15m-1769882400,1769882400,750,0.18,0.19,0.185,0.01,3292.3,1488.85,0.81,0.82,0
btc-updown-15m-1769882400,1769882400,765,0.18,0.19,0.185,0.01,1376.69,64.64,0.81,0.82,3
btc-updown-15m-1769882400,1769882400,780,0.22,0.24,0.23,0.02,3682.02,2581.84,0.76,0.78,2
btc-updown-15m-1769882400,1769882400,795,0.05,0.06,0.055,0.01,6422.29,401.67,0.94,0.95,0
btc-updown-15m-1769882400,1769882400,810,0.06,0.07,0.065,0.01,1105.24,1354.55,0.93,0.94,5
btc-updown-15m-1769882400,1769882400,825,0.02,0.03,0.025,0.01,8503.33,2541.66,0.97,0.98,8
btc-updown-15m-1769882400,1769882400,840,0.01,0.02,0.015,0.01,1426.7,3931.73,0.98,0.99,2
btc-updown-15m-1769882400,1769882400,845,,0.01,,,0,3782.13,0.99,,1
btc-updown-15m-1769882400,1769882400,850,,0.01,,,0,3163.51,0.99,,75
btc-updown-15m-1769882400,1769882400,855,,0.01,,,0,4959.91,0.99,,55
btc-updown-15m-1769882400,1769882400,860,,0.01,,,0,6622.43,0.99,,222
btc-updown-15m-1769882400,1769882400,865,,0.01,,,0,10574.05,0.99,,95
btc-updown-15m-1769882400,1769882400,870,,0.01,,,0,12221.06,0.99,,44
btc-updown-15m-1769882400,1769882400,875,,0.01,,,0,11318.32,0.99,,31
btc-updown-15m-1769882400,1769882400,880,,0.01,,,0,12352.31,0.99,,8
btc-updown-15m-1769882400,1769882400,885,,0.01,,,0,12658.26,0.99,,26
btc-updown-15m-1769882400,1769882400,890,,0.01,,,0,13220.75,0.99,,37
btc-updown-15m-1769882400,1769882400,895,,0.01,,,0,22000.69,0.99,,15
btc-updown-15m-1769882400,1769882400,897,,0.01,,,0,25718.69,0.99,,1
btc-updown-15m-1769882400,1769882400,899,,0.01,,,0,26218.53,0.99,,100
btc-updown-15m-1769882400,1769882400,900,,0.01,,,0,31605.35,0.99,,46
btc-updown-15m-1769893200,1769893200,0,0.35,0.43,0.39,0.08,762.42,6337.13,0.57,0.65,61
btc-updown-15m-1769893200,1769893200,15,0.47,0.48,0.475,0.01,4011.57,3105.31,0.52,0.53,0
btc-updown-15m-1769893200,1769893200,30,0.53,0.54,0.535,0.01,1932.6,3388.14,0.46,0.47,0
btc-updown-15m-1769893200,1769893200,45,0.55,0.56,0.555,0.01,4059.59,3866.62,0.44,0.45,4
btc-updown-15m-1769893200,1769893200,60,0.55,0.56,0.555,0.01,2450.76,4205.41,0.44,0.45,30
btc-updown-15m-1769893200,1769893200,75,0.57,0.58,0.575,0.01,2127.46,5176.43,0.42,0.43,0
btc-updown-15m-1769893200,1769893200,90,0.56,0.57,0.565,0.01,1315.28,5028.26,0.43,0.44,1
btc-updown-15m-1769893200,1769893200,105,0.65,0.66,0.655,0.01,3505.62,3881.93,0.34,0.35,20
btc-updown-15m-1769893200,1769893200,120,0.59,0.6,0.595,0.01,3900.93,3752.96,0.4,0.41,20
btc-updown-15m-1769893200,1769893200,135,0.4,0.41,0.405,0.01,1460.49,880.77,0.59,0.6,55
btc-updown-15m-1769893200,1769893200,150,0.32,0.33,0.325,0.01,3317.92,3530.7,0.67,0.68,1
btc-updown-15m-1769893200,1769893200,165,0.32,0.33,0.325,0.01,2164.87,3490.3,0.67,0.68,28
btc-updown-15m-1769893200,1769893200,180,0.3,0.31,0.305,0.01,3773.37,785.25,0.69,0.7,12
btc-updown-15m-1769893200,1769893200,195,0.39,0.4,0.395,0.01,1385.9,5022.12,0.6,0.61,2
btc-updown-15m-1769893200,1769893200,210,0.2,0.21,0.205,0.01,4194.92,957.23,0.79,0.8,2
btc-updown-15m-1769893200,1769893200,225,0.15,0.16,0.155,0.01,3015.9,3135.5,0.84,0.85,0
btc-updown-15m-1769893200,1769893200,240,0.13,0.14,0.135,0.01,6280.29,869.11,0.86,0.87,5
btc-updown-15m-1769893200,1769893200,255,0.16,0.17,0.165,0.01,3099.26,3657.89,0.83,0.84,19
btc-updown-15m-1769893200,1769893200,270,0.16,0.17,0.165,0.01,4376.72,3308.85,0.83,0.84,1
btc-updown-15m-1769893200,1769893200,285,0.16,0.17,0.165,0.01,5631.17,3296.67,0.83,0.84,2
btc-updown-15m-1769893200,1769893200,300,0.13,0.14,0.135,0.01,5116.6,2831.16,0.86,0.87,52
btc-updown-15m-1769893200,1769893200,315,0.18,0.19,0.185,0.01,2215.21,4556.27,0.81,0.82,3
btc-updown-15m-1769893200,1769893200,330,0.15,0.16,0.155,0.01,3393.12,2585.68,0.84,0.85,8
btc-updown-15m-1769893200,1769893200,345,0.15,0.16,0.155,0.01,3017.53,1993.45,0.84,0.85,8
btc-updown-15m-1769893200,1769893200,360,0.1,0.11,0.105,0.01,4518.84,1872.91,0.89,0.9,8
btc-updown-15m-1769893200,1769893200,375,0.14,0.15,0.145,0.01,2147.8,2888.03,0.85,0.86,23
btc-updown-15m-1769893200,1769893200,390,0.17,0.18,0.175,0.01,1950.63,3786.5,0.82,0.83,15
btc-updown-15m-1769893200,1769893200,405,0.18,0.19,0.185,0.01,2897.62,3630.04,0.81,0.82,2
btc-updown-15m-1769893200,1769893200,420,0.18,0.19,0.185,0.01,2951.66,3548.7,0.81,0.82,52
btc-updown-15m-1769893200,1769893200,435,0.28,0.29,0.285,0.01,2565.29,4535.21,0.71,0.72,1
btc-updown-15m-1769893200,1769893200,450,0.33,0.34,0.335,0.01,1196.51,2409.37,0.66,0.67,5
btc-updown-15m-1769893200,1769893200,465,0.31,0.32,0.315,0.01,4665,464.88,0.68,0.69,8
btc-updown-15m-1769893200,1769893200,480,0.34,0.35,0.345,0.01,3403.09,3559.8,0.65,0.66,6
btc-updown-15m-1769893200,1769893200,495,0.31,0.32,0.315,0.01,2762.2,1519.52,0.68,0.69,7
btc-updown-15m-1769893200,1769893200,510,0.34,0.35,0.345,0.01,2502.55,2660.89,0.65,0.66,37
btc-updown-15m-1769893200,1769893200,525,0.28,0.29,0.285,0.01,2309.92,4761.29,0.71,0.72,2
btc-updown-15m-1769893200,1769893200,540,0.3,0.31,0.305,0.01,493.52,4259.37,0.69,0.7,0
btc-updown-15m-1769893200,1769893200,555,0.33,0.34,0.335,0.01,1060.29,4108.26,0.66,0.67,13
btc-updown-15m-1769893200,1769893200,570,0.38,0.39,0.385,0.01,2256.24,2626.14,0.61,0.62,0
btc-updown-15m-1769893200,1769893200,585,0.28,0.29,0.285,0.01,3213.86,3286.95,0.71,0.72,24
btc-updown-15m-1769893200,1769893200,600,0.34,0.35,0.345,0.01,1965.01,4189.24,0.65,0.66,18
btc-updown-15m-1769893200,1769893200,615,0.24,0.25,0.245,0.01,1460.23,1604.78,0.75,0.76,2
btc-updown-15m-1769893200,1769893200,630,0.23,0.24,0.235,0.01,2046.32,2303.29,0.76,0.77,1
btc-updown-15m-1769893200,1769893200,645,0.3,0.31,0.305,0.01,3506.18,822.96,0.69,0.7,0
btc-updown-15m-1769893200,1769893200,660,0.31,0.32,0.315,0.01,1874.63,1450.02,0.68,0.69,30
btc-updown-15m-1769893200,1769893200,675,0.15,0.16,0.155,0.01,2533.73,1933.16,0.84,0.85,12
btc-updown-15m-1769893200,1769893200,690,0.12,0.13,0.125,0.01,3826.61,887.05,0.87,0.88,45
btc-updown-15m-1769893200,1769893200,705,0.11,0.12,0.115,0.01,3132.92,1695.75,0.88,0.89,9
btc-updown-15m-1769893200,1769893200,720,0.05,0.06,0.055,0.01,5232.81,1993.96,0.94,0.95,0
btc-updown-15m-1769893200,1769893200,735,0.04,0.05,0.045,0.01,7275.02,2189.28,0.95,0.96,28
btc-updown-15m-1769893200,1769893200,750,0.02,0.03,0.025,0.01,11754.92,3675.93,0.97,0.98,0
btc-updown-15m-1769893200,1769893200,765,0.02,0.03,0.025,0.01,8621.67,4923.9,0.97,0.98,12
btc-updown-15m-1769893200,1769893200,780,0.01,0.02,0.015,0.01,5290.22,4417.57,0.98,0.99,47
btc-updown-15m-1769893200,1769893200,795,,0.01,,,0,7711.04,0.99,,37
btc-updown-15m-1769893200,1769893200,810,,0.01,,,0,11313.89,0.99,,96
btc-updown-15m-1769893200,1769893200,825,,0.01,,,0,11531.85,0.99,,89
btc-updown-15m-1769893200,1769893200,840,,0.01,,,0,13081.1,0.99,,5
btc-updown-15m-1769893200,1769893200,845,,0.01,,,0,18893.13,0.99,,31
btc-updown-15m-1769893200,1769893200,850,,0.01,,,0,22484.25,0.99,,4
btc-updown-15m-1769893200,1769893200,855,,0.01,,,0,22535.85,0.99,,31
btc-updown-15m-1769893200,1769893200,860,,0.01,,,0,22424.92,0.99,,5
btc-updown-15m-1769893200,1769893200,865,,0.01,,,0,21250.86,0.99,,28
btc-updown-15m-1769893200,1769893200,870,,0.01,,,0,21639.56,0.99,,34
btc-updown-15m-1769893200,1769893200,875,,0.01,,,0,20700.37,0.99,,17
btc-updown-15m-1769893200,1769893200,880,,0.01,,,0,20646.37,0.99,,16
btc-updown-15m-1769893200,1769893200,885,,0.01,,,0,20643.78,0.99,,0
btc-updown-15m-1769893200,1769893200,890,,0.01,,,0,20961.2,0.99,,44
btc-updown-15m-1769893200,1769893200,895,,0.01,,,0,15038.76,0.99,,17
btc-updown-15m-1769893200,1769893200,897,,0.01,,,0,46947.97,0.99,,40
btc-updown-15m-1769893200,1769893200,899,,0.01,,,0,48734.99,0.99,,12
btc-updown-15m-1769893200,1769893200,900,,0.01,,,0,52629.35,0.99,,36
btc-updown-15m-1769903100,1769903100,0,0.5,0.51,0.505,0.01,658.77,244.06,0.49,0.5,182
btc-updown-15m-1769903100,1769903100,15,0.43,0.44,0.435,0.01,1150.82,866.54,0.56,0.57,1
btc-updown-15m-1769903100,1769903100,30,0.41,0.42,0.415,0.01,2341.94,2763.67,0.58,0.59,2
btc-updown-15m-1769903100,1769903100,45,0.31,0.33,0.32,0.02,2608.73,423.04,0.67,0.69,0
btc-updown-15m-1769903100,1769903100,60,0.3,0.31,0.305,0.01,1815.81,1382.04,0.69,0.7,0
btc-updown-15m-1769903100,1769903100,75,0.25,0.26,0.255,0.01,2007.24,897.16,0.74,0.75,0
btc-updown-15m-1769903100,1769903100,90,0.32,0.33,0.325,0.01,5086.02,603.41,0.67,0.68,54
btc-updown-15m-1769903100,1769903100,105,0.42,0.43,0.425,0.01,2825.14,617.97,0.57,0.58,0
btc-updown-15m-1769903100,1769903100,120,0.43,0.45,0.44,0.02,487.95,2698.43,0.55,0.57,0
btc-updown-15m-1769903100,1769903100,135,0.32,0.33,0.325,0.01,2566.36,2997.29,0.67,0.68,189
btc-updown-15m-1769903100,1769903100,150,0.34,0.35,0.345,0.01,425.59,3080.25,0.65,0.66,0
btc-updown-15m-1769903100,1769903100,165,0.31,0.32,0.315,0.01,2213.25,1500.91,0.68,0.69,29
btc-updown-15m-1769903100,1769903100,180,0.26,0.27,0.265,0.01,2608.7,678.09,0.73,0.74,9
btc-updown-15m-1769903100,1769903100,195,0.35,0.36,0.355,0.01,1379.65,1003.98,0.64,0.65,5
btc-updown-15m-1769903100,1769903100,210,0.3,0.31,0.305,0.01,2418.59,588.68,0.69,0.7,43
btc-updown-15m-1769903100,1769903100,225,0.3,0.31,0.305,0.01,2457.72,1472.99,0.69,0.7,5
btc-updown-15m-1769903100,1769903100,240,0.33,0.34,0.335,0.01,1908.05,1421.55,0.66,0.67,5
btc-updown-15m-1769903100,1769903100,255,0.33,0.34,0.335,0.01,866.78,2436.78,0.66,0.67,0
btc-updown-15m-1769903100,1769903100,270,0.4,0.41,0.405,0.01,1922.63,2150.88,0.59,0.6,9
btc-updown-15m-1769903100,1769903100,285,0.34,0.35,0.345,0.01,2840.41,922.55,0.65,0.66,2
btc-updown-15m-1769903100,1769903100,300,0.32,0.33,0.325,0.01,2237.6,1254.01,0.67,0.68,28
btc-updown-15m-1769903100,1769903100,315,0.39,0.4,0.395,0.01,3039.84,118.17,0.6,0.61,2
btc-updown-15m-1769903100,1769903100,330,0.45,0.46,0.455,0.01,2465.91,271.18,0.54,0.55,3
btc-updown-15m-1769903100,1769903100,345,0.44,0.45,0.445,0.01,1673.36,638.01,0.55,0.56,2
btc-updown-15m-1769903100,1769903100,360,0.49,0.5,0.495,0.01,1612.91,1431.15,0.5,0.51,0
btc-updown-15m-1769903100,1769903100,375,0.43,0.44,0.435,0.01,1279.47,1315.45,0.56,0.57,1
btc-updown-15m-1769903100,1769903100,390,0.45,0.46,0.455,0.01,1467.97,1447.15,0.54,0.55,13
btc-updown-15m-1769903100,1769903100,405,0.45,0.46,0.455,0.01,3128.71,1183.03,0.54,0.55,3
btc-updown-15m-1769903100,1769903100,420,0.56,0.57,0.565,0.01,1123.99,1131.73,0.43,0.44,26
btc-updown-15m-1769903100,1769903100,435,0.5,0.51,0.505,0.01,1404.64,1915.7,0.49,0.5,7
btc-updown-15m-1769903100,1769903100,450,0.6,0.61,0.605,0.01,771.11,2357.51,0.39,0.4,1
btc-updown-15m-1769903100,1769903100,465,0.63,0.64,0.635,0.01,1619.06,1773.16,0.36,0.37,8
btc-updown-15m-1769903100,1769903100,480,0.62,0.63,0.625,0.01,1256.48,513.47,0.37,0.38,5
btc-updown-15m-1769903100,1769903100,495,0.69,0.7,0.695,0.01,1128.67,982.27,0.3,0.31,9
btc-updown-15m-1769903100,1769903100,510,0.64,0.65,0.645,0.01,502.85,2197.33,0.35,0.36,1
btc-updown-15m-1769903100,1769903100,525,0.59,0.6,0.595,0.01,805.15,2376.4,0.4,0.41,59
btc-updown-15m-1769903100,1769903100,540,0.63,0.64,0.635,0.01,1045.85,708.9,0.36,0.37,0
btc-updown-15m-1769903100,1769903100,555,0.48,0.49,0.485,0.01,2065.21,1907.54,0.51,0.52,3
btc-updown-15m-1769903100,1769903100,570,0.43,0.44,0.435,0.01,1051.51,1563.34,0.56,0.57,1
btc-updown-15m-1769903100,1769903100,585,0.3,0.31,0.305,0.01,376.89,1112.31,0.69,0.7,29
btc-updown-15m-1769903100,1769903100,600,0.16,0.17,0.165,0.01,4408.93,207.4,0.83,0.84,0
btc-updown-15m-1769903100,1769903100,615,0.32,0.33,0.325,0.01,647.58,1840.47,0.67,0.68,4
btc-updown-15m-1769903100,1769903100,630,0.23,0.24,0.235,0.01,635.45,1109.59,0.76,0.77,1
btc-updown-15m-1769903100,1769903100,645,0.19,0.2,0.195,0.01,1659.7,1523.61,0.8,0.81,2
btc-updown-15m-1769903100,1769903100,660,0.1,0.11,0.105,0.01,2130.56,1224.32,0.89,0.9,21
btc-updown-15m-1769903100,1769903100,675,0.13,0.14,0.135,0.01,2673.14,825.37,0.86,0.87,89
btc-updown-15m-1769903100,1769903100,690,0.18,0.19,0.185,0.01,1192.85,1434.03,0.81,0.82,9
btc-updown-15m-1769903100,1769903100,705,0.31,0.32,0.315,0.01,50,3090.85,0.68,0.69,3
btc-updown-15m-1769903100,1769903100,720,0.2,0.21,0.205,0.01,610.41,1798.67,0.79,0.8,6
btc-updown-15m-1769903100,1769903100,735,0.19,0.2,0.195,0.01,771.19,901.96,0.8,0.81,4
btc-updown-15m-1769903100,1769903100,750,0.26,0.27,0.265,0.01,1682.62,494.98,0.73,0.74,17
btc-updown-15m-1769903100,1769903100,765,0.17,0.18,0.175,0.01,1320.46,1350.47,0.82,0.83,19
btc-updown-15m-1769903100,1769903100,780,0.1,0.11,0.105,0.01,709.12,1779.55,0.89,0.9,4
btc-updown-15m-1769903100,1769903100,795,0.03,0.04,0.035,0.01,15646.19,1409.46,0.96,0.97,60
btc-updown-15m-1769903100,1769903100,810,0.02,0.03,0.025,0.01,14143.43,1929.63,0.97,0.98,2
btc-updown-15m-1769903100,1769903100,825,0.01,0.02,0.015,0.01,10776.11,3446.15,0.98,0.99,74
btc-updown-15m-1769903100,1769903100,840,,0.01,,,0,6000.19,0.99,,40
btc-updown-15m-1769903100,1769903100,845,,0.01,,,0,9017.03,0.99,,15
btc-updown-15m-1769903100,1769903100,850,,0.01,,,0,10098.67,0.99,,35
btc-updown-15m-1769903100,1769903100,855,,0.01,,,0,13647.04,0.99,,32
btc-updown-15m-1769903100,1769903100,860,,0.01,,,0,14942.95,0.99,,2
btc-updown-15m-1769903100,1769903100,865,,0.01,,,0,13919.74,0.99,,14
btc-updown-15m-1769903100,1769903100,870,,0.01,,,0,14216.1,0.99,,3
btc-updown-15m-1769903100,1769903100,875,,0.01,,,0,13690.53,0.99,,3
btc-updown-15m-1769903100,1769903100,880,,0.01,,,0,8637.23,0.99,,1
btc-updown-15m-1769903100,1769903100,885,,0.01,,,0,6454.99,0.99,,1
btc-updown-15m-1769903100,1769903100,890,,0.01,,,0,4451.31,0.99,,26
btc-updown-15m-1769903100,1769903100,895,,0.01,,,0,5307.7,0.99,,12
btc-updown-15m-1769903100,1769903100,897,,0.01,,,0,10730.41,0.99,,192
btc-updown-15m-1769903100,1769903100,899,,0.01,,,0,37462.35,0.99,,19
btc-updown-15m-1769903100,1769903100,900,,0.01,,,0,42808.59,0.99,,73
