slug,epoch,t_sec,up_best_bid,up_best_ask,up_mid,spread,top3_bid_depth,top3_ask_depth,down_best_bid,down_best_ask,last_event_age_ms
btc-updown-15m-1761057000,1761057000,0,0.4,0.48,0.44,0.08,431.16,121.78,0.52,0.6,1326
btc-updown-15m-1761057000,1761057000,15,0.54,0.58,0.56,0.04,101,379.46,0.42,0.46,1
btc-updown-15m-1761057000,1761057000,30,0.53,0.57,0.55,0.04,377.5,783,0.43,0.47,82
btc-updown-15m-1761057000,1761057000,45,0.59,0.63,0.61,0.04,543,213.43,0.37,0.41,25
btc-updown-15m-1761057000,1761057000,60,0.55,0.59,0.57,0.04,367.5,765,0.41,0.45,815
btc-updown-15m-1761057000,1761057000,75,0.51,0.53,0.52,0.02,118.5,520,0.47,0.49,72
btc-updown-15m-1761057000,1761057000,90,0.52,0.56,0.54,0.04,385.91,760,0.44,0.48,16
btc-updown-15m-1761057000,1761057000,105,0.51,0.55,0.53,0.04,561.91,751.07,0.45,0.49,65
btc-updown-15m-1761057000,1761057000,120,0.52,0.57,0.545,0.05,625.91,750,0.43,0.48,11
btc-updown-15m-1761057000,1761057000,135,0.53,0.58,0.555,0.05,583.91,755,0.42,0.47,72
btc-updown-15m-1761057000,1761057000,150,0.57,0.6,0.585,0.03,803,258.54,0.4,0.43,0
btc-updown-15m-1761057000,1761057000,165,0.53,0.58,0.555,0.05,383.41,515,0.42,0.47,92
btc-updown-15m-1761057000,1761057000,180,0.52,0.55,0.535,0.03,310.91,750,0.45,0.48,51
btc-updown-15m-1761057000,1761057000,195,0.51,0.53,0.52,0.02,567.79,511.33,0.47,0.49,91
btc-updown-15m-1761057000,1761057000,210,0.56,0.61,0.585,0.05,396.5,519,0.39,0.44,734
btc-updown-15m-1761057000,1761057000,225,0.65,0.68,0.665,0.03,828,280,0.32,0.35,42
btc-updown-15m-1761057000,1761057000,240,0.64,0.68,0.66,0.04,342,846.98,0.32,0.36,197
btc-updown-15m-1761057000,1761057000,255,0.64,0.69,0.665,0.05,592,793.67,0.31,0.36,368
btc-updown-15m-1761057000,1761057000,270,0.67,0.72,0.695,0.05,537,797,0.28,0.33,54
btc-updown-15m-1761057000,1761057000,285,0.68,0.73,0.705,0.05,792,833.4,0.27,0.32,90
btc-updown-15m-1761057000,1761057000,300,0.73,0.77,0.75,0.04,744.14,564.2,0.23,0.27,767
btc-updown-15m-1761057000,1761057000,315,0.74,0.78,0.76,0.04,245.14,2577.62,0.22,0.26,680
btc-updown-15m-1761057000,1761057000,330,0.72,0.75,0.735,0.03,368.6,742.68,0.25,0.28,36
btc-updown-15m-1761057000,1761057000,345,0.68,0.73,0.705,0.05,792,783,0.27,0.32,72
btc-updown-15m-1761057000,1761057000,360,0.66,0.7,0.68,0.04,778,523,0.3,0.34,774
btc-updown-15m-1761057000,1761057000,375,0.68,0.74,0.71,0.06,897.5,523,0.26,0.32,14
btc-updown-15m-1761057000,1761057000,390,0.62,0.65,0.635,0.03,821,76,0.35,0.38,78
btc-updown-15m-1761057000,1761057000,405,0.67,0.71,0.69,0.04,768,513.83,0.29,0.33,81
btc-updown-15m-1761057000,1761057000,420,0.7,0.74,0.72,0.04,724,763,0.26,0.3,285
btc-updown-15m-1761057000,1761057000,435,0.71,0.74,0.725,0.03,388,586,0.26,0.29,7
btc-updown-15m-1761057000,1761057000,450,0.68,0.72,0.7,0.04,544,532.87,0.28,0.32,28
btc-updown-15m-1761057000,1761057000,465,0.8,0.82,0.81,0.02,268,528,0.18,0.2,240
btc-updown-15m-1761057000,1761057000,480,0.81,0.82,0.815,0.01,231,302.68,0.18,0.19,25
btc-updown-15m-1761057000,1761057000,495,0.8,0.81,0.805,0.01,116,505,0.19,0.2,0
btc-updown-15m-1761057000,1761057000,510,0.75,0.8,0.775,0.05,270,421.39,0.2,0.25,26
btc-updown-15m-1761057000,1761057000,525,0.71,0.77,0.74,0.06,767,803,0.23,0.29,415
btc-updown-15m-1761057000,1761057000,540,0.75,0.77,0.76,0.02,460,953.35,0.23,0.25,85
btc-updown-15m-1761057000,1761057000,555,0.69,0.74,0.715,0.05,794,802,0.26,0.31,200
btc-updown-15m-1761057000,1761057000,570,0.72,0.74,0.73,0.02,393.31,870.38,0.26,0.28,3
btc-updown-15m-1761057000,1761057000,585,0.73,0.77,0.75,0.04,517,875.65,0.23,0.27,299
btc-updown-15m-1761057000,1761057000,600,0.76,0.8,0.78,0.04,816,394.71,0.2,0.24,12
btc-updown-15m-1761057000,1761057000,615,0.79,0.83,0.81,0.04,24,870.2,0.17,0.21,50
btc-updown-15m-1761057000,1761057000,630,0.81,0.85,0.83,0.04,784,303,0.15,0.19,90
btc-updown-15m-1761057000,1761057000,645,0.84,0.85,0.845,0.01,117,545.69,0.15,0.16,83
btc-updown-15m-1761057000,1761057000,660,0.84,0.85,0.845,0.01,384,585.7,0.15,0.16,89
btc-updown-15m-1761057000,1761057000,675,0.84,0.91,0.875,0.07,532,824.8,0.09,0.16,17
btc-updown-15m-1761057000,1761057000,690,0.89,0.9,0.895,0.01,142.94,330.5,0.1,0.11,7
btc-updown-15m-1761057000,1761057000,705,0.91,0.93,0.92,0.02,440.73,561.96,0.07,0.09,1312
btc-updown-15m-1761057000,1761057000,720,0.94,0.96,0.95,0.02,75,1065.4,0.04,0.06,322
btc-updown-15m-1761057000,1761057000,735,0.96,0.97,0.965,0.01,233.9,1113.03,0.03,0.04,16
btc-updown-15m-1761057000,1761057000,750,0.92,0.95,0.935,0.03,433,997.86,0.05,0.08,2
btc-updown-15m-1761057000,1761057000,765,0.95,0.99,0.97,0.04,147.14,21.66,0.01,0.05,12
btc-updown-15m-1761057000,1761057000,780,0.97,0.98,0.975,0.01,585.6,110,0.02,0.03,66
btc-updown-15m-1761057000,1761057000,795,0.89,0.93,0.91,0.04,570.73,520,0.07,0.11,29
btc-updown-15m-1761057000,1761057000,810,0.7,0.8,0.75,0.1,266,411,0.2,0.3,101
btc-updown-15m-1761057000,1761057000,825,0.66,0.74,0.7,0.08,543,15,0.26,0.34,160
btc-updown-15m-1761057000,1761057000,840,0.81,0.87,0.84,0.06,20,260,0.13,0.19,129
btc-updown-15m-1761057000,1761057000,845,0.85,0.87,0.86,0.02,90,270,0.13,0.15,41
btc-updown-15m-1761057000,1761057000,850,0.85,0.98,0.915,0.13,257.59,515,0.02,0.15,51
btc-updown-15m-1761057000,1761057000,855,0.85,0.98,0.915,0.13,323.59,10,0.02,0.15,433
btc-updown-15m-1761057000,1761057000,860,0.99,,,,283.59,0,,0.01,189
btc-updown-15m-1761057000,1761057000,865,0.99,,,,262.42,0,,0.01,274
btc-updown-15m-1761057000,1761057000,870,0.99,,,,2329.9,0,,0.01,247
btc-updown-15m-1761057000,1761057000,875,0.99,,,,2354.9,0,,0.01,314
btc-updown-15m-1761057000,1761057000,880,0.99,,,,2354.9,0,,0.01,1149
btc-updown-15m-1761057000,1761057000,885,0.99,,,,2344.9,0,,0.01,3385
btc-updown-15m-1761057000,1761057000,890,0.99,,,,2394.9,0,,0.01,522
btc-updown-15m-1761057000,1761057000,895,0.99,,,,2919.9,0,,0.01,3955
btc-updown-15m-1761057000,1761057000,897,0.99,,,,2914.65,0,,0.01,1945
btc-updown-15m-1761057000,1761057000,899,0.99,,,,3271.65,0,,0.01,364
btc-updown-15m-1761057000,1761057000,900,0.99,,,,3271.65,0,,0.01,1364
btc-updown-15m-1761061500,1761061500,0,0.46,0.52,0.49,0.06,55.62,33.83,0.48,0.54,136
btc-updown-15m-1761061500,1761061500,15,0.49,0.54,0.515,0.05,127.22,82.15,0.46,0.51,83
btc-updown-15m-1761061500,1761061500,30,0.53,0.55,0.54,0.02,836.5,275.24,0.45,0.47,9
btc-updown-15m-1761061500,1761061500,45,0.49,0.54,0.515,0.05,864.7,545.24,0.46,0.51,50
btc-updown-15m-1761061500,1761061500,60,0.45,0.47,0.46,0.02,894.5,315,0.53,0.55,23
btc-updown-15m-1761061500,1761061500,75,0.53,0.57,0.55,0.04,658.2,815.85,0.43,0.47,18
btc-updown-15m-1761061500,1761061500,90,0.55,0.58,0.565,0.03,816.5,307.11,0.42,0.45,8
btc-updown-15m-1761061500,1761061500,105,0.59,0.61,0.6,0.02,750,76.14,0.39,0.41,23
btc-updown-15m-1761061500,1761061500,120,0.58,0.61,0.595,0.03,902.01,285.09,0.39,0.42,25
btc-updown-15m-1761061500,1761061500,135,0.59,0.64,0.615,0.05,901.68,81.15,0.36,0.41,25
btc-updown-15m-1761061500,1761061500,150,0.62,0.65,0.635,0.03,785,305.1,0.35,0.38,28
btc-updown-15m-1761061500,1761061500,165,0.6,0.63,0.615,0.03,776.21,25.1,0.37,0.4,22
btc-updown-15m-1761061500,1761061500,180,0.58,0.64,0.61,0.06,812,867.1,0.36,0.42,11
btc-updown-15m-1761061500,1761061500,195,0.6,0.63,0.615,0.03,765,225.48,0.37,0.4,0
btc-updown-15m-1761061500,1761061500,210,0.59,0.63,0.61,0.04,902.5,484.3,0.37,0.41,8
btc-updown-15m-1761061500,1761061500,225,0.6,0.63,0.615,0.03,768,140.93,0.37,0.4,30
btc-updown-15m-1761061500,1761061500,240,0.6,0.64,0.62,0.04,608,499.26,0.36,0.4,27
btc-updown-15m-1761061500,1761061500,255,0.58,0.63,0.605,0.05,514,635.6,0.37,0.42,7
btc-updown-15m-1761061500,1761061500,270,0.57,0.63,0.6,0.06,861.4,770,0.37,0.43,21
btc-updown-15m-1761061500,1761061500,285,0.52,0.58,0.55,0.06,617.3,764,0.42,0.48,19
btc-updown-15m-1761061500,1761061500,300,0.53,0.56,0.545,0.03,755,577,0.44,0.47,22
btc-updown-15m-1761061500,1761061500,315,0.58,0.64,0.61,0.06,797,640.26,0.36,0.42,6
btc-updown-15m-1761061500,1761061500,330,0.66,0.7,0.68,0.04,738.58,634.5,0.3,0.34,1
btc-updown-15m-1761061500,1761061500,345,0.68,0.72,0.7,0.04,763,385.4,0.28,0.32,31
btc-updown-15m-1761061500,1761061500,360,0.65,0.7,0.675,0.05,528,391.9,0.3,0.35,19
btc-updown-15m-1761061500,1761061500,375,0.72,0.74,0.73,0.02,768,36,0.26,0.28,19
btc-updown-15m-1761061500,1761061500,390,0.7,0.74,0.72,0.04,620,858.5,0.26,0.3,5
btc-updown-15m-1761061500,1761061500,405,0.64,0.74,0.69,0.1,740.66,363.5,0.26,0.36,0
btc-updown-15m-1761061500,1761061500,420,0.63,0.67,0.65,0.04,531,539,0.33,0.37,24
btc-updown-15m-1761061500,1761061500,435,0.6,0.65,0.625,0.05,318,39,0.35,0.4,22
btc-updown-15m-1761061500,1761061500,450,0.53,0.59,0.56,0.06,361.4,542,0.41,0.47,27
btc-updown-15m-1761061500,1761061500,465,0.67,0.72,0.695,0.05,516,787,0.28,0.33,30
btc-updown-15m-1761061500,1761061500,480,0.71,0.73,0.72,0.02,333,623.5,0.27,0.29,188
btc-updown-15m-1761061500,1761061500,495,0.66,0.7,0.68,0.04,768.28,286,0.3,0.34,19
btc-updown-15m-1761061500,1761061500,510,0.65,0.69,0.67,0.04,737.1,276.9,0.31,0.35,14
btc-updown-15m-1761061500,1761061500,525,0.63,0.68,0.655,0.05,548.9,606,0.32,0.37,26
btc-updown-15m-1761061500,1761061500,540,0.46,0.52,0.49,0.06,569.1,764,0.48,0.54,4
btc-updown-15m-1761061500,1761061500,555,0.41,0.46,0.435,0.05,567.7,227.33,0.54,0.59,127
btc-updown-15m-1761061500,1761061500,570,0.35,0.38,0.365,0.03,559,271,0.62,0.65,11
btc-updown-15m-1761061500,1761061500,585,0.17,0.22,0.195,0.05,35,846.5,0.78,0.83,76
btc-updown-15m-1761061500,1761061500,600,0.17,0.21,0.19,0.04,40,533.2,0.79,0.83,32
btc-updown-15m-1761061500,1761061500,615,0.31,0.35,0.33,0.04,293,812.8,0.65,0.69,24
btc-updown-15m-1761061500,1761061500,630,0.31,0.36,0.335,0.05,531,810,0.64,0.69,0
btc-updown-15m-1761061500,1761061500,645,0.31,0.38,0.345,0.07,144.5,305.4,0.62,0.69,26
btc-updown-15m-1761061500,1761061500,660,0.43,0.46,0.445,0.03,113.5,722.33,0.54,0.57,20
btc-updown-15m-1761061500,1761061500,675,0.51,0.6,0.555,0.09,604.5,777.87,0.4,0.49,7
btc-updown-15m-1761061500,1761061500,690,0.49,0.57,0.53,0.08,380.5,585.2,0.43,0.51,82
btc-updown-15m-1761061500,1761061500,705,0.48,0.56,0.52,0.08,64.1,803,0.44,0.52,145
btc-updown-15m-1761061500,1761061500,720,0.44,0.48,0.46,0.04,17,884.5,0.52,0.56,8
btc-updown-15m-1761061500,1761061500,735,0.4,0.44,0.42,0.04,35.7,292.5,0.56,0.6,4
btc-updown-15m-1761061500,1761061500,750,0.38,0.45,0.415,0.07,278,624.5,0.55,0.62,10
btc-updown-15m-1761061500,1761061500,765,0.29,0.38,0.335,0.09,33.3,837.5,0.62,0.71,8
btc-updown-15m-1761061500,1761061500,780,0.29,0.32,0.305,0.03,510,837.5,0.68,0.71,11
btc-updown-15m-1761061500,1761061500,795,0.32,0.4,0.36,0.08,265,790.98,0.6,0.68,9
btc-updown-15m-1761061500,1761061500,810,0.1,0.2,0.15,0.1,376,766,0.8,0.9,1051
btc-updown-15m-1761061500,1761061500,825,0.25,0.38,0.315,0.13,40,57,0.62,0.75,18
btc-updown-15m-1761061500,1761061500,840,0.21,0.38,0.295,0.17,670,20,0.62,0.79,62
btc-updown-15m-1761061500,1761061500,845,0.37,0.46,0.415,0.09,312.9,52,0.54,0.63,4
btc-updown-15m-1761061500,1761061500,850,0.37,0.45,0.41,0.08,206.31,36,0.55,0.63,1119
btc-updown-15m-1761061500,1761061500,855,0.37,0.5,0.435,0.13,760.53,20,0.5,0.63,6
btc-updown-15m-1761061500,1761061500,860,0.37,0.61,0.49,0.24,115.53,62,0.39,0.63,52
btc-updown-15m-1761061500,1761061500,865,0.38,0.66,0.52,0.28,118.84,52,0.34,0.62,195
btc-updown-15m-1761061500,1761061500,870,0.59,0.93,0.76,0.34,42,161.02,0.07,0.41,40
btc-updown-15m-1761061500,1761061500,875,0.63,0.94,0.785,0.31,787,89.55,0.06,0.37,13
btc-updown-15m-1761061500,1761061500,880,0.7,0.8,0.75,0.1,37,47,0.2,0.3,153
btc-updown-15m-1761061500,1761061500,885,0.66,0.82,0.74,0.16,35.44,15,0.18,0.34,17
btc-updown-15m-1761061500,1761061500,890,0.72,0.82,0.77,0.1,92,47,0.18,0.28,22
btc-updown-15m-1761061500,1761061500,895,0.83,0.94,0.885,0.11,106,206.19,0.06,0.17,284
btc-updown-15m-1761061500,1761061500,897,0.88,0.98,0.93,0.1,167,285.19,0.02,0.12,185
btc-updown-15m-1761061500,1761061500,899,0.99,,,,293.99,0,,0.01,215
btc-updown-15m-1761061500,1761061500,900,0.99,,,,489.18,0,,0.01,577
btc-updown-15m-1761066000,1761066000,0,0.53,0.55,0.54,0.02,60,419.55,0.45,0.47,2338
btc-updown-15m-1761066000,1761066000,15,0.66,0.7,0.68,0.04,37.31,103,0.3,0.34,14
btc-updown-15m-1761066000,1761066000,30,0.67,0.7,0.685,0.03,312.89,484.83,0.3,0.33,2
btc-updown-15m-1761066000,1761066000,45,0.65,0.66,0.655,0.01,308.92,85,0.34,0.35,14
btc-updown-15m-1761066000,1761066000,60,0.62,0.67,0.645,0.05,55.88,150.5,0.33,0.38,12
btc-updown-15m-1761066000,1761066000,75,0.57,0.67,0.62,0.1,262.3,218,0.33,0.43,21
btc-updown-15m-1761066000,1761066000,90,0.48,0.53,0.505,0.05,630.86,750,0.47,0.52,13
btc-updown-15m-1761066000,1761066000,105,0.54,0.6,0.57,0.06,804,770.07,0.4,0.46,853
btc-updown-15m-1761066000,1761066000,120,0.56,0.58,0.57,0.02,284.84,285,0.42,0.44,23
btc-updown-15m-1761066000,1761066000,135,0.48,0.52,0.5,0.04,596.56,760,0.48,0.52,394
btc-updown-15m-1761066000,1761066000,150,0.48,0.53,0.505,0.05,824.63,347.5,0.47,0.52,3
btc-updown-15m-1761066000,1761066000,165,0.46,0.47,0.465,0.01,23.09,135.5,0.53,0.54,27
btc-updown-15m-1761066000,1761066000,180,0.5,0.52,0.51,0.02,395.5,92,0.48,0.5,84
btc-updown-15m-1761066000,1761066000,195,0.36,0.4,0.38,0.04,127.24,53,0.6,0.64,11
btc-updown-15m-1761066000,1761066000,210,0.34,0.38,0.36,0.04,315,537.2,0.62,0.66,362
btc-updown-15m-1761066000,1761066000,225,0.35,0.39,0.37,0.04,659,561.1,0.61,0.65,2
btc-updown-15m-1761066000,1761066000,240,0.44,0.48,0.46,0.04,715.51,547.1,0.52,0.56,8
btc-updown-15m-1761066000,1761066000,255,0.33,0.35,0.34,0.02,505,550,0.65,0.67,7
btc-updown-15m-1761066000,1761066000,270,0.38,0.41,0.395,0.03,258,527,0.59,0.62,1506
btc-updown-15m-1761066000,1761066000,285,0.42,0.44,0.43,0.02,540,546,0.56,0.58,2
btc-updown-15m-1761066000,1761066000,300,0.54,0.56,0.55,0.02,341.5,36,0.44,0.46,1
btc-updown-15m-1761066000,1761066000,315,0.61,0.67,0.64,0.06,128.18,82.2,0.33,0.39,68
btc-updown-15m-1761066000,1761066000,330,0.72,0.8,0.76,0.08,157.4,244.7,0.2,0.28,32
btc-updown-15m-1761066000,1761066000,345,0.63,0.69,0.66,0.06,51.5,292.5,0.31,0.37,17
btc-updown-15m-1761066000,1761066000,360,0.66,0.68,0.67,0.02,37.3,365.48,0.32,0.34,22
btc-updown-15m-1761066000,1761066000,375,0.68,0.75,0.715,0.07,38.7,601.5,0.25,0.32,12
btc-updown-15m-1761066000,1761066000,390,0.73,0.79,0.76,0.06,145.8,153.2,0.21,0.27,3
btc-updown-15m-1761066000,1761066000,405,0.67,0.76,0.715,0.09,99.52,201.13,0.24,0.33,21
btc-updown-15m-1761066000,1761066000,420,0.77,0.8,0.785,0.03,34,200.33,0.2,0.23,426
btc-updown-15m-1761066000,1761066000,435,0.83,0.86,0.845,0.03,108.12,656.43,0.14,0.17,0
btc-updown-15m-1761066000,1761066000,450,0.75,0.82,0.785,0.07,168.1,211.31,0.18,0.25,18
btc-updown-15m-1761066000,1761066000,465,0.77,0.82,0.795,0.05,124.2,126.81,0.18,0.23,27
btc-updown-15m-1761066000,1761066000,480,0.77,0.82,0.795,0.05,40.3,39.37,0.18,0.23,23
btc-updown-15m-1761066000,1761066000,495,0.83,0.87,0.85,0.04,45.1,597.61,0.13,0.17,5
btc-updown-15m-1761066000,1761066000,510,0.83,0.91,0.87,0.08,45,27,0.09,0.17,264
btc-updown-15m-1761066000,1761066000,525,0.79,0.9,0.845,0.11,372.12,129.5,0.1,0.21,2
btc-updown-15m-1761066000,1761066000,540,0.78,0.89,0.835,0.11,26.5,116.5,0.11,0.22,130
btc-updown-15m-1761066000,1761066000,555,0.89,0.94,0.915,0.05,51.3,86,0.06,0.11,25
btc-updown-15m-1761066000,1761066000,570,0.85,0.93,0.89,0.08,43.9,265.5,0.07,0.15,3
btc-updown-15m-1761066000,1761066000,585,0.93,0.95,0.94,0.02,60,1654.28,0.05,0.07,19
btc-updown-15m-1761066000,1761066000,600,0.84,0.89,0.865,0.05,340.1,113.5,0.11,0.16,11
btc-updown-15m-1761066000,1761066000,615,0.81,0.84,0.825,0.03,298.8,245,0.16,0.19,5
btc-updown-15m-1761066000,1761066000,630,0.88,0.95,0.915,0.07,49,1307.82,0.05,0.12,16
btc-updown-15m-1761066000,1761066000,645,0.92,0.95,0.935,0.03,77,1219.34,0.05,0.08,15
btc-updown-15m-1761066000,1761066000,660,0.94,0.97,0.955,0.03,79.66,1451.34,0.03,0.06,26
btc-updown-15m-1761066000,1761066000,675,0.94,0.97,0.955,0.03,109.66,1212.3,0.03,0.06,1088
btc-updown-15m-1761066000,1761066000,690,0.82,0.84,0.83,0.02,268.91,97,0.16,0.18,0
btc-updown-15m-1761066000,1761066000,705,0.88,0.94,0.91,0.06,54.9,184.5,0.06,0.12,29
btc-updown-15m-1761066000,1761066000,720,0.89,0.94,0.915,0.05,56.3,194.5,0.06,0.11,1322
btc-updown-15m-1761066000,1761066000,735,0.86,0.92,0.89,0.06,314,151.5,0.08,0.14,2
btc-updown-15m-1761066000,1761066000,750,0.95,0.97,0.96,0.02,50,1120.7,0.03,0.05,19
btc-updown-15m-1761066000,1761066000,765,0.98,0.99,0.985,0.01,62.73,360.37,0.01,0.02,26
btc-updown-15m-1761066000,1761066000,780,0.92,0.98,0.95,0.06,302.07,878.87,0.02,0.08,17
btc-updown-15m-1761066000,1761066000,795,0.84,0.91,0.875,0.07,174.97,788,0.09,0.16,10
btc-updown-15m-1761066000,1761066000,810,0.84,0.89,0.865,0.05,233.63,555,0.11,0.16,8
btc-updown-15m-1761066000,1761066000,825,0.87,0.88,0.875,0.01,218,541.59,0.12,0.13,7
btc-updown-15m-1761066000,1761066000,840,0.84,0.97,0.905,0.13,363.66,1089.87,0.03,0.16,19
btc-updown-15m-1761066000,1761066000,845,0.82,0.88,0.85,0.06,575.66,107,0.12,0.18,24
btc-updown-15m-1761066000,1761066000,850,0.85,0.93,0.89,0.08,373.66,522,0.07,0.15,1
btc-updown-15m-1761066000,1761066000,855,0.85,0.92,0.885,0.07,123.66,341.65,0.08,0.15,294
btc-updown-15m-1761066000,1761066000,860,0.88,0.98,0.93,0.1,298,439.87,0.02,0.12,1517
btc-updown-15m-1761066000,1761066000,865,0.91,,,,147.02,0,,0.09,74
btc-updown-15m-1761066000,1761066000,870,0.91,,,,397.02,0,,0.09,1970
btc-updown-15m-1761066000,1761066000,875,0.99,,,,202,0,,0.01,416
btc-updown-15m-1761066000,1761066000,880,0.99,,,,1592.43,0,,0.01,2
btc-updown-15m-1761066000,1761066000,885,0.99,,,,1638.32,0,,0.01,8
btc-updown-15m-1761066000,1761066000,890,0.99,,,,1638.32,0,,0.01,28
btc-updown-15m-1761066000,1761066000,895,0.99,,,,1606.32,0,,0.01,28
btc-updown-15m-1761066000,1761066000,897,0.99,,,,1606.32,0,,0.01,26
btc-updown-15m-1761066000,1761066000,899,0.99,,,,1606.32,0,,0.01,1301
btc-updown-15m-1761066000,1761066000,900,0.99,,,,1982.79,0,,0.01,10
btc-updown-15m-1761070500,1761070500,0,0.53,0.55,0.54,0.02,1158.73,204.51,0.45,0.47,331
btc-updown-15m-1761070500,1761070500,15,0.48,0.5,0.49,0.02,52.3,450.76,0.5,0.52,177
btc-updown-15m-1761070500,1761070500,30,0.49,0.54,0.515,0.05,776.21,925.04,0.46,0.51,187
btc-updown-15m-1761070500,1761070500,45,0.49,0.54,0.515,0.05,772.36,925.04,0.46,0.51,2
btc-updown-15m-1761070500,1761070500,60,0.56,0.57,0.565,0.01,15,860.8,0.43,0.44,1225
btc-updown-15m-1761070500,1761070500,75,0.46,0.49,0.475,0.03,266.3,758,0.51,0.54,92
btc-updown-15m-1761070500,1761070500,90,0.47,0.52,0.495,0.05,770,856.8,0.48,0.53,56
btc-updown-15m-1761070500,1761070500,105,0.56,0.59,0.575,0.03,515,603.13,0.41,0.44,5
btc-updown-15m-1761070500,1761070500,120,0.54,0.57,0.555,0.03,802.51,30,0.43,0.46,1213
btc-updown-15m-1761070500,1761070500,135,0.49,0.54,0.515,0.05,833.9,770,0.46,0.51,314
btc-updown-15m-1761070500,1761070500,150,0.57,0.6,0.585,0.03,530,574.29,0.4,0.43,16
btc-updown-15m-1761070500,1761070500,165,0.57,0.62,0.595,0.05,839.3,530,0.38,0.43,622
btc-updown-15m-1761070500,1761070500,180,0.52,0.56,0.54,0.04,775,526.87,0.44,0.48,24
btc-updown-15m-1761070500,1761070500,195,0.53,0.56,0.545,0.03,829.8,224.64,0.44,0.47,6
btc-updown-15m-1761070500,1761070500,210,0.53,0.59,0.56,0.06,853.2,823,0.41,0.47,26
btc-updown-15m-1761070500,1761070500,225,0.56,0.58,0.57,0.02,505,542,0.42,0.44,7
btc-updown-15m-1761070500,1761070500,240,0.55,0.6,0.575,0.05,830.9,828,0.4,0.45,220
btc-updown-15m-1761070500,1761070500,255,0.42,0.48,0.45,0.06,883.85,782,0.52,0.58,1526
btc-updown-15m-1761070500,1761070500,270,0.39,0.42,0.405,0.03,815,334.34,0.58,0.61,1170
btc-updown-15m-1761070500,1761070500,285,0.41,0.45,0.43,0.04,519,764,0.55,0.59,1486
btc-updown-15m-1761070500,1761070500,300,0.45,0.48,0.465,0.03,509,755,0.52,0.55,996
btc-updown-15m-1761070500,1761070500,315,0.38,0.42,0.4,0.04,804.05,532,0.58,0.62,29
btc-updown-15m-1761070500,1761070500,330,0.43,0.48,0.455,0.05,804,523,0.52,0.57,13
btc-updown-15m-1761070500,1761070500,345,0.44,0.48,0.46,0.04,537,860.5,0.52,0.56,3
btc-updown-15m-1761070500,1761070500,360,0.39,0.44,0.415,0.05,622.8,782,0.56,0.61,15
btc-updown-15m-1761070500,1761070500,375,0.44,0.51,0.475,0.07,593.4,890.1,0.49,0.56,37
btc-updown-15m-1761070500,1761070500,390,0.38,0.43,0.405,0.05,825.05,847.17,0.57,0.62,14
btc-updown-15m-1761070500,1761070500,405,0.4,0.44,0.42,0.04,534,534,0.56,0.6,715
btc-updown-15m-1761070500,1761070500,420,0.42,0.45,0.435,0.03,786,21,0.55,0.58,123
btc-updown-15m-1761070500,1761070500,435,0.38,0.45,0.415,0.07,827.14,842.5,0.55,0.62,579
btc-updown-15m-1761070500,1761070500,450,0.42,0.46,0.44,0.04,604.9,755,0.54,0.58,19
btc-updown-15m-1761070500,1761070500,465,0.5,0.56,0.53,0.06,774,883.9,0.44,0.5,15
btc-updown-15m-1761070500,1761070500,480,0.56,0.6,0.58,0.04,587.8,685,0.4,0.44,14
btc-updown-15m-1761070500,1761070500,495,0.55,0.61,0.58,0.06,774,894.56,0.39,0.45,24
btc-updown-15m-1761070500,1761070500,510,0.56,0.61,0.585,0.05,774,801.06,0.39,0.44,5
btc-updown-15m-1761070500,1761070500,525,0.6,0.63,0.615,0.03,320.8,298,0.37,0.4,23
btc-updown-15m-1761070500,1761070500,540,0.6,0.65,0.625,0.05,755.09,368.46,0.35,0.4,19
btc-updown-15m-1761070500,1761070500,555,0.69,0.73,0.71,0.04,397.4,803.36,0.27,0.31,10
btc-updown-15m-1761070500,1761070500,570,0.8,0.85,0.825,0.05,796.25,723.81,0.15,0.2,9
btc-updown-15m-1761070500,1761070500,585,0.79,0.83,0.81,0.04,552.05,750,0.17,0.21,13
btc-updown-15m-1761070500,1761070500,600,0.77,0.8,0.785,0.03,762,527,0.2,0.23,27
btc-updown-15m-1761070500,1761070500,615,0.81,0.85,0.83,0.04,1095.89,312,0.15,0.19,27
btc-updown-15m-1761070500,1761070500,630,0.83,0.85,0.84,0.02,762,132,0.15,0.17,29
btc-updown-15m-1761070500,1761070500,645,0.86,0.89,0.875,0.03,785.1,532,0.11,0.14,720
btc-updown-15m-1761070500,1761070500,660,0.85,0.9,0.875,0.05,545,671.04,0.1,0.15,5
btc-updown-15m-1761070500,1761070500,675,0.9,0.95,0.925,0.05,776.9,575,0.05,0.1,30
btc-updown-15m-1761070500,1761070500,690,0.91,0.95,0.93,0.04,638.66,966.09,0.05,0.09,1024
btc-updown-15m-1761070500,1761070500,705,0.93,0.95,0.94,0.02,129.46,794.24,0.05,0.07,27
btc-updown-15m-1761070500,1761070500,720,0.9,0.95,0.925,0.05,796.6,240.01,0.05,0.1,8
btc-updown-15m-1761070500,1761070500,735,0.91,0.95,0.93,0.04,873.2,297.28,0.05,0.09,8
btc-updown-15m-1761070500,1761070500,750,0.92,0.95,0.935,0.03,645.6,505.44,0.05,0.08,25
btc-updown-15m-1761070500,1761070500,765,0.93,0.96,0.945,0.03,71.3,529.95,0.04,0.07,23
btc-updown-15m-1761070500,1761070500,780,0.94,0.99,0.965,0.05,88.1,434.7,0.01,0.06,92
btc-updown-15m-1761070500,1761070500,795,0.92,0.97,0.945,0.05,284.4,949.7,0.03,0.08,18
btc-updown-15m-1761070500,1761070500,810,0.62,0.67,0.645,0.05,291,277.76,0.33,0.38,7
btc-updown-15m-1761070500,1761070500,825,0.57,0.66,0.615,0.09,561,51,0.34,0.43,14
btc-updown-15m-1761070500,1761070500,840,0.65,0.76,0.705,0.11,546,525,0.24,0.35,1
btc-updown-15m-1761070500,1761070500,845,0.75,0.76,0.755,0.01,650,294.34,0.24,0.25,35
btc-updown-15m-1761070500,1761070500,850,0.75,0.87,0.81,0.12,375.66,515,0.13,0.25,27
btc-updown-15m-1761070500,1761070500,855,0.75,0.89,0.82,0.14,125.66,510,0.11,0.25,24
btc-updown-15m-1761070500,1761070500,860,0.6,0.75,0.675,0.15,296,755,0.25,0.4,21
btc-updown-15m-1761070500,1761070500,865,0.65,0.78,0.715,0.13,84.34,510,0.22,0.35,328
btc-updown-15m-1761070500,1761070500,870,0.65,0.79,0.72,0.14,11.4,510,0.21,0.35,126
btc-updown-15m-1761070500,1761070500,875,0.62,0.72,0.67,0.1,56,27.47,0.28,0.38,16
btc-updown-15m-1761070500,1761070500,880,0.63,0.73,0.68,0.1,546,27.47,0.27,0.37,19
btc-updown-15m-1761070500,1761070500,885,0.65,0.76,0.705,0.11,546,22.47,0.24,0.35,28
btc-updown-15m-1761070500,1761070500,890,0.68,0.79,0.735,0.11,536,15,0.21,0.32,1101
btc-updown-15m-1761070500,1761070500,895,0.05,0.07,0.06,0.02,268,60.68,0.93,0.95,19
btc-updown-15m-1761070500,1761070500,897,0.03,0.13,0.08,0.1,764,46,0.87,0.97,109
btc-updown-15m-1761070500,1761070500,899,0.01,0.11,0.06,0.1,327.39,46,0.89,0.99,64
btc-updown-15m-1761070500,1761070500,900,0.01,0.02,0.015,0.01,82.35,286.06,0.98,0.99,33
btc-updown-15m-1761074100,1761074100,0,0.46,0.48,0.47,0.02,308.83,227.81,0.52,0.54,1554
btc-updown-15m-1761074100,1761074100,15,0.48,0.53,0.505,0.05,843,947.99,0.47,0.52,73
btc-updown-15m-1761074100,1761074100,30,0.43,0.44,0.435,0.01,563.7,34,0.56,0.57,30
btc-updown-15m-1761074100,1761074100,45,0.44,0.47,0.455,0.03,446.5,499.37,0.53,0.56,16
btc-updown-15m-1761074100,1761074100,60,0.48,0.5,0.49,0.02,266,795,0.5,0.52,160
btc-updown-15m-1761074100,1761074100,75,0.37,0.42,0.395,0.05,610.9,775,0.58,0.63,31
btc-updown-15m-1761074100,1761074100,90,0.37,0.42,0.395,0.05,877,785,0.58,0.63,27
btc-updown-15m-1761074100,1761074100,105,0.39,0.43,0.41,0.04,859.1,280,0.57,0.61,10
btc-updown-15m-1761074100,1761074100,120,0.38,0.44,0.41,0.06,748.7,851.6,0.56,0.62,3
btc-updown-15m-1761074100,1761074100,135,0.33,0.38,0.355,0.05,800,765,0.62,0.67,6
btc-updown-15m-1761074100,1761074100,150,0.33,0.35,0.34,0.02,716.93,513.36,0.65,0.67,201
btc-updown-15m-1761074100,1761074100,165,0.34,0.41,0.375,0.07,345,916.5,0.59,0.66,806
btc-updown-15m-1761074100,1761074100,180,0.33,0.38,0.355,0.05,840.1,762.3,0.62,0.67,20
btc-updown-15m-1761074100,1761074100,195,0.3,0.35,0.325,0.05,842.8,530,0.65,0.7,23
btc-updown-15m-1761074100,1761074100,210,0.33,0.37,0.35,0.04,829.1,524.3,0.63,0.67,7
btc-updown-15m-1761074100,1761074100,225,0.34,0.38,0.36,0.04,823.2,510.3,0.62,0.66,711
btc-updown-15m-1761074100,1761074100,240,0.36,0.39,0.375,0.03,356.6,769.3,0.61,0.64,22
btc-updown-15m-1761074100,1761074100,255,0.39,0.43,0.41,0.04,318.3,530,0.57,0.61,27
btc-updown-15m-1761074100,1761074100,270,0.37,0.42,0.395,0.05,292.2,87.97,0.58,0.63,1
btc-updown-15m-1761074100,1761074100,285,0.39,0.43,0.41,0.04,346.9,523.97,0.57,0.61,25
btc-updown-15m-1761074100,1761074100,300,0.36,0.4,0.38,0.04,573.2,750,0.6,0.64,530
btc-updown-15m-1761074100,1761074100,315,0.31,0.35,0.33,0.04,343.3,750,0.65,0.69,20
btc-updown-15m-1761074100,1761074100,330,0.3,0.32,0.31,0.02,342.2,719.11,0.68,0.7,7
btc-updown-15m-1761074100,1761074100,345,0.17,0.22,0.195,0.05,820.3,614.81,0.78,0.83,28
btc-updown-15m-1761074100,1761074100,360,0.15,0.18,0.165,0.03,559.82,768,0.82,0.85,22
btc-updown-15m-1761074100,1761074100,375,0.17,0.22,0.195,0.05,891,590.81,0.78,0.83,28
btc-updown-15m-1761074100,1761074100,390,0.19,0.21,0.2,0.02,400.87,580.76,0.79,0.81,21
btc-updown-15m-1761074100,1761074100,405,0.2,0.24,0.22,0.04,333.37,750,0.76,0.8,21
btc-updown-15m-1761074100,1761074100,420,0.19,0.23,0.21,0.04,415.87,766,0.77,0.81,22
btc-updown-15m-1761074100,1761074100,435,0.1,0.12,0.11,0.02,32,750,0.88,0.9,27
btc-updown-15m-1761074100,1761074100,450,0.05,0.07,0.06,0.02,566,837.5,0.93,0.95,388
btc-updown-15m-1761074100,1761074100,465,0.05,0.08,0.065,0.03,488,864.05,0.92,0.95,93
btc-updown-15m-1761074100,1761074100,480,0.05,0.09,0.07,0.04,1234.72,102.8,0.91,0.95,1354
btc-updown-15m-1761074100,1761074100,495,0.04,0.07,0.055,0.03,743,890.22,0.93,0.96,8
btc-updown-15m-1761074100,1761074100,510,0.03,0.06,0.045,0.03,1544,1033.9,0.94,0.97,623
btc-updown-15m-1761074100,1761074100,525,0.03,0.06,0.045,0.03,1486.69,787.54,0.94,0.97,1300
btc-updown-15m-1761074100,1761074100,540,0.03,0.06,0.045,0.03,1465.89,887.54,0.94,0.97,7
btc-updown-15m-1761074100,1761074100,555,0.02,0.04,0.03,0.02,1075,491.04,0.96,0.98,18
btc-updown-15m-1761074100,1761074100,570,0.02,0.04,0.03,0.02,1118.75,497.02,0.96,0.98,49
btc-updown-15m-1761074100,1761074100,585,0.02,0.03,0.025,0.01,1020.73,391.96,0.97,0.98,22
btc-updown-15m-1761074100,1761074100,600,0.02,0.03,0.025,0.01,939.7,534.43,0.97,0.98,29
btc-updown-15m-1761074100,1761074100,615,0.01,0.02,0.015,0.01,854,335.63,0.98,0.99,24
btc-updown-15m-1761074100,1761074100,630,0.01,0.02,0.015,0.01,769,305,0.98,0.99,1523
btc-updown-15m-1761074100,1761074100,645,0.01,0.03,0.02,0.02,748.79,335.63,0.97,0.99,468
btc-updown-15m-1761074100,1761074100,660,0.01,0.02,0.015,0.01,748.79,95.73,0.98,0.99,3563
btc-updown-15m-1761074100,1761074100,675,0.01,0.06,0.035,0.05,753.77,681.52,0.94,0.99,22
btc-updown-15m-1761074100,1761074100,690,0.01,0.06,0.035,0.05,696.68,618.8,0.94,0.99,360
btc-updown-15m-1761074100,1761074100,705,0.01,0.06,0.035,0.05,683.53,602.13,0.94,0.99,21
btc-updown-15m-1761074100,1761074100,720,0.01,0.02,0.015,0.01,677.53,342.15,0.98,0.99,29
btc-updown-15m-1761074100,1761074100,735,,0.01,,,0,557.6,0.99,,29
btc-updown-15m-1761074100,1761074100,750,,0.01,,,0,841,0.99,,1033
btc-updown-15m-1761074100,1761074100,765,,0.01,,,0,835.63,0.99,,958
btc-updown-15m-1761074100,1761074100,780,,0.01,,,0,567.85,0.99,,7065
btc-updown-15m-1761074100,1761074100,795,,0.01,,,0,1027.47,0.99,,10355
btc-updown-15m-1761074100,1761074100,810,,0.01,,,0,1727.47,0.99,,4983
btc-updown-15m-1761074100,1761074100,825,,0.01,,,0,1714.63,0.99,,1605
btc-updown-15m-1761074100,1761074100,840,,0.01,,,0,1700.63,0.99,,7558
btc-updown-15m-1761074100,1761074100,845,,0.01,,,0,1700.63,0.99,,4123
btc-updown-15m-1761074100,1761074100,850,,0.01,,,0,1700.63,0.99,,9123
btc-updown-15m-1761074100,1761074100,855,,0.01,,,0,1700.63,0.99,,4183
btc-updown-15m-1761074100,1761074100,860,,0.01,,,0,1700.63,0.99,,9183
btc-updown-15m-1761074100,1761074100,865,,0.01,,,0,1700.63,0.99,,1096
btc-updown-15m-1761074100,1761074100,870,,0.01,,,0,1700.63,0.99,,6096
btc-updown-15m-1761074100,1761074100,875,,0.01,,,0,1705.63,0.99,,3147
btc-updown-15m-1761074100,1761074100,880,,0.01,,,0,1703.63,0.99,,1666
btc-updown-15m-1761074100,1761074100,885,,0.01,,,0,1703.63,0.99,,6666
btc-updown-15m-1761074100,1761074100,890,,0.01,,,0,1503.63,0.99,,3817
btc-updown-15m-1761074100,1761074100,895,,0.01,,,0,1528.63,0.99,,3433
btc-updown-15m-1761074100,1761074100,897,,0.01,,,0,1528.63,0.99,,5433
btc-updown-15m-1761074100,1761074100,899,,0.01,,,0,1435.63,0.99,,485
btc-updown-15m-1761074100,1761074100,900,,0.01,,,0,1685.63,0.99,,44
btc-updown-15m-1761078600,1761078600,0,0.54,0.6,0.57,0.06,100.61,117.94,0.4,0.46,286
btc-updown-15m-1761078600,1761078600,15,0.52,0.58,0.55,0.06,463.61,175.34,0.42,0.48,1
btc-updown-15m-1761078600,1761078600,30,0.54,0.6,0.57,0.06,54.34,147.27,0.4,0.46,21
btc-updown-15m-1761078600,1761078600,45,0.54,0.59,0.565,0.05,91.34,35,0.41,0.46,64
btc-updown-15m-1761078600,1761078600,60,0.51,0.55,0.53,0.04,601.94,110,0.45,0.49,9
btc-updown-15m-1761078600,1761078600,75,0.45,0.48,0.465,0.03,120,67,0.52,0.55,186
btc-updown-15m-1761078600,1761078600,90,0.43,0.49,0.46,0.06,50.85,87,0.51,0.57,107
btc-updown-15m-1761078600,1761078600,105,0.46,0.53,0.495,0.07,82,82,0.47,0.54,226
btc-updown-15m-1761078600,1761078600,120,0.45,0.51,0.48,0.06,392,55,0.49,0.55,918
btc-updown-15m-1761078600,1761078600,135,0.42,0.48,0.45,0.06,479.37,77,0.52,0.58,25
btc-updown-15m-1761078600,1761078600,150,0.4,0.42,0.41,0.02,205.97,35,0.58,0.6,11
btc-updown-15m-1761078600,1761078600,165,0.31,0.38,0.345,0.07,92,82,0.62,0.69,28
btc-updown-15m-1761078600,1761078600,180,0.33,0.39,0.36,0.06,50,92,0.61,0.67,2024
btc-updown-15m-1761078600,1761078600,195,0.31,0.34,0.325,0.03,67,30,0.66,0.69,343
btc-updown-15m-1761078600,1761078600,210,0.42,0.43,0.425,0.01,258,55,0.57,0.58,5
btc-updown-15m-1761078600,1761078600,225,0.46,0.49,0.475,0.03,81,355,0.51,0.54,9
btc-updown-15m-1761078600,1761078600,240,0.46,0.49,0.475,0.03,50.14,51,0.51,0.54,15
btc-updown-15m-1761078600,1761078600,255,0.35,0.4,0.375,0.05,60,41,0.6,0.65,181
btc-updown-15m-1761078600,1761078600,270,0.34,0.38,0.36,0.04,45.32,64,0.62,0.66,26
btc-updown-15m-1761078600,1761078600,285,0.31,0.36,0.335,0.05,37,74,0.64,0.69,321
btc-updown-15m-1761078600,1761078600,300,0.32,0.36,0.34,0.04,105.99,55,0.64,0.68,7
btc-updown-15m-1761078600,1761078600,315,0.33,0.38,0.355,0.05,137.99,65,0.62,0.67,1215
btc-updown-15m-1761078600,1761078600,330,0.31,0.35,0.33,0.04,34.99,73,0.65,0.69,258
btc-updown-15m-1761078600,1761078600,345,0.25,0.31,0.28,0.06,69.09,37,0.69,0.75,1432
btc-updown-15m-1761078600,1761078600,360,0.36,0.4,0.38,0.04,123,127,0.6,0.64,86
btc-updown-15m-1761078600,1761078600,375,0.37,0.43,0.4,0.06,178,37,0.57,0.63,317
btc-updown-15m-1761078600,1761078600,390,0.42,0.47,0.445,0.05,269,61,0.53,0.58,11
btc-updown-15m-1761078600,1761078600,405,0.43,0.48,0.455,0.05,21,66,0.52,0.57,21
btc-updown-15m-1761078600,1761078600,420,0.41,0.45,0.43,0.04,74,29,0.55,0.59,20
btc-updown-15m-1761078600,1761078600,435,0.61,0.63,0.62,0.02,248,62,0.37,0.39,3
btc-updown-15m-1761078600,1761078600,450,0.59,0.64,0.615,0.05,26,42,0.36,0.41,27
btc-updown-15m-1761078600,1761078600,465,0.61,0.66,0.635,0.05,23,34,0.34,0.39,96
btc-updown-15m-1761078600,1761078600,480,0.6,0.65,0.625,0.05,54,55,0.35,0.4,19
btc-updown-15m-1761078600,1761078600,495,0.57,0.62,0.595,0.05,63,20.87,0.38,0.43,321
btc-updown-15m-1761078600,1761078600,510,0.59,0.63,0.61,0.04,93,24,0.37,0.41,18
btc-updown-15m-1761078600,1761078600,525,0.55,0.63,0.59,0.08,57,58,0.37,0.45,22
btc-updown-15m-1761078600,1761078600,540,0.55,0.62,0.585,0.07,56,21,0.38,0.45,1922
btc-updown-15m-1761078600,1761078600,555,0.5,0.57,0.535,0.07,58,63,0.43,0.5,493
btc-updown-15m-1761078600,1761078600,570,0.5,0.57,0.535,0.07,544,70,0.43,0.5,50
btc-updown-15m-1761078600,1761078600,585,0.57,0.66,0.615,0.09,66,108,0.34,0.43,116
btc-updown-15m-1761078600,1761078600,600,0.73,0.8,0.765,0.07,58,103,0.2,0.27,12
btc-updown-15m-1761078600,1761078600,615,0.73,0.8,0.765,0.07,61,33,0.2,0.27,94
btc-updown-15m-1761078600,1761078600,630,0.82,0.87,0.845,0.05,21,42,0.13,0.18,9
btc-updown-15m-1761078600,1761078600,645,0.83,0.93,0.88,0.1,54,78,0.07,0.17,122
btc-updown-15m-1761078600,1761078600,660,0.88,0.95,0.915,0.07,63,508.25,0.05,0.12,807
btc-updown-15m-1761078600,1761078600,675,0.93,0.95,0.94,0.02,63,619.86,0.05,0.07,21
btc-updown-15m-1761078600,1761078600,690,0.84,0.96,0.9,0.12,24,797.7,0.04,0.16,14
btc-updown-15m-1761078600,1761078600,705,0.81,0.87,0.84,0.06,53,34.39,0.13,0.19,52
btc-updown-15m-1761078600,1761078600,720,0.66,0.74,0.7,0.08,68.5,36.44,0.26,0.34,21
btc-updown-15m-1761078600,1761078600,735,0.65,0.7,0.675,0.05,57.2,51.89,0.3,0.35,19
btc-updown-15m-1761078600,1761078600,750,0.69,0.8,0.745,0.11,57.2,33,0.2,0.31,0
btc-updown-15m-1761078600,1761078600,765,0.78,0.94,0.86,0.16,55,292.7,0.06,0.22,5
btc-updown-15m-1761078600,1761078600,780,0.76,0.94,0.85,0.18,72,377.05,0.06,0.24,24
btc-updown-15m-1761078600,1761078600,795,0.82,0.84,0.83,0.02,54.33,351,0.16,0.18,37
btc-updown-15m-1761078600,1761078600,810,0.71,0.85,0.78,0.14,32.75,18,0.15,0.29,756
btc-updown-15m-1761078600,1761078600,825,0.65,0.83,0.74,0.18,52,15,0.17,0.35,48
btc-updown-15m-1761078600,1761078600,840,0.76,0.89,0.825,0.13,52,26.35,0.11,0.24,313
btc-updown-15m-1761078600,1761078600,845,0.75,0.93,0.84,0.18,57,203.35,0.07,0.25,25
btc-updown-15m-1761078600,1761078600,850,0.84,0.94,0.89,0.1,57,647.05,0.06,0.16,147
btc-updown-15m-1761078600,1761078600,855,0.84,0.95,0.895,0.11,57,785.7,0.05,0.16,178
btc-updown-15m-1761078600,1761078600,860,0.85,0.93,0.89,0.08,57,680.7,0.07,0.15,310
btc-updown-15m-1761078600,1761078600,865,0.86,0.95,0.905,0.09,57,785.7,0.05,0.14,1221
btc-updown-15m-1761078600,1761078600,870,0.87,0.97,0.92,0.1,52,719.01,0.03,0.13,15
btc-updown-15m-1761078600,1761078600,875,0.85,0.99,0.92,0.14,67,215.01,0.01,0.15,1125
btc-updown-15m-1761078600,1761078600,880,0.98,,,,20,0,,0.02,1233
btc-updown-15m-1761078600,1761078600,885,0.99,,,,1014.68,0,,0.01,31
btc-updown-15m-1761078600,1761078600,890,0.99,,,,1099.19,0,,0.01,1444
btc-updown-15m-1761078600,1761078600,895,0.99,,,,1119.19,0,,0.01,3322
btc-updown-15m-1761078600,1761078600,897,0.99,,,,1587.19,0,,0.01,125
btc-updown-15m-1761078600,1761078600,899,0.99,,,,2104.19,0,,0.01,25
btc-updown-15m-1761078600,1761078600,900,0.99,,,,2104.19,0,,0.01,924
btc-updown-15m-1761083100,1761083100,0,0.47,0.49,0.48,0.02,172.51,259.55,0.51,0.53,1542
btc-updown-15m-1761083100,1761083100,15,0.47,0.49,0.48,0.02,163.07,177.95,0.51,0.53,229
btc-updown-15m-1761083100,1761083100,30,0.48,0.49,0.485,0.01,133.97,197.95,0.51,0.52,846
btc-updown-15m-1761083100,1761083100,45,0.41,0.48,0.445,0.07,94.2,78.48,0.52,0.59,21
btc-updown-15m-1761083100,1761083100,60,0.45,0.48,0.465,0.03,123.1,63.48,0.52,0.55,186
btc-updown-15m-1761083100,1761083100,75,0.24,0.38,0.31,0.14,130,25,0.62,0.76,1339
btc-updown-15m-1761083100,1761083100,90,0.23,0.24,0.235,0.01,135,89,0.76,0.77,364
btc-updown-15m-1761083100,1761083100,105,0.22,0.25,0.235,0.03,125,40,0.75,0.78,199
btc-updown-15m-1761083100,1761083100,120,0.29,0.36,0.325,0.07,25,50,0.64,0.71,0
btc-updown-15m-1761083100,1761083100,135,0.3,0.33,0.315,0.03,25,40,0.67,0.7,423
btc-updown-15m-1761083100,1761083100,150,0.32,0.39,0.355,0.07,50,30,0.61,0.68,129
btc-updown-15m-1761083100,1761083100,165,0.3,0.53,0.415,0.23,25,210,0.47,0.7,125
btc-updown-15m-1761083100,1761083100,180,0.45,0.5,0.475,0.05,45,220,0.5,0.55,939
btc-updown-15m-1761083100,1761083100,195,0.5,0.52,0.51,0.02,23,249.99,0.48,0.5,319
btc-updown-15m-1761083100,1761083100,210,0.5,0.52,0.51,0.02,41,248.99,0.48,0.5,428
btc-updown-15m-1761083100,1761083100,225,0.52,0.53,0.525,0.01,37,60.55,0.47,0.48,3463
btc-updown-15m-1761083100,1761083100,240,0.3,0.46,0.38,0.16,167.37,94.55,0.54,0.7,20
btc-updown-15m-1761083100,1761083100,255,0.45,0.52,0.485,0.07,36,116.55,0.48,0.55,2412
btc-updown-15m-1761083100,1761083100,270,0.47,0.53,0.5,0.06,36,68.55,0.47,0.53,315
btc-updown-15m-1761083100,1761083100,285,0.48,0.53,0.505,0.05,37,30.81,0.47,0.52,1602
btc-updown-15m-1761083100,1761083100,300,0.5,0.53,0.515,0.03,32,40.81,0.47,0.5,99
btc-updown-15m-1761083100,1761083100,315,0.53,0.57,0.55,0.04,51.19,17.24,0.43,0.47,23
btc-updown-15m-1761083100,1761083100,330,0.55,0.58,0.565,0.03,40.07,48.26,0.42,0.45,419
btc-updown-15m-1761083100,1761083100,345,0.42,0.45,0.435,0.03,23.09,1023,0.55,0.58,1321
btc-updown-15m-1761083100,1761083100,360,0.54,0.6,0.57,0.06,104,60.77,0.4,0.46,1
btc-updown-15m-1761083100,1761083100,375,0.45,0.51,0.48,0.06,46,36,0.49,0.55,442
btc-updown-15m-1761083100,1761083100,390,0.37,0.45,0.41,0.08,72,30.33,0.55,0.63,22
btc-updown-15m-1761083100,1761083100,405,0.37,0.45,0.41,0.08,72,30.33,0.55,0.63,15022
btc-updown-15m-1761083100,1761083100,420,0.37,0.45,0.41,0.08,72,30.33,0.55,0.63,30022
btc-updown-15m-1761083100,1761083100,435,0.37,0.45,0.41,0.08,72,30.33,0.55,0.63,45022
btc-updown-15m-1761083100,1761083100,450,0.29,0.35,0.32,0.06,26,65,0.65,0.71,36
btc-updown-15m-1761083100,1761083100,465,0.37,0.49,0.43,0.12,34,59.85,0.51,0.63,525
btc-updown-15m-1761083100,1761083100,480,0.37,0.45,0.41,0.08,23,54,0.55,0.63,192
btc-updown-15m-1761083100,1761083100,495,0.3,0.38,0.34,0.08,36,65,0.62,0.7,6
btc-updown-15m-1761083100,1761083100,510,0.37,0.43,0.4,0.06,21,24,0.57,0.63,429
btc-updown-15m-1761083100,1761083100,525,0.34,0.4,0.37,0.06,19,48,0.6,0.66,520
btc-updown-15m-1761083100,1761083100,540,0.32,0.38,0.35,0.06,34,29,0.62,0.68,1223
btc-updown-15m-1761083100,1761083100,555,0.37,0.39,0.38,0.02,76.02,41,0.61,0.63,4925
btc-updown-15m-1761083100,1761083100,570,0.25,0.32,0.285,0.07,169.37,55.5,0.68,0.75,165
btc-updown-15m-1761083100,1761083100,585,0.25,0.34,0.295,0.09,188.7,28,0.66,0.75,126
btc-updown-15m-1761083100,1761083100,600,0.3,0.42,0.36,0.12,33,69,0.58,0.7,1202
btc-updown-15m-1761083100,1761083100,615,0.35,0.44,0.395,0.09,24.09,28,0.56,0.65,147
btc-updown-15m-1761083100,1761083100,630,0.26,0.35,0.305,0.09,119.37,78,0.65,0.74,103
btc-updown-15m-1761083100,1761083100,645,0.28,0.5,0.39,0.22,154.37,113,0.5,0.72,19
btc-updown-15m-1761083100,1761083100,660,0.33,0.45,0.39,0.12,28,125.55,0.55,0.67,431
btc-updown-15m-1761083100,1761083100,675,0.35,0.45,0.4,0.1,18,44.33,0.55,0.65,1420
btc-updown-15m-1761083100,1761083100,690,0.13,0.31,0.22,0.18,151.34,74.33,0.69,0.87,417
btc-updown-15m-1761083100,1761083100,705,0.13,0.28,0.205,0.15,156.34,18,0.72,0.87,422
btc-updown-15m-1761083100,1761083100,720,0.13,0.25,0.19,0.12,162.89,18,0.75,0.87,1823
btc-updown-15m-1761083100,1761083100,735,0.14,0.25,0.195,0.11,176.89,44,0.75,0.86,26
btc-updown-15m-1761083100,1761083100,750,0.13,0.28,0.205,0.15,162.89,38,0.72,0.87,25
btc-updown-15m-1761083100,1761083100,765,0.13,0.27,0.2,0.14,152.54,38,0.73,0.87,1227
btc-updown-15m-1761083100,1761083100,780,0.07,0.23,0.15,0.16,21,18,0.77,0.93,117
btc-updown-15m-1761083100,1761083100,795,0.07,0.23,0.15,0.16,72,18,0.77,0.93,820
btc-updown-15m-1761083100,1761083100,810,0.05,0.12,0.085,0.07,392.34,92.73,0.88,0.95,22
btc-updown-15m-1761083100,1761083100,825,0.03,0.3,0.165,0.27,867.4,15,0.7,0.97,212
btc-updown-15m-1761083100,1761083100,840,0.44,0.55,0.495,0.11,31,51,0.45,0.56,221
btc-updown-15m-1761083100,1761083100,845,0.44,0.53,0.485,0.09,31,51,0.47,0.56,184
btc-updown-15m-1761083100,1761083100,850,0.1,0.31,0.205,0.21,15,56,0.69,0.9,280
btc-updown-15m-1761083100,1761083100,855,0.05,0.26,0.155,0.21,276,15,0.74,0.95,490
btc-updown-15m-1761083100,1761083100,860,0.03,0.24,0.135,0.21,872.4,23.74,0.76,0.97,9
btc-updown-15m-1761083100,1761083100,865,0.01,0.17,0.09,0.16,371.31,56,0.83,0.99,387
btc-updown-15m-1761083100,1761083100,870,0.03,0.06,0.045,0.03,397.6,86,0.94,0.97,388
btc-updown-15m-1761083100,1761083100,875,0.03,0.06,0.045,0.03,392.6,50,0.94,0.97,1057
btc-updown-15m-1761083100,1761083100,880,0.03,0.06,0.045,0.03,396.56,90,0.94,0.97,21
btc-updown-15m-1761083100,1761083100,885,0.01,0.11,0.06,0.1,371.31,91,0.89,0.99,16
btc-updown-15m-1761083100,1761083100,890,0.01,0.15,0.08,0.14,361.2,60.2,0.85,0.99,130
btc-updown-15m-1761083100,1761083100,895,0.01,0.15,0.08,0.14,350.2,60.2,0.85,0.99,127
btc-updown-15m-1761083100,1761083100,897,0.01,0.11,0.06,0.1,350.2,60.2,0.89,0.99,38
btc-updown-15m-1761083100,1761083100,899,,0.01,,,0,48.06,0.99,,30
btc-updown-15m-1761083100,1761083100,900,,0.01,,,0,651.86,0.99,,480
btc-updown-15m-1761087600,1761087600,0,0.54,0.6,0.57,0.06,1234.3,34.37,0.4,0.46,1449
btc-updown-15m-1761087600,1761087600,15,0.52,0.6,0.56,0.08,1189.3,22.7,0.4,0.48,17
btc-updown-15m-1761087600,1761087600,30,0.56,0.59,0.575,0.03,381.63,57.7,0.41,0.44,24
btc-updown-15m-1761087600,1761087600,45,0.57,0.6,0.585,0.03,812.75,87.7,0.4,0.43,25
btc-updown-15m-1761087600,1761087600,60,0.57,0.58,0.575,0.01,435.09,77.7,0.42,0.43,119
btc-updown-15m-1761087600,1761087600,75,0.57,0.6,0.585,0.03,411.83,67.7,0.4,0.43,325
btc-updown-15m-1761087600,1761087600,90,0.41,0.46,0.435,0.05,45.54,45,0.54,0.59,114
btc-updown-15m-1761087600,1761087600,105,0.39,0.48,0.435,0.09,144.5,135.3,0.52,0.61,23
btc-updown-15m-1761087600,1761087600,120,0.45,0.49,0.47,0.04,30,31,0.51,0.55,677
btc-updown-15m-1761087600,1761087600,135,0.45,0.52,0.485,0.07,72,49.6,0.48,0.55,204
btc-updown-15m-1761087600,1761087600,150,0.49,0.55,0.52,0.06,57,138.9,0.45,0.51,0
btc-updown-15m-1761087600,1761087600,165,0.51,0.58,0.545,0.07,87,125.97,0.42,0.49,19
btc-updown-15m-1761087600,1761087600,180,0.56,0.6,0.58,0.04,120.27,72.7,0.4,0.44,27
btc-updown-15m-1761087600,1761087600,195,0.66,0.7,0.68,0.04,117.5,20,0.3,0.34,6
btc-updown-15m-1761087600,1761087600,210,0.66,0.71,0.685,0.05,128.5,74.3,0.29,0.34,67
btc-updown-15m-1761087600,1761087600,225,0.68,0.72,0.7,0.04,114.5,145.77,0.28,0.32,819
btc-updown-15m-1761087600,1761087600,240,0.62,0.68,0.65,0.06,113.3,123,0.32,0.38,883
btc-updown-15m-1761087600,1761087600,255,0.63,0.65,0.64,0.02,90.1,127,0.35,0.37,15
btc-updown-15m-1761087600,1761087600,270,0.69,0.72,0.705,0.03,48.58,133.99,0.28,0.31,307
btc-updown-15m-1761087600,1761087600,285,0.67,0.74,0.705,0.07,74.9,148.04,0.26,0.33,58
btc-updown-15m-1761087600,1761087600,300,0.63,0.7,0.665,0.07,85.2,101.5,0.3,0.37,12
btc-updown-15m-1761087600,1761087600,315,0.7,0.74,0.72,0.04,29,101.5,0.26,0.3,321
btc-updown-15m-1761087600,1761087600,330,0.71,0.76,0.735,0.05,32,574.48,0.24,0.29,405
btc-updown-15m-1761087600,1761087600,345,0.72,0.74,0.73,0.02,32,110.5,0.26,0.28,21
btc-updown-15m-1761087600,1761087600,360,0.71,0.76,0.735,0.05,27,509.28,0.24,0.29,113
btc-updown-15m-1761087600,1761087600,375,0.69,0.74,0.715,0.05,56.34,78.7,0.26,0.31,527
btc-updown-15m-1761087600,1761087600,390,0.68,0.71,0.695,0.03,37,96.3,0.29,0.32,227
btc-updown-15m-1761087600,1761087600,405,0.71,0.72,0.715,0.01,90.5,44,0.28,0.29,10
btc-updown-15m-1761087600,1761087600,420,0.7,0.74,0.72,0.04,24.83,81.7,0.26,0.3,115
btc-updown-15m-1761087600,1761087600,435,0.7,0.72,0.71,0.02,191.33,74,0.28,0.3,128
btc-updown-15m-1761087600,1761087600,450,0.71,0.73,0.72,0.02,47.05,34.2,0.27,0.29,205
btc-updown-15m-1761087600,1761087600,465,0.7,0.75,0.725,0.05,57.64,64,0.25,0.3,28
btc-updown-15m-1761087600,1761087600,480,0.7,0.75,0.725,0.05,153.14,117.4,0.25,0.3,14
btc-updown-15m-1761087600,1761087600,495,0.69,0.77,0.73,0.08,103.5,75.1,0.23,0.31,162
btc-updown-15m-1761087600,1761087600,510,0.75,0.82,0.785,0.07,29,152,0.18,0.25,9
btc-updown-15m-1761087600,1761087600,525,0.81,0.84,0.825,0.03,19,37.29,0.16,0.19,27
btc-updown-15m-1761087600,1761087600,540,0.8,0.88,0.84,0.08,136.5,501.08,0.12,0.2,124
btc-updown-15m-1761087600,1761087600,555,0.77,0.88,0.825,0.11,49,92.18,0.12,0.23,15
btc-updown-15m-1761087600,1761087600,570,0.84,0.88,0.86,0.04,521,56.74,0.12,0.16,223
btc-updown-15m-1761087600,1761087600,585,0.81,0.87,0.84,0.06,131.5,56.34,0.13,0.19,1
btc-updown-15m-1761087600,1761087600,600,0.77,0.84,0.805,0.07,21,67.5,0.16,0.23,128
btc-updown-15m-1761087600,1761087600,615,0.64,0.73,0.685,0.09,113.5,58.3,0.27,0.36,26
btc-updown-15m-1761087600,1761087600,630,0.67,0.7,0.685,0.03,106.5,35.9,0.3,0.33,0
btc-updown-15m-1761087600,1761087600,645,0.65,0.74,0.695,0.09,158.5,50.1,0.26,0.35,27
btc-updown-15m-1761087600,1761087600,660,0.65,0.75,0.7,0.1,113.75,58.9,0.25,0.35,22
btc-updown-15m-1761087600,1761087600,675,0.73,0.77,0.75,0.04,98.5,38.4,0.23,0.27,27
btc-updown-15m-1761087600,1761087600,690,0.77,0.86,0.815,0.09,114.5,52.57,0.14,0.23,27
btc-updown-15m-1761087600,1761087600,705,0.8,0.87,0.835,0.07,309.5,60.31,0.13,0.2,21
btc-updown-15m-1761087600,1761087600,720,0.86,0.88,0.87,0.02,332,105.94,0.12,0.14,26
btc-updown-15m-1761087600,1761087600,735,0.87,0.9,0.885,0.03,119.5,94.8,0.1,0.13,21
btc-updown-15m-1761087600,1761087600,750,0.78,0.89,0.835,0.11,149.5,93.9,0.11,0.22,12
btc-updown-15m-1761087600,1761087600,765,0.78,0.89,0.835,0.11,192.01,134.7,0.11,0.22,26
btc-updown-15m-1761087600,1761087600,780,0.9,0.92,0.91,0.02,42,398.64,0.08,0.1,9
btc-updown-15m-1761087600,1761087600,795,0.9,0.94,0.92,0.04,46.29,245.06,0.06,0.1,3
btc-updown-15m-1761087600,1761087600,810,0.9,0.93,0.915,0.03,56.29,337.56,0.07,0.1,21
btc-updown-15m-1761087600,1761087600,825,0.93,0.97,0.95,0.04,125.82,1566.16,0.03,0.07,29
btc-updown-15m-1761087600,1761087600,840,0.93,0.96,0.945,0.03,126.53,734.95,0.04,0.07,26
btc-updown-15m-1761087600,1761087600,845,0.95,0.97,0.96,0.02,161.53,1462.19,0.03,0.05,153
btc-updown-15m-1761087600,1761087600,850,0.95,0.98,0.965,0.03,145.53,1386.23,0.02,0.05,25
btc-updown-15m-1761087600,1761087600,855,0.95,0.98,0.965,0.03,166.53,1376.23,0.02,0.05,18
btc-updown-15m-1761087600,1761087600,860,0.95,0.98,0.965,0.03,166.53,1143.48,0.02,0.05,90
btc-updown-15m-1761087600,1761087600,865,0.95,0.99,0.97,0.04,166.53,573.25,0.01,0.05,12
btc-updown-15m-1761087600,1761087600,870,0.95,0.99,0.97,0.04,166.53,608.99,0.01,0.05,64
btc-updown-15m-1761087600,1761087600,875,0.95,0.99,0.97,0.04,116.53,328.69,0.01,0.05,513
btc-updown-15m-1761087600,1761087600,880,0.98,0.99,0.985,0.01,197.59,312.55,0.01,0.02,92
btc-updown-15m-1761087600,1761087600,885,0.98,0.99,0.985,0.01,197.59,206.53,0.01,0.02,145
btc-updown-15m-1761087600,1761087600,890,0.99,,,,510.53,0,,0.01,215
btc-updown-15m-1761087600,1761087600,895,0.99,,,,429.36,0,,0.01,108
btc-updown-15m-1761087600,1761087600,897,0.99,,,,1289.35,0,,0.01,331
btc-updown-15m-1761087600,1761087600,899,0.99,,,,1651.35,0,,0.01,27
btc-updown-15m-1761087600,1761087600,900,0.99,,,,1651.35,0,,0.01,24
btc-updown-15m-1761092100,1761092100,0,0.5,0.53,0.515,0.03,1083.04,247,0.47,0.5,153
btc-updown-15m-1761092100,1761092100,15,0.49,0.51,0.5,0.02,505.3,357.2,0.49,0.51,550
btc-updown-15m-1761092100,1761092100,30,0.39,0.41,0.4,0.02,108.1,57,0.59,0.61,10
btc-updown-15m-1761092100,1761092100,45,0.32,0.36,0.34,0.04,132.5,72,0.64,0.68,22
btc-updown-15m-1761092100,1761092100,60,0.32,0.36,0.34,0.04,183.5,48,0.64,0.68,1
btc-updown-15m-1761092100,1761092100,75,0.34,0.38,0.36,0.04,128.5,48,0.62,0.66,190
btc-updown-15m-1761092100,1761092100,90,0.3,0.34,0.32,0.04,284.5,43,0.66,0.7,4589
btc-updown-15m-1761092100,1761092100,105,0.31,0.34,0.325,0.03,235.35,48,0.66,0.69,80
btc-updown-15m-1761092100,1761092100,120,0.34,0.4,0.37,0.06,180.5,73,0.6,0.66,14
btc-updown-15m-1761092100,1761092100,135,0.36,0.4,0.38,0.04,35,25.1,0.6,0.64,983
btc-updown-15m-1761092100,1761092100,150,0.32,0.37,0.345,0.05,257.35,285.1,0.63,0.68,151
btc-updown-15m-1761092100,1761092100,165,0.3,0.34,0.32,0.04,205.35,125.1,0.66,0.7,5
btc-updown-15m-1761092100,1761092100,180,0.3,0.31,0.305,0.01,261.35,20,0.69,0.7,1191
btc-updown-15m-1761092100,1761092100,195,0.25,0.29,0.27,0.04,117.5,40,0.71,0.75,338
btc-updown-15m-1761092100,1761092100,210,0.26,0.32,0.29,0.06,220.5,110.6,0.68,0.74,2
btc-updown-15m-1761092100,1761092100,225,0.23,0.27,0.25,0.04,182.5,58,0.73,0.77,584
btc-updown-15m-1761092100,1761092100,240,0.21,0.27,0.24,0.06,191.5,68.4,0.73,0.79,1124
btc-updown-15m-1761092100,1761092100,255,0.24,0.26,0.25,0.02,86,61.6,0.74,0.76,10
btc-updown-15m-1761092100,1761092100,270,0.22,0.26,0.24,0.04,163.87,75.67,0.74,0.78,63
btc-updown-15m-1761092100,1761092100,285,0.2,0.23,0.215,0.03,134.5,281.07,0.77,0.8,20
btc-updown-15m-1761092100,1761092100,300,0.17,0.22,0.195,0.05,168.5,48.07,0.78,0.83,714
btc-updown-15m-1761092100,1761092100,315,0.15,0.21,0.18,0.06,149.5,108.98,0.79,0.85,942
btc-updown-15m-1761092100,1761092100,330,0.19,0.21,0.2,0.02,135.5,48.9,0.79,0.81,1479
btc-updown-15m-1761092100,1761092100,345,0.2,0.28,0.24,0.08,116.5,104.2,0.72,0.8,429
btc-updown-15m-1761092100,1761092100,360,0.18,0.21,0.195,0.03,38,31,0.79,0.82,302
btc-updown-15m-1761092100,1761092100,375,0.12,0.22,0.17,0.1,403.15,55.6,0.78,0.88,426
btc-updown-15m-1761092100,1761092100,390,0.14,0.22,0.18,0.08,277.47,83.1,0.78,0.86,104
btc-updown-15m-1761092100,1761092100,405,0.14,0.19,0.165,0.05,200.47,49,0.81,0.86,25
btc-updown-15m-1761092100,1761092100,420,0.15,0.17,0.16,0.02,112.32,26,0.83,0.85,21
btc-updown-15m-1761092100,1761092100,435,0.13,0.16,0.145,0.03,264.47,39,0.84,0.87,117
btc-updown-15m-1761092100,1761092100,450,0.1,0.14,0.12,0.04,145.5,29,0.86,0.9,348
btc-updown-15m-1761092100,1761092100,465,0.1,0.14,0.12,0.04,128.5,29,0.86,0.9,529
btc-updown-15m-1761092100,1761092100,480,0.1,0.14,0.12,0.04,143.38,47,0.86,0.9,1195
btc-updown-15m-1761092100,1761092100,495,0.08,0.13,0.105,0.05,129.5,41,0.87,0.92,29
btc-updown-15m-1761092100,1761092100,510,0.08,0.1,0.09,0.02,113.5,53.07,0.9,0.92,424
btc-updown-15m-1761092100,1761092100,525,0.08,0.1,0.09,0.02,137.32,73.07,0.9,0.92,3508
btc-updown-15m-1761092100,1761092100,540,0.06,0.1,0.08,0.04,196.7,61.07,0.9,0.94,310
btc-updown-15m-1761092100,1761092100,555,0.03,0.05,0.04,0.02,1263,75.1,0.95,0.97,8
btc-updown-15m-1761092100,1761092100,570,0.03,0.09,0.06,0.06,1166,135.5,0.91,0.97,20
btc-updown-15m-1761092100,1761092100,585,0.03,0.04,0.035,0.01,1254.87,94,0.96,0.97,1941
btc-updown-15m-1761092100,1761092100,600,0.03,0.1,0.065,0.07,1275.87,114.5,0.9,0.97,93
btc-updown-15m-1761092100,1761092100,615,0.03,0.08,0.055,0.05,1297.32,89.3,0.92,0.97,1225
btc-updown-15m-1761092100,1761092100,630,0.04,0.08,0.06,0.04,657.16,342.8,0.92,0.96,351
btc-updown-15m-1761092100,1761092100,645,0.03,0.07,0.05,0.04,1070.3,291.4,0.93,0.97,383
btc-updown-15m-1761092100,1761092100,660,0.03,0.06,0.045,0.03,1010.3,192.9,0.94,0.97,646
btc-updown-15m-1761092100,1761092100,675,0.03,0.07,0.05,0.04,1067.2,207.66,0.93,0.97,819
btc-updown-15m-1761092100,1761092100,690,0.03,0.05,0.04,0.02,1039.76,239.19,0.95,0.97,819
btc-updown-15m-1761092100,1761092100,705,0.03,0.05,0.04,0.02,858.79,214.99,0.95,0.97,231
btc-updown-15m-1761092100,1761092100,720,0.02,0.03,0.025,0.01,652.55,218.86,0.97,0.98,1875
btc-updown-15m-1761092100,1761092100,735,0.01,0.02,0.015,0.01,495.31,143.38,0.98,0.99,1544
btc-updown-15m-1761092100,1761092100,750,,0.01,,,0,651.43,0.99,,4814
btc-updown-15m-1761092100,1761092100,765,,0.01,,,0,1236.73,0.99,,6299
btc-updown-15m-1761092100,1761092100,780,,0.01,,,0,1246.73,0.99,,3761
btc-updown-15m-1761092100,1761092100,795,,0.01,,,0,2296.73,0.99,,7962
btc-updown-15m-1761092100,1761092100,810,,0.01,,,0,2596.73,0.99,,5495
btc-updown-15m-1761092100,1761092100,825,,0.01,,,0,2601.78,0.99,,4519
btc-updown-15m-1761092100,1761092100,840,,0.01,,,0,3482.13,0.99,,1619
btc-updown-15m-1761092100,1761092100,845,,0.01,,,0,3482.13,0.99,,6619
btc-updown-15m-1761092100,1761092100,850,,0.01,,,0,3482.13,0.99,,11619
btc-updown-15m-1761092100,1761092100,855,,0.01,,,0,3482.13,0.99,,16619
btc-updown-15m-1761092100,1761092100,860,,0.01,,,0,3482.13,0.99,,21619
btc-updown-15m-1761092100,1761092100,865,,0.01,,,0,3482.13,0.99,,26619
btc-updown-15m-1761092100,1761092100,870,,0.01,,,0,3482.13,0.99,,31619
btc-updown-15m-1761092100,1761092100,875,,0.01,,,0,3492.13,0.99,,2642
btc-updown-15m-1761092100,1761092100,880,,0.01,,,0,3492.13,0.99,,7642
btc-updown-15m-1761092100,1761092100,885,,0.01,,,0,3492.13,0.99,,12642
btc-updown-15m-1761092100,1761092100,890,,0.01,,,0,3492.13,0.99,,17642
btc-updown-15m-1761092100,1761092100,895,,0.01,,,0,3517.13,0.99,,3515
btc-updown-15m-1761092100,1761092100,897,,0.01,,,0,3517.13,0.99,,5515
btc-updown-15m-1761092100,1761092100,899,,0.01,,,0,3874.13,0.99,,844
btc-updown-15m-1761092100,1761092100,900,,0.01,,,0,3874.13,0.99,,1844
btc-updown-15m-1761096600,1761096600,0,0.54,0.56,0.55,0.02,137.99,361.15,0.44,0.46,705
btc-updown-15m-1761096600,1761096600,15,0.4,0.41,0.405,0.01,170.45,63,0.59,0.6,9
btc-updown-15m-1761096600,1761096600,30,0.36,0.38,0.37,0.02,53.05,62,0.62,0.64,338
btc-updown-15m-1761096600,1761096600,45,0.35,0.36,0.355,0.01,95.4,97,0.64,0.65,92
btc-updown-15m-1761096600,1761096600,60,0.32,0.4,0.36,0.08,138.3,167.5,0.6,0.68,32
btc-updown-15m-1761096600,1761096600,75,0.38,0.4,0.39,0.02,245,166.8,0.6,0.62,32
btc-updown-15m-1761096600,1761096600,90,0.36,0.43,0.395,0.07,204.5,70,0.57,0.64,401
btc-updown-15m-1761096600,1761096600,105,0.35,0.41,0.38,0.06,117.5,129.2,0.59,0.65,364
btc-updown-15m-1761096600,1761096600,120,0.34,0.37,0.355,0.03,107.5,97,0.63,0.66,1191
btc-updown-15m-1761096600,1761096600,135,0.31,0.35,0.33,0.04,247.1,65,0.65,0.69,233
btc-updown-15m-1761096600,1761096600,150,0.3,0.32,0.31,0.02,242.57,33.44,0.68,0.7,3
btc-updown-15m-1761096600,1761096600,165,0.3,0.36,0.33,0.06,238.5,70,0.64,0.7,468
btc-updown-15m-1761096600,1761096600,180,0.26,0.32,0.29,0.06,180.5,95,0.68,0.74,77
btc-updown-15m-1761096600,1761096600,195,0.43,0.45,0.44,0.02,53,68.48,0.55,0.57,388
btc-updown-15m-1761096600,1761096600,210,0.3,0.35,0.325,0.05,159.5,42,0.65,0.7,1145
btc-updown-15m-1761096600,1761096600,225,0.3,0.35,0.325,0.05,171.5,81.5,0.65,0.7,74
btc-updown-15m-1761096600,1761096600,240,0.28,0.31,0.295,0.03,69,70.7,0.69,0.72,405
btc-updown-15m-1761096600,1761096600,255,0.28,0.33,0.305,0.05,48,57.4,0.67,0.72,74
btc-updown-15m-1761096600,1761096600,270,0.3,0.34,0.32,0.04,156.5,55.6,0.66,0.7,130
btc-updown-15m-1761096600,1761096600,285,0.26,0.31,0.285,0.05,36,37.8,0.69,0.74,404
btc-updown-15m-1761096600,1761096600,300,0.28,0.34,0.31,0.06,116,80.6,0.66,0.72,49
btc-updown-15m-1761096600,1761096600,315,0.32,0.37,0.345,0.05,69,84.6,0.63,0.68,297
btc-updown-15m-1761096600,1761096600,330,0.34,0.39,0.365,0.05,59,36.4,0.61,0.66,32
btc-updown-15m-1761096600,1761096600,345,0.39,0.48,0.435,0.09,86,60.36,0.52,0.61,363
btc-updown-15m-1761096600,1761096600,360,0.47,0.51,0.49,0.04,53,48.39,0.49,0.53,335
btc-updown-15m-1761096600,1761096600,375,0.57,0.62,0.595,0.05,48,46.6,0.38,0.43,6
btc-updown-15m-1761096600,1761096600,390,0.67,0.73,0.7,0.06,136.16,19,0.27,0.33,126
btc-updown-15m-1761096600,1761096600,405,0.64,0.7,0.67,0.06,150.5,21,0.3,0.36,395
btc-updown-15m-1761096600,1761096600,420,0.65,0.68,0.665,0.03,121.5,19.52,0.32,0.35,8
btc-updown-15m-1761096600,1761096600,435,0.55,0.61,0.58,0.06,116.5,86,0.39,0.45,95
btc-updown-15m-1761096600,1761096600,450,0.62,0.66,0.64,0.04,23,24,0.34,0.38,19
btc-updown-15m-1761096600,1761096600,465,0.59,0.65,0.62,0.06,39,142.7,0.35,0.41,209
btc-updown-15m-1761096600,1761096600,480,0.59,0.65,0.62,0.06,144.97,145.5,0.35,0.41,58
btc-updown-15m-1761096600,1761096600,495,0.6,0.65,0.625,0.05,37.87,156.57,0.35,0.4,1424
btc-updown-15m-1761096600,1761096600,510,0.56,0.61,0.585,0.05,29,159.5,0.39,0.44,2784
btc-updown-15m-1761096600,1761096600,525,0.54,0.62,0.58,0.08,97.5,84.37,0.38,0.46,512
btc-updown-15m-1761096600,1761096600,540,0.59,0.65,0.62,0.06,54,148.5,0.35,0.41,111
btc-updown-15m-1761096600,1761096600,555,0.6,0.64,0.62,0.04,271,195.5,0.36,0.4,1009
btc-updown-15m-1761096600,1761096600,570,0.52,0.61,0.565,0.09,54.77,181.5,0.39,0.48,84
btc-updown-15m-1761096600,1761096600,585,0.48,0.59,0.535,0.11,46,68,0.41,0.52,339
btc-updown-15m-1761096600,1761096600,600,0.58,0.63,0.605,0.05,64,32,0.37,0.42,133
btc-updown-15m-1761096600,1761096600,615,0.54,0.6,0.57,0.06,66.1,19,0.4,0.46,1063
btc-updown-15m-1761096600,1761096600,630,0.54,0.64,0.59,0.1,80.2,103,0.36,0.46,28
btc-updown-15m-1761096600,1761096600,645,0.55,0.6,0.575,0.05,74,26,0.4,0.45,384
btc-updown-15m-1761096600,1761096600,660,0.58,0.66,0.62,0.08,81,196.92,0.34,0.42,193
btc-updown-15m-1761096600,1761096600,675,0.72,0.8,0.76,0.08,58,89.33,0.2,0.28,2
btc-updown-15m-1761096600,1761096600,690,0.64,0.72,0.68,0.08,120.5,47,0.28,0.36,179
btc-updown-15m-1761096600,1761096600,705,0.47,0.57,0.52,0.1,52,41.2,0.43,0.53,105
btc-updown-15m-1761096600,1761096600,720,0.3,0.35,0.325,0.05,52,158.5,0.65,0.7,787
btc-updown-15m-1761096600,1761096600,735,0.38,0.46,0.42,0.08,153.7,57,0.54,0.62,1
btc-updown-15m-1761096600,1761096600,750,0.41,0.46,0.435,0.05,82,128.5,0.54,0.59,13
btc-updown-15m-1761096600,1761096600,765,0.38,0.43,0.405,0.05,181.5,84.5,0.57,0.62,1255
btc-updown-15m-1761096600,1761096600,780,0.38,0.41,0.395,0.03,154.5,106.1,0.59,0.62,477
btc-updown-15m-1761096600,1761096600,795,0.39,0.48,0.435,0.09,83,17,0.52,0.61,131
btc-updown-15m-1761096600,1761096600,810,0.53,0.61,0.57,0.08,67,22,0.39,0.47,9
btc-updown-15m-1761096600,1761096600,825,0.61,0.84,0.725,0.23,50,55.5,0.16,0.39,50
btc-updown-15m-1761096600,1761096600,840,0.6,0.76,0.68,0.16,55,31.48,0.24,0.4,0
btc-updown-15m-1761096600,1761096600,845,0.68,0.84,0.76,0.16,81,454.91,0.16,0.32,8
btc-updown-15m-1761096600,1761096600,850,0.78,0.88,0.83,0.1,60,811.89,0.12,0.22,105
btc-updown-15m-1761096600,1761096600,855,0.8,0.88,0.84,0.08,60,553.86,0.12,0.2,29
btc-updown-15m-1761096600,1761096600,860,0.81,0.97,0.89,0.16,60,944.54,0.03,0.19,1
btc-updown-15m-1761096600,1761096600,865,0.97,0.98,0.975,0.01,327.46,487,0.02,0.03,164
btc-updown-15m-1761096600,1761096600,870,0.99,,,,337.55,0,,0.01,113
btc-updown-15m-1761096600,1761096600,875,0.99,,,,940.1,0,,0.01,17
btc-updown-15m-1761096600,1761096600,880,0.99,,,,1315.01,0,,0.01,143
btc-updown-15m-1761096600,1761096600,885,0.99,,,,1880.01,0,,0.01,152
btc-updown-15m-1761096600,1761096600,890,0.99,,,,1910.01,0,,0.01,29
btc-updown-15m-1761096600,1761096600,895,0.99,,,,2527.92,0,,0.01,119
btc-updown-15m-1761096600,1761096600,897,0.99,,,,2527.92,0,,0.01,615
btc-updown-15m-1761096600,1761096600,899,0.99,,,,3634.92,0,,0.01,10
btc-updown-15m-1761096600,1761096600,900,0.99,,,,3634.92,0,,0.01,242
btc-updown-15m-1761100200,1761100200,0,0.48,0.52,0.5,0.04,42.03,135.12,0.48,0.52,2537
btc-updown-15m-1761100200,1761100200,15,0.4,0.43,0.415,0.03,335.69,59,0.57,0.6,232
btc-updown-15m-1761100200,1761100200,30,0.39,0.42,0.405,0.03,80,86,0.58,0.61,364
btc-updown-15m-1761100200,1761100200,45,0.35,0.4,0.375,0.05,55.04,118,0.6,0.65,2388
btc-updown-15m-1761100200,1761100200,60,0.34,0.38,0.36,0.04,98.92,74,0.62,0.66,147
btc-updown-15m-1761100200,1761100200,75,0.32,0.35,0.335,0.03,97.5,30,0.65,0.68,236
btc-updown-15m-1761100200,1761100200,90,0.29,0.3,0.295,0.01,75.9,25,0.7,0.71,109
btc-updown-15m-1761100200,1761100200,105,0.31,0.34,0.325,0.03,119,74,0.66,0.69,686
btc-updown-15m-1761100200,1761100200,120,0.25,0.28,0.265,0.03,109,186,0.72,0.75,4
btc-updown-15m-1761100200,1761100200,135,0.2,0.26,0.23,0.06,165,74,0.74,0.8,858
btc-updown-15m-1761100200,1761100200,150,0.17,0.22,0.195,0.05,69.9,85,0.78,0.83,193
btc-updown-15m-1761100200,1761100200,165,0.14,0.19,0.165,0.05,623.5,40,0.81,0.86,1187
btc-updown-15m-1761100200,1761100200,180,0.13,0.2,0.165,0.07,637.01,69,0.8,0.87,503
btc-updown-15m-1761100200,1761100200,195,0.14,0.19,0.165,0.05,457.71,74,0.81,0.86,358
btc-updown-15m-1761100200,1761100200,210,0.16,0.23,0.195,0.07,127.8,191.5,0.77,0.84,321
btc-updown-15m-1761100200,1761100200,225,0.15,0.2,0.175,0.05,145.21,27,0.8,0.85,73
btc-updown-15m-1761100200,1761100200,240,0.13,0.23,0.18,0.1,521.61,20,0.77,0.87,35
btc-updown-15m-1761100200,1761100200,255,0.12,0.17,0.145,0.05,686,147.5,0.83,0.88,28
btc-updown-15m-1761100200,1761100200,270,0.12,0.18,0.15,0.06,695,63.44,0.82,0.88,992
btc-updown-15m-1761100200,1761100200,285,0.14,0.15,0.145,0.01,463.24,582.86,0.85,0.86,609
btc-updown-15m-1761100200,1761100200,300,0.14,0.15,0.145,0.01,51.61,573.86,0.85,0.86,1448
btc-updown-15m-1761100200,1761100200,315,0.15,0.21,0.18,0.06,69,152.78,0.79,0.85,172
btc-updown-15m-1761100200,1761100200,330,0.2,0.22,0.21,0.02,425.75,149.5,0.78,0.8,543
btc-updown-15m-1761100200,1761100200,345,0.2,0.23,0.215,0.03,305.63,138.5,0.77,0.8,16
btc-updown-15m-1761100200,1761100200,360,0.11,0.18,0.145,0.07,271.58,142.5,0.82,0.89,1552
btc-updown-15m-1761100200,1761100200,375,0.1,0.17,0.135,0.07,121.2,554,0.83,0.9,255
btc-updown-15m-1761100200,1761100200,390,0.1,0.17,0.135,0.07,105.3,24,0.83,0.9,556
btc-updown-15m-1761100200,1761100200,405,0.05,0.11,0.08,0.06,1159.73,36,0.89,0.95,592
btc-updown-15m-1761100200,1761100200,420,0.05,0.08,0.065,0.03,1001.08,844,0.92,0.95,585
btc-updown-15m-1761100200,1761100200,435,0.03,0.08,0.055,0.05,1702,813.5,0.92,0.97,576
btc-updown-15m-1761100200,1761100200,450,0.03,0.07,0.05,0.04,1543.84,756.5,0.93,0.97,147
btc-updown-15m-1761100200,1761100200,465,0.03,0.06,0.045,0.03,1622.84,24,0.94,0.97,1292
btc-updown-15m-1761100200,1761100200,480,0.03,0.07,0.05,0.04,1575.57,736.99,0.93,0.97,75
btc-updown-15m-1761100200,1761100200,495,0.03,0.06,0.045,0.03,1195.57,111.5,0.94,0.97,111
btc-updown-15m-1761100200,1761100200,510,0.03,0.07,0.05,0.04,1383.44,767.5,0.93,0.97,900
btc-updown-15m-1761100200,1761100200,525,0.02,0.06,0.04,0.04,980.79,132.5,0.94,0.98,1966
btc-updown-15m-1761100200,1761100200,540,0.02,0.03,0.025,0.01,979.76,908.5,0.97,0.98,5454
btc-updown-15m-1761100200,1761100200,555,0.02,0.03,0.025,0.01,889.76,821,0.97,0.98,4670
btc-updown-15m-1761100200,1761100200,570,0.02,0.03,0.025,0.01,869.35,911.5,0.97,0.98,2324
btc-updown-15m-1761100200,1761100200,585,0.01,0.02,0.015,0.01,856,728.09,0.98,0.99,1344
btc-updown-15m-1761100200,1761100200,600,0.01,0.02,0.015,0.01,854.98,745.09,0.98,0.99,3787
btc-updown-15m-1761100200,1761100200,615,0.01,0.02,0.015,0.01,864.98,560.08,0.98,0.99,2661
btc-updown-15m-1761100200,1761100200,630,0.01,0.02,0.015,0.01,824.57,657.58,0.98,0.99,729
btc-updown-15m-1761100200,1761100200,645,0.01,0.02,0.015,0.01,324.57,657.58,0.98,0.99,1204
btc-updown-15m-1761100200,1761100200,660,0.01,0.02,0.015,0.01,43.83,707.58,0.98,0.99,760
btc-updown-15m-1761100200,1761100200,675,,0.01,,,0,1493.55,0.99,,958
btc-updown-15m-1761100200,1761100200,690,,0.01,,,0,1444.15,0.99,,6432
btc-updown-15m-1761100200,1761100200,705,,0.01,,,0,1054.15,0.99,,2619
btc-updown-15m-1761100200,1761100200,720,,0.01,,,0,1230.33,0.99,,9150
btc-updown-15m-1761100200,1761100200,735,,0.01,,,0,1316.58,0.99,,3358
btc-updown-15m-1761100200,1761100200,750,,0.01,,,0,1316.58,0.99,,10100
btc-updown-15m-1761100200,1761100200,765,,0.01,,,0,1316.58,0.99,,357
btc-updown-15m-1761100200,1761100200,780,,0.02,,,0,613.84,0.98,,1116
btc-updown-15m-1761100200,1761100200,795,,0.01,,,0,1250.34,0.99,,4750
btc-updown-15m-1761100200,1761100200,810,,0.01,,,0,1574.16,0.99,,5448
btc-updown-15m-1761100200,1761100200,825,,0.01,,,0,1574.16,0.99,,20448
btc-updown-15m-1761100200,1761100200,840,,0.01,,,0,1574.16,0.99,,35448
btc-updown-15m-1761100200,1761100200,845,,0.01,,,0,1574.16,0.99,,40448
btc-updown-15m-1761100200,1761100200,850,,0.01,,,0,1574.16,0.99,,45448
btc-updown-15m-1761100200,1761100200,855,,0.01,,,0,1574.16,0.99,,50448
btc-updown-15m-1761100200,1761100200,860,,0.01,,,0,1604.16,0.99,,495
btc-updown-15m-1761100200,1761100200,865,,0.01,,,0,1604.16,0.99,,5495
btc-updown-15m-1761100200,1761100200,870,,0.01,,,0,1604.16,0.99,,10495
btc-updown-15m-1761100200,1761100200,875,,0.01,,,0,1609.16,0.99,,3015
btc-updown-15m-1761100200,1761100200,880,,0.01,,,0,1609.16,0.99,,8015
btc-updown-15m-1761100200,1761100200,885,,0.01,,,0,1609.16,0.99,,13015
btc-updown-15m-1761100200,1761100200,890,,0.01,,,0,1609.16,0.99,,18015
btc-updown-15m-1761100200,1761100200,895,,0.01,,,0,1609.16,0.99,,23015
btc-updown-15m-1761100200,1761100200,897,,0.01,,,0,1609.16,0.99,,25015
btc-updown-15m-1761100200,1761100200,899,,0.01,,,0,1616.16,0.99,,919
btc-updown-15m-1761100200,1761100200,900,,0.01,,,0,1616.16,0.99,,1919
btc-updown-15m-1761104700,1761104700,0,0.5,0.52,0.51,0.02,45,291.41,0.48,0.5,3319
btc-updown-15m-1761104700,1761104700,15,0.49,0.54,0.515,0.05,750,755,0.46,0.51,104
btc-updown-15m-1761104700,1761104700,30,0.5,0.54,0.52,0.04,760,535,0.46,0.5,200
btc-updown-15m-1761104700,1761104700,45,0.52,0.57,0.545,0.05,530,858.1,0.43,0.48,28
btc-updown-15m-1761104700,1761104700,60,0.5,0.54,0.52,0.04,280,809,0.46,0.5,307
btc-updown-15m-1761104700,1761104700,75,0.46,0.5,0.48,0.04,536.3,755,0.5,0.54,28
btc-updown-15m-1761104700,1761104700,90,0.45,0.5,0.475,0.05,530,755,0.5,0.55,881
btc-updown-15m-1761104700,1761104700,105,0.4,0.48,0.44,0.08,644,822.7,0.52,0.6,9
btc-updown-15m-1761104700,1761104700,120,0.44,0.46,0.45,0.02,31.1,750,0.54,0.56,122
btc-updown-15m-1761104700,1761104700,135,0.43,0.48,0.455,0.05,927.6,525,0.52,0.57,35
btc-updown-15m-1761104700,1761104700,150,0.47,0.53,0.5,0.06,780,900.5,0.47,0.53,248
btc-updown-15m-1761104700,1761104700,165,0.5,0.51,0.505,0.01,30,563.92,0.49,0.5,99
btc-updown-15m-1761104700,1761104700,180,0.45,0.5,0.475,0.05,780,705.42,0.5,0.55,737
btc-updown-15m-1761104700,1761104700,195,0.4,0.46,0.43,0.06,871.9,785,0.54,0.6,1
btc-updown-15m-1761104700,1761104700,210,0.43,0.48,0.455,0.05,759,687,0.52,0.57,34
btc-updown-15m-1761104700,1761104700,225,0.48,0.53,0.505,0.05,716.38,826,0.47,0.52,210
btc-updown-15m-1761104700,1761104700,240,0.51,0.56,0.535,0.05,773,796,0.44,0.49,67
btc-updown-15m-1761104700,1761104700,255,0.53,0.57,0.55,0.04,777,349.7,0.43,0.47,11
btc-updown-15m-1761104700,1761104700,270,0.5,0.57,0.535,0.07,809.5,562.34,0.43,0.5,29
btc-updown-15m-1761104700,1761104700,285,0.51,0.57,0.54,0.06,839.1,751.84,0.43,0.49,2
btc-updown-15m-1761104700,1761104700,300,0.53,0.57,0.55,0.04,778,448.84,0.43,0.47,24
btc-updown-15m-1761104700,1761104700,315,0.57,0.6,0.585,0.03,755,547.32,0.4,0.43,20
btc-updown-15m-1761104700,1761104700,330,0.62,0.65,0.635,0.03,525.89,573,0.35,0.38,0
btc-updown-15m-1761104700,1761104700,345,0.62,0.67,0.645,0.05,841,812.17,0.33,0.38,23
btc-updown-15m-1761104700,1761104700,360,0.71,0.72,0.715,0.01,549,96,0.28,0.29,0
btc-updown-15m-1761104700,1761104700,375,0.78,0.86,0.82,0.08,121.8,897.7,0.14,0.22,8
btc-updown-15m-1761104700,1761104700,390,0.77,0.84,0.805,0.07,94,695.37,0.16,0.23,19
btc-updown-15m-1761104700,1761104700,405,0.8,0.85,0.825,0.05,44,769.87,0.15,0.2,24
btc-updown-15m-1761104700,1761104700,420,0.76,0.8,0.78,0.04,845.8,54.49,0.2,0.24,167
btc-updown-15m-1761104700,1761104700,435,0.75,0.8,0.775,0.05,76.6,804.49,0.2,0.25,20
btc-updown-15m-1761104700,1761104700,450,0.76,0.8,0.78,0.04,352.8,133.49,0.2,0.24,21
btc-updown-15m-1761104700,1761104700,465,0.73,0.8,0.765,0.07,350.3,383.49,0.2,0.27,11
btc-updown-15m-1761104700,1761104700,480,0.78,0.8,0.79,0.02,157,464.5,0.2,0.22,14
btc-updown-15m-1761104700,1761104700,495,0.74,0.78,0.76,0.04,21,970.93,0.22,0.26,12
btc-updown-15m-1761104700,1761104700,510,0.73,0.79,0.76,0.06,515,241.93,0.21,0.27,23
btc-updown-15m-1761104700,1761104700,525,0.72,0.77,0.745,0.05,132,817.5,0.23,0.28,124
btc-updown-15m-1761104700,1761104700,540,0.72,0.78,0.75,0.06,447.4,475.43,0.22,0.28,132
btc-updown-15m-1761104700,1761104700,555,0.77,0.78,0.775,0.01,160.73,1074.25,0.22,0.23,26
btc-updown-15m-1761104700,1761104700,570,0.77,0.78,0.775,0.01,319,829.25,0.22,0.23,25
btc-updown-15m-1761104700,1761104700,585,0.78,0.8,0.79,0.02,844.37,95.43,0.2,0.22,621
btc-updown-15m-1761104700,1761104700,600,0.78,0.8,0.79,0.02,820.37,77.73,0.2,0.22,1816
btc-updown-15m-1761104700,1761104700,615,0.63,0.7,0.665,0.07,581.25,657.5,0.3,0.37,25
btc-updown-15m-1761104700,1761104700,630,0.69,0.74,0.715,0.05,316.5,657.5,0.26,0.31,62
btc-updown-15m-1761104700,1761104700,645,0.71,0.77,0.74,0.06,566.9,641.5,0.23,0.29,123
btc-updown-15m-1761104700,1761104700,660,0.76,0.84,0.8,0.08,554,633.3,0.16,0.24,8
btc-updown-15m-1761104700,1761104700,675,0.78,0.8,0.79,0.02,28,481.5,0.2,0.22,9
btc-updown-15m-1761104700,1761104700,690,0.86,0.9,0.88,0.04,314.16,1102.81,0.1,0.14,16
btc-updown-15m-1761104700,1761104700,705,0.86,0.91,0.885,0.05,272.11,751.18,0.09,0.14,0
btc-updown-15m-1761104700,1761104700,720,0.91,0.95,0.93,0.04,582.09,959.73,0.05,0.09,37
btc-updown-15m-1761104700,1761104700,735,0.92,0.96,0.94,0.04,83.98,1062,0.04,0.08,22
btc-updown-15m-1761104700,1761104700,750,0.94,0.95,0.945,0.01,71.31,835,0.05,0.06,13
btc-updown-15m-1761104700,1761104700,765,0.91,0.95,0.93,0.04,32.57,357,0.05,0.09,12
btc-updown-15m-1761104700,1761104700,780,0.93,0.97,0.95,0.04,83,948,0.03,0.07,92
btc-updown-15m-1761104700,1761104700,795,0.99,,,,2234.29,0,,0.01,1370
btc-updown-15m-1761104700,1761104700,810,0.99,,,,2244.06,0,,0.01,38
btc-updown-15m-1761104700,1761104700,825,0.99,,,,2295.99,0,,0.01,984
btc-updown-15m-1761104700,1761104700,840,0.99,,,,2813.95,0,,0.01,7834
btc-updown-15m-1761104700,1761104700,845,0.99,,,,2813.95,0,,0.01,307
btc-updown-15m-1761104700,1761104700,850,0.99,,,,2813.95,0,,0.01,3
btc-updown-15m-1761104700,1761104700,855,0.99,,,,2813.95,0,,0.01,640
btc-updown-15m-1761104700,1761104700,860,0.99,,,,2813.95,0,,0.01,5640
btc-updown-15m-1761104700,1761104700,865,0.99,,,,2813.95,0,,0.01,10640
btc-updown-15m-1761104700,1761104700,870,0.99,,,,2813.95,0,,0.01,15640
btc-updown-15m-1761104700,1761104700,875,0.99,,,,1948.95,0,,0.01,749
btc-updown-15m-1761104700,1761104700,880,0.99,,,,1948.95,0,,0.01,5749
btc-updown-15m-1761104700,1761104700,885,0.99,,,,1948.95,0,,0.01,2979
btc-updown-15m-1761104700,1761104700,890,0.99,,,,1930.99,0,,0.01,3694
btc-updown-15m-1761104700,1761104700,895,0.99,,,,1955.99,0,,0.01,3961
btc-updown-15m-1761104700,1761104700,897,0.99,,,,1955.99,0,,0.01,5961
btc-updown-15m-1761104700,1761104700,899,0.99,,,,2312.99,0,,0.01,679
btc-updown-15m-1761104700,1761104700,900,0.99,,,,2312.99,0,,0.01,1679
btc-updown-15m-1761109200,1761109200,0,0.48,0.5,0.49,0.02,45.07,136,0.5,0.52,2837
btc-updown-15m-1761109200,1761109200,15,0.36,0.46,0.41,0.1,340,587.7,0.54,0.64,18
btc-updown-15m-1761109200,1761109200,30,0.31,0.33,0.32,0.02,85,87,0.67,0.69,276
btc-updown-15m-1761109200,1761109200,45,0.27,0.31,0.29,0.04,78.9,74.08,0.69,0.73,324
btc-updown-15m-1761109200,1761109200,60,0.27,0.31,0.29,0.04,358.6,81,0.69,0.73,45
btc-updown-15m-1761109200,1761109200,75,0.27,0.28,0.275,0.01,73.6,76,0.72,0.73,1610
btc-updown-15m-1761109200,1761109200,90,0.27,0.31,0.29,0.04,73.6,306,0.69,0.73,1365
btc-updown-15m-1761109200,1761109200,105,0.2,0.22,0.21,0.02,78.2,76,0.78,0.8,22
btc-updown-15m-1761109200,1761109200,120,0.2,0.25,0.225,0.05,144.2,321,0.75,0.8,4
btc-updown-15m-1761109200,1761109200,135,0.29,0.32,0.305,0.03,30,125.53,0.68,0.71,24
btc-updown-15m-1761109200,1761109200,150,0.4,0.44,0.42,0.04,624.4,40,0.56,0.6,17
btc-updown-15m-1761109200,1761109200,165,0.36,0.41,0.385,0.05,377.5,65,0.59,0.64,26
btc-updown-15m-1761109200,1761109200,180,0.39,0.44,0.415,0.05,387.5,45,0.56,0.61,23
btc-updown-15m-1761109200,1761109200,195,0.43,0.46,0.445,0.03,423.5,30,0.54,0.57,28
btc-updown-15m-1761109200,1761109200,210,0.44,0.46,0.45,0.02,383.5,32,0.54,0.56,288
btc-updown-15m-1761109200,1761109200,225,0.45,0.52,0.485,0.07,60,577.7,0.48,0.55,22
btc-updown-15m-1761109200,1761109200,240,0.43,0.53,0.48,0.1,560,700.39,0.47,0.57,420
btc-updown-15m-1761109200,1761109200,255,0.4,0.45,0.425,0.05,133.5,53,0.55,0.6,23
btc-updown-15m-1761109200,1761109200,270,0.52,0.59,0.555,0.07,285.79,378.24,0.41,0.48,5
btc-updown-15m-1761109200,1761109200,285,0.53,0.54,0.535,0.01,273,147.59,0.46,0.47,32
btc-updown-15m-1761109200,1761109200,300,0.52,0.55,0.535,0.03,138.5,365.59,0.45,0.48,294
btc-updown-15m-1761109200,1761109200,315,0.39,0.45,0.42,0.06,111.4,392.64,0.55,0.61,1016
btc-updown-15m-1761109200,1761109200,330,0.38,0.44,0.41,0.06,77.3,144.7,0.56,0.62,623
btc-updown-15m-1761109200,1761109200,345,0.36,0.4,0.38,0.04,320.4,587.5,0.6,0.64,26
btc-updown-15m-1761109200,1761109200,360,0.21,0.25,0.23,0.04,608.3,54,0.75,0.79,261
btc-updown-15m-1761109200,1761109200,375,0.22,0.25,0.235,0.03,49,62,0.75,0.78,207
btc-updown-15m-1761109200,1761109200,390,0.22,0.24,0.23,0.02,89.22,51,0.76,0.78,49
btc-updown-15m-1761109200,1761109200,405,0.19,0.21,0.2,0.02,65.2,59,0.79,0.81,75
btc-updown-15m-1761109200,1761109200,420,0.18,0.21,0.195,0.03,34.3,54.23,0.79,0.82,3602
btc-updown-15m-1761109200,1761109200,435,0.15,0.18,0.165,0.03,47.5,296,0.82,0.85,307
btc-updown-15m-1761109200,1761109200,450,0.13,0.15,0.14,0.02,75.4,114.33,0.85,0.87,44
btc-updown-15m-1761109200,1761109200,465,0.04,0.08,0.06,0.04,873.9,38,0.92,0.96,24
btc-updown-15m-1761109200,1761109200,480,0.03,0.1,0.065,0.07,939,298,0.9,0.97,33
btc-updown-15m-1761109200,1761109200,495,0.03,0.09,0.06,0.06,748.21,343.3,0.91,0.97,11
btc-updown-15m-1761109200,1761109200,510,0.03,0.08,0.055,0.05,759.21,111.3,0.92,0.97,1279
btc-updown-15m-1761109200,1761109200,525,0.02,0.08,0.05,0.06,449.29,115.9,0.92,0.98,470
btc-updown-15m-1761109200,1761109200,540,0.01,0.08,0.045,0.07,348.41,358.9,0.92,0.99,51
btc-updown-15m-1761109200,1761109200,555,0.02,0.09,0.055,0.07,335,125.4,0.91,0.98,444
btc-updown-15m-1761109200,1761109200,570,0.01,0.06,0.035,0.05,248.41,110.5,0.94,0.99,52
btc-updown-15m-1761109200,1761109200,585,0.01,0.06,0.035,0.05,141.8,123,0.94,0.99,257
btc-updown-15m-1761109200,1761109200,600,0.01,0.03,0.02,0.02,79.95,219,0.97,0.99,126
btc-updown-15m-1761109200,1761109200,615,0.01,0.02,0.015,0.01,58.33,87.19,0.98,0.99,669
btc-updown-15m-1761109200,1761109200,630,0.01,0.02,0.015,0.01,1693.17,94.19,0.98,0.99,2063
btc-updown-15m-1761109200,1761109200,645,0.01,0.08,0.045,0.07,1697.17,314.5,0.92,0.99,2655
btc-updown-15m-1761109200,1761109200,660,0.01,0.06,0.035,0.05,1683.17,75.9,0.94,0.99,583
btc-updown-15m-1761109200,1761109200,675,,0.03,,,0,118.54,0.97,,255
btc-updown-15m-1761109200,1761109200,690,,0.02,,,0,117.04,0.98,,5915
btc-updown-15m-1761109200,1761109200,705,,0.02,,,0,69.54,0.98,,3406
btc-updown-15m-1761109200,1761109200,720,,0.03,,,0,38.96,0.97,,499
btc-updown-15m-1761109200,1761109200,735,,0.01,,,0,606.96,0.99,,2567
btc-updown-15m-1761109200,1761109200,750,,0.01,,,0,576.96,0.99,,67
btc-updown-15m-1761109200,1761109200,765,,0.01,,,0,526.96,0.99,,1241
btc-updown-15m-1761109200,1761109200,780,,0.01,,,0,536.96,0.99,,264
btc-updown-15m-1761109200,1761109200,795,,0.01,,,0,931.96,0.99,,47
btc-updown-15m-1761109200,1761109200,810,,0.01,,,0,1023.29,0.99,,313
btc-updown-15m-1761109200,1761109200,825,,0.01,,,0,1538.34,0.99,,38
btc-updown-15m-1761109200,1761109200,840,,0.009,,,0,2380.68,0.991,,117
btc-updown-15m-1761109200,1761109200,845,,0.009,,,0,2269.56,0.991,,294
btc-updown-15m-1761109200,1761109200,850,,0.009,,,0,2269.56,0.991,,268
btc-updown-15m-1761109200,1761109200,855,,0.009,,,0,2269.56,0.991,,114
btc-updown-15m-1761109200,1761109200,860,,0.009,,,0,2269.56,0.991,,32
btc-updown-15m-1761109200,1761109200,865,,0.009,,,0,2269.56,0.991,,827
btc-updown-15m-1761109200,1761109200,870,,0.009,,,0,2269.56,0.991,,94
btc-updown-15m-1761109200,1761109200,875,,0.009,,,0,2274.56,0.991,,21
btc-updown-15m-1761109200,1761109200,880,,0.009,,,0,2274.56,0.991,,342
btc-updown-15m-1761109200,1761109200,885,,0.009,,,0,2274.56,0.991,,293
btc-updown-15m-1761109200,1761109200,890,,0.009,,,0,3774.56,0.991,,172
btc-updown-15m-1761109200,1761109200,895,,0.009,,,0,3799.56,0.991,,284
btc-updown-15m-1761109200,1761109200,897,,0.009,,,0,3799.56,0.991,,56
btc-updown-15m-1761109200,1761109200,899,,0.009,,,0,4156.56,0.991,,48
btc-updown-15m-1761109200,1761109200,900,,0.009,,,0,4156.56,0.991,,109
btc-updown-15m-1761113700,1761113700,0,0.47,0.49,0.48,0.02,40.04,1422.34,0.51,0.53,530
btc-updown-15m-1761113700,1761113700,15,0.46,0.5,0.48,0.04,168.25,1197.84,0.5,0.54,392
btc-updown-15m-1761113700,1761113700,30,0.48,0.5,0.49,0.02,67.07,1117.84,0.5,0.52,614
btc-updown-15m-1761113700,1761113700,45,0.53,0.56,0.545,0.03,52,60,0.44,0.47,118
btc-updown-15m-1761113700,1761113700,60,0.58,0.59,0.585,0.01,20,145.46,0.41,0.42,188
btc-updown-15m-1761113700,1761113700,75,0.46,0.54,0.5,0.08,110.55,185.9,0.46,0.54,113
btc-updown-15m-1761113700,1761113700,90,0.47,0.51,0.49,0.04,33.05,84,0.49,0.53,2490
btc-updown-15m-1761113700,1761113700,105,0.5,0.52,0.51,0.02,112.42,30,0.48,0.5,331
btc-updown-15m-1761113700,1761113700,120,0.44,0.5,0.47,0.06,154.62,35,0.5,0.56,103
btc-updown-15m-1761113700,1761113700,135,0.44,0.49,0.465,0.05,115.74,50,0.51,0.56,4
btc-updown-15m-1761113700,1761113700,150,0.41,0.48,0.445,0.07,137.14,109,0.52,0.59,20
btc-updown-15m-1761113700,1761113700,165,0.4,0.41,0.405,0.01,44.4,126.36,0.59,0.6,215
btc-updown-15m-1761113700,1761113700,180,0.4,0.41,0.405,0.01,122.39,74.92,0.59,0.6,5697
btc-updown-15m-1761113700,1761113700,195,0.4,0.41,0.405,0.01,40.05,75.04,0.59,0.6,24
btc-updown-15m-1761113700,1761113700,210,0.32,0.37,0.345,0.05,127,72,0.63,0.68,427
btc-updown-15m-1761113700,1761113700,225,0.31,0.36,0.335,0.05,132,167.5,0.64,0.69,2980
btc-updown-15m-1761113700,1761113700,240,0.27,0.3,0.285,0.03,72.83,72,0.7,0.73,807
btc-updown-15m-1761113700,1761113700,255,0.26,0.32,0.29,0.06,77.1,140.5,0.68,0.74,77
btc-updown-15m-1761113700,1761113700,270,0.3,0.36,0.33,0.06,23,289.5,0.64,0.7,28
btc-updown-15m-1761113700,1761113700,285,0.46,0.51,0.485,0.05,29,152.26,0.49,0.54,132
btc-updown-15m-1761113700,1761113700,300,0.52,0.55,0.535,0.03,77,108.18,0.45,0.48,25
btc-updown-15m-1761113700,1761113700,315,0.56,0.57,0.565,0.01,83.73,7.82,0.43,0.44,19
btc-updown-15m-1761113700,1761113700,330,0.54,0.61,0.575,0.07,72,67,0.39,0.46,15
btc-updown-15m-1761113700,1761113700,345,0.42,0.49,0.455,0.07,73.9,81,0.51,0.58,6
btc-updown-15m-1761113700,1761113700,360,0.52,0.56,0.54,0.04,54,101.5,0.44,0.48,25
btc-updown-15m-1761113700,1761113700,375,0.47,0.52,0.495,0.05,23,158.5,0.48,0.53,559
btc-updown-15m-1761113700,1761113700,390,0.3,0.46,0.38,0.16,30,111.5,0.54,0.7,0
btc-updown-15m-1761113700,1761113700,405,0.4,0.44,0.42,0.04,121.5,70,0.56,0.6,650
btc-updown-15m-1761113700,1761113700,420,0.4,0.44,0.42,0.04,119.75,78,0.56,0.6,11
btc-updown-15m-1761113700,1761113700,435,0.3,0.35,0.325,0.05,68.9,148.5,0.65,0.7,176
btc-updown-15m-1761113700,1761113700,450,0.25,0.32,0.285,0.07,111,155.5,0.68,0.75,23
btc-updown-15m-1761113700,1761113700,465,0.47,0.51,0.49,0.04,135.4,111.59,0.49,0.53,33
btc-updown-15m-1761113700,1761113700,480,0.52,0.59,0.555,0.07,37,104,0.41,0.48,122
btc-updown-15m-1761113700,1761113700,495,0.59,0.63,0.61,0.04,47,68.1,0.37,0.41,5
btc-updown-15m-1761113700,1761113700,510,0.59,0.65,0.62,0.06,79,61.3,0.35,0.41,18
btc-updown-15m-1761113700,1761113700,525,0.6,0.67,0.635,0.07,60,73.1,0.33,0.4,4
btc-updown-15m-1761113700,1761113700,540,0.73,0.76,0.745,0.03,50,47.7,0.24,0.27,113
btc-updown-15m-1761113700,1761113700,555,0.74,0.78,0.76,0.04,31,122.9,0.22,0.26,133
btc-updown-15m-1761113700,1761113700,570,0.8,0.87,0.835,0.07,143.5,40.3,0.13,0.2,19
btc-updown-15m-1761113700,1761113700,585,0.84,0.92,0.88,0.08,56,71.9,0.08,0.16,18
btc-updown-15m-1761113700,1761113700,600,0.86,0.93,0.895,0.07,115.5,146.51,0.07,0.14,758
btc-updown-15m-1761113700,1761113700,615,0.84,0.93,0.885,0.09,149.6,102.9,0.07,0.16,75
btc-updown-15m-1761113700,1761113700,630,0.92,0.97,0.945,0.05,31,882.69,0.03,0.08,802
btc-updown-15m-1761113700,1761113700,645,0.94,0.98,0.96,0.04,30,618.88,0.02,0.06,16
btc-updown-15m-1761113700,1761113700,660,0.95,0.99,0.97,0.04,363.11,410.64,0.01,0.05,289
btc-updown-15m-1761113700,1761113700,675,0.95,0.99,0.97,0.04,119.11,281.95,0.01,0.05,308
btc-updown-15m-1761113700,1761113700,690,0.98,0.99,0.985,0.01,94.31,142.79,0.01,0.02,812
btc-updown-15m-1761113700,1761113700,705,0.98,0.99,0.985,0.01,122.68,31.55,0.01,0.02,8
btc-updown-15m-1761113700,1761113700,720,0.99,,,,270.01,0,,0.01,1520
btc-updown-15m-1761113700,1761113700,735,0.98,0.99,0.985,0.01,118.28,27.66,0.01,0.02,3458
btc-updown-15m-1761113700,1761113700,750,0.98,0.99,0.985,0.01,100.03,6.43,0.01,0.02,1914
btc-updown-15m-1761113700,1761113700,765,0.99,,,,78.38,0,,0.01,1205
btc-updown-15m-1761113700,1761113700,780,0.99,,,,342.6,0,,0.01,6874
btc-updown-15m-1761113700,1761113700,795,0.99,,,,339.36,0,,0.01,12918
btc-updown-15m-1761113700,1761113700,810,0.99,,,,1815,0,,0.01,1248
btc-updown-15m-1761113700,1761113700,825,0.99,,,,2329.05,0,,0.01,1277
btc-updown-15m-1761113700,1761113700,840,0.99,,,,1315.56,0,,0.01,80
btc-updown-15m-1761113700,1761113700,845,0.96,0.99,0.975,0.03,120.26,174,0.01,0.04,62
btc-updown-15m-1761113700,1761113700,850,0.93,,,,95.71,0,,0.07,605
btc-updown-15m-1761113700,1761113700,855,0.92,0.98,0.95,0.06,91.96,100,0.02,0.08,556
btc-updown-15m-1761113700,1761113700,860,0.92,0.97,0.945,0.05,91.96,73,0.03,0.08,22
btc-updown-15m-1761113700,1761113700,865,0.92,0.95,0.935,0.03,91.96,11.46,0.05,0.08,19
btc-updown-15m-1761113700,1761113700,870,0.93,0.99,0.96,0.06,101.96,200,0.01,0.07,498
btc-updown-15m-1761113700,1761113700,875,0.93,,,,91.96,0,,0.07,4283
btc-updown-15m-1761113700,1761113700,880,0.99,,,,1031.25,0,,0.01,1360
btc-updown-15m-1761113700,1761113700,885,0.99,,,,927.9,0,,0.01,1318
btc-updown-15m-1761113700,1761113700,890,0.99,,,,927.9,0,,0.01,6318
btc-updown-15m-1761113700,1761113700,895,0.99,,,,1752.9,0,,0.01,530
btc-updown-15m-1761113700,1761113700,897,0.99,,,,1752.9,0,,0.01,2530
btc-updown-15m-1761113700,1761113700,899,0.99,,,,2109.9,0,,0.01,525
btc-updown-15m-1761113700,1761113700,900,0.99,,,,2109.9,0,,0.01,1525
btc-updown-15m-1761118200,1761118200,0,0.45,0.49,0.47,0.04,190,543.98,0.51,0.55,1387
btc-updown-15m-1761118200,1761118200,15,0.45,0.46,0.455,0.01,227.5,217,0.54,0.55,7
btc-updown-15m-1761118200,1761118200,30,0.46,0.49,0.475,0.03,132.9,217.85,0.51,0.54,94
btc-updown-15m-1761118200,1761118200,45,0.46,0.48,0.47,0.02,30,212.85,0.52,0.54,1214
btc-updown-15m-1761118200,1761118200,60,0.52,0.58,0.55,0.06,262.5,120.69,0.42,0.48,16
btc-updown-15m-1761118200,1761118200,75,0.66,0.71,0.685,0.05,45,105.1,0.29,0.34,336
btc-updown-15m-1761118200,1761118200,90,0.56,0.6,0.58,0.04,117.5,61,0.4,0.44,271
btc-updown-15m-1761118200,1761118200,105,0.51,0.57,0.54,0.06,183.5,86,0.43,0.49,33
btc-updown-15m-1761118200,1761118200,120,0.51,0.53,0.52,0.02,93.6,49.47,0.47,0.49,505
btc-updown-15m-1761118200,1761118200,135,0.51,0.54,0.525,0.03,76,25.81,0.46,0.49,60
btc-updown-15m-1761118200,1761118200,150,0.52,0.55,0.535,0.03,20,55.2,0.45,0.48,739
btc-updown-15m-1761118200,1761118200,165,0.52,0.56,0.54,0.04,69.84,55.2,0.44,0.48,831
btc-updown-15m-1761118200,1761118200,180,0.42,0.48,0.45,0.06,386.33,332.5,0.52,0.58,16
btc-updown-15m-1761118200,1761118200,195,0.45,0.51,0.48,0.06,77.1,117.5,0.49,0.55,121
btc-updown-15m-1761118200,1761118200,210,0.48,0.5,0.49,0.02,44,27.1,0.5,0.52,131
btc-updown-15m-1761118200,1761118200,225,0.49,0.51,0.5,0.02,25.11,139.61,0.49,0.51,122
btc-updown-15m-1761118200,1761118200,240,0.47,0.51,0.49,0.04,47,110.5,0.49,0.53,200
btc-updown-15m-1761118200,1761118200,255,0.43,0.45,0.44,0.02,49,73.1,0.55,0.57,235
btc-updown-15m-1761118200,1761118200,270,0.43,0.46,0.445,0.03,273.41,74.42,0.54,0.57,668
btc-updown-15m-1761118200,1761118200,285,0.41,0.47,0.44,0.06,346.61,179.92,0.53,0.59,35
btc-updown-15m-1761118200,1761118200,300,0.42,0.47,0.445,0.05,348.01,25.87,0.53,0.58,119
btc-updown-15m-1761118200,1761118200,315,0.47,0.52,0.495,0.05,155.82,175.91,0.48,0.53,142
btc-updown-15m-1761118200,1761118200,330,0.53,0.57,0.55,0.04,113.76,60.52,0.43,0.47,0
btc-updown-15m-1761118200,1761118200,345,0.63,0.67,0.65,0.04,120.3,143.3,0.33,0.37,16
btc-updown-15m-1761118200,1761118200,360,0.65,0.69,0.67,0.04,31,358.5,0.31,0.35,625
btc-updown-15m-1761118200,1761118200,375,0.67,0.71,0.69,0.04,152.54,30.98,0.29,0.33,0
btc-updown-15m-1761118200,1761118200,390,0.62,0.67,0.645,0.05,283,222,0.33,0.38,0
btc-updown-15m-1761118200,1761118200,405,0.65,0.66,0.655,0.01,48.85,159.37,0.34,0.35,617
btc-updown-15m-1761118200,1761118200,420,0.66,0.72,0.69,0.06,53.87,157.48,0.28,0.34,6
btc-updown-15m-1761118200,1761118200,435,0.64,0.67,0.655,0.03,28.87,136.5,0.33,0.36,125
btc-updown-15m-1761118200,1761118200,450,0.6,0.64,0.62,0.04,194,59,0.36,0.4,27
btc-updown-15m-1761118200,1761118200,465,0.6,0.62,0.61,0.02,283.17,26,0.38,0.4,20
btc-updown-15m-1761118200,1761118200,480,0.61,0.62,0.615,0.01,166.44,34.33,0.38,0.39,17
btc-updown-15m-1761118200,1761118200,495,0.65,0.7,0.675,0.05,85.19,59,0.3,0.35,610
btc-updown-15m-1761118200,1761118200,510,0.73,0.8,0.765,0.07,34,169.27,0.2,0.27,116
btc-updown-15m-1761118200,1761118200,525,0.75,0.78,0.765,0.03,396,94.8,0.22,0.25,23
btc-updown-15m-1761118200,1761118200,540,0.75,0.78,0.765,0.03,482.5,94.8,0.22,0.25,17
btc-updown-15m-1761118200,1761118200,555,0.78,0.82,0.8,0.04,41,126.08,0.18,0.22,518
btc-updown-15m-1761118200,1761118200,570,0.9,0.94,0.92,0.04,41,308.6,0.06,0.1,18
btc-updown-15m-1761118200,1761118200,585,0.94,0.96,0.95,0.02,554,323.86,0.04,0.06,22
btc-updown-15m-1761118200,1761118200,600,0.93,0.96,0.945,0.03,526.79,486.26,0.04,0.07,25
btc-updown-15m-1761118200,1761118200,615,0.93,0.95,0.94,0.02,1025.76,2219.3,0.05,0.07,15
btc-updown-15m-1761118200,1761118200,630,0.94,0.95,0.945,0.01,603.86,1675.03,0.05,0.06,804
btc-updown-15m-1761118200,1761118200,645,0.95,0.96,0.955,0.01,399.12,1331.86,0.04,0.05,25
btc-updown-15m-1761118200,1761118200,660,0.96,0.98,0.97,0.02,421.73,673.94,0.02,0.04,20
btc-updown-15m-1761118200,1761118200,675,0.98,0.99,0.985,0.01,834.38,277.81,0.01,0.02,422
btc-updown-15m-1761118200,1761118200,690,0.98,0.99,0.985,0.01,1464.48,242.81,0.01,0.02,469
btc-updown-15m-1761118200,1761118200,705,0.98,0.99,0.985,0.01,1831.93,733.99,0.01,0.02,17
btc-updown-15m-1761118200,1761118200,720,0.98,0.99,0.985,0.01,1855.73,282.42,0.01,0.02,22
btc-updown-15m-1761118200,1761118200,735,0.98,,,,1650.73,0,,0.02,103
btc-updown-15m-1761118200,1761118200,750,0.98,,,,1205.01,0,,0.02,13
btc-updown-15m-1761118200,1761118200,765,0.98,0.99,0.985,0.01,410.82,199.96,0.01,0.02,163
btc-updown-15m-1761118200,1761118200,780,0.97,,,,318.93,0,,0.03,29
btc-updown-15m-1761118200,1761118200,795,0.98,,,,339.21,0,,0.02,11
btc-updown-15m-1761118200,1761118200,810,0.98,,,,334.21,0,,0.02,113
btc-updown-15m-1761118200,1761118200,825,0.98,0.99,0.985,0.01,272.67,52.79,0.01,0.02,61
btc-updown-15m-1761118200,1761118200,840,0.99,,,,199.16,0,,0.01,24
btc-updown-15m-1761118200,1761118200,845,0.99,,,,1314.16,0,,0.01,22
btc-updown-15m-1761118200,1761118200,850,0.99,,,,1314.21,0,,0.01,12
btc-updown-15m-1761118200,1761118200,855,0.99,,,,1809.21,0,,0.01,42
btc-updown-15m-1761118200,1761118200,860,0.99,,,,1857.21,0,,0.01,51
btc-updown-15m-1761118200,1761118200,865,0.99,,,,2162.21,0,,0.01,8
btc-updown-15m-1761118200,1761118200,870,0.99,,,,2114.21,0,,0.01,22
btc-updown-15m-1761118200,1761118200,875,0.99,,,,2114.16,0,,0.01,9
btc-updown-15m-1761118200,1761118200,880,0.99,,,,2109.16,0,,0.01,102
btc-updown-15m-1761118200,1761118200,885,0.99,,,,2114.16,0,,0.01,114
btc-updown-15m-1761118200,1761118200,890,0.99,,,,2114.16,0,,0.01,19
btc-updown-15m-1761118200,1761118200,895,0.99,,,,2134.16,0,,0.01,169
btc-updown-15m-1761118200,1761118200,897,0.99,,,,2134.16,0,,0.01,42
btc-updown-15m-1761118200,1761118200,899,0.99,,,,2491.16,0,,0.01,208
btc-updown-15m-1761118200,1761118200,900,0.99,,,,2491.16,0,,0.01,235
btc-updown-15m-1761122700,1761122700,0,0.47,0.48,0.475,0.01,372.46,119.58,0.52,0.53,1209
btc-updown-15m-1761122700,1761122700,15,0.48,0.5,0.49,0.02,569.52,46.45,0.5,0.52,101
btc-updown-15m-1761122700,1761122700,30,0.51,0.56,0.535,0.05,255.3,45.54,0.44,0.49,3
btc-updown-15m-1761122700,1761122700,45,0.56,0.59,0.575,0.03,131.9,100.54,0.41,0.44,5
btc-updown-15m-1761122700,1761122700,60,0.59,0.64,0.615,0.05,35,202.97,0.36,0.41,116
btc-updown-15m-1761122700,1761122700,75,0.57,0.64,0.605,0.07,78,180.5,0.36,0.43,20
btc-updown-15m-1761122700,1761122700,90,0.58,0.65,0.615,0.07,174.6,150.7,0.35,0.42,22
btc-updown-15m-1761122700,1761122700,105,0.52,0.58,0.55,0.06,63.49,155.2,0.42,0.48,15
btc-updown-15m-1761122700,1761122700,120,0.47,0.53,0.5,0.06,330.81,118.63,0.47,0.53,283
btc-updown-15m-1761122700,1761122700,135,0.48,0.53,0.505,0.05,283.09,113.25,0.47,0.52,121
btc-updown-15m-1761122700,1761122700,150,0.47,0.48,0.475,0.01,230.99,25,0.52,0.53,227
btc-updown-15m-1761122700,1761122700,165,0.4,0.45,0.425,0.05,71.4,83,0.55,0.6,19
btc-updown-15m-1761122700,1761122700,180,0.32,0.37,0.345,0.05,26.13,175.5,0.63,0.68,14
btc-updown-15m-1761122700,1761122700,195,0.28,0.33,0.305,0.05,60.4,88,0.67,0.72,34
btc-updown-15m-1761122700,1761122700,210,0.23,0.29,0.26,0.06,104.1,37,0.71,0.77,37
btc-updown-15m-1761122700,1761122700,225,0.24,0.3,0.27,0.06,66.1,69.33,0.7,0.76,1714
btc-updown-15m-1761122700,1761122700,240,0.28,0.31,0.295,0.03,47.16,46.99,0.69,0.72,98
btc-updown-15m-1761122700,1761122700,255,0.21,0.27,0.24,0.06,226.94,163.5,0.73,0.79,21
btc-updown-15m-1761122700,1761122700,270,0.29,0.32,0.305,0.03,329.81,303.5,0.68,0.71,322
btc-updown-15m-1761122700,1761122700,285,0.22,0.28,0.25,0.06,163.2,605.5,0.72,0.78,12
btc-updown-15m-1761122700,1761122700,300,0.29,0.3,0.295,0.01,353.4,655.5,0.7,0.71,315
btc-updown-15m-1761122700,1761122700,315,0.26,0.31,0.285,0.05,402.67,134.37,0.69,0.74,716
btc-updown-15m-1761122700,1761122700,330,0.25,0.3,0.275,0.05,402.58,81.87,0.7,0.75,925
btc-updown-15m-1761122700,1761122700,345,0.26,0.32,0.29,0.06,488.08,33.87,0.68,0.74,15
btc-updown-15m-1761122700,1761122700,360,0.27,0.32,0.295,0.05,594.38,57,0.68,0.73,29
btc-updown-15m-1761122700,1761122700,375,0.33,0.35,0.34,0.02,664.65,165.29,0.65,0.67,115
btc-updown-15m-1761122700,1761122700,390,0.33,0.35,0.34,0.02,603.2,16.79,0.65,0.67,22
btc-updown-15m-1761122700,1761122700,405,0.26,0.29,0.275,0.03,575.96,100.4,0.71,0.74,6
btc-updown-15m-1761122700,1761122700,420,0.36,0.39,0.375,0.03,479.99,145.5,0.61,0.64,10
btc-updown-15m-1761122700,1761122700,435,0.26,0.3,0.28,0.04,477.58,63,0.7,0.74,27
btc-updown-15m-1761122700,1761122700,450,0.27,0.31,0.29,0.04,621.98,39,0.69,0.73,517
btc-updown-15m-1761122700,1761122700,465,0.31,0.37,0.34,0.06,199.5,27,0.63,0.69,3
btc-updown-15m-1761122700,1761122700,480,0.27,0.31,0.29,0.04,1391.68,162.04,0.69,0.73,13
btc-updown-15m-1761122700,1761122700,495,0.26,0.27,0.265,0.01,724.57,124.5,0.73,0.74,22
btc-updown-15m-1761122700,1761122700,510,0.22,0.27,0.245,0.05,156.5,69,0.73,0.78,67
btc-updown-15m-1761122700,1761122700,525,0.22,0.28,0.25,0.06,1101.21,703,0.72,0.78,1219
btc-updown-15m-1761122700,1761122700,540,0.22,0.26,0.24,0.04,354.71,95.7,0.74,0.78,203
btc-updown-15m-1761122700,1761122700,555,0.24,0.27,0.255,0.03,423.98,593.92,0.73,0.76,16
btc-updown-15m-1761122700,1761122700,570,0.24,0.29,0.265,0.05,475.38,561.92,0.71,0.76,21
btc-updown-15m-1761122700,1761122700,585,0.22,0.27,0.245,0.05,316.88,602.72,0.73,0.78,7
btc-updown-15m-1761122700,1761122700,600,0.23,0.29,0.26,0.06,320.88,594.32,0.71,0.77,522
btc-updown-15m-1761122700,1761122700,615,0.22,0.25,0.235,0.03,408.38,393.07,0.75,0.78,9
btc-updown-15m-1761122700,1761122700,630,0.27,0.3,0.285,0.03,147.5,967.88,0.7,0.73,418
btc-updown-15m-1761122700,1761122700,645,0.25,0.29,0.27,0.04,449.81,744.67,0.71,0.75,123
btc-updown-15m-1761122700,1761122700,660,0.28,0.3,0.29,0.02,97.5,702.96,0.7,0.72,102
btc-updown-15m-1761122700,1761122700,675,0.28,0.29,0.285,0.01,96.11,183.66,0.71,0.72,419
btc-updown-15m-1761122700,1761122700,690,0.28,0.38,0.33,0.1,98.4,38.09,0.62,0.72,22
btc-updown-15m-1761122700,1761122700,705,0.28,0.37,0.325,0.09,90.3,33,0.63,0.72,325
btc-updown-15m-1761122700,1761122700,720,0.4,0.46,0.43,0.06,29,99.5,0.54,0.6,10
btc-updown-15m-1761122700,1761122700,735,0.36,0.45,0.405,0.09,73.8,15.63,0.55,0.64,5
btc-updown-15m-1761122700,1761122700,750,0.22,0.31,0.265,0.09,359.31,114.5,0.69,0.78,8
btc-updown-15m-1761122700,1761122700,765,0.14,0.21,0.175,0.07,96.56,66.3,0.79,0.86,23
btc-updown-15m-1761122700,1761122700,780,0.07,0.15,0.11,0.08,202.2,27,0.85,0.93,223
btc-updown-15m-1761122700,1761122700,795,0.03,0.05,0.04,0.02,349,558.97,0.95,0.97,338
btc-updown-15m-1761122700,1761122700,810,0.04,0.05,0.045,0.01,30,134.38,0.95,0.96,125
btc-updown-15m-1761122700,1761122700,825,0.01,0.04,0.025,0.03,100,543.77,0.96,0.99,11
btc-updown-15m-1761122700,1761122700,840,0.01,0.04,0.025,0.03,61.16,538.77,0.96,0.99,47
btc-updown-15m-1761122700,1761122700,845,0.01,0.04,0.025,0.03,10.24,533.77,0.96,0.99,104
btc-updown-15m-1761122700,1761122700,850,,0.01,,,0,981,0.99,,184
btc-updown-15m-1761122700,1761122700,855,,0.01,,,0,961.55,0.99,,445
btc-updown-15m-1761122700,1761122700,860,,0.01,,,0,961.55,0.99,,5445
btc-updown-15m-1761122700,1761122700,865,,0.04,,,0,522.82,0.96,,3563
btc-updown-15m-1761122700,1761122700,870,,0.01,,,0,1027.09,0.99,,410
btc-updown-15m-1761122700,1761122700,875,,0.01,,,0,1520.2,0.99,,1971
btc-updown-15m-1761122700,1761122700,880,,0.01,,,0,1975.66,0.99,,1195
btc-updown-15m-1761122700,1761122700,885,,0.01,,,0,1975.66,0.99,,139
btc-updown-15m-1761122700,1761122700,890,,0.01,,,0,1975.66,0.99,,5139
btc-updown-15m-1761122700,1761122700,895,,0.01,,,0,1980.66,0.99,,494
btc-updown-15m-1761122700,1761122700,897,,0.01,,,0,1980.66,0.99,,2494
btc-updown-15m-1761122700,1761122700,899,,0.01,,,0,1987.66,0.99,,1047
btc-updown-15m-1761122700,1761122700,900,,0.01,,,0,1987.66,0.99,,2047
btc-updown-15m-1761126300,1761126300,0,0.53,0.6,0.565,0.07,123.35,154.5,0.4,0.47,1103
btc-updown-15m-1761126300,1761126300,15,0.42,0.51,0.465,0.09,40.29,56,0.49,0.58,319
btc-updown-15m-1761126300,1761126300,30,0.4,0.45,0.425,0.05,88,242.71,0.55,0.6,7
btc-updown-15m-1761126300,1761126300,45,0.37,0.4,0.385,0.03,31,88,0.6,0.63,134
btc-updown-15m-1761126300,1761126300,60,0.27,0.34,0.305,0.07,80.32,93,0.66,0.73,11
btc-updown-15m-1761126300,1761126300,75,0.35,0.37,0.36,0.02,227,99.36,0.63,0.65,20
btc-updown-15m-1761126300,1761126300,90,0.51,0.52,0.515,0.01,115,92.5,0.48,0.49,2
btc-updown-15m-1761126300,1761126300,105,0.5,0.59,0.545,0.09,68,438,0.41,0.5,10
btc-updown-15m-1761126300,1761126300,120,0.55,0.57,0.56,0.02,1649.27,12.36,0.43,0.45,615
btc-updown-15m-1761126300,1761126300,135,0.56,0.59,0.575,0.03,3629.18,128,0.41,0.44,12
btc-updown-15m-1761126300,1761126300,150,0.52,0.56,0.54,0.04,45,57.61,0.44,0.48,21
btc-updown-15m-1761126300,1761126300,165,0.55,0.58,0.565,0.03,14.09,30,0.42,0.45,410
btc-updown-15m-1761126300,1761126300,180,0.6,0.64,0.62,0.04,71.47,30,0.36,0.4,420
btc-updown-15m-1761126300,1761126300,195,0.62,0.66,0.64,0.04,32.43,49,0.34,0.38,187
btc-updown-15m-1761126300,1761126300,210,0.62,0.65,0.635,0.03,50.47,47,0.35,0.38,2886
btc-updown-15m-1761126300,1761126300,225,0.52,0.7,0.61,0.18,1525.42,140.16,0.3,0.48,14
btc-updown-15m-1761126300,1761126300,240,0.51,0.52,0.515,0.01,731.86,142,0.48,0.49,90
btc-updown-15m-1761126300,1761126300,255,0.56,0.62,0.59,0.06,771.86,50.31,0.38,0.44,11
btc-updown-15m-1761126300,1761126300,270,0.53,0.58,0.555,0.05,236.86,62,0.42,0.47,225
btc-updown-15m-1761126300,1761126300,285,0.57,0.62,0.595,0.05,135.29,94,0.38,0.43,20
btc-updown-15m-1761126300,1761126300,300,0.58,0.6,0.59,0.02,118.19,47,0.4,0.42,222
btc-updown-15m-1761126300,1761126300,315,0.59,0.65,0.62,0.06,58.9,138.07,0.35,0.41,16
btc-updown-15m-1761126300,1761126300,330,0.59,0.64,0.615,0.05,57.9,56,0.36,0.41,15
btc-updown-15m-1761126300,1761126300,345,0.59,0.66,0.625,0.07,57.9,166.07,0.34,0.41,623
btc-updown-15m-1761126300,1761126300,360,0.64,0.7,0.67,0.06,36,93.49,0.3,0.36,131
btc-updown-15m-1761126300,1761126300,375,0.7,0.79,0.745,0.09,36,183,0.21,0.3,200
btc-updown-15m-1761126300,1761126300,390,0.74,0.79,0.765,0.05,29,161,0.21,0.26,1281
btc-updown-15m-1761126300,1761126300,405,0.77,0.83,0.8,0.06,32,36,0.17,0.23,670
btc-updown-15m-1761126300,1761126300,420,0.89,0.95,0.92,0.06,256.85,673.3,0.05,0.11,4
btc-updown-15m-1761126300,1761126300,435,0.9,0.97,0.935,0.07,54,987.96,0.03,0.1,19
btc-updown-15m-1761126300,1761126300,450,0.91,0.96,0.935,0.05,35.33,293.37,0.04,0.09,676
btc-updown-15m-1761126300,1761126300,465,0.92,0.96,0.94,0.04,46,355.32,0.04,0.08,23
btc-updown-15m-1761126300,1761126300,480,0.88,0.94,0.91,0.06,36.5,46.63,0.06,0.12,15
btc-updown-15m-1761126300,1761126300,495,0.83,0.88,0.855,0.05,39,258,0.12,0.17,6
btc-updown-15m-1761126300,1761126300,510,0.83,0.87,0.85,0.04,35.02,109,0.13,0.17,6
btc-updown-15m-1761126300,1761126300,525,0.82,0.87,0.845,0.05,39,67,0.13,0.18,144
btc-updown-15m-1761126300,1761126300,540,0.86,0.91,0.885,0.05,122,188,0.09,0.14,6
btc-updown-15m-1761126300,1761126300,555,0.86,0.9,0.88,0.04,84,33,0.1,0.14,331
btc-updown-15m-1761126300,1761126300,570,0.81,0.89,0.85,0.08,47,39,0.11,0.19,308
btc-updown-15m-1761126300,1761126300,585,0.85,0.94,0.895,0.09,127,65.63,0.06,0.15,11
btc-updown-15m-1761126300,1761126300,600,0.89,0.96,0.925,0.07,162,188.79,0.04,0.11,50
btc-updown-15m-1761126300,1761126300,615,0.94,0.99,0.965,0.05,118.75,274.57,0.01,0.06,356
btc-updown-15m-1761126300,1761126300,630,0.95,0.99,0.97,0.04,92.75,615.2,0.01,0.05,240
btc-updown-15m-1761126300,1761126300,645,0.95,0.99,0.97,0.04,107.35,604.99,0.01,0.05,110
btc-updown-15m-1761126300,1761126300,660,0.95,0.99,0.97,0.04,49.01,603.97,0.01,0.05,187
btc-updown-15m-1761126300,1761126300,675,0.95,0.99,0.97,0.04,63.21,602.95,0.01,0.05,104
btc-updown-15m-1761126300,1761126300,690,0.97,0.99,0.98,0.02,113.24,501.93,0.01,0.03,424
btc-updown-15m-1761126300,1761126300,705,0.93,0.96,0.945,0.03,36.75,512.93,0.04,0.07,216
btc-updown-15m-1761126300,1761126300,720,0.96,0.99,0.975,0.03,468.01,501.93,0.01,0.04,2157
btc-updown-15m-1761126300,1761126300,735,0.87,0.95,0.91,0.08,128.25,4206.78,0.05,0.13,5
btc-updown-15m-1761126300,1761126300,750,0.9,0.95,0.925,0.05,111.73,4337.65,0.05,0.1,386
btc-updown-15m-1761126300,1761126300,765,0.91,0.95,0.93,0.04,114.98,2777.45,0.05,0.09,415
btc-updown-15m-1761126300,1761126300,780,0.92,0.95,0.935,0.03,224.45,2560.85,0.05,0.08,385
btc-updown-15m-1761126300,1761126300,795,0.9,0.95,0.925,0.05,106.98,2498.73,0.05,0.1,124
btc-updown-15m-1761126300,1761126300,810,0.91,0.95,0.93,0.04,104.98,2284.7,0.05,0.09,126
btc-updown-15m-1761126300,1761126300,825,0.9,0.95,0.925,0.05,57.83,2237.97,0.05,0.1,21
btc-updown-15m-1761126300,1761126300,840,0.9,0.95,0.925,0.05,47.83,2116.91,0.05,0.1,11
btc-updown-15m-1761126300,1761126300,845,0.9,0.95,0.925,0.05,52.83,2115.85,0.05,0.1,307
btc-updown-15m-1761126300,1761126300,850,0.9,0.95,0.925,0.05,95.83,2068.89,0.05,0.1,7
btc-updown-15m-1761126300,1761126300,855,0.9,0.95,0.925,0.05,90.83,1901.96,0.05,0.1,1
btc-updown-15m-1761126300,1761126300,860,0.9,0.95,0.925,0.05,95.64,1422.36,0.05,0.1,1
btc-updown-15m-1761126300,1761126300,865,0.9,0.95,0.925,0.05,100.64,333.94,0.05,0.1,18
btc-updown-15m-1761126300,1761126300,870,0.94,0.99,0.965,0.05,105.64,108.7,0.01,0.06,22
btc-updown-15m-1761126300,1761126300,875,0.99,,,,1232.12,0,,0.01,23
btc-updown-15m-1761126300,1761126300,880,0.99,,,,1931.11,0,,0.01,113
btc-updown-15m-1761126300,1761126300,885,0.99,,,,1935.66,0,,0.01,231
btc-updown-15m-1761126300,1761126300,890,0.99,,,,2540.66,0,,0.01,168
btc-updown-15m-1761126300,1761126300,895,0.99,,,,2821.14,0,,0.01,114
btc-updown-15m-1761126300,1761126300,897,0.99,,,,2821.14,0,,0.01,142
btc-updown-15m-1761126300,1761126300,899,0.99,,,,2928.14,0,,0.01,220
btc-updown-15m-1761126300,1761126300,900,0.99,,,,2928.14,0,,0.01,76
btc-updown-15m-1761130800,1761130800,0,0.54,0.59,0.565,0.05,855.83,246.77,0.41,0.46,2655
btc-updown-15m-1761130800,1761130800,15,0.52,0.58,0.55,0.06,1500.3,654.2,0.42,0.48,31
btc-updown-15m-1761130800,1761130800,30,0.57,0.6,0.585,0.03,100,157.5,0.4,0.43,13
btc-updown-15m-1761130800,1761130800,45,0.61,0.63,0.62,0.02,392.5,35,0.37,0.39,28
btc-updown-15m-1761130800,1761130800,60,0.6,0.63,0.615,0.03,365,35,0.37,0.4,16
btc-updown-15m-1761130800,1761130800,75,0.54,0.59,0.565,0.05,430.05,65,0.41,0.46,26
btc-updown-15m-1761130800,1761130800,90,0.59,0.63,0.61,0.04,130.2,107.9,0.37,0.41,3
btc-updown-15m-1761130800,1761130800,105,0.73,0.74,0.735,0.01,230,65,0.26,0.27,0
btc-updown-15m-1761130800,1761130800,120,0.64,0.69,0.665,0.05,64.73,633.3,0.31,0.36,17
btc-updown-15m-1761130800,1761130800,135,0.52,0.58,0.55,0.06,1023.54,95.4,0.42,0.48,433
btc-updown-15m-1761130800,1761130800,150,0.37,0.42,0.395,0.05,765,85,0.58,0.63,11
btc-updown-15m-1761130800,1761130800,165,0.24,0.35,0.295,0.11,520,55,0.65,0.76,7
btc-updown-15m-1761130800,1761130800,180,0.46,0.56,0.51,0.1,117.5,520.3,0.44,0.54,22
btc-updown-15m-1761130800,1761130800,195,0.31,0.37,0.34,0.06,653.55,278.8,0.63,0.69,18
btc-updown-15m-1761130800,1761130800,210,0.25,0.36,0.305,0.11,567.23,512.03,0.64,0.75,60
btc-updown-15m-1761130800,1761130800,225,0.22,0.28,0.25,0.06,919,43.4,0.72,0.78,44
btc-updown-15m-1761130800,1761130800,240,0.02,0.11,0.065,0.09,3544,53.01,0.89,0.98,1
btc-updown-15m-1761130800,1761130800,255,0.08,0.26,0.17,0.18,132.5,746.88,0.74,0.92,27
btc-updown-15m-1761130800,1761130800,270,0.07,0.14,0.105,0.07,159.5,27,0.86,0.93,269
btc-updown-15m-1761130800,1761130800,285,0.09,0.15,0.12,0.06,105.5,1116.25,0.85,0.91,517
btc-updown-15m-1761130800,1761130800,300,0.08,0.15,0.115,0.07,605.5,67.6,0.85,0.92,121
btc-updown-15m-1761130800,1761130800,315,0.18,0.22,0.2,0.04,518,1145.25,0.78,0.82,132
btc-updown-15m-1761130800,1761130800,330,0.13,0.21,0.17,0.08,786,1154.25,0.79,0.87,341
btc-updown-15m-1761130800,1761130800,345,0.14,0.2,0.17,0.06,750,80,0.8,0.86,41
btc-updown-15m-1761130800,1761130800,360,0.23,0.31,0.27,0.08,524.46,32,0.69,0.77,33
btc-updown-15m-1761130800,1761130800,375,0.28,0.34,0.31,0.06,755,27,0.66,0.72,7
btc-updown-15m-1761130800,1761130800,390,0.26,0.35,0.305,0.09,821.91,117.07,0.65,0.74,36
btc-updown-15m-1761130800,1761130800,405,0.23,0.26,0.245,0.03,571.67,528,0.74,0.77,9
btc-updown-15m-1761130800,1761130800,420,0.21,0.25,0.23,0.04,331.56,23,0.75,0.79,30
btc-updown-15m-1761130800,1761130800,435,0.17,0.22,0.195,0.05,750,29,0.78,0.83,13
btc-updown-15m-1761130800,1761130800,450,0.16,0.21,0.185,0.05,750,42.8,0.79,0.84,38
btc-updown-15m-1761130800,1761130800,465,0.14,0.2,0.17,0.06,750,56.2,0.8,0.86,33
btc-updown-15m-1761130800,1761130800,480,0.17,0.23,0.2,0.06,755,54.2,0.77,0.83,336
btc-updown-15m-1761130800,1761130800,495,0.15,0.2,0.175,0.05,763,53.3,0.8,0.85,33
btc-updown-15m-1761130800,1761130800,510,0.2,0.24,0.22,0.04,385.76,98.4,0.76,0.8,124
btc-updown-15m-1761130800,1761130800,525,0.12,0.19,0.155,0.07,617.5,28,0.81,0.88,0
btc-updown-15m-1761130800,1761130800,540,0.12,0.2,0.16,0.08,766.05,94.8,0.8,0.88,5
btc-updown-15m-1761130800,1761130800,555,0.13,0.19,0.16,0.06,665.18,55.55,0.81,0.87,26
btc-updown-15m-1761130800,1761130800,570,0.1,0.16,0.13,0.06,501.05,58.3,0.84,0.9,2
btc-updown-15m-1761130800,1761130800,585,0.13,0.19,0.16,0.06,750,34.6,0.81,0.87,567
btc-updown-15m-1761130800,1761130800,600,0.11,0.17,0.14,0.06,755,50.4,0.83,0.89,29
btc-updown-15m-1761130800,1761130800,615,0.09,0.15,0.12,0.06,507.7,100,0.85,0.91,3520
btc-updown-15m-1761130800,1761130800,630,0.19,0.31,0.25,0.12,526,524,0.69,0.81,428
btc-updown-15m-1761130800,1761130800,645,0.21,0.35,0.28,0.14,868.82,855.07,0.65,0.79,38
btc-updown-15m-1761130800,1761130800,660,0.24,0.33,0.285,0.09,138.5,750,0.67,0.76,31
btc-updown-15m-1761130800,1761130800,675,0.29,0.35,0.32,0.06,843.5,304.34,0.65,0.71,20
btc-updown-15m-1761130800,1761130800,690,0.29,0.34,0.315,0.05,854.73,105.29,0.66,0.71,33
btc-updown-15m-1761130800,1761130800,705,0.41,0.5,0.455,0.09,842.5,285.9,0.5,0.59,13
btc-updown-15m-1761130800,1761130800,720,0.55,0.66,0.605,0.11,591.9,776.1,0.34,0.45,8
btc-updown-15m-1761130800,1761130800,735,0.66,0.83,0.745,0.17,527.8,722,0.17,0.34,25
btc-updown-15m-1761130800,1761130800,750,0.82,0.91,0.865,0.09,475.13,755,0.09,0.18,3
btc-updown-15m-1761130800,1761130800,765,0.86,0.97,0.915,0.11,260.1,1808.5,0.03,0.14,33
btc-updown-15m-1761130800,1761130800,780,0.84,0.94,0.89,0.1,351.1,902.18,0.06,0.16,37
btc-updown-15m-1761130800,1761130800,795,0.74,0.86,0.8,0.12,511,741,0.14,0.26,33
btc-updown-15m-1761130800,1761130800,810,0.8,0.88,0.84,0.08,532,750,0.12,0.2,37
btc-updown-15m-1761130800,1761130800,825,0.85,0.97,0.91,0.12,520,525.17,0.03,0.15,36
btc-updown-15m-1761130800,1761130800,840,0.99,,,,3607.17,0,,0.01,113
btc-updown-15m-1761130800,1761130800,845,0.99,,,,2891.11,0,,0.01,15
btc-updown-15m-1761130800,1761130800,850,0.99,,,,3096.11,0,,0.01,518
btc-updown-15m-1761130800,1761130800,855,0.99,,,,2923.22,0,,0.01,47
btc-updown-15m-1761130800,1761130800,860,0.99,,,,3423.22,0,,0.01,3387
btc-updown-15m-1761130800,1761130800,865,0.99,,,,3523.22,0,,0.01,1249
btc-updown-15m-1761130800,1761130800,870,0.99,,,,3528.27,0,,0.01,385
btc-updown-15m-1761130800,1761130800,875,0.99,,,,3533.27,0,,0.01,371
btc-updown-15m-1761130800,1761130800,880,0.99,,,,3428.22,0,,0.01,1896
btc-updown-15m-1761130800,1761130800,885,0.99,,,,3428.22,0,,0.01,6896
btc-updown-15m-1761130800,1761130800,890,0.99,,,,3428.22,0,,0.01,11896
btc-updown-15m-1761130800,1761130800,895,0.99,,,,3418.22,0,,0.01,1638
btc-updown-15m-1761130800,1761130800,897,0.99,,,,3518.22,0,,0.01,100
btc-updown-15m-1761130800,1761130800,899,0.99,,,,3525.22,0,,0.01,540
btc-updown-15m-1761130800,1761130800,900,0.99,,,,3525.22,0,,0.01,1540
btc-updown-15m-1761135300,1761135300,0,0.51,0.53,0.52,0.02,104.46,111,0.47,0.49,1603
btc-updown-15m-1761135300,1761135300,15,0.55,0.59,0.57,0.04,275,374.69,0.41,0.45,32
btc-updown-15m-1761135300,1761135300,30,0.55,0.6,0.575,0.05,577,114.12,0.4,0.45,4
btc-updown-15m-1761135300,1761135300,45,0.57,0.6,0.585,0.03,305,70.58,0.4,0.43,37
btc-updown-15m-1761135300,1761135300,60,0.57,0.62,0.595,0.05,577,43,0.38,0.43,16
btc-updown-15m-1761135300,1761135300,75,0.59,0.64,0.615,0.05,545,120.56,0.36,0.41,29
btc-updown-15m-1761135300,1761135300,90,0.69,0.78,0.735,0.09,547,217,0.22,0.31,8
btc-updown-15m-1761135300,1761135300,105,0.77,0.78,0.775,0.01,50,215,0.22,0.23,6
btc-updown-15m-1761135300,1761135300,120,0.74,0.8,0.77,0.06,45,72,0.2,0.26,117
btc-updown-15m-1761135300,1761135300,135,0.77,0.82,0.795,0.05,35,300,0.18,0.23,332
btc-updown-15m-1761135300,1761135300,150,0.79,0.85,0.82,0.06,25,124,0.15,0.21,30
btc-updown-15m-1761135300,1761135300,165,0.77,0.86,0.815,0.09,352,770.6,0.14,0.23,30
btc-updown-15m-1761135300,1761135300,180,0.81,0.85,0.83,0.04,102,417.82,0.15,0.19,36
btc-updown-15m-1761135300,1761135300,195,0.82,0.88,0.85,0.06,102,581,0.12,0.18,31
btc-updown-15m-1761135300,1761135300,210,0.85,0.9,0.875,0.05,93,392,0.1,0.15,13
btc-updown-15m-1761135300,1761135300,225,0.87,0.9,0.885,0.03,56,377.61,0.1,0.13,34
btc-updown-15m-1761135300,1761135300,240,0.85,0.9,0.875,0.05,334,405.76,0.1,0.15,37
btc-updown-15m-1761135300,1761135300,255,0.87,0.9,0.885,0.03,139,277.76,0.1,0.13,29
btc-updown-15m-1761135300,1761135300,270,0.9,0.92,0.91,0.02,48,240,0.08,0.1,34
btc-updown-15m-1761135300,1761135300,285,0.86,0.92,0.89,0.06,584,263,0.08,0.14,36
btc-updown-15m-1761135300,1761135300,300,0.9,0.92,0.91,0.02,75,258,0.08,0.1,19
btc-updown-15m-1761135300,1761135300,315,0.82,0.88,0.85,0.06,357.44,587.86,0.12,0.18,32
btc-updown-15m-1761135300,1761135300,330,0.84,0.88,0.86,0.04,80,518,0.12,0.16,21
btc-updown-15m-1761135300,1761135300,345,0.85,0.91,0.88,0.06,108,608,0.09,0.15,29
btc-updown-15m-1761135300,1761135300,360,0.84,0.91,0.875,0.07,358,608,0.09,0.16,34
btc-updown-15m-1761135300,1761135300,375,0.87,0.94,0.905,0.07,76.99,377,0.06,0.13,1
btc-updown-15m-1761135300,1761135300,390,0.87,0.92,0.895,0.05,123.99,479.91,0.08,0.13,18
btc-updown-15m-1761135300,1761135300,405,0.86,0.9,0.88,0.04,79.4,24,0.1,0.14,30
btc-updown-15m-1761135300,1761135300,420,0.76,0.82,0.79,0.06,315.16,522.8,0.18,0.24,5
btc-updown-15m-1761135300,1761135300,435,0.82,0.87,0.845,0.05,83,266,0.13,0.18,10
btc-updown-15m-1761135300,1761135300,450,0.85,0.89,0.87,0.04,383.84,529,0.11,0.15,14
btc-updown-15m-1761135300,1761135300,465,0.83,0.89,0.86,0.06,76,563,0.11,0.17,407
btc-updown-15m-1761135300,1761135300,480,0.84,0.9,0.87,0.06,76.75,279.3,0.1,0.16,15
btc-updown-15m-1761135300,1761135300,495,0.82,0.9,0.86,0.08,78,716.01,0.1,0.18,8
btc-updown-15m-1761135300,1761135300,510,0.85,0.89,0.87,0.04,26,131,0.11,0.15,18
btc-updown-15m-1761135300,1761135300,525,0.84,0.94,0.89,0.1,832,580.36,0.06,0.16,0
btc-updown-15m-1761135300,1761135300,540,0.85,0.94,0.895,0.09,551,505.13,0.06,0.15,4
btc-updown-15m-1761135300,1761135300,555,0.86,0.93,0.895,0.07,281,262.13,0.07,0.14,9
btc-updown-15m-1761135300,1761135300,570,0.88,0.95,0.915,0.07,860,308,0.05,0.12,199
btc-updown-15m-1761135300,1761135300,585,0.9,0.95,0.925,0.05,531.8,291.97,0.05,0.1,18
btc-updown-15m-1761135300,1761135300,600,0.95,0.97,0.96,0.02,1529,841.75,0.03,0.05,7
btc-updown-15m-1761135300,1761135300,615,0.97,0.98,0.975,0.01,1200,649,0.02,0.03,549
btc-updown-15m-1761135300,1761135300,630,0.96,0.99,0.975,0.03,1131.25,342,0.01,0.04,12
btc-updown-15m-1761135300,1761135300,645,0.96,0.99,0.975,0.03,1076.25,100,0.01,0.04,372
btc-updown-15m-1761135300,1761135300,660,0.98,,,,1154.5,0,,0.02,2841
btc-updown-15m-1761135300,1761135300,675,0.95,0.99,0.97,0.04,926.05,200,0.01,0.05,333
btc-updown-15m-1761135300,1761135300,690,0.98,,,,125.82,0,,0.02,4348
btc-updown-15m-1761135300,1761135300,705,0.98,,,,220.52,0,,0.02,2228
btc-updown-15m-1761135300,1761135300,720,0.98,,,,180.32,0,,0.02,6558
btc-updown-15m-1761135300,1761135300,735,0.99,,,,880.74,0,,0.01,5094
btc-updown-15m-1761135300,1761135300,750,0.99,,,,1196.54,0,,0.01,759
btc-updown-15m-1761135300,1761135300,765,0.99,,,,896.54,0,,0.01,1138
btc-updown-15m-1761135300,1761135300,780,0.99,,,,881.22,0,,0.01,5826
btc-updown-15m-1761135300,1761135300,795,0.99,,,,1881.22,0,,0.01,3519
btc-updown-15m-1761135300,1761135300,810,0.99,,,,1879.56,0,,0.01,2272
btc-updown-15m-1761135300,1761135300,825,0.99,,,,1884.56,0,,0.01,2191
btc-updown-15m-1761135300,1761135300,840,0.99,,,,1884.56,0,,0.01,2249
btc-updown-15m-1761135300,1761135300,845,0.99,,,,1884.56,0,,0.01,2049
btc-updown-15m-1761135300,1761135300,850,0.99,,,,2884.56,0,,0.01,2231
btc-updown-15m-1761135300,1761135300,855,0.99,,,,2912.67,0,,0.01,2024
btc-updown-15m-1761135300,1761135300,860,0.99,,,,2912.67,0,,0.01,2206
btc-updown-15m-1761135300,1761135300,865,0.99,,,,2912.67,0,,0.01,2150
btc-updown-15m-1761135300,1761135300,870,0.99,,,,4912.67,0,,0.01,1434
btc-updown-15m-1761135300,1761135300,875,0.99,,,,4912.67,0,,0.01,3999
btc-updown-15m-1761135300,1761135300,880,0.99,,,,4912.67,0,,0.01,8999
btc-updown-15m-1761135300,1761135300,885,0.99,,,,4912.67,0,,0.01,3990
btc-updown-15m-1761135300,1761135300,890,0.99,,,,4912.67,0,,0.01,8990
btc-updown-15m-1761135300,1761135300,895,0.99,,,,4912.67,0,,0.01,4718
btc-updown-15m-1761135300,1761135300,897,0.99,,,,4912.67,0,,0.01,6718
btc-updown-15m-1761135300,1761135300,899,0.99,,,,4919.67,0,,0.01,928
btc-updown-15m-1761135300,1761135300,900,0.99,,,,4919.67,0,,0.01,1928
btc-updown-15m-1761139800,1761139800,0,0.5,0.53,0.515,0.03,298.7,83.8,0.47,0.5,1757
btc-updown-15m-1761139800,1761139800,15,0.39,0.45,0.42,0.06,106.77,52,0.55,0.61,3
btc-updown-15m-1761139800,1761139800,30,0.32,0.36,0.34,0.04,67.3,105,0.64,0.68,6
btc-updown-15m-1761139800,1761139800,45,0.38,0.42,0.4,0.04,35,123.1,0.58,0.62,221
btc-updown-15m-1761139800,1761139800,60,0.29,0.33,0.31,0.04,649.5,70.9,0.67,0.71,199
btc-updown-15m-1761139800,1761139800,75,0.32,0.36,0.34,0.04,836.5,66,0.64,0.68,18
btc-updown-15m-1761139800,1761139800,90,0.41,0.44,0.425,0.03,663.5,115,0.56,0.59,353
btc-updown-15m-1761139800,1761139800,105,0.38,0.42,0.4,0.04,616.1,95,0.58,0.62,18
btc-updown-15m-1761139800,1761139800,120,0.44,0.49,0.465,0.05,639.5,218.19,0.51,0.56,212
btc-updown-15m-1761139800,1761139800,135,0.28,0.31,0.295,0.03,576.3,60,0.69,0.72,600
btc-updown-15m-1761139800,1761139800,150,0.25,0.32,0.285,0.07,569.2,117.5,0.68,0.75,6
btc-updown-15m-1761139800,1761139800,165,0.23,0.28,0.255,0.05,552.7,158.5,0.72,0.77,18
btc-updown-15m-1761139800,1761139800,180,0.15,0.2,0.175,0.05,781,45,0.8,0.85,17
btc-updown-15m-1761139800,1761139800,195,0.15,0.21,0.18,0.06,127.5,816,0.79,0.85,9
btc-updown-15m-1761139800,1761139800,210,0.11,0.19,0.15,0.08,984.5,102.5,0.81,0.89,4
btc-updown-15m-1761139800,1761139800,225,0.14,0.18,0.16,0.04,922.5,279,0.82,0.86,14
btc-updown-15m-1761139800,1761139800,240,0.1,0.14,0.12,0.04,956.9,328.85,0.86,0.9,615
btc-updown-15m-1761139800,1761139800,255,0.11,0.14,0.125,0.03,207.4,554,0.86,0.89,0
btc-updown-15m-1761139800,1761139800,270,0.11,0.17,0.14,0.06,450.4,373.5,0.83,0.89,2
btc-updown-15m-1761139800,1761139800,285,0.12,0.18,0.15,0.06,608.3,344,0.82,0.88,4
btc-updown-15m-1761139800,1761139800,300,0.08,0.14,0.11,0.06,827.5,321,0.86,0.92,6
btc-updown-15m-1761139800,1761139800,315,0.07,0.12,0.095,0.05,638,331,0.88,0.93,21
btc-updown-15m-1761139800,1761139800,330,0.06,0.1,0.08,0.04,1310.9,27,0.9,0.94,13
btc-updown-15m-1761139800,1761139800,345,0.09,0.15,0.12,0.06,759,131.4,0.85,0.91,11
btc-updown-15m-1761139800,1761139800,360,0.16,0.2,0.18,0.04,474,110,0.8,0.84,218
btc-updown-15m-1761139800,1761139800,375,0.19,0.25,0.22,0.06,543,558,0.75,0.81,30
btc-updown-15m-1761139800,1761139800,390,0.16,0.23,0.195,0.07,370.5,537,0.77,0.84,65
btc-updown-15m-1761139800,1761139800,405,0.22,0.29,0.255,0.07,823.55,329,0.71,0.78,15
btc-updown-15m-1761139800,1761139800,420,0.21,0.26,0.235,0.05,116.5,579,0.74,0.79,4
btc-updown-15m-1761139800,1761139800,435,0.13,0.22,0.175,0.09,850.95,634.2,0.78,0.87,33
btc-updown-15m-1761139800,1761139800,450,0.26,0.3,0.28,0.04,742.71,47,0.7,0.74,132
btc-updown-15m-1761139800,1761139800,465,0.48,0.52,0.5,0.04,758,94,0.48,0.52,492
btc-updown-15m-1761139800,1761139800,480,0.46,0.5,0.48,0.04,529.8,335,0.5,0.54,477
btc-updown-15m-1761139800,1761139800,495,0.56,0.65,0.605,0.09,595.5,677.88,0.35,0.44,0
btc-updown-15m-1761139800,1761139800,510,0.69,0.76,0.725,0.07,58,800,0.24,0.31,0
btc-updown-15m-1761139800,1761139800,525,0.68,0.74,0.71,0.06,351.5,714.01,0.26,0.32,32
btc-updown-15m-1761139800,1761139800,540,0.74,0.81,0.775,0.07,608.5,512,0.19,0.26,32
btc-updown-15m-1761139800,1761139800,555,0.84,0.92,0.88,0.08,567,800.3,0.08,0.16,380
btc-updown-15m-1761139800,1761139800,570,0.84,0.87,0.855,0.03,201.5,428.6,0.13,0.16,35
btc-updown-15m-1761139800,1761139800,585,0.78,0.86,0.82,0.08,863.5,532.33,0.14,0.22,35
btc-updown-15m-1761139800,1761139800,600,0.9,0.93,0.915,0.03,1021,406.11,0.07,0.1,6
btc-updown-15m-1761139800,1761139800,615,0.83,0.88,0.855,0.05,100.02,389.11,0.12,0.17,3
btc-updown-15m-1761139800,1761139800,630,0.77,0.84,0.805,0.07,99.5,771,0.16,0.23,18
btc-updown-15m-1761139800,1761139800,645,0.79,0.87,0.83,0.08,99.5,775.9,0.13,0.21,28
btc-updown-15m-1761139800,1761139800,660,0.72,0.81,0.765,0.09,101.5,781.5,0.19,0.28,21
btc-updown-15m-1761139800,1761139800,675,0.73,0.79,0.76,0.06,347.38,293,0.21,0.27,1
btc-updown-15m-1761139800,1761139800,690,0.68,0.77,0.725,0.09,110.5,304.4,0.23,0.32,726
btc-updown-15m-1761139800,1761139800,705,0.6,0.67,0.635,0.07,353.5,542.4,0.33,0.4,4
btc-updown-15m-1761139800,1761139800,720,0.6,0.7,0.65,0.1,635.5,531.6,0.3,0.4,24
btc-updown-15m-1761139800,1761139800,735,0.5,0.61,0.555,0.11,527,520.2,0.39,0.5,8
btc-updown-15m-1761139800,1761139800,750,0.44,0.48,0.46,0.04,556.1,545,0.52,0.56,129
btc-updown-15m-1761139800,1761139800,765,0.45,0.53,0.49,0.08,610.5,337.3,0.47,0.55,11
btc-updown-15m-1761139800,1761139800,780,0.57,0.59,0.58,0.02,559.97,587.5,0.41,0.43,300
btc-updown-15m-1761139800,1761139800,795,0.5,0.55,0.525,0.05,18,316,0.45,0.5,16
btc-updown-15m-1761139800,1761139800,810,0.55,0.62,0.585,0.07,72,572.42,0.38,0.45,13
btc-updown-15m-1761139800,1761139800,825,0.63,0.8,0.715,0.17,292,648.75,0.2,0.37,23
btc-updown-15m-1761139800,1761139800,840,0.82,0.9,0.86,0.08,54.8,361.34,0.1,0.18,33
btc-updown-15m-1761139800,1761139800,845,0.75,0.83,0.79,0.08,15,189.99,0.17,0.25,499
btc-updown-15m-1761139800,1761139800,850,0.42,0.62,0.52,0.2,505,300,0.38,0.58,639
btc-updown-15m-1761139800,1761139800,855,0.44,0.55,0.495,0.11,540,550,0.45,0.56,23
btc-updown-15m-1761139800,1761139800,860,0.56,0.63,0.595,0.07,55,300,0.37,0.44,189
btc-updown-15m-1761139800,1761139800,865,0.43,0.54,0.485,0.11,287,305.82,0.46,0.57,13
btc-updown-15m-1761139800,1761139800,870,0.37,0.57,0.47,0.2,282,260.82,0.43,0.63,348
btc-updown-15m-1761139800,1761139800,875,0.78,0.84,0.81,0.06,277,750,0.16,0.22,0
btc-updown-15m-1761139800,1761139800,880,0.81,0.89,0.85,0.08,37,750,0.11,0.19,71
btc-updown-15m-1761139800,1761139800,885,0.63,0.95,0.79,0.32,750,455,0.05,0.37,24
btc-updown-15m-1761139800,1761139800,890,0.58,0.88,0.73,0.3,705,887.97,0.12,0.42,34
btc-updown-15m-1761139800,1761139800,895,0.05,0.12,0.085,0.07,200,217.5,0.88,0.95,325
btc-updown-15m-1761139800,1761139800,897,0.04,0.11,0.075,0.07,297,217.5,0.89,0.96,985
btc-updown-15m-1761139800,1761139800,899,0.04,0.88,0.46,0.84,282.96,217.5,0.12,0.96,36
btc-updown-15m-1761139800,1761139800,900,0.04,0.3,0.17,0.26,282.96,312.5,0.7,0.96,225
btc-updown-15m-1761148800,1761148800,0,0.52,0.53,0.525,0.01,29.74,109,0.47,0.48,6
btc-updown-15m-1761148800,1761148800,15,0.45,0.55,0.5,0.1,147.5,121.52,0.45,0.55,18
btc-updown-15m-1761148800,1761148800,30,0.52,0.57,0.545,0.05,40,135,0.43,0.48,12
btc-updown-15m-1761148800,1761148800,45,0.48,0.56,0.52,0.08,903.3,217.5,0.44,0.52,9
btc-updown-15m-1761148800,1761148800,60,0.47,0.53,0.5,0.06,75,172.5,0.47,0.53,586
btc-updown-15m-1761148800,1761148800,75,0.42,0.47,0.445,0.05,500.6,74.87,0.53,0.58,214
btc-updown-15m-1761148800,1761148800,90,0.4,0.42,0.41,0.02,379.7,82,0.58,0.6,272
btc-updown-15m-1761148800,1761148800,105,0.42,0.48,0.45,0.06,259,148.5,0.52,0.58,0
btc-updown-15m-1761148800,1761148800,120,0.48,0.53,0.505,0.05,351,151.5,0.47,0.52,136
btc-updown-15m-1761148800,1761148800,135,0.42,0.47,0.445,0.05,75,93,0.53,0.58,22
btc-updown-15m-1761148800,1761148800,150,0.43,0.48,0.455,0.05,50,72,0.52,0.57,19
btc-updown-15m-1761148800,1761148800,165,0.43,0.48,0.455,0.05,703.7,107.5,0.52,0.57,1
btc-updown-15m-1761148800,1761148800,180,0.43,0.45,0.44,0.02,54.25,75,0.55,0.57,12
btc-updown-15m-1761148800,1761148800,195,0.35,0.36,0.355,0.01,542,207,0.64,0.65,39
btc-updown-15m-1761148800,1761148800,210,0.31,0.33,0.32,0.02,622.7,124,0.67,0.69,6
btc-updown-15m-1761148800,1761148800,225,0.31,0.34,0.325,0.03,255.9,69,0.66,0.69,16
btc-updown-15m-1761148800,1761148800,240,0.37,0.45,0.41,0.08,604,109.2,0.55,0.63,17
btc-updown-15m-1761148800,1761148800,255,0.39,0.43,0.41,0.04,44,416.49,0.57,0.61,35
btc-updown-15m-1761148800,1761148800,270,0.5,0.56,0.53,0.06,810,121.2,0.44,0.5,3
btc-updown-15m-1761148800,1761148800,285,0.49,0.55,0.52,0.06,65,106.6,0.45,0.51,1
btc-updown-15m-1761148800,1761148800,300,0.47,0.53,0.5,0.06,182.5,52,0.47,0.53,266
btc-updown-15m-1761148800,1761148800,315,0.56,0.58,0.57,0.02,65,67.82,0.42,0.44,0
btc-updown-15m-1761148800,1761148800,330,0.61,0.66,0.635,0.05,99,293,0.34,0.39,19
btc-updown-15m-1761148800,1761148800,345,0.56,0.61,0.585,0.05,161.5,318,0.39,0.44,29
btc-updown-15m-1761148800,1761148800,360,0.58,0.63,0.605,0.05,89,312,0.37,0.42,14
btc-updown-15m-1761148800,1761148800,375,0.59,0.65,0.62,0.06,662.5,79,0.35,0.41,9
btc-updown-15m-1761148800,1761148800,390,0.8,0.85,0.825,0.05,79,295.4,0.15,0.2,6
btc-updown-15m-1761148800,1761148800,405,0.81,0.87,0.84,0.06,89,774,0.13,0.19,11474
btc-updown-15m-1761148800,1761148800,420,0.81,0.87,0.84,0.06,89,774,0.13,0.19,26474
btc-updown-15m-1761148800,1761148800,435,0.81,0.87,0.84,0.06,89,774,0.13,0.19,41474
btc-updown-15m-1761148800,1761148800,450,0.81,0.87,0.84,0.06,89,774,0.13,0.19,56474
btc-updown-15m-1761148800,1761148800,465,0.81,0.87,0.84,0.06,89,774,0.13,0.19,71474
btc-updown-15m-1761148800,1761148800,480,0.81,0.87,0.84,0.06,89,774,0.13,0.19,86474
btc-updown-15m-1761148800,1761148800,495,0.81,0.87,0.84,0.06,89,774,0.13,0.19,101474
btc-updown-15m-1761148800,1761148800,510,0.81,0.87,0.84,0.06,89,774,0.13,0.19,116474
btc-updown-15m-1761148800,1761148800,525,0.81,0.87,0.84,0.06,89,774,0.13,0.19,131474
btc-updown-15m-1761148800,1761148800,540,0.81,0.87,0.84,0.06,89,774,0.13,0.19,146474
btc-updown-15m-1761148800,1761148800,555,0.81,0.87,0.84,0.06,89,774,0.13,0.19,161474
btc-updown-15m-1761148800,1761148800,570,0.81,0.87,0.84,0.06,89,774,0.13,0.19,176474
btc-updown-15m-1761148800,1761148800,585,0.81,0.87,0.84,0.06,89,774,0.13,0.19,191474
btc-updown-15m-1761148800,1761148800,600,0.81,0.87,0.84,0.06,89,774,0.13,0.19,206474
btc-updown-15m-1761148800,1761148800,615,0.81,0.87,0.84,0.06,89,774,0.13,0.19,221474
btc-updown-15m-1761148800,1761148800,630,0.81,0.87,0.84,0.06,89,774,0.13,0.19,236474
btc-updown-15m-1761148800,1761148800,645,0.81,0.87,0.84,0.06,89,774,0.13,0.19,251474
btc-updown-15m-1761148800,1761148800,660,0.81,0.87,0.84,0.06,89,774,0.13,0.19,266474
btc-updown-15m-1761148800,1761148800,675,0.81,0.87,0.84,0.06,89,774,0.13,0.19,281474
btc-updown-15m-1761148800,1761148800,690,0.81,0.87,0.84,0.06,89,774,0.13,0.19,296474
btc-updown-15m-1761148800,1761148800,705,0.81,0.87,0.84,0.06,89,774,0.13,0.19,311474
btc-updown-15m-1761148800,1761148800,720,0.81,0.87,0.84,0.06,89,774,0.13,0.19,326474
btc-updown-15m-1761148800,1761148800,735,0.81,0.87,0.84,0.06,89,774,0.13,0.19,341474
btc-updown-15m-1761148800,1761148800,750,0.81,0.87,0.84,0.06,89,774,0.13,0.19,356474
btc-updown-15m-1761148800,1761148800,765,0.81,0.87,0.84,0.06,89,774,0.13,0.19,371474
btc-updown-15m-1761148800,1761148800,780,0.81,0.87,0.84,0.06,89,774,0.13,0.19,386474
btc-updown-15m-1761148800,1761148800,795,0.81,0.87,0.84,0.06,89,774,0.13,0.19,401474
btc-updown-15m-1761148800,1761148800,810,0.81,0.87,0.84,0.06,89,774,0.13,0.19,416474
btc-updown-15m-1761148800,1761148800,825,0.81,0.87,0.84,0.06,89,774,0.13,0.19,431474
btc-updown-15m-1761148800,1761148800,840,0.81,0.87,0.84,0.06,89,774,0.13,0.19,446474
btc-updown-15m-1761148800,1761148800,845,0.81,0.87,0.84,0.06,89,774,0.13,0.19,451474
btc-updown-15m-1761148800,1761148800,850,0.81,0.87,0.84,0.06,89,774,0.13,0.19,456474
btc-updown-15m-1761148800,1761148800,855,0.81,0.87,0.84,0.06,89,774,0.13,0.19,461474
btc-updown-15m-1761148800,1761148800,860,0.81,0.87,0.84,0.06,89,774,0.13,0.19,466474
btc-updown-15m-1761148800,1761148800,865,0.81,0.87,0.84,0.06,89,774,0.13,0.19,471474
btc-updown-15m-1761148800,1761148800,870,0.81,0.87,0.84,0.06,89,774,0.13,0.19,476474
btc-updown-15m-1761148800,1761148800,875,0.81,0.87,0.84,0.06,89,774,0.13,0.19,481474
btc-updown-15m-1761148800,1761148800,880,0.81,0.87,0.84,0.06,89,774,0.13,0.19,486474
btc-updown-15m-1761148800,1761148800,885,0.81,0.87,0.84,0.06,89,774,0.13,0.19,491474
btc-updown-15m-1761148800,1761148800,890,0.81,0.87,0.84,0.06,89,774,0.13,0.19,496474
btc-updown-15m-1761148800,1761148800,895,0.81,0.87,0.84,0.06,89,774,0.13,0.19,501474
btc-updown-15m-1761148800,1761148800,897,0.81,0.87,0.84,0.06,89,774,0.13,0.19,503474
btc-updown-15m-1761148800,1761148800,899,0.81,0.87,0.84,0.06,89,774,0.13,0.19,505474
btc-updown-15m-1761148800,1761148800,900,0.81,0.87,0.84,0.06,89,774,0.13,0.19,506474
btc-updown-15m-1761153300,1761153300,0,0.53,0.54,0.535,0.01,379.27,64,0.46,0.47,2525
btc-updown-15m-1761153300,1761153300,15,0.52,0.55,0.535,0.03,77.21,167.5,0.45,0.48,213
btc-updown-15m-1761153300,1761153300,30,0.46,0.5,0.48,0.04,45,770,0.5,0.54,423
btc-updown-15m-1761153300,1761153300,45,0.39,0.43,0.41,0.04,39.88,807.24,0.57,0.61,6
btc-updown-15m-1761153300,1761153300,60,0.38,0.42,0.4,0.04,39.88,769.22,0.58,0.62,132
btc-updown-15m-1761153300,1761153300,75,0.28,0.34,0.31,0.06,130.6,742.05,0.66,0.72,258
btc-updown-15m-1761153300,1761153300,90,0.3,0.35,0.325,0.05,44,1005.6,0.65,0.7,1
btc-updown-15m-1761153300,1761153300,105,0.33,0.38,0.355,0.05,40,538.7,0.62,0.67,51
btc-updown-15m-1761153300,1761153300,120,0.35,0.42,0.385,0.07,136.5,679.02,0.58,0.65,18
btc-updown-15m-1761153300,1761153300,135,0.37,0.42,0.395,0.05,59,701.55,0.58,0.63,399
btc-updown-15m-1761153300,1761153300,150,0.43,0.47,0.45,0.04,47.16,830.8,0.53,0.57,111
btc-updown-15m-1761153300,1761153300,165,0.43,0.47,0.45,0.04,40.46,810.1,0.53,0.57,2
btc-updown-15m-1761153300,1761153300,180,0.38,0.4,0.39,0.02,666.5,60,0.6,0.62,91
btc-updown-15m-1761153300,1761153300,195,0.31,0.36,0.335,0.05,60,797.9,0.64,0.69,168
btc-updown-15m-1761153300,1761153300,210,0.27,0.34,0.305,0.07,55,679.1,0.66,0.73,0
btc-updown-15m-1761153300,1761153300,225,0.31,0.36,0.335,0.05,538,599.07,0.64,0.69,32
btc-updown-15m-1761153300,1761153300,240,0.25,0.29,0.27,0.04,77,844.66,0.71,0.75,13
btc-updown-15m-1761153300,1761153300,255,0.25,0.28,0.265,0.03,67,594.66,0.72,0.75,1
btc-updown-15m-1761153300,1761153300,270,0.23,0.28,0.255,0.05,81,594.66,0.72,0.77,6
btc-updown-15m-1761153300,1761153300,285,0.21,0.26,0.235,0.05,98,750,0.74,0.79,9
btc-updown-15m-1761153300,1761153300,300,0.2,0.21,0.205,0.01,83,520.23,0.79,0.8,11
btc-updown-15m-1761153300,1761153300,315,0.21,0.23,0.22,0.02,1002.24,108.5,0.77,0.79,1
btc-updown-15m-1761153300,1761153300,330,0.34,0.4,0.37,0.06,41,76.3,0.6,0.66,7
btc-updown-15m-1761153300,1761153300,345,0.35,0.41,0.38,0.06,42,65.3,0.59,0.65,0
btc-updown-15m-1761153300,1761153300,360,0.34,0.37,0.355,0.03,37.86,80.77,0.63,0.66,21
btc-updown-15m-1761153300,1761153300,375,0.28,0.32,0.3,0.04,23,59.3,0.68,0.72,5
btc-updown-15m-1761153300,1761153300,390,0.35,0.39,0.37,0.04,552,43.6,0.61,0.65,18
btc-updown-15m-1761153300,1761153300,405,0.29,0.3,0.295,0.01,281,750.51,0.7,0.71,3
btc-updown-15m-1761153300,1761153300,420,0.26,0.33,0.295,0.07,775.84,275.9,0.67,0.74,5
btc-updown-15m-1761153300,1761153300,435,0.27,0.31,0.29,0.04,811,21,0.69,0.73,1
btc-updown-15m-1761153300,1761153300,450,0.31,0.35,0.33,0.04,513,59.1,0.65,0.69,389
btc-updown-15m-1761153300,1761153300,465,0.32,0.36,0.34,0.04,544,289,0.64,0.68,10
btc-updown-15m-1761153300,1761153300,480,0.31,0.36,0.335,0.05,913.5,18,0.64,0.69,16
btc-updown-15m-1761153300,1761153300,495,0.25,0.31,0.28,0.06,302,583.4,0.69,0.75,17
btc-updown-15m-1761153300,1761153300,510,0.25,0.3,0.275,0.05,687.75,42.9,0.7,0.75,13
btc-updown-15m-1761153300,1761153300,525,0.24,0.31,0.275,0.07,706.75,278.8,0.69,0.76,2
btc-updown-15m-1761153300,1761153300,540,0.23,0.3,0.265,0.07,817,279.5,0.7,0.77,16
btc-updown-15m-1761153300,1761153300,555,0.26,0.29,0.275,0.03,90,776.4,0.71,0.74,6
btc-updown-15m-1761153300,1761153300,570,0.17,0.22,0.195,0.05,354.48,1013.44,0.78,0.83,17
btc-updown-15m-1761153300,1761153300,585,0.21,0.26,0.235,0.05,600.17,1082.44,0.74,0.79,0
btc-updown-15m-1761153300,1761153300,600,0.25,0.27,0.26,0.02,1121.5,131.96,0.73,0.75,425
btc-updown-15m-1761153300,1761153300,615,0.21,0.25,0.23,0.04,147.5,1035,0.75,0.79,36
btc-updown-15m-1761153300,1761153300,630,0.2,0.24,0.22,0.04,51,1465.33,0.76,0.8,33
btc-updown-15m-1761153300,1761153300,645,0.17,0.21,0.19,0.04,239.93,1012,0.79,0.83,29
btc-updown-15m-1761153300,1761153300,660,0.15,0.2,0.175,0.05,639.32,1544,0.8,0.85,119
btc-updown-15m-1761153300,1761153300,675,0.05,0.11,0.08,0.06,2219.16,522.66,0.89,0.95,25
btc-updown-15m-1761153300,1761153300,690,0.18,0.2,0.19,0.02,529,741.9,0.8,0.82,23
btc-updown-15m-1761153300,1761153300,705,0.12,0.18,0.15,0.06,1586.36,210.28,0.82,0.88,229
btc-updown-15m-1761153300,1761153300,720,0.05,0.12,0.085,0.07,1239.16,1007.28,0.88,0.95,32
btc-updown-15m-1761153300,1761153300,735,0.04,0.08,0.06,0.04,787.45,1012.28,0.92,0.96,36
btc-updown-15m-1761153300,1761153300,750,0.03,0.06,0.045,0.03,1608.33,547.28,0.94,0.97,31
btc-updown-15m-1761153300,1761153300,765,0.02,0.03,0.025,0.01,961.18,282.94,0.97,0.98,587
btc-updown-15m-1761153300,1761153300,780,0.06,0.07,0.065,0.01,1005,825.63,0.93,0.94,328
btc-updown-15m-1761153300,1761153300,795,0.02,0.07,0.045,0.05,760.26,824.89,0.93,0.98,9
btc-updown-15m-1761153300,1761153300,810,0.01,0.02,0.015,0.01,740.07,64.17,0.98,0.99,195
btc-updown-15m-1761153300,1761153300,825,0.01,0.03,0.02,0.02,247.47,201.67,0.97,0.99,642
btc-updown-15m-1761153300,1761153300,840,,0.01,,,0,2934.61,0.99,,230
btc-updown-15m-1761153300,1761153300,845,,0.01,,,0,2851.79,0.99,,1148
btc-updown-15m-1761153300,1761153300,850,,0.01,,,0,2851.79,0.99,,240
btc-updown-15m-1761153300,1761153300,855,,0.01,,,0,2351.79,0.99,,1137
btc-updown-15m-1761153300,1761153300,860,,0.01,,,0,1747.72,0.99,,218
btc-updown-15m-1761153300,1761153300,865,,0.01,,,0,2247.72,0.99,,2986
btc-updown-15m-1761153300,1761153300,870,,0.01,,,0,2247.72,0.99,,188
btc-updown-15m-1761153300,1761153300,875,,0.01,,,0,2689.2,0.99,,143
btc-updown-15m-1761153300,1761153300,880,,0.01,,,0,2701.35,0.99,,264
btc-updown-15m-1761153300,1761153300,885,,0.01,,,0,2701.35,0.99,,3630
btc-updown-15m-1761153300,1761153300,890,,0.01,,,0,2701.35,0.99,,8630
btc-updown-15m-1761153300,1761153300,895,,0.01,,,0,2701.35,0.99,,3815
btc-updown-15m-1761153300,1761153300,897,,0.01,,,0,2701.35,0.99,,5815
btc-updown-15m-1761153300,1761153300,899,,0.01,,,0,2706.35,0.99,,1650
btc-updown-15m-1761153300,1761153300,900,,0.01,,,0,2706.35,0.99,,228
btc-updown-15m-1761156900,1761156900,0,0.53,0.54,0.535,0.01,3235,80,0.46,0.47,3093
btc-updown-15m-1761156900,1761156900,15,0.52,0.53,0.525,0.01,1930.63,319.3,0.47,0.48,0
btc-updown-15m-1761156900,1761156900,30,0.4,0.47,0.435,0.07,145.11,43.3,0.53,0.6,5
btc-updown-15m-1761156900,1761156900,45,0.44,0.54,0.49,0.1,221.28,43.9,0.46,0.56,137
btc-updown-15m-1761156900,1761156900,60,0.49,0.55,0.52,0.06,142.5,34.2,0.45,0.51,580
btc-updown-15m-1761156900,1761156900,75,0.37,0.41,0.39,0.04,430.5,39.4,0.59,0.63,19
btc-updown-15m-1761156900,1761156900,90,0.34,0.38,0.36,0.04,52.42,95.5,0.62,0.66,36
btc-updown-15m-1761156900,1761156900,105,0.27,0.33,0.3,0.06,117.5,35,0.67,0.73,26
btc-updown-15m-1761156900,1761156900,120,0.29,0.36,0.325,0.07,107.5,25,0.64,0.71,6
btc-updown-15m-1761156900,1761156900,135,0.3,0.36,0.33,0.06,112.5,40,0.64,0.7,35
btc-updown-15m-1761156900,1761156900,150,0.26,0.28,0.27,0.02,25,33.54,0.72,0.74,19
btc-updown-15m-1761156900,1761156900,165,0.25,0.35,0.3,0.1,156.5,111.95,0.65,0.75,34
btc-updown-15m-1761156900,1761156900,180,0.35,0.4,0.375,0.05,52.06,245,0.6,0.65,34
btc-updown-15m-1761156900,1761156900,195,0.26,0.32,0.29,0.06,124.56,45,0.68,0.74,32
btc-updown-15m-1761156900,1761156900,210,0.2,0.24,0.22,0.04,374.5,83.05,0.76,0.8,8
btc-updown-15m-1761156900,1761156900,225,0.2,0.22,0.21,0.02,404.54,69.05,0.78,0.8,17
btc-updown-15m-1761156900,1761156900,240,0.23,0.25,0.24,0.02,372.54,29,0.75,0.77,23
btc-updown-15m-1761156900,1761156900,255,0.29,0.35,0.32,0.06,150.08,30.9,0.65,0.71,4
btc-updown-15m-1761156900,1761156900,270,0.34,0.4,0.37,0.06,37.2,302.3,0.6,0.66,18
btc-updown-15m-1761156900,1761156900,285,0.32,0.36,0.34,0.04,37,64.1,0.64,0.68,0
btc-updown-15m-1761156900,1761156900,300,0.3,0.36,0.33,0.06,37,25.22,0.64,0.7,37
btc-updown-15m-1761156900,1761156900,315,0.38,0.42,0.4,0.04,110.5,246,0.58,0.62,29
btc-updown-15m-1761156900,1761156900,330,0.47,0.52,0.495,0.05,105.5,103.89,0.48,0.53,1
btc-updown-15m-1761156900,1761156900,345,0.44,0.51,0.475,0.07,39.03,37.9,0.49,0.56,497
btc-updown-15m-1761156900,1761156900,360,0.47,0.52,0.495,0.05,93.9,43.9,0.48,0.53,69
btc-updown-15m-1761156900,1761156900,375,0.47,0.54,0.505,0.07,27.41,189.49,0.46,0.53,15
btc-updown-15m-1761156900,1761156900,390,0.59,0.62,0.605,0.03,40.47,243,0.38,0.41,4
btc-updown-15m-1761156900,1761156900,405,0.67,0.76,0.715,0.09,42.5,168,0.24,0.33,29
btc-updown-15m-1761156900,1761156900,420,0.76,0.81,0.785,0.05,32.9,37,0.19,0.24,2
btc-updown-15m-1761156900,1761156900,435,0.67,0.75,0.71,0.08,76.69,418.5,0.25,0.33,2
btc-updown-15m-1761156900,1761156900,450,0.66,0.75,0.705,0.09,33.6,257.5,0.25,0.34,242
btc-updown-15m-1761156900,1761156900,465,0.65,0.72,0.685,0.07,28.2,63.08,0.28,0.35,24
btc-updown-15m-1761156900,1761156900,480,0.66,0.74,0.7,0.08,37,278.5,0.26,0.34,29
btc-updown-15m-1761156900,1761156900,495,0.72,0.77,0.745,0.05,26,263.05,0.23,0.28,40
btc-updown-15m-1761156900,1761156900,510,0.81,0.85,0.83,0.04,34,177.55,0.15,0.19,32
btc-updown-15m-1761156900,1761156900,525,0.76,0.79,0.775,0.03,29.1,74.87,0.21,0.24,32
btc-updown-15m-1761156900,1761156900,540,0.81,0.83,0.82,0.02,36,135.18,0.17,0.19,30
btc-updown-15m-1761156900,1761156900,555,0.84,0.88,0.86,0.04,26,117.5,0.12,0.16,5
btc-updown-15m-1761156900,1761156900,570,0.88,0.94,0.91,0.06,37.66,378.16,0.06,0.12,14
btc-updown-15m-1761156900,1761156900,585,0.88,0.92,0.9,0.04,43.66,533.09,0.08,0.12,35
btc-updown-15m-1761156900,1761156900,600,0.86,0.9,0.88,0.04,36.4,322,0.1,0.14,41
btc-updown-15m-1761156900,1761156900,615,0.85,0.91,0.88,0.06,81.1,540.09,0.09,0.15,31
btc-updown-15m-1761156900,1761156900,630,0.78,0.87,0.825,0.09,49,233.57,0.13,0.22,29
btc-updown-15m-1761156900,1761156900,645,0.79,0.86,0.825,0.07,27.98,182.5,0.14,0.21,211
btc-updown-15m-1761156900,1761156900,660,0.8,0.88,0.84,0.08,33.41,95,0.12,0.2,9
btc-updown-15m-1761156900,1761156900,675,0.82,0.86,0.84,0.04,21.98,95.28,0.14,0.18,19
btc-updown-15m-1761156900,1761156900,690,0.73,0.82,0.775,0.09,67.83,226.02,0.18,0.27,36
btc-updown-15m-1761156900,1761156900,705,0.81,0.86,0.835,0.05,87.98,211.78,0.14,0.19,3
btc-updown-15m-1761156900,1761156900,720,0.71,0.78,0.745,0.07,71.1,170.54,0.22,0.29,300
btc-updown-15m-1761156900,1761156900,735,0.72,0.8,0.76,0.08,52.37,228.2,0.2,0.28,37
btc-updown-15m-1761156900,1761156900,750,0.83,0.87,0.85,0.04,68.4,127.78,0.13,0.17,7
btc-updown-15m-1761156900,1761156900,765,0.89,0.97,0.93,0.08,33.4,1945.94,0.03,0.11,14
btc-updown-15m-1761156900,1761156900,780,0.92,0.96,0.94,0.04,245.13,834.71,0.04,0.08,27
btc-updown-15m-1761156900,1761156900,795,0.92,0.97,0.945,0.05,242.73,2309.94,0.03,0.08,2
btc-updown-15m-1761156900,1761156900,810,0.92,0.97,0.945,0.05,226.13,1780.03,0.03,0.08,468
btc-updown-15m-1761156900,1761156900,825,0.94,0.97,0.955,0.03,266.42,969.76,0.03,0.06,4
btc-updown-15m-1761156900,1761156900,840,0.97,0.98,0.975,0.01,270.42,943.76,0.02,0.03,12
btc-updown-15m-1761156900,1761156900,845,0.97,0.99,0.98,0.02,275.42,649.13,0.01,0.03,30
btc-updown-15m-1761156900,1761156900,850,0.97,,,,270.42,0,,0.03,89
btc-updown-15m-1761156900,1761156900,855,0.98,,,,630.42,0,,0.02,90
btc-updown-15m-1761156900,1761156900,860,0.98,,,,565.81,0,,0.02,54
btc-updown-15m-1761156900,1761156900,865,0.99,,,,560.81,0,,0.01,129
btc-updown-15m-1761156900,1761156900,870,0.99,,,,1070.81,0,,0.01,34
btc-updown-15m-1761156900,1761156900,875,0.99,,,,1065.72,0,,0.01,129
btc-updown-15m-1761156900,1761156900,880,0.99,,,,1065.72,0,,0.01,34
btc-updown-15m-1761156900,1761156900,885,0.99,,,,1065.72,0,,0.01,16
btc-updown-15m-1761156900,1761156900,890,0.99,,,,1065.72,0,,0.01,59
btc-updown-15m-1761156900,1761156900,895,0.99,,,,1230.51,0,,0.01,224
btc-updown-15m-1761156900,1761156900,897,0.99,,,,1230.51,0,,0.01,170
btc-updown-15m-1761156900,1761156900,899,0.99,,,,1230.51,0,,0.01,152
btc-updown-15m-1761156900,1761156900,900,0.99,,,,1230.51,0,,0.01,101
btc-updown-15m-1761161400,1761161400,0,0.45,0.48,0.465,0.03,75.99,400.01,0.52,0.55,2298
btc-updown-15m-1761161400,1761161400,15,0.48,0.53,0.505,0.05,174.3,652.4,0.47,0.52,2
btc-updown-15m-1761161400,1761161400,30,0.46,0.53,0.495,0.07,424.85,674.4,0.47,0.54,715
btc-updown-15m-1761161400,1761161400,45,0.47,0.56,0.515,0.09,658.65,698.5,0.44,0.53,22
btc-updown-15m-1761161400,1761161400,60,0.48,0.56,0.52,0.08,692.15,112,0.44,0.52,23
btc-updown-15m-1761161400,1761161400,75,0.51,0.56,0.535,0.05,749.15,175.2,0.44,0.49,42
btc-updown-15m-1761161400,1761161400,90,0.5,0.56,0.53,0.06,270,46,0.44,0.5,42
btc-updown-15m-1761161400,1761161400,105,0.5,0.55,0.525,0.05,23,51,0.45,0.5,5
btc-updown-15m-1761161400,1761161400,120,0.42,0.51,0.465,0.09,538.15,162,0.49,0.58,143
btc-updown-15m-1761161400,1761161400,135,0.47,0.53,0.5,0.06,591,112.8,0.47,0.53,20
btc-updown-15m-1761161400,1761161400,150,0.59,0.64,0.615,0.05,276,107,0.36,0.41,21
btc-updown-15m-1761161400,1761161400,165,0.59,0.61,0.6,0.02,276.12,176,0.39,0.41,20
btc-updown-15m-1761161400,1761161400,180,0.59,0.61,0.6,0.02,113.42,357.72,0.39,0.41,1411
btc-updown-15m-1761161400,1761161400,195,0.59,0.65,0.62,0.06,36.12,891.01,0.35,0.41,1
btc-updown-15m-1761161400,1761161400,210,0.6,0.63,0.615,0.03,21.12,563.37,0.37,0.4,277
btc-updown-15m-1761161400,1761161400,225,0.49,0.52,0.505,0.03,55.56,360,0.48,0.51,6
btc-updown-15m-1761161400,1761161400,240,0.5,0.52,0.51,0.02,32.56,46,0.48,0.5,434
btc-updown-15m-1761161400,1761161400,255,0.51,0.57,0.54,0.06,38,416,0.43,0.49,32
btc-updown-15m-1761161400,1761161400,270,0.54,0.6,0.57,0.06,531,80,0.4,0.46,25
btc-updown-15m-1761161400,1761161400,285,0.51,0.59,0.55,0.08,470.36,641.97,0.41,0.49,6
btc-updown-15m-1761161400,1761161400,300,0.48,0.53,0.505,0.05,438.06,119.97,0.47,0.52,1049
btc-updown-15m-1761161400,1761161400,315,0.42,0.47,0.445,0.05,136,341.86,0.53,0.58,22
btc-updown-15m-1761161400,1761161400,330,0.38,0.39,0.385,0.01,121,75,0.61,0.62,4
btc-updown-15m-1761161400,1761161400,345,0.33,0.41,0.37,0.08,926.5,330.49,0.59,0.67,23
btc-updown-15m-1761161400,1761161400,360,0.34,0.45,0.395,0.11,1178.5,835.25,0.55,0.66,291
btc-updown-15m-1761161400,1761161400,375,0.39,0.47,0.43,0.08,623.5,331.2,0.53,0.61,0
btc-updown-15m-1761161400,1761161400,390,0.39,0.47,0.43,0.08,373.5,553.4,0.53,0.61,680
btc-updown-15m-1761161400,1761161400,405,0.43,0.47,0.45,0.04,378.5,288.4,0.53,0.57,7
btc-updown-15m-1761161400,1761161400,420,0.45,0.52,0.485,0.07,653.5,332.6,0.48,0.55,27
btc-updown-15m-1761161400,1761161400,435,0.48,0.52,0.5,0.04,93,331,0.48,0.52,750
btc-updown-15m-1761161400,1761161400,450,0.59,0.65,0.62,0.06,765,359.6,0.35,0.41,37
btc-updown-15m-1761161400,1761161400,465,0.58,0.62,0.6,0.04,607.5,469.78,0.38,0.42,71
btc-updown-15m-1761161400,1761161400,480,0.59,0.66,0.625,0.07,602.5,347,0.34,0.41,322
btc-updown-15m-1761161400,1761161400,495,0.59,0.6,0.595,0.01,602.5,137,0.4,0.41,8
btc-updown-15m-1761161400,1761161400,510,0.66,0.72,0.69,0.06,510,120.44,0.28,0.34,18
btc-updown-15m-1761161400,1761161400,525,0.75,0.8,0.775,0.05,510,232.2,0.2,0.25,26
btc-updown-15m-1761161400,1761161400,540,0.8,0.82,0.81,0.02,567.3,132,0.18,0.2,385
btc-updown-15m-1761161400,1761161400,555,0.7,0.77,0.735,0.07,869.1,341.01,0.23,0.3,19
btc-updown-15m-1761161400,1761161400,570,0.74,0.82,0.78,0.08,515,186.2,0.18,0.26,30
btc-updown-15m-1761161400,1761161400,585,0.56,0.61,0.585,0.05,109.5,265,0.39,0.44,71
btc-updown-15m-1761161400,1761161400,600,0.63,0.68,0.655,0.05,755,70.59,0.32,0.37,3
btc-updown-15m-1761161400,1761161400,615,0.7,0.81,0.755,0.11,107.5,161.1,0.19,0.3,1050
btc-updown-15m-1761161400,1761161400,630,0.59,0.7,0.645,0.11,138.5,215,0.3,0.41,21
btc-updown-15m-1761161400,1761161400,645,0.55,0.65,0.6,0.1,66,210,0.35,0.45,31
btc-updown-15m-1761161400,1761161400,660,0.57,0.63,0.6,0.06,59.87,159.9,0.37,0.43,229
btc-updown-15m-1761161400,1761161400,675,0.67,0.75,0.71,0.08,530.87,150.6,0.25,0.33,658
btc-updown-15m-1761161400,1761161400,690,0.66,0.74,0.7,0.08,514.81,542.1,0.26,0.34,28
btc-updown-15m-1761161400,1761161400,705,0.39,0.43,0.41,0.04,371,336.12,0.57,0.61,1
btc-updown-15m-1761161400,1761161400,720,0.35,0.44,0.395,0.09,431.04,541.3,0.56,0.65,1
btc-updown-15m-1761161400,1761161400,735,0.41,0.44,0.425,0.03,180,59,0.56,0.59,293
btc-updown-15m-1761161400,1761161400,750,0.33,0.39,0.36,0.06,178.5,806.8,0.61,0.67,37
btc-updown-15m-1761161400,1761161400,765,0.32,0.35,0.335,0.03,102.5,526.8,0.65,0.68,6
btc-updown-15m-1761161400,1761161400,780,0.65,0.7,0.675,0.05,291,626.76,0.3,0.35,51
btc-updown-15m-1761161400,1761161400,795,0.43,0.5,0.465,0.07,316.74,291,0.5,0.57,8
btc-updown-15m-1761161400,1761161400,810,0.33,0.44,0.385,0.11,531,286,0.56,0.67,54
btc-updown-15m-1761161400,1761161400,825,0.25,0.38,0.315,0.13,517,510,0.62,0.75,27
btc-updown-15m-1761161400,1761161400,840,0.2,0.29,0.245,0.09,42.25,541,0.71,0.8,18
btc-updown-15m-1761161400,1761161400,845,0.15,0.24,0.195,0.09,625.12,281,0.76,0.85,136
btc-updown-15m-1761161400,1761161400,850,0.05,0.14,0.095,0.09,1363,321,0.86,0.95,182
btc-updown-15m-1761161400,1761161400,855,0.09,0.14,0.115,0.05,52,299.57,0.86,0.91,81
btc-updown-15m-1761161400,1761161400,860,0.06,0.14,0.1,0.08,570.07,549.57,0.86,0.94,93
btc-updown-15m-1761161400,1761161400,865,0.04,0.08,0.06,0.04,610.55,74.39,0.92,0.96,629
btc-updown-15m-1761161400,1761161400,870,0.03,0.08,0.055,0.05,1507.23,74.39,0.92,0.97,43
btc-updown-15m-1761161400,1761161400,875,0.04,0.07,0.055,0.03,814.95,267.73,0.93,0.96,432
btc-updown-15m-1761161400,1761161400,880,0.04,0.07,0.055,0.03,561.93,267.73,0.93,0.96,3
btc-updown-15m-1761161400,1761161400,885,0.01,0.07,0.04,0.06,636.75,267.73,0.93,0.99,95
btc-updown-15m-1761161400,1761161400,890,,0.01,,,0,550,0.99,,98
btc-updown-15m-1761161400,1761161400,895,,0.01,,,0,1050,0.99,,19
btc-updown-15m-1761161400,1761161400,897,,0.01,,,0,1050,0.99,,1198
btc-updown-15m-1761161400,1761161400,899,,0.01,,,0,1050,0.99,,228
btc-updown-15m-1761161400,1761161400,900,,0.01,,,0,1610,0.99,,186
btc-updown-15m-1761165900,1761165900,0,0.48,0.5,0.49,0.02,208,120.09,0.5,0.52,2333
btc-updown-15m-1761165900,1761165900,15,0.39,0.48,0.435,0.09,122,183.19,0.52,0.61,39
btc-updown-15m-1761165900,1761165900,30,0.4,0.45,0.425,0.05,79.9,59.55,0.55,0.6,421
btc-updown-15m-1761165900,1761165900,45,0.39,0.43,0.41,0.04,126.6,54,0.57,0.61,35
btc-updown-15m-1761165900,1761165900,60,0.37,0.39,0.38,0.02,429.1,275,0.61,0.63,1032
btc-updown-15m-1761165900,1761165900,75,0.37,0.39,0.38,0.02,97.8,284,0.61,0.63,653
btc-updown-15m-1761165900,1761165900,90,0.35,0.39,0.37,0.04,405.5,536,0.61,0.65,941
btc-updown-15m-1761165900,1761165900,105,0.35,0.4,0.375,0.05,454.5,26,0.6,0.65,66
btc-updown-15m-1761165900,1761165900,120,0.34,0.4,0.37,0.06,167.6,23.5,0.6,0.66,436
btc-updown-15m-1761165900,1761165900,135,0.33,0.37,0.35,0.04,90.32,155.5,0.63,0.67,24
btc-updown-15m-1761165900,1761165900,150,0.33,0.37,0.35,0.04,55.48,358.5,0.63,0.67,32
btc-updown-15m-1761165900,1761165900,165,0.23,0.35,0.29,0.12,89.8,173.5,0.65,0.77,8
btc-updown-15m-1761165900,1761165900,180,0.23,0.35,0.29,0.12,76,81,0.65,0.77,198
btc-updown-15m-1761165900,1761165900,195,0.23,0.32,0.275,0.09,67.9,55.87,0.68,0.77,30
btc-updown-15m-1761165900,1761165900,210,0.23,0.32,0.275,0.09,232.1,141.5,0.68,0.77,63
btc-updown-15m-1761165900,1761165900,225,0.22,0.31,0.265,0.09,175.87,131.5,0.69,0.78,8
btc-updown-15m-1761165900,1761165900,240,0.2,0.28,0.24,0.08,227.3,136.5,0.72,0.8,4
btc-updown-15m-1761165900,1761165900,255,0.15,0.22,0.185,0.07,119.37,146.5,0.78,0.85,6
btc-updown-15m-1761165900,1761165900,270,0.16,0.21,0.185,0.05,121.8,141.5,0.79,0.84,167
btc-updown-15m-1761165900,1761165900,285,0.15,0.19,0.17,0.04,37.3,141.5,0.81,0.85,288
btc-updown-15m-1761165900,1761165900,300,0.11,0.17,0.14,0.06,333.3,146.5,0.83,0.89,38
btc-updown-15m-1761165900,1761165900,315,0.1,0.18,0.14,0.08,338.31,131.5,0.82,0.9,38
btc-updown-15m-1761165900,1761165900,330,0.13,0.19,0.16,0.06,76.1,117.5,0.81,0.87,15
btc-updown-15m-1761165900,1761165900,345,0.13,0.19,0.16,0.06,371.71,114.1,0.81,0.87,502
btc-updown-15m-1761165900,1761165900,360,0.13,0.17,0.15,0.04,278.64,86.65,0.83,0.87,0
btc-updown-15m-1761165900,1761165900,375,0.11,0.15,0.13,0.04,183.4,525,0.85,0.89,267
btc-updown-15m-1761165900,1761165900,390,0.11,0.14,0.125,0.03,150.2,507,0.86,0.89,254
btc-updown-15m-1761165900,1761165900,405,0.1,0.13,0.115,0.03,147.9,775.5,0.87,0.9,143
btc-updown-15m-1761165900,1761165900,420,0.05,0.07,0.06,0.02,964.09,591.2,0.93,0.95,855
btc-updown-15m-1761165900,1761165900,435,0.06,0.08,0.07,0.02,473.3,847.5,0.92,0.94,37
btc-updown-15m-1761165900,1761165900,450,0.04,0.08,0.06,0.04,663.79,621,0.92,0.96,569
btc-updown-15m-1761165900,1761165900,465,0.06,0.07,0.065,0.01,455.05,626,0.93,0.94,911
btc-updown-15m-1761165900,1761165900,480,0.04,0.08,0.06,0.04,622.05,549.72,0.92,0.96,21
btc-updown-15m-1761165900,1761165900,495,0.07,0.08,0.075,0.01,634.94,521.27,0.92,0.93,32
btc-updown-15m-1761165900,1761165900,510,0.07,0.09,0.08,0.02,161.94,762.27,0.91,0.93,763
btc-updown-15m-1761165900,1761165900,525,0.07,0.08,0.075,0.01,157.94,742.5,0.92,0.93,1048
btc-updown-15m-1761165900,1761165900,540,0.07,0.08,0.075,0.01,112.14,782.5,0.92,0.93,800
btc-updown-15m-1761165900,1761165900,555,0.07,0.08,0.075,0.01,112.14,782.5,0.92,0.93,106
btc-updown-15m-1761165900,1761165900,570,0.06,0.13,0.095,0.07,65,701.23,0.87,0.94,10
btc-updown-15m-1761165900,1761165900,585,0.03,0.08,0.055,0.05,1459.05,515,0.92,0.97,36
btc-updown-15m-1761165900,1761165900,600,0.04,0.06,0.05,0.02,417.22,848.04,0.94,0.96,106
btc-updown-15m-1761165900,1761165900,615,0.04,0.07,0.055,0.03,390.54,532.12,0.93,0.96,87
btc-updown-15m-1761165900,1761165900,630,0.04,0.06,0.05,0.02,292.37,116.02,0.94,0.96,5249
btc-updown-15m-1761165900,1761165900,645,0.03,0.04,0.035,0.01,1319.05,148.11,0.96,0.97,233
btc-updown-15m-1761165900,1761165900,660,0.01,0.07,0.04,0.06,1120,99.6,0.93,0.99,18
btc-updown-15m-1761165900,1761165900,675,0.01,0.05,0.03,0.04,1105.4,59.28,0.95,0.99,1680
btc-updown-15m-1761165900,1761165900,690,0.01,0.02,0.015,0.01,1105.4,80.32,0.98,0.99,20
btc-updown-15m-1761165900,1761165900,705,0.02,0.07,0.045,0.05,1114.67,219.44,0.93,0.98,848
btc-updown-15m-1761165900,1761165900,720,0.01,0.06,0.035,0.05,1199.33,200.16,0.94,0.99,119
btc-updown-15m-1761165900,1761165900,735,0.01,0.06,0.035,0.05,784.33,210.16,0.94,0.99,2948
btc-updown-15m-1761165900,1761165900,750,0.01,0.02,0.015,0.01,777.3,93.55,0.98,0.99,2472
btc-updown-15m-1761165900,1761165900,765,0.01,0.02,0.015,0.01,686.28,93.55,0.98,0.99,280
btc-updown-15m-1761165900,1761165900,780,,0.02,,,0,105.7,0.98,,178
btc-updown-15m-1761165900,1761165900,795,,0.01,,,0,842.57,0.99,,1008
btc-updown-15m-1761165900,1761165900,810,,0.01,,,0,807.57,0.99,,2360
btc-updown-15m-1761165900,1761165900,825,,0.01,,,0,807.57,0.99,,1797
btc-updown-15m-1761165900,1761165900,840,,0.01,,,0,586.53,0.99,,492
btc-updown-15m-1761165900,1761165900,845,,0.01,,,0,591.62,0.99,,202
btc-updown-15m-1761165900,1761165900,850,,0.01,,,0,91.62,0.99,,1022
btc-updown-15m-1761165900,1761165900,855,,0.01,,,0,91.62,0.99,,3667
btc-updown-15m-1761165900,1761165900,860,,0.01,,,0,586.53,0.99,,572
btc-updown-15m-1761165900,1761165900,865,,0.01,,,0,591.62,0.99,,3682
btc-updown-15m-1761165900,1761165900,870,,0.01,,,0,591.62,0.99,,8682
btc-updown-15m-1761165900,1761165900,875,,0.01,,,0,586.53,0.99,,3687
btc-updown-15m-1761165900,1761165900,880,,0.01,,,0,591.62,0.99,,4424
btc-updown-15m-1761165900,1761165900,885,,0.01,,,0,591.62,0.99,,3694
btc-updown-15m-1761165900,1761165900,890,,0.01,,,0,591.62,0.99,,8694
btc-updown-15m-1761165900,1761165900,895,,0.01,,,0,591.62,0.99,,3501
btc-updown-15m-1761165900,1761165900,897,,0.01,,,0,591.62,0.99,,5501
btc-updown-15m-1761165900,1761165900,899,,0.01,,,0,591.62,0.99,,7501
btc-updown-15m-1761165900,1761165900,900,,0.01,,,0,591.62,0.99,,8501
btc-updown-15m-1761177600,1761177600,0,0.5,0.52,0.51,0.02,200.09,144,0.48,0.5,3487
btc-updown-15m-1761177600,1761177600,15,0.48,0.52,0.5,0.04,175.53,144,0.48,0.52,4
btc-updown-15m-1761177600,1761177600,30,0.49,0.52,0.505,0.03,150.53,154,0.48,0.51,838
btc-updown-15m-1761177600,1761177600,45,0.47,0.51,0.49,0.04,100,254.3,0.49,0.53,322
btc-updown-15m-1761177600,1761177600,60,0.4,0.42,0.41,0.02,279.7,74,0.58,0.6,1193
btc-updown-15m-1761177600,1761177600,75,0.45,0.47,0.46,0.02,80,77,0.53,0.55,122
btc-updown-15m-1761177600,1761177600,90,0.49,0.55,0.52,0.06,100,237.5,0.45,0.51,11
btc-updown-15m-1761177600,1761177600,105,0.47,0.51,0.49,0.04,449.8,50,0.49,0.53,1482
btc-updown-15m-1761177600,1761177600,120,0.48,0.55,0.515,0.07,58,251.5,0.45,0.52,512
btc-updown-15m-1761177600,1761177600,135,0.39,0.42,0.405,0.03,108.69,20,0.58,0.61,101
btc-updown-15m-1761177600,1761177600,150,0.46,0.52,0.49,0.06,96,165.5,0.48,0.54,215
btc-updown-15m-1761177600,1761177600,165,0.47,0.51,0.49,0.04,115,137.9,0.49,0.53,18
btc-updown-15m-1761177600,1761177600,180,0.42,0.48,0.45,0.06,140.4,93,0.52,0.58,290
btc-updown-15m-1761177600,1761177600,195,0.45,0.51,0.48,0.06,119,103,0.49,0.55,15
btc-updown-15m-1761177600,1761177600,210,0.41,0.44,0.425,0.03,61.15,94,0.56,0.59,33
btc-updown-15m-1761177600,1761177600,225,0.4,0.45,0.425,0.05,42,220.25,0.55,0.6,177
btc-updown-15m-1761177600,1761177600,240,0.37,0.42,0.395,0.05,100,147,0.58,0.63,185
btc-updown-15m-1761177600,1761177600,255,0.35,0.39,0.37,0.04,392.6,68,0.61,0.65,1740
btc-updown-15m-1761177600,1761177600,270,0.56,0.6,0.58,0.04,64,102,0.4,0.44,197
btc-updown-15m-1761177600,1761177600,285,0.53,0.56,0.545,0.03,262,65,0.44,0.47,113
btc-updown-15m-1761177600,1761177600,300,0.51,0.56,0.535,0.05,204.5,90.49,0.44,0.49,180
btc-updown-15m-1761177600,1761177600,315,0.44,0.46,0.45,0.02,78,136,0.54,0.56,463
btc-updown-15m-1761177600,1761177600,330,0.59,0.63,0.61,0.04,68,165.5,0.37,0.41,241
btc-updown-15m-1761177600,1761177600,345,0.6,0.65,0.625,0.05,61,497.5,0.35,0.4,53
btc-updown-15m-1761177600,1761177600,360,0.59,0.64,0.615,0.05,143.3,101.5,0.36,0.41,96
btc-updown-15m-1761177600,1761177600,375,0.53,0.57,0.55,0.04,41,47,0.43,0.47,227
btc-updown-15m-1761177600,1761177600,390,0.63,0.67,0.65,0.04,66,407.7,0.33,0.37,69
btc-updown-15m-1761177600,1761177600,405,0.63,0.67,0.65,0.04,143,412,0.33,0.37,1133
btc-updown-15m-1761177600,1761177600,420,0.63,0.66,0.645,0.03,101.1,319.5,0.34,0.37,127
btc-updown-15m-1761177600,1761177600,435,0.72,0.78,0.75,0.06,99.05,121.5,0.22,0.28,220
btc-updown-15m-1761177600,1761177600,450,0.74,0.8,0.77,0.06,36,171.5,0.2,0.26,92
btc-updown-15m-1761177600,1761177600,465,0.72,0.78,0.75,0.06,98,115.5,0.22,0.28,1
btc-updown-15m-1761177600,1761177600,480,0.69,0.74,0.715,0.05,83.05,139.5,0.26,0.31,156
btc-updown-15m-1761177600,1761177600,495,0.68,0.71,0.695,0.03,74,96.6,0.29,0.32,189
btc-updown-15m-1761177600,1761177600,510,0.61,0.66,0.635,0.05,74.35,118.6,0.34,0.39,116
btc-updown-15m-1761177600,1761177600,525,0.66,0.72,0.69,0.06,77,109.7,0.28,0.34,215
btc-updown-15m-1761177600,1761177600,540,0.65,0.7,0.675,0.05,21,68.8,0.3,0.35,31
btc-updown-15m-1761177600,1761177600,555,0.69,0.72,0.705,0.03,73,43.4,0.28,0.31,567
btc-updown-15m-1761177600,1761177600,570,0.67,0.71,0.69,0.04,68,117,0.29,0.33,1
btc-updown-15m-1761177600,1761177600,585,0.72,0.75,0.735,0.03,122,53.6,0.25,0.28,1099
btc-updown-15m-1761177600,1761177600,600,0.73,0.75,0.74,0.02,212.29,78.6,0.25,0.27,1527
btc-updown-15m-1761177600,1761177600,615,0.76,0.79,0.775,0.03,245,134.6,0.21,0.24,43
btc-updown-15m-1761177600,1761177600,630,0.72,0.77,0.745,0.05,49,118.6,0.23,0.28,520
btc-updown-15m-1761177600,1761177600,645,0.73,0.77,0.75,0.04,56,122.15,0.23,0.27,26
btc-updown-15m-1761177600,1761177600,660,0.83,0.87,0.85,0.04,34,60.3,0.13,0.17,27
btc-updown-15m-1761177600,1761177600,675,0.74,0.84,0.79,0.1,103.5,55.1,0.16,0.26,1169
btc-updown-15m-1761177600,1761177600,690,0.61,0.65,0.63,0.04,131.5,147.6,0.35,0.39,12
btc-updown-15m-1761177600,1761177600,705,0.61,0.67,0.64,0.06,106,63.8,0.33,0.39,213
btc-updown-15m-1761177600,1761177600,720,0.61,0.69,0.65,0.08,106,100,0.31,0.39,86
btc-updown-15m-1761177600,1761177600,735,0.73,0.78,0.755,0.05,49,151.2,0.22,0.27,32
btc-updown-15m-1761177600,1761177600,750,0.83,0.88,0.855,0.05,37,17.32,0.12,0.17,43
btc-updown-15m-1761177600,1761177600,765,0.85,0.93,0.89,0.08,52,199,0.07,0.15,46
btc-updown-15m-1761177600,1761177600,780,0.94,0.97,0.955,0.03,196.28,1935.31,0.03,0.06,990
btc-updown-15m-1761177600,1761177600,795,0.92,0.97,0.945,0.05,263.62,1485.95,0.03,0.08,143
btc-updown-15m-1761177600,1761177600,810,0.97,0.99,0.98,0.02,155,1178,0.01,0.03,9
btc-updown-15m-1761177600,1761177600,825,0.97,0.99,0.98,0.02,115,273.51,0.01,0.03,523
btc-updown-15m-1761177600,1761177600,840,0.97,0.99,0.98,0.02,1208.33,72.91,0.01,0.03,30
btc-updown-15m-1761177600,1761177600,845,0.99,,,,2404.25,0,,0.01,1015
btc-updown-15m-1761177600,1761177600,850,0.99,,,,2550.16,0,,0.01,142
btc-updown-15m-1761177600,1761177600,855,0.99,,,,1801.83,0,,0.01,2076
btc-updown-15m-1761177600,1761177600,860,0.99,,,,2301.83,0,,0.01,1314
btc-updown-15m-1761177600,1761177600,865,0.99,,,,2750.83,0,,0.01,1975
btc-updown-15m-1761177600,1761177600,870,0.99,,,,2750.83,0,,0.01,2105
btc-updown-15m-1761177600,1761177600,875,0.99,,,,2750.83,0,,0.01,2062
btc-updown-15m-1761177600,1761177600,880,0.99,,,,3260.83,0,,0.01,3890
btc-updown-15m-1761177600,1761177600,885,0.99,,,,3260.83,0,,0.01,2042
btc-updown-15m-1761177600,1761177600,890,0.99,,,,3260.83,0,,0.01,552
btc-updown-15m-1761177600,1761177600,895,0.99,,,,3260.83,0,,0.01,1833
btc-updown-15m-1761177600,1761177600,897,0.99,,,,3260.83,0,,0.01,3833
btc-updown-15m-1761177600,1761177600,899,0.99,,,,3265.83,0,,0.01,508
btc-updown-15m-1761177600,1761177600,900,0.99,,,,3265.83,0,,0.01,1508
btc-updown-15m-1761182100,1761182100,0,0.43,0.46,0.445,0.03,168,429.74,0.54,0.57,211
btc-updown-15m-1761182100,1761182100,15,0.46,0.5,0.48,0.04,45.9,506.19,0.5,0.54,71
btc-updown-15m-1761182100,1761182100,30,0.43,0.46,0.445,0.03,320,113,0.54,0.57,54
btc-updown-15m-1761182100,1761182100,45,0.49,0.5,0.495,0.01,117,441.09,0.5,0.51,4
btc-updown-15m-1761182100,1761182100,60,0.42,0.44,0.43,0.02,97,340,0.56,0.58,5
btc-updown-15m-1761182100,1761182100,75,0.61,0.7,0.655,0.09,65.7,131.5,0.3,0.39,8
btc-updown-15m-1761182100,1761182100,90,0.62,0.68,0.65,0.06,52.5,150.5,0.32,0.38,192
btc-updown-15m-1761182100,1761182100,105,0.52,0.59,0.555,0.07,70.3,163.5,0.41,0.48,5
btc-updown-15m-1761182100,1761182100,120,0.68,0.76,0.72,0.08,66.96,88,0.24,0.32,24
btc-updown-15m-1761182100,1761182100,135,0.6,0.63,0.615,0.03,33.9,81.07,0.37,0.4,45
btc-updown-15m-1761182100,1761182100,150,0.5,0.55,0.525,0.05,63.1,30,0.45,0.5,71
btc-updown-15m-1761182100,1761182100,165,0.46,0.52,0.49,0.06,82,107.5,0.48,0.54,445
btc-updown-15m-1761182100,1761182100,180,0.53,0.6,0.565,0.07,212.6,81,0.4,0.47,255
btc-updown-15m-1761182100,1761182100,195,0.61,0.67,0.64,0.06,57.3,68.09,0.33,0.39,26
btc-updown-15m-1761182100,1761182100,210,0.64,0.68,0.66,0.04,36,63,0.32,0.36,836
btc-updown-15m-1761182100,1761182100,225,0.7,0.77,0.735,0.07,43.8,82,0.23,0.3,43
btc-updown-15m-1761182100,1761182100,240,0.64,0.69,0.665,0.05,55.2,48,0.31,0.36,18
btc-updown-15m-1761182100,1761182100,255,0.56,0.62,0.59,0.06,49.9,69,0.38,0.44,20
btc-updown-15m-1761182100,1761182100,270,0.65,0.72,0.685,0.07,36,159.5,0.28,0.35,695
btc-updown-15m-1761182100,1761182100,285,0.66,0.73,0.695,0.07,69,147.5,0.27,0.34,238
btc-updown-15m-1761182100,1761182100,300,0.65,0.73,0.69,0.08,58.3,148,0.27,0.35,240
btc-updown-15m-1761182100,1761182100,315,0.62,0.68,0.65,0.06,81,114.5,0.32,0.38,122
btc-updown-15m-1761182100,1761182100,330,0.59,0.63,0.61,0.04,88.6,28,0.37,0.41,489
btc-updown-15m-1761182100,1761182100,345,0.61,0.67,0.64,0.06,51,37,0.33,0.39,24
btc-updown-15m-1761182100,1761182100,360,0.61,0.67,0.64,0.06,71,58,0.33,0.39,45
btc-updown-15m-1761182100,1761182100,375,0.61,0.67,0.64,0.06,119.3,32,0.33,0.39,338
btc-updown-15m-1761182100,1761182100,390,0.52,0.58,0.55,0.06,49.6,21,0.42,0.48,4
btc-updown-15m-1761182100,1761182100,405,0.54,0.6,0.57,0.06,46,108.5,0.4,0.46,128
btc-updown-15m-1761182100,1761182100,420,0.47,0.52,0.495,0.05,72,21,0.48,0.53,1
btc-updown-15m-1761182100,1761182100,435,0.35,0.42,0.385,0.07,615.9,187.5,0.58,0.65,187
btc-updown-15m-1761182100,1761182100,450,0.41,0.47,0.44,0.06,67,123,0.53,0.59,264
btc-updown-15m-1761182100,1761182100,465,0.35,0.38,0.365,0.03,427.46,160.5,0.62,0.65,111
btc-updown-15m-1761182100,1761182100,480,0.34,0.4,0.37,0.06,211.5,100.8,0.6,0.66,6
btc-updown-15m-1761182100,1761182100,495,0.4,0.43,0.415,0.03,115.5,238,0.57,0.6,2
btc-updown-15m-1761182100,1761182100,510,0.27,0.35,0.31,0.08,287.5,83,0.65,0.73,37
btc-updown-15m-1761182100,1761182100,525,0.08,0.15,0.115,0.07,342,107.34,0.85,0.92,91
btc-updown-15m-1761182100,1761182100,540,0.2,0.22,0.21,0.02,34,99.7,0.78,0.8,522
btc-updown-15m-1761182100,1761182100,555,0.1,0.17,0.135,0.07,126,90.2,0.83,0.9,27
btc-updown-15m-1761182100,1761182100,570,0.13,0.19,0.16,0.06,26,43.64,0.81,0.87,5
btc-updown-15m-1761182100,1761182100,585,0.11,0.19,0.15,0.08,141.5,48.2,0.81,0.89,14
btc-updown-15m-1761182100,1761182100,600,0.19,0.22,0.205,0.03,141.5,43,0.78,0.81,127
btc-updown-15m-1761182100,1761182100,615,0.17,0.2,0.185,0.03,106,63.1,0.8,0.83,56
btc-updown-15m-1761182100,1761182100,630,0.13,0.19,0.16,0.06,149.75,128.93,0.81,0.87,732
btc-updown-15m-1761182100,1761182100,645,0.12,0.17,0.145,0.05,56.12,89.11,0.83,0.88,266
btc-updown-15m-1761182100,1761182100,660,0.14,0.16,0.15,0.02,113.5,226,0.84,0.86,202
btc-updown-15m-1761182100,1761182100,675,0.13,0.2,0.165,0.07,120.5,110.42,0.8,0.87,106
btc-updown-15m-1761182100,1761182100,690,0.11,0.2,0.155,0.09,133.5,117.8,0.8,0.89,5
btc-updown-15m-1761182100,1761182100,705,0.1,0.21,0.155,0.11,152.5,181.13,0.79,0.9,42
btc-updown-15m-1761182100,1761182100,720,0.09,0.18,0.135,0.09,168.3,193.83,0.82,0.91,55
btc-updown-15m-1761182100,1761182100,735,0.14,0.21,0.175,0.07,97.5,109.93,0.79,0.86,9
btc-updown-15m-1761182100,1761182100,750,0.05,0.11,0.08,0.06,689.34,30,0.89,0.95,55
btc-updown-15m-1761182100,1761182100,765,0.14,0.18,0.16,0.04,73.4,195.43,0.82,0.86,138
btc-updown-15m-1761182100,1761182100,780,0.05,0.14,0.095,0.09,1100.25,98.5,0.86,0.95,10
btc-updown-15m-1761182100,1761182100,795,0.04,0.09,0.065,0.05,178.89,86.07,0.91,0.96,42
btc-updown-15m-1761182100,1761182100,810,0.01,0.04,0.025,0.03,1254.37,366.46,0.96,0.99,19
btc-updown-15m-1761182100,1761182100,825,0.01,0.02,0.015,0.01,0.08,248.12,0.98,0.99,88
btc-updown-15m-1761182100,1761182100,840,,0.01,,,0,487.63,0.99,,38
btc-updown-15m-1761182100,1761182100,845,,0.01,,,0,617.63,0.99,,304
btc-updown-15m-1761182100,1761182100,850,,0.01,,,0,2217.63,0.99,,148
btc-updown-15m-1761182100,1761182100,855,,0.01,,,0,2317.63,0.99,,68
btc-updown-15m-1761182100,1761182100,860,,0.01,,,0,2379.29,0.99,,68
btc-updown-15m-1761182100,1761182100,865,,0.01,,,0,2179.29,0.99,,130
btc-updown-15m-1761182100,1761182100,870,,0.01,,,0,2179.29,0.99,,394
btc-updown-15m-1761182100,1761182100,875,,0.01,,,0,2221.35,0.99,,10
btc-updown-15m-1761182100,1761182100,880,,0.01,,,0,2731.34,0.99,,141
btc-updown-15m-1761182100,1761182100,885,,0.01,,,0,3221.34,0.99,,17
btc-updown-15m-1761182100,1761182100,890,,0.01,,,0,2131.34,0.99,,61
btc-updown-15m-1761182100,1761182100,895,,0.01,,,0,2131.34,0.99,,159
btc-updown-15m-1761182100,1761182100,897,,0.01,,,0,2031.34,0.99,,123
btc-updown-15m-1761182100,1761182100,899,,0.01,,,0,2031.34,0.99,,133
btc-updown-15m-1761182100,1761182100,900,,0.01,,,0,2031.34,0.99,,151
btc-updown-15m-1761186600,1761186600,0,0.5,0.51,0.505,0.01,175.71,352,0.49,0.5,1676
btc-updown-15m-1761186600,1761186600,15,0.52,0.56,0.54,0.04,119,184.99,0.44,0.48,143
btc-updown-15m-1761186600,1761186600,30,0.55,0.58,0.565,0.03,189,305,0.42,0.45,90
btc-updown-15m-1761186600,1761186600,45,0.63,0.66,0.645,0.03,119.2,357.25,0.34,0.37,2002
btc-updown-15m-1761186600,1761186600,60,0.62,0.65,0.635,0.03,69,246.86,0.35,0.38,383
btc-updown-15m-1761186600,1761186600,75,0.61,0.64,0.625,0.03,57.45,29.61,0.36,0.39,14
btc-updown-15m-1761186600,1761186600,90,0.54,0.63,0.585,0.09,182.45,149.5,0.37,0.46,33
btc-updown-15m-1761186600,1761186600,105,0.53,0.58,0.555,0.05,40,154.2,0.42,0.47,608
btc-updown-15m-1761186600,1761186600,120,0.53,0.57,0.55,0.04,65,30,0.43,0.47,1482
btc-updown-15m-1761186600,1761186600,135,0.53,0.57,0.55,0.04,65,171.1,0.43,0.47,959
btc-updown-15m-1761186600,1761186600,150,0.5,0.52,0.51,0.02,278.9,37,0.48,0.5,279
btc-updown-15m-1761186600,1761186600,165,0.5,0.52,0.51,0.02,278.9,69,0.48,0.5,416
btc-updown-15m-1761186600,1761186600,180,0.47,0.51,0.49,0.04,172.22,156.9,0.49,0.53,401
btc-updown-15m-1761186600,1761186600,195,0.46,0.49,0.475,0.03,145,161.1,0.51,0.54,90
btc-updown-15m-1761186600,1761186600,210,0.46,0.52,0.49,0.06,293,200,0.48,0.54,31
btc-updown-15m-1761186600,1761186600,225,0.55,0.57,0.56,0.02,32,152,0.43,0.45,337
btc-updown-15m-1761186600,1761186600,240,0.63,0.67,0.65,0.04,67,163.77,0.33,0.37,302
btc-updown-15m-1761186600,1761186600,255,0.71,0.79,0.75,0.08,86,157.39,0.21,0.29,189
btc-updown-15m-1761186600,1761186600,270,0.69,0.77,0.73,0.08,154,62.5,0.23,0.31,546
btc-updown-15m-1761186600,1761186600,285,0.73,0.8,0.765,0.07,32,89,0.2,0.27,116
btc-updown-15m-1761186600,1761186600,300,0.73,0.8,0.765,0.07,32,180.1,0.2,0.27,101
btc-updown-15m-1761186600,1761186600,315,0.6,0.68,0.64,0.08,154,59,0.32,0.4,21
btc-updown-15m-1761186600,1761186600,330,0.59,0.66,0.625,0.07,76,90,0.34,0.41,4
btc-updown-15m-1761186600,1761186600,345,0.64,0.7,0.67,0.06,37.05,77,0.3,0.36,761
btc-updown-15m-1761186600,1761186600,360,0.72,0.77,0.745,0.05,162,20,0.23,0.28,1
btc-updown-15m-1761186600,1761186600,375,0.75,0.84,0.795,0.09,132.99,230.7,0.16,0.25,2
btc-updown-15m-1761186600,1761186600,390,0.79,0.84,0.815,0.05,24,74.85,0.16,0.21,12
btc-updown-15m-1761186600,1761186600,405,0.87,0.92,0.895,0.05,54,238,0.08,0.13,75
btc-updown-15m-1761186600,1761186600,420,0.86,0.91,0.885,0.05,159,65,0.09,0.14,20
btc-updown-15m-1761186600,1761186600,435,0.88,0.93,0.905,0.05,224,70,0.07,0.12,71
btc-updown-15m-1761186600,1761186600,450,0.84,0.88,0.86,0.04,157,68,0.12,0.16,180
btc-updown-15m-1761186600,1761186600,465,0.84,0.9,0.87,0.06,151,85.4,0.1,0.16,0
btc-updown-15m-1761186600,1761186600,480,0.79,0.86,0.825,0.07,137,86.4,0.14,0.21,38
btc-updown-15m-1761186600,1761186600,495,0.64,0.7,0.67,0.06,148.05,70,0.3,0.36,12
btc-updown-15m-1761186600,1761186600,510,0.63,0.71,0.67,0.08,169,57.56,0.29,0.37,0
btc-updown-15m-1761186600,1761186600,525,0.64,0.72,0.68,0.08,171,70.86,0.28,0.36,971
btc-updown-15m-1761186600,1761186600,540,0.67,0.72,0.695,0.05,36,73.96,0.28,0.33,555
btc-updown-15m-1761186600,1761186600,555,0.74,0.81,0.775,0.07,127,78.9,0.19,0.26,11
btc-updown-15m-1761186600,1761186600,570,0.77,0.81,0.79,0.04,17,56.2,0.19,0.23,3
btc-updown-15m-1761186600,1761186600,585,0.68,0.76,0.72,0.08,127,46,0.24,0.32,31
btc-updown-15m-1761186600,1761186600,600,0.64,0.7,0.67,0.06,151,51,0.3,0.36,20
btc-updown-15m-1761186600,1761186600,615,0.66,0.74,0.7,0.08,171.19,44,0.26,0.34,25
btc-updown-15m-1761186600,1761186600,630,0.77,0.83,0.8,0.06,139,34,0.17,0.23,8
btc-updown-15m-1761186600,1761186600,645,0.7,0.81,0.755,0.11,140,83.39,0.19,0.3,158
btc-updown-15m-1761186600,1761186600,660,0.73,0.8,0.765,0.07,24,57.15,0.2,0.27,481
btc-updown-15m-1761186600,1761186600,675,0.78,0.8,0.79,0.02,22,40.2,0.2,0.22,38
btc-updown-15m-1761186600,1761186600,690,0.75,0.8,0.775,0.05,25,42.1,0.2,0.25,174
btc-updown-15m-1761186600,1761186600,705,0.76,0.84,0.8,0.08,337.48,51.3,0.16,0.24,0
btc-updown-15m-1761186600,1761186600,720,0.8,0.87,0.835,0.07,23,28.8,0.13,0.2,38
btc-updown-15m-1761186600,1761186600,735,0.71,0.8,0.755,0.09,139.31,36.9,0.2,0.29,9
btc-updown-15m-1761186600,1761186600,750,0.81,0.9,0.855,0.09,115,29,0.1,0.19,30
btc-updown-15m-1761186600,1761186600,765,0.88,0.94,0.91,0.06,121,87.44,0.06,0.12,2
btc-updown-15m-1761186600,1761186600,780,0.8,0.87,0.835,0.07,280,16,0.13,0.2,19
btc-updown-15m-1761186600,1761186600,795,0.79,0.87,0.83,0.08,27,15,0.13,0.21,43
btc-updown-15m-1761186600,1761186600,810,0.8,0.94,0.87,0.14,25,250,0.06,0.2,207
btc-updown-15m-1761186600,1761186600,825,0.78,0.94,0.86,0.16,49,236.46,0.06,0.22,4
btc-updown-15m-1761186600,1761186600,840,0.82,0.96,0.89,0.14,209,775.95,0.04,0.18,29
btc-updown-15m-1761186600,1761186600,845,0.92,0.93,0.925,0.01,30.83,760.03,0.07,0.08,2
btc-updown-15m-1761186600,1761186600,850,0.92,0.97,0.945,0.05,530.83,1143.9,0.03,0.08,212
btc-updown-15m-1761186600,1761186600,855,0.96,0.98,0.97,0.02,130.83,474.08,0.02,0.04,4
btc-updown-15m-1761186600,1761186600,860,0.97,0.99,0.98,0.02,225.83,66.64,0.01,0.03,756
btc-updown-15m-1761186600,1761186600,865,0.98,,,,300,0,,0.02,109
btc-updown-15m-1761186600,1761186600,870,0.99,,,,386.75,0,,0.01,16
btc-updown-15m-1761186600,1761186600,875,0.99,,,,486.75,0,,0.01,286
btc-updown-15m-1761186600,1761186600,880,0.99,,,,791.31,0,,0.01,47
btc-updown-15m-1761186600,1761186600,885,0.99,,,,1555,0,,0.01,53
btc-updown-15m-1761186600,1761186600,890,0.99,,,,2055,0,,0.01,138
btc-updown-15m-1761186600,1761186600,895,0.99,,,,2230,0,,0.01,75
btc-updown-15m-1761186600,1761186600,897,0.99,,,,2230,0,,0.01,77
btc-updown-15m-1761186600,1761186600,899,0.99,,,,2330,0,,0.01,69
btc-updown-15m-1761186600,1761186600,900,0.99,,,,2330,0,,0.01,200
btc-updown-15m-1761190200,1761190200,0,0.42,0.47,0.445,0.05,268,1564.99,0.53,0.58,1727
btc-updown-15m-1761190200,1761190200,15,0.47,0.48,0.475,0.01,119.9,1435.2,0.52,0.53,143
btc-updown-15m-1761190200,1761190200,30,0.41,0.48,0.445,0.07,243.6,1473.11,0.52,0.59,261
btc-updown-15m-1761190200,1761190200,45,0.34,0.37,0.355,0.03,478.5,155,0.63,0.66,196
btc-updown-15m-1761190200,1761190200,60,0.33,0.37,0.35,0.04,311.05,165,0.63,0.67,23
btc-updown-15m-1761190200,1761190200,75,0.27,0.32,0.295,0.05,145.06,179,0.68,0.73,5
btc-updown-15m-1761190200,1761190200,90,0.27,0.31,0.29,0.04,145.06,246.77,0.69,0.73,372
btc-updown-15m-1761190200,1761190200,105,0.2,0.24,0.22,0.04,232.43,140,0.76,0.8,53
btc-updown-15m-1761190200,1761190200,120,0.21,0.25,0.23,0.04,242.43,175,0.75,0.79,387
btc-updown-15m-1761190200,1761190200,135,0.34,0.38,0.36,0.04,106.7,384.55,0.62,0.66,22
btc-updown-15m-1761190200,1761190200,150,0.36,0.42,0.39,0.06,29.84,25,0.58,0.64,3
btc-updown-15m-1761190200,1761190200,165,0.27,0.33,0.3,0.06,125.7,175,0.67,0.73,0
btc-updown-15m-1761190200,1761190200,180,0.23,0.29,0.26,0.06,223.33,40,0.71,0.77,36
btc-updown-15m-1761190200,1761190200,195,0.26,0.32,0.29,0.06,1094.6,135,0.68,0.74,140
btc-updown-15m-1761190200,1761190200,210,0.26,0.32,0.29,0.06,1093,47,0.68,0.74,12
btc-updown-15m-1761190200,1761190200,225,0.26,0.33,0.295,0.07,1102.7,47,0.67,0.74,32
btc-updown-15m-1761190200,1761190200,240,0.26,0.3,0.28,0.04,994,37,0.7,0.74,613
btc-updown-15m-1761190200,1761190200,255,0.22,0.24,0.23,0.02,134.86,177,0.76,0.78,0
btc-updown-15m-1761190200,1761190200,270,0.2,0.23,0.215,0.03,139.86,181,0.77,0.8,673
btc-updown-15m-1761190200,1761190200,285,0.2,0.24,0.22,0.04,139.86,124,0.76,0.8,270
btc-updown-15m-1761190200,1761190200,300,0.24,0.29,0.265,0.05,28,182,0.71,0.76,4
btc-updown-15m-1761190200,1761190200,315,0.25,0.3,0.275,0.05,33,138.2,0.7,0.75,11
btc-updown-15m-1761190200,1761190200,330,0.32,0.39,0.355,0.07,75.3,36,0.61,0.68,0
btc-updown-15m-1761190200,1761190200,345,0.34,0.48,0.41,0.14,93.86,1081.55,0.52,0.66,2
btc-updown-15m-1761190200,1761190200,360,0.45,0.48,0.465,0.03,141,860.13,0.52,0.55,125
btc-updown-15m-1761190200,1761190200,375,0.44,0.48,0.46,0.04,132,825.96,0.52,0.56,172
btc-updown-15m-1761190200,1761190200,390,0.47,0.48,0.475,0.01,175.56,681.4,0.52,0.53,34
btc-updown-15m-1761190200,1761190200,405,0.5,0.54,0.52,0.04,59.9,192.09,0.46,0.5,127
btc-updown-15m-1761190200,1761190200,420,0.49,0.54,0.515,0.05,69.4,192.09,0.46,0.51,263
btc-updown-15m-1761190200,1761190200,435,0.39,0.43,0.41,0.04,47.7,29,0.57,0.61,0
btc-updown-15m-1761190200,1761190200,450,0.35,0.41,0.38,0.06,34,61,0.59,0.65,21
btc-updown-15m-1761190200,1761190200,465,0.24,0.3,0.27,0.06,15.95,155,0.7,0.76,94
btc-updown-15m-1761190200,1761190200,480,0.12,0.19,0.155,0.07,38.9,21,0.81,0.88,101
btc-updown-15m-1761190200,1761190200,495,0.17,0.25,0.21,0.08,45.5,121,0.75,0.83,14
btc-updown-15m-1761190200,1761190200,510,0.12,0.18,0.15,0.06,70.5,29,0.82,0.88,70
btc-updown-15m-1761190200,1761190200,525,0.14,0.19,0.165,0.05,26,422,0.81,0.86,145
btc-updown-15m-1761190200,1761190200,540,0.14,0.19,0.165,0.05,19,227,0.81,0.86,1
btc-updown-15m-1761190200,1761190200,555,0.07,0.1,0.085,0.03,481.33,524,0.9,0.93,4370
btc-updown-15m-1761190200,1761190200,570,0.07,0.1,0.085,0.03,481.33,524,0.9,0.93,19370
btc-updown-15m-1761190200,1761190200,585,0.07,0.1,0.085,0.03,481.33,524,0.9,0.93,34370
btc-updown-15m-1761190200,1761190200,600,0.07,0.1,0.085,0.03,481.33,524,0.9,0.93,49370
btc-updown-15m-1761190200,1761190200,615,0.03,0.07,0.05,0.04,936.33,995.96,0.93,0.97,163
btc-updown-15m-1761190200,1761190200,630,0.02,0.06,0.04,0.04,469,237.57,0.94,0.98,1005
btc-updown-15m-1761190200,1761190200,645,0.03,0.07,0.05,0.04,693.58,541.38,0.93,0.97,242
btc-updown-15m-1761190200,1761190200,660,0.02,0.06,0.04,0.04,319.31,367.44,0.94,0.98,397
btc-updown-15m-1761190200,1761190200,675,0.01,0.02,0.015,0.01,164.6,1322,0.98,0.99,247
btc-updown-15m-1761190200,1761190200,690,,0.01,,,0,968.69,0.99,,745
btc-updown-15m-1761190200,1761190200,705,,0.01,,,0,982.29,0.99,,213
btc-updown-15m-1761190200,1761190200,720,,0.01,,,0,1577.29,0.99,,562
btc-updown-15m-1761190200,1761190200,735,,0.01,,,0,1577.29,0.99,,63
btc-updown-15m-1761190200,1761190200,750,,0.01,,,0,1582.29,0.99,,4149
btc-updown-15m-1761190200,1761190200,765,,0.01,,,0,1652.29,0.99,,233
btc-updown-15m-1761190200,1761190200,780,,0.01,,,0,1466.29,0.99,,1008
btc-updown-15m-1761190200,1761190200,795,,0.01,,,0,2735.98,0.99,,52
btc-updown-15m-1761190200,1761190200,810,,0.01,,,0,3244.89,0.99,,136
btc-updown-15m-1761190200,1761190200,825,,0.01,,,0,3239.89,0.99,,143
btc-updown-15m-1761190200,1761190200,840,,0.01,,,0,3239.89,0.99,,18
btc-updown-15m-1761190200,1761190200,845,,0.01,,,0,3239.89,0.99,,87
btc-updown-15m-1761190200,1761190200,850,,0.01,,,0,5239.89,0.99,,77
btc-updown-15m-1761190200,1761190200,855,,0.01,,,0,5239.89,0.99,,42
btc-updown-15m-1761190200,1761190200,860,,0.01,,,0,5139.89,0.99,,237
btc-updown-15m-1761190200,1761190200,865,,0.01,,,0,5139.89,0.99,,205
btc-updown-15m-1761190200,1761190200,870,,0.01,,,0,5139.89,0.99,,115
btc-updown-15m-1761190200,1761190200,875,,0.01,,,0,5144.89,0.99,,173
btc-updown-15m-1761190200,1761190200,880,,0.01,,,0,5144.89,0.99,,304
btc-updown-15m-1761190200,1761190200,885,,0.01,,,0,5144.89,0.99,,202
btc-updown-15m-1761190200,1761190200,890,,0.01,,,0,6644.89,0.99,,160
btc-updown-15m-1761190200,1761190200,895,,0.01,,,0,6669.89,0.99,,151
btc-updown-15m-1761190200,1761190200,897,,0.01,,,0,6669.89,0.99,,275
btc-updown-15m-1761190200,1761190200,899,,0.01,,,0,7019.89,0.99,,88
btc-updown-15m-1761190200,1761190200,900,,0.01,,,0,7019.89,0.99,,226
btc-updown-15m-1761194700,1761194700,0,0.41,0.45,0.43,0.04,260.86,490.85,0.55,0.59,3570
btc-updown-15m-1761194700,1761194700,15,0.4,0.47,0.435,0.07,139.4,66,0.53,0.6,163
btc-updown-15m-1761194700,1761194700,30,0.34,0.38,0.36,0.04,65.8,71,0.62,0.66,36
btc-updown-15m-1761194700,1761194700,45,0.33,0.37,0.35,0.04,30,71,0.63,0.67,406
btc-updown-15m-1761194700,1761194700,60,0.31,0.35,0.33,0.04,74.4,66,0.65,0.69,723
btc-updown-15m-1761194700,1761194700,75,0.3,0.35,0.325,0.05,79.4,76,0.65,0.7,9040
btc-updown-15m-1761194700,1761194700,90,0.3,0.35,0.325,0.05,79.4,76,0.65,0.7,24040
btc-updown-15m-1761194700,1761194700,105,0.3,0.35,0.325,0.05,79.4,76,0.65,0.7,39040
btc-updown-15m-1761194700,1761194700,120,0.28,0.31,0.295,0.03,35,157.84,0.69,0.72,115
btc-updown-15m-1761194700,1761194700,135,0.25,0.29,0.27,0.04,115.79,246,0.71,0.75,32
btc-updown-15m-1761194700,1761194700,150,0.25,0.31,0.28,0.06,47.8,60,0.69,0.75,76
btc-updown-15m-1761194700,1761194700,165,0.23,0.27,0.25,0.04,39.9,38.58,0.73,0.77,1208
btc-updown-15m-1761194700,1761194700,180,0.22,0.27,0.245,0.05,79.51,71,0.73,0.78,528
btc-updown-15m-1761194700,1761194700,195,0.22,0.26,0.24,0.04,35.27,166,0.74,0.78,230
btc-updown-15m-1761194700,1761194700,210,0.19,0.23,0.21,0.04,62.5,72.2,0.77,0.81,126
btc-updown-15m-1761194700,1761194700,225,0.16,0.2,0.18,0.04,79.2,31.2,0.8,0.84,226
btc-updown-15m-1761194700,1761194700,240,0.16,0.22,0.19,0.06,82.82,42.89,0.78,0.84,386
btc-updown-15m-1761194700,1761194700,255,0.16,0.24,0.2,0.08,134.56,139.14,0.76,0.84,87
btc-updown-15m-1761194700,1761194700,270,0.16,0.2,0.18,0.04,171.41,34.81,0.8,0.84,61
btc-updown-15m-1761194700,1761194700,285,0.16,0.21,0.185,0.05,70.98,249,0.79,0.84,71
btc-updown-15m-1761194700,1761194700,300,0.1,0.16,0.13,0.06,210.29,48,0.84,0.9,4
btc-updown-15m-1761194700,1761194700,315,0.1,0.16,0.13,0.06,147.19,47,0.84,0.9,14
btc-updown-15m-1761194700,1761194700,330,0.11,0.15,0.13,0.04,211.69,37,0.85,0.89,927
btc-updown-15m-1761194700,1761194700,345,0.1,0.16,0.13,0.06,172.15,47,0.84,0.9,16
btc-updown-15m-1761194700,1761194700,360,0.1,0.15,0.125,0.05,130.07,47,0.85,0.9,505
btc-updown-15m-1761194700,1761194700,375,0.1,0.16,0.13,0.06,172.87,161,0.84,0.9,549
btc-updown-15m-1761194700,1761194700,390,0.1,0.16,0.13,0.06,194.97,34,0.84,0.9,61
btc-updown-15m-1761194700,1761194700,405,0.2,0.25,0.225,0.05,85.6,34,0.75,0.8,26
btc-updown-15m-1761194700,1761194700,420,0.19,0.25,0.22,0.06,154.59,75,0.75,0.81,10
btc-updown-15m-1761194700,1761194700,435,0.18,0.27,0.225,0.09,161,91.8,0.73,0.82,30
btc-updown-15m-1761194700,1761194700,450,0.25,0.34,0.295,0.09,161,23.02,0.66,0.75,8
btc-updown-15m-1761194700,1761194700,465,0.19,0.26,0.225,0.07,129,21,0.74,0.81,10
btc-updown-15m-1761194700,1761194700,480,0.13,0.21,0.17,0.08,242.58,113.4,0.79,0.87,2753
btc-updown-15m-1761194700,1761194700,495,0.13,0.19,0.16,0.06,236.67,45.28,0.81,0.87,84
btc-updown-15m-1761194700,1761194700,510,0.1,0.14,0.12,0.04,232.87,32,0.86,0.9,4
btc-updown-15m-1761194700,1761194700,525,0.11,0.17,0.14,0.06,152.49,19.88,0.83,0.89,29
btc-updown-15m-1761194700,1761194700,540,0.07,0.13,0.1,0.06,141,35.3,0.87,0.93,71
btc-updown-15m-1761194700,1761194700,555,0.07,0.15,0.11,0.08,470.27,61.8,0.85,0.93,18
btc-updown-15m-1761194700,1761194700,570,0.06,0.12,0.09,0.06,5567,59.13,0.88,0.94,152
btc-updown-15m-1761194700,1761194700,585,0.05,0.08,0.065,0.03,5761.84,56.67,0.92,0.95,685
btc-updown-15m-1761194700,1761194700,600,0.05,0.08,0.065,0.03,4362.46,69.03,0.92,0.95,1096
btc-updown-15m-1761194700,1761194700,615,0.05,0.08,0.065,0.03,3278.22,69.03,0.92,0.95,1859
btc-updown-15m-1761194700,1761194700,630,0.05,0.08,0.065,0.03,3016.46,63.73,0.92,0.95,627
btc-updown-15m-1761194700,1761194700,645,0.05,0.08,0.065,0.03,2911.08,70.73,0.92,0.95,1726
btc-updown-15m-1761194700,1761194700,660,0.05,0.07,0.06,0.02,2619.76,133.24,0.93,0.95,769
btc-updown-15m-1761194700,1761194700,675,0.05,0.07,0.06,0.02,2606.7,132.54,0.93,0.95,189
btc-updown-15m-1761194700,1761194700,690,0.05,0.06,0.055,0.01,2434.89,165.1,0.94,0.95,710
btc-updown-15m-1761194700,1761194700,705,0.05,0.06,0.055,0.01,643,104.29,0.94,0.95,272
btc-updown-15m-1761194700,1761194700,720,0.01,0.05,0.03,0.04,460.22,119.69,0.95,0.99,603
btc-updown-15m-1761194700,1761194700,735,,0.01,,,0,986.24,0.99,,473
btc-updown-15m-1761194700,1761194700,750,,0.01,,,0,1062.16,0.99,,1456
btc-updown-15m-1761194700,1761194700,765,,0.01,,,0,976.16,0.99,,919
btc-updown-15m-1761194700,1761194700,780,,0.01,,,0,400.41,0.99,,2439
btc-updown-15m-1761194700,1761194700,795,,0.01,,,0,400.41,0.99,,669
btc-updown-15m-1761194700,1761194700,810,,0.01,,,0,915.41,0.99,,2607
btc-updown-15m-1761194700,1761194700,825,,0.01,,,0,1015.41,0.99,,5481
btc-updown-15m-1761194700,1761194700,840,,0.01,,,0,1015.41,0.99,,3072
btc-updown-15m-1761194700,1761194700,845,,0.01,,,0,1015.41,0.99,,8072
btc-updown-15m-1761194700,1761194700,850,,0.01,,,0,1015.41,0.99,,3042
btc-updown-15m-1761194700,1761194700,855,,0.01,,,0,1015.41,0.99,,8042
btc-updown-15m-1761194700,1761194700,860,,0.01,,,0,1315.38,0.99,,3085
btc-updown-15m-1761194700,1761194700,865,,0.01,,,0,1315.38,0.99,,8085
btc-updown-15m-1761194700,1761194700,870,,0.01,,,0,1315.38,0.99,,3079
btc-updown-15m-1761194700,1761194700,875,,0.01,,,0,1320.38,0.99,,2528
btc-updown-15m-1761194700,1761194700,880,,0.01,,,0,1320.38,0.99,,3034
btc-updown-15m-1761194700,1761194700,885,,0.01,,,0,1320.38,0.99,,8034
btc-updown-15m-1761194700,1761194700,890,,0.01,,,0,1320.38,0.99,,3039
btc-updown-15m-1761194700,1761194700,895,,0.01,,,0,1350.38,0.99,,2490
btc-updown-15m-1761194700,1761194700,897,,0.01,,,0,1350.38,0.99,,63
btc-updown-15m-1761194700,1761194700,899,,0.01,,,0,1700.38,0.99,,433
btc-updown-15m-1761194700,1761194700,900,,0.01,,,0,1700.38,0.99,,1433
btc-updown-15m-1761199200,1761199200,0,0.45,0.46,0.455,0.01,253,126.33,0.54,0.55,3175
btc-updown-15m-1761199200,1761199200,15,0.47,0.51,0.49,0.04,212.2,60.57,0.49,0.53,80
btc-updown-15m-1761199200,1761199200,30,0.48,0.54,0.51,0.06,97.5,120,0.46,0.52,7
btc-updown-15m-1761199200,1761199200,45,0.51,0.56,0.535,0.05,115.97,145.85,0.44,0.49,50
btc-updown-15m-1761199200,1761199200,60,0.52,0.54,0.53,0.02,63,180.46,0.46,0.48,633
btc-updown-15m-1761199200,1761199200,75,0.5,0.54,0.52,0.04,136.6,172.02,0.46,0.5,50
btc-updown-15m-1761199200,1761199200,90,0.48,0.54,0.51,0.06,153.3,221.02,0.46,0.52,2346
btc-updown-15m-1761199200,1761199200,105,0.41,0.45,0.43,0.04,248.32,40,0.55,0.59,12
btc-updown-15m-1761199200,1761199200,120,0.41,0.45,0.43,0.04,184.32,40,0.55,0.59,1094
btc-updown-15m-1761199200,1761199200,135,0.39,0.47,0.43,0.08,175.62,63,0.53,0.61,10
btc-updown-15m-1761199200,1761199200,150,0.39,0.46,0.425,0.07,171.08,70.23,0.54,0.61,41
btc-updown-15m-1761199200,1761199200,165,0.33,0.38,0.355,0.05,333,268,0.62,0.67,5
btc-updown-15m-1761199200,1761199200,180,0.15,0.25,0.2,0.1,209,150,0.75,0.85,271
btc-updown-15m-1761199200,1761199200,195,0.25,0.28,0.265,0.03,221.91,188,0.72,0.75,409
btc-updown-15m-1761199200,1761199200,210,0.19,0.23,0.21,0.04,66.77,141,0.77,0.81,391
btc-updown-15m-1761199200,1761199200,225,0.21,0.26,0.235,0.05,59.46,167,0.74,0.79,534
btc-updown-15m-1761199200,1761199200,240,0.23,0.27,0.25,0.04,58.16,178.94,0.73,0.77,2126
btc-updown-15m-1761199200,1761199200,255,0.23,0.27,0.25,0.04,55.62,150.68,0.73,0.77,10
btc-updown-15m-1761199200,1761199200,270,0.23,0.26,0.245,0.03,72.92,53.68,0.74,0.77,1
btc-updown-15m-1761199200,1761199200,285,0.24,0.31,0.275,0.07,81.7,46,0.69,0.76,26
btc-updown-15m-1761199200,1761199200,300,0.25,0.31,0.28,0.06,125.1,80,0.69,0.75,31
btc-updown-15m-1761199200,1761199200,315,0.29,0.34,0.315,0.05,101.53,79,0.66,0.71,250
btc-updown-15m-1761199200,1761199200,330,0.3,0.36,0.33,0.06,65.5,55.22,0.64,0.7,3
btc-updown-15m-1761199200,1761199200,345,0.32,0.38,0.35,0.06,94,71.86,0.62,0.68,32
btc-updown-15m-1761199200,1761199200,360,0.34,0.41,0.375,0.07,112.9,155.86,0.59,0.66,8
btc-updown-15m-1761199200,1761199200,375,0.57,0.61,0.59,0.04,71,117.3,0.39,0.43,382
btc-updown-15m-1761199200,1761199200,390,0.58,0.64,0.61,0.06,150,46.03,0.36,0.42,408
btc-updown-15m-1761199200,1761199200,405,0.58,0.59,0.585,0.01,47.76,91.99,0.41,0.42,288
btc-updown-15m-1761199200,1761199200,420,0.6,0.61,0.605,0.01,54.9,21,0.39,0.4,49
btc-updown-15m-1761199200,1761199200,435,0.63,0.66,0.645,0.03,39.76,101.75,0.34,0.37,138
btc-updown-15m-1761199200,1761199200,450,0.59,0.63,0.61,0.04,31.66,299.75,0.37,0.41,13
btc-updown-15m-1761199200,1761199200,465,0.58,0.63,0.605,0.05,47,291.75,0.37,0.42,125
btc-updown-15m-1761199200,1761199200,480,0.58,0.62,0.6,0.04,120,271.64,0.38,0.42,28
btc-updown-15m-1761199200,1761199200,495,0.75,0.81,0.78,0.06,31,96,0.19,0.25,6
btc-updown-15m-1761199200,1761199200,510,0.76,0.83,0.795,0.07,126,55.74,0.17,0.24,143
btc-updown-15m-1761199200,1761199200,525,0.77,0.87,0.82,0.1,65,77.62,0.13,0.23,6
btc-updown-15m-1761199200,1761199200,540,0.87,0.93,0.9,0.06,49.99,78.63,0.07,0.13,32
btc-updown-15m-1761199200,1761199200,555,0.77,0.82,0.795,0.05,66.71,65.9,0.18,0.23,2
btc-updown-15m-1761199200,1761199200,570,0.83,0.9,0.865,0.07,35.78,478,0.1,0.17,1
btc-updown-15m-1761199200,1761199200,585,0.85,0.89,0.87,0.04,128.78,145.5,0.11,0.15,84
btc-updown-15m-1761199200,1761199200,600,0.82,0.89,0.855,0.07,41,184.69,0.11,0.18,27
btc-updown-15m-1761199200,1761199200,615,0.82,0.89,0.855,0.07,79.66,185.48,0.11,0.18,3
btc-updown-15m-1761199200,1761199200,630,0.81,0.89,0.85,0.08,158,264.08,0.11,0.19,23
btc-updown-15m-1761199200,1761199200,645,0.81,0.89,0.85,0.08,486.34,321.67,0.11,0.19,106
btc-updown-15m-1761199200,1761199200,660,0.87,0.9,0.885,0.03,127,20,0.1,0.13,28
btc-updown-15m-1761199200,1761199200,675,0.92,0.93,0.925,0.01,57.22,56,0.07,0.08,200
btc-updown-15m-1761199200,1761199200,690,0.87,0.93,0.9,0.06,447.36,412.8,0.07,0.13,25
btc-updown-15m-1761199200,1761199200,705,0.83,0.92,0.875,0.09,135,495.3,0.08,0.17,165
btc-updown-15m-1761199200,1761199200,720,0.85,0.92,0.885,0.07,133,484,0.08,0.15,217
btc-updown-15m-1761199200,1761199200,735,0.82,0.9,0.86,0.08,134,63,0.1,0.18,22
btc-updown-15m-1761199200,1761199200,750,0.82,0.91,0.865,0.09,132,94.2,0.09,0.18,397
btc-updown-15m-1761199200,1761199200,765,0.85,0.94,0.895,0.09,32.4,955.52,0.06,0.15,54
btc-updown-15m-1761199200,1761199200,780,0.94,0.95,0.945,0.01,94.79,801.5,0.05,0.06,124
btc-updown-15m-1761199200,1761199200,795,0.94,0.97,0.955,0.03,22.4,1929.8,0.03,0.06,159
btc-updown-15m-1761199200,1761199200,810,0.96,0.98,0.97,0.02,123.4,1340.61,0.02,0.04,196
btc-updown-15m-1761199200,1761199200,825,0.98,0.99,0.985,0.01,391.46,645.86,0.01,0.02,132
btc-updown-15m-1761199200,1761199200,840,0.99,,,,214.55,0,,0.01,283
btc-updown-15m-1761199200,1761199200,845,0.99,,,,214.55,0,,0.01,5283
btc-updown-15m-1761199200,1761199200,850,0.5,0.77,0.635,0.27,1604.85,53,0.23,0.5,4
btc-updown-15m-1761199200,1761199200,855,0.83,,,,58,0,,0.17,639
btc-updown-15m-1761199200,1761199200,860,0.89,,,,58,0,,0.11,162
btc-updown-15m-1761199200,1761199200,865,0.92,,,,94.45,0,,0.08,489
btc-updown-15m-1761199200,1761199200,870,0.99,,,,323.27,0,,0.01,480
btc-updown-15m-1761199200,1761199200,875,0.96,0.99,0.975,0.03,38.98,361.39,0.01,0.04,216
btc-updown-15m-1761199200,1761199200,880,0.99,,,,396.76,0,,0.01,161
btc-updown-15m-1761199200,1761199200,885,0.99,,,,485.76,0,,0.01,3601
btc-updown-15m-1761199200,1761199200,890,0.99,,,,490.35,0,,0.01,359
btc-updown-15m-1761199200,1761199200,895,0.99,,,,590.35,0,,0.01,71
btc-updown-15m-1761199200,1761199200,897,0.99,,,,599.8,0,,0.01,519
btc-updown-15m-1761199200,1761199200,899,0.99,,,,599.8,0,,0.01,2519
btc-updown-15m-1761199200,1761199200,900,0.99,,,,606.8,0,,0.01,93
btc-updown-15m-1761203700,1761203700,0,0.5,0.52,0.51,0.02,74.91,104,0.48,0.5,2751
btc-updown-15m-1761203700,1761203700,15,0.46,0.52,0.49,0.06,125,622.2,0.48,0.54,21
btc-updown-15m-1761203700,1761203700,30,0.42,0.47,0.445,0.05,50.76,635.2,0.53,0.58,37
btc-updown-15m-1761203700,1761203700,45,0.4,0.45,0.425,0.05,99.7,79,0.55,0.6,38
btc-updown-15m-1761203700,1761203700,60,0.45,0.49,0.47,0.04,94,57.75,0.51,0.55,2
btc-updown-15m-1761203700,1761203700,75,0.49,0.55,0.52,0.06,170.5,140,0.45,0.51,314
btc-updown-15m-1761203700,1761203700,90,0.56,0.61,0.585,0.05,84,109.7,0.39,0.44,617
btc-updown-15m-1761203700,1761203700,105,0.58,0.59,0.585,0.01,50,225.6,0.41,0.42,7
btc-updown-15m-1761203700,1761203700,120,0.62,0.67,0.645,0.05,40,663.7,0.33,0.38,9
btc-updown-15m-1761203700,1761203700,135,0.59,0.61,0.6,0.02,189,270,0.39,0.41,11
btc-updown-15m-1761203700,1761203700,150,0.56,0.6,0.58,0.04,74,42,0.4,0.44,201
btc-updown-15m-1761203700,1761203700,165,0.55,0.58,0.565,0.03,440.29,40,0.42,0.45,8
btc-updown-15m-1761203700,1761203700,180,0.53,0.58,0.555,0.05,402.69,42,0.42,0.47,348
btc-updown-15m-1761203700,1761203700,195,0.53,0.58,0.555,0.05,438.99,40,0.42,0.47,297
btc-updown-15m-1761203700,1761203700,210,0.59,0.61,0.6,0.02,107,150.52,0.39,0.41,122
btc-updown-15m-1761203700,1761203700,225,0.59,0.65,0.62,0.06,47,423.25,0.35,0.41,11
btc-updown-15m-1761203700,1761203700,240,0.58,0.65,0.615,0.07,331,433.25,0.35,0.42,32
btc-updown-15m-1761203700,1761203700,255,0.53,0.54,0.535,0.01,109.39,293,0.46,0.47,107
btc-updown-15m-1761203700,1761203700,270,0.5,0.55,0.525,0.05,80.7,183.5,0.45,0.5,37
btc-updown-15m-1761203700,1761203700,285,0.42,0.44,0.43,0.02,196.1,71,0.56,0.58,207
btc-updown-15m-1761203700,1761203700,300,0.44,0.45,0.445,0.01,68.55,316,0.55,0.56,32
btc-updown-15m-1761203700,1761203700,315,0.44,0.49,0.465,0.05,49,71,0.51,0.56,755
btc-updown-15m-1761203700,1761203700,330,0.48,0.55,0.515,0.07,680,397.7,0.45,0.52,21
btc-updown-15m-1761203700,1761203700,345,0.5,0.56,0.53,0.06,417.7,97,0.44,0.5,484
btc-updown-15m-1761203700,1761203700,360,0.5,0.56,0.53,0.06,47,416.02,0.44,0.5,14
btc-updown-15m-1761203700,1761203700,375,0.4,0.46,0.43,0.06,199.36,332,0.54,0.6,195
btc-updown-15m-1761203700,1761203700,390,0.39,0.44,0.415,0.05,260.36,61,0.56,0.61,288
btc-updown-15m-1761203700,1761203700,405,0.42,0.43,0.425,0.01,210.27,104,0.57,0.58,12
btc-updown-15m-1761203700,1761203700,420,0.39,0.43,0.41,0.04,43.14,568,0.57,0.61,404
btc-updown-15m-1761203700,1761203700,435,0.39,0.45,0.42,0.06,34,387.6,0.55,0.61,42
btc-updown-15m-1761203700,1761203700,450,0.35,0.41,0.38,0.06,524,16.13,0.59,0.65,2
btc-updown-15m-1761203700,1761203700,465,0.32,0.41,0.365,0.09,110.4,409.13,0.59,0.68,29
btc-updown-15m-1761203700,1761203700,480,0.31,0.35,0.33,0.04,191.83,524,0.65,0.69,24
btc-updown-15m-1761203700,1761203700,495,0.14,0.23,0.185,0.09,357.5,474.16,0.77,0.86,10
btc-updown-15m-1761203700,1761203700,510,0.18,0.2,0.19,0.02,79.36,549,0.8,0.82,528
btc-updown-15m-1761203700,1761203700,525,0.1,0.16,0.13,0.06,93,49,0.84,0.9,428
btc-updown-15m-1761203700,1761203700,540,0.05,0.09,0.07,0.04,625,125,0.91,0.95,33
btc-updown-15m-1761203700,1761203700,555,0.03,0.06,0.045,0.03,104.43,188.13,0.94,0.97,223
btc-updown-15m-1761203700,1761203700,570,0.02,0.04,0.03,0.02,921.75,267.13,0.96,0.98,304
btc-updown-15m-1761203700,1761203700,585,0.01,0.02,0.015,0.01,94.43,564.46,0.98,0.99,612
btc-updown-15m-1761203700,1761203700,600,0.01,0.03,0.02,0.02,333.41,526.93,0.97,0.99,35
btc-updown-15m-1761203700,1761203700,615,,0.03,,,0,490.07,0.97,,662
btc-updown-15m-1761203700,1761203700,630,,0.01,,,0,5065.64,0.99,,259
btc-updown-15m-1761203700,1761203700,645,,0.01,,,0,5069.18,0.99,,448
btc-updown-15m-1761203700,1761203700,660,,0.01,,,0,4914.78,0.99,,38
btc-updown-15m-1761203700,1761203700,675,,0.01,,,0,4327.94,0.99,,1917
btc-updown-15m-1761203700,1761203700,690,,0.01,,,0,4737.94,0.99,,296
btc-updown-15m-1761203700,1761203700,705,,0.01,,,0,4620.7,0.99,,910
btc-updown-15m-1761203700,1761203700,720,,0.01,,,0,4520.7,0.99,,17
btc-updown-15m-1761203700,1761203700,735,,0.01,,,0,4593.59,0.99,,235
btc-updown-15m-1761203700,1761203700,750,,0.01,,,0,4471.35,0.99,,51
btc-updown-15m-1761203700,1761203700,765,,0.01,,,0,4676.27,0.99,,900
btc-updown-15m-1761203700,1761203700,780,,0.01,,,0,4556.48,0.99,,301
btc-updown-15m-1761203700,1761203700,795,,0.01,,,0,6177.98,0.99,,162
btc-updown-15m-1761203700,1761203700,810,,0.01,,,0,6677.98,0.99,,103
btc-updown-15m-1761203700,1761203700,825,,0.01,,,0,6677.98,0.99,,15
btc-updown-15m-1761203700,1761203700,840,,0.01,,,0,6477.98,0.99,,45
btc-updown-15m-1761203700,1761203700,845,,0.01,,,0,6477.98,0.99,,104
btc-updown-15m-1761203700,1761203700,850,,0.01,,,0,6477.98,0.99,,368
btc-updown-15m-1761203700,1761203700,855,,0.01,,,0,6482.98,0.99,,54
btc-updown-15m-1761203700,1761203700,860,,0.01,,,0,6482.98,0.99,,51
btc-updown-15m-1761203700,1761203700,865,,0.01,,,0,6482.98,0.99,,78
btc-updown-15m-1761203700,1761203700,870,,0.01,,,0,6532.98,0.99,,273
btc-updown-15m-1761203700,1761203700,875,,0.01,,,0,6537.98,0.99,,327
btc-updown-15m-1761203700,1761203700,880,,0.01,,,0,6537.98,0.99,,54
btc-updown-15m-1761203700,1761203700,885,,0.01,,,0,6537.98,0.99,,230
btc-updown-15m-1761203700,1761203700,890,,0.01,,,0,6243.04,0.99,,116
btc-updown-15m-1761203700,1761203700,895,,0.01,,,0,6268.04,0.99,,45
btc-updown-15m-1761203700,1761203700,897,,0.01,,,0,6268.04,0.99,,105
btc-updown-15m-1761203700,1761203700,899,,0.01,,,0,6618.04,0.99,,220
btc-updown-15m-1761203700,1761203700,900,,0.01,,,0,6618.04,0.99,,291
btc-updown-15m-1761208200,1761208200,0,0.48,0.51,0.495,0.03,94,132,0.49,0.52,1863
btc-updown-15m-1761208200,1761208200,15,0.44,0.54,0.49,0.1,225.9,243.7,0.46,0.56,896
btc-updown-15m-1761208200,1761208200,30,0.41,0.45,0.43,0.04,392,30,0.55,0.59,147
btc-updown-15m-1761208200,1761208200,45,0.39,0.42,0.405,0.03,41.7,74,0.58,0.61,40
btc-updown-15m-1761208200,1761208200,60,0.4,0.44,0.42,0.04,54.78,403.5,0.56,0.6,242
btc-updown-15m-1761208200,1761208200,75,0.44,0.5,0.47,0.06,124,334.8,0.5,0.56,513
btc-updown-15m-1761208200,1761208200,90,0.49,0.54,0.515,0.05,240,588,0.46,0.51,30
btc-updown-15m-1761208200,1761208200,105,0.44,0.5,0.47,0.06,435.7,30,0.5,0.56,16
btc-updown-15m-1761208200,1761208200,120,0.41,0.46,0.435,0.05,108.6,74,0.54,0.59,88
btc-updown-15m-1761208200,1761208200,135,0.37,0.43,0.4,0.06,454.8,169,0.57,0.63,84
btc-updown-15m-1761208200,1761208200,150,0.35,0.4,0.375,0.05,105,40,0.6,0.65,146
btc-updown-15m-1761208200,1761208200,165,0.35,0.4,0.375,0.05,95,162.5,0.6,0.65,49
btc-updown-15m-1761208200,1761208200,180,0.38,0.44,0.41,0.06,130,441.6,0.56,0.62,6
btc-updown-15m-1761208200,1761208200,195,0.37,0.42,0.395,0.05,30.99,375.6,0.58,0.63,503
btc-updown-15m-1761208200,1761208200,210,0.35,0.4,0.375,0.05,37.99,79,0.6,0.65,10
btc-updown-15m-1761208200,1761208200,225,0.36,0.4,0.38,0.04,37.99,65,0.6,0.64,301
btc-updown-15m-1761208200,1761208200,240,0.36,0.42,0.39,0.06,27,395.4,0.58,0.64,3
btc-updown-15m-1761208200,1761208200,255,0.38,0.41,0.395,0.03,35,36,0.59,0.62,414
btc-updown-15m-1761208200,1761208200,270,0.34,0.4,0.37,0.06,36,42.56,0.6,0.66,211
btc-updown-15m-1761208200,1761208200,285,0.36,0.42,0.39,0.06,37,429.78,0.58,0.64,64
btc-updown-15m-1761208200,1761208200,300,0.4,0.46,0.43,0.06,336,126.5,0.54,0.6,41
btc-updown-15m-1761208200,1761208200,315,0.39,0.45,0.42,0.06,90,178.1,0.55,0.61,14
btc-updown-15m-1761208200,1761208200,330,0.35,0.4,0.375,0.05,27,43,0.6,0.65,23
btc-updown-15m-1761208200,1761208200,345,0.24,0.25,0.245,0.01,376.7,312.34,0.75,0.76,15
btc-updown-15m-1761208200,1761208200,360,0.24,0.28,0.26,0.04,36.13,27,0.72,0.76,44
btc-updown-15m-1761208200,1761208200,375,0.18,0.26,0.22,0.08,417,95.5,0.74,0.82,0
btc-updown-15m-1761208200,1761208200,390,0.21,0.25,0.23,0.04,675,37,0.75,0.79,18
btc-updown-15m-1761208200,1761208200,405,0.22,0.28,0.25,0.06,139,42,0.72,0.78,89
btc-updown-15m-1761208200,1761208200,420,0.2,0.26,0.23,0.06,24,340.7,0.74,0.8,15
btc-updown-15m-1761208200,1761208200,435,0.05,0.15,0.1,0.1,629,315.5,0.85,0.95,123
btc-updown-15m-1761208200,1761208200,450,0.07,0.11,0.09,0.04,515,41.87,0.89,0.93,5
btc-updown-15m-1761208200,1761208200,465,0.07,0.1,0.085,0.03,537.48,43.87,0.9,0.93,1
btc-updown-15m-1761208200,1761208200,480,0.07,0.1,0.085,0.03,285,39.38,0.9,0.93,897
btc-updown-15m-1761208200,1761208200,495,0.04,0.06,0.05,0.02,5136,120.58,0.94,0.96,32
btc-updown-15m-1761208200,1761208200,510,0.03,0.04,0.035,0.01,1126,240.87,0.96,0.97,467
btc-updown-15m-1761208200,1761208200,525,0.03,0.05,0.04,0.02,1097.23,189.13,0.95,0.97,40
btc-updown-15m-1761208200,1761208200,540,0.04,0.05,0.045,0.01,1051.03,576.38,0.95,0.96,254
btc-updown-15m-1761208200,1761208200,555,0.03,0.04,0.035,0.01,1703.65,615,0.96,0.97,310
btc-updown-15m-1761208200,1761208200,570,0.03,0.04,0.035,0.01,1700.65,593.83,0.96,0.97,809
btc-updown-15m-1761208200,1761208200,585,0.03,0.05,0.04,0.02,1640.65,593.83,0.95,0.97,300
btc-updown-15m-1761208200,1761208200,600,0.03,0.05,0.04,0.02,1634.63,93.83,0.95,0.97,179
btc-updown-15m-1761208200,1761208200,615,0.03,0.05,0.04,0.02,1577.63,68.83,0.95,0.97,1584
btc-updown-15m-1761208200,1761208200,630,0.01,0.05,0.03,0.04,507.47,95.83,0.95,0.99,26
btc-updown-15m-1761208200,1761208200,645,0.01,0.02,0.015,0.01,607.47,406.93,0.98,0.99,52
btc-updown-15m-1761208200,1761208200,660,0.01,0.02,0.015,0.01,412.56,342.3,0.98,0.99,536
btc-updown-15m-1761208200,1761208200,675,0.01,0.05,0.03,0.04,1556.48,376.3,0.95,0.99,86
btc-updown-15m-1761208200,1761208200,690,0.01,0.03,0.02,0.02,1473.74,401.82,0.97,0.99,67
btc-updown-15m-1761208200,1761208200,705,0.01,0.03,0.02,0.02,1453.44,359.51,0.97,0.99,143
btc-updown-15m-1761208200,1761208200,720,0.01,0.03,0.02,0.02,1177.34,543.94,0.97,0.99,65
btc-updown-15m-1761208200,1761208200,735,0.01,0.03,0.02,0.02,1163.29,510.67,0.97,0.99,138
btc-updown-15m-1761208200,1761208200,750,0.01,0.02,0.015,0.01,1145.18,212.67,0.98,0.99,377
btc-updown-15m-1761208200,1761208200,765,0.01,0.02,0.015,0.01,18.77,756.25,0.98,0.99,101
btc-updown-15m-1761208200,1761208200,780,,0.01,,,0,1318.82,0.99,,418
btc-updown-15m-1761208200,1761208200,795,,0.01,,,0,1760.22,0.99,,3352
btc-updown-15m-1761208200,1761208200,810,,0.01,,,0,2378.82,0.99,,991
btc-updown-15m-1761208200,1761208200,825,,0.01,,,0,2373.82,0.99,,4913
btc-updown-15m-1761208200,1761208200,840,,0.01,,,0,2424.52,0.99,,972
btc-updown-15m-1761208200,1761208200,845,,0.01,,,0,2173.82,0.99,,49
btc-updown-15m-1761208200,1761208200,850,,0.01,,,0,2173.82,0.99,,979
btc-updown-15m-1761208200,1761208200,855,,0.01,,,0,2173.82,0.99,,4266
btc-updown-15m-1761208200,1761208200,860,,0.01,,,0,2173.82,0.99,,953
btc-updown-15m-1761208200,1761208200,865,,0.01,,,0,2173.82,0.99,,4788
btc-updown-15m-1761208200,1761208200,870,,0.01,,,0,2173.82,0.99,,1008
btc-updown-15m-1761208200,1761208200,875,,0.01,,,0,2153.82,0.99,,4277
btc-updown-15m-1761208200,1761208200,880,,0.01,,,0,2153.82,0.99,,507
btc-updown-15m-1761208200,1761208200,885,,0.01,,,0,2153.82,0.99,,3861
btc-updown-15m-1761208200,1761208200,890,,0.01,,,0,2153.82,0.99,,1003
btc-updown-15m-1761208200,1761208200,895,,0.01,,,0,2153.82,0.99,,4048
btc-updown-15m-1761208200,1761208200,897,,0.01,,,0,2153.82,0.99,,6048
btc-updown-15m-1761208200,1761208200,899,,0.01,,,0,2153.82,0.99,,11
btc-updown-15m-1761208200,1761208200,900,,0.01,,,0,2160.82,0.99,,116
btc-updown-15m-1761212700,1761212700,0,0.51,0.52,0.515,0.01,251.61,491,0.48,0.49,1775
btc-updown-15m-1761212700,1761212700,15,0.45,0.5,0.475,0.05,134.99,77,0.5,0.55,252
btc-updown-15m-1761212700,1761212700,30,0.42,0.46,0.44,0.04,267,82,0.54,0.58,120
btc-updown-15m-1761212700,1761212700,45,0.41,0.46,0.435,0.05,661,82,0.54,0.59,682
btc-updown-15m-1761212700,1761212700,60,0.42,0.43,0.425,0.01,506,51,0.57,0.58,22
btc-updown-15m-1761212700,1761212700,75,0.39,0.43,0.41,0.04,151.8,87,0.57,0.61,181
btc-updown-15m-1761212700,1761212700,90,0.39,0.42,0.405,0.03,79.9,98,0.58,0.61,217
btc-updown-15m-1761212700,1761212700,105,0.39,0.42,0.405,0.03,46.42,97,0.58,0.61,399
btc-updown-15m-1761212700,1761212700,120,0.34,0.38,0.36,0.04,85.5,61,0.62,0.66,35
btc-updown-15m-1761212700,1761212700,135,0.32,0.37,0.345,0.05,116,330,0.63,0.68,7
btc-updown-15m-1761212700,1761212700,150,0.34,0.41,0.375,0.07,141.11,226,0.59,0.66,125
btc-updown-15m-1761212700,1761212700,165,0.35,0.41,0.38,0.06,76.85,215,0.59,0.65,244
btc-updown-15m-1761212700,1761212700,180,0.36,0.41,0.385,0.05,66.26,215,0.59,0.64,480
btc-updown-15m-1761212700,1761212700,195,0.34,0.39,0.365,0.05,126,139.99,0.61,0.66,535
btc-updown-15m-1761212700,1761212700,210,0.27,0.34,0.305,0.07,126,132.99,0.66,0.73,57
btc-updown-15m-1761212700,1761212700,225,0.26,0.31,0.285,0.05,66.42,38.99,0.69,0.74,823
btc-updown-15m-1761212700,1761212700,240,0.3,0.32,0.31,0.02,110.45,237,0.68,0.7,102
btc-updown-15m-1761212700,1761212700,255,0.32,0.38,0.35,0.06,120,164,0.62,0.68,57
btc-updown-15m-1761212700,1761212700,270,0.32,0.36,0.34,0.04,80,163,0.64,0.68,133
btc-updown-15m-1761212700,1761212700,285,0.25,0.29,0.27,0.04,103.1,71,0.71,0.75,2
btc-updown-15m-1761212700,1761212700,300,0.22,0.26,0.24,0.04,199.2,61.48,0.74,0.78,3
btc-updown-15m-1761212700,1761212700,315,0.28,0.36,0.32,0.08,57.9,137,0.64,0.72,30
btc-updown-15m-1761212700,1761212700,330,0.36,0.39,0.375,0.03,90,142,0.61,0.64,7
btc-updown-15m-1761212700,1761212700,345,0.38,0.44,0.41,0.06,131,132,0.56,0.62,2
btc-updown-15m-1761212700,1761212700,360,0.47,0.5,0.485,0.03,90,190.7,0.5,0.53,166
btc-updown-15m-1761212700,1761212700,375,0.46,0.52,0.49,0.06,86.38,157.23,0.48,0.54,34
btc-updown-15m-1761212700,1761212700,390,0.47,0.52,0.495,0.05,72,123.83,0.48,0.53,25
btc-updown-15m-1761212700,1761212700,405,0.65,0.7,0.675,0.05,167,104.2,0.3,0.35,6
btc-updown-15m-1761212700,1761212700,420,0.49,0.54,0.515,0.05,253.99,62,0.46,0.51,10
btc-updown-15m-1761212700,1761212700,435,0.36,0.42,0.39,0.06,70,84.21,0.58,0.64,11
btc-updown-15m-1761212700,1761212700,450,0.43,0.49,0.46,0.06,262,149,0.51,0.57,46
btc-updown-15m-1761212700,1761212700,465,0.5,0.55,0.525,0.05,200,39,0.45,0.5,390
btc-updown-15m-1761212700,1761212700,480,0.48,0.55,0.515,0.07,206.21,88,0.45,0.52,2
btc-updown-15m-1761212700,1761212700,495,0.49,0.55,0.52,0.06,68,80,0.45,0.51,90
btc-updown-15m-1761212700,1761212700,510,0.45,0.53,0.49,0.08,200,72,0.47,0.55,14
btc-updown-15m-1761212700,1761212700,525,0.46,0.52,0.49,0.06,169,72,0.48,0.54,61
btc-updown-15m-1761212700,1761212700,540,0.49,0.55,0.52,0.06,214,41,0.45,0.51,198
btc-updown-15m-1761212700,1761212700,555,0.53,0.57,0.55,0.04,29,117.4,0.43,0.47,263
btc-updown-15m-1761212700,1761212700,570,0.56,0.66,0.61,0.1,138,68.7,0.34,0.44,48
btc-updown-15m-1761212700,1761212700,585,0.65,0.7,0.675,0.05,69,46.54,0.3,0.35,499
btc-updown-15m-1761212700,1761212700,600,0.65,0.71,0.68,0.06,52,82.3,0.29,0.35,33
btc-updown-15m-1761212700,1761212700,615,0.67,0.69,0.68,0.02,48,88.4,0.31,0.33,1
btc-updown-15m-1761212700,1761212700,630,0.66,0.71,0.685,0.05,21,38.5,0.29,0.34,32
btc-updown-15m-1761212700,1761212700,645,0.67,0.72,0.695,0.05,36,59.5,0.28,0.33,170
btc-updown-15m-1761212700,1761212700,660,0.68,0.73,0.705,0.05,36,143.48,0.27,0.32,185
btc-updown-15m-1761212700,1761212700,675,0.46,0.53,0.495,0.07,210.1,81.2,0.47,0.54,51
btc-updown-15m-1761212700,1761212700,690,0.47,0.52,0.495,0.05,32.28,78.4,0.48,0.53,24
btc-updown-15m-1761212700,1761212700,705,0.85,0.89,0.87,0.04,184,53.2,0.11,0.15,25
btc-updown-15m-1761212700,1761212700,720,0.89,0.91,0.9,0.02,33.24,67,0.09,0.11,127
btc-updown-15m-1761212700,1761212700,735,0.95,0.96,0.955,0.01,541.7,238.11,0.04,0.05,17
btc-updown-15m-1761212700,1761212700,750,0.97,0.98,0.975,0.01,2845.05,573.92,0.02,0.03,106
btc-updown-15m-1761212700,1761212700,765,0.98,0.99,0.985,0.01,2289.47,435.12,0.01,0.02,1395
btc-updown-15m-1761212700,1761212700,780,0.93,,,,52,0,,0.07,210
btc-updown-15m-1761212700,1761212700,795,0.99,,,,316.5,0,,0.01,671
btc-updown-15m-1761212700,1761212700,810,0.99,,,,756.5,0,,0.01,1108
btc-updown-15m-1761212700,1761212700,825,0.99,,,,575.5,0,,0.01,37
btc-updown-15m-1761212700,1761212700,840,0.99,,,,245.5,0,,0.01,73
btc-updown-15m-1761212700,1761212700,845,0.99,,,,245.5,0,,0.01,5
btc-updown-15m-1761212700,1761212700,850,0.99,,,,240.41,0,,0.01,62
btc-updown-15m-1761212700,1761212700,855,0.98,,,,306.8,0,,0.02,624
btc-updown-15m-1761212700,1761212700,860,0.99,,,,66.8,0,,0.01,0
btc-updown-15m-1761212700,1761212700,865,0.99,,,,66.8,0,,0.01,491
btc-updown-15m-1761212700,1761212700,870,0.99,,,,66.8,0,,0.01,6
btc-updown-15m-1761212700,1761212700,875,0.99,,,,66.8,0,,0.01,13
btc-updown-15m-1761212700,1761212700,880,0.98,,,,306.8,0,,0.02,380
btc-updown-15m-1761212700,1761212700,885,0.98,,,,306.8,0,,0.02,1059
btc-updown-15m-1761212700,1761212700,890,0.98,,,,306.8,0,,0.02,6059
btc-updown-15m-1761212700,1761212700,895,0.99,,,,566.8,0,,0.01,2419
btc-updown-15m-1761212700,1761212700,897,0.99,,,,566.8,0,,0.01,4419
btc-updown-15m-1761212700,1761212700,899,0.99,,,,696.8,0,,0.01,619
btc-updown-15m-1761212700,1761212700,900,0.99,,,,703.8,0,,0.01,206
btc-updown-15m-1761216300,1761216300,0,0.5,0.51,0.505,0.01,35.5,51,0.49,0.5,227
btc-updown-15m-1761216300,1761216300,15,0.4,0.46,0.43,0.06,148.6,135,0.54,0.6,9
btc-updown-15m-1761216300,1761216300,30,0.43,0.48,0.455,0.05,249.79,30,0.52,0.57,182
btc-updown-15m-1761216300,1761216300,45,0.48,0.53,0.505,0.05,73,176.4,0.47,0.52,142
btc-updown-15m-1761216300,1761216300,60,0.49,0.54,0.515,0.05,50,196.8,0.46,0.51,351
btc-updown-15m-1761216300,1761216300,75,0.5,0.55,0.525,0.05,71,176.4,0.45,0.5,28
btc-updown-15m-1761216300,1761216300,90,0.5,0.51,0.505,0.01,137,37,0.49,0.5,345
btc-updown-15m-1761216300,1761216300,105,0.5,0.55,0.525,0.05,152,98,0.45,0.5,228
btc-updown-15m-1761216300,1761216300,120,0.5,0.55,0.525,0.05,46,134,0.45,0.5,19
btc-updown-15m-1761216300,1761216300,135,0.51,0.55,0.53,0.04,105,30.5,0.45,0.49,771
btc-updown-15m-1761216300,1761216300,150,0.52,0.54,0.53,0.02,62,138.5,0.46,0.48,116
btc-updown-15m-1761216300,1761216300,165,0.47,0.54,0.505,0.07,125.8,236.5,0.46,0.53,31
btc-updown-15m-1761216300,1761216300,180,0.51,0.53,0.52,0.02,35,241.7,0.47,0.49,85
btc-updown-15m-1761216300,1761216300,195,0.5,0.54,0.52,0.04,53.75,178.1,0.46,0.5,1158
btc-updown-15m-1761216300,1761216300,210,0.54,0.59,0.565,0.05,64.81,118.62,0.41,0.46,369
btc-updown-15m-1761216300,1761216300,225,0.54,0.59,0.565,0.05,96,73.25,0.41,0.46,609
btc-updown-15m-1761216300,1761216300,240,0.56,0.62,0.59,0.06,100.55,112.59,0.38,0.44,531
btc-updown-15m-1761216300,1761216300,255,0.55,0.61,0.58,0.06,33,100.09,0.39,0.45,29
btc-updown-15m-1761216300,1761216300,270,0.62,0.69,0.655,0.07,67.08,68.6,0.31,0.38,30
btc-updown-15m-1761216300,1761216300,285,0.66,0.72,0.69,0.06,162.64,25.45,0.28,0.34,21
btc-updown-15m-1761216300,1761216300,300,0.7,0.75,0.725,0.05,286.1,50.57,0.25,0.3,14
btc-updown-15m-1761216300,1761216300,315,0.74,0.8,0.77,0.06,42.15,92.5,0.2,0.26,12
btc-updown-15m-1761216300,1761216300,330,0.8,0.86,0.83,0.06,135,27.2,0.14,0.2,5
btc-updown-15m-1761216300,1761216300,345,0.79,0.86,0.825,0.07,134,57.98,0.14,0.21,35
btc-updown-15m-1761216300,1761216300,360,0.82,0.87,0.845,0.05,62,273,0.13,0.18,225
btc-updown-15m-1761216300,1761216300,375,0.86,0.91,0.885,0.05,195,19,0.09,0.14,64
btc-updown-15m-1761216300,1761216300,390,0.88,0.9,0.89,0.02,144,174.9,0.1,0.12,214
btc-updown-15m-1761216300,1761216300,405,0.72,0.8,0.76,0.08,13.14,178.76,0.2,0.28,488
btc-updown-15m-1761216300,1761216300,420,0.78,0.81,0.795,0.03,22.99,67.2,0.19,0.22,27
btc-updown-15m-1761216300,1761216300,435,0.7,0.76,0.73,0.06,161.81,70.29,0.24,0.3,6
btc-updown-15m-1761216300,1761216300,450,0.72,0.76,0.74,0.04,27.7,113.77,0.24,0.28,234
btc-updown-15m-1761216300,1761216300,465,0.72,0.77,0.745,0.05,65.27,94.3,0.23,0.28,215
btc-updown-15m-1761216300,1761216300,480,0.69,0.75,0.72,0.06,175.95,66.3,0.25,0.31,25
btc-updown-15m-1761216300,1761216300,495,0.57,0.62,0.595,0.05,170.81,26,0.38,0.43,10
btc-updown-15m-1761216300,1761216300,510,0.6,0.63,0.615,0.03,344.15,77.71,0.37,0.4,9
btc-updown-15m-1761216300,1761216300,525,0.6,0.65,0.625,0.05,332.11,52.9,0.35,0.4,78
btc-updown-15m-1761216300,1761216300,540,0.64,0.69,0.665,0.05,29,94.9,0.31,0.36,28
btc-updown-15m-1761216300,1761216300,555,0.61,0.64,0.625,0.03,346.23,22,0.36,0.39,6
btc-updown-15m-1761216300,1761216300,570,0.62,0.67,0.645,0.05,35.11,68.08,0.33,0.38,10
btc-updown-15m-1761216300,1761216300,585,0.6,0.69,0.645,0.09,424.37,66.18,0.31,0.4,22
btc-updown-15m-1761216300,1761216300,600,0.61,0.69,0.65,0.08,326.23,88.53,0.31,0.39,639
btc-updown-15m-1761216300,1761216300,615,0.55,0.6,0.575,0.05,19,44.33,0.4,0.45,25
btc-updown-15m-1761216300,1761216300,630,0.55,0.57,0.56,0.02,76.69,31.46,0.43,0.45,9
btc-updown-15m-1761216300,1761216300,645,0.53,0.59,0.56,0.06,37.79,63.27,0.41,0.47,73
btc-updown-15m-1761216300,1761216300,660,0.55,0.6,0.575,0.05,41,28.8,0.4,0.45,94
btc-updown-15m-1761216300,1761216300,675,0.65,0.7,0.675,0.05,22,94.9,0.3,0.35,82
btc-updown-15m-1761216300,1761216300,690,0.68,0.75,0.715,0.07,26,54.98,0.25,0.32,0
btc-updown-15m-1761216300,1761216300,705,0.48,0.57,0.525,0.09,26,26,0.43,0.52,298
btc-updown-15m-1761216300,1761216300,720,0.58,0.61,0.595,0.03,223.37,13.49,0.39,0.42,117
btc-updown-15m-1761216300,1761216300,735,0.56,0.66,0.61,0.1,189,54.04,0.34,0.44,333
btc-updown-15m-1761216300,1761216300,750,0.52,0.64,0.58,0.12,151,46.94,0.36,0.48,141
btc-updown-15m-1761216300,1761216300,765,0.7,0.8,0.75,0.1,121,60.76,0.2,0.3,0
btc-updown-15m-1761216300,1761216300,780,0.66,0.78,0.72,0.12,156.8,407.34,0.22,0.34,746
btc-updown-15m-1761216300,1761216300,795,0.76,0.92,0.84,0.16,59,180.71,0.08,0.24,37
btc-updown-15m-1761216300,1761216300,810,0.73,0.96,0.845,0.23,44.65,327.72,0.04,0.27,27
btc-updown-15m-1761216300,1761216300,825,0.78,0.96,0.87,0.18,17.65,184.35,0.04,0.22,40
btc-updown-15m-1761216300,1761216300,840,0.76,0.96,0.86,0.2,22.65,194.35,0.04,0.24,61
btc-updown-15m-1761216300,1761216300,845,0.78,0.98,0.88,0.2,46,285.72,0.02,0.22,6
btc-updown-15m-1761216300,1761216300,850,0.71,0.95,0.83,0.24,55.65,830.7,0.05,0.29,3
btc-updown-15m-1761216300,1761216300,855,0.72,0.91,0.815,0.19,17.65,681.94,0.09,0.28,3
btc-updown-15m-1761216300,1761216300,860,0.86,0.95,0.905,0.09,25,796.61,0.05,0.14,13
btc-updown-15m-1761216300,1761216300,865,0.78,0.95,0.865,0.17,20,662.71,0.05,0.22,107
btc-updown-15m-1761216300,1761216300,870,0.71,0.91,0.81,0.2,105.65,537.99,0.09,0.29,135
btc-updown-15m-1761216300,1761216300,875,0.71,0.95,0.83,0.24,67.65,562.23,0.05,0.29,15
btc-updown-15m-1761216300,1761216300,880,0.43,0.95,0.69,0.52,53,682.7,0.05,0.57,1
btc-updown-15m-1761216300,1761216300,885,0.42,0.75,0.585,0.33,98,30,0.25,0.58,24
btc-updown-15m-1761216300,1761216300,890,0.23,0.36,0.295,0.13,213,53,0.64,0.77,142
btc-updown-15m-1761216300,1761216300,895,0.1,0.22,0.16,0.12,248,59.49,0.78,0.9,85
btc-updown-15m-1761216300,1761216300,897,0.06,0.22,0.14,0.16,229.95,99.49,0.78,0.94,121
btc-updown-15m-1761216300,1761216300,899,0.02,0.08,0.05,0.06,255,423,0.92,0.98,68
btc-updown-15m-1761216300,1761216300,900,0.02,0.08,0.05,0.06,255,423,0.92,0.98,187
btc-updown-15m-1761220800,1761220800,0,0.49,0.5,0.495,0.01,1229.2,1181,0.5,0.51,2975
btc-updown-15m-1761220800,1761220800,15,0.48,0.5,0.49,0.02,31,273,0.5,0.52,448
btc-updown-15m-1761220800,1761220800,30,0.4,0.47,0.435,0.07,723.4,357,0.53,0.6,20
btc-updown-15m-1761220800,1761220800,45,0.48,0.49,0.485,0.01,357.3,48.4,0.51,0.52,84
btc-updown-15m-1761220800,1761220800,60,0.45,0.48,0.465,0.03,40,410.4,0.52,0.55,1
btc-updown-15m-1761220800,1761220800,75,0.36,0.39,0.375,0.03,105.3,30,0.61,0.64,3
btc-updown-15m-1761220800,1761220800,90,0.24,0.29,0.265,0.05,614,96.99,0.71,0.76,2
btc-updown-15m-1761220800,1761220800,105,0.24,0.26,0.25,0.02,302.68,43.03,0.74,0.76,17
btc-updown-15m-1761220800,1761220800,120,0.23,0.26,0.245,0.03,64,118,0.74,0.77,60
btc-updown-15m-1761220800,1761220800,135,0.12,0.16,0.14,0.04,510.18,170,0.84,0.88,0
btc-updown-15m-1761220800,1761220800,150,0.1,0.18,0.14,0.08,136,147,0.82,0.9,2
btc-updown-15m-1761220800,1761220800,165,0.07,0.12,0.095,0.05,539,80.1,0.88,0.93,88
btc-updown-15m-1761220800,1761220800,180,0.08,0.12,0.1,0.04,177.91,125,0.88,0.92,24
btc-updown-15m-1761220800,1761220800,195,0.14,0.18,0.16,0.04,155,30,0.82,0.86,30
btc-updown-15m-1761220800,1761220800,210,0.1,0.14,0.12,0.04,162.99,350.7,0.86,0.9,11
btc-updown-15m-1761220800,1761220800,225,0.07,0.12,0.095,0.05,823.38,84,0.88,0.93,11
btc-updown-15m-1761220800,1761220800,240,0.06,0.1,0.08,0.04,1011,65.92,0.9,0.94,42
btc-updown-15m-1761220800,1761220800,255,0.06,0.09,0.075,0.03,578,502.5,0.91,0.94,137
btc-updown-15m-1761220800,1761220800,270,0.06,0.08,0.07,0.02,654.64,84.41,0.92,0.94,256
btc-updown-15m-1761220800,1761220800,285,0.06,0.1,0.08,0.04,586.17,503.18,0.9,0.94,35
btc-updown-15m-1761220800,1761220800,300,0.05,0.07,0.06,0.02,1003.73,119,0.93,0.95,34
btc-updown-15m-1761220800,1761220800,315,0.08,0.12,0.1,0.04,843.73,26,0.88,0.92,5
btc-updown-15m-1761220800,1761220800,330,0.09,0.12,0.105,0.03,389,147.97,0.88,0.91,11
btc-updown-15m-1761220800,1761220800,345,0.09,0.12,0.105,0.03,657,64.97,0.88,0.91,2417
btc-updown-15m-1761220800,1761220800,360,0.1,0.14,0.12,0.04,653,59,0.86,0.9,359
btc-updown-15m-1761220800,1761220800,375,0.14,0.18,0.16,0.04,659.01,55,0.82,0.86,1
btc-updown-15m-1761220800,1761220800,390,0.14,0.17,0.155,0.03,381.2,35.35,0.83,0.86,0
btc-updown-15m-1761220800,1761220800,405,0.13,0.17,0.15,0.04,384.2,316.35,0.83,0.87,13
btc-updown-15m-1761220800,1761220800,420,0.16,0.2,0.18,0.04,621.2,55,0.8,0.84,28
btc-updown-15m-1761220800,1761220800,435,0.1,0.14,0.12,0.04,645.45,45.99,0.86,0.9,4
btc-updown-15m-1761220800,1761220800,450,0.08,0.13,0.105,0.05,653.2,63.99,0.87,0.92,26
btc-updown-15m-1761220800,1761220800,465,0.08,0.13,0.105,0.05,879,49.23,0.87,0.92,144
btc-updown-15m-1761220800,1761220800,480,0.1,0.14,0.12,0.04,136,289.47,0.86,0.9,2
btc-updown-15m-1761220800,1761220800,495,0.09,0.12,0.105,0.03,265.31,273.47,0.88,0.91,588
btc-updown-15m-1761220800,1761220800,510,0.03,0.07,0.05,0.04,1428.09,111.23,0.93,0.97,616
btc-updown-15m-1761220800,1761220800,525,0.03,0.05,0.04,0.02,1156.32,83.23,0.95,0.97,184
btc-updown-15m-1761220800,1761220800,540,0.03,0.06,0.045,0.03,1063.32,631.94,0.94,0.97,1
btc-updown-15m-1761220800,1761220800,555,0.03,0.06,0.045,0.03,976,578.94,0.94,0.97,127
btc-updown-15m-1761220800,1761220800,570,0.05,0.08,0.065,0.03,202,588.34,0.92,0.95,65
btc-updown-15m-1761220800,1761220800,585,0.07,0.08,0.075,0.01,20,74.34,0.92,0.93,4823
btc-updown-15m-1761220800,1761220800,600,0.04,0.08,0.06,0.04,501,94.34,0.92,0.96,35
btc-updown-15m-1761220800,1761220800,615,0.04,0.08,0.06,0.04,273.25,69.84,0.92,0.96,226
btc-updown-15m-1761220800,1761220800,630,0.1,0.13,0.115,0.03,275.25,100.8,0.87,0.9,2
btc-updown-15m-1761220800,1761220800,645,0.08,0.12,0.1,0.04,24,559.3,0.88,0.92,26
btc-updown-15m-1761220800,1761220800,660,0.08,0.1,0.09,0.02,29.99,516.8,0.9,0.92,26
btc-updown-15m-1761220800,1761220800,675,0.05,0.07,0.06,0.02,533,2699.37,0.93,0.95,4004
btc-updown-15m-1761220800,1761220800,690,0.03,0.05,0.04,0.02,820.97,1158.08,0.95,0.97,593
btc-updown-15m-1761220800,1761220800,705,0.05,0.06,0.055,0.01,134.68,1031.37,0.94,0.95,1297
btc-updown-15m-1761220800,1761220800,720,0.01,0.06,0.035,0.05,426.76,1269.37,0.94,0.99,36
btc-updown-15m-1761220800,1761220800,735,0.01,0.05,0.03,0.04,290.79,1664.37,0.95,0.99,488
btc-updown-15m-1761220800,1761220800,750,,0.01,,,0,1021.2,0.99,,1068
btc-updown-15m-1761220800,1761220800,765,,0.01,,,0,666.99,0.99,,3804
btc-updown-15m-1761220800,1761220800,780,,0.01,,,0,1066.99,0.99,,2379
btc-updown-15m-1761220800,1761220800,795,,0.01,,,0,949.61,0.99,,1532
btc-updown-15m-1761220800,1761220800,810,,0.01,,,0,594.81,0.99,,266
btc-updown-15m-1761220800,1761220800,825,,0.01,,,0,1513.12,0.99,,1408
btc-updown-15m-1761220800,1761220800,840,,0.01,,,0,1513.12,0.99,,16408
btc-updown-15m-1761220800,1761220800,845,,0.01,,,0,1713.12,0.99,,3036
btc-updown-15m-1761220800,1761220800,850,,0.01,,,0,1713.12,0.99,,8036
btc-updown-15m-1761220800,1761220800,855,,0.01,,,0,1713.12,0.99,,4770
btc-updown-15m-1761220800,1761220800,860,,0.01,,,0,2013.12,0.99,,1067
btc-updown-15m-1761220800,1761220800,865,,0.01,,,0,2023.12,0.99,,2809
btc-updown-15m-1761220800,1761220800,870,,0.01,,,0,2523.12,0.99,,3447
btc-updown-15m-1761220800,1761220800,875,,0.01,,,0,2528.12,0.99,,2815
btc-updown-15m-1761220800,1761220800,880,,0.01,,,0,2538.93,0.99,,28
btc-updown-15m-1761220800,1761220800,885,,0.01,,,0,2538.93,0.99,,4750
btc-updown-15m-1761220800,1761220800,890,,0.01,,,0,2123.02,0.99,,200
btc-updown-15m-1761220800,1761220800,895,,0.01,,,0,2148.02,0.99,,3719
btc-updown-15m-1761220800,1761220800,897,,0.01,,,0,2148.02,0.99,,5719
btc-updown-15m-1761220800,1761220800,899,,0.01,,,0,2503.02,0.99,,16
btc-updown-15m-1761220800,1761220800,900,,0.01,,,0,2510.02,0.99,,61
btc-updown-15m-1761225300,1761225300,0,0.5,0.51,0.505,0.01,4938.19,72,0.49,0.5,532
btc-updown-15m-1761225300,1761225300,15,0.51,0.55,0.53,0.04,4938.19,105.6,0.45,0.49,116
btc-updown-15m-1761225300,1761225300,30,0.52,0.55,0.535,0.03,4976.29,20,0.45,0.48,44
btc-updown-15m-1761225300,1761225300,45,0.51,0.56,0.535,0.05,4998.22,115.2,0.44,0.49,112
btc-updown-15m-1761225300,1761225300,60,0.5,0.52,0.51,0.02,4680.08,63,0.48,0.5,52
btc-updown-15m-1761225300,1761225300,75,0.5,0.52,0.51,0.02,4623.08,132,0.48,0.5,12062
btc-updown-15m-1761225300,1761225300,90,0.5,0.52,0.51,0.02,4623.08,132,0.48,0.5,27062
btc-updown-15m-1761225300,1761225300,105,0.5,0.52,0.51,0.02,4623.08,132,0.48,0.5,42062
btc-updown-15m-1761225300,1761225300,120,0.5,0.51,0.505,0.01,4603.08,58,0.49,0.5,131
btc-updown-15m-1761225300,1761225300,135,0.4,0.45,0.425,0.05,307.83,73,0.55,0.6,314
btc-updown-15m-1761225300,1761225300,150,0.41,0.47,0.44,0.06,341.32,40,0.53,0.59,1289
btc-updown-15m-1761225300,1761225300,165,0.41,0.46,0.435,0.05,314.82,40,0.54,0.59,3814
btc-updown-15m-1761225300,1761225300,180,0.41,0.44,0.425,0.03,1222.32,83,0.56,0.59,150
btc-updown-15m-1761225300,1761225300,195,0.33,0.37,0.35,0.04,157.6,45,0.63,0.67,71
btc-updown-15m-1761225300,1761225300,210,0.27,0.3,0.285,0.03,64.5,50.87,0.7,0.73,32
btc-updown-15m-1761225300,1761225300,225,0.31,0.34,0.325,0.03,80.44,32,0.66,0.69,235
btc-updown-15m-1761225300,1761225300,240,0.27,0.32,0.295,0.05,62.5,47,0.68,0.73,908
btc-updown-15m-1761225300,1761225300,255,0.24,0.25,0.245,0.01,57.2,53.44,0.75,0.76,441
btc-updown-15m-1761225300,1761225300,270,0.22,0.26,0.24,0.04,119.53,161.43,0.74,0.78,126
btc-updown-15m-1761225300,1761225300,285,0.26,0.29,0.275,0.03,1000,37,0.71,0.74,79
btc-updown-15m-1761225300,1761225300,300,0.27,0.29,0.28,0.02,950.54,38,0.71,0.73,255
btc-updown-15m-1761225300,1761225300,315,0.27,0.28,0.275,0.01,941.44,36,0.72,0.73,13461
btc-updown-15m-1761225300,1761225300,330,0.27,0.28,0.275,0.01,941.44,36,0.72,0.73,28461
btc-updown-15m-1761225300,1761225300,345,0.27,0.28,0.275,0.01,941.44,36,0.72,0.73,43461
btc-updown-15m-1761225300,1761225300,360,0.27,0.28,0.275,0.01,941.44,36,0.72,0.73,58461
btc-updown-15m-1761225300,1761225300,375,0.27,0.29,0.28,0.02,950.44,142,0.71,0.73,118
btc-updown-15m-1761225300,1761225300,390,0.18,0.23,0.205,0.05,100.63,39,0.77,0.82,6835
btc-updown-15m-1761225300,1761225300,405,0.2,0.21,0.205,0.01,90.93,36,0.79,0.8,956
btc-updown-15m-1761225300,1761225300,420,0.18,0.23,0.205,0.05,90.73,66.99,0.77,0.82,610
btc-updown-15m-1761225300,1761225300,435,0.19,0.23,0.21,0.04,31,55.99,0.77,0.81,113
btc-updown-15m-1761225300,1761225300,450,0.16,0.19,0.175,0.03,34.8,52.73,0.81,0.84,4047
btc-updown-15m-1761225300,1761225300,465,0.15,0.16,0.155,0.01,68.7,46,0.84,0.85,546
btc-updown-15m-1761225300,1761225300,480,0.17,0.2,0.185,0.03,81.7,493.18,0.8,0.83,184
btc-updown-15m-1761225300,1761225300,495,0.23,0.25,0.24,0.02,67,800.92,0.75,0.77,315
btc-updown-15m-1761225300,1761225300,510,0.27,0.3,0.285,0.03,67.7,610,0.7,0.73,36
btc-updown-15m-1761225300,1761225300,525,0.23,0.27,0.25,0.04,65.1,608.32,0.73,0.77,1220
btc-updown-15m-1761225300,1761225300,540,0.24,0.26,0.25,0.02,58,509.32,0.74,0.76,8
btc-updown-15m-1761225300,1761225300,555,0.3,0.34,0.32,0.04,60,124,0.66,0.7,159
btc-updown-15m-1761225300,1761225300,570,0.26,0.28,0.27,0.02,65,58,0.72,0.74,112
btc-updown-15m-1761225300,1761225300,585,0.24,0.29,0.265,0.05,38.4,25,0.71,0.76,24
btc-updown-15m-1761225300,1761225300,600,0.24,0.27,0.255,0.03,89.3,22.93,0.73,0.76,701
btc-updown-15m-1761225300,1761225300,615,0.23,0.26,0.245,0.03,96.89,19.93,0.74,0.77,128
btc-updown-15m-1761225300,1761225300,630,0.54,0.58,0.56,0.04,70,328.04,0.42,0.46,20
btc-updown-15m-1761225300,1761225300,645,0.51,0.55,0.53,0.04,169,326.74,0.45,0.49,29
btc-updown-15m-1761225300,1761225300,660,0.47,0.52,0.495,0.05,167,72,0.48,0.53,317
btc-updown-15m-1761225300,1761225300,675,0.58,0.65,0.615,0.07,163,40,0.35,0.42,26
btc-updown-15m-1761225300,1761225300,690,0.61,0.71,0.66,0.1,138,41.7,0.29,0.39,22
btc-updown-15m-1761225300,1761225300,705,0.71,0.76,0.735,0.05,158,25,0.24,0.29,32
btc-updown-15m-1761225300,1761225300,720,0.68,0.72,0.7,0.04,116,30.48,0.28,0.32,3
btc-updown-15m-1761225300,1761225300,735,0.45,0.52,0.485,0.07,125,68.8,0.48,0.55,26
btc-updown-15m-1761225300,1761225300,750,0.43,0.49,0.46,0.06,21.49,77.26,0.51,0.57,13
btc-updown-15m-1761225300,1761225300,765,0.46,0.52,0.49,0.06,158,105.5,0.48,0.54,8
btc-updown-15m-1761225300,1761225300,780,0.45,0.53,0.49,0.08,164,32,0.47,0.55,509
btc-updown-15m-1761225300,1761225300,795,0.48,0.53,0.505,0.05,32,57.53,0.47,0.52,123
btc-updown-15m-1761225300,1761225300,810,0.59,0.7,0.645,0.11,70,53.43,0.3,0.41,4
btc-updown-15m-1761225300,1761225300,825,0.68,0.93,0.805,0.25,64,39.01,0.07,0.32,67
btc-updown-15m-1761225300,1761225300,840,0.91,0.97,0.94,0.06,88.67,460.39,0.03,0.09,180
btc-updown-15m-1761225300,1761225300,845,0.96,0.97,0.965,0.01,1238.56,391.28,0.03,0.04,50
btc-updown-15m-1761225300,1761225300,850,0.97,0.98,0.975,0.01,1244.24,287.88,0.02,0.03,128
btc-updown-15m-1761225300,1761225300,855,0.95,0.96,0.955,0.01,1068.16,2425.24,0.04,0.05,147
btc-updown-15m-1761225300,1761225300,860,0.94,0.96,0.95,0.02,677.8,1745.07,0.04,0.06,36
btc-updown-15m-1761225300,1761225300,865,0.94,0.96,0.95,0.02,760.59,1700.81,0.04,0.06,338
btc-updown-15m-1761225300,1761225300,870,0.94,0.96,0.95,0.02,702.49,712.93,0.04,0.06,119
btc-updown-15m-1761225300,1761225300,875,0.99,,,,677.85,0,,0.01,23
btc-updown-15m-1761225300,1761225300,880,0.99,,,,675.89,0,,0.01,22
btc-updown-15m-1761225300,1761225300,885,0.99,,,,675.89,0,,0.01,407
btc-updown-15m-1761225300,1761225300,890,0.99,,,,640.56,0,,0.01,87
btc-updown-15m-1761225300,1761225300,895,0.99,,,,646,0,,0.01,114
btc-updown-15m-1761225300,1761225300,897,0.99,,,,567.62,0,,0.01,90
btc-updown-15m-1761225300,1761225300,899,0.99,,,,567.62,0,,0.01,158
btc-updown-15m-1761225300,1761225300,900,0.99,,,,574.62,0,,0.01,30
btc-updown-15m-1761229800,1761229800,0,0.49,0.51,0.5,0.02,650.19,674,0.49,0.51,1988
btc-updown-15m-1761229800,1761229800,15,0.47,0.54,0.505,0.07,27.42,28.77,0.46,0.53,15
btc-updown-15m-1761229800,1761229800,30,0.53,0.54,0.535,0.01,54.42,19.77,0.46,0.47,126
btc-updown-15m-1761229800,1761229800,45,0.53,0.6,0.565,0.07,72,285.45,0.4,0.47,43
btc-updown-15m-1761229800,1761229800,60,0.52,0.57,0.545,0.05,156.4,40,0.43,0.48,6
btc-updown-15m-1761229800,1761229800,75,0.51,0.57,0.54,0.06,147.9,235.65,0.43,0.49,84
btc-updown-15m-1761229800,1761229800,90,0.55,0.6,0.575,0.05,67,283.45,0.4,0.45,10
btc-updown-15m-1761229800,1761229800,105,0.54,0.58,0.56,0.04,182,168.64,0.42,0.46,19
btc-updown-15m-1761229800,1761229800,120,0.54,0.59,0.565,0.05,62,178.64,0.41,0.46,8
btc-updown-15m-1761229800,1761229800,135,0.62,0.65,0.635,0.03,136.7,635,0.35,0.38,108
btc-updown-15m-1761229800,1761229800,150,0.61,0.65,0.63,0.04,172,432.11,0.35,0.39,52
btc-updown-15m-1761229800,1761229800,165,0.65,0.67,0.66,0.02,50,79.1,0.33,0.35,415
btc-updown-15m-1761229800,1761229800,180,0.7,0.75,0.725,0.05,25,81.91,0.25,0.3,2
btc-updown-15m-1761229800,1761229800,195,0.72,0.77,0.745,0.05,145,82,0.23,0.28,0
btc-updown-15m-1761229800,1761229800,210,0.67,0.73,0.7,0.06,156,129,0.27,0.33,0
btc-updown-15m-1761229800,1761229800,225,0.72,0.76,0.74,0.04,137.42,47,0.24,0.28,7
btc-updown-15m-1761229800,1761229800,240,0.73,0.78,0.755,0.05,46,113,0.22,0.27,31
btc-updown-15m-1761229800,1761229800,255,0.77,0.81,0.79,0.04,144,56.29,0.19,0.23,4
btc-updown-15m-1761229800,1761229800,270,0.83,0.84,0.835,0.01,40,72.9,0.16,0.17,8
btc-updown-15m-1761229800,1761229800,285,0.81,0.89,0.85,0.08,175.89,325,0.11,0.19,12
btc-updown-15m-1761229800,1761229800,300,0.83,0.89,0.86,0.06,166,313.27,0.11,0.17,73
btc-updown-15m-1761229800,1761229800,315,0.81,0.9,0.855,0.09,244.53,265,0.1,0.19,4
btc-updown-15m-1761229800,1761229800,330,0.89,0.9,0.895,0.01,36,265,0.1,0.11,13
btc-updown-15m-1761229800,1761229800,345,0.9,0.94,0.92,0.04,35,1092,0.06,0.1,368
btc-updown-15m-1761229800,1761229800,360,0.93,0.94,0.935,0.01,167,10987,0.06,0.07,1710
btc-updown-15m-1761229800,1761229800,375,0.92,0.94,0.93,0.02,129,10834.22,0.06,0.08,130
btc-updown-15m-1761229800,1761229800,390,0.92,0.95,0.935,0.03,23,11258.9,0.05,0.08,17
btc-updown-15m-1761229800,1761229800,405,0.92,0.94,0.93,0.02,120,10779.78,0.06,0.08,109
btc-updown-15m-1761229800,1761229800,420,0.94,0.95,0.945,0.01,28.02,11157.96,0.05,0.06,106
btc-updown-15m-1761229800,1761229800,435,0.88,0.92,0.9,0.04,46.5,10052.82,0.08,0.12,24
btc-updown-15m-1761229800,1761229800,450,0.86,0.9,0.88,0.04,40,132.66,0.1,0.14,113
btc-updown-15m-1761229800,1761229800,465,0.85,0.9,0.875,0.05,59.4,184,0.1,0.15,50
btc-updown-15m-1761229800,1761229800,480,0.88,0.92,0.9,0.04,215.21,10125.56,0.08,0.12,33
btc-updown-15m-1761229800,1761229800,495,0.91,0.94,0.925,0.03,55.17,10550.24,0.06,0.09,29
btc-updown-15m-1761229800,1761229800,510,0.91,0.95,0.93,0.04,44.17,14809.08,0.05,0.09,342
btc-updown-15m-1761229800,1761229800,525,0.92,0.95,0.935,0.03,389.16,14226.48,0.05,0.08,66
btc-updown-15m-1761229800,1761229800,540,0.94,0.96,0.95,0.02,217.18,14868.95,0.04,0.06,911
btc-updown-15m-1761229800,1761229800,555,0.95,0.97,0.96,0.02,223.18,15294.93,0.03,0.05,81
btc-updown-15m-1761229800,1761229800,570,0.93,0.97,0.95,0.04,65.51,15348.79,0.03,0.07,57
btc-updown-15m-1761229800,1761229800,585,0.88,0.89,0.885,0.01,219.21,4135.47,0.11,0.12,19
btc-updown-15m-1761229800,1761229800,600,0.87,0.93,0.9,0.06,153.51,3975.39,0.07,0.13,28
btc-updown-15m-1761229800,1761229800,615,0.91,0.94,0.925,0.03,64,4049.58,0.06,0.09,13
btc-updown-15m-1761229800,1761229800,630,0.91,0.97,0.94,0.06,54,5490.72,0.03,0.09,76
btc-updown-15m-1761229800,1761229800,645,0.92,0.97,0.945,0.05,54.99,5490.72,0.03,0.08,45
btc-updown-15m-1761229800,1761229800,660,0.92,0.96,0.94,0.04,368.99,4298.72,0.04,0.08,14
btc-updown-15m-1761229800,1761229800,675,0.93,0.96,0.945,0.03,360.99,3625.06,0.04,0.07,13
btc-updown-15m-1761229800,1761229800,690,0.95,0.96,0.955,0.01,398.16,3612.97,0.04,0.05,662
btc-updown-15m-1761229800,1761229800,705,0.95,0.96,0.955,0.01,349.67,2808.57,0.04,0.05,137
btc-updown-15m-1761229800,1761229800,720,0.95,0.96,0.955,0.01,295.68,2681.41,0.04,0.05,376
btc-updown-15m-1761229800,1761229800,735,0.96,0.98,0.97,0.02,217.35,1180,0.02,0.04,465
btc-updown-15m-1761229800,1761229800,750,0.96,0.99,0.975,0.03,237.35,1326.44,0.01,0.04,152
btc-updown-15m-1761229800,1761229800,765,0.98,0.99,0.985,0.01,113.19,651.84,0.01,0.02,10
btc-updown-15m-1761229800,1761229800,780,0.99,,,,663.29,0,,0.01,208
btc-updown-15m-1761229800,1761229800,795,0.99,,,,501.09,0,,0.01,937
btc-updown-15m-1761229800,1761229800,810,0.98,0.99,0.985,0.01,210.14,548.98,0.01,0.02,299
btc-updown-15m-1761229800,1761229800,825,0.99,,,,3229.35,0,,0.01,857
btc-updown-15m-1761229800,1761229800,840,0.99,,,,3313.96,0,,0.01,1804
btc-updown-15m-1761229800,1761229800,845,0.99,,,,3313.94,0,,0.01,558
btc-updown-15m-1761229800,1761229800,850,0.99,,,,3313.94,0,,0.01,4490
btc-updown-15m-1761229800,1761229800,855,0.99,,,,3313.94,0,,0.01,726
btc-updown-15m-1761229800,1761229800,860,0.99,,,,3309.94,0,,0.01,753
btc-updown-15m-1761229800,1761229800,865,0.99,,,,3314.94,0,,0.01,374
btc-updown-15m-1761229800,1761229800,870,0.99,,,,3314.94,0,,0.01,4692
btc-updown-15m-1761229800,1761229800,875,0.99,,,,3314.94,0,,0.01,785
btc-updown-15m-1761229800,1761229800,880,0.99,,,,3314.94,0,,0.01,4750
btc-updown-15m-1761229800,1761229800,885,0.99,,,,3314.94,0,,0.01,886
btc-updown-15m-1761229800,1761229800,890,0.99,,,,3314.94,0,,0.01,4813
btc-updown-15m-1761229800,1761229800,895,0.99,,,,3425.94,0,,0.01,889
btc-updown-15m-1761229800,1761229800,897,0.99,,,,3234.74,0,,0.01,68
btc-updown-15m-1761229800,1761229800,899,0.99,,,,3234.74,0,,0.01,2068
btc-updown-15m-1761229800,1761229800,900,0.99,,,,3239.74,0,,0.01,446
btc-updown-15m-1761234300,1761234300,0,0.48,0.5,0.49,0.02,96,144.94,0.5,0.52,1953
btc-updown-15m-1761234300,1761234300,15,0.48,0.51,0.495,0.03,177,37.39,0.49,0.52,194
btc-updown-15m-1761234300,1761234300,30,0.51,0.54,0.525,0.03,226.37,50,0.46,0.49,1
btc-updown-15m-1761234300,1761234300,45,0.6,0.63,0.615,0.03,63.07,404.21,0.37,0.4,94
btc-updown-15m-1761234300,1761234300,60,0.59,0.62,0.605,0.03,123,236.2,0.38,0.41,174
btc-updown-15m-1761234300,1761234300,75,0.64,0.68,0.66,0.04,246,50,0.32,0.36,673
btc-updown-15m-1761234300,1761234300,90,0.66,0.68,0.67,0.02,86.11,60,0.32,0.34,112
btc-updown-15m-1761234300,1761234300,105,0.7,0.75,0.725,0.05,85,27,0.25,0.3,33
btc-updown-15m-1761234300,1761234300,120,0.74,0.75,0.745,0.01,30,134.42,0.25,0.26,160
btc-updown-15m-1761234300,1761234300,135,0.72,0.75,0.735,0.03,314,229.5,0.25,0.28,16
btc-updown-15m-1761234300,1761234300,150,0.68,0.72,0.7,0.04,252.3,116,0.28,0.32,1163
btc-updown-15m-1761234300,1761234300,165,0.68,0.71,0.695,0.03,234.5,174.99,0.29,0.32,141
btc-updown-15m-1761234300,1761234300,180,0.68,0.71,0.695,0.03,252,172.17,0.29,0.32,91
btc-updown-15m-1761234300,1761234300,195,0.66,0.69,0.675,0.03,335,82.17,0.31,0.34,27
btc-updown-15m-1761234300,1761234300,210,0.67,0.7,0.685,0.03,173.27,346.3,0.3,0.33,9
btc-updown-15m-1761234300,1761234300,225,0.76,0.8,0.78,0.04,298.99,111.46,0.2,0.24,205
btc-updown-15m-1761234300,1761234300,240,0.76,0.8,0.78,0.04,220.49,81.46,0.2,0.24,361
btc-updown-15m-1761234300,1761234300,255,0.8,0.83,0.815,0.03,42,125.98,0.17,0.2,198
btc-updown-15m-1761234300,1761234300,270,0.74,0.8,0.77,0.06,36,342.1,0.2,0.26,11
btc-updown-15m-1761234300,1761234300,285,0.74,0.75,0.745,0.01,199,791,0.25,0.26,4
btc-updown-15m-1761234300,1761234300,300,0.76,0.77,0.765,0.01,176,228,0.23,0.24,16
btc-updown-15m-1761234300,1761234300,315,0.72,0.76,0.74,0.04,274.2,64.11,0.24,0.28,13
btc-updown-15m-1761234300,1761234300,330,0.72,0.76,0.74,0.04,146.64,59.11,0.24,0.28,27
btc-updown-15m-1761234300,1761234300,345,0.72,0.75,0.735,0.03,197.14,136.11,0.25,0.28,12
btc-updown-15m-1761234300,1761234300,360,0.73,0.77,0.75,0.04,123.79,164.11,0.23,0.27,143
btc-updown-15m-1761234300,1761234300,375,0.79,0.81,0.8,0.02,195.03,160,0.19,0.21,2
btc-updown-15m-1761234300,1761234300,390,0.74,0.78,0.76,0.04,158.7,141,0.22,0.26,991
btc-updown-15m-1761234300,1761234300,405,0.77,0.81,0.79,0.04,89.67,143.53,0.19,0.23,713
btc-updown-15m-1761234300,1761234300,420,0.81,0.82,0.815,0.01,90,69.6,0.18,0.19,28
btc-updown-15m-1761234300,1761234300,435,0.79,0.83,0.81,0.04,230.71,82.06,0.17,0.21,97
btc-updown-15m-1761234300,1761234300,450,0.78,0.83,0.805,0.05,82,171.39,0.17,0.22,1798
btc-updown-15m-1761234300,1761234300,465,0.79,0.82,0.805,0.03,60,22.33,0.18,0.21,22
btc-updown-15m-1761234300,1761234300,480,0.8,0.84,0.82,0.04,172.91,72.06,0.16,0.2,15
btc-updown-15m-1761234300,1761234300,495,0.85,0.92,0.885,0.07,173,124.89,0.08,0.15,4
btc-updown-15m-1761234300,1761234300,510,0.91,0.94,0.925,0.03,349.58,145,0.06,0.09,77
btc-updown-15m-1761234300,1761234300,525,0.91,0.96,0.935,0.05,250.32,404,0.04,0.09,411
btc-updown-15m-1761234300,1761234300,540,0.92,0.96,0.94,0.04,224.56,517,0.04,0.08,162
btc-updown-15m-1761234300,1761234300,555,0.92,0.94,0.93,0.02,115.49,124.43,0.06,0.08,409
btc-updown-15m-1761234300,1761234300,570,0.92,0.94,0.93,0.02,135.56,405.43,0.06,0.08,123
btc-updown-15m-1761234300,1761234300,585,0.92,0.94,0.93,0.02,85.56,203.43,0.06,0.08,977
btc-updown-15m-1761234300,1761234300,600,0.92,0.96,0.94,0.04,111.56,345.43,0.04,0.08,173
btc-updown-15m-1761234300,1761234300,615,0.93,0.97,0.95,0.04,122.2,2232,0.03,0.07,41
btc-updown-15m-1761234300,1761234300,630,0.95,0.98,0.965,0.03,102.38,2133.89,0.02,0.05,1080
btc-updown-15m-1761234300,1761234300,645,0.96,0.98,0.97,0.02,425.87,2133.89,0.02,0.04,1668
btc-updown-15m-1761234300,1761234300,660,0.94,0.99,0.965,0.05,142.93,98.88,0.01,0.06,1993
btc-updown-15m-1761234300,1761234300,675,0.96,0.99,0.975,0.03,55.21,148.88,0.01,0.04,439
btc-updown-15m-1761234300,1761234300,690,0.99,,,,89.3,0,,0.01,24
btc-updown-15m-1761234300,1761234300,705,0.99,,,,279,0,,0.01,51
btc-updown-15m-1761234300,1761234300,720,0.97,,,,100.69,0,,0.03,606
btc-updown-15m-1761234300,1761234300,735,0.98,,,,79.41,0,,0.02,1181
btc-updown-15m-1761234300,1761234300,750,0.98,,,,89.41,0,,0.02,613
btc-updown-15m-1761234300,1761234300,765,0.98,,,,89.41,0,,0.02,4601
btc-updown-15m-1761234300,1761234300,780,0.98,,,,89.41,0,,0.02,6368
btc-updown-15m-1761234300,1761234300,795,0.98,,,,330.82,0,,0.02,1680
btc-updown-15m-1761234300,1761234300,810,0.98,,,,330.82,0,,0.02,5619
btc-updown-15m-1761234300,1761234300,825,0.98,,,,330.82,0,,0.02,3989
btc-updown-15m-1761234300,1761234300,840,0.99,,,,1500.82,0,,0.01,3757
btc-updown-15m-1761234300,1761234300,845,0.99,,,,1500.82,0,,0.01,8757
btc-updown-15m-1761234300,1761234300,850,0.99,,,,1500.82,0,,0.01,3737
btc-updown-15m-1761234300,1761234300,855,0.99,,,,2010.82,0,,0.01,234
btc-updown-15m-1761234300,1761234300,860,0.99,,,,2000.82,0,,0.01,3141
btc-updown-15m-1761234300,1761234300,865,0.99,,,,1610.82,0,,0.01,780
btc-updown-15m-1761234300,1761234300,870,0.99,,,,1600.82,0,,0.01,3613
btc-updown-15m-1761234300,1761234300,875,0.99,,,,1615.82,0,,0.01,2172
btc-updown-15m-1761234300,1761234300,880,0.99,,,,1615.82,0,,0.01,3801
btc-updown-15m-1761234300,1761234300,885,0.99,,,,1615.82,0,,0.01,8801
btc-updown-15m-1761234300,1761234300,890,0.99,,,,1615.82,0,,0.01,3796
btc-updown-15m-1761234300,1761234300,895,0.99,,,,1428.82,0,,0.01,12
btc-updown-15m-1761234300,1761234300,897,0.99,,,,1428.82,0,,0.01,786
btc-updown-15m-1761234300,1761234300,899,0.99,,,,1778.82,0,,0.01,381
btc-updown-15m-1761234300,1761234300,900,0.99,,,,1785.82,0,,0.01,70
btc-updown-15m-1761238800,1761238800,0,0.46,0.48,0.47,0.02,149.84,148.91,0.52,0.54,533
btc-updown-15m-1761238800,1761238800,15,0.4,0.44,0.42,0.04,702.83,556,0.56,0.6,14
btc-updown-15m-1761238800,1761238800,30,0.38,0.42,0.4,0.04,44.33,959,0.58,0.62,112
btc-updown-15m-1761238800,1761238800,45,0.2,0.23,0.215,0.03,194.92,392,0.77,0.8,0
btc-updown-15m-1761238800,1761238800,60,0.22,0.28,0.25,0.06,112,129.2,0.72,0.78,22
btc-updown-15m-1761238800,1761238800,75,0.22,0.26,0.24,0.04,127,536,0.74,0.78,4
btc-updown-15m-1761238800,1761238800,90,0.22,0.24,0.23,0.02,117,101,0.76,0.78,10
btc-updown-15m-1761238800,1761238800,105,0.18,0.21,0.195,0.03,186.63,556,0.79,0.82,1
btc-updown-15m-1761238800,1761238800,120,0.21,0.23,0.22,0.02,183,51,0.77,0.79,47
btc-updown-15m-1761238800,1761238800,135,0.16,0.19,0.175,0.03,160,811,0.81,0.84,31
btc-updown-15m-1761238800,1761238800,150,0.18,0.19,0.185,0.01,171.88,845,0.81,0.82,163
btc-updown-15m-1761238800,1761238800,165,0.16,0.2,0.18,0.04,137,611,0.8,0.84,434
btc-updown-15m-1761238800,1761238800,180,0.15,0.2,0.175,0.05,283,871,0.8,0.85,2
btc-updown-15m-1761238800,1761238800,195,0.16,0.19,0.175,0.03,237.09,611,0.81,0.84,3
btc-updown-15m-1761238800,1761238800,210,0.16,0.2,0.18,0.04,223,590.75,0.8,0.84,297
btc-updown-15m-1761238800,1761238800,225,0.18,0.2,0.19,0.02,187,565.75,0.8,0.82,58
btc-updown-15m-1761238800,1761238800,240,0.14,0.17,0.155,0.03,172,568.75,0.83,0.86,228
btc-updown-15m-1761238800,1761238800,255,0.17,0.19,0.18,0.02,114,563.75,0.81,0.83,609
btc-updown-15m-1761238800,1761238800,270,0.15,0.19,0.17,0.04,388,329.75,0.81,0.85,930
btc-updown-15m-1761238800,1761238800,285,0.15,0.17,0.16,0.02,357,308,0.83,0.85,1007
btc-updown-15m-1761238800,1761238800,300,0.15,0.18,0.165,0.03,128,818.75,0.82,0.85,31
btc-updown-15m-1761238800,1761238800,315,0.11,0.15,0.13,0.04,567,44,0.85,0.89,677
btc-updown-15m-1761238800,1761238800,330,0.12,0.15,0.135,0.03,435,539,0.85,0.88,488
btc-updown-15m-1761238800,1761238800,345,0.12,0.17,0.145,0.05,461,549,0.83,0.88,3
btc-updown-15m-1761238800,1761238800,360,0.1,0.14,0.12,0.04,573,284,0.86,0.9,141
btc-updown-15m-1761238800,1761238800,375,0.13,0.19,0.16,0.06,306,353.75,0.81,0.87,21
btc-updown-15m-1761238800,1761238800,390,0.12,0.16,0.14,0.04,166,46.11,0.84,0.88,3
btc-updown-15m-1761238800,1761238800,405,0.13,0.17,0.15,0.04,516,286,0.83,0.87,23
btc-updown-15m-1761238800,1761238800,420,0.13,0.16,0.145,0.03,110,36,0.84,0.87,106
btc-updown-15m-1761238800,1761238800,435,0.12,0.16,0.14,0.04,408,531,0.84,0.88,269
btc-updown-15m-1761238800,1761238800,450,0.09,0.16,0.125,0.07,706,755,0.84,0.91,11
btc-updown-15m-1761238800,1761238800,465,0.07,0.11,0.09,0.04,707,46,0.89,0.93,368
btc-updown-15m-1761238800,1761238800,480,0.05,0.09,0.07,0.04,292,306,0.91,0.95,0
btc-updown-15m-1761238800,1761238800,495,0.02,0.07,0.045,0.05,1210,591.2,0.93,0.98,4
btc-updown-15m-1761238800,1761238800,510,0.02,0.05,0.035,0.03,1319.31,81.33,0.95,0.98,37
btc-updown-15m-1761238800,1761238800,525,0.02,0.05,0.035,0.03,1310.31,290.33,0.95,0.98,507
btc-updown-15m-1761238800,1761238800,540,0.02,0.06,0.04,0.04,1289.31,628.93,0.94,0.98,4
btc-updown-15m-1761238800,1761238800,555,0.02,0.06,0.04,0.04,1176.31,628.93,0.94,0.98,36
btc-updown-15m-1761238800,1761238800,570,0.03,0.08,0.055,0.05,1930.31,47.5,0.92,0.97,54
btc-updown-15m-1761238800,1761238800,585,0.03,0.1,0.065,0.07,1702.31,548.6,0.9,0.97,7
btc-updown-15m-1761238800,1761238800,600,0.03,0.09,0.06,0.06,1518,325.6,0.91,0.97,14
btc-updown-15m-1761238800,1761238800,615,0.03,0.08,0.055,0.05,1494,265.6,0.92,0.97,2
btc-updown-15m-1761238800,1761238800,630,0.05,0.1,0.075,0.05,27,304.1,0.9,0.95,5
btc-updown-15m-1761238800,1761238800,645,0.05,0.11,0.08,0.06,306,76.1,0.89,0.95,384
btc-updown-15m-1761238800,1761238800,660,0.06,0.11,0.085,0.05,552,66.1,0.89,0.94,33
btc-updown-15m-1761238800,1761238800,675,0.05,0.06,0.055,0.01,441,36,0.94,0.95,66
btc-updown-15m-1761238800,1761238800,690,0.05,0.06,0.055,0.01,369.78,286,0.94,0.95,2679
btc-updown-15m-1761238800,1761238800,705,0.02,0.06,0.04,0.04,1202.31,286,0.94,0.98,2368
btc-updown-15m-1761238800,1761238800,720,0.01,0.09,0.05,0.08,1302,531,0.91,0.99,3
btc-updown-15m-1761238800,1761238800,735,0.02,0.08,0.05,0.06,1283.56,287,0.92,0.98,7
btc-updown-15m-1761238800,1761238800,750,0.01,0.02,0.015,0.01,1027.54,277.65,0.98,0.99,1760
btc-updown-15m-1761238800,1761238800,765,0.01,0.02,0.015,0.01,1127.54,527.65,0.98,0.99,585
btc-updown-15m-1761238800,1761238800,780,0.01,0.07,0.04,0.06,1010.81,527.66,0.93,0.99,7
btc-updown-15m-1761238800,1761238800,795,0.01,0.02,0.015,0.01,413.82,282.63,0.98,0.99,1074
btc-updown-15m-1761238800,1761238800,810,,0.01,,,0,397.22,0.99,,421
btc-updown-15m-1761238800,1761238800,825,,0.01,,,0,727.22,0.99,,3599
btc-updown-15m-1761238800,1761238800,840,,0.01,,,0,727.22,0.99,,2714
btc-updown-15m-1761238800,1761238800,845,,0.01,,,0,727.22,0.99,,7714
btc-updown-15m-1761238800,1761238800,850,,0.01,,,0,727.22,0.99,,2789
btc-updown-15m-1761238800,1761238800,855,,0.01,,,0,727.22,0.99,,4331
btc-updown-15m-1761238800,1761238800,860,,0.01,,,0,782.22,0.99,,2467
btc-updown-15m-1761238800,1761238800,865,,0.01,,,0,782.22,0.99,,4360
btc-updown-15m-1761238800,1761238800,870,,0.01,,,0,782.22,0.99,,2787
btc-updown-15m-1761238800,1761238800,875,,0.01,,,0,782.22,0.99,,4379
btc-updown-15m-1761238800,1761238800,880,,0.01,,,0,782.22,0.99,,2776
btc-updown-15m-1761238800,1761238800,885,,0.01,,,0,782.22,0.99,,4310
btc-updown-15m-1761238800,1761238800,890,,0.01,,,0,782.22,0.99,,2771
btc-updown-15m-1761238800,1761238800,895,,0.01,,,0,782.22,0.99,,4156
btc-updown-15m-1761238800,1761238800,897,,0.01,,,0,782.22,0.99,,823
btc-updown-15m-1761238800,1761238800,899,,0.01,,,0,787.22,0.99,,987
btc-updown-15m-1761238800,1761238800,900,,0.01,,,0,794.22,0.99,,14
btc-updown-15m-1761242400,1761242400,0,0.46,0.47,0.465,0.01,118,454.25,0.53,0.54,1181
btc-updown-15m-1761242400,1761242400,15,0.46,0.51,0.485,0.05,204.1,90,0.49,0.54,409
btc-updown-15m-1761242400,1761242400,30,0.48,0.52,0.5,0.04,188.8,125,0.48,0.52,32
btc-updown-15m-1761242400,1761242400,45,0.53,0.54,0.535,0.01,310,60,0.46,0.47,151
btc-updown-15m-1761242400,1761242400,60,0.5,0.54,0.52,0.04,96.4,55,0.46,0.5,7
btc-updown-15m-1761242400,1761242400,75,0.49,0.52,0.505,0.03,118.8,63,0.48,0.51,165
btc-updown-15m-1761242400,1761242400,90,0.48,0.51,0.495,0.03,122.3,142,0.49,0.52,85
btc-updown-15m-1761242400,1761242400,105,0.44,0.47,0.455,0.03,89.8,50,0.53,0.56,283
btc-updown-15m-1761242400,1761242400,120,0.41,0.46,0.435,0.05,147.3,45,0.54,0.59,14
btc-updown-15m-1761242400,1761242400,135,0.42,0.46,0.44,0.04,180,30,0.54,0.58,146
btc-updown-15m-1761242400,1761242400,150,0.42,0.47,0.445,0.05,157.3,55.72,0.53,0.58,238
btc-updown-15m-1761242400,1761242400,165,0.35,0.38,0.365,0.03,50,65.72,0.62,0.65,1
btc-updown-15m-1761242400,1761242400,180,0.34,0.37,0.355,0.03,40,25,0.63,0.66,33
btc-updown-15m-1761242400,1761242400,195,0.33,0.35,0.34,0.02,25,122,0.65,0.67,128
btc-updown-15m-1761242400,1761242400,210,0.29,0.36,0.325,0.07,196.5,209,0.64,0.71,0
btc-updown-15m-1761242400,1761242400,225,0.31,0.36,0.335,0.05,42,114,0.64,0.69,436
btc-updown-15m-1761242400,1761242400,240,0.33,0.36,0.345,0.03,661.94,538.28,0.64,0.67,8
btc-updown-15m-1761242400,1761242400,255,0.38,0.4,0.39,0.02,558.81,680.8,0.6,0.62,15
btc-updown-15m-1761242400,1761242400,270,0.34,0.38,0.36,0.04,630,1081.99,0.62,0.66,11
btc-updown-15m-1761242400,1761242400,285,0.34,0.39,0.365,0.05,663,705.99,0.61,0.66,17
btc-updown-15m-1761242400,1761242400,300,0.35,0.37,0.36,0.02,536.99,287,0.63,0.65,105
btc-updown-15m-1761242400,1761242400,315,0.36,0.39,0.375,0.03,539,685.99,0.61,0.64,0
btc-updown-15m-1761242400,1761242400,330,0.4,0.43,0.415,0.03,537.99,672.99,0.57,0.6,363
btc-updown-15m-1761242400,1761242400,345,0.41,0.46,0.435,0.05,298,533.99,0.54,0.59,37
btc-updown-15m-1761242400,1761242400,360,0.34,0.38,0.36,0.04,786.99,533.99,0.62,0.66,42
btc-updown-15m-1761242400,1761242400,375,0.4,0.45,0.425,0.05,278.99,899,0.55,0.6,11
btc-updown-15m-1761242400,1761242400,390,0.28,0.33,0.305,0.05,791.5,564,0.67,0.72,44
btc-updown-15m-1761242400,1761242400,405,0.27,0.29,0.28,0.02,533.98,266.98,0.71,0.73,21
btc-updown-15m-1761242400,1761242400,420,0.25,0.27,0.26,0.02,287.62,508,0.73,0.75,36
btc-updown-15m-1761242400,1761242400,435,0.26,0.27,0.265,0.01,566.62,514.47,0.73,0.74,330
btc-updown-15m-1761242400,1761242400,450,0.18,0.19,0.185,0.01,268,138.98,0.81,0.82,14
btc-updown-15m-1761242400,1761242400,465,0.14,0.15,0.145,0.01,752.25,236.93,0.85,0.86,253
btc-updown-15m-1761242400,1761242400,480,0.11,0.15,0.13,0.04,816.72,634.93,0.85,0.89,3
btc-updown-15m-1761242400,1761242400,495,0.1,0.13,0.115,0.03,636,403,0.87,0.9,5
btc-updown-15m-1761242400,1761242400,510,0.11,0.16,0.135,0.05,758,686,0.84,0.89,0
btc-updown-15m-1761242400,1761242400,525,0.13,0.16,0.145,0.03,767,439,0.84,0.87,1
btc-updown-15m-1761242400,1761242400,540,0.11,0.15,0.13,0.04,284,1059,0.85,0.89,2
btc-updown-15m-1761242400,1761242400,555,0.07,0.11,0.09,0.04,807,437.3,0.89,0.93,116
btc-updown-15m-1761242400,1761242400,570,0.05,0.08,0.065,0.03,725,486.77,0.92,0.95,2
btc-updown-15m-1761242400,1761242400,585,0.04,0.06,0.05,0.02,837,428.77,0.94,0.96,260
btc-updown-15m-1761242400,1761242400,600,0.02,0.06,0.04,0.04,1596,678.77,0.94,0.98,163
btc-updown-15m-1761242400,1761242400,615,0.12,0.14,0.13,0.02,757,188.4,0.86,0.88,37
btc-updown-15m-1761242400,1761242400,630,0.13,0.17,0.15,0.04,729.28,311.6,0.83,0.87,265
btc-updown-15m-1761242400,1761242400,645,0.12,0.14,0.13,0.02,772,79.4,0.86,0.88,4
btc-updown-15m-1761242400,1761242400,660,0.09,0.12,0.105,0.03,775.77,614,0.88,0.91,345
btc-updown-15m-1761242400,1761242400,675,0.16,0.21,0.185,0.05,650,518.26,0.79,0.84,0
btc-updown-15m-1761242400,1761242400,690,0.12,0.16,0.14,0.04,654.86,515,0.84,0.88,33
btc-updown-15m-1761242400,1761242400,705,0.04,0.07,0.055,0.03,1008.16,440.38,0.93,0.96,8
btc-updown-15m-1761242400,1761242400,720,0.02,0.07,0.045,0.05,1564,60.22,0.93,0.98,117
btc-updown-15m-1761242400,1761242400,735,0.03,0.08,0.055,0.05,1800,140,0.92,0.97,37
btc-updown-15m-1761242400,1761242400,750,0.03,0.08,0.055,0.05,1799,35,0.92,0.97,27
btc-updown-15m-1761242400,1761242400,765,0.09,0.14,0.115,0.05,20.99,325.3,0.86,0.91,1122
btc-updown-15m-1761242400,1761242400,780,0.03,0.08,0.055,0.05,1064.99,559.5,0.92,0.97,2
btc-updown-15m-1761242400,1761242400,795,0.01,0.03,0.02,0.02,233.19,745.88,0.97,0.99,5
btc-updown-15m-1761242400,1761242400,810,,0.03,,,0,527.9,0.97,,3
btc-updown-15m-1761242400,1761242400,825,,0.01,,,0,1378.81,0.99,,159
btc-updown-15m-1761242400,1761242400,840,,0.01,,,0,1376.74,0.99,,129
btc-updown-15m-1761242400,1761242400,845,,0.01,,,0,1366.74,0.99,,365
btc-updown-15m-1761242400,1761242400,850,,0.01,,,0,1366.74,0.99,,210
btc-updown-15m-1761242400,1761242400,855,,0.01,,,0,1349.17,0.99,,108
btc-updown-15m-1761242400,1761242400,860,,0.01,,,0,1449.17,0.99,,318
btc-updown-15m-1761242400,1761242400,865,,0.01,,,0,1449.17,0.99,,86
btc-updown-15m-1761242400,1761242400,870,,0.01,,,0,1449.17,0.99,,241
btc-updown-15m-1761242400,1761242400,875,,0.01,,,0,1254.17,0.99,,27
btc-updown-15m-1761242400,1761242400,880,,0.01,,,0,1254.17,0.99,,194
btc-updown-15m-1761242400,1761242400,885,,0.01,,,0,1254.17,0.99,,52
btc-updown-15m-1761242400,1761242400,890,,0.01,,,0,1254.17,0.99,,254
btc-updown-15m-1761242400,1761242400,895,,0.01,,,0,1179.17,0.99,,82
btc-updown-15m-1761242400,1761242400,897,,0.01,,,0,1179.17,0.99,,11
btc-updown-15m-1761242400,1761242400,899,,0.01,,,0,1534.17,0.99,,2
btc-updown-15m-1761242400,1761242400,900,,0.01,,,0,1534.17,0.99,,378
btc-updown-15m-1761246900,1761246900,0,,,,,0,0,,,
btc-updown-15m-1761246900,1761246900,15,,,,,0,0,,,
btc-updown-15m-1761246900,1761246900,30,,,,,0,0,,,
btc-updown-15m-1761246900,1761246900,45,,,,,0,0,,,
btc-updown-15m-1761246900,1761246900,60,0.32,0.35,0.335,0.03,379.12,887.14,0.65,0.68,2092
btc-updown-15m-1761246900,1761246900,75,0.29,0.33,0.31,0.04,176.7,650,0.67,0.71,657
btc-updown-15m-1761246900,1761246900,90,0.29,0.31,0.3,0.02,65.86,780,0.69,0.71,177
btc-updown-15m-1761246900,1761246900,105,0.27,0.3,0.285,0.03,70,688.54,0.7,0.73,388
btc-updown-15m-1761246900,1761246900,120,0.35,0.39,0.37,0.04,60,975,0.61,0.65,33
btc-updown-15m-1761246900,1761246900,135,0.35,0.38,0.365,0.03,41,800,0.62,0.65,71
btc-updown-15m-1761246900,1761246900,150,0.33,0.39,0.36,0.06,52,855,0.61,0.67,602
btc-updown-15m-1761246900,1761246900,165,0.28,0.32,0.3,0.04,109,750,0.68,0.72,329
btc-updown-15m-1761246900,1761246900,180,0.26,0.3,0.28,0.04,99.4,851,0.7,0.74,41
btc-updown-15m-1761246900,1761246900,195,0.25,0.27,0.26,0.02,40,270,0.73,0.75,76
btc-updown-15m-1761246900,1761246900,210,0.22,0.23,0.225,0.01,275,693.58,0.77,0.78,694
btc-updown-15m-1761246900,1761246900,225,0.2,0.22,0.21,0.02,105.99,698.58,0.78,0.8,280
btc-updown-15m-1761246900,1761246900,240,0.24,0.25,0.245,0.01,543.24,1833,0.75,0.76,10
btc-updown-15m-1761246900,1761246900,255,0.2,0.25,0.225,0.05,202.24,838,0.75,0.8,1
btc-updown-15m-1761246900,1761246900,270,0.2,0.24,0.22,0.04,213.24,778,0.76,0.8,549
btc-updown-15m-1761246900,1761246900,285,0.2,0.22,0.21,0.02,408.24,523,0.78,0.8,285
btc-updown-15m-1761246900,1761246900,300,0.2,0.24,0.22,0.04,364.99,824,0.76,0.8,20
btc-updown-15m-1761246900,1761246900,315,0.2,0.25,0.225,0.05,413.61,1784,0.75,0.8,3
btc-updown-15m-1761246900,1761246900,330,0.23,0.26,0.245,0.03,163.77,1510,0.74,0.77,6
btc-updown-15m-1761246900,1761246900,345,0.25,0.28,0.265,0.03,108.6,30,0.72,0.75,5
btc-updown-15m-1761246900,1761246900,360,0.26,0.31,0.285,0.05,61,266,0.69,0.74,28
btc-updown-15m-1761246900,1761246900,375,0.34,0.36,0.35,0.02,290,204,0.64,0.66,14
btc-updown-15m-1761246900,1761246900,390,0.4,0.44,0.42,0.04,83.53,220,0.56,0.6,18
btc-updown-15m-1761246900,1761246900,405,0.4,0.44,0.42,0.04,33,188,0.56,0.6,19
btc-updown-15m-1761246900,1761246900,420,0.37,0.45,0.41,0.08,188.68,245,0.55,0.63,64
btc-updown-15m-1761246900,1761246900,435,0.43,0.46,0.445,0.03,142.79,287.71,0.54,0.57,13
btc-updown-15m-1761246900,1761246900,450,0.49,0.51,0.5,0.02,69,100.1,0.49,0.51,6
btc-updown-15m-1761246900,1761246900,465,0.56,0.61,0.585,0.05,148.52,113.32,0.39,0.44,0
btc-updown-15m-1761246900,1761246900,480,0.49,0.55,0.52,0.06,63,202,0.45,0.51,2630
btc-updown-15m-1761246900,1761246900,495,0.6,0.63,0.615,0.03,103.99,225.3,0.37,0.4,869
btc-updown-15m-1761246900,1761246900,510,0.56,0.64,0.6,0.08,265.32,319,0.36,0.44,303
btc-updown-15m-1761246900,1761246900,525,0.56,0.59,0.575,0.03,286.05,122.46,0.41,0.44,191
btc-updown-15m-1761246900,1761246900,540,0.62,0.65,0.635,0.03,126,119,0.35,0.38,28
btc-updown-15m-1761246900,1761246900,555,0.75,0.79,0.77,0.04,116.95,171.7,0.21,0.25,9
btc-updown-15m-1761246900,1761246900,570,0.72,0.77,0.745,0.05,135,128.9,0.23,0.28,26
btc-updown-15m-1761246900,1761246900,585,0.8,0.83,0.815,0.03,25,168,0.17,0.2,30
btc-updown-15m-1761246900,1761246900,600,0.79,0.84,0.815,0.05,49.99,125.71,0.16,0.21,120
btc-updown-15m-1761246900,1761246900,615,0.84,0.89,0.865,0.05,62,74.15,0.11,0.16,266
btc-updown-15m-1761246900,1761246900,630,0.85,0.95,0.9,0.1,240,356.72,0.05,0.15,6
btc-updown-15m-1761246900,1761246900,645,0.88,0.94,0.91,0.06,46.63,534.5,0.06,0.12,44
btc-updown-15m-1761246900,1761246900,660,0.81,0.89,0.85,0.08,56,235.71,0.11,0.19,233
btc-updown-15m-1761246900,1761246900,675,0.9,0.94,0.92,0.04,42,372.13,0.06,0.1,1300
btc-updown-15m-1761246900,1761246900,690,0.86,0.93,0.895,0.07,59.76,505.62,0.07,0.14,47
btc-updown-15m-1761246900,1761246900,705,0.88,0.93,0.905,0.05,53.63,487.42,0.07,0.12,5
btc-updown-15m-1761246900,1761246900,720,0.92,0.94,0.93,0.02,290,572.33,0.06,0.08,424
btc-updown-15m-1761246900,1761246900,735,0.92,0.96,0.94,0.04,225,480.67,0.04,0.08,476
btc-updown-15m-1761246900,1761246900,750,0.96,0.97,0.965,0.01,294.59,5164.59,0.03,0.04,319
btc-updown-15m-1761246900,1761246900,765,0.96,0.97,0.965,0.01,294.59,5170.09,0.03,0.04,227
btc-updown-15m-1761246900,1761246900,780,0.92,0.96,0.94,0.04,126.48,343.31,0.04,0.08,28
btc-updown-15m-1761246900,1761246900,795,0.94,0.98,0.96,0.04,160.61,3016.61,0.02,0.06,852
btc-updown-15m-1761246900,1761246900,810,0.98,0.99,0.985,0.01,214.77,610.17,0.01,0.02,13
btc-updown-15m-1761246900,1761246900,825,0.99,,,,189.22,0,,0.01,1525
btc-updown-15m-1761246900,1761246900,840,0.99,,,,303.92,0,,0.01,665
btc-updown-15m-1761246900,1761246900,845,0.99,,,,313.92,0,,0.01,100
btc-updown-15m-1761246900,1761246900,850,0.99,,,,1313.92,0,,0.01,693
btc-updown-15m-1761246900,1761246900,855,0.99,,,,1313.92,0,,0.01,5693
btc-updown-15m-1761246900,1761246900,860,0.99,,,,1313.92,0,,0.01,751
btc-updown-15m-1761246900,1761246900,865,0.99,,,,1213.92,0,,0.01,331
btc-updown-15m-1761246900,1761246900,870,0.99,,,,1213.92,0,,0.01,953
btc-updown-15m-1761246900,1761246900,875,0.99,,,,1135.92,0,,0.01,1893
btc-updown-15m-1761246900,1761246900,880,0.99,,,,1135.92,0,,0.01,968
btc-updown-15m-1761246900,1761246900,885,0.99,,,,1135.92,0,,0.01,5968
btc-updown-15m-1761246900,1761246900,890,0.99,,,,1135.92,0,,0.01,933
btc-updown-15m-1761246900,1761246900,895,0.99,,,,1160.92,0,,0.01,3891
btc-updown-15m-1761246900,1761246900,897,0.99,,,,1160.92,0,,0.01,5891
btc-updown-15m-1761246900,1761246900,899,0.99,,,,1510.92,0,,0.01,738
btc-updown-15m-1761246900,1761246900,900,0.99,,,,1517.92,0,,0.01,2
btc-updown-15m-1761251400,1761251400,0,0.46,0.52,0.49,0.06,333,69,0.48,0.54,1412
btc-updown-15m-1761251400,1761251400,15,0.46,0.49,0.475,0.03,226.66,465.36,0.51,0.54,52
btc-updown-15m-1761251400,1761251400,30,0.49,0.51,0.5,0.02,40.66,38.66,0.49,0.51,537
btc-updown-15m-1761251400,1761251400,45,0.46,0.51,0.485,0.05,1030.75,41.69,0.49,0.54,0
btc-updown-15m-1761251400,1761251400,60,0.47,0.53,0.5,0.06,867.08,371.01,0.47,0.53,520
btc-updown-15m-1761251400,1761251400,75,0.64,0.66,0.65,0.02,117.72,603.36,0.34,0.36,1
btc-updown-15m-1761251400,1761251400,90,0.6,0.65,0.625,0.05,152.66,832.66,0.35,0.4,150
btc-updown-15m-1761251400,1761251400,105,0.56,0.62,0.59,0.06,122.66,864.66,0.38,0.44,105
btc-updown-15m-1761251400,1761251400,120,0.55,0.62,0.585,0.07,567,796,0.38,0.45,13
btc-updown-15m-1761251400,1761251400,135,0.58,0.61,0.595,0.03,321,88,0.39,0.42,18
btc-updown-15m-1761251400,1761251400,150,0.57,0.62,0.595,0.05,107.66,504.34,0.38,0.43,7
btc-updown-15m-1761251400,1761251400,165,0.53,0.58,0.555,0.05,362.66,303.66,0.42,0.47,104
btc-updown-15m-1761251400,1761251400,180,0.53,0.57,0.55,0.04,306.02,39.66,0.43,0.47,190
btc-updown-15m-1761251400,1761251400,195,0.56,0.61,0.585,0.05,41,795.08,0.39,0.44,21
btc-updown-15m-1761251400,1761251400,210,0.57,0.62,0.595,0.05,170,469.98,0.38,0.43,11
btc-updown-15m-1761251400,1761251400,225,0.56,0.61,0.585,0.05,195.66,768.94,0.39,0.44,178
btc-updown-15m-1761251400,1761251400,240,0.56,0.62,0.59,0.06,144.66,558.54,0.38,0.44,64
btc-updown-15m-1761251400,1761251400,255,0.61,0.64,0.625,0.03,67,583.06,0.36,0.39,23
btc-updown-15m-1761251400,1761251400,270,0.63,0.67,0.65,0.04,145,634.96,0.33,0.37,5
btc-updown-15m-1761251400,1761251400,285,0.71,0.75,0.73,0.04,134,510.63,0.25,0.29,274
btc-updown-15m-1761251400,1761251400,300,0.72,0.76,0.74,0.04,92.66,857.66,0.24,0.28,1
btc-updown-15m-1761251400,1761251400,315,0.73,0.75,0.74,0.02,106.66,99,0.25,0.27,132
btc-updown-15m-1761251400,1761251400,330,0.72,0.78,0.75,0.06,313.66,603.66,0.22,0.28,476
btc-updown-15m-1761251400,1761251400,345,0.7,0.75,0.725,0.05,97.66,855.06,0.25,0.3,215
btc-updown-15m-1761251400,1761251400,360,0.67,0.71,0.69,0.04,113,103.1,0.29,0.33,2
btc-updown-15m-1761251400,1761251400,375,0.65,0.72,0.685,0.07,671.66,586.97,0.28,0.35,142
btc-updown-15m-1761251400,1761251400,390,0.7,0.75,0.725,0.05,56.66,820.76,0.25,0.3,175
btc-updown-15m-1761251400,1761251400,405,0.68,0.74,0.71,0.06,317,561.43,0.26,0.32,55
btc-updown-15m-1761251400,1761251400,420,0.69,0.74,0.715,0.05,323.66,359.28,0.26,0.31,67
btc-updown-15m-1761251400,1761251400,435,0.69,0.75,0.72,0.06,772.28,113.23,0.25,0.31,224
btc-updown-15m-1761251400,1761251400,450,0.69,0.75,0.72,0.06,817.28,105.23,0.25,0.31,716
btc-updown-15m-1761251400,1761251400,465,0.7,0.75,0.725,0.05,779.28,90.09,0.25,0.3,514
btc-updown-15m-1761251400,1761251400,480,0.72,0.78,0.75,0.06,499.96,704.02,0.22,0.28,26
btc-updown-15m-1761251400,1761251400,495,0.65,0.68,0.665,0.03,36,291,0.32,0.35,11
btc-updown-15m-1761251400,1761251400,510,0.57,0.61,0.59,0.04,170.2,515,0.39,0.43,376
btc-updown-15m-1761251400,1761251400,525,0.52,0.59,0.555,0.07,470,498.03,0.41,0.48,0
btc-updown-15m-1761251400,1761251400,540,0.49,0.56,0.525,0.07,453.97,791,0.44,0.51,50
btc-updown-15m-1761251400,1761251400,555,0.39,0.42,0.405,0.03,29,790,0.58,0.61,25
btc-updown-15m-1761251400,1761251400,570,0.39,0.43,0.41,0.04,117,29,0.57,0.61,298
btc-updown-15m-1761251400,1761251400,585,0.35,0.39,0.37,0.04,271,343,0.61,0.65,2
btc-updown-15m-1761251400,1761251400,600,0.15,0.16,0.155,0.01,495.58,242.64,0.84,0.85,4
btc-updown-15m-1761251400,1761251400,615,0.12,0.18,0.15,0.06,637.13,18.75,0.82,0.88,5
btc-updown-15m-1761251400,1761251400,630,0.1,0.15,0.125,0.05,146.92,812.54,0.85,0.9,39
btc-updown-15m-1761251400,1761251400,645,0.1,0.16,0.13,0.06,82.16,810,0.84,0.9,153
btc-updown-15m-1761251400,1761251400,660,0.08,0.15,0.115,0.07,560.66,665.26,0.85,0.92,166
btc-updown-15m-1761251400,1761251400,675,0.04,0.09,0.065,0.05,609,478.27,0.91,0.96,38
btc-updown-15m-1761251400,1761251400,690,0.04,0.08,0.06,0.04,634.09,248.92,0.92,0.96,26
btc-updown-15m-1761251400,1761251400,705,0.07,0.1,0.085,0.03,119.99,273,0.9,0.93,115
btc-updown-15m-1761251400,1761251400,720,0.12,0.17,0.145,0.05,148.55,896,0.83,0.88,261
btc-updown-15m-1761251400,1761251400,735,0.16,0.2,0.18,0.04,122.71,360.59,0.8,0.84,11
btc-updown-15m-1761251400,1761251400,750,0.06,0.16,0.11,0.1,756,633.58,0.84,0.94,1
btc-updown-15m-1761251400,1761251400,765,0.06,0.11,0.085,0.05,355.99,164,0.89,0.94,45
btc-updown-15m-1761251400,1761251400,780,0.05,0.13,0.09,0.08,674.1,395,0.87,0.95,27
btc-updown-15m-1761251400,1761251400,795,0.02,0.09,0.055,0.07,662.8,188.66,0.91,0.98,14
btc-updown-15m-1761251400,1761251400,810,0.02,0.09,0.055,0.07,721.34,294.08,0.91,0.98,545
btc-updown-15m-1761251400,1761251400,825,0.02,0.06,0.04,0.04,728.97,21,0.94,0.98,152
btc-updown-15m-1761251400,1761251400,840,0.01,0.06,0.035,0.05,744.97,172.69,0.94,0.99,24
btc-updown-15m-1761251400,1761251400,845,0.01,0.07,0.04,0.06,743.95,289.08,0.93,0.99,75
btc-updown-15m-1761251400,1761251400,850,0.01,0.08,0.045,0.07,723.74,283.08,0.92,0.99,155
btc-updown-15m-1761251400,1761251400,855,0.01,0.09,0.05,0.08,715.76,33.08,0.91,0.99,51
btc-updown-15m-1761251400,1761251400,860,0.01,0.1,0.055,0.09,710.76,278.08,0.9,0.99,72
btc-updown-15m-1761251400,1761251400,865,0.01,0.11,0.06,0.1,509.47,270,0.89,0.99,155
btc-updown-15m-1761251400,1761251400,870,0.01,0.09,0.05,0.08,508.45,275,0.91,0.99,70
btc-updown-15m-1761251400,1761251400,875,0.02,0.04,0.03,0.02,512.12,424.99,0.96,0.98,262
btc-updown-15m-1761251400,1761251400,880,0.01,0.03,0.02,0.02,488.24,399.99,0.97,0.99,20
btc-updown-15m-1761251400,1761251400,885,,0.01,,,0,873,0.99,,78
btc-updown-15m-1761251400,1761251400,890,,0.01,,,0,1370,0.99,,8
btc-updown-15m-1761251400,1761251400,895,,0.01,,,0,1845,0.99,,628
btc-updown-15m-1761251400,1761251400,897,,0.01,,,0,1840,0.99,,37
btc-updown-15m-1761251400,1761251400,899,,0.01,,,0,1945,0.99,,74
btc-updown-15m-1761251400,1761251400,900,,0.01,,,0,1952,0.99,,131
btc-updown-15m-1761255900,1761255900,0,0.51,0.53,0.52,0.02,346.45,822,0.47,0.49,1659
btc-updown-15m-1761255900,1761255900,15,0.52,0.54,0.53,0.02,173,182,0.46,0.48,68
btc-updown-15m-1761255900,1761255900,30,0.54,0.58,0.56,0.04,186,163.5,0.42,0.46,23
btc-updown-15m-1761255900,1761255900,45,0.56,0.6,0.58,0.04,169,305.2,0.4,0.44,52
btc-updown-15m-1761255900,1761255900,60,0.58,0.62,0.6,0.04,100,348.73,0.38,0.42,311
btc-updown-15m-1761255900,1761255900,75,0.62,0.65,0.635,0.03,59,158.5,0.35,0.38,434
btc-updown-15m-1761255900,1761255900,90,0.63,0.68,0.655,0.05,63.07,191,0.32,0.37,95
btc-updown-15m-1761255900,1761255900,105,0.71,0.76,0.735,0.05,326,167.73,0.24,0.29,45
btc-updown-15m-1761255900,1761255900,120,0.7,0.74,0.72,0.04,83.91,231.23,0.26,0.3,187
btc-updown-15m-1761255900,1761255900,135,0.62,0.67,0.645,0.05,126.28,119.52,0.33,0.38,40
btc-updown-15m-1761255900,1761255900,150,0.55,0.58,0.565,0.03,215.1,67.83,0.42,0.45,85
btc-updown-15m-1761255900,1761255900,165,0.56,0.63,0.595,0.07,66.09,130,0.37,0.44,23
btc-updown-15m-1761255900,1761255900,180,0.53,0.57,0.55,0.04,174.9,167.38,0.43,0.47,106
btc-updown-15m-1761255900,1761255900,195,0.65,0.69,0.67,0.04,33.68,152,0.31,0.35,92
btc-updown-15m-1761255900,1761255900,210,0.65,0.69,0.67,0.04,89.9,209.02,0.31,0.35,53
btc-updown-15m-1761255900,1761255900,225,0.66,0.69,0.675,0.03,83,43,0.31,0.34,6
btc-updown-15m-1761255900,1761255900,240,0.61,0.64,0.625,0.03,70.36,129,0.36,0.39,29
btc-updown-15m-1761255900,1761255900,255,0.66,0.7,0.68,0.04,67.5,162.64,0.3,0.34,2
btc-updown-15m-1761255900,1761255900,270,0.7,0.75,0.725,0.05,35,182.13,0.25,0.3,38
btc-updown-15m-1761255900,1761255900,285,0.69,0.75,0.72,0.06,86.37,220.46,0.25,0.31,187
btc-updown-15m-1761255900,1761255900,300,0.67,0.71,0.69,0.04,81.72,143.66,0.29,0.33,2
btc-updown-15m-1761255900,1761255900,315,0.65,0.68,0.665,0.03,106.98,164,0.32,0.35,11
btc-updown-15m-1761255900,1761255900,330,0.61,0.67,0.64,0.06,74.3,181.75,0.33,0.39,29
btc-updown-15m-1761255900,1761255900,345,0.66,0.71,0.685,0.05,561.11,257,0.29,0.34,201
btc-updown-15m-1761255900,1761255900,360,0.67,0.68,0.675,0.01,345.74,43,0.32,0.33,26
btc-updown-15m-1761255900,1761255900,375,0.71,0.73,0.72,0.02,124.64,164,0.27,0.29,272
btc-updown-15m-1761255900,1761255900,390,0.64,0.69,0.665,0.05,302,322.56,0.31,0.36,15
btc-updown-15m-1761255900,1761255900,405,0.64,0.71,0.675,0.07,55.02,656.81,0.29,0.36,4
btc-updown-15m-1761255900,1761255900,420,0.76,0.77,0.765,0.01,58.99,167.03,0.23,0.24,3
btc-updown-15m-1761255900,1761255900,435,0.76,0.8,0.78,0.04,559,61,0.2,0.24,169
btc-updown-15m-1761255900,1761255900,450,0.76,0.82,0.79,0.06,547,851,0.18,0.24,36
btc-updown-15m-1761255900,1761255900,465,0.8,0.84,0.82,0.04,50,601.6,0.16,0.2,24
btc-updown-15m-1761255900,1761255900,480,0.84,0.87,0.855,0.03,51,1371.7,0.13,0.16,82
btc-updown-15m-1761255900,1761255900,495,0.87,0.89,0.88,0.02,61,1251.39,0.11,0.13,269
btc-updown-15m-1761255900,1761255900,510,0.86,0.87,0.865,0.01,313,610,0.13,0.14,56
btc-updown-15m-1761255900,1761255900,525,0.86,0.89,0.875,0.03,302,839.86,0.11,0.14,42
btc-updown-15m-1761255900,1761255900,540,0.86,0.89,0.875,0.03,300,432.86,0.11,0.14,126
btc-updown-15m-1761255900,1761255900,555,0.86,0.89,0.875,0.03,656.5,533.38,0.11,0.14,81
btc-updown-15m-1761255900,1761255900,570,0.86,0.89,0.875,0.03,672.5,435.57,0.11,0.14,156
btc-updown-15m-1761255900,1761255900,585,0.81,0.87,0.84,0.06,357.3,588,0.13,0.19,49
btc-updown-15m-1761255900,1761255900,600,0.69,0.72,0.705,0.03,304.4,158,0.28,0.31,2
btc-updown-15m-1761255900,1761255900,615,0.62,0.65,0.635,0.03,532.27,65,0.35,0.38,62
btc-updown-15m-1761255900,1761255900,630,0.74,0.77,0.755,0.03,284,347,0.23,0.26,560
btc-updown-15m-1761255900,1761255900,645,0.73,0.77,0.75,0.04,283,548,0.23,0.27,24
btc-updown-15m-1761255900,1761255900,660,0.8,0.82,0.81,0.02,40,230,0.18,0.2,129
btc-updown-15m-1761255900,1761255900,675,0.8,0.83,0.815,0.03,528.66,245.22,0.17,0.2,414
btc-updown-15m-1761255900,1761255900,690,0.83,0.85,0.84,0.02,52,573.3,0.15,0.17,63
btc-updown-15m-1761255900,1761255900,705,0.83,0.85,0.84,0.02,52,175.52,0.15,0.17,402
btc-updown-15m-1761255900,1761255900,720,0.76,0.82,0.79,0.06,92,199,0.18,0.24,4
btc-updown-15m-1761255900,1761255900,735,0.6,0.62,0.61,0.02,631.98,98.35,0.38,0.4,153
btc-updown-15m-1761255900,1761255900,750,0.66,0.7,0.68,0.04,536,211,0.3,0.34,1437
btc-updown-15m-1761255900,1761255900,765,0.79,0.81,0.8,0.02,548.88,407.4,0.19,0.21,1
btc-updown-15m-1761255900,1761255900,780,0.83,0.85,0.84,0.02,38.08,239.15,0.15,0.17,24
btc-updown-15m-1761255900,1761255900,795,0.82,0.85,0.835,0.03,476.08,137.43,0.15,0.18,215
btc-updown-15m-1761255900,1761255900,810,0.84,0.85,0.845,0.01,523.58,108.36,0.15,0.16,80
btc-updown-15m-1761255900,1761255900,825,0.86,0.89,0.875,0.03,398.23,54,0.11,0.14,12
btc-updown-15m-1761255900,1761255900,840,0.86,0.9,0.88,0.04,400.23,168,0.1,0.14,34
btc-updown-15m-1761255900,1761255900,845,0.72,0.79,0.755,0.07,302.01,100,0.21,0.28,20
btc-updown-15m-1761255900,1761255900,850,0.7,0.81,0.755,0.11,34.53,323,0.19,0.3,34
btc-updown-15m-1761255900,1761255900,855,0.85,0.9,0.875,0.05,31.53,113,0.1,0.15,9
btc-updown-15m-1761255900,1761255900,860,0.84,0.96,0.9,0.12,39.7,348.94,0.04,0.16,3
btc-updown-15m-1761255900,1761255900,865,0.86,0.99,0.925,0.13,25.88,348.05,0.01,0.14,33
btc-updown-15m-1761255900,1761255900,870,0.93,0.98,0.955,0.05,150.77,344.1,0.02,0.07,70
btc-updown-15m-1761255900,1761255900,875,0.98,0.99,0.985,0.01,551.27,308.18,0.01,0.02,71
btc-updown-15m-1761255900,1761255900,880,0.99,,,,604.32,0,,0.01,25
btc-updown-15m-1761255900,1761255900,885,0.99,,,,709.31,0,,0.01,285
btc-updown-15m-1761255900,1761255900,890,0.99,,,,75.81,0,,0.01,50
btc-updown-15m-1761255900,1761255900,895,0.99,,,,75.81,0,,0.01,3
btc-updown-15m-1761255900,1761255900,897,0.99,,,,75.81,0,,0.01,126
btc-updown-15m-1761255900,1761255900,899,0.99,,,,75.81,0,,0.01,168
btc-updown-15m-1761255900,1761255900,900,0.99,,,,82.81,0,,0.01,74
btc-updown-15m-1761260400,1761260400,0,0.47,0.52,0.495,0.05,102,96,0.48,0.53,962
btc-updown-15m-1761260400,1761260400,15,0.44,0.55,0.495,0.11,514.9,434,0.45,0.56,48
btc-updown-15m-1761260400,1761260400,30,0.5,0.56,0.53,0.06,83.23,217.4,0.44,0.5,127
btc-updown-15m-1761260400,1761260400,45,0.5,0.53,0.515,0.03,158.23,60,0.47,0.5,6
btc-updown-15m-1761260400,1761260400,60,0.45,0.51,0.48,0.06,110.23,142.9,0.49,0.55,468
btc-updown-15m-1761260400,1761260400,75,0.44,0.49,0.465,0.05,354.33,85,0.51,0.56,109
btc-updown-15m-1761260400,1761260400,90,0.4,0.44,0.42,0.04,76.62,288,0.56,0.6,292
btc-updown-15m-1761260400,1761260400,105,0.36,0.41,0.385,0.05,207.1,25,0.59,0.64,13
btc-updown-15m-1761260400,1761260400,120,0.37,0.42,0.395,0.05,49.84,209.92,0.58,0.63,5
btc-updown-15m-1761260400,1761260400,135,0.34,0.38,0.36,0.04,270.64,161.57,0.62,0.66,101
btc-updown-15m-1761260400,1761260400,150,0.34,0.38,0.36,0.04,256.1,161.57,0.62,0.66,237
btc-updown-15m-1761260400,1761260400,165,0.33,0.38,0.355,0.05,424.9,111.57,0.62,0.67,14
btc-updown-15m-1761260400,1761260400,180,0.33,0.35,0.34,0.02,228.8,68,0.65,0.67,85
btc-updown-15m-1761260400,1761260400,195,0.29,0.3,0.295,0.01,147.4,35,0.7,0.71,111
btc-updown-15m-1761260400,1761260400,210,0.27,0.32,0.295,0.05,28,83,0.68,0.73,91
btc-updown-15m-1761260400,1761260400,225,0.24,0.3,0.27,0.06,185.96,52,0.7,0.76,78
btc-updown-15m-1761260400,1761260400,240,0.27,0.3,0.285,0.03,97.76,52,0.7,0.73,245
btc-updown-15m-1761260400,1761260400,255,0.28,0.33,0.305,0.05,164.78,42,0.67,0.72,89
btc-updown-15m-1761260400,1761260400,270,0.27,0.31,0.29,0.04,288.29,74,0.69,0.73,15
btc-updown-15m-1761260400,1761260400,285,0.28,0.31,0.295,0.03,327,98,0.69,0.72,6
btc-updown-15m-1761260400,1761260400,300,0.3,0.35,0.325,0.05,274.7,44.14,0.65,0.7,240
btc-updown-15m-1761260400,1761260400,315,0.3,0.34,0.32,0.04,256,85.14,0.66,0.7,10
btc-updown-15m-1761260400,1761260400,330,0.3,0.35,0.325,0.05,255,44.14,0.65,0.7,119
btc-updown-15m-1761260400,1761260400,345,0.29,0.32,0.305,0.03,311.79,108.14,0.68,0.71,114
btc-updown-15m-1761260400,1761260400,360,0.19,0.23,0.21,0.04,60.46,260,0.77,0.81,39
btc-updown-15m-1761260400,1761260400,375,0.15,0.16,0.155,0.01,206.86,814,0.84,0.85,2
btc-updown-15m-1761260400,1761260400,390,0.12,0.15,0.135,0.03,298.36,855.11,0.85,0.88,194
btc-updown-15m-1761260400,1761260400,405,0.13,0.17,0.15,0.04,283.4,846.11,0.83,0.87,189
btc-updown-15m-1761260400,1761260400,420,0.13,0.17,0.15,0.04,202.4,820.22,0.83,0.87,174
btc-updown-15m-1761260400,1761260400,435,0.13,0.15,0.14,0.02,78,1224.22,0.85,0.87,261
btc-updown-15m-1761260400,1761260400,450,0.1,0.13,0.115,0.03,198,665.58,0.87,0.9,385
btc-updown-15m-1761260400,1761260400,465,0.14,0.15,0.145,0.01,65.8,419.28,0.85,0.86,7
btc-updown-15m-1761260400,1761260400,480,0.09,0.14,0.115,0.05,171.7,478.28,0.86,0.91,81
btc-updown-15m-1761260400,1761260400,495,0.12,0.15,0.135,0.03,42.44,408.28,0.85,0.88,128
btc-updown-15m-1761260400,1761260400,510,0.11,0.15,0.13,0.04,150.34,212.94,0.85,0.89,107
btc-updown-15m-1761260400,1761260400,525,0.1,0.15,0.125,0.05,208.54,176.94,0.85,0.9,269
btc-updown-15m-1761260400,1761260400,540,0.11,0.15,0.13,0.04,286.97,231.94,0.85,0.89,160
btc-updown-15m-1761260400,1761260400,555,0.11,0.15,0.13,0.04,490.97,153.94,0.85,0.89,100
btc-updown-15m-1761260400,1761260400,570,0.11,0.15,0.13,0.04,294.17,167.94,0.85,0.89,19
btc-updown-15m-1761260400,1761260400,585,0.11,0.14,0.125,0.03,245.17,208.94,0.86,0.89,35
btc-updown-15m-1761260400,1761260400,600,0.11,0.15,0.13,0.04,340.95,153.94,0.85,0.89,124
btc-updown-15m-1761260400,1761260400,615,0.11,0.13,0.12,0.02,320.51,75,0.87,0.89,239
btc-updown-15m-1761260400,1761260400,630,0.27,0.33,0.3,0.06,107,176.14,0.67,0.73,6
btc-updown-15m-1761260400,1761260400,645,0.28,0.35,0.315,0.07,92.31,305.47,0.65,0.72,50
btc-updown-15m-1761260400,1761260400,660,0.51,0.56,0.535,0.05,231.1,205,0.44,0.49,106
btc-updown-15m-1761260400,1761260400,675,0.5,0.52,0.51,0.02,18,418.04,0.48,0.5,111
btc-updown-15m-1761260400,1761260400,690,0.51,0.54,0.525,0.03,205,34.86,0.46,0.49,65
btc-updown-15m-1761260400,1761260400,705,0.33,0.34,0.335,0.01,198.14,60,0.66,0.67,0
btc-updown-15m-1761260400,1761260400,720,0.26,0.31,0.285,0.05,141.01,34.83,0.69,0.74,22
btc-updown-15m-1761260400,1761260400,735,0.3,0.37,0.335,0.07,88.14,57.5,0.63,0.7,366
btc-updown-15m-1761260400,1761260400,750,0.33,0.38,0.355,0.05,287,74.72,0.62,0.67,76
btc-updown-15m-1761260400,1761260400,765,0.32,0.35,0.335,0.03,360.54,55.07,0.65,0.68,40
btc-updown-15m-1761260400,1761260400,780,0.5,0.57,0.535,0.07,187.56,390.14,0.43,0.5,86
btc-updown-15m-1761260400,1761260400,795,0.59,0.65,0.62,0.06,107,43.41,0.35,0.41,25
btc-updown-15m-1761260400,1761260400,810,0.63,0.7,0.665,0.07,37,39.99,0.3,0.37,92
btc-updown-15m-1761260400,1761260400,825,0.74,0.99,0.865,0.25,92.52,61.4,0.01,0.26,21
btc-updown-15m-1761260400,1761260400,840,0.81,0.94,0.875,0.13,82.53,20,0.06,0.19,56
btc-updown-15m-1761260400,1761260400,845,0.83,0.94,0.885,0.11,68.53,117.35,0.06,0.17,38
btc-updown-15m-1761260400,1761260400,850,0.87,0.96,0.915,0.09,90,70,0.04,0.13,104
btc-updown-15m-1761260400,1761260400,855,0.86,0.99,0.925,0.13,103,374.15,0.01,0.14,31
btc-updown-15m-1761260400,1761260400,860,0.94,0.99,0.965,0.05,18.51,167.12,0.01,0.06,7
btc-updown-15m-1761260400,1761260400,865,0.94,0.99,0.965,0.05,18.51,165.09,0.01,0.06,97
btc-updown-15m-1761260400,1761260400,870,0.99,,,,508.6,0,,0.01,220
btc-updown-15m-1761260400,1761260400,875,0.99,,,,508.6,0,,0.01,153
btc-updown-15m-1761260400,1761260400,880,0.99,,,,1125.33,0,,0.01,118
btc-updown-15m-1761260400,1761260400,885,0.99,,,,1349.18,0,,0.01,217
btc-updown-15m-1761260400,1761260400,890,0.99,,,,1317.93,0,,0.01,50
btc-updown-15m-1761260400,1761260400,895,0.99,,,,1342.93,0,,0.01,111
btc-updown-15m-1761260400,1761260400,897,0.99,,,,1342.93,0,,0.01,140
btc-updown-15m-1761260400,1761260400,899,0.99,,,,1342.93,0,,0.01,753
btc-updown-15m-1761260400,1761260400,900,0.99,,,,1476.93,0,,0.01,192
btc-updown-15m-1761264900,1761264900,0,0.44,0.46,0.45,0.02,146.01,179.8,0.54,0.56,207
btc-updown-15m-1761264900,1761264900,15,0.45,0.5,0.475,0.05,127.3,35.75,0.5,0.55,181
btc-updown-15m-1761264900,1761264900,30,0.52,0.57,0.545,0.05,50,626.85,0.43,0.48,116
btc-updown-15m-1761264900,1761264900,45,0.49,0.56,0.525,0.07,158.9,225.75,0.44,0.51,300
btc-updown-15m-1761264900,1761264900,60,0.52,0.58,0.55,0.06,206.81,616.85,0.42,0.48,1426
btc-updown-15m-1761264900,1761264900,75,0.55,0.59,0.57,0.04,65.01,770.45,0.41,0.45,820
btc-updown-15m-1761264900,1761264900,90,0.51,0.56,0.535,0.05,41,237.85,0.44,0.49,14
btc-updown-15m-1761264900,1761264900,105,0.51,0.56,0.535,0.05,101.01,88,0.44,0.49,664
btc-updown-15m-1761264900,1761264900,120,0.44,0.53,0.485,0.09,692.4,203.35,0.47,0.56,1
btc-updown-15m-1761264900,1761264900,135,0.4,0.47,0.435,0.07,174.47,88,0.53,0.6,181
btc-updown-15m-1761264900,1761264900,150,0.49,0.51,0.5,0.02,87.85,150,0.49,0.51,12
btc-updown-15m-1761264900,1761264900,165,0.42,0.49,0.455,0.07,190.5,146.1,0.51,0.58,652
btc-updown-15m-1761264900,1761264900,180,0.41,0.48,0.445,0.07,197,86.6,0.52,0.59,169
btc-updown-15m-1761264900,1761264900,195,0.36,0.4,0.38,0.04,169,106.09,0.6,0.64,198
btc-updown-15m-1761264900,1761264900,210,0.44,0.47,0.455,0.03,79.04,95.6,0.53,0.56,32
btc-updown-15m-1761264900,1761264900,225,0.47,0.49,0.48,0.02,39,45.9,0.51,0.53,67
btc-updown-15m-1761264900,1761264900,240,0.51,0.57,0.54,0.06,36,130.85,0.43,0.49,168
btc-updown-15m-1761264900,1761264900,255,0.77,0.84,0.805,0.07,37,204.5,0.16,0.23,54
btc-updown-15m-1761264900,1761264900,270,0.87,0.88,0.875,0.01,299.38,339.4,0.12,0.13,16
btc-updown-15m-1761264900,1761264900,285,0.79,0.89,0.84,0.1,240,107.79,0.11,0.21,115
btc-updown-15m-1761264900,1761264900,300,0.82,0.88,0.85,0.06,247.65,27,0.12,0.18,8
btc-updown-15m-1761264900,1761264900,315,0.78,0.81,0.795,0.03,196,37.36,0.19,0.22,447
btc-updown-15m-1761264900,1761264900,330,0.79,0.83,0.81,0.04,101.4,14.36,0.17,0.21,17
btc-updown-15m-1761264900,1761264900,345,0.84,0.88,0.86,0.04,225.16,27,0.12,0.16,492
btc-updown-15m-1761264900,1761264900,360,0.81,0.88,0.845,0.07,257.2,226.94,0.12,0.19,25
btc-updown-15m-1761264900,1761264900,375,0.76,0.82,0.79,0.06,139.2,214.57,0.18,0.24,18
btc-updown-15m-1761264900,1761264900,390,0.81,0.86,0.835,0.05,94,149.94,0.14,0.19,105
btc-updown-15m-1761264900,1761264900,405,0.86,0.93,0.895,0.07,34,233,0.07,0.14,1625
btc-updown-15m-1761264900,1761264900,420,0.82,0.91,0.865,0.09,38,21,0.09,0.18,1210
btc-updown-15m-1761264900,1761264900,435,0.83,0.88,0.855,0.05,83,24,0.12,0.17,318
btc-updown-15m-1761264900,1761264900,450,0.82,0.87,0.845,0.05,80,168,0.13,0.18,1412
btc-updown-15m-1761264900,1761264900,465,0.75,0.84,0.795,0.09,183.4,76,0.16,0.25,162
btc-updown-15m-1761264900,1761264900,480,0.76,0.83,0.795,0.07,229.89,135,0.17,0.24,37
btc-updown-15m-1761264900,1761264900,495,0.75,0.83,0.79,0.08,149.6,172.5,0.17,0.25,100
btc-updown-15m-1761264900,1761264900,510,0.61,0.68,0.645,0.07,60.9,23,0.32,0.39,179
btc-updown-15m-1761264900,1761264900,525,0.53,0.59,0.56,0.06,65.83,159,0.41,0.47,67
btc-updown-15m-1761264900,1761264900,540,0.55,0.57,0.56,0.02,33,46,0.43,0.45,79
btc-updown-15m-1761264900,1761264900,555,0.67,0.72,0.695,0.05,58,178.2,0.28,0.33,35
btc-updown-15m-1761264900,1761264900,570,0.68,0.74,0.71,0.06,55,176,0.26,0.32,202
btc-updown-15m-1761264900,1761264900,585,0.71,0.76,0.735,0.05,72,157.6,0.24,0.29,115
btc-updown-15m-1761264900,1761264900,600,0.71,0.78,0.745,0.07,173.9,120.7,0.22,0.29,197
btc-updown-15m-1761264900,1761264900,615,0.77,0.84,0.805,0.07,31,128.5,0.16,0.23,138
btc-updown-15m-1761264900,1761264900,630,0.76,0.84,0.8,0.08,109.78,110.7,0.16,0.24,33
btc-updown-15m-1761264900,1761264900,645,0.76,0.86,0.81,0.1,62,24,0.14,0.24,1085
btc-updown-15m-1761264900,1761264900,660,0.75,0.83,0.79,0.08,52.11,72,0.17,0.25,835
btc-updown-15m-1761264900,1761264900,675,0.82,0.85,0.835,0.03,31,64.25,0.15,0.18,30
btc-updown-15m-1761264900,1761264900,690,0.75,0.87,0.81,0.12,43.11,97.2,0.13,0.25,282
btc-updown-15m-1761264900,1761264900,705,0.77,0.88,0.825,0.11,60.75,114.8,0.12,0.23,198
btc-updown-15m-1761264900,1761264900,720,0.47,0.52,0.495,0.05,236,189,0.48,0.53,1
btc-updown-15m-1761264900,1761264900,735,0.38,0.45,0.415,0.07,119,76.72,0.55,0.62,333
btc-updown-15m-1761264900,1761264900,750,0.31,0.38,0.345,0.07,26,244.95,0.62,0.69,136
btc-updown-15m-1761264900,1761264900,765,0.13,0.23,0.18,0.1,130.9,211,0.77,0.87,30
btc-updown-15m-1761264900,1761264900,780,0.1,0.2,0.15,0.1,111.5,151,0.8,0.9,73
btc-updown-15m-1761264900,1761264900,795,0.17,0.3,0.235,0.13,59,54,0.7,0.83,6
btc-updown-15m-1761264900,1761264900,810,0.17,0.29,0.23,0.12,155,47,0.71,0.83,2
btc-updown-15m-1761264900,1761264900,825,0.05,0.2,0.125,0.15,334.07,135.76,0.8,0.95,193
btc-updown-15m-1761264900,1761264900,840,0.05,0.14,0.095,0.09,614.5,82.54,0.86,0.95,122
btc-updown-15m-1761264900,1761264900,845,0.03,0.08,0.055,0.05,1524.32,44.54,0.92,0.97,106
btc-updown-15m-1761264900,1761264900,850,0.03,0.06,0.045,0.03,1561.32,84.54,0.94,0.97,73
btc-updown-15m-1761264900,1761264900,855,0.02,0.06,0.04,0.04,1490.09,79.54,0.94,0.98,273
btc-updown-15m-1761264900,1761264900,860,0.02,0.05,0.035,0.03,951.82,50,0.95,0.98,41
btc-updown-15m-1761264900,1761264900,865,0.01,0.05,0.03,0.04,946.82,55,0.95,0.99,187
btc-updown-15m-1761264900,1761264900,870,0.01,0.05,0.03,0.04,846.82,55,0.95,0.99,16
btc-updown-15m-1761264900,1761264900,875,0.01,0.02,0.015,0.01,846.82,2700,0.98,0.99,65
btc-updown-15m-1761264900,1761264900,880,0.01,0.02,0.015,0.01,818.79,2645,0.98,0.99,106
btc-updown-15m-1761264900,1761264900,885,0.01,0.02,0.015,0.01,659.29,2610,0.98,0.99,212
btc-updown-15m-1761264900,1761264900,890,,0.01,,,0,1310.04,0.99,,115
btc-updown-15m-1761264900,1761264900,895,,0.01,,,0,3878.97,0.99,,137
btc-updown-15m-1761264900,1761264900,897,,0.01,,,0,3888.97,0.99,,0
btc-updown-15m-1761264900,1761264900,899,,0.01,,,0,4488.97,0.99,,93
btc-updown-15m-1761264900,1761264900,900,,0.01,,,0,4488.97,0.99,,37
btc-updown-15m-1761276600,1761276600,0,,,,,0,0,,,
btc-updown-15m-1761276600,1761276600,15,,,,,0,0,,,
btc-updown-15m-1761276600,1761276600,30,,,,,0,0,,,
btc-updown-15m-1761276600,1761276600,45,,,,,0,0,,,
btc-updown-15m-1761276600,1761276600,60,,,,,0,0,,,
btc-updown-15m-1761276600,1761276600,75,,,,,0,0,,,
btc-updown-15m-1761276600,1761276600,90,,,,,0,0,,,
btc-updown-15m-1761276600,1761276600,105,,,,,0,0,,,
btc-updown-15m-1761276600,1761276600,120,,,,,0,0,,,
btc-updown-15m-1761276600,1761276600,135,0.28,0.34,0.31,0.06,195,150.2,0.66,0.72,428
btc-updown-15m-1761276600,1761276600,150,0.2,0.25,0.225,0.05,204.11,54,0.75,0.8,355
btc-updown-15m-1761276600,1761276600,165,0.2,0.24,0.22,0.04,72.43,54,0.76,0.8,168
btc-updown-15m-1761276600,1761276600,180,0.17,0.21,0.19,0.04,110.09,54,0.79,0.83,876
btc-updown-15m-1761276600,1761276600,195,0.16,0.21,0.185,0.05,90,35,0.79,0.84,595
btc-updown-15m-1761276600,1761276600,210,0.21,0.24,0.225,0.03,66,227.28,0.76,0.79,663
btc-updown-15m-1761276600,1761276600,225,0.19,0.24,0.215,0.05,56,169,0.76,0.81,396
btc-updown-15m-1761276600,1761276600,240,0.19,0.23,0.21,0.04,78.53,70,0.77,0.81,270
btc-updown-15m-1761276600,1761276600,255,0.16,0.21,0.185,0.05,177.3,68,0.79,0.84,37
btc-updown-15m-1761276600,1761276600,270,0.1,0.14,0.12,0.04,440,377.7,0.86,0.9,204
btc-updown-15m-1761276600,1761276600,285,0.1,0.14,0.12,0.04,717,195.85,0.86,0.9,305
btc-updown-15m-1761276600,1761276600,300,0.1,0.14,0.12,0.04,692,200.85,0.86,0.9,1387
btc-updown-15m-1761276600,1761276600,315,0.1,0.13,0.115,0.03,562.88,200.85,0.87,0.9,549
btc-updown-15m-1761276600,1761276600,330,0.06,0.1,0.08,0.04,841,216.85,0.9,0.94,1099
btc-updown-15m-1761276600,1761276600,345,0.07,0.11,0.09,0.04,660,173,0.89,0.93,139
btc-updown-15m-1761276600,1761276600,360,0.07,0.11,0.09,0.04,665,86.55,0.89,0.93,305
btc-updown-15m-1761276600,1761276600,375,0.08,0.13,0.105,0.05,246,136.85,0.87,0.92,969
btc-updown-15m-1761276600,1761276600,390,0.06,0.12,0.09,0.06,432,118.65,0.88,0.94,3056
btc-updown-15m-1761276600,1761276600,405,0.07,0.12,0.095,0.05,217,90.65,0.88,0.93,1120
btc-updown-15m-1761276600,1761276600,420,0.06,0.1,0.08,0.04,381.25,67.33,0.9,0.94,92
btc-updown-15m-1761276600,1761276600,435,0.09,0.17,0.13,0.08,200,119.5,0.83,0.91,21
btc-updown-15m-1761276600,1761276600,450,0.13,0.2,0.165,0.07,72,67,0.8,0.87,1659
btc-updown-15m-1761276600,1761276600,465,0.15,0.21,0.18,0.06,29,107.6,0.79,0.85,30
btc-updown-15m-1761276600,1761276600,480,0.13,0.19,0.16,0.06,85,84.3,0.81,0.87,402
btc-updown-15m-1761276600,1761276600,495,0.14,0.18,0.16,0.04,153,39,0.82,0.86,297
btc-updown-15m-1761276600,1761276600,510,0.21,0.26,0.235,0.05,133,89.9,0.74,0.79,190
btc-updown-15m-1761276600,1761276600,525,0.15,0.21,0.18,0.06,24,84.1,0.79,0.85,986
btc-updown-15m-1761276600,1761276600,540,0.12,0.18,0.15,0.06,139,111.5,0.82,0.88,513
btc-updown-15m-1761276600,1761276600,555,0.11,0.15,0.13,0.04,48.7,116.2,0.85,0.89,799
btc-updown-15m-1761276600,1761276600,570,0.07,0.11,0.09,0.04,73.4,827.92,0.89,0.93,231
btc-updown-15m-1761276600,1761276600,585,0.03,0.07,0.05,0.04,1398.17,361.14,0.93,0.97,652
btc-updown-15m-1761276600,1761276600,600,0.06,0.11,0.085,0.05,241.2,447.51,0.89,0.94,175
btc-updown-15m-1761276600,1761276600,615,0.07,0.11,0.09,0.04,313.04,358.51,0.89,0.93,302
btc-updown-15m-1761276600,1761276600,630,0.14,0.18,0.16,0.04,75,43.4,0.82,0.86,1010
btc-updown-15m-1761276600,1761276600,645,0.16,0.23,0.195,0.07,152,67.4,0.77,0.84,9
btc-updown-15m-1761276600,1761276600,660,0.13,0.19,0.16,0.06,166,76.2,0.81,0.87,66
btc-updown-15m-1761276600,1761276600,675,0.12,0.17,0.145,0.05,176,86,0.83,0.88,520
btc-updown-15m-1761276600,1761276600,690,0.1,0.14,0.12,0.04,217.22,80.29,0.86,0.9,944
btc-updown-15m-1761276600,1761276600,705,0.1,0.12,0.11,0.02,211.22,66.04,0.88,0.9,1766
btc-updown-15m-1761276600,1761276600,720,0.09,0.14,0.115,0.05,416.22,41,0.86,0.91,474
btc-updown-15m-1761276600,1761276600,735,0.35,0.37,0.36,0.02,1067.25,168.72,0.63,0.65,1
btc-updown-15m-1761276600,1761276600,750,0.39,0.46,0.425,0.07,62,128.7,0.54,0.61,233
btc-updown-15m-1761276600,1761276600,765,0.32,0.43,0.375,0.11,185.2,191,0.57,0.68,22
btc-updown-15m-1761276600,1761276600,780,0.37,0.38,0.375,0.01,52.26,170,0.62,0.63,1380
btc-updown-15m-1761276600,1761276600,795,0.57,0.6,0.585,0.03,47,351.5,0.4,0.43,105
btc-updown-15m-1761276600,1761276600,810,0.76,0.8,0.78,0.04,2051,33.7,0.2,0.24,295
btc-updown-15m-1761276600,1761276600,825,0.77,0.88,0.825,0.11,56,91,0.12,0.23,115
btc-updown-15m-1761276600,1761276600,840,0.9,0.94,0.92,0.04,2155.97,659,0.06,0.1,21
btc-updown-15m-1761276600,1761276600,845,0.07,0.53,0.3,0.46,141.77,255,0.47,0.93,21
btc-updown-15m-1761276600,1761276600,850,0.03,0.24,0.135,0.21,1103.82,15,0.76,0.97,67
btc-updown-15m-1761276600,1761276600,855,0.03,0.06,0.045,0.03,1108.82,31,0.94,0.97,13
btc-updown-15m-1761276600,1761276600,860,0.03,0.23,0.13,0.2,1093.82,156,0.77,0.97,267
btc-updown-15m-1761276600,1761276600,865,0.03,0.17,0.1,0.14,1078.12,310,0.83,0.97,59
btc-updown-15m-1761276600,1761276600,870,0.02,0.16,0.09,0.14,1004,315,0.84,0.98,58
btc-updown-15m-1761276600,1761276600,875,0.03,0.14,0.085,0.11,1102.2,320,0.86,0.97,1849
btc-updown-15m-1761276600,1761276600,880,0.02,0.17,0.095,0.15,924.32,316,0.83,0.98,139
btc-updown-15m-1761276600,1761276600,885,0.01,0.02,0.015,0.01,343.17,1775.66,0.98,0.99,47
btc-updown-15m-1761276600,1761276600,890,,0.01,,,0,1416.66,0.99,,105
btc-updown-15m-1761276600,1761276600,895,,0.01,,,0,1376.66,0.99,,1352
btc-updown-15m-1761276600,1761276600,897,,0.01,,,0,860,0.99,,876
btc-updown-15m-1761276600,1761276600,899,,0.01,,,0,992.27,0.99,,20
btc-updown-15m-1761276600,1761276600,900,,0.01,,,0,992.27,0.99,,1020
btc-updown-15m-1761281100,1761281100,0,0.51,0.54,0.525,0.03,2242.13,129,0.46,0.49,3
btc-updown-15m-1761281100,1761281100,15,0.51,0.56,0.535,0.05,348.21,641.1,0.44,0.49,316
btc-updown-15m-1761281100,1761281100,30,0.56,0.6,0.58,0.04,142,566.51,0.4,0.44,311
btc-updown-15m-1761281100,1761281100,45,0.6,0.65,0.625,0.05,355.95,68.3,0.35,0.4,213
btc-updown-15m-1761281100,1761281100,60,0.61,0.65,0.63,0.04,305.9,71.7,0.35,0.39,0
btc-updown-15m-1761281100,1761281100,75,0.68,0.72,0.7,0.04,308,46,0.28,0.32,179
btc-updown-15m-1761281100,1761281100,90,0.53,0.58,0.555,0.05,537.03,105,0.42,0.47,3
btc-updown-15m-1761281100,1761281100,105,0.52,0.55,0.535,0.03,647.76,30,0.45,0.48,320
btc-updown-15m-1761281100,1761281100,120,0.56,0.62,0.59,0.06,364.15,43,0.38,0.44,23
btc-updown-15m-1761281100,1761281100,135,0.51,0.55,0.53,0.04,521.03,182.57,0.45,0.49,105
btc-updown-15m-1761281100,1761281100,150,0.64,0.68,0.66,0.04,310.47,34,0.32,0.36,560
btc-updown-15m-1761281100,1761281100,165,0.65,0.69,0.67,0.04,204.8,345.18,0.31,0.35,388
btc-updown-15m-1761281100,1761281100,180,0.58,0.62,0.6,0.04,176.6,44.23,0.38,0.42,499
btc-updown-15m-1761281100,1761281100,195,0.6,0.65,0.625,0.05,46.95,187.57,0.35,0.4,104
btc-updown-15m-1761281100,1761281100,210,0.58,0.64,0.61,0.06,88,90,0.36,0.42,16
btc-updown-15m-1761281100,1761281100,225,0.6,0.63,0.615,0.03,78,230.3,0.37,0.4,33
btc-updown-15m-1761281100,1761281100,240,0.55,0.61,0.58,0.06,251.2,57,0.39,0.45,239
btc-updown-15m-1761281100,1761281100,255,0.52,0.57,0.545,0.05,246.53,183.08,0.43,0.48,1
btc-updown-15m-1761281100,1761281100,270,0.52,0.57,0.545,0.05,342.13,108,0.43,0.48,17
btc-updown-15m-1761281100,1761281100,285,0.59,0.63,0.61,0.04,262.84,445,0.37,0.41,2
btc-updown-15m-1761281100,1761281100,300,0.66,0.68,0.67,0.02,962.1,569,0.32,0.34,150
btc-updown-15m-1761281100,1761281100,315,0.7,0.74,0.72,0.04,38.25,142.16,0.26,0.3,40
btc-updown-15m-1761281100,1761281100,330,0.53,0.56,0.545,0.03,27,152.59,0.44,0.47,168
btc-updown-15m-1761281100,1761281100,345,0.61,0.67,0.64,0.06,39,164.9,0.33,0.39,131
btc-updown-15m-1761281100,1761281100,360,0.62,0.66,0.64,0.04,43,125.89,0.34,0.38,26
btc-updown-15m-1761281100,1761281100,375,0.7,0.74,0.72,0.04,143,45.5,0.26,0.3,351
btc-updown-15m-1761281100,1761281100,390,0.68,0.73,0.705,0.05,195,207.6,0.27,0.32,55
btc-updown-15m-1761281100,1761281100,405,0.72,0.75,0.735,0.03,191,178.9,0.25,0.28,56
btc-updown-15m-1761281100,1761281100,420,0.72,0.73,0.725,0.01,32,152.4,0.27,0.28,5
btc-updown-15m-1761281100,1761281100,435,0.65,0.73,0.69,0.08,255,133.9,0.27,0.35,1
btc-updown-15m-1761281100,1761281100,450,0.69,0.73,0.71,0.04,40,173.1,0.27,0.31,274
btc-updown-15m-1761281100,1761281100,465,0.72,0.77,0.745,0.05,149,126.7,0.23,0.28,3
btc-updown-15m-1761281100,1761281100,480,0.71,0.77,0.74,0.06,135.63,84.3,0.23,0.29,500
btc-updown-15m-1761281100,1761281100,495,0.78,0.84,0.81,0.06,268.44,71.85,0.16,0.22,22
btc-updown-15m-1761281100,1761281100,510,0.72,0.78,0.75,0.06,279,51,0.22,0.28,17
btc-updown-15m-1761281100,1761281100,525,0.77,0.82,0.795,0.05,242,57.85,0.18,0.23,449
btc-updown-15m-1761281100,1761281100,540,0.83,0.85,0.84,0.02,62.2,19,0.15,0.17,113
btc-updown-15m-1761281100,1761281100,555,0.83,0.87,0.85,0.04,126.35,45.32,0.13,0.17,438
btc-updown-15m-1761281100,1761281100,570,0.84,0.91,0.875,0.07,326.05,61,0.09,0.16,991
btc-updown-15m-1761281100,1761281100,585,0.86,0.92,0.89,0.06,169.76,52,0.08,0.14,1
btc-updown-15m-1761281100,1761281100,600,0.88,0.93,0.905,0.05,145.62,73,0.07,0.12,484
btc-updown-15m-1761281100,1761281100,615,0.9,0.93,0.915,0.03,152,35.38,0.07,0.1,48
btc-updown-15m-1761281100,1761281100,630,0.92,0.96,0.94,0.04,169.86,456,0.04,0.08,988
btc-updown-15m-1761281100,1761281100,645,0.92,0.96,0.94,0.04,162.86,217.63,0.04,0.08,32
btc-updown-15m-1761281100,1761281100,660,0.98,0.99,0.985,0.01,42.99,155.61,0.01,0.02,13
btc-updown-15m-1761281100,1761281100,675,0.9,0.98,0.94,0.08,253,911.33,0.02,0.1,414
btc-updown-15m-1761281100,1761281100,690,0.96,0.99,0.975,0.03,72.14,126.61,0.01,0.04,509
btc-updown-15m-1761281100,1761281100,705,0.91,0.97,0.94,0.06,175.34,391.75,0.03,0.09,272
btc-updown-15m-1761281100,1761281100,720,0.92,0.98,0.95,0.06,161.89,136.61,0.02,0.08,624
btc-updown-15m-1761281100,1761281100,735,0.92,0.98,0.95,0.06,178.2,2029.71,0.02,0.08,4
btc-updown-15m-1761281100,1761281100,750,0.93,,,,39.21,0,,0.07,70
btc-updown-15m-1761281100,1761281100,765,0.88,0.95,0.915,0.07,254,102.3,0.05,0.12,1005
btc-updown-15m-1761281100,1761281100,780,0.86,0.93,0.895,0.07,120,56.3,0.07,0.14,98
btc-updown-15m-1761281100,1761281100,795,0.92,0.98,0.95,0.06,104.21,687.54,0.02,0.08,550
btc-updown-15m-1761281100,1761281100,810,0.92,0.97,0.945,0.05,91.71,1102.54,0.03,0.08,72
btc-updown-15m-1761281100,1761281100,825,0.98,0.99,0.985,0.01,133.7,676.54,0.01,0.02,11
btc-updown-15m-1761281100,1761281100,840,0.88,0.93,0.905,0.05,32.72,31,0.07,0.12,10
btc-updown-15m-1761281100,1761281100,845,0.9,0.94,0.92,0.04,31.24,25.91,0.06,0.1,277
btc-updown-15m-1761281100,1761281100,850,0.9,0.96,0.93,0.06,25,582.52,0.04,0.1,246
btc-updown-15m-1761281100,1761281100,855,0.91,0.98,0.945,0.07,64.99,514.88,0.02,0.09,267
btc-updown-15m-1761281100,1761281100,860,0.95,0.96,0.955,0.01,25.99,519.88,0.04,0.05,48
btc-updown-15m-1761281100,1761281100,865,0.95,0.99,0.97,0.04,31.98,493.88,0.01,0.05,136
btc-updown-15m-1761281100,1761281100,870,0.95,0.99,0.97,0.04,31.99,447.74,0.01,0.05,23
btc-updown-15m-1761281100,1761281100,875,0.91,0.99,0.95,0.08,25.99,421.43,0.01,0.09,146
btc-updown-15m-1761281100,1761281100,880,0.97,,,,72,0,,0.03,989
btc-updown-15m-1761281100,1761281100,885,0.99,,,,793.67,0,,0.01,595
btc-updown-15m-1761281100,1761281100,890,0.99,,,,1304.4,0,,0.01,3817
btc-updown-15m-1761281100,1761281100,895,0.99,,,,1339.4,0,,0.01,1426
btc-updown-15m-1761281100,1761281100,897,0.99,,,,1338.39,0,,0.01,1405
btc-updown-15m-1761281100,1761281100,899,0.99,,,,1438.39,0,,0.01,730
btc-updown-15m-1761281100,1761281100,900,0.99,,,,1438.39,0,,0.01,1730
btc-updown-15m-1761285600,1761285600,0,0.46,0.51,0.485,0.05,117.02,305.42,0.49,0.54,160
btc-updown-15m-1761285600,1761285600,15,0.44,0.5,0.47,0.06,248.7,271.42,0.5,0.56,0
btc-updown-15m-1761285600,1761285600,30,0.44,0.48,0.46,0.04,175,87.3,0.52,0.56,35
btc-updown-15m-1761285600,1761285600,45,0.42,0.49,0.455,0.07,183.55,390.54,0.51,0.58,3344
btc-updown-15m-1761285600,1761285600,60,0.41,0.46,0.435,0.05,420.54,121.04,0.54,0.59,3674
btc-updown-15m-1761285600,1761285600,75,0.43,0.46,0.445,0.03,42,75.64,0.54,0.57,2318
btc-updown-15m-1761285600,1761285600,90,0.43,0.46,0.445,0.03,253.91,195.32,0.54,0.57,2558
btc-updown-15m-1761285600,1761285600,105,0.4,0.44,0.42,0.04,369.45,81.46,0.56,0.6,22
btc-updown-15m-1761285600,1761285600,120,0.4,0.41,0.405,0.01,199.45,129.46,0.59,0.6,220
btc-updown-15m-1761285600,1761285600,135,0.28,0.33,0.305,0.05,206,40,0.67,0.72,48
btc-updown-15m-1761285600,1761285600,150,0.3,0.36,0.33,0.06,61,60,0.64,0.7,113
btc-updown-15m-1761285600,1761285600,165,0.33,0.37,0.35,0.04,37,85,0.63,0.67,262
btc-updown-15m-1761285600,1761285600,180,0.33,0.36,0.345,0.03,46,90,0.64,0.67,222
btc-updown-15m-1761285600,1761285600,195,0.27,0.31,0.29,0.04,45,106,0.69,0.73,985
btc-updown-15m-1761285600,1761285600,210,0.26,0.32,0.29,0.06,265.21,27,0.68,0.74,79
btc-updown-15m-1761285600,1761285600,225,0.28,0.32,0.3,0.04,39,33.87,0.68,0.72,84
btc-updown-15m-1761285600,1761285600,240,0.26,0.29,0.275,0.03,215.49,26.55,0.71,0.74,4
btc-updown-15m-1761285600,1761285600,255,0.31,0.35,0.33,0.04,77,159,0.65,0.69,320
btc-updown-15m-1761285600,1761285600,270,0.32,0.36,0.34,0.04,22,32,0.64,0.68,283
btc-updown-15m-1761285600,1761285600,285,0.31,0.35,0.33,0.04,37,46.14,0.65,0.69,1060
btc-updown-15m-1761285600,1761285600,300,0.31,0.35,0.33,0.04,134,29.14,0.65,0.69,1369
btc-updown-15m-1761285600,1761285600,315,0.44,0.46,0.45,0.02,134,188.46,0.54,0.56,20
btc-updown-15m-1761285600,1761285600,330,0.37,0.4,0.385,0.03,254,39,0.6,0.63,12
btc-updown-15m-1761285600,1761285600,345,0.31,0.36,0.335,0.05,217.4,128.29,0.64,0.69,506
btc-updown-15m-1761285600,1761285600,360,0.29,0.33,0.31,0.04,179.2,121,0.67,0.71,502
btc-updown-15m-1761285600,1761285600,375,0.31,0.33,0.32,0.02,141,273,0.67,0.69,1295
btc-updown-15m-1761285600,1761285600,390,0.26,0.3,0.28,0.04,376.16,325.28,0.7,0.74,84
btc-updown-15m-1761285600,1761285600,405,0.26,0.3,0.28,0.04,368.56,397.75,0.7,0.74,265
btc-updown-15m-1761285600,1761285600,420,0.26,0.28,0.27,0.02,300.16,235,0.72,0.74,2495
btc-updown-15m-1761285600,1761285600,435,0.25,0.27,0.26,0.02,353.06,325,0.73,0.75,376
btc-updown-15m-1761285600,1761285600,450,0.19,0.25,0.22,0.06,118.1,639.39,0.75,0.81,22
btc-updown-15m-1761285600,1761285600,465,0.21,0.25,0.23,0.04,339.67,452,0.75,0.79,0
btc-updown-15m-1761285600,1761285600,480,0.18,0.24,0.21,0.06,74,262.15,0.76,0.82,706
btc-updown-15m-1761285600,1761285600,495,0.18,0.21,0.195,0.03,170.9,143,0.79,0.82,41
btc-updown-15m-1761285600,1761285600,510,0.15,0.2,0.175,0.05,114.2,261,0.8,0.85,138
btc-updown-15m-1761285600,1761285600,525,0.18,0.2,0.19,0.02,302,242,0.8,0.82,16
btc-updown-15m-1761285600,1761285600,540,0.14,0.18,0.16,0.04,173.2,187,0.82,0.86,3
btc-updown-15m-1761285600,1761285600,555,0.14,0.16,0.15,0.02,183.5,275,0.84,0.86,1555
btc-updown-15m-1761285600,1761285600,570,0.07,0.13,0.1,0.06,56.8,113.5,0.87,0.93,134
btc-updown-15m-1761285600,1761285600,585,0.1,0.15,0.125,0.05,121,404,0.85,0.9,245
btc-updown-15m-1761285600,1761285600,600,0.25,0.29,0.27,0.04,33,97.87,0.71,0.75,100
btc-updown-15m-1761285600,1761285600,615,0.27,0.32,0.295,0.05,179.86,246,0.68,0.73,0
btc-updown-15m-1761285600,1761285600,630,0.28,0.34,0.31,0.06,88.3,37,0.66,0.72,2500
btc-updown-15m-1761285600,1761285600,645,0.28,0.33,0.305,0.05,83,22,0.67,0.72,949
btc-updown-15m-1761285600,1761285600,660,0.46,0.47,0.465,0.01,189.65,226.1,0.53,0.54,28
btc-updown-15m-1761285600,1761285600,675,0.39,0.47,0.43,0.08,160.88,271,0.53,0.61,30
btc-updown-15m-1761285600,1761285600,690,0.34,0.4,0.37,0.06,70.4,42,0.6,0.66,301
btc-updown-15m-1761285600,1761285600,705,0.32,0.38,0.35,0.06,119.3,17,0.62,0.68,269
btc-updown-15m-1761285600,1761285600,720,0.3,0.39,0.345,0.09,125.2,160.17,0.61,0.7,811
btc-updown-15m-1761285600,1761285600,735,0.39,0.44,0.415,0.05,29,241,0.56,0.61,79
btc-updown-15m-1761285600,1761285600,750,0.39,0.47,0.43,0.08,420.46,202,0.53,0.61,170
btc-updown-15m-1761285600,1761285600,765,0.4,0.48,0.44,0.08,401.92,400.87,0.52,0.6,520
btc-updown-15m-1761285600,1761285600,780,0.47,0.54,0.505,0.07,143.29,170,0.46,0.53,28
btc-updown-15m-1761285600,1761285600,795,0.49,0.55,0.52,0.06,187.12,376,0.45,0.51,290
btc-updown-15m-1761285600,1761285600,810,0.42,0.51,0.465,0.09,368.92,118,0.49,0.58,977
btc-updown-15m-1761285600,1761285600,825,0.37,0.52,0.445,0.15,71,66,0.48,0.63,13
btc-updown-15m-1761285600,1761285600,840,0.15,0.23,0.19,0.08,89.83,15,0.77,0.85,234
btc-updown-15m-1761285600,1761285600,845,0.15,0.37,0.26,0.22,32,106,0.63,0.85,24
btc-updown-15m-1761285600,1761285600,850,0.18,0.31,0.245,0.13,51.7,70,0.69,0.82,43
btc-updown-15m-1761285600,1761285600,855,0.18,0.31,0.245,0.13,44.33,75,0.69,0.82,375
btc-updown-15m-1761285600,1761285600,860,0.07,0.26,0.165,0.19,315,115.68,0.74,0.93,314
btc-updown-15m-1761285600,1761285600,865,0.13,0.24,0.185,0.11,31,120.68,0.76,0.87,117
btc-updown-15m-1761285600,1761285600,870,0.09,0.15,0.12,0.06,59.34,20,0.85,0.91,28
btc-updown-15m-1761285600,1761285600,875,0.08,0.15,0.115,0.07,184.27,159.92,0.85,0.92,26
btc-updown-15m-1761285600,1761285600,880,0.03,0.16,0.095,0.13,716.3,153.92,0.84,0.97,44
btc-updown-15m-1761285600,1761285600,885,0.02,0.11,0.065,0.09,476.65,116,0.89,0.98,34
btc-updown-15m-1761285600,1761285600,890,0.01,0.06,0.035,0.05,419.45,23,0.94,0.99,476
btc-updown-15m-1761285600,1761285600,895,,0.01,,,0,2434.97,0.99,,445
btc-updown-15m-1761285600,1761285600,897,,0.01,,,0,2390.97,0.99,,56
btc-updown-15m-1761285600,1761285600,899,,0.01,,,0,3803.22,0.99,,141
btc-updown-15m-1761285600,1761285600,900,,0.01,,,0,3691.25,0.99,,221
btc-updown-15m-1761290100,1761290100,0,0.48,0.55,0.515,0.07,89,135.16,0.45,0.52,1285
btc-updown-15m-1761290100,1761290100,15,0.5,0.54,0.52,0.04,1837.96,438.41,0.46,0.5,28
btc-updown-15m-1761290100,1761290100,30,0.5,0.51,0.505,0.01,1048.86,196.3,0.49,0.5,99
btc-updown-15m-1761290100,1761290100,45,0.44,0.5,0.47,0.06,79.56,520,0.5,0.56,237
btc-updown-15m-1761290100,1761290100,60,0.41,0.45,0.43,0.04,918,86.18,0.55,0.59,119
btc-updown-15m-1761290100,1761290100,75,0.39,0.43,0.41,0.04,31.67,880.8,0.57,0.61,206
btc-updown-15m-1761290100,1761290100,90,0.45,0.46,0.455,0.01,373.39,574.25,0.54,0.55,13
btc-updown-15m-1761290100,1761290100,105,0.46,0.51,0.485,0.05,221.16,304.51,0.49,0.54,431
btc-updown-15m-1761290100,1761290100,120,0.56,0.6,0.58,0.04,42,857.33,0.4,0.44,184
btc-updown-15m-1761290100,1761290100,135,0.57,0.6,0.585,0.03,255,1072.33,0.4,0.43,23
btc-updown-15m-1761290100,1761290100,150,0.63,0.67,0.65,0.04,132,542,0.33,0.37,35
btc-updown-15m-1761290100,1761290100,165,0.65,0.68,0.665,0.03,288.41,715.6,0.32,0.35,14
btc-updown-15m-1761290100,1761290100,180,0.63,0.65,0.64,0.02,396.41,504.18,0.35,0.37,65
btc-updown-15m-1761290100,1761290100,195,0.6,0.63,0.615,0.03,160,793.58,0.37,0.4,373
btc-updown-15m-1761290100,1761290100,210,0.56,0.64,0.6,0.08,480.8,844.58,0.36,0.44,8
btc-updown-15m-1761290100,1761290100,225,0.55,0.61,0.58,0.06,426.15,272,0.39,0.45,36
btc-updown-15m-1761290100,1761290100,240,0.59,0.64,0.615,0.05,39,865.38,0.36,0.41,336
btc-updown-15m-1761290100,1761290100,255,0.65,0.69,0.67,0.04,99,768,0.31,0.35,15
btc-updown-15m-1761290100,1761290100,270,0.66,0.7,0.68,0.04,42,764,0.3,0.34,8
btc-updown-15m-1761290100,1761290100,285,0.63,0.69,0.66,0.06,388.13,832,0.31,0.37,8
btc-updown-15m-1761290100,1761290100,300,0.66,0.68,0.67,0.02,124,584,0.32,0.34,1
btc-updown-15m-1761290100,1761290100,315,0.61,0.63,0.62,0.02,243,514,0.37,0.39,14
btc-updown-15m-1761290100,1761290100,330,0.62,0.68,0.65,0.06,329,832,0.32,0.38,234
btc-updown-15m-1761290100,1761290100,345,0.68,0.69,0.685,0.01,419.78,823,0.31,0.32,1436
btc-updown-15m-1761290100,1761290100,360,0.62,0.65,0.635,0.03,226,370,0.35,0.38,6
btc-updown-15m-1761290100,1761290100,375,0.62,0.65,0.635,0.03,764.11,22,0.35,0.38,283
btc-updown-15m-1761290100,1761290100,390,0.6,0.66,0.63,0.06,741.75,295,0.34,0.4,573
btc-updown-15m-1761290100,1761290100,405,0.63,0.67,0.65,0.04,75,421.07,0.33,0.37,779
btc-updown-15m-1761290100,1761290100,420,0.66,0.67,0.665,0.01,26,411.57,0.33,0.34,2
btc-updown-15m-1761290100,1761290100,435,0.62,0.67,0.645,0.05,315,192,0.33,0.38,238
btc-updown-15m-1761290100,1761290100,450,0.64,0.68,0.66,0.04,21,523,0.32,0.36,278
btc-updown-15m-1761290100,1761290100,465,0.67,0.69,0.68,0.02,26,319,0.31,0.33,387
btc-updown-15m-1761290100,1761290100,480,0.68,0.72,0.7,0.04,77,429.28,0.28,0.32,81
btc-updown-15m-1761290100,1761290100,495,0.69,0.73,0.71,0.04,85,484.66,0.27,0.31,848
btc-updown-15m-1761290100,1761290100,510,0.7,0.71,0.705,0.01,21,222.65,0.29,0.3,122
btc-updown-15m-1761290100,1761290100,525,0.67,0.73,0.7,0.06,287,537.86,0.27,0.33,4
btc-updown-15m-1761290100,1761290100,540,0.68,0.75,0.715,0.07,274,800.46,0.25,0.32,14
btc-updown-15m-1761290100,1761290100,555,0.76,0.77,0.765,0.01,66,663.5,0.23,0.24,29
btc-updown-15m-1761290100,1761290100,570,0.78,0.83,0.805,0.05,324.51,50,0.17,0.22,6
btc-updown-15m-1761290100,1761290100,585,0.84,0.88,0.86,0.04,39,585,0.12,0.16,686
btc-updown-15m-1761290100,1761290100,600,0.66,0.7,0.68,0.04,249,532,0.3,0.34,478
btc-updown-15m-1761290100,1761290100,615,0.48,0.53,0.505,0.05,684,237.18,0.47,0.52,116
btc-updown-15m-1761290100,1761290100,630,0.44,0.47,0.455,0.03,708.57,123,0.53,0.56,2
btc-updown-15m-1761290100,1761290100,645,0.49,0.56,0.525,0.07,561,571,0.44,0.51,21
btc-updown-15m-1761290100,1761290100,660,0.52,0.55,0.535,0.03,308,467.4,0.45,0.48,362
btc-updown-15m-1761290100,1761290100,675,0.59,0.64,0.615,0.05,369.3,766,0.36,0.41,6
btc-updown-15m-1761290100,1761290100,690,0.63,0.72,0.675,0.09,663,793.09,0.28,0.37,278
btc-updown-15m-1761290100,1761290100,705,0.62,0.7,0.66,0.08,382.85,591.15,0.3,0.38,337
btc-updown-15m-1761290100,1761290100,720,0.61,0.7,0.655,0.09,915.8,726.48,0.3,0.39,41
btc-updown-15m-1761290100,1761290100,735,0.56,0.62,0.59,0.06,771,584.1,0.38,0.44,250
btc-updown-15m-1761290100,1761290100,750,0.58,0.65,0.615,0.07,555,312.62,0.35,0.42,20
btc-updown-15m-1761290100,1761290100,765,0.58,0.64,0.61,0.06,274,605.9,0.36,0.42,92
btc-updown-15m-1761290100,1761290100,780,0.55,0.62,0.585,0.07,493.8,274.1,0.38,0.45,155
btc-updown-15m-1761290100,1761290100,795,0.69,0.76,0.725,0.07,518,267.09,0.24,0.31,82
btc-updown-15m-1761290100,1761290100,810,0.84,0.95,0.895,0.11,257.5,945,0.05,0.16,11
btc-updown-15m-1761290100,1761290100,825,0.89,0.97,0.93,0.08,30,1163,0.03,0.11,22
btc-updown-15m-1761290100,1761290100,840,0.97,0.98,0.975,0.01,151.77,383.83,0.02,0.03,180
btc-updown-15m-1761290100,1761290100,845,0.98,0.99,0.985,0.01,1061.85,122.25,0.01,0.02,114
btc-updown-15m-1761290100,1761290100,850,0.98,0.99,0.985,0.01,1251.85,104.26,0.01,0.02,47
btc-updown-15m-1761290100,1761290100,855,0.98,,,,1251.85,0,,0.02,184
btc-updown-15m-1761290100,1761290100,860,0.99,,,,2081.17,0,,0.01,52
btc-updown-15m-1761290100,1761290100,865,0.99,,,,3551.17,0,,0.01,130
btc-updown-15m-1761290100,1761290100,870,0.99,,,,3866.17,0,,0.01,93
btc-updown-15m-1761290100,1761290100,875,0.99,,,,3866.17,0,,0.01,60
btc-updown-15m-1761290100,1761290100,880,0.99,,,,3866.17,0,,0.01,146
btc-updown-15m-1761290100,1761290100,885,0.99,,,,3766.17,0,,0.01,126
btc-updown-15m-1761290100,1761290100,890,0.99,,,,3764.11,0,,0.01,67
btc-updown-15m-1761290100,1761290100,895,0.99,,,,3789.11,0,,0.01,229
btc-updown-15m-1761290100,1761290100,897,0.99,,,,3789.11,0,,0.01,105
btc-updown-15m-1761290100,1761290100,899,0.99,,,,3889.11,0,,0.01,75
btc-updown-15m-1761290100,1761290100,900,0.99,,,,4396.11,0,,0.01,135
btc-updown-15m-1761294600,1761294600,0,0.54,0.55,0.545,0.01,3842.86,133.9,0.45,0.46,989
btc-updown-15m-1761294600,1761294600,15,0.51,0.53,0.52,0.02,3058.67,559.22,0.47,0.49,359
btc-updown-15m-1761294600,1761294600,30,0.42,0.45,0.435,0.03,591.85,852,0.55,0.58,7
btc-updown-15m-1761294600,1761294600,45,0.51,0.54,0.525,0.03,277,846,0.46,0.49,25
btc-updown-15m-1761294600,1761294600,60,0.5,0.54,0.52,0.04,569.8,805.15,0.46,0.5,454
btc-updown-15m-1761294600,1761294600,75,0.47,0.48,0.475,0.01,903,609,0.52,0.53,574
btc-updown-15m-1761294600,1761294600,90,0.31,0.35,0.33,0.04,945,549.94,0.65,0.69,123
btc-updown-15m-1761294600,1761294600,105,0.37,0.42,0.395,0.05,626,547.61,0.58,0.63,942
btc-updown-15m-1761294600,1761294600,120,0.45,0.46,0.455,0.01,271,110,0.54,0.55,67
btc-updown-15m-1761294600,1761294600,135,0.41,0.45,0.43,0.04,702,863.91,0.55,0.59,130
btc-updown-15m-1761294600,1761294600,150,0.39,0.42,0.405,0.03,681.28,808,0.58,0.61,75
btc-updown-15m-1761294600,1761294600,165,0.37,0.4,0.385,0.03,325,745.6,0.6,0.63,104
btc-updown-15m-1761294600,1761294600,180,0.39,0.42,0.405,0.03,278,612,0.58,0.61,8
btc-updown-15m-1761294600,1761294600,195,0.42,0.45,0.435,0.03,525,516,0.55,0.58,32
btc-updown-15m-1761294600,1761294600,210,0.44,0.48,0.46,0.04,298,786,0.52,0.56,306
btc-updown-15m-1761294600,1761294600,225,0.48,0.49,0.485,0.01,291,786,0.51,0.52,1401
btc-updown-15m-1761294600,1761294600,240,0.51,0.55,0.53,0.04,587.75,883,0.45,0.49,37
btc-updown-15m-1761294600,1761294600,255,0.52,0.56,0.54,0.04,314,855,0.44,0.48,19
btc-updown-15m-1761294600,1761294600,270,0.56,0.58,0.57,0.02,410,1054.09,0.42,0.44,139
btc-updown-15m-1761294600,1761294600,285,0.53,0.56,0.545,0.03,327,511,0.44,0.47,311
btc-updown-15m-1761294600,1761294600,300,0.56,0.58,0.57,0.02,287,1300.09,0.42,0.44,1
btc-updown-15m-1761294600,1761294600,315,0.64,0.68,0.66,0.04,532,511.45,0.32,0.36,13
btc-updown-15m-1761294600,1761294600,330,0.6,0.63,0.615,0.03,649,514.92,0.37,0.4,20
btc-updown-15m-1761294600,1761294600,345,0.59,0.63,0.61,0.04,825.8,525,0.37,0.41,218
btc-updown-15m-1761294600,1761294600,360,0.63,0.67,0.65,0.04,329,758.09,0.33,0.37,29
btc-updown-15m-1761294600,1761294600,375,0.73,0.78,0.755,0.05,523,790,0.22,0.27,17
btc-updown-15m-1761294600,1761294600,390,0.71,0.75,0.73,0.04,399.17,723.43,0.25,0.29,4
btc-updown-15m-1761294600,1761294600,405,0.86,0.89,0.875,0.03,308,750,0.11,0.14,16
btc-updown-15m-1761294600,1761294600,420,0.85,0.88,0.865,0.03,627.97,512.1,0.12,0.15,0
btc-updown-15m-1761294600,1761294600,435,0.87,0.9,0.885,0.03,352.8,357.61,0.1,0.13,66
btc-updown-15m-1761294600,1761294600,450,0.86,0.89,0.875,0.03,1027.67,270,0.11,0.14,9
btc-updown-15m-1761294600,1761294600,465,0.88,0.91,0.895,0.03,730.67,624.11,0.09,0.12,256
btc-updown-15m-1761294600,1761294600,480,0.86,0.88,0.87,0.02,773.37,1251,0.12,0.14,321
btc-updown-15m-1761294600,1761294600,495,0.71,0.75,0.73,0.04,483.8,756,0.25,0.29,2
btc-updown-15m-1761294600,1761294600,510,0.78,0.81,0.795,0.03,282,750,0.19,0.22,13
btc-updown-15m-1761294600,1761294600,525,0.83,0.87,0.85,0.04,657.01,1772,0.13,0.17,359
btc-updown-15m-1761294600,1761294600,540,0.85,0.88,0.865,0.03,622.8,951.68,0.12,0.15,192
btc-updown-15m-1761294600,1761294600,555,0.91,0.95,0.93,0.04,666,970.42,0.05,0.09,80
btc-updown-15m-1761294600,1761294600,570,0.9,0.93,0.915,0.03,596,575.42,0.07,0.1,5
btc-updown-15m-1761294600,1761294600,585,0.91,0.93,0.92,0.02,516,755.83,0.07,0.09,725
btc-updown-15m-1761294600,1761294600,600,0.93,0.94,0.935,0.01,591.03,818.42,0.06,0.07,189
btc-updown-15m-1761294600,1761294600,615,0.86,0.9,0.88,0.04,618,719.5,0.1,0.14,649
btc-updown-15m-1761294600,1761294600,630,0.88,0.92,0.9,0.04,345,777,0.08,0.12,99
btc-updown-15m-1761294600,1761294600,645,0.89,0.93,0.91,0.04,102,763.42,0.07,0.11,1
btc-updown-15m-1761294600,1761294600,660,0.93,0.96,0.945,0.03,320.75,807,0.04,0.07,13
btc-updown-15m-1761294600,1761294600,675,0.96,0.98,0.97,0.02,815.75,1066.9,0.02,0.04,245
btc-updown-15m-1761294600,1761294600,690,0.96,0.98,0.97,0.02,463.01,1157.16,0.02,0.04,314
btc-updown-15m-1761294600,1761294600,705,0.98,0.99,0.985,0.01,2431.22,941.64,0.01,0.02,65
btc-updown-15m-1761294600,1761294600,720,0.98,0.99,0.985,0.01,3403.34,1816.48,0.01,0.02,198
btc-updown-15m-1761294600,1761294600,735,0.98,0.99,0.985,0.01,3458.34,946.37,0.01,0.02,599
btc-updown-15m-1761294600,1761294600,750,0.99,,,,1076.78,0,,0.01,273
btc-updown-15m-1761294600,1761294600,765,0.99,,,,1413.08,0,,0.01,3052
btc-updown-15m-1761294600,1761294600,780,0.99,,,,1931.28,0,,0.01,284
btc-updown-15m-1761294600,1761294600,795,0.99,,,,4863.25,0,,0.01,219
btc-updown-15m-1761294600,1761294600,810,0.99,,,,5473.25,0,,0.01,27
btc-updown-15m-1761294600,1761294600,825,0.99,,,,5565.25,0,,0.01,337
btc-updown-15m-1761294600,1761294600,840,0.99,,,,5697.16,0,,0.01,59
btc-updown-15m-1761294600,1761294600,845,0.99,,,,5697.16,0,,0.01,229
btc-updown-15m-1761294600,1761294600,850,0.99,,,,5697.16,0,,0.01,68
btc-updown-15m-1761294600,1761294600,855,0.99,,,,5697.16,0,,0.01,165
btc-updown-15m-1761294600,1761294600,860,0.99,,,,5697.16,0,,0.01,207
btc-updown-15m-1761294600,1761294600,865,0.99,,,,5697.16,0,,0.01,88
btc-updown-15m-1761294600,1761294600,870,0.99,,,,5697.16,0,,0.01,640
btc-updown-15m-1761294600,1761294600,875,0.99,,,,5596.09,0,,0.01,93
btc-updown-15m-1761294600,1761294600,880,0.99,,,,5551.09,0,,0.01,145
btc-updown-15m-1761294600,1761294600,885,0.99,,,,5551.09,0,,0.01,49
btc-updown-15m-1761294600,1761294600,890,0.99,,,,5573.09,0,,0.01,675
btc-updown-15m-1761294600,1761294600,895,0.99,,,,7578.86,0,,0.01,127
btc-updown-15m-1761294600,1761294600,897,0.99,,,,7578.86,0,,0.01,119
btc-updown-15m-1761294600,1761294600,899,0.99,,,,5928.86,0,,0.01,196
btc-updown-15m-1761294600,1761294600,900,0.99,,,,5935.86,0,,0.01,94
btc-updown-15m-1761299100,1761299100,0,0.48,0.49,0.485,0.01,71,493.46,0.51,0.52,1609
btc-updown-15m-1761299100,1761299100,15,0.41,0.44,0.425,0.03,367,144.9,0.56,0.59,47
btc-updown-15m-1761299100,1761299100,30,0.42,0.45,0.435,0.03,1666.37,808.55,0.55,0.58,49
btc-updown-15m-1761299100,1761299100,45,0.45,0.48,0.465,0.03,750,783.46,0.52,0.55,438
btc-updown-15m-1761299100,1761299100,60,0.47,0.51,0.49,0.04,520,817,0.49,0.53,542
btc-updown-15m-1761299100,1761299100,75,0.48,0.51,0.495,0.03,280,750,0.49,0.52,417
btc-updown-15m-1761299100,1761299100,90,0.47,0.54,0.505,0.07,45,961.4,0.46,0.53,185
btc-updown-15m-1761299100,1761299100,105,0.56,0.6,0.58,0.04,397,267.06,0.4,0.44,27
btc-updown-15m-1761299100,1761299100,120,0.66,0.67,0.665,0.01,372,387.4,0.33,0.34,40
btc-updown-15m-1761299100,1761299100,135,0.64,0.69,0.665,0.05,265,525,0.31,0.36,822
btc-updown-15m-1761299100,1761299100,150,0.62,0.65,0.635,0.03,300,402,0.35,0.38,38
btc-updown-15m-1761299100,1761299100,165,0.62,0.65,0.635,0.03,30,681.46,0.35,0.38,910
btc-updown-15m-1761299100,1761299100,180,0.65,0.68,0.665,0.03,35,809.81,0.32,0.35,64
btc-updown-15m-1761299100,1761299100,195,0.61,0.67,0.64,0.06,55,976.01,0.33,0.39,133
btc-updown-15m-1761299100,1761299100,210,0.67,0.7,0.685,0.03,33,334,0.3,0.33,34
btc-updown-15m-1761299100,1761299100,225,0.56,0.58,0.57,0.02,615.7,27,0.42,0.44,5
btc-updown-15m-1761299100,1761299100,240,0.6,0.65,0.625,0.05,338,1409,0.35,0.4,17
btc-updown-15m-1761299100,1761299100,255,0.64,0.66,0.65,0.02,819,733,0.34,0.36,1413
btc-updown-15m-1761299100,1761299100,270,0.7,0.75,0.725,0.05,49,557.66,0.25,0.3,92
btc-updown-15m-1761299100,1761299100,285,0.73,0.77,0.75,0.04,526.5,73,0.23,0.27,0
btc-updown-15m-1761299100,1761299100,300,0.71,0.77,0.74,0.06,1019.75,95.4,0.23,0.29,115
btc-updown-15m-1761299100,1761299100,315,0.71,0.75,0.73,0.04,69,50.4,0.25,0.29,227
btc-updown-15m-1761299100,1761299100,330,0.72,0.76,0.74,0.04,510,69.2,0.24,0.28,16
btc-updown-15m-1761299100,1761299100,345,0.73,0.78,0.755,0.05,301.75,874.56,0.22,0.27,663
btc-updown-15m-1761299100,1761299100,360,0.7,0.72,0.71,0.02,237.94,642.3,0.28,0.3,271
btc-updown-15m-1761299100,1761299100,375,0.7,0.73,0.715,0.03,714.52,662.8,0.27,0.3,1086
btc-updown-15m-1761299100,1761299100,390,0.71,0.75,0.73,0.04,464.85,401,0.25,0.29,100
btc-updown-15m-1761299100,1761299100,405,0.72,0.75,0.735,0.03,582.85,388.5,0.25,0.28,17
btc-updown-15m-1761299100,1761299100,420,0.71,0.76,0.735,0.05,583.85,316,0.24,0.29,135
btc-updown-15m-1761299100,1761299100,435,0.71,0.78,0.745,0.07,833.85,1212.26,0.22,0.29,404
btc-updown-15m-1761299100,1761299100,450,0.7,0.75,0.725,0.05,483.57,161.8,0.25,0.3,32
btc-updown-15m-1761299100,1761299100,465,0.6,0.65,0.625,0.05,294.79,620,0.35,0.4,68
btc-updown-15m-1761299100,1761299100,480,0.49,0.55,0.52,0.06,863.83,138.25,0.45,0.51,711
btc-updown-15m-1761299100,1761299100,495,0.37,0.39,0.38,0.02,37.2,32,0.61,0.63,92
btc-updown-15m-1761299100,1761299100,510,0.37,0.4,0.385,0.03,31.8,137,0.6,0.63,17
btc-updown-15m-1761299100,1761299100,525,0.23,0.31,0.27,0.08,213.64,31,0.69,0.77,398
btc-updown-15m-1761299100,1761299100,540,0.2,0.28,0.24,0.08,98.05,112,0.72,0.8,56
btc-updown-15m-1761299100,1761299100,555,0.08,0.17,0.125,0.09,176,54.68,0.83,0.92,192
btc-updown-15m-1761299100,1761299100,570,0.03,0.08,0.055,0.05,372.98,33,0.92,0.97,225
btc-updown-15m-1761299100,1761299100,585,0.16,0.21,0.185,0.05,31,180.8,0.79,0.84,4
btc-updown-15m-1761299100,1761299100,600,0.12,0.2,0.16,0.08,98.96,96.15,0.8,0.88,349
btc-updown-15m-1761299100,1761299100,615,0.11,0.15,0.13,0.04,185.09,75,0.85,0.89,705
btc-updown-15m-1761299100,1761299100,630,0.06,0.11,0.085,0.05,42,127,0.89,0.94,4
btc-updown-15m-1761299100,1761299100,645,0.06,0.1,0.08,0.04,79.99,210.8,0.9,0.94,518
btc-updown-15m-1761299100,1761299100,660,0.04,0.12,0.08,0.08,59.99,202.46,0.88,0.96,134
btc-updown-15m-1761299100,1761299100,675,0.02,0.09,0.055,0.07,384,674.8,0.91,0.98,23
btc-updown-15m-1761299100,1761299100,690,0.02,0.05,0.035,0.03,888.62,250.53,0.95,0.98,306
btc-updown-15m-1761299100,1761299100,705,0.02,0.05,0.035,0.03,894.61,230.53,0.95,0.98,1738
btc-updown-15m-1761299100,1761299100,720,0.02,0.03,0.025,0.01,740.12,180.53,0.97,0.98,274
btc-updown-15m-1761299100,1761299100,735,0.04,0.05,0.045,0.01,720.44,424.33,0.95,0.96,209
btc-updown-15m-1761299100,1761299100,750,0.01,0.03,0.02,0.02,24.98,40.53,0.97,0.99,13
btc-updown-15m-1761299100,1761299100,765,,0.06,,,0,278.95,0.94,,1519
btc-updown-15m-1761299100,1761299100,780,,0.02,,,0,23.47,0.98,,311
btc-updown-15m-1761299100,1761299100,795,0.01,0.02,0.015,0.01,439.44,101.55,0.98,0.99,21
btc-updown-15m-1761299100,1761299100,810,0.01,0.02,0.015,0.01,405.05,149.99,0.98,0.99,164
btc-updown-15m-1761299100,1761299100,825,0.01,0.06,0.035,0.05,295.95,69.49,0.94,0.99,34
btc-updown-15m-1761299100,1761299100,840,0.01,0.04,0.025,0.03,295.95,246.27,0.96,0.99,280
btc-updown-15m-1761299100,1761299100,845,0.01,0.04,0.025,0.03,295.95,111.27,0.96,0.99,1107
btc-updown-15m-1761299100,1761299100,850,0.01,0.04,0.025,0.03,295.95,98.66,0.96,0.99,273
btc-updown-15m-1761299100,1761299100,855,0.01,0.06,0.035,0.05,189.82,233.67,0.94,0.99,999
btc-updown-15m-1761299100,1761299100,860,0.01,0.02,0.015,0.01,184.73,63.17,0.98,0.99,1934
btc-updown-15m-1761299100,1761299100,865,0.01,0.02,0.015,0.01,174.73,26.17,0.98,0.99,215
btc-updown-15m-1761299100,1761299100,870,0.01,0.02,0.015,0.01,174.73,62.5,0.98,0.99,1416
btc-updown-15m-1761299100,1761299100,875,0.01,0.02,0.015,0.01,154.52,62.5,0.98,0.99,186
btc-updown-15m-1761299100,1761299100,880,0.01,0.02,0.015,0.01,154.52,50.17,0.98,0.99,195
btc-updown-15m-1761299100,1761299100,885,,0.01,,,0,1015.98,0.99,,1
btc-updown-15m-1761299100,1761299100,890,,0.01,,,0,915.98,0.99,,3506
btc-updown-15m-1761299100,1761299100,895,,0.01,,,0,1038.71,0.99,,219
btc-updown-15m-1761299100,1761299100,897,,0.01,,,0,1038.71,0.99,,878
btc-updown-15m-1761299100,1761299100,899,,0.01,,,0,991.71,0.99,,218
btc-updown-15m-1761299100,1761299100,900,,0.01,,,0,891.71,0.99,,283
btc-updown-15m-1761302700,1761302700,0,0.47,0.48,0.475,0.01,26,1454.5,0.52,0.53,2745
btc-updown-15m-1761302700,1761302700,15,0.51,0.55,0.53,0.04,833.1,360,0.45,0.49,899
btc-updown-15m-1761302700,1761302700,30,0.52,0.56,0.54,0.04,638.8,71,0.44,0.48,815
btc-updown-15m-1761302700,1761302700,45,0.53,0.59,0.56,0.06,522,635,0.41,0.47,167
btc-updown-15m-1761302700,1761302700,60,0.51,0.54,0.525,0.03,853.2,36,0.46,0.49,143
btc-updown-15m-1761302700,1761302700,75,0.51,0.58,0.545,0.07,283,1037.1,0.42,0.49,112
btc-updown-15m-1761302700,1761302700,90,0.51,0.58,0.545,0.07,871.59,752,0.42,0.49,147
btc-updown-15m-1761302700,1761302700,105,0.54,0.6,0.57,0.06,899.3,1011.4,0.4,0.46,324
btc-updown-15m-1761302700,1761302700,120,0.55,0.6,0.575,0.05,770.56,368.33,0.4,0.45,557
btc-updown-15m-1761302700,1761302700,135,0.56,0.6,0.58,0.04,368.56,378.33,0.4,0.44,200
btc-updown-15m-1761302700,1761302700,150,0.56,0.59,0.575,0.03,384.82,378.33,0.41,0.44,90
btc-updown-15m-1761302700,1761302700,165,0.56,0.6,0.58,0.04,394.82,378.33,0.4,0.44,695
btc-updown-15m-1761302700,1761302700,180,0.56,0.58,0.57,0.02,479.8,395.33,0.42,0.44,823
btc-updown-15m-1761302700,1761302700,195,0.57,0.6,0.585,0.03,796,309.66,0.4,0.43,1
btc-updown-15m-1761302700,1761302700,210,0.56,0.6,0.58,0.04,681.8,725.66,0.4,0.44,303
btc-updown-15m-1761302700,1761302700,225,0.55,0.6,0.575,0.05,83,1015.66,0.4,0.45,11
btc-updown-15m-1761302700,1761302700,240,0.51,0.54,0.525,0.03,29,37,0.46,0.49,615
btc-updown-15m-1761302700,1761302700,255,0.4,0.46,0.43,0.06,940.9,145.49,0.54,0.6,13
btc-updown-15m-1761302700,1761302700,270,0.32,0.38,0.35,0.06,814.1,117,0.62,0.68,110
btc-updown-15m-1761302700,1761302700,285,0.3,0.37,0.335,0.07,552.8,359.2,0.63,0.7,88
btc-updown-15m-1761302700,1761302700,300,0.32,0.36,0.34,0.04,23,318,0.64,0.68,745
btc-updown-15m-1761302700,1761302700,315,0.25,0.27,0.26,0.02,32,570,0.73,0.75,402
btc-updown-15m-1761302700,1761302700,330,0.26,0.31,0.285,0.05,23,703,0.69,0.74,96
btc-updown-15m-1761302700,1761302700,345,0.26,0.29,0.275,0.03,19,44,0.71,0.74,993
btc-updown-15m-1761302700,1761302700,360,0.26,0.3,0.28,0.04,53,524,0.7,0.74,534
btc-updown-15m-1761302700,1761302700,375,0.22,0.24,0.23,0.02,283.83,36,0.76,0.78,88
btc-updown-15m-1761302700,1761302700,390,0.2,0.23,0.215,0.03,532.7,58.15,0.77,0.8,127
btc-updown-15m-1761302700,1761302700,405,0.2,0.24,0.22,0.04,627.29,33.15,0.76,0.8,6
btc-updown-15m-1761302700,1761302700,420,0.25,0.29,0.27,0.04,49.53,1093.95,0.71,0.75,101
btc-updown-15m-1761302700,1761302700,435,0.27,0.33,0.3,0.06,68,847.7,0.67,0.73,62
btc-updown-15m-1761302700,1761302700,450,0.31,0.32,0.315,0.01,545,34,0.68,0.69,27
btc-updown-15m-1761302700,1761302700,465,0.32,0.36,0.34,0.04,305.81,107,0.64,0.68,189
btc-updown-15m-1761302700,1761302700,480,0.28,0.32,0.3,0.04,612.3,83,0.68,0.72,265
btc-updown-15m-1761302700,1761302700,495,0.28,0.31,0.295,0.03,526.4,42,0.69,0.72,133
btc-updown-15m-1761302700,1761302700,510,0.3,0.34,0.32,0.04,544.5,41,0.66,0.7,520
btc-updown-15m-1761302700,1761302700,525,0.3,0.32,0.31,0.02,515,46,0.68,0.7,171
btc-updown-15m-1761302700,1761302700,540,0.32,0.39,0.355,0.07,37.2,929,0.61,0.68,6
btc-updown-15m-1761302700,1761302700,555,0.51,0.6,0.555,0.09,922.8,795.56,0.4,0.49,6
btc-updown-15m-1761302700,1761302700,570,0.53,0.6,0.565,0.07,374.66,1051.93,0.4,0.47,218
btc-updown-15m-1761302700,1761302700,585,0.52,0.58,0.55,0.06,344.86,790.59,0.42,0.48,83
btc-updown-15m-1761302700,1761302700,600,0.47,0.54,0.505,0.07,400.8,550.99,0.46,0.53,109
btc-updown-15m-1761302700,1761302700,615,0.51,0.56,0.535,0.05,26,786.6,0.44,0.49,1068
btc-updown-15m-1761302700,1761302700,630,0.49,0.57,0.53,0.08,327,816.6,0.43,0.51,3
btc-updown-15m-1761302700,1761302700,645,0.57,0.64,0.605,0.07,40,860,0.36,0.43,3
btc-updown-15m-1761302700,1761302700,660,0.6,0.7,0.65,0.1,930.8,710.7,0.3,0.4,9
btc-updown-15m-1761302700,1761302700,675,0.7,0.74,0.72,0.04,117,810.6,0.26,0.3,489
btc-updown-15m-1761302700,1761302700,690,0.7,0.73,0.715,0.03,119.78,774.3,0.27,0.3,344
btc-updown-15m-1761302700,1761302700,705,0.7,0.76,0.73,0.06,388.78,813.4,0.24,0.3,18
btc-updown-15m-1761302700,1761302700,720,0.7,0.76,0.73,0.06,63.95,803.1,0.24,0.3,115
btc-updown-15m-1761302700,1761302700,735,0.7,0.78,0.74,0.08,377.08,542,0.22,0.3,204
btc-updown-15m-1761302700,1761302700,750,0.68,0.73,0.705,0.05,154,63.1,0.27,0.32,23
btc-updown-15m-1761302700,1761302700,765,0.63,0.72,0.675,0.09,588,800.4,0.28,0.37,83
btc-updown-15m-1761302700,1761302700,780,0.6,0.68,0.64,0.08,332,559.2,0.32,0.4,320
btc-updown-15m-1761302700,1761302700,795,0.59,0.71,0.65,0.12,762,801,0.29,0.41,80
btc-updown-15m-1761302700,1761302700,810,0.61,0.7,0.655,0.09,755,149,0.3,0.39,2
btc-updown-15m-1761302700,1761302700,825,0.45,0.52,0.485,0.07,677.68,77,0.48,0.55,11
btc-updown-15m-1761302700,1761302700,840,0.03,0.13,0.08,0.1,858,138.78,0.87,0.97,27
btc-updown-15m-1761302700,1761302700,845,0.03,0.12,0.075,0.09,484.22,275,0.88,0.97,15
btc-updown-15m-1761302700,1761302700,850,0.02,0.07,0.045,0.05,403.75,275,0.93,0.98,6
btc-updown-15m-1761302700,1761302700,855,,0.08,,,0,495.66,0.92,,689
btc-updown-15m-1761302700,1761302700,860,0.01,0.07,0.04,0.06,8,461.85,0.93,0.99,74
btc-updown-15m-1761302700,1761302700,865,,0.01,,,0,3112.76,0.99,,142
btc-updown-15m-1761302700,1761302700,870,,0.01,,,0,2802.86,0.99,,1916
btc-updown-15m-1761302700,1761302700,875,,0.01,,,0,1506.27,0.99,,447
btc-updown-15m-1761302700,1761302700,880,,0.01,,,0,2021.32,0.99,,154
btc-updown-15m-1761302700,1761302700,885,,0.01,,,0,3093.99,0.99,,673
btc-updown-15m-1761302700,1761302700,890,,0.01,,,0,3369.46,0.99,,3534
btc-updown-15m-1761302700,1761302700,895,,0.01,,,0,3394.46,0.99,,3170
btc-updown-15m-1761302700,1761302700,897,,0.01,,,0,3294.46,0.99,,1061
btc-updown-15m-1761302700,1761302700,899,,0.01,,,0,3401.46,0.99,,68
btc-updown-15m-1761302700,1761302700,900,,0.01,,,0,3401.46,0.99,,1068
btc-updown-15m-1761321600,1761321600,0,,,,,0,0,,,
btc-updown-15m-1761321600,1761321600,15,0.49,0.54,0.515,0.05,153,97,0.46,0.51,30
btc-updown-15m-1761321600,1761321600,30,0.46,0.51,0.485,0.05,220.91,125.36,0.49,0.54,215
btc-updown-15m-1761321600,1761321600,45,0.47,0.52,0.495,0.05,73.91,40,0.48,0.53,967
btc-updown-15m-1761321600,1761321600,60,0.53,0.6,0.565,0.07,102,296,0.4,0.47,32
btc-updown-15m-1761321600,1761321600,75,0.53,0.59,0.56,0.06,153,119.18,0.41,0.47,137
btc-updown-15m-1761321600,1761321600,90,0.46,0.52,0.49,0.06,135.91,167,0.48,0.54,387
btc-updown-15m-1761321600,1761321600,105,0.38,0.44,0.41,0.06,79,91,0.56,0.62,110
btc-updown-15m-1761321600,1761321600,120,0.32,0.37,0.345,0.05,25,180,0.63,0.68,1
btc-updown-15m-1761321600,1761321600,135,0.26,0.32,0.29,0.06,40,173,0.68,0.74,2
btc-updown-15m-1761321600,1761321600,150,0.31,0.35,0.33,0.04,400,70,0.65,0.69,426
btc-updown-15m-1761321600,1761321600,165,0.32,0.35,0.335,0.03,561,103.71,0.65,0.68,136
btc-updown-15m-1761321600,1761321600,180,0.34,0.41,0.375,0.07,562,30,0.59,0.66,991
btc-updown-15m-1761321600,1761321600,195,0.33,0.36,0.345,0.03,363,51,0.64,0.67,101
btc-updown-15m-1761321600,1761321600,210,0.36,0.42,0.39,0.06,147.27,78,0.58,0.64,1430
btc-updown-15m-1761321600,1761321600,225,0.32,0.37,0.345,0.05,355,61,0.63,0.68,747
btc-updown-15m-1761321600,1761321600,240,0.31,0.36,0.335,0.05,371.85,43,0.64,0.69,304
btc-updown-15m-1761321600,1761321600,255,0.29,0.31,0.3,0.02,100.3,61,0.69,0.71,24
btc-updown-15m-1761321600,1761321600,270,0.32,0.36,0.34,0.04,198.92,47,0.64,0.68,0
btc-updown-15m-1761321600,1761321600,285,0.3,0.34,0.32,0.04,122,78.74,0.66,0.7,88
btc-updown-15m-1761321600,1761321600,300,0.27,0.32,0.295,0.05,188.5,109.74,0.68,0.73,9
btc-updown-15m-1761321600,1761321600,315,0.23,0.29,0.26,0.06,225,168,0.71,0.77,2
btc-updown-15m-1761321600,1761321600,330,0.15,0.21,0.18,0.06,40,146,0.79,0.85,11
btc-updown-15m-1761321600,1761321600,345,0.16,0.22,0.19,0.06,120,239,0.78,0.84,107
btc-updown-15m-1761321600,1761321600,360,0.14,0.17,0.155,0.03,99.95,184,0.83,0.86,1156
btc-updown-15m-1761321600,1761321600,375,0.12,0.15,0.135,0.03,144,43,0.85,0.88,117
btc-updown-15m-1761321600,1761321600,390,0.1,0.15,0.125,0.05,83.77,76,0.85,0.9,170
btc-updown-15m-1761321600,1761321600,405,0.09,0.14,0.115,0.05,289,100.59,0.86,0.91,235
btc-updown-15m-1761321600,1761321600,420,0.08,0.15,0.115,0.07,307,55.25,0.85,0.92,454
btc-updown-15m-1761321600,1761321600,435,0.21,0.26,0.235,0.05,46,254,0.74,0.79,131
btc-updown-15m-1761321600,1761321600,450,0.28,0.32,0.3,0.04,101,60,0.68,0.72,138
btc-updown-15m-1761321600,1761321600,465,0.17,0.27,0.22,0.1,153,208,0.73,0.83,11
btc-updown-15m-1761321600,1761321600,480,0.2,0.25,0.225,0.05,320,64,0.75,0.8,513
btc-updown-15m-1761321600,1761321600,495,0.21,0.28,0.245,0.07,156.12,168,0.72,0.79,1770
btc-updown-15m-1761321600,1761321600,510,0.27,0.31,0.29,0.04,121,337.48,0.69,0.73,140
btc-updown-15m-1761321600,1761321600,525,0.38,0.39,0.385,0.01,213.51,19,0.61,0.62,29
btc-updown-15m-1761321600,1761321600,540,0.28,0.34,0.31,0.06,89,115,0.66,0.72,217
btc-updown-15m-1761321600,1761321600,555,0.15,0.22,0.185,0.07,123,79,0.78,0.85,42
btc-updown-15m-1761321600,1761321600,570,0.17,0.24,0.205,0.07,28,209.71,0.76,0.83,403
btc-updown-15m-1761321600,1761321600,585,0.16,0.22,0.19,0.06,116,55,0.78,0.84,44
btc-updown-15m-1761321600,1761321600,600,0.12,0.18,0.15,0.06,160,57,0.82,0.88,33
btc-updown-15m-1761321600,1761321600,615,0.15,0.24,0.195,0.09,175,151.71,0.76,0.85,58
btc-updown-15m-1761321600,1761321600,630,0.12,0.21,0.165,0.09,174.48,120.71,0.79,0.88,658
btc-updown-15m-1761321600,1761321600,645,0.12,0.17,0.145,0.05,119,42,0.83,0.88,8
btc-updown-15m-1761321600,1761321600,660,0.09,0.19,0.14,0.1,87,41,0.81,0.91,503
btc-updown-15m-1761321600,1761321600,675,0.12,0.23,0.175,0.11,75,69,0.77,0.88,49
btc-updown-15m-1761321600,1761321600,690,0.1,0.16,0.13,0.06,159,66.1,0.84,0.9,21
btc-updown-15m-1761321600,1761321600,705,0.1,0.17,0.135,0.07,228.33,126.1,0.83,0.9,29
btc-updown-15m-1761321600,1761321600,720,0.07,0.19,0.13,0.12,164.59,29,0.81,0.93,328
btc-updown-15m-1761321600,1761321600,735,0.06,0.19,0.125,0.13,302,23,0.81,0.94,521
btc-updown-15m-1761321600,1761321600,750,0.11,0.23,0.17,0.12,108,89.99,0.77,0.89,1
btc-updown-15m-1761321600,1761321600,765,0.13,0.22,0.175,0.09,113,206.93,0.78,0.87,4
btc-updown-15m-1761321600,1761321600,780,0.11,0.22,0.165,0.11,135,245.93,0.78,0.89,702
btc-updown-15m-1761321600,1761321600,795,0.13,0.32,0.225,0.19,86,103.03,0.68,0.87,773
btc-updown-15m-1761321600,1761321600,810,0.1,0.22,0.16,0.12,222,62,0.78,0.9,4
btc-updown-15m-1761321600,1761321600,825,0.19,0.28,0.235,0.09,27.41,48.28,0.72,0.81,13
btc-updown-15m-1761321600,1761321600,840,0.1,0.29,0.195,0.19,224.15,61,0.71,0.9,1248
btc-updown-15m-1761321600,1761321600,845,0.26,0.36,0.31,0.1,41,46.03,0.64,0.74,342
btc-updown-15m-1761321600,1761321600,850,0.11,0.35,0.23,0.24,231.03,118.03,0.65,0.89,9
btc-updown-15m-1761321600,1761321600,855,0.16,0.27,0.215,0.11,168.03,42.03,0.73,0.84,193
btc-updown-15m-1761321600,1761321600,860,0.28,0.46,0.37,0.18,173.03,213.04,0.54,0.72,319
btc-updown-15m-1761321600,1761321600,865,0.1,0.45,0.275,0.35,419.91,176.53,0.55,0.9,90
btc-updown-15m-1761321600,1761321600,870,0.29,0.52,0.405,0.23,15,105.35,0.48,0.71,47
btc-updown-15m-1761321600,1761321600,875,0.18,0.49,0.335,0.31,124.91,124.23,0.51,0.82,202
btc-updown-15m-1761321600,1761321600,880,0.23,0.41,0.32,0.18,419.91,124.23,0.59,0.77,26
btc-updown-15m-1761321600,1761321600,885,0.15,0.44,0.295,0.29,124.91,39,0.56,0.85,75
btc-updown-15m-1761321600,1761321600,890,0.03,0.08,0.055,0.05,1413.34,3458.21,0.92,0.97,212
btc-updown-15m-1761321600,1761321600,895,0.01,0.05,0.03,0.04,337,3405.65,0.95,0.99,677
btc-updown-15m-1761321600,1761321600,897,0.01,0.05,0.03,0.04,285.98,3405.65,0.95,0.99,42
btc-updown-15m-1761321600,1761321600,899,0.01,0.05,0.03,0.04,66.65,3440.65,0.95,0.99,570
btc-updown-15m-1761321600,1761321600,900,0.01,0.05,0.03,0.04,50.09,3440.65,0.95,0.99,363
btc-updown-15m-1761326100,1761326100,0,0.51,0.52,0.515,0.01,685.09,390.65,0.48,0.49,896
btc-updown-15m-1761326100,1761326100,15,0.46,0.47,0.465,0.01,85,520,0.53,0.54,65
btc-updown-15m-1761326100,1761326100,30,0.47,0.5,0.485,0.03,520,497.65,0.5,0.53,226
btc-updown-15m-1761326100,1761326100,45,0.47,0.52,0.495,0.05,510,1116.65,0.48,0.53,184
btc-updown-15m-1761326100,1761326100,60,0.5,0.52,0.51,0.02,505,856.65,0.48,0.5,0
btc-updown-15m-1761326100,1761326100,75,0.4,0.45,0.425,0.05,770,535,0.55,0.6,242
btc-updown-15m-1761326100,1761326100,90,0.56,0.59,0.575,0.03,41,845,0.41,0.44,7
btc-updown-15m-1761326100,1761326100,105,0.55,0.58,0.565,0.03,555,792,0.42,0.45,151
btc-updown-15m-1761326100,1761326100,120,0.58,0.6,0.59,0.02,30,760.88,0.4,0.42,483
btc-updown-15m-1761326100,1761326100,135,0.54,0.57,0.555,0.03,46,760,0.43,0.46,118
btc-updown-15m-1761326100,1761326100,150,0.53,0.56,0.545,0.03,748.33,710,0.44,0.47,221
btc-updown-15m-1761326100,1761326100,165,0.5,0.54,0.52,0.04,805,770,0.46,0.5,1082
btc-updown-15m-1761326100,1761326100,180,0.5,0.55,0.525,0.05,537,520,0.45,0.5,9
btc-updown-15m-1761326100,1761326100,195,0.57,0.58,0.575,0.01,561.25,30,0.42,0.43,26
btc-updown-15m-1761326100,1761326100,210,0.66,0.7,0.68,0.04,535,505,0.3,0.34,1
btc-updown-15m-1761326100,1761326100,225,0.75,0.8,0.775,0.05,518,841,0.2,0.25,323
btc-updown-15m-1761326100,1761326100,240,0.76,0.79,0.775,0.03,729.53,614.59,0.21,0.24,114
btc-updown-15m-1761326100,1761326100,255,0.84,0.88,0.86,0.04,775,905,0.12,0.16,9
btc-updown-15m-1761326100,1761326100,270,0.76,0.82,0.79,0.06,509.53,718,0.18,0.24,107
btc-updown-15m-1761326100,1761326100,285,0.76,0.81,0.785,0.05,363.52,323.83,0.19,0.24,404
btc-updown-15m-1761326100,1761326100,300,0.79,0.81,0.8,0.02,513.12,317,0.19,0.21,80
btc-updown-15m-1761326100,1761326100,315,0.79,0.83,0.81,0.04,304,758,0.17,0.21,239
btc-updown-15m-1761326100,1761326100,330,0.87,0.88,0.875,0.01,19,540.65,0.12,0.13,1975
btc-updown-15m-1761326100,1761326100,345,0.82,0.85,0.835,0.03,755,366.5,0.15,0.18,144
btc-updown-15m-1761326100,1761326100,360,0.82,0.84,0.83,0.02,788,235,0.16,0.18,1063
btc-updown-15m-1761326100,1761326100,375,0.88,0.92,0.9,0.04,533,753.94,0.08,0.12,173
btc-updown-15m-1761326100,1761326100,390,0.91,0.92,0.915,0.01,386,720,0.08,0.09,13
btc-updown-15m-1761326100,1761326100,405,0.9,0.91,0.905,0.01,783,146.09,0.09,0.1,674
btc-updown-15m-1761326100,1761326100,420,0.92,0.96,0.94,0.04,676,2444.73,0.04,0.08,87
btc-updown-15m-1761326100,1761326100,435,0.91,0.93,0.92,0.02,604,550,0.07,0.09,1
btc-updown-15m-1761326100,1761326100,450,0.92,0.96,0.94,0.04,1271,1385,0.04,0.08,1203
btc-updown-15m-1761326100,1761326100,465,0.92,0.95,0.935,0.03,989,803,0.05,0.08,2148
btc-updown-15m-1761326100,1761326100,480,0.93,0.95,0.94,0.02,403.52,553,0.05,0.07,69
btc-updown-15m-1761326100,1761326100,495,0.94,0.96,0.95,0.02,648.52,967,0.04,0.06,688
btc-updown-15m-1761326100,1761326100,510,0.95,0.97,0.96,0.02,929.37,1671.5,0.03,0.05,804
btc-updown-15m-1761326100,1761326100,525,0.97,0.98,0.975,0.01,1247.35,1461.32,0.02,0.03,1
btc-updown-15m-1761326100,1761326100,540,0.97,0.98,0.975,0.01,1229.35,963.93,0.02,0.03,793
btc-updown-15m-1761326100,1761326100,555,0.97,0.99,0.98,0.02,1384.34,417,0.01,0.03,902
btc-updown-15m-1761326100,1761326100,570,0.98,0.99,0.985,0.01,521.37,885.53,0.01,0.02,715
btc-updown-15m-1761326100,1761326100,585,0.97,0.98,0.975,0.01,1158.93,856.5,0.02,0.03,897
btc-updown-15m-1761326100,1761326100,600,0.98,0.99,0.985,0.01,971.93,565.53,0.01,0.02,106
btc-updown-15m-1761326100,1761326100,615,0.99,,,,932.57,0,,0.01,1038
btc-updown-15m-1761326100,1761326100,630,0.99,,,,1847.13,0,,0.01,2447
btc-updown-15m-1761326100,1761326100,645,0.99,,,,2132.68,0,,0.01,95
btc-updown-15m-1761326100,1761326100,660,0.99,,,,2282.68,0,,0.01,2528
btc-updown-15m-1761326100,1761326100,675,0.99,,,,2648.09,0,,0.01,1367
btc-updown-15m-1761326100,1761326100,690,0.99,,,,2659.89,0,,0.01,2508
btc-updown-15m-1761326100,1761326100,705,0.99,,,,3144.89,0,,0.01,2506
btc-updown-15m-1761326100,1761326100,720,0.99,,,,3113.09,0,,0.01,2524
btc-updown-15m-1761326100,1761326100,735,0.99,,,,3103.09,0,,0.01,70
btc-updown-15m-1761326100,1761326100,750,0.99,,,,4703.09,0,,0.01,2381
btc-updown-15m-1761326100,1761326100,765,0.99,,,,4593.09,0,,0.01,1851
btc-updown-15m-1761326100,1761326100,780,0.99,,,,4203.09,0,,0.01,2057
btc-updown-15m-1761326100,1761326100,795,0.99,,,,4688.09,0,,0.01,1106
btc-updown-15m-1761326100,1761326100,810,0.99,,,,4588.09,0,,0.01,2454
btc-updown-15m-1761326100,1761326100,825,0.99,,,,4785.4,0,,0.01,2466
btc-updown-15m-1761326100,1761326100,840,0.99,,,,4791.46,0,,0.01,2510
btc-updown-15m-1761326100,1761326100,845,0.99,,,,4617.8,0,,0.01,501
btc-updown-15m-1761326100,1761326100,850,0.99,,,,4617.8,0,,0.01,2484
btc-updown-15m-1761326100,1761326100,855,0.99,,,,3981.8,0,,0.01,1839
btc-updown-15m-1761326100,1761326100,860,0.99,,,,3981.8,0,,0.01,2999
btc-updown-15m-1761326100,1761326100,865,0.99,,,,3981.8,0,,0.01,3624
btc-updown-15m-1761326100,1761326100,870,0.99,,,,3981.8,0,,0.01,2944
btc-updown-15m-1761326100,1761326100,875,0.99,,,,3996.8,0,,0.01,1992
btc-updown-15m-1761326100,1761326100,880,0.99,,,,3996.8,0,,0.01,1986
btc-updown-15m-1761326100,1761326100,885,0.99,,,,3996.8,0,,0.01,3919
btc-updown-15m-1761326100,1761326100,890,0.99,,,,3996.8,0,,0.01,3050
btc-updown-15m-1761326100,1761326100,895,0.99,,,,4027.86,0,,0.01,2853
btc-updown-15m-1761326100,1761326100,897,0.99,,,,4027.86,0,,0.01,1055
btc-updown-15m-1761326100,1761326100,899,0.99,,,,4377.86,0,,0.01,21
btc-updown-15m-1761326100,1761326100,900,0.99,,,,4384.86,0,,0.01,481
btc-updown-15m-1761330600,1761330600,0,0.46,0.48,0.47,0.02,19,97.16,0.52,0.54,1578
btc-updown-15m-1761330600,1761330600,15,0.64,0.75,0.695,0.11,80,101,0.25,0.36,670
btc-updown-15m-1761330600,1761330600,30,0.56,0.62,0.59,0.06,520,45,0.38,0.44,138
btc-updown-15m-1761330600,1761330600,45,0.54,0.65,0.595,0.11,274,760,0.35,0.46,40
btc-updown-15m-1761330600,1761330600,60,0.49,0.63,0.56,0.14,553.7,543,0.37,0.51,2
btc-updown-15m-1761330600,1761330600,75,0.55,0.65,0.6,0.1,524,765,0.35,0.45,17
btc-updown-15m-1761330600,1761330600,90,0.56,0.6,0.58,0.04,510,1500,0.4,0.44,251
btc-updown-15m-1761330600,1761330600,105,0.56,0.6,0.58,0.04,796,1496.66,0.4,0.44,50
btc-updown-15m-1761330600,1761330600,120,0.58,0.69,0.635,0.11,799,745,0.31,0.42,952
btc-updown-15m-1761330600,1761330600,135,0.55,0.66,0.605,0.11,969.09,283,0.34,0.45,20
btc-updown-15m-1761330600,1761330600,150,0.57,0.68,0.625,0.11,1006.09,765,0.32,0.43,1031
btc-updown-15m-1761330600,1761330600,165,0.6,0.67,0.635,0.07,515,281,0.33,0.4,926
btc-updown-15m-1761330600,1761330600,180,0.58,0.68,0.63,0.1,545,510,0.32,0.42,117
btc-updown-15m-1761330600,1761330600,195,0.55,0.58,0.565,0.03,705.09,250.04,0.42,0.45,63
btc-updown-15m-1761330600,1761330600,210,0.48,0.56,0.52,0.08,519.7,323.65,0.44,0.52,1
btc-updown-15m-1761330600,1761330600,225,0.43,0.51,0.47,0.08,819,287,0.49,0.57,209
btc-updown-15m-1761330600,1761330600,240,0.4,0.49,0.445,0.09,794,115.64,0.51,0.6,16
btc-updown-15m-1761330600,1761330600,255,0.4,0.46,0.43,0.06,524,287,0.54,0.6,90
btc-updown-15m-1761330600,1761330600,270,0.43,0.5,0.465,0.07,535.33,270,0.5,0.57,672
btc-updown-15m-1761330600,1761330600,285,0.4,0.49,0.445,0.09,524.33,504.4,0.51,0.6,1336
btc-updown-15m-1761330600,1761330600,300,0.48,0.55,0.515,0.07,529,510,0.45,0.52,701
btc-updown-15m-1761330600,1761330600,315,0.44,0.53,0.485,0.09,279,760,0.47,0.56,418
btc-updown-15m-1761330600,1761330600,330,0.44,0.54,0.49,0.1,753.77,525,0.46,0.56,148
btc-updown-15m-1761330600,1761330600,345,0.58,0.66,0.62,0.08,25,750,0.34,0.42,854
btc-updown-15m-1761330600,1761330600,360,0.52,0.63,0.575,0.11,774.37,760,0.37,0.48,576
btc-updown-15m-1761330600,1761330600,375,0.49,0.59,0.54,0.1,377.49,515,0.41,0.51,109
btc-updown-15m-1761330600,1761330600,390,0.56,0.66,0.61,0.1,520,760,0.34,0.44,190
btc-updown-15m-1761330600,1761330600,405,0.42,0.52,0.47,0.1,797,572.04,0.48,0.58,15
btc-updown-15m-1761330600,1761330600,420,0.43,0.49,0.46,0.06,782.82,510,0.51,0.57,4
btc-updown-15m-1761330600,1761330600,435,0.31,0.39,0.35,0.08,755,510,0.61,0.69,13
btc-updown-15m-1761330600,1761330600,450,0.23,0.3,0.265,0.07,745,384.66,0.7,0.77,198
btc-updown-15m-1761330600,1761330600,465,0.16,0.23,0.195,0.07,750,591.72,0.77,0.84,674
btc-updown-15m-1761330600,1761330600,480,0.22,0.33,0.275,0.11,740.44,724.92,0.67,0.78,1108
btc-updown-15m-1761330600,1761330600,495,0.3,0.41,0.355,0.11,750,760,0.59,0.7,680
btc-updown-15m-1761330600,1761330600,510,0.29,0.4,0.345,0.11,762.59,488.04,0.6,0.71,154
btc-updown-15m-1761330600,1761330600,525,0.34,0.44,0.39,0.1,764,510,0.56,0.66,1169
btc-updown-15m-1761330600,1761330600,540,0.33,0.44,0.385,0.11,769,510,0.56,0.67,854
btc-updown-15m-1761330600,1761330600,555,0.33,0.44,0.385,0.11,769,760,0.56,0.67,972
btc-updown-15m-1761330600,1761330600,570,0.44,0.54,0.49,0.1,514,515,0.46,0.56,1228
btc-updown-15m-1761330600,1761330600,585,0.42,0.53,0.475,0.11,755.12,525,0.47,0.58,407
btc-updown-15m-1761330600,1761330600,600,0.43,0.55,0.49,0.12,755.12,755,0.45,0.57,3
btc-updown-15m-1761330600,1761330600,615,0.33,0.46,0.395,0.13,683.34,760,0.54,0.67,252
btc-updown-15m-1761330600,1761330600,630,0.36,0.48,0.42,0.12,550.15,535,0.52,0.64,41
btc-updown-15m-1761330600,1761330600,645,0.41,0.51,0.46,0.1,750,299.44,0.49,0.59,69
btc-updown-15m-1761330600,1761330600,660,0.38,0.53,0.455,0.15,750,758.11,0.47,0.62,50
btc-updown-15m-1761330600,1761330600,675,0.37,0.51,0.44,0.14,750,748.11,0.49,0.63,1647
btc-updown-15m-1761330600,1761330600,690,0.33,0.46,0.395,0.13,515,750,0.54,0.67,921
btc-updown-15m-1761330600,1761330600,705,0.22,0.32,0.27,0.1,734.17,560.85,0.68,0.78,750
btc-updown-15m-1761330600,1761330600,720,0.21,0.34,0.275,0.13,708.85,750,0.66,0.79,880
btc-updown-15m-1761330600,1761330600,735,0.35,0.48,0.415,0.13,750,760,0.52,0.65,2319
btc-updown-15m-1761330600,1761330600,750,0.33,0.47,0.4,0.14,750,727.44,0.53,0.67,1157
btc-updown-15m-1761330600,1761330600,765,0.21,0.25,0.23,0.04,719.68,285,0.75,0.79,36
btc-updown-15m-1761330600,1761330600,780,0.24,0.37,0.305,0.13,556.16,750,0.63,0.76,61
btc-updown-15m-1761330600,1761330600,795,0.35,0.46,0.405,0.11,750,505,0.54,0.65,135
btc-updown-15m-1761330600,1761330600,810,0.34,0.46,0.4,0.12,750,505,0.54,0.66,98
btc-updown-15m-1761330600,1761330600,825,0.35,0.48,0.415,0.13,900,750,0.52,0.65,9
btc-updown-15m-1761330600,1761330600,840,0.35,0.38,0.365,0.03,748.46,308.92,0.62,0.65,23
btc-updown-15m-1761330600,1761330600,845,0.31,0.34,0.325,0.03,750,512.57,0.66,0.69,1
btc-updown-15m-1761330600,1761330600,850,0.3,0.48,0.39,0.18,692.85,681.09,0.52,0.7,191
btc-updown-15m-1761330600,1761330600,855,0.31,0.49,0.4,0.18,750,750,0.51,0.69,112
btc-updown-15m-1761330600,1761330600,860,0.31,0.5,0.405,0.19,677.53,750,0.5,0.69,84
btc-updown-15m-1761330600,1761330600,865,0.29,0.31,0.3,0.02,750,332.53,0.69,0.71,125
btc-updown-15m-1761330600,1761330600,870,0.55,0.95,0.75,0.4,80,271.95,0.05,0.45,141
btc-updown-15m-1761330600,1761330600,875,0.55,0.97,0.76,0.42,66.64,646.53,0.03,0.45,35
btc-updown-15m-1761330600,1761330600,880,0.55,0.96,0.755,0.41,61.64,460.37,0.04,0.45,20
btc-updown-15m-1761330600,1761330600,885,0.8,0.99,0.895,0.19,654.17,313.31,0.01,0.2,260
btc-updown-15m-1761330600,1761330600,890,0.99,,,,513.52,0,,0.01,146
btc-updown-15m-1761330600,1761330600,895,0.99,,,,1013.52,0,,0.01,1102
btc-updown-15m-1761330600,1761330600,897,0.99,,,,1013.52,0,,0.01,3102
btc-updown-15m-1761330600,1761330600,899,0.99,,,,1672.72,0,,0.01,327
btc-updown-15m-1761330600,1761330600,900,0.99,,,,1679.72,0,,0.01,996
btc-updown-15m-1761335100,1761335100,0,0.5,0.53,0.515,0.03,1726.09,22,0.47,0.5,633
btc-updown-15m-1761335100,1761335100,15,0.51,0.57,0.54,0.06,969.11,560,0.43,0.49,19
btc-updown-15m-1761335100,1761335100,30,0.5,0.54,0.52,0.04,945.41,402,0.46,0.5,63
btc-updown-15m-1761335100,1761335100,45,0.5,0.54,0.52,0.04,935.41,532,0.46,0.5,739
btc-updown-15m-1761335100,1761335100,60,0.45,0.52,0.485,0.07,320,535,0.48,0.55,1906
btc-updown-15m-1761335100,1761335100,75,0.45,0.51,0.48,0.06,320,532,0.49,0.55,401
btc-updown-15m-1761335100,1761335100,90,0.46,0.49,0.475,0.03,76,284,0.51,0.54,392
btc-updown-15m-1761335100,1761335100,105,0.4,0.44,0.42,0.04,4042.7,285,0.56,0.6,59
btc-updown-15m-1761335100,1761335100,120,0.4,0.42,0.41,0.02,2526.95,589.82,0.58,0.6,648
btc-updown-15m-1761335100,1761335100,135,0.35,0.39,0.37,0.04,548.2,662.92,0.61,0.65,3
btc-updown-15m-1761335100,1761335100,150,0.35,0.37,0.36,0.02,514.2,586.91,0.63,0.65,188
btc-updown-15m-1761335100,1761335100,165,0.36,0.41,0.385,0.05,794.2,721.42,0.59,0.64,861
btc-updown-15m-1761335100,1761335100,180,0.37,0.4,0.385,0.03,329.2,732.68,0.6,0.63,505
btc-updown-15m-1761335100,1761335100,195,0.39,0.44,0.415,0.05,289,613.63,0.56,0.61,271
btc-updown-15m-1761335100,1761335100,210,0.36,0.41,0.385,0.05,944.2,773,0.59,0.64,2
btc-updown-15m-1761335100,1761335100,225,0.35,0.37,0.36,0.02,512.55,835.76,0.63,0.65,5000
btc-updown-15m-1761335100,1761335100,240,0.35,0.37,0.36,0.02,899.68,570.74,0.63,0.65,576
btc-updown-15m-1761335100,1761335100,255,0.36,0.39,0.375,0.03,288,750,0.61,0.64,110
btc-updown-15m-1761335100,1761335100,270,0.41,0.47,0.44,0.06,750,729.16,0.53,0.59,978
btc-updown-15m-1761335100,1761335100,285,0.42,0.47,0.445,0.05,750,747.87,0.53,0.58,2868
btc-updown-15m-1761335100,1761335100,300,0.3,0.32,0.31,0.02,865,808.34,0.68,0.7,215
btc-updown-15m-1761335100,1761335100,315,0.31,0.35,0.33,0.04,432,695.94,0.65,0.69,401
btc-updown-15m-1761335100,1761335100,330,0.29,0.37,0.33,0.08,606.12,750,0.63,0.71,53
btc-updown-15m-1761335100,1761335100,345,0.36,0.46,0.41,0.1,793,750,0.54,0.64,6
btc-updown-15m-1761335100,1761335100,360,0.16,0.25,0.205,0.09,750,750,0.75,0.84,901
btc-updown-15m-1761335100,1761335100,375,0.11,0.2,0.155,0.09,748.87,428.04,0.8,0.89,990
btc-updown-15m-1761335100,1761335100,390,0.12,0.2,0.16,0.08,528,659.04,0.8,0.88,1238
btc-updown-15m-1761335100,1761335100,405,0.12,0.18,0.15,0.06,520,778.73,0.82,0.88,1931
btc-updown-15m-1761335100,1761335100,420,0.1,0.15,0.125,0.05,345,520,0.85,0.9,369
btc-updown-15m-1761335100,1761335100,435,0.11,0.2,0.155,0.09,655.18,637.27,0.8,0.89,5
btc-updown-15m-1761335100,1761335100,450,0.06,0.11,0.085,0.05,783,43,0.89,0.94,12
btc-updown-15m-1761335100,1761335100,465,0.06,0.15,0.105,0.09,773,750,0.85,0.94,4
btc-updown-15m-1761335100,1761335100,480,0.07,0.16,0.115,0.09,787,758,0.84,0.93,470
btc-updown-15m-1761335100,1761335100,495,0.12,0.18,0.15,0.06,797.88,631.71,0.82,0.88,190
btc-updown-15m-1761335100,1761335100,510,0.12,0.15,0.135,0.03,785.88,494.58,0.85,0.88,640
btc-updown-15m-1761335100,1761335100,525,0.12,0.14,0.13,0.02,280,766.81,0.86,0.88,15
btc-updown-15m-1761335100,1761335100,540,0.08,0.12,0.1,0.04,295,536.81,0.88,0.92,272
btc-updown-15m-1761335100,1761335100,555,0.13,0.2,0.165,0.07,750,505,0.8,0.87,0
btc-updown-15m-1761335100,1761335100,570,0.21,0.28,0.245,0.07,298,415.56,0.72,0.79,358
btc-updown-15m-1761335100,1761335100,585,0.2,0.27,0.235,0.07,48,665.56,0.73,0.8,33
btc-updown-15m-1761335100,1761335100,600,0.21,0.27,0.24,0.06,50,665.56,0.73,0.79,150
btc-updown-15m-1761335100,1761335100,615,0.15,0.2,0.175,0.05,264,505,0.8,0.85,1315
btc-updown-15m-1761335100,1761335100,630,0.12,0.19,0.155,0.07,824,262,0.81,0.88,964
btc-updown-15m-1761335100,1761335100,645,0.13,0.18,0.155,0.05,157.74,750,0.82,0.87,14
btc-updown-15m-1761335100,1761335100,660,0.14,0.18,0.16,0.04,95,643.99,0.82,0.86,172
btc-updown-15m-1761335100,1761335100,675,0.13,0.2,0.165,0.07,756,397.03,0.8,0.87,18
btc-updown-15m-1761335100,1761335100,690,0.11,0.15,0.13,0.04,776,47.29,0.85,0.89,209
btc-updown-15m-1761335100,1761335100,705,0.07,0.15,0.11,0.08,750,547.29,0.85,0.93,71
btc-updown-15m-1761335100,1761335100,720,0.1,0.15,0.125,0.05,354.35,547.29,0.85,0.9,174
btc-updown-15m-1761335100,1761335100,735,0.05,0.1,0.075,0.05,670,430.28,0.9,0.95,18
btc-updown-15m-1761335100,1761335100,750,0.05,0.1,0.075,0.05,696,150.99,0.9,0.95,407
btc-updown-15m-1761335100,1761335100,765,0.05,0.14,0.095,0.09,1341,578.29,0.86,0.95,741
btc-updown-15m-1761335100,1761335100,780,0.03,0.07,0.05,0.04,1807.12,343.09,0.93,0.97,166
btc-updown-15m-1761335100,1761335100,795,0.01,0.05,0.03,0.04,70.12,215.19,0.95,0.99,139
btc-updown-15m-1761335100,1761335100,810,,0.02,,,0,568.33,0.98,,172
btc-updown-15m-1761335100,1761335100,825,,0.01,,,0,3172.29,0.99,,2338
btc-updown-15m-1761335100,1761335100,840,,0.01,,,0,3387.21,0.99,,1006
btc-updown-15m-1761335100,1761335100,845,,0.01,,,0,3387.21,0.99,,4923
btc-updown-15m-1761335100,1761335100,850,,0.01,,,0,3387.21,0.99,,119
btc-updown-15m-1761335100,1761335100,855,,0.01,,,0,3387.21,0.99,,4637
btc-updown-15m-1761335100,1761335100,860,,0.01,,,0,3611.21,0.99,,291
btc-updown-15m-1761335100,1761335100,865,,0.01,,,0,3411.21,0.99,,1247
btc-updown-15m-1761335100,1761335100,870,,0.01,,,0,3441.21,0.99,,491
btc-updown-15m-1761335100,1761335100,875,,0.01,,,0,3446.21,0.99,,3147
btc-updown-15m-1761335100,1761335100,880,,0.01,,,0,3446.21,0.99,,814
btc-updown-15m-1761335100,1761335100,885,,0.01,,,0,3446.21,0.99,,5814
btc-updown-15m-1761335100,1761335100,890,,0.01,,,0,3431.14,0.99,,1026
btc-updown-15m-1761335100,1761335100,895,,0.01,,,0,3496.14,0.99,,3642
btc-updown-15m-1761335100,1761335100,897,,0.01,,,0,3496.14,0.99,,5642
btc-updown-15m-1761335100,1761335100,899,,0.01,,,0,3846.14,0.99,,631
btc-updown-15m-1761335100,1761335100,900,,0.01,,,0,3853.14,0.99,,915
btc-updown-15m-1761347700,1761347700,0,0.53,0.54,0.535,0.01,242.35,27,0.46,0.47,388
btc-updown-15m-1761347700,1761347700,15,0.4,0.68,0.54,0.28,51,20.97,0.32,0.6,6
btc-updown-15m-1761347700,1761347700,30,0.38,0.51,0.445,0.13,296.7,30,0.49,0.62,111
btc-updown-15m-1761347700,1761347700,45,0.38,0.45,0.415,0.07,52.18,45,0.55,0.62,962
btc-updown-15m-1761347700,1761347700,60,0.4,0.46,0.43,0.06,159,50,0.54,0.6,77
btc-updown-15m-1761347700,1761347700,75,0.43,0.48,0.455,0.05,138.24,59,0.52,0.57,3076
btc-updown-15m-1761347700,1761347700,90,0.57,0.84,0.705,0.27,136,204,0.16,0.43,11
btc-updown-15m-1761347700,1761347700,105,0.68,0.76,0.72,0.08,133,115.79,0.24,0.32,17
btc-updown-15m-1761347700,1761347700,120,0.59,0.69,0.64,0.1,202.41,30,0.31,0.41,1678
btc-updown-15m-1761347700,1761347700,135,0.63,0.72,0.675,0.09,243.36,38,0.28,0.37,211
btc-updown-15m-1761347700,1761347700,150,0.58,0.64,0.61,0.06,248.36,61,0.36,0.42,30
btc-updown-15m-1761347700,1761347700,165,0.63,0.7,0.665,0.07,60,40,0.3,0.37,116
btc-updown-15m-1761347700,1761347700,180,0.68,0.73,0.705,0.05,30,55,0.27,0.32,474
btc-updown-15m-1761347700,1761347700,195,0.7,0.71,0.705,0.01,140,39,0.29,0.3,1682
btc-updown-15m-1761347700,1761347700,210,0.62,0.73,0.675,0.11,139,112.3,0.27,0.38,985
btc-updown-15m-1761347700,1761347700,225,0.65,0.7,0.675,0.05,132,46,0.3,0.35,498
btc-updown-15m-1761347700,1761347700,240,0.66,0.7,0.68,0.04,118,49,0.3,0.34,57
btc-updown-15m-1761347700,1761347700,255,0.64,0.73,0.685,0.09,238.36,137.34,0.27,0.36,388
btc-updown-15m-1761347700,1761347700,270,0.66,0.73,0.695,0.07,122,162.34,0.27,0.34,98
btc-updown-15m-1761347700,1761347700,285,0.72,0.75,0.735,0.03,60,108.34,0.25,0.28,1573
btc-updown-15m-1761347700,1761347700,300,0.7,0.76,0.73,0.06,114,140.69,0.24,0.3,319
btc-updown-15m-1761347700,1761347700,315,0.72,0.78,0.75,0.06,36,26,0.22,0.28,195
btc-updown-15m-1761347700,1761347700,330,0.71,0.75,0.73,0.04,36,41,0.25,0.29,1944
btc-updown-15m-1761347700,1761347700,345,0.78,0.82,0.8,0.04,65,87.69,0.18,0.22,1017
btc-updown-15m-1761347700,1761347700,360,0.79,0.86,0.825,0.07,59,286,0.14,0.21,334
btc-updown-15m-1761347700,1761347700,375,0.82,0.87,0.845,0.05,63,144.47,0.13,0.18,101
btc-updown-15m-1761347700,1761347700,390,0.86,0.9,0.88,0.04,178,54.11,0.1,0.14,825
btc-updown-15m-1761347700,1761347700,405,0.88,0.9,0.89,0.02,60,314.32,0.1,0.12,1
btc-updown-15m-1761347700,1761347700,420,0.88,0.9,0.89,0.02,91.53,423.28,0.1,0.12,40
btc-updown-15m-1761347700,1761347700,435,0.88,0.9,0.89,0.02,102,412.61,0.1,0.12,2
btc-updown-15m-1761347700,1761347700,450,0.86,0.87,0.865,0.01,29,98,0.13,0.14,253
btc-updown-15m-1761347700,1761347700,465,0.86,0.9,0.88,0.04,128,44,0.1,0.14,5607
btc-updown-15m-1761347700,1761347700,480,0.86,0.92,0.89,0.06,155,384,0.08,0.14,202
btc-updown-15m-1761347700,1761347700,495,0.86,0.89,0.875,0.03,124,42,0.11,0.14,306
btc-updown-15m-1761347700,1761347700,510,0.86,0.92,0.89,0.06,116.85,86,0.08,0.14,4240
btc-updown-15m-1761347700,1761347700,525,0.86,0.92,0.89,0.06,128,44,0.08,0.14,1502
btc-updown-15m-1761347700,1761347700,540,0.88,0.94,0.91,0.06,158,102,0.06,0.12,116
btc-updown-15m-1761347700,1761347700,555,0.87,0.94,0.905,0.07,37.74,86,0.06,0.13,289
btc-updown-15m-1761347700,1761347700,570,0.87,0.95,0.91,0.08,136.58,307,0.05,0.13,31
btc-updown-15m-1761347700,1761347700,585,0.91,0.96,0.935,0.05,55,389,0.04,0.09,1845
btc-updown-15m-1761347700,1761347700,600,0.9,0.96,0.93,0.06,155,378.92,0.04,0.1,1773
btc-updown-15m-1761347700,1761347700,615,0.9,0.96,0.93,0.06,161,338.92,0.04,0.1,4
btc-updown-15m-1761347700,1761347700,630,0.82,0.96,0.89,0.14,22.85,334.29,0.04,0.18,67
btc-updown-15m-1761347700,1761347700,645,0.89,0.93,0.91,0.04,119,113,0.07,0.11,593
btc-updown-15m-1761347700,1761347700,660,0.96,0.99,0.975,0.03,128.7,868.1,0.01,0.04,692
btc-updown-15m-1761347700,1761347700,675,0.95,0.99,0.97,0.04,40,130,0.01,0.05,2
btc-updown-15m-1761347700,1761347700,690,0.97,0.99,0.98,0.02,37.86,135.98,0.01,0.03,453
btc-updown-15m-1761347700,1761347700,705,0.98,0.99,0.985,0.01,81.86,61,0.01,0.02,289
btc-updown-15m-1761347700,1761347700,720,0.98,0.99,0.985,0.01,81.86,561,0.01,0.02,5216
btc-updown-15m-1761347700,1761347700,735,0.97,0.99,0.98,0.02,141.24,415.31,0.01,0.03,659
btc-updown-15m-1761347700,1761347700,750,0.98,0.99,0.985,0.01,728.38,182.75,0.01,0.02,1656
btc-updown-15m-1761347700,1761347700,765,0.99,,,,692.34,0,,0.01,224
btc-updown-15m-1761347700,1761347700,780,0.99,,,,1092.32,0,,0.01,3307
btc-updown-15m-1761347700,1761347700,795,0.99,,,,1382.74,0,,0.01,21
btc-updown-15m-1761347700,1761347700,810,0.99,,,,2282.74,0,,0.01,5506
btc-updown-15m-1761347700,1761347700,825,0.99,,,,2288.32,0,,0.01,1895
btc-updown-15m-1761347700,1761347700,840,0.99,,,,2298.47,0,,0.01,1374
btc-updown-15m-1761347700,1761347700,845,0.99,,,,2398.45,0,,0.01,2793
btc-updown-15m-1761347700,1761347700,850,0.99,,,,2303.8,0,,0.01,1523
btc-updown-15m-1761347700,1761347700,855,0.99,,,,2308.89,0,,0.01,611
btc-updown-15m-1761347700,1761347700,860,0.99,,,,2308.89,0,,0.01,4798
btc-updown-15m-1761347700,1761347700,865,0.99,,,,2303.8,0,,0.01,200
btc-updown-15m-1761347700,1761347700,870,0.99,,,,2279.8,0,,0.01,1557
btc-updown-15m-1761347700,1761347700,875,0.99,,,,2313.89,0,,0.01,3145
btc-updown-15m-1761347700,1761347700,880,0.99,,,,2313.89,0,,0.01,1148
btc-updown-15m-1761347700,1761347700,885,0.99,,,,2313.89,0,,0.01,767
btc-updown-15m-1761347700,1761347700,890,0.99,,,,2313.89,0,,0.01,2729
btc-updown-15m-1761347700,1761347700,895,0.99,,,,2338.89,0,,0.01,3137
btc-updown-15m-1761347700,1761347700,897,0.99,,,,2338.89,0,,0.01,5137
btc-updown-15m-1761347700,1761347700,899,0.99,,,,2664.89,0,,0.01,20
btc-updown-15m-1761347700,1761347700,900,0.99,,,,2671.89,0,,0.01,967
btc-updown-15m-1761351300,1761351300,0,0.48,0.5,0.49,0.02,92.28,13.81,0.5,0.52,442
btc-updown-15m-1761351300,1761351300,15,0.48,0.52,0.5,0.04,69.56,154.05,0.48,0.52,6
btc-updown-15m-1761351300,1761351300,30,0.2,0.33,0.265,0.13,40.75,36.81,0.67,0.8,169
btc-updown-15m-1761351300,1761351300,45,0.33,0.38,0.355,0.05,35,61,0.62,0.67,197
btc-updown-15m-1761351300,1761351300,60,0.34,0.37,0.355,0.03,35,38,0.63,0.66,754
btc-updown-15m-1761351300,1761351300,75,0.46,0.48,0.47,0.02,341.25,22.7,0.52,0.54,277
btc-updown-15m-1761351300,1761351300,90,0.3,0.36,0.33,0.06,38,30,0.64,0.7,72
btc-updown-15m-1761351300,1761351300,105,0.26,0.32,0.29,0.06,541.25,50,0.68,0.74,33
btc-updown-15m-1761351300,1761351300,120,0.28,0.33,0.305,0.05,40.09,55,0.67,0.72,7
btc-updown-15m-1761351300,1761351300,135,0.36,0.47,0.415,0.11,49.09,54.7,0.53,0.64,15
btc-updown-15m-1761351300,1761351300,150,0.37,0.46,0.415,0.09,53,59.7,0.54,0.63,925
btc-updown-15m-1761351300,1761351300,165,0.38,0.45,0.415,0.07,75,45,0.55,0.62,52
btc-updown-15m-1761351300,1761351300,180,0.38,0.44,0.41,0.06,53,23.19,0.56,0.62,17
btc-updown-15m-1761351300,1761351300,195,0.38,0.43,0.405,0.05,63,141,0.57,0.62,439
btc-updown-15m-1761351300,1761351300,210,0.34,0.42,0.38,0.08,36,60,0.58,0.66,627
btc-updown-15m-1761351300,1761351300,225,0.33,0.37,0.35,0.04,23,138,0.63,0.67,97
btc-updown-15m-1761351300,1761351300,240,0.31,0.36,0.335,0.05,32,47,0.64,0.69,236
btc-updown-15m-1761351300,1761351300,255,0.36,0.38,0.37,0.02,50,246.99,0.62,0.64,2
btc-updown-15m-1761351300,1761351300,270,0.35,0.4,0.375,0.05,156,33,0.6,0.65,8
btc-updown-15m-1761351300,1761351300,285,0.39,0.44,0.415,0.05,66,129,0.56,0.61,1
btc-updown-15m-1761351300,1761351300,300,0.34,0.37,0.355,0.03,32,158,0.63,0.66,151
btc-updown-15m-1761351300,1761351300,315,0.36,0.4,0.38,0.04,50,133,0.6,0.64,138
btc-updown-15m-1761351300,1761351300,330,0.34,0.4,0.37,0.06,65,128.22,0.6,0.66,0
btc-updown-15m-1761351300,1761351300,345,0.34,0.4,0.37,0.06,75,143,0.6,0.66,162
btc-updown-15m-1761351300,1761351300,360,0.39,0.44,0.415,0.05,65,133.1,0.56,0.61,11
btc-updown-15m-1761351300,1761351300,375,0.51,0.54,0.525,0.03,100.19,169.73,0.46,0.49,13
btc-updown-15m-1761351300,1761351300,390,0.54,0.63,0.585,0.09,153,26,0.37,0.46,3
btc-updown-15m-1761351300,1761351300,405,0.49,0.7,0.595,0.21,138,41,0.3,0.51,293
btc-updown-15m-1761351300,1761351300,420,0.53,0.59,0.56,0.06,30.93,48,0.41,0.47,190
btc-updown-15m-1761351300,1761351300,435,0.3,0.36,0.33,0.06,116.65,131,0.64,0.7,32
btc-updown-15m-1761351300,1761351300,450,0.29,0.35,0.32,0.06,439,123.98,0.65,0.71,1166
btc-updown-15m-1761351300,1761351300,465,0.3,0.35,0.325,0.05,169,131.98,0.65,0.7,758
btc-updown-15m-1761351300,1761351300,480,0.3,0.35,0.325,0.05,153,227.98,0.65,0.7,2
btc-updown-15m-1761351300,1761351300,495,0.42,0.5,0.46,0.08,161,128,0.5,0.58,124
btc-updown-15m-1761351300,1761351300,510,0.45,0.5,0.475,0.05,24,58.68,0.5,0.55,12
btc-updown-15m-1761351300,1761351300,525,0.43,0.47,0.45,0.04,21,56.68,0.53,0.57,279
btc-updown-15m-1761351300,1761351300,540,0.32,0.36,0.34,0.04,359,50.07,0.64,0.68,14
btc-updown-15m-1761351300,1761351300,555,0.3,0.34,0.32,0.04,251.48,48,0.66,0.7,6
btc-updown-15m-1761351300,1761351300,570,0.27,0.31,0.29,0.04,379.83,46,0.69,0.73,8
btc-updown-15m-1761351300,1761351300,585,0.27,0.35,0.31,0.08,271.83,38.07,0.65,0.73,2301
btc-updown-15m-1761351300,1761351300,600,0.28,0.34,0.31,0.06,239.46,64.07,0.66,0.72,39
btc-updown-15m-1761351300,1761351300,615,0.27,0.33,0.3,0.06,385.46,50,0.67,0.73,747
btc-updown-15m-1761351300,1761351300,630,0.27,0.31,0.29,0.04,327.46,63,0.69,0.73,223
btc-updown-15m-1761351300,1761351300,645,0.27,0.32,0.295,0.05,382.46,128.98,0.68,0.73,36
btc-updown-15m-1761351300,1761351300,660,0.38,0.49,0.435,0.11,162,28,0.51,0.62,13
btc-updown-15m-1761351300,1761351300,675,0.58,0.94,0.76,0.36,145,609.6,0.06,0.42,23
btc-updown-15m-1761351300,1761351300,690,0.7,0.78,0.74,0.08,42,12.53,0.22,0.3,77
btc-updown-15m-1761351300,1761351300,705,0.71,0.82,0.765,0.11,131,27.56,0.18,0.29,1
btc-updown-15m-1761351300,1761351300,720,0.49,0.7,0.595,0.21,139,52.71,0.3,0.51,15
btc-updown-15m-1761351300,1761351300,735,0.47,0.59,0.53,0.12,126,19,0.41,0.53,34
btc-updown-15m-1761351300,1761351300,750,0.51,0.6,0.555,0.09,126,48.88,0.4,0.49,30
btc-updown-15m-1761351300,1761351300,765,0.5,0.58,0.54,0.08,19,76.88,0.42,0.5,42
btc-updown-15m-1761351300,1761351300,780,0.41,0.54,0.475,0.13,67,68,0.46,0.59,1493
btc-updown-15m-1761351300,1761351300,795,0.18,0.31,0.245,0.13,129,164,0.69,0.82,126
btc-updown-15m-1761351300,1761351300,810,0.18,0.28,0.23,0.1,127,156,0.72,0.82,226
btc-updown-15m-1761351300,1761351300,825,0.15,0.17,0.16,0.02,245.22,362.78,0.83,0.85,19
btc-updown-15m-1761351300,1761351300,840,0.36,0.53,0.445,0.17,128,18,0.47,0.64,398
btc-updown-15m-1761351300,1761351300,845,0.24,0.47,0.355,0.23,118.17,23.03,0.53,0.76,394
btc-updown-15m-1761351300,1761351300,850,0.28,0.46,0.37,0.18,149,96.45,0.54,0.72,402
btc-updown-15m-1761351300,1761351300,855,0.07,0.11,0.09,0.04,281,121.48,0.89,0.93,21
btc-updown-15m-1761351300,1761351300,860,0.08,0.27,0.175,0.19,406,59,0.73,0.92,919
btc-updown-15m-1761351300,1761351300,865,0.06,0.13,0.095,0.07,337.75,58.74,0.87,0.94,30
btc-updown-15m-1761351300,1761351300,870,0.06,0.08,0.07,0.02,351.47,470.89,0.92,0.94,31
btc-updown-15m-1761351300,1761351300,875,0.03,0.08,0.055,0.05,557,503.81,0.92,0.97,423
btc-updown-15m-1761351300,1761351300,880,0.03,0.05,0.04,0.02,403.3,97,0.95,0.97,100
btc-updown-15m-1761351300,1761351300,885,0.03,0.05,0.04,0.02,276.16,67,0.95,0.97,344
btc-updown-15m-1761351300,1761351300,890,,0.01,,,0,2695.39,0.99,,582
btc-updown-15m-1761351300,1761351300,895,,0.01,,,0,2695.39,0.99,,44
btc-updown-15m-1761351300,1761351300,897,,0.01,,,0,3175.96,0.99,,1035
btc-updown-15m-1761351300,1761351300,899,,0.01,,,0,7464.15,0.99,,101
btc-updown-15m-1761351300,1761351300,900,,0.01,,,0,7464.15,0.99,,1101
btc-updown-15m-1761355800,1761355800,0,0.46,0.48,0.47,0.02,577.43,332.67,0.52,0.54,302
btc-updown-15m-1761355800,1761355800,15,0.45,0.48,0.465,0.03,101.81,322.79,0.52,0.55,152
btc-updown-15m-1761355800,1761355800,30,0.45,0.47,0.46,0.02,238.21,206.59,0.53,0.55,95
btc-updown-15m-1761355800,1761355800,45,0.61,0.64,0.625,0.03,46,48.15,0.36,0.39,0
btc-updown-15m-1761355800,1761355800,60,0.57,0.65,0.61,0.08,54.8,88.36,0.35,0.43,21
btc-updown-15m-1761355800,1761355800,75,0.69,0.77,0.73,0.08,33.2,33.8,0.23,0.31,395
btc-updown-15m-1761355800,1761355800,90,0.79,0.84,0.815,0.05,50,187,0.16,0.21,203
btc-updown-15m-1761355800,1761355800,105,0.78,0.8,0.79,0.02,165.17,53,0.2,0.22,16
btc-updown-15m-1761355800,1761355800,120,0.8,0.84,0.82,0.04,35,190.74,0.16,0.2,197
btc-updown-15m-1761355800,1761355800,135,0.74,0.77,0.755,0.03,25.8,42,0.23,0.26,279
btc-updown-15m-1761355800,1761355800,150,0.69,0.77,0.73,0.08,48,33.8,0.23,0.31,0
btc-updown-15m-1761355800,1761355800,165,0.65,0.7,0.675,0.05,35.7,30,0.3,0.35,492
btc-updown-15m-1761355800,1761355800,180,0.6,0.65,0.625,0.05,38,40,0.35,0.4,26
btc-updown-15m-1761355800,1761355800,195,0.73,0.77,0.75,0.04,21,88.8,0.23,0.27,16
btc-updown-15m-1761355800,1761355800,210,0.58,0.63,0.605,0.05,35,70,0.37,0.42,52
btc-updown-15m-1761355800,1761355800,225,0.15,0.29,0.22,0.14,678,130.57,0.71,0.85,4
btc-updown-15m-1761355800,1761355800,240,0.2,0.24,0.22,0.04,139.33,135,0.76,0.8,353
btc-updown-15m-1761355800,1761355800,255,0.14,0.17,0.155,0.03,470,115,0.83,0.86,11
btc-updown-15m-1761355800,1761355800,270,0.11,0.13,0.12,0.02,543.2,128.88,0.87,0.89,19
btc-updown-15m-1761355800,1761355800,285,0.13,0.15,0.14,0.02,35.91,55.8,0.85,0.87,157
btc-updown-15m-1761355800,1761355800,300,0.1,0.11,0.105,0.01,512.51,74,0.89,0.9,1223
btc-updown-15m-1761355800,1761355800,315,0.19,0.24,0.215,0.05,51,35.8,0.76,0.81,58
btc-updown-15m-1761355800,1761355800,330,0.18,0.28,0.23,0.1,52.7,36.8,0.72,0.82,181
btc-updown-15m-1761355800,1761355800,345,0.15,0.2,0.175,0.05,26,69,0.8,0.85,731
btc-updown-15m-1761355800,1761355800,360,0.21,0.27,0.24,0.06,27,54.8,0.73,0.79,26
btc-updown-15m-1761355800,1761355800,375,0.11,0.14,0.125,0.03,334,52,0.86,0.89,207
btc-updown-15m-1761355800,1761355800,390,0.12,0.18,0.15,0.06,321,90,0.82,0.88,11
btc-updown-15m-1761355800,1761355800,405,0.12,0.2,0.16,0.08,309,54,0.8,0.88,140
btc-updown-15m-1761355800,1761355800,420,0.17,0.25,0.21,0.08,55,36,0.75,0.83,3
btc-updown-15m-1761355800,1761355800,435,0.11,0.19,0.15,0.08,279,109.84,0.81,0.89,302
btc-updown-15m-1761355800,1761355800,450,0.11,0.16,0.135,0.05,265.94,76,0.84,0.89,1077
btc-updown-15m-1761355800,1761355800,465,0.1,0.16,0.13,0.06,291,67,0.84,0.9,1606
btc-updown-15m-1761355800,1761355800,480,0.11,0.13,0.12,0.02,355,55.99,0.87,0.89,3
btc-updown-15m-1761355800,1761355800,495,0.11,0.12,0.115,0.01,355,60.99,0.88,0.89,519
btc-updown-15m-1761355800,1761355800,510,0.11,0.12,0.115,0.01,304.55,60.99,0.88,0.89,1336
btc-updown-15m-1761355800,1761355800,525,0.05,0.08,0.065,0.03,439.69,191.43,0.92,0.95,16
btc-updown-15m-1761355800,1761355800,540,0.05,0.06,0.055,0.01,10425.69,69,0.94,0.95,1450
btc-updown-15m-1761355800,1761355800,555,0.05,0.08,0.065,0.03,10419.69,77.25,0.92,0.95,3428
btc-updown-15m-1761355800,1761355800,570,0.03,0.04,0.035,0.01,10889,393.56,0.96,0.97,551
btc-updown-15m-1761355800,1761355800,585,0.03,0.05,0.04,0.02,748,373.56,0.95,0.97,1338
btc-updown-15m-1761355800,1761355800,600,0.03,0.06,0.045,0.03,9758,101,0.94,0.97,1420
btc-updown-15m-1761355800,1761355800,615,0.03,0.06,0.045,0.03,9693,101.47,0.94,0.97,208
btc-updown-15m-1761355800,1761355800,630,0.04,0.06,0.05,0.02,9801.44,108.47,0.94,0.96,82
btc-updown-15m-1761355800,1761355800,645,0.03,0.06,0.045,0.03,9423.28,101.47,0.94,0.97,1386
btc-updown-15m-1761355800,1761355800,660,0.03,0.06,0.045,0.03,9403.06,101.47,0.94,0.97,293
btc-updown-15m-1761355800,1761355800,675,0.03,0.06,0.045,0.03,9149.22,104.47,0.94,0.97,216
btc-updown-15m-1761355800,1761355800,690,0.03,0.04,0.035,0.01,9099.22,122.5,0.96,0.97,1010
btc-updown-15m-1761355800,1761355800,705,0.03,0.04,0.035,0.01,8749.22,72.5,0.96,0.97,1021
btc-updown-15m-1761355800,1761355800,720,0.02,0.03,0.025,0.01,684,220.39,0.97,0.98,761
btc-updown-15m-1761355800,1761355800,735,0.02,0.03,0.025,0.01,492.8,185.39,0.97,0.98,45
btc-updown-15m-1761355800,1761355800,750,,0.02,,,0,952.99,0.98,,2411
btc-updown-15m-1761355800,1761355800,765,0.01,0.02,0.015,0.01,4120.53,2447.99,0.98,0.99,691
btc-updown-15m-1761355800,1761355800,780,0.01,0.02,0.015,0.01,1275.51,2447.99,0.98,0.99,233
btc-updown-15m-1761355800,1761355800,795,0.01,0.02,0.015,0.01,248.92,2428,0.98,0.99,491
btc-updown-15m-1761355800,1761355800,810,,0.01,,,0,5472.57,0.99,,5311
btc-updown-15m-1761355800,1761355800,825,,0.01,,,0,7622.57,0.99,,1060
btc-updown-15m-1761355800,1761355800,840,,0.01,,,0,7621.78,0.99,,241
btc-updown-15m-1761355800,1761355800,845,,0.01,,,0,9621.78,0.99,,2371
btc-updown-15m-1761355800,1761355800,850,,0.01,,,0,9621.78,0.99,,560
btc-updown-15m-1761355800,1761355800,855,,0.01,,,0,9628.65,0.99,,192
btc-updown-15m-1761355800,1761355800,860,,0.01,,,0,9628.65,0.99,,487
btc-updown-15m-1761355800,1761355800,865,,0.01,,,0,9620.65,0.99,,676
btc-updown-15m-1761355800,1761355800,870,,0.01,,,0,9628.65,0.99,,1980
btc-updown-15m-1761355800,1761355800,875,,0.01,,,0,9659.65,0.99,,430
btc-updown-15m-1761355800,1761355800,880,,0.01,,,0,9659.65,0.99,,1103
btc-updown-15m-1761355800,1761355800,885,,0.01,,,0,9659.65,0.99,,1336
btc-updown-15m-1761355800,1761355800,890,,0.01,,,0,9659.65,0.99,,2241
btc-updown-15m-1761355800,1761355800,895,,0.01,,,0,9684.65,0.99,,1324
btc-updown-15m-1761355800,1761355800,897,,0.01,,,0,9684.65,0.99,,3324
btc-updown-15m-1761355800,1761355800,899,,0.01,,,0,10041.65,0.99,,209
btc-updown-15m-1761355800,1761355800,900,,0.01,,,0,10041.65,0.99,,1209
btc-updown-15m-1761360300,1761360300,0,0.52,0.53,0.525,0.01,129,447,0.47,0.48,1798
btc-updown-15m-1761360300,1761360300,15,0.52,0.54,0.53,0.02,55,73.7,0.46,0.48,67
btc-updown-15m-1761360300,1761360300,30,0.41,0.47,0.44,0.06,59.2,40,0.53,0.59,153
btc-updown-15m-1761360300,1761360300,45,0.42,0.48,0.45,0.06,161.2,152,0.52,0.58,10137
btc-updown-15m-1761360300,1761360300,60,0.41,0.47,0.44,0.06,211.2,147,0.53,0.59,660
btc-updown-15m-1761360300,1761360300,75,0.45,0.5,0.475,0.05,177,152,0.5,0.55,359
btc-updown-15m-1761360300,1761360300,90,0.45,0.48,0.465,0.03,142,30,0.52,0.55,6
btc-updown-15m-1761360300,1761360300,105,0.45,0.48,0.465,0.03,152,137,0.52,0.55,359
btc-updown-15m-1761360300,1761360300,120,0.46,0.52,0.49,0.06,142,17.95,0.48,0.54,245
btc-updown-15m-1761360300,1761360300,135,0.46,0.51,0.485,0.05,187.5,137,0.49,0.54,67
btc-updown-15m-1761360300,1761360300,150,0.45,0.49,0.47,0.04,60.5,205.96,0.51,0.55,98
btc-updown-15m-1761360300,1761360300,165,0.41,0.45,0.43,0.04,89.7,131,0.55,0.59,1
btc-updown-15m-1761360300,1761360300,180,0.4,0.45,0.425,0.05,127.1,127,0.55,0.6,569
btc-updown-15m-1761360300,1761360300,195,0.44,0.5,0.47,0.06,152.1,136.41,0.5,0.56,97
btc-updown-15m-1761360300,1761360300,210,0.71,0.75,0.73,0.04,164.82,130,0.25,0.29,117
btc-updown-15m-1761360300,1761360300,225,0.74,0.75,0.745,0.01,85.76,29,0.25,0.26,505
btc-updown-15m-1761360300,1761360300,240,0.87,0.88,0.875,0.01,97,494,0.12,0.13,86
btc-updown-15m-1761360300,1761360300,255,0.84,0.85,0.845,0.01,125,59,0.15,0.16,280
btc-updown-15m-1761360300,1761360300,270,0.82,0.85,0.835,0.03,246.95,56,0.15,0.18,136
btc-updown-15m-1761360300,1761360300,285,0.82,0.85,0.835,0.03,36,36,0.15,0.18,196
btc-updown-15m-1761360300,1761360300,300,0.84,0.85,0.845,0.01,51.56,36,0.15,0.16,391
btc-updown-15m-1761360300,1761360300,315,0.89,0.9,0.895,0.01,43,270.44,0.1,0.11,179
btc-updown-15m-1761360300,1761360300,330,0.86,0.9,0.88,0.04,29.85,270.44,0.1,0.14,884
btc-updown-15m-1761360300,1761360300,345,0.84,0.89,0.865,0.05,23,271.44,0.11,0.16,353
btc-updown-15m-1761360300,1761360300,360,0.87,0.94,0.905,0.07,423,808,0.06,0.13,298
btc-updown-15m-1761360300,1761360300,375,0.91,0.95,0.93,0.04,43.5,892,0.05,0.09,340
btc-updown-15m-1761360300,1761360300,390,0.91,0.95,0.93,0.04,43.49,858.32,0.05,0.09,96
btc-updown-15m-1761360300,1761360300,405,0.86,0.97,0.915,0.11,420.55,1712.84,0.03,0.14,162
btc-updown-15m-1761360300,1761360300,420,0.94,0.97,0.955,0.03,81,1728.84,0.03,0.06,1199
btc-updown-15m-1761360300,1761360300,435,0.92,0.96,0.94,0.04,71,537.84,0.04,0.08,2991
btc-updown-15m-1761360300,1761360300,450,0.94,0.98,0.96,0.04,596,757.84,0.02,0.06,1719
btc-updown-15m-1761360300,1761360300,465,0.95,0.98,0.965,0.03,612,802.73,0.02,0.05,110
btc-updown-15m-1761360300,1761360300,480,0.96,0.98,0.97,0.02,617,1302.73,0.02,0.04,872
btc-updown-15m-1761360300,1761360300,495,0.96,0.98,0.97,0.02,126,1200.67,0.02,0.04,376
btc-updown-15m-1761360300,1761360300,510,0.97,0.98,0.975,0.01,280,1200.67,0.02,0.03,10
btc-updown-15m-1761360300,1761360300,525,0.85,0.9,0.875,0.05,404.75,97.85,0.1,0.15,98
btc-updown-15m-1761360300,1761360300,540,0.86,0.93,0.895,0.07,237.61,34,0.07,0.14,34
btc-updown-15m-1761360300,1761360300,555,0.85,0.93,0.89,0.08,238.11,29,0.07,0.15,163
btc-updown-15m-1761360300,1761360300,570,0.86,0.95,0.905,0.09,241.91,561.83,0.05,0.14,648
btc-updown-15m-1761360300,1761360300,585,0.86,0.95,0.905,0.09,251.91,50,0.05,0.14,723
btc-updown-15m-1761360300,1761360300,600,0.87,0.94,0.905,0.07,242.61,57,0.06,0.13,613
btc-updown-15m-1761360300,1761360300,615,0.79,0.81,0.8,0.02,20.33,150.9,0.19,0.21,13
btc-updown-15m-1761360300,1761360300,630,0.86,0.92,0.89,0.06,35.33,58.99,0.08,0.14,76
btc-updown-15m-1761360300,1761360300,645,0.87,0.93,0.9,0.06,29,63.99,0.07,0.13,104
btc-updown-15m-1761360300,1761360300,660,0.88,0.94,0.91,0.06,32.5,65.99,0.06,0.12,10
btc-updown-15m-1761360300,1761360300,675,0.86,0.93,0.895,0.07,37.5,60.99,0.07,0.14,171
btc-updown-15m-1761360300,1761360300,690,0.9,0.94,0.92,0.04,130.4,559.82,0.06,0.1,313
btc-updown-15m-1761360300,1761360300,705,0.9,0.96,0.93,0.06,130.4,1168.73,0.04,0.1,324
btc-updown-15m-1761360300,1761360300,720,0.9,0.97,0.935,0.07,139.36,1168.73,0.03,0.1,203
btc-updown-15m-1761360300,1761360300,735,0.97,0.98,0.975,0.01,268.24,1064.7,0.02,0.03,302
btc-updown-15m-1761360300,1761360300,750,0.87,0.93,0.9,0.06,23.33,40.84,0.07,0.13,138
btc-updown-15m-1761360300,1761360300,765,0.84,0.91,0.875,0.07,25.39,30,0.09,0.16,235
btc-updown-15m-1761360300,1761360300,780,0.85,0.92,0.885,0.07,37.33,36,0.08,0.15,548
btc-updown-15m-1761360300,1761360300,795,0.69,0.88,0.785,0.19,61.9,411.48,0.12,0.31,25
btc-updown-15m-1761360300,1761360300,810,0.71,0.84,0.775,0.13,27,125,0.16,0.29,641
btc-updown-15m-1761360300,1761360300,825,0.68,0.88,0.78,0.2,30,133,0.12,0.32,51
btc-updown-15m-1761360300,1761360300,840,0.81,0.84,0.825,0.03,57.1,416.48,0.16,0.19,159
btc-updown-15m-1761360300,1761360300,845,0.88,0.91,0.895,0.03,135,314.48,0.09,0.12,21
btc-updown-15m-1761360300,1761360300,850,0.89,0.92,0.905,0.03,15.61,314.48,0.08,0.11,469
btc-updown-15m-1761360300,1761360300,855,0.89,0.98,0.935,0.09,15.61,1018.72,0.02,0.11,14
btc-updown-15m-1761360300,1761360300,860,0.89,0.95,0.92,0.06,20.61,1034.72,0.05,0.11,586
btc-updown-15m-1761360300,1761360300,865,0.91,0.98,0.945,0.07,80.61,960.77,0.02,0.09,318
btc-updown-15m-1761360300,1761360300,870,0.92,0.99,0.955,0.07,80.61,559.81,0.01,0.08,192
btc-updown-15m-1761360300,1761360300,875,0.98,0.99,0.985,0.01,216.6,157.86,0.01,0.02,401
btc-updown-15m-1761360300,1761360300,880,0.99,,,,3187.78,0,,0.01,24
btc-updown-15m-1761360300,1761360300,885,0.99,,,,3187.78,0,,0.01,736
btc-updown-15m-1761360300,1761360300,890,0.99,,,,3187.78,0,,0.01,1335
btc-updown-15m-1761360300,1761360300,895,0.99,,,,3187.78,0,,0.01,274
btc-updown-15m-1761360300,1761360300,897,0.99,,,,3187.78,0,,0.01,563
btc-updown-15m-1761360300,1761360300,899,0.99,,,,3787.78,0,,0.01,817
btc-updown-15m-1761360300,1761360300,900,0.99,,,,3060.37,0,,0.01,402
btc-updown-15m-1761369300,1761369300,0,0.53,0.54,0.535,0.01,136.45,652.73,0.46,0.47,253
btc-updown-15m-1761369300,1761369300,15,0.5,0.54,0.52,0.04,463.93,131.73,0.46,0.5,73
btc-updown-15m-1761369300,1761369300,30,0.41,0.49,0.45,0.08,436.7,63,0.51,0.59,3
btc-updown-15m-1761369300,1761369300,45,0.25,0.34,0.295,0.09,141.7,40,0.66,0.75,314
btc-updown-15m-1761369300,1761369300,60,0.25,0.31,0.28,0.06,19.5,125,0.69,0.75,674
btc-updown-15m-1761369300,1761369300,75,0.34,0.37,0.355,0.03,41,125,0.63,0.66,4
btc-updown-15m-1761369300,1761369300,90,0.29,0.3,0.295,0.01,249.5,40,0.7,0.71,89
btc-updown-15m-1761369300,1761369300,105,0.31,0.36,0.335,0.05,128.6,184.44,0.64,0.69,223
btc-updown-15m-1761369300,1761369300,120,0.32,0.37,0.345,0.05,123.51,155.5,0.63,0.68,0
btc-updown-15m-1761369300,1761369300,135,0.29,0.36,0.325,0.07,122.51,127.85,0.64,0.71,28
btc-updown-15m-1761369300,1761369300,150,0.31,0.34,0.325,0.03,118.51,140.5,0.66,0.69,397
btc-updown-15m-1761369300,1761369300,165,0.29,0.33,0.31,0.04,21.01,45,0.67,0.71,7023
btc-updown-15m-1761369300,1761369300,180,0.29,0.32,0.305,0.03,56.01,45,0.68,0.71,166
btc-updown-15m-1761369300,1761369300,195,0.3,0.35,0.325,0.05,50.51,48,0.65,0.7,209
btc-updown-15m-1761369300,1761369300,210,0.34,0.45,0.395,0.11,61.51,27,0.55,0.66,21
btc-updown-15m-1761369300,1761369300,225,0.3,0.34,0.32,0.04,34.51,37,0.66,0.7,1507
btc-updown-15m-1761369300,1761369300,240,0.32,0.38,0.35,0.06,39.47,37,0.62,0.68,2706
btc-updown-15m-1761369300,1761369300,255,0.35,0.39,0.37,0.04,28,37,0.61,0.65,1008
btc-updown-15m-1761369300,1761369300,270,0.35,0.41,0.38,0.06,36,37,0.59,0.65,1061
btc-updown-15m-1761369300,1761369300,285,0.36,0.41,0.385,0.05,46,56.84,0.59,0.64,24
btc-updown-15m-1761369300,1761369300,300,0.36,0.42,0.39,0.06,36,37,0.58,0.64,1184
btc-updown-15m-1761369300,1761369300,315,0.36,0.42,0.39,0.06,153.71,47,0.58,0.64,4
btc-updown-15m-1761369300,1761369300,330,0.39,0.45,0.42,0.06,46,79.05,0.55,0.61,8
btc-updown-15m-1761369300,1761369300,345,0.51,0.56,0.535,0.05,36,74.94,0.44,0.49,14
btc-updown-15m-1761369300,1761369300,360,0.55,0.6,0.575,0.05,144,53,0.4,0.45,233
btc-updown-15m-1761369300,1761369300,375,0.67,0.71,0.69,0.04,135,48.11,0.29,0.33,15
btc-updown-15m-1761369300,1761369300,390,0.72,0.75,0.735,0.03,142,162,0.25,0.28,1
btc-updown-15m-1761369300,1761369300,405,0.8,0.82,0.81,0.02,119,275.01,0.18,0.2,50
btc-updown-15m-1761369300,1761369300,420,0.79,0.81,0.8,0.02,98.47,169.43,0.19,0.21,1999
btc-updown-15m-1761369300,1761369300,435,0.8,0.82,0.81,0.02,124,144.43,0.18,0.2,233
btc-updown-15m-1761369300,1761369300,450,0.78,0.81,0.795,0.03,24,148.91,0.19,0.22,504
btc-updown-15m-1761369300,1761369300,465,0.81,0.82,0.815,0.01,124,212.85,0.18,0.19,199
btc-updown-15m-1761369300,1761369300,480,0.82,0.85,0.835,0.03,124,139,0.15,0.18,1419
btc-updown-15m-1761369300,1761369300,495,0.89,0.91,0.9,0.02,128,63,0.09,0.11,95
btc-updown-15m-1761369300,1761369300,510,0.78,0.8,0.79,0.02,116.45,151.89,0.2,0.22,54
btc-updown-15m-1761369300,1761369300,525,0.73,0.82,0.775,0.09,139.03,151,0.18,0.27,824
btc-updown-15m-1761369300,1761369300,540,0.78,0.85,0.815,0.07,125,129,0.15,0.22,254
btc-updown-15m-1761369300,1761369300,555,0.8,0.85,0.825,0.05,144,129,0.15,0.2,135
btc-updown-15m-1761369300,1761369300,570,0.76,0.79,0.775,0.03,145,56,0.21,0.24,7
btc-updown-15m-1761369300,1761369300,585,0.76,0.81,0.785,0.05,152,269.47,0.19,0.24,2
btc-updown-15m-1761369300,1761369300,600,0.67,0.73,0.7,0.06,50,48,0.27,0.33,528
btc-updown-15m-1761369300,1761369300,615,0.55,0.62,0.585,0.07,52.8,127,0.38,0.45,997
btc-updown-15m-1761369300,1761369300,630,0.46,0.51,0.485,0.05,32.8,52,0.49,0.54,5
btc-updown-15m-1761369300,1761369300,645,0.45,0.54,0.495,0.09,36.6,130,0.46,0.55,276
btc-updown-15m-1761369300,1761369300,660,0.45,0.53,0.49,0.08,24.8,36,0.47,0.55,134
btc-updown-15m-1761369300,1761369300,675,0.52,0.57,0.545,0.05,17,133,0.43,0.48,47
btc-updown-15m-1761369300,1761369300,690,0.52,0.6,0.56,0.08,28,33.66,0.4,0.48,675
btc-updown-15m-1761369300,1761369300,705,0.52,0.62,0.57,0.1,34,140,0.38,0.48,1300
btc-updown-15m-1761369300,1761369300,720,0.7,0.71,0.705,0.01,35,126,0.29,0.3,74
btc-updown-15m-1761369300,1761369300,735,0.66,0.78,0.72,0.12,34,136,0.22,0.34,935
btc-updown-15m-1761369300,1761369300,750,0.83,0.85,0.84,0.02,119.41,159.64,0.15,0.17,355
btc-updown-15m-1761369300,1761369300,765,0.77,0.9,0.835,0.13,115.41,154.11,0.1,0.23,8
btc-updown-15m-1761369300,1761369300,780,0.83,0.88,0.855,0.05,126,275.11,0.12,0.17,78
btc-updown-15m-1761369300,1761369300,795,0.91,0.95,0.93,0.04,148,300.41,0.05,0.09,27
btc-updown-15m-1761369300,1761369300,810,0.96,0.98,0.97,0.02,575,482.81,0.02,0.04,156
btc-updown-15m-1761369300,1761369300,825,0.95,0.99,0.97,0.04,436.76,16,0.01,0.05,422
btc-updown-15m-1761369300,1761369300,840,0.97,0.99,0.98,0.02,396.76,233.47,0.01,0.03,148
btc-updown-15m-1761369300,1761369300,845,0.98,0.99,0.985,0.01,436.76,132.45,0.01,0.02,33
btc-updown-15m-1761369300,1761369300,850,0.98,0.99,0.985,0.01,199.98,91.61,0.01,0.02,687
btc-updown-15m-1761369300,1761369300,855,0.96,0.97,0.965,0.01,174.98,30,0.03,0.04,166
btc-updown-15m-1761369300,1761369300,860,0.97,,,,184.98,0,,0.03,579
btc-updown-15m-1761369300,1761369300,865,0.99,,,,407,0,,0.01,177
btc-updown-15m-1761369300,1761369300,870,0.99,,,,434.98,0,,0.01,2230
btc-updown-15m-1761369300,1761369300,875,0.99,,,,260.57,0,,0.01,1962
btc-updown-15m-1761369300,1761369300,880,0.99,,,,776.57,0,,0.01,35
btc-updown-15m-1761369300,1761369300,885,0.99,,,,171.59,0,,0.01,998
btc-updown-15m-1761369300,1761369300,890,0.99,,,,276.57,0,,0.01,933
btc-updown-15m-1761369300,1761369300,895,0.99,,,,839.57,0,,0.01,165
btc-updown-15m-1761369300,1761369300,897,0.99,,,,2389.57,0,,0.01,965
btc-updown-15m-1761369300,1761369300,899,0.99,,,,2539.57,0,,0.01,172
btc-updown-15m-1761369300,1761369300,900,0.99,,,,2539.57,0,,0.01,1172
btc-updown-15m-1761373800,1761373800,0,0.5,0.52,0.51,0.02,311.09,482,0.48,0.5,1780
btc-updown-15m-1761373800,1761373800,15,0.49,0.52,0.505,0.03,122.34,81.04,0.48,0.51,15
btc-updown-15m-1761373800,1761373800,30,0.49,0.52,0.505,0.03,117.73,81.84,0.48,0.51,469
btc-updown-15m-1761373800,1761373800,45,0.3,0.34,0.32,0.04,263.28,140,0.66,0.7,127
btc-updown-15m-1761373800,1761373800,60,0.35,0.37,0.36,0.02,3985.43,196.5,0.63,0.65,46
btc-updown-15m-1761373800,1761373800,75,0.46,0.52,0.49,0.06,202.8,191.54,0.48,0.54,1
btc-updown-15m-1761373800,1761373800,90,0.52,0.57,0.545,0.05,140,188.51,0.43,0.48,202
btc-updown-15m-1761373800,1761373800,105,0.5,0.54,0.52,0.04,65,49.77,0.46,0.5,93
btc-updown-15m-1761373800,1761373800,120,0.49,0.54,0.515,0.05,87.01,49.77,0.46,0.51,436
btc-updown-15m-1761373800,1761373800,135,0.57,0.63,0.6,0.06,74.06,52.46,0.37,0.43,127
btc-updown-15m-1761373800,1761373800,150,0.53,0.54,0.535,0.01,107,53.5,0.46,0.47,14
btc-updown-15m-1761373800,1761373800,165,0.57,0.59,0.58,0.02,140,64,0.41,0.43,227
btc-updown-15m-1761373800,1761373800,180,0.55,0.58,0.565,0.03,138.88,43,0.42,0.45,98
btc-updown-15m-1761373800,1761373800,195,0.57,0.62,0.595,0.05,135,127.46,0.38,0.43,656
btc-updown-15m-1761373800,1761373800,210,0.35,0.37,0.36,0.02,795.23,117.81,0.63,0.65,15
btc-updown-15m-1761373800,1761373800,225,0.35,0.38,0.365,0.03,590.92,148,0.62,0.65,935
btc-updown-15m-1761373800,1761373800,240,0.35,0.4,0.375,0.05,329.46,117,0.6,0.65,0
btc-updown-15m-1761373800,1761373800,255,0.38,0.42,0.4,0.04,422.56,50,0.58,0.62,486
btc-updown-15m-1761373800,1761373800,270,0.35,0.37,0.36,0.02,166.24,40,0.63,0.65,108
btc-updown-15m-1761373800,1761373800,285,0.3,0.36,0.33,0.06,147.8,82.52,0.64,0.7,202
btc-updown-15m-1761373800,1761373800,300,0.38,0.42,0.4,0.04,47.41,43.1,0.58,0.62,1
btc-updown-15m-1761373800,1761373800,315,0.32,0.39,0.355,0.07,19.83,58,0.61,0.68,74
btc-updown-15m-1761373800,1761373800,330,0.32,0.39,0.355,0.07,93.28,57,0.61,0.68,5
btc-updown-15m-1761373800,1761373800,345,0.31,0.39,0.35,0.08,88.28,30.43,0.61,0.69,539
btc-updown-15m-1761373800,1761373800,360,0.31,0.38,0.345,0.07,104.14,56.16,0.62,0.69,10
btc-updown-15m-1761373800,1761373800,375,0.3,0.34,0.32,0.04,62,44,0.66,0.7,0
btc-updown-15m-1761373800,1761373800,390,0.27,0.3,0.285,0.03,55,218,0.7,0.73,31
btc-updown-15m-1761373800,1761373800,405,0.44,0.49,0.465,0.05,62,75.18,0.51,0.56,367
btc-updown-15m-1761373800,1761373800,420,0.39,0.45,0.42,0.06,163.82,31,0.55,0.61,60
btc-updown-15m-1761373800,1761373800,435,0.32,0.35,0.335,0.03,61.09,128.6,0.65,0.68,12
btc-updown-15m-1761373800,1761373800,450,0.26,0.32,0.29,0.06,37,82,0.68,0.74,213
btc-updown-15m-1761373800,1761373800,465,0.41,0.44,0.425,0.03,47,80,0.56,0.59,483
btc-updown-15m-1761373800,1761373800,480,0.39,0.4,0.395,0.01,32.71,58,0.6,0.61,44
btc-updown-15m-1761373800,1761373800,495,0.39,0.45,0.42,0.06,29,124,0.55,0.61,271
btc-updown-15m-1761373800,1761373800,510,0.38,0.45,0.415,0.07,29,123,0.55,0.62,9
btc-updown-15m-1761373800,1761373800,525,0.41,0.46,0.435,0.05,19,167,0.54,0.59,2
btc-updown-15m-1761373800,1761373800,540,0.42,0.46,0.44,0.04,47,133.61,0.54,0.58,388
btc-updown-15m-1761373800,1761373800,555,0.31,0.37,0.34,0.06,78.54,151,0.63,0.69,1
btc-updown-15m-1761373800,1761373800,570,0.26,0.3,0.28,0.04,33.69,70,0.7,0.74,167
btc-updown-15m-1761373800,1761373800,585,0.24,0.28,0.26,0.04,29.33,72.41,0.72,0.76,21
btc-updown-15m-1761373800,1761373800,600,0.24,0.29,0.265,0.05,28.73,84.87,0.71,0.76,62
btc-updown-15m-1761373800,1761373800,615,0.36,0.44,0.4,0.08,58,207.31,0.56,0.64,621
btc-updown-15m-1761373800,1761373800,630,0.4,0.43,0.415,0.03,48,67.6,0.57,0.6,175
btc-updown-15m-1761373800,1761373800,645,0.38,0.46,0.42,0.08,79,123,0.54,0.62,306
btc-updown-15m-1761373800,1761373800,660,0.48,0.55,0.515,0.07,149,17.2,0.45,0.52,9
btc-updown-15m-1761373800,1761373800,675,0.48,0.56,0.52,0.08,23,44,0.44,0.52,252
btc-updown-15m-1761373800,1761373800,690,0.47,0.56,0.515,0.09,141,94,0.44,0.53,234
btc-updown-15m-1761373800,1761373800,705,0.46,0.52,0.49,0.06,138.7,43,0.48,0.54,109
btc-updown-15m-1761373800,1761373800,720,0.46,0.52,0.49,0.06,145,117.91,0.48,0.54,115
btc-updown-15m-1761373800,1761373800,735,0.38,0.44,0.41,0.06,41,54.44,0.56,0.62,252
btc-updown-15m-1761373800,1761373800,750,0.84,0.88,0.86,0.04,152,209,0.12,0.16,36
btc-updown-15m-1761373800,1761373800,765,0.77,0.82,0.795,0.05,137,4857,0.18,0.23,195
btc-updown-15m-1761373800,1761373800,780,0.8,0.83,0.815,0.03,140,3295.55,0.17,0.2,620
btc-updown-15m-1761373800,1761373800,795,0.92,0.93,0.925,0.01,199.4,398,0.07,0.08,288
btc-updown-15m-1761373800,1761373800,810,0.96,0.98,0.97,0.02,82,399.95,0.02,0.04,17
btc-updown-15m-1761373800,1761373800,825,0.95,0.96,0.955,0.01,73.32,1662.79,0.04,0.05,146
btc-updown-15m-1761373800,1761373800,840,0.88,0.93,0.905,0.05,263.63,165,0.07,0.12,11
btc-updown-15m-1761373800,1761373800,845,0.86,0.93,0.895,0.07,155,164,0.07,0.14,1299
btc-updown-15m-1761373800,1761373800,850,0.95,0.96,0.955,0.01,164.53,122.95,0.04,0.05,302
btc-updown-15m-1761373800,1761373800,855,0.95,0.96,0.955,0.01,59.53,499.63,0.04,0.05,148
btc-updown-15m-1761373800,1761373800,860,0.87,0.96,0.915,0.09,145,440.97,0.04,0.13,22
btc-updown-15m-1761373800,1761373800,865,0.89,0.98,0.935,0.09,125,469.1,0.02,0.11,232
btc-updown-15m-1761373800,1761373800,870,0.93,0.98,0.955,0.05,125,687.36,0.02,0.07,655
btc-updown-15m-1761373800,1761373800,875,0.98,,,,1075,0,,0.02,25
btc-updown-15m-1761373800,1761373800,880,0.99,,,,1825,0,,0.01,238
btc-updown-15m-1761373800,1761373800,885,0.99,,,,1945,0,,0.01,28
btc-updown-15m-1761373800,1761373800,890,0.99,,,,4176,0,,0.01,355
btc-updown-15m-1761373800,1761373800,895,0.99,,,,4437.67,0,,0.01,531
btc-updown-15m-1761373800,1761373800,897,0.99,,,,4442.67,0,,0.01,323
btc-updown-15m-1761373800,1761373800,899,0.99,,,,5052.67,0,,0.01,115
btc-updown-15m-1761373800,1761373800,900,0.99,,,,5052.67,0,,0.01,1115
btc-updown-15m-1761378300,1761378300,0,0.48,0.52,0.5,0.04,462.76,324.22,0.48,0.52,1806
btc-updown-15m-1761378300,1761378300,15,0.46,0.5,0.48,0.04,80.56,33.68,0.5,0.54,270
btc-updown-15m-1761378300,1761378300,30,0.48,0.5,0.49,0.02,56.9,52.08,0.5,0.52,7
btc-updown-15m-1761378300,1761378300,45,0.45,0.48,0.465,0.03,137.77,366.83,0.52,0.55,184
btc-updown-15m-1761378300,1761378300,60,0.4,0.43,0.415,0.03,165,489.5,0.57,0.6,322
btc-updown-15m-1761378300,1761378300,75,0.4,0.42,0.41,0.02,90,228,0.58,0.6,340
btc-updown-15m-1761378300,1761378300,90,0.3,0.33,0.315,0.03,90,227.29,0.67,0.7,1760
btc-updown-15m-1761378300,1761378300,105,0.28,0.32,0.3,0.04,538.14,176.77,0.68,0.72,259
btc-updown-15m-1761378300,1761378300,120,0.39,0.45,0.42,0.06,228,510,0.55,0.61,23
btc-updown-15m-1761378300,1761378300,135,0.46,0.51,0.485,0.05,68,409.18,0.49,0.54,202
btc-updown-15m-1761378300,1761378300,150,0.36,0.4,0.38,0.04,600,135,0.6,0.64,338
btc-updown-15m-1761378300,1761378300,165,0.35,0.38,0.365,0.03,972,134,0.62,0.65,35
btc-updown-15m-1761378300,1761378300,180,0.33,0.37,0.35,0.04,294,117.6,0.63,0.67,179
btc-updown-15m-1761378300,1761378300,195,0.27,0.31,0.29,0.04,986,131,0.69,0.73,4
btc-updown-15m-1761378300,1761378300,210,0.28,0.3,0.29,0.02,499.5,129,0.7,0.72,182
btc-updown-15m-1761378300,1761378300,225,0.26,0.29,0.275,0.03,617,144,0.71,0.74,170
btc-updown-15m-1761378300,1761378300,240,0.26,0.29,0.275,0.03,858,138,0.71,0.74,605
btc-updown-15m-1761378300,1761378300,255,0.27,0.29,0.28,0.02,378,129,0.71,0.73,46
btc-updown-15m-1761378300,1761378300,270,0.25,0.28,0.265,0.03,331.33,150,0.72,0.75,438
btc-updown-15m-1761378300,1761378300,285,0.25,0.28,0.265,0.03,331.33,113.57,0.72,0.75,25
btc-updown-15m-1761378300,1761378300,300,0.2,0.24,0.22,0.04,584,99.69,0.76,0.8,804
btc-updown-15m-1761378300,1761378300,315,0.25,0.29,0.27,0.04,860,211,0.71,0.75,60
btc-updown-15m-1761378300,1761378300,330,0.27,0.31,0.29,0.04,856,53,0.69,0.73,113
btc-updown-15m-1761378300,1761378300,345,0.26,0.29,0.275,0.03,618,38,0.71,0.74,246
btc-updown-15m-1761378300,1761378300,360,0.26,0.3,0.28,0.04,591.33,35.33,0.7,0.74,1149
btc-updown-15m-1761378300,1761378300,375,0.25,0.3,0.275,0.05,371.33,73.15,0.7,0.75,711
btc-updown-15m-1761378300,1761378300,390,0.29,0.31,0.3,0.02,720.24,37,0.69,0.71,8
btc-updown-15m-1761378300,1761378300,405,0.32,0.35,0.335,0.03,611.35,38.85,0.65,0.68,211
btc-updown-15m-1761378300,1761378300,420,0.32,0.35,0.335,0.03,631.35,35.85,0.65,0.68,47
btc-updown-15m-1761378300,1761378300,435,0.34,0.38,0.36,0.04,41,31,0.62,0.66,36
btc-updown-15m-1761378300,1761378300,450,0.36,0.42,0.39,0.06,150,776,0.58,0.64,34
btc-updown-15m-1761378300,1761378300,465,0.41,0.44,0.425,0.03,177.74,57.3,0.56,0.59,326
btc-updown-15m-1761378300,1761378300,480,0.46,0.49,0.475,0.03,160.05,105.57,0.51,0.54,20
btc-updown-15m-1761378300,1761378300,495,0.42,0.46,0.44,0.04,636,66,0.54,0.58,37
btc-updown-15m-1761378300,1761378300,510,0.4,0.45,0.425,0.05,376,207.91,0.55,0.6,346
btc-updown-15m-1761378300,1761378300,525,0.37,0.4,0.385,0.03,610,46.61,0.6,0.63,156
btc-updown-15m-1761378300,1761378300,540,0.35,0.39,0.37,0.04,769,84.61,0.61,0.65,235
btc-updown-15m-1761378300,1761378300,555,0.45,0.49,0.47,0.04,192,198.04,0.51,0.55,112
btc-updown-15m-1761378300,1761378300,570,0.38,0.42,0.4,0.04,379,145,0.58,0.62,17
btc-updown-15m-1761378300,1761378300,585,0.38,0.43,0.405,0.05,528,135.9,0.57,0.62,133
btc-updown-15m-1761378300,1761378300,600,0.41,0.46,0.435,0.05,383,130,0.54,0.59,272
btc-updown-15m-1761378300,1761378300,615,0.41,0.46,0.435,0.05,224.62,755,0.54,0.59,72
btc-updown-15m-1761378300,1761378300,630,0.32,0.39,0.355,0.07,19,748.82,0.61,0.68,12
btc-updown-15m-1761378300,1761378300,645,0.25,0.32,0.285,0.07,495.33,376,0.68,0.75,173
btc-updown-15m-1761378300,1761378300,660,0.25,0.31,0.28,0.06,140.15,363,0.69,0.75,932
btc-updown-15m-1761378300,1761378300,675,0.25,0.3,0.275,0.05,76.43,659,0.7,0.75,365
btc-updown-15m-1761378300,1761378300,690,0.23,0.25,0.24,0.02,214.98,111.4,0.75,0.77,16
btc-updown-15m-1761378300,1761378300,705,0.2,0.24,0.22,0.04,51,561.15,0.76,0.8,59
btc-updown-15m-1761378300,1761378300,720,0.19,0.25,0.22,0.06,627,1057.67,0.75,0.81,422
btc-updown-15m-1761378300,1761378300,735,0.22,0.25,0.235,0.03,665,76.99,0.75,0.78,359
btc-updown-15m-1761378300,1761378300,750,0.25,0.28,0.265,0.03,97.21,48.66,0.72,0.75,856
btc-updown-15m-1761378300,1761378300,765,0.31,0.34,0.325,0.03,221.8,613,0.66,0.69,545
btc-updown-15m-1761378300,1761378300,780,0.27,0.3,0.285,0.03,135,118,0.7,0.73,33
btc-updown-15m-1761378300,1761378300,795,0.32,0.34,0.33,0.02,154,756,0.66,0.68,3
btc-updown-15m-1761378300,1761378300,810,0.27,0.35,0.31,0.08,374,606,0.65,0.73,33
btc-updown-15m-1761378300,1761378300,825,0.06,0.07,0.065,0.01,789.78,41,0.93,0.94,2
btc-updown-15m-1761378300,1761378300,840,0.05,0.07,0.06,0.02,485.01,612.72,0.93,0.95,51
btc-updown-15m-1761378300,1761378300,845,0.02,0.07,0.045,0.05,214.36,643.57,0.93,0.98,102
btc-updown-15m-1761378300,1761378300,850,,0.02,,,0,802.56,0.98,,821
btc-updown-15m-1761378300,1761378300,855,,0.02,,,0,660.9,0.98,,577
btc-updown-15m-1761378300,1761378300,860,,0.01,,,0,4651.9,0.99,,130
btc-updown-15m-1761378300,1761378300,865,,0.01,,,0,4187.9,0.99,,217
btc-updown-15m-1761378300,1761378300,870,,0.01,,,0,4545.94,0.99,,695
btc-updown-15m-1761378300,1761378300,875,,0.01,,,0,4545.94,0.99,,1218
btc-updown-15m-1761378300,1761378300,880,,0.01,,,0,4655.91,0.99,,411
btc-updown-15m-1761378300,1761378300,885,,0.01,,,0,4645.91,0.99,,60
btc-updown-15m-1761378300,1761378300,890,,0.01,,,0,4692.91,0.99,,202
btc-updown-15m-1761378300,1761378300,895,,0.01,,,0,5685.91,0.99,,1837
btc-updown-15m-1761378300,1761378300,897,,0.01,,,0,5690.91,0.99,,1005
btc-updown-15m-1761378300,1761378300,899,,0.01,,,0,5751.98,0.99,,176
btc-updown-15m-1761378300,1761378300,900,,0.01,,,0,5799.98,0.99,,632
btc-updown-15m-1761418800,1761418800,0,0.46,0.47,0.465,0.01,389.35,1569,0.53,0.54,2521
btc-updown-15m-1761418800,1761418800,15,0.45,0.47,0.46,0.02,875.89,1369,0.53,0.55,9
btc-updown-15m-1761418800,1761418800,30,0.39,0.41,0.4,0.02,678.88,352,0.59,0.61,704
btc-updown-15m-1761418800,1761418800,45,0.39,0.41,0.4,0.02,665.6,173,0.59,0.61,1729
btc-updown-15m-1761418800,1761418800,60,0.33,0.35,0.34,0.02,619.85,191,0.65,0.67,119
btc-updown-15m-1761418800,1761418800,75,0.3,0.31,0.305,0.01,660,685.6,0.69,0.7,602
btc-updown-15m-1761418800,1761418800,90,0.28,0.3,0.29,0.02,744.93,106,0.7,0.72,1265
btc-updown-15m-1761418800,1761418800,105,0.21,0.22,0.215,0.01,785,175.3,0.78,0.79,45
btc-updown-15m-1761418800,1761418800,120,0.21,0.23,0.22,0.02,830,123.5,0.77,0.79,937
btc-updown-15m-1761418800,1761418800,135,0.2,0.22,0.21,0.02,285,847.85,0.78,0.8,61
btc-updown-15m-1761418800,1761418800,150,0.21,0.25,0.23,0.04,855,529.95,0.75,0.79,2
btc-updown-15m-1761418800,1761418800,165,0.28,0.3,0.29,0.02,315,584.46,0.7,0.72,19
btc-updown-15m-1761418800,1761418800,180,0.29,0.33,0.31,0.04,801.74,520,0.67,0.71,294
btc-updown-15m-1761418800,1761418800,195,0.29,0.33,0.31,0.04,573.88,767.5,0.67,0.71,73
btc-updown-15m-1761418800,1761418800,210,0.24,0.27,0.255,0.03,857,690.52,0.73,0.76,209
btc-updown-15m-1761418800,1761418800,225,0.24,0.27,0.255,0.03,854.36,637.1,0.73,0.76,2
btc-updown-15m-1761418800,1761418800,240,0.25,0.27,0.26,0.02,620,282.99,0.73,0.75,48
btc-updown-15m-1761418800,1761418800,255,0.25,0.27,0.26,0.02,360,504.38,0.73,0.75,541
btc-updown-15m-1761418800,1761418800,270,0.25,0.26,0.255,0.01,774,528.38,0.74,0.75,1207
btc-updown-15m-1761418800,1761418800,285,0.21,0.24,0.225,0.03,377.58,435.08,0.76,0.79,14
btc-updown-15m-1761418800,1761418800,300,0.28,0.3,0.29,0.02,770,88,0.7,0.72,78
btc-updown-15m-1761418800,1761418800,315,0.27,0.32,0.295,0.05,810,748.66,0.68,0.73,308
btc-updown-15m-1761418800,1761418800,330,0.27,0.28,0.275,0.01,777,277,0.72,0.73,355
btc-updown-15m-1761418800,1761418800,345,0.26,0.29,0.275,0.03,1010,320.99,0.71,0.74,288
btc-updown-15m-1761418800,1761418800,360,0.36,0.38,0.37,0.02,890.56,535.99,0.62,0.64,14
btc-updown-15m-1761418800,1761418800,375,0.38,0.41,0.395,0.03,209.26,514.56,0.59,0.62,204
btc-updown-15m-1761418800,1761418800,390,0.36,0.41,0.385,0.05,612.91,542,0.59,0.64,780
btc-updown-15m-1761418800,1761418800,405,0.31,0.36,0.335,0.05,724.81,519.97,0.64,0.69,124
btc-updown-15m-1761418800,1761418800,420,0.3,0.35,0.325,0.05,854,556.97,0.65,0.7,9
btc-updown-15m-1761418800,1761418800,435,0.21,0.26,0.235,0.05,618.58,842.8,0.74,0.79,259
btc-updown-15m-1761418800,1761418800,450,0.15,0.17,0.16,0.02,532.81,592.29,0.83,0.85,56
btc-updown-15m-1761418800,1761418800,465,0.13,0.16,0.145,0.03,546.01,798.62,0.84,0.87,92
btc-updown-15m-1761418800,1761418800,480,0.13,0.16,0.145,0.03,536.01,788.44,0.84,0.87,759
btc-updown-15m-1761418800,1761418800,495,0.12,0.15,0.135,0.03,312,770,0.85,0.88,12
btc-updown-15m-1761418800,1761418800,510,0.14,0.16,0.15,0.02,543.09,250.27,0.84,0.86,725
btc-updown-15m-1761418800,1761418800,525,0.13,0.15,0.14,0.02,805.59,75.83,0.85,0.87,952
btc-updown-15m-1761418800,1761418800,540,0.12,0.14,0.13,0.02,1112.59,93.96,0.86,0.88,4
btc-updown-15m-1761418800,1761418800,555,0.12,0.16,0.14,0.04,570.8,849.59,0.84,0.88,1704
btc-updown-15m-1761418800,1761418800,570,0.12,0.16,0.14,0.04,203.43,846.09,0.84,0.88,1229
btc-updown-15m-1761418800,1761418800,585,0.12,0.15,0.135,0.03,175.01,589.09,0.85,0.88,932
btc-updown-15m-1761418800,1761418800,600,0.1,0.11,0.105,0.01,37,472.28,0.89,0.9,224
btc-updown-15m-1761418800,1761418800,615,0.07,0.09,0.08,0.02,691.99,478.5,0.91,0.93,1120
btc-updown-15m-1761418800,1761418800,630,0.04,0.09,0.065,0.05,1316.99,489.5,0.91,0.96,38
btc-updown-15m-1761418800,1761418800,645,0.04,0.08,0.06,0.04,1084.78,546,0.92,0.96,916
btc-updown-15m-1761418800,1761418800,660,0.06,0.07,0.065,0.01,1393.96,612.2,0.93,0.94,1729
btc-updown-15m-1761418800,1761418800,675,0.02,0.07,0.045,0.05,963.87,661.19,0.93,0.98,26
btc-updown-15m-1761418800,1761418800,690,0.01,0.03,0.02,0.02,726.87,299.16,0.97,0.99,2550
btc-updown-15m-1761418800,1761418800,705,0.01,0.02,0.015,0.01,648.42,469.16,0.98,0.99,1217
btc-updown-15m-1761418800,1761418800,720,0.01,0.02,0.015,0.01,742.93,469.16,0.98,0.99,3692
btc-updown-15m-1761418800,1761418800,735,0.01,0.03,0.02,0.02,717.93,265.79,0.97,0.99,2219
btc-updown-15m-1761418800,1761418800,750,0.01,0.02,0.015,0.01,705.78,232.45,0.98,0.99,636
btc-updown-15m-1761418800,1761418800,765,0.01,0.03,0.02,0.02,642.46,199.45,0.97,0.99,289
btc-updown-15m-1761418800,1761418800,780,0.01,0.02,0.015,0.01,565.95,161.44,0.98,0.99,891
btc-updown-15m-1761418800,1761418800,795,0.01,0.02,0.015,0.01,364.95,201.44,0.98,0.99,1624
btc-updown-15m-1761418800,1761418800,810,0.01,0.02,0.015,0.01,156.46,217.44,0.98,0.99,2545
btc-updown-15m-1761418800,1761418800,825,,0.01,,,0,435.91,0.99,,743
btc-updown-15m-1761418800,1761418800,840,,0.01,,,0,1040.07,0.99,,2095
btc-updown-15m-1761418800,1761418800,845,,0.01,,,0,1060.07,0.99,,868
btc-updown-15m-1761418800,1761418800,850,,0.01,,,0,1070.22,0.99,,2294
btc-updown-15m-1761418800,1761418800,855,,0.01,,,0,1102.22,0.99,,1032
btc-updown-15m-1761418800,1761418800,860,,0.01,,,0,1602.22,0.99,,3254
btc-updown-15m-1761418800,1761418800,865,,0.01,,,0,1678.06,0.99,,2236
btc-updown-15m-1761418800,1761418800,870,,0.01,,,0,1802.22,0.99,,2136
btc-updown-15m-1761418800,1761418800,875,,0.01,,,0,1802.22,0.99,,345
btc-updown-15m-1761418800,1761418800,880,,0.01,,,0,1807.22,0.99,,3636
btc-updown-15m-1761418800,1761418800,885,,0.01,,,0,1807.22,0.99,,2231
btc-updown-15m-1761418800,1761418800,890,,0.01,,,0,1807.22,0.99,,4218
btc-updown-15m-1761418800,1761418800,895,,0.01,,,0,1832.22,0.99,,2165
btc-updown-15m-1761418800,1761418800,897,,0.01,,,0,1832.22,0.99,,4165
btc-updown-15m-1761418800,1761418800,899,,0.01,,,0,1940.22,0.99,,132
btc-updown-15m-1761418800,1761418800,900,,0.01,,,0,1940.22,0.99,,1132
btc-updown-15m-1761423300,1761423300,0,0.52,0.53,0.525,0.01,112.6,340,0.47,0.48,122
btc-updown-15m-1761423300,1761423300,15,0.41,0.46,0.435,0.05,75.9,38,0.54,0.59,116
btc-updown-15m-1761423300,1761423300,30,0.4,0.43,0.415,0.03,71.7,533,0.57,0.6,12
btc-updown-15m-1761423300,1761423300,45,0.27,0.31,0.29,0.04,41,30,0.69,0.73,675
btc-updown-15m-1761423300,1761423300,60,0.27,0.33,0.3,0.06,80.7,50,0.67,0.73,925
btc-updown-15m-1761423300,1761423300,75,0.27,0.31,0.29,0.04,141.4,80,0.69,0.73,82
btc-updown-15m-1761423300,1761423300,90,0.28,0.32,0.3,0.04,31.01,75,0.68,0.72,204
btc-updown-15m-1761423300,1761423300,105,0.29,0.32,0.305,0.03,71.4,31.87,0.68,0.71,798
btc-updown-15m-1761423300,1761423300,120,0.29,0.36,0.325,0.07,92.7,114,0.64,0.71,31
btc-updown-15m-1761423300,1761423300,135,0.33,0.41,0.37,0.08,94.7,122.8,0.59,0.67,812
btc-updown-15m-1761423300,1761423300,150,0.36,0.42,0.39,0.06,125,30,0.58,0.64,28
btc-updown-15m-1761423300,1761423300,165,0.42,0.46,0.44,0.04,30,42.7,0.54,0.58,491
btc-updown-15m-1761423300,1761423300,180,0.38,0.45,0.415,0.07,139,51.7,0.55,0.62,897
btc-updown-15m-1761423300,1761423300,195,0.37,0.43,0.4,0.06,113,540,0.57,0.63,19
btc-updown-15m-1761423300,1761423300,210,0.39,0.44,0.415,0.05,95,447.82,0.56,0.61,63
btc-updown-15m-1761423300,1761423300,225,0.39,0.44,0.415,0.05,160,414.12,0.56,0.61,98
btc-updown-15m-1761423300,1761423300,240,0.38,0.4,0.39,0.02,108.44,37,0.6,0.62,38
btc-updown-15m-1761423300,1761423300,255,0.37,0.4,0.385,0.03,113,42,0.6,0.63,1589
btc-updown-15m-1761423300,1761423300,270,0.38,0.4,0.39,0.02,118,236.5,0.6,0.62,510
btc-updown-15m-1761423300,1761423300,285,0.35,0.37,0.36,0.02,103.1,278,0.63,0.65,254
btc-updown-15m-1761423300,1761423300,300,0.35,0.41,0.38,0.06,173.7,172.7,0.59,0.65,89
btc-updown-15m-1761423300,1761423300,315,0.37,0.41,0.39,0.04,101.74,37,0.59,0.63,338
btc-updown-15m-1761423300,1761423300,330,0.37,0.42,0.395,0.05,106.74,83,0.58,0.63,1118
btc-updown-15m-1761423300,1761423300,345,0.32,0.36,0.34,0.04,284.82,50,0.64,0.68,11
btc-updown-15m-1761423300,1761423300,360,0.31,0.36,0.335,0.05,109.22,38,0.64,0.69,141
btc-updown-15m-1761423300,1761423300,375,0.32,0.37,0.345,0.05,59.9,49,0.63,0.68,986
btc-updown-15m-1761423300,1761423300,390,0.31,0.35,0.33,0.04,98,59,0.65,0.69,22
btc-updown-15m-1761423300,1761423300,405,0.25,0.29,0.27,0.04,394,124,0.71,0.75,2
btc-updown-15m-1761423300,1761423300,420,0.25,0.29,0.27,0.04,184.33,56.6,0.71,0.75,27
btc-updown-15m-1761423300,1761423300,435,0.25,0.26,0.255,0.01,152.86,66,0.74,0.75,390
btc-updown-15m-1761423300,1761423300,450,0.25,0.26,0.255,0.01,309.66,51.86,0.74,0.75,1
btc-updown-15m-1761423300,1761423300,465,0.2,0.24,0.22,0.04,289.02,63.76,0.76,0.8,247
btc-updown-15m-1761423300,1761423300,480,0.22,0.26,0.24,0.04,195.67,185,0.74,0.78,40
btc-updown-15m-1761423300,1761423300,495,0.2,0.25,0.225,0.05,221.27,228.5,0.75,0.8,11
btc-updown-15m-1761423300,1761423300,510,0.2,0.24,0.22,0.04,231.67,172,0.76,0.8,728
btc-updown-15m-1761423300,1761423300,525,0.2,0.25,0.225,0.05,86.42,231.5,0.75,0.8,1469
btc-updown-15m-1761423300,1761423300,540,0.2,0.22,0.21,0.02,495.92,84.2,0.78,0.8,126
btc-updown-15m-1761423300,1761423300,555,0.16,0.19,0.175,0.03,169.7,47,0.81,0.84,388
btc-updown-15m-1761423300,1761423300,570,0.16,0.19,0.175,0.03,30,114.1,0.81,0.84,349
btc-updown-15m-1761423300,1761423300,585,0.15,0.16,0.155,0.01,163.8,133.95,0.84,0.85,93
btc-updown-15m-1761423300,1761423300,600,0.14,0.19,0.165,0.05,396.5,56,0.81,0.86,115
btc-updown-15m-1761423300,1761423300,615,0.14,0.17,0.155,0.03,64.36,43,0.83,0.86,49
btc-updown-15m-1761423300,1761423300,630,0.13,0.2,0.165,0.07,340.2,135.91,0.8,0.87,896
btc-updown-15m-1761423300,1761423300,645,0.11,0.19,0.15,0.08,243.34,77,0.81,0.89,506
btc-updown-15m-1761423300,1761423300,660,0.1,0.11,0.105,0.01,286.24,62,0.89,0.9,21
btc-updown-15m-1761423300,1761423300,675,0.1,0.14,0.12,0.04,228.05,57,0.86,0.9,20
btc-updown-15m-1761423300,1761423300,690,0.1,0.12,0.11,0.02,254.75,116.3,0.88,0.9,135
btc-updown-15m-1761423300,1761423300,705,0.1,0.12,0.11,0.02,254.75,116.3,0.88,0.9,208
btc-updown-15m-1761423300,1761423300,720,0.1,0.11,0.105,0.01,170.55,111.96,0.89,0.9,1471
btc-updown-15m-1761423300,1761423300,735,0.06,0.1,0.08,0.04,3314,122.96,0.9,0.94,1999
btc-updown-15m-1761423300,1761423300,750,0.03,0.05,0.04,0.02,8957.56,108.3,0.95,0.97,96
btc-updown-15m-1761423300,1761423300,765,0.03,0.04,0.035,0.01,9098.91,216,0.96,0.97,682
btc-updown-15m-1761423300,1761423300,780,0.02,0.03,0.025,0.01,7667.85,216,0.97,0.98,1676
btc-updown-15m-1761423300,1761423300,795,0.01,0.05,0.03,0.04,7330.66,166,0.95,0.99,21
btc-updown-15m-1761423300,1761423300,810,0.01,0.04,0.025,0.03,7329.64,119.06,0.96,0.99,1211
btc-updown-15m-1761423300,1761423300,825,0.01,0.03,0.02,0.02,288.25,119.06,0.97,0.99,862
btc-updown-15m-1761423300,1761423300,840,0.01,0.02,0.015,0.01,62.04,108.66,0.98,0.99,3
btc-updown-15m-1761423300,1761423300,845,,0.01,,,0,809.36,0.99,,1327
btc-updown-15m-1761423300,1761423300,850,,0.01,,,0,709.36,0.99,,1462
btc-updown-15m-1761423300,1761423300,855,,0.01,,,0,741.36,0.99,,2044
btc-updown-15m-1761423300,1761423300,860,,0.01,,,0,693.36,0.99,,772
btc-updown-15m-1761423300,1761423300,865,,0.01,,,0,741.36,0.99,,820
btc-updown-15m-1761423300,1761423300,870,,0.01,,,0,741.36,0.99,,5820
btc-updown-15m-1761423300,1761423300,875,,0.01,,,0,741.36,0.99,,2024
btc-updown-15m-1761423300,1761423300,880,,0.01,,,0,741.36,0.99,,7024
btc-updown-15m-1761423300,1761423300,885,,0.01,,,0,741.36,0.99,,1999
btc-updown-15m-1761423300,1761423300,890,,0.01,,,0,1141.36,0.99,,31
btc-updown-15m-1761423300,1761423300,895,,0.01,,,0,1166.36,0.99,,2022
btc-updown-15m-1761423300,1761423300,897,,0.01,,,0,1166.36,0.99,,829
btc-updown-15m-1761423300,1761423300,899,,0.01,,,0,1166.36,0.99,,528
btc-updown-15m-1761423300,1761423300,900,,0.01,,,0,1166.36,0.99,,1528
btc-updown-15m-1761446700,1761446700,0,0.49,0.54,0.515,0.05,264,485,0.46,0.51,3979
btc-updown-15m-1761446700,1761446700,15,0.49,0.54,0.515,0.05,58.11,35,0.46,0.51,116
btc-updown-15m-1761446700,1761446700,30,0.48,0.54,0.51,0.06,52.72,43.9,0.46,0.52,2164
btc-updown-15m-1761446700,1761446700,45,0.48,0.51,0.495,0.03,62.72,224.21,0.49,0.52,72
btc-updown-15m-1761446700,1761446700,60,0.48,0.55,0.515,0.07,62.72,80.21,0.45,0.52,2407
btc-updown-15m-1761446700,1761446700,75,0.43,0.48,0.455,0.05,47,90.6,0.52,0.57,2
btc-updown-15m-1761446700,1761446700,90,0.42,0.51,0.465,0.09,265.48,210.7,0.49,0.58,23
btc-updown-15m-1761446700,1761446700,105,0.48,0.54,0.51,0.06,139,128.16,0.46,0.52,272
btc-updown-15m-1761446700,1761446700,120,0.57,0.63,0.6,0.06,134,120,0.37,0.43,64
btc-updown-15m-1761446700,1761446700,135,0.57,0.63,0.6,0.06,138,177.6,0.37,0.43,60
btc-updown-15m-1761446700,1761446700,150,0.52,0.57,0.545,0.05,270.2,198,0.43,0.48,299
btc-updown-15m-1761446700,1761446700,165,0.49,0.52,0.505,0.03,160,173.89,0.48,0.51,467
btc-updown-15m-1761446700,1761446700,180,0.42,0.43,0.425,0.01,154.58,203.89,0.57,0.58,218
btc-updown-15m-1761446700,1761446700,195,0.41,0.43,0.42,0.02,212,146.17,0.57,0.59,166
btc-updown-15m-1761446700,1761446700,210,0.4,0.41,0.405,0.01,151,185.5,0.59,0.6,8
btc-updown-15m-1761446700,1761446700,225,0.32,0.35,0.335,0.03,125.7,229.91,0.65,0.68,205
btc-updown-15m-1761446700,1761446700,240,0.28,0.34,0.31,0.06,68.28,246.72,0.66,0.72,24
btc-updown-15m-1761446700,1761446700,255,0.31,0.35,0.33,0.04,63.28,316.22,0.65,0.69,965
btc-updown-15m-1761446700,1761446700,270,0.24,0.28,0.26,0.04,115,117.6,0.72,0.76,1708
btc-updown-15m-1761446700,1761446700,285,0.23,0.25,0.24,0.02,115,178.5,0.75,0.77,646
btc-updown-15m-1761446700,1761446700,300,0.25,0.29,0.27,0.04,144,284.5,0.71,0.75,5
btc-updown-15m-1761446700,1761446700,315,0.22,0.27,0.245,0.05,105.53,247.5,0.73,0.78,990
btc-updown-15m-1761446700,1761446700,330,0.2,0.25,0.225,0.05,93.4,180.74,0.75,0.8,2216
btc-updown-15m-1761446700,1761446700,345,0.2,0.23,0.215,0.03,83.4,248.24,0.77,0.8,1192
btc-updown-15m-1761446700,1761446700,360,0.2,0.21,0.205,0.01,82.7,170,0.79,0.8,512
btc-updown-15m-1761446700,1761446700,375,0.15,0.21,0.18,0.06,73.4,170,0.79,0.85,273
btc-updown-15m-1761446700,1761446700,390,0.11,0.25,0.18,0.14,266,137.4,0.75,0.89,287
btc-updown-15m-1761446700,1761446700,405,0.15,0.24,0.195,0.09,38.5,291,0.76,0.85,488
btc-updown-15m-1761446700,1761446700,420,0.05,0.11,0.08,0.06,979.84,42,0.89,0.95,43
btc-updown-15m-1761446700,1761446700,435,0.05,0.07,0.06,0.02,415.24,560,0.93,0.95,626
btc-updown-15m-1761446700,1761446700,450,0.05,0.06,0.055,0.01,594.17,600,0.94,0.95,3496
btc-updown-15m-1761446700,1761446700,465,0.05,0.07,0.06,0.02,373.11,504,0.93,0.95,1104
btc-updown-15m-1761446700,1761446700,480,0.03,0.06,0.045,0.03,1073.49,510,0.94,0.97,167
btc-updown-15m-1761446700,1761446700,495,0.03,0.06,0.045,0.03,875.49,878.74,0.94,0.97,331
btc-updown-15m-1761446700,1761446700,510,0.02,0.05,0.035,0.03,774,795.16,0.95,0.98,83
btc-updown-15m-1761446700,1761446700,525,0.03,0.05,0.04,0.02,874,840.16,0.95,0.97,4885
btc-updown-15m-1761446700,1761446700,540,0.03,0.05,0.04,0.02,874,533.92,0.95,0.97,119
btc-updown-15m-1761446700,1761446700,555,0.02,0.04,0.03,0.02,574,873.61,0.96,0.98,111
btc-updown-15m-1761446700,1761446700,570,0.02,0.04,0.03,0.02,574,554.87,0.96,0.98,104
btc-updown-15m-1761446700,1761446700,585,,0.02,,,0,2197.32,0.98,,689
btc-updown-15m-1761446700,1761446700,600,,0.01,,,0,2489.05,0.99,,259
btc-updown-15m-1761446700,1761446700,615,,0.02,,,0,2178.43,0.98,,585
btc-updown-15m-1761446700,1761446700,630,,0.02,,,0,2178.43,0.98,,4264
btc-updown-15m-1761446700,1761446700,645,,0.02,,,0,2183.43,0.98,,1699
btc-updown-15m-1761446700,1761446700,660,,0.02,,,0,2223.43,0.98,,91
btc-updown-15m-1761446700,1761446700,675,,0.02,,,0,2237.38,0.98,,1028
btc-updown-15m-1761446700,1761446700,690,0.01,0.02,0.015,0.01,10,2227.38,0.98,0.99,370
btc-updown-15m-1761446700,1761446700,705,,0.02,,,0,2935.04,0.98,,461
btc-updown-15m-1761446700,1761446700,720,,0.02,,,0,2935.04,0.98,,224
btc-updown-15m-1761446700,1761446700,735,,0.01,,,0,5358.73,0.99,,623
btc-updown-15m-1761446700,1761446700,750,,0.01,,,0,5492.73,0.99,,1045
btc-updown-15m-1761446700,1761446700,765,,0.01,,,0,5642.73,0.99,,54
btc-updown-15m-1761446700,1761446700,780,,0.01,,,0,5642.73,0.99,,210
btc-updown-15m-1761446700,1761446700,795,,0.01,,,0,5327.64,0.99,,1100
btc-updown-15m-1761446700,1761446700,810,,0.01,,,0,5855.09,0.99,,3586
btc-updown-15m-1761446700,1761446700,825,,0.01,,,0,6355.09,0.99,,1098
btc-updown-15m-1761446700,1761446700,840,,0.01,,,0,6887.09,0.99,,705
btc-updown-15m-1761446700,1761446700,845,,0.01,,,0,6887.09,0.99,,748
btc-updown-15m-1761446700,1761446700,850,,0.01,,,0,6892.18,0.99,,4593
btc-updown-15m-1761446700,1761446700,855,,0.01,,,0,6957.18,0.99,,1100
btc-updown-15m-1761446700,1761446700,860,,0.01,,,0,6952.09,0.99,,2329
btc-updown-15m-1761446700,1761446700,865,,0.01,,,0,6957.18,0.99,,1082
btc-updown-15m-1761446700,1761446700,870,,0.01,,,0,6957.18,0.99,,6082
btc-updown-15m-1761446700,1761446700,875,,0.01,,,0,5478.5,0.99,,1105
btc-updown-15m-1761446700,1761446700,880,,0.01,,,0,5483.59,0.99,,1525
btc-updown-15m-1761446700,1761446700,885,,0.01,,,0,5483.59,0.99,,6525
btc-updown-15m-1761446700,1761446700,890,,0.01,,,0,5483.59,0.99,,11525
btc-updown-15m-1761446700,1761446700,895,,0.01,,,0,5508.59,0.99,,3631
btc-updown-15m-1761446700,1761446700,897,,0.01,,,0,5508.59,0.99,,5631
btc-updown-15m-1761446700,1761446700,899,,0.01,,,0,5858.59,0.99,,900
btc-updown-15m-1761446700,1761446700,900,,0.01,,,0,5866.59,0.99,,513
btc-updown-15m-1761451200,1761451200,0,0.54,0.55,0.545,0.01,285.74,552,0.45,0.46,1615
btc-updown-15m-1761451200,1761451200,15,0.5,0.69,0.595,0.19,48,131.97,0.31,0.5,1554
btc-updown-15m-1761451200,1761451200,30,0.5,0.71,0.605,0.21,1046,157.71,0.29,0.5,4541
btc-updown-15m-1761451200,1761451200,45,0.5,0.53,0.515,0.03,1056.3,147,0.47,0.5,902
btc-updown-15m-1761451200,1761451200,60,0.5,0.53,0.515,0.03,1066,136.71,0.47,0.5,691
btc-updown-15m-1761451200,1761451200,75,0.5,0.52,0.51,0.02,1026,175.71,0.48,0.5,38
btc-updown-15m-1761451200,1761451200,90,0.5,0.53,0.515,0.03,1026,145.51,0.47,0.5,294
btc-updown-15m-1761451200,1761451200,105,0.5,0.53,0.515,0.03,1026,107.78,0.47,0.5,866
btc-updown-15m-1761451200,1761451200,120,0.5,0.53,0.515,0.03,1026,112.87,0.47,0.5,1005
btc-updown-15m-1761451200,1761451200,135,0.5,0.54,0.52,0.04,1026,107.78,0.46,0.5,838
btc-updown-15m-1761451200,1761451200,150,0.5,0.53,0.515,0.03,1024,102.22,0.47,0.5,166
btc-updown-15m-1761451200,1761451200,165,0.5,0.52,0.51,0.02,1012,141.51,0.48,0.5,4371
btc-updown-15m-1761451200,1761451200,180,0.5,0.52,0.51,0.02,1012,176.79,0.48,0.5,526
btc-updown-15m-1761451200,1761451200,195,0.5,0.53,0.515,0.03,1012,132.08,0.47,0.5,5426
btc-updown-15m-1761451200,1761451200,210,0.51,0.55,0.53,0.04,1029.65,32,0.45,0.49,256
btc-updown-15m-1761451200,1761451200,225,0.56,0.63,0.595,0.07,57.72,36,0.37,0.44,247
btc-updown-15m-1761451200,1761451200,240,0.56,0.64,0.6,0.08,977,23.09,0.36,0.44,0
btc-updown-15m-1761451200,1761451200,255,0.51,0.61,0.56,0.1,996.87,36,0.39,0.49,714
btc-updown-15m-1761451200,1761451200,270,0.53,0.59,0.56,0.06,63,69.66,0.41,0.47,285
btc-updown-15m-1761451200,1761451200,285,0.52,0.6,0.56,0.08,1005,73.66,0.4,0.48,416
btc-updown-15m-1761451200,1761451200,300,0.51,0.59,0.55,0.08,1128.7,64.66,0.41,0.49,308
btc-updown-15m-1761451200,1761451200,315,0.52,0.58,0.55,0.06,1008,79.66,0.42,0.48,250
btc-updown-15m-1761451200,1761451200,330,0.52,0.58,0.55,0.06,996,89.66,0.42,0.48,65
btc-updown-15m-1761451200,1761451200,345,0.52,0.57,0.545,0.05,162,33.71,0.43,0.48,77
btc-updown-15m-1761451200,1761451200,360,0.51,0.57,0.54,0.06,63,37,0.43,0.49,2045
btc-updown-15m-1761451200,1761451200,375,0.54,0.59,0.565,0.05,49,73.66,0.41,0.46,686
btc-updown-15m-1761451200,1761451200,390,0.7,0.8,0.75,0.1,43,71,0.2,0.3,2990
btc-updown-15m-1761451200,1761451200,405,0.76,0.82,0.79,0.06,26,78,0.18,0.24,2
btc-updown-15m-1761451200,1761451200,420,0.84,0.87,0.855,0.03,55,57,0.13,0.16,123
btc-updown-15m-1761451200,1761451200,435,0.92,0.94,0.93,0.02,25,186,0.06,0.08,50
btc-updown-15m-1761451200,1761451200,450,0.86,0.89,0.875,0.03,21,129.01,0.11,0.14,2
btc-updown-15m-1761451200,1761451200,465,0.76,0.82,0.79,0.06,34,50,0.18,0.24,17
btc-updown-15m-1761451200,1761451200,480,0.69,0.78,0.735,0.09,54,48,0.22,0.31,114
btc-updown-15m-1761451200,1761451200,495,0.67,0.68,0.675,0.01,44.96,270,0.32,0.33,259
btc-updown-15m-1761451200,1761451200,510,0.67,0.68,0.675,0.01,91.96,260,0.32,0.33,241
btc-updown-15m-1761451200,1761451200,525,0.54,0.62,0.58,0.08,145,124.08,0.38,0.46,8
btc-updown-15m-1761451200,1761451200,540,0.54,0.63,0.585,0.09,152,14.85,0.37,0.46,41
btc-updown-15m-1761451200,1761451200,555,0.6,0.65,0.625,0.05,514,61,0.35,0.4,947
btc-updown-15m-1761451200,1761451200,570,0.69,0.8,0.745,0.11,21,28,0.2,0.31,319
btc-updown-15m-1761451200,1761451200,585,0.79,0.86,0.825,0.07,42,145.01,0.14,0.21,13
btc-updown-15m-1761451200,1761451200,600,0.86,0.93,0.895,0.07,53,89.29,0.07,0.14,612
btc-updown-15m-1761451200,1761451200,615,0.87,0.95,0.91,0.08,45,157.29,0.05,0.13,379
btc-updown-15m-1761451200,1761451200,630,0.95,0.98,0.965,0.03,41.1,758.99,0.02,0.05,157
btc-updown-15m-1761451200,1761451200,645,0.97,0.99,0.98,0.02,47.51,549.12,0.01,0.03,9
btc-updown-15m-1761451200,1761451200,660,0.97,0.98,0.975,0.01,54.51,554.76,0.02,0.03,566
btc-updown-15m-1761451200,1761451200,675,0.97,,,,102.51,0,,0.03,942
btc-updown-15m-1761451200,1761451200,690,0.98,,,,184.44,0,,0.02,73
btc-updown-15m-1761451200,1761451200,705,0.98,0.99,0.985,0.01,212.44,100,0.01,0.02,935
btc-updown-15m-1761451200,1761451200,720,0.98,0.99,0.985,0.01,83.96,79.79,0.01,0.02,2153
btc-updown-15m-1761451200,1761451200,735,0.98,0.99,0.985,0.01,108.42,79.79,0.01,0.02,344
btc-updown-15m-1761451200,1761451200,750,0.99,,,,2502.7,0,,0.01,1688
btc-updown-15m-1761451200,1761451200,765,0.99,,,,2502.7,0,,0.01,956
btc-updown-15m-1761451200,1761451200,780,0.99,,,,3071.29,0,,0.01,883
btc-updown-15m-1761451200,1761451200,795,0.99,,,,3076.38,0,,0.01,924
btc-updown-15m-1761451200,1761451200,810,0.99,,,,3100.48,0,,0.01,1486
btc-updown-15m-1761451200,1761451200,825,0.99,,,,3610.63,0,,0.01,973
btc-updown-15m-1761451200,1761451200,840,0.99,,,,3523.5,0,,0.01,1381
btc-updown-15m-1761451200,1761451200,845,0.99,,,,3918.4,0,,0.01,965
btc-updown-15m-1761451200,1761451200,850,0.99,,,,3923.49,0,,0.01,493
btc-updown-15m-1761451200,1761451200,855,0.99,,,,5455.49,0,,0.01,930
btc-updown-15m-1761451200,1761451200,860,0.99,,,,5447.39,0,,0.01,325
btc-updown-15m-1761451200,1761451200,865,0.99,,,,5447.3,0,,0.01,941
btc-updown-15m-1761451200,1761451200,870,0.99,,,,5952.39,0,,0.01,3069
btc-updown-15m-1761451200,1761451200,875,0.99,,,,5957.39,0,,0.01,942
btc-updown-15m-1761451200,1761451200,880,0.99,,,,5952.3,0,,0.01,3276
btc-updown-15m-1761451200,1761451200,885,0.99,,,,5987.29,0,,0.01,77
btc-updown-15m-1761451200,1761451200,890,0.99,,,,5987.29,0,,0.01,5077
btc-updown-15m-1761451200,1761451200,895,0.99,,,,6012.29,0,,0.01,927
btc-updown-15m-1761451200,1761451200,897,0.99,,,,6012.29,0,,0.01,2927
btc-updown-15m-1761451200,1761451200,899,0.99,,,,6370.29,0,,0.01,21
btc-updown-15m-1761451200,1761451200,900,0.99,,,,6414.29,0,,0.01,36
btc-updown-15m-1761455700,1761455700,0,0.45,0.46,0.455,0.01,546,867.21,0.54,0.55,861
btc-updown-15m-1761455700,1761455700,15,0.44,0.48,0.46,0.04,30.5,561.59,0.52,0.56,47
btc-updown-15m-1761455700,1761455700,30,0.37,0.47,0.42,0.1,37.8,622.71,0.53,0.63,2037
btc-updown-15m-1761455700,1761455700,45,0.38,0.39,0.385,0.01,21,1466.92,0.61,0.62,1024
btc-updown-15m-1761455700,1761455700,60,0.38,0.39,0.385,0.01,310,883.07,0.61,0.62,174
btc-updown-15m-1761455700,1761455700,75,0.38,0.45,0.415,0.07,296.5,39,0.55,0.62,8
btc-updown-15m-1761455700,1761455700,90,0.42,0.46,0.44,0.04,109.01,2109,0.54,0.58,457
btc-updown-15m-1761455700,1761455700,105,0.41,0.45,0.43,0.04,36.49,129,0.55,0.59,618
btc-updown-15m-1761455700,1761455700,120,0.4,0.45,0.425,0.05,46.49,128,0.55,0.6,6198
btc-updown-15m-1761455700,1761455700,135,0.34,0.39,0.365,0.05,51.99,2016.25,0.61,0.66,203
btc-updown-15m-1761455700,1761455700,150,0.27,0.32,0.295,0.05,56.9,1998.2,0.68,0.73,55
btc-updown-15m-1761455700,1761455700,165,0.29,0.33,0.31,0.04,62.3,2173.49,0.67,0.71,1208
btc-updown-15m-1761455700,1761455700,180,0.31,0.35,0.33,0.04,59.9,1966.77,0.65,0.69,142
btc-updown-15m-1761455700,1761455700,195,0.3,0.35,0.325,0.05,60.9,2046.77,0.65,0.7,5
btc-updown-15m-1761455700,1761455700,210,0.3,0.34,0.32,0.04,71.3,2144.77,0.66,0.7,406
btc-updown-15m-1761455700,1761455700,225,0.3,0.34,0.32,0.04,63.3,2018.24,0.66,0.7,930
btc-updown-15m-1761455700,1761455700,240,0.31,0.35,0.33,0.04,54.3,1926.77,0.65,0.69,421
btc-updown-15m-1761455700,1761455700,255,0.31,0.35,0.33,0.04,66.3,1901.94,0.65,0.69,1878
btc-updown-15m-1761455700,1761455700,270,0.31,0.35,0.33,0.04,66.3,1572.78,0.65,0.69,9
btc-updown-15m-1761455700,1761455700,285,0.32,0.35,0.335,0.03,78.3,1572.78,0.65,0.68,1018
btc-updown-15m-1761455700,1761455700,300,0.31,0.35,0.33,0.04,62.3,1544.78,0.65,0.69,309
btc-updown-15m-1761455700,1761455700,315,0.51,0.56,0.535,0.05,44,203,0.44,0.49,117
btc-updown-15m-1761455700,1761455700,330,0.45,0.5,0.475,0.05,54.1,44,0.5,0.55,59
btc-updown-15m-1761455700,1761455700,345,0.43,0.5,0.465,0.07,40.1,2050.28,0.5,0.57,391
btc-updown-15m-1761455700,1761455700,360,0.48,0.5,0.49,0.02,36.4,235.08,0.5,0.52,80
btc-updown-15m-1761455700,1761455700,375,0.62,0.64,0.63,0.02,97.72,64.85,0.36,0.38,988
btc-updown-15m-1761455700,1761455700,390,0.62,0.67,0.645,0.05,34,168.91,0.33,0.38,318
btc-updown-15m-1761455700,1761455700,405,0.48,0.54,0.51,0.06,48.4,116,0.46,0.52,577
btc-updown-15m-1761455700,1761455700,420,0.47,0.54,0.505,0.07,40.6,72,0.46,0.53,74
btc-updown-15m-1761455700,1761455700,435,0.49,0.55,0.52,0.06,42.9,39,0.45,0.51,213
btc-updown-15m-1761455700,1761455700,450,0.48,0.58,0.53,0.1,68.1,177,0.42,0.52,64
btc-updown-15m-1761455700,1761455700,465,0.5,0.56,0.53,0.06,76.7,42,0.44,0.5,150
btc-updown-15m-1761455700,1761455700,480,0.49,0.53,0.51,0.04,48.7,48,0.47,0.51,307
btc-updown-15m-1761455700,1761455700,495,0.48,0.55,0.515,0.07,46.1,63,0.45,0.52,32
btc-updown-15m-1761455700,1761455700,510,0.49,0.54,0.515,0.05,33.8,56,0.46,0.51,393
btc-updown-15m-1761455700,1761455700,525,0.49,0.57,0.53,0.08,37.8,139,0.43,0.51,520
btc-updown-15m-1761455700,1761455700,540,0.53,0.6,0.565,0.07,21,125,0.4,0.47,534
btc-updown-15m-1761455700,1761455700,555,0.52,0.61,0.565,0.09,37.8,217,0.39,0.48,115
btc-updown-15m-1761455700,1761455700,570,0.54,0.59,0.565,0.05,21,113,0.41,0.46,143
btc-updown-15m-1761455700,1761455700,585,0.51,0.6,0.555,0.09,32,222,0.4,0.49,501
btc-updown-15m-1761455700,1761455700,600,0.49,0.6,0.545,0.11,42,238,0.4,0.51,279
btc-updown-15m-1761455700,1761455700,615,0.47,0.57,0.52,0.1,41.2,216,0.43,0.53,292
btc-updown-15m-1761455700,1761455700,630,0.5,0.56,0.53,0.06,46,222,0.44,0.5,4
btc-updown-15m-1761455700,1761455700,645,0.5,0.57,0.535,0.07,28,143,0.43,0.5,100
btc-updown-15m-1761455700,1761455700,660,0.5,0.57,0.535,0.07,29.6,143,0.43,0.5,379
btc-updown-15m-1761455700,1761455700,675,0.51,0.59,0.55,0.08,57,217,0.41,0.49,421
btc-updown-15m-1761455700,1761455700,690,0.51,0.61,0.56,0.1,92.5,207.5,0.39,0.49,44
btc-updown-15m-1761455700,1761455700,705,0.51,0.62,0.565,0.11,24,166.6,0.38,0.49,113
btc-updown-15m-1761455700,1761455700,720,0.57,0.67,0.62,0.1,101,148.91,0.33,0.43,47
btc-updown-15m-1761455700,1761455700,735,0.56,0.65,0.605,0.09,100,175.3,0.35,0.44,209
btc-updown-15m-1761455700,1761455700,750,0.6,0.62,0.61,0.02,163.04,139.3,0.38,0.4,60
btc-updown-15m-1761455700,1761455700,765,0.56,0.61,0.585,0.05,32,144.5,0.39,0.44,202
btc-updown-15m-1761455700,1761455700,780,0.56,0.63,0.595,0.07,119,162,0.37,0.44,353
btc-updown-15m-1761455700,1761455700,795,0.57,0.68,0.625,0.11,78.01,116.31,0.32,0.43,232
btc-updown-15m-1761455700,1761455700,810,0.59,0.72,0.655,0.13,58.01,121,0.28,0.41,27
btc-updown-15m-1761455700,1761455700,825,0.6,0.7,0.65,0.1,31,137,0.3,0.4,4
btc-updown-15m-1761455700,1761455700,840,0.63,0.71,0.67,0.08,61.01,129.5,0.29,0.37,229
btc-updown-15m-1761455700,1761455700,845,0.64,0.73,0.685,0.09,77.01,129.5,0.27,0.36,23
btc-updown-15m-1761455700,1761455700,850,0.65,0.74,0.695,0.09,56.01,159,0.26,0.35,93
btc-updown-15m-1761455700,1761455700,855,0.68,0.73,0.705,0.05,36,134.63,0.27,0.32,33
btc-updown-15m-1761455700,1761455700,860,0.91,0.92,0.915,0.01,128.96,300,0.08,0.09,409
btc-updown-15m-1761455700,1761455700,865,0.91,0.94,0.925,0.03,133.96,264.74,0.06,0.09,151
btc-updown-15m-1761455700,1761455700,870,0.91,0.99,0.95,0.08,134.96,152.91,0.01,0.09,20
btc-updown-15m-1761455700,1761455700,875,0.99,,,,92.6,0,,0.01,173
btc-updown-15m-1761455700,1761455700,880,0.99,,,,182.61,0,,0.01,934
btc-updown-15m-1761455700,1761455700,885,0.99,,,,238.61,0,,0.01,162
btc-updown-15m-1761455700,1761455700,890,0.99,,,,119.6,0,,0.01,1361
btc-updown-15m-1761455700,1761455700,895,0.99,,,,347.65,0,,0.01,226
btc-updown-15m-1761455700,1761455700,897,0.99,,,,363.65,0,,0.01,428
btc-updown-15m-1761455700,1761455700,899,0.99,,,,863.65,0,,0.01,1151
btc-updown-15m-1761455700,1761455700,900,0.99,,,,863.65,0,,0.01,2151
btc-updown-15m-1761544800,1761544800,0,0.5,0.53,0.515,0.03,663.34,293.38,0.47,0.5,737
btc-updown-15m-1761544800,1761544800,15,0.5,0.53,0.515,0.03,663.09,71.68,0.47,0.5,61
btc-updown-15m-1761544800,1761544800,30,0.5,0.51,0.505,0.01,463.09,147.08,0.49,0.5,42
btc-updown-15m-1761544800,1761544800,45,0.43,0.47,0.45,0.04,185,121,0.53,0.57,401
btc-updown-15m-1761544800,1761544800,60,0.41,0.45,0.43,0.04,303.49,45,0.55,0.59,318
btc-updown-15m-1761544800,1761544800,75,0.4,0.45,0.425,0.05,339,77,0.55,0.6,642
btc-updown-15m-1761544800,1761544800,90,0.4,0.45,0.425,0.05,278.2,68.88,0.55,0.6,34
btc-updown-15m-1761544800,1761544800,105,0.34,0.39,0.365,0.05,232.38,101,0.61,0.66,112
btc-updown-15m-1761544800,1761544800,120,0.34,0.38,0.36,0.04,95.9,141,0.62,0.66,617
btc-updown-15m-1761544800,1761544800,135,0.3,0.34,0.32,0.04,95,159,0.66,0.7,862
btc-updown-15m-1761544800,1761544800,150,0.29,0.33,0.31,0.04,217,111,0.67,0.71,202
btc-updown-15m-1761544800,1761544800,165,0.28,0.31,0.295,0.03,35,174,0.69,0.72,127
btc-updown-15m-1761544800,1761544800,180,0.26,0.32,0.29,0.06,228,96,0.68,0.74,328
btc-updown-15m-1761544800,1761544800,195,0.25,0.28,0.265,0.03,242,77,0.72,0.75,942
btc-updown-15m-1761544800,1761544800,210,0.28,0.32,0.3,0.04,82,137.3,0.68,0.72,163
btc-updown-15m-1761544800,1761544800,225,0.25,0.3,0.275,0.05,315,127,0.7,0.75,75
btc-updown-15m-1761544800,1761544800,240,0.25,0.29,0.27,0.04,299,172,0.71,0.75,117
btc-updown-15m-1761544800,1761544800,255,0.2,0.24,0.22,0.04,103,216,0.76,0.8,0
btc-updown-15m-1761544800,1761544800,270,0.16,0.25,0.205,0.09,263,175.8,0.75,0.84,174
btc-updown-15m-1761544800,1761544800,285,0.16,0.22,0.19,0.06,329.57,168.32,0.78,0.84,285
btc-updown-15m-1761544800,1761544800,300,0.15,0.2,0.175,0.05,311.33,117.32,0.8,0.85,0
btc-updown-15m-1761544800,1761544800,315,0.18,0.19,0.185,0.01,47.5,187.72,0.81,0.82,375
btc-updown-15m-1761544800,1761544800,330,0.16,0.19,0.175,0.03,156.16,126,0.81,0.84,243
btc-updown-15m-1761544800,1761544800,345,0.19,0.23,0.21,0.04,68,196.3,0.77,0.81,59
btc-updown-15m-1761544800,1761544800,360,0.16,0.2,0.18,0.04,87.16,150.1,0.8,0.84,7
btc-updown-15m-1761544800,1761544800,375,0.17,0.2,0.185,0.03,58,139,0.8,0.83,307
btc-updown-15m-1761544800,1761544800,390,0.13,0.17,0.15,0.04,294.45,67,0.83,0.87,39
btc-updown-15m-1761544800,1761544800,405,0.13,0.15,0.14,0.02,89,149,0.85,0.87,222
btc-updown-15m-1761544800,1761544800,420,0.11,0.15,0.13,0.04,204.95,173,0.85,0.89,540
btc-updown-15m-1761544800,1761544800,435,0.17,0.18,0.175,0.01,89,185,0.82,0.83,83
btc-updown-15m-1761544800,1761544800,450,0.17,0.2,0.185,0.03,111.3,173.25,0.8,0.83,103
btc-updown-15m-1761544800,1761544800,465,0.07,0.11,0.09,0.04,163.11,64,0.89,0.93,807
btc-updown-15m-1761544800,1761544800,480,0.06,0.1,0.08,0.04,130.88,156.23,0.9,0.94,70
btc-updown-15m-1761544800,1761544800,495,0.07,0.12,0.095,0.05,118.88,88.8,0.88,0.93,259
btc-updown-15m-1761544800,1761544800,510,0.08,0.15,0.115,0.07,437.24,120.13,0.85,0.92,83
btc-updown-15m-1761544800,1761544800,525,0.07,0.14,0.105,0.07,439.01,77.8,0.86,0.93,1708
btc-updown-15m-1761544800,1761544800,540,0.06,0.1,0.08,0.04,511.24,118,0.9,0.94,310
btc-updown-15m-1761544800,1761544800,555,0.09,0.11,0.1,0.02,408.11,73,0.89,0.91,432
btc-updown-15m-1761544800,1761544800,570,0.08,0.11,0.095,0.03,335.5,82,0.89,0.92,34
btc-updown-15m-1761544800,1761544800,585,0.06,0.09,0.075,0.03,270.5,77,0.91,0.94,84
btc-updown-15m-1761544800,1761544800,600,0.06,0.11,0.085,0.05,150.37,105.5,0.89,0.94,38
btc-updown-15m-1761544800,1761544800,615,0.06,0.11,0.085,0.05,170.24,96,0.89,0.94,936
btc-updown-15m-1761544800,1761544800,630,0.07,0.11,0.09,0.04,189.24,86,0.89,0.93,668
btc-updown-15m-1761544800,1761544800,645,0.08,0.12,0.1,0.04,109.24,60,0.88,0.92,54
btc-updown-15m-1761544800,1761544800,660,0.06,0.08,0.07,0.02,153.24,52.05,0.92,0.94,307
btc-updown-15m-1761544800,1761544800,675,0.05,0.06,0.055,0.01,311,528,0.94,0.95,161
btc-updown-15m-1761544800,1761544800,690,0.02,0.05,0.035,0.03,1416.74,52,0.95,0.98,67
btc-updown-15m-1761544800,1761544800,705,0.01,0.02,0.015,0.01,1387,1095.82,0.98,0.99,513
btc-updown-15m-1761544800,1761544800,720,,0.01,,,0,1018,0.99,,466
btc-updown-15m-1761544800,1761544800,735,,0.01,,,0,1264.34,0.99,,237
btc-updown-15m-1761544800,1761544800,750,,0.01,,,0,899.55,0.99,,698
btc-updown-15m-1761544800,1761544800,765,,0.01,,,0,841.48,0.99,,2317
btc-updown-15m-1761544800,1761544800,780,,0.01,,,0,1481.47,0.99,,206
btc-updown-15m-1761544800,1761544800,795,0.02,0.03,0.025,0.01,935.44,816.48,0.97,0.98,252
btc-updown-15m-1761544800,1761544800,810,,0.01,,,0,2008.48,0.99,,820
btc-updown-15m-1761544800,1761544800,825,,0.01,,,0,2145.09,0.99,,7
btc-updown-15m-1761544800,1761544800,840,,0.01,,,0,573.28,0.99,,546
btc-updown-15m-1761544800,1761544800,845,,0.01,,,0,573.28,0.99,,860
btc-updown-15m-1761544800,1761544800,850,,0.01,,,0,493.28,0.99,,117
btc-updown-15m-1761544800,1761544800,855,,0.01,,,0,493.28,0.99,,180
btc-updown-15m-1761544800,1761544800,860,,0.01,,,0,641.04,0.99,,198
btc-updown-15m-1761544800,1761544800,865,,0.01,,,0,651.04,0.99,,287
btc-updown-15m-1761544800,1761544800,870,,0.01,,,0,651.04,0.99,,84
btc-updown-15m-1761544800,1761544800,875,,0.01,,,0,651.04,0.99,,615
btc-updown-15m-1761544800,1761544800,880,,0.01,,,0,656.95,0.99,,654
btc-updown-15m-1761544800,1761544800,885,,0.01,,,0,1482.95,0.99,,7
btc-updown-15m-1761544800,1761544800,890,,0.01,,,0,1452.95,0.99,,676
btc-updown-15m-1761544800,1761544800,895,,0.01,,,0,1584.95,0.99,,684
btc-updown-15m-1761544800,1761544800,897,,0.01,,,0,1649.95,0.99,,415
btc-updown-15m-1761544800,1761544800,899,,0.01,,,0,2677.95,0.99,,107
btc-updown-15m-1761544800,1761544800,900,,0.01,,,0,2762.04,0.99,,264
btc-updown-15m-1761549300,1761549300,0,0.52,0.54,0.53,0.02,73.42,336.35,0.46,0.48,1315
btc-updown-15m-1761549300,1761549300,15,0.51,0.58,0.545,0.07,137.46,570.4,0.42,0.49,181
btc-updown-15m-1761549300,1761549300,30,0.53,0.55,0.54,0.02,94.19,303.18,0.45,0.47,263
btc-updown-15m-1761549300,1761549300,45,0.58,0.62,0.6,0.04,117.4,313.7,0.38,0.42,14
btc-updown-15m-1761549300,1761549300,60,0.58,0.64,0.61,0.06,252.5,79.8,0.36,0.42,49
btc-updown-15m-1761549300,1761549300,75,0.58,0.62,0.6,0.04,145.1,69,0.38,0.42,691
btc-updown-15m-1761549300,1761549300,90,0.53,0.58,0.555,0.05,32.79,162,0.42,0.47,15
btc-updown-15m-1761549300,1761549300,105,0.6,0.61,0.605,0.01,117,454,0.39,0.4,16
btc-updown-15m-1761549300,1761549300,120,0.62,0.65,0.635,0.03,112,391.96,0.35,0.38,46
btc-updown-15m-1761549300,1761549300,135,0.66,0.7,0.68,0.04,146,519.6,0.3,0.34,48
btc-updown-15m-1761549300,1761549300,150,0.64,0.68,0.66,0.04,176,532.14,0.32,0.36,370
btc-updown-15m-1761549300,1761549300,165,0.6,0.65,0.625,0.05,113,775,0.35,0.4,8
btc-updown-15m-1761549300,1761549300,180,0.58,0.63,0.605,0.05,137,620,0.37,0.42,143
btc-updown-15m-1761549300,1761549300,195,0.57,0.6,0.585,0.03,60,192.9,0.4,0.43,4
btc-updown-15m-1761549300,1761549300,210,0.58,0.61,0.595,0.03,114,705.1,0.39,0.42,259
btc-updown-15m-1761549300,1761549300,225,0.56,0.61,0.585,0.05,94,585.12,0.39,0.44,454
btc-updown-15m-1761549300,1761549300,240,0.63,0.66,0.645,0.03,108,629,0.34,0.37,200
btc-updown-15m-1761549300,1761549300,255,0.62,0.67,0.645,0.05,148,539.34,0.33,0.38,191
btc-updown-15m-1761549300,1761549300,270,0.74,0.77,0.755,0.03,219,721.04,0.23,0.26,189
btc-updown-15m-1761549300,1761549300,285,0.71,0.74,0.725,0.03,94,777,0.26,0.29,197
btc-updown-15m-1761549300,1761549300,300,0.69,0.71,0.7,0.02,102,352,0.29,0.31,18
btc-updown-15m-1761549300,1761549300,315,0.68,0.72,0.7,0.04,202.3,533,0.28,0.32,5
btc-updown-15m-1761549300,1761549300,330,0.76,0.8,0.78,0.04,105.7,1087,0.2,0.24,74
btc-updown-15m-1761549300,1761549300,345,0.77,0.81,0.79,0.04,85.8,516.58,0.19,0.23,780
btc-updown-15m-1761549300,1761549300,360,0.77,0.8,0.785,0.03,116.1,750.11,0.2,0.23,565
btc-updown-15m-1761549300,1761549300,375,0.77,0.82,0.795,0.05,346.6,787.58,0.18,0.23,169
btc-updown-15m-1761549300,1761549300,390,0.71,0.76,0.735,0.05,249,813,0.24,0.29,3
btc-updown-15m-1761549300,1761549300,405,0.7,0.75,0.725,0.05,182.5,535.37,0.25,0.3,560
btc-updown-15m-1761549300,1761549300,420,0.8,0.81,0.805,0.01,101,274,0.19,0.2,1
btc-updown-15m-1761549300,1761549300,435,0.76,0.81,0.785,0.05,349.7,755,0.19,0.24,6
btc-updown-15m-1761549300,1761549300,450,0.82,0.86,0.84,0.04,259,799,0.14,0.18,9
btc-updown-15m-1761549300,1761549300,465,0.83,0.87,0.85,0.04,71,756.51,0.13,0.17,11
btc-updown-15m-1761549300,1761549300,480,0.85,0.87,0.86,0.02,461.14,1065,0.13,0.15,101
btc-updown-15m-1761549300,1761549300,495,0.87,0.9,0.885,0.03,637.71,838.49,0.1,0.13,126
btc-updown-15m-1761549300,1761549300,510,0.87,0.9,0.885,0.03,392.51,804.11,0.1,0.13,4
btc-updown-15m-1761549300,1761549300,525,0.85,0.9,0.875,0.05,377.51,549.56,0.1,0.15,106
btc-updown-15m-1761549300,1761549300,540,0.76,0.77,0.765,0.01,21.12,133.87,0.23,0.24,180
btc-updown-15m-1761549300,1761549300,555,0.65,0.69,0.67,0.04,175.12,182.1,0.31,0.35,103
btc-updown-15m-1761549300,1761549300,570,0.73,0.77,0.75,0.04,133.6,161.9,0.23,0.27,8
btc-updown-15m-1761549300,1761549300,585,0.8,0.84,0.82,0.04,43,571.25,0.16,0.2,5
btc-updown-15m-1761549300,1761549300,600,0.71,0.75,0.73,0.04,102,310.2,0.25,0.29,6
btc-updown-15m-1761549300,1761549300,615,0.83,0.87,0.85,0.04,261.1,58,0.13,0.17,71
btc-updown-15m-1761549300,1761549300,630,0.82,0.88,0.85,0.06,144,208.7,0.12,0.18,234
btc-updown-15m-1761549300,1761549300,645,0.85,0.87,0.86,0.02,76.99,120,0.13,0.15,17
btc-updown-15m-1761549300,1761549300,660,0.9,0.92,0.91,0.02,565.98,273.66,0.08,0.1,275
btc-updown-15m-1761549300,1761549300,675,0.89,0.91,0.9,0.02,540.47,344.66,0.09,0.11,1
btc-updown-15m-1761549300,1761549300,690,0.89,0.91,0.9,0.02,255.01,367,0.09,0.11,763
btc-updown-15m-1761549300,1761549300,705,0.89,0.92,0.905,0.03,263.51,132.5,0.08,0.11,432
btc-updown-15m-1761549300,1761549300,720,0.94,0.95,0.945,0.01,727.77,585,0.05,0.06,38
btc-updown-15m-1761549300,1761549300,735,0.94,0.96,0.95,0.02,737.09,744.27,0.04,0.06,22
btc-updown-15m-1761549300,1761549300,750,0.96,0.97,0.965,0.01,488.01,1346,0.03,0.04,520
btc-updown-15m-1761549300,1761549300,765,0.81,0.87,0.84,0.06,82.32,113.33,0.13,0.19,2
btc-updown-15m-1761549300,1761549300,780,0.76,0.82,0.79,0.06,56,137.6,0.18,0.24,2
btc-updown-15m-1761549300,1761549300,795,0.84,0.95,0.895,0.11,29,529,0.05,0.16,6
btc-updown-15m-1761549300,1761549300,810,0.99,,,,1537.54,0,,0.01,37
btc-updown-15m-1761549300,1761549300,825,0.98,0.99,0.985,0.01,455,110,0.01,0.02,354
btc-updown-15m-1761549300,1761549300,840,0.97,0.98,0.975,0.01,1336,195.64,0.02,0.03,0
btc-updown-15m-1761549300,1761549300,845,0.97,0.99,0.98,0.02,1125.09,692.34,0.01,0.03,386
btc-updown-15m-1761549300,1761549300,850,0.81,0.88,0.845,0.07,30,705.34,0.12,0.19,249
btc-updown-15m-1761549300,1761549300,855,0.83,0.92,0.875,0.09,19.5,328.92,0.08,0.17,669
btc-updown-15m-1761549300,1761549300,860,0.8,0.92,0.86,0.12,22.25,65.31,0.08,0.2,305
btc-updown-15m-1761549300,1761549300,865,0.75,0.83,0.79,0.08,18.99,41.4,0.17,0.25,60
btc-updown-15m-1761549300,1761549300,870,0.79,0.88,0.835,0.09,18.99,31,0.12,0.21,157
btc-updown-15m-1761549300,1761549300,875,0.76,0.9,0.83,0.14,18.99,63,0.1,0.24,100
btc-updown-15m-1761549300,1761549300,880,0.77,0.92,0.845,0.15,23.99,73,0.08,0.23,672
btc-updown-15m-1761549300,1761549300,885,0.87,0.95,0.91,0.08,45,306.56,0.05,0.13,219
btc-updown-15m-1761549300,1761549300,890,0.87,0.96,0.915,0.09,54.5,287.56,0.04,0.13,154
btc-updown-15m-1761549300,1761549300,895,0.87,0.96,0.915,0.09,90,25,0.04,0.13,38
btc-updown-15m-1761549300,1761549300,897,0.2,0.31,0.255,0.11,94,48,0.69,0.8,2
btc-updown-15m-1761549300,1761549300,899,0.2,0.24,0.22,0.04,48,243,0.76,0.8,386
btc-updown-15m-1761549300,1761549300,900,0.17,0.25,0.21,0.08,211,201,0.75,0.83,5
btc-updown-15m-1761553800,1761553800,0,0.55,0.57,0.56,0.02,1413.73,1417.86,0.43,0.45,1205
btc-updown-15m-1761553800,1761553800,15,0.76,0.8,0.78,0.04,111.8,429.06,0.2,0.24,3
btc-updown-15m-1761553800,1761553800,30,0.74,0.75,0.745,0.01,59.5,143,0.25,0.26,15
btc-updown-15m-1761553800,1761553800,45,0.74,0.77,0.755,0.03,290,83.57,0.23,0.26,19
btc-updown-15m-1761553800,1761553800,60,0.78,0.8,0.79,0.02,330,334.06,0.2,0.22,5
btc-updown-15m-1761553800,1761553800,75,0.73,0.77,0.75,0.04,140,551.5,0.23,0.27,111
btc-updown-15m-1761553800,1761553800,90,0.83,0.85,0.84,0.02,127,652.86,0.15,0.17,4
btc-updown-15m-1761553800,1761553800,105,0.84,0.88,0.86,0.04,130,627.5,0.12,0.16,72
btc-updown-15m-1761553800,1761553800,120,0.85,0.86,0.855,0.01,136,166.88,0.14,0.15,3
btc-updown-15m-1761553800,1761553800,135,0.84,0.87,0.855,0.03,140.43,894,0.13,0.16,1
btc-updown-15m-1761553800,1761553800,150,0.84,0.88,0.86,0.04,172.43,995.11,0.12,0.16,0
btc-updown-15m-1761553800,1761553800,165,0.88,0.9,0.89,0.02,120,1306.19,0.1,0.12,39
btc-updown-15m-1761553800,1761553800,180,0.87,0.9,0.885,0.03,354,1540.69,0.1,0.13,2
btc-updown-15m-1761553800,1761553800,195,0.85,0.86,0.855,0.01,375.41,49.15,0.14,0.15,65
btc-updown-15m-1761553800,1761553800,210,0.88,0.91,0.895,0.03,48,1351.34,0.09,0.12,343
btc-updown-15m-1761553800,1761553800,225,0.86,0.91,0.885,0.05,164.74,1420.84,0.09,0.14,10
btc-updown-15m-1761553800,1761553800,240,0.88,0.9,0.89,0.02,338.96,1466.81,0.1,0.12,409
btc-updown-15m-1761553800,1761553800,255,0.88,0.91,0.895,0.03,443.95,1649.5,0.09,0.12,300
btc-updown-15m-1761553800,1761553800,270,0.9,0.91,0.905,0.01,291.82,756.49,0.09,0.1,229
btc-updown-15m-1761553800,1761553800,285,0.89,0.91,0.9,0.02,381.62,733.89,0.09,0.11,1292
btc-updown-15m-1761553800,1761553800,300,0.89,0.91,0.9,0.02,262.99,736.23,0.09,0.11,997
btc-updown-15m-1761553800,1761553800,315,0.89,0.91,0.9,0.02,241.99,386.68,0.09,0.11,15
btc-updown-15m-1761553800,1761553800,330,0.9,0.91,0.905,0.01,620.99,153.99,0.09,0.1,179
btc-updown-15m-1761553800,1761553800,345,0.91,0.93,0.92,0.02,843.55,755.24,0.07,0.09,355
btc-updown-15m-1761553800,1761553800,360,0.9,0.92,0.91,0.02,902.54,674.43,0.08,0.1,131
btc-updown-15m-1761553800,1761553800,375,0.9,0.94,0.92,0.04,197.53,962.58,0.06,0.1,207
btc-updown-15m-1761553800,1761553800,390,0.9,0.94,0.92,0.04,270.53,1142.58,0.06,0.1,107
btc-updown-15m-1761553800,1761553800,405,0.9,0.93,0.915,0.03,688.5,1059.58,0.07,0.1,228
btc-updown-15m-1761553800,1761553800,420,0.89,0.91,0.9,0.02,55.27,564.5,0.09,0.11,57
btc-updown-15m-1761553800,1761553800,435,0.87,0.91,0.89,0.04,380.11,819.54,0.09,0.13,158
btc-updown-15m-1761553800,1761553800,450,0.89,0.91,0.9,0.02,57,548,0.09,0.11,34
btc-updown-15m-1761553800,1761553800,465,0.88,0.92,0.9,0.04,73.44,750.58,0.08,0.12,1931
btc-updown-15m-1761553800,1761553800,480,0.87,0.91,0.89,0.04,599.11,667.5,0.09,0.13,282
btc-updown-15m-1761553800,1761553800,495,0.88,0.92,0.9,0.04,115.39,999.58,0.08,0.12,370
btc-updown-15m-1761553800,1761553800,510,0.9,0.93,0.915,0.03,101.27,733.5,0.07,0.1,31
btc-updown-15m-1761553800,1761553800,525,0.93,0.94,0.935,0.01,79.92,636,0.06,0.07,996
btc-updown-15m-1761553800,1761553800,540,0.93,0.94,0.935,0.01,478.82,275.8,0.06,0.07,229
btc-updown-15m-1761553800,1761553800,555,0.93,0.95,0.94,0.02,443.82,1008.43,0.05,0.07,973
btc-updown-15m-1761553800,1761553800,570,0.93,0.95,0.94,0.02,587.04,602.24,0.05,0.07,131
btc-updown-15m-1761553800,1761553800,585,0.94,0.96,0.95,0.02,377.09,1214.43,0.04,0.06,8
btc-updown-15m-1761553800,1761553800,600,0.94,0.97,0.955,0.03,430.55,1831.75,0.03,0.06,592
btc-updown-15m-1761553800,1761553800,615,0.93,0.97,0.95,0.04,659.9,1685.85,0.03,0.07,286
btc-updown-15m-1761553800,1761553800,630,0.92,0.95,0.935,0.03,855.62,667.81,0.05,0.08,14
btc-updown-15m-1761553800,1761553800,645,0.95,0.98,0.965,0.03,431.69,1562.99,0.02,0.05,181
btc-updown-15m-1761553800,1761553800,660,0.91,0.94,0.925,0.03,550.42,859.3,0.06,0.09,4
btc-updown-15m-1761553800,1761553800,675,0.92,0.94,0.93,0.02,58,773,0.06,0.08,24
btc-updown-15m-1761553800,1761553800,690,0.93,0.96,0.945,0.03,227,544,0.04,0.07,54
btc-updown-15m-1761553800,1761553800,705,0.96,0.98,0.97,0.02,75,1394.99,0.02,0.04,445
btc-updown-15m-1761553800,1761553800,720,0.97,0.99,0.98,0.02,201.42,671.99,0.01,0.03,307
btc-updown-15m-1761553800,1761553800,735,0.98,0.99,0.985,0.01,232.8,22.52,0.01,0.02,22
btc-updown-15m-1761553800,1761553800,750,0.98,0.99,0.985,0.01,328.44,12.8,0.01,0.02,1328
btc-updown-15m-1761553800,1761553800,765,0.98,,,,337.64,0,,0.02,2370
btc-updown-15m-1761553800,1761553800,780,0.99,,,,259.15,0,,0.01,2407
btc-updown-15m-1761553800,1761553800,795,0.99,,,,817.05,0,,0.01,192
btc-updown-15m-1761553800,1761553800,810,0.99,,,,723.15,0,,0.01,456
btc-updown-15m-1761553800,1761553800,825,0.99,,,,703.3,0,,0.01,368
btc-updown-15m-1761553800,1761553800,840,0.99,,,,3929.41,0,,0.01,777
btc-updown-15m-1761553800,1761553800,845,0.99,,,,3929.41,0,,0.01,2943
btc-updown-15m-1761553800,1761553800,850,0.99,,,,3912.57,0,,0.01,244
btc-updown-15m-1761553800,1761553800,855,0.99,,,,3912.57,0,,0.01,1778
btc-updown-15m-1761553800,1761553800,860,0.99,,,,4025.57,0,,0.01,743
btc-updown-15m-1761553800,1761553800,865,0.99,,,,4057.57,0,,0.01,1
btc-updown-15m-1761553800,1761553800,870,0.99,,,,4057.57,0,,0.01,349
btc-updown-15m-1761553800,1761553800,875,0.99,,,,4030.57,0,,0.01,411
btc-updown-15m-1761553800,1761553800,880,0.99,,,,4030.57,0,,0.01,1464
btc-updown-15m-1761553800,1761553800,885,0.99,,,,4062.57,0,,0.01,996
btc-updown-15m-1761553800,1761553800,890,0.99,,,,4173.51,0,,0.01,2845
btc-updown-15m-1761553800,1761553800,895,0.99,,,,4198.51,0,,0.01,666
btc-updown-15m-1761553800,1761553800,897,0.99,,,,4198.51,0,,0.01,2666
btc-updown-15m-1761553800,1761553800,899,0.99,,,,4306.51,0,,0.01,58
btc-updown-15m-1761553800,1761553800,900,0.99,,,,4306.51,0,,0.01,1058
btc-updown-15m-1761566400,1761566400,0,0.52,0.53,0.525,0.01,105.1,400.11,0.47,0.48,480
btc-updown-15m-1761566400,1761566400,15,0.46,0.48,0.47,0.02,547.8,107,0.52,0.54,5
btc-updown-15m-1761566400,1761566400,30,0.47,0.5,0.485,0.03,674.6,40,0.5,0.53,221
btc-updown-15m-1761566400,1761566400,45,0.47,0.51,0.49,0.04,746.5,728.6,0.49,0.53,24
btc-updown-15m-1761566400,1761566400,60,0.43,0.48,0.455,0.05,270,420,0.52,0.57,502
btc-updown-15m-1761566400,1761566400,75,0.45,0.49,0.47,0.04,324,248.95,0.51,0.55,75
btc-updown-15m-1761566400,1761566400,90,0.56,0.58,0.57,0.02,436.91,163.6,0.42,0.44,195
btc-updown-15m-1761566400,1761566400,105,0.5,0.51,0.505,0.01,760,137,0.49,0.5,70
btc-updown-15m-1761566400,1761566400,120,0.4,0.46,0.43,0.06,718.5,210,0.54,0.6,31
btc-updown-15m-1761566400,1761566400,135,0.38,0.4,0.39,0.02,576.9,55,0.6,0.62,65
btc-updown-15m-1761566400,1761566400,150,0.32,0.35,0.335,0.03,416.1,237.39,0.65,0.68,0
btc-updown-15m-1761566400,1761566400,165,0.36,0.4,0.38,0.04,165.61,512.5,0.6,0.64,1020
btc-updown-15m-1761566400,1761566400,180,0.42,0.46,0.44,0.04,300,63.5,0.54,0.58,116
btc-updown-15m-1761566400,1761566400,195,0.66,0.69,0.675,0.03,728,173.56,0.31,0.34,31
btc-updown-15m-1761566400,1761566400,210,0.53,0.55,0.54,0.02,25,326.72,0.45,0.47,6
btc-updown-15m-1761566400,1761566400,225,0.5,0.55,0.525,0.05,324,97,0.45,0.5,7
btc-updown-15m-1761566400,1761566400,240,0.56,0.58,0.57,0.02,311.5,46,0.42,0.44,0
btc-updown-15m-1761566400,1761566400,255,0.51,0.55,0.53,0.04,623.03,62,0.45,0.49,9
btc-updown-15m-1761566400,1761566400,270,0.48,0.5,0.49,0.02,503.5,34,0.5,0.52,4
btc-updown-15m-1761566400,1761566400,285,0.44,0.49,0.465,0.05,439.5,169,0.51,0.56,6
btc-updown-15m-1761566400,1761566400,300,0.43,0.47,0.45,0.04,268,208.33,0.53,0.57,28
btc-updown-15m-1761566400,1761566400,315,0.32,0.33,0.325,0.01,855.5,173.57,0.67,0.68,0
btc-updown-15m-1761566400,1761566400,330,0.32,0.35,0.335,0.03,228,293,0.65,0.68,164
btc-updown-15m-1761566400,1761566400,345,0.36,0.41,0.385,0.05,745,129.82,0.59,0.64,1
btc-updown-15m-1761566400,1761566400,360,0.37,0.44,0.405,0.07,489,545,0.56,0.63,355
btc-updown-15m-1761566400,1761566400,375,0.35,0.4,0.375,0.05,1169.5,36,0.6,0.65,152
btc-updown-15m-1761566400,1761566400,390,0.36,0.39,0.375,0.03,489.5,65,0.61,0.64,15
btc-updown-15m-1761566400,1761566400,405,0.31,0.36,0.335,0.05,1814.76,342,0.64,0.69,178
btc-updown-15m-1761566400,1761566400,420,0.3,0.35,0.325,0.05,1569.18,871.84,0.65,0.7,322
btc-updown-15m-1761566400,1761566400,435,0.32,0.37,0.345,0.05,2075.39,297,0.63,0.68,204
btc-updown-15m-1761566400,1761566400,450,0.3,0.36,0.33,0.06,1491.89,1102,0.64,0.7,161
btc-updown-15m-1761566400,1761566400,465,0.3,0.33,0.315,0.03,1371.96,1107.9,0.67,0.7,7
btc-updown-15m-1761566400,1761566400,480,0.18,0.22,0.2,0.04,360.5,585.72,0.78,0.82,23
btc-updown-15m-1761566400,1761566400,495,0.12,0.15,0.135,0.03,631.9,225.88,0.85,0.88,1
btc-updown-15m-1761566400,1761566400,510,0.1,0.13,0.115,0.03,994.7,352.58,0.87,0.9,3389
btc-updown-15m-1761566400,1761566400,525,0.09,0.1,0.095,0.01,706.5,367.74,0.9,0.91,634
btc-updown-15m-1761566400,1761566400,540,0.09,0.12,0.105,0.03,792.5,77,0.88,0.91,280
btc-updown-15m-1761566400,1761566400,555,0.07,0.1,0.085,0.03,320.51,58.61,0.9,0.93,21
btc-updown-15m-1761566400,1761566400,570,0.07,0.09,0.08,0.02,709.56,1206.3,0.91,0.93,59
btc-updown-15m-1761566400,1761566400,585,0.07,0.1,0.085,0.03,568.53,1114.12,0.9,0.93,95
btc-updown-15m-1761566400,1761566400,600,0.07,0.08,0.075,0.01,308.67,601.91,0.92,0.93,205
btc-updown-15m-1761566400,1761566400,615,0.08,0.1,0.09,0.02,279.9,606.6,0.9,0.92,8
btc-updown-15m-1761566400,1761566400,630,0.15,0.2,0.175,0.05,538.2,38,0.8,0.85,4
btc-updown-15m-1761566400,1761566400,645,0.08,0.12,0.1,0.04,640.91,68.1,0.88,0.92,462
btc-updown-15m-1761566400,1761566400,660,0.07,0.1,0.085,0.03,602,492.86,0.9,0.93,13
btc-updown-15m-1761566400,1761566400,675,0.07,0.09,0.08,0.02,678,26.55,0.91,0.93,262
btc-updown-15m-1761566400,1761566400,690,0.06,0.1,0.08,0.04,964.9,353.32,0.9,0.94,33
btc-updown-15m-1761566400,1761566400,705,0.12,0.16,0.14,0.04,267.11,43,0.84,0.88,286
btc-updown-15m-1761566400,1761566400,720,0.04,0.08,0.06,0.04,1477,46,0.92,0.96,9
btc-updown-15m-1761566400,1761566400,735,0.03,0.06,0.045,0.03,1450.97,31.37,0.94,0.97,7
btc-updown-15m-1761566400,1761566400,750,0.02,0.08,0.05,0.06,2382.45,134.99,0.92,0.98,25
btc-updown-15m-1761566400,1761566400,765,0.05,0.06,0.055,0.01,1849.39,120.81,0.94,0.95,896
btc-updown-15m-1761566400,1761566400,780,0.05,0.08,0.065,0.03,629.05,158.95,0.92,0.95,1
btc-updown-15m-1761566400,1761566400,795,0.05,0.1,0.075,0.05,447,57.26,0.9,0.95,480
btc-updown-15m-1761566400,1761566400,810,0.05,0.09,0.07,0.04,351.43,546.65,0.91,0.95,30
btc-updown-15m-1761566400,1761566400,825,0.04,0.05,0.045,0.01,1645.75,550.65,0.95,0.96,22
btc-updown-15m-1761566400,1761566400,840,0.02,0.1,0.06,0.08,1120.37,548.65,0.9,0.98,71
btc-updown-15m-1761566400,1761566400,845,0.01,0.1,0.055,0.09,303.89,578.65,0.9,0.99,106
btc-updown-15m-1761566400,1761566400,850,0.01,0.06,0.035,0.05,25,62,0.94,0.99,165
btc-updown-15m-1761566400,1761566400,855,0.01,0.03,0.02,0.02,55,30,0.97,0.99,52
btc-updown-15m-1761566400,1761566400,860,0.02,0.04,0.03,0.02,115,39,0.96,0.98,220
btc-updown-15m-1761566400,1761566400,865,0.01,0.04,0.025,0.03,82.87,80,0.96,0.99,443
btc-updown-15m-1761566400,1761566400,870,,0.01,,,0,1245.38,0.99,,17
btc-updown-15m-1761566400,1761566400,875,,0.01,,,0,4607.39,0.99,,139
btc-updown-15m-1761566400,1761566400,880,,0.01,,,0,3836.24,0.99,,673
btc-updown-15m-1761566400,1761566400,885,,0.01,,,0,4421.74,0.99,,150
btc-updown-15m-1761566400,1761566400,890,,0.01,,,0,4000.87,0.99,,804
btc-updown-15m-1761566400,1761566400,895,,0.01,,,0,4900.87,0.99,,3017
btc-updown-15m-1761566400,1761566400,897,,0.01,,,0,4883.23,0.99,,540
btc-updown-15m-1761566400,1761566400,899,,0.01,,,0,4863.88,0.99,,63
btc-updown-15m-1761566400,1761566400,900,,0.01,,,0,4919.88,0.99,,859
btc-updown-15m-1761570900,1761570900,0,0.48,0.5,0.49,0.02,333,472.91,0.5,0.52,781
btc-updown-15m-1761570900,1761570900,15,0.49,0.51,0.5,0.02,79.5,132.08,0.49,0.51,69
btc-updown-15m-1761570900,1761570900,30,0.53,0.56,0.545,0.03,213.1,64.71,0.44,0.47,279
btc-updown-15m-1761570900,1761570900,45,0.51,0.55,0.53,0.04,513.8,55,0.45,0.49,21
btc-updown-15m-1761570900,1761570900,60,0.58,0.6,0.59,0.02,40,82.51,0.4,0.42,95
btc-updown-15m-1761570900,1761570900,75,0.59,0.62,0.605,0.03,163,422.58,0.38,0.41,64
btc-updown-15m-1761570900,1761570900,90,0.62,0.68,0.65,0.06,195,128,0.32,0.38,81
btc-updown-15m-1761570900,1761570900,105,0.68,0.72,0.7,0.04,91,407.8,0.28,0.32,27
btc-updown-15m-1761570900,1761570900,120,0.71,0.76,0.735,0.05,188.8,415.9,0.24,0.29,22
btc-updown-15m-1761570900,1761570900,135,0.79,0.82,0.805,0.03,239.81,57.9,0.18,0.21,6
btc-updown-15m-1761570900,1761570900,150,0.81,0.85,0.83,0.04,1153.67,49.1,0.15,0.19,100
btc-updown-15m-1761570900,1761570900,165,0.84,0.87,0.855,0.03,152,261,0.13,0.16,76
btc-updown-15m-1761570900,1761570900,180,0.83,0.88,0.855,0.05,672.32,3756,0.12,0.17,84
btc-updown-15m-1761570900,1761570900,195,0.81,0.84,0.825,0.03,550,322.2,0.16,0.19,204
btc-updown-15m-1761570900,1761570900,210,0.7,0.75,0.725,0.05,192.5,79,0.25,0.3,0
btc-updown-15m-1761570900,1761570900,225,0.7,0.78,0.74,0.08,166,1047.5,0.22,0.3,1982
btc-updown-15m-1761570900,1761570900,240,0.68,0.71,0.695,0.03,169,30,0.29,0.32,86
btc-updown-15m-1761570900,1761570900,255,0.73,0.76,0.745,0.03,402,358.8,0.24,0.27,38
btc-updown-15m-1761570900,1761570900,270,0.74,0.78,0.76,0.04,353,1334.2,0.22,0.26,32
btc-updown-15m-1761570900,1761570900,285,0.76,0.78,0.77,0.02,49,843,0.22,0.24,40
btc-updown-15m-1761570900,1761570900,300,0.76,0.79,0.775,0.03,63,1250.02,0.21,0.24,87
btc-updown-15m-1761570900,1761570900,315,0.68,0.72,0.7,0.04,214.5,78.8,0.28,0.32,8
btc-updown-15m-1761570900,1761570900,330,0.68,0.7,0.69,0.02,383,92,0.3,0.32,46
btc-updown-15m-1761570900,1761570900,345,0.69,0.72,0.705,0.03,402,791.31,0.28,0.31,52
btc-updown-15m-1761570900,1761570900,360,0.69,0.73,0.71,0.04,308.43,810.72,0.27,0.31,25
btc-updown-15m-1761570900,1761570900,375,0.65,0.66,0.655,0.01,103.99,301,0.34,0.35,2
btc-updown-15m-1761570900,1761570900,390,0.66,0.71,0.685,0.05,40,542,0.29,0.34,4
btc-updown-15m-1761570900,1761570900,405,0.7,0.74,0.72,0.04,82,290.1,0.26,0.3,87
btc-updown-15m-1761570900,1761570900,420,0.63,0.69,0.66,0.06,232.49,289,0.31,0.37,51
btc-updown-15m-1761570900,1761570900,435,0.63,0.66,0.645,0.03,162,60,0.34,0.37,83
btc-updown-15m-1761570900,1761570900,450,0.53,0.57,0.55,0.04,94,60,0.43,0.47,16
btc-updown-15m-1761570900,1761570900,465,0.56,0.61,0.585,0.05,113,224.8,0.39,0.44,94
btc-updown-15m-1761570900,1761570900,480,0.58,0.61,0.595,0.03,53,132.8,0.39,0.42,30
btc-updown-15m-1761570900,1761570900,495,0.51,0.55,0.53,0.04,438.5,146,0.45,0.49,80
btc-updown-15m-1761570900,1761570900,510,0.48,0.51,0.495,0.03,77.66,160,0.49,0.52,3
btc-updown-15m-1761570900,1761570900,525,0.42,0.45,0.435,0.03,243,137.55,0.55,0.58,43
btc-updown-15m-1761570900,1761570900,540,0.44,0.48,0.46,0.04,38,140.12,0.52,0.56,616
btc-updown-15m-1761570900,1761570900,555,0.54,0.56,0.55,0.02,22,186.5,0.44,0.46,87
btc-updown-15m-1761570900,1761570900,570,0.51,0.57,0.54,0.06,65,169.5,0.43,0.49,29
btc-updown-15m-1761570900,1761570900,585,0.51,0.55,0.53,0.04,68,49.8,0.45,0.49,59
btc-updown-15m-1761570900,1761570900,600,0.49,0.55,0.52,0.06,93,195.98,0.45,0.51,36
btc-updown-15m-1761570900,1761570900,615,0.5,0.54,0.52,0.04,105,167.2,0.46,0.5,9
btc-updown-15m-1761570900,1761570900,630,0.55,0.59,0.57,0.04,62,84,0.41,0.45,9
btc-updown-15m-1761570900,1761570900,645,0.53,0.6,0.565,0.07,87,719.3,0.4,0.47,74
btc-updown-15m-1761570900,1761570900,660,0.53,0.59,0.56,0.06,133,147.9,0.41,0.47,276
btc-updown-15m-1761570900,1761570900,675,0.56,0.6,0.58,0.04,293,155.4,0.4,0.44,1029
btc-updown-15m-1761570900,1761570900,690,0.58,0.62,0.6,0.04,424.76,181.4,0.38,0.42,23
btc-updown-15m-1761570900,1761570900,705,0.55,0.59,0.57,0.04,122.55,168.7,0.41,0.45,20
btc-updown-15m-1761570900,1761570900,720,0.61,0.63,0.62,0.02,904.5,147,0.37,0.39,14
btc-updown-15m-1761570900,1761570900,735,0.67,0.72,0.695,0.05,42,39.7,0.28,0.33,80
btc-updown-15m-1761570900,1761570900,750,0.74,0.79,0.765,0.05,61,71,0.21,0.26,0
btc-updown-15m-1761570900,1761570900,765,0.7,0.72,0.71,0.02,39,508.91,0.28,0.3,94
btc-updown-15m-1761570900,1761570900,780,0.66,0.75,0.705,0.09,43,760,0.25,0.34,202
btc-updown-15m-1761570900,1761570900,795,0.53,0.58,0.555,0.05,26,55,0.42,0.47,4
btc-updown-15m-1761570900,1761570900,810,0.42,0.44,0.43,0.02,755,24,0.56,0.58,30
btc-updown-15m-1761570900,1761570900,825,0.19,0.25,0.22,0.06,23.98,27.59,0.75,0.81,75
btc-updown-15m-1761570900,1761570900,840,0.19,0.28,0.235,0.09,42.31,46,0.72,0.81,422
btc-updown-15m-1761570900,1761570900,845,0.14,0.2,0.17,0.06,24,21,0.8,0.86,30
btc-updown-15m-1761570900,1761570900,850,0.12,0.17,0.145,0.05,111.86,142.21,0.83,0.88,66
btc-updown-15m-1761570900,1761570900,855,0.07,0.17,0.12,0.1,840.83,198.2,0.83,0.93,436
btc-updown-15m-1761570900,1761570900,860,0.13,0.19,0.16,0.06,761.75,85,0.81,0.87,11
btc-updown-15m-1761570900,1761570900,865,0.19,0.29,0.24,0.1,545,36,0.71,0.81,84
btc-updown-15m-1761570900,1761570900,870,0.13,0.35,0.24,0.22,623.8,528,0.65,0.87,411
btc-updown-15m-1761570900,1761570900,875,0.17,0.28,0.225,0.11,786,58,0.72,0.83,95
btc-updown-15m-1761570900,1761570900,880,0.34,0.38,0.36,0.04,743,47,0.62,0.66,17
btc-updown-15m-1761570900,1761570900,885,0.83,0.84,0.835,0.01,51.27,25,0.16,0.17,458
btc-updown-15m-1761570900,1761570900,890,0.58,0.84,0.71,0.26,30,25,0.16,0.42,328
btc-updown-15m-1761570900,1761570900,895,0.59,0.82,0.705,0.23,131,15.05,0.18,0.41,126
btc-updown-15m-1761570900,1761570900,897,0.6,0.8,0.7,0.2,131,52.05,0.2,0.4,254
btc-updown-15m-1761570900,1761570900,899,0.78,0.98,0.88,0.2,121,322.79,0.02,0.22,38
btc-updown-15m-1761570900,1761570900,900,0.79,0.86,0.825,0.07,115.28,338.79,0.14,0.21,8
btc-updown-15m-1761575400,1761575400,0,,,,,0,0,,,
btc-updown-15m-1761575400,1761575400,15,0.42,0.45,0.435,0.03,404.38,462,0.55,0.58,363
btc-updown-15m-1761575400,1761575400,30,0.45,0.48,0.465,0.03,905.7,123.32,0.52,0.55,9
btc-updown-15m-1761575400,1761575400,45,0.44,0.48,0.46,0.04,921.78,140,0.52,0.56,35
btc-updown-15m-1761575400,1761575400,60,0.42,0.45,0.435,0.03,684.18,490,0.55,0.58,41
btc-updown-15m-1761575400,1761575400,75,0.39,0.41,0.4,0.02,644.42,200,0.59,0.61,226
btc-updown-15m-1761575400,1761575400,90,0.34,0.38,0.36,0.04,922.83,245,0.62,0.66,44
btc-updown-15m-1761575400,1761575400,105,0.34,0.36,0.35,0.02,835.63,215,0.64,0.66,174
btc-updown-15m-1761575400,1761575400,120,0.32,0.35,0.335,0.03,883.58,165,0.65,0.68,3472
btc-updown-15m-1761575400,1761575400,135,0.2,0.23,0.215,0.03,994.6,245,0.77,0.8,298
btc-updown-15m-1761575400,1761575400,150,0.22,0.25,0.235,0.03,825.83,270,0.75,0.78,16
btc-updown-15m-1761575400,1761575400,165,0.25,0.29,0.27,0.04,682.82,210,0.71,0.75,127
btc-updown-15m-1761575400,1761575400,180,0.27,0.28,0.275,0.01,861.9,40,0.72,0.73,206
btc-updown-15m-1761575400,1761575400,195,0.28,0.32,0.3,0.04,584,250,0.68,0.72,151
btc-updown-15m-1761575400,1761575400,210,0.38,0.42,0.4,0.04,410.5,351,0.58,0.62,90
btc-updown-15m-1761575400,1761575400,225,0.4,0.44,0.42,0.04,700.38,607.69,0.56,0.6,658
btc-updown-15m-1761575400,1761575400,240,0.4,0.43,0.415,0.03,599.38,143,0.57,0.6,25
btc-updown-15m-1761575400,1761575400,255,0.37,0.41,0.39,0.04,1092,231,0.59,0.63,61
btc-updown-15m-1761575400,1761575400,270,0.38,0.44,0.41,0.06,834.2,508,0.56,0.62,42
btc-updown-15m-1761575400,1761575400,285,0.35,0.39,0.37,0.04,870.9,495,0.61,0.65,131
btc-updown-15m-1761575400,1761575400,300,0.37,0.42,0.395,0.05,787.06,316,0.58,0.63,27
btc-updown-15m-1761575400,1761575400,315,0.38,0.41,0.395,0.03,869.51,57,0.59,0.62,9
btc-updown-15m-1761575400,1761575400,330,0.38,0.43,0.405,0.05,788.04,296,0.57,0.62,86
btc-updown-15m-1761575400,1761575400,345,0.36,0.39,0.375,0.03,313.04,464,0.61,0.64,239
btc-updown-15m-1761575400,1761575400,360,0.28,0.31,0.295,0.03,831.8,298,0.69,0.72,145
btc-updown-15m-1761575400,1761575400,375,0.27,0.3,0.285,0.03,829.93,200,0.7,0.73,909
btc-updown-15m-1761575400,1761575400,390,0.29,0.33,0.31,0.04,788.93,185.22,0.67,0.71,198
btc-updown-15m-1761575400,1761575400,405,0.32,0.36,0.34,0.04,856.94,203,0.64,0.68,140
btc-updown-15m-1761575400,1761575400,420,0.32,0.36,0.34,0.04,768.8,105,0.64,0.68,266
btc-updown-15m-1761575400,1761575400,435,0.44,0.48,0.46,0.04,362,168,0.52,0.56,9
btc-updown-15m-1761575400,1761575400,450,0.4,0.44,0.42,0.04,355.2,104.5,0.56,0.6,0
btc-updown-15m-1761575400,1761575400,465,0.39,0.43,0.41,0.04,780,148,0.57,0.61,625
btc-updown-15m-1761575400,1761575400,480,0.3,0.33,0.315,0.03,767,112,0.67,0.7,529
btc-updown-15m-1761575400,1761575400,495,0.25,0.28,0.265,0.03,269.86,478,0.72,0.75,120
btc-updown-15m-1761575400,1761575400,510,0.24,0.28,0.26,0.04,757.97,399,0.72,0.76,98
btc-updown-15m-1761575400,1761575400,525,0.4,0.46,0.43,0.06,594,1025.5,0.54,0.6,375
btc-updown-15m-1761575400,1761575400,540,0.37,0.4,0.385,0.03,866.3,40,0.6,0.63,137
btc-updown-15m-1761575400,1761575400,555,0.43,0.46,0.445,0.03,576.1,485,0.54,0.57,18
btc-updown-15m-1761575400,1761575400,570,0.49,0.54,0.515,0.05,90,976.5,0.46,0.51,818
btc-updown-15m-1761575400,1761575400,585,0.46,0.49,0.475,0.03,262.48,628.86,0.51,0.54,240
btc-updown-15m-1761575400,1761575400,600,0.46,0.49,0.475,0.03,468.38,641.91,0.51,0.54,16
btc-updown-15m-1761575400,1761575400,615,0.45,0.49,0.47,0.04,405,872.25,0.51,0.55,13
btc-updown-15m-1761575400,1761575400,630,0.42,0.44,0.43,0.02,538,330,0.56,0.58,25
btc-updown-15m-1761575400,1761575400,645,0.61,0.64,0.625,0.03,83,538.8,0.36,0.39,1
btc-updown-15m-1761575400,1761575400,660,0.55,0.58,0.565,0.03,91,92.3,0.42,0.45,9
btc-updown-15m-1761575400,1761575400,675,0.65,0.7,0.675,0.05,410,833,0.3,0.35,294
btc-updown-15m-1761575400,1761575400,690,0.64,0.71,0.675,0.07,453,690.01,0.29,0.36,80
btc-updown-15m-1761575400,1761575400,705,0.65,0.71,0.68,0.06,140,570.59,0.29,0.35,23
btc-updown-15m-1761575400,1761575400,720,0.67,0.72,0.695,0.05,62,912.3,0.28,0.33,42
btc-updown-15m-1761575400,1761575400,735,0.59,0.61,0.6,0.02,84.99,325,0.39,0.41,6
btc-updown-15m-1761575400,1761575400,750,0.43,0.44,0.435,0.01,323.1,409,0.56,0.57,3134
btc-updown-15m-1761575400,1761575400,765,0.37,0.44,0.405,0.07,608.83,114.5,0.56,0.63,132
btc-updown-15m-1761575400,1761575400,780,0.38,0.47,0.425,0.09,427.4,426.3,0.53,0.62,29
btc-updown-15m-1761575400,1761575400,795,0.42,0.47,0.445,0.05,86,400,0.53,0.58,19
btc-updown-15m-1761575400,1761575400,810,0.49,0.55,0.52,0.06,81,1044,0.45,0.51,193
btc-updown-15m-1761575400,1761575400,825,0.37,0.42,0.395,0.05,91,110,0.58,0.63,5
btc-updown-15m-1761575400,1761575400,840,0.06,0.11,0.085,0.05,481.6,81.51,0.89,0.94,8
btc-updown-15m-1761575400,1761575400,845,0.1,0.14,0.12,0.04,161,52.8,0.86,0.9,56
btc-updown-15m-1761575400,1761575400,850,0.03,0.05,0.04,0.02,1488.72,105,0.95,0.97,29
btc-updown-15m-1761575400,1761575400,855,0.01,0.03,0.02,0.02,259.81,188.13,0.97,0.99,30
btc-updown-15m-1761575400,1761575400,860,0.01,0.04,0.025,0.03,63.8,726,0.96,0.99,181
btc-updown-15m-1761575400,1761575400,865,,0.01,,,0,217.77,0.99,,270
btc-updown-15m-1761575400,1761575400,870,,0.01,,,0,892.76,0.99,,270
btc-updown-15m-1761575400,1761575400,875,,0.01,,,0,2777.32,0.99,,224
btc-updown-15m-1761575400,1761575400,880,,0.01,,,0,6730.84,0.99,,221
btc-updown-15m-1761575400,1761575400,885,,0.01,,,0,6702.84,0.99,,286
btc-updown-15m-1761575400,1761575400,890,,0.01,,,0,6702.84,0.99,,577
btc-updown-15m-1761575400,1761575400,895,,0.01,,,0,6602.84,0.99,,271
btc-updown-15m-1761575400,1761575400,897,,0.01,,,0,6602.84,0.99,,912
btc-updown-15m-1761575400,1761575400,899,,0.01,,,0,6602.84,0.99,,326
btc-updown-15m-1761575400,1761575400,900,,0.01,,,0,6602.84,0.99,,1326
btc-updown-15m-1761579000,1761579000,0,0.48,0.5,0.49,0.02,323.45,532.01,0.5,0.52,861
btc-updown-15m-1761579000,1761579000,15,0.45,0.49,0.47,0.04,321.68,425.5,0.51,0.55,213
btc-updown-15m-1761579000,1761579000,30,0.45,0.49,0.47,0.04,540.67,611.5,0.51,0.55,371
btc-updown-15m-1761579000,1761579000,45,0.46,0.5,0.48,0.04,307.17,883.41,0.5,0.54,16
btc-updown-15m-1761579000,1761579000,60,0.49,0.5,0.495,0.01,411,498.41,0.5,0.51,67
btc-updown-15m-1761579000,1761579000,75,0.49,0.5,0.495,0.01,480.2,1082.41,0.5,0.51,126
btc-updown-15m-1761579000,1761579000,90,0.53,0.55,0.54,0.02,376,76.36,0.45,0.47,981
btc-updown-15m-1761579000,1761579000,105,0.64,0.67,0.655,0.03,176,624.51,0.33,0.36,234
btc-updown-15m-1761579000,1761579000,120,0.55,0.58,0.565,0.03,85,418,0.42,0.45,18
btc-updown-15m-1761579000,1761579000,135,0.52,0.54,0.53,0.02,293.03,706,0.46,0.48,0
btc-updown-15m-1761579000,1761579000,150,0.49,0.52,0.505,0.03,253.03,315,0.48,0.51,17
btc-updown-15m-1761579000,1761579000,165,0.49,0.5,0.495,0.01,36.44,130,0.5,0.51,68
btc-updown-15m-1761579000,1761579000,180,0.48,0.49,0.485,0.01,96,100,0.51,0.52,87
btc-updown-15m-1761579000,1761579000,195,0.63,0.67,0.65,0.04,134.5,618,0.33,0.37,6
btc-updown-15m-1761579000,1761579000,210,0.67,0.7,0.685,0.03,116,381,0.3,0.33,21
btc-updown-15m-1761579000,1761579000,225,0.62,0.66,0.64,0.04,416.5,138,0.34,0.38,165
btc-updown-15m-1761579000,1761579000,240,0.62,0.66,0.64,0.04,690.5,19,0.34,0.38,2
btc-updown-15m-1761579000,1761579000,255,0.52,0.54,0.53,0.02,29,298,0.46,0.48,379
btc-updown-15m-1761579000,1761579000,270,0.48,0.51,0.495,0.03,56.1,93,0.49,0.52,2
btc-updown-15m-1761579000,1761579000,285,0.5,0.52,0.51,0.02,217.27,579,0.48,0.5,10
btc-updown-15m-1761579000,1761579000,300,0.48,0.49,0.485,0.01,249.27,682.21,0.51,0.52,251
btc-updown-15m-1761579000,1761579000,315,0.43,0.45,0.44,0.02,628.6,164.22,0.55,0.57,38
btc-updown-15m-1761579000,1761579000,330,0.48,0.51,0.495,0.03,355,275,0.49,0.52,46
btc-updown-15m-1761579000,1761579000,345,0.33,0.34,0.335,0.01,633.6,272.83,0.66,0.67,1
btc-updown-15m-1761579000,1761579000,360,0.25,0.28,0.265,0.03,472.75,277.75,0.72,0.75,21
btc-updown-15m-1761579000,1761579000,375,0.24,0.27,0.255,0.03,311,47,0.73,0.76,42
btc-updown-15m-1761579000,1761579000,390,0.27,0.31,0.29,0.04,68,191,0.69,0.73,118
btc-updown-15m-1761579000,1761579000,405,0.26,0.29,0.275,0.03,413.23,117,0.71,0.74,93
btc-updown-15m-1761579000,1761579000,420,0.27,0.31,0.29,0.04,690,124,0.69,0.73,151
btc-updown-15m-1761579000,1761579000,435,0.37,0.38,0.375,0.01,107,75.45,0.62,0.63,197
btc-updown-15m-1761579000,1761579000,450,0.34,0.36,0.35,0.02,947.75,15,0.64,0.66,13
btc-updown-15m-1761579000,1761579000,465,0.36,0.38,0.37,0.02,374,53,0.62,0.64,72
btc-updown-15m-1761579000,1761579000,480,0.33,0.36,0.345,0.03,831,153,0.64,0.67,45
btc-updown-15m-1761579000,1761579000,495,0.32,0.37,0.345,0.05,536.53,182,0.63,0.68,163
btc-updown-15m-1761579000,1761579000,510,0.21,0.22,0.215,0.01,88,17,0.78,0.79,2
btc-updown-15m-1761579000,1761579000,525,0.23,0.28,0.255,0.05,656.6,134.39,0.72,0.77,270
btc-updown-15m-1761579000,1761579000,540,0.23,0.27,0.25,0.04,900,41,0.73,0.77,9
btc-updown-15m-1761579000,1761579000,555,0.35,0.41,0.38,0.06,656,603.5,0.59,0.65,2
btc-updown-15m-1761579000,1761579000,570,0.39,0.4,0.395,0.01,128.91,182,0.6,0.61,11
btc-updown-15m-1761579000,1761579000,585,0.39,0.4,0.395,0.01,20.91,437,0.6,0.61,12
btc-updown-15m-1761579000,1761579000,600,0.37,0.4,0.385,0.03,46,423,0.6,0.63,40
btc-updown-15m-1761579000,1761579000,615,0.23,0.26,0.245,0.03,49.24,120,0.74,0.77,4
btc-updown-15m-1761579000,1761579000,630,0.2,0.21,0.205,0.01,802.95,314.21,0.79,0.8,23
btc-updown-15m-1761579000,1761579000,645,0.23,0.24,0.235,0.01,618.25,203,0.76,0.77,32
btc-updown-15m-1761579000,1761579000,660,0.2,0.24,0.22,0.04,857.24,25.45,0.76,0.8,4
btc-updown-15m-1761579000,1761579000,675,0.41,0.45,0.43,0.04,287,266.5,0.55,0.59,11
btc-updown-15m-1761579000,1761579000,690,0.28,0.37,0.325,0.09,113.8,305.7,0.63,0.72,16
btc-updown-15m-1761579000,1761579000,705,0.33,0.34,0.335,0.01,201,108.71,0.66,0.67,10
btc-updown-15m-1761579000,1761579000,720,0.3,0.31,0.305,0.01,43,170.58,0.69,0.7,10
btc-updown-15m-1761579000,1761579000,735,0.28,0.31,0.295,0.03,89.93,87.8,0.69,0.72,21
btc-updown-15m-1761579000,1761579000,750,0.11,0.13,0.12,0.02,118.86,107.4,0.87,0.89,1480
btc-updown-15m-1761579000,1761579000,765,0.18,0.19,0.185,0.01,112.73,72.97,0.81,0.82,56
btc-updown-15m-1761579000,1761579000,780,0.14,0.15,0.145,0.01,524.1,62,0.85,0.86,8
btc-updown-15m-1761579000,1761579000,795,0.13,0.16,0.145,0.03,743.67,90.95,0.84,0.87,5
btc-updown-15m-1761579000,1761579000,810,0.16,0.2,0.18,0.04,714.64,99,0.8,0.84,0
btc-updown-15m-1761579000,1761579000,825,0.12,0.16,0.14,0.04,820,47,0.84,0.88,27
btc-updown-15m-1761579000,1761579000,840,0.1,0.14,0.12,0.04,847,91,0.86,0.9,67
btc-updown-15m-1761579000,1761579000,845,0.08,0.1,0.09,0.02,902,20.55,0.9,0.92,181
btc-updown-15m-1761579000,1761579000,850,0.06,0.08,0.07,0.02,152.94,85.55,0.92,0.94,3
btc-updown-15m-1761579000,1761579000,855,0.03,0.05,0.04,0.02,588.75,115.16,0.95,0.97,55
btc-updown-15m-1761579000,1761579000,860,0.01,0.02,0.015,0.01,164.35,98.78,0.98,0.99,10
btc-updown-15m-1761579000,1761579000,865,,0.01,,,0,407.16,0.99,,197
btc-updown-15m-1761579000,1761579000,870,,0.01,,,0,601.32,0.99,,822
btc-updown-15m-1761579000,1761579000,875,,0.01,,,0,345.78,0.99,,322
btc-updown-15m-1761579000,1761579000,880,,0.01,,,0,433.66,0.99,,2721
btc-updown-15m-1761579000,1761579000,885,,0.01,,,0,297.16,0.99,,864
btc-updown-15m-1761579000,1761579000,890,,0.01,,,0,258,0.99,,196
btc-updown-15m-1761579000,1761579000,895,,0.01,,,0,633,0.99,,564
btc-updown-15m-1761579000,1761579000,897,,0.01,,,0,633,0.99,,192
btc-updown-15m-1761579000,1761579000,899,,0.01,,,0,688,0.99,,493
btc-updown-15m-1761579000,1761579000,900,,0.01,,,0,1140.45,0.99,,210
btc-updown-15m-1761583500,1761583500,0,0.45,0.47,0.46,0.02,396.52,396.86,0.53,0.55,280
btc-updown-15m-1761583500,1761583500,15,0.48,0.51,0.495,0.03,109.2,62.96,0.49,0.52,33
btc-updown-15m-1761583500,1761583500,30,0.5,0.53,0.515,0.03,15,149.57,0.47,0.5,2
btc-updown-15m-1761583500,1761583500,45,0.32,0.33,0.325,0.01,540,361,0.67,0.68,122
btc-updown-15m-1761583500,1761583500,60,0.33,0.34,0.335,0.01,700.58,189,0.66,0.67,51
btc-updown-15m-1761583500,1761583500,75,0.28,0.31,0.295,0.03,912,352.87,0.69,0.72,101
btc-updown-15m-1761583500,1761583500,90,0.32,0.38,0.35,0.06,816.2,968.5,0.62,0.68,19
btc-updown-15m-1761583500,1761583500,105,0.39,0.43,0.41,0.04,889,619,0.57,0.61,44
btc-updown-15m-1761583500,1761583500,120,0.38,0.39,0.385,0.01,809,62.88,0.61,0.62,190
btc-updown-15m-1761583500,1761583500,135,0.33,0.37,0.35,0.04,547.3,760,0.63,0.67,27
btc-updown-15m-1761583500,1761583500,150,0.3,0.33,0.315,0.03,875,99,0.67,0.7,11
btc-updown-15m-1761583500,1761583500,165,0.33,0.35,0.34,0.02,842.3,80,0.65,0.67,23
btc-updown-15m-1761583500,1761583500,180,0.31,0.34,0.325,0.03,725,153.5,0.66,0.69,22
btc-updown-15m-1761583500,1761583500,195,0.37,0.41,0.39,0.04,290,933.62,0.59,0.63,12
btc-updown-15m-1761583500,1761583500,210,0.36,0.38,0.37,0.02,556.05,37,0.62,0.64,173
btc-updown-15m-1761583500,1761583500,225,0.38,0.4,0.39,0.02,582.67,378.43,0.6,0.62,144
btc-updown-15m-1761583500,1761583500,240,0.36,0.4,0.38,0.04,526.59,640,0.6,0.64,256
btc-updown-15m-1761583500,1761583500,255,0.35,0.36,0.355,0.01,601.1,611,0.64,0.65,121
btc-updown-15m-1761583500,1761583500,270,0.38,0.41,0.395,0.03,879.6,100.37,0.59,0.62,25
btc-updown-15m-1761583500,1761583500,285,0.4,0.41,0.405,0.01,292.9,602,0.59,0.6,260
btc-updown-15m-1761583500,1761583500,300,0.32,0.34,0.33,0.02,853,302,0.66,0.68,28
btc-updown-15m-1761583500,1761583500,315,0.42,0.43,0.425,0.01,360,260,0.57,0.58,0
btc-updown-15m-1761583500,1761583500,330,0.45,0.46,0.455,0.01,364,583.13,0.54,0.55,355
btc-updown-15m-1761583500,1761583500,345,0.48,0.5,0.49,0.02,112,623.88,0.5,0.52,17
btc-updown-15m-1761583500,1761583500,360,0.42,0.44,0.43,0.02,532,330,0.56,0.58,134
btc-updown-15m-1761583500,1761583500,375,0.54,0.56,0.55,0.02,642.65,59,0.44,0.46,74
btc-updown-15m-1761583500,1761583500,390,0.6,0.62,0.61,0.02,673,569.68,0.38,0.4,4
btc-updown-15m-1761583500,1761583500,405,0.66,0.68,0.67,0.02,378.55,529,0.32,0.34,13
btc-updown-15m-1761583500,1761583500,420,0.67,0.68,0.675,0.01,131,787.75,0.32,0.33,58
btc-updown-15m-1761583500,1761583500,435,0.67,0.69,0.68,0.02,154,591,0.31,0.33,87
btc-updown-15m-1761583500,1761583500,450,0.7,0.72,0.71,0.02,339,293,0.28,0.3,3
btc-updown-15m-1761583500,1761583500,465,0.77,0.8,0.785,0.03,433.5,503.53,0.2,0.23,379
btc-updown-15m-1761583500,1761583500,480,0.77,0.79,0.78,0.02,252.5,637.53,0.21,0.23,21
btc-updown-15m-1761583500,1761583500,495,0.85,0.88,0.865,0.03,218.5,811.75,0.12,0.15,377
btc-updown-15m-1761583500,1761583500,510,0.84,0.87,0.855,0.03,213.45,359.74,0.13,0.16,532
btc-updown-15m-1761583500,1761583500,525,0.86,0.88,0.87,0.02,63.45,538.96,0.12,0.14,102
btc-updown-15m-1761583500,1761583500,540,0.87,0.89,0.88,0.02,213.01,291.91,0.11,0.13,864
btc-updown-15m-1761583500,1761583500,555,0.85,0.87,0.86,0.02,99.05,330,0.13,0.15,23
btc-updown-15m-1761583500,1761583500,570,0.87,0.9,0.885,0.03,46,437.9,0.1,0.13,8
btc-updown-15m-1761583500,1761583500,585,0.87,0.92,0.895,0.05,165.14,599.81,0.08,0.13,1
btc-updown-15m-1761583500,1761583500,600,0.88,0.9,0.89,0.02,137.21,42.52,0.1,0.12,19
btc-updown-15m-1761583500,1761583500,615,0.86,0.89,0.875,0.03,386.18,588,0.11,0.14,201
btc-updown-15m-1761583500,1761583500,630,0.86,0.9,0.88,0.04,390.51,788,0.1,0.14,110
btc-updown-15m-1761583500,1761583500,645,0.85,0.89,0.87,0.04,134,695.47,0.11,0.15,22
btc-updown-15m-1761583500,1761583500,660,0.8,0.84,0.82,0.04,179.73,799.71,0.16,0.2,389
btc-updown-15m-1761583500,1761583500,675,0.84,0.88,0.86,0.04,77,825.5,0.12,0.16,369
btc-updown-15m-1761583500,1761583500,690,0.82,0.84,0.83,0.02,23,780.05,0.16,0.18,35
btc-updown-15m-1761583500,1761583500,705,0.86,0.87,0.865,0.01,86.09,594,0.13,0.14,19
btc-updown-15m-1761583500,1761583500,720,0.91,0.92,0.915,0.01,50.55,830.52,0.08,0.09,135
btc-updown-15m-1761583500,1761583500,735,0.91,0.93,0.92,0.02,46.16,748.58,0.07,0.09,14
btc-updown-15m-1761583500,1761583500,750,0.91,0.95,0.93,0.04,110.61,942.44,0.05,0.09,10
btc-updown-15m-1761583500,1761583500,765,0.92,0.95,0.935,0.03,344.1,794.16,0.05,0.08,129
btc-updown-15m-1761583500,1761583500,780,0.92,0.95,0.935,0.03,713.61,867.14,0.05,0.08,132
btc-updown-15m-1761583500,1761583500,795,0.9,0.91,0.905,0.01,211.68,776,0.09,0.1,114
btc-updown-15m-1761583500,1761583500,810,0.79,0.84,0.815,0.05,123.21,750,0.16,0.21,71
btc-updown-15m-1761583500,1761583500,825,0.65,0.7,0.675,0.05,94,584,0.3,0.35,2
btc-updown-15m-1761583500,1761583500,840,0.7,0.83,0.765,0.13,136,834,0.17,0.3,135
btc-updown-15m-1761583500,1761583500,845,0.8,0.85,0.825,0.05,43.75,240.43,0.15,0.2,9
btc-updown-15m-1761583500,1761583500,850,0.89,0.93,0.91,0.04,75,97,0.07,0.11,10
btc-updown-15m-1761583500,1761583500,855,0.93,0.97,0.95,0.04,19,501.87,0.03,0.07,6
btc-updown-15m-1761583500,1761583500,860,0.93,0.99,0.96,0.06,25,21.79,0.01,0.07,21
btc-updown-15m-1761583500,1761583500,865,0.92,0.98,0.95,0.06,39,171.18,0.02,0.08,356
btc-updown-15m-1761583500,1761583500,870,0.87,0.92,0.895,0.05,84,82,0.08,0.13,10
btc-updown-15m-1761583500,1761583500,875,0.85,0.93,0.89,0.08,124,103,0.07,0.15,2
btc-updown-15m-1761583500,1761583500,880,0.86,0.96,0.91,0.1,60,184,0.04,0.14,74
btc-updown-15m-1761583500,1761583500,885,0.84,0.97,0.905,0.13,295.5,21,0.03,0.16,16
btc-updown-15m-1761583500,1761583500,890,0.92,0.98,0.95,0.06,405,13.67,0.02,0.08,93
btc-updown-15m-1761583500,1761583500,895,0.98,,,,112.36,0,,0.02,29
btc-updown-15m-1761583500,1761583500,897,0.99,,,,607.36,0,,0.01,330
btc-updown-15m-1761583500,1761583500,899,0.99,,,,1639.98,0,,0.01,68
btc-updown-15m-1761583500,1761583500,900,0.99,,,,1739.98,0,,0.01,588
btc-updown-15m-1761588000,1761588000,0,0.45,0.48,0.465,0.03,531,109.36,0.52,0.55,1046
btc-updown-15m-1761588000,1761588000,15,0.46,0.48,0.47,0.02,623.4,636.55,0.52,0.54,23
btc-updown-15m-1761588000,1761588000,30,0.36,0.4,0.38,0.04,348.4,170,0.6,0.64,14
btc-updown-15m-1761588000,1761588000,45,0.3,0.31,0.305,0.01,571.3,171.09,0.69,0.7,65
btc-updown-15m-1761588000,1761588000,60,0.29,0.31,0.3,0.02,839.56,147,0.69,0.71,18
btc-updown-15m-1761588000,1761588000,75,0.22,0.25,0.235,0.03,698.8,279,0.75,0.78,3
btc-updown-15m-1761588000,1761588000,90,0.24,0.26,0.25,0.02,520,201.61,0.74,0.76,447
btc-updown-15m-1761588000,1761588000,105,0.32,0.34,0.33,0.02,330.01,421,0.66,0.68,640
btc-updown-15m-1761588000,1761588000,120,0.32,0.34,0.33,0.02,575.56,82.05,0.66,0.68,21
btc-updown-15m-1761588000,1761588000,135,0.3,0.34,0.32,0.04,872.28,47.14,0.66,0.7,11
btc-updown-15m-1761588000,1761588000,150,0.28,0.31,0.295,0.03,905.99,45,0.69,0.72,255
btc-updown-15m-1761588000,1761588000,165,0.2,0.22,0.21,0.02,575,202,0.78,0.8,11
btc-updown-15m-1761588000,1761588000,180,0.15,0.16,0.155,0.01,815,99,0.84,0.85,82
btc-updown-15m-1761588000,1761588000,195,0.18,0.19,0.185,0.01,248,187,0.81,0.82,1
btc-updown-15m-1761588000,1761588000,210,0.18,0.19,0.185,0.01,581,248.4,0.81,0.82,9
btc-updown-15m-1761588000,1761588000,225,0.17,0.2,0.185,0.03,783,267.32,0.8,0.83,237
btc-updown-15m-1761588000,1761588000,240,0.17,0.2,0.185,0.03,572.59,332.32,0.8,0.83,449
btc-updown-15m-1761588000,1761588000,255,0.16,0.19,0.175,0.03,548,326.17,0.81,0.84,1
btc-updown-15m-1761588000,1761588000,270,0.16,0.2,0.18,0.04,606,462.32,0.8,0.84,451
btc-updown-15m-1761588000,1761588000,285,0.22,0.24,0.23,0.02,677.91,116,0.76,0.78,1
btc-updown-15m-1761588000,1761588000,300,0.24,0.27,0.255,0.03,835.67,232.55,0.73,0.76,493
btc-updown-15m-1761588000,1761588000,315,0.41,0.42,0.415,0.01,295.61,447.5,0.58,0.59,30
btc-updown-15m-1761588000,1761588000,330,0.43,0.45,0.44,0.02,362.99,35,0.55,0.57,0
btc-updown-15m-1761588000,1761588000,345,0.43,0.45,0.44,0.02,773.57,88.62,0.55,0.57,233
btc-updown-15m-1761588000,1761588000,360,0.43,0.45,0.44,0.02,561.15,41.77,0.55,0.57,59
btc-updown-15m-1761588000,1761588000,375,0.4,0.45,0.425,0.05,902.43,122,0.55,0.6,6
btc-updown-15m-1761588000,1761588000,390,0.43,0.48,0.455,0.05,148.16,829.64,0.52,0.57,130
btc-updown-15m-1761588000,1761588000,405,0.52,0.55,0.535,0.03,199.84,127.71,0.45,0.48,1
btc-updown-15m-1761588000,1761588000,420,0.51,0.55,0.53,0.04,598,291,0.45,0.49,33
btc-updown-15m-1761588000,1761588000,435,0.59,0.61,0.6,0.02,117,708.06,0.39,0.41,10
btc-updown-15m-1761588000,1761588000,450,0.61,0.63,0.62,0.02,647.83,29,0.37,0.39,34
btc-updown-15m-1761588000,1761588000,465,0.6,0.64,0.62,0.04,101,343.07,0.36,0.4,0
btc-updown-15m-1761588000,1761588000,480,0.62,0.66,0.64,0.04,547,510,0.34,0.38,190
btc-updown-15m-1761588000,1761588000,495,0.5,0.51,0.505,0.01,348,103.57,0.49,0.5,3
btc-updown-15m-1761588000,1761588000,510,0.59,0.62,0.605,0.03,317.98,574,0.38,0.41,14
btc-updown-15m-1761588000,1761588000,525,0.62,0.65,0.635,0.03,406,531,0.35,0.38,305
btc-updown-15m-1761588000,1761588000,540,0.63,0.65,0.64,0.02,279.1,258,0.35,0.37,631
btc-updown-15m-1761588000,1761588000,555,0.6,0.63,0.615,0.03,709,621,0.37,0.4,299
btc-updown-15m-1761588000,1761588000,570,0.6,0.63,0.615,0.03,654.68,372.18,0.37,0.4,202
btc-updown-15m-1761588000,1761588000,585,0.66,0.69,0.675,0.03,548.6,546.7,0.31,0.34,53
btc-updown-15m-1761588000,1761588000,600,0.7,0.73,0.715,0.03,75,345.31,0.27,0.3,10
btc-updown-15m-1761588000,1761588000,615,0.69,0.75,0.72,0.06,846,614.6,0.25,0.31,627
btc-updown-15m-1761588000,1761588000,630,0.7,0.77,0.735,0.07,1181,946.02,0.23,0.3,0
btc-updown-15m-1761588000,1761588000,645,0.72,0.76,0.74,0.04,242,871.5,0.24,0.28,2
btc-updown-15m-1761588000,1761588000,660,0.63,0.68,0.655,0.05,493,915.8,0.32,0.37,32
btc-updown-15m-1761588000,1761588000,675,0.59,0.62,0.605,0.03,456,570,0.38,0.41,128
btc-updown-15m-1761588000,1761588000,690,0.59,0.64,0.615,0.05,645.05,324,0.36,0.41,7
btc-updown-15m-1761588000,1761588000,705,0.62,0.63,0.625,0.01,27,524.88,0.37,0.38,0
btc-updown-15m-1761588000,1761588000,720,0.74,0.77,0.755,0.03,151,1039.2,0.23,0.26,88
btc-updown-15m-1761588000,1761588000,735,0.85,0.88,0.865,0.03,236.33,1399.9,0.12,0.15,56
btc-updown-15m-1761588000,1761588000,750,0.88,0.93,0.905,0.05,665.16,394.12,0.07,0.12,14
btc-updown-15m-1761588000,1761588000,765,0.85,0.89,0.87,0.04,274.22,663.9,0.11,0.15,0
btc-updown-15m-1761588000,1761588000,780,0.88,0.9,0.89,0.02,182.95,566.78,0.1,0.12,254
btc-updown-15m-1761588000,1761588000,795,0.9,0.96,0.93,0.06,225.3,1465.09,0.04,0.1,22
btc-updown-15m-1761588000,1761588000,810,0.92,0.97,0.945,0.05,188.41,1651,0.03,0.08,169
btc-updown-15m-1761588000,1761588000,825,0.92,0.97,0.945,0.05,90.17,942.57,0.03,0.08,444
btc-updown-15m-1761588000,1761588000,840,0.91,0.97,0.94,0.06,232.64,980.99,0.03,0.09,506
btc-updown-15m-1761588000,1761588000,845,0.92,0.97,0.945,0.05,139.64,404.99,0.03,0.08,158
btc-updown-15m-1761588000,1761588000,850,0.92,0.97,0.945,0.05,64.64,371.99,0.03,0.08,35
btc-updown-15m-1761588000,1761588000,855,0.93,0.98,0.955,0.05,55.64,370.55,0.02,0.07,90
btc-updown-15m-1761588000,1761588000,860,0.95,0.98,0.965,0.03,288.82,332.63,0.02,0.05,152
btc-updown-15m-1761588000,1761588000,865,0.95,0.99,0.97,0.04,246.64,209.69,0.01,0.05,121
btc-updown-15m-1761588000,1761588000,870,0.95,0.99,0.97,0.04,311.64,200.27,0.01,0.05,95
btc-updown-15m-1761588000,1761588000,875,0.99,,,,472.42,0,,0.01,389
btc-updown-15m-1761588000,1761588000,880,0.93,0.99,0.96,0.06,45.64,614.75,0.01,0.07,143
btc-updown-15m-1761588000,1761588000,885,0.95,0.99,0.97,0.04,96.82,583.42,0.01,0.05,13
btc-updown-15m-1761588000,1761588000,890,0.95,0.99,0.97,0.04,122,53.11,0.01,0.05,514
btc-updown-15m-1761588000,1761588000,895,0.99,,,,577,0,,0.01,437
btc-updown-15m-1761588000,1761588000,897,0.99,,,,845,0,,0.01,71
btc-updown-15m-1761588000,1761588000,899,0.99,,,,992.82,0,,0.01,140
btc-updown-15m-1761588000,1761588000,900,0.99,,,,992.82,0,,0.01,1140
btc-updown-15m-1761592500,1761592500,0,0.48,0.54,0.51,0.06,281,417.14,0.46,0.52,335
btc-updown-15m-1761592500,1761592500,15,0.31,0.35,0.33,0.04,326.35,655.57,0.65,0.69,508
btc-updown-15m-1761592500,1761592500,30,0.34,0.35,0.345,0.01,91.9,570,0.65,0.66,7
btc-updown-15m-1761592500,1761592500,45,0.32,0.34,0.33,0.02,205.37,668.79,0.66,0.68,68
btc-updown-15m-1761592500,1761592500,60,0.27,0.31,0.29,0.04,962.2,330,0.69,0.73,81
btc-updown-15m-1761592500,1761592500,75,0.23,0.25,0.24,0.02,610.32,835,0.75,0.77,3
btc-updown-15m-1761592500,1761592500,90,0.22,0.24,0.23,0.02,410.32,800.64,0.76,0.78,11
btc-updown-15m-1761592500,1761592500,105,0.22,0.24,0.23,0.02,1027.85,393.64,0.76,0.78,427
btc-updown-15m-1761592500,1761592500,120,0.2,0.22,0.21,0.02,110,825,0.78,0.8,122
btc-updown-15m-1761592500,1761592500,135,0.15,0.18,0.165,0.03,366,869.17,0.82,0.85,640
btc-updown-15m-1761592500,1761592500,150,0.14,0.16,0.15,0.02,643,326.77,0.84,0.86,619
btc-updown-15m-1761592500,1761592500,165,0.15,0.18,0.165,0.03,560,634.17,0.82,0.85,4
btc-updown-15m-1761592500,1761592500,180,0.15,0.18,0.165,0.03,315,751.17,0.82,0.85,856
btc-updown-15m-1761592500,1761592500,195,0.14,0.18,0.16,0.04,609,801.39,0.82,0.86,187
btc-updown-15m-1761592500,1761592500,210,0.11,0.15,0.13,0.04,1736,701.83,0.85,0.89,2963
btc-updown-15m-1761592500,1761592500,225,0.11,0.13,0.12,0.02,875.94,1020.2,0.87,0.89,146
btc-updown-15m-1761592500,1761592500,240,0.1,0.11,0.105,0.01,462.22,902.21,0.89,0.9,56
btc-updown-15m-1761592500,1761592500,255,0.08,0.09,0.085,0.01,734,1252.44,0.91,0.92,604
btc-updown-15m-1761592500,1761592500,270,0.07,0.08,0.075,0.01,1063,558.74,0.92,0.93,197
btc-updown-15m-1761592500,1761592500,285,0.06,0.08,0.07,0.02,2563.01,264.24,0.92,0.94,226
btc-updown-15m-1761592500,1761592500,300,0.06,0.08,0.07,0.02,2309,397.35,0.92,0.94,249
btc-updown-15m-1761592500,1761592500,315,0.07,0.1,0.085,0.03,1492.93,653.61,0.9,0.93,182
btc-updown-15m-1761592500,1761592500,330,0.06,0.07,0.065,0.01,2497.08,196.77,0.93,0.94,31
btc-updown-15m-1761592500,1761592500,345,0.06,0.1,0.08,0.04,2554.08,669.04,0.9,0.94,99
btc-updown-15m-1761592500,1761592500,360,0.06,0.07,0.065,0.01,3545.08,442.65,0.93,0.94,27
btc-updown-15m-1761592500,1761592500,375,0.07,0.09,0.08,0.02,2006.02,1535.65,0.91,0.93,979
btc-updown-15m-1761592500,1761592500,390,0.05,0.09,0.07,0.04,3289,1588.08,0.91,0.95,840
btc-updown-15m-1761592500,1761592500,405,0.05,0.07,0.06,0.02,3785,395.55,0.93,0.95,7
btc-updown-15m-1761592500,1761592500,420,0.05,0.07,0.06,0.02,3295.73,916.53,0.93,0.95,208
btc-updown-15m-1761592500,1761592500,435,0.04,0.06,0.05,0.02,2030,839.73,0.94,0.96,307
btc-updown-15m-1761592500,1761592500,450,0.04,0.08,0.06,0.04,1979.6,176.05,0.92,0.96,48
btc-updown-15m-1761592500,1761592500,465,0.05,0.08,0.065,0.03,1550.21,850.44,0.92,0.95,576
btc-updown-15m-1761592500,1761592500,480,0.05,0.09,0.07,0.04,1830.24,230.99,0.91,0.95,2
btc-updown-15m-1761592500,1761592500,495,0.05,0.07,0.06,0.02,1893.73,520,0.93,0.95,2001
btc-updown-15m-1761592500,1761592500,510,0.07,0.08,0.075,0.01,424.65,296.1,0.92,0.93,778
btc-updown-15m-1761592500,1761592500,525,0.04,0.07,0.055,0.03,4597.03,519.5,0.93,0.96,2191
btc-updown-15m-1761592500,1761592500,540,0.04,0.07,0.055,0.03,4552.86,607.5,0.93,0.96,27
btc-updown-15m-1761592500,1761592500,555,0.04,0.06,0.05,0.02,4268.1,733.1,0.94,0.96,213
btc-updown-15m-1761592500,1761592500,570,0.03,0.05,0.04,0.02,4957.39,789.31,0.95,0.97,778
btc-updown-15m-1761592500,1761592500,585,0.03,0.05,0.04,0.02,4597.12,830.11,0.95,0.97,2300
btc-updown-15m-1761592500,1761592500,600,0.02,0.03,0.025,0.01,4160.39,832.27,0.97,0.98,391
btc-updown-15m-1761592500,1761592500,615,0.02,0.03,0.025,0.01,2988.87,1082.27,0.97,0.98,3
btc-updown-15m-1761592500,1761592500,630,0.02,0.03,0.025,0.01,952.39,952.27,0.97,0.98,30
btc-updown-15m-1761592500,1761592500,645,0.02,0.03,0.025,0.01,942.39,952.27,0.97,0.98,3090
btc-updown-15m-1761592500,1761592500,660,0.02,0.03,0.025,0.01,942.99,918.93,0.97,0.98,5
btc-updown-15m-1761592500,1761592500,675,0.01,0.02,0.015,0.01,821.06,872.47,0.98,0.99,1369
btc-updown-15m-1761592500,1761592500,690,0.01,0.02,0.015,0.01,874.98,725.57,0.98,0.99,77
btc-updown-15m-1761592500,1761592500,705,0.01,0.02,0.015,0.01,838.74,991.57,0.98,0.99,172
btc-updown-15m-1761592500,1761592500,720,0.01,0.02,0.015,0.01,811.5,976.57,0.98,0.99,336
btc-updown-15m-1761592500,1761592500,735,0.01,0.02,0.015,0.01,312.15,371.92,0.98,0.99,262
btc-updown-15m-1761592500,1761592500,750,0.01,0.02,0.015,0.01,251.63,292.5,0.98,0.99,240
btc-updown-15m-1761592500,1761592500,765,0.01,0.02,0.015,0.01,60,292.45,0.98,0.99,309
btc-updown-15m-1761592500,1761592500,780,,0.01,,,0,849.25,0.99,,1798
btc-updown-15m-1761592500,1761592500,795,,0.01,,,0,1654.32,0.99,,334
btc-updown-15m-1761592500,1761592500,810,,0.01,,,0,1936.32,0.99,,752
btc-updown-15m-1761592500,1761592500,825,,0.01,,,0,936.32,0.99,,3339
btc-updown-15m-1761592500,1761592500,840,,0.01,,,0,1776.91,0.99,,805
btc-updown-15m-1761592500,1761592500,845,,0.01,,,0,1916.18,0.99,,2217
btc-updown-15m-1761592500,1761592500,850,,0.01,,,0,1964.18,0.99,,760
btc-updown-15m-1761592500,1761592500,855,,0.01,,,0,1964.18,0.99,,4094
btc-updown-15m-1761592500,1761592500,860,,0.01,,,0,2114.18,0.99,,728
btc-updown-15m-1761592500,1761592500,865,,0.01,,,0,2114.18,0.99,,3288
btc-updown-15m-1761592500,1761592500,870,,0.01,,,0,2114.18,0.99,,747
btc-updown-15m-1761592500,1761592500,875,,0.01,,,0,2119.18,0.99,,3141
btc-updown-15m-1761592500,1761592500,880,,0.01,,,0,1619.18,0.99,,356
btc-updown-15m-1761592500,1761592500,885,,0.01,,,0,1619.18,0.99,,1222
btc-updown-15m-1761592500,1761592500,890,,0.01,,,0,1619.18,0.99,,720
btc-updown-15m-1761592500,1761592500,895,,0.01,,,0,1644.18,0.99,,3616
btc-updown-15m-1761592500,1761592500,897,,0.01,,,0,1644.18,0.99,,5616
btc-updown-15m-1761592500,1761592500,899,,0.01,,,0,1694.18,0.99,,27
btc-updown-15m-1761592500,1761592500,900,,0.01,,,0,1702.18,0.99,,886
btc-updown-15m-1761605100,1761605100,0,0.52,0.54,0.53,0.02,99.49,333.37,0.46,0.48,26
btc-updown-15m-1761605100,1761605100,15,0.41,0.47,0.44,0.06,136.45,58.4,0.53,0.59,33
btc-updown-15m-1761605100,1761605100,30,0.29,0.34,0.315,0.05,108.3,110,0.66,0.71,39
btc-updown-15m-1761605100,1761605100,45,0.4,0.42,0.41,0.02,94.2,97.8,0.58,0.6,15
btc-updown-15m-1761605100,1761605100,60,0.41,0.44,0.425,0.03,601,172,0.56,0.59,5
btc-updown-15m-1761605100,1761605100,75,0.36,0.39,0.375,0.03,43,457,0.61,0.64,0
btc-updown-15m-1761605100,1761605100,90,0.39,0.43,0.41,0.04,289,172,0.57,0.61,417
btc-updown-15m-1761605100,1761605100,105,0.4,0.45,0.425,0.05,99,609.7,0.55,0.6,646
btc-updown-15m-1761605100,1761605100,120,0.4,0.44,0.42,0.04,109,112,0.56,0.6,206
btc-updown-15m-1761605100,1761605100,135,0.47,0.48,0.475,0.01,60,113,0.52,0.53,4
btc-updown-15m-1761605100,1761605100,150,0.54,0.58,0.56,0.04,154.52,625.4,0.42,0.46,17
btc-updown-15m-1761605100,1761605100,165,0.51,0.55,0.53,0.04,389.8,381.77,0.45,0.49,329
btc-updown-15m-1761605100,1761605100,180,0.55,0.6,0.575,0.05,230,600,0.4,0.45,497
btc-updown-15m-1761605100,1761605100,195,0.58,0.6,0.59,0.02,95,46,0.4,0.42,142
btc-updown-15m-1761605100,1761605100,210,0.59,0.6,0.595,0.01,158.35,287,0.4,0.41,1042
btc-updown-15m-1761605100,1761605100,225,0.62,0.64,0.63,0.02,222.7,66,0.36,0.38,263
btc-updown-15m-1761605100,1761605100,240,0.64,0.68,0.66,0.04,207,841,0.32,0.36,388
btc-updown-15m-1761605100,1761605100,255,0.67,0.7,0.685,0.03,95,1030.7,0.3,0.33,263
btc-updown-15m-1761605100,1761605100,270,0.68,0.7,0.69,0.02,257,624,0.3,0.32,122
btc-updown-15m-1761605100,1761605100,285,0.69,0.71,0.7,0.02,175,810,0.29,0.31,70
btc-updown-15m-1761605100,1761605100,300,0.68,0.71,0.695,0.03,303,792,0.29,0.32,11
btc-updown-15m-1761605100,1761605100,315,0.69,0.73,0.71,0.04,266,674.8,0.27,0.31,384
btc-updown-15m-1761605100,1761605100,330,0.73,0.75,0.74,0.02,85,671.3,0.25,0.27,154
btc-updown-15m-1761605100,1761605100,345,0.73,0.75,0.74,0.02,172,932.66,0.25,0.27,912
btc-updown-15m-1761605100,1761605100,360,0.74,0.75,0.745,0.01,132.77,932.66,0.25,0.26,336
btc-updown-15m-1761605100,1761605100,375,0.72,0.75,0.735,0.03,238.27,772.4,0.25,0.28,570
btc-updown-15m-1761605100,1761605100,390,0.68,0.7,0.69,0.02,137,41,0.3,0.32,17
btc-updown-15m-1761605100,1761605100,405,0.71,0.74,0.725,0.03,108,331.5,0.26,0.29,3
btc-updown-15m-1761605100,1761605100,420,0.76,0.78,0.77,0.02,215,937.1,0.22,0.24,0
btc-updown-15m-1761605100,1761605100,435,0.72,0.76,0.74,0.04,99,874,0.24,0.28,209
btc-updown-15m-1761605100,1761605100,450,0.79,0.83,0.81,0.04,191.8,795,0.17,0.21,143
btc-updown-15m-1761605100,1761605100,465,0.81,0.83,0.82,0.02,379.25,802.05,0.17,0.19,749
btc-updown-15m-1761605100,1761605100,480,0.81,0.84,0.825,0.03,100,878.1,0.16,0.19,338
btc-updown-15m-1761605100,1761605100,495,0.63,0.65,0.64,0.02,31.9,745.59,0.35,0.37,22
btc-updown-15m-1761605100,1761605100,510,0.54,0.6,0.57,0.06,112,383,0.4,0.46,21
btc-updown-15m-1761605100,1761605100,525,0.57,0.63,0.6,0.06,365,690.5,0.37,0.43,17
btc-updown-15m-1761605100,1761605100,540,0.56,0.62,0.59,0.06,692,671.8,0.38,0.44,236
btc-updown-15m-1761605100,1761605100,555,0.71,0.73,0.72,0.02,155.54,457.81,0.27,0.29,47
btc-updown-15m-1761605100,1761605100,570,0.71,0.76,0.735,0.05,372,808.68,0.24,0.29,163
btc-updown-15m-1761605100,1761605100,585,0.57,0.64,0.605,0.07,749,583.8,0.36,0.43,99
btc-updown-15m-1761605100,1761605100,600,0.32,0.34,0.33,0.02,261.09,108.2,0.66,0.68,0
btc-updown-15m-1761605100,1761605100,615,0.21,0.25,0.23,0.04,861.34,98,0.75,0.79,6
btc-updown-15m-1761605100,1761605100,630,0.28,0.32,0.3,0.04,142.49,548,0.68,0.72,6
btc-updown-15m-1761605100,1761605100,645,0.17,0.21,0.19,0.04,650.8,240.56,0.79,0.83,148
btc-updown-15m-1761605100,1761605100,660,0.15,0.2,0.175,0.05,817.47,169.53,0.8,0.85,136
btc-updown-15m-1761605100,1761605100,675,0.13,0.15,0.14,0.02,581,448.34,0.85,0.87,131
btc-updown-15m-1761605100,1761605100,690,0.07,0.09,0.08,0.02,794.24,110,0.91,0.93,305
btc-updown-15m-1761605100,1761605100,705,0.08,0.11,0.095,0.03,288,122.06,0.89,0.92,0
btc-updown-15m-1761605100,1761605100,720,0.03,0.13,0.08,0.1,2323.27,619.52,0.87,0.97,492
btc-updown-15m-1761605100,1761605100,735,0.03,0.04,0.035,0.01,1266.49,638.94,0.96,0.97,804
btc-updown-15m-1761605100,1761605100,750,0.02,0.04,0.03,0.02,822.44,745.41,0.96,0.98,297
btc-updown-15m-1761605100,1761605100,765,0.01,0.02,0.015,0.01,518.28,750.63,0.98,0.99,50
btc-updown-15m-1761605100,1761605100,780,0.01,0.02,0.015,0.01,513.22,390,0.98,0.99,7
btc-updown-15m-1761605100,1761605100,795,0.01,0.02,0.015,0.01,340.46,440.94,0.98,0.99,164
btc-updown-15m-1761605100,1761605100,810,0.01,0.02,0.015,0.01,232.43,277.12,0.98,0.99,104
btc-updown-15m-1761605100,1761605100,825,0.01,0.02,0.015,0.01,192.02,199.65,0.98,0.99,1432
btc-updown-15m-1761605100,1761605100,840,0.01,0.04,0.025,0.03,191.41,411.7,0.96,0.99,142
btc-updown-15m-1761605100,1761605100,845,0.01,0.04,0.025,0.03,171.41,416.7,0.96,0.99,2005
btc-updown-15m-1761605100,1761605100,850,,0.01,,,0,503.62,0.99,,166
btc-updown-15m-1761605100,1761605100,855,,0.01,,,0,556.93,0.99,,1239
btc-updown-15m-1761605100,1761605100,860,,0.01,,,0,2007.37,0.99,,44
btc-updown-15m-1761605100,1761605100,865,,0.01,,,0,1976.31,0.99,,161
btc-updown-15m-1761605100,1761605100,870,,0.01,,,0,1976.31,0.99,,281
btc-updown-15m-1761605100,1761605100,875,,0.01,,,0,2085.69,0.99,,376
btc-updown-15m-1761605100,1761605100,880,,0.01,,,0,2085.69,0.99,,1275
btc-updown-15m-1761605100,1761605100,885,,0.01,,,0,2008.22,0.99,,449
btc-updown-15m-1761605100,1761605100,890,,0.01,,,0,2008.22,0.99,,1471
btc-updown-15m-1761605100,1761605100,895,,0.01,,,0,2182.69,0.99,,119
btc-updown-15m-1761605100,1761605100,897,,0.01,,,0,2182.69,0.99,,1685
btc-updown-15m-1761605100,1761605100,899,,0.01,,,0,2282.69,0.99,,426
btc-updown-15m-1761605100,1761605100,900,,0.01,,,0,2246.22,0.99,,343
btc-updown-15m-1761609600,1761609600,0,0.5,0.53,0.515,0.03,252.68,366,0.47,0.5,177
btc-updown-15m-1761609600,1761609600,15,0.37,0.41,0.39,0.04,90.8,22.61,0.59,0.63,2
btc-updown-15m-1761609600,1761609600,30,0.52,0.56,0.54,0.04,67.5,183.3,0.44,0.48,94
btc-updown-15m-1761609600,1761609600,45,0.41,0.43,0.42,0.02,117.1,47,0.57,0.59,3
btc-updown-15m-1761609600,1761609600,60,0.4,0.44,0.42,0.04,81,50,0.56,0.6,303
btc-updown-15m-1761609600,1761609600,75,0.37,0.39,0.38,0.02,155.9,170,0.61,0.63,12
btc-updown-15m-1761609600,1761609600,90,0.42,0.45,0.435,0.03,348.4,71,0.55,0.58,54
btc-updown-15m-1761609600,1761609600,105,0.37,0.4,0.385,0.03,257,145,0.6,0.63,2
btc-updown-15m-1761609600,1761609600,120,0.42,0.45,0.435,0.03,193,189.8,0.55,0.58,1
btc-updown-15m-1761609600,1761609600,135,0.35,0.41,0.38,0.06,274.5,122,0.59,0.65,19
btc-updown-15m-1761609600,1761609600,150,0.37,0.38,0.375,0.01,291.8,86,0.62,0.63,79
btc-updown-15m-1761609600,1761609600,165,0.37,0.4,0.385,0.03,170,241,0.6,0.63,473
btc-updown-15m-1761609600,1761609600,180,0.4,0.43,0.415,0.03,127.84,148,0.57,0.6,23
btc-updown-15m-1761609600,1761609600,195,0.39,0.41,0.4,0.02,638,25,0.59,0.61,493
btc-updown-15m-1761609600,1761609600,210,0.35,0.39,0.37,0.04,272.3,246,0.61,0.65,13
btc-updown-15m-1761609600,1761609600,225,0.26,0.29,0.275,0.03,166.5,199,0.71,0.74,119
btc-updown-15m-1761609600,1761609600,240,0.23,0.25,0.24,0.02,244,295,0.75,0.77,182
btc-updown-15m-1761609600,1761609600,255,0.22,0.26,0.24,0.04,390.4,258,0.74,0.78,168
btc-updown-15m-1761609600,1761609600,270,0.17,0.19,0.18,0.02,187.03,249.09,0.81,0.83,1
btc-updown-15m-1761609600,1761609600,285,0.16,0.17,0.165,0.01,108.4,102.76,0.83,0.84,29
btc-updown-15m-1761609600,1761609600,300,0.22,0.23,0.225,0.01,80,178,0.77,0.78,23
btc-updown-15m-1761609600,1761609600,315,0.17,0.18,0.175,0.01,119.3,82,0.82,0.83,25
btc-updown-15m-1761609600,1761609600,330,0.13,0.16,0.145,0.03,286.4,108,0.84,0.87,76
btc-updown-15m-1761609600,1761609600,345,0.14,0.16,0.15,0.02,25,20,0.84,0.86,1073
btc-updown-15m-1761609600,1761609600,360,0.1,0.12,0.11,0.02,360,399.16,0.88,0.9,99
btc-updown-15m-1761609600,1761609600,375,0.09,0.1,0.095,0.01,113,596.35,0.9,0.91,13
btc-updown-15m-1761609600,1761609600,390,0.1,0.11,0.105,0.01,165.78,448.16,0.89,0.9,82
btc-updown-15m-1761609600,1761609600,405,0.1,0.13,0.115,0.03,157.78,541.16,0.87,0.9,303
btc-updown-15m-1761609600,1761609600,420,0.06,0.1,0.08,0.04,1041,199.96,0.9,0.94,306
btc-updown-15m-1761609600,1761609600,435,0.1,0.13,0.115,0.03,78,579.8,0.87,0.9,23
btc-updown-15m-1761609600,1761609600,450,0.1,0.12,0.11,0.02,181,928.63,0.88,0.9,916
btc-updown-15m-1761609600,1761609600,465,0.06,0.07,0.065,0.01,614.52,230.61,0.93,0.94,212
btc-updown-15m-1761609600,1761609600,480,0.07,0.11,0.09,0.04,151.52,632.89,0.89,0.93,430
btc-updown-15m-1761609600,1761609600,495,0.09,0.12,0.105,0.03,411.2,962.63,0.88,0.91,28
btc-updown-15m-1761609600,1761609600,510,0.16,0.19,0.175,0.03,29,31.17,0.81,0.84,0
btc-updown-15m-1761609600,1761609600,525,0.28,0.33,0.305,0.05,34,190,0.67,0.72,13
btc-updown-15m-1761609600,1761609600,540,0.2,0.25,0.225,0.05,144,105,0.75,0.8,5
btc-updown-15m-1761609600,1761609600,555,0.29,0.32,0.305,0.03,152.43,84,0.68,0.71,560
btc-updown-15m-1761609600,1761609600,570,0.34,0.37,0.355,0.03,153,94.8,0.63,0.66,20
btc-updown-15m-1761609600,1761609600,585,0.35,0.41,0.38,0.06,191.24,126.8,0.59,0.65,62
btc-updown-15m-1761609600,1761609600,600,0.44,0.5,0.47,0.06,140,200.1,0.5,0.56,263
btc-updown-15m-1761609600,1761609600,615,0.55,0.57,0.56,0.02,88,215.41,0.43,0.45,9
btc-updown-15m-1761609600,1761609600,630,0.54,0.56,0.55,0.02,94,87.06,0.44,0.46,4
btc-updown-15m-1761609600,1761609600,645,0.49,0.52,0.505,0.03,250.9,125,0.48,0.51,164
btc-updown-15m-1761609600,1761609600,660,0.53,0.56,0.545,0.03,117.8,140.21,0.44,0.47,265
btc-updown-15m-1761609600,1761609600,675,0.5,0.56,0.53,0.06,121.8,84.2,0.44,0.5,71
btc-updown-15m-1761609600,1761609600,690,0.52,0.57,0.545,0.05,78.42,75,0.43,0.48,6
btc-updown-15m-1761609600,1761609600,705,0.28,0.29,0.285,0.01,23,46,0.71,0.72,35
btc-updown-15m-1761609600,1761609600,720,0.22,0.24,0.23,0.02,141.9,91,0.76,0.78,49
btc-updown-15m-1761609600,1761609600,735,0.22,0.26,0.24,0.04,241.98,74.33,0.74,0.78,192
btc-updown-15m-1761609600,1761609600,750,0.24,0.29,0.265,0.05,140.58,146,0.71,0.76,218
btc-updown-15m-1761609600,1761609600,765,0.42,0.47,0.445,0.05,177.2,225.93,0.53,0.58,1016
btc-updown-15m-1761609600,1761609600,780,0.26,0.3,0.28,0.04,40.5,43,0.7,0.74,7
btc-updown-15m-1761609600,1761609600,795,0.11,0.17,0.14,0.06,102,41.09,0.83,0.89,151
btc-updown-15m-1761609600,1761609600,810,0.07,0.12,0.095,0.05,226.2,133.97,0.88,0.93,219
btc-updown-15m-1761609600,1761609600,825,0.05,0.08,0.065,0.03,389.17,401.85,0.92,0.95,293
btc-updown-15m-1761609600,1761609600,840,0.02,0.05,0.035,0.03,391.82,501.76,0.95,0.98,275
btc-updown-15m-1761609600,1761609600,845,0.02,0.1,0.06,0.08,108.82,304.09,0.9,0.98,53
btc-updown-15m-1761609600,1761609600,850,0.05,0.09,0.07,0.04,86,333.97,0.91,0.95,36
btc-updown-15m-1761609600,1761609600,855,0.04,0.1,0.07,0.06,482.41,304.09,0.9,0.96,12
btc-updown-15m-1761609600,1761609600,860,0.01,0.07,0.04,0.06,376.41,42,0.93,0.99,3
btc-updown-15m-1761609600,1761609600,865,0.01,0.05,0.03,0.04,344.41,133,0.95,0.99,364
btc-updown-15m-1761609600,1761609600,870,0.01,0.04,0.025,0.03,334.2,99,0.96,0.99,1009
btc-updown-15m-1761609600,1761609600,875,0.01,0.04,0.025,0.03,277.78,131,0.96,0.99,44
btc-updown-15m-1761609600,1761609600,880,,0.01,,,0,1792.31,0.99,,226
btc-updown-15m-1761609600,1761609600,885,,0.01,,,0,1435.31,0.99,,15
btc-updown-15m-1761609600,1761609600,890,,0.01,,,0,1358.27,0.99,,512
btc-updown-15m-1761609600,1761609600,895,0.03,0.11,0.07,0.08,48,134.88,0.89,0.97,33
btc-updown-15m-1761609600,1761609600,897,0.01,0.11,0.06,0.1,16,134.88,0.89,0.99,594
btc-updown-15m-1761609600,1761609600,899,,0.11,,,0,60.88,0.89,,11
btc-updown-15m-1761609600,1761609600,900,,0.01,,,0,88,0.99,,15
btc-updown-15m-1761613200,1761613200,0,0.52,0.54,0.53,0.02,114.67,422,0.46,0.48,8
btc-updown-15m-1761613200,1761613200,15,0.54,0.65,0.595,0.11,153.38,81.4,0.35,0.46,9
btc-updown-15m-1761613200,1761613200,30,0.58,0.65,0.615,0.07,92.2,115,0.35,0.42,6
btc-updown-15m-1761613200,1761613200,45,0.6,0.63,0.615,0.03,120,32,0.37,0.4,6
btc-updown-15m-1761613200,1761613200,60,0.58,0.6,0.59,0.02,128.8,105,0.4,0.42,5
btc-updown-15m-1761613200,1761613200,75,0.65,0.67,0.66,0.02,116,170,0.33,0.35,20
btc-updown-15m-1761613200,1761613200,90,0.66,0.7,0.68,0.04,228.38,188.6,0.3,0.34,362
btc-updown-15m-1761613200,1761613200,105,0.63,0.65,0.64,0.02,198.38,113.46,0.35,0.37,18
btc-updown-15m-1761613200,1761613200,120,0.63,0.65,0.64,0.02,218.38,143.46,0.35,0.37,27
btc-updown-15m-1761613200,1761613200,135,0.62,0.65,0.635,0.03,329.58,122,0.35,0.38,959
btc-updown-15m-1761613200,1761613200,150,0.66,0.72,0.69,0.06,299.58,26.6,0.28,0.34,0
btc-updown-15m-1761613200,1761613200,165,0.69,0.74,0.715,0.05,69.8,137.2,0.26,0.31,67
btc-updown-15m-1761613200,1761613200,180,0.63,0.7,0.665,0.07,469.38,174.87,0.3,0.37,1263
btc-updown-15m-1761613200,1761613200,195,0.69,0.75,0.72,0.06,55,96.9,0.25,0.31,315
btc-updown-15m-1761613200,1761613200,210,0.67,0.7,0.685,0.03,161,186.8,0.3,0.33,680
btc-updown-15m-1761613200,1761613200,225,0.75,0.76,0.755,0.01,224,399.99,0.24,0.25,138
btc-updown-15m-1761613200,1761613200,240,0.84,0.85,0.845,0.01,191.4,194,0.15,0.16,346
btc-updown-15m-1761613200,1761613200,255,0.87,0.89,0.88,0.02,2059,366,0.11,0.13,177
btc-updown-15m-1761613200,1761613200,270,0.86,0.88,0.87,0.02,1951.92,363.87,0.12,0.14,73
btc-updown-15m-1761613200,1761613200,285,0.86,0.87,0.865,0.01,1711.92,248.53,0.13,0.14,74
btc-updown-15m-1761613200,1761613200,300,0.86,0.89,0.875,0.03,1569.21,331.13,0.11,0.14,168
btc-updown-15m-1761613200,1761613200,315,0.86,0.87,0.865,0.01,572.59,139.8,0.13,0.14,52
btc-updown-15m-1761613200,1761613200,330,0.86,0.89,0.875,0.03,535.64,279.83,0.11,0.14,73
btc-updown-15m-1761613200,1761613200,345,0.86,0.89,0.875,0.03,535.64,310.02,0.11,0.14,81
btc-updown-15m-1761613200,1761613200,360,0.81,0.88,0.845,0.07,31.25,188.42,0.12,0.19,874
btc-updown-15m-1761613200,1761613200,375,0.89,0.94,0.915,0.05,177.68,571,0.06,0.11,29
btc-updown-15m-1761613200,1761613200,390,0.9,0.95,0.925,0.05,261.13,1156,0.05,0.1,432
btc-updown-15m-1761613200,1761613200,405,0.92,0.95,0.935,0.03,125.55,1036,0.05,0.08,56
btc-updown-15m-1761613200,1761613200,420,0.93,0.96,0.945,0.03,251.8,1777,0.04,0.07,28
btc-updown-15m-1761613200,1761613200,435,0.9,0.95,0.925,0.05,224.8,863,0.05,0.1,20
btc-updown-15m-1761613200,1761613200,450,0.93,0.94,0.935,0.01,157,111,0.06,0.07,411
btc-updown-15m-1761613200,1761613200,465,0.9,0.94,0.92,0.04,259.55,803,0.06,0.1,26
btc-updown-15m-1761613200,1761613200,480,0.92,0.96,0.94,0.04,202,2466.42,0.04,0.08,71
btc-updown-15m-1761613200,1761613200,495,0.89,0.91,0.9,0.02,36.74,2148.7,0.09,0.11,1
btc-updown-15m-1761613200,1761613200,510,0.84,0.85,0.845,0.01,113,49.8,0.15,0.16,1
btc-updown-15m-1761613200,1761613200,525,0.81,0.87,0.84,0.06,157.34,62.8,0.13,0.19,52
btc-updown-15m-1761613200,1761613200,540,0.84,0.87,0.855,0.03,28,105.29,0.13,0.16,87
btc-updown-15m-1761613200,1761613200,555,0.83,0.89,0.86,0.06,28,2151.46,0.11,0.17,43
btc-updown-15m-1761613200,1761613200,570,0.85,0.91,0.88,0.06,98,2053,0.09,0.15,369
btc-updown-15m-1761613200,1761613200,585,0.86,0.89,0.875,0.03,43.95,2042.2,0.11,0.14,36
btc-updown-15m-1761613200,1761613200,600,0.9,0.91,0.905,0.01,157.4,256.43,0.09,0.1,55
btc-updown-15m-1761613200,1761613200,615,0.95,0.96,0.955,0.01,243.47,1818.13,0.04,0.05,49
btc-updown-15m-1761613200,1761613200,630,0.93,0.96,0.945,0.03,204.83,1649.08,0.04,0.07,20
btc-updown-15m-1761613200,1761613200,645,0.95,0.96,0.955,0.01,100.53,592.03,0.04,0.05,75
btc-updown-15m-1761613200,1761613200,660,0.92,0.98,0.95,0.06,43.8,778.83,0.02,0.08,69
btc-updown-15m-1761613200,1761613200,675,0.96,0.99,0.975,0.03,357.33,651.98,0.01,0.04,154
btc-updown-15m-1761613200,1761613200,690,0.98,0.99,0.985,0.01,286.43,170.14,0.01,0.02,66
btc-updown-15m-1761613200,1761613200,705,0.99,,,,1044.41,0,,0.01,79
btc-updown-15m-1761613200,1761613200,720,0.99,,,,1564.41,0,,0.01,177
btc-updown-15m-1761613200,1761613200,735,0.99,,,,1544.41,0,,0.01,15
btc-updown-15m-1761613200,1761613200,750,0.99,,,,1504.4,0,,0.01,39
btc-updown-15m-1761613200,1761613200,765,0.99,,,,1819.24,0,,0.01,90
btc-updown-15m-1761613200,1761613200,780,0.99,,,,1824.24,0,,0.01,1116
btc-updown-15m-1761613200,1761613200,795,0.99,,,,2316.06,0,,0.01,74
btc-updown-15m-1761613200,1761613200,810,0.99,,,,2475.2,0,,0.01,340
btc-updown-15m-1761613200,1761613200,825,0.99,,,,2541.2,0,,0.01,62
btc-updown-15m-1761613200,1761613200,840,0.99,,,,2551.81,0,,0.01,1143
btc-updown-15m-1761613200,1761613200,845,0.99,,,,2551.81,0,,0.01,77
btc-updown-15m-1761613200,1761613200,850,0.99,,,,2583.81,0,,0.01,873
btc-updown-15m-1761613200,1761613200,855,0.99,,,,2583.81,0,,0.01,60
btc-updown-15m-1761613200,1761613200,860,0.99,,,,2583.81,0,,0.01,1002
btc-updown-15m-1761613200,1761613200,865,0.99,,,,2583.81,0,,0.01,2045
btc-updown-15m-1761613200,1761613200,870,0.99,,,,2583.81,0,,0.01,575
btc-updown-15m-1761613200,1761613200,875,0.99,,,,2588.81,0,,0.01,53
btc-updown-15m-1761613200,1761613200,880,0.99,,,,2588.81,0,,0.01,3094
btc-updown-15m-1761613200,1761613200,885,0.99,,,,3088.81,0,,0.01,379
btc-updown-15m-1761613200,1761613200,890,0.99,,,,3088.81,0,,0.01,5379
btc-updown-15m-1761613200,1761613200,895,0.99,,,,3113.81,0,,0.01,2010
btc-updown-15m-1761613200,1761613200,897,0.99,,,,3113.81,0,,0.01,4010
btc-updown-15m-1761613200,1761613200,899,0.99,,,,4009.81,0,,0.01,162
btc-updown-15m-1761613200,1761613200,900,0.99,,,,4009.81,0,,0.01,1162
btc-updown-15m-1761617700,1761617700,0,0.53,0.57,0.55,0.04,484.61,716.89,0.43,0.47,811
btc-updown-15m-1761617700,1761617700,15,0.44,0.49,0.465,0.05,351.2,127,0.51,0.56,20
btc-updown-15m-1761617700,1761617700,30,0.45,0.47,0.46,0.02,273.18,242.4,0.53,0.55,96
btc-updown-15m-1761617700,1761617700,45,0.43,0.44,0.435,0.01,230,176,0.56,0.57,8
btc-updown-15m-1761617700,1761617700,60,0.46,0.48,0.47,0.02,245,362.4,0.52,0.54,22
btc-updown-15m-1761617700,1761617700,75,0.42,0.44,0.43,0.02,465,180,0.56,0.58,55
btc-updown-15m-1761617700,1761617700,90,0.41,0.45,0.43,0.04,230.02,37,0.55,0.59,72
btc-updown-15m-1761617700,1761617700,105,0.38,0.42,0.4,0.04,77.67,333.6,0.58,0.62,7
btc-updown-15m-1761617700,1761617700,120,0.36,0.41,0.385,0.05,156.9,175,0.59,0.64,57
btc-updown-15m-1761617700,1761617700,135,0.39,0.41,0.4,0.02,139.8,142.56,0.59,0.61,93
btc-updown-15m-1761617700,1761617700,150,0.45,0.48,0.465,0.03,45,237.4,0.52,0.55,61
btc-updown-15m-1761617700,1761617700,165,0.38,0.44,0.41,0.06,35,269.3,0.56,0.62,68
btc-updown-15m-1761617700,1761617700,180,0.36,0.39,0.375,0.03,132.76,167,0.61,0.64,41
btc-updown-15m-1761617700,1761617700,195,0.41,0.43,0.42,0.02,56,79,0.57,0.59,1034
btc-updown-15m-1761617700,1761617700,210,0.41,0.44,0.425,0.03,46,218,0.56,0.59,15
btc-updown-15m-1761617700,1761617700,225,0.52,0.53,0.525,0.01,57,289.11,0.47,0.48,23
btc-updown-15m-1761617700,1761617700,240,0.4,0.44,0.42,0.04,27,79,0.56,0.6,82
btc-updown-15m-1761617700,1761617700,255,0.39,0.42,0.405,0.03,179.8,173,0.58,0.61,87
btc-updown-15m-1761617700,1761617700,270,0.39,0.44,0.415,0.05,157.2,97,0.56,0.61,1813
btc-updown-15m-1761617700,1761617700,285,0.46,0.5,0.48,0.04,51,127.36,0.5,0.54,94
btc-updown-15m-1761617700,1761617700,300,0.47,0.53,0.5,0.06,85,366.4,0.47,0.53,71
btc-updown-15m-1761617700,1761617700,315,0.49,0.54,0.515,0.05,195.1,361,0.46,0.51,63
btc-updown-15m-1761617700,1761617700,330,0.58,0.61,0.595,0.03,66.8,110,0.39,0.42,739
btc-updown-15m-1761617700,1761617700,345,0.55,0.58,0.565,0.03,36,48,0.42,0.45,61
btc-updown-15m-1761617700,1761617700,360,0.46,0.5,0.48,0.04,158.7,122.83,0.5,0.54,79
btc-updown-15m-1761617700,1761617700,375,0.4,0.46,0.43,0.06,118,155,0.54,0.6,32
btc-updown-15m-1761617700,1761617700,390,0.31,0.35,0.33,0.04,169,230.17,0.65,0.69,2673
btc-updown-15m-1761617700,1761617700,405,0.32,0.36,0.34,0.04,192.74,47,0.64,0.68,223
btc-updown-15m-1761617700,1761617700,420,0.23,0.24,0.235,0.01,287.69,287.67,0.76,0.77,38
btc-updown-15m-1761617700,1761617700,435,0.09,0.11,0.1,0.02,278,145,0.89,0.91,44
btc-updown-15m-1761617700,1761617700,450,0.08,0.1,0.09,0.02,580.45,706.21,0.9,0.92,108
btc-updown-15m-1761617700,1761617700,465,0.07,0.09,0.08,0.02,559.92,232.41,0.91,0.93,5
btc-updown-15m-1761617700,1761617700,480,0.06,0.07,0.065,0.01,439.87,210.05,0.93,0.94,140
btc-updown-15m-1761617700,1761617700,495,0.06,0.07,0.065,0.01,924.55,145,0.93,0.94,91
btc-updown-15m-1761617700,1761617700,510,0.06,0.08,0.07,0.02,718.99,245.9,0.92,0.94,101
btc-updown-15m-1761617700,1761617700,525,0.05,0.06,0.055,0.01,724.44,267.54,0.94,0.95,94
btc-updown-15m-1761617700,1761617700,540,0.04,0.05,0.045,0.01,894,216.69,0.95,0.96,101
btc-updown-15m-1761617700,1761617700,555,0.05,0.09,0.07,0.04,522.89,256.46,0.91,0.95,93
btc-updown-15m-1761617700,1761617700,570,0.05,0.07,0.06,0.02,513.89,168.95,0.93,0.95,9
btc-updown-15m-1761617700,1761617700,585,0.04,0.09,0.065,0.05,676.26,243.61,0.91,0.96,62
btc-updown-15m-1761617700,1761617700,600,0.03,0.07,0.05,0.04,11324.06,313.95,0.93,0.97,697
btc-updown-15m-1761617700,1761617700,615,0.03,0.07,0.05,0.04,11158.28,461.06,0.93,0.97,1
btc-updown-15m-1761617700,1761617700,630,0.03,0.05,0.04,0.02,11078.59,403.84,0.95,0.97,90
btc-updown-15m-1761617700,1761617700,645,0.03,0.06,0.045,0.03,11032.31,1471.93,0.94,0.97,28
btc-updown-15m-1761617700,1761617700,660,0.03,0.06,0.045,0.03,10284.68,1462.03,0.94,0.97,12
btc-updown-15m-1761617700,1761617700,675,0.01,0.02,0.015,0.01,10240.56,276.32,0.98,0.99,75
btc-updown-15m-1761617700,1761617700,690,0.01,0.02,0.015,0.01,9126.89,517.58,0.98,0.99,777
btc-updown-15m-1761617700,1761617700,705,0.01,0.02,0.015,0.01,9292.34,367.58,0.98,0.99,22
btc-updown-15m-1761617700,1761617700,720,0.01,0.02,0.015,0.01,9201.32,101.58,0.98,0.99,91
btc-updown-15m-1761617700,1761617700,735,0.01,0.02,0.015,0.01,9143.74,1065.58,0.98,0.99,96
btc-updown-15m-1761617700,1761617700,750,0.01,0.02,0.015,0.01,9048.68,1105.58,0.98,0.99,89
btc-updown-15m-1761617700,1761617700,765,0.01,0.02,0.015,0.01,281.31,855.58,0.98,0.99,1
btc-updown-15m-1761617700,1761617700,780,0.01,0.02,0.015,0.01,499.28,220.58,0.98,0.99,62
btc-updown-15m-1761617700,1761617700,795,0.01,0.02,0.015,0.01,358.29,154.09,0.98,0.99,522
btc-updown-15m-1761617700,1761617700,810,,0.01,,,0,138.98,0.99,,81
btc-updown-15m-1761617700,1761617700,825,,0.01,,,0,68.98,0.99,,63
btc-updown-15m-1761617700,1761617700,840,,0.02,,,0,128.89,0.98,,382
btc-updown-15m-1761617700,1761617700,845,,0.01,,,0,124.5,0.99,,662
btc-updown-15m-1761617700,1761617700,850,,0.01,,,0,324.5,0.99,,99
btc-updown-15m-1761617700,1761617700,855,,0.02,,,0,99.75,0.98,,105
btc-updown-15m-1761617700,1761617700,860,,0.02,,,0,99.75,0.98,,2380
btc-updown-15m-1761617700,1761617700,865,0.01,0.03,0.02,0.02,360,126.24,0.97,0.99,68
btc-updown-15m-1761617700,1761617700,870,0.01,0.03,0.02,0.02,350,126.24,0.97,0.99,196
btc-updown-15m-1761617700,1761617700,875,0.01,0.03,0.02,0.02,292,114.24,0.97,0.99,64
btc-updown-15m-1761617700,1761617700,880,0.01,0.02,0.015,0.01,292,83.04,0.98,0.99,17
btc-updown-15m-1761617700,1761617700,885,0.02,0.03,0.025,0.01,160,124.24,0.97,0.98,266
btc-updown-15m-1761617700,1761617700,890,0.02,0.03,0.025,0.01,88,124.24,0.97,0.98,14
btc-updown-15m-1761617700,1761617700,895,,0.01,,,0,1089.04,0.99,,183
btc-updown-15m-1761617700,1761617700,897,,0.01,,,0,1339.04,0.99,,49
btc-updown-15m-1761617700,1761617700,899,,0.01,,,0,1529.04,0.99,,152
btc-updown-15m-1761617700,1761617700,900,,0.01,,,0,1529.04,0.99,,1152
btc-updown-15m-1761622200,1761622200,0,0.46,0.49,0.475,0.03,450,580.02,0.51,0.54,2355
btc-updown-15m-1761622200,1761622200,15,0.48,0.5,0.49,0.02,160.3,651.46,0.5,0.52,126
btc-updown-15m-1761622200,1761622200,30,0.47,0.5,0.485,0.03,181.6,691.46,0.5,0.53,110
btc-updown-15m-1761622200,1761622200,45,0.37,0.4,0.385,0.03,155.8,100,0.6,0.63,2
btc-updown-15m-1761622200,1761622200,60,0.34,0.38,0.36,0.04,426.5,205,0.62,0.66,113
btc-updown-15m-1761622200,1761622200,75,0.26,0.29,0.275,0.03,114.8,230,0.71,0.74,65
btc-updown-15m-1761622200,1761622200,90,0.24,0.27,0.255,0.03,126.4,214,0.73,0.76,122
btc-updown-15m-1761622200,1761622200,105,0.22,0.23,0.225,0.01,127,169.56,0.77,0.78,51
btc-updown-15m-1761622200,1761622200,120,0.21,0.22,0.215,0.01,239.8,255,0.78,0.79,994
btc-updown-15m-1761622200,1761622200,135,0.24,0.26,0.25,0.02,204.48,190,0.74,0.76,121
btc-updown-15m-1761622200,1761622200,150,0.22,0.24,0.23,0.02,326.6,242.3,0.76,0.78,789
btc-updown-15m-1761622200,1761622200,165,0.2,0.24,0.22,0.04,339.8,261.6,0.76,0.8,1
btc-updown-15m-1761622200,1761622200,180,0.31,0.37,0.34,0.06,110,100,0.63,0.69,14
btc-updown-15m-1761622200,1761622200,195,0.48,0.5,0.49,0.02,185,566.46,0.5,0.52,136
btc-updown-15m-1761622200,1761622200,210,0.5,0.51,0.505,0.01,138.27,162.05,0.49,0.5,161
btc-updown-15m-1761622200,1761622200,225,0.55,0.57,0.56,0.02,129,191,0.43,0.45,28
btc-updown-15m-1761622200,1761622200,240,0.58,0.6,0.59,0.02,151,225.81,0.4,0.42,10
btc-updown-15m-1761622200,1761622200,255,0.49,0.51,0.5,0.02,180,214,0.49,0.51,15
btc-updown-15m-1761622200,1761622200,270,0.38,0.41,0.395,0.03,194,118,0.59,0.62,28
btc-updown-15m-1761622200,1761622200,285,0.31,0.34,0.325,0.03,163,65,0.66,0.69,5
btc-updown-15m-1761622200,1761622200,300,0.33,0.36,0.345,0.03,46,197,0.64,0.67,701
btc-updown-15m-1761622200,1761622200,315,0.26,0.31,0.285,0.05,187.4,120,0.69,0.74,94
btc-updown-15m-1761622200,1761622200,330,0.26,0.27,0.265,0.01,76.2,117,0.73,0.74,150
btc-updown-15m-1761622200,1761622200,345,0.2,0.22,0.21,0.02,294.59,159,0.78,0.8,119
btc-updown-15m-1761622200,1761622200,360,0.2,0.23,0.215,0.03,296.99,127,0.77,0.8,5
btc-updown-15m-1761622200,1761622200,375,0.14,0.16,0.15,0.02,70,115.93,0.84,0.86,97
btc-updown-15m-1761622200,1761622200,390,0.15,0.18,0.165,0.03,135.5,216.1,0.82,0.85,61
btc-updown-15m-1761622200,1761622200,405,0.16,0.18,0.17,0.02,81.7,281.1,0.82,0.84,73
btc-updown-15m-1761622200,1761622200,420,0.14,0.16,0.15,0.02,157.42,151.95,0.84,0.86,77
btc-updown-15m-1761622200,1761622200,435,0.12,0.14,0.13,0.02,186.32,184.88,0.86,0.88,144
btc-updown-15m-1761622200,1761622200,450,0.11,0.12,0.115,0.01,214,200.65,0.88,0.89,237
btc-updown-15m-1761622200,1761622200,465,0.1,0.14,0.12,0.04,129,164.88,0.86,0.9,31
btc-updown-15m-1761622200,1761622200,480,0.16,0.18,0.17,0.02,94.7,149.93,0.82,0.84,164
btc-updown-15m-1761622200,1761622200,495,0.2,0.22,0.21,0.02,97.5,191,0.78,0.8,115
btc-updown-15m-1761622200,1761622200,510,0.26,0.3,0.28,0.04,210,36,0.7,0.74,22
btc-updown-15m-1761622200,1761622200,525,0.27,0.32,0.295,0.05,43.7,170,0.68,0.73,497
btc-updown-15m-1761622200,1761622200,540,0.28,0.32,0.3,0.04,79,114,0.68,0.72,15
btc-updown-15m-1761622200,1761622200,555,0.4,0.45,0.425,0.05,116,131.8,0.55,0.6,8
btc-updown-15m-1761622200,1761622200,570,0.32,0.36,0.34,0.04,129,49,0.64,0.68,3
btc-updown-15m-1761622200,1761622200,585,0.31,0.35,0.33,0.04,180,91,0.65,0.69,155
btc-updown-15m-1761622200,1761622200,600,0.19,0.24,0.215,0.05,128.7,136,0.76,0.81,4
btc-updown-15m-1761622200,1761622200,615,0.09,0.1,0.095,0.01,240,27,0.9,0.91,146
btc-updown-15m-1761622200,1761622200,630,0.05,0.09,0.07,0.04,295.76,106.55,0.91,0.95,26
btc-updown-15m-1761622200,1761622200,645,0.06,0.07,0.065,0.01,186,94,0.93,0.94,172
btc-updown-15m-1761622200,1761622200,660,0.05,0.07,0.06,0.02,474.86,22.49,0.93,0.95,760
btc-updown-15m-1761622200,1761622200,675,0.03,0.04,0.035,0.01,11093.02,108.21,0.96,0.97,111
btc-updown-15m-1761622200,1761622200,690,0.02,0.03,0.025,0.01,10694.57,127.21,0.97,0.98,123
btc-updown-15m-1761622200,1761622200,705,0.01,0.02,0.015,0.01,10878.51,1100.06,0.98,0.99,427
btc-updown-15m-1761622200,1761622200,720,0.01,0.02,0.015,0.01,9331.04,206.63,0.98,0.99,1205
btc-updown-15m-1761622200,1761622200,735,0.01,0.02,0.015,0.01,9111.04,183.41,0.98,0.99,112
btc-updown-15m-1761622200,1761622200,750,0.02,0.04,0.03,0.02,9289.76,146.88,0.96,0.98,123
btc-updown-15m-1761622200,1761622200,765,0.01,0.02,0.015,0.01,1363.57,220,0.98,0.99,42
btc-updown-15m-1761622200,1761622200,780,0.01,0.02,0.015,0.01,737.28,460,0.98,0.99,47
btc-updown-15m-1761622200,1761622200,795,,0.01,,,0,1051.98,0.99,,1334
btc-updown-15m-1761622200,1761622200,810,,0.01,,,0,1401.98,0.99,,997
btc-updown-15m-1761622200,1761622200,825,,0.01,,,0,1473.69,0.99,,133
btc-updown-15m-1761622200,1761622200,840,,0.01,,,0,1262.45,0.99,,131
btc-updown-15m-1761622200,1761622200,845,,0.01,,,0,1257.45,0.99,,139
btc-updown-15m-1761622200,1761622200,850,,0.01,,,0,1238.74,0.99,,115
btc-updown-15m-1761622200,1761622200,855,,0.01,,,0,1233.74,0.99,,51
btc-updown-15m-1761622200,1761622200,860,,0.01,,,0,1173.74,0.99,,1175
btc-updown-15m-1761622200,1761622200,865,,0.01,,,0,1226.74,0.99,,115
btc-updown-15m-1761622200,1761622200,870,,0.01,,,0,1226.74,0.99,,73
btc-updown-15m-1761622200,1761622200,875,,0.01,,,0,1287.35,0.99,,1437
btc-updown-15m-1761622200,1761622200,880,,0.01,,,0,2437.35,0.99,,269
btc-updown-15m-1761622200,1761622200,885,,0.01,,,0,2728.35,0.99,,313
btc-updown-15m-1761622200,1761622200,890,,0.01,,,0,2733.35,0.99,,1087
btc-updown-15m-1761622200,1761622200,895,,0.01,,,0,2742.35,0.99,,378
btc-updown-15m-1761622200,1761622200,897,,0.01,,,0,2742.35,0.99,,2378
btc-updown-15m-1761622200,1761622200,899,,0.01,,,0,3148.35,0.99,,144
btc-updown-15m-1761622200,1761622200,900,,0.01,,,0,3148.35,0.99,,1144
btc-updown-15m-1761629400,1761629400,0,0.46,0.5,0.48,0.04,383,369.69,0.5,0.54,296
btc-updown-15m-1761629400,1761629400,15,0.4,0.43,0.415,0.03,81,87,0.57,0.6,129
btc-updown-15m-1761629400,1761629400,30,0.28,0.3,0.29,0.02,206.81,60,0.7,0.72,12
btc-updown-15m-1761629400,1761629400,45,0.24,0.25,0.245,0.01,202.2,116,0.75,0.76,128
btc-updown-15m-1761629400,1761629400,60,0.25,0.3,0.275,0.05,127.5,95,0.7,0.75,35
btc-updown-15m-1761629400,1761629400,75,0.21,0.23,0.22,0.02,145.5,64,0.77,0.79,78
btc-updown-15m-1761629400,1761629400,90,0.15,0.18,0.165,0.03,249.56,111,0.82,0.85,10
btc-updown-15m-1761629400,1761629400,105,0.15,0.17,0.16,0.02,90,144.32,0.83,0.85,120
btc-updown-15m-1761629400,1761629400,120,0.15,0.16,0.155,0.01,100,140.64,0.84,0.85,12
btc-updown-15m-1761629400,1761629400,135,0.15,0.2,0.175,0.05,202.89,206.46,0.8,0.85,46
btc-updown-15m-1761629400,1761629400,150,0.21,0.22,0.215,0.01,51,241.66,0.78,0.79,1296
btc-updown-15m-1761629400,1761629400,165,0.12,0.17,0.145,0.05,1279,167,0.83,0.88,28
btc-updown-15m-1761629400,1761629400,180,0.13,0.17,0.15,0.04,717,162.25,0.83,0.87,6
btc-updown-15m-1761629400,1761629400,195,0.17,0.2,0.185,0.03,55,199.8,0.8,0.83,3
btc-updown-15m-1761629400,1761629400,210,0.16,0.2,0.18,0.04,71,599.32,0.8,0.84,27
btc-updown-15m-1761629400,1761629400,225,0.18,0.22,0.2,0.04,67.7,211.15,0.78,0.82,105
btc-updown-15m-1761629400,1761629400,240,0.16,0.2,0.18,0.04,192.9,158.58,0.8,0.84,524
btc-updown-15m-1761629400,1761629400,255,0.13,0.16,0.145,0.03,353.8,182,0.84,0.87,83
btc-updown-15m-1761629400,1761629400,270,0.15,0.2,0.175,0.05,76.2,242.58,0.8,0.85,395
btc-updown-15m-1761629400,1761629400,285,0.13,0.19,0.16,0.06,382.7,231.83,0.81,0.87,115
btc-updown-15m-1761629400,1761629400,300,0.12,0.17,0.145,0.05,858.85,106.17,0.83,0.88,134
btc-updown-15m-1761629400,1761629400,315,0.11,0.16,0.135,0.05,806,82,0.84,0.89,97
btc-updown-15m-1761629400,1761629400,330,0.11,0.13,0.12,0.02,822,70.85,0.87,0.89,5
btc-updown-15m-1761629400,1761629400,345,0.1,0.14,0.12,0.04,877.81,102.88,0.86,0.9,108
btc-updown-15m-1761629400,1761629400,360,0.09,0.13,0.11,0.04,214,196,0.87,0.91,19
btc-updown-15m-1761629400,1761629400,375,0.09,0.12,0.105,0.03,178.85,176,0.88,0.91,312
btc-updown-15m-1761629400,1761629400,390,0.08,0.12,0.1,0.04,578,132,0.88,0.92,106
btc-updown-15m-1761629400,1761629400,405,0.08,0.12,0.1,0.04,548.08,79.81,0.88,0.92,7
btc-updown-15m-1761629400,1761629400,420,0.1,0.16,0.13,0.06,117.62,48.09,0.84,0.9,14
btc-updown-15m-1761629400,1761629400,435,0.12,0.15,0.135,0.03,62.44,102,0.85,0.88,1325
btc-updown-15m-1761629400,1761629400,450,0.07,0.11,0.09,0.04,104.08,72,0.89,0.93,374
btc-updown-15m-1761629400,1761629400,465,0.1,0.13,0.115,0.03,87.32,432.4,0.87,0.9,0
btc-updown-15m-1761629400,1761629400,480,0.09,0.11,0.1,0.02,218.92,65,0.89,0.91,350
btc-updown-15m-1761629400,1761629400,495,0.09,0.12,0.105,0.03,174.66,131.74,0.88,0.91,118
btc-updown-15m-1761629400,1761629400,510,0.09,0.1,0.095,0.01,116.66,1168.55,0.9,0.91,49
btc-updown-15m-1761629400,1761629400,525,0.07,0.09,0.08,0.02,311.92,877.75,0.91,0.93,121
btc-updown-15m-1761629400,1761629400,540,0.04,0.09,0.065,0.05,1640.19,941.3,0.91,0.96,99
btc-updown-15m-1761629400,1761629400,555,0.13,0.2,0.165,0.07,52.3,46.32,0.8,0.87,15
btc-updown-15m-1761629400,1761629400,570,0.07,0.08,0.075,0.01,278.19,24.56,0.92,0.93,23
btc-updown-15m-1761629400,1761629400,585,0.05,0.09,0.07,0.04,737.98,40.55,0.91,0.95,3
btc-updown-15m-1761629400,1761629400,600,0.03,0.07,0.05,0.04,11191,126.43,0.93,0.97,2332
btc-updown-15m-1761629400,1761629400,615,0.02,0.05,0.035,0.03,10817,279.84,0.95,0.98,117
btc-updown-15m-1761629400,1761629400,630,0.02,0.05,0.035,0.03,11858.55,303.83,0.95,0.98,410
btc-updown-15m-1761629400,1761629400,645,0.02,0.03,0.025,0.01,12437.27,155.99,0.97,0.98,114
btc-updown-15m-1761629400,1761629400,660,0.01,0.05,0.03,0.04,12318.27,268.36,0.95,0.99,267
btc-updown-15m-1761629400,1761629400,675,0.02,0.03,0.025,0.01,12377.27,110.86,0.97,0.98,93
btc-updown-15m-1761629400,1761629400,690,0.01,0.03,0.02,0.02,12314.25,270.85,0.97,0.99,18
btc-updown-15m-1761629400,1761629400,705,0.02,0.04,0.03,0.02,12389.25,150.17,0.96,0.98,54
btc-updown-15m-1761629400,1761629400,720,0.02,0.05,0.035,0.03,12345.83,307.37,0.95,0.98,43
btc-updown-15m-1761629400,1761629400,735,0.02,0.03,0.025,0.01,11769.33,381.9,0.97,0.98,71
btc-updown-15m-1761629400,1761629400,750,0.01,0.02,0.015,0.01,1754.39,277.61,0.98,0.99,283
btc-updown-15m-1761629400,1761629400,765,0.01,0.02,0.015,0.01,1628.28,918.18,0.98,0.99,100
btc-updown-15m-1761629400,1761629400,780,,0.01,,,0,1491.15,0.99,,70
btc-updown-15m-1761629400,1761629400,795,,0.01,,,0,2101.65,0.99,,529
btc-updown-15m-1761629400,1761629400,810,,0.01,,,0,1753.23,0.99,,93
btc-updown-15m-1761629400,1761629400,825,,0.01,,,0,1788.32,0.99,,5104
btc-updown-15m-1761629400,1761629400,840,,0.01,,,0,2298.93,0.99,,87
btc-updown-15m-1761629400,1761629400,845,,0.01,,,0,2298.93,0.99,,2764
btc-updown-15m-1761629400,1761629400,850,,0.01,,,0,2330.93,0.99,,103
btc-updown-15m-1761629400,1761629400,855,,0.01,,,0,2398.93,0.99,,9
btc-updown-15m-1761629400,1761629400,860,,0.01,,,0,2430.93,0.99,,93
btc-updown-15m-1761629400,1761629400,865,,0.01,,,0,2586.93,0.99,,119
btc-updown-15m-1761629400,1761629400,870,,0.01,,,0,2569.73,0.99,,3538
btc-updown-15m-1761629400,1761629400,875,,0.01,,,0,2574.73,0.99,,148
btc-updown-15m-1761629400,1761629400,880,,0.01,,,0,2574.73,0.99,,4058
btc-updown-15m-1761629400,1761629400,885,,0.01,,,0,2574.73,0.99,,9058
btc-updown-15m-1761629400,1761629400,890,,0.01,,,0,2674.73,0.99,,2992
btc-updown-15m-1761629400,1761629400,895,,0.01,,,0,2699.73,0.99,,3535
btc-updown-15m-1761629400,1761629400,897,,0.01,,,0,2699.73,0.99,,494
btc-updown-15m-1761629400,1761629400,899,,0.01,,,0,3057.73,0.99,,40
btc-updown-15m-1761629400,1761629400,900,,0.01,,,0,3172.73,0.99,,550
btc-updown-15m-1761633900,1761633900,0,0.45,0.47,0.46,0.02,415.53,110.12,0.53,0.55,1011
btc-updown-15m-1761633900,1761633900,15,0.47,0.5,0.485,0.03,679.35,206.37,0.5,0.53,4
btc-updown-15m-1761633900,1761633900,30,0.47,0.5,0.485,0.03,580.65,211.37,0.5,0.53,228
btc-updown-15m-1761633900,1761633900,45,0.5,0.53,0.515,0.03,34,98.6,0.47,0.5,26
btc-updown-15m-1761633900,1761633900,60,0.5,0.53,0.515,0.03,533.92,118.6,0.47,0.5,457
btc-updown-15m-1761633900,1761633900,75,0.54,0.6,0.57,0.06,130,234.21,0.4,0.46,255
btc-updown-15m-1761633900,1761633900,90,0.51,0.54,0.525,0.03,295.9,84,0.46,0.49,108
btc-updown-15m-1761633900,1761633900,105,0.47,0.51,0.49,0.04,631.42,157,0.49,0.53,209
btc-updown-15m-1761633900,1761633900,120,0.47,0.48,0.475,0.01,476.85,108,0.52,0.53,56
btc-updown-15m-1761633900,1761633900,135,0.48,0.5,0.49,0.02,509.55,157.33,0.5,0.52,0
btc-updown-15m-1761633900,1761633900,150,0.47,0.5,0.485,0.03,486.85,65.8,0.5,0.53,1386
btc-updown-15m-1761633900,1761633900,165,0.47,0.49,0.48,0.02,426.85,140,0.51,0.53,1280
btc-updown-15m-1761633900,1761633900,180,0.57,0.6,0.585,0.03,113,299.95,0.4,0.43,2
btc-updown-15m-1761633900,1761633900,195,0.61,0.65,0.63,0.04,204.8,134.11,0.35,0.39,82
btc-updown-15m-1761633900,1761633900,210,0.64,0.66,0.65,0.02,155.8,167.31,0.34,0.36,238
btc-updown-15m-1761633900,1761633900,225,0.56,0.6,0.58,0.04,62.3,48,0.4,0.44,57
btc-updown-15m-1761633900,1761633900,240,0.54,0.57,0.555,0.03,57,53,0.43,0.46,142
btc-updown-15m-1761633900,1761633900,255,0.53,0.58,0.555,0.05,80.1,184.8,0.42,0.47,67
btc-updown-15m-1761633900,1761633900,270,0.57,0.6,0.585,0.03,49,241,0.4,0.43,34
btc-updown-15m-1761633900,1761633900,285,0.65,0.69,0.67,0.04,56,216,0.31,0.35,199
btc-updown-15m-1761633900,1761633900,300,0.67,0.7,0.685,0.03,145.8,293,0.3,0.33,20
btc-updown-15m-1761633900,1761633900,315,0.67,0.7,0.685,0.03,129,207.75,0.3,0.33,184
btc-updown-15m-1761633900,1761633900,330,0.74,0.76,0.75,0.02,38,128.2,0.24,0.26,23
btc-updown-15m-1761633900,1761633900,345,0.74,0.76,0.75,0.02,157.8,59,0.24,0.26,220
btc-updown-15m-1761633900,1761633900,360,0.77,0.8,0.785,0.03,149.8,152,0.2,0.23,45
btc-updown-15m-1761633900,1761633900,375,0.81,0.84,0.825,0.03,71.8,52,0.16,0.19,878
btc-updown-15m-1761633900,1761633900,390,0.84,0.85,0.845,0.01,133.55,106.47,0.15,0.16,805
btc-updown-15m-1761633900,1761633900,405,0.86,0.89,0.875,0.03,92.92,145,0.11,0.14,51
btc-updown-15m-1761633900,1761633900,420,0.9,0.92,0.91,0.02,102.8,138.78,0.08,0.1,50
btc-updown-15m-1761633900,1761633900,435,0.92,0.94,0.93,0.02,160.2,162,0.06,0.08,491
btc-updown-15m-1761633900,1761633900,450,0.86,0.9,0.88,0.04,383.1,39,0.1,0.14,704
btc-updown-15m-1761633900,1761633900,465,0.9,0.94,0.92,0.04,124.8,207,0.06,0.1,2
btc-updown-15m-1761633900,1761633900,480,0.94,0.95,0.945,0.01,26.76,400,0.05,0.06,126
btc-updown-15m-1761633900,1761633900,495,0.94,0.96,0.95,0.02,2002.76,494,0.04,0.06,20
btc-updown-15m-1761633900,1761633900,510,0.92,0.97,0.945,0.05,808.08,11142.76,0.03,0.08,76
btc-updown-15m-1761633900,1761633900,525,0.92,0.96,0.94,0.04,848.08,396,0.04,0.08,33
btc-updown-15m-1761633900,1761633900,540,0.92,0.93,0.925,0.01,1011.03,10017.49,0.07,0.08,208
btc-updown-15m-1761633900,1761633900,555,0.91,0.95,0.93,0.04,243.25,267.53,0.05,0.09,353
btc-updown-15m-1761633900,1761633900,570,0.92,0.95,0.935,0.03,1575.39,406.36,0.05,0.08,119
btc-updown-15m-1761633900,1761633900,585,0.93,0.94,0.935,0.01,1255.24,1018.48,0.06,0.07,342
btc-updown-15m-1761633900,1761633900,600,0.94,0.97,0.955,0.03,195.1,11094.9,0.03,0.06,291
btc-updown-15m-1761633900,1761633900,615,0.9,0.93,0.915,0.03,188.75,55,0.07,0.1,11
btc-updown-15m-1761633900,1761633900,630,0.9,0.93,0.915,0.03,76.97,65.71,0.07,0.1,139
btc-updown-15m-1761633900,1761633900,645,0.9,0.98,0.94,0.08,1167.72,11132.09,0.02,0.1,77
btc-updown-15m-1761633900,1761633900,660,0.91,0.93,0.92,0.02,1091.72,1793.01,0.07,0.09,288
btc-updown-15m-1761633900,1761633900,675,0.91,0.93,0.92,0.02,2105.27,1798.85,0.07,0.09,180
btc-updown-15m-1761633900,1761633900,690,0.9,0.93,0.915,0.03,1417.1,1733.24,0.07,0.1,338
btc-updown-15m-1761633900,1761633900,705,0.9,0.93,0.915,0.03,134,1720.99,0.07,0.1,821
btc-updown-15m-1761633900,1761633900,720,0.9,0.93,0.915,0.03,195,1813.4,0.07,0.1,25
btc-updown-15m-1761633900,1761633900,735,0.91,0.93,0.92,0.02,203.4,1589.06,0.07,0.09,476
btc-updown-15m-1761633900,1761633900,750,0.79,0.85,0.82,0.06,22.2,127,0.15,0.21,2
btc-updown-15m-1761633900,1761633900,765,0.91,0.93,0.92,0.02,249.95,1237.81,0.07,0.09,0
btc-updown-15m-1761633900,1761633900,780,0.92,0.93,0.925,0.01,101.6,376.25,0.07,0.08,46
btc-updown-15m-1761633900,1761633900,795,0.93,0.96,0.945,0.03,616,144.97,0.04,0.07,50
btc-updown-15m-1761633900,1761633900,810,0.94,0.99,0.965,0.05,639.08,111,0.01,0.06,1749
btc-updown-15m-1761633900,1761633900,825,0.98,0.99,0.985,0.01,528.67,82.39,0.01,0.02,5
btc-updown-15m-1761633900,1761633900,840,0.99,,,,884.64,0,,0.01,409
btc-updown-15m-1761633900,1761633900,845,0.99,,,,758.01,0,,0.01,979
btc-updown-15m-1761633900,1761633900,850,0.99,,,,3768.1,0,,0.01,354
btc-updown-15m-1761633900,1761633900,855,0.99,,,,3586.02,0,,0.01,2489
btc-updown-15m-1761633900,1761633900,860,0.99,,,,3621.76,0,,0.01,498
btc-updown-15m-1761633900,1761633900,865,0.99,,,,4094.42,0,,0.01,665
btc-updown-15m-1761633900,1761633900,870,0.99,,,,4085.51,0,,0.01,1581
btc-updown-15m-1761633900,1761633900,875,0.99,,,,4152.51,0,,0.01,827
btc-updown-15m-1761633900,1761633900,880,0.99,,,,4171.42,0,,0.01,1893
btc-updown-15m-1761633900,1761633900,885,0.99,,,,4271.42,0,,0.01,3595
btc-updown-15m-1761633900,1761633900,890,0.99,,,,4301.42,0,,0.01,490
btc-updown-15m-1761633900,1761633900,895,0.99,,,,4326.42,0,,0.01,3797
btc-updown-15m-1761633900,1761633900,897,0.99,,,,4326.42,0,,0.01,221
btc-updown-15m-1761633900,1761633900,899,0.99,,,,4684.42,0,,0.01,78
btc-updown-15m-1761633900,1761633900,900,0.99,,,,4684.42,0,,0.01,1078
btc-updown-15m-1761638400,1761638400,0,0.53,0.54,0.535,0.01,184.4,335.88,0.46,0.47,2998
btc-updown-15m-1761638400,1761638400,15,0.61,0.62,0.615,0.01,333.3,125.4,0.38,0.39,27
btc-updown-15m-1761638400,1761638400,30,0.63,0.65,0.64,0.02,424.3,537,0.35,0.37,45
btc-updown-15m-1761638400,1761638400,45,0.58,0.6,0.59,0.02,557.09,71,0.4,0.42,33
btc-updown-15m-1761638400,1761638400,60,0.5,0.53,0.515,0.03,614.73,144,0.47,0.5,14
btc-updown-15m-1761638400,1761638400,75,0.56,0.6,0.58,0.04,141,878.8,0.4,0.44,13
btc-updown-15m-1761638400,1761638400,90,0.55,0.6,0.575,0.05,608,870,0.4,0.45,1
btc-updown-15m-1761638400,1761638400,105,0.54,0.59,0.565,0.05,985,780,0.41,0.46,154
btc-updown-15m-1761638400,1761638400,120,0.54,0.58,0.56,0.04,623,760,0.42,0.46,130
btc-updown-15m-1761638400,1761638400,135,0.52,0.55,0.535,0.03,765.13,521,0.45,0.48,2941
btc-updown-15m-1761638400,1761638400,150,0.52,0.57,0.545,0.05,812,959.8,0.43,0.48,2
btc-updown-15m-1761638400,1761638400,165,0.5,0.53,0.515,0.03,1102,542,0.47,0.5,85
btc-updown-15m-1761638400,1761638400,180,0.49,0.52,0.505,0.03,1057,855,0.48,0.51,421
btc-updown-15m-1761638400,1761638400,195,0.49,0.52,0.505,0.03,1067,850,0.48,0.51,208
btc-updown-15m-1761638400,1761638400,210,0.58,0.6,0.59,0.02,652,917.33,0.4,0.42,120
btc-updown-15m-1761638400,1761638400,225,0.58,0.61,0.595,0.03,647.85,922,0.39,0.42,123
btc-updown-15m-1761638400,1761638400,240,0.63,0.67,0.65,0.04,197,856.65,0.33,0.37,198
btc-updown-15m-1761638400,1761638400,255,0.58,0.61,0.595,0.03,648,528,0.39,0.42,101
btc-updown-15m-1761638400,1761638400,270,0.59,0.63,0.61,0.04,390,848,0.37,0.41,25
btc-updown-15m-1761638400,1761638400,285,0.58,0.62,0.6,0.04,712.86,751.87,0.38,0.42,3
btc-updown-15m-1761638400,1761638400,300,0.49,0.53,0.51,0.04,1262.6,777,0.47,0.51,201
btc-updown-15m-1761638400,1761638400,315,0.54,0.6,0.57,0.06,600.2,778.9,0.4,0.46,597
btc-updown-15m-1761638400,1761638400,330,0.57,0.6,0.585,0.03,389,521,0.4,0.43,61
btc-updown-15m-1761638400,1761638400,345,0.57,0.61,0.59,0.04,630,621,0.39,0.43,337
btc-updown-15m-1761638400,1761638400,360,0.57,0.62,0.595,0.05,649,881.6,0.38,0.43,42
btc-updown-15m-1761638400,1761638400,375,0.68,0.7,0.69,0.02,187.87,1002.4,0.3,0.32,82
btc-updown-15m-1761638400,1761638400,390,0.7,0.71,0.705,0.01,706,724.59,0.29,0.3,28
btc-updown-15m-1761638400,1761638400,405,0.63,0.67,0.65,0.04,407,584,0.33,0.37,4
btc-updown-15m-1761638400,1761638400,420,0.6,0.64,0.62,0.04,935,273,0.36,0.4,91
btc-updown-15m-1761638400,1761638400,435,0.62,0.63,0.625,0.01,658,18,0.37,0.38,10491
btc-updown-15m-1761638400,1761638400,450,0.62,0.63,0.625,0.01,658,18,0.37,0.38,25491
btc-updown-15m-1761638400,1761638400,465,0.62,0.63,0.625,0.01,658,18,0.37,0.38,40491
btc-updown-15m-1761638400,1761638400,480,0.62,0.63,0.625,0.01,658,18,0.37,0.38,55491
btc-updown-15m-1761638400,1761638400,495,0.52,0.55,0.535,0.03,885,110,0.45,0.48,323
btc-updown-15m-1761638400,1761638400,510,0.51,0.53,0.52,0.02,939.52,51,0.47,0.49,127
btc-updown-15m-1761638400,1761638400,525,0.51,0.55,0.53,0.04,948.52,95,0.45,0.49,0
btc-updown-15m-1761638400,1761638400,540,0.64,0.65,0.645,0.01,136.4,921.46,0.35,0.36,4
btc-updown-15m-1761638400,1761638400,555,0.68,0.71,0.695,0.03,108,602.4,0.29,0.32,57
btc-updown-15m-1761638400,1761638400,570,0.69,0.7,0.695,0.01,70,353.5,0.3,0.31,18
btc-updown-15m-1761638400,1761638400,585,0.72,0.74,0.73,0.02,397.7,605,0.26,0.28,249
btc-updown-15m-1761638400,1761638400,600,0.72,0.76,0.74,0.04,426.69,549.5,0.24,0.28,252
btc-updown-15m-1761638400,1761638400,615,0.73,0.75,0.74,0.02,257.69,90.75,0.25,0.27,258
btc-updown-15m-1761638400,1761638400,630,0.73,0.75,0.74,0.02,121,609.45,0.25,0.27,58
btc-updown-15m-1761638400,1761638400,645,0.41,0.44,0.425,0.03,1147,30,0.56,0.59,3
btc-updown-15m-1761638400,1761638400,660,0.47,0.51,0.49,0.04,204.11,358,0.49,0.53,71
btc-updown-15m-1761638400,1761638400,675,0.34,0.37,0.355,0.03,102.9,30.83,0.63,0.66,16
btc-updown-15m-1761638400,1761638400,690,0.32,0.34,0.33,0.02,1257.3,813.76,0.66,0.68,549
btc-updown-15m-1761638400,1761638400,705,0.32,0.39,0.355,0.07,1105.25,582.6,0.61,0.68,1
btc-updown-15m-1761638400,1761638400,720,0.4,0.46,0.43,0.06,505,74,0.54,0.6,21
btc-updown-15m-1761638400,1761638400,735,0.4,0.43,0.415,0.03,334.3,112,0.57,0.6,7
btc-updown-15m-1761638400,1761638400,750,0.37,0.44,0.405,0.07,877.06,135.13,0.56,0.63,53
btc-updown-15m-1761638400,1761638400,765,0.31,0.33,0.32,0.02,251.25,26,0.67,0.69,30
btc-updown-15m-1761638400,1761638400,780,0.2,0.21,0.205,0.01,591.4,23,0.79,0.8,16
btc-updown-15m-1761638400,1761638400,795,0.13,0.15,0.14,0.02,557,44,0.85,0.87,234
btc-updown-15m-1761638400,1761638400,810,0.15,0.17,0.16,0.02,744.25,142.65,0.83,0.85,9
btc-updown-15m-1761638400,1761638400,825,0.08,0.09,0.085,0.01,755.65,629.04,0.91,0.92,7
btc-updown-15m-1761638400,1761638400,840,0.07,0.15,0.11,0.08,520.27,184.51,0.85,0.93,717
btc-updown-15m-1761638400,1761638400,845,0.07,0.11,0.09,0.04,310.27,119,0.89,0.93,41
btc-updown-15m-1761638400,1761638400,850,0.03,0.11,0.07,0.08,1219.01,212.34,0.89,0.97,35
btc-updown-15m-1761638400,1761638400,855,0.03,0.08,0.055,0.05,691.31,165,0.92,0.97,284
btc-updown-15m-1761638400,1761638400,860,0.03,0.06,0.045,0.03,540.53,649,0.94,0.97,26
btc-updown-15m-1761638400,1761638400,865,0.02,0.05,0.035,0.03,484,602.33,0.95,0.98,885
btc-updown-15m-1761638400,1761638400,870,0.01,0.05,0.03,0.04,208.74,643.33,0.95,0.99,27
btc-updown-15m-1761638400,1761638400,875,,0.05,,,0,81,0.95,,134
btc-updown-15m-1761638400,1761638400,880,,0.01,,,0,521,0.99,,69
btc-updown-15m-1761638400,1761638400,885,,0.01,,,0,931.32,0.99,,259
btc-updown-15m-1761638400,1761638400,890,,0.01,,,0,1652.03,0.99,,489
btc-updown-15m-1761638400,1761638400,895,,0.01,,,0,1737.64,0.99,,2386
btc-updown-15m-1761638400,1761638400,897,,0.01,,,0,3737.64,0.99,,437
btc-updown-15m-1761638400,1761638400,899,,0.01,,,0,3845.64,0.99,,138
btc-updown-15m-1761638400,1761638400,900,,0.01,,,0,3913.21,0.99,,811
btc-updown-15m-1761642000,1761642000,0,0.46,0.47,0.465,0.01,363,57.12,0.53,0.54,952
btc-updown-15m-1761642000,1761642000,15,0.5,0.55,0.525,0.05,494.95,788.2,0.45,0.5,134
btc-updown-15m-1761642000,1761642000,30,0.53,0.55,0.54,0.02,110,66.17,0.45,0.47,10
btc-updown-15m-1761642000,1761642000,45,0.53,0.54,0.535,0.01,148.8,27.79,0.46,0.47,402
btc-updown-15m-1761642000,1761642000,60,0.68,0.72,0.7,0.04,50.2,873.4,0.28,0.32,105
btc-updown-15m-1761642000,1761642000,75,0.67,0.7,0.685,0.03,127,752,0.3,0.33,198
btc-updown-15m-1761642000,1761642000,90,0.71,0.74,0.725,0.03,57,768.64,0.26,0.29,12
btc-updown-15m-1761642000,1761642000,105,0.81,0.84,0.825,0.03,542.77,130.18,0.16,0.19,166
btc-updown-15m-1761642000,1761642000,120,0.81,0.82,0.815,0.01,847.6,817.51,0.18,0.19,198
btc-updown-15m-1761642000,1761642000,135,0.81,0.85,0.83,0.04,910.9,58.88,0.15,0.19,3
btc-updown-15m-1761642000,1761642000,150,0.75,0.79,0.77,0.04,616,88.73,0.21,0.25,266
btc-updown-15m-1761642000,1761642000,165,0.79,0.87,0.83,0.08,596.4,804.09,0.13,0.21,101
btc-updown-15m-1761642000,1761642000,180,0.83,0.84,0.835,0.01,112,382.94,0.16,0.17,18
btc-updown-15m-1761642000,1761642000,195,0.81,0.83,0.82,0.02,549,79.94,0.17,0.19,53
btc-updown-15m-1761642000,1761642000,210,0.84,0.87,0.855,0.03,341,689,0.13,0.16,335
btc-updown-15m-1761642000,1761642000,225,0.88,0.9,0.89,0.02,553.3,2978.41,0.1,0.12,238
btc-updown-15m-1761642000,1761642000,240,0.84,0.88,0.86,0.04,570.25,776.42,0.12,0.16,382
btc-updown-15m-1761642000,1761642000,255,0.85,0.86,0.855,0.01,1187.33,744.72,0.14,0.15,299
btc-updown-15m-1761642000,1761642000,270,0.85,0.86,0.855,0.01,1416.13,726.56,0.14,0.15,204
btc-updown-15m-1761642000,1761642000,285,0.82,0.86,0.84,0.04,314.2,706.49,0.14,0.18,476
btc-updown-15m-1761642000,1761642000,300,0.84,0.86,0.85,0.02,1173.61,648.72,0.14,0.16,40
btc-updown-15m-1761642000,1761642000,315,0.85,0.88,0.865,0.03,1170.36,850.61,0.12,0.15,465
btc-updown-15m-1761642000,1761642000,330,0.84,0.87,0.855,0.03,1170.36,678.42,0.13,0.16,533
btc-updown-15m-1761642000,1761642000,345,0.81,0.85,0.83,0.04,46,703.22,0.15,0.19,305
btc-updown-15m-1761642000,1761642000,360,0.81,0.85,0.83,0.04,546,603.39,0.15,0.19,5
btc-updown-15m-1761642000,1761642000,375,0.79,0.84,0.815,0.05,773,659.17,0.16,0.21,8
btc-updown-15m-1761642000,1761642000,390,0.78,0.82,0.8,0.04,537,797,0.18,0.22,409
btc-updown-15m-1761642000,1761642000,405,0.73,0.77,0.75,0.04,871,302,0.23,0.27,28
btc-updown-15m-1761642000,1761642000,420,0.71,0.76,0.735,0.05,1023.75,304,0.24,0.29,134
btc-updown-15m-1761642000,1761642000,435,0.73,0.78,0.755,0.05,822.55,623,0.22,0.27,335
btc-updown-15m-1761642000,1761642000,450,0.77,0.8,0.785,0.03,282,630.6,0.2,0.23,7
btc-updown-15m-1761642000,1761642000,465,0.78,0.8,0.79,0.02,276.65,513.8,0.2,0.22,20
btc-updown-15m-1761642000,1761642000,480,0.77,0.8,0.785,0.03,307.65,758,0.2,0.23,401
btc-updown-15m-1761642000,1761642000,495,0.73,0.74,0.735,0.01,772.55,78.8,0.26,0.27,4
btc-updown-15m-1761642000,1761642000,510,0.66,0.69,0.675,0.03,536.81,681.34,0.31,0.34,197
btc-updown-15m-1761642000,1761642000,525,0.62,0.68,0.65,0.06,892,617.8,0.32,0.38,14
btc-updown-15m-1761642000,1761642000,540,0.61,0.66,0.635,0.05,1012,668.32,0.34,0.39,5
btc-updown-15m-1761642000,1761642000,555,0.55,0.58,0.565,0.03,292,831,0.42,0.45,31
btc-updown-15m-1761642000,1761642000,570,0.51,0.55,0.53,0.04,815.4,529.9,0.45,0.49,726
btc-updown-15m-1761642000,1761642000,585,0.34,0.38,0.36,0.04,760,278,0.62,0.66,4
btc-updown-15m-1761642000,1761642000,600,0.28,0.34,0.31,0.06,761.48,623.8,0.66,0.72,103
btc-updown-15m-1761642000,1761642000,615,0.27,0.31,0.29,0.04,770,619.6,0.69,0.73,213
btc-updown-15m-1761642000,1761642000,630,0.2,0.22,0.21,0.02,686,158.2,0.78,0.8,41
btc-updown-15m-1761642000,1761642000,645,0.16,0.19,0.175,0.03,512.52,3623.67,0.81,0.84,216
btc-updown-15m-1761642000,1761642000,660,0.15,0.18,0.165,0.03,293.12,3478.27,0.82,0.85,26
btc-updown-15m-1761642000,1761642000,675,0.08,0.12,0.1,0.04,929.5,50.83,0.88,0.92,278
btc-updown-15m-1761642000,1761642000,690,0.09,0.12,0.105,0.03,271,59.84,0.88,0.91,14
btc-updown-15m-1761642000,1761642000,705,0.09,0.14,0.115,0.05,745.09,150.5,0.86,0.91,17
btc-updown-15m-1761642000,1761642000,720,0.11,0.14,0.125,0.03,573.63,229.8,0.86,0.89,202
btc-updown-15m-1761642000,1761642000,735,0.09,0.12,0.105,0.03,522.69,146.65,0.88,0.91,584
btc-updown-15m-1761642000,1761642000,750,0.15,0.18,0.165,0.03,529,87,0.82,0.85,1
btc-updown-15m-1761642000,1761642000,765,0.15,0.2,0.175,0.05,586,97,0.8,0.85,160
btc-updown-15m-1761642000,1761642000,780,0.11,0.17,0.14,0.06,884.1,97,0.83,0.89,48
btc-updown-15m-1761642000,1761642000,795,0.21,0.27,0.24,0.06,273,160,0.73,0.79,326
btc-updown-15m-1761642000,1761642000,810,0.1,0.14,0.12,0.04,784.69,112,0.86,0.9,12
btc-updown-15m-1761642000,1761642000,825,0.08,0.13,0.105,0.05,546,96,0.87,0.92,239
btc-updown-15m-1761642000,1761642000,840,0.05,0.13,0.09,0.08,310.09,101,0.87,0.95,18
btc-updown-15m-1761642000,1761642000,845,0.06,0.08,0.07,0.02,716.45,146,0.92,0.94,542
btc-updown-15m-1761642000,1761642000,850,0.07,0.13,0.1,0.06,55,75,0.87,0.93,11
btc-updown-15m-1761642000,1761642000,855,0.03,0.05,0.04,0.02,788.59,74.12,0.95,0.97,56
btc-updown-15m-1761642000,1761642000,860,0.02,0.05,0.035,0.03,422.59,68.88,0.95,0.98,942
btc-updown-15m-1761642000,1761642000,865,0.01,0.03,0.02,0.02,157.81,62.12,0.97,0.99,116
btc-updown-15m-1761642000,1761642000,870,,0.01,,,0,1953.71,0.99,,12
btc-updown-15m-1761642000,1761642000,875,,0.01,,,0,2116.2,0.99,,194
btc-updown-15m-1761642000,1761642000,880,,0.01,,,0,2116.2,0.99,,137
btc-updown-15m-1761642000,1761642000,885,,0.01,,,0,2116.2,0.99,,211
btc-updown-15m-1761642000,1761642000,890,,0.01,,,0,2232.2,0.99,,111
btc-updown-15m-1761642000,1761642000,895,,0.01,,,0,2988.28,0.99,,608
btc-updown-15m-1761642000,1761642000,897,,0.01,,,0,3070.28,0.99,,532
btc-updown-15m-1761642000,1761642000,899,,0.01,,,0,3052.18,0.99,,98
btc-updown-15m-1761642000,1761642000,900,,0.01,,,0,3152.18,0.99,,986
btc-updown-15m-1761646500,1761646500,0,0.51,0.54,0.525,0.03,328.14,344,0.46,0.49,144
btc-updown-15m-1761646500,1761646500,15,0.56,0.59,0.575,0.03,101.24,417.8,0.41,0.44,0
btc-updown-15m-1761646500,1761646500,30,0.54,0.59,0.565,0.05,163.13,102.23,0.41,0.46,189
btc-updown-15m-1761646500,1761646500,45,0.57,0.59,0.58,0.02,56,44.73,0.41,0.43,283
btc-updown-15m-1761646500,1761646500,60,0.61,0.66,0.635,0.05,128.37,878.26,0.34,0.39,92
btc-updown-15m-1761646500,1761646500,75,0.59,0.63,0.61,0.04,130.2,632,0.37,0.41,511
btc-updown-15m-1761646500,1761646500,90,0.59,0.62,0.605,0.03,103,339.38,0.38,0.41,126
btc-updown-15m-1761646500,1761646500,105,0.45,0.53,0.49,0.08,676.2,57,0.47,0.55,53
btc-updown-15m-1761646500,1761646500,120,0.48,0.56,0.52,0.08,438.5,494,0.44,0.52,116
btc-updown-15m-1761646500,1761646500,135,0.4,0.42,0.41,0.02,414.89,177,0.58,0.6,0
btc-updown-15m-1761646500,1761646500,150,0.4,0.42,0.41,0.02,65.5,246,0.58,0.6,509
btc-updown-15m-1761646500,1761646500,165,0.33,0.36,0.345,0.03,267,263,0.64,0.67,95
btc-updown-15m-1761646500,1761646500,180,0.32,0.35,0.335,0.03,627,136.44,0.65,0.68,67
btc-updown-15m-1761646500,1761646500,195,0.32,0.37,0.345,0.05,213,113,0.63,0.68,23
btc-updown-15m-1761646500,1761646500,210,0.36,0.42,0.39,0.06,137,794,0.58,0.64,17
btc-updown-15m-1761646500,1761646500,225,0.42,0.46,0.44,0.04,112,401,0.54,0.58,16
btc-updown-15m-1761646500,1761646500,240,0.49,0.5,0.495,0.01,170,60.16,0.5,0.51,128
btc-updown-15m-1761646500,1761646500,255,0.49,0.5,0.495,0.01,170,92.16,0.5,0.51,112
btc-updown-15m-1761646500,1761646500,270,0.5,0.53,0.515,0.03,85,197,0.47,0.5,519
btc-updown-15m-1761646500,1761646500,285,0.51,0.55,0.53,0.04,84,866,0.45,0.49,160
btc-updown-15m-1761646500,1761646500,300,0.5,0.55,0.525,0.05,39,366,0.45,0.5,0
btc-updown-15m-1761646500,1761646500,315,0.52,0.55,0.535,0.03,58,287.7,0.45,0.48,69
btc-updown-15m-1761646500,1761646500,330,0.49,0.56,0.525,0.07,104,613,0.44,0.51,173
btc-updown-15m-1761646500,1761646500,345,0.47,0.52,0.495,0.05,112,143,0.48,0.53,804
btc-updown-15m-1761646500,1761646500,360,0.45,0.51,0.48,0.06,332.49,188.8,0.49,0.55,242
btc-updown-15m-1761646500,1761646500,375,0.44,0.49,0.465,0.05,812,106,0.51,0.56,0
btc-updown-15m-1761646500,1761646500,390,0.42,0.44,0.43,0.02,126,97,0.56,0.58,0
btc-updown-15m-1761646500,1761646500,405,0.39,0.46,0.425,0.07,738.3,66,0.54,0.61,1
btc-updown-15m-1761646500,1761646500,420,0.47,0.52,0.495,0.05,60,572.91,0.48,0.53,595
btc-updown-15m-1761646500,1761646500,435,0.5,0.53,0.515,0.03,141,37,0.47,0.5,163
btc-updown-15m-1761646500,1761646500,450,0.58,0.61,0.595,0.03,29,310,0.39,0.42,67
btc-updown-15m-1761646500,1761646500,465,0.56,0.61,0.585,0.05,80,434.36,0.39,0.44,6
btc-updown-15m-1761646500,1761646500,480,0.56,0.61,0.585,0.05,121,102,0.39,0.44,195
btc-updown-15m-1761646500,1761646500,495,0.56,0.62,0.59,0.06,175,193.21,0.38,0.44,795
btc-updown-15m-1761646500,1761646500,510,0.58,0.64,0.61,0.06,67,420.5,0.36,0.42,46
btc-updown-15m-1761646500,1761646500,525,0.74,0.78,0.76,0.04,62,522,0.22,0.26,210
btc-updown-15m-1761646500,1761646500,540,0.7,0.74,0.72,0.04,153,88,0.26,0.3,4
btc-updown-15m-1761646500,1761646500,555,0.75,0.79,0.77,0.04,56,64.5,0.21,0.25,5
btc-updown-15m-1761646500,1761646500,570,0.79,0.83,0.81,0.04,94,543.8,0.17,0.21,44
btc-updown-15m-1761646500,1761646500,585,0.82,0.84,0.83,0.02,133.95,242.3,0.16,0.18,261
btc-updown-15m-1761646500,1761646500,600,0.79,0.84,0.815,0.05,113.52,501.2,0.16,0.21,237
btc-updown-15m-1761646500,1761646500,615,0.83,0.88,0.855,0.05,358.38,774,0.12,0.17,48
btc-updown-15m-1761646500,1761646500,630,0.85,0.9,0.875,0.05,122,335.5,0.1,0.15,76
btc-updown-15m-1761646500,1761646500,645,0.87,0.91,0.89,0.04,84,574.36,0.09,0.13,76
btc-updown-15m-1761646500,1761646500,660,0.8,0.87,0.835,0.07,317.38,533.25,0.13,0.2,2
btc-updown-15m-1761646500,1761646500,675,0.73,0.76,0.745,0.03,71,136.44,0.24,0.27,0
btc-updown-15m-1761646500,1761646500,690,0.72,0.76,0.74,0.04,163.47,47.46,0.24,0.28,85
btc-updown-15m-1761646500,1761646500,705,0.74,0.78,0.76,0.04,32,608.5,0.22,0.26,5
btc-updown-15m-1761646500,1761646500,720,0.79,0.82,0.805,0.03,27,60.4,0.18,0.21,0
btc-updown-15m-1761646500,1761646500,735,0.81,0.84,0.825,0.03,33,536.5,0.16,0.19,31
btc-updown-15m-1761646500,1761646500,750,0.83,0.88,0.855,0.05,144.38,154.85,0.12,0.17,15
btc-updown-15m-1761646500,1761646500,765,0.91,0.93,0.92,0.02,92.33,848,0.07,0.09,75
btc-updown-15m-1761646500,1761646500,780,0.88,0.9,0.89,0.02,181.4,504.96,0.1,0.12,25
btc-updown-15m-1761646500,1761646500,795,0.93,0.96,0.945,0.03,163,1242,0.04,0.07,10
btc-updown-15m-1761646500,1761646500,810,0.95,0.97,0.96,0.02,103.44,1971,0.03,0.05,270
btc-updown-15m-1761646500,1761646500,825,0.97,0.99,0.98,0.02,57.22,693,0.01,0.03,285
btc-updown-15m-1761646500,1761646500,840,0.97,0.99,0.98,0.02,56.88,523.62,0.01,0.03,654
btc-updown-15m-1761646500,1761646500,845,0.98,0.99,0.985,0.01,193.88,512.6,0.01,0.02,181
btc-updown-15m-1761646500,1761646500,850,0.98,0.99,0.985,0.01,193.88,68.77,0.01,0.02,841
btc-updown-15m-1761646500,1761646500,855,0.99,,,,793.43,0,,0.01,1229
btc-updown-15m-1761646500,1761646500,860,0.99,,,,798.52,0,,0.01,780
btc-updown-15m-1761646500,1761646500,865,0.99,,,,969.44,0,,0.01,711
btc-updown-15m-1761646500,1761646500,870,0.99,,,,994.35,0,,0.01,739
btc-updown-15m-1761646500,1761646500,875,0.99,,,,1015.44,0,,0.01,677
btc-updown-15m-1761646500,1761646500,880,0.99,,,,1054.44,0,,0.01,259
btc-updown-15m-1761646500,1761646500,885,0.99,,,,1069.44,0,,0.01,178
btc-updown-15m-1761646500,1761646500,890,0.99,,,,1601.44,0,,0.01,808
btc-updown-15m-1761646500,1761646500,895,0.99,,,,1578.86,0,,0.01,1656
btc-updown-15m-1761646500,1761646500,897,0.99,,,,1578.86,0,,0.01,1532
btc-updown-15m-1761646500,1761646500,899,0.99,,,,1578.86,0,,0.01,271
btc-updown-15m-1761646500,1761646500,900,0.99,,,,1686.86,0,,0.01,407
btc-updown-15m-1761651000,1761651000,0,0.46,0.48,0.47,0.02,324,165.95,0.52,0.54,1236
btc-updown-15m-1761651000,1761651000,15,0.46,0.59,0.525,0.13,85.18,96.46,0.41,0.54,776
btc-updown-15m-1761651000,1761651000,30,0.47,0.5,0.485,0.03,46.7,93,0.5,0.53,330
btc-updown-15m-1761651000,1761651000,45,0.47,0.53,0.5,0.06,73.7,187,0.47,0.53,66
btc-updown-15m-1761651000,1761651000,60,0.48,0.54,0.51,0.06,129.6,235,0.46,0.52,2
btc-updown-15m-1761651000,1761651000,75,0.55,0.58,0.565,0.03,80.97,41,0.42,0.45,539
btc-updown-15m-1761651000,1761651000,90,0.5,0.54,0.52,0.04,197,126.5,0.46,0.5,20
btc-updown-15m-1761651000,1761651000,105,0.42,0.46,0.44,0.04,310.3,116,0.54,0.58,17
btc-updown-15m-1761651000,1761651000,120,0.42,0.47,0.445,0.05,334,265,0.53,0.58,51
btc-updown-15m-1761651000,1761651000,135,0.53,0.59,0.56,0.06,238,251,0.41,0.47,343
btc-updown-15m-1761651000,1761651000,150,0.53,0.57,0.55,0.04,40,228,0.43,0.47,205
btc-updown-15m-1761651000,1761651000,165,0.53,0.57,0.55,0.04,123,95,0.43,0.47,1
btc-updown-15m-1761651000,1761651000,180,0.65,0.66,0.655,0.01,220.38,68.19,0.34,0.35,106
btc-updown-15m-1761651000,1761651000,195,0.54,0.57,0.555,0.03,112,46,0.43,0.46,15
btc-updown-15m-1761651000,1761651000,210,0.58,0.62,0.6,0.04,98,200,0.38,0.42,4
btc-updown-15m-1761651000,1761651000,225,0.65,0.7,0.675,0.05,128,222.47,0.3,0.35,16
btc-updown-15m-1761651000,1761651000,240,0.64,0.69,0.665,0.05,127.83,214.55,0.31,0.36,125
btc-updown-15m-1761651000,1761651000,255,0.64,0.68,0.66,0.04,124,127,0.32,0.36,262
btc-updown-15m-1761651000,1761651000,270,0.64,0.66,0.65,0.02,97,118,0.34,0.36,3
btc-updown-15m-1761651000,1761651000,285,0.6,0.62,0.61,0.02,100.06,238.6,0.38,0.4,513
btc-updown-15m-1761651000,1761651000,300,0.6,0.64,0.62,0.04,120,162.8,0.36,0.4,566
btc-updown-15m-1761651000,1761651000,315,0.57,0.6,0.585,0.03,167,29,0.4,0.43,60
btc-updown-15m-1761651000,1761651000,330,0.6,0.64,0.62,0.04,48,328.3,0.36,0.4,23
btc-updown-15m-1761651000,1761651000,345,0.61,0.65,0.63,0.04,43.43,314.13,0.35,0.39,32
btc-updown-15m-1761651000,1761651000,360,0.61,0.65,0.63,0.04,96,462.18,0.35,0.39,356
btc-updown-15m-1761651000,1761651000,375,0.64,0.65,0.645,0.01,67,432.1,0.35,0.36,58
btc-updown-15m-1761651000,1761651000,390,0.66,0.7,0.68,0.04,68,235.8,0.3,0.34,23
btc-updown-15m-1761651000,1761651000,405,0.64,0.7,0.67,0.06,180,194.92,0.3,0.36,226
btc-updown-15m-1761651000,1761651000,420,0.71,0.76,0.735,0.05,171,197.1,0.24,0.29,269
btc-updown-15m-1761651000,1761651000,435,0.74,0.76,0.75,0.02,259,207.61,0.24,0.26,1031
btc-updown-15m-1761651000,1761651000,450,0.84,0.87,0.855,0.03,67.49,267.55,0.13,0.16,83
btc-updown-15m-1761651000,1761651000,465,0.84,0.88,0.86,0.04,67.49,335.82,0.12,0.16,935
btc-updown-15m-1761651000,1761651000,480,0.86,0.89,0.875,0.03,192.76,528.4,0.11,0.14,71
btc-updown-15m-1761651000,1761651000,495,0.86,0.9,0.88,0.04,279.27,602,0.1,0.14,61
btc-updown-15m-1761651000,1761651000,510,0.83,0.89,0.86,0.06,180,784.8,0.11,0.17,13
btc-updown-15m-1761651000,1761651000,525,0.88,0.9,0.89,0.02,253.18,898.7,0.1,0.12,237
btc-updown-15m-1761651000,1761651000,540,0.89,0.9,0.895,0.01,138.18,744.8,0.1,0.11,778
btc-updown-15m-1761651000,1761651000,555,0.89,0.91,0.9,0.02,190.18,239.8,0.09,0.11,1595
btc-updown-15m-1761651000,1761651000,570,0.89,0.92,0.905,0.03,201.24,231.8,0.08,0.11,45
btc-updown-15m-1761651000,1761651000,585,0.94,0.97,0.955,0.03,219.82,11115.76,0.03,0.06,141
btc-updown-15m-1761651000,1761651000,600,0.8,0.87,0.835,0.07,189,136.2,0.13,0.2,53
btc-updown-15m-1761651000,1761651000,615,0.66,0.73,0.695,0.07,180.7,80,0.27,0.34,493
btc-updown-15m-1761651000,1761651000,630,0.36,0.41,0.385,0.05,81.77,170.4,0.59,0.64,172
btc-updown-15m-1761651000,1761651000,645,0.26,0.3,0.28,0.04,53.27,130,0.7,0.74,23
btc-updown-15m-1761651000,1761651000,660,0.14,0.21,0.175,0.07,114,128,0.79,0.86,393
btc-updown-15m-1761651000,1761651000,675,0.13,0.23,0.18,0.1,179.99,146.87,0.77,0.87,7
btc-updown-15m-1761651000,1761651000,690,0.04,0.08,0.06,0.04,1108,221.3,0.92,0.96,1019
btc-updown-15m-1761651000,1761651000,705,0.06,0.11,0.085,0.05,331.82,205,0.89,0.94,478
btc-updown-15m-1761651000,1761651000,720,0.05,0.12,0.085,0.07,249.82,166.09,0.88,0.95,23
btc-updown-15m-1761651000,1761651000,735,0.05,0.15,0.1,0.1,446.82,123.8,0.85,0.95,83
btc-updown-15m-1761651000,1761651000,750,0.14,0.2,0.17,0.06,129.8,47,0.8,0.86,89
btc-updown-15m-1761651000,1761651000,765,0.4,0.43,0.415,0.03,108.67,38,0.57,0.6,31
btc-updown-15m-1761651000,1761651000,780,0.35,0.4,0.375,0.05,98.3,91,0.6,0.65,10
btc-updown-15m-1761651000,1761651000,795,0.27,0.32,0.295,0.05,85,92,0.68,0.73,19
btc-updown-15m-1761651000,1761651000,810,0.12,0.21,0.165,0.09,131,50,0.79,0.88,9
btc-updown-15m-1761651000,1761651000,825,0.12,0.19,0.155,0.07,84,34,0.81,0.88,168
btc-updown-15m-1761651000,1761651000,840,0.06,0.14,0.1,0.08,464,164,0.86,0.94,97
btc-updown-15m-1761651000,1761651000,845,0.02,0.1,0.06,0.08,549,243,0.9,0.98,82
btc-updown-15m-1761651000,1761651000,850,0.01,0.1,0.055,0.09,377.57,304.46,0.9,0.99,351
btc-updown-15m-1761651000,1761651000,855,0.01,0.07,0.04,0.06,158.27,253.46,0.93,0.99,22
btc-updown-15m-1761651000,1761651000,860,,0.01,,,0,407.82,0.99,,43
btc-updown-15m-1761651000,1761651000,865,,0.01,,,0,169.27,0.99,,631
btc-updown-15m-1761651000,1761651000,870,,0.01,,,0,169.27,0.99,,495
btc-updown-15m-1761651000,1761651000,875,,0.01,,,0,2774.41,0.99,,450
btc-updown-15m-1761651000,1761651000,880,,0.01,,,0,2795.54,0.99,,26
btc-updown-15m-1761651000,1761651000,885,,0.01,,,0,2736.17,0.99,,692
btc-updown-15m-1761651000,1761651000,890,,0.01,,,0,2031.03,0.99,,7
btc-updown-15m-1761651000,1761651000,895,,0.01,,,0,2606.03,0.99,,26
btc-updown-15m-1761651000,1761651000,897,,0.01,,,0,2654.03,0.99,,207
btc-updown-15m-1761651000,1761651000,899,,0.01,,,0,2754.03,0.99,,61
btc-updown-15m-1761651000,1761651000,900,,0.01,,,0,2754.03,0.99,,1061
btc-updown-15m-1761655500,1761655500,0,0.46,0.54,0.5,0.08,362,329,0.46,0.54,36
btc-updown-15m-1761655500,1761655500,15,0.47,0.55,0.51,0.08,545,771.1,0.45,0.53,21
btc-updown-15m-1761655500,1761655500,30,0.55,0.57,0.56,0.02,41.51,105.96,0.43,0.45,132
btc-updown-15m-1761655500,1761655500,45,0.66,0.67,0.665,0.01,126,575,0.33,0.34,216
btc-updown-15m-1761655500,1761655500,60,0.73,0.75,0.74,0.02,140.84,927,0.25,0.27,0
btc-updown-15m-1761655500,1761655500,75,0.82,0.84,0.83,0.02,183.9,1030.97,0.16,0.18,1
btc-updown-15m-1761655500,1761655500,90,0.84,0.85,0.845,0.01,200.5,171.22,0.15,0.16,281
btc-updown-15m-1761655500,1761655500,105,0.85,0.86,0.855,0.01,423.2,893.37,0.14,0.15,1
btc-updown-15m-1761655500,1761655500,120,0.83,0.86,0.845,0.03,263.85,876,0.14,0.17,454
btc-updown-15m-1761655500,1761655500,135,0.85,0.88,0.865,0.03,228.1,1123,0.12,0.15,298
btc-updown-15m-1761655500,1761655500,150,0.83,0.87,0.85,0.04,183.78,726.39,0.13,0.17,116
btc-updown-15m-1761655500,1761655500,165,0.78,0.82,0.8,0.04,257.29,767.59,0.18,0.22,24
btc-updown-15m-1761655500,1761655500,180,0.8,0.81,0.805,0.01,268.21,647.6,0.19,0.2,1453
btc-updown-15m-1761655500,1761655500,195,0.76,0.8,0.78,0.04,151,718.7,0.2,0.24,14
btc-updown-15m-1761655500,1761655500,210,0.78,0.82,0.8,0.04,198,840.62,0.18,0.22,343
btc-updown-15m-1761655500,1761655500,225,0.81,0.83,0.82,0.02,197,712.42,0.17,0.19,738
btc-updown-15m-1761655500,1761655500,240,0.81,0.83,0.82,0.02,227.75,821,0.17,0.19,223
btc-updown-15m-1761655500,1761655500,255,0.8,0.84,0.82,0.04,127.75,874.4,0.16,0.2,127
btc-updown-15m-1761655500,1761655500,270,0.82,0.85,0.835,0.03,88.75,941.6,0.15,0.18,216
btc-updown-15m-1761655500,1761655500,285,0.84,0.88,0.86,0.04,176,1107,0.12,0.16,20
btc-updown-15m-1761655500,1761655500,300,0.85,0.87,0.86,0.02,256,696.01,0.13,0.15,89
btc-updown-15m-1761655500,1761655500,315,0.81,0.85,0.83,0.04,147,956.8,0.15,0.19,128
btc-updown-15m-1761655500,1761655500,330,0.81,0.83,0.82,0.02,156,407.4,0.17,0.19,96
btc-updown-15m-1761655500,1761655500,345,0.72,0.76,0.74,0.04,126,665.7,0.24,0.28,131
btc-updown-15m-1761655500,1761655500,360,0.7,0.73,0.715,0.03,246,91,0.27,0.3,81
btc-updown-15m-1761655500,1761655500,375,0.71,0.75,0.73,0.04,190,619.4,0.25,0.29,129
btc-updown-15m-1761655500,1761655500,390,0.62,0.69,0.655,0.07,290,1053.7,0.31,0.38,146
btc-updown-15m-1761655500,1761655500,405,0.62,0.67,0.645,0.05,416,150.97,0.33,0.38,494
btc-updown-15m-1761655500,1761655500,420,0.62,0.67,0.645,0.05,257.25,661.24,0.33,0.38,113
btc-updown-15m-1761655500,1761655500,435,0.73,0.76,0.745,0.03,110,387.8,0.24,0.27,19
btc-updown-15m-1761655500,1761655500,450,0.76,0.78,0.77,0.02,132.1,541.5,0.22,0.24,69
btc-updown-15m-1761655500,1761655500,465,0.67,0.72,0.695,0.05,165,389.3,0.28,0.33,518
btc-updown-15m-1761655500,1761655500,480,0.67,0.7,0.685,0.03,154,303.3,0.3,0.33,9
btc-updown-15m-1761655500,1761655500,495,0.74,0.8,0.77,0.06,106,936,0.2,0.26,13
btc-updown-15m-1761655500,1761655500,510,0.79,0.82,0.805,0.03,138.72,823.4,0.18,0.21,7
btc-updown-15m-1761655500,1761655500,525,0.81,0.83,0.82,0.02,170.4,278,0.17,0.19,191
btc-updown-15m-1761655500,1761655500,540,0.83,0.86,0.845,0.03,151.68,729.91,0.14,0.17,263
btc-updown-15m-1761655500,1761655500,555,0.79,0.83,0.81,0.04,132.72,840.55,0.17,0.21,0
btc-updown-15m-1761655500,1761655500,570,0.86,0.9,0.88,0.04,111,319.21,0.1,0.14,15
btc-updown-15m-1761655500,1761655500,585,0.88,0.92,0.9,0.04,118.67,864.36,0.08,0.12,182
btc-updown-15m-1761655500,1761655500,600,0.83,0.89,0.86,0.06,278,846.87,0.11,0.17,141
btc-updown-15m-1761655500,1761655500,615,0.92,0.94,0.93,0.02,230,1136.18,0.06,0.08,53
btc-updown-15m-1761655500,1761655500,630,0.9,0.94,0.92,0.04,34.3,1057.18,0.06,0.1,190
btc-updown-15m-1761655500,1761655500,645,0.94,0.97,0.955,0.03,91.25,12236.43,0.03,0.06,296
btc-updown-15m-1761655500,1761655500,660,0.96,0.98,0.97,0.02,668.25,11562.93,0.02,0.04,144
btc-updown-15m-1761655500,1761655500,675,0.97,0.98,0.975,0.01,46.13,11407.82,0.02,0.03,1139
btc-updown-15m-1761655500,1761655500,690,0.97,0.99,0.98,0.02,676.13,11102.6,0.01,0.03,141
btc-updown-15m-1761655500,1761655500,705,0.94,0.98,0.96,0.04,367.44,11328.22,0.02,0.06,1021
btc-updown-15m-1761655500,1761655500,720,0.98,0.99,0.985,0.01,3045.62,10781.47,0.01,0.02,51
btc-updown-15m-1761655500,1761655500,735,0.95,0.99,0.97,0.04,326.63,10692.92,0.01,0.05,26
btc-updown-15m-1761655500,1761655500,750,0.95,0.98,0.965,0.03,332.63,578.85,0.02,0.05,0
btc-updown-15m-1761655500,1761655500,765,0.95,0.99,0.97,0.04,395.31,41.8,0.01,0.05,892
btc-updown-15m-1761655500,1761655500,780,0.96,,,,3265.44,0,,0.04,288
btc-updown-15m-1761655500,1761655500,795,0.99,0.993,0.9915,0.003,3565.09,60,0.007,0.01,58
btc-updown-15m-1761655500,1761655500,810,0.99,0.995,0.9925,0.005,674.7,60,0.005,0.01,143
btc-updown-15m-1761655500,1761655500,825,0.99,0.999,0.9945,0.009,1089.6,1050,0.001,0.01,449
btc-updown-15m-1761655500,1761655500,840,0.99,0.999,0.9945,0.009,1195.78,1050,0.001,0.01,174
btc-updown-15m-1761655500,1761655500,845,0.99,0.999,0.9945,0.009,1195.78,1050,0.001,0.01,1080
btc-updown-15m-1761655500,1761655500,850,0.99,0.999,0.9945,0.009,1151.78,1050,0.001,0.01,182
btc-updown-15m-1761655500,1761655500,855,0.991,0.999,0.995,0.008,915.03,1050,0.001,0.009,2010
btc-updown-15m-1761655500,1761655500,860,0.991,0.999,0.995,0.008,915.03,1050,0.001,0.009,3533
btc-updown-15m-1761655500,1761655500,865,0.991,,,,405.36,0,,0.009,86
btc-updown-15m-1761655500,1761655500,870,0.99,,,,601.72,0,,0.01,224
btc-updown-15m-1761655500,1761655500,875,0.99,,,,1197.72,0,,0.01,547
btc-updown-15m-1761655500,1761655500,880,0.99,,,,1491.54,0,,0.01,83
btc-updown-15m-1761655500,1761655500,885,0.99,,,,1694.72,0,,0.01,743
btc-updown-15m-1761655500,1761655500,890,0.99,,,,1704.72,0,,0.01,192
btc-updown-15m-1761655500,1761655500,895,0.99,,,,1629.72,0,,0.01,1405
btc-updown-15m-1761655500,1761655500,897,0.99,,,,1629.72,0,,0.01,3405
btc-updown-15m-1761655500,1761655500,899,0.999,,,,2503.98,0,,0.001,246
btc-updown-15m-1761655500,1761655500,900,0.999,,,,2511.98,0,,0.001,211
btc-updown-15m-1761660000,1761660000,0,0.44,0.45,0.445,0.01,394.57,2527.42,0.55,0.56,607
btc-updown-15m-1761660000,1761660000,15,0.44,0.47,0.455,0.03,113,1380.74,0.53,0.56,12
btc-updown-15m-1761660000,1761660000,30,0.51,0.55,0.53,0.04,110.21,456.96,0.45,0.49,0
btc-updown-15m-1761660000,1761660000,45,0.49,0.52,0.505,0.03,457.6,281,0.48,0.51,28
btc-updown-15m-1761660000,1761660000,60,0.47,0.51,0.49,0.04,190.9,32.34,0.49,0.53,31
btc-updown-15m-1761660000,1761660000,75,0.47,0.48,0.475,0.01,167.96,135,0.52,0.53,72
btc-updown-15m-1761660000,1761660000,90,0.4,0.45,0.425,0.05,767.6,353,0.55,0.6,113
btc-updown-15m-1761660000,1761660000,105,0.38,0.42,0.4,0.04,120,206.77,0.58,0.62,435
btc-updown-15m-1761660000,1761660000,120,0.33,0.35,0.34,0.02,330.97,101.69,0.65,0.67,6
btc-updown-15m-1761660000,1761660000,135,0.33,0.38,0.355,0.05,312.39,453.9,0.62,0.67,104
btc-updown-15m-1761660000,1761660000,150,0.44,0.46,0.45,0.02,87.96,164.93,0.54,0.56,401
btc-updown-15m-1761660000,1761660000,165,0.47,0.5,0.485,0.03,456.6,170,0.5,0.53,1115
btc-updown-15m-1761660000,1761660000,180,0.43,0.48,0.455,0.05,328.27,230,0.52,0.57,178
btc-updown-15m-1761660000,1761660000,195,0.49,0.52,0.505,0.03,167,278,0.48,0.51,0
btc-updown-15m-1761660000,1761660000,210,0.49,0.52,0.505,0.03,44,295,0.48,0.51,174
btc-updown-15m-1761660000,1761660000,225,0.37,0.4,0.385,0.03,356,38.47,0.6,0.63,1
btc-updown-15m-1761660000,1761660000,240,0.48,0.53,0.505,0.05,66,392,0.47,0.52,16
btc-updown-15m-1761660000,1761660000,255,0.51,0.54,0.525,0.03,364,331.92,0.46,0.49,157
btc-updown-15m-1761660000,1761660000,270,0.5,0.54,0.52,0.04,364.9,87.94,0.46,0.5,50
btc-updown-15m-1761660000,1761660000,285,0.5,0.54,0.52,0.04,220,368.62,0.46,0.5,59
btc-updown-15m-1761660000,1761660000,300,0.49,0.55,0.52,0.06,120.5,249,0.45,0.51,19
btc-updown-15m-1761660000,1761660000,315,0.5,0.55,0.525,0.05,71.9,154,0.45,0.5,140
btc-updown-15m-1761660000,1761660000,330,0.53,0.56,0.545,0.03,59,253,0.44,0.47,0
btc-updown-15m-1761660000,1761660000,345,0.51,0.53,0.52,0.02,276,159,0.47,0.49,7
btc-updown-15m-1761660000,1761660000,360,0.38,0.42,0.4,0.04,254.5,43,0.58,0.62,70
btc-updown-15m-1761660000,1761660000,375,0.25,0.28,0.265,0.03,273,167,0.72,0.75,10
btc-updown-15m-1761660000,1761660000,390,0.24,0.29,0.265,0.05,198.4,352,0.71,0.76,7
btc-updown-15m-1761660000,1761660000,405,0.16,0.18,0.17,0.02,419,276.1,0.82,0.84,14
btc-updown-15m-1761660000,1761660000,420,0.15,0.17,0.16,0.02,89.62,320.17,0.83,0.85,218
btc-updown-15m-1761660000,1761660000,435,0.12,0.16,0.14,0.04,658.57,184,0.84,0.88,985
btc-updown-15m-1761660000,1761660000,450,0.12,0.14,0.13,0.02,244.94,159.11,0.86,0.88,2248
btc-updown-15m-1761660000,1761660000,465,0.12,0.14,0.13,0.02,244.94,159.11,0.86,0.88,17248
btc-updown-15m-1761660000,1761660000,480,0.12,0.14,0.13,0.02,244.94,159.11,0.86,0.88,32248
btc-updown-15m-1761660000,1761660000,495,0.12,0.14,0.13,0.02,244.94,159.11,0.86,0.88,47248
btc-updown-15m-1761660000,1761660000,510,0.12,0.14,0.13,0.02,311.94,159.11,0.86,0.88,634
btc-updown-15m-1761660000,1761660000,525,0.23,0.26,0.245,0.03,72.3,92,0.74,0.77,0
btc-updown-15m-1761660000,1761660000,540,0.22,0.26,0.24,0.04,274,88.21,0.74,0.78,179
btc-updown-15m-1761660000,1761660000,555,0.25,0.27,0.26,0.02,178,254,0.73,0.75,86
btc-updown-15m-1761660000,1761660000,570,0.22,0.25,0.235,0.03,107,117,0.75,0.78,4
btc-updown-15m-1761660000,1761660000,585,0.22,0.27,0.245,0.05,314,95,0.73,0.78,6
btc-updown-15m-1761660000,1761660000,600,0.21,0.28,0.245,0.07,118,416.33,0.72,0.79,20
btc-updown-15m-1761660000,1761660000,615,0.15,0.22,0.185,0.07,194.74,200,0.78,0.85,12
btc-updown-15m-1761660000,1761660000,630,0.22,0.26,0.24,0.04,106.4,238,0.74,0.78,17
btc-updown-15m-1761660000,1761660000,645,0.22,0.26,0.24,0.04,186.77,51,0.74,0.78,7
btc-updown-15m-1761660000,1761660000,660,0.14,0.17,0.155,0.03,156,297,0.83,0.86,306
btc-updown-15m-1761660000,1761660000,675,0.18,0.27,0.225,0.09,358.7,135,0.73,0.82,32
btc-updown-15m-1761660000,1761660000,690,0.25,0.32,0.285,0.07,273,282,0.68,0.75,18
btc-updown-15m-1761660000,1761660000,705,0.26,0.29,0.275,0.03,279,314,0.71,0.74,23
btc-updown-15m-1761660000,1761660000,720,0.26,0.34,0.3,0.08,313.74,157,0.66,0.74,1
btc-updown-15m-1761660000,1761660000,735,0.37,0.4,0.385,0.03,230,72,0.6,0.63,8
btc-updown-15m-1761660000,1761660000,750,0.43,0.48,0.455,0.05,329,137,0.52,0.57,64
btc-updown-15m-1761660000,1761660000,765,0.51,0.59,0.55,0.08,300,432.7,0.41,0.49,0
btc-updown-15m-1761660000,1761660000,780,0.69,0.8,0.745,0.11,237.99,118.11,0.2,0.31,83
btc-updown-15m-1761660000,1761660000,795,0.87,0.95,0.91,0.08,153,490,0.05,0.13,3
btc-updown-15m-1761660000,1761660000,810,0.93,0.98,0.955,0.05,25.02,1012,0.02,0.07,23
btc-updown-15m-1761660000,1761660000,825,0.95,0.99,0.97,0.04,433.64,204.79,0.01,0.05,12
btc-updown-15m-1761660000,1761660000,840,0.98,0.99,0.985,0.01,881.46,975.45,0.01,0.02,128
btc-updown-15m-1761660000,1761660000,845,0.98,0.99,0.985,0.01,831.46,437.43,0.01,0.02,45
btc-updown-15m-1761660000,1761660000,850,0.99,,,,583.44,0,,0.01,5
btc-updown-15m-1761660000,1761660000,855,0.99,,,,469.84,0,,0.01,1300
btc-updown-15m-1761660000,1761660000,860,0.99,,,,2086.34,0,,0.01,1274
btc-updown-15m-1761660000,1761660000,865,0.99,,,,2123.34,0,,0.01,2605
btc-updown-15m-1761660000,1761660000,870,0.99,,,,2118.34,0,,0.01,1156
btc-updown-15m-1761660000,1761660000,875,0.99,,,,2123.34,0,,0.01,1091
btc-updown-15m-1761660000,1761660000,880,0.99,,,,2106.34,0,,0.01,1212
btc-updown-15m-1761660000,1761660000,885,0.99,,,,1916.54,0,,0.01,358
btc-updown-15m-1761660000,1761660000,890,0.99,,,,1916.8,0,,0.01,3394
btc-updown-15m-1761660000,1761660000,895,0.99,,,,1916.8,0,,0.01,3206
btc-updown-15m-1761660000,1761660000,897,0.99,,,,1916.8,0,,0.01,5206
btc-updown-15m-1761660000,1761660000,899,0.99,,,,446.51,0,,0.01,31
btc-updown-15m-1761660000,1761660000,900,0.99,,,,446.51,0,,0.01,1031
btc-updown-15m-1761664500,1761664500,0,0.45,0.48,0.465,0.03,507,673.08,0.52,0.55,370
btc-updown-15m-1761664500,1761664500,15,0.4,0.44,0.42,0.04,720,114.72,0.56,0.6,8
btc-updown-15m-1761664500,1761664500,30,0.3,0.32,0.31,0.02,390,368,0.68,0.7,446
btc-updown-15m-1761664500,1761664500,45,0.31,0.34,0.325,0.03,990,322,0.66,0.69,36
btc-updown-15m-1761664500,1761664500,60,0.31,0.36,0.335,0.05,466.66,302,0.64,0.69,17
btc-updown-15m-1761664500,1761664500,75,0.21,0.3,0.255,0.09,1013.2,886.5,0.7,0.79,4
btc-updown-15m-1761664500,1761664500,90,0.31,0.36,0.335,0.05,583,594.1,0.64,0.69,32
btc-updown-15m-1761664500,1761664500,105,0.32,0.35,0.335,0.03,770,407.03,0.65,0.68,707
btc-updown-15m-1761664500,1761664500,120,0.27,0.32,0.295,0.05,523,561,0.68,0.73,78
btc-updown-15m-1761664500,1761664500,135,0.25,0.26,0.255,0.01,516,134,0.74,0.75,114
btc-updown-15m-1761664500,1761664500,150,0.2,0.22,0.21,0.02,600,373.67,0.78,0.8,218
btc-updown-15m-1761664500,1761664500,165,0.23,0.26,0.245,0.03,762.52,720.3,0.74,0.77,0
btc-updown-15m-1761664500,1761664500,180,0.28,0.31,0.295,0.03,855,373,0.69,0.72,229
btc-updown-15m-1761664500,1761664500,195,0.31,0.33,0.32,0.02,850.13,373,0.67,0.69,71
btc-updown-15m-1761664500,1761664500,210,0.3,0.32,0.31,0.02,745.11,236,0.68,0.7,151
btc-updown-15m-1761664500,1761664500,225,0.22,0.26,0.24,0.04,972,187.04,0.74,0.78,14
btc-updown-15m-1761664500,1761664500,240,0.21,0.23,0.22,0.02,857,231,0.77,0.79,224
btc-updown-15m-1761664500,1761664500,255,0.2,0.24,0.22,0.04,834,273.83,0.76,0.8,18
btc-updown-15m-1761664500,1761664500,270,0.25,0.28,0.265,0.03,530,301,0.72,0.75,8
btc-updown-15m-1761664500,1761664500,285,0.24,0.29,0.265,0.05,769,352,0.71,0.76,1
btc-updown-15m-1761664500,1761664500,300,0.25,0.28,0.265,0.03,969.33,232,0.72,0.75,1350
btc-updown-15m-1761664500,1761664500,315,0.29,0.32,0.305,0.03,746,327.25,0.68,0.71,2
btc-updown-15m-1761664500,1761664500,330,0.31,0.35,0.33,0.04,544.08,243.77,0.65,0.69,110
btc-updown-15m-1761664500,1761664500,345,0.24,0.26,0.25,0.02,950,167,0.74,0.76,17
btc-updown-15m-1761664500,1761664500,360,0.25,0.28,0.265,0.03,767.66,238.14,0.72,0.75,768
btc-updown-15m-1761664500,1761664500,375,0.24,0.27,0.255,0.03,862,65.04,0.73,0.76,18
btc-updown-15m-1761664500,1761664500,390,0.24,0.28,0.26,0.04,1134.77,57,0.72,0.76,3
btc-updown-15m-1761664500,1761664500,405,0.2,0.25,0.225,0.05,921,529.9,0.75,0.8,5
btc-updown-15m-1761664500,1761664500,420,0.18,0.22,0.2,0.04,563,464.02,0.78,0.82,22
btc-updown-15m-1761664500,1761664500,435,0.15,0.18,0.165,0.03,978,248,0.82,0.85,71
btc-updown-15m-1761664500,1761664500,450,0.12,0.16,0.14,0.04,801,388.94,0.84,0.88,619
btc-updown-15m-1761664500,1761664500,465,0.2,0.25,0.225,0.05,710,514.4,0.75,0.8,20
btc-updown-15m-1761664500,1761664500,480,0.22,0.25,0.235,0.03,982,280,0.75,0.78,48
btc-updown-15m-1761664500,1761664500,495,0.14,0.17,0.155,0.03,967,262.09,0.83,0.86,98
btc-updown-15m-1761664500,1761664500,510,0.16,0.18,0.17,0.02,531,261,0.82,0.84,14
btc-updown-15m-1761664500,1761664500,525,0.16,0.18,0.17,0.02,720,236,0.82,0.84,59
btc-updown-15m-1761664500,1761664500,540,0.08,0.12,0.1,0.04,341,80.7,0.88,0.92,57
btc-updown-15m-1761664500,1761664500,555,0.06,0.09,0.075,0.03,607,509.81,0.91,0.94,68
btc-updown-15m-1761664500,1761664500,570,0.06,0.08,0.07,0.02,830.83,515.46,0.92,0.94,1070
btc-updown-15m-1761664500,1761664500,585,0.05,0.08,0.065,0.03,844.83,1570.1,0.92,0.95,15
btc-updown-15m-1761664500,1761664500,600,0.05,0.06,0.055,0.01,787.83,97.78,0.94,0.95,38
btc-updown-15m-1761664500,1761664500,615,0.03,0.06,0.045,0.03,1907.98,205.71,0.94,0.97,0
btc-updown-15m-1761664500,1761664500,630,0.1,0.13,0.115,0.03,957.2,309.4,0.87,0.9,6
btc-updown-15m-1761664500,1761664500,645,0.1,0.13,0.115,0.03,520,321.01,0.87,0.9,910
btc-updown-15m-1761664500,1761664500,660,0.04,0.09,0.065,0.05,1295.48,318.55,0.91,0.96,40
btc-updown-15m-1761664500,1761664500,675,0.03,0.07,0.05,0.04,1901.98,262.5,0.93,0.97,13
btc-updown-15m-1761664500,1761664500,690,0.06,0.09,0.075,0.03,704.47,520.11,0.91,0.94,30
btc-updown-15m-1761664500,1761664500,705,0.07,0.1,0.085,0.03,722.47,481.51,0.9,0.93,755
btc-updown-15m-1761664500,1761664500,720,0.09,0.12,0.105,0.03,529.9,280.7,0.88,0.91,80
btc-updown-15m-1761664500,1761664500,735,0.03,0.06,0.045,0.03,1626.88,336.14,0.94,0.97,761
btc-updown-15m-1761664500,1761664500,750,0.03,0.05,0.04,0.02,1255.88,521.15,0.95,0.97,4
btc-updown-15m-1761664500,1761664500,765,0.01,0.03,0.02,0.02,656.9,868.4,0.97,0.99,203
btc-updown-15m-1761664500,1761664500,780,0.01,0.03,0.02,0.02,639,1342.63,0.97,0.99,730
btc-updown-15m-1761664500,1761664500,795,,0.01,,,0,1712.48,0.99,,29
btc-updown-15m-1761664500,1761664500,810,0.02,0.06,0.04,0.04,599,132.24,0.94,0.98,27
btc-updown-15m-1761664500,1761664500,825,0.01,0.05,0.03,0.04,588.07,220,0.95,0.99,1305
btc-updown-15m-1761664500,1761664500,840,0.01,0.04,0.025,0.03,235.48,512.16,0.96,0.99,374
btc-updown-15m-1761664500,1761664500,845,0.01,0.02,0.015,0.01,235.48,220,0.98,0.99,579
btc-updown-15m-1761664500,1761664500,850,,0.01,,,0,223.03,0.99,,1272
btc-updown-15m-1761664500,1761664500,855,,0.01,,,0,223.03,0.99,,646
btc-updown-15m-1761664500,1761664500,860,,0.01,,,0,237.2,0.99,,20
btc-updown-15m-1761664500,1761664500,865,,0.01,,,0,432.2,0.99,,361
btc-updown-15m-1761664500,1761664500,870,,0.01,,,0,2482.2,0.99,,901
btc-updown-15m-1761664500,1761664500,875,,0.01,,,0,2482.2,0.99,,1001
btc-updown-15m-1761664500,1761664500,880,,0.01,,,0,2015.56,0.99,,1995
btc-updown-15m-1761664500,1761664500,885,,0.01,,,0,1822.27,0.99,,1615
btc-updown-15m-1761664500,1761664500,890,,0.01,,,0,1632.27,0.99,,1630
btc-updown-15m-1761664500,1761664500,895,,0.01,,,0,1632.27,0.99,,1257
btc-updown-15m-1761664500,1761664500,897,,0.01,,,0,1632.27,0.99,,3257
btc-updown-15m-1761664500,1761664500,899,,0.01,,,0,1640.27,0.99,,10
btc-updown-15m-1761664500,1761664500,900,,0.01,,,0,1640.27,0.99,,1010
btc-updown-15m-1761668100,1761668100,0,0.46,0.48,0.47,0.02,431,486.38,0.52,0.54,381
btc-updown-15m-1761668100,1761668100,15,0.53,0.58,0.555,0.05,396.12,803,0.42,0.47,21
btc-updown-15m-1761668100,1761668100,30,0.45,0.46,0.455,0.01,275,229.91,0.54,0.55,0
btc-updown-15m-1761668100,1761668100,45,0.43,0.44,0.435,0.01,510,45,0.56,0.57,298
btc-updown-15m-1761668100,1761668100,60,0.48,0.51,0.495,0.03,335,296,0.49,0.52,100
btc-updown-15m-1761668100,1761668100,75,0.53,0.56,0.545,0.03,32,875.96,0.44,0.47,90
btc-updown-15m-1761668100,1761668100,90,0.52,0.55,0.535,0.03,32,626,0.45,0.48,331
btc-updown-15m-1761668100,1761668100,105,0.45,0.47,0.46,0.02,861,66,0.53,0.55,64
btc-updown-15m-1761668100,1761668100,120,0.25,0.26,0.255,0.01,813.3,173,0.74,0.75,132
btc-updown-15m-1761668100,1761668100,135,0.26,0.33,0.295,0.07,587.1,862,0.67,0.74,35
btc-updown-15m-1761668100,1761668100,150,0.19,0.2,0.195,0.01,520,119,0.8,0.81,47
btc-updown-15m-1761668100,1761668100,165,0.25,0.27,0.26,0.02,778.02,175.3,0.73,0.75,10
btc-updown-15m-1761668100,1761668100,180,0.27,0.3,0.285,0.03,549.72,187,0.7,0.73,244
btc-updown-15m-1761668100,1761668100,195,0.3,0.34,0.32,0.04,60,809,0.66,0.7,42
btc-updown-15m-1761668100,1761668100,210,0.31,0.35,0.33,0.04,959,452.5,0.65,0.69,439
btc-updown-15m-1761668100,1761668100,225,0.36,0.41,0.385,0.05,303,1120.6,0.59,0.64,19
btc-updown-15m-1761668100,1761668100,240,0.36,0.41,0.385,0.05,548,1324,0.59,0.64,2
btc-updown-15m-1761668100,1761668100,255,0.38,0.41,0.395,0.03,750,537,0.59,0.62,317
btc-updown-15m-1761668100,1761668100,270,0.3,0.32,0.31,0.02,750,133.05,0.68,0.7,0
btc-updown-15m-1761668100,1761668100,285,0.3,0.33,0.315,0.03,377.87,138.33,0.67,0.7,215
btc-updown-15m-1761668100,1761668100,300,0.36,0.37,0.365,0.01,139,279,0.63,0.64,0
btc-updown-15m-1761668100,1761668100,315,0.28,0.33,0.305,0.05,788.6,79,0.67,0.72,14
btc-updown-15m-1761668100,1761668100,330,0.26,0.31,0.285,0.05,807.8,134,0.69,0.74,16
btc-updown-15m-1761668100,1761668100,345,0.27,0.32,0.295,0.05,586,425,0.68,0.73,15
btc-updown-15m-1761668100,1761668100,360,0.27,0.3,0.285,0.03,283,769,0.7,0.73,18
btc-updown-15m-1761668100,1761668100,375,0.31,0.34,0.325,0.03,536,96,0.66,0.69,42
btc-updown-15m-1761668100,1761668100,390,0.25,0.28,0.265,0.03,568.13,439,0.72,0.75,27
btc-updown-15m-1761668100,1761668100,405,0.31,0.32,0.315,0.01,793,146.31,0.68,0.69,38
btc-updown-15m-1761668100,1761668100,420,0.29,0.33,0.31,0.04,782,93,0.67,0.71,97
btc-updown-15m-1761668100,1761668100,435,0.28,0.3,0.29,0.02,592.11,173,0.7,0.72,5
btc-updown-15m-1761668100,1761668100,450,0.2,0.23,0.215,0.03,536,107.37,0.77,0.8,14
btc-updown-15m-1761668100,1761668100,465,0.2,0.22,0.21,0.02,511.75,77,0.78,0.8,214
btc-updown-15m-1761668100,1761668100,480,0.18,0.23,0.205,0.05,776,453,0.77,0.82,5
btc-updown-15m-1761668100,1761668100,495,0.17,0.2,0.185,0.03,609.28,123,0.8,0.83,11
btc-updown-15m-1761668100,1761668100,510,0.15,0.19,0.17,0.04,809,298.45,0.81,0.85,154
btc-updown-15m-1761668100,1761668100,525,0.16,0.19,0.175,0.03,668.7,459.1,0.81,0.84,183
btc-updown-15m-1761668100,1761668100,540,0.13,0.16,0.145,0.03,773.55,64,0.84,0.87,194
btc-updown-15m-1761668100,1761668100,555,0.14,0.17,0.155,0.03,774,57,0.83,0.86,2
btc-updown-15m-1761668100,1761668100,570,0.16,0.18,0.17,0.02,750,63,0.82,0.84,1029
btc-updown-15m-1761668100,1761668100,585,0.18,0.22,0.2,0.04,759.19,117,0.78,0.82,102
btc-updown-15m-1761668100,1761668100,600,0.25,0.31,0.28,0.06,808,299,0.69,0.75,193
btc-updown-15m-1761668100,1761668100,615,0.3,0.33,0.315,0.03,736,702,0.67,0.7,22
btc-updown-15m-1761668100,1761668100,630,0.31,0.36,0.335,0.05,717.15,286,0.64,0.69,16
btc-updown-15m-1761668100,1761668100,645,0.36,0.4,0.38,0.04,787.76,81.16,0.6,0.64,1
btc-updown-15m-1761668100,1761668100,660,0.34,0.38,0.36,0.04,745.4,90,0.62,0.66,135
btc-updown-15m-1761668100,1761668100,675,0.54,0.56,0.55,0.02,217,41.9,0.44,0.46,9
btc-updown-15m-1761668100,1761668100,690,0.48,0.54,0.51,0.06,528.45,526,0.46,0.52,7
btc-updown-15m-1761668100,1761668100,705,0.66,0.7,0.68,0.04,629.67,516,0.3,0.34,4
btc-updown-15m-1761668100,1761668100,720,0.71,0.75,0.73,0.04,228.31,929.4,0.25,0.29,164
btc-updown-15m-1761668100,1761668100,735,0.9,0.93,0.915,0.03,25.22,1124.98,0.07,0.1,120
btc-updown-15m-1761668100,1761668100,750,0.91,0.95,0.93,0.04,306,938.02,0.05,0.09,105
btc-updown-15m-1761668100,1761668100,765,0.96,0.97,0.965,0.01,246.58,2034.9,0.03,0.04,556
btc-updown-15m-1761668100,1761668100,780,0.95,0.97,0.96,0.02,288.5,1432.3,0.03,0.05,153
btc-updown-15m-1761668100,1761668100,795,0.95,0.98,0.965,0.03,349.74,1024.55,0.02,0.05,148
btc-updown-15m-1761668100,1761668100,810,0.97,0.99,0.98,0.02,321,200.7,0.01,0.03,124
btc-updown-15m-1761668100,1761668100,825,0.98,,,,264,0,,0.02,1740
btc-updown-15m-1761668100,1761668100,840,0.99,,,,201.02,0,,0.01,142
btc-updown-15m-1761668100,1761668100,845,0.99,,,,201.02,0,,0.01,30
btc-updown-15m-1761668100,1761668100,850,0.99,,,,201.02,0,,0.01,335
btc-updown-15m-1761668100,1761668100,855,0.99,,,,214.06,0,,0.01,1796
btc-updown-15m-1761668100,1761668100,860,0.99,,,,200.06,0,,0.01,282
btc-updown-15m-1761668100,1761668100,865,0.99,,,,693.94,0,,0.01,805
btc-updown-15m-1761668100,1761668100,870,0.99,,,,743.94,0,,0.01,576
btc-updown-15m-1761668100,1761668100,875,0.99,,,,1243.94,0,,0.01,1486
btc-updown-15m-1761668100,1761668100,880,0.99,,,,1275.94,0,,0.01,691
btc-updown-15m-1761668100,1761668100,885,0.99,,,,1291.46,0,,0.01,397
btc-updown-15m-1761668100,1761668100,890,0.99,,,,1271.46,0,,0.01,39
btc-updown-15m-1761668100,1761668100,895,0.99,,,,1271.46,0,,0.01,724
btc-updown-15m-1761668100,1761668100,897,0.99,,,,1271.46,0,,0.01,592
btc-updown-15m-1761668100,1761668100,899,0.99,,,,1271.46,0,,0.01,433
btc-updown-15m-1761668100,1761668100,900,0.99,,,,1181.46,0,,0.01,27
btc-updown-15m-1761672600,1761672600,0,0.46,0.51,0.485,0.05,309.79,165.13,0.49,0.54,512
btc-updown-15m-1761672600,1761672600,15,0.45,0.48,0.465,0.03,455,748,0.52,0.55,142
btc-updown-15m-1761672600,1761672600,30,0.49,0.52,0.505,0.03,280,1205.53,0.48,0.51,21
btc-updown-15m-1761672600,1761672600,45,0.49,0.51,0.5,0.02,690,824,0.49,0.51,23
btc-updown-15m-1761672600,1761672600,60,0.45,0.49,0.47,0.04,1013,1173.7,0.51,0.55,133
btc-updown-15m-1761672600,1761672600,75,0.3,0.33,0.315,0.03,998,362,0.67,0.7,54
btc-updown-15m-1761672600,1761672600,90,0.25,0.28,0.265,0.03,604,968.6,0.72,0.75,163
btc-updown-15m-1761672600,1761672600,105,0.22,0.25,0.235,0.03,1245,375.84,0.75,0.78,68
btc-updown-15m-1761672600,1761672600,120,0.14,0.16,0.15,0.02,952,973.5,0.84,0.86,77
btc-updown-15m-1761672600,1761672600,135,0.21,0.24,0.225,0.03,358,960,0.76,0.79,40
btc-updown-15m-1761672600,1761672600,150,0.17,0.2,0.185,0.03,1288.97,760.1,0.8,0.83,132
btc-updown-15m-1761672600,1761672600,165,0.23,0.25,0.24,0.02,730,887.81,0.75,0.77,415
btc-updown-15m-1761672600,1761672600,180,0.21,0.25,0.23,0.04,1275,1565.56,0.75,0.79,328
btc-updown-15m-1761672600,1761672600,195,0.22,0.25,0.235,0.03,775,994.56,0.75,0.78,63
btc-updown-15m-1761672600,1761672600,210,0.22,0.26,0.24,0.04,1202,1109.84,0.74,0.78,1398
btc-updown-15m-1761672600,1761672600,225,0.24,0.26,0.25,0.02,816,460.04,0.74,0.76,800
btc-updown-15m-1761672600,1761672600,240,0.25,0.28,0.265,0.03,1259,517.29,0.72,0.75,32
btc-updown-15m-1761672600,1761672600,255,0.27,0.3,0.285,0.03,1080,99,0.7,0.73,15
btc-updown-15m-1761672600,1761672600,270,0.27,0.29,0.28,0.02,727,628.24,0.71,0.73,31
btc-updown-15m-1761672600,1761672600,285,0.3,0.35,0.325,0.05,1450.9,1023.61,0.65,0.7,111
btc-updown-15m-1761672600,1761672600,300,0.37,0.4,0.385,0.03,1251,296.62,0.6,0.63,34
btc-updown-15m-1761672600,1761672600,315,0.38,0.43,0.405,0.05,987.23,934.07,0.57,0.62,12
btc-updown-15m-1761672600,1761672600,330,0.38,0.43,0.405,0.05,1264,914.77,0.57,0.62,57
btc-updown-15m-1761672600,1761672600,345,0.4,0.43,0.415,0.03,956,502.29,0.57,0.6,177
btc-updown-15m-1761672600,1761672600,360,0.43,0.46,0.445,0.03,668.1,489.99,0.54,0.57,2
btc-updown-15m-1761672600,1761672600,375,0.48,0.53,0.505,0.05,862.29,1004.8,0.47,0.52,184
btc-updown-15m-1761672600,1761672600,390,0.5,0.54,0.52,0.04,893.09,996.87,0.46,0.5,238
btc-updown-15m-1761672600,1761672600,405,0.56,0.59,0.575,0.03,653,738.78,0.41,0.44,38
btc-updown-15m-1761672600,1761672600,420,0.63,0.66,0.645,0.03,751.29,545.6,0.34,0.37,29
btc-updown-15m-1761672600,1761672600,435,0.7,0.71,0.705,0.01,521.35,750,0.29,0.3,39
btc-updown-15m-1761672600,1761672600,450,0.72,0.76,0.74,0.04,675,538.9,0.24,0.28,4
btc-updown-15m-1761672600,1761672600,465,0.73,0.77,0.75,0.04,1117,1720.51,0.23,0.27,72
btc-updown-15m-1761672600,1761672600,480,0.75,0.77,0.76,0.02,274,765.11,0.23,0.25,65
btc-updown-15m-1761672600,1761672600,495,0.72,0.75,0.735,0.03,295.04,1173.33,0.25,0.28,136
btc-updown-15m-1761672600,1761672600,510,0.7,0.71,0.705,0.01,140.35,1152.36,0.29,0.3,266
btc-updown-15m-1761672600,1761672600,525,0.69,0.7,0.695,0.01,457.35,915.78,0.3,0.31,836
btc-updown-15m-1761672600,1761672600,540,0.68,0.69,0.685,0.01,243,727.63,0.31,0.32,490
btc-updown-15m-1761672600,1761672600,555,0.6,0.64,0.62,0.04,788.62,588.7,0.36,0.4,90
btc-updown-15m-1761672600,1761672600,570,0.58,0.64,0.61,0.06,1414,1172,0.36,0.42,85
btc-updown-15m-1761672600,1761672600,585,0.63,0.67,0.65,0.04,644,1215.8,0.33,0.37,1
btc-updown-15m-1761672600,1761672600,600,0.64,0.66,0.65,0.02,709.81,1159.85,0.34,0.36,377
btc-updown-15m-1761672600,1761672600,615,0.74,0.76,0.75,0.02,155,583.81,0.24,0.26,8
btc-updown-15m-1761672600,1761672600,630,0.8,0.82,0.81,0.02,288,1203.2,0.18,0.2,235
btc-updown-15m-1761672600,1761672600,645,0.8,0.85,0.825,0.05,1733.51,844.8,0.15,0.2,215
btc-updown-15m-1761672600,1761672600,660,0.81,0.85,0.83,0.04,618.44,762.97,0.15,0.19,170
btc-updown-15m-1761672600,1761672600,675,0.82,0.87,0.845,0.05,1462.36,615.1,0.13,0.18,33
btc-updown-15m-1761672600,1761672600,690,0.83,0.88,0.855,0.05,1156.09,961.36,0.12,0.17,250
btc-updown-15m-1761672600,1761672600,705,0.85,0.87,0.86,0.02,648.24,745.32,0.13,0.15,25
btc-updown-15m-1761672600,1761672600,720,0.84,0.87,0.855,0.03,782.09,516.8,0.13,0.16,303
btc-updown-15m-1761672600,1761672600,735,0.83,0.86,0.845,0.03,1324.19,411.13,0.14,0.17,6
btc-updown-15m-1761672600,1761672600,750,0.81,0.85,0.83,0.04,526.22,1190.3,0.15,0.19,34
btc-updown-15m-1761672600,1761672600,765,0.81,0.86,0.835,0.05,1338.22,946.5,0.14,0.19,878
btc-updown-15m-1761672600,1761672600,780,0.69,0.76,0.725,0.07,512,436,0.24,0.31,45
btc-updown-15m-1761672600,1761672600,795,0.71,0.78,0.745,0.07,1133.03,900,0.22,0.29,98
btc-updown-15m-1761672600,1761672600,810,0.81,0.9,0.855,0.09,838.32,1336,0.1,0.19,181
btc-updown-15m-1761672600,1761672600,825,0.87,0.92,0.895,0.05,1142.78,191,0.08,0.13,0
btc-updown-15m-1761672600,1761672600,840,0.87,0.92,0.895,0.05,507,174.47,0.08,0.13,1
btc-updown-15m-1761672600,1761672600,845,0.87,0.92,0.895,0.05,435,457.34,0.08,0.13,55
btc-updown-15m-1761672600,1761672600,850,0.87,0.93,0.9,0.06,680,125,0.07,0.13,487
btc-updown-15m-1761672600,1761672600,855,0.95,0.96,0.955,0.01,446.53,1287.87,0.04,0.05,1
btc-updown-15m-1761672600,1761672600,860,0.95,0.97,0.96,0.02,470,998.87,0.03,0.05,13
btc-updown-15m-1761672600,1761672600,865,0.92,0.94,0.93,0.02,627,676.73,0.06,0.08,728
btc-updown-15m-1761672600,1761672600,870,0.94,0.96,0.95,0.02,252,774.87,0.04,0.06,12
btc-updown-15m-1761672600,1761672600,875,0.94,0.97,0.955,0.03,632,1284.81,0.03,0.06,92
btc-updown-15m-1761672600,1761672600,880,0.94,0.97,0.955,0.03,52,884.32,0.03,0.06,24
btc-updown-15m-1761672600,1761672600,885,0.94,0.98,0.96,0.04,272,287.95,0.02,0.06,72
btc-updown-15m-1761672600,1761672600,890,0.94,0.99,0.965,0.05,272,64.11,0.01,0.06,62
btc-updown-15m-1761672600,1761672600,895,0.99,,,,1002.39,0,,0.01,187
btc-updown-15m-1761672600,1761672600,897,0.99,,,,502.39,0,,0.01,94
btc-updown-15m-1761672600,1761672600,899,0.99,,,,686.87,0,,0.01,119
btc-updown-15m-1761672600,1761672600,900,0.99,,,,694.87,0,,0.01,261
btc-updown-15m-1761677100,1761677100,0,0.53,0.54,0.535,0.01,174.53,390.6,0.46,0.47,451
btc-updown-15m-1761677100,1761677100,15,0.52,0.54,0.53,0.02,407.22,776.73,0.46,0.48,2
btc-updown-15m-1761677100,1761677100,30,0.4,0.45,0.425,0.05,344.1,825,0.55,0.6,519
btc-updown-15m-1761677100,1761677100,45,0.46,0.48,0.47,0.02,112.33,1172.1,0.52,0.54,21
btc-updown-15m-1761677100,1761677100,60,0.3,0.31,0.305,0.01,732.1,430,0.69,0.7,0
btc-updown-15m-1761677100,1761677100,75,0.29,0.34,0.315,0.05,791.2,135,0.66,0.71,0
btc-updown-15m-1761677100,1761677100,90,0.37,0.4,0.385,0.03,998.7,495,0.6,0.63,85
btc-updown-15m-1761677100,1761677100,105,0.36,0.4,0.38,0.04,710,695,0.6,0.64,334
btc-updown-15m-1761677100,1761677100,120,0.36,0.4,0.38,0.04,706.92,1296.92,0.6,0.64,606
btc-updown-15m-1761677100,1761677100,135,0.4,0.43,0.415,0.03,469,471,0.57,0.6,0
btc-updown-15m-1761677100,1761677100,150,0.47,0.48,0.475,0.01,44.43,511,0.52,0.53,703
btc-updown-15m-1761677100,1761677100,165,0.51,0.54,0.525,0.03,693,695,0.46,0.49,62
btc-updown-15m-1761677100,1761677100,180,0.47,0.51,0.49,0.04,714.43,564,0.49,0.53,209
btc-updown-15m-1761677100,1761677100,195,0.48,0.51,0.495,0.03,453.43,940,0.49,0.52,261
btc-updown-15m-1761677100,1761677100,210,0.57,0.62,0.595,0.05,1011,1024,0.38,0.43,175
btc-updown-15m-1761677100,1761677100,225,0.5,0.56,0.53,0.06,527,675.28,0.44,0.5,98
btc-updown-15m-1761677100,1761677100,240,0.5,0.54,0.52,0.04,698.14,1105.28,0.46,0.5,315
btc-updown-15m-1761677100,1761677100,255,0.59,0.64,0.615,0.05,516.8,1243.4,0.36,0.41,676
btc-updown-15m-1761677100,1761677100,270,0.61,0.64,0.625,0.03,131,1276,0.36,0.39,549
btc-updown-15m-1761677100,1761677100,285,0.6,0.66,0.63,0.06,675,1196.2,0.34,0.4,16
btc-updown-15m-1761677100,1761677100,300,0.67,0.7,0.685,0.03,519,795.08,0.3,0.33,1
btc-updown-15m-1761677100,1761677100,315,0.72,0.77,0.745,0.05,722,971.6,0.23,0.28,35
btc-updown-15m-1761677100,1761677100,330,0.77,0.8,0.785,0.03,468,662.1,0.2,0.23,470
btc-updown-15m-1761677100,1761677100,345,0.82,0.85,0.835,0.03,271,596,0.15,0.18,14
btc-updown-15m-1761677100,1761677100,360,0.82,0.86,0.84,0.04,838.46,923,0.14,0.18,1
btc-updown-15m-1761677100,1761677100,375,0.8,0.84,0.82,0.04,703.6,1255,0.16,0.2,44
btc-updown-15m-1761677100,1761677100,390,0.76,0.8,0.78,0.04,784.83,1052,0.2,0.24,276
btc-updown-15m-1761677100,1761677100,405,0.79,0.83,0.81,0.04,883,992,0.17,0.21,853
btc-updown-15m-1761677100,1761677100,420,0.8,0.83,0.815,0.03,738.99,1118.38,0.17,0.2,1222
btc-updown-15m-1761677100,1761677100,435,0.81,0.85,0.83,0.04,702,1202,0.15,0.19,850
btc-updown-15m-1761677100,1761677100,450,0.8,0.86,0.83,0.06,800.19,1209,0.14,0.2,3
btc-updown-15m-1761677100,1761677100,465,0.83,0.86,0.845,0.03,252.99,1186.22,0.14,0.17,410
btc-updown-15m-1761677100,1761677100,480,0.85,0.87,0.86,0.02,228.75,1197,0.13,0.15,11
btc-updown-15m-1761677100,1761677100,495,0.83,0.85,0.84,0.02,142.58,915.44,0.15,0.17,246
btc-updown-15m-1761677100,1761677100,510,0.81,0.85,0.83,0.04,152,1178,0.15,0.19,1145
btc-updown-15m-1761677100,1761677100,525,0.82,0.85,0.835,0.03,152.28,927,0.15,0.18,95
btc-updown-15m-1761677100,1761677100,540,0.8,0.86,0.83,0.06,283,1284.7,0.14,0.2,115
btc-updown-15m-1761677100,1761677100,555,0.82,0.87,0.845,0.05,495,947,0.13,0.18,328
btc-updown-15m-1761677100,1761677100,570,0.83,0.89,0.86,0.06,1004,797,0.11,0.17,0
btc-updown-15m-1761677100,1761677100,585,0.87,0.9,0.885,0.03,263,1279.4,0.1,0.13,514
btc-updown-15m-1761677100,1761677100,600,0.87,0.91,0.89,0.04,700,1195.44,0.09,0.13,8
btc-updown-15m-1761677100,1761677100,615,0.87,0.91,0.89,0.04,954.99,922,0.09,0.13,17
btc-updown-15m-1761677100,1761677100,630,0.88,0.92,0.9,0.04,529.99,926.01,0.08,0.12,0
btc-updown-15m-1761677100,1761677100,645,0.91,0.93,0.92,0.02,46.77,905.84,0.07,0.09,19
btc-updown-15m-1761677100,1761677100,660,0.92,0.95,0.935,0.03,1121.76,1204.47,0.05,0.08,40
btc-updown-15m-1761677100,1761677100,675,0.94,0.97,0.955,0.03,649.14,1821.32,0.03,0.06,41
btc-updown-15m-1761677100,1761677100,690,0.97,0.98,0.975,0.01,393.73,1598.21,0.02,0.03,59
btc-updown-15m-1761677100,1761677100,705,0.95,0.97,0.96,0.02,526.04,1289.12,0.03,0.05,166
btc-updown-15m-1761677100,1761677100,720,0.94,0.97,0.955,0.03,933.04,989.12,0.03,0.06,2144
btc-updown-15m-1761677100,1761677100,735,0.97,0.99,0.98,0.02,840.54,942.01,0.01,0.03,581
btc-updown-15m-1761677100,1761677100,750,0.97,0.99,0.98,0.02,1340.54,934.98,0.01,0.03,1365
btc-updown-15m-1761677100,1761677100,765,0.97,0.99,0.98,0.02,665.06,405.94,0.01,0.03,1606
btc-updown-15m-1761677100,1761677100,780,0.97,0.99,0.98,0.02,1065.06,130.67,0.01,0.03,479
btc-updown-15m-1761677100,1761677100,795,0.99,,,,590.59,0,,0.01,272
btc-updown-15m-1761677100,1761677100,810,0.99,,,,877.09,0,,0.01,1086
btc-updown-15m-1761677100,1761677100,825,0.99,,,,877.09,0,,0.01,1654
btc-updown-15m-1761677100,1761677100,840,0.99,,,,962.09,0,,0.01,946
btc-updown-15m-1761677100,1761677100,845,0.99,,,,991.51,0,,0.01,1152
btc-updown-15m-1761677100,1761677100,850,0.99,,,,991.51,0,,0.01,940
btc-updown-15m-1761677100,1761677100,855,0.99,,,,1051.5,0,,0.01,623
btc-updown-15m-1761677100,1761677100,860,0.99,,,,1034.66,0,,0.01,1598
btc-updown-15m-1761677100,1761677100,865,0.99,,,,1029.66,0,,0.01,225
btc-updown-15m-1761677100,1761677100,870,0.99,,,,1029.66,0,,0.01,5225
btc-updown-15m-1761677100,1761677100,875,0.99,,,,1034.66,0,,0.01,1686
btc-updown-15m-1761677100,1761677100,880,0.99,,,,1034.66,0,,0.01,6686
btc-updown-15m-1761677100,1761677100,885,0.99,,,,1045.5,0,,0.01,877
btc-updown-15m-1761677100,1761677100,890,0.99,,,,1045.5,0,,0.01,3526
btc-updown-15m-1761677100,1761677100,895,0.99,,,,1038.5,0,,0.01,995
btc-updown-15m-1761677100,1761677100,897,0.99,,,,1058.5,0,,0.01,725
btc-updown-15m-1761677100,1761677100,899,0.99,,,,1408.5,0,,0.01,235
btc-updown-15m-1761677100,1761677100,900,0.99,,,,1416.5,0,,0.01,839
btc-updown-15m-1761681600,1761681600,0,0.55,0.58,0.565,0.03,238.65,133.27,0.42,0.45,540
btc-updown-15m-1761681600,1761681600,15,0.46,0.47,0.465,0.01,83.6,525.61,0.53,0.54,82
btc-updown-15m-1761681600,1761681600,30,0.47,0.52,0.495,0.05,133.6,768.6,0.48,0.53,5
btc-updown-15m-1761681600,1761681600,45,0.45,0.47,0.46,0.02,36,775.71,0.53,0.55,20
btc-updown-15m-1761681600,1761681600,60,0.41,0.43,0.42,0.02,79.4,671.4,0.57,0.59,417
btc-updown-15m-1761681600,1761681600,75,0.31,0.37,0.34,0.06,146,848,0.63,0.69,92
btc-updown-15m-1761681600,1761681600,90,0.31,0.36,0.335,0.05,620,61.8,0.64,0.69,102
btc-updown-15m-1761681600,1761681600,105,0.32,0.35,0.335,0.03,325.65,482,0.65,0.68,31
btc-updown-15m-1761681600,1761681600,120,0.37,0.42,0.395,0.05,602,1028.7,0.58,0.63,3
btc-updown-15m-1761681600,1761681600,135,0.32,0.37,0.345,0.05,425,670.78,0.63,0.68,39
btc-updown-15m-1761681600,1761681600,150,0.3,0.34,0.32,0.04,975,424,0.66,0.7,23
btc-updown-15m-1761681600,1761681600,165,0.3,0.34,0.32,0.04,102,577.5,0.66,0.7,0
btc-updown-15m-1761681600,1761681600,180,0.29,0.32,0.305,0.03,756,556.87,0.68,0.71,2
btc-updown-15m-1761681600,1761681600,195,0.27,0.29,0.28,0.02,56,332.1,0.71,0.73,684
btc-updown-15m-1761681600,1761681600,210,0.26,0.3,0.28,0.04,762,761.1,0.7,0.74,733
btc-updown-15m-1761681600,1761681600,225,0.27,0.33,0.3,0.06,849,693.4,0.67,0.73,759
btc-updown-15m-1761681600,1761681600,240,0.27,0.34,0.305,0.07,909,892.2,0.66,0.73,11
btc-updown-15m-1761681600,1761681600,255,0.25,0.3,0.275,0.05,517.36,1378.9,0.7,0.75,594
btc-updown-15m-1761681600,1761681600,270,0.25,0.29,0.27,0.04,912.33,1117.5,0.71,0.75,478
btc-updown-15m-1761681600,1761681600,285,0.25,0.29,0.27,0.04,94.02,1498.71,0.71,0.75,315
btc-updown-15m-1761681600,1761681600,300,0.1,0.13,0.115,0.03,33,699.3,0.87,0.9,5
btc-updown-15m-1761681600,1761681600,315,0.06,0.1,0.08,0.04,840.94,842,0.9,0.94,37
btc-updown-15m-1761681600,1761681600,330,0.06,0.1,0.08,0.04,1566.25,46.15,0.9,0.94,1
btc-updown-15m-1761681600,1761681600,345,0.11,0.15,0.13,0.04,765,436,0.85,0.89,9
btc-updown-15m-1761681600,1761681600,360,0.12,0.17,0.145,0.05,434.68,446,0.83,0.88,5
btc-updown-15m-1761681600,1761681600,375,0.05,0.11,0.08,0.06,1313.69,283,0.89,0.95,33
btc-updown-15m-1761681600,1761681600,390,0.05,0.08,0.065,0.03,913.69,28.37,0.92,0.95,1349
btc-updown-15m-1761681600,1761681600,405,0.06,0.09,0.075,0.03,238.74,465.4,0.91,0.94,8
btc-updown-15m-1761681600,1761681600,420,0.03,0.05,0.04,0.02,3090.21,104,0.95,0.97,1
btc-updown-15m-1761681600,1761681600,435,0.03,0.07,0.05,0.04,3130.19,371,0.93,0.97,85
btc-updown-15m-1761681600,1761681600,450,0.03,0.08,0.055,0.05,3118.84,860.75,0.92,0.97,6
btc-updown-15m-1761681600,1761681600,465,0.03,0.06,0.045,0.03,2966.8,358.94,0.94,0.97,22
btc-updown-15m-1761681600,1761681600,480,0.03,0.06,0.045,0.03,2966.8,388.27,0.94,0.97,3338
btc-updown-15m-1761681600,1761681600,495,0.03,0.06,0.045,0.03,2385.33,638.27,0.94,0.97,3
btc-updown-15m-1761681600,1761681600,510,0.02,0.06,0.04,0.04,2094.19,933.27,0.94,0.98,915
btc-updown-15m-1761681600,1761681600,525,0.01,0.06,0.035,0.05,1860.61,988.35,0.94,0.99,107
btc-updown-15m-1761681600,1761681600,540,0.01,0.03,0.02,0.02,1599.49,364.75,0.97,0.99,2
btc-updown-15m-1761681600,1761681600,555,0.02,0.03,0.025,0.01,1231.27,578.88,0.97,0.98,199
btc-updown-15m-1761681600,1761681600,570,0.01,0.02,0.015,0.01,1141.64,341.48,0.98,0.99,10
btc-updown-15m-1761681600,1761681600,585,0.02,0.03,0.025,0.01,1228.94,207.96,0.97,0.98,318
btc-updown-15m-1761681600,1761681600,600,0.02,0.03,0.025,0.01,1651.64,419.08,0.97,0.98,396
btc-updown-15m-1761681600,1761681600,615,0.03,0.06,0.045,0.03,1879.5,1023.16,0.94,0.97,179
btc-updown-15m-1761681600,1761681600,630,0.01,0.02,0.015,0.01,1379.5,187.32,0.98,0.99,1020
btc-updown-15m-1761681600,1761681600,645,0.01,0.03,0.02,0.02,1129.5,153.11,0.97,0.99,242
btc-updown-15m-1761681600,1761681600,660,0.01,0.03,0.02,0.02,1129.5,160.11,0.97,0.99,187
btc-updown-15m-1761681600,1761681600,675,0.01,0.02,0.015,0.01,1098.38,191.13,0.98,0.99,504
btc-updown-15m-1761681600,1761681600,690,0.01,0.02,0.015,0.01,1097.36,173,0.98,0.99,3698
btc-updown-15m-1761681600,1761681600,705,0.01,0.02,0.015,0.01,1105.42,183.55,0.98,0.99,193
btc-updown-15m-1761681600,1761681600,720,0.01,0.02,0.015,0.01,563.08,121.08,0.98,0.99,1923
btc-updown-15m-1761681600,1761681600,735,0.01,0.02,0.015,0.01,370.44,154.68,0.98,0.99,888
btc-updown-15m-1761681600,1761681600,750,,0.01,,,0,251.64,0.99,,1708
btc-updown-15m-1761681600,1761681600,765,,0.02,,,0,206.68,0.98,,48
btc-updown-15m-1761681600,1761681600,780,,0.01,,,0,264.68,0.99,,1833
btc-updown-15m-1761681600,1761681600,795,,0.01,,,0,764.68,0.99,,649
btc-updown-15m-1761681600,1761681600,810,,0.01,,,0,856.68,0.99,,21
btc-updown-15m-1761681600,1761681600,825,,0.01,,,0,856.68,0.99,,836
btc-updown-15m-1761681600,1761681600,840,,0.01,,,0,856.68,0.99,,102
btc-updown-15m-1761681600,1761681600,845,,0.01,,,0,870.1,0.99,,889
btc-updown-15m-1761681600,1761681600,850,,0.01,,,0,870.1,0.99,,3028
btc-updown-15m-1761681600,1761681600,855,,0.01,,,0,870.1,0.99,,467
btc-updown-15m-1761681600,1761681600,860,,0.01,,,0,870.1,0.99,,5467
btc-updown-15m-1761681600,1761681600,865,,0.01,,,0,870.1,0.99,,805
btc-updown-15m-1761681600,1761681600,870,,0.01,,,0,870.1,0.99,,5805
btc-updown-15m-1761681600,1761681600,875,,0.01,,,0,875.1,0.99,,842
btc-updown-15m-1761681600,1761681600,880,,0.01,,,0,875.1,0.99,,5842
btc-updown-15m-1761681600,1761681600,885,,0.01,,,0,875.1,0.99,,914
btc-updown-15m-1761681600,1761681600,890,,0.01,,,0,875.1,0.99,,2995
btc-updown-15m-1761681600,1761681600,895,,0.01,,,0,900.1,0.99,,770
btc-updown-15m-1761681600,1761681600,897,,0.01,,,0,900.1,0.99,,2770
btc-updown-15m-1761681600,1761681600,899,,0.01,,,0,1250.1,0.99,,397
btc-updown-15m-1761681600,1761681600,900,,0.01,,,0,1250.1,0.99,,1397
btc-updown-15m-1761686100,1761686100,0,0.49,0.6,0.545,0.11,117,25,0.4,0.51,783
btc-updown-15m-1761686100,1761686100,15,0.5,0.57,0.535,0.07,285.93,145.84,0.43,0.5,4
btc-updown-15m-1761686100,1761686100,30,0.52,0.55,0.535,0.03,63.23,664.7,0.45,0.48,22
btc-updown-15m-1761686100,1761686100,45,0.5,0.53,0.515,0.03,586.23,1181.86,0.47,0.5,409
btc-updown-15m-1761686100,1761686100,60,0.46,0.48,0.47,0.02,471.5,1176,0.52,0.54,46
btc-updown-15m-1761686100,1761686100,75,0.41,0.43,0.42,0.02,718.5,360,0.57,0.59,11
btc-updown-15m-1761686100,1761686100,90,0.36,0.39,0.375,0.03,672.43,1163.67,0.61,0.64,124
btc-updown-15m-1761686100,1761686100,105,0.37,0.4,0.385,0.03,674,1192.11,0.6,0.63,17
btc-updown-15m-1761686100,1761686100,120,0.39,0.43,0.41,0.04,1432.9,960,0.57,0.61,66
btc-updown-15m-1761686100,1761686100,135,0.45,0.48,0.465,0.03,1098,296,0.52,0.55,0
btc-updown-15m-1761686100,1761686100,150,0.49,0.52,0.505,0.03,617,531.86,0.48,0.51,88
btc-updown-15m-1761686100,1761686100,165,0.53,0.56,0.545,0.03,387,1280,0.44,0.47,27
btc-updown-15m-1761686100,1761686100,180,0.55,0.58,0.565,0.03,1124,924.48,0.42,0.45,2
btc-updown-15m-1761686100,1761686100,195,0.53,0.57,0.55,0.04,1037,1342.5,0.43,0.47,169
btc-updown-15m-1761686100,1761686100,210,0.56,0.6,0.58,0.04,1023,905.98,0.4,0.44,1555
btc-updown-15m-1761686100,1761686100,225,0.56,0.6,0.58,0.04,506,806,0.4,0.44,24
btc-updown-15m-1761686100,1761686100,240,0.5,0.54,0.52,0.04,567,811,0.46,0.5,86
btc-updown-15m-1761686100,1761686100,255,0.49,0.54,0.515,0.05,1391,1195.14,0.46,0.51,15
btc-updown-15m-1761686100,1761686100,270,0.44,0.45,0.445,0.01,432.21,860,0.55,0.56,70
btc-updown-15m-1761686100,1761686100,285,0.41,0.44,0.425,0.03,611.76,843,0.56,0.59,0
btc-updown-15m-1761686100,1761686100,300,0.38,0.42,0.4,0.04,1265.81,697,0.58,0.62,228
btc-updown-15m-1761686100,1761686100,315,0.34,0.37,0.355,0.03,481.6,624,0.63,0.66,80
btc-updown-15m-1761686100,1761686100,330,0.32,0.34,0.33,0.02,289.1,971.2,0.66,0.68,516
btc-updown-15m-1761686100,1761686100,345,0.38,0.4,0.39,0.02,482.9,786,0.6,0.62,108
btc-updown-15m-1761686100,1761686100,360,0.34,0.38,0.36,0.04,1302.9,380,0.62,0.66,113
btc-updown-15m-1761686100,1761686100,375,0.36,0.38,0.37,0.02,788,489.38,0.62,0.64,125
btc-updown-15m-1761686100,1761686100,390,0.37,0.41,0.39,0.04,1218,1027,0.59,0.63,134
btc-updown-15m-1761686100,1761686100,405,0.34,0.37,0.355,0.03,963,727,0.63,0.66,15
btc-updown-15m-1761686100,1761686100,420,0.37,0.4,0.385,0.03,931,785,0.6,0.63,40
btc-updown-15m-1761686100,1761686100,435,0.34,0.36,0.35,0.02,538,981.72,0.64,0.66,193
btc-updown-15m-1761686100,1761686100,450,0.34,0.37,0.355,0.03,956,896.72,0.63,0.66,141
btc-updown-15m-1761686100,1761686100,465,0.35,0.39,0.37,0.04,1194,1140,0.61,0.65,47
btc-updown-15m-1761686100,1761686100,480,0.36,0.41,0.385,0.05,928.7,1018,0.59,0.64,21
btc-updown-15m-1761686100,1761686100,495,0.31,0.36,0.335,0.05,1207.5,1100.72,0.64,0.69,5
btc-updown-15m-1761686100,1761686100,510,0.33,0.37,0.35,0.04,1118.04,1054,0.63,0.67,148
btc-updown-15m-1761686100,1761686100,525,0.31,0.35,0.33,0.04,962.1,1336,0.65,0.69,24
btc-updown-15m-1761686100,1761686100,540,0.31,0.35,0.33,0.04,859.45,683,0.65,0.69,322
btc-updown-15m-1761686100,1761686100,555,0.26,0.29,0.275,0.03,823.7,507,0.71,0.74,10
btc-updown-15m-1761686100,1761686100,570,0.32,0.37,0.345,0.05,847,824,0.63,0.68,18
btc-updown-15m-1761686100,1761686100,585,0.32,0.33,0.325,0.01,35.3,225,0.67,0.68,66
btc-updown-15m-1761686100,1761686100,600,0.29,0.32,0.305,0.03,543.6,1005,0.68,0.71,25
btc-updown-15m-1761686100,1761686100,615,0.27,0.31,0.29,0.04,1203.4,706,0.69,0.73,309
btc-updown-15m-1761686100,1761686100,630,0.26,0.3,0.28,0.04,1199.8,1087,0.7,0.74,46
btc-updown-15m-1761686100,1761686100,645,0.22,0.23,0.225,0.01,307.9,145,0.77,0.78,23
btc-updown-15m-1761686100,1761686100,660,0.21,0.25,0.23,0.04,1202.5,680,0.75,0.79,46
btc-updown-15m-1761686100,1761686100,675,0.2,0.24,0.22,0.04,822.2,403,0.76,0.8,147
btc-updown-15m-1761686100,1761686100,690,0.18,0.2,0.19,0.02,1191.49,445.2,0.8,0.82,54
btc-updown-15m-1761686100,1761686100,705,0.16,0.17,0.165,0.01,611.5,463.55,0.83,0.84,5
btc-updown-15m-1761686100,1761686100,720,0.23,0.28,0.255,0.05,526.12,962.85,0.72,0.77,8
btc-updown-15m-1761686100,1761686100,735,0.45,0.48,0.465,0.03,61.07,476,0.52,0.55,72
btc-updown-15m-1761686100,1761686100,750,0.48,0.51,0.495,0.03,16,612.5,0.49,0.52,74
btc-updown-15m-1761686100,1761686100,765,0.44,0.46,0.45,0.02,477.49,451,0.54,0.56,0
btc-updown-15m-1761686100,1761686100,780,0.55,0.56,0.555,0.01,124.13,810.51,0.44,0.45,187
btc-updown-15m-1761686100,1761686100,795,0.64,0.69,0.665,0.05,705,431,0.31,0.36,121
btc-updown-15m-1761686100,1761686100,810,0.67,0.74,0.705,0.07,911,626,0.26,0.33,96
btc-updown-15m-1761686100,1761686100,825,0.68,0.76,0.72,0.08,420,629.87,0.24,0.32,94
btc-updown-15m-1761686100,1761686100,840,0.72,0.78,0.75,0.06,690,26.11,0.22,0.28,90
btc-updown-15m-1761686100,1761686100,845,0.75,0.79,0.77,0.04,530,316,0.21,0.25,1307
btc-updown-15m-1761686100,1761686100,850,0.79,0.87,0.83,0.08,420,280,0.13,0.21,200
btc-updown-15m-1761686100,1761686100,855,0.59,0.76,0.675,0.17,73.51,769,0.24,0.41,10
btc-updown-15m-1761686100,1761686100,860,0.69,0.77,0.73,0.08,924,400,0.23,0.31,7
btc-updown-15m-1761686100,1761686100,865,0.69,0.76,0.725,0.07,429,402,0.24,0.31,57
btc-updown-15m-1761686100,1761686100,870,0.27,0.49,0.38,0.22,57,718,0.51,0.73,3
btc-updown-15m-1761686100,1761686100,875,0.65,0.74,0.695,0.09,22.14,415,0.26,0.35,12
btc-updown-15m-1761686100,1761686100,880,0.76,0.84,0.8,0.08,356,410,0.16,0.24,15
btc-updown-15m-1761686100,1761686100,885,0.85,0.89,0.87,0.04,1064,23,0.11,0.15,48
btc-updown-15m-1761686100,1761686100,890,0.85,0.94,0.895,0.09,780,229,0.06,0.15,101
btc-updown-15m-1761686100,1761686100,895,0.89,0.96,0.925,0.07,878.65,325.91,0.04,0.11,7
btc-updown-15m-1761686100,1761686100,897,0.96,0.99,0.975,0.03,930.27,372,0.01,0.04,86
btc-updown-15m-1761686100,1761686100,899,0.99,,,,173.62,0,,0.01,121
btc-updown-15m-1761686100,1761686100,900,0.99,,,,425.62,0,,0.01,185
btc-updown-15m-1761690600,1761690600,0,0.49,0.5,0.495,0.01,150.89,253.02,0.5,0.51,1056
btc-updown-15m-1761690600,1761690600,15,0.48,0.5,0.49,0.02,36.16,279.37,0.5,0.52,23
btc-updown-15m-1761690600,1761690600,30,0.48,0.5,0.49,0.02,174.28,265.37,0.5,0.52,2
btc-updown-15m-1761690600,1761690600,45,0.48,0.5,0.49,0.02,158,130.37,0.5,0.52,32
btc-updown-15m-1761690600,1761690600,60,0.52,0.59,0.555,0.07,338.4,102,0.41,0.48,28
btc-updown-15m-1761690600,1761690600,75,0.52,0.54,0.53,0.02,306.55,45,0.46,0.48,62
btc-updown-15m-1761690600,1761690600,90,0.53,0.56,0.545,0.03,316.55,821,0.44,0.47,19
btc-updown-15m-1761690600,1761690600,105,0.56,0.58,0.57,0.02,415,717.37,0.42,0.44,0
btc-updown-15m-1761690600,1761690600,120,0.59,0.61,0.6,0.02,409,286.12,0.39,0.41,5
btc-updown-15m-1761690600,1761690600,135,0.67,0.69,0.68,0.02,206.35,767,0.31,0.33,298
btc-updown-15m-1761690600,1761690600,150,0.57,0.59,0.58,0.02,248.5,770,0.41,0.43,1528
btc-updown-15m-1761690600,1761690600,165,0.57,0.6,0.585,0.03,125.3,760,0.4,0.43,2
btc-updown-15m-1761690600,1761690600,180,0.53,0.54,0.535,0.01,870.9,712.3,0.46,0.47,13
btc-updown-15m-1761690600,1761690600,195,0.5,0.54,0.52,0.04,518,778.3,0.46,0.5,24
btc-updown-15m-1761690600,1761690600,210,0.55,0.59,0.57,0.04,623.2,597.67,0.41,0.45,278
btc-updown-15m-1761690600,1761690600,225,0.54,0.58,0.56,0.04,631.2,550,0.42,0.46,252
btc-updown-15m-1761690600,1761690600,240,0.55,0.6,0.575,0.05,582,792,0.4,0.45,51
btc-updown-15m-1761690600,1761690600,255,0.54,0.57,0.555,0.03,548,309,0.43,0.46,117
btc-updown-15m-1761690600,1761690600,270,0.62,0.65,0.635,0.03,329.95,791,0.35,0.38,5
btc-updown-15m-1761690600,1761690600,285,0.58,0.62,0.6,0.04,744.2,800,0.38,0.42,39
btc-updown-15m-1761690600,1761690600,300,0.61,0.65,0.63,0.04,586,770.68,0.35,0.39,75
btc-updown-15m-1761690600,1761690600,315,0.5,0.54,0.52,0.04,646.7,286,0.46,0.5,273
btc-updown-15m-1761690600,1761690600,330,0.5,0.55,0.525,0.05,621.7,617.43,0.45,0.5,10
btc-updown-15m-1761690600,1761690600,345,0.52,0.55,0.535,0.03,108.5,764.43,0.45,0.48,1
btc-updown-15m-1761690600,1761690600,360,0.5,0.52,0.51,0.02,59.8,740.48,0.48,0.5,52
btc-updown-15m-1761690600,1761690600,375,0.41,0.42,0.415,0.01,409.7,584,0.58,0.59,386
btc-updown-15m-1761690600,1761690600,390,0.4,0.42,0.41,0.02,685.93,256.75,0.58,0.6,22
btc-updown-15m-1761690600,1761690600,405,0.4,0.44,0.42,0.04,177.93,399.75,0.56,0.6,11
btc-updown-15m-1761690600,1761690600,420,0.41,0.46,0.435,0.05,650.08,804.17,0.54,0.59,82
btc-updown-15m-1761690600,1761690600,435,0.42,0.43,0.425,0.01,873.18,30.67,0.57,0.58,1610
btc-updown-15m-1761690600,1761690600,450,0.43,0.46,0.445,0.03,359.4,748,0.54,0.57,141
btc-updown-15m-1761690600,1761690600,465,0.4,0.47,0.435,0.07,560.53,695,0.53,0.6,201
btc-updown-15m-1761690600,1761690600,480,0.45,0.47,0.46,0.02,294,799,0.53,0.55,758
btc-updown-15m-1761690600,1761690600,495,0.4,0.44,0.42,0.04,678.38,675,0.56,0.6,41
btc-updown-15m-1761690600,1761690600,510,0.47,0.51,0.49,0.04,279,842.4,0.49,0.53,11
btc-updown-15m-1761690600,1761690600,525,0.64,0.67,0.655,0.03,355.45,640.5,0.33,0.36,62
btc-updown-15m-1761690600,1761690600,540,0.49,0.54,0.515,0.05,780.6,771,0.46,0.51,18
btc-updown-15m-1761690600,1761690600,555,0.45,0.5,0.475,0.05,650,728.5,0.5,0.55,0
btc-updown-15m-1761690600,1761690600,570,0.49,0.53,0.51,0.04,284,757,0.47,0.51,0
btc-updown-15m-1761690600,1761690600,585,0.46,0.51,0.485,0.05,757,764.5,0.49,0.54,173
btc-updown-15m-1761690600,1761690600,600,0.45,0.49,0.47,0.04,84.6,67,0.51,0.55,912
btc-updown-15m-1761690600,1761690600,615,0.52,0.57,0.545,0.05,876,719.5,0.43,0.48,112
btc-updown-15m-1761690600,1761690600,630,0.57,0.59,0.58,0.02,535,199,0.41,0.43,2
btc-updown-15m-1761690600,1761690600,645,0.62,0.66,0.64,0.04,963,397.5,0.34,0.38,128
btc-updown-15m-1761690600,1761690600,660,0.66,0.7,0.68,0.04,419.5,637.35,0.3,0.34,35
btc-updown-15m-1761690600,1761690600,675,0.53,0.59,0.56,0.06,654.43,796.91,0.41,0.47,64
btc-updown-15m-1761690600,1761690600,690,0.67,0.72,0.695,0.05,58.9,384.5,0.28,0.33,12
btc-updown-15m-1761690600,1761690600,705,0.66,0.72,0.69,0.06,348.35,104.5,0.28,0.34,24
btc-updown-15m-1761690600,1761690600,720,0.67,0.72,0.695,0.05,559.25,175,0.28,0.33,216
btc-updown-15m-1761690600,1761690600,735,0.71,0.74,0.725,0.03,782,62.98,0.26,0.29,148
btc-updown-15m-1761690600,1761690600,750,0.88,0.89,0.885,0.01,347.97,94.24,0.11,0.12,61
btc-updown-15m-1761690600,1761690600,765,0.88,0.92,0.9,0.04,376.63,58.56,0.08,0.12,9
btc-updown-15m-1761690600,1761690600,780,0.92,0.96,0.94,0.04,285.76,370.37,0.04,0.08,184
btc-updown-15m-1761690600,1761690600,795,0.97,0.98,0.975,0.01,85.61,710.05,0.02,0.03,182
btc-updown-15m-1761690600,1761690600,810,0.99,,,,200.71,0,,0.01,272
btc-updown-15m-1761690600,1761690600,825,0.98,,,,99.94,0,,0.02,1199
btc-updown-15m-1761690600,1761690600,840,0.99,,,,232.94,0,,0.01,519
btc-updown-15m-1761690600,1761690600,845,0.99,,,,285.59,0,,0.01,62
btc-updown-15m-1761690600,1761690600,850,0.99,,,,485.59,0,,0.01,845
btc-updown-15m-1761690600,1761690600,855,0.99,,,,325.59,0,,0.01,352
btc-updown-15m-1761690600,1761690600,860,0.99,,,,325.59,0,,0.01,2932
btc-updown-15m-1761690600,1761690600,865,0.99,,,,1405.59,0,,0.01,299
btc-updown-15m-1761690600,1761690600,870,0.99,,,,1921.59,0,,0.01,501
btc-updown-15m-1761690600,1761690600,875,0.99,,,,1866.6,0,,0.01,143
btc-updown-15m-1761690600,1761690600,880,0.99,,,,1865.6,0,,0.01,353
btc-updown-15m-1761690600,1761690600,885,0.99,,,,1924.65,0,,0.01,117
btc-updown-15m-1761690600,1761690600,890,0.99,,,,1924.65,0,,0.01,5
btc-updown-15m-1761690600,1761690600,895,0.99,,,,1924.65,0,,0.01,362
btc-updown-15m-1761690600,1761690600,897,0.99,,,,1924.65,0,,0.01,1289
btc-updown-15m-1761690600,1761690600,899,0.99,,,,1924.65,0,,0.01,3289
btc-updown-15m-1761690600,1761690600,900,0.99,,,,1924.65,0,,0.01,4289
btc-updown-15m-1761711300,1761711300,0,,,,,0,0,,,
btc-updown-15m-1761711300,1761711300,15,,,,,0,0,,,
btc-updown-15m-1761711300,1761711300,30,,,,,0,0,,,
btc-updown-15m-1761711300,1761711300,45,,,,,0,0,,,
btc-updown-15m-1761711300,1761711300,60,,,,,0,0,,,
btc-updown-15m-1761711300,1761711300,75,,,,,0,0,,,
btc-updown-15m-1761711300,1761711300,90,,,,,0,0,,,
btc-updown-15m-1761711300,1761711300,105,,,,,0,0,,,
btc-updown-15m-1761711300,1761711300,120,,,,,0,0,,,
btc-updown-15m-1761711300,1761711300,135,,,,,0,0,,,
btc-updown-15m-1761711300,1761711300,150,,,,,0,0,,,
btc-updown-15m-1761711300,1761711300,165,,,,,0,0,,,
btc-updown-15m-1761711300,1761711300,180,,,,,0,0,,,
btc-updown-15m-1761711300,1761711300,195,,,,,0,0,,,
btc-updown-15m-1761711300,1761711300,210,,,,,0,0,,,
btc-updown-15m-1761711300,1761711300,225,,,,,0,0,,,
btc-updown-15m-1761711300,1761711300,240,,,,,0,0,,,
btc-updown-15m-1761711300,1761711300,255,,,,,0,0,,,
btc-updown-15m-1761711300,1761711300,270,,,,,0,0,,,
btc-updown-15m-1761711300,1761711300,285,,,,,0,0,,,
btc-updown-15m-1761711300,1761711300,300,,,,,0,0,,,
btc-updown-15m-1761711300,1761711300,315,,,,,0,0,,,
btc-updown-15m-1761711300,1761711300,330,,,,,0,0,,,
btc-updown-15m-1761711300,1761711300,345,,,,,0,0,,,
btc-updown-15m-1761711300,1761711300,360,,,,,0,0,,,
btc-updown-15m-1761711300,1761711300,375,,,,,0,0,,,
btc-updown-15m-1761711300,1761711300,390,,,,,0,0,,,
btc-updown-15m-1761711300,1761711300,405,,,,,0,0,,,
btc-updown-15m-1761711300,1761711300,420,,,,,0,0,,,
btc-updown-15m-1761711300,1761711300,435,,,,,0,0,,,
btc-updown-15m-1761711300,1761711300,450,0.82,0.86,0.84,0.04,37,72,0.14,0.18,37
btc-updown-15m-1761711300,1761711300,465,0.85,0.89,0.87,0.04,108,163,0.11,0.15,156
btc-updown-15m-1761711300,1761711300,480,0.83,0.85,0.84,0.02,535,1081.47,0.15,0.17,273
btc-updown-15m-1761711300,1761711300,495,0.77,0.82,0.795,0.05,486.5,439,0.18,0.23,155
btc-updown-15m-1761711300,1761711300,510,0.76,0.79,0.775,0.03,88,790.7,0.21,0.24,4
btc-updown-15m-1761711300,1761711300,525,0.7,0.79,0.745,0.09,214,335.1,0.21,0.3,19
btc-updown-15m-1761711300,1761711300,540,0.65,0.69,0.67,0.04,78.2,606.43,0.31,0.35,39
btc-updown-15m-1761711300,1761711300,555,0.65,0.71,0.68,0.06,105.2,555.71,0.29,0.35,776
btc-updown-15m-1761711300,1761711300,570,0.63,0.66,0.645,0.03,33,578,0.34,0.37,112
btc-updown-15m-1761711300,1761711300,585,0.62,0.68,0.65,0.06,614.4,495.94,0.32,0.38,135
btc-updown-15m-1761711300,1761711300,600,0.53,0.57,0.55,0.04,418,444,0.43,0.47,43
btc-updown-15m-1761711300,1761711300,615,0.47,0.51,0.49,0.04,313.6,246.5,0.49,0.53,48
btc-updown-15m-1761711300,1761711300,630,0.43,0.47,0.45,0.04,172.8,436.07,0.53,0.57,146
btc-updown-15m-1761711300,1761711300,645,0.49,0.54,0.515,0.05,420,171.8,0.46,0.51,15
btc-updown-15m-1761711300,1761711300,660,0.53,0.62,0.575,0.09,72.7,475,0.38,0.47,1
btc-updown-15m-1761711300,1761711300,675,0.56,0.6,0.58,0.04,42,634.5,0.4,0.44,20
btc-updown-15m-1761711300,1761711300,690,0.49,0.55,0.52,0.06,538.28,146,0.45,0.51,50
btc-updown-15m-1761711300,1761711300,705,0.7,0.71,0.705,0.01,81.94,492,0.29,0.3,36
btc-updown-15m-1761711300,1761711300,720,0.71,0.73,0.72,0.02,476.7,63.64,0.27,0.29,6
btc-updown-15m-1761711300,1761711300,735,0.7,0.75,0.725,0.05,449,414.61,0.25,0.3,200
btc-updown-15m-1761711300,1761711300,750,0.7,0.76,0.73,0.06,475,527.74,0.24,0.3,2404
btc-updown-15m-1761711300,1761711300,765,0.57,0.6,0.585,0.03,293.92,1618,0.4,0.43,204
btc-updown-15m-1761711300,1761711300,780,0.79,0.83,0.81,0.04,115,554.1,0.17,0.21,163
btc-updown-15m-1761711300,1761711300,795,0.77,0.84,0.805,0.07,523.84,85,0.16,0.23,1
btc-updown-15m-1761711300,1761711300,810,0.81,0.86,0.835,0.05,551.58,98,0.14,0.19,68
btc-updown-15m-1761711300,1761711300,825,0.88,0.89,0.885,0.01,1132,84,0.11,0.12,12
btc-updown-15m-1761711300,1761711300,840,0.8,0.9,0.85,0.1,167.58,40,0.1,0.2,427
btc-updown-15m-1761711300,1761711300,845,0.87,0.93,0.9,0.06,429,233,0.07,0.13,21
btc-updown-15m-1761711300,1761711300,850,0.89,0.94,0.915,0.05,317.76,698.5,0.06,0.11,15
btc-updown-15m-1761711300,1761711300,855,0.93,0.94,0.935,0.01,91,525.94,0.06,0.07,60
btc-updown-15m-1761711300,1761711300,860,0.93,0.96,0.945,0.03,473,967,0.04,0.07,498
btc-updown-15m-1761711300,1761711300,865,0.92,0.97,0.945,0.05,59,902,0.03,0.08,307
btc-updown-15m-1761711300,1761711300,870,0.94,0.98,0.96,0.04,485,619,0.02,0.06,80
btc-updown-15m-1761711300,1761711300,875,0.99,,,,66.34,0,,0.01,121
btc-updown-15m-1761711300,1761711300,880,0.99,,,,351.54,0,,0.01,112
btc-updown-15m-1761711300,1761711300,885,0.99,,,,379.62,0,,0.01,999
btc-updown-15m-1761711300,1761711300,890,0.99,,,,616,0,,0.01,51
btc-updown-15m-1761711300,1761711300,895,0.99,,,,1661.09,0,,0.01,183
btc-updown-15m-1761711300,1761711300,897,0.99,,,,1629.09,0,,0.01,3
btc-updown-15m-1761711300,1761711300,899,0.99,,,,1841.09,0,,0.01,177
btc-updown-15m-1761711300,1761711300,900,0.99,,,,1836.09,0,,0.01,49
