slug,epoch,t_sec,up_best_bid,up_best_ask,up_mid,spread,top3_bid_depth,top3_ask_depth,down_best_bid,down_best_ask,last_event_age_ms
btc-updown-15m-1775001600,1775001600,0,0.44,0.46,0.45,0.02,120.34,206.01,0.54,0.56,346
btc-updown-15m-1775001600,1775001600,15,0.41,0.42,0.415,0.01,1241.47,1069,0.58,0.59,35
btc-updown-15m-1775001600,1775001600,30,0.36,0.37,0.365,0.01,1468.31,1598,0.63,0.64,6
btc-updown-15m-1775001600,1775001600,45,0.3,0.31,0.305,0.01,1612.18,493,0.69,0.7,1
btc-updown-15m-1775001600,1775001600,60,0.25,0.26,0.255,0.01,1606.1,751.8,0.74,0.75,4
btc-updown-15m-1775001600,1775001600,75,0.1,0.11,0.105,0.01,1974.42,243,0.89,0.9,0
btc-updown-15m-1775001600,1775001600,90,0.12,0.13,0.125,0.01,2021.91,1323.35,0.87,0.88,3
btc-updown-15m-1775001600,1775001600,105,0.16,0.17,0.165,0.01,1545.19,1633.74,0.83,0.84,0
btc-updown-15m-1775001600,1775001600,120,0.17,0.18,0.175,0.01,323.12,1823.28,0.82,0.83,65
btc-updown-15m-1775001600,1775001600,135,0.13,0.14,0.135,0.01,1832.78,1132.21,0.86,0.87,5
btc-updown-15m-1775001600,1775001600,150,0.17,0.18,0.175,0.01,1566.16,2101.61,0.82,0.83,20
btc-updown-15m-1775001600,1775001600,165,0.18,0.19,0.185,0.01,1818.7,1193.24,0.81,0.82,44
btc-updown-15m-1775001600,1775001600,180,0.19,0.2,0.195,0.01,2385.52,1106.1,0.8,0.81,1
btc-updown-15m-1775001600,1775001600,195,0.19,0.2,0.195,0.01,2658.62,1920.4,0.8,0.81,12
btc-updown-15m-1775001600,1775001600,210,0.23,0.24,0.235,0.01,2491.42,226,0.76,0.77,0
btc-updown-15m-1775001600,1775001600,225,0.23,0.24,0.235,0.01,1892.89,287.19,0.76,0.77,59
btc-updown-15m-1775001600,1775001600,240,0.18,0.19,0.185,0.01,2638.37,518,0.81,0.82,8
btc-updown-15m-1775001600,1775001600,255,0.2,0.21,0.205,0.01,2734.5,1470.5,0.79,0.8,15
btc-updown-15m-1775001600,1775001600,270,0.2,0.21,0.205,0.01,1628.61,2403.75,0.79,0.8,7
btc-updown-15m-1775001600,1775001600,285,0.17,0.18,0.175,0.01,1777.83,2114.8,0.82,0.83,33
btc-updown-15m-1775001600,1775001600,300,0.2,0.21,0.205,0.01,600.11,515.25,0.79,0.8,35
btc-updown-15m-1775001600,1775001600,315,0.13,0.14,0.135,0.01,1444.26,1278.5,0.86,0.87,72
btc-updown-15m-1775001600,1775001600,330,0.12,0.13,0.125,0.01,3647.43,1989.62,0.87,0.88,175
btc-updown-15m-1775001600,1775001600,345,0.12,0.13,0.125,0.01,3376.26,2067.2,0.87,0.88,3
btc-updown-15m-1775001600,1775001600,360,0.13,0.14,0.135,0.01,1247.41,1052.65,0.86,0.87,5
btc-updown-15m-1775001600,1775001600,375,0.15,0.16,0.155,0.01,1137.4,1912.5,0.84,0.85,9
btc-updown-15m-1775001600,1775001600,390,0.2,0.21,0.205,0.01,2123.65,384.96,0.79,0.8,74
btc-updown-15m-1775001600,1775001600,405,0.2,0.21,0.205,0.01,1572.47,1437.97,0.79,0.8,5
btc-updown-15m-1775001600,1775001600,420,0.22,0.23,0.225,0.01,1604.5,1538.5,0.77,0.78,12
btc-updown-15m-1775001600,1775001600,435,0.21,0.22,0.215,0.01,761.5,1392.5,0.78,0.79,63
btc-updown-15m-1775001600,1775001600,450,0.17,0.18,0.175,0.01,1657.78,1636.5,0.82,0.83,77
btc-updown-15m-1775001600,1775001600,465,0.16,0.17,0.165,0.01,1430.56,2020.5,0.83,0.84,1
btc-updown-15m-1775001600,1775001600,480,0.15,0.16,0.155,0.01,794.5,1762.54,0.84,0.85,68
btc-updown-15m-1775001600,1775001600,495,0.18,0.19,0.185,0.01,588.77,2290.87,0.81,0.82,6
btc-updown-15m-1775001600,1775001600,510,0.15,0.16,0.155,0.01,1959.87,819.74,0.84,0.85,59
btc-updown-15m-1775001600,1775001600,525,0.15,0.16,0.155,0.01,2310.23,744.84,0.84,0.85,4
btc-updown-15m-1775001600,1775001600,540,0.14,0.15,0.145,0.01,1973.35,1700.08,0.85,0.86,1
btc-updown-15m-1775001600,1775001600,555,0.11,0.12,0.115,0.01,3748.86,2153.78,0.88,0.89,73
btc-updown-15m-1775001600,1775001600,570,0.1,0.11,0.105,0.01,3466.32,1636.67,0.89,0.9,70
btc-updown-15m-1775001600,1775001600,585,0.1,0.11,0.105,0.01,2550.85,2228.92,0.89,0.9,14
btc-updown-15m-1775001600,1775001600,600,0.06,0.07,0.065,0.01,2715.57,1288.78,0.93,0.94,5
btc-updown-15m-1775001600,1775001600,615,0.05,0.06,0.055,0.01,8215.79,2270.04,0.94,0.95,21
btc-updown-15m-1775001600,1775001600,630,0.03,0.04,0.035,0.01,18903.16,3107.95,0.96,0.97,18
btc-updown-15m-1775001600,1775001600,645,0.03,0.04,0.035,0.01,14361.76,4383.18,0.96,0.97,55
btc-updown-15m-1775001600,1775001600,660,0.03,0.04,0.035,0.01,12973.47,4556.21,0.96,0.97,33
btc-updown-15m-1775001600,1775001600,675,0.01,0.02,0.015,0.01,3995.01,7853.83,0.98,0.99,28
btc-updown-15m-1775001600,1775001600,690,0.01,0.02,0.015,0.01,1836.42,7746.4,0.98,0.99,1
btc-updown-15m-1775001600,1775001600,705,,0.01,,,0,8276.75,0.99,,75
btc-updown-15m-1775001600,1775001600,720,,0.01,,,0,11036.55,0.99,,62
btc-updown-15m-1775001600,1775001600,735,0.005,0.006,0.0055,0.001,752.87,615,0.994,0.995,65
btc-updown-15m-1775001600,1775001600,750,0.004,0.005,0.0045,0.001,405,1816.37,0.995,0.996,64
btc-updown-15m-1775001600,1775001600,765,0.003,0.004,0.0035,0.001,5679.9,1227.38,0.996,0.997,16
btc-updown-15m-1775001600,1775001600,780,0.002,0.003,0.0025,0.001,5524.32,1992.38,0.997,0.998,27
btc-updown-15m-1775001600,1775001600,795,0.001,0.002,0.0015,0.001,21435.92,9655.43,0.998,0.999,68
btc-updown-15m-1775001600,1775001600,810,0.001,0.002,0.0015,0.001,20221.28,9373.78,0.998,0.999,71
btc-updown-15m-1775001600,1775001600,825,0.001,0.002,0.0015,0.001,5673.61,9430.65,0.998,0.999,8
btc-updown-15m-1775001600,1775001600,840,,0.001,,,0,11151.83,0.999,,65
btc-updown-15m-1775001600,1775001600,845,,0.001,,,0,9571.83,0.999,,154
btc-updown-15m-1775001600,1775001600,850,,0.001,,,0,8682.83,0.999,,196
btc-updown-15m-1775001600,1775001600,855,,0.001,,,0,8667.83,0.999,,57
btc-updown-15m-1775001600,1775001600,860,,0.001,,,0,8667.83,0.999,,405
btc-updown-15m-1775001600,1775001600,865,,0.001,,,0,12663.46,0.999,,185
btc-updown-15m-1775001600,1775001600,870,,0.001,,,0,12663.46,0.999,,404
btc-updown-15m-1775001600,1775001600,875,,0.001,,,0,12663.46,0.999,,39
btc-updown-15m-1775001600,1775001600,880,,0.001,,,0,15535.51,0.999,,257
btc-updown-15m-1775001600,1775001600,885,,0.001,,,0,15535.51,0.999,,263
btc-updown-15m-1775001600,1775001600,890,,0.001,,,0,15685.5,0.999,,182
btc-updown-15m-1775001600,1775001600,895,,0.001,,,0,16286.1,0.999,,107
btc-updown-15m-1775001600,1775001600,897,,0.001,,,0,15799.44,0.999,,329
btc-updown-15m-1775001600,1775001600,899,,0.001,,,0,16114.54,0.999,,11
btc-updown-15m-1775001600,1775001600,900,,0.001,,,0,54123.28,0.999,,13
btc-updown-15m-1775012400,1775012400,0,0.54,0.55,0.545,0.01,412.58,113.95,0.45,0.46,156
btc-updown-15m-1775012400,1775012400,15,0.61,0.62,0.615,0.01,1782.29,631.76,0.38,0.39,57
btc-updown-15m-1775012400,1775012400,30,0.6,0.61,0.605,0.01,1544.51,1899.36,0.39,0.4,2
btc-updown-15m-1775012400,1775012400,45,0.63,0.64,0.635,0.01,1818.89,763.7,0.36,0.37,79
btc-updown-15m-1775012400,1775012400,60,0.67,0.68,0.675,0.01,1637.01,2034.39,0.32,0.33,24
btc-updown-15m-1775012400,1775012400,75,0.69,0.7,0.695,0.01,2478.23,30,0.3,0.31,10
btc-updown-15m-1775012400,1775012400,90,0.8,0.81,0.805,0.01,1551.2,1522.75,0.19,0.2,4
btc-updown-15m-1775012400,1775012400,105,0.84,0.85,0.845,0.01,1951.35,1593.56,0.15,0.16,75
btc-updown-15m-1775012400,1775012400,120,0.83,0.84,0.835,0.01,1918.36,1722.35,0.16,0.17,69
btc-updown-15m-1775012400,1775012400,135,0.85,0.86,0.855,0.01,602.7,1925.19,0.14,0.15,26
btc-updown-15m-1775012400,1775012400,150,0.85,0.86,0.855,0.01,2508.03,1601.33,0.14,0.15,66
btc-updown-15m-1775012400,1775012400,165,0.85,0.86,0.855,0.01,532.97,1953.79,0.14,0.15,5
btc-updown-15m-1775012400,1775012400,180,0.85,0.86,0.855,0.01,2163.19,1593.74,0.14,0.15,15
btc-updown-15m-1775012400,1775012400,195,0.84,0.85,0.845,0.01,853.65,1104.15,0.15,0.16,11
btc-updown-15m-1775012400,1775012400,210,0.8,0.81,0.805,0.01,1994.47,1653.76,0.19,0.2,47
btc-updown-15m-1775012400,1775012400,225,0.83,0.84,0.835,0.01,471.74,1980.67,0.16,0.17,33
btc-updown-15m-1775012400,1775012400,240,0.83,0.84,0.835,0.01,744.46,1876.39,0.16,0.17,24
btc-updown-15m-1775012400,1775012400,255,0.82,0.83,0.825,0.01,2476.37,119.72,0.17,0.18,0
btc-updown-15m-1775012400,1775012400,270,0.88,0.89,0.885,0.01,2145.75,2384.07,0.11,0.12,37
btc-updown-15m-1775012400,1775012400,285,0.89,0.9,0.895,0.01,1841.07,2353.37,0.1,0.11,28
btc-updown-15m-1775012400,1775012400,300,0.89,0.9,0.895,0.01,869.35,1022.06,0.1,0.11,71
btc-updown-15m-1775012400,1775012400,315,0.9,0.91,0.905,0.01,2011.49,1789.62,0.09,0.1,70
btc-updown-15m-1775012400,1775012400,330,0.9,0.91,0.905,0.01,2324.48,1725,0.09,0.1,4
btc-updown-15m-1775012400,1775012400,345,0.92,0.93,0.925,0.01,2130.32,2043.01,0.07,0.08,16
btc-updown-15m-1775012400,1775012400,360,0.95,0.96,0.955,0.01,2566.41,5927.31,0.04,0.05,0
btc-updown-15m-1775012400,1775012400,375,0.95,0.96,0.955,0.01,2683.57,5227.38,0.04,0.05,3
btc-updown-15m-1775012400,1775012400,390,0.94,0.95,0.945,0.01,2588.87,4190.45,0.05,0.06,64
btc-updown-15m-1775012400,1775012400,405,0.94,0.95,0.945,0.01,2035.9,4069.58,0.05,0.06,0
btc-updown-15m-1775012400,1775012400,420,0.95,0.96,0.955,0.01,3009.42,5171.88,0.04,0.05,56
btc-updown-15m-1775012400,1775012400,435,0.99,,,,8721.55,0,,0.01,1
btc-updown-15m-1775012400,1775012400,450,0.98,0.99,0.985,0.01,5704.56,75.85,0.01,0.02,59
btc-updown-15m-1775012400,1775012400,465,0.99,,,,3508.08,0,,0.01,59
btc-updown-15m-1775012400,1775012400,480,0.99,,,,2723.56,0,,0.01,37
btc-updown-15m-1775012400,1775012400,495,0.98,0.99,0.985,0.01,4756.89,219,0.01,0.02,7
btc-updown-15m-1775012400,1775012400,510,0.98,0.99,0.985,0.01,5775.77,74.35,0.01,0.02,0
btc-updown-15m-1775012400,1775012400,525,0.99,,,,3226.95,0,,0.01,72
btc-updown-15m-1775012400,1775012400,540,0.99,,,,3817.36,0,,0.01,58
btc-updown-15m-1775012400,1775012400,555,0.99,,,,4149.51,0,,0.01,70
btc-updown-15m-1775012400,1775012400,570,0.99,,,,4079.01,0,,0.01,61
btc-updown-15m-1775012400,1775012400,585,0.99,,,,3738.31,0,,0.01,5
btc-updown-15m-1775012400,1775012400,600,0.99,,,,7387.39,0,,0.01,50
btc-updown-15m-1775012400,1775012400,615,0.99,,,,7309,0,,0.01,49
btc-updown-15m-1775012400,1775012400,630,0.99,,,,7694.2,0,,0.01,58
btc-updown-15m-1775012400,1775012400,645,0.99,,,,9599.2,0,,0.01,54
btc-updown-15m-1775012400,1775012400,660,0.99,,,,7708.67,0,,0.01,50
btc-updown-15m-1775012400,1775012400,675,0.99,,,,8263.41,0,,0.01,68
btc-updown-15m-1775012400,1775012400,690,0.99,,,,10424.41,0,,0.01,60
btc-updown-15m-1775012400,1775012400,705,0.99,,,,8361.41,0,,0.01,48
btc-updown-15m-1775012400,1775012400,720,0.99,,,,8315.64,0,,0.01,32
btc-updown-15m-1775012400,1775012400,735,0.99,,,,8621.7,0,,0.01,66
btc-updown-15m-1775012400,1775012400,750,0.99,,,,8877.7,0,,0.01,70
btc-updown-15m-1775012400,1775012400,765,0.99,,,,8966.77,0,,0.01,58
btc-updown-15m-1775012400,1775012400,780,0.99,,,,8953.79,0,,0.01,68
btc-updown-15m-1775012400,1775012400,795,0.99,,,,13676.51,0,,0.01,5
btc-updown-15m-1775012400,1775012400,810,0.99,,,,13972.38,0,,0.01,75
btc-updown-15m-1775012400,1775012400,825,0.999,,,,11549.51,0,,0.001,2
btc-updown-15m-1775012400,1775012400,840,0.999,,,,11659.51,0,,0.001,77
btc-updown-15m-1775012400,1775012400,845,0.999,,,,12084.51,0,,0.001,391
btc-updown-15m-1775012400,1775012400,850,0.999,,,,12184.51,0,,0.001,144
btc-updown-15m-1775012400,1775012400,855,0.999,,,,12216.51,0,,0.001,352
btc-updown-15m-1775012400,1775012400,860,0.999,,,,12216.51,0,,0.001,385
btc-updown-15m-1775012400,1775012400,865,0.999,,,,12195.56,0,,0.001,59
btc-updown-15m-1775012400,1775012400,870,0.999,,,,12195.56,0,,0.001,170
btc-updown-15m-1775012400,1775012400,875,0.999,,,,11245.56,0,,0.001,352
btc-updown-15m-1775012400,1775012400,880,0.999,,,,11245.56,0,,0.001,88
btc-updown-15m-1775012400,1775012400,885,0.999,,,,11235.55,0,,0.001,557
btc-updown-15m-1775012400,1775012400,890,0.999,,,,11235.55,0,,0.001,250
btc-updown-15m-1775012400,1775012400,895,0.999,,,,11846.15,0,,0.001,571
btc-updown-15m-1775012400,1775012400,897,0.999,,,,10819.15,0,,0.001,68
btc-updown-15m-1775012400,1775012400,899,0.999,,,,11129.15,0,,0.001,105
btc-updown-15m-1775012400,1775012400,900,0.999,,,,48235.13,0,,0.001,27
btc-updown-15m-1775022300,1775022300,0,0.45,0.46,0.455,0.01,341.37,543.79,0.54,0.55,8
btc-updown-15m-1775022300,1775022300,15,0.51,0.52,0.515,0.01,841.79,979.31,0.48,0.49,0
btc-updown-15m-1775022300,1775022300,30,0.47,0.48,0.475,0.01,1700.5,357.7,0.52,0.53,4
btc-updown-15m-1775022300,1775022300,45,0.38,0.39,0.385,0.01,1533.95,1856.39,0.61,0.62,10
btc-updown-15m-1775022300,1775022300,60,0.39,0.4,0.395,0.01,2361.08,688.22,0.6,0.61,13
btc-updown-15m-1775022300,1775022300,75,0.39,0.4,0.395,0.01,2063.76,859.12,0.6,0.61,35
btc-updown-15m-1775022300,1775022300,90,0.38,0.39,0.385,0.01,2019.74,645.45,0.61,0.62,5
btc-updown-15m-1775022300,1775022300,105,0.33,0.34,0.335,0.01,1532.3,2337.08,0.66,0.67,17
btc-updown-15m-1775022300,1775022300,120,0.27,0.28,0.275,0.01,2112.42,858,0.72,0.73,70
btc-updown-15m-1775022300,1775022300,135,0.28,0.29,0.285,0.01,1729.2,797.46,0.71,0.72,19
btc-updown-15m-1775022300,1775022300,150,0.33,0.34,0.335,0.01,1633.84,1770.99,0.66,0.67,32
btc-updown-15m-1775022300,1775022300,165,0.36,0.37,0.365,0.01,1680.16,1958.21,0.63,0.64,24
btc-updown-15m-1775022300,1775022300,180,0.26,0.27,0.265,0.01,2068.94,633.79,0.73,0.74,50
btc-updown-15m-1775022300,1775022300,195,0.32,0.33,0.325,0.01,2399.63,685.81,0.67,0.68,23
btc-updown-15m-1775022300,1775022300,210,0.3,0.31,0.305,0.01,1855.55,217,0.69,0.7,4
btc-updown-15m-1775022300,1775022300,225,0.28,0.29,0.285,0.01,1833.41,559.7,0.71,0.72,1
btc-updown-15m-1775022300,1775022300,240,0.26,0.27,0.265,0.01,1717.5,1351.85,0.73,0.74,64
btc-updown-15m-1775022300,1775022300,255,0.31,0.32,0.315,0.01,1552.7,1768.95,0.68,0.69,75
btc-updown-15m-1775022300,1775022300,270,0.22,0.23,0.225,0.01,2424.38,806,0.77,0.78,13
btc-updown-15m-1775022300,1775022300,285,0.28,0.29,0.285,0.01,1906.61,519.91,0.71,0.72,2
btc-updown-15m-1775022300,1775022300,300,0.35,0.36,0.355,0.01,638.9,619.15,0.64,0.65,75
btc-updown-15m-1775022300,1775022300,315,0.53,0.54,0.535,0.01,1301.8,2399.65,0.46,0.47,6
btc-updown-15m-1775022300,1775022300,330,0.55,0.56,0.555,0.01,2110.02,1504.74,0.44,0.45,11
btc-updown-15m-1775022300,1775022300,345,0.64,0.65,0.645,0.01,2016.6,331.07,0.35,0.36,4
btc-updown-15m-1775022300,1775022300,360,0.65,0.66,0.655,0.01,1587.05,502.27,0.34,0.35,0
btc-updown-15m-1775022300,1775022300,375,0.56,0.57,0.565,0.01,1949.88,1538.42,0.43,0.44,68
btc-updown-15m-1775022300,1775022300,390,0.53,0.54,0.535,0.01,2004.94,1528.5,0.46,0.47,2
btc-updown-15m-1775022300,1775022300,405,0.54,0.55,0.545,0.01,1764.32,1658.55,0.45,0.46,66
btc-updown-15m-1775022300,1775022300,420,0.51,0.52,0.515,0.01,1925.32,348.46,0.48,0.49,23
btc-updown-15m-1775022300,1775022300,435,0.49,0.5,0.495,0.01,1296.75,1740.54,0.5,0.51,41
btc-updown-15m-1775022300,1775022300,450,0.5,0.51,0.505,0.01,1737.32,155,0.49,0.5,17
btc-updown-15m-1775022300,1775022300,465,0.62,0.63,0.625,0.01,1327.17,488.7,0.37,0.38,61
btc-updown-15m-1775022300,1775022300,480,0.6,0.61,0.605,0.01,1484.33,1465.4,0.39,0.4,13
btc-updown-15m-1775022300,1775022300,495,0.69,0.7,0.695,0.01,1455.02,584.1,0.3,0.31,23
btc-updown-15m-1775022300,1775022300,510,0.63,0.64,0.635,0.01,163.42,712.5,0.36,0.37,3
btc-updown-15m-1775022300,1775022300,525,0.53,0.54,0.535,0.01,1308.92,739.7,0.46,0.47,63
btc-updown-15m-1775022300,1775022300,540,0.56,0.57,0.565,0.01,1404.92,267,0.43,0.44,13
btc-updown-15m-1775022300,1775022300,555,0.54,0.56,0.55,0.02,777.83,286,0.44,0.46,2
btc-updown-15m-1775022300,1775022300,570,0.4,0.41,0.405,0.01,1489.26,1681.16,0.59,0.6,6
btc-updown-15m-1775022300,1775022300,585,0.54,0.55,0.545,0.01,1243.15,331.12,0.45,0.46,3
btc-updown-15m-1775022300,1775022300,600,0.49,0.5,0.495,0.01,653.84,87.5,0.5,0.51,2
btc-updown-15m-1775022300,1775022300,615,0.48,0.49,0.485,0.01,1420.82,478.7,0.51,0.52,3
btc-updown-15m-1775022300,1775022300,630,0.37,0.38,0.375,0.01,1136.39,1479.2,0.62,0.63,64
btc-updown-15m-1775022300,1775022300,645,0.36,0.37,0.365,0.01,725.2,1412.58,0.63,0.64,4
btc-updown-15m-1775022300,1775022300,660,0.33,0.34,0.335,0.01,694.53,1806.2,0.66,0.67,8
btc-updown-15m-1775022300,1775022300,675,0.17,0.18,0.175,0.01,581.26,1400.92,0.82,0.83,62
btc-updown-15m-1775022300,1775022300,690,0.16,0.17,0.165,0.01,571.26,1938.52,0.83,0.84,26
btc-updown-15m-1775022300,1775022300,705,0.18,0.19,0.185,0.01,804.14,759.97,0.81,0.82,67
btc-updown-15m-1775022300,1775022300,720,0.1,0.11,0.105,0.01,1355.66,358.59,0.89,0.9,9
btc-updown-15m-1775022300,1775022300,735,0.07,0.08,0.075,0.01,1961.29,1399.65,0.92,0.93,12
btc-updown-15m-1775022300,1775022300,750,0.11,0.12,0.115,0.01,1533.28,1430.94,0.88,0.89,34
btc-updown-15m-1775022300,1775022300,765,0.07,0.08,0.075,0.01,704.03,1644.25,0.92,0.93,62
btc-updown-15m-1775022300,1775022300,780,0.06,0.07,0.065,0.01,1043.18,1652.37,0.93,0.94,3
btc-updown-15m-1775022300,1775022300,795,0.04,0.05,0.045,0.01,2687.78,1571.86,0.95,0.96,52
btc-updown-15m-1775022300,1775022300,810,0.06,0.07,0.065,0.01,2015.84,1412.47,0.93,0.94,69
btc-updown-15m-1775022300,1775022300,825,0.05,0.06,0.055,0.01,1206.99,1681.95,0.94,0.95,66
btc-updown-15m-1775022300,1775022300,840,0.02,0.03,0.025,0.01,5266.3,2067.6,0.97,0.98,4
btc-updown-15m-1775022300,1775022300,845,0.01,0.02,0.015,0.01,1996.18,2042.52,0.98,0.99,1
btc-updown-15m-1775022300,1775022300,850,0.02,0.03,0.025,0.01,1537.55,1943.63,0.97,0.98,123
btc-updown-15m-1775022300,1775022300,855,0.02,0.03,0.025,0.01,2040.85,1944.2,0.97,0.98,9
btc-updown-15m-1775022300,1775022300,860,0.01,0.02,0.015,0.01,1318.64,1928.47,0.98,0.99,244
btc-updown-15m-1775022300,1775022300,865,0.01,0.02,0.015,0.01,270.63,2592.38,0.98,0.99,37
btc-updown-15m-1775022300,1775022300,870,0.01,0.02,0.015,0.01,335.61,2591.78,0.98,0.99,0
btc-updown-15m-1775022300,1775022300,875,0.01,0.02,0.015,0.01,209.95,2842.94,0.98,0.99,44
btc-updown-15m-1775022300,1775022300,880,,0.01,,,0,4136.09,0.99,,40
btc-updown-15m-1775022300,1775022300,885,,0.01,,,0,3638.67,0.99,,157
btc-updown-15m-1775022300,1775022300,890,,0.01,,,0,4020.47,0.99,,26
btc-updown-15m-1775022300,1775022300,895,,0.01,,,0,13092.42,0.99,,558
btc-updown-15m-1775022300,1775022300,897,,0.01,,,0,13394.24,0.99,,43
btc-updown-15m-1775022300,1775022300,899,,0.01,,,0,20788.97,0.99,,8
btc-updown-15m-1775022300,1775022300,900,,0.01,,,0,73694.53,0.99,,1
btc-updown-15m-1775033100,1775033100,0,0.46,0.47,0.465,0.01,241.19,232.37,0.53,0.54,115
btc-updown-15m-1775033100,1775033100,15,0.48,0.49,0.485,0.01,2445.43,1126.91,0.51,0.52,35
btc-updown-15m-1775033100,1775033100,30,0.45,0.46,0.455,0.01,720.16,1878.29,0.54,0.55,20
btc-updown-15m-1775033100,1775033100,45,0.46,0.47,0.465,0.01,1947.85,1698.44,0.53,0.54,12
btc-updown-15m-1775033100,1775033100,60,0.45,0.46,0.455,0.01,1166.85,1752.2,0.54,0.55,28
btc-updown-15m-1775033100,1775033100,75,0.46,0.47,0.465,0.01,885.69,2185.65,0.53,0.54,72
btc-updown-15m-1775033100,1775033100,90,0.45,0.46,0.455,0.01,1384.25,1917.63,0.54,0.55,61
btc-updown-15m-1775033100,1775033100,105,0.36,0.37,0.365,0.01,424,2473.24,0.63,0.64,0
btc-updown-15m-1775033100,1775033100,120,0.32,0.33,0.325,0.01,1409.75,1957.36,0.67,0.68,31
btc-updown-15m-1775033100,1775033100,135,0.37,0.38,0.375,0.01,2199.31,1709.7,0.62,0.63,50
btc-updown-15m-1775033100,1775033100,150,0.33,0.34,0.335,0.01,2247.8,1387.26,0.66,0.67,64
btc-updown-15m-1775033100,1775033100,165,0.31,0.32,0.315,0.01,2151.31,1839.84,0.68,0.69,12
btc-updown-15m-1775033100,1775033100,180,0.36,0.37,0.365,0.01,905.2,1346.72,0.63,0.64,6
btc-updown-15m-1775033100,1775033100,195,0.35,0.36,0.355,0.01,1891.68,1654.2,0.64,0.65,62
btc-updown-15m-1775033100,1775033100,210,0.3,0.31,0.305,0.01,1329.25,1867.67,0.69,0.7,5
btc-updown-15m-1775033100,1775033100,225,0.35,0.36,0.355,0.01,793.55,1732.98,0.64,0.65,63
btc-updown-15m-1775033100,1775033100,240,0.31,0.32,0.315,0.01,1004.7,1697.84,0.68,0.69,73
btc-updown-15m-1775033100,1775033100,255,0.35,0.36,0.355,0.01,992.16,568.5,0.64,0.65,11
btc-updown-15m-1775033100,1775033100,270,0.36,0.37,0.365,0.01,2109.92,1470.83,0.63,0.64,32
btc-updown-15m-1775033100,1775033100,285,0.3,0.31,0.305,0.01,2387.36,1505.59,0.69,0.7,34
btc-updown-15m-1775033100,1775033100,300,0.31,0.32,0.315,0.01,646.18,476.4,0.68,0.69,9
btc-updown-15m-1775033100,1775033100,315,0.32,0.33,0.325,0.01,2170.13,1525.7,0.67,0.68,66
btc-updown-15m-1775033100,1775033100,330,0.38,0.39,0.385,0.01,1864.45,1746.22,0.61,0.62,59
btc-updown-15m-1775033100,1775033100,345,0.31,0.32,0.315,0.01,793.07,2301.47,0.68,0.69,40
btc-updown-15m-1775033100,1775033100,360,0.3,0.31,0.305,0.01,1015.52,1859.84,0.69,0.7,60
btc-updown-15m-1775033100,1775033100,375,0.35,0.36,0.355,0.01,616.49,641.49,0.64,0.65,2
btc-updown-15m-1775033100,1775033100,390,0.26,0.27,0.265,0.01,1032.97,1936.23,0.73,0.74,2
btc-updown-15m-1775033100,1775033100,405,0.34,0.35,0.345,0.01,546.43,1733.7,0.65,0.66,72
btc-updown-15m-1775033100,1775033100,420,0.3,0.31,0.305,0.01,809.5,550.59,0.69,0.7,25
btc-updown-15m-1775033100,1775033100,435,0.24,0.25,0.245,0.01,1807.81,353.2,0.75,0.76,2
btc-updown-15m-1775033100,1775033100,450,0.21,0.22,0.215,0.01,1711.12,1751.7,0.78,0.79,37
btc-updown-15m-1775033100,1775033100,465,0.21,0.22,0.215,0.01,2059.14,1485.2,0.78,0.79,21
btc-updown-15m-1775033100,1775033100,480,0.19,0.2,0.195,0.01,2276.56,1631.9,0.8,0.81,62
btc-updown-15m-1775033100,1775033100,495,0.2,0.21,0.205,0.01,1761.88,1788.39,0.79,0.8,14
btc-updown-15m-1775033100,1775033100,510,0.57,0.58,0.575,0.01,1532.57,339.42,0.42,0.43,0
btc-updown-15m-1775033100,1775033100,525,0.55,0.56,0.555,0.01,816.33,1502.96,0.44,0.45,12
btc-updown-15m-1775033100,1775033100,540,0.57,0.58,0.575,0.01,1889.4,1319.73,0.42,0.43,20
btc-updown-15m-1775033100,1775033100,555,0.43,0.44,0.435,0.01,2149.91,404.22,0.56,0.57,63
btc-updown-15m-1775033100,1775033100,570,0.14,0.16,0.15,0.02,279.5,517.69,0.84,0.86,1
btc-updown-15m-1775033100,1775033100,585,0.07,0.08,0.075,0.01,1433.24,420,0.92,0.93,2
btc-updown-15m-1775033100,1775033100,600,0.05,0.06,0.055,0.01,2404.01,763.8,0.94,0.95,71
btc-updown-15m-1775033100,1775033100,615,,0.01,,,0,2897.06,0.99,,13
btc-updown-15m-1775033100,1775033100,630,0.03,0.04,0.035,0.01,2307.83,2278.47,0.96,0.97,61
btc-updown-15m-1775033100,1775033100,645,0.01,0.03,0.02,0.02,2543.17,2271.59,0.97,0.99,57
btc-updown-15m-1775033100,1775033100,660,0.02,0.03,0.025,0.01,3040.45,2399.92,0.97,0.98,65
btc-updown-15m-1775033100,1775033100,675,0.01,0.02,0.015,0.01,2646.66,2134.73,0.98,0.99,1
btc-updown-15m-1775033100,1775033100,690,0.02,0.03,0.025,0.01,3619.64,2249.77,0.97,0.98,4
btc-updown-15m-1775033100,1775033100,705,0.02,0.03,0.025,0.01,3341.11,451.81,0.97,0.98,22
btc-updown-15m-1775033100,1775033100,720,0.03,0.04,0.035,0.01,6189.67,741.19,0.96,0.97,8
btc-updown-15m-1775033100,1775033100,735,0.08,0.09,0.085,0.01,595.06,578.87,0.91,0.92,61
btc-updown-15m-1775033100,1775033100,750,0.12,0.13,0.125,0.01,840.2,529.3,0.87,0.88,60
btc-updown-15m-1775033100,1775033100,765,0.15,0.16,0.155,0.01,655.37,925.32,0.84,0.85,4
btc-updown-15m-1775033100,1775033100,780,0.153,0.16,0.1565,0.007,90,814.2,0.84,0.847,4
btc-updown-15m-1775033100,1775033100,795,0.17,0.18,0.175,0.01,1258.96,152.24,0.82,0.83,2
btc-updown-15m-1775033100,1775033100,810,0.15,0.16,0.155,0.01,1051,525.95,0.84,0.85,1
btc-updown-15m-1775033100,1775033100,825,0.02,0.027,0.0235,0.007,437.18,138,0.973,0.98,2
btc-updown-15m-1775033100,1775033100,840,0.01,0.011,0.0105,0.001,5265.06,1899.01,0.989,0.99,0
btc-updown-15m-1775033100,1775033100,845,0.009,0.01,0.0095,0.001,3976.71,1264.01,0.99,0.991,12
btc-updown-15m-1775033100,1775033100,850,0.001,0.002,0.0015,0.001,2147.57,1638.41,0.998,0.999,48
btc-updown-15m-1775033100,1775033100,855,0.001,0.002,0.0015,0.001,2372.57,554.59,0.998,0.999,249
btc-updown-15m-1775033100,1775033100,860,0.001,0.002,0.0015,0.001,2382.57,554.59,0.998,0.999,102
btc-updown-15m-1775033100,1775033100,865,0.001,0.002,0.0015,0.001,2087.57,372.59,0.998,0.999,13
btc-updown-15m-1775033100,1775033100,870,0.001,0.002,0.0015,0.001,2087.07,351.59,0.998,0.999,87
btc-updown-15m-1775033100,1775033100,875,0.001,0.002,0.0015,0.001,1902.34,1436.91,0.998,0.999,335
btc-updown-15m-1775033100,1775033100,880,,0.001,,,0,3593.93,0.999,,0
btc-updown-15m-1775033100,1775033100,885,,0.001,,,0,4493.93,0.999,,624
btc-updown-15m-1775033100,1775033100,890,,0.001,,,0,10479.95,0.999,,39
btc-updown-15m-1775033100,1775033100,895,,0.001,,,0,9359.95,0.999,,438
btc-updown-15m-1775033100,1775033100,897,,0.001,,,0,9917.07,0.999,,237
btc-updown-15m-1775033100,1775033100,899,,0.001,,,0,10532.67,0.999,,54
btc-updown-15m-1775033100,1775033100,900,,0.001,,,0,47626.76,0.999,,30
btc-updown-15m-1775043000,1775043000,0,0.47,0.48,0.475,0.01,296.28,480.34,0.52,0.53,192
btc-updown-15m-1775043000,1775043000,15,0.51,0.52,0.515,0.01,2151.78,2411.68,0.48,0.49,36
btc-updown-15m-1775043000,1775043000,30,0.52,0.53,0.525,0.01,2087.74,1270.71,0.47,0.48,22
btc-updown-15m-1775043000,1775043000,45,0.54,0.55,0.545,0.01,2389.5,1014.27,0.45,0.46,128
btc-updown-15m-1775043000,1775043000,60,0.57,0.58,0.575,0.01,1936,859.17,0.42,0.43,49
btc-updown-15m-1775043000,1775043000,75,0.6,0.61,0.605,0.01,1567,1906.03,0.39,0.4,16
btc-updown-15m-1775043000,1775043000,90,0.56,0.57,0.565,0.01,1854.28,1950.26,0.43,0.44,38
btc-updown-15m-1775043000,1775043000,105,0.56,0.57,0.565,0.01,637,2446.31,0.43,0.44,21
btc-updown-15m-1775043000,1775043000,120,0.57,0.58,0.575,0.01,2419.02,1912.52,0.42,0.43,84
btc-updown-15m-1775043000,1775043000,135,0.7,0.71,0.705,0.01,1813.83,2214.56,0.29,0.3,29
btc-updown-15m-1775043000,1775043000,150,0.69,0.7,0.695,0.01,939.27,1474.74,0.3,0.31,154
btc-updown-15m-1775043000,1775043000,165,0.67,0.68,0.675,0.01,923.58,2099.16,0.32,0.33,10
btc-updown-15m-1775043000,1775043000,180,0.67,0.68,0.675,0.01,563.94,2623.32,0.32,0.33,27
btc-updown-15m-1775043000,1775043000,195,0.69,0.7,0.695,0.01,1102.5,967.5,0.3,0.31,2
btc-updown-15m-1775043000,1775043000,210,0.69,0.7,0.695,0.01,2077.81,1735.16,0.3,0.31,6
btc-updown-15m-1775043000,1775043000,225,0.67,0.68,0.675,0.01,862.04,2025.84,0.32,0.33,40
btc-updown-15m-1775043000,1775043000,240,0.64,0.65,0.645,0.01,1807.49,613.5,0.35,0.36,2
btc-updown-15m-1775043000,1775043000,255,0.64,0.65,0.645,0.01,1856,969.11,0.35,0.36,111
btc-updown-15m-1775043000,1775043000,270,0.65,0.66,0.655,0.01,1624,1886.77,0.34,0.35,63
btc-updown-15m-1775043000,1775043000,285,0.62,0.63,0.625,0.01,1699.94,1810.05,0.37,0.38,19
btc-updown-15m-1775043000,1775043000,300,0.44,0.45,0.445,0.01,661.52,633.92,0.55,0.56,0
btc-updown-15m-1775043000,1775043000,315,0.62,0.63,0.625,0.01,1693.96,868.16,0.37,0.38,3
btc-updown-15m-1775043000,1775043000,330,0.58,0.59,0.585,0.01,127.07,1813.8,0.41,0.42,62
btc-updown-15m-1775043000,1775043000,345,0.6,0.61,0.605,0.01,1681,1707.95,0.39,0.4,67
btc-updown-15m-1775043000,1775043000,360,0.51,0.52,0.515,0.01,413.17,2336.46,0.48,0.49,3
btc-updown-15m-1775043000,1775043000,375,0.53,0.54,0.535,0.01,1751.38,1945,0.46,0.47,17
btc-updown-15m-1775043000,1775043000,390,0.59,0.6,0.595,0.01,1974.99,2168.27,0.4,0.41,11
btc-updown-15m-1775043000,1775043000,405,0.57,0.58,0.575,0.01,2059.56,1876.64,0.42,0.43,1
btc-updown-15m-1775043000,1775043000,420,0.57,0.58,0.575,0.01,1829.92,1660.29,0.42,0.43,7
btc-updown-15m-1775043000,1775043000,435,0.61,0.62,0.615,0.01,1970.99,211.97,0.38,0.39,4
btc-updown-15m-1775043000,1775043000,450,0.61,0.62,0.615,0.01,962.24,1461.65,0.38,0.39,0
btc-updown-15m-1775043000,1775043000,465,0.59,0.6,0.595,0.01,1068.41,1890.15,0.4,0.41,5
btc-updown-15m-1775043000,1775043000,480,0.57,0.58,0.575,0.01,2398.44,33.33,0.42,0.43,1
btc-updown-15m-1775043000,1775043000,495,0.62,0.63,0.625,0.01,2471.5,277.56,0.37,0.38,0
btc-updown-15m-1775043000,1775043000,510,0.76,0.77,0.765,0.01,1688.53,1154.33,0.23,0.24,13
btc-updown-15m-1775043000,1775043000,525,0.75,0.76,0.755,0.01,643.04,2038.06,0.24,0.25,7
btc-updown-15m-1775043000,1775043000,540,0.75,0.76,0.755,0.01,700.54,2279.03,0.24,0.25,0
btc-updown-15m-1775043000,1775043000,555,0.75,0.76,0.755,0.01,3786.9,699.44,0.24,0.25,24
btc-updown-15m-1775043000,1775043000,570,0.77,0.78,0.775,0.01,3975.7,661.32,0.22,0.23,20
btc-updown-15m-1775043000,1775043000,585,0.81,0.82,0.815,0.01,761.03,1144.02,0.18,0.19,5
btc-updown-15m-1775043000,1775043000,600,0.81,0.82,0.815,0.01,1157.45,538.43,0.18,0.19,92
btc-updown-15m-1775043000,1775043000,615,0.85,0.86,0.855,0.01,2642.27,1873.79,0.14,0.15,2
btc-updown-15m-1775043000,1775043000,630,0.84,0.85,0.845,0.01,402.9,1846.3,0.15,0.16,0
btc-updown-15m-1775043000,1775043000,645,0.87,0.88,0.875,0.01,2016.46,829.98,0.12,0.13,16
btc-updown-15m-1775043000,1775043000,660,0.84,0.85,0.845,0.01,1605.23,2006.06,0.15,0.16,58
btc-updown-15m-1775043000,1775043000,675,0.86,0.87,0.865,0.01,1816.32,2027.46,0.13,0.14,6
btc-updown-15m-1775043000,1775043000,690,0.86,0.87,0.865,0.01,903.57,2359.91,0.13,0.14,1
btc-updown-15m-1775043000,1775043000,705,0.68,0.69,0.685,0.01,622,1740.73,0.31,0.32,117
btc-updown-15m-1775043000,1775043000,720,0.81,0.82,0.815,0.01,1694.14,1793.22,0.18,0.19,19
btc-updown-15m-1775043000,1775043000,735,0.81,0.82,0.815,0.01,2182.27,1311.11,0.18,0.19,32
btc-updown-15m-1775043000,1775043000,750,0.64,0.66,0.65,0.02,223.56,866.57,0.34,0.36,2
btc-updown-15m-1775043000,1775043000,765,0.63,0.64,0.635,0.01,863,1230.98,0.36,0.37,41
btc-updown-15m-1775043000,1775043000,780,0.47,0.48,0.475,0.01,2094.51,796,0.52,0.53,15
btc-updown-15m-1775043000,1775043000,795,0.4,0.41,0.405,0.01,579.67,1780.89,0.59,0.6,120
btc-updown-15m-1775043000,1775043000,810,0.53,0.54,0.535,0.01,1039.1,1397.65,0.46,0.47,13
btc-updown-15m-1775043000,1775043000,825,0.68,0.69,0.685,0.01,1215.31,713.89,0.31,0.32,13
btc-updown-15m-1775043000,1775043000,840,0.84,0.85,0.845,0.01,1754.81,351.44,0.15,0.16,2
btc-updown-15m-1775043000,1775043000,845,0.75,0.77,0.76,0.02,357.15,1084.11,0.23,0.25,11
btc-updown-15m-1775043000,1775043000,850,0.75,0.79,0.77,0.04,161.65,386.55,0.21,0.25,6
btc-updown-15m-1775043000,1775043000,855,0.65,0.66,0.655,0.01,168.5,149.5,0.34,0.35,36
btc-updown-15m-1775043000,1775043000,860,0.89,0.9,0.895,0.01,1497.96,816.77,0.1,0.11,0
btc-updown-15m-1775043000,1775043000,865,0.95,0.96,0.955,0.01,1307.61,1023.67,0.04,0.05,6
btc-updown-15m-1775043000,1775043000,870,0.97,0.98,0.975,0.01,768.32,2550.01,0.02,0.03,19
btc-updown-15m-1775043000,1775043000,875,0.97,0.98,0.975,0.01,742.49,1822.93,0.02,0.03,20
btc-updown-15m-1775043000,1775043000,880,0.98,0.99,0.985,0.01,832.1,1120.22,0.01,0.02,5
btc-updown-15m-1775043000,1775043000,885,0.99,,,,25367.98,0,,0.01,13
btc-updown-15m-1775043000,1775043000,890,0.99,,,,29412.54,0,,0.01,234
btc-updown-15m-1775043000,1775043000,895,0.99,,,,29202.65,0,,0.01,9
btc-updown-15m-1775043000,1775043000,897,0.99,,,,29170.4,0,,0.01,68
btc-updown-15m-1775043000,1775043000,899,0.99,,,,31407.19,0,,0.01,39
btc-updown-15m-1775043000,1775043000,900,0.99,,,,86877.9,0,,0.01,96
btc-updown-15m-1775053800,1775053800,0,0.49,0.5,0.495,0.01,3004.76,1345.11,0.5,0.51,176
btc-updown-15m-1775053800,1775053800,15,0.48,0.49,0.485,0.01,4099.28,4031.67,0.51,0.52,11
btc-updown-15m-1775053800,1775053800,30,0.45,0.46,0.455,0.01,3922.88,1297.48,0.54,0.55,28
btc-updown-15m-1775053800,1775053800,45,0.59,0.6,0.595,0.01,754.71,937,0.4,0.41,30
btc-updown-15m-1775053800,1775053800,60,0.59,0.6,0.595,0.01,2640.38,1521.85,0.4,0.41,4
btc-updown-15m-1775053800,1775053800,75,0.63,0.64,0.635,0.01,4171.95,976.16,0.36,0.37,16
btc-updown-15m-1775053800,1775053800,90,0.61,0.62,0.615,0.01,1198.96,4549.16,0.38,0.39,14
btc-updown-15m-1775053800,1775053800,105,0.55,0.56,0.555,0.01,527.54,3365.5,0.44,0.45,4
btc-updown-15m-1775053800,1775053800,120,0.53,0.54,0.535,0.01,1166.13,4351.39,0.46,0.47,1
btc-updown-15m-1775053800,1775053800,135,0.48,0.49,0.485,0.01,3938.48,1525,0.51,0.52,0
btc-updown-15m-1775053800,1775053800,150,0.46,0.47,0.465,0.01,361.13,4238.51,0.53,0.54,21
btc-updown-15m-1775053800,1775053800,165,0.4,0.41,0.405,0.01,342.48,4492.74,0.59,0.6,22
btc-updown-15m-1775053800,1775053800,180,0.3,0.31,0.305,0.01,611.77,2642.12,0.69,0.7,2
btc-updown-15m-1775053800,1775053800,195,0.36,0.37,0.365,0.01,3674.22,1139.66,0.63,0.64,50
btc-updown-15m-1775053800,1775053800,210,0.22,0.23,0.225,0.01,4371.67,1592.95,0.77,0.78,3
btc-updown-15m-1775053800,1775053800,225,0.26,0.27,0.265,0.01,1107.52,4346.49,0.73,0.74,8
btc-updown-15m-1775053800,1775053800,240,0.18,0.19,0.185,0.01,1841.61,4072.33,0.81,0.82,39
btc-updown-15m-1775053800,1775053800,255,0.2,0.21,0.205,0.01,1693,4195.18,0.79,0.8,3
btc-updown-15m-1775053800,1775053800,270,0.14,0.15,0.145,0.01,1306.14,4699.25,0.85,0.86,9
btc-updown-15m-1775053800,1775053800,285,0.12,0.13,0.125,0.01,2624.3,4763.65,0.87,0.88,2
btc-updown-15m-1775053800,1775053800,300,0.09,0.1,0.095,0.01,2229.08,778.35,0.9,0.91,29
btc-updown-15m-1775053800,1775053800,315,0.12,0.13,0.125,0.01,3929.59,4570.13,0.87,0.88,64
btc-updown-15m-1775053800,1775053800,330,0.12,0.13,0.125,0.01,4701.99,1393.55,0.87,0.88,0
btc-updown-15m-1775053800,1775053800,345,0.11,0.12,0.115,0.01,4798.5,832.31,0.88,0.89,1
btc-updown-15m-1775053800,1775053800,360,0.1,0.11,0.105,0.01,3900.98,3726.43,0.89,0.9,37
btc-updown-15m-1775053800,1775053800,375,0.12,0.13,0.125,0.01,3754,4349.96,0.87,0.88,7
btc-updown-15m-1775053800,1775053800,390,0.05,0.06,0.055,0.01,7789.86,3988.61,0.94,0.95,26
btc-updown-15m-1775053800,1775053800,405,0.06,0.07,0.065,0.01,5717.37,4387.8,0.93,0.94,87
btc-updown-15m-1775053800,1775053800,420,0.07,0.08,0.075,0.01,5597.75,4373.62,0.92,0.93,30
btc-updown-15m-1775053800,1775053800,435,0.09,0.1,0.095,0.01,2118.35,4492.53,0.9,0.91,4
btc-updown-15m-1775053800,1775053800,450,0.06,0.07,0.065,0.01,3365.52,4182.54,0.93,0.94,64
btc-updown-15m-1775053800,1775053800,465,0.05,0.06,0.055,0.01,8279.05,3848.8,0.94,0.95,6
btc-updown-15m-1775053800,1775053800,480,0.05,0.06,0.055,0.01,8776.54,3137.76,0.94,0.95,38
btc-updown-15m-1775053800,1775053800,495,0.12,0.13,0.125,0.01,1019,4036.28,0.87,0.88,14
btc-updown-15m-1775053800,1775053800,510,0.07,0.08,0.075,0.01,6501.2,1544.39,0.92,0.93,17
btc-updown-15m-1775053800,1775053800,525,0.07,0.08,0.075,0.01,3156.29,4363.55,0.92,0.93,4
btc-updown-15m-1775053800,1775053800,540,0.05,0.06,0.055,0.01,5641.18,4959.2,0.94,0.95,15
btc-updown-15m-1775053800,1775053800,555,0.11,0.12,0.115,0.01,5089.64,3277.06,0.88,0.89,4
btc-updown-15m-1775053800,1775053800,570,0.44,0.45,0.445,0.01,3046.31,3844.04,0.55,0.56,0
btc-updown-15m-1775053800,1775053800,585,0.25,0.26,0.255,0.01,3828.55,1994.53,0.74,0.75,5
btc-updown-15m-1775053800,1775053800,600,0.16,0.17,0.165,0.01,375.23,1863,0.83,0.84,1
btc-updown-15m-1775053800,1775053800,615,0.05,0.06,0.055,0.01,5980.99,3319.66,0.94,0.95,0
btc-updown-15m-1775053800,1775053800,630,0.06,0.07,0.065,0.01,3691.24,4283.49,0.93,0.94,20
btc-updown-15m-1775053800,1775053800,645,0.05,0.06,0.055,0.01,6053.11,4594.6,0.94,0.95,1
btc-updown-15m-1775053800,1775053800,660,0.03,0.04,0.035,0.01,23508.08,4422.96,0.96,0.97,14
btc-updown-15m-1775053800,1775053800,675,0.04,0.05,0.045,0.01,15551.38,5041.13,0.95,0.96,112
btc-updown-15m-1775053800,1775053800,690,0.04,0.05,0.045,0.01,14885.56,4656.99,0.95,0.96,23
btc-updown-15m-1775053800,1775053800,705,0.04,0.05,0.045,0.01,15429.37,4279.38,0.95,0.96,22
btc-updown-15m-1775053800,1775053800,720,0.02,0.03,0.025,0.01,21582.75,2638.22,0.97,0.98,25
btc-updown-15m-1775053800,1775053800,735,0.06,0.07,0.065,0.01,4114.38,4711,0.93,0.94,20
btc-updown-15m-1775053800,1775053800,750,0.06,0.07,0.065,0.01,4123.68,2021.46,0.93,0.94,5
btc-updown-15m-1775053800,1775053800,765,0.02,0.03,0.025,0.01,21047.21,4849.29,0.97,0.98,16
btc-updown-15m-1775053800,1775053800,780,0.05,0.06,0.055,0.01,3045,3903.7,0.94,0.95,1
btc-updown-15m-1775053800,1775053800,795,0.02,0.03,0.025,0.01,19710.46,4584.17,0.97,0.98,2
btc-updown-15m-1775053800,1775053800,810,0.02,0.03,0.025,0.01,18278.36,4515.72,0.97,0.98,42
btc-updown-15m-1775053800,1775053800,825,0.04,0.05,0.045,0.01,10692.6,4443.46,0.95,0.96,3
btc-updown-15m-1775053800,1775053800,840,0.02,0.03,0.025,0.01,13246.99,4941.01,0.97,0.98,69
btc-updown-15m-1775053800,1775053800,845,0.02,0.03,0.025,0.01,10797.49,4384.36,0.97,0.98,0
btc-updown-15m-1775053800,1775053800,850,0.01,0.02,0.015,0.01,6056.15,4986.29,0.98,0.99,8
btc-updown-15m-1775053800,1775053800,855,0.01,0.02,0.015,0.01,5604.64,5714.05,0.98,0.99,23
btc-updown-15m-1775053800,1775053800,860,,0.01,,,0,9798.55,0.99,,70
btc-updown-15m-1775053800,1775053800,865,,0.01,,,0,21631.51,0.99,,153
btc-updown-15m-1775053800,1775053800,870,,0.01,,,0,21455.13,0.99,,4
btc-updown-15m-1775053800,1775053800,875,,0.01,,,0,6929.51,0.99,,50
btc-updown-15m-1775053800,1775053800,880,,0.01,,,0,21273.27,0.99,,0
btc-updown-15m-1775053800,1775053800,885,,0.01,,,0,27723.12,0.99,,95
btc-updown-15m-1775053800,1775053800,890,,0.01,,,0,50047.44,0.99,,110
btc-updown-15m-1775053800,1775053800,895,,0.01,,,0,47098.84,0.99,,214
btc-updown-15m-1775053800,1775053800,897,,0.01,,,0,46540.39,0.99,,228
btc-updown-15m-1775053800,1775053800,899,,0.01,,,0,48994.29,0.99,,55
btc-updown-15m-1775053800,1775053800,900,,0.01,,,0,97495.41,0.99,,30
btc-updown-15m-1775063700,1775063700,0,0.52,0.54,0.53,0.02,78,60.56,0.46,0.48,976
btc-updown-15m-1775063700,1775063700,15,0.56,0.57,0.565,0.01,524.2,4032.11,0.43,0.44,0
btc-updown-15m-1775063700,1775063700,30,0.5,0.51,0.505,0.01,2452.82,3926.5,0.49,0.5,60
btc-updown-15m-1775063700,1775063700,45,0.5,0.51,0.505,0.01,2338.88,4538.2,0.49,0.5,79
btc-updown-15m-1775063700,1775063700,60,0.53,0.54,0.535,0.01,4404.45,3912.66,0.46,0.47,0
btc-updown-15m-1775063700,1775063700,75,0.46,0.47,0.465,0.01,1263.13,4055.56,0.53,0.54,6
btc-updown-15m-1775063700,1775063700,90,0.5,0.51,0.505,0.01,4212.5,4062.37,0.49,0.5,13
btc-updown-15m-1775063700,1775063700,105,0.54,0.55,0.545,0.01,4550.17,4463.18,0.45,0.46,2
btc-updown-15m-1775063700,1775063700,120,0.54,0.55,0.545,0.01,4143.26,4758.51,0.45,0.46,73
btc-updown-15m-1775063700,1775063700,135,0.59,0.6,0.595,0.01,5029.24,1395.82,0.4,0.41,3
btc-updown-15m-1775063700,1775063700,150,0.55,0.56,0.555,0.01,3945.38,3925.79,0.44,0.45,0
btc-updown-15m-1775063700,1775063700,165,0.54,0.55,0.545,0.01,4681.26,692.69,0.45,0.46,0
btc-updown-15m-1775063700,1775063700,180,0.6,0.61,0.605,0.01,3939.5,4810.81,0.39,0.4,84
btc-updown-15m-1775063700,1775063700,195,0.51,0.52,0.515,0.01,4180.71,4427.29,0.48,0.49,4
btc-updown-15m-1775063700,1775063700,210,0.56,0.57,0.565,0.01,1847.9,1263.07,0.43,0.44,45
btc-updown-15m-1775063700,1775063700,225,0.65,0.66,0.655,0.01,4421.37,1257.45,0.34,0.35,3
btc-updown-15m-1775063700,1775063700,240,0.62,0.63,0.625,0.01,3699.1,4734.72,0.37,0.38,32
btc-updown-15m-1775063700,1775063700,255,0.53,0.54,0.535,0.01,1100.87,4052.74,0.46,0.47,0
btc-updown-15m-1775063700,1775063700,270,0.46,0.47,0.465,0.01,4189.86,3667.54,0.53,0.54,4
btc-updown-15m-1775063700,1775063700,285,0.49,0.5,0.495,0.01,1676.5,4506.65,0.5,0.51,0
btc-updown-15m-1775063700,1775063700,300,0.52,0.53,0.525,0.01,1020.56,1798.63,0.47,0.48,69
btc-updown-15m-1775063700,1775063700,315,0.47,0.48,0.475,0.01,4873.09,3393,0.52,0.53,11
btc-updown-15m-1775063700,1775063700,330,0.36,0.37,0.365,0.01,935.16,1861.44,0.63,0.64,5
btc-updown-15m-1775063700,1775063700,345,0.34,0.35,0.345,0.01,4352.05,4226.24,0.65,0.66,0
btc-updown-15m-1775063700,1775063700,360,0.2,0.21,0.205,0.01,1100.74,4408.5,0.79,0.8,65
btc-updown-15m-1775063700,1775063700,375,0.15,0.16,0.155,0.01,3363.4,4518.72,0.84,0.85,0
btc-updown-15m-1775063700,1775063700,390,0.13,0.14,0.135,0.01,4654.48,1817.85,0.86,0.87,80
btc-updown-15m-1775063700,1775063700,405,0.15,0.16,0.155,0.01,4757,1181.9,0.84,0.85,2
btc-updown-15m-1775063700,1775063700,420,0.22,0.23,0.225,0.01,3686.5,4556.43,0.77,0.78,294
btc-updown-15m-1775063700,1775063700,435,0.17,0.18,0.175,0.01,3903.79,4225,0.82,0.83,82
btc-updown-15m-1775063700,1775063700,450,0.13,0.14,0.135,0.01,1541.5,4275.61,0.86,0.87,11
btc-updown-15m-1775063700,1775063700,465,0.13,0.14,0.135,0.01,3861.46,4779.13,0.86,0.87,2
btc-updown-15m-1775063700,1775063700,480,0.1,0.11,0.105,0.01,4185.1,5190.8,0.89,0.9,27
btc-updown-15m-1775063700,1775063700,495,0.02,0.03,0.025,0.01,10133.95,5772.67,0.97,0.98,43
btc-updown-15m-1775063700,1775063700,510,0.03,0.04,0.035,0.01,16672.9,5445.09,0.96,0.97,7
btc-updown-15m-1775063700,1775063700,525,0.01,0.02,0.015,0.01,13028.98,9856.92,0.98,0.99,35
btc-updown-15m-1775063700,1775063700,540,0.01,0.02,0.015,0.01,16550,12561.03,0.98,0.99,370
btc-updown-15m-1775063700,1775063700,555,0.01,0.02,0.015,0.01,14757.62,6043.4,0.98,0.99,17
btc-updown-15m-1775063700,1775063700,570,0.01,0.02,0.015,0.01,15775.69,5717.48,0.98,0.99,24
btc-updown-15m-1775063700,1775063700,585,0.01,0.02,0.015,0.01,15353.19,8677.82,0.98,0.99,26
btc-updown-15m-1775063700,1775063700,600,0.01,0.02,0.015,0.01,10852.26,3635.47,0.98,0.99,44
btc-updown-15m-1775063700,1775063700,615,0.01,0.02,0.015,0.01,10374.58,5036.46,0.98,0.99,18
btc-updown-15m-1775063700,1775063700,630,0.01,0.02,0.015,0.01,10271.36,4845.25,0.98,0.99,19
btc-updown-15m-1775063700,1775063700,645,0.01,0.02,0.015,0.01,8505.69,6282.95,0.98,0.99,119
btc-updown-15m-1775063700,1775063700,660,0.01,0.011,0.0105,0.001,1272.79,641.84,0.989,0.99,1
btc-updown-15m-1775063700,1775063700,675,0.004,0.005,0.0045,0.001,3145.5,647.3,0.995,0.996,159
btc-updown-15m-1775063700,1775063700,690,0.002,0.004,0.003,0.002,15355,840,0.996,0.998,32
btc-updown-15m-1775063700,1775063700,705,0.002,0.004,0.003,0.002,15255,7836.53,0.996,0.998,224
btc-updown-15m-1775063700,1775063700,720,0.001,0.003,0.002,0.002,12193.99,9393.34,0.997,0.999,0
btc-updown-15m-1775063700,1775063700,735,0.001,0.002,0.0015,0.001,11357.95,915.72,0.998,0.999,46
btc-updown-15m-1775063700,1775063700,750,0.001,0.002,0.0015,0.001,10394.79,2929,0.998,0.999,23
btc-updown-15m-1775063700,1775063700,765,0.002,0.004,0.003,0.002,10706.28,942.82,0.996,0.998,84
btc-updown-15m-1775063700,1775063700,780,0.003,0.007,0.005,0.004,13003.34,2112,0.993,0.997,1
btc-updown-15m-1775063700,1775063700,795,0.001,0.002,0.0015,0.001,10263.07,1976.51,0.998,0.999,109
btc-updown-15m-1775063700,1775063700,810,0.001,0.002,0.0015,0.001,1020,2995.07,0.998,0.999,294
btc-updown-15m-1775063700,1775063700,825,0.001,0.002,0.0015,0.001,956.14,2106.58,0.998,0.999,69
btc-updown-15m-1775063700,1775063700,840,,0.001,,,0,12959.45,0.999,,152
btc-updown-15m-1775063700,1775063700,845,,0.001,,,0,13339.45,0.999,,23
btc-updown-15m-1775063700,1775063700,850,,0.001,,,0,13407.64,0.999,,30
btc-updown-15m-1775063700,1775063700,855,,0.001,,,0,13407.64,0.999,,87
btc-updown-15m-1775063700,1775063700,860,,0.001,,,0,13407.64,0.999,,206
btc-updown-15m-1775063700,1775063700,865,0.001,0.002,0.0015,0.001,1762.08,1722.9,0.998,0.999,16
btc-updown-15m-1775063700,1775063700,870,0.001,0.002,0.0015,0.001,1155.13,2160.57,0.998,0.999,93
btc-updown-15m-1775063700,1775063700,875,0.001,0.002,0.0015,0.001,534.12,2413.57,0.998,0.999,7
btc-updown-15m-1775063700,1775063700,880,,0.001,,,0,7501.94,0.999,,289
btc-updown-15m-1775063700,1775063700,885,,0.001,,,0,7501.94,0.999,,240
btc-updown-15m-1775063700,1775063700,890,,0.001,,,0,7506.94,0.999,,21
btc-updown-15m-1775063700,1775063700,895,,0.001,,,0,7506.94,0.999,,335
btc-updown-15m-1775063700,1775063700,897,,0.001,,,0,7072.27,0.999,,106
btc-updown-15m-1775063700,1775063700,899,,0.001,,,0,7802.98,0.999,,77
btc-updown-15m-1775063700,1775063700,900,,0.001,,,0,42348.17,0.999,,6
btc-updown-15m-1775074500,1775074500,0,0.53,0.55,0.54,0.02,582.78,634.85,0.45,0.47,713
btc-updown-15m-1775074500,1775074500,15,0.54,0.55,0.545,0.01,1357.2,1542.24,0.45,0.46,8
btc-updown-15m-1775074500,1775074500,30,0.48,0.49,0.485,0.01,1336.51,997.1,0.51,0.52,0
btc-updown-15m-1775074500,1775074500,45,0.55,0.56,0.555,0.01,357,1990.85,0.44,0.45,10
btc-updown-15m-1775074500,1775074500,60,0.52,0.53,0.525,0.01,3211.06,1164.84,0.47,0.48,72
btc-updown-15m-1775074500,1775074500,75,0.58,0.59,0.585,0.01,895.97,1374.5,0.41,0.42,0
btc-updown-15m-1775074500,1775074500,90,0.61,0.62,0.615,0.01,1069.58,1276.93,0.38,0.39,63
btc-updown-15m-1775074500,1775074500,105,0.54,0.55,0.545,0.01,879.76,1208.87,0.45,0.46,1
btc-updown-15m-1775074500,1775074500,120,0.56,0.57,0.565,0.01,1308.61,1371.11,0.43,0.44,63
btc-updown-15m-1775074500,1775074500,135,0.55,0.56,0.555,0.01,1360.01,1040.09,0.44,0.45,63
btc-updown-15m-1775074500,1775074500,150,0.61,0.62,0.615,0.01,1872.98,1207.03,0.38,0.39,25
btc-updown-15m-1775074500,1775074500,165,0.5,0.51,0.505,0.01,3758.11,485.47,0.49,0.5,6
btc-updown-15m-1775074500,1775074500,180,0.54,0.55,0.545,0.01,1638.75,653.69,0.45,0.46,23
btc-updown-15m-1775074500,1775074500,195,0.5,0.51,0.505,0.01,3329.09,1117.82,0.49,0.5,64
btc-updown-15m-1775074500,1775074500,210,0.46,0.47,0.465,0.01,300.95,1396.28,0.53,0.54,2
btc-updown-15m-1775074500,1775074500,225,0.43,0.44,0.435,0.01,474.88,1432.14,0.56,0.57,7
btc-updown-15m-1775074500,1775074500,240,0.37,0.38,0.375,0.01,1231.98,478.13,0.62,0.63,4
btc-updown-15m-1775074500,1775074500,255,0.37,0.38,0.375,0.01,864.56,1213.46,0.62,0.63,18
btc-updown-15m-1775074500,1775074500,270,0.45,0.46,0.455,0.01,943.06,968.89,0.54,0.55,2
btc-updown-15m-1775074500,1775074500,285,0.49,0.5,0.495,0.01,1264.14,991,0.5,0.51,6
btc-updown-15m-1775074500,1775074500,300,0.49,0.5,0.495,0.01,853.98,888.38,0.5,0.51,9
btc-updown-15m-1775074500,1775074500,315,0.49,0.5,0.495,0.01,1543.18,572,0.5,0.51,55
btc-updown-15m-1775074500,1775074500,330,0.53,0.54,0.535,0.01,1098.91,897.66,0.46,0.47,30
btc-updown-15m-1775074500,1775074500,345,0.39,0.4,0.395,0.01,961,703.5,0.6,0.61,0
btc-updown-15m-1775074500,1775074500,360,0.35,0.36,0.355,0.01,454.3,1671.05,0.64,0.65,13
btc-updown-15m-1775074500,1775074500,375,0.3,0.31,0.305,0.01,919.49,1320.59,0.69,0.7,35
btc-updown-15m-1775074500,1775074500,390,0.3,0.31,0.305,0.01,765,1267.34,0.69,0.7,91
btc-updown-15m-1775074500,1775074500,405,0.33,0.34,0.335,0.01,724,1079.5,0.66,0.67,16
btc-updown-15m-1775074500,1775074500,420,0.31,0.32,0.315,0.01,1059.01,747.83,0.68,0.69,356
btc-updown-15m-1775074500,1775074500,435,0.33,0.34,0.335,0.01,990.24,730.88,0.66,0.67,13
btc-updown-15m-1775074500,1775074500,450,0.34,0.35,0.345,0.01,1256.97,749.68,0.65,0.66,74
btc-updown-15m-1775074500,1775074500,465,0.4,0.41,0.405,0.01,942,912.43,0.59,0.6,41
btc-updown-15m-1775074500,1775074500,480,0.47,0.48,0.475,0.01,999.5,736.7,0.52,0.53,39
btc-updown-15m-1775074500,1775074500,495,0.54,0.55,0.545,0.01,858.96,1369.57,0.45,0.46,5
btc-updown-15m-1775074500,1775074500,510,0.55,0.56,0.555,0.01,1309.99,492.49,0.44,0.45,0
btc-updown-15m-1775074500,1775074500,525,0.77,0.78,0.775,0.01,462.71,935.64,0.22,0.23,26
btc-updown-15m-1775074500,1775074500,540,0.75,0.76,0.755,0.01,1086.67,429.2,0.24,0.25,63
btc-updown-15m-1775074500,1775074500,555,0.69,0.7,0.695,0.01,723.49,1309.35,0.3,0.31,70
btc-updown-15m-1775074500,1775074500,570,0.72,0.73,0.725,0.01,1333.07,506.16,0.27,0.28,360
btc-updown-15m-1775074500,1775074500,585,0.7,0.71,0.705,0.01,1224.32,381.5,0.29,0.3,35
btc-updown-15m-1775074500,1775074500,600,0.69,0.7,0.695,0.01,555.38,578.24,0.3,0.31,0
btc-updown-15m-1775074500,1775074500,615,0.66,0.67,0.665,0.01,1464.28,521.85,0.33,0.34,62
btc-updown-15m-1775074500,1775074500,630,0.67,0.68,0.675,0.01,1302.81,727.37,0.32,0.33,71
btc-updown-15m-1775074500,1775074500,645,0.74,0.75,0.745,0.01,1375,1616.7,0.25,0.26,17
btc-updown-15m-1775074500,1775074500,660,0.75,0.76,0.755,0.01,1919.39,838.33,0.24,0.25,30
btc-updown-15m-1775074500,1775074500,675,0.76,0.77,0.765,0.01,1204.27,436.28,0.23,0.24,68
btc-updown-15m-1775074500,1775074500,690,0.78,0.79,0.785,0.01,1184.5,802.5,0.21,0.22,39
btc-updown-15m-1775074500,1775074500,705,0.81,0.83,0.82,0.02,1122.55,1746.66,0.17,0.19,1
btc-updown-15m-1775074500,1775074500,720,0.88,0.89,0.885,0.01,929.32,631.44,0.11,0.12,3
btc-updown-15m-1775074500,1775074500,735,0.9,0.91,0.905,0.01,551.05,1387.95,0.09,0.1,6
btc-updown-15m-1775074500,1775074500,750,0.91,0.92,0.915,0.01,1617.31,817.92,0.08,0.09,3
btc-updown-15m-1775074500,1775074500,765,0.9,0.91,0.905,0.01,1388.32,565.95,0.09,0.1,67
btc-updown-15m-1775074500,1775074500,780,0.92,0.93,0.925,0.01,1073.4,1197.81,0.07,0.08,1
btc-updown-15m-1775074500,1775074500,795,0.87,0.88,0.875,0.01,592,626.6,0.12,0.13,10
btc-updown-15m-1775074500,1775074500,810,0.79,0.8,0.795,0.01,555.61,281.5,0.2,0.21,1
btc-updown-15m-1775074500,1775074500,825,0.42,0.45,0.435,0.03,371.16,78.09,0.55,0.58,1
btc-updown-15m-1775074500,1775074500,840,0.17,0.18,0.175,0.01,723.76,2035.31,0.82,0.83,14
btc-updown-15m-1775074500,1775074500,845,0.19,0.2,0.195,0.01,934.2,120.02,0.8,0.81,0
btc-updown-15m-1775074500,1775074500,850,0.31,0.32,0.315,0.01,347.15,311.02,0.68,0.69,9
btc-updown-15m-1775074500,1775074500,855,0.32,0.33,0.325,0.01,67,440.08,0.67,0.68,1
btc-updown-15m-1775074500,1775074500,860,0.24,0.25,0.245,0.01,810.97,108,0.75,0.76,24
btc-updown-15m-1775074500,1775074500,865,0.06,0.07,0.065,0.01,299,178.78,0.93,0.94,1
btc-updown-15m-1775074500,1775074500,870,0.04,0.05,0.045,0.01,763.37,130,0.95,0.96,27
btc-updown-15m-1775074500,1775074500,875,0.02,0.03,0.025,0.01,2309.43,670.76,0.97,0.98,10
btc-updown-15m-1775074500,1775074500,880,0.02,0.03,0.025,0.01,2106.3,816.14,0.97,0.98,246
btc-updown-15m-1775074500,1775074500,885,0.01,0.02,0.015,0.01,1671.89,956.43,0.98,0.99,18
btc-updown-15m-1775074500,1775074500,890,,0.01,,,0,4497.86,0.99,,23
btc-updown-15m-1775074500,1775074500,895,,0.01,,,0,7129.62,0.99,,255
btc-updown-15m-1775074500,1775074500,897,,0.01,,,0,6376.42,0.99,,10
btc-updown-15m-1775074500,1775074500,899,,0.01,,,0,11780.43,0.99,,41
btc-updown-15m-1775074500,1775074500,900,,0.01,,,0,64950.39,0.99,,52
btc-updown-15m-1775084400,1775084400,0,0.53,0.55,0.54,0.02,137.42,1353.64,0.45,0.47,159
btc-updown-15m-1775084400,1775084400,15,0.6,0.61,0.605,0.01,1404.5,1008.53,0.39,0.4,6
btc-updown-15m-1775084400,1775084400,30,0.59,0.6,0.595,0.01,1702,1290.65,0.4,0.41,0
btc-updown-15m-1775084400,1775084400,45,0.61,0.62,0.615,0.01,1652.5,666.6,0.38,0.39,4
btc-updown-15m-1775084400,1775084400,60,0.6,0.61,0.605,0.01,1799.48,1273.44,0.39,0.4,1
btc-updown-15m-1775084400,1775084400,75,0.6,0.61,0.605,0.01,2205.2,1288.44,0.39,0.4,27
btc-updown-15m-1775084400,1775084400,90,0.57,0.58,0.575,0.01,1252,2651.94,0.42,0.43,26
btc-updown-15m-1775084400,1775084400,105,0.62,0.63,0.625,0.01,1856.49,2210.93,0.37,0.38,15
btc-updown-15m-1775084400,1775084400,120,0.69,0.7,0.695,0.01,1647.48,2132.42,0.3,0.31,12
btc-updown-15m-1775084400,1775084400,135,0.78,0.79,0.785,0.01,2254.76,307,0.21,0.22,1
btc-updown-15m-1775084400,1775084400,150,0.77,0.78,0.775,0.01,506,2583.91,0.22,0.23,62
btc-updown-15m-1775084400,1775084400,165,0.8,0.81,0.805,0.01,494.2,2791.07,0.19,0.2,63
btc-updown-15m-1775084400,1775084400,180,0.79,0.8,0.795,0.01,2260.51,2276.1,0.2,0.21,29
btc-updown-15m-1775084400,1775084400,195,0.77,0.78,0.775,0.01,1016.24,2598.15,0.22,0.23,35
btc-updown-15m-1775084400,1775084400,210,0.75,0.76,0.755,0.01,2224.09,1646.65,0.24,0.25,22
btc-updown-15m-1775084400,1775084400,225,0.75,0.76,0.755,0.01,2096.28,527,0.24,0.25,6
btc-updown-15m-1775084400,1775084400,240,0.69,0.7,0.695,0.01,1974.68,683.71,0.3,0.31,69
btc-updown-15m-1775084400,1775084400,255,0.77,0.78,0.775,0.01,2162.46,233.85,0.22,0.23,17
btc-updown-15m-1775084400,1775084400,270,0.82,0.83,0.825,0.01,1094.67,1970.2,0.17,0.18,57
btc-updown-15m-1775084400,1775084400,285,0.85,0.86,0.855,0.01,2699.05,1797.19,0.14,0.15,2
btc-updown-15m-1775084400,1775084400,300,0.85,0.86,0.855,0.01,1243.39,571.76,0.14,0.15,15
btc-updown-15m-1775084400,1775084400,315,0.84,0.86,0.85,0.02,2606.65,1986.17,0.14,0.16,1
btc-updown-15m-1775084400,1775084400,330,0.87,0.88,0.875,0.01,2321.93,408.65,0.12,0.13,5
btc-updown-15m-1775084400,1775084400,345,0.89,0.9,0.895,0.01,2434.47,1811.77,0.1,0.11,49
btc-updown-15m-1775084400,1775084400,360,0.88,0.89,0.885,0.01,3024.7,934.58,0.11,0.12,75
btc-updown-15m-1775084400,1775084400,375,0.89,0.9,0.895,0.01,2291.01,1792.26,0.1,0.11,1
btc-updown-15m-1775084400,1775084400,390,0.81,0.82,0.815,0.01,717.88,2612.37,0.18,0.19,8
btc-updown-15m-1775084400,1775084400,405,0.8,0.81,0.805,0.01,2127,1735.07,0.19,0.2,69
btc-updown-15m-1775084400,1775084400,420,0.82,0.83,0.825,0.01,2272.75,558.28,0.17,0.18,59
btc-updown-15m-1775084400,1775084400,435,0.79,0.8,0.795,0.01,1713.77,2181.9,0.2,0.21,71
btc-updown-15m-1775084400,1775084400,450,0.79,0.8,0.795,0.01,2762.61,477.5,0.2,0.21,4
btc-updown-15m-1775084400,1775084400,465,0.79,0.8,0.795,0.01,887.72,1353.11,0.2,0.21,2
btc-updown-15m-1775084400,1775084400,480,0.78,0.79,0.785,0.01,2409.32,1691.02,0.21,0.22,7
btc-updown-15m-1775084400,1775084400,495,0.83,0.84,0.835,0.01,1892.5,2034.08,0.16,0.17,23
btc-updown-15m-1775084400,1775084400,510,0.82,0.83,0.825,0.01,2155,1844.41,0.17,0.18,23
btc-updown-15m-1775084400,1775084400,525,0.83,0.84,0.835,0.01,1760.5,2185.99,0.16,0.17,266
btc-updown-15m-1775084400,1775084400,540,0.83,0.84,0.835,0.01,1721.5,2167.15,0.16,0.17,74
btc-updown-15m-1775084400,1775084400,555,0.84,0.85,0.845,0.01,2196.19,538,0.15,0.16,60
btc-updown-15m-1775084400,1775084400,570,0.84,0.85,0.845,0.01,1734.9,1109,0.15,0.16,4
btc-updown-15m-1775084400,1775084400,585,0.89,0.9,0.895,0.01,1858.52,1888.67,0.1,0.11,27
btc-updown-15m-1775084400,1775084400,600,0.93,0.94,0.935,0.01,655.66,1847.85,0.06,0.07,41
btc-updown-15m-1775084400,1775084400,615,0.91,0.92,0.915,0.01,2099.28,2661.22,0.08,0.09,4
btc-updown-15m-1775084400,1775084400,630,0.93,0.94,0.935,0.01,2495.56,2385.86,0.06,0.07,0
btc-updown-15m-1775084400,1775084400,645,0.85,0.86,0.855,0.01,1470.36,1760.89,0.14,0.15,6
btc-updown-15m-1775084400,1775084400,660,0.86,0.87,0.865,0.01,2254.73,1737.43,0.13,0.14,69
btc-updown-15m-1775084400,1775084400,675,0.83,0.84,0.835,0.01,1850,501.38,0.16,0.17,25
btc-updown-15m-1775084400,1775084400,690,0.91,0.92,0.915,0.01,1806.14,1488.76,0.08,0.09,60
btc-updown-15m-1775084400,1775084400,705,0.92,0.93,0.925,0.01,2700.2,1081.5,0.07,0.08,2
btc-updown-15m-1775084400,1775084400,720,0.93,0.94,0.935,0.01,1438.06,1845.56,0.06,0.07,32
btc-updown-15m-1775084400,1775084400,735,0.9,0.91,0.905,0.01,1780.45,1345.15,0.09,0.1,18
btc-updown-15m-1775084400,1775084400,750,0.91,0.92,0.915,0.01,2429.65,1466.99,0.08,0.09,46
btc-updown-15m-1775084400,1775084400,765,0.96,0.97,0.965,0.01,1893.3,5282.74,0.03,0.04,8
btc-updown-15m-1775084400,1775084400,780,0.96,0.97,0.965,0.01,2356.2,5170.49,0.03,0.04,28
btc-updown-15m-1775084400,1775084400,795,0.96,0.97,0.965,0.01,2131.21,4958.67,0.03,0.04,22
btc-updown-15m-1775084400,1775084400,810,0.96,0.97,0.965,0.01,2272.41,4701.84,0.03,0.04,24
btc-updown-15m-1775084400,1775084400,825,0.99,,,,5050.07,0,,0.01,32
btc-updown-15m-1775084400,1775084400,840,0.997,0.998,0.9975,0.001,76.6,6757.96,0.002,0.003,67
btc-updown-15m-1775084400,1775084400,845,0.996,0.998,0.997,0.002,58.73,6747.5,0.002,0.004,22
btc-updown-15m-1775084400,1775084400,850,0.99,0.998,0.994,0.008,10028.91,6662.26,0.002,0.01,90
btc-updown-15m-1775084400,1775084400,855,0.997,0.999,0.998,0.002,10064.55,6646.26,0.001,0.003,40
btc-updown-15m-1775084400,1775084400,860,0.997,0.999,0.998,0.002,12838.77,6636.26,0.001,0.003,0
btc-updown-15m-1775084400,1775084400,865,0.998,0.999,0.9985,0.001,2636.8,467.22,0.001,0.002,0
btc-updown-15m-1775084400,1775084400,870,0.998,0.999,0.9985,0.001,2636.8,246.36,0.001,0.002,7
btc-updown-15m-1775084400,1775084400,875,0.999,,,,7478.71,0,,0.001,141
btc-updown-15m-1775084400,1775084400,880,0.999,,,,7561.13,0,,0.001,33
btc-updown-15m-1775084400,1775084400,885,0.999,,,,7557.13,0,,0.001,8
btc-updown-15m-1775084400,1775084400,890,0.999,,,,7517.32,0,,0.001,243
btc-updown-15m-1775084400,1775084400,895,0.999,,,,29827.11,0,,0.001,1232
btc-updown-15m-1775084400,1775084400,897,0.999,,,,28727.11,0,,0.001,268
btc-updown-15m-1775084400,1775084400,899,0.999,,,,30757.11,0,,0.001,73
btc-updown-15m-1775084400,1775084400,900,0.999,,,,67593.43,0,,0.001,7
btc-updown-15m-1775095200,1775095200,0,0.5,0.51,0.505,0.01,1182.86,5355.92,0.49,0.5,349
btc-updown-15m-1775095200,1775095200,15,0.44,0.45,0.445,0.01,310.95,670.36,0.55,0.56,11
btc-updown-15m-1775095200,1775095200,30,0.42,0.43,0.425,0.01,524.38,507.7,0.57,0.58,4
btc-updown-15m-1775095200,1775095200,45,0.46,0.47,0.465,0.01,467.31,622.55,0.53,0.54,7
btc-updown-15m-1775095200,1775095200,60,0.41,0.42,0.415,0.01,898.83,413.5,0.58,0.59,36
btc-updown-15m-1775095200,1775095200,75,0.35,0.36,0.355,0.01,970.81,721.06,0.64,0.65,28
btc-updown-15m-1775095200,1775095200,90,0.42,0.43,0.425,0.01,20,699.73,0.57,0.58,2
btc-updown-15m-1775095200,1775095200,105,0.3,0.31,0.305,0.01,476.84,1482.63,0.69,0.7,0
btc-updown-15m-1775095200,1775095200,120,0.36,0.37,0.365,0.01,1102.07,655.7,0.63,0.64,82
btc-updown-15m-1775095200,1775095200,135,0.34,0.35,0.345,0.01,1290.09,666.3,0.65,0.66,3
btc-updown-15m-1775095200,1775095200,150,0.33,0.34,0.335,0.01,1853.71,434.9,0.66,0.67,61
btc-updown-15m-1775095200,1775095200,165,0.27,0.28,0.275,0.01,558.62,661.78,0.72,0.73,33
btc-updown-15m-1775095200,1775095200,180,0.42,0.43,0.425,0.01,591.01,1007.13,0.57,0.58,3
btc-updown-15m-1775095200,1775095200,195,0.31,0.32,0.315,0.01,531.64,1315.62,0.68,0.69,16
btc-updown-15m-1775095200,1775095200,210,0.3,0.31,0.305,0.01,1291.37,285.74,0.69,0.7,9
btc-updown-15m-1775095200,1775095200,225,0.27,0.29,0.28,0.02,1358.65,642.2,0.71,0.73,2
btc-updown-15m-1775095200,1775095200,240,0.28,0.29,0.285,0.01,685.77,640.02,0.71,0.72,31
btc-updown-15m-1775095200,1775095200,255,0.27,0.28,0.275,0.01,748.4,934.55,0.72,0.73,3
btc-updown-15m-1775095200,1775095200,270,0.18,0.19,0.185,0.01,561.46,1490.7,0.81,0.82,4
btc-updown-15m-1775095200,1775095200,285,0.12,0.13,0.125,0.01,1171.75,715.89,0.87,0.88,26
btc-updown-15m-1775095200,1775095200,300,0.13,0.14,0.135,0.01,1207.9,1117.91,0.86,0.87,43
btc-updown-15m-1775095200,1775095200,315,0.17,0.18,0.175,0.01,503.2,497.71,0.82,0.83,23
btc-updown-15m-1775095200,1775095200,330,0.18,0.19,0.185,0.01,507.76,557.27,0.81,0.82,437
btc-updown-15m-1775095200,1775095200,345,0.21,0.22,0.215,0.01,541.09,784.71,0.78,0.79,2
btc-updown-15m-1775095200,1775095200,360,0.15,0.16,0.155,0.01,871.16,522.23,0.84,0.85,28
btc-updown-15m-1775095200,1775095200,375,0.19,0.2,0.195,0.01,780.26,541.6,0.8,0.81,14
btc-updown-15m-1775095200,1775095200,390,0.2,0.21,0.205,0.01,211,1230.03,0.79,0.8,7
btc-updown-15m-1775095200,1775095200,405,0.24,0.25,0.245,0.01,381.7,912.2,0.75,0.76,5
btc-updown-15m-1775095200,1775095200,420,0.29,0.3,0.295,0.01,892.56,556.89,0.7,0.71,31
btc-updown-15m-1775095200,1775095200,435,0.31,0.32,0.315,0.01,1885.81,81,0.68,0.69,1
btc-updown-15m-1775095200,1775095200,450,0.32,0.33,0.325,0.01,852.8,503.99,0.67,0.68,41
btc-updown-15m-1775095200,1775095200,465,0.38,0.39,0.385,0.01,965,768.88,0.61,0.62,30
btc-updown-15m-1775095200,1775095200,480,0.34,0.35,0.345,0.01,832.48,617.3,0.65,0.66,6
btc-updown-15m-1775095200,1775095200,495,0.24,0.25,0.245,0.01,437.16,925.5,0.75,0.76,16
btc-updown-15m-1775095200,1775095200,510,0.16,0.17,0.165,0.01,1556.63,302,0.83,0.84,6
btc-updown-15m-1775095200,1775095200,525,0.14,0.15,0.145,0.01,810.96,701.85,0.85,0.86,382
btc-updown-15m-1775095200,1775095200,540,0.1,0.11,0.105,0.01,764,2249.12,0.89,0.9,22
btc-updown-15m-1775095200,1775095200,555,0.05,0.06,0.055,0.01,1635.28,2012.59,0.94,0.95,11
btc-updown-15m-1775095200,1775095200,570,0.06,0.07,0.065,0.01,914.36,1021.29,0.93,0.94,36
btc-updown-15m-1775095200,1775095200,585,0.06,0.07,0.065,0.01,1086.96,1558.79,0.93,0.94,31
btc-updown-15m-1775095200,1775095200,600,0.07,0.08,0.075,0.01,1276.72,1277.11,0.92,0.93,11
btc-updown-15m-1775095200,1775095200,615,0.05,0.06,0.055,0.01,1903.41,440.21,0.94,0.95,103
btc-updown-15m-1775095200,1775095200,630,0.08,0.09,0.085,0.01,716.77,1373.49,0.91,0.92,10
btc-updown-15m-1775095200,1775095200,645,0.08,0.09,0.085,0.01,925.09,1177.15,0.91,0.92,12
btc-updown-15m-1775095200,1775095200,660,0.06,0.07,0.065,0.01,1045.83,1251.02,0.93,0.94,4
btc-updown-15m-1775095200,1775095200,675,0.01,0.02,0.015,0.01,5727.37,2748.39,0.98,0.99,59
btc-updown-15m-1775095200,1775095200,690,0.02,0.03,0.025,0.01,6799.52,1822.77,0.97,0.98,32
btc-updown-15m-1775095200,1775095200,705,0.02,0.03,0.025,0.01,6247.17,2055.57,0.97,0.98,9
btc-updown-15m-1775095200,1775095200,720,0.02,0.03,0.025,0.01,7277.7,1250.56,0.97,0.98,14
btc-updown-15m-1775095200,1775095200,735,0.01,0.02,0.015,0.01,4231.77,1295.29,0.98,0.99,74
btc-updown-15m-1775095200,1775095200,750,0.01,0.02,0.015,0.01,2841.23,932.16,0.98,0.99,17
btc-updown-15m-1775095200,1775095200,765,,0.01,,,0,5619.76,0.99,,67
btc-updown-15m-1775095200,1775095200,780,,0.01,,,0,7777.54,0.99,,57
btc-updown-15m-1775095200,1775095200,795,,0.01,,,0,15546.72,0.99,,68
btc-updown-15m-1775095200,1775095200,810,,0.01,,,0,17849.87,0.99,,8
btc-updown-15m-1775095200,1775095200,825,,0.01,,,0,50383.16,0.99,,52
btc-updown-15m-1775095200,1775095200,840,,0.01,,,0,51125.79,0.99,,19
btc-updown-15m-1775095200,1775095200,845,,0.01,,,0,54374.81,0.99,,117
btc-updown-15m-1775095200,1775095200,850,,0.01,,,0,54321.27,0.99,,180
btc-updown-15m-1775095200,1775095200,855,,0.01,,,0,54025.23,0.99,,185
btc-updown-15m-1775095200,1775095200,860,,0.01,,,0,56190.36,0.99,,328
btc-updown-15m-1775095200,1775095200,865,,0.001,,,0,33007.49,0.999,,98
btc-updown-15m-1775095200,1775095200,870,0.001,0.002,0.0015,0.001,773,454.68,0.998,0.999,125
btc-updown-15m-1775095200,1775095200,875,,0.002,,,0,1047.85,0.998,,152
btc-updown-15m-1775095200,1775095200,880,,0.002,,,0,1064.48,0.998,,12
btc-updown-15m-1775095200,1775095200,885,,0.001,,,0,2491.86,0.999,,233
btc-updown-15m-1775095200,1775095200,890,,0.001,,,0,3099.2,0.999,,116
btc-updown-15m-1775095200,1775095200,895,,0.001,,,0,4980.16,0.999,,32
btc-updown-15m-1775095200,1775095200,897,,0.001,,,0,6067.37,0.999,,292
btc-updown-15m-1775095200,1775095200,899,,0.001,,,0,14916.65,0.999,,107
btc-updown-15m-1775095200,1775095200,900,,0.001,,,0,49299.03,0.999,,2
btc-updown-15m-1775106000,1775106000,0,0.54,0.55,0.545,0.01,180.26,627.12,0.45,0.46,9
btc-updown-15m-1775106000,1775106000,15,0.51,0.52,0.515,0.01,1484.36,1031.59,0.48,0.49,22
btc-updown-15m-1775106000,1775106000,30,0.55,0.56,0.555,0.01,1244.59,2155.44,0.44,0.45,17
btc-updown-15m-1775106000,1775106000,45,0.61,0.62,0.615,0.01,1102.7,2282.12,0.38,0.39,4
btc-updown-15m-1775106000,1775106000,60,0.6,0.61,0.605,0.01,1029.19,2117.27,0.39,0.4,21
btc-updown-15m-1775106000,1775106000,75,0.64,0.65,0.645,0.01,1216.63,2522.26,0.35,0.36,70
btc-updown-15m-1775106000,1775106000,90,0.66,0.67,0.665,0.01,1581.05,2018.61,0.33,0.34,58
btc-updown-15m-1775106000,1775106000,105,0.69,0.7,0.695,0.01,2259.7,378.89,0.3,0.31,0
btc-updown-15m-1775106000,1775106000,120,0.77,0.78,0.775,0.01,1197.02,1837.07,0.22,0.23,22
btc-updown-15m-1775106000,1775106000,135,0.83,0.84,0.835,0.01,1207.93,1642.23,0.16,0.17,8
btc-updown-15m-1775106000,1775106000,150,0.85,0.86,0.855,0.01,1360,2185.52,0.14,0.15,34
btc-updown-15m-1775106000,1775106000,165,0.82,0.83,0.825,0.01,1208.99,890.55,0.17,0.18,26
btc-updown-15m-1775106000,1775106000,180,0.87,0.88,0.875,0.01,1645.74,2551.09,0.12,0.13,7
btc-updown-15m-1775106000,1775106000,195,0.85,0.86,0.855,0.01,2293.29,3515.97,0.14,0.15,2
btc-updown-15m-1775106000,1775106000,210,0.85,0.86,0.855,0.01,2968.27,2769.54,0.14,0.15,5
btc-updown-15m-1775106000,1775106000,225,0.82,0.83,0.825,0.01,2393.09,1140.24,0.17,0.18,1
btc-updown-15m-1775106000,1775106000,240,0.84,0.85,0.845,0.01,2435.1,2162.21,0.15,0.16,12
btc-updown-15m-1775106000,1775106000,255,0.83,0.84,0.835,0.01,2983.34,1760.63,0.16,0.17,3
btc-updown-15m-1775106000,1775106000,270,0.84,0.85,0.845,0.01,2321.6,877.71,0.15,0.16,71
btc-updown-15m-1775106000,1775106000,285,0.82,0.83,0.825,0.01,2105.24,729.7,0.17,0.18,11
btc-updown-15m-1775106000,1775106000,300,0.82,0.83,0.825,0.01,1052.66,754.79,0.17,0.18,55
btc-updown-15m-1775106000,1775106000,315,0.75,0.76,0.755,0.01,2007.03,932.9,0.24,0.25,0
btc-updown-15m-1775106000,1775106000,330,0.79,0.8,0.795,0.01,2433.92,954.4,0.2,0.21,70
btc-updown-15m-1775106000,1775106000,345,0.81,0.82,0.815,0.01,2041.2,2105.05,0.18,0.19,8
btc-updown-15m-1775106000,1775106000,360,0.8,0.81,0.805,0.01,1952.27,1176.95,0.19,0.2,54
btc-updown-15m-1775106000,1775106000,375,0.84,0.85,0.845,0.01,2448.83,835.9,0.15,0.16,1
btc-updown-15m-1775106000,1775106000,390,0.88,0.89,0.885,0.01,2259.78,2122.93,0.11,0.12,11
btc-updown-15m-1775106000,1775106000,405,0.9,0.91,0.905,0.01,2449.71,2266.34,0.09,0.1,67
btc-updown-15m-1775106000,1775106000,420,0.9,0.91,0.905,0.01,2178.52,2105.91,0.09,0.1,70
btc-updown-15m-1775106000,1775106000,435,0.84,0.85,0.845,0.01,1935.12,1781.93,0.15,0.16,4
btc-updown-15m-1775106000,1775106000,450,0.87,0.88,0.875,0.01,1873.64,1948.7,0.12,0.13,0
btc-updown-15m-1775106000,1775106000,465,0.84,0.85,0.845,0.01,1978.12,1530.01,0.15,0.16,2
btc-updown-15m-1775106000,1775106000,480,0.85,0.86,0.855,0.01,2188.26,1734.3,0.14,0.15,73
btc-updown-15m-1775106000,1775106000,495,0.85,0.86,0.855,0.01,2469.62,2007,0.14,0.15,71
btc-updown-15m-1775106000,1775106000,510,0.82,0.83,0.825,0.01,619.92,1744,0.17,0.18,0
btc-updown-15m-1775106000,1775106000,525,0.53,0.55,0.54,0.02,1819.51,260.15,0.45,0.47,14
btc-updown-15m-1775106000,1775106000,540,0.45,0.46,0.455,0.01,2124.49,1603.28,0.54,0.55,3
btc-updown-15m-1775106000,1775106000,555,0.55,0.56,0.555,0.01,2234.82,900.39,0.44,0.45,4
btc-updown-15m-1775106000,1775106000,570,0.48,0.49,0.485,0.01,588.35,2094.71,0.51,0.52,33
btc-updown-15m-1775106000,1775106000,585,0.51,0.52,0.515,0.01,2081.38,878.67,0.48,0.49,9
btc-updown-15m-1775106000,1775106000,600,0.62,0.63,0.625,0.01,754.78,415.09,0.37,0.38,1
btc-updown-15m-1775106000,1775106000,615,0.65,0.66,0.655,0.01,898.09,1081.43,0.34,0.35,1
btc-updown-15m-1775106000,1775106000,630,0.59,0.6,0.595,0.01,1641.23,639.32,0.4,0.41,28
btc-updown-15m-1775106000,1775106000,645,0.5,0.51,0.505,0.01,2322.04,1506.07,0.49,0.5,19
btc-updown-15m-1775106000,1775106000,660,0.44,0.45,0.445,0.01,1427.38,1872.82,0.55,0.56,17
btc-updown-15m-1775106000,1775106000,675,0.57,0.58,0.575,0.01,2269,726.38,0.42,0.43,0
btc-updown-15m-1775106000,1775106000,690,0.5,0.5,0.5,0,55.73,1475.16,0.5,0.5,0
btc-updown-15m-1775106000,1775106000,705,0.52,0.53,0.525,0.01,1778.29,1660.15,0.47,0.48,66
btc-updown-15m-1775106000,1775106000,720,0.49,0.5,0.495,0.01,2057.87,1630.99,0.5,0.51,77
btc-updown-15m-1775106000,1775106000,735,0.35,0.36,0.355,0.01,1761.25,316.49,0.64,0.65,0
btc-updown-15m-1775106000,1775106000,750,0.56,0.57,0.565,0.01,1996.54,235.99,0.43,0.44,11
btc-updown-15m-1775106000,1775106000,765,0.87,0.88,0.875,0.01,1973,1473.11,0.12,0.13,8
btc-updown-15m-1775106000,1775106000,780,0.96,0.97,0.965,0.01,2840.98,10961.56,0.03,0.04,32
btc-updown-15m-1775106000,1775106000,795,0.92,0.93,0.925,0.01,1887.86,1982.92,0.07,0.08,19
btc-updown-15m-1775106000,1775106000,810,0.93,0.94,0.935,0.01,1943.55,1020.14,0.06,0.07,29
btc-updown-15m-1775106000,1775106000,825,0.95,0.96,0.955,0.01,2567.72,2195.43,0.04,0.05,74
btc-updown-15m-1775106000,1775106000,840,0.96,0.97,0.965,0.01,2829.65,9653.5,0.03,0.04,61
btc-updown-15m-1775106000,1775106000,845,0.96,0.97,0.965,0.01,2301.42,9524.24,0.03,0.04,55
btc-updown-15m-1775106000,1775106000,850,0.96,0.97,0.965,0.01,2344.87,9698.18,0.03,0.04,52
btc-updown-15m-1775106000,1775106000,855,0.96,0.97,0.965,0.01,2382.88,9079.1,0.03,0.04,6
btc-updown-15m-1775106000,1775106000,860,0.96,0.97,0.965,0.01,2279.07,9001.86,0.03,0.04,3
btc-updown-15m-1775106000,1775106000,865,0.96,0.97,0.965,0.01,2379.37,8216.53,0.03,0.04,6
btc-updown-15m-1775106000,1775106000,870,0.97,0.98,0.975,0.01,2154.89,7730.07,0.02,0.03,30
btc-updown-15m-1775106000,1775106000,875,0.98,0.99,0.985,0.01,2346.03,2289.69,0.01,0.02,6
btc-updown-15m-1775106000,1775106000,880,0.98,0.99,0.985,0.01,2100.96,2283.32,0.01,0.02,99
btc-updown-15m-1775106000,1775106000,885,0.98,0.99,0.985,0.01,1832.59,2335.87,0.01,0.02,4
btc-updown-15m-1775106000,1775106000,890,0.34,0.43,0.385,0.09,842.06,90.24,0.57,0.66,9
btc-updown-15m-1775106000,1775106000,895,0.32,0.34,0.33,0.02,279.47,124.66,0.66,0.68,5
btc-updown-15m-1775106000,1775106000,897,0.35,0.37,0.36,0.02,89.34,171.39,0.63,0.65,98
btc-updown-15m-1775106000,1775106000,899,0.72,0.73,0.725,0.01,49.41,53.01,0.27,0.28,13
btc-updown-15m-1775106000,1775106000,900,0.99,,,,43075.58,0,,0.01,0
btc-updown-15m-1775115900,1775115900,0,0.44,0.45,0.445,0.01,46.17,1681.16,0.55,0.56,28
btc-updown-15m-1775115900,1775115900,15,0.49,0.5,0.495,0.01,2261.11,1331.76,0.5,0.51,70
btc-updown-15m-1775115900,1775115900,30,0.47,0.48,0.475,0.01,913.28,2718.98,0.52,0.53,6
btc-updown-15m-1775115900,1775115900,45,0.47,0.48,0.475,0.01,1815.56,2362.23,0.52,0.53,39
btc-updown-15m-1775115900,1775115900,60,0.48,0.49,0.485,0.01,1359.97,3204.95,0.51,0.52,50
btc-updown-15m-1775115900,1775115900,75,0.49,0.5,0.495,0.01,1869.09,3418.8,0.5,0.51,35
btc-updown-15m-1775115900,1775115900,90,0.49,0.5,0.495,0.01,2825.74,2750.5,0.5,0.51,67
btc-updown-15m-1775115900,1775115900,105,0.48,0.49,0.485,0.01,1332.64,2599.96,0.51,0.52,22
btc-updown-15m-1775115900,1775115900,120,0.45,0.46,0.455,0.01,1881.57,2424.46,0.54,0.55,240
btc-updown-15m-1775115900,1775115900,135,0.51,0.52,0.515,0.01,2256.21,1594.32,0.48,0.49,4
btc-updown-15m-1775115900,1775115900,150,0.51,0.52,0.515,0.01,2362.05,1007.46,0.48,0.49,1
btc-updown-15m-1775115900,1775115900,165,0.52,0.53,0.525,0.01,2033.29,2788.85,0.47,0.48,37
btc-updown-15m-1775115900,1775115900,180,0.57,0.58,0.575,0.01,2543.6,1193.62,0.42,0.43,2
btc-updown-15m-1775115900,1775115900,195,0.63,0.64,0.635,0.01,285.34,2421.92,0.36,0.37,11
btc-updown-15m-1775115900,1775115900,210,0.67,0.68,0.675,0.01,2209.74,1459.96,0.32,0.33,12
btc-updown-15m-1775115900,1775115900,225,0.65,0.66,0.655,0.01,2503.96,1540.96,0.34,0.35,60
btc-updown-15m-1775115900,1775115900,240,0.65,0.66,0.655,0.01,1914.85,2503.96,0.34,0.35,35
btc-updown-15m-1775115900,1775115900,255,0.62,0.63,0.625,0.01,2588.26,902.8,0.37,0.38,71
btc-updown-15m-1775115900,1775115900,270,0.66,0.67,0.665,0.01,2232.03,2399.87,0.33,0.34,3
btc-updown-15m-1775115900,1775115900,285,0.69,0.7,0.695,0.01,2936.45,775.12,0.3,0.31,70
btc-updown-15m-1775115900,1775115900,300,0.71,0.72,0.715,0.01,1299.47,1068.93,0.28,0.29,76
btc-updown-15m-1775115900,1775115900,315,0.67,0.68,0.675,0.01,373.49,1773.85,0.32,0.33,0
btc-updown-15m-1775115900,1775115900,330,0.62,0.63,0.625,0.01,2303.5,1112.4,0.37,0.38,5
btc-updown-15m-1775115900,1775115900,345,0.6,0.61,0.605,0.01,1747.32,1346.03,0.39,0.4,0
btc-updown-15m-1775115900,1775115900,360,0.48,0.49,0.485,0.01,1953.15,584.96,0.51,0.52,2
btc-updown-15m-1775115900,1775115900,375,0.39,0.4,0.395,0.01,1013.88,2194.79,0.6,0.61,2
btc-updown-15m-1775115900,1775115900,390,0.45,0.46,0.455,0.01,2181.99,1130.67,0.54,0.55,24
btc-updown-15m-1775115900,1775115900,405,0.5,0.51,0.505,0.01,588.96,898.19,0.49,0.5,64
btc-updown-15m-1775115900,1775115900,420,0.52,0.53,0.525,0.01,2096.55,2131.43,0.47,0.48,65
btc-updown-15m-1775115900,1775115900,435,0.48,0.49,0.485,0.01,1257.31,2421.46,0.51,0.52,69
btc-updown-15m-1775115900,1775115900,450,0.52,0.53,0.525,0.01,2227.19,988.46,0.47,0.48,72
btc-updown-15m-1775115900,1775115900,465,0.72,0.73,0.725,0.01,1798.8,1519.73,0.27,0.28,10
btc-updown-15m-1775115900,1775115900,480,0.75,0.76,0.755,0.01,1441.09,1478.73,0.24,0.25,33
btc-updown-15m-1775115900,1775115900,495,0.77,0.78,0.775,0.01,1702.17,1313.13,0.22,0.23,58
btc-updown-15m-1775115900,1775115900,510,0.77,0.78,0.775,0.01,1340.02,1545.57,0.22,0.23,11
btc-updown-15m-1775115900,1775115900,525,0.78,0.79,0.785,0.01,2044.82,1302.26,0.21,0.22,17
btc-updown-15m-1775115900,1775115900,540,0.79,0.8,0.795,0.01,2379.85,940.08,0.2,0.21,8
btc-updown-15m-1775115900,1775115900,555,0.8,0.81,0.805,0.01,2293.31,1115.33,0.19,0.2,69
btc-updown-15m-1775115900,1775115900,570,0.68,0.69,0.685,0.01,1800.85,2525.59,0.31,0.32,78
btc-updown-15m-1775115900,1775115900,585,0.76,0.77,0.765,0.01,1860.47,1458.94,0.23,0.24,9
btc-updown-15m-1775115900,1775115900,600,0.77,0.78,0.775,0.01,980.88,1321.26,0.22,0.23,69
btc-updown-15m-1775115900,1775115900,615,0.81,0.82,0.815,0.01,1222.16,1879.87,0.18,0.19,11
btc-updown-15m-1775115900,1775115900,630,0.86,0.87,0.865,0.01,2051.31,2085.63,0.13,0.14,6
btc-updown-15m-1775115900,1775115900,645,0.77,0.78,0.775,0.01,684.08,992.51,0.22,0.23,68
btc-updown-15m-1775115900,1775115900,660,0.76,0.77,0.765,0.01,1619.21,1133.46,0.23,0.24,17
btc-updown-15m-1775115900,1775115900,675,0.74,0.75,0.745,0.01,1854.7,1702,0.25,0.26,55
btc-updown-15m-1775115900,1775115900,690,0.81,0.82,0.815,0.01,2102.96,1082.58,0.18,0.19,23
btc-updown-15m-1775115900,1775115900,705,0.87,0.88,0.875,0.01,1478.13,1444.13,0.12,0.13,64
btc-updown-15m-1775115900,1775115900,720,0.89,0.9,0.895,0.01,2276.27,778.18,0.1,0.11,38
btc-updown-15m-1775115900,1775115900,735,0.91,0.92,0.915,0.01,2020.58,892.48,0.08,0.09,66
btc-updown-15m-1775115900,1775115900,750,0.93,0.94,0.935,0.01,1757.1,2543.43,0.06,0.07,42
btc-updown-15m-1775115900,1775115900,765,0.94,0.95,0.945,0.01,1832.81,3061.24,0.05,0.06,10
btc-updown-15m-1775115900,1775115900,780,0.96,0.97,0.965,0.01,1797.2,6643.39,0.03,0.04,1
btc-updown-15m-1775115900,1775115900,795,0.97,0.98,0.975,0.01,1990.02,6356.92,0.02,0.03,66
btc-updown-15m-1775115900,1775115900,810,0.98,0.99,0.985,0.01,2483.95,5009.65,0.01,0.02,40
btc-updown-15m-1775115900,1775115900,825,0.98,0.99,0.985,0.01,3149.37,487.9,0.01,0.02,50
btc-updown-15m-1775115900,1775115900,840,0.99,,,,5933.86,0,,0.01,60
btc-updown-15m-1775115900,1775115900,845,0.99,,,,6112.92,0,,0.01,31
btc-updown-15m-1775115900,1775115900,850,0.99,,,,6265.03,0,,0.01,106
btc-updown-15m-1775115900,1775115900,855,0.99,,,,8481.03,0,,0.01,242
btc-updown-15m-1775115900,1775115900,860,0.99,,,,8245.03,0,,0.01,333
btc-updown-15m-1775115900,1775115900,865,0.99,,,,6143.08,0,,0.01,167
btc-updown-15m-1775115900,1775115900,870,0.99,,,,8532.27,0,,0.01,66
btc-updown-15m-1775115900,1775115900,875,0.99,,,,15233.2,0,,0.01,186
btc-updown-15m-1775115900,1775115900,880,0.99,,,,18121.09,0,,0.01,5
btc-updown-15m-1775115900,1775115900,885,0.99,,,,19043.89,0,,0.01,361
btc-updown-15m-1775115900,1775115900,890,0.99,,,,19052.52,0,,0.01,279
btc-updown-15m-1775115900,1775115900,895,0.99,,,,19100.13,0,,0.01,92
btc-updown-15m-1775115900,1775115900,897,0.99,,,,18489.24,0,,0.01,62
btc-updown-15m-1775115900,1775115900,899,0.99,,,,23213.82,0,,0.01,20
btc-updown-15m-1775115900,1775115900,900,0.99,,,,47701.36,0,,0.01,0
btc-updown-15m-1775126700,1775126700,0,0.46,0.48,0.47,0.02,275.35,532.8,0.52,0.54,135
btc-updown-15m-1775126700,1775126700,15,0.45,0.46,0.455,0.01,1130.74,956.36,0.54,0.55,5
btc-updown-15m-1775126700,1775126700,30,0.43,0.44,0.435,0.01,1654.53,2320.26,0.56,0.57,9
btc-updown-15m-1775126700,1775126700,45,0.44,0.45,0.445,0.01,1869.94,2035.46,0.55,0.56,2
btc-updown-15m-1775126700,1775126700,60,0.44,0.45,0.445,0.01,2726.15,1977.46,0.55,0.56,6
btc-updown-15m-1775126700,1775126700,75,0.42,0.43,0.425,0.01,1886.76,2405.64,0.57,0.58,30
btc-updown-15m-1775126700,1775126700,90,0.36,0.37,0.365,0.01,1497.99,2842.41,0.63,0.64,54
btc-updown-15m-1775126700,1775126700,105,0.38,0.39,0.385,0.01,36.31,2478.73,0.61,0.62,0
btc-updown-15m-1775126700,1775126700,120,0.29,0.3,0.295,0.01,1221.11,2345.24,0.7,0.71,4
btc-updown-15m-1775126700,1775126700,135,0.3,0.31,0.305,0.01,2070.83,2072.9,0.69,0.7,5
btc-updown-15m-1775126700,1775126700,150,0.42,0.43,0.425,0.01,3336.8,455.76,0.57,0.58,3
btc-updown-15m-1775126700,1775126700,165,0.43,0.44,0.435,0.01,632.88,2403.55,0.56,0.57,3
btc-updown-15m-1775126700,1775126700,180,0.44,0.45,0.445,0.01,1228.36,1560.77,0.55,0.56,7
btc-updown-15m-1775126700,1775126700,195,0.46,0.47,0.465,0.01,2591.96,2316.66,0.53,0.54,25
btc-updown-15m-1775126700,1775126700,210,0.55,0.56,0.555,0.01,2591.72,2544.26,0.44,0.45,4
btc-updown-15m-1775126700,1775126700,225,0.55,0.56,0.555,0.01,1490.97,2563.76,0.44,0.45,6
btc-updown-15m-1775126700,1775126700,240,0.51,0.52,0.515,0.01,688,2544.08,0.48,0.49,2
btc-updown-15m-1775126700,1775126700,255,0.42,0.43,0.425,0.01,1738.26,1798.27,0.57,0.58,25
btc-updown-15m-1775126700,1775126700,270,0.42,0.43,0.425,0.01,2621.01,1887.08,0.57,0.58,34
btc-updown-15m-1775126700,1775126700,285,0.39,0.4,0.395,0.01,2630.76,1906.76,0.6,0.61,7
btc-updown-15m-1775126700,1775126700,300,0.4,0.41,0.405,0.01,1489.08,1271.09,0.59,0.6,5
btc-updown-15m-1775126700,1775126700,315,0.31,0.32,0.315,0.01,2912.47,664.89,0.68,0.69,10
btc-updown-15m-1775126700,1775126700,330,0.4,0.41,0.405,0.01,2519.62,2204.62,0.59,0.6,0
btc-updown-15m-1775126700,1775126700,345,0.44,0.45,0.445,0.01,2946.37,624.76,0.55,0.56,2
btc-updown-15m-1775126700,1775126700,360,0.48,0.49,0.485,0.01,693.38,2479.41,0.51,0.52,8
btc-updown-15m-1775126700,1775126700,375,0.48,0.49,0.485,0.01,2114.82,2531.12,0.51,0.52,11
btc-updown-15m-1775126700,1775126700,390,0.45,0.46,0.455,0.01,1254.52,2740.1,0.54,0.55,2
btc-updown-15m-1775126700,1775126700,405,0.39,0.4,0.395,0.01,2608.84,2120.03,0.6,0.61,6
btc-updown-15m-1775126700,1775126700,420,0.48,0.49,0.485,0.01,2461.95,1089.35,0.51,0.52,0
btc-updown-15m-1775126700,1775126700,435,0.52,0.53,0.525,0.01,2952.2,658.85,0.47,0.48,5
btc-updown-15m-1775126700,1775126700,450,0.58,0.59,0.585,0.01,2489.12,2830.99,0.41,0.42,28
btc-updown-15m-1775126700,1775126700,465,0.56,0.57,0.565,0.01,1532.09,2645.26,0.43,0.44,15
btc-updown-15m-1775126700,1775126700,480,0.61,0.62,0.615,0.01,1663.06,521.43,0.38,0.39,0
btc-updown-15m-1775126700,1775126700,495,0.57,0.58,0.575,0.01,2153.88,2488.26,0.42,0.43,0
btc-updown-15m-1775126700,1775126700,510,0.48,0.49,0.485,0.01,2411.4,1085.28,0.51,0.52,3
btc-updown-15m-1775126700,1775126700,525,0.46,0.47,0.465,0.01,2302.37,1564.76,0.53,0.54,15
btc-updown-15m-1775126700,1775126700,540,0.43,0.44,0.435,0.01,1565.02,1540.37,0.56,0.57,33
btc-updown-15m-1775126700,1775126700,555,0.4,0.41,0.405,0.01,881.92,3327.56,0.59,0.6,24
btc-updown-15m-1775126700,1775126700,570,0.29,0.3,0.295,0.01,2222.11,2307.26,0.7,0.71,0
btc-updown-15m-1775126700,1775126700,585,0.36,0.37,0.365,0.01,242.88,2579.93,0.63,0.64,1
btc-updown-15m-1775126700,1775126700,600,0.36,0.37,0.365,0.01,121.76,1932.41,0.63,0.64,0
btc-updown-15m-1775126700,1775126700,615,0.43,0.44,0.435,0.01,2609.65,1073.44,0.56,0.57,0
btc-updown-15m-1775126700,1775126700,630,0.41,0.42,0.415,0.01,2071.06,2290.4,0.58,0.59,27
btc-updown-15m-1775126700,1775126700,645,0.53,0.54,0.535,0.01,622.86,811.01,0.46,0.47,0
btc-updown-15m-1775126700,1775126700,660,0.41,0.42,0.415,0.01,2506.11,603.08,0.58,0.59,7
btc-updown-15m-1775126700,1775126700,675,0.37,0.38,0.375,0.01,1675.49,1430.19,0.62,0.63,1
btc-updown-15m-1775126700,1775126700,690,0.31,0.32,0.315,0.01,816.51,2381.46,0.68,0.69,2
btc-updown-15m-1775126700,1775126700,705,0.27,0.28,0.275,0.01,1711.55,2140.9,0.72,0.73,4
btc-updown-15m-1775126700,1775126700,720,0.16,0.17,0.165,0.01,2080.13,2546.39,0.83,0.84,32
btc-updown-15m-1775126700,1775126700,735,0.34,0.35,0.345,0.01,2259.94,24,0.65,0.66,128
btc-updown-15m-1775126700,1775126700,750,0.41,0.42,0.415,0.01,2173.81,647.38,0.58,0.59,2
btc-updown-15m-1775126700,1775126700,765,0.47,0.48,0.475,0.01,2233.07,1205.11,0.52,0.53,17
btc-updown-15m-1775126700,1775126700,780,0.46,0.47,0.465,0.01,1289.59,1521.76,0.53,0.54,6
btc-updown-15m-1775126700,1775126700,795,0.3,0.31,0.305,0.01,1078.88,683.26,0.69,0.7,7
btc-updown-15m-1775126700,1775126700,810,0.25,0.26,0.255,0.01,2161.76,1339.76,0.74,0.75,1
btc-updown-15m-1775126700,1775126700,825,0.23,0.24,0.235,0.01,1876.76,1572.76,0.76,0.77,10
btc-updown-15m-1775126700,1775126700,840,0.18,0.19,0.185,0.01,2173.49,55,0.81,0.82,10
btc-updown-15m-1775126700,1775126700,845,0.18,0.19,0.185,0.01,655.87,399.67,0.81,0.82,14
btc-updown-15m-1775126700,1775126700,850,0.07,0.08,0.075,0.01,1374.48,1903.59,0.92,0.93,17
btc-updown-15m-1775126700,1775126700,855,0.07,0.08,0.075,0.01,1029.21,2064.62,0.92,0.93,3
btc-updown-15m-1775126700,1775126700,860,0.07,0.08,0.075,0.01,1482.2,1915.33,0.92,0.93,206
btc-updown-15m-1775126700,1775126700,865,0.06,0.07,0.065,0.01,1086.55,1040.44,0.93,0.94,5
btc-updown-15m-1775126700,1775126700,870,0.05,0.06,0.055,0.01,139.32,1526.97,0.94,0.95,5
btc-updown-15m-1775126700,1775126700,875,0.04,0.05,0.045,0.01,444.53,381.6,0.95,0.96,8
btc-updown-15m-1775126700,1775126700,880,0.02,0.03,0.025,0.01,2142.57,376.97,0.97,0.98,13
btc-updown-15m-1775126700,1775126700,885,0.01,0.02,0.015,0.01,1860.66,740.14,0.98,0.99,11
btc-updown-15m-1775126700,1775126700,890,0.01,0.02,0.015,0.01,1720.89,1130.77,0.98,0.99,609
btc-updown-15m-1775126700,1775126700,895,0.01,0.02,0.015,0.01,1098.17,1160.37,0.98,0.99,137
btc-updown-15m-1775126700,1775126700,897,0.01,0.02,0.015,0.01,619.08,666.43,0.98,0.99,16
btc-updown-15m-1775126700,1775126700,899,,0.01,,,0,12799.12,0.99,,82
btc-updown-15m-1775126700,1775126700,900,,0.01,,,0,52690.53,0.99,,17
btc-updown-15m-1775136600,1775136600,0,0.47,0.5,0.485,0.03,418.16,800.32,0.5,0.53,25
btc-updown-15m-1775136600,1775136600,15,0.52,0.53,0.525,0.01,2935.71,2785.9,0.47,0.48,196
btc-updown-15m-1775136600,1775136600,30,0.5,0.51,0.505,0.01,2529,1559.23,0.49,0.5,1
btc-updown-15m-1775136600,1775136600,45,0.51,0.52,0.515,0.01,2656.5,2661.48,0.48,0.49,0
btc-updown-15m-1775136600,1775136600,60,0.51,0.52,0.515,0.01,752,245,0.48,0.49,4
btc-updown-15m-1775136600,1775136600,75,0.39,0.4,0.395,0.01,289.5,344,0.6,0.61,6
btc-updown-15m-1775136600,1775136600,90,0.35,0.36,0.355,0.01,534.51,421.49,0.64,0.65,8
btc-updown-15m-1775136600,1775136600,105,0.41,0.42,0.415,0.01,85,3157.23,0.58,0.59,18
btc-updown-15m-1775136600,1775136600,120,0.43,0.44,0.435,0.01,400.38,2767.55,0.56,0.57,5
btc-updown-15m-1775136600,1775136600,135,0.31,0.32,0.315,0.01,2754.42,2807.16,0.68,0.69,4
btc-updown-15m-1775136600,1775136600,150,0.22,0.23,0.225,0.01,3064.83,327.11,0.77,0.78,10
btc-updown-15m-1775136600,1775136600,165,0.28,0.29,0.285,0.01,1118.5,483.62,0.71,0.72,0
btc-updown-15m-1775136600,1775136600,180,0.2,0.21,0.205,0.01,242.33,2746.12,0.79,0.8,3
btc-updown-15m-1775136600,1775136600,195,0.15,0.16,0.155,0.01,3162.72,728.86,0.84,0.85,6
btc-updown-15m-1775136600,1775136600,210,0.14,0.15,0.145,0.01,2918.44,3537.52,0.85,0.86,31
btc-updown-15m-1775136600,1775136600,225,0.15,0.16,0.155,0.01,3650.3,3069.88,0.84,0.85,38
btc-updown-15m-1775136600,1775136600,240,0.15,0.16,0.155,0.01,4416.72,2726.82,0.84,0.85,8
btc-updown-15m-1775136600,1775136600,255,0.18,0.19,0.185,0.01,3704.97,699,0.81,0.82,7
btc-updown-15m-1775136600,1775136600,270,0.16,0.17,0.165,0.01,2814.69,4301.18,0.83,0.84,18
btc-updown-15m-1775136600,1775136600,285,0.13,0.14,0.135,0.01,3167.93,3761.17,0.86,0.87,3
btc-updown-15m-1775136600,1775136600,300,0.14,0.15,0.145,0.01,533.66,2228.53,0.85,0.86,3
btc-updown-15m-1775136600,1775136600,315,0.08,0.09,0.085,0.01,2984.37,758.89,0.91,0.92,10
btc-updown-15m-1775136600,1775136600,330,0.1,0.11,0.105,0.01,447,808.85,0.89,0.9,0
btc-updown-15m-1775136600,1775136600,345,0.1,0.11,0.105,0.01,666.96,1084.31,0.89,0.9,4
btc-updown-15m-1775136600,1775136600,360,0.06,0.08,0.07,0.02,1183.8,1336.87,0.92,0.94,4
btc-updown-15m-1775136600,1775136600,375,0.07,0.08,0.075,0.01,809.92,5347.25,0.92,0.93,6
btc-updown-15m-1775136600,1775136600,390,0.04,0.06,0.05,0.02,4275.23,1286.58,0.94,0.96,21
btc-updown-15m-1775136600,1775136600,405,0.06,0.07,0.065,0.01,717.86,579.42,0.93,0.94,39
btc-updown-15m-1775136600,1775136600,420,0.05,0.06,0.055,0.01,2978.86,329.63,0.94,0.95,2
btc-updown-15m-1775136600,1775136600,435,0.09,0.1,0.095,0.01,906.25,606.9,0.9,0.91,9
btc-updown-15m-1775136600,1775136600,450,0.06,0.07,0.065,0.01,1064.67,533,0.93,0.94,14
btc-updown-15m-1775136600,1775136600,465,0.06,0.07,0.065,0.01,2079.38,918,0.93,0.94,0
btc-updown-15m-1775136600,1775136600,480,0.06,0.07,0.065,0.01,1542.34,1125.26,0.93,0.94,0
btc-updown-15m-1775136600,1775136600,495,0.07,0.08,0.075,0.01,1513.68,394.04,0.92,0.93,20
btc-updown-15m-1775136600,1775136600,510,0.1,0.11,0.105,0.01,2376.72,446.35,0.89,0.9,11
btc-updown-15m-1775136600,1775136600,525,0.07,0.08,0.075,0.01,1359.82,510.5,0.92,0.93,1
btc-updown-15m-1775136600,1775136600,540,0.07,0.08,0.075,0.01,1745.45,1105.71,0.92,0.93,30
btc-updown-15m-1775136600,1775136600,555,0.05,0.06,0.055,0.01,4906.52,2318.49,0.94,0.95,16
btc-updown-15m-1775136600,1775136600,570,0.03,0.04,0.035,0.01,14638.24,3455.11,0.96,0.97,71
btc-updown-15m-1775136600,1775136600,585,0.03,0.04,0.035,0.01,12599.51,4417.1,0.96,0.97,69
btc-updown-15m-1775136600,1775136600,600,0.02,0.03,0.025,0.01,40614.43,9497.56,0.97,0.98,11
btc-updown-15m-1775136600,1775136600,615,0.01,0.02,0.015,0.01,35987.25,5042.34,0.98,0.99,23
btc-updown-15m-1775136600,1775136600,630,0.01,0.02,0.015,0.01,35429.74,4329.13,0.98,0.99,26
btc-updown-15m-1775136600,1775136600,645,0.01,0.02,0.015,0.01,32162.29,3412.13,0.98,0.99,18
btc-updown-15m-1775136600,1775136600,660,0.01,0.02,0.015,0.01,30124.58,3732.52,0.98,0.99,10
btc-updown-15m-1775136600,1775136600,675,0.01,0.02,0.015,0.01,28653.15,4801.28,0.98,0.99,61
btc-updown-15m-1775136600,1775136600,690,0.01,0.02,0.015,0.01,19474.46,4877.31,0.98,0.99,27
btc-updown-15m-1775136600,1775136600,705,0.01,0.02,0.015,0.01,14508.81,5147.81,0.98,0.99,50
btc-updown-15m-1775136600,1775136600,720,0.01,0.02,0.015,0.01,14063.14,4957.71,0.98,0.99,21
btc-updown-15m-1775136600,1775136600,735,0.01,0.02,0.015,0.01,13153.86,5491.61,0.98,0.99,19
btc-updown-15m-1775136600,1775136600,750,0.01,0.02,0.015,0.01,12876.6,4969.61,0.98,0.99,33
btc-updown-15m-1775136600,1775136600,765,0.01,0.02,0.015,0.01,10891.47,5050.36,0.98,0.99,61
btc-updown-15m-1775136600,1775136600,780,0.01,0.02,0.015,0.01,11163.38,5285.45,0.98,0.99,70
btc-updown-15m-1775136600,1775136600,795,0.001,0.002,0.0015,0.001,7364.15,498.91,0.998,0.999,12
btc-updown-15m-1775136600,1775136600,810,0.001,0.002,0.0015,0.001,6753.39,1043.7,0.998,0.999,3
btc-updown-15m-1775136600,1775136600,825,,0.001,,,0,2451.6,0.999,,70
btc-updown-15m-1775136600,1775136600,840,,0.001,,,0,2194.17,0.999,,66
btc-updown-15m-1775136600,1775136600,845,,0.001,,,0,2193.03,0.999,,289
btc-updown-15m-1775136600,1775136600,850,,0.001,,,0,2193.03,0.999,,57
btc-updown-15m-1775136600,1775136600,855,,0.001,,,0,2183.02,0.999,,75
btc-updown-15m-1775136600,1775136600,860,,0.001,,,0,2183.02,0.999,,75
btc-updown-15m-1775136600,1775136600,865,,0.001,,,0,3720.62,0.999,,397
btc-updown-15m-1775136600,1775136600,870,,0.001,,,0,3770.62,0.999,,0
btc-updown-15m-1775136600,1775136600,875,,0.001,,,0,3767.66,0.999,,34
btc-updown-15m-1775136600,1775136600,880,,0.001,,,0,3767.66,0.999,,110
btc-updown-15m-1775136600,1775136600,885,,0.001,,,0,3772.66,0.999,,282
btc-updown-15m-1775136600,1775136600,890,,0.001,,,0,3877.65,0.999,,119
btc-updown-15m-1775136600,1775136600,895,,0.001,,,0,9015.5,0.999,,117
btc-updown-15m-1775136600,1775136600,897,,0.001,,,0,8680.49,0.999,,39
btc-updown-15m-1775136600,1775136600,899,,0.001,,,0,8188.9,0.999,,114
btc-updown-15m-1775136600,1775136600,900,,0.001,,,0,43308,0.999,,8
btc-updown-15m-1775147400,1775147400,0,0.48,0.49,0.485,0.01,413.28,405.43,0.51,0.52,197
btc-updown-15m-1775147400,1775147400,15,0.48,0.49,0.485,0.01,4787.15,1948.89,0.51,0.52,14
btc-updown-15m-1775147400,1775147400,30,0.47,0.48,0.475,0.01,4471.21,2726.76,0.52,0.53,122
btc-updown-15m-1775147400,1775147400,45,0.49,0.5,0.495,0.01,2861.87,1325.62,0.5,0.51,9
btc-updown-15m-1775147400,1775147400,60,0.43,0.44,0.435,0.01,4237.87,1403.49,0.56,0.57,10
btc-updown-15m-1775147400,1775147400,75,0.44,0.45,0.445,0.01,3743.7,3393.38,0.55,0.56,13
btc-updown-15m-1775147400,1775147400,90,0.49,0.5,0.495,0.01,613.49,3862.91,0.5,0.51,13
btc-updown-15m-1775147400,1775147400,105,0.59,0.6,0.595,0.01,4015.08,864.79,0.4,0.41,19
btc-updown-15m-1775147400,1775147400,120,0.55,0.56,0.555,0.01,3924.26,1047.22,0.44,0.45,32
btc-updown-15m-1775147400,1775147400,135,0.66,0.67,0.665,0.01,475.81,4195.87,0.33,0.34,10
btc-updown-15m-1775147400,1775147400,150,0.71,0.72,0.715,0.01,880.35,3601.5,0.28,0.29,1
btc-updown-15m-1775147400,1775147400,165,0.72,0.73,0.725,0.01,4239.96,213.83,0.27,0.28,20
btc-updown-15m-1775147400,1775147400,180,0.77,0.78,0.775,0.01,4183.11,3049,0.22,0.23,2
btc-updown-15m-1775147400,1775147400,195,0.79,0.8,0.795,0.01,1649.32,3714.32,0.2,0.21,3
btc-updown-15m-1775147400,1775147400,210,0.83,0.84,0.835,0.01,1708.43,4006.44,0.16,0.17,1
btc-updown-15m-1775147400,1775147400,225,0.81,0.82,0.815,0.01,1812.73,4158.28,0.18,0.19,27
btc-updown-15m-1775147400,1775147400,240,0.8,0.81,0.805,0.01,4642.48,3472.92,0.19,0.2,5
btc-updown-15m-1775147400,1775147400,255,0.77,0.78,0.775,0.01,3703.24,3478.65,0.22,0.23,2
btc-updown-15m-1775147400,1775147400,270,0.77,0.78,0.775,0.01,3574.56,3867.74,0.22,0.23,9
btc-updown-15m-1775147400,1775147400,285,0.78,0.79,0.785,0.01,3633.79,3891.07,0.21,0.22,30
btc-updown-15m-1775147400,1775147400,300,0.79,0.8,0.795,0.01,1037.37,823.15,0.2,0.21,25
btc-updown-15m-1775147400,1775147400,315,0.84,0.85,0.845,0.01,3998.15,3148.76,0.15,0.16,38
btc-updown-15m-1775147400,1775147400,330,0.86,0.87,0.865,0.01,492.72,1556.37,0.13,0.14,0
btc-updown-15m-1775147400,1775147400,345,0.81,0.82,0.815,0.01,1558.08,437.5,0.18,0.19,2
btc-updown-15m-1775147400,1775147400,360,0.88,0.89,0.885,0.01,3386.71,3712.84,0.11,0.12,6
btc-updown-15m-1775147400,1775147400,375,0.79,0.8,0.795,0.01,606.1,3566.99,0.2,0.21,8
btc-updown-15m-1775147400,1775147400,390,0.83,0.84,0.835,0.01,3415.71,3607.65,0.16,0.17,2
btc-updown-15m-1775147400,1775147400,405,0.88,0.89,0.885,0.01,4125.5,1751.77,0.11,0.12,14
btc-updown-15m-1775147400,1775147400,420,0.89,0.9,0.895,0.01,4328.88,1483.45,0.1,0.11,50
btc-updown-15m-1775147400,1775147400,435,0.94,0.95,0.945,0.01,4124.46,5617.71,0.05,0.06,1
btc-updown-15m-1775147400,1775147400,450,0.95,0.96,0.955,0.01,4349.31,3933.76,0.04,0.05,0
btc-updown-15m-1775147400,1775147400,465,0.95,0.96,0.955,0.01,4135.05,2029.39,0.04,0.05,35
btc-updown-15m-1775147400,1775147400,480,0.97,0.98,0.975,0.01,3955.61,8404.59,0.02,0.03,96
btc-updown-15m-1775147400,1775147400,495,0.93,0.94,0.935,0.01,1268.37,4587.37,0.06,0.07,27
btc-updown-15m-1775147400,1775147400,510,0.95,0.96,0.955,0.01,4165.92,4571.45,0.04,0.05,18
btc-updown-15m-1775147400,1775147400,525,0.96,0.97,0.965,0.01,4417.16,8723.03,0.03,0.04,31
btc-updown-15m-1775147400,1775147400,540,0.97,0.98,0.975,0.01,4409.41,8130.87,0.02,0.03,461
btc-updown-15m-1775147400,1775147400,555,0.97,0.98,0.975,0.01,4756.57,6802,0.02,0.03,16
btc-updown-15m-1775147400,1775147400,570,0.97,0.98,0.975,0.01,4748.55,6909.22,0.02,0.03,9
btc-updown-15m-1775147400,1775147400,585,0.97,0.98,0.975,0.01,4780.93,6814.65,0.02,0.03,38
btc-updown-15m-1775147400,1775147400,600,0.98,0.99,0.985,0.01,2303.84,3192.22,0.01,0.02,0
btc-updown-15m-1775147400,1775147400,615,0.99,,,,18767.24,0,,0.01,68
btc-updown-15m-1775147400,1775147400,630,0.99,,,,9790.48,0,,0.01,77
btc-updown-15m-1775147400,1775147400,645,0.993,0.995,0.994,0.002,2376.25,2875,0.005,0.007,9
btc-updown-15m-1775147400,1775147400,660,0.997,0.999,0.998,0.002,3432.25,11534.9,0.001,0.003,4
btc-updown-15m-1775147400,1775147400,675,0.996,0.997,0.9965,0.001,1681.25,11262.16,0.003,0.004,37
btc-updown-15m-1775147400,1775147400,690,0.996,0.997,0.9965,0.001,1526.1,10589.64,0.003,0.004,34
btc-updown-15m-1775147400,1775147400,705,0.995,0.996,0.9955,0.001,3068.5,12061.67,0.004,0.005,42
btc-updown-15m-1775147400,1775147400,720,0.996,0.997,0.9965,0.001,816.2,12292.34,0.003,0.004,2
btc-updown-15m-1775147400,1775147400,735,0.995,0.996,0.9955,0.001,2873.88,2188.34,0.004,0.005,63
btc-updown-15m-1775147400,1775147400,750,0.997,0.998,0.9975,0.001,3304,12558.63,0.002,0.003,72
btc-updown-15m-1775147400,1775147400,765,0.998,0.999,0.9985,0.001,3521.2,11640.39,0.001,0.002,73
btc-updown-15m-1775147400,1775147400,780,0.998,0.999,0.9985,0.001,3058.59,8231.76,0.001,0.002,33
btc-updown-15m-1775147400,1775147400,795,0.998,0.999,0.9985,0.001,8382.55,484.02,0.001,0.002,8
btc-updown-15m-1775147400,1775147400,810,0.998,0.999,0.9985,0.001,10026.23,4234.21,0.001,0.002,3
btc-updown-15m-1775147400,1775147400,825,0.999,,,,15264.18,0,,0.001,41
btc-updown-15m-1775147400,1775147400,840,0.999,,,,15264.18,0,,0.001,6
btc-updown-15m-1775147400,1775147400,845,0.999,,,,15874.28,0,,0.001,11
btc-updown-15m-1775147400,1775147400,850,0.999,,,,15874.28,0,,0.001,87
btc-updown-15m-1775147400,1775147400,855,0.999,,,,15874.28,0,,0.001,79
btc-updown-15m-1775147400,1775147400,860,0.999,,,,14874.28,0,,0.001,72
btc-updown-15m-1775147400,1775147400,865,0.999,,,,14874.28,0,,0.001,49
btc-updown-15m-1775147400,1775147400,870,0.999,,,,14874.28,0,,0.001,22
btc-updown-15m-1775147400,1775147400,875,0.999,,,,14871.3,0,,0.001,20
btc-updown-15m-1775147400,1775147400,880,0.999,,,,14871.3,0,,0.001,45
btc-updown-15m-1775147400,1775147400,885,0.999,,,,15657.4,0,,0.001,2
btc-updown-15m-1775147400,1775147400,890,0.999,,,,15657.4,0,,0.001,103
btc-updown-15m-1775147400,1775147400,895,0.999,,,,17877.6,0,,0.001,173
btc-updown-15m-1775147400,1775147400,897,0.999,,,,14642.6,0,,0.001,164
btc-updown-15m-1775147400,1775147400,899,0.999,,,,15758.7,0,,0.001,32
btc-updown-15m-1775147400,1775147400,900,0.999,,,,50343.21,0,,0.001,3
btc-updown-15m-1775157300,1775157300,0,0.43,0.44,0.435,0.01,626.56,241.33,0.56,0.57,78
btc-updown-15m-1775157300,1775157300,15,0.47,0.48,0.475,0.01,1868.36,1760.66,0.52,0.53,31
btc-updown-15m-1775157300,1775157300,30,0.46,0.47,0.465,0.01,1986.85,1415.2,0.53,0.54,75
btc-updown-15m-1775157300,1775157300,45,0.38,0.39,0.385,0.01,1802.86,2890.31,0.61,0.62,36
btc-updown-15m-1775157300,1775157300,60,0.4,0.41,0.405,0.01,2659.31,1905.03,0.59,0.6,57
btc-updown-15m-1775157300,1775157300,75,0.35,0.36,0.355,0.01,1945.64,2165.93,0.64,0.65,6
btc-updown-15m-1775157300,1775157300,90,0.31,0.32,0.315,0.01,3275.68,1046.46,0.68,0.69,0
btc-updown-15m-1775157300,1775157300,105,0.26,0.27,0.265,0.01,2609.57,1722.83,0.73,0.74,20
btc-updown-15m-1775157300,1775157300,120,0.31,0.32,0.315,0.01,2160.69,1512.96,0.68,0.69,23
btc-updown-15m-1775157300,1775157300,135,0.35,0.36,0.355,0.01,2450.97,1359.59,0.64,0.65,0
btc-updown-15m-1775157300,1775157300,150,0.35,0.36,0.355,0.01,2744.11,1418.16,0.64,0.65,58
btc-updown-15m-1775157300,1775157300,165,0.36,0.37,0.365,0.01,3083.55,1452.88,0.63,0.64,71
btc-updown-15m-1775157300,1775157300,180,0.39,0.4,0.395,0.01,2818.48,1639.66,0.6,0.61,2
btc-updown-15m-1775157300,1775157300,195,0.38,0.39,0.385,0.01,3242.8,697.02,0.61,0.62,53
btc-updown-15m-1775157300,1775157300,210,0.33,0.34,0.335,0.01,2584.29,2283.32,0.66,0.67,36
btc-updown-15m-1775157300,1775157300,225,0.28,0.29,0.285,0.01,2419.39,1806,0.71,0.72,1
btc-updown-15m-1775157300,1775157300,240,0.28,0.29,0.285,0.01,2055.14,2122.35,0.71,0.72,7
btc-updown-15m-1775157300,1775157300,255,0.31,0.32,0.315,0.01,2295.28,1440.64,0.68,0.69,57
btc-updown-15m-1775157300,1775157300,270,0.31,0.32,0.315,0.01,1971,2604.8,0.68,0.69,2
btc-updown-15m-1775157300,1775157300,285,0.34,0.35,0.345,0.01,2795.96,956.07,0.65,0.66,70
btc-updown-15m-1775157300,1775157300,300,0.34,0.35,0.345,0.01,956.06,1579.64,0.65,0.66,17
btc-updown-15m-1775157300,1775157300,315,0.22,0.23,0.225,0.01,2359.38,1041.5,0.77,0.78,68
btc-updown-15m-1775157300,1775157300,330,0.3,0.31,0.305,0.01,1825,1337.2,0.69,0.7,37
btc-updown-15m-1775157300,1775157300,345,0.26,0.27,0.265,0.01,2081.27,1694.5,0.73,0.74,5
btc-updown-15m-1775157300,1775157300,360,0.18,0.19,0.185,0.01,2301.01,672.84,0.81,0.82,57
btc-updown-15m-1775157300,1775157300,375,0.19,0.2,0.195,0.01,1543.55,902.41,0.8,0.81,3
btc-updown-15m-1775157300,1775157300,390,0.14,0.15,0.145,0.01,1618.5,2025.16,0.85,0.86,0
btc-updown-15m-1775157300,1775157300,405,0.13,0.14,0.135,0.01,1609.26,1943.1,0.86,0.87,63
btc-updown-15m-1775157300,1775157300,420,0.12,0.13,0.125,0.01,2782,1975.17,0.87,0.88,47
btc-updown-15m-1775157300,1775157300,435,0.13,0.14,0.135,0.01,692.03,1222.16,0.86,0.87,0
btc-updown-15m-1775157300,1775157300,450,0.07,0.08,0.075,0.01,2704.67,2141.07,0.92,0.93,64
btc-updown-15m-1775157300,1775157300,465,0.09,0.1,0.095,0.01,1866.04,1056.8,0.9,0.91,1
btc-updown-15m-1775157300,1775157300,480,0.16,0.17,0.165,0.01,2511,1835.5,0.83,0.84,0
btc-updown-15m-1775157300,1775157300,495,0.16,0.17,0.165,0.01,678.32,2423.68,0.83,0.84,8
btc-updown-15m-1775157300,1775157300,510,0.13,0.14,0.135,0.01,2077.81,2301.15,0.86,0.87,16
btc-updown-15m-1775157300,1775157300,525,0.22,0.23,0.225,0.01,1085,372.65,0.77,0.78,1
btc-updown-15m-1775157300,1775157300,540,0.39,0.4,0.395,0.01,1053.31,1230.5,0.6,0.61,1
btc-updown-15m-1775157300,1775157300,555,0.3,0.31,0.305,0.01,2701.5,169,0.69,0.7,3
btc-updown-15m-1775157300,1775157300,570,0.3,0.31,0.305,0.01,1346.26,1819.75,0.69,0.7,0
btc-updown-15m-1775157300,1775157300,585,0.3,0.31,0.305,0.01,955.06,2135.21,0.69,0.7,5
btc-updown-15m-1775157300,1775157300,600,0.26,0.27,0.265,0.01,1056.68,962.3,0.73,0.74,6
btc-updown-15m-1775157300,1775157300,615,0.3,0.31,0.305,0.01,404.46,2008.5,0.69,0.7,32
btc-updown-15m-1775157300,1775157300,630,0.3,0.31,0.305,0.01,759.79,2208.6,0.69,0.7,35
btc-updown-15m-1775157300,1775157300,645,0.68,0.71,0.695,0.03,708.92,1735.49,0.29,0.32,0
btc-updown-15m-1775157300,1775157300,660,0.58,0.59,0.585,0.01,763.14,1389.34,0.41,0.42,0
btc-updown-15m-1775157300,1775157300,675,0.5,0.51,0.505,0.01,1792.35,1064.52,0.49,0.5,65
btc-updown-15m-1775157300,1775157300,690,0.44,0.45,0.445,0.01,972,1292.79,0.55,0.56,1
btc-updown-15m-1775157300,1775157300,705,0.44,0.45,0.445,0.01,863.5,1318.21,0.55,0.56,54
btc-updown-15m-1775157300,1775157300,720,0.39,0.4,0.395,0.01,1446,2775.59,0.6,0.61,12
btc-updown-15m-1775157300,1775157300,735,0.31,0.32,0.315,0.01,2591.13,879.79,0.68,0.69,0
btc-updown-15m-1775157300,1775157300,750,0.35,0.36,0.355,0.01,789.93,1992.68,0.64,0.65,10
btc-updown-15m-1775157300,1775157300,765,0.51,0.52,0.515,0.01,2506.53,553.73,0.48,0.49,1
btc-updown-15m-1775157300,1775157300,780,0.28,0.29,0.285,0.01,962.98,491.82,0.71,0.72,8
btc-updown-15m-1775157300,1775157300,795,0.18,0.19,0.185,0.01,2049.9,1176.49,0.81,0.82,12
btc-updown-15m-1775157300,1775157300,810,0.25,0.26,0.255,0.01,795.46,2055.5,0.74,0.75,234
btc-updown-15m-1775157300,1775157300,825,0.2,0.21,0.205,0.01,816.06,1267.06,0.79,0.8,20
btc-updown-15m-1775157300,1775157300,840,0.07,0.09,0.08,0.02,1692.69,492.03,0.91,0.93,11
btc-updown-15m-1775157300,1775157300,845,0.07,0.08,0.075,0.01,1795.43,1667.75,0.92,0.93,4
btc-updown-15m-1775157300,1775157300,850,0.08,0.09,0.085,0.01,1936.03,1723.18,0.91,0.92,108
btc-updown-15m-1775157300,1775157300,855,0.05,0.06,0.055,0.01,2060.96,1555.33,0.94,0.95,402
btc-updown-15m-1775157300,1775157300,860,0.05,0.06,0.055,0.01,1581.02,1859.66,0.94,0.95,443
btc-updown-15m-1775157300,1775157300,865,0.04,0.05,0.045,0.01,1126.08,926.73,0.95,0.96,27
btc-updown-15m-1775157300,1775157300,870,0.03,0.04,0.035,0.01,9542.56,697.04,0.96,0.97,91
btc-updown-15m-1775157300,1775157300,875,0.02,0.03,0.025,0.01,9026.92,1190.34,0.97,0.98,35
btc-updown-15m-1775157300,1775157300,880,0.02,0.03,0.025,0.01,8554.75,1119.87,0.97,0.98,179
btc-updown-15m-1775157300,1775157300,885,0.01,0.02,0.015,0.01,3238.08,1330.55,0.98,0.99,14
btc-updown-15m-1775157300,1775157300,890,0.01,0.02,0.015,0.01,3080.1,613.4,0.98,0.99,13
btc-updown-15m-1775157300,1775157300,895,0.01,0.02,0.015,0.01,2561.08,1093.34,0.98,0.99,13
btc-updown-15m-1775157300,1775157300,897,0.01,0.02,0.015,0.01,1972.41,828.46,0.98,0.99,2
btc-updown-15m-1775157300,1775157300,899,,0.01,,,0,9688.89,0.99,,59
btc-updown-15m-1775157300,1775157300,900,,0.01,,,0,49447.87,0.99,,5
btc-updown-15m-1775168100,1775168100,0,0.49,0.51,0.5,0.02,567.54,6691.13,0.49,0.51,250
btc-updown-15m-1775168100,1775168100,15,0.5,0.51,0.505,0.01,2113.63,4571.9,0.49,0.5,12
btc-updown-15m-1775168100,1775168100,30,0.57,0.58,0.575,0.01,2055.09,388.62,0.42,0.43,33
btc-updown-15m-1775168100,1775168100,45,0.57,0.58,0.575,0.01,1960.82,1461.26,0.42,0.43,34
btc-updown-15m-1775168100,1775168100,60,0.59,0.6,0.595,0.01,1897.52,504.38,0.4,0.41,1
btc-updown-15m-1775168100,1775168100,75,0.64,0.65,0.645,0.01,1850.56,620.94,0.35,0.36,13
btc-updown-15m-1775168100,1775168100,90,0.64,0.65,0.645,0.01,345.25,1888.51,0.35,0.36,8
btc-updown-15m-1775168100,1775168100,105,0.7,0.71,0.705,0.01,1796.55,482.47,0.29,0.3,33
btc-updown-15m-1775168100,1775168100,120,0.8,0.81,0.805,0.01,1852.31,776.75,0.19,0.2,8
btc-updown-15m-1775168100,1775168100,135,0.77,0.78,0.775,0.01,2091.73,484.88,0.22,0.23,2
btc-updown-15m-1775168100,1775168100,150,0.73,0.74,0.735,0.01,1706.34,1636.38,0.26,0.27,1
btc-updown-15m-1775168100,1775168100,165,0.68,0.69,0.685,0.01,171.48,683.99,0.31,0.32,0
btc-updown-15m-1775168100,1775168100,180,0.73,0.74,0.735,0.01,1848.23,720.88,0.26,0.27,9
btc-updown-15m-1775168100,1775168100,195,0.78,0.79,0.785,0.01,1761.04,619.61,0.21,0.22,61
btc-updown-15m-1775168100,1775168100,210,0.78,0.79,0.785,0.01,2366.16,459.71,0.21,0.22,19
btc-updown-15m-1775168100,1775168100,225,0.81,0.82,0.815,0.01,2501.28,333.92,0.18,0.19,0
btc-updown-15m-1775168100,1775168100,240,0.82,0.83,0.825,0.01,2041.71,1758.73,0.17,0.18,4
btc-updown-15m-1775168100,1775168100,255,0.82,0.83,0.825,0.01,2547.35,690.21,0.17,0.18,19
btc-updown-15m-1775168100,1775168100,270,0.79,0.8,0.795,0.01,289.38,634.55,0.2,0.21,9
btc-updown-15m-1775168100,1775168100,285,0.8,0.81,0.805,0.01,1060.29,1793.95,0.19,0.2,1
btc-updown-15m-1775168100,1775168100,300,0.81,0.82,0.815,0.01,639.5,622.07,0.18,0.19,22
btc-updown-15m-1775168100,1775168100,315,0.86,0.87,0.865,0.01,1379.76,1144.83,0.13,0.14,1
btc-updown-15m-1775168100,1775168100,330,0.87,0.88,0.875,0.01,2117.2,1591,0.12,0.13,22
btc-updown-15m-1775168100,1775168100,345,0.85,0.86,0.855,0.01,2227.07,1457.76,0.14,0.15,6
btc-updown-15m-1775168100,1775168100,360,0.82,0.83,0.825,0.01,446.89,2009.37,0.17,0.18,24
btc-updown-15m-1775168100,1775168100,375,0.8,0.81,0.805,0.01,1605.88,776.19,0.19,0.2,15
btc-updown-15m-1775168100,1775168100,390,0.8,0.81,0.805,0.01,2018.38,832.03,0.19,0.2,59
btc-updown-15m-1775168100,1775168100,405,0.81,0.82,0.815,0.01,2024.48,656.73,0.18,0.19,16
btc-updown-15m-1775168100,1775168100,420,0.82,0.83,0.825,0.01,2327.09,251.88,0.17,0.18,12
btc-updown-15m-1775168100,1775168100,435,0.82,0.83,0.825,0.01,1668.12,704.81,0.17,0.18,64
btc-updown-15m-1775168100,1775168100,450,0.83,0.84,0.835,0.01,982.87,1182.41,0.16,0.17,0
btc-updown-15m-1775168100,1775168100,465,0.83,0.84,0.835,0.01,1767.86,1035.33,0.16,0.17,69
btc-updown-15m-1775168100,1775168100,480,0.79,0.8,0.795,0.01,1386.38,1829.13,0.2,0.21,1
btc-updown-15m-1775168100,1775168100,495,0.77,0.78,0.775,0.01,1428.15,2052.21,0.22,0.23,11
btc-updown-15m-1775168100,1775168100,510,0.7,0.71,0.705,0.01,1142.41,1672.59,0.29,0.3,72
btc-updown-15m-1775168100,1775168100,525,0.73,0.74,0.735,0.01,1698.79,1362.94,0.26,0.27,1
btc-updown-15m-1775168100,1775168100,540,0.74,0.75,0.745,0.01,1981.88,1573.15,0.25,0.26,5
btc-updown-15m-1775168100,1775168100,555,0.71,0.72,0.715,0.01,59.61,568.44,0.28,0.29,27
btc-updown-15m-1775168100,1775168100,570,0.63,0.64,0.635,0.01,1204.17,359.16,0.36,0.37,2
btc-updown-15m-1775168100,1775168100,585,0.62,0.63,0.625,0.01,549.88,1839.88,0.37,0.38,56
btc-updown-15m-1775168100,1775168100,600,0.56,0.57,0.565,0.01,580.51,627.44,0.43,0.44,16
btc-updown-15m-1775168100,1775168100,615,0.41,0.42,0.415,0.01,478.5,1880.1,0.58,0.59,4
btc-updown-15m-1775168100,1775168100,630,0.3,0.31,0.305,0.01,243.34,953.1,0.69,0.7,1
btc-updown-15m-1775168100,1775168100,645,0.26,0.27,0.265,0.01,430.19,780.71,0.73,0.74,20
btc-updown-15m-1775168100,1775168100,660,0.28,0.29,0.285,0.01,1631.6,599.23,0.71,0.72,5
btc-updown-15m-1775168100,1775168100,675,0.23,0.24,0.235,0.01,614.32,387.21,0.76,0.77,12
btc-updown-15m-1775168100,1775168100,690,0.12,0.13,0.125,0.01,371.85,242.18,0.87,0.88,3
btc-updown-15m-1775168100,1775168100,705,0.3,0.31,0.305,0.01,1351.55,163.2,0.69,0.7,1
btc-updown-15m-1775168100,1775168100,720,0.53,0.54,0.535,0.01,1116.98,668,0.46,0.47,2
btc-updown-15m-1775168100,1775168100,735,0.37,0.38,0.375,0.01,433.78,451.66,0.62,0.63,11
btc-updown-15m-1775168100,1775168100,750,0.41,0.42,0.415,0.01,414.84,563.97,0.58,0.59,3
btc-updown-15m-1775168100,1775168100,765,0.57,0.58,0.575,0.01,644.37,646.97,0.42,0.43,0
btc-updown-15m-1775168100,1775168100,780,0.57,0.58,0.575,0.01,799.68,407.38,0.42,0.43,15
btc-updown-15m-1775168100,1775168100,795,0.74,0.75,0.745,0.01,650.48,459.53,0.25,0.26,9
btc-updown-15m-1775168100,1775168100,810,0.77,0.78,0.775,0.01,716.02,761.04,0.22,0.23,15
btc-updown-15m-1775168100,1775168100,825,0.55,0.57,0.56,0.02,365.78,568.23,0.43,0.45,3
btc-updown-15m-1775168100,1775168100,840,0.39,0.4,0.395,0.01,131,562.88,0.6,0.61,2
btc-updown-15m-1775168100,1775168100,845,0.35,0.37,0.36,0.02,63,372.66,0.63,0.65,0
btc-updown-15m-1775168100,1775168100,850,0.35,0.36,0.355,0.01,409.01,319.23,0.64,0.65,18
btc-updown-15m-1775168100,1775168100,855,0.24,0.25,0.245,0.01,112.67,125.88,0.75,0.76,5
btc-updown-15m-1775168100,1775168100,860,0.25,0.26,0.255,0.01,292.54,273.88,0.74,0.75,35
btc-updown-15m-1775168100,1775168100,865,0.25,0.26,0.255,0.01,243.88,365.92,0.74,0.75,21
btc-updown-15m-1775168100,1775168100,870,0.1,0.11,0.105,0.01,273.38,157.79,0.89,0.9,13
btc-updown-15m-1775168100,1775168100,875,0.09,0.1,0.095,0.01,110.38,165.85,0.9,0.91,51
btc-updown-15m-1775168100,1775168100,880,0.47,0.48,0.475,0.01,153.78,115.02,0.52,0.53,9
btc-updown-15m-1775168100,1775168100,885,0.46,0.48,0.47,0.02,256.31,194.91,0.52,0.54,5
btc-updown-15m-1775168100,1775168100,890,0.58,0.59,0.585,0.01,72.88,82.88,0.41,0.42,61
btc-updown-15m-1775168100,1775168100,895,0.67,0.68,0.675,0.01,30,58,0.32,0.33,16
btc-updown-15m-1775168100,1775168100,897,0.7,0.72,0.71,0.02,30,63,0.28,0.3,62
btc-updown-15m-1775168100,1775168100,899,0.95,0.97,0.96,0.02,141.12,435.17,0.03,0.05,8
btc-updown-15m-1775168100,1775168100,900,0.99,,,,8553.13,0,,0.01,4
btc-updown-15m-1775178900,1775178900,0,0.54,0.55,0.545,0.01,81.45,1346.71,0.45,0.46,91
btc-updown-15m-1775178900,1775178900,15,0.41,0.42,0.415,0.01,1599.65,365.56,0.58,0.59,3
btc-updown-15m-1775178900,1775178900,30,0.4,0.41,0.405,0.01,1129.59,1460.14,0.59,0.6,18
btc-updown-15m-1775178900,1775178900,45,0.35,0.36,0.355,0.01,753.66,1751.3,0.64,0.65,31
btc-updown-15m-1775178900,1775178900,60,0.37,0.38,0.375,0.01,2294.92,982.5,0.62,0.63,1
btc-updown-15m-1775178900,1775178900,75,0.43,0.44,0.435,0.01,1890.5,2247.08,0.56,0.57,18
btc-updown-15m-1775178900,1775178900,90,0.43,0.44,0.435,0.01,546.22,2375.49,0.56,0.57,17
btc-updown-15m-1775178900,1775178900,105,0.32,0.33,0.325,0.01,808.33,2399.72,0.67,0.68,18
btc-updown-15m-1775178900,1775178900,120,0.24,0.26,0.25,0.02,381,1635.34,0.74,0.76,0
btc-updown-15m-1775178900,1775178900,135,0.24,0.25,0.245,0.01,2024.5,1890.66,0.75,0.76,39
btc-updown-15m-1775178900,1775178900,150,0.24,0.25,0.245,0.01,2070.37,2165.15,0.75,0.76,23
btc-updown-15m-1775178900,1775178900,165,0.27,0.28,0.275,0.01,1774.06,2124.5,0.72,0.73,8
btc-updown-15m-1775178900,1775178900,180,0.29,0.3,0.295,0.01,1691.2,1695,0.7,0.71,7
btc-updown-15m-1775178900,1775178900,195,0.28,0.29,0.285,0.01,655.6,1325.66,0.71,0.72,0
btc-updown-15m-1775178900,1775178900,210,0.26,0.27,0.265,0.01,1038.52,3238.27,0.73,0.74,37
btc-updown-15m-1775178900,1775178900,225,0.26,0.27,0.265,0.01,2169.05,2640.5,0.73,0.74,30
btc-updown-15m-1775178900,1775178900,240,0.3,0.31,0.305,0.01,1984.14,1848.82,0.69,0.7,26
btc-updown-15m-1775178900,1775178900,255,0.28,0.29,0.285,0.01,818.46,2259.64,0.71,0.72,2
btc-updown-15m-1775178900,1775178900,270,0.28,0.29,0.285,0.01,560.32,2318.01,0.71,0.72,10
btc-updown-15m-1775178900,1775178900,285,0.27,0.28,0.275,0.01,2269.27,2290.47,0.72,0.73,38
btc-updown-15m-1775178900,1775178900,300,0.27,0.28,0.275,0.01,858.96,1562.88,0.72,0.73,9
btc-updown-15m-1775178900,1775178900,315,0.25,0.26,0.255,0.01,642.25,1624.21,0.74,0.75,26
btc-updown-15m-1775178900,1775178900,330,0.21,0.22,0.215,0.01,563.23,1152.5,0.78,0.79,3
btc-updown-15m-1775178900,1775178900,345,0.19,0.2,0.195,0.01,911.44,2123.11,0.8,0.81,5
btc-updown-15m-1775178900,1775178900,360,0.14,0.15,0.145,0.01,1921.53,2401.39,0.85,0.86,22
btc-updown-15m-1775178900,1775178900,375,0.17,0.18,0.175,0.01,2339,2018.57,0.82,0.83,7
btc-updown-15m-1775178900,1775178900,390,0.2,0.21,0.205,0.01,988.12,1926.86,0.79,0.8,56
btc-updown-15m-1775178900,1775178900,405,0.19,0.2,0.195,0.01,957.67,1158.04,0.8,0.81,59
btc-updown-15m-1775178900,1775178900,420,0.17,0.18,0.175,0.01,1310.39,839.56,0.82,0.83,15
btc-updown-15m-1775178900,1775178900,435,0.21,0.22,0.215,0.01,2192.44,1630.92,0.78,0.79,26
btc-updown-15m-1775178900,1775178900,450,0.24,0.25,0.245,0.01,1125.9,1813.88,0.75,0.76,1
btc-updown-15m-1775178900,1775178900,465,0.24,0.25,0.245,0.01,1023.51,1873.32,0.75,0.76,4
btc-updown-15m-1775178900,1775178900,480,0.28,0.29,0.285,0.01,1911.92,583.14,0.71,0.72,24
btc-updown-15m-1775178900,1775178900,495,0.53,0.54,0.535,0.01,1752.48,625,0.46,0.47,7
btc-updown-15m-1775178900,1775178900,510,0.59,0.6,0.595,0.01,1896.67,859.4,0.4,0.41,33
btc-updown-15m-1775178900,1775178900,525,0.47,0.48,0.475,0.01,375.64,1930,0.52,0.53,4
btc-updown-15m-1775178900,1775178900,540,0.51,0.52,0.515,0.01,365.43,1176.34,0.48,0.49,28
btc-updown-15m-1775178900,1775178900,555,0.5,0.51,0.505,0.01,765.39,1641.5,0.49,0.5,1
btc-updown-15m-1775178900,1775178900,570,0.35,0.36,0.355,0.01,1893.71,44.34,0.64,0.65,1
btc-updown-15m-1775178900,1775178900,585,0.44,0.45,0.445,0.01,1965.07,561.39,0.55,0.56,12
btc-updown-15m-1775178900,1775178900,600,0.37,0.38,0.375,0.01,669.5,594,0.62,0.63,33
btc-updown-15m-1775178900,1775178900,615,0.52,0.53,0.525,0.01,1600,1646.02,0.47,0.48,25
btc-updown-15m-1775178900,1775178900,630,0.54,0.55,0.545,0.01,1081.48,1756.19,0.45,0.46,10
btc-updown-15m-1775178900,1775178900,645,0.58,0.59,0.585,0.01,722.92,2028.05,0.41,0.42,2
btc-updown-15m-1775178900,1775178900,660,0.51,0.52,0.515,0.01,411.35,1688.04,0.48,0.49,11
btc-updown-15m-1775178900,1775178900,675,0.44,0.45,0.445,0.01,1610.01,1930.77,0.55,0.56,36
btc-updown-15m-1775178900,1775178900,690,0.44,0.45,0.445,0.01,1779.73,870.57,0.55,0.56,1
btc-updown-15m-1775178900,1775178900,705,0.59,0.6,0.595,0.01,1738.26,601.19,0.4,0.41,17
btc-updown-15m-1775178900,1775178900,720,0.79,0.8,0.795,0.01,1260.93,1479,0.2,0.21,5
btc-updown-15m-1775178900,1775178900,735,0.87,0.88,0.875,0.01,1459.28,781.07,0.12,0.13,6
btc-updown-15m-1775178900,1775178900,750,0.91,0.92,0.915,0.01,814.53,1970.66,0.08,0.09,32
btc-updown-15m-1775178900,1775178900,765,0.91,0.92,0.915,0.01,2060.4,1777.58,0.08,0.09,38
btc-updown-15m-1775178900,1775178900,780,0.94,0.95,0.945,0.01,2875.13,1000.46,0.05,0.06,2
btc-updown-15m-1775178900,1775178900,795,0.94,0.95,0.945,0.01,995.26,1857.68,0.05,0.06,11
btc-updown-15m-1775178900,1775178900,810,0.88,0.89,0.885,0.01,1804.6,1769.6,0.11,0.12,1
btc-updown-15m-1775178900,1775178900,825,0.93,0.94,0.935,0.01,1822.37,463.23,0.06,0.07,13
btc-updown-15m-1775178900,1775178900,840,0.94,0.95,0.945,0.01,1474.69,604.9,0.05,0.06,5
btc-updown-15m-1775178900,1775178900,845,0.94,0.95,0.945,0.01,1508.29,1338.49,0.05,0.06,23
btc-updown-15m-1775178900,1775178900,850,0.96,0.97,0.965,0.01,1471.32,3345.84,0.03,0.04,30
btc-updown-15m-1775178900,1775178900,855,0.97,0.98,0.975,0.01,1299.42,2950.15,0.02,0.03,12
btc-updown-15m-1775178900,1775178900,860,0.97,0.98,0.975,0.01,1283.12,3081.04,0.02,0.03,240
btc-updown-15m-1775178900,1775178900,865,0.97,0.98,0.975,0.01,1747.2,2054.67,0.02,0.03,81
btc-updown-15m-1775178900,1775178900,870,0.99,,,,12244.08,0,,0.01,44
btc-updown-15m-1775178900,1775178900,875,0.99,,,,13269.74,0,,0.01,78
btc-updown-15m-1775178900,1775178900,880,0.99,,,,8887.94,0,,0.01,394
btc-updown-15m-1775178900,1775178900,885,0.99,,,,9902.24,0,,0.01,13
btc-updown-15m-1775178900,1775178900,890,0.99,,,,19230.11,0,,0.01,80
btc-updown-15m-1775178900,1775178900,895,0.99,,,,8585.44,0,,0.01,1
btc-updown-15m-1775178900,1775178900,897,0.99,,,,8554.56,0,,0.01,414
btc-updown-15m-1775178900,1775178900,899,0.99,,,,15081.81,0,,0.01,104
btc-updown-15m-1775178900,1775178900,900,0.99,,,,55194.91,0,,0.01,0
btc-updown-15m-1775188800,1775188800,0,0.5,0.53,0.515,0.03,1363.72,781.28,0.47,0.5,228
btc-updown-15m-1775188800,1775188800,15,0.52,0.53,0.525,0.01,758.63,1003.77,0.47,0.48,52
btc-updown-15m-1775188800,1775188800,30,0.53,0.54,0.535,0.01,1470.76,723.37,0.46,0.47,3
btc-updown-15m-1775188800,1775188800,45,0.53,0.54,0.535,0.01,1618.61,536.57,0.46,0.47,39
btc-updown-15m-1775188800,1775188800,60,0.43,0.44,0.435,0.01,251.58,950.95,0.56,0.57,2
btc-updown-15m-1775188800,1775188800,75,0.59,0.6,0.595,0.01,538.38,1191.76,0.4,0.41,6
btc-updown-15m-1775188800,1775188800,90,0.56,0.57,0.565,0.01,344.71,1147.38,0.43,0.44,46
btc-updown-15m-1775188800,1775188800,105,0.56,0.58,0.57,0.02,215.5,66,0.42,0.44,18
btc-updown-15m-1775188800,1775188800,120,0.51,0.52,0.515,0.01,1368.99,164,0.48,0.49,3
btc-updown-15m-1775188800,1775188800,135,0.39,0.4,0.395,0.01,1535.28,156.92,0.6,0.61,58
btc-updown-15m-1775188800,1775188800,150,0.53,0.54,0.535,0.01,1023.38,1266,0.46,0.47,0
btc-updown-15m-1775188800,1775188800,165,0.6,0.61,0.605,0.01,1133.04,287.9,0.39,0.4,11
btc-updown-15m-1775188800,1775188800,180,0.58,0.59,0.585,0.01,419.88,1065.88,0.41,0.42,65
btc-updown-15m-1775188800,1775188800,195,0.59,0.6,0.595,0.01,1155.6,633.88,0.4,0.41,62
btc-updown-15m-1775188800,1775188800,210,0.61,0.62,0.615,0.01,1525.69,67.08,0.38,0.39,2
btc-updown-15m-1775188800,1775188800,225,0.64,0.65,0.645,0.01,1529.27,781.76,0.35,0.36,37
btc-updown-15m-1775188800,1775188800,240,0.66,0.67,0.665,0.01,1781.85,493.57,0.33,0.34,4
btc-updown-15m-1775188800,1775188800,255,0.69,0.7,0.695,0.01,2011.66,957.39,0.3,0.31,33
btc-updown-15m-1775188800,1775188800,270,0.69,0.7,0.695,0.01,1938.05,1085.52,0.3,0.31,69
btc-updown-15m-1775188800,1775188800,285,0.7,0.71,0.705,0.01,1816.85,1037.78,0.29,0.3,57
btc-updown-15m-1775188800,1775188800,300,0.72,0.73,0.725,0.01,1225.24,184.59,0.27,0.28,53
btc-updown-15m-1775188800,1775188800,315,0.73,0.74,0.735,0.01,266.88,620.26,0.26,0.27,7
btc-updown-15m-1775188800,1775188800,330,0.72,0.73,0.725,0.01,1606.15,558.32,0.27,0.28,72
btc-updown-15m-1775188800,1775188800,345,0.76,0.77,0.765,0.01,1347.79,1168.03,0.23,0.24,47
btc-updown-15m-1775188800,1775188800,360,0.67,0.68,0.675,0.01,1092.4,1223.38,0.32,0.33,150
btc-updown-15m-1775188800,1775188800,375,0.71,0.72,0.715,0.01,1020.81,803.22,0.28,0.29,68
btc-updown-15m-1775188800,1775188800,390,0.73,0.74,0.735,0.01,1271.42,440.32,0.26,0.27,61
btc-updown-15m-1775188800,1775188800,405,0.74,0.75,0.745,0.01,1363.51,245.09,0.25,0.26,0
btc-updown-15m-1775188800,1775188800,420,0.79,0.8,0.795,0.01,1596.32,500.49,0.2,0.21,55
btc-updown-15m-1775188800,1775188800,435,0.8,0.81,0.805,0.01,692.82,1377.72,0.19,0.2,68
btc-updown-15m-1775188800,1775188800,450,0.74,0.75,0.745,0.01,1147.84,301.62,0.25,0.26,6
btc-updown-15m-1775188800,1775188800,465,0.82,0.83,0.825,0.01,937.16,592.42,0.17,0.18,52
btc-updown-15m-1775188800,1775188800,480,0.83,0.84,0.835,0.01,1557.13,327.38,0.16,0.17,4
btc-updown-15m-1775188800,1775188800,495,0.85,0.86,0.855,0.01,1507.78,564,0.14,0.15,16
btc-updown-15m-1775188800,1775188800,510,0.87,0.88,0.875,0.01,593.81,1239.9,0.12,0.13,69
btc-updown-15m-1775188800,1775188800,525,0.87,0.88,0.875,0.01,1755.18,1113.37,0.12,0.13,24
btc-updown-15m-1775188800,1775188800,540,0.87,0.88,0.875,0.01,2196.74,486.56,0.12,0.13,5
btc-updown-15m-1775188800,1775188800,555,0.82,0.83,0.825,0.01,1156.24,464.1,0.17,0.18,1
btc-updown-15m-1775188800,1775188800,570,0.82,0.83,0.825,0.01,1418.12,409.87,0.17,0.18,70
btc-updown-15m-1775188800,1775188800,585,0.83,0.84,0.835,0.01,1088.97,1179.75,0.16,0.17,45
btc-updown-15m-1775188800,1775188800,600,0.72,0.73,0.725,0.01,478.67,598.51,0.27,0.28,70
btc-updown-15m-1775188800,1775188800,615,0.67,0.68,0.675,0.01,1010.69,808.01,0.32,0.33,57
btc-updown-15m-1775188800,1775188800,630,0.67,0.68,0.675,0.01,549.4,1258.13,0.32,0.33,68
btc-updown-15m-1775188800,1775188800,645,0.65,0.66,0.655,0.01,1064.09,929.85,0.34,0.35,59
btc-updown-15m-1775188800,1775188800,660,0.56,0.57,0.565,0.01,446.85,734.01,0.43,0.44,0
btc-updown-15m-1775188800,1775188800,675,0.62,0.63,0.625,0.01,510.99,907.5,0.37,0.38,22
btc-updown-15m-1775188800,1775188800,690,0.73,0.74,0.735,0.01,726.88,1045.65,0.26,0.27,18
btc-updown-15m-1775188800,1775188800,705,0.86,0.87,0.865,0.01,1560.11,245.92,0.13,0.14,58
btc-updown-15m-1775188800,1775188800,720,0.87,0.88,0.875,0.01,1142.9,326.13,0.12,0.13,20
btc-updown-15m-1775188800,1775188800,735,0.87,0.88,0.875,0.01,971.5,976.74,0.12,0.13,35
btc-updown-15m-1775188800,1775188800,750,0.88,0.89,0.885,0.01,1589.42,687.38,0.11,0.12,15
btc-updown-15m-1775188800,1775188800,765,0.93,0.94,0.935,0.01,523.81,1355.64,0.06,0.07,307
btc-updown-15m-1775188800,1775188800,780,0.89,0.9,0.895,0.01,1240.13,595.76,0.1,0.11,75
btc-updown-15m-1775188800,1775188800,795,0.93,0.94,0.935,0.01,1359.92,940.21,0.06,0.07,21
btc-updown-15m-1775188800,1775188800,810,0.94,0.95,0.945,0.01,1206.6,3398.49,0.05,0.06,59
btc-updown-15m-1775188800,1775188800,825,0.96,0.97,0.965,0.01,1754.99,4718.79,0.03,0.04,50
btc-updown-15m-1775188800,1775188800,840,0.97,0.98,0.975,0.01,843.97,3792.73,0.02,0.03,248
btc-updown-15m-1775188800,1775188800,845,0.84,0.85,0.845,0.01,104.12,127.21,0.15,0.16,3
btc-updown-15m-1775188800,1775188800,850,0.79,0.8,0.795,0.01,220.79,435.09,0.2,0.21,14
btc-updown-15m-1775188800,1775188800,855,0.81,0.82,0.815,0.01,432.33,467.77,0.18,0.19,22
btc-updown-15m-1775188800,1775188800,860,0.81,0.82,0.815,0.01,1196.27,136.97,0.18,0.19,4
btc-updown-15m-1775188800,1775188800,865,0.83,0.84,0.835,0.01,261.66,84.27,0.16,0.17,25
btc-updown-15m-1775188800,1775188800,870,0.87,0.88,0.875,0.01,108.28,223.53,0.12,0.13,61
btc-updown-15m-1775188800,1775188800,875,0.89,0.9,0.895,0.01,114,192.4,0.1,0.11,14
btc-updown-15m-1775188800,1775188800,880,0.97,0.98,0.975,0.01,874.56,2150.26,0.02,0.03,42
btc-updown-15m-1775188800,1775188800,885,0.97,0.98,0.975,0.01,1017.25,2319.67,0.02,0.03,22
btc-updown-15m-1775188800,1775188800,890,0.97,0.98,0.975,0.01,502.11,2447.8,0.02,0.03,16
btc-updown-15m-1775188800,1775188800,895,0.98,0.99,0.985,0.01,526.23,2122.79,0.01,0.02,14
btc-updown-15m-1775188800,1775188800,897,0.99,,,,21321.55,0,,0.01,12
btc-updown-15m-1775188800,1775188800,899,0.99,,,,25053.25,0,,0.01,103
btc-updown-15m-1775188800,1775188800,900,0.99,,,,88361.72,0,,0.01,39
btc-updown-15m-1775199600,1775199600,0,0.42,0.45,0.435,0.03,839.63,1574.39,0.55,0.58,50
btc-updown-15m-1775199600,1775199600,15,0.44,0.45,0.445,0.01,1607.83,1848.18,0.55,0.56,40
btc-updown-15m-1775199600,1775199600,30,0.44,0.45,0.445,0.01,477.63,2549.46,0.55,0.56,8
btc-updown-15m-1775199600,1775199600,45,0.44,0.45,0.445,0.01,2295.51,1852.6,0.55,0.56,2
btc-updown-15m-1775199600,1775199600,60,0.46,0.47,0.465,0.01,2151.6,688.83,0.53,0.54,0
btc-updown-15m-1775199600,1775199600,75,0.48,0.49,0.485,0.01,1808.18,2902.58,0.51,0.52,7
btc-updown-15m-1775199600,1775199600,90,0.49,0.5,0.495,0.01,2668.72,2236.52,0.5,0.51,32
btc-updown-15m-1775199600,1775199600,105,0.52,0.53,0.525,0.01,2130.89,1125.43,0.47,0.48,5
btc-updown-15m-1775199600,1775199600,120,0.42,0.43,0.425,0.01,1134.5,978.46,0.57,0.58,24
btc-updown-15m-1775199600,1775199600,135,0.4,0.41,0.405,0.01,1948.38,273.94,0.59,0.6,7
btc-updown-15m-1775199600,1775199600,150,0.42,0.43,0.425,0.01,2189.15,377.26,0.57,0.58,67
btc-updown-15m-1775199600,1775199600,165,0.45,0.46,0.455,0.01,1957.03,554.59,0.54,0.55,14
btc-updown-15m-1775199600,1775199600,180,0.48,0.49,0.485,0.01,1657.23,1232.03,0.51,0.52,2
btc-updown-15m-1775199600,1775199600,195,0.5,0.51,0.505,0.01,1505.38,1485.2,0.49,0.5,17
btc-updown-15m-1775199600,1775199600,210,0.61,0.62,0.615,0.01,731.98,452,0.38,0.39,3
btc-updown-15m-1775199600,1775199600,225,0.56,0.57,0.565,0.01,1117.06,1781.4,0.43,0.44,55
btc-updown-15m-1775199600,1775199600,240,0.62,0.63,0.625,0.01,971.89,1879.39,0.37,0.38,3
btc-updown-15m-1775199600,1775199600,255,0.55,0.56,0.555,0.01,1146.24,1507.07,0.44,0.45,3
btc-updown-15m-1775199600,1775199600,270,0.55,0.56,0.555,0.01,1098.09,1374.13,0.44,0.45,9
btc-updown-15m-1775199600,1775199600,285,0.55,0.56,0.555,0.01,1789.65,589.28,0.44,0.45,71
btc-updown-15m-1775199600,1775199600,300,0.44,0.45,0.445,0.01,948.87,764.16,0.55,0.56,24
btc-updown-15m-1775199600,1775199600,315,0.32,0.33,0.325,0.01,741.95,923.38,0.67,0.68,6
btc-updown-15m-1775199600,1775199600,330,0.3,0.31,0.305,0.01,601.93,1431.2,0.69,0.7,71
btc-updown-15m-1775199600,1775199600,345,0.46,0.47,0.465,0.01,1104.46,1418.3,0.53,0.54,44
btc-updown-15m-1775199600,1775199600,360,0.28,0.29,0.285,0.01,954.94,444.2,0.71,0.72,5
btc-updown-15m-1775199600,1775199600,375,0.24,0.25,0.245,0.01,2221.5,261.34,0.75,0.76,36
btc-updown-15m-1775199600,1775199600,390,0.39,0.4,0.395,0.01,1955.87,306.87,0.6,0.61,17
btc-updown-15m-1775199600,1775199600,405,0.5,0.51,0.505,0.01,1308.98,779.44,0.49,0.5,8
btc-updown-15m-1775199600,1775199600,420,0.55,0.56,0.555,0.01,1086.42,756.88,0.44,0.45,16
btc-updown-15m-1775199600,1775199600,435,0.65,0.66,0.655,0.01,1017.71,1742.56,0.34,0.35,33
btc-updown-15m-1775199600,1775199600,450,0.71,0.72,0.715,0.01,1324.32,838.85,0.28,0.29,30
btc-updown-15m-1775199600,1775199600,465,0.74,0.75,0.745,0.01,597.32,906.77,0.25,0.26,11
btc-updown-15m-1775199600,1775199600,480,0.75,0.76,0.755,0.01,746.88,1791.38,0.24,0.25,44
btc-updown-15m-1775199600,1775199600,495,0.76,0.77,0.765,0.01,1671.78,1478.72,0.23,0.24,21
btc-updown-15m-1775199600,1775199600,510,0.82,0.83,0.825,0.01,1403.49,454.05,0.17,0.18,36
btc-updown-15m-1775199600,1775199600,525,0.84,0.86,0.85,0.02,1597.98,976.69,0.14,0.16,0
btc-updown-15m-1775199600,1775199600,540,0.85,0.86,0.855,0.01,780.5,1328.64,0.14,0.15,15
btc-updown-15m-1775199600,1775199600,555,0.86,0.87,0.865,0.01,1399.11,1448.94,0.13,0.14,13
btc-updown-15m-1775199600,1775199600,570,0.88,0.89,0.885,0.01,2203.58,1169.18,0.11,0.12,54
btc-updown-15m-1775199600,1775199600,585,0.92,0.93,0.925,0.01,661.28,2182.33,0.07,0.08,9
btc-updown-15m-1775199600,1775199600,600,0.94,0.95,0.945,0.01,742.75,4051.54,0.05,0.06,1
btc-updown-15m-1775199600,1775199600,615,0.95,0.96,0.955,0.01,2148.13,5454.81,0.04,0.05,59
btc-updown-15m-1775199600,1775199600,630,0.95,0.97,0.96,0.02,2785.8,8731.17,0.03,0.05,18
btc-updown-15m-1775199600,1775199600,645,0.96,0.97,0.965,0.01,2445.46,8353.63,0.03,0.04,61
btc-updown-15m-1775199600,1775199600,660,0.94,0.95,0.945,0.01,994.05,4743.37,0.05,0.06,32
btc-updown-15m-1775199600,1775199600,675,0.86,0.87,0.865,0.01,1028.41,1287.5,0.13,0.14,34
btc-updown-15m-1775199600,1775199600,690,0.85,0.86,0.855,0.01,859.9,1670.18,0.14,0.15,2
btc-updown-15m-1775199600,1775199600,705,0.83,0.84,0.835,0.01,1246.71,2136.17,0.16,0.17,62
btc-updown-15m-1775199600,1775199600,720,0.76,0.77,0.765,0.01,393,1478.66,0.23,0.24,1
btc-updown-15m-1775199600,1775199600,735,0.7,0.71,0.705,0.01,1276.9,717.13,0.29,0.3,23
btc-updown-15m-1775199600,1775199600,750,0.73,0.74,0.735,0.01,1778.9,692.99,0.26,0.27,62
btc-updown-15m-1775199600,1775199600,765,0.69,0.7,0.695,0.01,1236,426.57,0.3,0.31,4
btc-updown-15m-1775199600,1775199600,780,0.6,0.61,0.605,0.01,1200.32,888.23,0.39,0.4,18
btc-updown-15m-1775199600,1775199600,795,0.48,0.49,0.485,0.01,1147.85,827.66,0.51,0.52,5
btc-updown-15m-1775199600,1775199600,810,0.62,0.63,0.625,0.01,882.2,766.5,0.37,0.38,0
btc-updown-15m-1775199600,1775199600,825,0.81,0.82,0.815,0.01,1051.97,959.29,0.18,0.19,25
btc-updown-15m-1775199600,1775199600,840,0.75,0.76,0.755,0.01,1566.55,73.51,0.24,0.25,59
btc-updown-15m-1775199600,1775199600,845,0.78,0.79,0.785,0.01,254.19,358.71,0.21,0.22,3
btc-updown-15m-1775199600,1775199600,850,0.67,0.68,0.675,0.01,130.86,726.69,0.32,0.33,19
btc-updown-15m-1775199600,1775199600,855,0.76,0.78,0.77,0.02,514.09,320.26,0.22,0.24,0
btc-updown-15m-1775199600,1775199600,860,0.79,0.8,0.795,0.01,760.68,288.38,0.2,0.21,33
btc-updown-15m-1775199600,1775199600,865,0.76,0.77,0.765,0.01,338.88,128.95,0.23,0.24,4
btc-updown-15m-1775199600,1775199600,870,0.82,0.83,0.825,0.01,246.5,169.19,0.17,0.18,43
btc-updown-15m-1775199600,1775199600,875,0.96,0.97,0.965,0.01,371.64,4006.02,0.03,0.04,25
btc-updown-15m-1775199600,1775199600,880,0.95,0.96,0.955,0.01,176.67,817.83,0.04,0.05,31
btc-updown-15m-1775199600,1775199600,885,0.95,0.96,0.955,0.01,292.37,699.95,0.04,0.05,4
btc-updown-15m-1775199600,1775199600,890,0.96,0.97,0.965,0.01,251.92,4033.84,0.03,0.04,53
btc-updown-15m-1775199600,1775199600,895,0.95,0.96,0.955,0.01,101.68,255.54,0.04,0.05,13
btc-updown-15m-1775199600,1775199600,897,0.98,0.99,0.985,0.01,101.1,767.44,0.01,0.02,2
btc-updown-15m-1775199600,1775199600,899,0.99,,,,13054.21,0,,0.01,6
btc-updown-15m-1775199600,1775199600,900,0.99,,,,25475.19,0,,0.01,13
btc-updown-15m-1775209500,1775209500,0,0.48,0.49,0.485,0.01,287.58,567.01,0.51,0.52,101
btc-updown-15m-1775209500,1775209500,15,0.45,0.46,0.455,0.01,1423.88,1438.11,0.54,0.55,20
btc-updown-15m-1775209500,1775209500,30,0.42,0.43,0.425,0.01,1940.45,1726.82,0.57,0.58,65
btc-updown-15m-1775209500,1775209500,45,0.43,0.44,0.435,0.01,2357,1355.95,0.56,0.57,3
btc-updown-15m-1775209500,1775209500,60,0.37,0.38,0.375,0.01,2295.42,1671.5,0.62,0.63,45
btc-updown-15m-1775209500,1775209500,75,0.41,0.42,0.415,0.01,2824.04,683.12,0.58,0.59,1
btc-updown-15m-1775209500,1775209500,90,0.38,0.39,0.385,0.01,2189.54,1112.67,0.61,0.62,92
btc-updown-15m-1775209500,1775209500,105,0.38,0.39,0.385,0.01,2507.25,1658.62,0.61,0.62,65
btc-updown-15m-1775209500,1775209500,120,0.38,0.39,0.385,0.01,1852.78,1862.95,0.61,0.62,14
btc-updown-15m-1775209500,1775209500,135,0.33,0.34,0.335,0.01,388.69,2309.87,0.66,0.67,12
btc-updown-15m-1775209500,1775209500,150,0.28,0.29,0.285,0.01,1122,1683.66,0.71,0.72,56
btc-updown-15m-1775209500,1775209500,165,0.2,0.21,0.205,0.01,711.02,2508.04,0.79,0.8,17
btc-updown-15m-1775209500,1775209500,180,0.16,0.17,0.165,0.01,1345.17,1746.68,0.83,0.84,0
btc-updown-15m-1775209500,1775209500,195,0.18,0.19,0.185,0.01,1781.24,1954.93,0.81,0.82,72
btc-updown-15m-1775209500,1775209500,210,0.21,0.22,0.215,0.01,1715.9,2320.53,0.78,0.79,73
btc-updown-15m-1775209500,1775209500,225,0.22,0.23,0.225,0.01,1790.78,2380.85,0.77,0.78,31
btc-updown-15m-1775209500,1775209500,240,0.22,0.23,0.225,0.01,724.99,3221.61,0.77,0.78,8
btc-updown-15m-1775209500,1775209500,255,0.24,0.25,0.245,0.01,2377,2355.8,0.75,0.76,58
btc-updown-15m-1775209500,1775209500,270,0.24,0.25,0.245,0.01,1305.5,2004.32,0.75,0.76,46
btc-updown-15m-1775209500,1775209500,285,0.24,0.25,0.245,0.01,870,3248.52,0.75,0.76,45
btc-updown-15m-1775209500,1775209500,300,0.23,0.24,0.235,0.01,1129,2414.45,0.76,0.77,3
btc-updown-15m-1775209500,1775209500,315,0.23,0.24,0.235,0.01,1313.73,2902.2,0.76,0.77,7
btc-updown-15m-1775209500,1775209500,330,0.23,0.24,0.235,0.01,927.49,2917.95,0.76,0.77,29
btc-updown-15m-1775209500,1775209500,345,0.22,0.23,0.225,0.01,1305.47,2775.91,0.77,0.78,12
btc-updown-15m-1775209500,1775209500,360,0.22,0.23,0.225,0.01,1201.5,2805.04,0.77,0.78,81
btc-updown-15m-1775209500,1775209500,375,0.3,0.31,0.305,0.01,2705,514.36,0.69,0.7,31
btc-updown-15m-1775209500,1775209500,390,0.21,0.22,0.215,0.01,1624.91,1952.83,0.78,0.79,1
btc-updown-15m-1775209500,1775209500,405,0.2,0.21,0.205,0.01,2636.8,1923.28,0.79,0.8,69
btc-updown-15m-1775209500,1775209500,420,0.2,0.21,0.205,0.01,1959.59,1818.47,0.79,0.8,0
btc-updown-15m-1775209500,1775209500,435,0.19,0.2,0.195,0.01,2221.81,922.23,0.8,0.81,28
btc-updown-15m-1775209500,1775209500,450,0.17,0.18,0.175,0.01,2243.5,2070.17,0.82,0.83,16
btc-updown-15m-1775209500,1775209500,465,0.16,0.17,0.165,0.01,1807.38,2697.04,0.83,0.84,29
btc-updown-15m-1775209500,1775209500,480,0.14,0.15,0.145,0.01,2568.82,1106.06,0.85,0.86,23
btc-updown-15m-1775209500,1775209500,495,0.12,0.13,0.125,0.01,667.85,2765.86,0.87,0.88,8
btc-updown-15m-1775209500,1775209500,510,0.1,0.11,0.105,0.01,2304.85,2841.4,0.89,0.9,53
btc-updown-15m-1775209500,1775209500,525,0.08,0.09,0.085,0.01,2066.63,3003.64,0.91,0.92,27
btc-updown-15m-1775209500,1775209500,540,0.06,0.08,0.07,0.02,3447.6,2578.81,0.92,0.94,54
btc-updown-15m-1775209500,1775209500,555,0.06,0.07,0.065,0.01,2902.81,2120.39,0.93,0.94,67
btc-updown-15m-1775209500,1775209500,570,0.06,0.07,0.065,0.01,3279.96,2484.15,0.93,0.94,12
btc-updown-15m-1775209500,1775209500,585,0.05,0.06,0.055,0.01,2466.12,2739.79,0.94,0.95,18
btc-updown-15m-1775209500,1775209500,600,0.04,0.05,0.045,0.01,3866.79,2281.11,0.95,0.96,38
btc-updown-15m-1775209500,1775209500,615,0.05,0.06,0.055,0.01,2829.27,2358.61,0.94,0.95,68
btc-updown-15m-1775209500,1775209500,630,0.04,0.05,0.045,0.01,3720.33,2522.91,0.95,0.96,35
btc-updown-15m-1775209500,1775209500,645,0.03,0.04,0.035,0.01,6411.08,2020.98,0.96,0.97,84
btc-updown-15m-1775209500,1775209500,660,0.04,0.05,0.045,0.01,3552.47,1943.01,0.95,0.96,4
btc-updown-15m-1775209500,1775209500,675,0.07,0.08,0.075,0.01,1906.09,1221.75,0.92,0.93,8
btc-updown-15m-1775209500,1775209500,690,0.08,0.09,0.085,0.01,1531.33,2755.99,0.91,0.92,15
btc-updown-15m-1775209500,1775209500,705,0.07,0.08,0.075,0.01,2265.51,2131.99,0.92,0.93,15
btc-updown-15m-1775209500,1775209500,720,0.07,0.08,0.075,0.01,1743.17,2403.7,0.92,0.93,6
btc-updown-15m-1775209500,1775209500,735,0.08,0.09,0.085,0.01,2082.22,2499.5,0.91,0.92,73
btc-updown-15m-1775209500,1775209500,750,0.05,0.06,0.055,0.01,1265.36,2382.65,0.94,0.95,72
btc-updown-15m-1775209500,1775209500,765,0.06,0.07,0.065,0.01,1615.39,1920.7,0.93,0.94,49
btc-updown-15m-1775209500,1775209500,780,0.06,0.07,0.065,0.01,1496.16,2083,0.93,0.94,0
btc-updown-15m-1775209500,1775209500,795,0.05,0.06,0.055,0.01,1536.54,1833.92,0.94,0.95,19
btc-updown-15m-1775209500,1775209500,810,0.04,0.05,0.045,0.01,2749.27,2122.9,0.95,0.96,51
btc-updown-15m-1775209500,1775209500,825,0.03,0.04,0.035,0.01,6806.71,1928.23,0.96,0.97,75
btc-updown-15m-1775209500,1775209500,840,0.01,0.02,0.015,0.01,4681.59,2075.22,0.98,0.99,5
btc-updown-15m-1775209500,1775209500,845,0.01,0.02,0.015,0.01,3767.82,2118.59,0.98,0.99,0
btc-updown-15m-1775209500,1775209500,850,0.01,0.02,0.015,0.01,3110.72,2210.01,0.98,0.99,79
btc-updown-15m-1775209500,1775209500,855,0.01,0.02,0.015,0.01,2263.39,2215.01,0.98,0.99,251
btc-updown-15m-1775209500,1775209500,860,0.01,0.02,0.015,0.01,1815.89,2192.68,0.98,0.99,117
btc-updown-15m-1775209500,1775209500,865,,0.01,,,0,5100.66,0.99,,189
btc-updown-15m-1775209500,1775209500,870,,0.01,,,0,4780.73,0.99,,440
btc-updown-15m-1775209500,1775209500,875,,0.01,,,0,4608.18,0.99,,142
btc-updown-15m-1775209500,1775209500,880,,0.01,,,0,5457.39,0.99,,928
btc-updown-15m-1775209500,1775209500,885,,0.01,,,0,5454.33,0.99,,257
btc-updown-15m-1775209500,1775209500,890,,0.01,,,0,5332.31,0.99,,51
btc-updown-15m-1775209500,1775209500,895,0.002,0.009,0.0055,0.007,448,3641.51,0.991,0.998,296
btc-updown-15m-1775209500,1775209500,897,0.003,0.01,0.0065,0.007,1034.57,3623.01,0.99,0.997,43
btc-updown-15m-1775209500,1775209500,899,,0.001,,,0,10843.03,0.999,,10
btc-updown-15m-1775209500,1775209500,900,,0.001,,,0,39575.47,0.999,,73
btc-updown-15m-1775220300,1775220300,0,0.52,0.54,0.53,0.02,2850.65,118.98,0.46,0.48,25
btc-updown-15m-1775220300,1775220300,15,0.51,0.52,0.515,0.01,2415.8,1871.6,0.48,0.49,62
btc-updown-15m-1775220300,1775220300,30,0.54,0.55,0.545,0.01,2166.16,628.49,0.45,0.46,5
btc-updown-15m-1775220300,1775220300,45,0.57,0.58,0.575,0.01,295.87,1229,0.42,0.43,15
btc-updown-15m-1775220300,1775220300,60,0.56,0.57,0.565,0.01,1599.67,1324.79,0.43,0.44,70
btc-updown-15m-1775220300,1775220300,75,0.55,0.56,0.555,0.01,1502.98,1379.85,0.44,0.45,66
btc-updown-15m-1775220300,1775220300,90,0.54,0.55,0.545,0.01,968.79,1385.45,0.45,0.46,2
btc-updown-15m-1775220300,1775220300,105,0.57,0.58,0.575,0.01,1660.01,1264.26,0.42,0.43,72
btc-updown-15m-1775220300,1775220300,120,0.51,0.52,0.515,0.01,2670.44,1400.88,0.48,0.49,6
btc-updown-15m-1775220300,1775220300,135,0.54,0.55,0.545,0.01,1344,1599.63,0.45,0.46,6
btc-updown-15m-1775220300,1775220300,150,0.48,0.49,0.485,0.01,1332.5,1483.93,0.51,0.52,13
btc-updown-15m-1775220300,1775220300,165,0.45,0.46,0.455,0.01,1866.85,932.85,0.54,0.55,34
btc-updown-15m-1775220300,1775220300,180,0.37,0.38,0.375,0.01,937.07,1793.63,0.62,0.63,8
btc-updown-15m-1775220300,1775220300,195,0.46,0.47,0.465,0.01,630.29,1656.24,0.53,0.54,39
btc-updown-15m-1775220300,1775220300,210,0.5,0.51,0.505,0.01,1224.99,1621.86,0.49,0.5,59
btc-updown-15m-1775220300,1775220300,225,0.36,0.37,0.365,0.01,1023.09,1095.67,0.63,0.64,14
btc-updown-15m-1775220300,1775220300,240,0.32,0.33,0.325,0.01,816.89,1248.51,0.67,0.68,4
btc-updown-15m-1775220300,1775220300,255,0.24,0.25,0.245,0.01,1153.41,880.5,0.75,0.76,8
btc-updown-15m-1775220300,1775220300,270,0.24,0.25,0.245,0.01,586.15,1511.39,0.75,0.76,1
btc-updown-15m-1775220300,1775220300,285,0.2,0.21,0.205,0.01,2102.13,380.25,0.79,0.8,10
btc-updown-15m-1775220300,1775220300,300,0.2,0.21,0.205,0.01,215.84,2299.19,0.79,0.8,1
btc-updown-15m-1775220300,1775220300,315,0.16,0.17,0.165,0.01,1269.38,704.38,0.83,0.84,0
btc-updown-15m-1775220300,1775220300,330,0.11,0.12,0.115,0.01,1010.73,1221.2,0.88,0.89,6
btc-updown-15m-1775220300,1775220300,345,0.07,0.08,0.075,0.01,2148.02,998.4,0.92,0.93,51
btc-updown-15m-1775220300,1775220300,360,0.17,0.18,0.175,0.01,1480.82,700,0.82,0.83,25
btc-updown-15m-1775220300,1775220300,375,0.16,0.17,0.165,0.01,1279.27,804.33,0.83,0.84,42
btc-updown-15m-1775220300,1775220300,390,0.15,0.16,0.155,0.01,790,821.43,0.84,0.85,15
btc-updown-15m-1775220300,1775220300,405,0.11,0.12,0.115,0.01,1052.09,1515.55,0.88,0.89,2
btc-updown-15m-1775220300,1775220300,420,0.11,0.12,0.115,0.01,1215.47,1635.07,0.88,0.89,4
btc-updown-15m-1775220300,1775220300,435,0.14,0.15,0.145,0.01,1360.83,1066,0.85,0.86,13
btc-updown-15m-1775220300,1775220300,450,0.11,0.12,0.115,0.01,1058.96,971.81,0.88,0.89,14
btc-updown-15m-1775220300,1775220300,465,0.11,0.12,0.115,0.01,794.61,1373.27,0.88,0.89,66
btc-updown-15m-1775220300,1775220300,480,0.1,0.11,0.105,0.01,1696.13,1002.46,0.89,0.9,12
btc-updown-15m-1775220300,1775220300,495,0.14,0.15,0.145,0.01,1452.49,263.09,0.85,0.86,0
btc-updown-15m-1775220300,1775220300,510,0.16,0.17,0.165,0.01,1271.58,766,0.83,0.84,14
btc-updown-15m-1775220300,1775220300,525,0.09,0.1,0.095,0.01,1293.52,1200.39,0.9,0.91,3
btc-updown-15m-1775220300,1775220300,540,0.11,0.12,0.115,0.01,1194.15,996.74,0.88,0.89,24
btc-updown-15m-1775220300,1775220300,555,0.11,0.12,0.115,0.01,1240.75,1181.62,0.88,0.89,6
btc-updown-15m-1775220300,1775220300,570,0.14,0.15,0.145,0.01,1428.74,582.91,0.85,0.86,8
btc-updown-15m-1775220300,1775220300,585,0.14,0.15,0.145,0.01,1037.5,1235.16,0.85,0.86,0
btc-updown-15m-1775220300,1775220300,600,0.11,0.12,0.115,0.01,1355.72,461.23,0.88,0.89,14
btc-updown-15m-1775220300,1775220300,615,0.08,0.09,0.085,0.01,1466.47,1172.5,0.91,0.92,28
btc-updown-15m-1775220300,1775220300,630,0.06,0.07,0.065,0.01,1853.8,1445.5,0.93,0.94,4
btc-updown-15m-1775220300,1775220300,645,0.06,0.07,0.065,0.01,1859,1320.76,0.93,0.94,1
btc-updown-15m-1775220300,1775220300,660,0.07,0.08,0.075,0.01,979.93,1524.89,0.92,0.93,17
btc-updown-15m-1775220300,1775220300,675,0.03,0.04,0.035,0.01,5833.77,1874.59,0.96,0.97,14
btc-updown-15m-1775220300,1775220300,690,0.02,0.03,0.025,0.01,6696.92,1906.02,0.97,0.98,16
btc-updown-15m-1775220300,1775220300,705,0.02,0.03,0.025,0.01,4558.99,746.09,0.97,0.98,3
btc-updown-15m-1775220300,1775220300,720,0.08,0.09,0.085,0.01,1028.5,966,0.91,0.92,71
btc-updown-15m-1775220300,1775220300,735,0.04,0.05,0.045,0.01,2282.66,1352.21,0.95,0.96,57
btc-updown-15m-1775220300,1775220300,750,0.05,0.06,0.055,0.01,1506.38,1409,0.94,0.95,10
btc-updown-15m-1775220300,1775220300,765,0.03,0.04,0.035,0.01,5401.27,1473.13,0.96,0.97,11
btc-updown-15m-1775220300,1775220300,780,0.01,0.02,0.015,0.01,4454.36,2176.92,0.98,0.99,5
btc-updown-15m-1775220300,1775220300,795,0.01,0.02,0.015,0.01,806.45,4107.9,0.98,0.99,71
btc-updown-15m-1775220300,1775220300,810,,0.01,,,0,5603.37,0.99,,21
btc-updown-15m-1775220300,1775220300,825,,0.01,,,0,5005.83,0.99,,23
btc-updown-15m-1775220300,1775220300,840,,0.01,,,0,5386.85,0.99,,72
btc-updown-15m-1775220300,1775220300,845,,0.01,,,0,9435.95,0.99,,31
btc-updown-15m-1775220300,1775220300,850,,0.01,,,0,8915.25,0.99,,34
btc-updown-15m-1775220300,1775220300,855,,0.01,,,0,11499.83,0.99,,67
btc-updown-15m-1775220300,1775220300,860,,0.01,,,0,21900.85,0.99,,167
btc-updown-15m-1775220300,1775220300,865,,0.01,,,0,24561.98,0.99,,33
btc-updown-15m-1775220300,1775220300,870,,0.01,,,0,26673.35,0.99,,69
btc-updown-15m-1775220300,1775220300,875,,0.01,,,0,29110.33,0.99,,577
btc-updown-15m-1775220300,1775220300,880,,0.01,,,0,29076.05,0.99,,432
btc-updown-15m-1775220300,1775220300,885,,0.01,,,0,24644.53,0.99,,29
btc-updown-15m-1775220300,1775220300,890,,0.01,,,0,32691.51,0.99,,213
btc-updown-15m-1775220300,1775220300,895,,0.01,,,0,34279.68,0.99,,18
btc-updown-15m-1775220300,1775220300,897,,0.01,,,0,33461.45,0.99,,12
btc-updown-15m-1775220300,1775220300,899,,0.01,,,0,36571.53,0.99,,10
btc-updown-15m-1775220300,1775220300,900,,0.01,,,0,87354.94,0.99,,2
btc-updown-15m-1775230200,1775230200,0,0.52,0.54,0.53,0.02,657.94,142.5,0.46,0.48,58
btc-updown-15m-1775230200,1775230200,15,0.51,0.52,0.515,0.01,1309.48,1628.4,0.48,0.49,17
btc-updown-15m-1775230200,1775230200,30,0.49,0.5,0.495,0.01,688.21,2549.74,0.5,0.51,2
btc-updown-15m-1775230200,1775230200,45,0.46,0.47,0.465,0.01,787.45,2146.33,0.53,0.54,25
btc-updown-15m-1775230200,1775230200,60,0.52,0.53,0.525,0.01,1745.36,1083.48,0.47,0.48,92
btc-updown-15m-1775230200,1775230200,75,0.44,0.45,0.445,0.01,1081.68,1137.42,0.55,0.56,27
btc-updown-15m-1775230200,1775230200,90,0.38,0.39,0.385,0.01,187.03,1904.22,0.61,0.62,16
btc-updown-15m-1775230200,1775230200,105,0.4,0.41,0.405,0.01,2241.15,397.32,0.59,0.6,15
btc-updown-15m-1775230200,1775230200,120,0.42,0.43,0.425,0.01,2050.06,634.35,0.57,0.58,4
btc-updown-15m-1775230200,1775230200,135,0.41,0.42,0.415,0.01,1681.88,1321.92,0.58,0.59,12
btc-updown-15m-1775230200,1775230200,150,0.36,0.37,0.365,0.01,1442.15,1738.79,0.63,0.64,6
btc-updown-15m-1775230200,1775230200,165,0.4,0.41,0.405,0.01,134.36,1282.39,0.59,0.6,3
btc-updown-15m-1775230200,1775230200,180,0.33,0.34,0.335,0.01,175.43,1765.56,0.66,0.67,9
btc-updown-15m-1775230200,1775230200,195,0.25,0.26,0.255,0.01,1012,1389.97,0.74,0.75,27
btc-updown-15m-1775230200,1775230200,210,0.27,0.3,0.285,0.03,1348.44,384.05,0.7,0.73,2
btc-updown-15m-1775230200,1775230200,225,0.51,0.52,0.515,0.01,724.5,1781.8,0.48,0.49,13
btc-updown-15m-1775230200,1775230200,240,0.52,0.53,0.525,0.01,1559.32,1839.09,0.47,0.48,16
btc-updown-15m-1775230200,1775230200,255,0.64,0.65,0.645,0.01,1567.4,1473.79,0.35,0.36,1
btc-updown-15m-1775230200,1775230200,270,0.72,0.73,0.725,0.01,1564.6,451.52,0.27,0.28,10
btc-updown-15m-1775230200,1775230200,285,0.64,0.65,0.645,0.01,1036.69,1181.11,0.35,0.36,27
btc-updown-15m-1775230200,1775230200,300,0.36,0.37,0.365,0.01,369.76,1267.15,0.63,0.64,4
btc-updown-15m-1775230200,1775230200,315,0.27,0.28,0.275,0.01,696.56,1230.48,0.72,0.73,2
btc-updown-15m-1775230200,1775230200,330,0.23,0.24,0.235,0.01,680.5,1601.95,0.76,0.77,21
btc-updown-15m-1775230200,1775230200,345,0.23,0.24,0.235,0.01,1780.23,600.94,0.76,0.77,0
btc-updown-15m-1775230200,1775230200,360,0.21,0.22,0.215,0.01,281.01,2127.48,0.78,0.79,19
btc-updown-15m-1775230200,1775230200,375,0.19,0.2,0.195,0.01,2108.83,1158.05,0.8,0.81,16
btc-updown-15m-1775230200,1775230200,390,0.22,0.23,0.225,0.01,1545.36,1414.11,0.77,0.78,24
btc-updown-15m-1775230200,1775230200,405,0.24,0.25,0.245,0.01,775.82,1330.72,0.75,0.76,12
btc-updown-15m-1775230200,1775230200,420,0.21,0.22,0.215,0.01,918.3,1732.6,0.78,0.79,2
btc-updown-15m-1775230200,1775230200,435,0.3,0.31,0.305,0.01,1600.87,1440.48,0.69,0.7,8
btc-updown-15m-1775230200,1775230200,450,0.34,0.35,0.345,0.01,1378.43,729.5,0.65,0.66,8
btc-updown-15m-1775230200,1775230200,465,0.35,0.36,0.355,0.01,1448,950.07,0.64,0.65,0
btc-updown-15m-1775230200,1775230200,480,0.3,0.31,0.305,0.01,108.51,1479.07,0.69,0.7,16
btc-updown-15m-1775230200,1775230200,495,0.21,0.22,0.215,0.01,1863.14,120.43,0.78,0.79,18
btc-updown-15m-1775230200,1775230200,510,0.25,0.26,0.255,0.01,1821.72,276.12,0.74,0.75,18
btc-updown-15m-1775230200,1775230200,525,0.25,0.26,0.255,0.01,2137.2,287.23,0.74,0.75,19
btc-updown-15m-1775230200,1775230200,540,0.31,0.32,0.315,0.01,1992.15,649.89,0.68,0.69,1
btc-updown-15m-1775230200,1775230200,555,0.27,0.28,0.275,0.01,1423.01,1403.45,0.72,0.73,315
btc-updown-15m-1775230200,1775230200,570,0.23,0.24,0.235,0.01,1217.59,1544.87,0.76,0.77,3
btc-updown-15m-1775230200,1775230200,585,0.2,0.21,0.205,0.01,1713.45,1577.28,0.79,0.8,3
btc-updown-15m-1775230200,1775230200,600,0.36,0.37,0.365,0.01,301.43,1041.95,0.63,0.64,4
btc-updown-15m-1775230200,1775230200,615,0.34,0.35,0.345,0.01,753.31,919.64,0.65,0.66,6
btc-updown-15m-1775230200,1775230200,630,0.3,0.31,0.305,0.01,1352.91,701.99,0.69,0.7,2
btc-updown-15m-1775230200,1775230200,645,0.2,0.21,0.205,0.01,890.41,1142.8,0.79,0.8,2
btc-updown-15m-1775230200,1775230200,660,0.13,0.14,0.135,0.01,1395.25,1162.11,0.86,0.87,0
btc-updown-15m-1775230200,1775230200,675,0.08,0.09,0.085,0.01,2175.79,2304.54,0.91,0.92,2
btc-updown-15m-1775230200,1775230200,690,0.13,0.14,0.135,0.01,782.23,2473.22,0.86,0.87,71
btc-updown-15m-1775230200,1775230200,705,0.12,0.13,0.125,0.01,768,1533.73,0.87,0.88,0
btc-updown-15m-1775230200,1775230200,720,0.07,0.08,0.075,0.01,2183.14,1600.06,0.92,0.93,4
btc-updown-15m-1775230200,1775230200,735,0.09,0.1,0.095,0.01,1125.22,1115.5,0.9,0.91,4
btc-updown-15m-1775230200,1775230200,750,0.08,0.09,0.085,0.01,1645.21,1235.86,0.91,0.92,39
btc-updown-15m-1775230200,1775230200,765,0.04,0.05,0.045,0.01,2832.33,2086.28,0.95,0.96,12
btc-updown-15m-1775230200,1775230200,780,0.03,0.04,0.035,0.01,9173.36,5678.26,0.96,0.97,49
btc-updown-15m-1775230200,1775230200,795,0.01,0.02,0.015,0.01,8126.51,5690.35,0.98,0.99,68
btc-updown-15m-1775230200,1775230200,810,0.01,0.02,0.015,0.01,7613.42,5404.09,0.98,0.99,67
btc-updown-15m-1775230200,1775230200,825,,0.01,,,0,14384.42,0.99,,3
btc-updown-15m-1775230200,1775230200,840,,0.01,,,0,19226.68,0.99,,2
btc-updown-15m-1775230200,1775230200,845,,0.01,,,0,15510.7,0.99,,101
btc-updown-15m-1775230200,1775230200,850,,0.01,,,0,15356.02,0.99,,37
btc-updown-15m-1775230200,1775230200,855,,0.01,,,0,17585.35,0.99,,3
btc-updown-15m-1775230200,1775230200,860,,0.01,,,0,17454.02,0.99,,114
btc-updown-15m-1775230200,1775230200,865,,0.01,,,0,22829.07,0.99,,12
btc-updown-15m-1775230200,1775230200,870,,0.01,,,0,25662.16,0.99,,22
btc-updown-15m-1775230200,1775230200,875,,0.01,,,0,28314.65,0.99,,75
btc-updown-15m-1775230200,1775230200,880,,0.01,,,0,28265.51,0.99,,87
btc-updown-15m-1775230200,1775230200,885,,0.01,,,0,28482.65,0.99,,180
btc-updown-15m-1775230200,1775230200,890,,0.01,,,0,28530.45,0.99,,136
btc-updown-15m-1775230200,1775230200,895,,0.01,,,0,29235.48,0.99,,232
btc-updown-15m-1775230200,1775230200,897,,0.01,,,0,28734.86,0.99,,119
btc-updown-15m-1775230200,1775230200,899,,0.01,,,0,33254.71,0.99,,21
btc-updown-15m-1775230200,1775230200,900,,0.01,,,0,52959.89,0.99,,22
btc-updown-15m-1775241000,1775241000,0,0.5,0.51,0.505,0.01,1262.52,689.95,0.49,0.5,20
btc-updown-15m-1775241000,1775241000,15,0.42,0.43,0.425,0.01,1307.96,1027.2,0.57,0.58,0
btc-updown-15m-1775241000,1775241000,30,0.41,0.42,0.415,0.01,1518.03,1087.15,0.58,0.59,3
btc-updown-15m-1775241000,1775241000,45,0.41,0.42,0.415,0.01,1682.69,978.7,0.58,0.59,80
btc-updown-15m-1775241000,1775241000,60,0.44,0.45,0.445,0.01,2339.24,304.31,0.55,0.56,7
btc-updown-15m-1775241000,1775241000,75,0.44,0.45,0.445,0.01,2126.01,597.98,0.55,0.56,66
btc-updown-15m-1775241000,1775241000,90,0.44,0.45,0.445,0.01,1062.22,1076.26,0.55,0.56,65
btc-updown-15m-1775241000,1775241000,105,0.42,0.43,0.425,0.01,1343.88,1711.51,0.57,0.58,71
btc-updown-15m-1775241000,1775241000,120,0.42,0.43,0.425,0.01,1334.88,2012.6,0.57,0.58,19
btc-updown-15m-1775241000,1775241000,135,0.43,0.44,0.435,0.01,1536.91,1961.46,0.56,0.57,5
btc-updown-15m-1775241000,1775241000,150,0.43,0.44,0.435,0.01,1305.25,1564.88,0.56,0.57,114
btc-updown-15m-1775241000,1775241000,165,0.44,0.45,0.445,0.01,1152.43,1683.38,0.55,0.56,16
btc-updown-15m-1775241000,1775241000,180,0.52,0.53,0.525,0.01,1595.53,1019.84,0.47,0.48,3
btc-updown-15m-1775241000,1775241000,195,0.59,0.6,0.595,0.01,1028.65,1559.88,0.4,0.41,57
btc-updown-15m-1775241000,1775241000,210,0.54,0.55,0.545,0.01,1512.72,1030.99,0.45,0.46,7
btc-updown-15m-1775241000,1775241000,225,0.55,0.56,0.555,0.01,1353.44,824.1,0.44,0.45,1
btc-updown-15m-1775241000,1775241000,240,0.58,0.59,0.585,0.01,1109.78,1647.34,0.41,0.42,48
btc-updown-15m-1775241000,1775241000,255,0.58,0.59,0.585,0.01,1494.35,1665.71,0.41,0.42,8
btc-updown-15m-1775241000,1775241000,270,0.58,0.59,0.585,0.01,2023.65,479.86,0.41,0.42,75
btc-updown-15m-1775241000,1775241000,285,0.57,0.58,0.575,0.01,1236.21,1433.52,0.42,0.43,38
btc-updown-15m-1775241000,1775241000,300,0.59,0.6,0.595,0.01,673.38,1030.82,0.4,0.41,9
btc-updown-15m-1775241000,1775241000,315,0.68,0.69,0.685,0.01,1162.42,1145.91,0.31,0.32,18
btc-updown-15m-1775241000,1775241000,330,0.68,0.69,0.685,0.01,1474.55,607.58,0.31,0.32,16
btc-updown-15m-1775241000,1775241000,345,0.71,0.72,0.715,0.01,1362.04,396.01,0.28,0.29,5
btc-updown-15m-1775241000,1775241000,360,0.77,0.78,0.775,0.01,152.95,1717.27,0.22,0.23,5
btc-updown-15m-1775241000,1775241000,375,0.74,0.75,0.745,0.01,1346.5,1129.27,0.25,0.26,7
btc-updown-15m-1775241000,1775241000,390,0.73,0.74,0.735,0.01,782.34,541.38,0.26,0.27,1
btc-updown-15m-1775241000,1775241000,405,0.75,0.76,0.755,0.01,1006.23,1004.88,0.24,0.25,7
btc-updown-15m-1775241000,1775241000,420,0.75,0.76,0.755,0.01,2068.3,976.02,0.24,0.25,236
btc-updown-15m-1775241000,1775241000,435,0.68,0.69,0.685,0.01,1238.92,962.65,0.31,0.32,26
btc-updown-15m-1775241000,1775241000,450,0.53,0.54,0.535,0.01,1219,145.88,0.46,0.47,12
btc-updown-15m-1775241000,1775241000,465,0.6,0.61,0.605,0.01,1122.39,972.67,0.39,0.4,26
btc-updown-15m-1775241000,1775241000,480,0.5,0.51,0.505,0.01,916.01,775.49,0.49,0.5,1
btc-updown-15m-1775241000,1775241000,495,0.5,0.51,0.505,0.01,858.91,1608.51,0.49,0.5,30
btc-updown-15m-1775241000,1775241000,510,0.49,0.5,0.495,0.01,1287.87,1295.63,0.5,0.51,587
btc-updown-15m-1775241000,1775241000,525,0.52,0.54,0.53,0.02,379.72,887.35,0.46,0.48,3
btc-updown-15m-1775241000,1775241000,540,0.54,0.55,0.545,0.01,410.74,1195.25,0.45,0.46,70
btc-updown-15m-1775241000,1775241000,555,0.51,0.52,0.515,0.01,1747.88,551.72,0.48,0.49,6
btc-updown-15m-1775241000,1775241000,570,0.51,0.52,0.515,0.01,1176.4,1047.56,0.48,0.49,347
btc-updown-15m-1775241000,1775241000,585,0.32,0.33,0.325,0.01,1458.88,560.17,0.67,0.68,2
btc-updown-15m-1775241000,1775241000,600,0.25,0.26,0.255,0.01,167.57,1186.79,0.74,0.75,10
btc-updown-15m-1775241000,1775241000,615,0.12,0.13,0.125,0.01,1102.89,1582.73,0.87,0.88,11
btc-updown-15m-1775241000,1775241000,630,0.17,0.18,0.175,0.01,1001.97,936.12,0.82,0.83,5
btc-updown-15m-1775241000,1775241000,645,0.16,0.17,0.165,0.01,1104.1,1838.25,0.83,0.84,80
btc-updown-15m-1775241000,1775241000,660,0.1,0.11,0.105,0.01,1801.51,1027.87,0.89,0.9,19
btc-updown-15m-1775241000,1775241000,675,0.09,0.1,0.095,0.01,3058.83,1227.38,0.9,0.91,73
btc-updown-15m-1775241000,1775241000,690,0.09,0.1,0.095,0.01,2283.79,2200.58,0.9,0.91,2
btc-updown-15m-1775241000,1775241000,705,0.08,0.09,0.085,0.01,2475.41,1580.79,0.91,0.92,134
btc-updown-15m-1775241000,1775241000,720,0.09,0.1,0.095,0.01,2199.73,1730.48,0.9,0.91,5
btc-updown-15m-1775241000,1775241000,735,0.17,0.18,0.175,0.01,710.94,991.65,0.82,0.83,137
btc-updown-15m-1775241000,1775241000,750,0.15,0.16,0.155,0.01,889.45,1666.16,0.84,0.85,28
btc-updown-15m-1775241000,1775241000,765,0.19,0.2,0.195,0.01,913.47,896.3,0.8,0.81,34
btc-updown-15m-1775241000,1775241000,780,0.18,0.19,0.185,0.01,823.59,828.76,0.81,0.82,426
btc-updown-15m-1775241000,1775241000,795,0.1,0.11,0.105,0.01,1231.88,1670.4,0.89,0.9,33
btc-updown-15m-1775241000,1775241000,810,0.05,0.06,0.055,0.01,2485.81,1870.81,0.94,0.95,71
btc-updown-15m-1775241000,1775241000,825,0.04,0.05,0.045,0.01,2350.28,1279.64,0.95,0.96,12
btc-updown-15m-1775241000,1775241000,840,0.03,0.04,0.035,0.01,9588.03,2077.25,0.96,0.97,16
btc-updown-15m-1775241000,1775241000,845,0.03,0.04,0.035,0.01,9016.64,1138.63,0.96,0.97,24
btc-updown-15m-1775241000,1775241000,850,0.03,0.04,0.035,0.01,9163.31,791.13,0.96,0.97,12
btc-updown-15m-1775241000,1775241000,855,0.03,0.04,0.035,0.01,3660.41,1104.48,0.96,0.97,136
btc-updown-15m-1775241000,1775241000,860,0.02,0.03,0.025,0.01,3502.99,1122.81,0.97,0.98,93
btc-updown-15m-1775241000,1775241000,865,0.02,0.03,0.025,0.01,3225.73,1273.87,0.97,0.98,85
btc-updown-15m-1775241000,1775241000,870,0.02,0.03,0.025,0.01,3225.44,819.46,0.97,0.98,206
btc-updown-15m-1775241000,1775241000,875,0.02,0.03,0.025,0.01,3044.38,736.25,0.97,0.98,267
btc-updown-15m-1775241000,1775241000,880,0.01,0.02,0.015,0.01,2741.17,1157.1,0.98,0.99,314
btc-updown-15m-1775241000,1775241000,885,0.01,0.02,0.015,0.01,2466.44,1365.65,0.98,0.99,31
btc-updown-15m-1775241000,1775241000,890,0.01,0.02,0.015,0.01,1798.32,1589.46,0.98,0.99,47
btc-updown-15m-1775241000,1775241000,895,,0.01,,,0,10057.73,0.99,,193
btc-updown-15m-1775241000,1775241000,897,,0.01,,,0,9362.32,0.99,,390
btc-updown-15m-1775241000,1775241000,899,,0.01,,,0,17894.91,0.99,,107
btc-updown-15m-1775241000,1775241000,900,,0.01,,,0,60866.54,0.99,,0
btc-updown-15m-1775250900,1775250900,0,0.51,0.52,0.515,0.01,1210.58,571.62,0.48,0.49,105
btc-updown-15m-1775250900,1775250900,15,0.5,0.51,0.505,0.01,2151.99,4159.12,0.49,0.5,16
btc-updown-15m-1775250900,1775250900,30,0.49,0.5,0.495,0.01,1302.07,2675.02,0.5,0.51,8
btc-updown-15m-1775250900,1775250900,45,0.5,0.51,0.505,0.01,687.04,2223.79,0.49,0.5,7
btc-updown-15m-1775250900,1775250900,60,0.5,0.51,0.505,0.01,1257.14,1347.52,0.49,0.5,10
btc-updown-15m-1775250900,1775250900,75,0.46,0.47,0.465,0.01,380.29,1216.88,0.53,0.54,22
btc-updown-15m-1775250900,1775250900,90,0.44,0.45,0.445,0.01,2039.01,675.24,0.55,0.56,28
btc-updown-15m-1775250900,1775250900,105,0.45,0.46,0.455,0.01,1459.26,1162.17,0.54,0.55,2
btc-updown-15m-1775250900,1775250900,120,0.46,0.47,0.465,0.01,1187.47,1593.03,0.53,0.54,34
btc-updown-15m-1775250900,1775250900,135,0.5,0.51,0.505,0.01,1648.22,1783.52,0.49,0.5,4
btc-updown-15m-1775250900,1775250900,150,0.56,0.57,0.565,0.01,1881.42,1204.27,0.43,0.44,18
btc-updown-15m-1775250900,1775250900,165,0.58,0.59,0.585,0.01,1572.42,1616.07,0.41,0.42,210
btc-updown-15m-1775250900,1775250900,180,0.58,0.59,0.585,0.01,759.32,1322.69,0.41,0.42,4
btc-updown-15m-1775250900,1775250900,195,0.57,0.58,0.575,0.01,1872.03,901.91,0.42,0.43,13
btc-updown-15m-1775250900,1775250900,210,0.59,0.6,0.595,0.01,1238.63,1850.19,0.4,0.41,51
btc-updown-15m-1775250900,1775250900,225,0.6,0.61,0.605,0.01,1240.49,992.3,0.39,0.4,34
btc-updown-15m-1775250900,1775250900,240,0.58,0.59,0.585,0.01,889.45,1841.44,0.41,0.42,10
btc-updown-15m-1775250900,1775250900,255,0.53,0.54,0.535,0.01,512.61,1851.02,0.46,0.47,101
btc-updown-15m-1775250900,1775250900,270,0.55,0.56,0.555,0.01,960.29,1192.88,0.44,0.45,204
btc-updown-15m-1775250900,1775250900,285,0.56,0.57,0.565,0.01,703.79,1783.38,0.43,0.44,16
btc-updown-15m-1775250900,1775250900,300,0.38,0.39,0.385,0.01,668.21,782.44,0.61,0.62,40
btc-updown-15m-1775250900,1775250900,315,0.35,0.36,0.355,0.01,1065.6,1339.71,0.64,0.65,51
btc-updown-15m-1775250900,1775250900,330,0.28,0.29,0.285,0.01,763,1161.39,0.71,0.72,23
btc-updown-15m-1775250900,1775250900,345,0.45,0.46,0.455,0.01,964.24,898.09,0.54,0.55,58
btc-updown-15m-1775250900,1775250900,360,0.45,0.46,0.455,0.01,1265.64,1004.46,0.54,0.55,30
btc-updown-15m-1775250900,1775250900,375,0.45,0.46,0.455,0.01,1871.03,1403.59,0.54,0.55,3
btc-updown-15m-1775250900,1775250900,390,0.4,0.41,0.405,0.01,230.29,1745.46,0.59,0.6,20
btc-updown-15m-1775250900,1775250900,405,0.4,0.41,0.405,0.01,1069.12,1760.22,0.59,0.6,2
btc-updown-15m-1775250900,1775250900,420,0.4,0.41,0.405,0.01,1335.45,1711.69,0.59,0.6,55
btc-updown-15m-1775250900,1775250900,435,0.42,0.43,0.425,0.01,1960.6,528.13,0.57,0.58,55
btc-updown-15m-1775250900,1775250900,450,0.42,0.43,0.425,0.01,1334.96,1081.3,0.57,0.58,41
btc-updown-15m-1775250900,1775250900,465,0.38,0.39,0.385,0.01,1733.83,1030.95,0.61,0.62,17
btc-updown-15m-1775250900,1775250900,480,0.37,0.38,0.375,0.01,1070.83,1856.05,0.62,0.63,21
btc-updown-15m-1775250900,1775250900,495,0.37,0.38,0.375,0.01,900.33,1838.13,0.62,0.63,7
btc-updown-15m-1775250900,1775250900,510,0.37,0.38,0.375,0.01,582.79,1987.38,0.62,0.63,0
btc-updown-15m-1775250900,1775250900,525,0.37,0.38,0.375,0.01,1539.91,1080.51,0.62,0.63,2
btc-updown-15m-1775250900,1775250900,540,0.37,0.38,0.375,0.01,1213.23,1558.62,0.62,0.63,20
btc-updown-15m-1775250900,1775250900,555,0.37,0.38,0.375,0.01,1156.77,1148.56,0.62,0.63,0
btc-updown-15m-1775250900,1775250900,570,0.37,0.38,0.375,0.01,1265.16,1439.34,0.62,0.63,100
btc-updown-15m-1775250900,1775250900,585,0.37,0.38,0.375,0.01,566.17,1668.65,0.62,0.63,2
btc-updown-15m-1775250900,1775250900,600,0.36,0.37,0.365,0.01,351.72,1288.53,0.63,0.64,15
btc-updown-15m-1775250900,1775250900,615,0.37,0.38,0.375,0.01,1333.88,533.67,0.62,0.63,11
btc-updown-15m-1775250900,1775250900,630,0.39,0.4,0.395,0.01,1060.36,965.5,0.6,0.61,14
btc-updown-15m-1775250900,1775250900,645,0.38,0.39,0.385,0.01,989.63,1721.8,0.61,0.62,13
btc-updown-15m-1775250900,1775250900,660,0.42,0.43,0.425,0.01,966.5,838.54,0.57,0.58,4
btc-updown-15m-1775250900,1775250900,675,0.47,0.49,0.48,0.02,1335.5,579.98,0.51,0.53,11
btc-updown-15m-1775250900,1775250900,690,0.47,0.49,0.48,0.02,1235.1,1396.46,0.51,0.53,235
btc-updown-15m-1775250900,1775250900,705,0.46,0.47,0.465,0.01,1546.38,681.78,0.53,0.54,2
btc-updown-15m-1775250900,1775250900,720,0.38,0.39,0.385,0.01,809.5,432.52,0.61,0.62,0
btc-updown-15m-1775250900,1775250900,735,0.4,0.41,0.405,0.01,660,264.05,0.59,0.6,2
btc-updown-15m-1775250900,1775250900,750,0.39,0.4,0.395,0.01,581.48,460.87,0.6,0.61,6
btc-updown-15m-1775250900,1775250900,765,0.39,0.4,0.395,0.01,659.64,344.43,0.6,0.61,158
btc-updown-15m-1775250900,1775250900,780,0.37,0.38,0.375,0.01,683.21,427.12,0.62,0.63,254
btc-updown-15m-1775250900,1775250900,795,0.28,0.29,0.285,0.01,132.79,819.07,0.71,0.72,10
btc-updown-15m-1775250900,1775250900,810,0.26,0.27,0.265,0.01,219.21,818.6,0.73,0.74,204
btc-updown-15m-1775250900,1775250900,825,0.27,0.28,0.275,0.01,142.94,1053.81,0.72,0.73,103
btc-updown-15m-1775250900,1775250900,840,0.31,0.32,0.315,0.01,657.22,330.62,0.68,0.69,145
btc-updown-15m-1775250900,1775250900,845,0.27,0.28,0.275,0.01,170.38,306.93,0.72,0.73,22
btc-updown-15m-1775250900,1775250900,850,0.23,0.24,0.235,0.01,230.58,155.5,0.76,0.77,200
btc-updown-15m-1775250900,1775250900,855,0.23,0.24,0.235,0.01,182.38,478.88,0.76,0.77,72
btc-updown-15m-1775250900,1775250900,860,0.22,0.23,0.225,0.01,317.79,335.81,0.77,0.78,0
btc-updown-15m-1775250900,1775250900,865,0.21,0.22,0.215,0.01,162.82,344.17,0.78,0.79,3
btc-updown-15m-1775250900,1775250900,870,0.19,0.2,0.195,0.01,285.89,464.12,0.8,0.81,3
btc-updown-15m-1775250900,1775250900,875,0.17,0.18,0.175,0.01,174.11,332.59,0.82,0.83,95
btc-updown-15m-1775250900,1775250900,880,0.14,0.15,0.145,0.01,130.59,311.62,0.85,0.86,2
btc-updown-15m-1775250900,1775250900,885,0.11,0.12,0.115,0.01,597.25,404.77,0.88,0.89,3
btc-updown-15m-1775250900,1775250900,890,0.1,0.11,0.105,0.01,357.17,560.36,0.89,0.9,1
btc-updown-15m-1775250900,1775250900,895,0.02,0.03,0.025,0.01,1933.77,165.78,0.97,0.98,11
btc-updown-15m-1775250900,1775250900,897,0.02,0.03,0.025,0.01,893.5,119.68,0.97,0.98,181
btc-updown-15m-1775250900,1775250900,899,,0.01,,,0,7577.09,0.99,,95
btc-updown-15m-1775250900,1775250900,900,,0.01,,,0,49061.52,0.99,,6
btc-updown-15m-1775261700,1775261700,0,0.49,0.5,0.495,0.01,553.52,380.15,0.5,0.51,55
btc-updown-15m-1775261700,1775261700,15,0.51,0.52,0.515,0.01,791.63,667.33,0.48,0.49,368
btc-updown-15m-1775261700,1775261700,30,0.51,0.52,0.515,0.01,740.27,1011.78,0.48,0.49,17
btc-updown-15m-1775261700,1775261700,45,0.52,0.53,0.525,0.01,1424.05,344.8,0.47,0.48,2
btc-updown-15m-1775261700,1775261700,60,0.53,0.54,0.535,0.01,904.41,608.33,0.46,0.47,23
btc-updown-15m-1775261700,1775261700,75,0.48,0.49,0.485,0.01,366.11,876.7,0.51,0.52,1
btc-updown-15m-1775261700,1775261700,90,0.45,0.46,0.455,0.01,675.56,656.58,0.54,0.55,43
btc-updown-15m-1775261700,1775261700,105,0.49,0.5,0.495,0.01,509.96,316.41,0.5,0.51,32
btc-updown-15m-1775261700,1775261700,120,0.52,0.53,0.525,0.01,607.56,698.4,0.47,0.48,83
btc-updown-15m-1775261700,1775261700,135,0.43,0.44,0.435,0.01,196.69,988.01,0.56,0.57,94
btc-updown-15m-1775261700,1775261700,150,0.44,0.45,0.445,0.01,544.45,578.1,0.55,0.56,494
btc-updown-15m-1775261700,1775261700,165,0.56,0.57,0.565,0.01,652.6,460.23,0.43,0.44,252
btc-updown-15m-1775261700,1775261700,180,0.59,0.6,0.595,0.01,484.41,499.71,0.4,0.41,207
btc-updown-15m-1775261700,1775261700,195,0.59,0.6,0.595,0.01,520.23,669.67,0.4,0.41,6
btc-updown-15m-1775261700,1775261700,210,0.51,0.52,0.515,0.01,156.5,389,0.48,0.49,2
btc-updown-15m-1775261700,1775261700,225,0.51,0.52,0.515,0.01,151.13,445.05,0.48,0.49,19
btc-updown-15m-1775261700,1775261700,240,0.51,0.52,0.515,0.01,289.23,720.88,0.48,0.49,2
btc-updown-15m-1775261700,1775261700,255,0.51,0.52,0.515,0.01,376.8,584.68,0.48,0.49,68
btc-updown-15m-1775261700,1775261700,270,0.52,0.53,0.525,0.01,317.38,458.46,0.47,0.48,33
btc-updown-15m-1775261700,1775261700,285,0.52,0.53,0.525,0.01,620.45,336.98,0.47,0.48,159
btc-updown-15m-1775261700,1775261700,300,0.54,0.55,0.545,0.01,377.11,566.23,0.45,0.46,861
btc-updown-15m-1775261700,1775261700,315,0.54,0.55,0.545,0.01,461.27,374.86,0.45,0.46,380
btc-updown-15m-1775261700,1775261700,330,0.35,0.36,0.355,0.01,449.53,719.25,0.64,0.65,58
btc-updown-15m-1775261700,1775261700,345,0.35,0.36,0.355,0.01,364.54,623.77,0.64,0.65,2
btc-updown-15m-1775261700,1775261700,360,0.38,0.39,0.385,0.01,4301.64,440,0.61,0.62,4
btc-updown-15m-1775261700,1775261700,375,0.43,0.44,0.435,0.01,455.7,468.56,0.56,0.57,255
btc-updown-15m-1775261700,1775261700,390,0.38,0.39,0.385,0.01,4012.53,963.61,0.61,0.62,62
btc-updown-15m-1775261700,1775261700,405,0.38,0.39,0.385,0.01,2905.26,752.66,0.61,0.62,149
btc-updown-15m-1775261700,1775261700,420,0.38,0.39,0.385,0.01,2896.01,1015.86,0.61,0.62,12
btc-updown-15m-1775261700,1775261700,435,0.67,0.68,0.675,0.01,559.47,246.06,0.32,0.33,10
btc-updown-15m-1775261700,1775261700,450,0.76,0.77,0.765,0.01,597.02,466.64,0.23,0.24,35
btc-updown-15m-1775261700,1775261700,465,0.75,0.76,0.755,0.01,706.08,985.97,0.24,0.25,270
btc-updown-15m-1775261700,1775261700,480,0.69,0.7,0.695,0.01,598.47,681.68,0.3,0.31,715
btc-updown-15m-1775261700,1775261700,495,0.75,0.76,0.755,0.01,706.95,834.01,0.24,0.25,27
btc-updown-15m-1775261700,1775261700,510,0.75,0.76,0.755,0.01,988.87,657.86,0.24,0.25,135
btc-updown-15m-1775261700,1775261700,525,0.7,0.71,0.705,0.01,598.78,574.97,0.29,0.3,278
btc-updown-15m-1775261700,1775261700,540,0.72,0.73,0.725,0.01,564.62,695.88,0.27,0.28,186
btc-updown-15m-1775261700,1775261700,555,0.86,0.87,0.865,0.01,835.58,513.52,0.13,0.14,327
btc-updown-15m-1775261700,1775261700,570,0.89,0.9,0.895,0.01,1800.29,698.34,0.1,0.11,13
btc-updown-15m-1775261700,1775261700,585,0.89,0.9,0.895,0.01,1282.53,650.33,0.1,0.11,529
btc-updown-15m-1775261700,1775261700,600,0.85,0.86,0.855,0.01,374.88,661.92,0.14,0.15,4
btc-updown-15m-1775261700,1775261700,615,0.88,0.89,0.885,0.01,673.74,545.95,0.11,0.12,35
btc-updown-15m-1775261700,1775261700,630,0.88,0.89,0.885,0.01,780.94,429.06,0.11,0.12,184
btc-updown-15m-1775261700,1775261700,645,0.92,0.93,0.925,0.01,782.57,2369.87,0.07,0.08,17
btc-updown-15m-1775261700,1775261700,660,0.91,0.92,0.915,0.01,813.16,2052.8,0.08,0.09,86
btc-updown-15m-1775261700,1775261700,675,0.93,0.94,0.935,0.01,1333.4,1798.61,0.06,0.07,4
btc-updown-15m-1775261700,1775261700,690,0.93,0.94,0.935,0.01,1635.25,907.44,0.06,0.07,1
btc-updown-15m-1775261700,1775261700,705,0.97,0.98,0.975,0.01,1523.35,8107.59,0.02,0.03,100
btc-updown-15m-1775261700,1775261700,720,0.97,0.98,0.975,0.01,1387.28,7473.87,0.02,0.03,215
btc-updown-15m-1775261700,1775261700,735,0.99,,,,11652.01,0,,0.01,117
btc-updown-15m-1775261700,1775261700,750,0.98,0.99,0.985,0.01,1173.23,1070.21,0.01,0.02,21
btc-updown-15m-1775261700,1775261700,765,0.98,0.99,0.985,0.01,1418.87,1170.33,0.01,0.02,282
btc-updown-15m-1775261700,1775261700,780,0.98,0.99,0.985,0.01,2104.16,1052.93,0.01,0.02,92
btc-updown-15m-1775261700,1775261700,795,0.98,0.99,0.985,0.01,2306.83,815.42,0.01,0.02,69
btc-updown-15m-1775261700,1775261700,810,0.98,0.99,0.985,0.01,2712.57,733.16,0.01,0.02,143
btc-updown-15m-1775261700,1775261700,825,0.98,0.99,0.985,0.01,1325.14,1220.63,0.01,0.02,33
btc-updown-15m-1775261700,1775261700,840,0.98,0.99,0.985,0.01,1441.01,1055.09,0.01,0.02,112
btc-updown-15m-1775261700,1775261700,845,0.998,0.999,0.9985,0.001,103.01,2163.5,0.001,0.002,29
btc-updown-15m-1775261700,1775261700,850,0.998,0.999,0.9985,0.001,51.01,4687.5,0.001,0.002,60
btc-updown-15m-1775261700,1775261700,855,0.998,0.999,0.9985,0.001,263.75,4687.5,0.001,0.002,11
btc-updown-15m-1775261700,1775261700,860,0.998,0.999,0.9985,0.001,160.07,4687.5,0.001,0.002,212
btc-updown-15m-1775261700,1775261700,865,0.998,0.999,0.9985,0.001,160.07,4437.5,0.001,0.002,61
btc-updown-15m-1775261700,1775261700,870,0.998,0.999,0.9985,0.001,137.87,4436.49,0.001,0.002,77
btc-updown-15m-1775261700,1775261700,875,0.991,0.999,0.995,0.008,2712.93,3980.04,0.001,0.009,4
btc-updown-15m-1775261700,1775261700,880,0.991,0.999,0.995,0.008,3531.9,3640.64,0.001,0.009,47
btc-updown-15m-1775261700,1775261700,885,0.991,0.998,0.9945,0.007,3640.1,4035.42,0.002,0.009,78
btc-updown-15m-1775261700,1775261700,890,0.991,0.999,0.995,0.008,3633.05,3417.55,0.001,0.009,29
btc-updown-15m-1775261700,1775261700,895,0.993,0.999,0.996,0.006,3756.39,2476.46,0.001,0.007,79
btc-updown-15m-1775261700,1775261700,897,0.993,0.999,0.996,0.006,3945.47,1476.46,0.001,0.007,25
btc-updown-15m-1775261700,1775261700,899,0.995,0.999,0.997,0.004,3137.83,1298.1,0.001,0.005,8
btc-updown-15m-1775261700,1775261700,900,0.993,0.999,0.996,0.006,7749.35,932.44,0.001,0.007,15
btc-updown-15m-1775272500,1775272500,0,0.43,0.45,0.44,0.02,57.67,2588.01,0.55,0.57,226
btc-updown-15m-1775272500,1775272500,15,0.45,0.46,0.455,0.01,565.18,3091.57,0.54,0.55,260
btc-updown-15m-1775272500,1775272500,30,0.45,0.46,0.455,0.01,512.5,2223.82,0.54,0.55,407
btc-updown-15m-1775272500,1775272500,45,0.41,0.42,0.415,0.01,279.91,761.88,0.58,0.59,157
btc-updown-15m-1775272500,1775272500,60,0.42,0.43,0.425,0.01,528.15,864.42,0.57,0.58,7
btc-updown-15m-1775272500,1775272500,75,0.42,0.43,0.425,0.01,515.67,802.88,0.57,0.58,73
btc-updown-15m-1775272500,1775272500,90,0.36,0.37,0.365,0.01,742.72,422.69,0.63,0.64,1
btc-updown-15m-1775272500,1775272500,105,0.28,0.29,0.285,0.01,313.92,709.63,0.71,0.72,4
btc-updown-15m-1775272500,1775272500,120,0.3,0.31,0.305,0.01,211.54,473.18,0.69,0.7,132
btc-updown-15m-1775272500,1775272500,135,0.25,0.26,0.255,0.01,437.24,381.81,0.74,0.75,53
btc-updown-15m-1775272500,1775272500,150,0.3,0.31,0.305,0.01,501.5,405.88,0.69,0.7,55
btc-updown-15m-1775272500,1775272500,165,0.27,0.28,0.275,0.01,260.37,806.95,0.72,0.73,110
btc-updown-15m-1775272500,1775272500,180,0.24,0.25,0.245,0.01,448.38,620.88,0.75,0.76,38
btc-updown-15m-1775272500,1775272500,195,0.17,0.18,0.175,0.01,199.7,558.8,0.82,0.83,127
btc-updown-15m-1775272500,1775272500,210,0.16,0.17,0.165,0.01,393.68,493.49,0.83,0.84,256
btc-updown-15m-1775272500,1775272500,225,0.16,0.17,0.165,0.01,435.98,527.87,0.83,0.84,361
btc-updown-15m-1775272500,1775272500,240,0.16,0.17,0.165,0.01,287.88,533.94,0.83,0.84,225
btc-updown-15m-1775272500,1775272500,255,0.15,0.16,0.155,0.01,433.61,583.07,0.84,0.85,42
btc-updown-15m-1775272500,1775272500,270,0.15,0.16,0.155,0.01,378.99,687.94,0.84,0.85,202
btc-updown-15m-1775272500,1775272500,285,0.11,0.12,0.115,0.01,1247.46,892.82,0.88,0.89,64
btc-updown-15m-1775272500,1775272500,300,0.11,0.12,0.115,0.01,1343.41,736.57,0.88,0.89,79
btc-updown-15m-1775272500,1775272500,315,0.1,0.11,0.105,0.01,2002.96,687.25,0.89,0.9,15
btc-updown-15m-1775272500,1775272500,330,0.1,0.11,0.105,0.01,1961.67,839.84,0.89,0.9,11
btc-updown-15m-1775272500,1775272500,345,0.11,0.12,0.115,0.01,786.62,755.02,0.88,0.89,168
btc-updown-15m-1775272500,1775272500,360,0.12,0.13,0.125,0.01,933.92,539.04,0.87,0.88,138
btc-updown-15m-1775272500,1775272500,375,0.12,0.13,0.125,0.01,1071.79,554.49,0.87,0.88,196
btc-updown-15m-1775272500,1775272500,390,0.12,0.13,0.125,0.01,1280.65,569.08,0.87,0.88,262
btc-updown-15m-1775272500,1775272500,405,0.12,0.13,0.125,0.01,1606.91,608.71,0.87,0.88,19
btc-updown-15m-1775272500,1775272500,420,0.12,0.13,0.125,0.01,1662.7,605.68,0.87,0.88,141
btc-updown-15m-1775272500,1775272500,435,0.12,0.13,0.125,0.01,1944.68,603.39,0.87,0.88,36
btc-updown-15m-1775272500,1775272500,450,0.15,0.16,0.155,0.01,548.28,456.32,0.84,0.85,10
btc-updown-15m-1775272500,1775272500,465,0.13,0.14,0.135,0.01,1424.55,507.98,0.86,0.87,156
btc-updown-15m-1775272500,1775272500,480,0.13,0.14,0.135,0.01,1394.55,554.8,0.86,0.87,72
btc-updown-15m-1775272500,1775272500,495,0.12,0.13,0.125,0.01,1443.25,828.39,0.87,0.88,60
btc-updown-15m-1775272500,1775272500,510,0.12,0.13,0.125,0.01,554.35,1086.76,0.87,0.88,10
btc-updown-15m-1775272500,1775272500,525,0.09,0.1,0.095,0.01,631.33,1564.42,0.9,0.91,29
btc-updown-15m-1775272500,1775272500,540,0.08,0.09,0.085,0.01,674.38,1107.64,0.91,0.92,88
btc-updown-15m-1775272500,1775272500,555,0.07,0.08,0.075,0.01,1132.13,1317.31,0.92,0.93,1
btc-updown-15m-1775272500,1775272500,570,0.06,0.07,0.065,0.01,2687.21,1501.75,0.93,0.94,196
btc-updown-15m-1775272500,1775272500,585,0.06,0.07,0.065,0.01,2492.38,945.63,0.93,0.94,1
btc-updown-15m-1775272500,1775272500,600,0.06,0.07,0.065,0.01,1662.01,717.43,0.93,0.94,0
btc-updown-15m-1775272500,1775272500,615,0.04,0.05,0.045,0.01,2602.36,1086.3,0.95,0.96,17
btc-updown-15m-1775272500,1775272500,630,0.03,0.04,0.035,0.01,6591.17,1308.46,0.96,0.97,120
btc-updown-15m-1775272500,1775272500,645,0.03,0.04,0.035,0.01,6211.07,1230.55,0.96,0.97,4
btc-updown-15m-1775272500,1775272500,660,0.03,0.04,0.035,0.01,5773.46,1343.81,0.96,0.97,198
btc-updown-15m-1775272500,1775272500,675,0.02,0.03,0.025,0.01,4709.29,1804.74,0.97,0.98,9
btc-updown-15m-1775272500,1775272500,690,0.02,0.03,0.025,0.01,4937.76,1755.57,0.97,0.98,79
btc-updown-15m-1775272500,1775272500,705,0.01,0.02,0.015,0.01,4438.3,1588.44,0.98,0.99,2
btc-updown-15m-1775272500,1775272500,720,0.01,0.02,0.015,0.01,3926.91,1722.22,0.98,0.99,45
btc-updown-15m-1775272500,1775272500,735,0.01,0.02,0.015,0.01,3775.98,2074.92,0.98,0.99,118
btc-updown-15m-1775272500,1775272500,750,0.01,0.02,0.015,0.01,3743.57,2065.01,0.98,0.99,29
btc-updown-15m-1775272500,1775272500,765,0.01,0.02,0.015,0.01,3782.54,2003.22,0.98,0.99,99
btc-updown-15m-1775272500,1775272500,780,0.01,0.02,0.015,0.01,3507.59,2395.67,0.98,0.99,64
btc-updown-15m-1775272500,1775272500,795,0.01,0.02,0.015,0.01,3357.03,1106.36,0.98,0.99,40
btc-updown-15m-1775272500,1775272500,810,0.01,0.02,0.015,0.01,2371.06,1166.19,0.98,0.99,9
btc-updown-15m-1775272500,1775272500,825,0.01,0.02,0.015,0.01,1850.96,1299.55,0.98,0.99,129
btc-updown-15m-1775272500,1775272500,840,0.01,0.02,0.015,0.01,972.01,1239.06,0.98,0.99,2
btc-updown-15m-1775272500,1775272500,845,0.01,0.02,0.015,0.01,161,1325.04,0.98,0.99,19
btc-updown-15m-1775272500,1775272500,850,0.002,0.009,0.0055,0.007,3925.84,2995.52,0.991,0.998,2
btc-updown-15m-1775272500,1775272500,855,0.002,0.009,0.0055,0.007,3925.84,3057.87,0.991,0.998,0
btc-updown-15m-1775272500,1775272500,860,0.002,0.009,0.0055,0.007,3925.84,3061.86,0.991,0.998,12
btc-updown-15m-1775272500,1775272500,865,0.002,0.009,0.0055,0.007,3675.84,2987.62,0.991,0.998,1
btc-updown-15m-1775272500,1775272500,870,0.002,0.009,0.0055,0.007,3675.84,3086.88,0.991,0.998,15
btc-updown-15m-1775272500,1775272500,875,0.001,0.002,0.0015,0.001,3687.23,1154.52,0.998,0.999,70
btc-updown-15m-1775272500,1775272500,880,0.001,0.002,0.0015,0.001,3436.98,1574.3,0.998,0.999,48
btc-updown-15m-1775272500,1775272500,885,0.001,0.002,0.0015,0.001,3186.73,1824.3,0.998,0.999,154
btc-updown-15m-1775272500,1775272500,890,0.001,0.002,0.0015,0.001,2681.23,2330.3,0.998,0.999,30
btc-updown-15m-1775272500,1775272500,895,0.001,0.002,0.0015,0.001,2434.68,2462.55,0.998,0.999,56
btc-updown-15m-1775272500,1775272500,897,0.001,0.002,0.0015,0.001,1357.01,2030.97,0.998,0.999,13
btc-updown-15m-1775272500,1775272500,899,,0.001,,,0,6672.25,0.999,,88
btc-updown-15m-1775272500,1775272500,900,,0.001,,,0,37006.57,0.999,,4
btc-updown-15m-1775282400,1775282400,0,0.42,0.44,0.43,0.02,125.5,2473.67,0.56,0.58,27
btc-updown-15m-1775282400,1775282400,15,0.44,0.45,0.445,0.01,348.64,4013.31,0.55,0.56,73
btc-updown-15m-1775282400,1775282400,30,0.44,0.45,0.445,0.01,373.45,2620.59,0.55,0.56,81
btc-updown-15m-1775282400,1775282400,45,0.46,0.47,0.465,0.01,362.75,2629.2,0.53,0.54,45
btc-updown-15m-1775282400,1775282400,60,0.49,0.5,0.495,0.01,534.91,649.01,0.5,0.51,18
btc-updown-15m-1775282400,1775282400,75,0.53,0.54,0.535,0.01,669.7,401.38,0.46,0.47,220
btc-updown-15m-1775282400,1775282400,90,0.54,0.55,0.545,0.01,789.72,281.33,0.45,0.46,70
btc-updown-15m-1775282400,1775282400,105,0.56,0.57,0.565,0.01,832.54,446.59,0.43,0.44,36
btc-updown-15m-1775282400,1775282400,120,0.56,0.57,0.565,0.01,831.28,261.55,0.43,0.44,60
btc-updown-15m-1775282400,1775282400,135,0.59,0.6,0.595,0.01,773.3,525.69,0.4,0.41,79
btc-updown-15m-1775282400,1775282400,150,0.6,0.61,0.605,0.01,415.86,462.81,0.39,0.4,25
btc-updown-15m-1775282400,1775282400,165,0.6,0.61,0.605,0.01,402.18,545.89,0.39,0.4,27
btc-updown-15m-1775282400,1775282400,180,0.56,0.57,0.565,0.01,164.2,396,0.43,0.44,61
btc-updown-15m-1775282400,1775282400,195,0.58,0.59,0.585,0.01,281.61,289.89,0.41,0.42,91
btc-updown-15m-1775282400,1775282400,210,0.58,0.59,0.585,0.01,185.66,464.87,0.41,0.42,97
btc-updown-15m-1775282400,1775282400,225,0.48,0.49,0.485,0.01,353.97,489.69,0.51,0.52,21
btc-updown-15m-1775282400,1775282400,240,0.48,0.49,0.485,0.01,476.99,432.68,0.51,0.52,201
btc-updown-15m-1775282400,1775282400,255,0.48,0.49,0.485,0.01,263.79,433.91,0.51,0.52,2
btc-updown-15m-1775282400,1775282400,270,0.49,0.51,0.5,0.02,388.71,497.88,0.49,0.51,6
btc-updown-15m-1775282400,1775282400,285,0.51,0.52,0.515,0.01,346.18,375.18,0.48,0.49,18
btc-updown-15m-1775282400,1775282400,300,0.55,0.56,0.555,0.01,441.38,216.45,0.44,0.45,497
btc-updown-15m-1775282400,1775282400,315,0.56,0.57,0.565,0.01,430.38,236.88,0.43,0.44,138
btc-updown-15m-1775282400,1775282400,330,0.58,0.59,0.585,0.01,330.33,452.45,0.41,0.42,555
btc-updown-15m-1775282400,1775282400,345,0.59,0.6,0.595,0.01,352.12,396,0.4,0.41,13
btc-updown-15m-1775282400,1775282400,360,0.58,0.59,0.585,0.01,365.1,312.18,0.41,0.42,112
btc-updown-15m-1775282400,1775282400,375,0.64,0.65,0.645,0.01,275.71,854.97,0.35,0.36,26
btc-updown-15m-1775282400,1775282400,390,0.64,0.65,0.645,0.01,497.3,619.11,0.35,0.36,211
btc-updown-15m-1775282400,1775282400,405,0.66,0.67,0.665,0.01,393.71,582.47,0.33,0.34,22
btc-updown-15m-1775282400,1775282400,420,0.66,0.67,0.665,0.01,481.2,458.41,0.33,0.34,4
btc-updown-15m-1775282400,1775282400,435,0.71,0.72,0.715,0.01,705.25,222.59,0.28,0.29,17
btc-updown-15m-1775282400,1775282400,450,0.73,0.74,0.735,0.01,618.56,842.88,0.26,0.27,50
btc-updown-15m-1775282400,1775282400,465,0.75,0.76,0.755,0.01,501.58,408.88,0.24,0.25,175
btc-updown-15m-1775282400,1775282400,480,0.76,0.77,0.765,0.01,622.11,382.76,0.23,0.24,237
btc-updown-15m-1775282400,1775282400,495,0.74,0.75,0.745,0.01,369.02,369.61,0.25,0.26,588
btc-updown-15m-1775282400,1775282400,510,0.74,0.75,0.745,0.01,563.47,460.12,0.25,0.26,223
btc-updown-15m-1775282400,1775282400,525,0.74,0.75,0.745,0.01,153.58,656.64,0.25,0.26,68
btc-updown-15m-1775282400,1775282400,540,0.74,0.75,0.745,0.01,302.03,688.88,0.25,0.26,269
btc-updown-15m-1775282400,1775282400,555,0.72,0.73,0.725,0.01,550.31,205.69,0.27,0.28,97
btc-updown-15m-1775282400,1775282400,570,0.68,0.69,0.685,0.01,45,503.88,0.31,0.32,0
btc-updown-15m-1775282400,1775282400,585,0.43,0.44,0.435,0.01,93.95,367.88,0.56,0.57,17
btc-updown-15m-1775282400,1775282400,600,0.64,0.65,0.645,0.01,440.71,121.23,0.35,0.36,5
btc-updown-15m-1775282400,1775282400,615,0.81,0.83,0.82,0.02,391.87,465.33,0.17,0.19,0
btc-updown-15m-1775282400,1775282400,630,0.79,0.8,0.795,0.01,555.5,507.78,0.2,0.21,28
btc-updown-15m-1775282400,1775282400,645,0.83,0.84,0.835,0.01,439.76,715.8,0.16,0.17,10
btc-updown-15m-1775282400,1775282400,660,0.84,0.85,0.845,0.01,922.71,526.22,0.15,0.16,3
btc-updown-15m-1775282400,1775282400,675,0.9,0.91,0.905,0.01,753.84,731.09,0.09,0.1,4
btc-updown-15m-1775282400,1775282400,690,0.93,0.94,0.935,0.01,1237.67,1226.71,0.06,0.07,71
btc-updown-15m-1775282400,1775282400,705,0.94,0.95,0.945,0.01,1008.72,1669.29,0.05,0.06,61
btc-updown-15m-1775282400,1775282400,720,0.95,0.96,0.955,0.01,1186.93,2200.43,0.04,0.05,71
btc-updown-15m-1775282400,1775282400,735,0.96,0.97,0.965,0.01,985.63,9023.22,0.03,0.04,31
btc-updown-15m-1775282400,1775282400,750,0.96,0.97,0.965,0.01,1303.32,5379.47,0.03,0.04,10
btc-updown-15m-1775282400,1775282400,765,0.96,0.97,0.965,0.01,1334.39,4825.4,0.03,0.04,86
btc-updown-15m-1775282400,1775282400,780,0.98,0.99,0.985,0.01,3025.57,1812.74,0.01,0.02,33
btc-updown-15m-1775282400,1775282400,795,0.98,0.99,0.985,0.01,3275.57,3592.82,0.01,0.02,46
btc-updown-15m-1775282400,1775282400,810,0.98,0.99,0.985,0.01,2122.36,3280.75,0.01,0.02,13
btc-updown-15m-1775282400,1775282400,825,0.98,0.99,0.985,0.01,1948.2,2686.59,0.01,0.02,12
btc-updown-15m-1775282400,1775282400,840,0.989,0.99,0.9895,0.001,231.34,508.48,0.01,0.011,109
btc-updown-15m-1775282400,1775282400,845,0.99,0.998,0.994,0.008,3137.11,9216.99,0.002,0.01,36
btc-updown-15m-1775282400,1775282400,850,0.99,0.998,0.994,0.008,2898.3,9215.98,0.002,0.01,16
btc-updown-15m-1775282400,1775282400,855,0.996,0.997,0.9965,0.001,2058.22,10270.98,0.003,0.004,70
btc-updown-15m-1775282400,1775282400,860,0.996,0.997,0.9965,0.001,1561.52,15268.93,0.003,0.004,20
btc-updown-15m-1775282400,1775282400,865,0.996,0.997,0.9965,0.001,1589.65,15018.93,0.003,0.004,80
btc-updown-15m-1775282400,1775282400,870,0.99,0.996,0.993,0.006,1942.44,8367.93,0.004,0.01,44
btc-updown-15m-1775282400,1775282400,875,0.98,0.996,0.988,0.016,1747.94,18407.15,0.004,0.02,20
btc-updown-15m-1775282400,1775282400,880,0.99,0.996,0.993,0.006,1170.77,18124.4,0.004,0.01,119
btc-updown-15m-1775282400,1775282400,885,0.99,0.996,0.993,0.006,1670.55,18124.4,0.004,0.01,63
btc-updown-15m-1775282400,1775282400,890,0.99,0.996,0.993,0.006,3431.01,17647.2,0.004,0.01,65
btc-updown-15m-1775282400,1775282400,895,0.99,0.996,0.993,0.006,10247.49,17031.28,0.004,0.01,51
btc-updown-15m-1775282400,1775282400,897,0.99,0.996,0.993,0.006,9530.65,9507.18,0.004,0.01,40
btc-updown-15m-1775282400,1775282400,899,0.996,0.999,0.9975,0.003,11688.01,3464.21,0.001,0.004,10
btc-updown-15m-1775282400,1775282400,900,0.999,,,,35089.52,0,,0.001,6
btc-updown-15m-1775293200,1775293200,0,0.54,0.55,0.545,0.01,292.15,99.06,0.45,0.46,68
btc-updown-15m-1775293200,1775293200,15,0.51,0.53,0.52,0.02,603.98,385.44,0.47,0.49,182
btc-updown-15m-1775293200,1775293200,30,0.5,0.51,0.505,0.01,304.33,257.28,0.49,0.5,0
btc-updown-15m-1775293200,1775293200,45,0.45,0.47,0.46,0.02,247.6,432.94,0.53,0.55,39
btc-updown-15m-1775293200,1775293200,60,0.42,0.43,0.425,0.01,475.22,196.62,0.57,0.58,67
btc-updown-15m-1775293200,1775293200,75,0.4,0.41,0.405,0.01,146.6,749.66,0.59,0.6,21
btc-updown-15m-1775293200,1775293200,90,0.35,0.36,0.355,0.01,700.11,293.26,0.64,0.65,1
btc-updown-15m-1775293200,1775293200,105,0.49,0.5,0.495,0.01,441.4,929.8,0.5,0.51,123
btc-updown-15m-1775293200,1775293200,120,0.49,0.5,0.495,0.01,393.66,942.56,0.5,0.51,168
btc-updown-15m-1775293200,1775293200,135,0.57,0.58,0.575,0.01,224.26,188.75,0.42,0.43,5
btc-updown-15m-1775293200,1775293200,150,0.57,0.58,0.575,0.01,375.41,456.08,0.42,0.43,4
btc-updown-15m-1775293200,1775293200,165,0.57,0.58,0.575,0.01,371.16,604.28,0.42,0.43,387
btc-updown-15m-1775293200,1775293200,180,0.57,0.58,0.575,0.01,343.84,539.37,0.42,0.43,394
btc-updown-15m-1775293200,1775293200,195,0.63,0.64,0.635,0.01,473.54,378.5,0.36,0.37,515
btc-updown-15m-1775293200,1775293200,210,0.63,0.64,0.635,0.01,640.25,125.48,0.36,0.37,46
btc-updown-15m-1775293200,1775293200,225,0.67,0.68,0.675,0.01,283.36,309.64,0.32,0.33,2
btc-updown-15m-1775293200,1775293200,240,0.46,0.47,0.465,0.01,382.12,244,0.53,0.54,195
btc-updown-15m-1775293200,1775293200,255,0.42,0.43,0.425,0.01,381.57,226.99,0.57,0.58,28
btc-updown-15m-1775293200,1775293200,270,0.35,0.36,0.355,0.01,495.44,285.22,0.64,0.65,9
btc-updown-15m-1775293200,1775293200,285,0.35,0.36,0.355,0.01,306.22,331.54,0.64,0.65,24
btc-updown-15m-1775293200,1775293200,300,0.4,0.41,0.405,0.01,144,264.52,0.59,0.6,21
btc-updown-15m-1775293200,1775293200,315,0.37,0.38,0.375,0.01,285,298.88,0.62,0.63,158
btc-updown-15m-1775293200,1775293200,330,0.37,0.38,0.375,0.01,216,649.93,0.62,0.63,319
btc-updown-15m-1775293200,1775293200,345,0.53,0.54,0.535,0.01,247.97,150.21,0.46,0.47,12
btc-updown-15m-1775293200,1775293200,360,0.6,0.61,0.605,0.01,414.52,345.1,0.39,0.4,141
btc-updown-15m-1775293200,1775293200,375,0.7,0.71,0.705,0.01,348.87,311.06,0.29,0.3,59
btc-updown-15m-1775293200,1775293200,390,0.68,0.69,0.685,0.01,377.52,225,0.31,0.32,1
btc-updown-15m-1775293200,1775293200,405,0.73,0.74,0.735,0.01,330.82,218.59,0.26,0.27,35
btc-updown-15m-1775293200,1775293200,420,0.74,0.75,0.745,0.01,431.51,310.85,0.25,0.26,36
btc-updown-15m-1775293200,1775293200,435,0.72,0.73,0.725,0.01,560.52,182.57,0.27,0.28,3
btc-updown-15m-1775293200,1775293200,450,0.76,0.77,0.765,0.01,693.91,612.87,0.23,0.24,41
btc-updown-15m-1775293200,1775293200,465,0.77,0.78,0.775,0.01,83.64,719.43,0.22,0.23,3
btc-updown-15m-1775293200,1775293200,480,0.76,0.77,0.765,0.01,362.85,575.32,0.23,0.24,165
btc-updown-15m-1775293200,1775293200,495,0.77,0.78,0.775,0.01,510.17,156.29,0.22,0.23,2
btc-updown-15m-1775293200,1775293200,510,0.83,0.84,0.835,0.01,765.67,230,0.16,0.17,78
btc-updown-15m-1775293200,1775293200,525,0.84,0.85,0.845,0.01,562.5,492.61,0.15,0.16,10
btc-updown-15m-1775293200,1775293200,540,0.83,0.84,0.835,0.01,492.11,205.65,0.16,0.17,248
btc-updown-15m-1775293200,1775293200,555,0.86,0.87,0.865,0.01,329.51,504.54,0.13,0.14,126
btc-updown-15m-1775293200,1775293200,570,0.87,0.88,0.875,0.01,411.64,463.41,0.12,0.13,90
btc-updown-15m-1775293200,1775293200,585,0.87,0.88,0.875,0.01,493.39,330.92,0.12,0.13,87
btc-updown-15m-1775293200,1775293200,600,0.88,0.89,0.885,0.01,477.7,343.18,0.11,0.12,33
btc-updown-15m-1775293200,1775293200,615,0.9,0.91,0.905,0.01,659.32,1028.09,0.09,0.1,4
btc-updown-15m-1775293200,1775293200,630,0.9,0.91,0.905,0.01,566.6,1029.93,0.09,0.1,6
btc-updown-15m-1775293200,1775293200,645,0.91,0.92,0.915,0.01,629.7,931.87,0.08,0.09,86
btc-updown-15m-1775293200,1775293200,660,0.91,0.92,0.915,0.01,443.64,938.52,0.08,0.09,18
btc-updown-15m-1775293200,1775293200,675,0.94,0.95,0.945,0.01,891.87,1033.17,0.05,0.06,85
btc-updown-15m-1775293200,1775293200,690,0.96,0.97,0.965,0.01,1066.52,2836.1,0.03,0.04,3
btc-updown-15m-1775293200,1775293200,705,0.96,0.98,0.97,0.02,766.99,3176.94,0.02,0.04,130
btc-updown-15m-1775293200,1775293200,720,0.97,0.98,0.975,0.01,839.35,2387.45,0.02,0.03,4
btc-updown-15m-1775293200,1775293200,735,0.98,0.99,0.985,0.01,1681.65,1691.03,0.01,0.02,168
btc-updown-15m-1775293200,1775293200,750,0.98,0.99,0.985,0.01,1662.1,1688.39,0.01,0.02,40
btc-updown-15m-1775293200,1775293200,765,0.98,0.99,0.985,0.01,1770.87,1632.97,0.01,0.02,58
btc-updown-15m-1775293200,1775293200,780,0.98,0.99,0.985,0.01,2034.18,1239.71,0.01,0.02,62
btc-updown-15m-1775293200,1775293200,795,0.98,0.99,0.985,0.01,1475.07,774.09,0.01,0.02,6
btc-updown-15m-1775293200,1775293200,810,0.98,0.99,0.985,0.01,1394.09,765.74,0.01,0.02,16
btc-updown-15m-1775293200,1775293200,825,0.98,0.99,0.985,0.01,1383.01,534.12,0.01,0.02,66
btc-updown-15m-1775293200,1775293200,840,0.988,0.99,0.989,0.002,834.91,316.81,0.01,0.012,2
btc-updown-15m-1775293200,1775293200,845,0.99,0.998,0.994,0.008,1517.14,3949.99,0.002,0.01,16
btc-updown-15m-1775293200,1775293200,850,0.99,0.998,0.994,0.008,1528.09,4383.99,0.002,0.01,6
btc-updown-15m-1775293200,1775293200,855,0.99,0.998,0.994,0.008,971.22,4388.99,0.002,0.01,25
btc-updown-15m-1775293200,1775293200,860,0.99,0.998,0.994,0.008,1176.22,4888.99,0.002,0.01,33
btc-updown-15m-1775293200,1775293200,865,0.99,0.998,0.994,0.008,1296.22,4583.99,0.002,0.01,125
btc-updown-15m-1775293200,1775293200,870,0.995,0.998,0.9965,0.003,359.67,5083.99,0.002,0.005,56
btc-updown-15m-1775293200,1775293200,875,0.995,0.998,0.9965,0.003,501.81,5503.83,0.002,0.005,52
btc-updown-15m-1775293200,1775293200,880,0.995,0.998,0.9965,0.003,501.81,5493.83,0.002,0.005,115
btc-updown-15m-1775293200,1775293200,885,0.997,0.998,0.9975,0.001,610.11,5453.83,0.002,0.003,70
btc-updown-15m-1775293200,1775293200,890,0.991,0.998,0.9945,0.007,7358.93,5387.19,0.002,0.009,81
btc-updown-15m-1775293200,1775293200,895,0.999,,,,6343.7,0,,0.001,73
btc-updown-15m-1775293200,1775293200,897,0.999,,,,13862.63,0,,0.001,310
btc-updown-15m-1775293200,1775293200,899,0.999,,,,22271.06,0,,0.001,33
btc-updown-15m-1775293200,1775293200,900,0.999,,,,43971.26,0,,0.001,44
btc-updown-15m-1775303100,1775303100,0,0.42,0.44,0.43,0.02,73.8,796.61,0.56,0.58,546
btc-updown-15m-1775303100,1775303100,15,0.45,0.46,0.455,0.01,430.73,672.32,0.54,0.55,4
btc-updown-15m-1775303100,1775303100,30,0.54,0.55,0.545,0.01,263.88,286.59,0.45,0.46,14
btc-updown-15m-1775303100,1775303100,45,0.51,0.52,0.515,0.01,266.65,320.41,0.48,0.49,1
btc-updown-15m-1775303100,1775303100,60,0.5,0.51,0.505,0.01,384.71,214.98,0.49,0.5,1
btc-updown-15m-1775303100,1775303100,75,0.45,0.46,0.455,0.01,170,320.88,0.54,0.55,4
btc-updown-15m-1775303100,1775303100,90,0.48,0.49,0.485,0.01,166.69,346.05,0.51,0.52,32
btc-updown-15m-1775303100,1775303100,105,0.48,0.49,0.485,0.01,140.38,315.8,0.51,0.52,19
btc-updown-15m-1775303100,1775303100,120,0.46,0.47,0.465,0.01,347,288.08,0.53,0.54,187
btc-updown-15m-1775303100,1775303100,135,0.44,0.45,0.445,0.01,373.89,352.86,0.55,0.56,12
btc-updown-15m-1775303100,1775303100,150,0.45,0.46,0.455,0.01,446.82,316.82,0.54,0.55,33
btc-updown-15m-1775303100,1775303100,165,0.5,0.51,0.505,0.01,351.26,138.31,0.49,0.5,15
btc-updown-15m-1775303100,1775303100,180,0.5,0.51,0.505,0.01,305,367.67,0.49,0.5,88
btc-updown-15m-1775303100,1775303100,195,0.51,0.52,0.515,0.01,587.5,371.5,0.48,0.49,69
btc-updown-15m-1775303100,1775303100,210,0.44,0.45,0.445,0.01,306.53,317.46,0.55,0.56,13
btc-updown-15m-1775303100,1775303100,225,0.45,0.46,0.455,0.01,156.8,440.66,0.54,0.55,16
btc-updown-15m-1775303100,1775303100,240,0.43,0.44,0.435,0.01,223.76,368,0.56,0.57,34
btc-updown-15m-1775303100,1775303100,255,0.38,0.39,0.385,0.01,118.9,309.55,0.61,0.62,22
btc-updown-15m-1775303100,1775303100,270,0.38,0.39,0.385,0.01,360.9,340.89,0.61,0.62,134
btc-updown-15m-1775303100,1775303100,285,0.26,0.27,0.265,0.01,362.22,391.69,0.73,0.74,41
btc-updown-15m-1775303100,1775303100,300,0.25,0.26,0.255,0.01,168.86,468.62,0.74,0.75,129
btc-updown-15m-1775303100,1775303100,315,0.22,0.23,0.225,0.01,287.46,262.89,0.77,0.78,26
btc-updown-15m-1775303100,1775303100,330,0.23,0.24,0.235,0.01,282.8,414,0.76,0.77,98
btc-updown-15m-1775303100,1775303100,345,0.23,0.24,0.235,0.01,351.7,310.61,0.76,0.77,46
btc-updown-15m-1775303100,1775303100,360,0.23,0.24,0.235,0.01,360.29,422,0.76,0.77,31
btc-updown-15m-1775303100,1775303100,375,0.22,0.23,0.225,0.01,298.7,391.51,0.77,0.78,32
btc-updown-15m-1775303100,1775303100,390,0.22,0.23,0.225,0.01,288.7,376.51,0.77,0.78,140
btc-updown-15m-1775303100,1775303100,405,0.21,0.22,0.215,0.01,195.57,441.1,0.78,0.79,35
btc-updown-15m-1775303100,1775303100,420,0.2,0.21,0.205,0.01,216.35,398.9,0.79,0.8,107
btc-updown-15m-1775303100,1775303100,435,0.17,0.18,0.175,0.01,286.51,372.8,0.82,0.83,112
btc-updown-15m-1775303100,1775303100,450,0.17,0.18,0.175,0.01,198,445.32,0.82,0.83,8
btc-updown-15m-1775303100,1775303100,465,0.16,0.17,0.165,0.01,408.31,344.94,0.83,0.84,40
btc-updown-15m-1775303100,1775303100,480,0.16,0.17,0.165,0.01,276.2,498.42,0.83,0.84,72
btc-updown-15m-1775303100,1775303100,495,0.17,0.18,0.175,0.01,372.7,391.73,0.82,0.83,10
btc-updown-15m-1775303100,1775303100,510,0.16,0.17,0.165,0.01,216.58,463.84,0.83,0.84,142
btc-updown-15m-1775303100,1775303100,525,0.15,0.16,0.155,0.01,256.39,408.34,0.84,0.85,75
btc-updown-15m-1775303100,1775303100,540,0.2,0.21,0.205,0.01,310.44,217.11,0.79,0.8,544
btc-updown-15m-1775303100,1775303100,555,0.23,0.24,0.235,0.01,441.39,592.62,0.76,0.77,93
btc-updown-15m-1775303100,1775303100,570,0.23,0.24,0.235,0.01,356.02,382.4,0.76,0.77,82
btc-updown-15m-1775303100,1775303100,585,0.31,0.32,0.315,0.01,307.25,280.17,0.68,0.69,185
btc-updown-15m-1775303100,1775303100,600,0.31,0.32,0.315,0.01,172.26,180.63,0.68,0.69,84
btc-updown-15m-1775303100,1775303100,615,0.36,0.37,0.365,0.01,376.99,209.84,0.63,0.64,321
btc-updown-15m-1775303100,1775303100,630,0.36,0.37,0.365,0.01,210,284.02,0.63,0.64,112
btc-updown-15m-1775303100,1775303100,645,0.24,0.25,0.245,0.01,185.09,109.33,0.75,0.76,16
btc-updown-15m-1775303100,1775303100,660,0.25,0.26,0.255,0.01,201.49,492.75,0.74,0.75,13
btc-updown-15m-1775303100,1775303100,675,0.21,0.22,0.215,0.01,409.79,346.3,0.78,0.79,56
btc-updown-15m-1775303100,1775303100,690,0.14,0.15,0.145,0.01,424.34,238.95,0.85,0.86,30
btc-updown-15m-1775303100,1775303100,705,0.12,0.13,0.125,0.01,577,137.83,0.87,0.88,83
btc-updown-15m-1775303100,1775303100,720,0.13,0.15,0.14,0.02,370.96,527.48,0.85,0.87,171
btc-updown-15m-1775303100,1775303100,735,0.11,0.12,0.115,0.01,433.14,361.1,0.88,0.89,30
btc-updown-15m-1775303100,1775303100,750,0.11,0.12,0.115,0.01,612.38,622.44,0.88,0.89,57
btc-updown-15m-1775303100,1775303100,765,0.14,0.15,0.145,0.01,408.37,352.23,0.85,0.86,8
btc-updown-15m-1775303100,1775303100,780,0.12,0.13,0.125,0.01,770.26,189.7,0.87,0.88,91
btc-updown-15m-1775303100,1775303100,795,0.11,0.12,0.115,0.01,571.9,602.19,0.88,0.89,33
btc-updown-15m-1775303100,1775303100,810,0.11,0.12,0.115,0.01,229.22,575.96,0.88,0.89,3
btc-updown-15m-1775303100,1775303100,825,0.11,0.12,0.115,0.01,330.06,322.98,0.88,0.89,114
btc-updown-15m-1775303100,1775303100,840,0.15,0.16,0.155,0.01,301.59,149.65,0.84,0.85,52
btc-updown-15m-1775303100,1775303100,845,0.19,0.2,0.195,0.01,69.35,224.11,0.8,0.81,57
btc-updown-15m-1775303100,1775303100,850,0.2,0.21,0.205,0.01,170.49,284.93,0.79,0.8,143
btc-updown-15m-1775303100,1775303100,855,0.56,0.57,0.565,0.01,101.16,62.02,0.43,0.44,3
btc-updown-15m-1775303100,1775303100,860,0.73,0.74,0.735,0.01,31.98,90.15,0.26,0.27,120
btc-updown-15m-1775303100,1775303100,865,0.79,0.8,0.795,0.01,59.76,20.44,0.2,0.21,12
btc-updown-15m-1775303100,1775303100,870,0.76,0.77,0.765,0.01,87.84,254.4,0.23,0.24,145
btc-updown-15m-1775303100,1775303100,875,0.79,0.8,0.795,0.01,101.2,30,0.2,0.21,0
btc-updown-15m-1775303100,1775303100,880,0.79,0.8,0.795,0.01,168.16,40.05,0.2,0.21,12
btc-updown-15m-1775303100,1775303100,885,0.72,0.74,0.73,0.02,40,34.85,0.26,0.28,9
btc-updown-15m-1775303100,1775303100,890,0.93,0.94,0.935,0.01,55.03,152.48,0.06,0.07,3
btc-updown-15m-1775303100,1775303100,895,0.98,0.99,0.985,0.01,290.96,1031.67,0.01,0.02,17
btc-updown-15m-1775303100,1775303100,897,0.98,0.99,0.985,0.01,210.35,120.85,0.01,0.02,74
btc-updown-15m-1775303100,1775303100,899,0.99,,,,8676.76,0,,0.01,12
btc-updown-15m-1775303100,1775303100,900,0.99,,,,27364.37,0,,0.01,8
btc-updown-15m-1775313900,1775313900,0,0.55,0.56,0.555,0.01,1200.24,144.83,0.44,0.45,90
btc-updown-15m-1775313900,1775313900,15,0.56,0.57,0.565,0.01,2182.97,205.41,0.43,0.44,18
btc-updown-15m-1775313900,1775313900,30,0.65,0.67,0.66,0.02,663.14,612.94,0.33,0.35,75
btc-updown-15m-1775313900,1775313900,45,0.68,0.69,0.685,0.01,680.61,272.6,0.31,0.32,4
btc-updown-15m-1775313900,1775313900,60,0.69,0.7,0.695,0.01,704.25,191.78,0.3,0.31,44
btc-updown-15m-1775313900,1775313900,75,0.74,0.75,0.745,0.01,518.02,296.86,0.25,0.26,2
btc-updown-15m-1775313900,1775313900,90,0.78,0.79,0.785,0.01,1073.22,347.55,0.21,0.22,7
btc-updown-15m-1775313900,1775313900,105,0.78,0.79,0.785,0.01,587.92,498.57,0.21,0.22,55
btc-updown-15m-1775313900,1775313900,120,0.76,0.77,0.765,0.01,664.53,503.98,0.23,0.24,61
btc-updown-15m-1775313900,1775313900,135,0.72,0.73,0.725,0.01,313.46,440,0.27,0.28,14
btc-updown-15m-1775313900,1775313900,150,0.73,0.74,0.735,0.01,362,417.79,0.26,0.27,32
btc-updown-15m-1775313900,1775313900,165,0.73,0.74,0.735,0.01,707.5,364.14,0.26,0.27,6
btc-updown-15m-1775313900,1775313900,180,0.73,0.74,0.735,0.01,545.55,318.94,0.26,0.27,55
btc-updown-15m-1775313900,1775313900,195,0.74,0.75,0.745,0.01,487.64,347.43,0.25,0.26,85
btc-updown-15m-1775313900,1775313900,210,0.78,0.79,0.785,0.01,803.23,36.16,0.21,0.22,25
btc-updown-15m-1775313900,1775313900,225,0.82,0.83,0.825,0.01,608.07,461.07,0.17,0.18,30
btc-updown-15m-1775313900,1775313900,240,0.82,0.83,0.825,0.01,675.81,357.91,0.17,0.18,170
btc-updown-15m-1775313900,1775313900,255,0.81,0.82,0.815,0.01,187.36,420.21,0.18,0.19,4
btc-updown-15m-1775313900,1775313900,270,0.73,0.74,0.735,0.01,462,431.85,0.26,0.27,27
btc-updown-15m-1775313900,1775313900,285,0.75,0.76,0.755,0.01,285,345.94,0.24,0.25,56
btc-updown-15m-1775313900,1775313900,300,0.71,0.72,0.715,0.01,489.97,204.47,0.28,0.29,138
btc-updown-15m-1775313900,1775313900,315,0.71,0.72,0.715,0.01,487.14,421.06,0.28,0.29,115
btc-updown-15m-1775313900,1775313900,330,0.71,0.72,0.715,0.01,473.78,459.91,0.28,0.29,17
btc-updown-15m-1775313900,1775313900,345,0.75,0.76,0.755,0.01,745.95,179.43,0.24,0.25,22
btc-updown-15m-1775313900,1775313900,360,0.79,0.8,0.795,0.01,278,404.29,0.2,0.21,30
btc-updown-15m-1775313900,1775313900,375,0.78,0.79,0.785,0.01,349.81,390.25,0.21,0.22,54
btc-updown-15m-1775313900,1775313900,390,0.78,0.79,0.785,0.01,412.8,334.29,0.21,0.22,52
btc-updown-15m-1775313900,1775313900,405,0.78,0.79,0.785,0.01,395.93,245.84,0.21,0.22,53
btc-updown-15m-1775313900,1775313900,420,0.77,0.78,0.775,0.01,473.44,235.03,0.22,0.23,67
btc-updown-15m-1775313900,1775313900,435,0.77,0.78,0.775,0.01,445.9,200.82,0.22,0.23,20
btc-updown-15m-1775313900,1775313900,450,0.78,0.79,0.785,0.01,399.46,320.22,0.21,0.22,20
btc-updown-15m-1775313900,1775313900,465,0.75,0.76,0.755,0.01,275.36,473.46,0.24,0.25,15
btc-updown-15m-1775313900,1775313900,480,0.74,0.75,0.745,0.01,366.16,457.78,0.25,0.26,46
btc-updown-15m-1775313900,1775313900,495,0.78,0.8,0.79,0.02,334,72.83,0.2,0.22,0
btc-updown-15m-1775313900,1775313900,510,0.86,0.87,0.865,0.01,379.75,297,0.13,0.14,63
btc-updown-15m-1775313900,1775313900,525,0.88,0.89,0.885,0.01,356.04,166.7,0.11,0.12,43
btc-updown-15m-1775313900,1775313900,540,0.88,0.89,0.885,0.01,398.72,130,0.11,0.12,198
btc-updown-15m-1775313900,1775313900,555,0.89,0.9,0.895,0.01,228.16,407.89,0.1,0.11,29
btc-updown-15m-1775313900,1775313900,570,0.89,0.9,0.895,0.01,428.88,393.97,0.1,0.11,13
btc-updown-15m-1775313900,1775313900,585,0.86,0.87,0.865,0.01,332,188.4,0.13,0.14,32
btc-updown-15m-1775313900,1775313900,600,0.84,0.85,0.845,0.01,194.89,205.5,0.15,0.16,37
btc-updown-15m-1775313900,1775313900,615,0.86,0.87,0.865,0.01,359.46,185.4,0.13,0.14,29
btc-updown-15m-1775313900,1775313900,630,0.89,0.9,0.895,0.01,452.75,561.62,0.1,0.11,161
btc-updown-15m-1775313900,1775313900,645,0.89,0.9,0.895,0.01,373.71,442.81,0.1,0.11,2
btc-updown-15m-1775313900,1775313900,660,0.91,0.92,0.915,0.01,637.17,651.34,0.08,0.09,4
btc-updown-15m-1775313900,1775313900,675,0.93,0.94,0.935,0.01,681.07,1069.81,0.06,0.07,40
btc-updown-15m-1775313900,1775313900,690,0.93,0.94,0.935,0.01,578.29,1067.19,0.06,0.07,50
btc-updown-15m-1775313900,1775313900,705,0.92,0.93,0.925,0.01,287,582.61,0.07,0.08,163
btc-updown-15m-1775313900,1775313900,720,0.92,0.93,0.925,0.01,361.14,471.23,0.07,0.08,19
btc-updown-15m-1775313900,1775313900,735,0.93,0.94,0.935,0.01,314.14,585.56,0.06,0.07,112
btc-updown-15m-1775313900,1775313900,750,0.95,0.96,0.955,0.01,614.84,1633.28,0.04,0.05,181
btc-updown-15m-1775313900,1775313900,765,0.95,0.96,0.955,0.01,608.12,1482.28,0.04,0.05,341
btc-updown-15m-1775313900,1775313900,780,0.98,0.99,0.985,0.01,1436.16,1694.33,0.01,0.02,19
btc-updown-15m-1775313900,1775313900,795,0.98,0.99,0.985,0.01,1710.88,1441.68,0.01,0.02,39
btc-updown-15m-1775313900,1775313900,810,0.99,,,,2766.79,0,,0.01,41
btc-updown-15m-1775313900,1775313900,825,0.99,,,,4691.33,0,,0.01,15
btc-updown-15m-1775313900,1775313900,840,0.99,,,,10216.73,0,,0.01,65
btc-updown-15m-1775313900,1775313900,845,0.99,,,,10512.39,0,,0.01,149
btc-updown-15m-1775313900,1775313900,850,0.99,,,,13144.52,0,,0.01,14
btc-updown-15m-1775313900,1775313900,855,0.99,,,,11523.85,0,,0.01,0
btc-updown-15m-1775313900,1775313900,860,0.99,,,,13520.86,0,,0.01,199
btc-updown-15m-1775313900,1775313900,865,0.99,,,,14748.88,0,,0.01,16
btc-updown-15m-1775313900,1775313900,870,0.99,,,,16763.72,0,,0.01,103
btc-updown-15m-1775313900,1775313900,875,0.99,,,,27215.77,0,,0.01,74
btc-updown-15m-1775313900,1775313900,880,0.99,,,,25490.53,0,,0.01,148
btc-updown-15m-1775313900,1775313900,885,0.99,,,,25815.05,0,,0.01,4
btc-updown-15m-1775313900,1775313900,890,0.99,,,,26482.12,0,,0.01,71
btc-updown-15m-1775313900,1775313900,895,0.99,,,,35180.62,0,,0.01,7
btc-updown-15m-1775313900,1775313900,897,0.99,,,,37496.19,0,,0.01,68
btc-updown-15m-1775313900,1775313900,899,0.99,,,,39242.34,0,,0.01,97
btc-updown-15m-1775313900,1775313900,900,0.99,,,,91513.67,0,,0.01,0
btc-updown-15m-1775323800,1775323800,0,0.45,0.46,0.455,0.01,75.31,535.69,0.54,0.55,25
btc-updown-15m-1775323800,1775323800,15,0.44,0.45,0.445,0.01,394.23,1067.54,0.55,0.56,61
btc-updown-15m-1775323800,1775323800,30,0.41,0.42,0.415,0.01,387.47,167.61,0.58,0.59,18
btc-updown-15m-1775323800,1775323800,45,0.44,0.45,0.445,0.01,380.14,1196.1,0.55,0.56,28
btc-updown-15m-1775323800,1775323800,60,0.42,0.43,0.425,0.01,634.9,422.44,0.57,0.58,67
btc-updown-15m-1775323800,1775323800,75,0.38,0.39,0.385,0.01,666.77,743.24,0.61,0.62,44
btc-updown-15m-1775323800,1775323800,90,0.38,0.39,0.385,0.01,671,722.05,0.61,0.62,69
btc-updown-15m-1775323800,1775323800,105,0.42,0.43,0.425,0.01,272.2,499.6,0.57,0.58,70
btc-updown-15m-1775323800,1775323800,120,0.42,0.43,0.425,0.01,276.84,320.41,0.57,0.58,2
btc-updown-15m-1775323800,1775323800,135,0.44,0.45,0.445,0.01,396.92,1073.03,0.55,0.56,64
btc-updown-15m-1775323800,1775323800,150,0.44,0.45,0.445,0.01,157.63,879.04,0.55,0.56,2
btc-updown-15m-1775323800,1775323800,165,0.42,0.43,0.425,0.01,936,283.27,0.57,0.58,62
btc-updown-15m-1775323800,1775323800,180,0.42,0.43,0.425,0.01,982.72,263.6,0.57,0.58,48
btc-updown-15m-1775323800,1775323800,195,0.44,0.45,0.445,0.01,537.11,989.93,0.55,0.56,54
btc-updown-15m-1775323800,1775323800,210,0.44,0.45,0.445,0.01,520.31,978.83,0.55,0.56,69
btc-updown-15m-1775323800,1775323800,225,0.44,0.45,0.445,0.01,536.47,1009.42,0.55,0.56,45
btc-updown-15m-1775323800,1775323800,240,0.43,0.44,0.435,0.01,342.32,947.34,0.56,0.57,66
btc-updown-15m-1775323800,1775323800,255,0.42,0.43,0.425,0.01,427.86,687,0.57,0.58,33
btc-updown-15m-1775323800,1775323800,270,0.39,0.4,0.395,0.01,568.19,784.98,0.6,0.61,71
btc-updown-15m-1775323800,1775323800,285,0.39,0.4,0.395,0.01,257.84,632.27,0.6,0.61,2
btc-updown-15m-1775323800,1775323800,300,0.36,0.37,0.365,0.01,389.26,278.93,0.63,0.64,8
btc-updown-15m-1775323800,1775323800,315,0.31,0.32,0.315,0.01,437.97,123.91,0.68,0.69,42
btc-updown-15m-1775323800,1775323800,330,0.22,0.23,0.225,0.01,416.6,331.44,0.77,0.78,71
btc-updown-15m-1775323800,1775323800,345,0.26,0.27,0.265,0.01,699.83,252.01,0.73,0.74,18
btc-updown-15m-1775323800,1775323800,360,0.26,0.27,0.265,0.01,293.52,343.3,0.73,0.74,60
btc-updown-15m-1775323800,1775323800,375,0.15,0.16,0.155,0.01,400,421.15,0.84,0.85,5
btc-updown-15m-1775323800,1775323800,390,0.14,0.15,0.145,0.01,348.6,587.93,0.85,0.86,21
btc-updown-15m-1775323800,1775323800,405,0.13,0.14,0.135,0.01,480.4,435.31,0.86,0.87,64
btc-updown-15m-1775323800,1775323800,420,0.12,0.13,0.125,0.01,495.91,374.19,0.87,0.88,24
btc-updown-15m-1775323800,1775323800,435,0.1,0.11,0.105,0.01,1004.94,422.53,0.89,0.9,11
btc-updown-15m-1775323800,1775323800,450,0.16,0.17,0.165,0.01,310.69,622.02,0.83,0.84,63
btc-updown-15m-1775323800,1775323800,465,0.18,0.19,0.185,0.01,221.99,293.68,0.81,0.82,29
btc-updown-15m-1775323800,1775323800,480,0.18,0.19,0.185,0.01,308.51,495.97,0.81,0.82,60
btc-updown-15m-1775323800,1775323800,495,0.17,0.18,0.175,0.01,283.09,408.47,0.82,0.83,18
btc-updown-15m-1775323800,1775323800,510,0.08,0.09,0.085,0.01,1534.58,316.44,0.91,0.92,2
btc-updown-15m-1775323800,1775323800,525,0.07,0.08,0.075,0.01,1124.37,393.53,0.92,0.93,66
btc-updown-15m-1775323800,1775323800,540,0.07,0.08,0.075,0.01,1074.6,467.53,0.92,0.93,23
btc-updown-15m-1775323800,1775323800,555,0.06,0.07,0.065,0.01,1291.52,644.44,0.93,0.94,21
btc-updown-15m-1775323800,1775323800,570,0.06,0.07,0.065,0.01,1160.5,939.57,0.93,0.94,62
btc-updown-15m-1775323800,1775323800,585,0.05,0.06,0.055,0.01,1670.02,539.26,0.94,0.95,52
btc-updown-15m-1775323800,1775323800,600,0.05,0.06,0.055,0.01,1273.22,519.3,0.94,0.95,54
btc-updown-15m-1775323800,1775323800,615,0.04,0.05,0.045,0.01,1760.81,628.37,0.95,0.96,5
btc-updown-15m-1775323800,1775323800,630,0.05,0.06,0.055,0.01,662.91,754.37,0.94,0.95,44
btc-updown-15m-1775323800,1775323800,645,0.04,0.05,0.045,0.01,1503.43,737.57,0.95,0.96,0
btc-updown-15m-1775323800,1775323800,660,0.05,0.06,0.055,0.01,468.22,814.62,0.94,0.95,8
btc-updown-15m-1775323800,1775323800,675,0.06,0.07,0.065,0.01,588.39,830.03,0.93,0.94,28
btc-updown-15m-1775323800,1775323800,690,0.07,0.08,0.075,0.01,607.5,800.27,0.92,0.93,65
btc-updown-15m-1775323800,1775323800,705,0.07,0.08,0.075,0.01,541,862.14,0.92,0.93,20
btc-updown-15m-1775323800,1775323800,720,0.05,0.06,0.055,0.01,514.48,725.61,0.94,0.95,31
btc-updown-15m-1775323800,1775323800,735,0.03,0.04,0.035,0.01,2906.32,928.77,0.96,0.97,14
btc-updown-15m-1775323800,1775323800,750,0.01,0.02,0.015,0.01,2060.63,2247.99,0.98,0.99,0
btc-updown-15m-1775323800,1775323800,765,0.01,0.02,0.015,0.01,1349.27,2970.47,0.98,0.99,60
btc-updown-15m-1775323800,1775323800,780,0.01,0.02,0.015,0.01,773.55,3325.82,0.98,0.99,3
btc-updown-15m-1775323800,1775323800,795,0.01,0.02,0.015,0.01,311.64,2394.76,0.98,0.99,6
btc-updown-15m-1775323800,1775323800,810,,0.01,,,0,3609.36,0.99,,53
btc-updown-15m-1775323800,1775323800,825,,0.01,,,0,2124.07,0.99,,57
btc-updown-15m-1775323800,1775323800,840,0.004,0.006,0.005,0.002,2377.33,781.72,0.994,0.996,10
btc-updown-15m-1775323800,1775323800,845,0.002,0.01,0.006,0.008,5732.99,2449.56,0.99,0.998,54
btc-updown-15m-1775323800,1775323800,850,0.002,0.01,0.006,0.008,5830.98,2432.46,0.99,0.998,202
btc-updown-15m-1775323800,1775323800,855,0.001,0.002,0.0015,0.001,15784,1708.91,0.998,0.999,73
btc-updown-15m-1775323800,1775323800,860,0.001,0.002,0.0015,0.001,15775.24,1739.21,0.998,0.999,50
btc-updown-15m-1775323800,1775323800,865,0.002,0.009,0.0055,0.007,25136.47,3754.6,0.991,0.998,0
btc-updown-15m-1775323800,1775323800,870,0.002,0.009,0.0055,0.007,25117.13,3624.6,0.991,0.998,473
btc-updown-15m-1775323800,1775323800,875,0.002,0.009,0.0055,0.007,25092.85,11018.75,0.991,0.998,85
btc-updown-15m-1775323800,1775323800,880,0.002,0.009,0.0055,0.007,25056.84,10993.8,0.991,0.998,435
btc-updown-15m-1775323800,1775323800,885,0.002,0.009,0.0055,0.007,21847.44,11060.41,0.991,0.998,15
btc-updown-15m-1775323800,1775323800,890,0.002,0.009,0.0055,0.007,21833.91,11282.56,0.991,0.998,7
btc-updown-15m-1775323800,1775323800,895,0.002,0.007,0.0045,0.005,20562.67,10927.82,0.993,0.998,9
btc-updown-15m-1775323800,1775323800,897,0.002,0.009,0.0055,0.007,17960.5,10920.52,0.991,0.998,2
btc-updown-15m-1775323800,1775323800,899,0.002,0.006,0.004,0.004,14938.47,14400.57,0.994,0.998,7
btc-updown-15m-1775323800,1775323800,900,0.001,0.002,0.0015,0.001,2222.55,475.1,0.998,0.999,3
btc-updown-15m-1775334600,1775334600,0,0.51,0.52,0.515,0.01,291.74,732.6,0.48,0.49,58
btc-updown-15m-1775334600,1775334600,15,0.51,0.52,0.515,0.01,543.69,663.54,0.48,0.49,73
btc-updown-15m-1775334600,1775334600,30,0.51,0.52,0.515,0.01,580.97,573.59,0.48,0.49,55
btc-updown-15m-1775334600,1775334600,45,0.5,0.51,0.505,0.01,1135,889.18,0.49,0.5,36
btc-updown-15m-1775334600,1775334600,60,0.51,0.52,0.515,0.01,396.59,989.5,0.48,0.49,20
btc-updown-15m-1775334600,1775334600,75,0.52,0.53,0.525,0.01,714.24,739.81,0.47,0.48,53
btc-updown-15m-1775334600,1775334600,90,0.52,0.53,0.525,0.01,806.91,893.54,0.47,0.48,74
btc-updown-15m-1775334600,1775334600,105,0.52,0.53,0.525,0.01,917.59,921,0.47,0.48,63
btc-updown-15m-1775334600,1775334600,120,0.53,0.54,0.535,0.01,706.19,1043,0.46,0.47,66
btc-updown-15m-1775334600,1775334600,135,0.51,0.52,0.515,0.01,908.4,565.64,0.48,0.49,78
btc-updown-15m-1775334600,1775334600,150,0.47,0.48,0.475,0.01,1587.94,780.87,0.52,0.53,66
btc-updown-15m-1775334600,1775334600,165,0.41,0.42,0.415,0.01,104,970.52,0.58,0.59,15
btc-updown-15m-1775334600,1775334600,180,0.44,0.45,0.445,0.01,890.12,438.89,0.55,0.56,66
btc-updown-15m-1775334600,1775334600,195,0.44,0.45,0.445,0.01,843.32,373.24,0.55,0.56,66
btc-updown-15m-1775334600,1775334600,210,0.43,0.44,0.435,0.01,819.73,554.51,0.56,0.57,13
btc-updown-15m-1775334600,1775334600,225,0.42,0.43,0.425,0.01,244.91,755.88,0.57,0.58,30
btc-updown-15m-1775334600,1775334600,240,0.38,0.39,0.385,0.01,908.1,1135.9,0.61,0.62,60
btc-updown-15m-1775334600,1775334600,255,0.37,0.38,0.375,0.01,883.64,563.25,0.62,0.63,2
btc-updown-15m-1775334600,1775334600,270,0.37,0.38,0.375,0.01,827.51,627,0.62,0.63,30
btc-updown-15m-1775334600,1775334600,285,0.34,0.35,0.345,0.01,930.2,304.2,0.65,0.66,69
btc-updown-15m-1775334600,1775334600,300,0.51,0.52,0.515,0.01,250.97,310.89,0.48,0.49,6
btc-updown-15m-1775334600,1775334600,315,0.64,0.65,0.645,0.01,230.09,324.94,0.35,0.36,16
btc-updown-15m-1775334600,1775334600,330,0.66,0.67,0.665,0.01,368.77,361.85,0.33,0.34,37
btc-updown-15m-1775334600,1775334600,345,0.65,0.66,0.655,0.01,726.91,196.71,0.34,0.35,7
btc-updown-15m-1775334600,1775334600,360,0.66,0.67,0.665,0.01,1072.52,285.85,0.33,0.34,74
btc-updown-15m-1775334600,1775334600,375,0.67,0.68,0.675,0.01,1074.53,843.48,0.32,0.33,68
btc-updown-15m-1775334600,1775334600,390,0.64,0.65,0.645,0.01,733.68,218.85,0.35,0.36,0
btc-updown-15m-1775334600,1775334600,405,0.66,0.67,0.665,0.01,1285.35,280.85,0.33,0.34,66
btc-updown-15m-1775334600,1775334600,420,0.66,0.67,0.665,0.01,1218.54,133,0.33,0.34,18
btc-updown-15m-1775334600,1775334600,435,0.76,0.77,0.765,0.01,764.8,685.13,0.23,0.24,5
btc-updown-15m-1775334600,1775334600,450,0.79,0.8,0.795,0.01,856.18,410.56,0.2,0.21,61
btc-updown-15m-1775334600,1775334600,465,0.79,0.8,0.795,0.01,359.3,836.16,0.2,0.21,69
btc-updown-15m-1775334600,1775334600,480,0.79,0.8,0.795,0.01,453.69,696,0.2,0.21,4
btc-updown-15m-1775334600,1775334600,495,0.79,0.8,0.795,0.01,738.9,553.69,0.2,0.21,49
btc-updown-15m-1775334600,1775334600,510,0.6,0.61,0.605,0.01,440.49,240.72,0.39,0.4,11
btc-updown-15m-1775334600,1775334600,525,0.41,0.42,0.415,0.01,742.28,170.03,0.58,0.59,48
btc-updown-15m-1775334600,1775334600,540,0.39,0.4,0.395,0.01,641.92,281,0.6,0.61,9
btc-updown-15m-1775334600,1775334600,555,0.41,0.42,0.415,0.01,1169.01,529.84,0.58,0.59,27
btc-updown-15m-1775334600,1775334600,570,0.41,0.42,0.415,0.01,1269.2,795.21,0.58,0.59,41
btc-updown-15m-1775334600,1775334600,585,0.41,0.42,0.415,0.01,1162.9,699.76,0.58,0.59,5
btc-updown-15m-1775334600,1775334600,600,0.6,0.61,0.605,0.01,451.09,181,0.39,0.4,1
btc-updown-15m-1775334600,1775334600,615,0.65,0.66,0.655,0.01,220,556.4,0.34,0.35,65
btc-updown-15m-1775334600,1775334600,630,0.63,0.64,0.635,0.01,140,182,0.36,0.37,0
btc-updown-15m-1775334600,1775334600,645,0.63,0.64,0.635,0.01,736.78,1096.62,0.36,0.37,74
btc-updown-15m-1775334600,1775334600,660,0.74,0.75,0.745,0.01,627.43,412,0.25,0.26,72
btc-updown-15m-1775334600,1775334600,675,0.7,0.71,0.705,0.01,925.3,841.01,0.29,0.3,65
btc-updown-15m-1775334600,1775334600,690,0.71,0.72,0.715,0.01,1280.79,370.61,0.28,0.29,74
btc-updown-15m-1775334600,1775334600,705,0.74,0.75,0.745,0.01,760.37,254.34,0.25,0.26,67
btc-updown-15m-1775334600,1775334600,720,0.77,0.79,0.78,0.02,1311.46,707,0.21,0.23,42
btc-updown-15m-1775334600,1775334600,735,0.77,0.79,0.78,0.02,706.95,825.62,0.21,0.23,67
btc-updown-15m-1775334600,1775334600,750,0.89,0.9,0.895,0.01,874,680.94,0.1,0.11,38
btc-updown-15m-1775334600,1775334600,765,0.89,0.9,0.895,0.01,841.08,999.76,0.1,0.11,24
btc-updown-15m-1775334600,1775334600,780,0.89,0.9,0.895,0.01,1031.53,813.85,0.1,0.11,70
btc-updown-15m-1775334600,1775334600,795,0.92,0.93,0.925,0.01,852.6,858.4,0.07,0.08,0
btc-updown-15m-1775334600,1775334600,810,0.93,0.94,0.935,0.01,1160.17,1480.86,0.06,0.07,32
btc-updown-15m-1775334600,1775334600,825,0.94,0.95,0.945,0.01,1006.09,1365.43,0.05,0.06,0
btc-updown-15m-1775334600,1775334600,840,0.87,0.89,0.88,0.02,514.16,456.5,0.11,0.13,4
btc-updown-15m-1775334600,1775334600,845,0.86,0.88,0.87,0.02,329.07,51.3,0.12,0.14,18
btc-updown-15m-1775334600,1775334600,850,0.87,0.88,0.875,0.01,385.14,158.06,0.12,0.13,36
btc-updown-15m-1775334600,1775334600,855,0.81,0.82,0.815,0.01,139.95,63.67,0.18,0.19,2
btc-updown-15m-1775334600,1775334600,860,0.79,0.8,0.795,0.01,51,26.68,0.2,0.21,4
btc-updown-15m-1775334600,1775334600,865,0.78,0.79,0.785,0.01,39.76,122.01,0.21,0.22,44
btc-updown-15m-1775334600,1775334600,870,0.74,0.75,0.745,0.01,31,69.05,0.25,0.26,29
btc-updown-15m-1775334600,1775334600,875,0.81,0.82,0.815,0.01,97.92,25.42,0.18,0.19,33
btc-updown-15m-1775334600,1775334600,880,0.88,0.89,0.885,0.01,22.08,84.06,0.11,0.12,57
btc-updown-15m-1775334600,1775334600,885,0.87,0.88,0.875,0.01,28.16,39.24,0.12,0.13,9
btc-updown-15m-1775334600,1775334600,890,0.41,0.43,0.42,0.02,406.67,60,0.57,0.59,3
btc-updown-15m-1775334600,1775334600,895,0.43,0.44,0.435,0.01,299.4,89.88,0.56,0.57,0
btc-updown-15m-1775334600,1775334600,897,0.23,0.24,0.235,0.01,85.52,83,0.76,0.77,1
btc-updown-15m-1775334600,1775334600,899,0.01,0.02,0.015,0.01,1120.69,181.25,0.98,0.99,3
btc-updown-15m-1775334600,1775334600,900,,0.01,,,0,5334.39,0.99,,0
btc-updown-15m-1775345400,1775345400,0,0.58,0.6,0.59,0.02,884.83,425.56,0.4,0.42,141
btc-updown-15m-1775345400,1775345400,15,0.66,0.67,0.665,0.01,247.3,118.12,0.33,0.34,4
btc-updown-15m-1775345400,1775345400,30,0.65,0.66,0.655,0.01,338.7,253.35,0.34,0.35,71
btc-updown-15m-1775345400,1775345400,45,0.65,0.66,0.655,0.01,463.47,243,0.34,0.35,10
btc-updown-15m-1775345400,1775345400,60,0.68,0.69,0.685,0.01,631.37,384.78,0.31,0.32,0
btc-updown-15m-1775345400,1775345400,75,0.73,0.74,0.735,0.01,338.44,440.13,0.26,0.27,71
btc-updown-15m-1775345400,1775345400,90,0.73,0.74,0.735,0.01,586.31,370.57,0.26,0.27,75
btc-updown-15m-1775345400,1775345400,105,0.73,0.74,0.735,0.01,834.59,309.22,0.26,0.27,75
btc-updown-15m-1775345400,1775345400,120,0.74,0.75,0.745,0.01,805.99,301.92,0.25,0.26,45
btc-updown-15m-1775345400,1775345400,135,0.76,0.77,0.765,0.01,372.53,388.56,0.23,0.24,43
btc-updown-15m-1775345400,1775345400,150,0.75,0.76,0.755,0.01,556.14,220.96,0.24,0.25,52
btc-updown-15m-1775345400,1775345400,165,0.75,0.76,0.755,0.01,550.25,273.15,0.24,0.25,1
btc-updown-15m-1775345400,1775345400,180,0.72,0.73,0.725,0.01,241.96,228.5,0.27,0.28,24
btc-updown-15m-1775345400,1775345400,195,0.71,0.72,0.715,0.01,293.24,330.5,0.28,0.29,1
btc-updown-15m-1775345400,1775345400,210,0.66,0.67,0.665,0.01,156.94,271.9,0.33,0.34,71
btc-updown-15m-1775345400,1775345400,225,0.65,0.66,0.655,0.01,251.56,270,0.34,0.35,56
btc-updown-15m-1775345400,1775345400,240,0.64,0.65,0.645,0.01,158.44,354.33,0.35,0.36,29
btc-updown-15m-1775345400,1775345400,255,0.72,0.73,0.725,0.01,165.8,372.09,0.27,0.28,12
btc-updown-15m-1775345400,1775345400,270,0.71,0.72,0.715,0.01,247.3,349.37,0.28,0.29,72
btc-updown-15m-1775345400,1775345400,285,0.7,0.71,0.705,0.01,430.82,285.5,0.29,0.3,58
btc-updown-15m-1775345400,1775345400,300,0.7,0.71,0.705,0.01,324.3,170,0.29,0.3,35
btc-updown-15m-1775345400,1775345400,315,0.71,0.72,0.715,0.01,260.28,386.47,0.28,0.29,21
btc-updown-15m-1775345400,1775345400,330,0.71,0.72,0.715,0.01,250.83,396.24,0.28,0.29,63
btc-updown-15m-1775345400,1775345400,345,0.66,0.67,0.665,0.01,107.7,356.83,0.33,0.34,3
btc-updown-15m-1775345400,1775345400,360,0.66,0.67,0.665,0.01,355,305.5,0.33,0.34,23
btc-updown-15m-1775345400,1775345400,375,0.67,0.68,0.675,0.01,328.12,258.12,0.32,0.33,24
btc-updown-15m-1775345400,1775345400,390,0.67,0.68,0.675,0.01,275.66,273.49,0.32,0.33,61
btc-updown-15m-1775345400,1775345400,405,0.68,0.69,0.685,0.01,293.09,272,0.31,0.32,29
btc-updown-15m-1775345400,1775345400,420,0.71,0.72,0.715,0.01,399.36,72,0.28,0.29,64
btc-updown-15m-1775345400,1775345400,435,0.67,0.69,0.68,0.02,187.9,322.69,0.31,0.33,6
btc-updown-15m-1775345400,1775345400,450,0.61,0.62,0.615,0.01,5656.71,514.83,0.38,0.39,7
btc-updown-15m-1775345400,1775345400,465,0.6,0.61,0.605,0.01,4881.97,504.48,0.39,0.4,53
btc-updown-15m-1775345400,1775345400,480,0.6,0.61,0.605,0.01,4796.44,392.29,0.39,0.4,14
btc-updown-15m-1775345400,1775345400,495,0.59,0.6,0.595,0.01,1045.36,505.55,0.4,0.41,22
btc-updown-15m-1775345400,1775345400,510,0.59,0.6,0.595,0.01,1014.49,367.06,0.4,0.41,54
btc-updown-15m-1775345400,1775345400,525,0.59,0.6,0.595,0.01,1029.5,398.72,0.4,0.41,7
btc-updown-15m-1775345400,1775345400,540,0.59,0.6,0.595,0.01,1014.62,403.25,0.4,0.41,36
btc-updown-15m-1775345400,1775345400,555,0.55,0.56,0.555,0.01,687.63,559.4,0.44,0.45,74
btc-updown-15m-1775345400,1775345400,570,0.54,0.55,0.545,0.01,401.26,522.43,0.45,0.46,49
btc-updown-15m-1775345400,1775345400,585,0.54,0.55,0.545,0.01,496.18,596.48,0.45,0.46,34
btc-updown-15m-1775345400,1775345400,600,0.53,0.54,0.535,0.01,343.71,527.97,0.46,0.47,76
btc-updown-15m-1775345400,1775345400,615,0.37,0.38,0.375,0.01,45,240.22,0.62,0.63,14
btc-updown-15m-1775345400,1775345400,630,0.33,0.34,0.335,0.01,94.99,726.66,0.66,0.67,23
btc-updown-15m-1775345400,1775345400,645,0.28,0.29,0.285,0.01,124.03,155.8,0.71,0.72,10
btc-updown-15m-1775345400,1775345400,660,0.26,0.27,0.265,0.01,238.25,110.11,0.73,0.74,39
btc-updown-15m-1775345400,1775345400,675,0.25,0.26,0.255,0.01,159.31,220.48,0.74,0.75,40
btc-updown-15m-1775345400,1775345400,690,0.15,0.17,0.16,0.02,290.17,335.5,0.83,0.85,38
btc-updown-15m-1775345400,1775345400,705,0.11,0.12,0.115,0.01,107.56,286.95,0.88,0.89,14
btc-updown-15m-1775345400,1775345400,720,0.1,0.11,0.105,0.01,361.17,371.2,0.89,0.9,71
btc-updown-15m-1775345400,1775345400,735,0.11,0.12,0.115,0.01,166.89,211.88,0.88,0.89,27
btc-updown-15m-1775345400,1775345400,750,0.11,0.12,0.115,0.01,173.34,413.56,0.88,0.89,69
btc-updown-15m-1775345400,1775345400,765,0.09,0.1,0.095,0.01,102.57,248.4,0.9,0.91,58
btc-updown-15m-1775345400,1775345400,780,0.04,0.05,0.045,0.01,1208.87,566.77,0.95,0.96,3
btc-updown-15m-1775345400,1775345400,795,0.02,0.03,0.025,0.01,2711.15,426.25,0.97,0.98,47
btc-updown-15m-1775345400,1775345400,810,0.01,0.02,0.015,0.01,2146.2,827.44,0.98,0.99,61
btc-updown-15m-1775345400,1775345400,825,0.02,0.03,0.025,0.01,7826.16,758.87,0.97,0.98,70
btc-updown-15m-1775345400,1775345400,840,0.02,0.03,0.025,0.01,7701.36,336.53,0.97,0.98,27
btc-updown-15m-1775345400,1775345400,845,0.03,0.04,0.035,0.01,7879.38,103.1,0.96,0.97,71
btc-updown-15m-1775345400,1775345400,850,0.03,0.04,0.035,0.01,8345.77,243.38,0.96,0.97,28
btc-updown-15m-1775345400,1775345400,855,0.02,0.03,0.025,0.01,7489.68,325.83,0.97,0.98,35
btc-updown-15m-1775345400,1775345400,860,0.03,0.04,0.035,0.01,7596.1,227.75,0.96,0.97,84
btc-updown-15m-1775345400,1775345400,865,0.03,0.04,0.035,0.01,7470.53,366.75,0.96,0.97,1
btc-updown-15m-1775345400,1775345400,870,0.02,0.03,0.025,0.01,7294.69,177,0.97,0.98,33
btc-updown-15m-1775345400,1775345400,875,0.02,0.03,0.025,0.01,7175.58,306.86,0.97,0.98,315
btc-updown-15m-1775345400,1775345400,880,0.02,0.03,0.025,0.01,7107.84,313.02,0.97,0.98,351
btc-updown-15m-1775345400,1775345400,885,0.02,0.03,0.025,0.01,6821.77,281.63,0.97,0.98,12
btc-updown-15m-1775345400,1775345400,890,0.02,0.03,0.025,0.01,6807.6,298.24,0.97,0.98,423
btc-updown-15m-1775345400,1775345400,895,0.55,0.56,0.555,0.01,28.07,30,0.44,0.45,44
btc-updown-15m-1775345400,1775345400,897,0.7,0.74,0.72,0.04,30,54,0.26,0.3,0
btc-updown-15m-1775345400,1775345400,899,0.92,,,,30,0,,0.08,9
btc-updown-15m-1775345400,1775345400,900,0.99,,,,23575.65,0,,0.01,2
btc-updown-15m-1775355300,1775355300,0,0.63,0.67,0.65,0.04,708.29,2461,0.33,0.37,141
btc-updown-15m-1775355300,1775355300,15,0.6,0.61,0.605,0.01,902.79,368.67,0.39,0.4,52
btc-updown-15m-1775355300,1775355300,30,0.57,0.58,0.575,0.01,6807.58,415.05,0.42,0.43,17
btc-updown-15m-1775355300,1775355300,45,0.62,0.63,0.625,0.01,464.91,338.46,0.37,0.38,6
btc-updown-15m-1775355300,1775355300,60,0.69,0.7,0.695,0.01,589.35,200.07,0.3,0.31,9
btc-updown-15m-1775355300,1775355300,75,0.79,0.8,0.795,0.01,407.9,367.31,0.2,0.21,9
btc-updown-15m-1775355300,1775355300,90,0.77,0.78,0.775,0.01,347.47,249.73,0.22,0.23,19
btc-updown-15m-1775355300,1775355300,105,0.78,0.79,0.785,0.01,310.17,474.27,0.21,0.22,0
btc-updown-15m-1775355300,1775355300,120,0.73,0.74,0.735,0.01,347.51,185.76,0.26,0.27,22
btc-updown-15m-1775355300,1775355300,135,0.77,0.78,0.775,0.01,605.86,307.51,0.22,0.23,7
btc-updown-15m-1775355300,1775355300,150,0.78,0.79,0.785,0.01,601.56,374.03,0.21,0.22,6
btc-updown-15m-1775355300,1775355300,165,0.78,0.79,0.785,0.01,615.39,322.83,0.21,0.22,63
btc-updown-15m-1775355300,1775355300,180,0.81,0.82,0.815,0.01,822.25,487.13,0.18,0.19,70
btc-updown-15m-1775355300,1775355300,195,0.88,0.89,0.885,0.01,175.71,774.47,0.11,0.12,14
btc-updown-15m-1775355300,1775355300,210,0.82,0.83,0.825,0.01,371.92,386.39,0.17,0.18,72
btc-updown-15m-1775355300,1775355300,225,0.87,0.88,0.875,0.01,381.23,1082.25,0.12,0.13,4
btc-updown-15m-1775355300,1775355300,240,0.88,0.89,0.885,0.01,555.79,399.04,0.11,0.12,8
btc-updown-15m-1775355300,1775355300,255,0.91,0.92,0.915,0.01,619.11,1462.89,0.08,0.09,12
btc-updown-15m-1775355300,1775355300,270,0.92,0.93,0.925,0.01,667.11,1227.25,0.07,0.08,6
btc-updown-15m-1775355300,1775355300,285,0.93,0.94,0.935,0.01,697.14,1984.66,0.06,0.07,70
btc-updown-15m-1775355300,1775355300,300,0.93,0.94,0.935,0.01,1232.9,1829.42,0.06,0.07,71
btc-updown-15m-1775355300,1775355300,315,0.92,0.93,0.925,0.01,447.38,1411.33,0.07,0.08,38
btc-updown-15m-1775355300,1775355300,330,0.92,0.93,0.925,0.01,230.46,1333.86,0.07,0.08,74
btc-updown-15m-1775355300,1775355300,345,0.92,0.93,0.925,0.01,368.06,890.62,0.07,0.08,68
btc-updown-15m-1775355300,1775355300,360,0.92,0.93,0.925,0.01,754.82,861.02,0.07,0.08,73
btc-updown-15m-1775355300,1775355300,375,0.92,0.93,0.925,0.01,628.21,3013.5,0.07,0.08,18
btc-updown-15m-1775355300,1775355300,390,0.92,0.93,0.925,0.01,1063.8,2931.27,0.07,0.08,22
btc-updown-15m-1775355300,1775355300,405,0.93,0.94,0.935,0.01,832.93,1202.85,0.06,0.07,9
btc-updown-15m-1775355300,1775355300,420,0.94,0.95,0.945,0.01,822.93,2729.91,0.05,0.06,21
btc-updown-15m-1775355300,1775355300,435,0.96,0.97,0.965,0.01,737.41,7080.65,0.03,0.04,34
btc-updown-15m-1775355300,1775355300,450,0.96,0.97,0.965,0.01,817.74,7506.24,0.03,0.04,10
btc-updown-15m-1775355300,1775355300,465,0.97,0.98,0.975,0.01,1594.96,3943.06,0.02,0.03,12
btc-updown-15m-1775355300,1775355300,480,0.98,0.99,0.985,0.01,2577.29,3473.34,0.01,0.02,261
btc-updown-15m-1775355300,1775355300,495,0.98,0.99,0.985,0.01,3800.8,2348.79,0.01,0.02,21
btc-updown-15m-1775355300,1775355300,510,0.98,0.99,0.985,0.01,3193.43,552.89,0.01,0.02,70
btc-updown-15m-1775355300,1775355300,525,0.98,0.99,0.985,0.01,2467.51,434.78,0.01,0.02,67
btc-updown-15m-1775355300,1775355300,540,0.98,,,,3019.22,0,,0.02,22
btc-updown-15m-1775355300,1775355300,555,0.99,,,,3113.99,0,,0.01,21
btc-updown-15m-1775355300,1775355300,570,0.99,,,,3113.98,0,,0.01,72
btc-updown-15m-1775355300,1775355300,585,0.99,,,,2993.94,0,,0.01,65
btc-updown-15m-1775355300,1775355300,600,0.99,,,,3271.41,0,,0.01,24
btc-updown-15m-1775355300,1775355300,615,0.993,0.996,0.9945,0.003,1273.2,351,0.004,0.007,5
btc-updown-15m-1775355300,1775355300,630,0.993,0.994,0.9935,0.001,487,1212,0.006,0.007,1
btc-updown-15m-1775355300,1775355300,645,0.99,0.995,0.9925,0.005,466.95,1834.33,0.005,0.01,12
btc-updown-15m-1775355300,1775355300,660,0.99,0.996,0.993,0.006,747.98,1747.3,0.004,0.01,54
btc-updown-15m-1775355300,1775355300,675,0.994,0.996,0.995,0.002,375,2434.35,0.004,0.006,0
btc-updown-15m-1775355300,1775355300,690,0.994,0.996,0.995,0.002,3542.3,2541.2,0.004,0.006,38
btc-updown-15m-1775355300,1775355300,705,0.995,0.996,0.9955,0.001,130,2420.03,0.004,0.005,64
btc-updown-15m-1775355300,1775355300,720,0.995,0.996,0.9955,0.001,3225.3,2252.92,0.004,0.005,59
btc-updown-15m-1775355300,1775355300,735,0.996,0.997,0.9965,0.001,448.15,11155.53,0.003,0.004,40
btc-updown-15m-1775355300,1775355300,750,0.997,0.998,0.9975,0.001,4655.01,10488.31,0.002,0.003,73
btc-updown-15m-1775355300,1775355300,765,0.995,0.996,0.9955,0.001,562.79,1899.85,0.004,0.005,72
btc-updown-15m-1775355300,1775355300,780,0.997,0.998,0.9975,0.001,748.51,10248.03,0.002,0.003,55
btc-updown-15m-1775355300,1775355300,795,0.997,0.998,0.9975,0.001,1755.66,8610.48,0.002,0.003,12
btc-updown-15m-1775355300,1775355300,810,0.997,0.998,0.9975,0.001,1673.99,6973.5,0.002,0.003,14
btc-updown-15m-1775355300,1775355300,825,0.997,0.998,0.9975,0.001,1217.9,7031.01,0.002,0.003,23
btc-updown-15m-1775355300,1775355300,840,0.999,,,,9578.22,0,,0.001,4
btc-updown-15m-1775355300,1775355300,845,0.999,,,,9317.78,0,,0.001,3
btc-updown-15m-1775355300,1775355300,850,0.999,,,,9205.06,0,,0.001,0
btc-updown-15m-1775355300,1775355300,855,0.999,,,,13205.06,0,,0.001,54
btc-updown-15m-1775355300,1775355300,860,0.999,,,,18270.12,0,,0.001,2
btc-updown-15m-1775355300,1775355300,865,0.999,,,,18263.93,0,,0.001,6
btc-updown-15m-1775355300,1775355300,870,0.999,,,,16963.93,0,,0.001,25
btc-updown-15m-1775355300,1775355300,875,0.999,,,,16948.93,0,,0.001,18
btc-updown-15m-1775355300,1775355300,880,0.999,,,,16948.93,0,,0.001,40
btc-updown-15m-1775355300,1775355300,885,0.999,,,,15948.93,0,,0.001,10
btc-updown-15m-1775355300,1775355300,890,0.999,,,,15948.93,0,,0.001,21
btc-updown-15m-1775355300,1775355300,895,0.999,,,,16033.95,0,,0.001,1935
btc-updown-15m-1775355300,1775355300,897,0.999,,,,12598.95,0,,0.001,148
btc-updown-15m-1775355300,1775355300,899,0.999,,,,13743.47,0,,0.001,5
btc-updown-15m-1775355300,1775355300,900,0.999,,,,49169.31,0,,0.001,1
btc-updown-15m-1775366100,1775366100,0,0.51,0.52,0.515,0.01,1036.65,344.81,0.48,0.49,937
btc-updown-15m-1775366100,1775366100,15,0.51,0.52,0.515,0.01,1356.02,878.72,0.48,0.49,46
btc-updown-15m-1775366100,1775366100,30,0.5,0.51,0.505,0.01,1462.51,736.95,0.49,0.5,72
btc-updown-15m-1775366100,1775366100,45,0.5,0.51,0.505,0.01,1350.51,215,0.49,0.5,14
btc-updown-15m-1775366100,1775366100,60,0.54,0.55,0.545,0.01,697.76,850.43,0.45,0.46,59
btc-updown-15m-1775366100,1775366100,75,0.52,0.53,0.525,0.01,1166.38,789.13,0.47,0.48,22
btc-updown-15m-1775366100,1775366100,90,0.57,0.58,0.575,0.01,170.44,963.13,0.42,0.43,38
btc-updown-15m-1775366100,1775366100,105,0.47,0.48,0.475,0.01,335.67,1007.78,0.52,0.53,3
btc-updown-15m-1775366100,1775366100,120,0.47,0.48,0.475,0.01,830.41,1159.58,0.52,0.53,13
btc-updown-15m-1775366100,1775366100,135,0.47,0.48,0.475,0.01,168.16,738.01,0.52,0.53,9
btc-updown-15m-1775366100,1775366100,150,0.45,0.46,0.455,0.01,813.04,273.87,0.54,0.55,1
btc-updown-15m-1775366100,1775366100,165,0.51,0.52,0.515,0.01,869.03,347.28,0.48,0.49,61
btc-updown-15m-1775366100,1775366100,180,0.52,0.53,0.525,0.01,864.75,938.92,0.47,0.48,62
btc-updown-15m-1775366100,1775366100,195,0.52,0.54,0.53,0.02,847.06,605.69,0.46,0.48,13
btc-updown-15m-1775366100,1775366100,210,0.59,0.6,0.595,0.01,902.09,768.39,0.4,0.41,4
btc-updown-15m-1775366100,1775366100,225,0.55,0.56,0.555,0.01,683.8,313.55,0.44,0.45,6
btc-updown-15m-1775366100,1775366100,240,0.72,0.73,0.725,0.01,762.15,405.85,0.27,0.28,4
btc-updown-15m-1775366100,1775366100,255,0.61,0.62,0.615,0.01,325.7,852.32,0.38,0.39,68
btc-updown-15m-1775366100,1775366100,270,0.59,0.6,0.595,0.01,159.93,174.22,0.4,0.41,52
btc-updown-15m-1775366100,1775366100,285,0.6,0.61,0.605,0.01,290.65,836.27,0.39,0.4,9
btc-updown-15m-1775366100,1775366100,300,0.6,0.61,0.605,0.01,204.74,208.06,0.39,0.4,8
btc-updown-15m-1775366100,1775366100,315,0.32,0.33,0.325,0.01,296.38,160.36,0.67,0.68,0
btc-updown-15m-1775366100,1775366100,330,0.32,0.33,0.325,0.01,282.57,617.97,0.67,0.68,13
btc-updown-15m-1775366100,1775366100,345,0.23,0.24,0.235,0.01,281.51,843.23,0.76,0.77,20
btc-updown-15m-1775366100,1775366100,360,0.17,0.18,0.175,0.01,1419.71,937.92,0.82,0.83,19
btc-updown-15m-1775366100,1775366100,375,0.15,0.16,0.155,0.01,752.98,858.78,0.84,0.85,11
btc-updown-15m-1775366100,1775366100,390,0.09,0.1,0.095,0.01,1718.64,415.6,0.9,0.91,40
btc-updown-15m-1775366100,1775366100,405,0.12,0.13,0.125,0.01,734.67,619.61,0.87,0.88,15
btc-updown-15m-1775366100,1775366100,420,0.11,0.12,0.115,0.01,406.57,480.4,0.88,0.89,54
btc-updown-15m-1775366100,1775366100,435,0.16,0.17,0.165,0.01,874.39,415.59,0.83,0.84,54
btc-updown-15m-1775366100,1775366100,450,0.16,0.17,0.165,0.01,844.16,513.48,0.83,0.84,22
btc-updown-15m-1775366100,1775366100,465,0.16,0.17,0.165,0.01,870.37,1049.3,0.83,0.84,19
btc-updown-15m-1775366100,1775366100,480,0.19,0.2,0.195,0.01,885.99,856.28,0.8,0.81,18
btc-updown-15m-1775366100,1775366100,495,0.16,0.18,0.17,0.02,1118.67,849.91,0.82,0.84,20
btc-updown-15m-1775366100,1775366100,510,0.18,0.19,0.185,0.01,546.66,1307.21,0.81,0.82,7
btc-updown-15m-1775366100,1775366100,525,0.16,0.17,0.165,0.01,749,1255.55,0.83,0.84,2
btc-updown-15m-1775366100,1775366100,540,0.14,0.15,0.145,0.01,119.11,1033.47,0.85,0.86,4
btc-updown-15m-1775366100,1775366100,555,0.16,0.17,0.165,0.01,609.33,666.4,0.83,0.84,1
btc-updown-15m-1775366100,1775366100,570,0.16,0.17,0.165,0.01,685.02,731.98,0.83,0.84,1
btc-updown-15m-1775366100,1775366100,585,0.19,0.21,0.2,0.02,913.96,823,0.79,0.81,49
btc-updown-15m-1775366100,1775366100,600,0.24,0.25,0.245,0.01,289.05,176,0.75,0.76,95
btc-updown-15m-1775366100,1775366100,615,0.15,0.17,0.16,0.02,464.41,302,0.83,0.85,13
btc-updown-15m-1775366100,1775366100,630,0.16,0.18,0.17,0.02,295.9,272.52,0.82,0.84,0
btc-updown-15m-1775366100,1775366100,645,0.15,0.16,0.155,0.01,847.94,920.72,0.84,0.85,7
btc-updown-15m-1775366100,1775366100,660,0.14,0.15,0.145,0.01,874.25,934.73,0.85,0.86,8
btc-updown-15m-1775366100,1775366100,675,0.16,0.17,0.165,0.01,526.45,323.6,0.83,0.84,2
btc-updown-15m-1775366100,1775366100,690,0.1,0.11,0.105,0.01,529.47,977,0.89,0.9,6
btc-updown-15m-1775366100,1775366100,705,0.09,0.1,0.095,0.01,1106.72,917,0.9,0.91,4
btc-updown-15m-1775366100,1775366100,720,0.09,0.1,0.095,0.01,1284.66,390.55,0.9,0.91,6
btc-updown-15m-1775366100,1775366100,735,0.15,0.16,0.155,0.01,700.83,559.93,0.84,0.85,41
btc-updown-15m-1775366100,1775366100,750,0.13,0.14,0.135,0.01,727.23,947.42,0.86,0.87,21
btc-updown-15m-1775366100,1775366100,765,0.12,0.13,0.125,0.01,314.55,1016.26,0.87,0.88,1
btc-updown-15m-1775366100,1775366100,780,0.12,0.13,0.125,0.01,270.82,471.14,0.87,0.88,37
btc-updown-15m-1775366100,1775366100,795,0.16,0.17,0.165,0.01,725.02,258,0.83,0.84,13
btc-updown-15m-1775366100,1775366100,810,0.16,0.17,0.165,0.01,215.27,460.89,0.83,0.84,11
btc-updown-15m-1775366100,1775366100,825,0.05,0.06,0.055,0.01,1834.01,420.62,0.94,0.95,19
btc-updown-15m-1775366100,1775366100,840,0.05,0.06,0.055,0.01,1652.01,1029.57,0.94,0.95,6
btc-updown-15m-1775366100,1775366100,845,0.05,0.06,0.055,0.01,1396.78,879.19,0.94,0.95,26
btc-updown-15m-1775366100,1775366100,850,0.05,0.06,0.055,0.01,1380.44,948.21,0.94,0.95,1
btc-updown-15m-1775366100,1775366100,855,0.05,0.06,0.055,0.01,1404.35,964.27,0.94,0.95,12
btc-updown-15m-1775366100,1775366100,860,0.05,0.06,0.055,0.01,1298.16,934.21,0.94,0.95,55
btc-updown-15m-1775366100,1775366100,865,0.05,0.06,0.055,0.01,617.36,1115.68,0.94,0.95,15
btc-updown-15m-1775366100,1775366100,870,0.05,0.06,0.055,0.01,886.01,542.31,0.94,0.95,19
btc-updown-15m-1775366100,1775366100,875,0.04,0.05,0.045,0.01,1319.31,506,0.95,0.96,0
btc-updown-15m-1775366100,1775366100,880,0.04,0.05,0.045,0.01,1162.41,441.37,0.95,0.96,0
btc-updown-15m-1775366100,1775366100,885,0.02,0.03,0.025,0.01,2582.57,405.73,0.97,0.98,71
btc-updown-15m-1775366100,1775366100,890,0.02,0.03,0.025,0.01,2579.58,338.34,0.97,0.98,139
btc-updown-15m-1775366100,1775366100,895,0.02,0.03,0.025,0.01,1397.93,561.04,0.97,0.98,28
btc-updown-15m-1775366100,1775366100,897,,0.01,,,0,4626.84,0.99,,36
btc-updown-15m-1775366100,1775366100,899,,0.01,,,0,13496.79,0.99,,15
btc-updown-15m-1775366100,1775366100,900,,0.01,,,0,54306.29,0.99,,11
btc-updown-15m-1775376000,1775376000,0,0.51,0.52,0.515,0.01,1427.97,198.38,0.48,0.49,67
btc-updown-15m-1775376000,1775376000,15,0.55,0.56,0.555,0.01,487.54,591.28,0.44,0.45,74
btc-updown-15m-1775376000,1775376000,30,0.55,0.56,0.555,0.01,386.74,575.97,0.44,0.45,14
btc-updown-15m-1775376000,1775376000,45,0.54,0.55,0.545,0.01,905.27,495.51,0.45,0.46,27
btc-updown-15m-1775376000,1775376000,60,0.51,0.52,0.515,0.01,2019.9,632.62,0.48,0.49,8
btc-updown-15m-1775376000,1775376000,75,0.54,0.55,0.545,0.01,405,312.39,0.45,0.46,20
btc-updown-15m-1775376000,1775376000,90,0.61,0.62,0.615,0.01,706.63,259.53,0.38,0.39,28
btc-updown-15m-1775376000,1775376000,105,0.62,0.63,0.625,0.01,609.63,317.57,0.37,0.38,73
btc-updown-15m-1775376000,1775376000,120,0.63,0.64,0.635,0.01,579.06,323.79,0.36,0.37,63
btc-updown-15m-1775376000,1775376000,135,0.71,0.72,0.715,0.01,456.32,166.04,0.28,0.29,0
btc-updown-15m-1775376000,1775376000,150,0.78,0.79,0.785,0.01,323.06,124.35,0.21,0.22,67
btc-updown-15m-1775376000,1775376000,165,0.81,0.82,0.815,0.01,303,156.14,0.18,0.19,22
btc-updown-15m-1775376000,1775376000,180,0.72,0.73,0.725,0.01,388.86,259.69,0.27,0.28,36
btc-updown-15m-1775376000,1775376000,195,0.76,0.77,0.765,0.01,321,514.87,0.23,0.24,50
btc-updown-15m-1775376000,1775376000,210,0.78,0.79,0.785,0.01,276.3,532.83,0.21,0.22,65
btc-updown-15m-1775376000,1775376000,225,0.82,0.83,0.825,0.01,337,203.41,0.17,0.18,27
btc-updown-15m-1775376000,1775376000,240,0.85,0.86,0.855,0.01,482.47,395.37,0.14,0.15,8
btc-updown-15m-1775376000,1775376000,255,0.81,0.82,0.815,0.01,381.27,285.31,0.18,0.19,10
btc-updown-15m-1775376000,1775376000,270,0.74,0.75,0.745,0.01,359.56,221,0.25,0.26,73
btc-updown-15m-1775376000,1775376000,285,0.71,0.72,0.715,0.01,396.6,220.21,0.28,0.29,75
btc-updown-15m-1775376000,1775376000,300,0.8,0.81,0.805,0.01,222,333.02,0.19,0.2,60
btc-updown-15m-1775376000,1775376000,315,0.79,0.8,0.795,0.01,213,30.01,0.2,0.21,2
btc-updown-15m-1775376000,1775376000,330,0.8,0.81,0.805,0.01,587.91,167.74,0.19,0.2,55
btc-updown-15m-1775376000,1775376000,345,0.78,0.79,0.785,0.01,175,362,0.21,0.22,29
btc-updown-15m-1775376000,1775376000,360,0.81,0.82,0.815,0.01,329.42,308.41,0.18,0.19,283
btc-updown-15m-1775376000,1775376000,375,0.82,0.83,0.825,0.01,294.17,145.77,0.17,0.18,73
btc-updown-15m-1775376000,1775376000,390,0.84,0.85,0.845,0.01,347.06,295.55,0.15,0.16,68
btc-updown-15m-1775376000,1775376000,405,0.84,0.85,0.845,0.01,654.61,271.79,0.15,0.16,60
btc-updown-15m-1775376000,1775376000,420,0.85,0.86,0.855,0.01,607.64,453.57,0.14,0.15,65
btc-updown-15m-1775376000,1775376000,435,0.87,0.88,0.875,0.01,694.43,826.53,0.12,0.13,56
btc-updown-15m-1775376000,1775376000,450,0.91,0.92,0.915,0.01,748.66,1236.03,0.08,0.09,5
btc-updown-15m-1775376000,1775376000,465,0.92,0.93,0.925,0.01,745.01,1506.08,0.07,0.08,71
btc-updown-15m-1775376000,1775376000,480,0.91,0.92,0.915,0.01,482.71,844.15,0.08,0.09,5
btc-updown-15m-1775376000,1775376000,495,0.91,0.94,0.925,0.03,570.79,1488.84,0.06,0.09,5
btc-updown-15m-1775376000,1775376000,510,0.92,0.93,0.925,0.01,602.53,844.74,0.07,0.08,7
btc-updown-15m-1775376000,1775376000,525,0.93,0.94,0.935,0.01,565.48,1518.74,0.06,0.07,15
btc-updown-15m-1775376000,1775376000,540,0.93,0.94,0.935,0.01,496.4,790.27,0.06,0.07,48
btc-updown-15m-1775376000,1775376000,555,0.94,0.95,0.945,0.01,612.16,1388.21,0.05,0.06,57
btc-updown-15m-1775376000,1775376000,570,0.92,0.93,0.925,0.01,414.64,396.95,0.07,0.08,3
btc-updown-15m-1775376000,1775376000,585,0.92,0.93,0.925,0.01,425.98,286.93,0.07,0.08,52
btc-updown-15m-1775376000,1775376000,600,0.93,0.95,0.94,0.02,246.77,1147.21,0.05,0.07,15
btc-updown-15m-1775376000,1775376000,615,0.95,0.96,0.955,0.01,462.78,2354.98,0.04,0.05,18
btc-updown-15m-1775376000,1775376000,630,0.95,0.97,0.96,0.02,686.24,4532.98,0.03,0.05,2
btc-updown-15m-1775376000,1775376000,645,0.97,0.98,0.975,0.01,198.63,3977.91,0.02,0.03,64
btc-updown-15m-1775376000,1775376000,660,0.97,0.98,0.975,0.01,275.15,4437.83,0.02,0.03,24
btc-updown-15m-1775376000,1775376000,675,0.96,0.97,0.965,0.01,832.96,4173.86,0.03,0.04,22
btc-updown-15m-1775376000,1775376000,690,0.97,0.98,0.975,0.01,792.64,4076.81,0.02,0.03,15
btc-updown-15m-1775376000,1775376000,705,0.97,0.98,0.975,0.01,990.94,4160.51,0.02,0.03,35
btc-updown-15m-1775376000,1775376000,720,0.97,0.98,0.975,0.01,1107.84,3170.49,0.02,0.03,14
btc-updown-15m-1775376000,1775376000,735,0.97,0.98,0.975,0.01,1458.88,3012.84,0.02,0.03,74
btc-updown-15m-1775376000,1775376000,750,0.97,0.98,0.975,0.01,1546.88,2553.04,0.02,0.03,64
btc-updown-15m-1775376000,1775376000,765,0.99,,,,9675,0,,0.01,20
btc-updown-15m-1775376000,1775376000,780,0.99,,,,7871.12,0,,0.01,60
btc-updown-15m-1775376000,1775376000,795,0.99,,,,10123.31,0,,0.01,20
btc-updown-15m-1775376000,1775376000,810,0.99,,,,8517.34,0,,0.01,27
btc-updown-15m-1775376000,1775376000,825,0.99,,,,7411.09,0,,0.01,2
btc-updown-15m-1775376000,1775376000,840,0.99,,,,7286.04,0,,0.01,71
btc-updown-15m-1775376000,1775376000,845,0.99,,,,6120.28,0,,0.01,4
btc-updown-15m-1775376000,1775376000,850,0.99,,,,5342.98,0,,0.01,75
btc-updown-15m-1775376000,1775376000,855,0.99,,,,4795.07,0,,0.01,238
btc-updown-15m-1775376000,1775376000,860,0.99,0.998,0.994,0.008,4810.66,3588.99,0.002,0.01,22
btc-updown-15m-1775376000,1775376000,865,0.988,0.99,0.989,0.002,1627.08,5726.94,0.01,0.012,7
btc-updown-15m-1775376000,1775376000,870,0.988,0.99,0.989,0.002,1339.53,5563.68,0.01,0.012,103
btc-updown-15m-1775376000,1775376000,875,0.984,0.99,0.987,0.006,1739.57,5182.3,0.01,0.016,0
btc-updown-15m-1775376000,1775376000,880,0.984,0.99,0.987,0.006,1517.58,5164.3,0.01,0.016,23
btc-updown-15m-1775376000,1775376000,885,0.984,0.99,0.987,0.006,1517.58,5088.35,0.01,0.016,51
btc-updown-15m-1775376000,1775376000,890,0.99,0.999,0.9945,0.009,255,3612.99,0.001,0.01,19
btc-updown-15m-1775376000,1775376000,895,0.99,0.999,0.9945,0.009,10744.68,4632.99,0.001,0.01,16
btc-updown-15m-1775376000,1775376000,897,0.99,0.999,0.9945,0.009,10250.69,3450.88,0.001,0.01,9
btc-updown-15m-1775376000,1775376000,899,0.999,,,,14944.61,0,,0.001,2
btc-updown-15m-1775376000,1775376000,900,0.999,,,,36132.45,0,,0.001,21
btc-updown-15m-1775386800,1775386800,0,0.47,0.48,0.475,0.01,244.47,419.11,0.52,0.53,374
btc-updown-15m-1775386800,1775386800,15,0.53,0.54,0.535,0.01,907.09,392,0.46,0.47,19
btc-updown-15m-1775386800,1775386800,30,0.53,0.54,0.535,0.01,937,965.33,0.46,0.47,65
btc-updown-15m-1775386800,1775386800,45,0.48,0.49,0.485,0.01,973.04,444,0.51,0.52,6
btc-updown-15m-1775386800,1775386800,60,0.49,0.5,0.495,0.01,302.95,962,0.5,0.51,40
btc-updown-15m-1775386800,1775386800,75,0.48,0.49,0.485,0.01,777.83,1152.59,0.51,0.52,14
btc-updown-15m-1775386800,1775386800,90,0.47,0.48,0.475,0.01,851.92,740.22,0.52,0.53,44
btc-updown-15m-1775386800,1775386800,105,0.53,0.54,0.535,0.01,1153,699.49,0.46,0.47,21
btc-updown-15m-1775386800,1775386800,120,0.61,0.62,0.615,0.01,1333.66,179.7,0.38,0.39,42
btc-updown-15m-1775386800,1775386800,135,0.71,0.72,0.715,0.01,231.72,329.12,0.28,0.29,64
btc-updown-15m-1775386800,1775386800,150,0.67,0.68,0.675,0.01,182.7,477.19,0.32,0.33,3
btc-updown-15m-1775386800,1775386800,165,0.73,0.74,0.735,0.01,545.57,1068.2,0.26,0.27,54
btc-updown-15m-1775386800,1775386800,180,0.66,0.67,0.665,0.01,229.55,1213.05,0.33,0.34,29
btc-updown-15m-1775386800,1775386800,195,0.61,0.62,0.615,0.01,957.63,598.86,0.38,0.39,69
btc-updown-15m-1775386800,1775386800,210,0.51,0.52,0.515,0.01,570.75,447.5,0.48,0.49,31
btc-updown-15m-1775386800,1775386800,225,0.46,0.47,0.465,0.01,936.53,742.4,0.53,0.54,50
btc-updown-15m-1775386800,1775386800,240,0.43,0.44,0.435,0.01,939.89,656.66,0.56,0.57,4
btc-updown-15m-1775386800,1775386800,255,0.43,0.44,0.435,0.01,779.9,547.97,0.56,0.57,38
btc-updown-15m-1775386800,1775386800,270,0.4,0.41,0.405,0.01,1043.68,428,0.59,0.6,0
btc-updown-15m-1775386800,1775386800,285,0.39,0.4,0.395,0.01,1062.71,1117.14,0.6,0.61,57
btc-updown-15m-1775386800,1775386800,300,0.65,0.66,0.655,0.01,309.67,198.58,0.34,0.35,29
btc-updown-15m-1775386800,1775386800,315,0.63,0.64,0.635,0.01,414.24,35,0.36,0.37,6
btc-updown-15m-1775386800,1775386800,330,0.73,0.74,0.735,0.01,224.26,938.64,0.26,0.27,32
btc-updown-15m-1775386800,1775386800,345,0.66,0.67,0.665,0.01,698.55,1138,0.33,0.34,25
btc-updown-15m-1775386800,1775386800,360,0.66,0.67,0.665,0.01,757.76,992.76,0.33,0.34,63
btc-updown-15m-1775386800,1775386800,375,0.61,0.62,0.615,0.01,32.66,990,0.38,0.39,11
btc-updown-15m-1775386800,1775386800,390,0.61,0.62,0.615,0.01,603.26,1021,0.38,0.39,61
btc-updown-15m-1775386800,1775386800,405,0.61,0.62,0.615,0.01,913.18,921.89,0.38,0.39,31
btc-updown-15m-1775386800,1775386800,420,0.61,0.62,0.615,0.01,834.58,1015.17,0.38,0.39,52
btc-updown-15m-1775386800,1775386800,435,0.62,0.63,0.625,0.01,921.58,578.6,0.37,0.38,3
btc-updown-15m-1775386800,1775386800,450,0.64,0.65,0.645,0.01,1005.12,840.56,0.35,0.36,60
btc-updown-15m-1775386800,1775386800,465,0.65,0.66,0.655,0.01,892.75,815.8,0.34,0.35,76
btc-updown-15m-1775386800,1775386800,480,0.66,0.67,0.665,0.01,1031.76,809,0.33,0.34,66
btc-updown-15m-1775386800,1775386800,495,0.65,0.66,0.655,0.01,812,500.93,0.34,0.35,1
btc-updown-15m-1775386800,1775386800,510,0.65,0.66,0.655,0.01,971.29,893.03,0.34,0.35,71
btc-updown-15m-1775386800,1775386800,525,0.66,0.67,0.665,0.01,822.05,493.42,0.33,0.34,65
btc-updown-15m-1775386800,1775386800,540,0.65,0.66,0.655,0.01,1104.52,280.12,0.34,0.35,1
btc-updown-15m-1775386800,1775386800,555,0.54,0.55,0.545,0.01,586,910.17,0.45,0.46,25
btc-updown-15m-1775386800,1775386800,570,0.66,0.67,0.665,0.01,760.36,224.63,0.33,0.34,13
btc-updown-15m-1775386800,1775386800,585,0.66,0.67,0.665,0.01,872.31,288.42,0.33,0.34,0
btc-updown-15m-1775386800,1775386800,600,0.56,0.58,0.57,0.02,49.5,139,0.42,0.44,0
btc-updown-15m-1775386800,1775386800,615,0.57,0.58,0.575,0.01,824.22,181.71,0.42,0.43,14
btc-updown-15m-1775386800,1775386800,630,0.67,0.68,0.675,0.01,63.18,65,0.32,0.33,6
btc-updown-15m-1775386800,1775386800,645,0.76,0.77,0.765,0.01,172,832,0.23,0.24,13
btc-updown-15m-1775386800,1775386800,660,0.91,0.92,0.915,0.01,1015.64,1664.3,0.08,0.09,34
btc-updown-15m-1775386800,1775386800,675,0.91,0.92,0.915,0.01,445.18,1598.36,0.08,0.09,14
btc-updown-15m-1775386800,1775386800,690,0.92,0.93,0.925,0.01,517.22,1728.69,0.07,0.08,19
btc-updown-15m-1775386800,1775386800,705,0.93,0.94,0.935,0.01,1183.95,1167.96,0.06,0.07,61
btc-updown-15m-1775386800,1775386800,720,0.94,0.95,0.945,0.01,1557,1300.45,0.05,0.06,7
btc-updown-15m-1775386800,1775386800,735,0.95,0.96,0.955,0.01,1321.51,1436.75,0.04,0.05,12
btc-updown-15m-1775386800,1775386800,750,0.95,0.96,0.955,0.01,1412.44,1584.97,0.04,0.05,47
btc-updown-15m-1775386800,1775386800,765,0.94,0.95,0.945,0.01,899.96,1178.91,0.05,0.06,34
btc-updown-15m-1775386800,1775386800,780,0.95,0.96,0.955,0.01,1108.77,1714.03,0.04,0.05,8
btc-updown-15m-1775386800,1775386800,795,0.96,0.97,0.965,0.01,1011.41,6263.74,0.03,0.04,14
btc-updown-15m-1775386800,1775386800,810,0.96,0.97,0.965,0.01,881.8,6238.25,0.03,0.04,13
btc-updown-15m-1775386800,1775386800,825,0.94,0.95,0.945,0.01,926.98,1064.08,0.05,0.06,68
btc-updown-15m-1775386800,1775386800,840,0.92,0.93,0.925,0.01,824.47,1754.59,0.07,0.08,13
btc-updown-15m-1775386800,1775386800,845,0.89,0.9,0.895,0.01,134.73,3812.4,0.1,0.11,25
btc-updown-15m-1775386800,1775386800,850,0.9,0.91,0.905,0.01,212.9,7826.47,0.09,0.1,51
btc-updown-15m-1775386800,1775386800,855,0.9,0.91,0.905,0.01,748.26,7563.38,0.09,0.1,70
btc-updown-15m-1775386800,1775386800,860,0.89,0.9,0.895,0.01,681.85,7723.68,0.1,0.11,37
btc-updown-15m-1775386800,1775386800,865,0.88,0.89,0.885,0.01,368.82,3178.76,0.11,0.12,383
btc-updown-15m-1775386800,1775386800,870,0.89,0.9,0.895,0.01,232.96,7640.34,0.1,0.11,117
btc-updown-15m-1775386800,1775386800,875,0.87,0.88,0.875,0.01,27.5,50,0.12,0.13,15
btc-updown-15m-1775386800,1775386800,880,0.9,0.91,0.905,0.01,20,6991.67,0.09,0.1,1
btc-updown-15m-1775386800,1775386800,885,0.78,0.79,0.785,0.01,32,35,0.21,0.22,38
btc-updown-15m-1775386800,1775386800,890,0.63,0.65,0.64,0.02,20,12.49,0.35,0.37,33
btc-updown-15m-1775386800,1775386800,895,0.73,0.75,0.74,0.02,31,743.6,0.25,0.27,119
btc-updown-15m-1775386800,1775386800,897,0.75,0.76,0.755,0.01,25,675.58,0.24,0.25,18
btc-updown-15m-1775386800,1775386800,899,0.77,0.78,0.775,0.01,15,20,0.22,0.23,55
btc-updown-15m-1775386800,1775386800,900,0.65,0.92,0.785,0.27,336.71,2504.85,0.08,0.35,10
btc-updown-15m-1775396700,1775396700,0,0.5,0.51,0.505,0.01,276.02,1844.68,0.49,0.5,234
btc-updown-15m-1775396700,1775396700,15,0.5,0.51,0.505,0.01,795.14,1702.96,0.49,0.5,0
btc-updown-15m-1775396700,1775396700,30,0.5,0.51,0.505,0.01,1191.22,1214.93,0.49,0.5,67
btc-updown-15m-1775396700,1775396700,45,0.5,0.51,0.505,0.01,1075.42,1179.41,0.49,0.5,79
btc-updown-15m-1775396700,1775396700,60,0.5,0.51,0.505,0.01,744.21,860.5,0.49,0.5,2
btc-updown-15m-1775396700,1775396700,75,0.53,0.54,0.535,0.01,584.76,408.69,0.46,0.47,62
btc-updown-15m-1775396700,1775396700,90,0.59,0.6,0.595,0.01,364.38,198.41,0.4,0.41,32
btc-updown-15m-1775396700,1775396700,105,0.7,0.72,0.71,0.02,98.97,562.5,0.28,0.3,0
btc-updown-15m-1775396700,1775396700,120,0.73,0.74,0.735,0.01,314.47,350.29,0.26,0.27,5
btc-updown-15m-1775396700,1775396700,135,0.64,0.65,0.645,0.01,430.22,436.11,0.35,0.36,8
btc-updown-15m-1775396700,1775396700,150,0.65,0.66,0.655,0.01,392.11,376.41,0.34,0.35,45
btc-updown-15m-1775396700,1775396700,165,0.64,0.65,0.645,0.01,382.1,454.92,0.35,0.36,50
btc-updown-15m-1775396700,1775396700,180,0.65,0.66,0.655,0.01,301.03,485.34,0.34,0.35,40
btc-updown-15m-1775396700,1775396700,195,0.61,0.62,0.615,0.01,55.29,411,0.38,0.39,11
btc-updown-15m-1775396700,1775396700,210,0.66,0.67,0.665,0.01,165.7,315.41,0.33,0.34,4
btc-updown-15m-1775396700,1775396700,225,0.68,0.69,0.685,0.01,313.21,324.62,0.31,0.32,6
btc-updown-15m-1775396700,1775396700,240,0.6,0.61,0.605,0.01,127.6,313,0.39,0.4,4
btc-updown-15m-1775396700,1775396700,255,0.61,0.62,0.615,0.01,354.07,175,0.38,0.39,6
btc-updown-15m-1775396700,1775396700,270,0.6,0.61,0.605,0.01,303.26,226.84,0.39,0.4,22
btc-updown-15m-1775396700,1775396700,285,0.62,0.64,0.63,0.02,100.26,439.18,0.36,0.38,3
btc-updown-15m-1775396700,1775396700,300,0.64,0.65,0.645,0.01,414,104.85,0.35,0.36,0
btc-updown-15m-1775396700,1775396700,315,0.73,0.74,0.735,0.01,127.23,188.47,0.26,0.27,2
btc-updown-15m-1775396700,1775396700,330,0.83,0.84,0.835,0.01,263.12,569.95,0.16,0.17,9
btc-updown-15m-1775396700,1775396700,345,0.87,0.88,0.875,0.01,412.73,343,0.12,0.13,50
btc-updown-15m-1775396700,1775396700,360,0.87,0.88,0.875,0.01,157.29,533.5,0.12,0.13,10
btc-updown-15m-1775396700,1775396700,375,0.8,0.81,0.805,0.01,124.61,552.81,0.19,0.2,19
btc-updown-15m-1775396700,1775396700,390,0.82,0.83,0.825,0.01,316.56,624.25,0.17,0.18,63
btc-updown-15m-1775396700,1775396700,405,0.81,0.82,0.815,0.01,247.25,353.76,0.18,0.19,68
btc-updown-15m-1775396700,1775396700,420,0.82,0.83,0.825,0.01,365.14,271.12,0.17,0.18,2
btc-updown-15m-1775396700,1775396700,435,0.85,0.86,0.855,0.01,281.49,290.16,0.14,0.15,65
btc-updown-15m-1775396700,1775396700,450,0.86,0.87,0.865,0.01,404.63,259,0.13,0.14,67
btc-updown-15m-1775396700,1775396700,465,0.82,0.83,0.825,0.01,274.21,404,0.17,0.18,32
btc-updown-15m-1775396700,1775396700,480,0.84,0.85,0.845,0.01,18.1,545.67,0.15,0.16,25
btc-updown-15m-1775396700,1775396700,495,0.77,0.78,0.775,0.01,414.45,267.1,0.22,0.23,65
btc-updown-15m-1775396700,1775396700,510,0.76,0.77,0.765,0.01,545.69,258.47,0.23,0.24,28
btc-updown-15m-1775396700,1775396700,525,0.82,0.83,0.825,0.01,384,355.1,0.17,0.18,6
btc-updown-15m-1775396700,1775396700,540,0.8,0.81,0.805,0.01,313,308.83,0.19,0.2,36
btc-updown-15m-1775396700,1775396700,555,0.77,0.78,0.775,0.01,368.83,352.99,0.22,0.23,68
btc-updown-15m-1775396700,1775396700,570,0.85,0.86,0.855,0.01,528.48,197,0.14,0.15,31
btc-updown-15m-1775396700,1775396700,585,0.79,0.8,0.795,0.01,289.45,453.55,0.2,0.21,17
btc-updown-15m-1775396700,1775396700,600,0.8,0.81,0.805,0.01,173.45,354.84,0.19,0.2,3
btc-updown-15m-1775396700,1775396700,615,0.83,0.84,0.835,0.01,476,143.21,0.16,0.17,21
btc-updown-15m-1775396700,1775396700,630,0.81,0.82,0.815,0.01,415.74,116.83,0.18,0.19,29
btc-updown-15m-1775396700,1775396700,645,0.81,0.82,0.815,0.01,429.29,349.72,0.18,0.19,71
btc-updown-15m-1775396700,1775396700,660,0.8,0.81,0.805,0.01,456.56,237.98,0.19,0.2,67
btc-updown-15m-1775396700,1775396700,675,0.86,0.87,0.865,0.01,509.4,151.96,0.13,0.14,76
btc-updown-15m-1775396700,1775396700,690,0.94,0.95,0.945,0.01,257.34,620.19,0.05,0.06,1
btc-updown-15m-1775396700,1775396700,705,0.97,0.98,0.975,0.01,416.54,2852.65,0.02,0.03,4
btc-updown-15m-1775396700,1775396700,720,0.95,0.96,0.955,0.01,419.61,814.64,0.04,0.05,73
btc-updown-15m-1775396700,1775396700,735,0.95,0.96,0.955,0.01,443.08,610.97,0.04,0.05,67
btc-updown-15m-1775396700,1775396700,750,0.92,0.93,0.925,0.01,592,250.74,0.07,0.08,67
btc-updown-15m-1775396700,1775396700,765,0.95,0.96,0.955,0.01,381.24,434.98,0.04,0.05,75
btc-updown-15m-1775396700,1775396700,780,0.97,0.98,0.975,0.01,689.74,2260.18,0.02,0.03,4
btc-updown-15m-1775396700,1775396700,795,0.98,0.99,0.985,0.01,3103.91,1621.43,0.01,0.02,71
btc-updown-15m-1775396700,1775396700,810,0.99,,,,4803.4,0,,0.01,71
btc-updown-15m-1775396700,1775396700,825,0.99,,,,4391.97,0,,0.01,21
btc-updown-15m-1775396700,1775396700,840,0.99,,,,4580.46,0,,0.01,19
btc-updown-15m-1775396700,1775396700,845,0.99,,,,4775.56,0,,0.01,185
btc-updown-15m-1775396700,1775396700,850,0.99,,,,4606.8,0,,0.01,96
btc-updown-15m-1775396700,1775396700,855,0.99,,,,4577.12,0,,0.01,28
btc-updown-15m-1775396700,1775396700,860,0.996,0.999,0.9975,0.003,63,2001,0.001,0.004,11
btc-updown-15m-1775396700,1775396700,865,0.99,0.998,0.994,0.008,3871.46,3438.7,0.002,0.01,337
btc-updown-15m-1775396700,1775396700,870,0.991,0.998,0.9945,0.007,3815.96,3468.7,0.002,0.009,8
btc-updown-15m-1775396700,1775396700,875,0.998,0.999,0.9985,0.001,7210.91,3329.7,0.001,0.002,3
btc-updown-15m-1775396700,1775396700,880,0.998,0.999,0.9985,0.001,8236.31,3029.7,0.001,0.002,214
btc-updown-15m-1775396700,1775396700,885,0.991,0.999,0.995,0.008,13511.2,2729.7,0.001,0.009,14
btc-updown-15m-1775396700,1775396700,890,0.999,,,,1350.22,0,,0.001,367
btc-updown-15m-1775396700,1775396700,895,0.999,,,,1348.96,0,,0.001,11
btc-updown-15m-1775396700,1775396700,897,0.999,,,,13253.02,0,,0.001,351
btc-updown-15m-1775396700,1775396700,899,0.999,,,,27154.64,0,,0.001,4
btc-updown-15m-1775396700,1775396700,900,0.999,,,,76177.15,0,,0.001,38
btc-updown-15m-1775407500,1775407500,0,0.47,0.49,0.48,0.02,347.64,237.72,0.51,0.53,78
btc-updown-15m-1775407500,1775407500,15,0.44,0.45,0.445,0.01,484.35,350.36,0.55,0.56,69
btc-updown-15m-1775407500,1775407500,30,0.42,0.43,0.425,0.01,74.57,452.62,0.57,0.58,0
btc-updown-15m-1775407500,1775407500,45,0.34,0.35,0.345,0.01,334.34,468.26,0.65,0.66,0
btc-updown-15m-1775407500,1775407500,60,0.25,0.26,0.255,0.01,499.69,438.53,0.74,0.75,13
btc-updown-15m-1775407500,1775407500,75,0.24,0.25,0.245,0.01,664.92,726,0.75,0.76,7
btc-updown-15m-1775407500,1775407500,90,0.23,0.24,0.235,0.01,430,457,0.76,0.77,6
btc-updown-15m-1775407500,1775407500,105,0.18,0.19,0.185,0.01,823.43,579.66,0.81,0.82,153
btc-updown-15m-1775407500,1775407500,120,0.17,0.18,0.175,0.01,846.9,742.48,0.82,0.83,30
btc-updown-15m-1775407500,1775407500,135,0.16,0.17,0.165,0.01,605.04,881.4,0.83,0.84,4
btc-updown-15m-1775407500,1775407500,150,0.18,0.19,0.185,0.01,507.12,977.99,0.81,0.82,11
btc-updown-15m-1775407500,1775407500,165,0.16,0.17,0.165,0.01,776.34,520,0.83,0.84,4
btc-updown-15m-1775407500,1775407500,180,0.17,0.18,0.175,0.01,467.3,515,0.82,0.83,32
btc-updown-15m-1775407500,1775407500,195,0.12,0.13,0.125,0.01,755.9,612.56,0.87,0.88,66
btc-updown-15m-1775407500,1775407500,210,0.12,0.13,0.125,0.01,555,763.7,0.87,0.88,20
btc-updown-15m-1775407500,1775407500,225,0.14,0.15,0.145,0.01,432.74,923.86,0.85,0.86,9
btc-updown-15m-1775407500,1775407500,240,0.14,0.15,0.145,0.01,334.91,418.66,0.85,0.86,6
btc-updown-15m-1775407500,1775407500,255,0.14,0.15,0.145,0.01,391.97,851,0.85,0.86,66
btc-updown-15m-1775407500,1775407500,270,0.12,0.13,0.125,0.01,516.13,538,0.87,0.88,7
btc-updown-15m-1775407500,1775407500,285,0.08,0.09,0.085,0.01,1220.38,1361.4,0.91,0.92,0
btc-updown-15m-1775407500,1775407500,300,0.09,0.1,0.095,0.01,859.13,429.41,0.9,0.91,0
btc-updown-15m-1775407500,1775407500,315,0.07,0.08,0.075,0.01,1640.28,748.67,0.92,0.93,61
btc-updown-15m-1775407500,1775407500,330,0.07,0.08,0.075,0.01,1472.55,609.67,0.92,0.93,67
btc-updown-15m-1775407500,1775407500,345,0.13,0.14,0.135,0.01,480.77,566.89,0.86,0.87,60
btc-updown-15m-1775407500,1775407500,360,0.13,0.14,0.135,0.01,393.98,753.88,0.86,0.87,61
btc-updown-15m-1775407500,1775407500,375,0.11,0.12,0.115,0.01,392.04,629.47,0.88,0.89,14
btc-updown-15m-1775407500,1775407500,390,0.09,0.1,0.095,0.01,402.06,614.63,0.9,0.91,2
btc-updown-15m-1775407500,1775407500,405,0.09,0.1,0.095,0.01,322.94,1387.24,0.9,0.91,1
btc-updown-15m-1775407500,1775407500,420,0.07,0.08,0.075,0.01,1096.54,746.36,0.92,0.93,72
btc-updown-15m-1775407500,1775407500,435,0.05,0.06,0.055,0.01,2981.2,1493.76,0.94,0.95,64
btc-updown-15m-1775407500,1775407500,450,0.06,0.07,0.065,0.01,822.65,481.64,0.93,0.94,1
btc-updown-15m-1775407500,1775407500,465,0.06,0.07,0.065,0.01,1552.44,365.3,0.93,0.94,1
btc-updown-15m-1775407500,1775407500,480,0.09,0.1,0.095,0.01,536.23,417.71,0.9,0.91,55
btc-updown-15m-1775407500,1775407500,495,0.08,0.09,0.085,0.01,624.31,413,0.91,0.92,29
btc-updown-15m-1775407500,1775407500,510,0.06,0.07,0.065,0.01,1382.09,593.7,0.93,0.94,61
btc-updown-15m-1775407500,1775407500,525,0.06,0.07,0.065,0.01,528,476.19,0.93,0.94,44
btc-updown-15m-1775407500,1775407500,540,0.06,0.07,0.065,0.01,585.84,663.9,0.93,0.94,44
btc-updown-15m-1775407500,1775407500,555,0.02,0.03,0.025,0.01,3123.49,1349.79,0.97,0.98,25
btc-updown-15m-1775407500,1775407500,570,,0.01,,,0,6897.64,0.99,,24
btc-updown-15m-1775407500,1775407500,585,0.01,0.02,0.015,0.01,1026.84,4079.79,0.98,0.99,54
btc-updown-15m-1775407500,1775407500,600,0.01,0.02,0.015,0.01,975.2,3618.56,0.98,0.99,70
btc-updown-15m-1775407500,1775407500,615,0.01,0.02,0.015,0.01,201.65,3272.05,0.98,0.99,2
btc-updown-15m-1775407500,1775407500,630,0.01,0.02,0.015,0.01,288.45,3531.85,0.98,0.99,7
btc-updown-15m-1775407500,1775407500,645,0.006,0.01,0.008,0.004,451.98,1264,0.99,0.994,57
btc-updown-15m-1775407500,1775407500,660,0.009,0.01,0.0095,0.001,285.98,279.76,0.99,0.991,54
btc-updown-15m-1775407500,1775407500,675,0.007,0.01,0.0085,0.003,246.98,267.51,0.99,0.993,72
btc-updown-15m-1775407500,1775407500,690,0.007,0.009,0.008,0.002,246,505.05,0.991,0.993,4
btc-updown-15m-1775407500,1775407500,705,0.007,0.01,0.0085,0.003,284.99,226.51,0.99,0.993,16
btc-updown-15m-1775407500,1775407500,720,0.007,0.008,0.0075,0.001,184.99,227.63,0.992,0.993,66
btc-updown-15m-1775407500,1775407500,735,0.003,0.004,0.0035,0.001,10721.96,498.29,0.996,0.997,59
btc-updown-15m-1775407500,1775407500,750,0.002,0.004,0.003,0.002,10679.08,258.21,0.996,0.998,59
btc-updown-15m-1775407500,1775407500,765,0.002,0.003,0.0025,0.001,10177,233.1,0.997,0.998,59
btc-updown-15m-1775407500,1775407500,780,0.002,0.003,0.0025,0.001,10337.39,283.1,0.997,0.998,11
btc-updown-15m-1775407500,1775407500,795,0.002,0.003,0.0025,0.001,8725.68,124.04,0.997,0.998,57
btc-updown-15m-1775407500,1775407500,810,0.002,0.003,0.0025,0.001,9075.68,304.85,0.997,0.998,63
btc-updown-15m-1775407500,1775407500,825,0.002,0.003,0.0025,0.001,9274.07,313.8,0.997,0.998,62
btc-updown-15m-1775407500,1775407500,840,0.001,0.002,0.0015,0.001,8075.18,308.88,0.998,0.999,63
btc-updown-15m-1775407500,1775407500,845,0.001,0.008,0.0045,0.007,8075.18,3827.4,0.992,0.999,63
btc-updown-15m-1775407500,1775407500,850,0.001,0.008,0.0045,0.007,8044.8,3749.93,0.992,0.999,142
btc-updown-15m-1775407500,1775407500,855,0.001,0.004,0.0025,0.003,7993.88,133.07,0.996,0.999,362
btc-updown-15m-1775407500,1775407500,860,0.001,0.002,0.0015,0.001,1972.85,5025.99,0.998,0.999,1
btc-updown-15m-1775407500,1775407500,865,,0.001,,,0,8126.05,0.999,,24
btc-updown-15m-1775407500,1775407500,870,,0.001,,,0,8149.58,0.999,,88
btc-updown-15m-1775407500,1775407500,875,,0.001,,,0,36834.93,0.999,,72
btc-updown-15m-1775407500,1775407500,880,,0.001,,,0,36834.93,0.999,,1
btc-updown-15m-1775407500,1775407500,885,,0.001,,,0,35938.08,0.999,,5
btc-updown-15m-1775407500,1775407500,890,,0.001,,,0,36038.07,0.999,,45
btc-updown-15m-1775407500,1775407500,895,,0.001,,,0,36033.44,0.999,,195
btc-updown-15m-1775407500,1775407500,897,,0.001,,,0,31946.62,0.999,,50
btc-updown-15m-1775407500,1775407500,899,,0.001,,,0,33132.72,0.999,,38
btc-updown-15m-1775407500,1775407500,900,,0.001,,,0,74095.75,0.999,,1
btc-updown-15m-1775417400,1775417400,0,0.42,0.44,0.43,0.02,84.48,1590.86,0.56,0.58,3
btc-updown-15m-1775417400,1775417400,15,0.42,0.43,0.425,0.01,1215.95,2661.28,0.57,0.58,63
btc-updown-15m-1775417400,1775417400,30,0.42,0.43,0.425,0.01,6851.69,2016.28,0.57,0.58,76
btc-updown-15m-1775417400,1775417400,45,0.43,0.44,0.435,0.01,4183.02,2044.62,0.56,0.57,14
btc-updown-15m-1775417400,1775417400,60,0.43,0.44,0.435,0.01,2542.69,2445.15,0.56,0.57,36
btc-updown-15m-1775417400,1775417400,75,0.48,0.49,0.485,0.01,842.73,993.85,0.51,0.52,74
btc-updown-15m-1775417400,1775417400,90,0.44,0.45,0.445,0.01,2155.5,553.77,0.55,0.56,81
btc-updown-15m-1775417400,1775417400,105,0.42,0.43,0.425,0.01,526.59,1532.63,0.57,0.58,16
btc-updown-15m-1775417400,1775417400,120,0.41,0.42,0.415,0.01,448.03,1453.1,0.58,0.59,3
btc-updown-15m-1775417400,1775417400,135,0.43,0.44,0.435,0.01,1050.77,483.04,0.56,0.57,0
btc-updown-15m-1775417400,1775417400,150,0.41,0.42,0.415,0.01,207.55,758.75,0.58,0.59,22
btc-updown-15m-1775417400,1775417400,165,0.36,0.37,0.365,0.01,5922.87,1165.41,0.63,0.64,67
btc-updown-15m-1775417400,1775417400,180,0.36,0.37,0.365,0.01,4506.61,1457.6,0.63,0.64,8
btc-updown-15m-1775417400,1775417400,195,0.36,0.37,0.365,0.01,4795.63,806.42,0.63,0.64,71
btc-updown-15m-1775417400,1775417400,210,0.36,0.37,0.365,0.01,3708.92,1361.16,0.63,0.64,57
btc-updown-15m-1775417400,1775417400,225,0.37,0.38,0.375,0.01,4604.19,1164.54,0.62,0.63,15
btc-updown-15m-1775417400,1775417400,240,0.38,0.39,0.385,0.01,4610.81,164.31,0.61,0.62,61
btc-updown-15m-1775417400,1775417400,255,0.38,0.39,0.385,0.01,3888.98,299.67,0.61,0.62,70
btc-updown-15m-1775417400,1775417400,270,0.39,0.4,0.395,0.01,546.61,834.63,0.6,0.61,227
btc-updown-15m-1775417400,1775417400,285,0.38,0.39,0.385,0.01,5503.38,734,0.61,0.62,69
btc-updown-15m-1775417400,1775417400,300,0.37,0.38,0.375,0.01,5443.64,217.04,0.62,0.63,70
btc-updown-15m-1775417400,1775417400,315,0.36,0.37,0.365,0.01,5970.96,1137.93,0.63,0.64,0
btc-updown-15m-1775417400,1775417400,330,0.32,0.33,0.325,0.01,108.65,383.08,0.67,0.68,2
btc-updown-15m-1775417400,1775417400,345,0.31,0.32,0.315,0.01,509.6,581.76,0.68,0.69,49
btc-updown-15m-1775417400,1775417400,360,0.29,0.33,0.31,0.04,394.57,563.75,0.67,0.71,5
btc-updown-15m-1775417400,1775417400,375,0.29,0.3,0.295,0.01,522.17,422.42,0.7,0.71,71
btc-updown-15m-1775417400,1775417400,390,0.28,0.3,0.29,0.02,364.62,428.35,0.7,0.72,65
btc-updown-15m-1775417400,1775417400,405,0.25,0.26,0.255,0.01,102.52,461,0.74,0.75,8
btc-updown-15m-1775417400,1775417400,420,0.22,0.23,0.225,0.01,520.15,602.39,0.77,0.78,59
btc-updown-15m-1775417400,1775417400,435,0.17,0.18,0.175,0.01,133,558.79,0.82,0.83,1
btc-updown-15m-1775417400,1775417400,450,0.17,0.18,0.175,0.01,2535.41,970.56,0.82,0.83,74
btc-updown-15m-1775417400,1775417400,465,0.17,0.18,0.175,0.01,2678.35,874.22,0.82,0.83,30
btc-updown-15m-1775417400,1775417400,480,0.17,0.18,0.175,0.01,2534.65,192.51,0.82,0.83,3
btc-updown-15m-1775417400,1775417400,495,0.08,0.09,0.085,0.01,719.8,532.56,0.91,0.92,248
btc-updown-15m-1775417400,1775417400,510,0.08,0.09,0.085,0.01,835.13,532.12,0.91,0.92,0
btc-updown-15m-1775417400,1775417400,525,0.07,0.08,0.075,0.01,754.42,881.95,0.92,0.93,0
btc-updown-15m-1775417400,1775417400,540,0.03,0.04,0.035,0.01,5916.17,2181.57,0.96,0.97,17
btc-updown-15m-1775417400,1775417400,555,0.02,0.03,0.025,0.01,5983.73,2073.75,0.97,0.98,32
btc-updown-15m-1775417400,1775417400,570,0.01,0.02,0.015,0.01,4492.43,2354.61,0.98,0.99,72
btc-updown-15m-1775417400,1775417400,585,0.01,0.02,0.015,0.01,3628.54,2685.05,0.98,0.99,25
btc-updown-15m-1775417400,1775417400,600,0.01,0.02,0.015,0.01,57.78,2582.71,0.98,0.99,335
btc-updown-15m-1775417400,1775417400,615,,0.01,,,0,3506.32,0.99,,30
btc-updown-15m-1775417400,1775417400,630,,0.01,,,0,3360.39,0.99,,13
btc-updown-15m-1775417400,1775417400,645,,0.01,,,0,2613.39,0.99,,1
btc-updown-15m-1775417400,1775417400,660,,0.01,,,0,3825.36,0.99,,10
btc-updown-15m-1775417400,1775417400,675,,0.01,,,0,4192.1,0.99,,47
btc-updown-15m-1775417400,1775417400,690,,0.01,,,0,5341.04,0.99,,18
btc-updown-15m-1775417400,1775417400,705,0.004,0.007,0.0055,0.003,7099.99,3926.56,0.993,0.996,56
btc-updown-15m-1775417400,1775417400,720,0.002,0.005,0.0035,0.003,8034,6317.44,0.995,0.998,31
btc-updown-15m-1775417400,1775417400,735,0.002,0.005,0.0035,0.003,8057.06,6367.53,0.995,0.998,98
btc-updown-15m-1775417400,1775417400,750,0.002,0.006,0.004,0.004,8057.06,6670.92,0.994,0.998,7
btc-updown-15m-1775417400,1775417400,765,0.002,0.006,0.004,0.004,9019,6555.28,0.994,0.998,139
btc-updown-15m-1775417400,1775417400,780,0.002,0.006,0.004,0.004,9144.83,6554.51,0.994,0.998,11
btc-updown-15m-1775417400,1775417400,795,0.001,0.002,0.0015,0.001,7381.1,375,0.998,0.999,33
btc-updown-15m-1775417400,1775417400,810,0.001,0.002,0.0015,0.001,7539.97,574.35,0.998,0.999,73
btc-updown-15m-1775417400,1775417400,825,,0.001,,,0,11700.49,0.999,,3
btc-updown-15m-1775417400,1775417400,840,,0.001,,,0,9815.52,0.999,,31
btc-updown-15m-1775417400,1775417400,845,,0.001,,,0,10148.48,0.999,,22
btc-updown-15m-1775417400,1775417400,850,,0.001,,,0,10178.48,0.999,,76
btc-updown-15m-1775417400,1775417400,855,,0.001,,,0,10223.48,0.999,,12
btc-updown-15m-1775417400,1775417400,860,,0.001,,,0,10198.31,0.999,,306
btc-updown-15m-1775417400,1775417400,865,,0.001,,,0,10198.31,0.999,,6
btc-updown-15m-1775417400,1775417400,870,,0.001,,,0,10198.31,0.999,,87
btc-updown-15m-1775417400,1775417400,875,,0.001,,,0,13608.31,0.999,,22
btc-updown-15m-1775417400,1775417400,880,,0.001,,,0,13608.31,0.999,,43
btc-updown-15m-1775417400,1775417400,885,,0.001,,,0,13613.31,0.999,,97
btc-updown-15m-1775417400,1775417400,890,,0.001,,,0,13596.59,0.999,,163
btc-updown-15m-1775417400,1775417400,895,,0.001,,,0,15718.59,0.999,,232
btc-updown-15m-1775417400,1775417400,897,,0.001,,,0,11604.78,0.999,,189
btc-updown-15m-1775417400,1775417400,899,,0.001,,,0,12281.26,0.999,,63
btc-updown-15m-1775417400,1775417400,900,,0.001,,,0,48401.89,0.999,,3
btc-updown-15m-1775428200,1775428200,0,0.55,0.57,0.56,0.02,2925.69,78.78,0.43,0.45,11
btc-updown-15m-1775428200,1775428200,15,0.57,0.58,0.575,0.01,3924.84,299.35,0.42,0.43,45
btc-updown-15m-1775428200,1775428200,30,0.6,0.61,0.605,0.01,448.64,213.72,0.39,0.4,68
btc-updown-15m-1775428200,1775428200,45,0.56,0.57,0.565,0.01,3304.7,1108.92,0.43,0.44,20
btc-updown-15m-1775428200,1775428200,60,0.55,0.56,0.555,0.01,2492.1,786.47,0.44,0.45,33
btc-updown-15m-1775428200,1775428200,75,0.59,0.6,0.595,0.01,214.87,577.49,0.4,0.41,10
btc-updown-15m-1775428200,1775428200,90,0.71,0.72,0.715,0.01,254.39,525.07,0.28,0.29,15
btc-updown-15m-1775428200,1775428200,105,0.85,0.86,0.855,0.01,285.39,677.18,0.14,0.15,37
btc-updown-15m-1775428200,1775428200,120,0.81,0.82,0.815,0.01,443.6,258.46,0.18,0.19,71
btc-updown-15m-1775428200,1775428200,135,0.87,0.88,0.875,0.01,294.33,388,0.12,0.13,33
btc-updown-15m-1775428200,1775428200,150,0.9,0.91,0.905,0.01,402.8,880.85,0.09,0.1,29
btc-updown-15m-1775428200,1775428200,165,0.87,0.88,0.875,0.01,186.23,676.58,0.12,0.13,32
btc-updown-15m-1775428200,1775428200,180,0.83,0.84,0.835,0.01,222.95,500.03,0.16,0.17,65
btc-updown-15m-1775428200,1775428200,195,0.88,0.89,0.885,0.01,407.43,595.6,0.11,0.12,5
btc-updown-15m-1775428200,1775428200,210,0.82,0.83,0.825,0.01,543.47,408.94,0.17,0.18,57
btc-updown-15m-1775428200,1775428200,225,0.85,0.86,0.855,0.01,304.82,292.06,0.14,0.15,66
btc-updown-15m-1775428200,1775428200,240,0.81,0.82,0.815,0.01,533.27,380.52,0.18,0.19,63
btc-updown-15m-1775428200,1775428200,255,0.78,0.79,0.785,0.01,551.03,147.65,0.21,0.22,2
btc-updown-15m-1775428200,1775428200,270,0.78,0.79,0.785,0.01,326.03,532.46,0.21,0.22,21
btc-updown-15m-1775428200,1775428200,285,0.77,0.78,0.775,0.01,223.5,489.8,0.22,0.23,10
btc-updown-15m-1775428200,1775428200,300,0.79,0.8,0.795,0.01,660.23,149,0.2,0.21,8
btc-updown-15m-1775428200,1775428200,315,0.77,0.78,0.775,0.01,410.5,259,0.22,0.23,0
btc-updown-15m-1775428200,1775428200,330,0.79,0.8,0.795,0.01,573.4,240,0.2,0.21,11
btc-updown-15m-1775428200,1775428200,345,0.86,0.87,0.865,0.01,292,581.84,0.13,0.14,54
btc-updown-15m-1775428200,1775428200,360,0.82,0.83,0.825,0.01,426.42,439.82,0.17,0.18,63
btc-updown-15m-1775428200,1775428200,375,0.79,0.8,0.795,0.01,316.15,622.84,0.2,0.21,11
btc-updown-15m-1775428200,1775428200,390,0.81,0.82,0.815,0.01,546.53,434.31,0.18,0.19,33
btc-updown-15m-1775428200,1775428200,405,0.81,0.82,0.815,0.01,711.77,479.59,0.18,0.19,0
btc-updown-15m-1775428200,1775428200,420,0.77,0.78,0.775,0.01,725.62,454.19,0.22,0.23,6
btc-updown-15m-1775428200,1775428200,435,0.78,0.79,0.785,0.01,800.13,387.34,0.21,0.22,3
btc-updown-15m-1775428200,1775428200,450,0.83,0.84,0.835,0.01,992.78,401.27,0.16,0.17,67
btc-updown-15m-1775428200,1775428200,465,0.89,0.9,0.895,0.01,690.21,668.54,0.1,0.11,58
btc-updown-15m-1775428200,1775428200,480,0.92,0.93,0.925,0.01,823.53,787.16,0.07,0.08,38
btc-updown-15m-1775428200,1775428200,495,0.93,0.94,0.935,0.01,2959.72,941.24,0.06,0.07,68
btc-updown-15m-1775428200,1775428200,510,0.96,0.97,0.965,0.01,856.34,6348.19,0.03,0.04,6
btc-updown-15m-1775428200,1775428200,525,0.98,0.99,0.985,0.01,2545.93,5263.39,0.01,0.02,1
btc-updown-15m-1775428200,1775428200,540,0.97,0.98,0.975,0.01,751.17,5717.46,0.02,0.03,131
btc-updown-15m-1775428200,1775428200,555,0.97,0.98,0.975,0.01,1688.98,5578.82,0.02,0.03,49
btc-updown-15m-1775428200,1775428200,570,0.98,0.99,0.985,0.01,1994.12,4791.51,0.01,0.02,33
btc-updown-15m-1775428200,1775428200,585,0.98,0.99,0.985,0.01,2143.78,4823.89,0.01,0.02,328
btc-updown-15m-1775428200,1775428200,600,0.98,0.99,0.985,0.01,2858.96,1058.01,0.01,0.02,7
btc-updown-15m-1775428200,1775428200,615,0.99,,,,2893.34,0,,0.01,46
btc-updown-15m-1775428200,1775428200,630,0.99,,,,3345.65,0,,0.01,77
btc-updown-15m-1775428200,1775428200,645,0.99,,,,2711.55,0,,0.01,0
btc-updown-15m-1775428200,1775428200,660,0.99,,,,1746.96,0,,0.01,39
btc-updown-15m-1775428200,1775428200,675,0.99,,,,5804.14,0,,0.01,10
btc-updown-15m-1775428200,1775428200,690,0.99,,,,5434.14,0,,0.01,4
btc-updown-15m-1775428200,1775428200,705,0.99,,,,10454.28,0,,0.01,66
btc-updown-15m-1775428200,1775428200,720,0.99,,,,13614.34,0,,0.01,17
btc-updown-15m-1775428200,1775428200,735,0.998,0.999,0.9985,0.001,34.01,4324,0.001,0.002,29
btc-updown-15m-1775428200,1775428200,750,0.995,0.999,0.997,0.004,3397.62,3374.2,0.001,0.005,1
btc-updown-15m-1775428200,1775428200,765,0.998,0.999,0.9985,0.001,1237.8,2511.97,0.001,0.002,67
btc-updown-15m-1775428200,1775428200,780,0.998,0.999,0.9985,0.001,1130.13,1036.91,0.001,0.002,2
btc-updown-15m-1775428200,1775428200,795,0.999,,,,13742.93,0,,0.001,65
btc-updown-15m-1775428200,1775428200,810,0.999,,,,24853.93,0,,0.001,14
btc-updown-15m-1775428200,1775428200,825,0.999,,,,42785.51,0,,0.001,67
btc-updown-15m-1775428200,1775428200,840,0.999,,,,42775.55,0,,0.001,13
btc-updown-15m-1775428200,1775428200,845,0.999,,,,43395.56,0,,0.001,0
btc-updown-15m-1775428200,1775428200,850,0.999,,,,43395.56,0,,0.001,8
btc-updown-15m-1775428200,1775428200,855,0.999,,,,40395.56,0,,0.001,63
btc-updown-15m-1775428200,1775428200,860,0.999,,,,40395.56,0,,0.001,101
btc-updown-15m-1775428200,1775428200,865,0.999,,,,40395.56,0,,0.001,95
btc-updown-15m-1775428200,1775428200,870,0.999,,,,40391.75,0,,0.001,64
btc-updown-15m-1775428200,1775428200,875,0.999,,,,40401.75,0,,0.001,2
btc-updown-15m-1775428200,1775428200,880,0.999,,,,40401.75,0,,0.001,86
btc-updown-15m-1775428200,1775428200,885,0.999,,,,40396.06,0,,0.001,15
btc-updown-15m-1775428200,1775428200,890,0.999,,,,40764,0,,0.001,13
btc-updown-15m-1775428200,1775428200,895,0.999,,,,40697,0,,0.001,164
btc-updown-15m-1775428200,1775428200,897,0.999,,,,39578.88,0,,0.001,425
btc-updown-15m-1775428200,1775428200,899,0.999,,,,40505.48,0,,0.001,25
btc-updown-15m-1775428200,1775428200,900,0.999,,,,72919.6,0,,0.001,2
btc-updown-15m-1775439000,1775439000,0,0.5,0.51,0.505,0.01,89.12,250.93,0.49,0.5,981
btc-updown-15m-1775439000,1775439000,15,0.41,0.42,0.415,0.01,623.5,1492.62,0.58,0.59,0
btc-updown-15m-1775439000,1775439000,30,0.31,0.32,0.315,0.01,1996.47,160.73,0.68,0.69,4
btc-updown-15m-1775439000,1775439000,45,0.37,0.38,0.375,0.01,774,1559.22,0.62,0.63,6
btc-updown-15m-1775439000,1775439000,60,0.3,0.31,0.305,0.01,2011.75,1265.5,0.69,0.7,0
btc-updown-15m-1775439000,1775439000,75,0.28,0.29,0.285,0.01,1883.16,1271.94,0.71,0.72,53
btc-updown-15m-1775439000,1775439000,90,0.27,0.28,0.275,0.01,1529.13,1642,0.72,0.73,43
btc-updown-15m-1775439000,1775439000,105,0.31,0.32,0.315,0.01,1869.96,1594.77,0.68,0.69,77
btc-updown-15m-1775439000,1775439000,120,0.28,0.29,0.285,0.01,1932.9,704.25,0.71,0.72,64
btc-updown-15m-1775439000,1775439000,135,0.23,0.24,0.235,0.01,575.2,1595.76,0.76,0.77,3
btc-updown-15m-1775439000,1775439000,150,0.2,0.21,0.205,0.01,1446.56,1712.08,0.79,0.8,32
btc-updown-15m-1775439000,1775439000,165,0.18,0.19,0.185,0.01,1547.77,1928.86,0.81,0.82,70
btc-updown-15m-1775439000,1775439000,180,0.21,0.22,0.215,0.01,1729.26,1536.9,0.78,0.79,3
btc-updown-15m-1775439000,1775439000,195,0.22,0.23,0.225,0.01,2083.97,47,0.77,0.78,0
btc-updown-15m-1775439000,1775439000,210,0.19,0.2,0.195,0.01,1692.3,1732.5,0.8,0.81,5
btc-updown-15m-1775439000,1775439000,225,0.17,0.18,0.175,0.01,1584.52,1641.94,0.82,0.83,1
btc-updown-15m-1775439000,1775439000,240,0.13,0.14,0.135,0.01,1667.34,1562.2,0.86,0.87,14
btc-updown-15m-1775439000,1775439000,255,0.13,0.14,0.135,0.01,1515.98,2300.4,0.86,0.87,42
btc-updown-15m-1775439000,1775439000,270,0.12,0.13,0.125,0.01,1718.5,710.14,0.87,0.88,16
btc-updown-15m-1775439000,1775439000,285,0.15,0.16,0.155,0.01,684.91,1024.3,0.84,0.85,44
btc-updown-15m-1775439000,1775439000,300,0.15,0.16,0.155,0.01,443.36,530.55,0.84,0.85,70
btc-updown-15m-1775439000,1775439000,315,0.15,0.16,0.155,0.01,829.23,1857.05,0.84,0.85,67
btc-updown-15m-1775439000,1775439000,330,0.13,0.14,0.135,0.01,1611.38,536,0.86,0.87,4
btc-updown-15m-1775439000,1775439000,345,0.18,0.19,0.185,0.01,1762.3,1600.5,0.81,0.82,22
btc-updown-15m-1775439000,1775439000,360,0.18,0.19,0.185,0.01,2006.9,1493.99,0.81,0.82,64
btc-updown-15m-1775439000,1775439000,375,0.14,0.15,0.145,0.01,727.74,1854.63,0.85,0.86,14
btc-updown-15m-1775439000,1775439000,390,0.12,0.13,0.125,0.01,1873.9,1547.1,0.87,0.88,72
btc-updown-15m-1775439000,1775439000,405,0.11,0.12,0.115,0.01,1069.97,1876.33,0.88,0.89,63
btc-updown-15m-1775439000,1775439000,420,0.09,0.1,0.095,0.01,2071.03,1455.24,0.9,0.91,69
btc-updown-15m-1775439000,1775439000,435,0.14,0.15,0.145,0.01,1931.01,1625.28,0.85,0.86,72
btc-updown-15m-1775439000,1775439000,450,0.08,0.09,0.085,0.01,2071.71,1785.83,0.91,0.92,8
btc-updown-15m-1775439000,1775439000,465,0.08,0.09,0.085,0.01,1873.89,1908.97,0.91,0.92,6
btc-updown-15m-1775439000,1775439000,480,0.07,0.08,0.075,0.01,1287.79,2579.2,0.92,0.93,69
btc-updown-15m-1775439000,1775439000,495,0.08,0.09,0.085,0.01,1798.14,1601.42,0.91,0.92,30
btc-updown-15m-1775439000,1775439000,510,0.07,0.08,0.075,0.01,2635.92,1376.64,0.92,0.93,10
btc-updown-15m-1775439000,1775439000,525,0.06,0.07,0.065,0.01,2772.16,1867.67,0.93,0.94,45
btc-updown-15m-1775439000,1775439000,540,0.09,0.11,0.1,0.02,2138.96,347.6,0.89,0.91,1
btc-updown-15m-1775439000,1775439000,555,0.29,0.3,0.295,0.01,1127.01,187,0.7,0.71,5
btc-updown-15m-1775439000,1775439000,570,0.37,0.38,0.375,0.01,607.86,1573.5,0.62,0.63,52
btc-updown-15m-1775439000,1775439000,585,0.39,0.4,0.395,0.01,84.56,2679.73,0.6,0.61,2
btc-updown-15m-1775439000,1775439000,600,0.16,0.17,0.165,0.01,316.15,575.79,0.83,0.84,1
btc-updown-15m-1775439000,1775439000,615,0.08,0.09,0.085,0.01,1789.46,576,0.91,0.92,3
btc-updown-15m-1775439000,1775439000,630,0.05,0.06,0.055,0.01,1836.71,983.43,0.94,0.95,0
btc-updown-15m-1775439000,1775439000,645,0.07,0.08,0.075,0.01,596.23,1727.05,0.92,0.93,29
btc-updown-15m-1775439000,1775439000,660,0.06,0.07,0.065,0.01,2008.01,1615.37,0.93,0.94,70
btc-updown-15m-1775439000,1775439000,675,0.04,0.05,0.045,0.01,2447.54,1768.57,0.95,0.96,28
btc-updown-15m-1775439000,1775439000,690,0.02,0.03,0.025,0.01,6596,2848.89,0.97,0.98,50
btc-updown-15m-1775439000,1775439000,705,0.01,0.02,0.015,0.01,2611.54,4052.78,0.98,0.99,29
btc-updown-15m-1775439000,1775439000,720,0.02,0.03,0.025,0.01,3008.11,2738.14,0.97,0.98,62
btc-updown-15m-1775439000,1775439000,735,,0.01,,,0,4811.19,0.99,,27
btc-updown-15m-1775439000,1775439000,750,,0.01,,,0,7226.6,0.99,,60
btc-updown-15m-1775439000,1775439000,765,,0.01,,,0,5225.42,0.99,,29
btc-updown-15m-1775439000,1775439000,780,,0.01,,,0,6443.13,0.99,,63
btc-updown-15m-1775439000,1775439000,795,,0.01,,,0,7334.61,0.99,,27
btc-updown-15m-1775439000,1775439000,810,,0.01,,,0,6122.61,0.99,,60
btc-updown-15m-1775439000,1775439000,825,0.001,0.002,0.0015,0.001,5576.99,930,0.998,0.999,3
btc-updown-15m-1775439000,1775439000,840,0.001,0.002,0.0015,0.001,5476.94,200.98,0.998,0.999,62
btc-updown-15m-1775439000,1775439000,845,0.001,0.008,0.0045,0.007,5433.94,10946.53,0.992,0.999,29
btc-updown-15m-1775439000,1775439000,850,,0.001,,,0,7614.07,0.999,,52
btc-updown-15m-1775439000,1775439000,855,,0.001,,,0,7632.98,0.999,,29
btc-updown-15m-1775439000,1775439000,860,0.001,0.002,0.0015,0.001,422.44,77.01,0.998,0.999,230
btc-updown-15m-1775439000,1775439000,865,0.001,0.002,0.0015,0.001,415.45,84.52,0.998,0.999,341
btc-updown-15m-1775439000,1775439000,870,0.001,0.002,0.0015,0.001,393.47,106.5,0.998,0.999,6
btc-updown-15m-1775439000,1775439000,875,0.001,0.002,0.0015,0.001,101.4,353,0.998,0.999,16
btc-updown-15m-1775439000,1775439000,880,0.001,0.002,0.0015,0.001,5.35,479,0.998,0.999,38
btc-updown-15m-1775439000,1775439000,885,0.001,0.002,0.0015,0.001,0.35,499.57,0.998,0.999,37
btc-updown-15m-1775439000,1775439000,890,,0.001,,,0,474.22,0.999,,232
btc-updown-15m-1775439000,1775439000,895,,0.001,,,0,547.22,0.999,,29
btc-updown-15m-1775439000,1775439000,897,,0.001,,,0,11474.2,0.999,,36
btc-updown-15m-1775439000,1775439000,899,,0.001,,,0,15297.82,0.999,,21
btc-updown-15m-1775439000,1775439000,900,,0.001,,,0,59631.79,0.999,,21
btc-updown-15m-1775448900,1775448900,0,0.57,0.59,0.58,0.02,221.12,92.96,0.41,0.43,126
btc-updown-15m-1775448900,1775448900,15,0.43,0.44,0.435,0.01,588.66,1759.55,0.56,0.57,11
btc-updown-15m-1775448900,1775448900,30,0.42,0.43,0.425,0.01,1114.71,1685.8,0.57,0.58,13
btc-updown-15m-1775448900,1775448900,45,0.4,0.41,0.405,0.01,981,1620.98,0.59,0.6,61
btc-updown-15m-1775448900,1775448900,60,0.4,0.41,0.405,0.01,659.31,1785.34,0.59,0.6,69
btc-updown-15m-1775448900,1775448900,75,0.4,0.41,0.405,0.01,757.95,1873.89,0.59,0.6,66
btc-updown-15m-1775448900,1775448900,90,0.37,0.38,0.375,0.01,1780.83,1744.36,0.62,0.63,49
btc-updown-15m-1775448900,1775448900,105,0.35,0.36,0.355,0.01,1976.87,1337.48,0.64,0.65,23
btc-updown-15m-1775448900,1775448900,120,0.35,0.36,0.355,0.01,853.68,1730.19,0.64,0.65,4
btc-updown-15m-1775448900,1775448900,135,0.4,0.41,0.405,0.01,1582,1651.91,0.59,0.6,68
btc-updown-15m-1775448900,1775448900,150,0.35,0.36,0.355,0.01,609.55,1767.61,0.64,0.65,69
btc-updown-15m-1775448900,1775448900,165,0.34,0.35,0.345,0.01,1691.8,1491.36,0.65,0.66,71
btc-updown-15m-1775448900,1775448900,180,0.36,0.37,0.365,0.01,1260.27,1629.75,0.63,0.64,64
btc-updown-15m-1775448900,1775448900,195,0.41,0.42,0.415,0.01,1588,563.94,0.58,0.59,16
btc-updown-15m-1775448900,1775448900,210,0.41,0.42,0.415,0.01,1483.23,1813.12,0.58,0.59,2
btc-updown-15m-1775448900,1775448900,225,0.37,0.38,0.375,0.01,464.5,471,0.62,0.63,40
btc-updown-15m-1775448900,1775448900,240,0.36,0.37,0.365,0.01,1707.75,93.56,0.63,0.64,1
btc-updown-15m-1775448900,1775448900,255,0.38,0.39,0.385,0.01,841,1370.41,0.61,0.62,74
btc-updown-15m-1775448900,1775448900,270,0.32,0.33,0.325,0.01,203.23,1774.29,0.67,0.68,0
btc-updown-15m-1775448900,1775448900,285,0.26,0.27,0.265,0.01,979.05,1801.4,0.73,0.74,24
btc-updown-15m-1775448900,1775448900,300,0.2,0.21,0.205,0.01,719.61,336.68,0.79,0.8,12
btc-updown-15m-1775448900,1775448900,315,0.17,0.18,0.175,0.01,1677.96,399.5,0.82,0.83,15
btc-updown-15m-1775448900,1775448900,330,0.17,0.18,0.175,0.01,721.17,1469,0.82,0.83,60
btc-updown-15m-1775448900,1775448900,345,0.23,0.24,0.235,0.01,1651.04,1521.31,0.76,0.77,1
btc-updown-15m-1775448900,1775448900,360,0.23,0.24,0.235,0.01,1200.12,1414.81,0.76,0.77,1
btc-updown-15m-1775448900,1775448900,375,0.23,0.24,0.235,0.01,590.9,1466.04,0.76,0.77,34
btc-updown-15m-1775448900,1775448900,390,0.26,0.27,0.265,0.01,128.96,964.01,0.73,0.74,0
btc-updown-15m-1775448900,1775448900,405,0.16,0.17,0.165,0.01,1594.15,1568.5,0.83,0.84,12
btc-updown-15m-1775448900,1775448900,420,0.15,0.16,0.155,0.01,887.3,1471.5,0.84,0.85,37
btc-updown-15m-1775448900,1775448900,435,0.13,0.14,0.135,0.01,570.31,1846,0.86,0.87,32
btc-updown-15m-1775448900,1775448900,450,0.12,0.13,0.125,0.01,1579.81,1360.06,0.87,0.88,4
btc-updown-15m-1775448900,1775448900,465,0.15,0.16,0.155,0.01,1532.62,1450.54,0.84,0.85,34
btc-updown-15m-1775448900,1775448900,480,0.18,0.19,0.185,0.01,520,159.01,0.81,0.82,71
btc-updown-15m-1775448900,1775448900,495,0.2,0.21,0.205,0.01,1398.95,1289.65,0.79,0.8,33
btc-updown-15m-1775448900,1775448900,510,0.2,0.21,0.205,0.01,1442.55,1605.31,0.79,0.8,59
btc-updown-15m-1775448900,1775448900,525,0.17,0.18,0.175,0.01,681.44,1819.5,0.82,0.83,344
btc-updown-15m-1775448900,1775448900,540,0.14,0.15,0.145,0.01,1585,1621.89,0.85,0.86,72
btc-updown-15m-1775448900,1775448900,555,0.11,0.12,0.115,0.01,761.01,1775.6,0.88,0.89,33
btc-updown-15m-1775448900,1775448900,570,0.12,0.13,0.125,0.01,503.09,1598.59,0.87,0.88,74
btc-updown-15m-1775448900,1775448900,585,0.08,0.09,0.085,0.01,2183.09,1551.71,0.91,0.92,35
btc-updown-15m-1775448900,1775448900,600,0.07,0.08,0.075,0.01,803.39,847.76,0.92,0.93,17
btc-updown-15m-1775448900,1775448900,615,0.06,0.07,0.065,0.01,2286.17,970.59,0.93,0.94,22
btc-updown-15m-1775448900,1775448900,630,0.06,0.07,0.065,0.01,1761.22,992.26,0.93,0.94,55
btc-updown-15m-1775448900,1775448900,645,0.06,0.07,0.065,0.01,1543.84,2031.12,0.93,0.94,4
btc-updown-15m-1775448900,1775448900,660,0.06,0.07,0.065,0.01,2105.67,952.09,0.93,0.94,9
btc-updown-15m-1775448900,1775448900,675,0.06,0.07,0.065,0.01,1448.37,2023.57,0.93,0.94,28
btc-updown-15m-1775448900,1775448900,690,0.05,0.06,0.055,0.01,2332.23,1843.88,0.94,0.95,34
btc-updown-15m-1775448900,1775448900,705,0.05,0.06,0.055,0.01,2011.93,1871.08,0.94,0.95,30
btc-updown-15m-1775448900,1775448900,720,0.04,0.05,0.045,0.01,3114.32,1729.69,0.95,0.96,39
btc-updown-15m-1775448900,1775448900,735,0.04,0.05,0.045,0.01,3010.85,1843.22,0.95,0.96,20
btc-updown-15m-1775448900,1775448900,750,0.02,0.03,0.025,0.01,5287,2153.37,0.97,0.98,59
btc-updown-15m-1775448900,1775448900,765,,0.01,,,0,9541.09,0.99,,23
btc-updown-15m-1775448900,1775448900,780,,0.01,,,0,8511.62,0.99,,64
btc-updown-15m-1775448900,1775448900,795,,0.01,,,0,10430.97,0.99,,31
btc-updown-15m-1775448900,1775448900,810,,0.01,,,0,10559.2,0.99,,11
btc-updown-15m-1775448900,1775448900,825,,0.01,,,0,12578.06,0.99,,29
btc-updown-15m-1775448900,1775448900,840,,0.01,,,0,10197.37,0.99,,2
btc-updown-15m-1775448900,1775448900,845,,0.01,,,0,9950.73,0.99,,10
btc-updown-15m-1775448900,1775448900,850,,0.01,,,0,11931.83,0.99,,230
btc-updown-15m-1775448900,1775448900,855,,0.01,,,0,11931.83,0.99,,19
btc-updown-15m-1775448900,1775448900,860,,0.01,,,0,11841.83,0.99,,141
btc-updown-15m-1775448900,1775448900,865,,0.01,,,0,14043.37,0.99,,15
btc-updown-15m-1775448900,1775448900,870,,0.01,,,0,17079.39,0.99,,222
btc-updown-15m-1775448900,1775448900,875,,0.01,,,0,17057.39,0.99,,29
btc-updown-15m-1775448900,1775448900,880,,0.01,,,0,18241.85,0.99,,90
btc-updown-15m-1775448900,1775448900,885,,0.01,,,0,18263.07,0.99,,148
btc-updown-15m-1775448900,1775448900,890,,0.01,,,0,18454.5,0.99,,31
btc-updown-15m-1775448900,1775448900,895,,0.01,,,0,18610.5,0.99,,209
btc-updown-15m-1775448900,1775448900,897,,0.01,,,0,22925.73,0.99,,229
btc-updown-15m-1775448900,1775448900,899,,0.01,,,0,26917.78,0.99,,80
btc-updown-15m-1775448900,1775448900,900,,0.01,,,0,69137.65,0.99,,3
btc-updown-15m-1775459700,1775459700,0,0.52,0.55,0.535,0.03,393.07,1113.45,0.45,0.48,238
btc-updown-15m-1775459700,1775459700,15,0.62,0.63,0.625,0.01,1877.49,500.6,0.37,0.38,9
btc-updown-15m-1775459700,1775459700,30,0.59,0.6,0.595,0.01,1423.59,1803.89,0.4,0.41,26
btc-updown-15m-1775459700,1775459700,45,0.63,0.64,0.635,0.01,1422.99,759.31,0.36,0.37,0
btc-updown-15m-1775459700,1775459700,60,0.71,0.72,0.715,0.01,1533.68,1760.98,0.28,0.29,30
btc-updown-15m-1775459700,1775459700,75,0.81,0.82,0.815,0.01,657.78,983.94,0.18,0.19,8
btc-updown-15m-1775459700,1775459700,90,0.8,0.81,0.805,0.01,1512.54,1424,0.19,0.2,16
btc-updown-15m-1775459700,1775459700,105,0.78,0.79,0.785,0.01,946,1614.08,0.21,0.22,73
btc-updown-15m-1775459700,1775459700,120,0.76,0.77,0.765,0.01,1700.66,429.62,0.23,0.24,29
btc-updown-15m-1775459700,1775459700,135,0.82,0.83,0.825,0.01,2310.74,1502.52,0.17,0.18,40
btc-updown-15m-1775459700,1775459700,150,0.82,0.83,0.825,0.01,1815.48,164.5,0.17,0.18,9
btc-updown-15m-1775459700,1775459700,165,0.84,0.85,0.845,0.01,1969.95,649.26,0.15,0.16,16
btc-updown-15m-1775459700,1775459700,180,0.85,0.86,0.855,0.01,2154.97,1532.08,0.14,0.15,33
btc-updown-15m-1775459700,1775459700,195,0.79,0.8,0.795,0.01,1555.6,1524.34,0.2,0.21,71
btc-updown-15m-1775459700,1775459700,210,0.76,0.77,0.765,0.01,1964.59,1466.57,0.23,0.24,30
btc-updown-15m-1775459700,1775459700,225,0.76,0.77,0.765,0.01,1608.69,1605.92,0.23,0.24,62
btc-updown-15m-1775459700,1775459700,240,0.81,0.82,0.815,0.01,1329.65,1496.54,0.18,0.19,1
btc-updown-15m-1775459700,1775459700,255,0.8,0.81,0.805,0.01,1855.93,1503.9,0.19,0.2,70
btc-updown-15m-1775459700,1775459700,270,0.8,0.81,0.805,0.01,1356.27,1688.08,0.19,0.2,35
btc-updown-15m-1775459700,1775459700,285,0.75,0.76,0.755,0.01,1496.98,1662.76,0.24,0.25,67
btc-updown-15m-1775459700,1775459700,300,0.85,0.86,0.855,0.01,1131.2,509.19,0.14,0.15,2
btc-updown-15m-1775459700,1775459700,315,0.86,0.87,0.865,0.01,1929.53,487.64,0.13,0.14,0
btc-updown-15m-1775459700,1775459700,330,0.88,0.89,0.885,0.01,1698,906.06,0.11,0.12,4
btc-updown-15m-1775459700,1775459700,345,0.86,0.87,0.865,0.01,1460.43,1147.66,0.13,0.14,20
btc-updown-15m-1775459700,1775459700,360,0.85,0.86,0.855,0.01,2075.62,576.99,0.14,0.15,30
btc-updown-15m-1775459700,1775459700,375,0.86,0.87,0.865,0.01,2186.73,428.02,0.13,0.14,32
btc-updown-15m-1775459700,1775459700,390,0.91,0.92,0.915,0.01,2505.4,916.62,0.08,0.09,17
btc-updown-15m-1775459700,1775459700,405,0.9,0.91,0.905,0.01,1736.5,2142.92,0.09,0.1,49
btc-updown-15m-1775459700,1775459700,420,0.91,0.92,0.915,0.01,1968.86,2113.23,0.08,0.09,6
btc-updown-15m-1775459700,1775459700,435,0.91,0.92,0.915,0.01,1872.27,2087.75,0.08,0.09,230
btc-updown-15m-1775459700,1775459700,450,0.93,0.94,0.935,0.01,1737.69,1877.51,0.06,0.07,30
btc-updown-15m-1775459700,1775459700,465,0.93,0.94,0.935,0.01,1458.5,1795.42,0.06,0.07,4
btc-updown-15m-1775459700,1775459700,480,0.92,0.93,0.925,0.01,1518.25,2061.05,0.07,0.08,24
btc-updown-15m-1775459700,1775459700,495,0.94,0.95,0.945,0.01,1798.5,1703.22,0.05,0.06,1
btc-updown-15m-1775459700,1775459700,510,0.96,0.97,0.965,0.01,1180.75,12162.32,0.03,0.04,0
btc-updown-15m-1775459700,1775459700,525,0.96,0.97,0.965,0.01,2032.25,5952.73,0.03,0.04,5
btc-updown-15m-1775459700,1775459700,540,0.98,0.99,0.985,0.01,5850.33,2356.63,0.01,0.02,16
btc-updown-15m-1775459700,1775459700,555,0.98,0.99,0.985,0.01,6107.21,1444.29,0.01,0.02,31
btc-updown-15m-1775459700,1775459700,570,0.98,0.99,0.985,0.01,5819.02,1064.16,0.01,0.02,26
btc-updown-15m-1775459700,1775459700,585,0.98,0.99,0.985,0.01,6025.32,1918.27,0.01,0.02,59
btc-updown-15m-1775459700,1775459700,600,0.99,,,,4239.75,0,,0.01,78
btc-updown-15m-1775459700,1775459700,615,0.99,,,,22240.41,0,,0.01,70
btc-updown-15m-1775459700,1775459700,630,0.99,,,,22098.57,0,,0.01,22
btc-updown-15m-1775459700,1775459700,645,0.993,0.994,0.9935,0.001,19910.99,1129.57,0.006,0.007,24
btc-updown-15m-1775459700,1775459700,660,0.995,0.996,0.9955,0.001,1095,1385,0.004,0.005,27
btc-updown-15m-1775459700,1775459700,675,0.995,0.996,0.9955,0.001,1110,1383.15,0.004,0.005,70
btc-updown-15m-1775459700,1775459700,690,0.995,0.997,0.996,0.002,9135.44,10901.33,0.003,0.005,29
btc-updown-15m-1775459700,1775459700,705,0.997,0.998,0.9975,0.001,10097.11,9393.77,0.002,0.003,42
btc-updown-15m-1775459700,1775459700,720,0.997,0.998,0.9975,0.001,2727.66,9318.77,0.002,0.003,6
btc-updown-15m-1775459700,1775459700,735,0.997,0.998,0.9975,0.001,10024.12,8882.85,0.002,0.003,224
btc-updown-15m-1775459700,1775459700,750,0.998,0.999,0.9985,0.001,8528.12,7318.77,0.001,0.002,21
btc-updown-15m-1775459700,1775459700,765,0.998,0.999,0.9985,0.001,10698.12,4781.66,0.001,0.002,65
btc-updown-15m-1775459700,1775459700,780,0.999,,,,15809.66,0,,0.001,14
btc-updown-15m-1775459700,1775459700,795,0.999,,,,22541.37,0,,0.001,55
btc-updown-15m-1775459700,1775459700,810,0.999,,,,22541.37,0,,0.001,17
btc-updown-15m-1775459700,1775459700,825,0.999,,,,34537.39,0,,0.001,54
btc-updown-15m-1775459700,1775459700,840,0.999,,,,34531.14,0,,0.001,24
btc-updown-15m-1775459700,1775459700,845,0.999,,,,33001.15,0,,0.001,4
btc-updown-15m-1775459700,1775459700,850,0.999,,,,33001.15,0,,0.001,19
btc-updown-15m-1775459700,1775459700,855,0.999,,,,33001.15,0,,0.001,30
btc-updown-15m-1775459700,1775459700,860,0.999,,,,33001.15,0,,0.001,14
btc-updown-15m-1775459700,1775459700,865,0.999,,,,32001.15,0,,0.001,215
btc-updown-15m-1775459700,1775459700,870,0.999,,,,31962.45,0,,0.001,21
btc-updown-15m-1775459700,1775459700,875,0.999,,,,31972.45,0,,0.001,7
btc-updown-15m-1775459700,1775459700,880,0.999,,,,31964.23,0,,0.001,23
btc-updown-15m-1775459700,1775459700,885,0.999,,,,31963.99,0,,0.001,225
btc-updown-15m-1775459700,1775459700,890,0.999,,,,32153.42,0,,0.001,14
btc-updown-15m-1775459700,1775459700,895,0.999,,,,32053.42,0,,0.001,216
btc-updown-15m-1775459700,1775459700,897,0.999,,,,27853.47,0,,0.001,222
btc-updown-15m-1775459700,1775459700,899,0.999,,,,29033.59,0,,0.001,27
btc-updown-15m-1775459700,1775459700,900,0.999,,,,62986.01,0,,0.001,14
btc-updown-15m-1775469600,1775469600,0,0.51,0.52,0.515,0.01,1205.25,76.8,0.48,0.49,28
btc-updown-15m-1775469600,1775469600,15,0.6,0.61,0.605,0.01,1363.5,918.94,0.39,0.4,3
btc-updown-15m-1775469600,1775469600,30,0.6,0.61,0.605,0.01,328.86,2458.83,0.39,0.4,9
btc-updown-15m-1775469600,1775469600,45,0.56,0.57,0.565,0.01,1504.31,1583.05,0.43,0.44,0
btc-updown-15m-1775469600,1775469600,60,0.51,0.52,0.515,0.01,2012.51,2015.78,0.48,0.49,28
btc-updown-15m-1775469600,1775469600,75,0.62,0.63,0.625,0.01,1737.76,1656.28,0.37,0.38,194
btc-updown-15m-1775469600,1775469600,90,0.58,0.59,0.585,0.01,1620.57,635.89,0.41,0.42,144
btc-updown-15m-1775469600,1775469600,105,0.62,0.63,0.625,0.01,2061.95,1618.02,0.37,0.38,94
btc-updown-15m-1775469600,1775469600,120,0.69,0.7,0.695,0.01,694.5,1848.38,0.3,0.31,0
btc-updown-15m-1775469600,1775469600,135,0.71,0.72,0.715,0.01,1899.58,1674.95,0.28,0.29,2
btc-updown-15m-1775469600,1775469600,150,0.68,0.69,0.685,0.01,1373.43,1378.04,0.31,0.32,27
btc-updown-15m-1775469600,1775469600,165,0.73,0.74,0.735,0.01,331.41,2158.81,0.26,0.27,5
btc-updown-15m-1775469600,1775469600,180,0.66,0.67,0.665,0.01,1393.39,1865.28,0.33,0.34,30
btc-updown-15m-1775469600,1775469600,195,0.66,0.67,0.665,0.01,136.17,2235.08,0.33,0.34,6
btc-updown-15m-1775469600,1775469600,210,0.63,0.64,0.635,0.01,680.71,1815.85,0.36,0.37,29
btc-updown-15m-1775469600,1775469600,225,0.7,0.71,0.705,0.01,1479,1598.24,0.29,0.3,82
btc-updown-15m-1775469600,1775469600,240,0.72,0.73,0.725,0.01,2102.67,1161.41,0.27,0.28,27
btc-updown-15m-1775469600,1775469600,255,0.74,0.75,0.745,0.01,1828.56,483.16,0.25,0.26,24
btc-updown-15m-1775469600,1775469600,270,0.77,0.78,0.775,0.01,1815.8,495.96,0.22,0.23,15
btc-updown-15m-1775469600,1775469600,285,0.81,0.82,0.815,0.01,762.23,1686.57,0.18,0.19,0
btc-updown-15m-1775469600,1775469600,300,0.81,0.82,0.815,0.01,607.23,644.6,0.18,0.19,5
btc-updown-15m-1775469600,1775469600,315,0.82,0.84,0.83,0.02,1753.82,1681.91,0.16,0.18,10
btc-updown-15m-1775469600,1775469600,330,0.79,0.8,0.795,0.01,1718.8,361.5,0.2,0.21,27
btc-updown-15m-1775469600,1775469600,345,0.81,0.82,0.815,0.01,1793.78,1238.15,0.18,0.19,35
btc-updown-15m-1775469600,1775469600,360,0.78,0.79,0.785,0.01,378.5,1926.13,0.21,0.22,8
btc-updown-15m-1775469600,1775469600,375,0.83,0.84,0.835,0.01,1904.46,1373.81,0.16,0.17,1
btc-updown-15m-1775469600,1775469600,390,0.86,0.87,0.865,0.01,1968.18,1586.18,0.13,0.14,19
btc-updown-15m-1775469600,1775469600,405,0.85,0.86,0.855,0.01,1651.95,1286.18,0.14,0.15,224
btc-updown-15m-1775469600,1775469600,420,0.88,0.89,0.885,0.01,2018.16,1590.57,0.11,0.12,4
btc-updown-15m-1775469600,1775469600,435,0.9,0.91,0.905,0.01,2166.5,1828.42,0.09,0.1,88
btc-updown-15m-1775469600,1775469600,450,0.9,0.91,0.905,0.01,1192.51,2009,0.09,0.1,22
btc-updown-15m-1775469600,1775469600,465,0.92,0.93,0.925,0.01,1831.98,2550.85,0.07,0.08,189
btc-updown-15m-1775469600,1775469600,480,0.9,0.91,0.905,0.01,1622.94,416.52,0.09,0.1,1
btc-updown-15m-1775469600,1775469600,495,0.87,0.89,0.88,0.02,575.78,1896.2,0.11,0.13,6
btc-updown-15m-1775469600,1775469600,510,0.88,0.89,0.885,0.01,749.48,1963.35,0.11,0.12,36
btc-updown-15m-1775469600,1775469600,525,0.88,0.89,0.885,0.01,421.93,1998,0.11,0.12,228
btc-updown-15m-1775469600,1775469600,540,0.89,0.9,0.895,0.01,1918.21,1684.68,0.1,0.11,273
btc-updown-15m-1775469600,1775469600,555,0.9,0.91,0.905,0.01,1691,1779.39,0.09,0.1,31
btc-updown-15m-1775469600,1775469600,570,0.89,0.9,0.895,0.01,1926.5,1759.2,0.1,0.11,12
btc-updown-15m-1775469600,1775469600,585,0.91,0.92,0.915,0.01,586.12,1538.42,0.08,0.09,28
btc-updown-15m-1775469600,1775469600,600,0.89,0.9,0.895,0.01,801.9,186.56,0.1,0.11,32
btc-updown-15m-1775469600,1775469600,615,0.93,0.94,0.935,0.01,2003.92,1593.66,0.06,0.07,13
btc-updown-15m-1775469600,1775469600,630,0.94,0.95,0.945,0.01,2469.44,2148.76,0.05,0.06,18
btc-updown-15m-1775469600,1775469600,645,0.94,0.95,0.945,0.01,2299.69,2128.99,0.05,0.06,22
btc-updown-15m-1775469600,1775469600,660,0.95,0.96,0.955,0.01,1542.12,2412.36,0.04,0.05,11
btc-updown-15m-1775469600,1775469600,675,0.96,0.97,0.965,0.01,2032.62,4964.16,0.03,0.04,12
btc-updown-15m-1775469600,1775469600,690,0.97,0.98,0.975,0.01,1863.92,4229.02,0.02,0.03,33
btc-updown-15m-1775469600,1775469600,705,0.99,,,,8036.69,0,,0.01,14
btc-updown-15m-1775469600,1775469600,720,0.99,,,,7334.41,0,,0.01,9
btc-updown-15m-1775469600,1775469600,735,0.99,,,,7835.08,0,,0.01,24
btc-updown-15m-1775469600,1775469600,750,0.99,,,,7089.5,0,,0.01,0
btc-updown-15m-1775469600,1775469600,765,0.99,,,,4736.38,0,,0.01,13
btc-updown-15m-1775469600,1775469600,780,0.99,,,,4447.16,0,,0.01,33
btc-updown-15m-1775469600,1775469600,795,0.99,,,,6921.19,0,,0.01,233
btc-updown-15m-1775469600,1775469600,810,0.99,,,,7655.39,0,,0.01,36
btc-updown-15m-1775469600,1775469600,825,0.998,0.999,0.9985,0.001,428.7,5311.34,0.001,0.002,23
btc-updown-15m-1775469600,1775469600,840,0.998,0.999,0.9985,0.001,1185.21,5791.38,0.001,0.002,35
btc-updown-15m-1775469600,1775469600,845,0.998,0.999,0.9985,0.001,1198.41,5781.37,0.001,0.002,163
btc-updown-15m-1775469600,1775469600,850,0.998,0.999,0.9985,0.001,1409.15,5637.2,0.001,0.002,17
btc-updown-15m-1775469600,1775469600,855,0.998,0.999,0.9985,0.001,1276.55,5550.61,0.001,0.002,18
btc-updown-15m-1775469600,1775469600,860,0.998,0.999,0.9985,0.001,1210.55,5528.93,0.001,0.002,33
btc-updown-15m-1775469600,1775469600,865,0.997,0.999,0.998,0.002,915.94,4948.93,0.001,0.003,36
btc-updown-15m-1775469600,1775469600,870,0.998,0.999,0.9985,0.001,1141,5092.24,0.001,0.002,9
btc-updown-15m-1775469600,1775469600,875,0.999,,,,4064.04,0,,0.001,20
btc-updown-15m-1775469600,1775469600,880,0.999,,,,4042.86,0,,0.001,229
btc-updown-15m-1775469600,1775469600,885,0.999,,,,3019.88,0,,0.001,34
btc-updown-15m-1775469600,1775469600,890,0.999,,,,14135.88,0,,0.001,93
btc-updown-15m-1775469600,1775469600,895,0.999,,,,14609.34,0,,0.001,11
btc-updown-15m-1775469600,1775469600,897,0.999,,,,13186.23,0,,0.001,35
btc-updown-15m-1775469600,1775469600,899,0.999,,,,13866.52,0,,0.001,32
btc-updown-15m-1775469600,1775469600,900,0.999,,,,51256.11,0,,0.001,20
btc-updown-15m-1775480400,1775480400,0,0.55,0.56,0.555,0.01,3649.59,95.07,0.44,0.45,101
btc-updown-15m-1775480400,1775480400,15,0.55,0.56,0.555,0.01,4095.26,1638,0.44,0.45,5
btc-updown-15m-1775480400,1775480400,30,0.55,0.56,0.555,0.01,979.61,2185.51,0.44,0.45,20
btc-updown-15m-1775480400,1775480400,45,0.57,0.58,0.575,0.01,2482.55,1633.64,0.42,0.43,2
btc-updown-15m-1775480400,1775480400,60,0.54,0.55,0.545,0.01,356.7,2480.29,0.45,0.46,76
btc-updown-15m-1775480400,1775480400,75,0.53,0.54,0.535,0.01,3483.55,485.5,0.46,0.47,2
btc-updown-15m-1775480400,1775480400,90,0.59,0.6,0.595,0.01,2023.52,1739.26,0.4,0.41,19
btc-updown-15m-1775480400,1775480400,105,0.61,0.62,0.615,0.01,2001.55,74,0.38,0.39,0
btc-updown-15m-1775480400,1775480400,120,0.59,0.6,0.595,0.01,1164.55,2080.24,0.4,0.41,73
btc-updown-15m-1775480400,1775480400,135,0.63,0.64,0.635,0.01,1937.28,1842.58,0.36,0.37,34
btc-updown-15m-1775480400,1775480400,150,0.63,0.64,0.635,0.01,2146.09,1689.26,0.36,0.37,17
btc-updown-15m-1775480400,1775480400,165,0.62,0.63,0.625,0.01,328,786.5,0.37,0.38,0
btc-updown-15m-1775480400,1775480400,180,0.6,0.61,0.605,0.01,983.46,1694.75,0.39,0.4,19
btc-updown-15m-1775480400,1775480400,195,0.56,0.57,0.565,0.01,2567.11,1614.2,0.43,0.44,32
btc-updown-15m-1775480400,1775480400,210,0.66,0.67,0.665,0.01,634.77,2009.4,0.33,0.34,39
btc-updown-15m-1775480400,1775480400,225,0.67,0.68,0.675,0.01,667.08,1968.32,0.32,0.33,0
btc-updown-15m-1775480400,1775480400,240,0.68,0.69,0.685,0.01,2237.95,130,0.31,0.32,0
btc-updown-15m-1775480400,1775480400,255,0.78,0.79,0.785,0.01,592.22,2540.96,0.21,0.22,0
btc-updown-15m-1775480400,1775480400,270,0.76,0.77,0.765,0.01,1953.2,1725.67,0.23,0.24,2
btc-updown-15m-1775480400,1775480400,285,0.77,0.78,0.775,0.01,2212.79,495.25,0.22,0.23,69
btc-updown-15m-1775480400,1775480400,300,0.78,0.79,0.785,0.01,510.17,354.3,0.21,0.22,3
btc-updown-15m-1775480400,1775480400,315,0.82,0.83,0.825,0.01,1995.14,1748.02,0.17,0.18,56
btc-updown-15m-1775480400,1775480400,330,0.81,0.82,0.815,0.01,2507.36,323.8,0.18,0.19,75
btc-updown-15m-1775480400,1775480400,345,0.83,0.84,0.835,0.01,1931.32,1757.13,0.16,0.17,34
btc-updown-15m-1775480400,1775480400,360,0.82,0.83,0.825,0.01,2252.99,1788.66,0.17,0.18,6
btc-updown-15m-1775480400,1775480400,375,0.78,0.79,0.785,0.01,2066.27,1747.8,0.21,0.22,10
btc-updown-15m-1775480400,1775480400,390,0.8,0.81,0.805,0.01,647,2095.58,0.19,0.2,43
btc-updown-15m-1775480400,1775480400,405,0.79,0.8,0.795,0.01,2030,1783.11,0.2,0.21,5
btc-updown-15m-1775480400,1775480400,420,0.83,0.84,0.835,0.01,2377.04,974.17,0.16,0.17,8
btc-updown-15m-1775480400,1775480400,435,0.78,0.79,0.785,0.01,1820.52,927.17,0.21,0.22,2
btc-updown-15m-1775480400,1775480400,450,0.78,0.79,0.785,0.01,1827.95,1932.12,0.21,0.22,13
btc-updown-15m-1775480400,1775480400,465,0.76,0.77,0.765,0.01,2135.8,418.29,0.23,0.24,37
btc-updown-15m-1775480400,1775480400,480,0.83,0.84,0.835,0.01,2192.36,744.85,0.16,0.17,0
btc-updown-15m-1775480400,1775480400,495,0.7,0.71,0.705,0.01,1637.28,730,0.29,0.3,7
btc-updown-15m-1775480400,1775480400,510,0.8,0.81,0.805,0.01,1954.42,863.5,0.19,0.2,17
btc-updown-15m-1775480400,1775480400,525,0.66,0.67,0.665,0.01,1752.5,888.91,0.33,0.34,17
btc-updown-15m-1775480400,1775480400,540,0.65,0.66,0.655,0.01,1993.06,639.94,0.34,0.35,24
btc-updown-15m-1775480400,1775480400,555,0.73,0.74,0.735,0.01,1925.31,653,0.26,0.27,31
btc-updown-15m-1775480400,1775480400,570,0.79,0.8,0.795,0.01,2297.23,1842.32,0.2,0.21,35
btc-updown-15m-1775480400,1775480400,585,0.76,0.77,0.765,0.01,2359.5,483.44,0.23,0.24,49
btc-updown-15m-1775480400,1775480400,600,0.9,0.91,0.905,0.01,452.76,533.33,0.09,0.1,33
btc-updown-15m-1775480400,1775480400,615,0.9,0.91,0.905,0.01,1081.13,1765.72,0.09,0.1,75
btc-updown-15m-1775480400,1775480400,630,0.88,0.89,0.885,0.01,1941.97,441.5,0.11,0.12,6
btc-updown-15m-1775480400,1775480400,645,0.83,0.84,0.835,0.01,1783.85,341.2,0.16,0.17,7
btc-updown-15m-1775480400,1775480400,660,0.9,0.91,0.905,0.01,1881.84,1930.08,0.09,0.1,37
btc-updown-15m-1775480400,1775480400,675,0.91,0.92,0.915,0.01,662.82,3016.75,0.08,0.09,33
btc-updown-15m-1775480400,1775480400,690,0.89,0.9,0.895,0.01,2134.33,2336.05,0.1,0.11,71
btc-updown-15m-1775480400,1775480400,705,0.9,0.92,0.91,0.02,1090,2328.56,0.08,0.1,2
btc-updown-15m-1775480400,1775480400,720,0.91,0.92,0.915,0.01,2555.37,636.56,0.08,0.09,79
btc-updown-15m-1775480400,1775480400,735,0.93,0.94,0.935,0.01,434.09,4599.83,0.06,0.07,10
btc-updown-15m-1775480400,1775480400,750,0.92,0.93,0.925,0.01,3123.39,4641.34,0.07,0.08,58
btc-updown-15m-1775480400,1775480400,765,0.92,0.93,0.925,0.01,3123.87,3710.45,0.07,0.08,26
btc-updown-15m-1775480400,1775480400,780,0.92,0.93,0.925,0.01,3121.08,3633.31,0.07,0.08,20
btc-updown-15m-1775480400,1775480400,795,0.93,0.95,0.94,0.02,2069.13,4287.3,0.05,0.07,8
btc-updown-15m-1775480400,1775480400,810,0.94,0.95,0.945,0.01,2215.62,4100.51,0.05,0.06,75
btc-updown-15m-1775480400,1775480400,825,0.94,0.95,0.945,0.01,1931.36,2918.45,0.05,0.06,345
btc-updown-15m-1775480400,1775480400,840,0.94,0.95,0.945,0.01,1967.22,3047.24,0.05,0.06,76
btc-updown-15m-1775480400,1775480400,845,0.97,0.98,0.975,0.01,682.25,6389.62,0.02,0.03,26
btc-updown-15m-1775480400,1775480400,850,0.97,0.98,0.975,0.01,1601.24,6378.66,0.02,0.03,33
btc-updown-15m-1775480400,1775480400,855,0.97,0.98,0.975,0.01,1683.77,6087.03,0.02,0.03,4
btc-updown-15m-1775480400,1775480400,860,0.98,0.99,0.985,0.01,1984.43,6200.26,0.01,0.02,49
btc-updown-15m-1775480400,1775480400,865,0.98,0.99,0.985,0.01,1755.71,4533.67,0.01,0.02,6
btc-updown-15m-1775480400,1775480400,870,0.98,0.99,0.985,0.01,1984.26,2490.88,0.01,0.02,80
btc-updown-15m-1775480400,1775480400,875,0.98,0.99,0.985,0.01,1908.59,2388.6,0.01,0.02,31
btc-updown-15m-1775480400,1775480400,880,0.98,0.99,0.985,0.01,1704.19,1829.13,0.01,0.02,172
btc-updown-15m-1775480400,1775480400,885,0.98,0.99,0.985,0.01,738.58,1546.89,0.01,0.02,29
btc-updown-15m-1775480400,1775480400,890,0.98,0.99,0.985,0.01,738.58,1393.15,0.01,0.02,2
btc-updown-15m-1775480400,1775480400,895,0.99,,,,9925.99,0,,0.01,29
btc-updown-15m-1775480400,1775480400,897,0.99,,,,10075.69,0,,0.01,29
btc-updown-15m-1775480400,1775480400,899,0.99,,,,14285.88,0,,0.01,26
btc-updown-15m-1775480400,1775480400,900,0.99,,,,60113.9,0,,0.01,3
btc-updown-15m-1775490300,1775490300,0,0.4,0.44,0.42,0.04,95.14,2676.52,0.56,0.6,35
btc-updown-15m-1775490300,1775490300,15,0.44,0.45,0.445,0.01,1125.67,3237.9,0.55,0.56,41
btc-updown-15m-1775490300,1775490300,30,0.44,0.45,0.445,0.01,125.85,1110.22,0.55,0.56,3
btc-updown-15m-1775490300,1775490300,45,0.37,0.38,0.375,0.01,423.39,1427.46,0.62,0.63,7
btc-updown-15m-1775490300,1775490300,60,0.37,0.38,0.375,0.01,1600.06,906.52,0.62,0.63,57
btc-updown-15m-1775490300,1775490300,75,0.38,0.39,0.385,0.01,1219.45,1195.39,0.61,0.62,3
btc-updown-15m-1775490300,1775490300,90,0.39,0.4,0.395,0.01,464.78,855.44,0.6,0.61,29
btc-updown-15m-1775490300,1775490300,105,0.34,0.35,0.345,0.01,874.25,485.26,0.65,0.66,2
btc-updown-15m-1775490300,1775490300,120,0.37,0.38,0.375,0.01,1205.27,312.12,0.62,0.63,27
btc-updown-15m-1775490300,1775490300,135,0.42,0.43,0.425,0.01,371.74,1077.46,0.57,0.58,5
btc-updown-15m-1775490300,1775490300,150,0.55,0.56,0.555,0.01,530.87,627.43,0.44,0.45,36
btc-updown-15m-1775490300,1775490300,165,0.53,0.55,0.54,0.02,806.17,173.59,0.45,0.47,0
btc-updown-15m-1775490300,1775490300,180,0.51,0.52,0.515,0.01,943.42,754.41,0.48,0.49,51
btc-updown-15m-1775490300,1775490300,195,0.49,0.5,0.495,0.01,788.93,1067.27,0.5,0.51,0
btc-updown-15m-1775490300,1775490300,210,0.39,0.4,0.395,0.01,751.91,304.73,0.6,0.61,3
btc-updown-15m-1775490300,1775490300,225,0.43,0.44,0.435,0.01,672.71,982.89,0.56,0.57,29
btc-updown-15m-1775490300,1775490300,240,0.46,0.47,0.465,0.01,1377.55,950.63,0.53,0.54,11
btc-updown-15m-1775490300,1775490300,255,0.43,0.44,0.435,0.01,907.86,1248.96,0.56,0.57,12
btc-updown-15m-1775490300,1775490300,270,0.42,0.43,0.425,0.01,1592.15,884.32,0.57,0.58,7
btc-updown-15m-1775490300,1775490300,285,0.44,0.45,0.445,0.01,1134.33,1076.99,0.55,0.56,32
btc-updown-15m-1775490300,1775490300,300,0.44,0.45,0.445,0.01,788.51,577.09,0.55,0.56,49
btc-updown-15m-1775490300,1775490300,315,0.47,0.48,0.475,0.01,1412.42,625.5,0.52,0.53,55
btc-updown-15m-1775490300,1775490300,330,0.48,0.49,0.485,0.01,3269.56,191.74,0.51,0.52,3
btc-updown-15m-1775490300,1775490300,345,0.57,0.58,0.575,0.01,3187.28,1057.03,0.42,0.43,32
btc-updown-15m-1775490300,1775490300,360,0.63,0.64,0.635,0.01,2974.75,1409.69,0.36,0.37,7
btc-updown-15m-1775490300,1775490300,375,0.66,0.67,0.665,0.01,46.22,1675.33,0.33,0.34,6
btc-updown-15m-1775490300,1775490300,390,0.71,0.72,0.715,0.01,1263.11,1095.56,0.28,0.29,14
btc-updown-15m-1775490300,1775490300,405,0.72,0.73,0.725,0.01,1007.35,1194.59,0.27,0.28,40
btc-updown-15m-1775490300,1775490300,420,0.65,0.66,0.655,0.01,1170.65,967.84,0.34,0.35,11
btc-updown-15m-1775490300,1775490300,435,0.62,0.63,0.625,0.01,552.76,1468,0.37,0.38,0
btc-updown-15m-1775490300,1775490300,450,0.67,0.68,0.675,0.01,1307.29,609.54,0.32,0.33,69
btc-updown-15m-1775490300,1775490300,465,0.73,0.74,0.735,0.01,1363.88,779.42,0.26,0.27,20
btc-updown-15m-1775490300,1775490300,480,0.78,0.79,0.785,0.01,397.29,1398.54,0.21,0.22,9
btc-updown-15m-1775490300,1775490300,495,0.81,0.82,0.815,0.01,1499.39,877.46,0.18,0.19,11
btc-updown-15m-1775490300,1775490300,510,0.84,0.85,0.845,0.01,1090.22,1802.28,0.15,0.16,12
btc-updown-15m-1775490300,1775490300,525,0.78,0.79,0.785,0.01,1292,1304.91,0.21,0.22,15
btc-updown-15m-1775490300,1775490300,540,0.77,0.78,0.775,0.01,1615.4,1688.76,0.22,0.23,10
btc-updown-15m-1775490300,1775490300,555,0.81,0.82,0.815,0.01,1098.58,1234.74,0.18,0.19,62
btc-updown-15m-1775490300,1775490300,570,0.86,0.87,0.865,0.01,1438.59,1185.61,0.13,0.14,72
btc-updown-15m-1775490300,1775490300,585,0.89,0.9,0.895,0.01,1468.17,1439.5,0.1,0.11,30
btc-updown-15m-1775490300,1775490300,600,0.88,0.89,0.885,0.01,1156.57,227.96,0.11,0.12,16
btc-updown-15m-1775490300,1775490300,615,0.9,0.91,0.905,0.01,1537.58,1449.09,0.09,0.1,6
btc-updown-15m-1775490300,1775490300,630,0.88,0.89,0.885,0.01,1279.25,1320.55,0.11,0.12,71
btc-updown-15m-1775490300,1775490300,645,0.89,0.9,0.895,0.01,1596.95,1443.46,0.1,0.11,26
btc-updown-15m-1775490300,1775490300,660,0.92,0.93,0.925,0.01,951.66,1925.95,0.07,0.08,27
btc-updown-15m-1775490300,1775490300,675,0.94,0.95,0.945,0.01,2005.11,1616.37,0.05,0.06,31
btc-updown-15m-1775490300,1775490300,690,0.93,0.94,0.935,0.01,1395.81,1957.99,0.06,0.07,27
btc-updown-15m-1775490300,1775490300,705,0.96,0.97,0.965,0.01,1814.41,2129.78,0.03,0.04,33
btc-updown-15m-1775490300,1775490300,720,0.97,0.98,0.975,0.01,1808.9,2111.91,0.02,0.03,32
btc-updown-15m-1775490300,1775490300,735,0.98,0.99,0.985,0.01,1753.82,1491.81,0.01,0.02,3
btc-updown-15m-1775490300,1775490300,750,0.99,,,,12231.38,0,,0.01,32
btc-updown-15m-1775490300,1775490300,765,0.99,,,,13613.59,0,,0.01,65
btc-updown-15m-1775490300,1775490300,780,0.99,,,,3011.81,0,,0.01,33
btc-updown-15m-1775490300,1775490300,795,0.993,0.994,0.9935,0.001,2418.96,2678.5,0.006,0.007,38
btc-updown-15m-1775490300,1775490300,810,0.98,0.983,0.9815,0.003,397,1260,0.017,0.02,15
btc-updown-15m-1775490300,1775490300,825,0.99,0.991,0.9905,0.001,475.6,725,0.009,0.01,1
btc-updown-15m-1775490300,1775490300,840,0.998,0.999,0.9985,0.001,1163.86,17212.42,0.001,0.002,8
btc-updown-15m-1775490300,1775490300,845,0.997,0.999,0.998,0.002,364.57,16203.39,0.001,0.003,87
btc-updown-15m-1775490300,1775490300,850,0.997,0.999,0.998,0.002,98.27,16680.84,0.001,0.003,25
btc-updown-15m-1775490300,1775490300,855,0.992,0.998,0.995,0.006,3184.06,16064.14,0.002,0.008,211
btc-updown-15m-1775490300,1775490300,860,0.998,0.999,0.9985,0.001,1704.4,16343.8,0.001,0.002,24
btc-updown-15m-1775490300,1775490300,865,0.998,0.999,0.9985,0.001,1704.4,15053.8,0.001,0.002,25
btc-updown-15m-1775490300,1775490300,870,0.993,0.999,0.996,0.006,1575.93,15034.95,0.001,0.007,33
btc-updown-15m-1775490300,1775490300,875,0.993,0.998,0.9955,0.005,542.58,15026.62,0.002,0.007,10
btc-updown-15m-1775490300,1775490300,880,0.993,0.999,0.996,0.006,1562.58,8701.2,0.001,0.007,59
btc-updown-15m-1775490300,1775490300,885,0.998,0.999,0.9985,0.001,2489.89,6556.89,0.001,0.002,17
btc-updown-15m-1775490300,1775490300,890,0.998,0.999,0.9985,0.001,2489.89,2856.81,0.001,0.002,116
btc-updown-15m-1775490300,1775490300,895,0.998,0.999,0.9985,0.001,2789.89,2437.89,0.001,0.002,3
btc-updown-15m-1775490300,1775490300,897,0.999,,,,5494.01,0,,0.001,31
btc-updown-15m-1775490300,1775490300,899,0.999,,,,16431.5,0,,0.001,28
btc-updown-15m-1775490300,1775490300,900,0.999,,,,50300.01,0,,0.001,4
btc-updown-15m-1775501100,1775501100,0,0.5,0.51,0.505,0.01,984.42,110.32,0.49,0.5,275
btc-updown-15m-1775501100,1775501100,15,0.53,0.54,0.535,0.01,1880.5,1626.5,0.46,0.47,64
btc-updown-15m-1775501100,1775501100,30,0.61,0.62,0.615,0.01,1561.93,541.5,0.38,0.39,3
btc-updown-15m-1775501100,1775501100,45,0.6,0.61,0.605,0.01,620.93,1109.75,0.39,0.4,43
btc-updown-15m-1775501100,1775501100,60,0.54,0.55,0.545,0.01,1305.33,1514.6,0.45,0.46,38
btc-updown-15m-1775501100,1775501100,75,0.55,0.56,0.555,0.01,1572.72,474.43,0.44,0.45,25
btc-updown-15m-1775501100,1775501100,90,0.5,0.51,0.505,0.01,1892.86,1367.4,0.49,0.5,61
btc-updown-15m-1775501100,1775501100,105,0.49,0.5,0.495,0.01,1151.95,1758.2,0.5,0.51,65
btc-updown-15m-1775501100,1775501100,120,0.39,0.4,0.395,0.01,129,1976.5,0.6,0.61,2
btc-updown-15m-1775501100,1775501100,135,0.35,0.36,0.355,0.01,1706.79,2126,0.64,0.65,20
btc-updown-15m-1775501100,1775501100,150,0.35,0.36,0.355,0.01,2452.79,1984.97,0.64,0.65,4
btc-updown-15m-1775501100,1775501100,165,0.33,0.34,0.335,0.01,2380.9,834.09,0.66,0.67,35
btc-updown-15m-1775501100,1775501100,180,0.33,0.34,0.335,0.01,1865.9,1034.25,0.66,0.67,7
btc-updown-15m-1775501100,1775501100,195,0.26,0.27,0.265,0.01,1652.73,1621.71,0.73,0.74,0
btc-updown-15m-1775501100,1775501100,210,0.33,0.34,0.335,0.01,1711.25,678.05,0.66,0.67,42
btc-updown-15m-1775501100,1775501100,225,0.33,0.34,0.335,0.01,2068.28,1439.8,0.66,0.67,26
btc-updown-15m-1775501100,1775501100,240,0.38,0.39,0.385,0.01,2313.03,306.41,0.61,0.62,79
btc-updown-15m-1775501100,1775501100,255,0.42,0.43,0.425,0.01,874.73,1349.5,0.57,0.58,0
btc-updown-15m-1775501100,1775501100,270,0.41,0.42,0.415,0.01,200.5,2471.59,0.58,0.59,1
btc-updown-15m-1775501100,1775501100,285,0.39,0.4,0.395,0.01,2201.93,348.06,0.6,0.61,72
btc-updown-15m-1775501100,1775501100,300,0.54,0.56,0.55,0.02,833.31,263.6,0.44,0.46,21
btc-updown-15m-1775501100,1775501100,315,0.57,0.58,0.575,0.01,824,473.9,0.42,0.43,4
btc-updown-15m-1775501100,1775501100,330,0.57,0.58,0.575,0.01,1497.74,1605.97,0.42,0.43,13
btc-updown-15m-1775501100,1775501100,345,0.53,0.54,0.535,0.01,1620.33,560.06,0.46,0.47,62
btc-updown-15m-1775501100,1775501100,360,0.56,0.57,0.565,0.01,1742,1415.74,0.43,0.44,57
btc-updown-15m-1775501100,1775501100,375,0.56,0.57,0.565,0.01,2174.5,556.02,0.43,0.44,38
btc-updown-15m-1775501100,1775501100,390,0.58,0.59,0.585,0.01,722.5,2051.89,0.41,0.42,74
btc-updown-15m-1775501100,1775501100,405,0.58,0.59,0.585,0.01,1962,743,0.41,0.42,53
btc-updown-15m-1775501100,1775501100,420,0.53,0.54,0.535,0.01,687.05,1430.83,0.46,0.47,5
btc-updown-15m-1775501100,1775501100,435,0.61,0.62,0.615,0.01,1548.62,1728.58,0.38,0.39,59
btc-updown-15m-1775501100,1775501100,450,0.54,0.55,0.545,0.01,1466.56,517,0.45,0.46,74
btc-updown-15m-1775501100,1775501100,465,0.54,0.55,0.545,0.01,1751.38,1324.18,0.45,0.46,51
btc-updown-15m-1775501100,1775501100,480,0.7,0.71,0.705,0.01,1667.27,512.5,0.29,0.3,45
btc-updown-15m-1775501100,1775501100,495,0.81,0.82,0.815,0.01,1741.75,1847.9,0.18,0.19,4
btc-updown-15m-1775501100,1775501100,510,0.82,0.83,0.825,0.01,1814.64,939.72,0.17,0.18,38
btc-updown-15m-1775501100,1775501100,525,0.87,0.88,0.875,0.01,1670.13,2659.64,0.12,0.13,58
btc-updown-15m-1775501100,1775501100,540,0.87,0.88,0.875,0.01,1459.33,2527.99,0.12,0.13,0
btc-updown-15m-1775501100,1775501100,555,0.91,0.92,0.915,0.01,1881.63,2361.07,0.08,0.09,24
btc-updown-15m-1775501100,1775501100,570,0.95,0.96,0.955,0.01,1554.5,3205.05,0.04,0.05,71
btc-updown-15m-1775501100,1775501100,585,0.95,0.96,0.955,0.01,1911.91,3134.78,0.04,0.05,5
btc-updown-15m-1775501100,1775501100,600,0.94,0.95,0.945,0.01,843.66,1167.84,0.05,0.06,54
btc-updown-15m-1775501100,1775501100,615,0.93,0.94,0.935,0.01,1364.87,1646.8,0.06,0.07,1
btc-updown-15m-1775501100,1775501100,630,0.94,0.95,0.945,0.01,2411.71,1587.69,0.05,0.06,85
btc-updown-15m-1775501100,1775501100,645,0.92,0.93,0.925,0.01,2267.97,2128.39,0.07,0.08,13
btc-updown-15m-1775501100,1775501100,660,0.95,0.96,0.955,0.01,738.06,3384.38,0.04,0.05,63
btc-updown-15m-1775501100,1775501100,675,0.92,0.93,0.925,0.01,2756.47,1520.51,0.07,0.08,70
btc-updown-15m-1775501100,1775501100,690,0.93,0.94,0.935,0.01,2600.85,1429.75,0.06,0.07,7
btc-updown-15m-1775501100,1775501100,705,0.96,0.97,0.965,0.01,1858.98,9310.78,0.03,0.04,6
btc-updown-15m-1775501100,1775501100,720,0.99,,,,7236.8,0,,0.01,32
btc-updown-15m-1775501100,1775501100,735,0.99,,,,8323.17,0,,0.01,62
btc-updown-15m-1775501100,1775501100,750,0.99,,,,4833.07,0,,0.01,19
btc-updown-15m-1775501100,1775501100,765,0.99,,,,7919.86,0,,0.01,273
btc-updown-15m-1775501100,1775501100,780,0.99,,,,8087.68,0,,0.01,31
btc-updown-15m-1775501100,1775501100,795,0.99,,,,10223.05,0,,0.01,6
btc-updown-15m-1775501100,1775501100,810,0.99,,,,8559,0,,0.01,58
btc-updown-15m-1775501100,1775501100,825,0.99,,,,8458.71,0,,0.01,46
btc-updown-15m-1775501100,1775501100,840,0.99,,,,8869.13,0,,0.01,39
btc-updown-15m-1775501100,1775501100,845,0.99,,,,9041.06,0,,0.01,72
btc-updown-15m-1775501100,1775501100,850,0.99,,,,8904.06,0,,0.01,102
btc-updown-15m-1775501100,1775501100,855,0.99,,,,14768.3,0,,0.01,37
btc-updown-15m-1775501100,1775501100,860,0.99,,,,14770.35,0,,0.01,4
btc-updown-15m-1775501100,1775501100,865,0.99,,,,21646.3,0,,0.01,303
btc-updown-15m-1775501100,1775501100,870,0.99,,,,22163.35,0,,0.01,89
btc-updown-15m-1775501100,1775501100,875,0.99,,,,29798.59,0,,0.01,31
btc-updown-15m-1775501100,1775501100,880,0.99,,,,29415,0,,0.01,62
btc-updown-15m-1775501100,1775501100,885,0.99,,,,29397.32,0,,0.01,15
btc-updown-15m-1775501100,1775501100,890,0.999,,,,195.09,0,,0.001,49
btc-updown-15m-1775501100,1775501100,895,0.999,,,,195.09,0,,0.001,301
btc-updown-15m-1775501100,1775501100,897,0.999,,,,195.09,0,,0.001,295
btc-updown-15m-1775501100,1775501100,899,0.999,,,,1500.79,0,,0.001,121
btc-updown-15m-1775501100,1775501100,900,0.999,,,,7108.37,0,,0.001,8
btc-updown-15m-1775511900,1775511900,0,0.58,0.6,0.59,0.02,1414.55,139,0.4,0.42,502
btc-updown-15m-1775511900,1775511900,15,0.61,0.62,0.615,0.01,573,257,0.38,0.39,3
btc-updown-15m-1775511900,1775511900,30,0.67,0.68,0.675,0.01,1912.8,664.55,0.32,0.33,16
btc-updown-15m-1775511900,1775511900,45,0.66,0.68,0.67,0.02,1743.4,2727.01,0.32,0.34,17
btc-updown-15m-1775511900,1775511900,60,0.67,0.68,0.675,0.01,726.5,542.5,0.32,0.33,1
btc-updown-15m-1775511900,1775511900,75,0.76,0.77,0.765,0.01,658.13,2082.78,0.23,0.24,59
btc-updown-15m-1775511900,1775511900,90,0.76,0.77,0.765,0.01,1826.18,547.58,0.23,0.24,7
btc-updown-15m-1775511900,1775511900,105,0.77,0.78,0.775,0.01,1731.12,1433,0.22,0.23,12
btc-updown-15m-1775511900,1775511900,120,0.77,0.78,0.775,0.01,1958.53,1614.43,0.22,0.23,1
btc-updown-15m-1775511900,1775511900,135,0.73,0.74,0.735,0.01,756.5,686,0.26,0.27,1
btc-updown-15m-1775511900,1775511900,150,0.75,0.76,0.755,0.01,1153,1373,0.24,0.25,39
btc-updown-15m-1775511900,1775511900,165,0.8,0.81,0.805,0.01,2430.85,1301,0.19,0.2,68
btc-updown-15m-1775511900,1775511900,180,0.76,0.77,0.765,0.01,742.35,1545.72,0.23,0.24,36
btc-updown-15m-1775511900,1775511900,195,0.79,0.8,0.795,0.01,1744.41,801.7,0.2,0.21,16
btc-updown-15m-1775511900,1775511900,210,0.74,0.75,0.745,0.01,1881.95,1524,0.25,0.26,68
btc-updown-15m-1775511900,1775511900,225,0.75,0.76,0.755,0.01,1733.76,1687,0.24,0.25,63
btc-updown-15m-1775511900,1775511900,240,0.9,0.91,0.905,0.01,1785.02,1876.61,0.09,0.1,1
btc-updown-15m-1775511900,1775511900,255,0.85,0.86,0.855,0.01,1119.6,2114.71,0.14,0.15,40
btc-updown-15m-1775511900,1775511900,270,0.86,0.87,0.865,0.01,3176.72,1684.45,0.13,0.14,73
btc-updown-15m-1775511900,1775511900,285,0.88,0.89,0.885,0.01,2728.82,1600,0.11,0.12,65
btc-updown-15m-1775511900,1775511900,300,0.89,0.9,0.895,0.01,1920.07,421.08,0.1,0.11,49
btc-updown-15m-1775511900,1775511900,315,0.89,0.9,0.895,0.01,3320.38,1544.54,0.1,0.11,41
btc-updown-15m-1775511900,1775511900,330,0.9,0.91,0.905,0.01,2640.75,1718.54,0.09,0.1,4
btc-updown-15m-1775511900,1775511900,345,0.91,0.92,0.915,0.01,1525.45,591.53,0.08,0.09,27
btc-updown-15m-1775511900,1775511900,360,0.92,0.93,0.925,0.01,2242.94,1818.44,0.07,0.08,18
btc-updown-15m-1775511900,1775511900,375,0.92,0.93,0.925,0.01,1543.34,1935.79,0.07,0.08,18
btc-updown-15m-1775511900,1775511900,390,0.92,0.93,0.925,0.01,1802.84,2179.38,0.07,0.08,34
btc-updown-15m-1775511900,1775511900,405,0.9,0.91,0.905,0.01,2338.53,1812.88,0.09,0.1,68
btc-updown-15m-1775511900,1775511900,420,0.9,0.91,0.905,0.01,1878.65,1834.73,0.09,0.1,68
btc-updown-15m-1775511900,1775511900,435,0.86,0.87,0.865,0.01,465.57,2582.45,0.13,0.14,78
btc-updown-15m-1775511900,1775511900,450,0.8,0.81,0.805,0.01,229.89,2323.98,0.19,0.2,29
btc-updown-15m-1775511900,1775511900,465,0.79,0.8,0.795,0.01,1665.54,1604.93,0.2,0.21,66
btc-updown-15m-1775511900,1775511900,480,0.85,0.86,0.855,0.01,2268.83,500.24,0.14,0.15,1
btc-updown-15m-1775511900,1775511900,495,0.89,0.9,0.895,0.01,1951.01,819.36,0.1,0.11,66
btc-updown-15m-1775511900,1775511900,510,0.85,0.86,0.855,0.01,2106.1,615.47,0.14,0.15,27
btc-updown-15m-1775511900,1775511900,525,0.87,0.88,0.875,0.01,1859.65,843.9,0.12,0.13,64
btc-updown-15m-1775511900,1775511900,540,0.92,0.93,0.925,0.01,1908.99,2025.21,0.07,0.08,25
btc-updown-15m-1775511900,1775511900,555,0.93,0.94,0.935,0.01,2213.61,2170.94,0.06,0.07,14
btc-updown-15m-1775511900,1775511900,570,0.93,0.94,0.935,0.01,2178.03,1838.26,0.06,0.07,56
btc-updown-15m-1775511900,1775511900,585,0.92,0.93,0.925,0.01,1888.87,1724.53,0.07,0.08,4
btc-updown-15m-1775511900,1775511900,600,0.92,0.93,0.925,0.01,710.12,754.77,0.07,0.08,1
btc-updown-15m-1775511900,1775511900,615,0.77,0.78,0.775,0.01,725.34,1948.36,0.22,0.23,36
btc-updown-15m-1775511900,1775511900,630,0.68,0.69,0.685,0.01,600.24,885.01,0.31,0.32,1
btc-updown-15m-1775511900,1775511900,645,0.61,0.62,0.615,0.01,1532.52,1584.25,0.38,0.39,18
btc-updown-15m-1775511900,1775511900,660,0.75,0.76,0.755,0.01,1419.61,903.32,0.24,0.25,71
btc-updown-15m-1775511900,1775511900,675,0.82,0.83,0.825,0.01,1546.25,830.89,0.17,0.18,69
btc-updown-15m-1775511900,1775511900,690,0.82,0.84,0.83,0.02,2036.75,2105.91,0.16,0.18,69
btc-updown-15m-1775511900,1775511900,705,0.88,0.89,0.885,0.01,1973.13,721.1,0.11,0.12,32
btc-updown-15m-1775511900,1775511900,720,0.92,0.93,0.925,0.01,2027.62,1529.33,0.07,0.08,4
btc-updown-15m-1775511900,1775511900,735,0.96,0.97,0.965,0.01,2610.54,13515.29,0.03,0.04,41
btc-updown-15m-1775511900,1775511900,750,0.97,0.98,0.975,0.01,2430.5,12860.74,0.02,0.03,10
btc-updown-15m-1775511900,1775511900,765,0.97,0.98,0.975,0.01,2306.55,11338.9,0.02,0.03,22
btc-updown-15m-1775511900,1775511900,780,0.98,0.99,0.985,0.01,2309.85,10336.37,0.01,0.02,69
btc-updown-15m-1775511900,1775511900,795,0.97,0.98,0.975,0.01,2107.31,10381.2,0.02,0.03,60
btc-updown-15m-1775511900,1775511900,810,0.97,0.98,0.975,0.01,2542.5,10162.28,0.02,0.03,6
btc-updown-15m-1775511900,1775511900,825,0.98,0.99,0.985,0.01,2821.64,4338.51,0.01,0.02,15
btc-updown-15m-1775511900,1775511900,840,0.98,0.99,0.985,0.01,2935.72,2261.41,0.01,0.02,73
btc-updown-15m-1775511900,1775511900,845,0.98,0.99,0.985,0.01,1277.72,2676.51,0.01,0.02,9
btc-updown-15m-1775511900,1775511900,850,0.98,0.99,0.985,0.01,1902.91,1748.51,0.01,0.02,54
btc-updown-15m-1775511900,1775511900,855,0.98,0.99,0.985,0.01,2199.91,1200.22,0.01,0.02,107
btc-updown-15m-1775511900,1775511900,860,0.98,0.99,0.985,0.01,2193.54,718.24,0.01,0.02,4
btc-updown-15m-1775511900,1775511900,865,0.98,0.99,0.985,0.01,1226.32,344.24,0.01,0.02,52
btc-updown-15m-1775511900,1775511900,870,0.98,0.99,0.985,0.01,1392.57,138.2,0.01,0.02,53
btc-updown-15m-1775511900,1775511900,875,0.99,,,,6162.49,0,,0.01,304
btc-updown-15m-1775511900,1775511900,880,0.99,,,,6089.45,0,,0.01,103
btc-updown-15m-1775511900,1775511900,885,0.99,,,,11952.33,0,,0.01,301
btc-updown-15m-1775511900,1775511900,890,0.998,0.999,0.9985,0.001,136,90,0.001,0.002,2
btc-updown-15m-1775511900,1775511900,895,0.998,0.999,0.9985,0.001,36,731.81,0.001,0.002,9
btc-updown-15m-1775511900,1775511900,897,0.998,0.999,0.9985,0.001,36,484.42,0.001,0.002,62
btc-updown-15m-1775511900,1775511900,899,0.999,,,,333.27,0,,0.001,113
btc-updown-15m-1775511900,1775511900,900,0.999,,,,31352.17,0,,0.001,3
btc-updown-15m-1775521800,1775521800,0,0.47,0.49,0.48,0.02,367.6,589.35,0.51,0.53,84
btc-updown-15m-1775521800,1775521800,15,0.58,0.59,0.585,0.01,690.14,1010.43,0.41,0.42,167
btc-updown-15m-1775521800,1775521800,30,0.53,0.54,0.535,0.01,540.13,732,0.46,0.47,22
btc-updown-15m-1775521800,1775521800,45,0.57,0.58,0.575,0.01,605,744.81,0.42,0.43,3
btc-updown-15m-1775521800,1775521800,60,0.59,0.6,0.595,0.01,1500.13,1106.11,0.4,0.41,1
btc-updown-15m-1775521800,1775521800,75,0.61,0.62,0.615,0.01,244.49,816.52,0.38,0.39,3
btc-updown-15m-1775521800,1775521800,90,0.62,0.63,0.625,0.01,1265.14,571.71,0.37,0.38,13
btc-updown-15m-1775521800,1775521800,105,0.79,0.8,0.795,0.01,1243.76,413.99,0.2,0.21,4
btc-updown-15m-1775521800,1775521800,120,0.7,0.71,0.705,0.01,1308.96,572.69,0.29,0.3,13
btc-updown-15m-1775521800,1775521800,135,0.61,0.62,0.615,0.01,768.46,577.05,0.38,0.39,15
btc-updown-15m-1775521800,1775521800,150,0.61,0.62,0.615,0.01,128.47,1982,0.38,0.39,12
btc-updown-15m-1775521800,1775521800,165,0.46,0.47,0.465,0.01,672.41,642.25,0.53,0.54,48
btc-updown-15m-1775521800,1775521800,180,0.6,0.61,0.605,0.01,377.5,629,0.39,0.4,122
btc-updown-15m-1775521800,1775521800,195,0.66,0.67,0.665,0.01,654.59,505.06,0.33,0.34,41
btc-updown-15m-1775521800,1775521800,210,0.61,0.62,0.615,0.01,513.58,744.5,0.38,0.39,25
btc-updown-15m-1775521800,1775521800,225,0.58,0.6,0.59,0.02,35,594.74,0.4,0.42,4
btc-updown-15m-1775521800,1775521800,240,0.36,0.37,0.365,0.01,615.4,127.73,0.63,0.64,0
btc-updown-15m-1775521800,1775521800,255,0.32,0.33,0.325,0.01,682.39,92.11,0.67,0.68,0
btc-updown-15m-1775521800,1775521800,270,0.26,0.27,0.265,0.01,820.71,443.46,0.73,0.74,20
btc-updown-15m-1775521800,1775521800,285,0.26,0.27,0.265,0.01,1081.84,658.56,0.73,0.74,13
btc-updown-15m-1775521800,1775521800,300,0.22,0.23,0.225,0.01,289.78,1068.12,0.77,0.78,42
btc-updown-15m-1775521800,1775521800,315,0.27,0.28,0.275,0.01,1195.89,450.51,0.72,0.73,10
btc-updown-15m-1775521800,1775521800,330,0.2,0.21,0.205,0.01,247.83,976.73,0.79,0.8,0
btc-updown-15m-1775521800,1775521800,345,0.26,0.27,0.265,0.01,881.53,193.18,0.73,0.74,3
btc-updown-15m-1775521800,1775521800,360,0.32,0.33,0.325,0.01,845.5,431.96,0.67,0.68,10
btc-updown-15m-1775521800,1775521800,375,0.34,0.35,0.345,0.01,20.11,1994.76,0.65,0.66,0
btc-updown-15m-1775521800,1775521800,390,0.27,0.28,0.275,0.01,621,752.42,0.72,0.73,3
btc-updown-15m-1775521800,1775521800,405,0.21,0.22,0.215,0.01,501.01,592.51,0.78,0.79,13
btc-updown-15m-1775521800,1775521800,420,0.21,0.22,0.215,0.01,1665.62,218.73,0.78,0.79,5
btc-updown-15m-1775521800,1775521800,435,0.19,0.2,0.195,0.01,742.39,724.91,0.8,0.81,0
btc-updown-15m-1775521800,1775521800,450,0.2,0.21,0.205,0.01,682.89,895.67,0.79,0.8,10
btc-updown-15m-1775521800,1775521800,465,0.18,0.19,0.185,0.01,1187.98,603.5,0.81,0.82,25
btc-updown-15m-1775521800,1775521800,480,0.11,0.12,0.115,0.01,1048.1,554,0.88,0.89,10
btc-updown-15m-1775521800,1775521800,495,0.07,0.08,0.075,0.01,1444.6,512.2,0.92,0.93,40
btc-updown-15m-1775521800,1775521800,510,0.05,0.06,0.055,0.01,2393.98,656.56,0.94,0.95,28
btc-updown-15m-1775521800,1775521800,525,0.05,0.06,0.055,0.01,2627.26,959.82,0.94,0.95,23
btc-updown-15m-1775521800,1775521800,540,0.05,0.07,0.06,0.02,2328.12,1475.95,0.93,0.95,16
btc-updown-15m-1775521800,1775521800,555,0.05,0.06,0.055,0.01,2158.56,670.79,0.94,0.95,10
btc-updown-15m-1775521800,1775521800,570,0.04,0.05,0.045,0.01,2909.49,515,0.95,0.96,46
btc-updown-15m-1775521800,1775521800,585,0.04,0.05,0.045,0.01,3739.61,792.55,0.95,0.96,13
btc-updown-15m-1775521800,1775521800,600,0.03,0.04,0.035,0.01,12951.93,1212.7,0.96,0.97,8
btc-updown-15m-1775521800,1775521800,615,0.03,0.04,0.035,0.01,12519.95,1226.06,0.96,0.97,4
btc-updown-15m-1775521800,1775521800,630,0.04,0.05,0.045,0.01,1420.36,1137.97,0.95,0.96,58
btc-updown-15m-1775521800,1775521800,645,0.01,0.02,0.015,0.01,3048.13,3823.21,0.98,0.99,69
btc-updown-15m-1775521800,1775521800,660,,0.01,,,0,11844.03,0.99,,12
btc-updown-15m-1775521800,1775521800,675,,0.01,,,0,12411.62,0.99,,335
btc-updown-15m-1775521800,1775521800,690,,0.01,,,0,13508.11,0.99,,101
btc-updown-15m-1775521800,1775521800,705,,0.01,,,0,13460.71,0.99,,42
btc-updown-15m-1775521800,1775521800,720,,0.01,,,0,14239.71,0.99,,13
btc-updown-15m-1775521800,1775521800,735,,0.01,,,0,14355.1,0.99,,91
btc-updown-15m-1775521800,1775521800,750,,0.01,,,0,9519.1,0.99,,9
btc-updown-15m-1775521800,1775521800,765,,0.01,,,0,8949.54,0.99,,10
btc-updown-15m-1775521800,1775521800,780,,0.01,,,0,12875.27,0.99,,12
btc-updown-15m-1775521800,1775521800,795,,0.01,,,0,16492.99,0.99,,58
btc-updown-15m-1775521800,1775521800,810,,0.01,,,0,16495.99,0.99,,12
btc-updown-15m-1775521800,1775521800,825,,0.01,,,0,33303.11,0.99,,14
btc-updown-15m-1775521800,1775521800,840,,0.01,,,0,32970.97,0.99,,12
btc-updown-15m-1775521800,1775521800,845,0.002,0.003,0.0025,0.001,3764.3,22419.45,0.997,0.998,52
btc-updown-15m-1775521800,1775521800,850,0.001,0.003,0.002,0.002,4159.01,21458.47,0.997,0.999,12
btc-updown-15m-1775521800,1775521800,855,0.001,0.003,0.002,0.002,15442.13,21498.87,0.997,0.999,58
btc-updown-15m-1775521800,1775521800,860,0.001,0.002,0.0015,0.001,15349.38,1110.26,0.998,0.999,2
btc-updown-15m-1775521800,1775521800,865,0.001,0.002,0.0015,0.001,15472.92,2044.23,0.998,0.999,131
btc-updown-15m-1775521800,1775521800,870,0.001,0.002,0.0015,0.001,13328,3055.23,0.998,0.999,6
btc-updown-15m-1775521800,1775521800,875,0.001,0.002,0.0015,0.001,12560.87,2231.77,0.998,0.999,62
btc-updown-15m-1775521800,1775521800,880,0.001,0.002,0.0015,0.001,2553.88,2254.76,0.998,0.999,6
btc-updown-15m-1775521800,1775521800,885,,0.001,,,0,12710.73,0.999,,15
btc-updown-15m-1775521800,1775521800,890,,0.001,,,0,12705.47,0.999,,12
btc-updown-15m-1775521800,1775521800,895,,0.001,,,0,12832.47,0.999,,30
btc-updown-15m-1775521800,1775521800,897,,0.001,,,0,12351.8,0.999,,52
btc-updown-15m-1775521800,1775521800,899,,0.001,,,0,12314.22,0.999,,62
btc-updown-15m-1775521800,1775521800,900,,0.001,,,0,16650.05,0.999,,1
btc-updown-15m-1775532600,1775532600,0,0.4,0.42,0.41,0.02,89.2,577.02,0.58,0.6,16
btc-updown-15m-1775532600,1775532600,15,0.41,0.42,0.415,0.01,1361.32,400.77,0.58,0.59,15
btc-updown-15m-1775532600,1775532600,30,0.42,0.43,0.425,0.01,708.5,1683.04,0.57,0.58,66
btc-updown-15m-1775532600,1775532600,45,0.41,0.42,0.415,0.01,682.36,1621.58,0.58,0.59,10
btc-updown-15m-1775532600,1775532600,60,0.41,0.42,0.415,0.01,1029.5,1063.84,0.58,0.59,7
btc-updown-15m-1775532600,1775532600,75,0.39,0.4,0.395,0.01,949.84,1589.1,0.6,0.61,1
btc-updown-15m-1775532600,1775532600,90,0.4,0.41,0.405,0.01,794.35,1817.44,0.59,0.6,17
btc-updown-15m-1775532600,1775532600,105,0.38,0.39,0.385,0.01,877.17,1669.28,0.61,0.62,14
btc-updown-15m-1775532600,1775532600,120,0.37,0.38,0.375,0.01,651.5,1037.51,0.62,0.63,5
btc-updown-15m-1775532600,1775532600,135,0.4,0.41,0.405,0.01,1189.77,1519.16,0.59,0.6,15
btc-updown-15m-1775532600,1775532600,150,0.39,0.4,0.395,0.01,845.09,1793.19,0.6,0.61,6
btc-updown-15m-1775532600,1775532600,165,0.37,0.38,0.375,0.01,612,1684.95,0.62,0.63,5
btc-updown-15m-1775532600,1775532600,180,0.26,0.27,0.265,0.01,973.33,1598.59,0.73,0.74,17
btc-updown-15m-1775532600,1775532600,195,0.34,0.35,0.345,0.01,938.53,495.32,0.65,0.66,12
btc-updown-15m-1775532600,1775532600,210,0.3,0.31,0.305,0.01,298,263,0.69,0.7,0
btc-updown-15m-1775532600,1775532600,225,0.27,0.28,0.275,0.01,653.25,1841,0.72,0.73,15
btc-updown-15m-1775532600,1775532600,240,0.33,0.34,0.335,0.01,1808.26,1755.56,0.66,0.67,5
btc-updown-15m-1775532600,1775532600,255,0.34,0.35,0.345,0.01,329.99,1998.91,0.65,0.66,14
btc-updown-15m-1775532600,1775532600,270,0.36,0.37,0.365,0.01,1527.84,1609.46,0.63,0.64,3
btc-updown-15m-1775532600,1775532600,285,0.34,0.35,0.345,0.01,1658.27,1752.69,0.65,0.66,13
btc-updown-15m-1775532600,1775532600,300,0.34,0.35,0.345,0.01,365.15,856.69,0.65,0.66,69
btc-updown-15m-1775532600,1775532600,315,0.33,0.35,0.34,0.02,1639.73,1872.24,0.65,0.67,13
btc-updown-15m-1775532600,1775532600,330,0.34,0.35,0.345,0.01,1463.5,1260.06,0.65,0.66,76
btc-updown-15m-1775532600,1775532600,345,0.31,0.32,0.315,0.01,644.53,1963.87,0.68,0.69,13
btc-updown-15m-1775532600,1775532600,360,0.33,0.34,0.335,0.01,1794.53,334.94,0.66,0.67,46
btc-updown-15m-1775532600,1775532600,375,0.35,0.36,0.355,0.01,1632.23,794.63,0.64,0.65,14
btc-updown-15m-1775532600,1775532600,390,0.32,0.33,0.325,0.01,1432.03,1428.77,0.67,0.68,7
btc-updown-15m-1775532600,1775532600,405,0.34,0.36,0.35,0.02,1897,917.62,0.64,0.66,0
btc-updown-15m-1775532600,1775532600,420,0.34,0.35,0.345,0.01,870.78,1801.29,0.65,0.66,595
btc-updown-15m-1775532600,1775532600,435,0.33,0.34,0.335,0.01,670,1676.84,0.66,0.67,1
btc-updown-15m-1775532600,1775532600,450,0.52,0.53,0.525,0.01,1555.24,500.36,0.47,0.48,7
btc-updown-15m-1775532600,1775532600,465,0.39,0.4,0.395,0.01,881.5,957.84,0.6,0.61,36
btc-updown-15m-1775532600,1775532600,480,0.36,0.37,0.365,0.01,533.4,1390.29,0.63,0.64,15
btc-updown-15m-1775532600,1775532600,495,0.33,0.34,0.335,0.01,594.07,1563.74,0.66,0.67,0
btc-updown-15m-1775532600,1775532600,510,0.29,0.3,0.295,0.01,793.54,1341.47,0.7,0.71,14
btc-updown-15m-1775532600,1775532600,525,0.28,0.29,0.285,0.01,870.7,1835.88,0.71,0.72,60
btc-updown-15m-1775532600,1775532600,540,0.34,0.35,0.345,0.01,504.98,450.5,0.65,0.66,9
btc-updown-15m-1775532600,1775532600,555,0.46,0.47,0.465,0.01,1753.49,1415.26,0.53,0.54,97
btc-updown-15m-1775532600,1775532600,570,0.48,0.49,0.485,0.01,1770.5,421.11,0.51,0.52,2
btc-updown-15m-1775532600,1775532600,585,0.45,0.46,0.455,0.01,932.5,1437.21,0.54,0.55,66
btc-updown-15m-1775532600,1775532600,600,0.37,0.38,0.375,0.01,501,254.5,0.62,0.63,14
btc-updown-15m-1775532600,1775532600,615,0.56,0.57,0.565,0.01,817.47,910.77,0.43,0.44,35
btc-updown-15m-1775532600,1775532600,630,0.54,0.55,0.545,0.01,1436.53,392,0.45,0.46,15
btc-updown-15m-1775532600,1775532600,645,0.5,0.51,0.505,0.01,289.29,169.5,0.49,0.5,38
btc-updown-15m-1775532600,1775532600,660,0.33,0.34,0.335,0.01,1320.61,117,0.66,0.67,0
btc-updown-15m-1775532600,1775532600,675,0.33,0.34,0.335,0.01,985.66,424.82,0.66,0.67,59
btc-updown-15m-1775532600,1775532600,690,0.36,0.37,0.365,0.01,132.74,1631.18,0.63,0.64,13
btc-updown-15m-1775532600,1775532600,705,0.4,0.41,0.405,0.01,1132.28,2022.81,0.59,0.6,67
btc-updown-15m-1775532600,1775532600,720,0.4,0.41,0.405,0.01,1192,1170.84,0.59,0.6,1
btc-updown-15m-1775532600,1775532600,735,0.37,0.38,0.375,0.01,1462.37,142,0.62,0.63,2
btc-updown-15m-1775532600,1775532600,750,0.32,0.33,0.325,0.01,298.5,1147.21,0.67,0.68,2
btc-updown-15m-1775532600,1775532600,765,0.18,0.19,0.185,0.01,1460.52,403,0.81,0.82,40
btc-updown-15m-1775532600,1775532600,780,0.15,0.16,0.155,0.01,1461.88,388,0.84,0.85,6
btc-updown-15m-1775532600,1775532600,795,0.13,0.14,0.135,0.01,1497.76,1065.32,0.86,0.87,4
btc-updown-15m-1775532600,1775532600,810,0.1,0.11,0.105,0.01,1513.3,678.11,0.89,0.9,2
btc-updown-15m-1775532600,1775532600,825,0.14,0.15,0.145,0.01,1285.83,512.5,0.85,0.86,20
btc-updown-15m-1775532600,1775532600,840,0.14,0.15,0.145,0.01,595.03,1220.03,0.85,0.86,0
btc-updown-15m-1775532600,1775532600,845,0.34,0.35,0.345,0.01,1573.39,117.34,0.65,0.66,21
btc-updown-15m-1775532600,1775532600,850,0.38,0.39,0.385,0.01,1178,25,0.61,0.62,14
btc-updown-15m-1775532600,1775532600,855,0.42,0.43,0.425,0.01,1046,283.65,0.57,0.58,2
btc-updown-15m-1775532600,1775532600,860,0.44,0.45,0.445,0.01,482.13,175.85,0.55,0.56,13
btc-updown-15m-1775532600,1775532600,865,0.56,0.57,0.565,0.01,315.42,53.35,0.43,0.44,28
btc-updown-15m-1775532600,1775532600,870,0.64,0.65,0.645,0.01,198.19,255,0.35,0.36,4
btc-updown-15m-1775532600,1775532600,875,0.63,0.65,0.64,0.02,406.55,15,0.35,0.37,24
btc-updown-15m-1775532600,1775532600,880,0.66,0.67,0.665,0.01,187.08,223.25,0.33,0.34,13
btc-updown-15m-1775532600,1775532600,885,0.67,0.68,0.675,0.01,464.68,57,0.32,0.33,63
btc-updown-15m-1775532600,1775532600,890,0.84,0.85,0.845,0.01,179,35.68,0.15,0.16,16
btc-updown-15m-1775532600,1775532600,895,0.98,0.99,0.985,0.01,255.6,1717.89,0.01,0.02,13
btc-updown-15m-1775532600,1775532600,897,0.98,0.99,0.985,0.01,76,817.31,0.01,0.02,53
btc-updown-15m-1775532600,1775532600,899,0.99,,,,98.24,0,,0.01,56
btc-updown-15m-1775532600,1775532600,900,0.99,,,,54675.26,0,,0.01,2
btc-updown-15m-1775542500,1775542500,0,0.55,0.57,0.56,0.02,2473.59,483.44,0.43,0.45,20
btc-updown-15m-1775542500,1775542500,15,0.54,0.55,0.545,0.01,3399.73,2984.09,0.45,0.46,12
btc-updown-15m-1775542500,1775542500,30,0.51,0.52,0.515,0.01,1753.67,479.07,0.48,0.49,1
btc-updown-15m-1775542500,1775542500,45,0.57,0.58,0.575,0.01,1492.52,964.27,0.42,0.43,33
btc-updown-15m-1775542500,1775542500,60,0.61,0.62,0.615,0.01,1760.97,221.19,0.38,0.39,22
btc-updown-15m-1775542500,1775542500,75,0.69,0.7,0.695,0.01,1487.35,690.01,0.3,0.31,13
btc-updown-15m-1775542500,1775542500,90,0.62,0.63,0.625,0.01,1449.69,1874.43,0.37,0.38,76
btc-updown-15m-1775542500,1775542500,105,0.6,0.61,0.605,0.01,1592.22,1698.32,0.39,0.4,12
btc-updown-15m-1775542500,1775542500,120,0.56,0.57,0.565,0.01,1656.18,601.5,0.43,0.44,4
btc-updown-15m-1775542500,1775542500,135,0.5,0.51,0.505,0.01,5624.99,1646.42,0.49,0.5,0
btc-updown-15m-1775542500,1775542500,150,0.5,0.51,0.505,0.01,5681.85,1410.46,0.49,0.5,22
btc-updown-15m-1775542500,1775542500,165,0.51,0.52,0.515,0.01,6687.88,328.9,0.48,0.49,12
btc-updown-15m-1775542500,1775542500,180,0.5,0.51,0.505,0.01,4655.13,2160.95,0.49,0.5,31
btc-updown-15m-1775542500,1775542500,195,0.46,0.47,0.465,0.01,582.5,399.5,0.53,0.54,14
btc-updown-15m-1775542500,1775542500,210,0.45,0.46,0.455,0.01,1440.46,607.5,0.54,0.55,38
btc-updown-15m-1775542500,1775542500,225,0.46,0.47,0.465,0.01,1478.21,1786.19,0.53,0.54,8
btc-updown-15m-1775542500,1775542500,240,0.46,0.47,0.465,0.01,1522.03,1723.28,0.53,0.54,76
btc-updown-15m-1775542500,1775542500,255,0.38,0.39,0.385,0.01,469.19,1969.35,0.61,0.62,0
btc-updown-15m-1775542500,1775542500,270,0.37,0.38,0.375,0.01,2033.73,1039.43,0.62,0.63,29
btc-updown-15m-1775542500,1775542500,285,0.31,0.32,0.315,0.01,1712.65,1498.65,0.68,0.69,1
btc-updown-15m-1775542500,1775542500,300,0.43,0.44,0.435,0.01,588.5,351.72,0.56,0.57,0
btc-updown-15m-1775542500,1775542500,315,0.31,0.32,0.315,0.01,619.18,1220,0.68,0.69,10
btc-updown-15m-1775542500,1775542500,330,0.45,0.46,0.455,0.01,711.5,171,0.54,0.55,14
btc-updown-15m-1775542500,1775542500,345,0.4,0.41,0.405,0.01,909,1615.47,0.59,0.6,1
btc-updown-15m-1775542500,1775542500,360,0.27,0.28,0.275,0.01,1501.21,1567,0.72,0.73,1
btc-updown-15m-1775542500,1775542500,375,0.21,0.22,0.215,0.01,1665.25,1546.65,0.78,0.79,8
btc-updown-15m-1775542500,1775542500,390,0.23,0.24,0.235,0.01,219.49,1077.65,0.76,0.77,32
btc-updown-15m-1775542500,1775542500,405,0.22,0.23,0.225,0.01,1691.72,403.34,0.77,0.78,11
btc-updown-15m-1775542500,1775542500,420,0.27,0.28,0.275,0.01,1722.57,539.5,0.72,0.73,0
btc-updown-15m-1775542500,1775542500,435,0.27,0.28,0.275,0.01,547.94,751,0.72,0.73,12
btc-updown-15m-1775542500,1775542500,450,0.3,0.31,0.305,0.01,1557.89,1757.02,0.69,0.7,3
btc-updown-15m-1775542500,1775542500,465,0.13,0.14,0.135,0.01,694.81,499.89,0.86,0.87,5
btc-updown-15m-1775542500,1775542500,480,0.13,0.14,0.135,0.01,816.22,2598.39,0.86,0.87,13
btc-updown-15m-1775542500,1775542500,495,0.14,0.15,0.145,0.01,2151.13,1770.62,0.85,0.86,10
btc-updown-15m-1775542500,1775542500,510,0.2,0.21,0.205,0.01,1766.47,794.5,0.79,0.8,54
btc-updown-15m-1775542500,1775542500,525,0.19,0.2,0.195,0.01,1633.06,2172.32,0.8,0.81,13
btc-updown-15m-1775542500,1775542500,540,0.19,0.2,0.195,0.01,1799.78,899.84,0.8,0.81,50
btc-updown-15m-1775542500,1775542500,555,0.27,0.28,0.275,0.01,1945.13,492.5,0.72,0.73,8
btc-updown-15m-1775542500,1775542500,570,0.29,0.3,0.295,0.01,1757.18,678.71,0.7,0.71,70
btc-updown-15m-1775542500,1775542500,585,0.35,0.36,0.355,0.01,1769,425.07,0.64,0.65,5
btc-updown-15m-1775542500,1775542500,600,0.61,0.62,0.615,0.01,330.68,298.23,0.38,0.39,49
btc-updown-15m-1775542500,1775542500,615,0.81,0.82,0.815,0.01,1415.95,508.97,0.18,0.19,0
btc-updown-15m-1775542500,1775542500,630,0.85,0.87,0.86,0.02,2025.41,618.6,0.13,0.15,0
btc-updown-15m-1775542500,1775542500,645,0.75,0.76,0.755,0.01,1612.3,1291.75,0.24,0.25,13
btc-updown-15m-1775542500,1775542500,660,0.73,0.74,0.735,0.01,1889.1,311.96,0.26,0.27,60
btc-updown-15m-1775542500,1775542500,675,0.87,0.88,0.875,0.01,591.65,1699.09,0.12,0.13,14
btc-updown-15m-1775542500,1775542500,690,0.86,0.87,0.865,0.01,1130.7,1290,0.13,0.14,5
btc-updown-15m-1775542500,1775542500,705,0.87,0.88,0.875,0.01,2407.16,1300.49,0.12,0.13,13
btc-updown-15m-1775542500,1775542500,720,0.86,0.87,0.865,0.01,2052.67,1311.64,0.13,0.14,68
btc-updown-15m-1775542500,1775542500,735,0.93,0.94,0.935,0.01,455.84,1974.15,0.06,0.07,3
btc-updown-15m-1775542500,1775542500,750,0.94,0.95,0.945,0.01,1681.89,1994.12,0.05,0.06,62
btc-updown-15m-1775542500,1775542500,765,0.93,0.94,0.935,0.01,2021.74,1975.65,0.06,0.07,12
btc-updown-15m-1775542500,1775542500,780,0.95,0.96,0.955,0.01,1793.67,2542.58,0.04,0.05,70
btc-updown-15m-1775542500,1775542500,795,0.93,0.94,0.935,0.01,1741.83,1434.67,0.06,0.07,11
btc-updown-15m-1775542500,1775542500,810,0.95,0.96,0.955,0.01,1774.87,2514.48,0.04,0.05,36
btc-updown-15m-1775542500,1775542500,825,0.89,0.9,0.895,0.01,1465.25,1562.5,0.1,0.11,14
btc-updown-15m-1775542500,1775542500,840,0.96,0.97,0.965,0.01,1697.51,10654.34,0.03,0.04,34
btc-updown-15m-1775542500,1775542500,845,0.95,0.96,0.955,0.01,837.33,2830.35,0.04,0.05,8
btc-updown-15m-1775542500,1775542500,850,0.94,0.95,0.945,0.01,1927.95,1377,0.05,0.06,35
btc-updown-15m-1775542500,1775542500,855,0.96,0.97,0.965,0.01,1346.5,9263.47,0.03,0.04,13
btc-updown-15m-1775542500,1775542500,860,0.94,0.96,0.95,0.02,1468.79,852.72,0.04,0.06,13
btc-updown-15m-1775542500,1775542500,865,0.94,0.96,0.95,0.02,586.04,890.05,0.04,0.06,0
btc-updown-15m-1775542500,1775542500,870,0.95,0.96,0.955,0.01,255.71,998.4,0.04,0.05,41
btc-updown-15m-1775542500,1775542500,875,0.97,0.98,0.975,0.01,299.93,2205.71,0.02,0.03,14
btc-updown-15m-1775542500,1775542500,880,0.99,,,,11917.79,0,,0.01,76
btc-updown-15m-1775542500,1775542500,885,0.99,,,,12038.8,0,,0.01,13
btc-updown-15m-1775542500,1775542500,890,0.99,,,,11972.65,0,,0.01,65
btc-updown-15m-1775542500,1775542500,895,0.99,,,,12013.59,0,,0.01,13
btc-updown-15m-1775542500,1775542500,897,0.99,,,,14597.5,0,,0.01,14
btc-updown-15m-1775542500,1775542500,899,0.99,,,,24427.74,0,,0.01,11
btc-updown-15m-1775542500,1775542500,900,0.99,,,,87936.04,0,,0.01,1
btc-updown-15m-1775553300,1775553300,0,0.37,0.42,0.395,0.05,946.3,2604.09,0.58,0.63,652
btc-updown-15m-1775553300,1775553300,15,0.42,0.43,0.425,0.01,1348.97,7325.15,0.57,0.58,9
btc-updown-15m-1775553300,1775553300,30,0.39,0.4,0.395,0.01,1253,2508.5,0.6,0.61,2
btc-updown-15m-1775553300,1775553300,45,0.36,0.37,0.365,0.01,1830,664.27,0.63,0.64,6
btc-updown-15m-1775553300,1775553300,60,0.39,0.4,0.395,0.01,708.96,2164.5,0.6,0.61,11
btc-updown-15m-1775553300,1775553300,75,0.38,0.39,0.385,0.01,1889.06,1362.5,0.61,0.62,71
btc-updown-15m-1775553300,1775553300,90,0.44,0.45,0.445,0.01,1926.71,6404.95,0.55,0.56,12
btc-updown-15m-1775553300,1775553300,105,0.46,0.47,0.465,0.01,1827.12,3077.73,0.53,0.54,9
btc-updown-15m-1775553300,1775553300,120,0.47,0.48,0.475,0.01,417.4,4171.21,0.52,0.53,18
btc-updown-15m-1775553300,1775553300,135,0.48,0.49,0.485,0.01,1577.99,2501.08,0.51,0.52,1
btc-updown-15m-1775553300,1775553300,150,0.53,0.54,0.535,0.01,527.84,1967.76,0.46,0.47,12
btc-updown-15m-1775553300,1775553300,165,0.48,0.49,0.485,0.01,389.6,2359.57,0.51,0.52,1
btc-updown-15m-1775553300,1775553300,180,0.53,0.54,0.535,0.01,1103.7,571.32,0.46,0.47,3
btc-updown-15m-1775553300,1775553300,195,0.54,0.55,0.545,0.01,370.28,2003.12,0.45,0.46,3
btc-updown-15m-1775553300,1775553300,210,0.47,0.48,0.475,0.01,779.49,1599.1,0.52,0.53,12
btc-updown-15m-1775553300,1775553300,225,0.44,0.45,0.445,0.01,897.37,1638.41,0.55,0.56,28
btc-updown-15m-1775553300,1775553300,240,0.37,0.38,0.375,0.01,320,2132.1,0.62,0.63,11
btc-updown-15m-1775553300,1775553300,255,0.39,0.4,0.395,0.01,684.84,682.3,0.6,0.61,7
btc-updown-15m-1775553300,1775553300,270,0.4,0.41,0.405,0.01,660.34,935,0.59,0.6,7
btc-updown-15m-1775553300,1775553300,285,0.34,0.35,0.345,0.01,727.39,771,0.65,0.66,13
btc-updown-15m-1775553300,1775553300,300,0.39,0.4,0.395,0.01,470.67,995.97,0.6,0.61,10
btc-updown-15m-1775553300,1775553300,315,0.38,0.39,0.385,0.01,857.11,1810.57,0.61,0.62,4
btc-updown-15m-1775553300,1775553300,330,0.39,0.4,0.395,0.01,839,1856,0.6,0.61,0
btc-updown-15m-1775553300,1775553300,345,0.4,0.41,0.405,0.01,1111.38,1538,0.59,0.6,16
btc-updown-15m-1775553300,1775553300,360,0.3,0.31,0.305,0.01,520.79,1822,0.69,0.7,7
btc-updown-15m-1775553300,1775553300,375,0.2,0.21,0.205,0.01,692.56,1382.71,0.79,0.8,6
btc-updown-15m-1775553300,1775553300,390,0.16,0.17,0.165,0.01,268.49,1970.9,0.83,0.84,10
btc-updown-15m-1775553300,1775553300,405,0.16,0.17,0.165,0.01,510.25,1143.81,0.83,0.84,53
btc-updown-15m-1775553300,1775553300,420,0.11,0.12,0.115,0.01,1626.19,1698,0.88,0.89,71
btc-updown-15m-1775553300,1775553300,435,0.13,0.14,0.135,0.01,686.44,2148.4,0.86,0.87,72
btc-updown-15m-1775553300,1775553300,450,0.17,0.18,0.175,0.01,1200.81,1384,0.82,0.83,0
btc-updown-15m-1775553300,1775553300,465,0.18,0.19,0.185,0.01,487.4,1998.5,0.81,0.82,0
btc-updown-15m-1775553300,1775553300,480,0.15,0.16,0.155,0.01,1127.76,1675.25,0.84,0.85,2
btc-updown-15m-1775553300,1775553300,495,0.15,0.16,0.155,0.01,887.52,1893.48,0.84,0.85,66
btc-updown-15m-1775553300,1775553300,510,0.15,0.16,0.155,0.01,946.52,2030.1,0.84,0.85,10
btc-updown-15m-1775553300,1775553300,525,0.14,0.15,0.145,0.01,699.4,2355.94,0.85,0.86,72
btc-updown-15m-1775553300,1775553300,540,0.12,0.13,0.125,0.01,682.7,2352.09,0.87,0.88,2
btc-updown-15m-1775553300,1775553300,555,0.08,0.09,0.085,0.01,2344.32,1363.09,0.91,0.92,5
btc-updown-15m-1775553300,1775553300,570,0.06,0.07,0.065,0.01,3688.21,1464.7,0.93,0.94,12
btc-updown-15m-1775553300,1775553300,585,0.09,0.1,0.095,0.01,1009.91,1461.5,0.9,0.91,41
btc-updown-15m-1775553300,1775553300,600,0.11,0.12,0.115,0.01,530.12,743.01,0.88,0.89,11
btc-updown-15m-1775553300,1775553300,615,0.09,0.1,0.095,0.01,1370.06,1905,0.9,0.91,37
btc-updown-15m-1775553300,1775553300,630,0.06,0.07,0.065,0.01,3698.16,1676,0.93,0.94,9
btc-updown-15m-1775553300,1775553300,645,0.08,0.09,0.085,0.01,1252.66,1757.05,0.91,0.92,40
btc-updown-15m-1775553300,1775553300,660,0.07,0.08,0.075,0.01,1802.35,1637.95,0.92,0.93,11
btc-updown-15m-1775553300,1775553300,675,0.05,0.06,0.055,0.01,2183.88,1872.13,0.94,0.95,33
btc-updown-15m-1775553300,1775553300,690,0.07,0.08,0.075,0.01,1074.48,1124,0.92,0.93,1
btc-updown-15m-1775553300,1775553300,705,0.15,0.16,0.155,0.01,1547.65,1514.51,0.84,0.85,30
btc-updown-15m-1775553300,1775553300,720,0.15,0.16,0.155,0.01,1453.07,1451.17,0.84,0.85,9
btc-updown-15m-1775553300,1775553300,735,0.06,0.07,0.065,0.01,1353.21,1737.84,0.93,0.94,6
btc-updown-15m-1775553300,1775553300,750,0.09,0.1,0.095,0.01,1858.72,1595.84,0.9,0.91,12
btc-updown-15m-1775553300,1775553300,765,0.07,0.08,0.075,0.01,1563.4,1864.5,0.92,0.93,1
btc-updown-15m-1775553300,1775553300,780,0.03,0.04,0.035,0.01,12321.97,1884.39,0.96,0.97,16
btc-updown-15m-1775553300,1775553300,795,0.02,0.03,0.025,0.01,1872.75,1826.84,0.97,0.98,10
btc-updown-15m-1775553300,1775553300,810,0.04,0.05,0.045,0.01,2608.16,1541.35,0.95,0.96,24
btc-updown-15m-1775553300,1775553300,825,0.02,0.03,0.025,0.01,1759.38,2204.66,0.97,0.98,33
btc-updown-15m-1775553300,1775553300,840,0.01,0.02,0.015,0.01,594.37,2470.4,0.98,0.99,7
btc-updown-15m-1775553300,1775553300,845,0.01,0.02,0.015,0.01,198.29,2503.86,0.98,0.99,4
btc-updown-15m-1775553300,1775553300,850,0.01,0.02,0.015,0.01,474.98,2327.67,0.98,0.99,10
btc-updown-15m-1775553300,1775553300,855,,0.01,,,0,4806.82,0.99,,174
btc-updown-15m-1775553300,1775553300,860,,0.01,,,0,4574.92,0.99,,12
btc-updown-15m-1775553300,1775553300,865,,0.01,,,0,4711.83,0.99,,66
btc-updown-15m-1775553300,1775553300,870,,0.01,,,0,8865.9,0.99,,12
btc-updown-15m-1775553300,1775553300,875,,0.01,,,0,12789.18,0.99,,191
btc-updown-15m-1775553300,1775553300,880,,0.01,,,0,12726.59,0.99,,7
btc-updown-15m-1775553300,1775553300,885,0.001,0.002,0.0015,0.001,1175,10236.49,0.998,0.999,19
btc-updown-15m-1775553300,1775553300,890,0.001,0.002,0.0015,0.001,2597.97,9894.27,0.998,0.999,4
btc-updown-15m-1775553300,1775553300,895,,0.001,,,0,2819.45,0.999,,58
btc-updown-15m-1775553300,1775553300,897,,0.001,,,0,2586.55,0.999,,169
btc-updown-15m-1775553300,1775553300,899,,0.001,,,0,12308.33,0.999,,108
btc-updown-15m-1775553300,1775553300,900,,0.001,,,0,32704.17,0.999,,3
btc-updown-15m-1775563200,1775563200,0,0.44,0.49,0.465,0.05,103.76,717.42,0.51,0.56,86
btc-updown-15m-1775563200,1775563200,15,0.46,0.47,0.465,0.01,2058.54,898.37,0.53,0.54,2
btc-updown-15m-1775563200,1775563200,30,0.49,0.5,0.495,0.01,1703.44,1004.5,0.5,0.51,11
btc-updown-15m-1775563200,1775563200,45,0.6,0.61,0.605,0.01,1688.23,549.04,0.39,0.4,2
btc-updown-15m-1775563200,1775563200,60,0.55,0.56,0.555,0.01,1731.13,554.22,0.44,0.45,5
btc-updown-15m-1775563200,1775563200,75,0.48,0.49,0.485,0.01,1221,1868.46,0.51,0.52,4
btc-updown-15m-1775563200,1775563200,90,0.47,0.48,0.475,0.01,1625.65,820.91,0.52,0.53,72
btc-updown-15m-1775563200,1775563200,105,0.6,0.61,0.605,0.01,1420.48,1665.5,0.39,0.4,5
btc-updown-15m-1775563200,1775563200,120,0.62,0.63,0.625,0.01,1584.52,666.8,0.37,0.38,2
btc-updown-15m-1775563200,1775563200,135,0.55,0.56,0.555,0.01,1744.93,994.5,0.44,0.45,5
btc-updown-15m-1775563200,1775563200,150,0.54,0.55,0.545,0.01,1529.55,1679.63,0.45,0.46,24
btc-updown-15m-1775563200,1775563200,165,0.58,0.59,0.585,0.01,1734.25,642.62,0.41,0.42,7
btc-updown-15m-1775563200,1775563200,180,0.59,0.6,0.595,0.01,1712.45,465.62,0.4,0.41,0
btc-updown-15m-1775563200,1775563200,195,0.58,0.59,0.585,0.01,1954.5,531.89,0.41,0.42,59
btc-updown-15m-1775563200,1775563200,210,0.59,0.6,0.595,0.01,1756.58,468.5,0.4,0.41,7
btc-updown-15m-1775563200,1775563200,225,0.64,0.65,0.645,0.01,647.56,743.52,0.35,0.36,8
btc-updown-15m-1775563200,1775563200,240,0.6,0.61,0.605,0.01,2147.94,543.79,0.39,0.4,13
btc-updown-15m-1775563200,1775563200,255,0.6,0.61,0.605,0.01,1926.32,480.56,0.39,0.4,1
btc-updown-15m-1775563200,1775563200,270,0.65,0.66,0.655,0.01,2117,486.53,0.34,0.35,10
btc-updown-15m-1775563200,1775563200,285,0.66,0.67,0.665,0.01,1998.94,1647.57,0.33,0.34,5
btc-updown-15m-1775563200,1775563200,300,0.72,0.73,0.725,0.01,678.75,679.86,0.27,0.28,6
btc-updown-15m-1775563200,1775563200,315,0.76,0.77,0.765,0.01,1298.44,1567.76,0.23,0.24,33
btc-updown-15m-1775563200,1775563200,330,0.74,0.75,0.745,0.01,321.5,2049,0.25,0.26,12
btc-updown-15m-1775563200,1775563200,345,0.76,0.77,0.765,0.01,812,1534.8,0.23,0.24,7
btc-updown-15m-1775563200,1775563200,360,0.76,0.77,0.765,0.01,1571.1,354,0.23,0.24,2
btc-updown-15m-1775563200,1775563200,375,0.78,0.79,0.785,0.01,1374.34,1598.96,0.21,0.22,49
btc-updown-15m-1775563200,1775563200,390,0.83,0.84,0.835,0.01,1474.16,1823.55,0.16,0.17,2
btc-updown-15m-1775563200,1775563200,405,0.77,0.78,0.775,0.01,175,144,0.22,0.23,582
btc-updown-15m-1775563200,1775563200,420,0.15,0.17,0.16,0.02,55.33,290,0.83,0.85,27
btc-updown-15m-1775563200,1775563200,435,0.16,0.17,0.165,0.01,430.31,275.35,0.83,0.84,1
btc-updown-15m-1775563200,1775563200,450,0.16,0.17,0.165,0.01,65.82,520,0.83,0.84,10
btc-updown-15m-1775563200,1775563200,465,0.09,0.1,0.095,0.01,623.34,55,0.9,0.91,11
btc-updown-15m-1775563200,1775563200,480,0.05,0.06,0.055,0.01,1406.77,519.46,0.94,0.95,5
btc-updown-15m-1775563200,1775563200,495,0.06,0.07,0.065,0.01,544.73,623.4,0.93,0.94,64
btc-updown-15m-1775563200,1775563200,510,0.01,0.02,0.015,0.01,5047.11,1193.61,0.98,0.99,12
btc-updown-15m-1775563200,1775563200,525,0.01,0.02,0.015,0.01,5944.5,1158.5,0.98,0.99,46
btc-updown-15m-1775563200,1775563200,540,0.02,0.03,0.025,0.01,6139.08,1116.1,0.97,0.98,9
btc-updown-15m-1775563200,1775563200,555,0.01,0.02,0.015,0.01,3940.69,3178.63,0.98,0.99,75
btc-updown-15m-1775563200,1775563200,570,0.02,0.03,0.025,0.01,6245.75,3375.99,0.97,0.98,8
btc-updown-15m-1775563200,1775563200,585,0.02,0.03,0.025,0.01,6192.91,2686.3,0.97,0.98,9
btc-updown-15m-1775563200,1775563200,600,0.02,0.03,0.025,0.01,6339.93,2506.73,0.97,0.98,17
btc-updown-15m-1775563200,1775563200,615,0.01,0.02,0.015,0.01,4036.7,2690.07,0.98,0.99,17
btc-updown-15m-1775563200,1775563200,630,0.017,0.02,0.0185,0.003,236.96,617.28,0.98,0.983,6
btc-updown-15m-1775563200,1775563200,645,0.01,0.011,0.0105,0.001,11263.98,125,0.989,0.99,72
btc-updown-15m-1775563200,1775563200,660,0.009,0.01,0.0095,0.001,756.86,1533.88,0.99,0.991,10
btc-updown-15m-1775563200,1775563200,675,0.009,0.01,0.0095,0.001,404.22,75.21,0.99,0.991,66
btc-updown-15m-1775563200,1775563200,690,0.02,0.03,0.025,0.01,339.91,746.6,0.97,0.98,2
btc-updown-15m-1775563200,1775563200,705,0.062,0.067,0.0645,0.005,44,362.5,0.933,0.938,0
btc-updown-15m-1775563200,1775563200,720,0.05,0.06,0.055,0.01,262,460.35,0.94,0.95,11
btc-updown-15m-1775563200,1775563200,735,0.05,0.06,0.055,0.01,255.5,267.62,0.94,0.95,2
btc-updown-15m-1775563200,1775563200,750,0.15,0.151,0.1505,0.001,155.59,264,0.849,0.85,0
btc-updown-15m-1775563200,1775563200,765,0.15,0.16,0.155,0.01,574,340,0.84,0.85,53
btc-updown-15m-1775563200,1775563200,780,0.159,0.16,0.1595,0.001,119.09,349,0.84,0.841,3
btc-updown-15m-1775563200,1775563200,795,0.051,0.06,0.0555,0.009,375,126.78,0.94,0.949,3
btc-updown-15m-1775563200,1775563200,810,0.013,0.02,0.0165,0.007,1420.85,620.88,0.98,0.987,9
btc-updown-15m-1775563200,1775563200,825,0.02,0.03,0.025,0.01,333.98,327.99,0.97,0.98,20
btc-updown-15m-1775563200,1775563200,840,0.02,0.021,0.0205,0.001,2089.07,417.43,0.979,0.98,5
btc-updown-15m-1775563200,1775563200,845,0.013,0.014,0.0135,0.001,1351.07,56,0.986,0.987,1
btc-updown-15m-1775563200,1775563200,850,0.013,0.014,0.0135,0.001,1337.57,36,0.986,0.987,14
btc-updown-15m-1775563200,1775563200,855,0.012,0.015,0.0135,0.003,1532.34,36,0.985,0.988,49
btc-updown-15m-1775563200,1775563200,860,0.006,0.007,0.0065,0.001,9271.2,924,0.993,0.994,14
btc-updown-15m-1775563200,1775563200,865,0.006,0.009,0.0075,0.003,337.01,6028.89,0.991,0.994,92
btc-updown-15m-1775563200,1775563200,870,0.006,0.007,0.0065,0.001,472.01,965.87,0.993,0.994,6
btc-updown-15m-1775563200,1775563200,875,0.006,0.007,0.0065,0.001,13379.7,1129.19,0.993,0.994,142
btc-updown-15m-1775563200,1775563200,880,0.001,0.002,0.0015,0.001,13269.33,368.31,0.998,0.999,12
btc-updown-15m-1775563200,1775563200,885,0.001,0.005,0.003,0.004,13214.28,570,0.995,0.999,176
btc-updown-15m-1775563200,1775563200,890,0.001,0.005,0.003,0.004,12690.21,2100.88,0.995,0.999,0
btc-updown-15m-1775563200,1775563200,895,0.001,0.002,0.0015,0.001,6526.13,5040,0.998,0.999,116
btc-updown-15m-1775563200,1775563200,897,0.001,0.002,0.0015,0.001,6392.28,1800.62,0.998,0.999,1
btc-updown-15m-1775563200,1775563200,899,0.001,0.002,0.0015,0.001,1315.86,1935.62,0.998,0.999,158
btc-updown-15m-1775563200,1775563200,900,,0.001,,,0,35194.36,0.999,,0
btc-updown-15m-1775574000,1775574000,0,0.56,0.59,0.575,0.03,1399.39,316.22,0.41,0.44,175
btc-updown-15m-1775574000,1775574000,15,0.52,0.53,0.525,0.01,479.5,435.75,0.47,0.48,6
btc-updown-15m-1775574000,1775574000,30,0.51,0.52,0.515,0.01,125.72,534.78,0.48,0.49,16
btc-updown-15m-1775574000,1775574000,45,0.53,0.54,0.535,0.01,973.29,333,0.46,0.47,28
btc-updown-15m-1775574000,1775574000,60,0.53,0.54,0.535,0.01,676.79,435.64,0.46,0.47,0
btc-updown-15m-1775574000,1775574000,75,0.55,0.56,0.555,0.01,481.37,446.71,0.44,0.45,0
btc-updown-15m-1775574000,1775574000,90,0.56,0.57,0.565,0.01,910.17,210,0.43,0.44,4
btc-updown-15m-1775574000,1775574000,105,0.59,0.6,0.595,0.01,904.91,519.38,0.4,0.41,15
btc-updown-15m-1775574000,1775574000,120,0.58,0.59,0.585,0.01,585.72,472.72,0.41,0.42,2
btc-updown-15m-1775574000,1775574000,135,0.56,0.57,0.565,0.01,800.91,638.06,0.43,0.44,7
btc-updown-15m-1775574000,1775574000,150,0.53,0.54,0.535,0.01,667.64,592.06,0.46,0.47,12
btc-updown-15m-1775574000,1775574000,165,0.48,0.49,0.485,0.01,354.9,884.2,0.51,0.52,13
btc-updown-15m-1775574000,1775574000,180,0.45,0.46,0.455,0.01,1431.22,175.5,0.54,0.55,2
btc-updown-15m-1775574000,1775574000,195,0.5,0.51,0.505,0.01,494.61,1154.17,0.49,0.5,6
btc-updown-15m-1775574000,1775574000,210,0.49,0.5,0.495,0.01,435.31,591.16,0.5,0.51,9
btc-updown-15m-1775574000,1775574000,225,0.47,0.48,0.475,0.01,269.22,885,0.52,0.53,8
btc-updown-15m-1775574000,1775574000,240,0.53,0.54,0.535,0.01,319.56,464,0.46,0.47,2
btc-updown-15m-1775574000,1775574000,255,0.52,0.53,0.525,0.01,387.5,947.62,0.47,0.48,0
btc-updown-15m-1775574000,1775574000,270,0.54,0.55,0.545,0.01,1132.08,665.89,0.45,0.46,11
btc-updown-15m-1775574000,1775574000,285,0.54,0.55,0.545,0.01,468.03,567.2,0.45,0.46,5
btc-updown-15m-1775574000,1775574000,300,0.55,0.56,0.555,0.01,910.97,704.26,0.44,0.45,0
btc-updown-15m-1775574000,1775574000,315,0.35,0.37,0.36,0.02,564.71,786.86,0.63,0.65,1
btc-updown-15m-1775574000,1775574000,330,0.35,0.36,0.355,0.01,645.68,401,0.64,0.65,29
btc-updown-15m-1775574000,1775574000,345,0.4,0.41,0.405,0.01,600.95,189.56,0.59,0.6,4
btc-updown-15m-1775574000,1775574000,360,0.33,0.34,0.335,0.01,100.33,784.04,0.66,0.67,0
btc-updown-15m-1775574000,1775574000,375,0.3,0.31,0.305,0.01,5827.04,484,0.69,0.7,0
btc-updown-15m-1775574000,1775574000,390,0.28,0.29,0.285,0.01,622.94,1130.23,0.71,0.72,9
btc-updown-15m-1775574000,1775574000,405,0.26,0.27,0.265,0.01,126.86,1517.09,0.73,0.74,2
btc-updown-15m-1775574000,1775574000,420,0.26,0.27,0.265,0.01,637.94,2626.51,0.73,0.74,0
btc-updown-15m-1775574000,1775574000,435,0.24,0.25,0.245,0.01,308.54,1445.15,0.75,0.76,49
btc-updown-15m-1775574000,1775574000,450,0.25,0.26,0.255,0.01,725.43,844.55,0.74,0.75,8
btc-updown-15m-1775574000,1775574000,465,0.26,0.27,0.265,0.01,3105,1705.93,0.73,0.74,0
btc-updown-15m-1775574000,1775574000,480,0.34,0.35,0.345,0.01,465.24,227,0.65,0.66,1
btc-updown-15m-1775574000,1775574000,495,0.34,0.35,0.345,0.01,1230.5,228.09,0.65,0.66,1
btc-updown-15m-1775574000,1775574000,510,0.33,0.34,0.335,0.01,577.92,167.4,0.66,0.67,8
btc-updown-15m-1775574000,1775574000,525,0.34,0.36,0.35,0.02,533.91,420.52,0.64,0.66,8
btc-updown-15m-1775574000,1775574000,540,0.43,0.44,0.435,0.01,503,278.73,0.56,0.57,4
btc-updown-15m-1775574000,1775574000,555,0.42,0.43,0.425,0.01,487.89,483,0.57,0.58,1
btc-updown-15m-1775574000,1775574000,570,0.47,0.48,0.475,0.01,983.13,185.86,0.52,0.53,7
btc-updown-15m-1775574000,1775574000,585,0.52,0.53,0.525,0.01,426.58,939.67,0.47,0.48,5
btc-updown-15m-1775574000,1775574000,600,0.55,0.56,0.555,0.01,944.95,399.5,0.44,0.45,2
btc-updown-15m-1775574000,1775574000,615,0.68,0.69,0.685,0.01,1124.39,659.81,0.31,0.32,7
btc-updown-15m-1775574000,1775574000,630,0.65,0.66,0.655,0.01,417.53,138.5,0.34,0.35,1
btc-updown-15m-1775574000,1775574000,645,0.73,0.74,0.735,0.01,697,563.41,0.26,0.27,1
btc-updown-15m-1775574000,1775574000,660,0.67,0.68,0.675,0.01,430.62,298.5,0.32,0.33,0
btc-updown-15m-1775574000,1775574000,675,0.74,0.75,0.745,0.01,71,878.24,0.25,0.26,0
btc-updown-15m-1775574000,1775574000,690,0.88,0.9,0.89,0.02,459.92,515.85,0.1,0.12,1
btc-updown-15m-1775574000,1775574000,705,0.89,0.9,0.895,0.01,328.99,686.88,0.1,0.11,13
btc-updown-15m-1775574000,1775574000,720,0.92,0.93,0.925,0.01,829.89,1084.84,0.07,0.08,38
btc-updown-15m-1775574000,1775574000,735,0.96,0.97,0.965,0.01,890.28,8114.54,0.03,0.04,11
btc-updown-15m-1775574000,1775574000,750,0.96,0.97,0.965,0.01,1039.85,8280.54,0.03,0.04,4
btc-updown-15m-1775574000,1775574000,765,0.9,0.91,0.905,0.01,398.52,401,0.09,0.1,11
btc-updown-15m-1775574000,1775574000,780,0.82,0.83,0.825,0.01,321.17,761.95,0.17,0.18,1
btc-updown-15m-1775574000,1775574000,795,0.73,0.74,0.735,0.01,95.23,828.14,0.26,0.27,29
btc-updown-15m-1775574000,1775574000,810,0.73,0.74,0.735,0.01,581,350.52,0.26,0.27,28
btc-updown-15m-1775574000,1775574000,825,0.55,0.56,0.555,0.01,568.77,453,0.44,0.45,10
btc-updown-15m-1775574000,1775574000,840,0.61,0.62,0.615,0.01,557.86,196,0.38,0.39,0
btc-updown-15m-1775574000,1775574000,845,0.71,0.72,0.715,0.01,254.27,392.62,0.28,0.29,23
btc-updown-15m-1775574000,1775574000,850,0.71,0.72,0.715,0.01,387,263,0.28,0.29,10
btc-updown-15m-1775574000,1775574000,855,0.73,0.74,0.735,0.01,382.46,233.5,0.26,0.27,4
btc-updown-15m-1775574000,1775574000,860,0.74,0.76,0.75,0.02,603.58,29,0.24,0.26,2
btc-updown-15m-1775574000,1775574000,865,0.75,0.76,0.755,0.01,406.96,178.47,0.24,0.25,1
btc-updown-15m-1775574000,1775574000,870,0.76,0.77,0.765,0.01,384.04,72.92,0.23,0.24,8
btc-updown-15m-1775574000,1775574000,875,0.78,0.79,0.785,0.01,226,65.5,0.21,0.22,1
btc-updown-15m-1775574000,1775574000,880,0.81,0.82,0.815,0.01,120.56,93.42,0.18,0.19,6
btc-updown-15m-1775574000,1775574000,885,0.73,0.74,0.735,0.01,65.5,80.71,0.26,0.27,23
btc-updown-15m-1775574000,1775574000,890,0.78,0.79,0.785,0.01,182.95,86.49,0.21,0.22,2
btc-updown-15m-1775574000,1775574000,895,0.36,0.38,0.37,0.02,39.29,65,0.62,0.64,1
btc-updown-15m-1775574000,1775574000,897,0.71,0.9,0.805,0.19,17.8,20.96,0.1,0.29,10
btc-updown-15m-1775574000,1775574000,899,0.99,,,,148.24,0,,0.01,2
btc-updown-15m-1775574000,1775574000,900,0.99,,,,54053.4,0,,0.01,11
btc-updown-15m-1775583900,1775583900,0,0.42,0.44,0.43,0.02,101.94,655.06,0.56,0.58,2
btc-updown-15m-1775583900,1775583900,15,0.46,0.47,0.465,0.01,3284.38,1527.28,0.53,0.54,62
btc-updown-15m-1775583900,1775583900,30,0.48,0.49,0.485,0.01,4130.4,927.65,0.51,0.52,13
btc-updown-15m-1775583900,1775583900,45,0.48,0.49,0.485,0.01,3001,3263.05,0.51,0.52,8
btc-updown-15m-1775583900,1775583900,60,0.43,0.44,0.435,0.01,3554.8,163.44,0.56,0.57,13
btc-updown-15m-1775583900,1775583900,75,0.52,0.53,0.525,0.01,3470.76,2473.85,0.47,0.48,2
btc-updown-15m-1775583900,1775583900,90,0.52,0.53,0.525,0.01,3630.35,2727.75,0.47,0.48,2
btc-updown-15m-1775583900,1775583900,105,0.52,0.53,0.525,0.01,3962.27,948.96,0.47,0.48,0
btc-updown-15m-1775583900,1775583900,120,0.52,0.53,0.525,0.01,3821.5,3523.61,0.47,0.48,11
btc-updown-15m-1775583900,1775583900,135,0.52,0.53,0.525,0.01,3781.92,988.96,0.47,0.48,13
btc-updown-15m-1775583900,1775583900,150,0.57,0.58,0.575,0.01,837.94,4376.79,0.42,0.43,39
btc-updown-15m-1775583900,1775583900,165,0.57,0.58,0.575,0.01,1718.69,3997.48,0.42,0.43,8
btc-updown-15m-1775583900,1775583900,180,0.61,0.62,0.615,0.01,1166.89,4153.88,0.38,0.39,69
btc-updown-15m-1775583900,1775583900,195,0.51,0.52,0.515,0.01,905.47,3791.93,0.48,0.49,0
btc-updown-15m-1775583900,1775583900,210,0.46,0.47,0.465,0.01,3286.15,3383.27,0.53,0.54,7
btc-updown-15m-1775583900,1775583900,225,0.44,0.45,0.445,0.01,3082.17,4292.97,0.55,0.56,1
btc-updown-15m-1775583900,1775583900,240,0.47,0.48,0.475,0.01,3520.34,1055.2,0.52,0.53,9
btc-updown-15m-1775583900,1775583900,255,0.51,0.52,0.515,0.01,4186,485,0.48,0.49,0
btc-updown-15m-1775583900,1775583900,270,0.54,0.55,0.545,0.01,1475,3119.54,0.45,0.46,67
btc-updown-15m-1775583900,1775583900,285,0.57,0.58,0.575,0.01,4581.42,942,0.42,0.43,7
btc-updown-15m-1775583900,1775583900,300,0.62,0.63,0.625,0.01,616.97,646.5,0.37,0.38,2
btc-updown-15m-1775583900,1775583900,315,0.62,0.63,0.625,0.01,1387.5,3244.92,0.37,0.38,6
btc-updown-15m-1775583900,1775583900,330,0.64,0.65,0.645,0.01,1290.59,3359.13,0.35,0.36,8
btc-updown-15m-1775583900,1775583900,345,0.57,0.58,0.575,0.01,1341.9,3188.26,0.42,0.43,5
btc-updown-15m-1775583900,1775583900,360,0.56,0.57,0.565,0.01,1156.98,3400.84,0.43,0.44,0
btc-updown-15m-1775583900,1775583900,375,0.62,0.63,0.625,0.01,3585.16,207.5,0.37,0.38,3
btc-updown-15m-1775583900,1775583900,390,0.72,0.73,0.725,0.01,626,5016.52,0.27,0.28,4
btc-updown-15m-1775583900,1775583900,405,0.76,0.77,0.765,0.01,3061.33,3391.5,0.23,0.24,3
btc-updown-15m-1775583900,1775583900,420,0.75,0.76,0.755,0.01,3137.5,3488.86,0.24,0.25,34
btc-updown-15m-1775583900,1775583900,435,0.79,0.8,0.795,0.01,3697.27,569.5,0.2,0.21,38
btc-updown-15m-1775583900,1775583900,450,0.8,0.81,0.805,0.01,3875.55,1044.51,0.19,0.2,1
btc-updown-15m-1775583900,1775583900,465,0.83,0.84,0.835,0.01,2950.49,3889.08,0.16,0.17,190
btc-updown-15m-1775583900,1775583900,480,0.85,0.86,0.855,0.01,3666.65,1370.6,0.14,0.15,66
btc-updown-15m-1775583900,1775583900,495,0.87,0.88,0.875,0.01,3611.95,3923.97,0.12,0.13,1
btc-updown-15m-1775583900,1775583900,510,0.89,0.9,0.895,0.01,960.26,4656.02,0.1,0.11,6
btc-updown-15m-1775583900,1775583900,525,0.8,0.81,0.805,0.01,3267.43,3006.96,0.19,0.2,8
btc-updown-15m-1775583900,1775583900,540,0.81,0.82,0.815,0.01,610.43,4174.73,0.18,0.19,5
btc-updown-15m-1775583900,1775583900,555,0.78,0.79,0.785,0.01,3783.22,3484.7,0.21,0.22,8
btc-updown-15m-1775583900,1775583900,570,0.78,0.79,0.785,0.01,4340.22,53.85,0.21,0.22,39
btc-updown-15m-1775583900,1775583900,585,0.74,0.75,0.745,0.01,964.46,3977.54,0.25,0.26,3
btc-updown-15m-1775583900,1775583900,600,0.78,0.79,0.785,0.01,663.72,432.52,0.21,0.22,71
btc-updown-15m-1775583900,1775583900,615,0.82,0.83,0.825,0.01,676.47,3053.13,0.17,0.18,2
btc-updown-15m-1775583900,1775583900,630,0.8,0.81,0.805,0.01,1217.88,2912.5,0.19,0.2,65
btc-updown-15m-1775583900,1775583900,645,0.74,0.75,0.745,0.01,1264,746,0.25,0.26,44
btc-updown-15m-1775583900,1775583900,660,0.71,0.72,0.715,0.01,936.7,623.5,0.28,0.29,4
btc-updown-15m-1775583900,1775583900,675,0.67,0.68,0.675,0.01,1079.4,3600.14,0.32,0.33,59
btc-updown-15m-1775583900,1775583900,690,0.68,0.69,0.685,0.01,3359,2939.28,0.31,0.32,3
btc-updown-15m-1775583900,1775583900,705,0.74,0.75,0.745,0.01,3509,520.57,0.25,0.26,0
btc-updown-15m-1775583900,1775583900,720,0.84,0.85,0.845,0.01,469.13,967.46,0.15,0.16,2
btc-updown-15m-1775583900,1775583900,735,0.86,0.87,0.865,0.01,83,120.5,0.13,0.14,1
btc-updown-15m-1775583900,1775583900,750,0.67,0.68,0.675,0.01,596.22,644.5,0.32,0.33,5
btc-updown-15m-1775583900,1775583900,765,0.62,0.63,0.625,0.01,864.83,362.94,0.37,0.38,0
btc-updown-15m-1775583900,1775583900,780,0.56,0.57,0.565,0.01,1254.95,3125.12,0.43,0.44,2
btc-updown-15m-1775583900,1775583900,795,0.68,0.69,0.685,0.01,2639,3228.08,0.31,0.32,2
btc-updown-15m-1775583900,1775583900,810,0.55,0.56,0.555,0.01,56,824,0.44,0.45,1
btc-updown-15m-1775583900,1775583900,825,0.5,0.51,0.505,0.01,826.2,3527.53,0.49,0.5,1
btc-updown-15m-1775583900,1775583900,840,0.55,0.56,0.555,0.01,3050.8,129.93,0.44,0.45,16
btc-updown-15m-1775583900,1775583900,845,0.57,0.58,0.575,0.01,2963,230.85,0.42,0.43,11
btc-updown-15m-1775583900,1775583900,850,0.58,0.59,0.585,0.01,2657,831.5,0.41,0.42,2
btc-updown-15m-1775583900,1775583900,855,0.57,0.58,0.575,0.01,519.64,2723.05,0.42,0.43,9
btc-updown-15m-1775583900,1775583900,860,0.57,0.58,0.575,0.01,2620,653.1,0.42,0.43,8
btc-updown-15m-1775583900,1775583900,865,0.37,0.38,0.375,0.01,273.4,80,0.62,0.63,11
btc-updown-15m-1775583900,1775583900,870,0.42,0.43,0.425,0.01,2936,61.59,0.57,0.58,1
btc-updown-15m-1775583900,1775583900,875,0.74,0.75,0.745,0.01,141.95,62.66,0.25,0.26,5
btc-updown-15m-1775583900,1775583900,880,0.73,0.74,0.735,0.01,141,71.2,0.26,0.27,2
btc-updown-15m-1775583900,1775583900,885,0.75,0.76,0.755,0.01,20.76,71,0.24,0.25,2
btc-updown-15m-1775583900,1775583900,890,0.81,0.82,0.815,0.01,464.83,80.5,0.18,0.19,3
btc-updown-15m-1775583900,1775583900,895,0.86,0.87,0.865,0.01,292.27,34.86,0.13,0.14,2
btc-updown-15m-1775583900,1775583900,897,0.89,0.9,0.895,0.01,18.36,69.5,0.1,0.11,3
btc-updown-15m-1775583900,1775583900,899,0.99,,,,222.66,0,,0.01,4
btc-updown-15m-1775583900,1775583900,900,0.99,,,,54848.89,0,,0.01,3
btc-updown-15m-1775594700,1775594700,0,0.45,0.46,0.455,0.01,321.63,292.56,0.54,0.55,25
btc-updown-15m-1775594700,1775594700,15,0.45,0.46,0.455,0.01,888.11,801.93,0.54,0.55,117
btc-updown-15m-1775594700,1775594700,30,0.41,0.42,0.415,0.01,1063.62,2460.61,0.58,0.59,11
btc-updown-15m-1775594700,1775594700,45,0.46,0.47,0.465,0.01,1872.3,825.12,0.53,0.54,10
btc-updown-15m-1775594700,1775594700,60,0.48,0.49,0.485,0.01,1176.22,2239.65,0.51,0.52,27
btc-updown-15m-1775594700,1775594700,75,0.45,0.46,0.455,0.01,210.29,2963.47,0.54,0.55,12
btc-updown-15m-1775594700,1775594700,90,0.37,0.38,0.375,0.01,537.33,2137.84,0.62,0.63,138
btc-updown-15m-1775594700,1775594700,105,0.32,0.33,0.325,0.01,1835.28,1652.54,0.67,0.68,5
btc-updown-15m-1775594700,1775594700,120,0.28,0.29,0.285,0.01,1709.04,2218,0.71,0.72,8
btc-updown-15m-1775594700,1775594700,135,0.29,0.3,0.295,0.01,2168.67,1294.46,0.7,0.71,11
btc-updown-15m-1775594700,1775594700,150,0.31,0.32,0.315,0.01,1318.4,2338.9,0.68,0.69,135
btc-updown-15m-1775594700,1775594700,165,0.39,0.4,0.395,0.01,1949.95,1498.6,0.6,0.61,4
btc-updown-15m-1775594700,1775594700,180,0.41,0.42,0.415,0.01,1849.35,1493.5,0.58,0.59,28
btc-updown-15m-1775594700,1775594700,195,0.42,0.43,0.425,0.01,1141.5,519.34,0.57,0.58,0
btc-updown-15m-1775594700,1775594700,210,0.38,0.39,0.385,0.01,2025.71,781.84,0.61,0.62,189
btc-updown-15m-1775594700,1775594700,225,0.38,0.39,0.385,0.01,1539.5,1474.5,0.61,0.62,9
btc-updown-15m-1775594700,1775594700,240,0.37,0.38,0.375,0.01,2445.99,329.5,0.62,0.63,39
btc-updown-15m-1775594700,1775594700,255,0.32,0.33,0.325,0.01,1901.96,236.81,0.67,0.68,11
btc-updown-15m-1775594700,1775594700,270,0.32,0.33,0.325,0.01,1252.25,1078.68,0.67,0.68,8
btc-updown-15m-1775594700,1775594700,285,0.34,0.35,0.345,0.01,1919.08,706.5,0.65,0.66,10
btc-updown-15m-1775594700,1775594700,300,0.35,0.36,0.355,0.01,283.96,1152.74,0.64,0.65,190
btc-updown-15m-1775594700,1775594700,315,0.32,0.33,0.325,0.01,2449.44,369.06,0.67,0.68,8
btc-updown-15m-1775594700,1775594700,330,0.32,0.33,0.325,0.01,1157.67,2286.05,0.67,0.68,10
btc-updown-15m-1775594700,1775594700,345,0.37,0.38,0.375,0.01,1399,620.06,0.62,0.63,10
btc-updown-15m-1775594700,1775594700,360,0.31,0.32,0.315,0.01,1614.09,745.33,0.68,0.69,1
btc-updown-15m-1775594700,1775594700,375,0.34,0.35,0.345,0.01,1650.5,1408.31,0.65,0.66,9
btc-updown-15m-1775594700,1775594700,390,0.28,0.29,0.285,0.01,1453.5,1683.5,0.71,0.72,2
btc-updown-15m-1775594700,1775594700,405,0.23,0.24,0.235,0.01,1444.1,577.5,0.76,0.77,10
btc-updown-15m-1775594700,1775594700,420,0.34,0.35,0.345,0.01,1455,1348.12,0.65,0.66,1
btc-updown-15m-1775594700,1775594700,435,0.29,0.3,0.295,0.01,538.36,403.5,0.7,0.71,6
btc-updown-15m-1775594700,1775594700,450,0.28,0.29,0.285,0.01,1486.78,758,0.71,0.72,98
btc-updown-15m-1775594700,1775594700,465,0.27,0.28,0.275,0.01,369.98,575.18,0.72,0.73,26
btc-updown-15m-1775594700,1775594700,480,0.27,0.28,0.275,0.01,1256.5,1038.08,0.72,0.73,11
btc-updown-15m-1775594700,1775594700,495,0.19,0.2,0.195,0.01,1602.96,858.75,0.8,0.81,10
btc-updown-15m-1775594700,1775594700,510,0.12,0.13,0.125,0.01,1576.65,240,0.87,0.88,30
btc-updown-15m-1775594700,1775594700,525,0.17,0.18,0.175,0.01,1905.78,315.91,0.82,0.83,5
btc-updown-15m-1775594700,1775594700,540,0.15,0.16,0.155,0.01,1566.34,1819.18,0.84,0.85,3
btc-updown-15m-1775594700,1775594700,555,0.08,0.09,0.085,0.01,1617.39,2722.21,0.91,0.92,12
btc-updown-15m-1775594700,1775594700,570,0.05,0.06,0.055,0.01,2266.75,3277.36,0.94,0.95,1
btc-updown-15m-1775594700,1775594700,585,0.08,0.09,0.085,0.01,65.92,2255.44,0.91,0.92,10
btc-updown-15m-1775594700,1775594700,600,0.05,0.06,0.055,0.01,1728.73,968.06,0.94,0.95,24
btc-updown-15m-1775594700,1775594700,615,0.12,0.13,0.125,0.01,663.84,600.63,0.87,0.88,5
btc-updown-15m-1775594700,1775594700,630,0.06,0.07,0.065,0.01,946.64,469,0.93,0.94,334
btc-updown-15m-1775594700,1775594700,645,0.1,0.11,0.105,0.01,461.38,316.47,0.89,0.9,7
btc-updown-15m-1775594700,1775594700,660,0.15,0.16,0.155,0.01,621,1412.16,0.84,0.85,24
btc-updown-15m-1775594700,1775594700,675,0.13,0.14,0.135,0.01,1430.95,1429.5,0.86,0.87,19
btc-updown-15m-1775594700,1775594700,690,0.22,0.23,0.225,0.01,1993.2,124.5,0.77,0.78,11
btc-updown-15m-1775594700,1775594700,705,0.42,0.43,0.425,0.01,390.5,431.65,0.57,0.58,6
btc-updown-15m-1775594700,1775594700,720,0.47,0.48,0.475,0.01,1348.97,808.67,0.52,0.53,1
btc-updown-15m-1775594700,1775594700,735,0.42,0.43,0.425,0.01,22.23,1555.42,0.57,0.58,0
btc-updown-15m-1775594700,1775594700,750,0.31,0.32,0.315,0.01,1341.5,282.87,0.68,0.69,13
btc-updown-15m-1775594700,1775594700,765,0.39,0.4,0.395,0.01,1695.54,414.14,0.6,0.61,141
btc-updown-15m-1775594700,1775594700,780,0.34,0.35,0.345,0.01,1261.22,1765.5,0.65,0.66,48
btc-updown-15m-1775594700,1775594700,795,0.36,0.37,0.365,0.01,1160.13,1462.29,0.63,0.64,23
btc-updown-15m-1775594700,1775594700,810,0.35,0.36,0.355,0.01,1457,475.28,0.64,0.65,13
btc-updown-15m-1775594700,1775594700,825,0.56,0.57,0.565,0.01,1402.2,409.67,0.43,0.44,0
btc-updown-15m-1775594700,1775594700,840,0.59,0.6,0.595,0.01,1346.25,107.86,0.4,0.41,5
btc-updown-15m-1775594700,1775594700,845,0.68,0.69,0.685,0.01,289.76,448.58,0.31,0.32,6
btc-updown-15m-1775594700,1775594700,850,0.61,0.62,0.615,0.01,282.47,285.32,0.38,0.39,5
btc-updown-15m-1775594700,1775594700,855,0.67,0.68,0.675,0.01,1274.82,1279.23,0.32,0.33,0
btc-updown-15m-1775594700,1775594700,860,0.76,0.77,0.765,0.01,1352.88,240,0.23,0.24,0
btc-updown-15m-1775594700,1775594700,865,0.8,0.81,0.805,0.01,335.19,153.18,0.19,0.2,2
btc-updown-15m-1775594700,1775594700,870,0.83,0.85,0.84,0.02,422.5,1301.64,0.15,0.17,0
btc-updown-15m-1775594700,1775594700,875,0.82,0.83,0.825,0.01,230.13,1128.56,0.17,0.18,6
btc-updown-15m-1775594700,1775594700,880,0.84,0.85,0.845,0.01,475.09,1034.88,0.15,0.16,12
btc-updown-15m-1775594700,1775594700,885,0.9,0.91,0.905,0.01,155.07,956.3,0.09,0.1,5
btc-updown-15m-1775594700,1775594700,890,0.91,0.92,0.915,0.01,315.69,1115.71,0.08,0.09,6
btc-updown-15m-1775594700,1775594700,895,0.94,0.95,0.945,0.01,183,244.68,0.05,0.06,13
btc-updown-15m-1775594700,1775594700,897,0.96,0.97,0.965,0.01,48.44,463.78,0.03,0.04,1
btc-updown-15m-1775594700,1775594700,899,0.99,,,,7697.78,0,,0.01,5
btc-updown-15m-1775594700,1775594700,900,0.99,,,,50387.27,0,,0.01,15
btc-updown-15m-1775605500,1775605500,0,0.51,0.52,0.515,0.01,482.78,378.81,0.48,0.49,189
btc-updown-15m-1775605500,1775605500,15,0.57,0.59,0.58,0.02,289.63,692,0.41,0.43,7
btc-updown-15m-1775605500,1775605500,30,0.6,0.61,0.605,0.01,1329.01,518,0.39,0.4,9
btc-updown-15m-1775605500,1775605500,45,0.61,0.62,0.615,0.01,1118.5,1283.09,0.38,0.39,35
btc-updown-15m-1775605500,1775605500,60,0.61,0.62,0.615,0.01,1518.16,416.87,0.38,0.39,46
btc-updown-15m-1775605500,1775605500,75,0.75,0.76,0.755,0.01,1121.05,251.17,0.24,0.25,6
btc-updown-15m-1775605500,1775605500,90,0.76,0.78,0.77,0.02,1357.54,529.67,0.22,0.24,6
btc-updown-15m-1775605500,1775605500,105,0.75,0.76,0.755,0.01,780.38,1451.5,0.24,0.25,10
btc-updown-15m-1775605500,1775605500,120,0.75,0.76,0.755,0.01,1483.39,2396.81,0.24,0.25,11
btc-updown-15m-1775605500,1775605500,135,0.79,0.8,0.795,0.01,531.49,1010,0.2,0.21,2
btc-updown-15m-1775605500,1775605500,150,0.8,0.81,0.805,0.01,470.15,2816.58,0.19,0.2,0
btc-updown-15m-1775605500,1775605500,165,0.8,0.81,0.805,0.01,902.69,1687.12,0.19,0.2,70
btc-updown-15m-1775605500,1775605500,180,0.82,0.83,0.825,0.01,1203.42,2014.78,0.17,0.18,2
btc-updown-15m-1775605500,1775605500,195,0.83,0.84,0.835,0.01,1325.07,1551.93,0.16,0.17,35
btc-updown-15m-1775605500,1775605500,210,0.82,0.83,0.825,0.01,2233.47,1227.19,0.17,0.18,10
btc-updown-15m-1775605500,1775605500,225,0.79,0.8,0.795,0.01,1385.59,1321.93,0.2,0.21,75
btc-updown-15m-1775605500,1775605500,240,0.78,0.79,0.785,0.01,1129.9,1547.04,0.21,0.22,8
btc-updown-15m-1775605500,1775605500,255,0.79,0.8,0.795,0.01,1761.24,1234.31,0.2,0.21,83
btc-updown-15m-1775605500,1775605500,270,0.78,0.79,0.785,0.01,1477.4,1427.56,0.21,0.22,160
btc-updown-15m-1775605500,1775605500,285,0.76,0.77,0.765,0.01,2899.73,59.6,0.23,0.24,3
btc-updown-15m-1775605500,1775605500,300,0.81,0.82,0.815,0.01,563.16,1651.85,0.18,0.19,249
btc-updown-15m-1775605500,1775605500,315,0.82,0.83,0.825,0.01,212.1,1579.26,0.17,0.18,6
btc-updown-15m-1775605500,1775605500,330,0.84,0.85,0.845,0.01,216.5,1808.8,0.15,0.16,18
btc-updown-15m-1775605500,1775605500,345,0.83,0.84,0.835,0.01,1626.15,1647.06,0.16,0.17,74
btc-updown-15m-1775605500,1775605500,360,0.83,0.84,0.835,0.01,2190.52,1338.99,0.16,0.17,0
btc-updown-15m-1775605500,1775605500,375,0.85,0.86,0.855,0.01,656,1656.12,0.14,0.15,9
btc-updown-15m-1775605500,1775605500,390,0.84,0.85,0.845,0.01,563.09,1743.61,0.15,0.16,17
btc-updown-15m-1775605500,1775605500,405,0.85,0.86,0.855,0.01,1275.13,1498.7,0.14,0.15,13
btc-updown-15m-1775605500,1775605500,420,0.87,0.88,0.875,0.01,1930.6,1621.05,0.12,0.13,3
btc-updown-15m-1775605500,1775605500,435,0.86,0.87,0.865,0.01,1424.36,1541.1,0.13,0.14,13
btc-updown-15m-1775605500,1775605500,450,0.87,0.88,0.875,0.01,523.56,2005.15,0.12,0.13,18
btc-updown-15m-1775605500,1775605500,465,0.87,0.88,0.875,0.01,1138.05,1690.35,0.12,0.13,15
btc-updown-15m-1775605500,1775605500,480,0.88,0.89,0.885,0.01,1218.91,1657.61,0.11,0.12,73
btc-updown-15m-1775605500,1775605500,495,0.89,0.9,0.895,0.01,582.13,1730.02,0.1,0.11,13
btc-updown-15m-1775605500,1775605500,510,0.88,0.89,0.885,0.01,662.27,1781.63,0.11,0.12,53
btc-updown-15m-1775605500,1775605500,525,0.91,0.92,0.915,0.01,381,1803.19,0.08,0.09,28
btc-updown-15m-1775605500,1775605500,540,0.91,0.92,0.915,0.01,988.53,2045.63,0.08,0.09,40
btc-updown-15m-1775605500,1775605500,555,0.91,0.92,0.915,0.01,4001.68,1840.79,0.08,0.09,183
btc-updown-15m-1775605500,1775605500,570,0.91,0.92,0.915,0.01,424.05,2161.72,0.08,0.09,118
btc-updown-15m-1775605500,1775605500,585,0.42,0.45,0.435,0.03,1053.92,575.76,0.55,0.58,73
btc-updown-15m-1775605500,1775605500,600,0.45,0.46,0.455,0.01,282.03,702,0.54,0.55,29
btc-updown-15m-1775605500,1775605500,615,0.44,0.45,0.445,0.01,51.32,314.41,0.55,0.56,13
btc-updown-15m-1775605500,1775605500,630,0.47,0.48,0.475,0.01,844.75,413,0.52,0.53,6
btc-updown-15m-1775605500,1775605500,645,0.5,0.51,0.505,0.01,964.51,290.65,0.49,0.5,0
btc-updown-15m-1775605500,1775605500,660,0.48,0.52,0.5,0.04,160.23,466,0.48,0.52,109
btc-updown-15m-1775605500,1775605500,675,0.38,0.39,0.385,0.01,373,300.18,0.61,0.62,18
btc-updown-15m-1775605500,1775605500,690,0.25,0.26,0.255,0.01,211,615,0.74,0.75,20
btc-updown-15m-1775605500,1775605500,705,0.26,0.27,0.265,0.01,595.23,135.41,0.73,0.74,4
btc-updown-15m-1775605500,1775605500,720,0.13,0.14,0.135,0.01,229.1,473.14,0.86,0.87,3
btc-updown-15m-1775605500,1775605500,735,0.1,0.11,0.105,0.01,528.48,442.16,0.89,0.9,87
btc-updown-15m-1775605500,1775605500,750,0.15,0.16,0.155,0.01,704,628,0.84,0.85,0
btc-updown-15m-1775605500,1775605500,765,0.18,0.19,0.185,0.01,260,840,0.81,0.82,4
btc-updown-15m-1775605500,1775605500,780,0.23,0.24,0.235,0.01,361.7,760.24,0.76,0.77,3
btc-updown-15m-1775605500,1775605500,795,0.24,0.25,0.245,0.01,456.84,596,0.75,0.76,0
btc-updown-15m-1775605500,1775605500,810,0.33,0.34,0.335,0.01,811.03,278.6,0.66,0.67,8
btc-updown-15m-1775605500,1775605500,825,0.28,0.29,0.285,0.01,321,266.5,0.71,0.72,15
btc-updown-15m-1775605500,1775605500,840,0.26,0.28,0.27,0.02,141,302.41,0.72,0.74,3
btc-updown-15m-1775605500,1775605500,845,0.28,0.29,0.285,0.01,71,219.24,0.71,0.72,5
btc-updown-15m-1775605500,1775605500,850,0.34,0.35,0.345,0.01,443.5,194,0.65,0.66,5
btc-updown-15m-1775605500,1775605500,855,0.48,0.49,0.485,0.01,132,365.53,0.51,0.52,3
btc-updown-15m-1775605500,1775605500,860,0.38,0.4,0.39,0.02,380.31,186,0.6,0.62,61
btc-updown-15m-1775605500,1775605500,865,0.3,0.31,0.305,0.01,218.28,80,0.69,0.7,0
btc-updown-15m-1775605500,1775605500,870,0.25,0.26,0.255,0.01,351,166.48,0.74,0.75,11
btc-updown-15m-1775605500,1775605500,875,0.29,0.3,0.295,0.01,184.5,147.5,0.7,0.71,9
btc-updown-15m-1775605500,1775605500,880,0.1,0.19,0.145,0.09,49.25,76,0.81,0.9,2
btc-updown-15m-1775605500,1775605500,885,,0.01,,,0,12774.31,0.99,,280
btc-updown-15m-1775605500,1775605500,890,,0.01,,,0,3790.08,0.99,,11
btc-updown-15m-1775605500,1775605500,895,,0.01,,,0,14493.04,0.99,,182
btc-updown-15m-1775605500,1775605500,897,,0.01,,,0,13701.64,0.99,,188
btc-updown-15m-1775605500,1775605500,899,,0.01,,,0,23788.79,0.99,,33
btc-updown-15m-1775605500,1775605500,900,,0.01,,,0,71975.3,0.99,,2
btc-updown-15m-1775615400,1775615400,0,0.51,0.52,0.515,0.01,487.13,420.75,0.48,0.49,459
btc-updown-15m-1775615400,1775615400,15,0.55,0.56,0.555,0.01,1975.41,494.96,0.44,0.45,73
btc-updown-15m-1775615400,1775615400,30,0.58,0.59,0.585,0.01,1570.82,1737.5,0.41,0.42,17
btc-updown-15m-1775615400,1775615400,45,0.58,0.59,0.585,0.01,1634,1839.15,0.41,0.42,5
btc-updown-15m-1775615400,1775615400,60,0.58,0.59,0.585,0.01,1878.5,744.6,0.41,0.42,64
btc-updown-15m-1775615400,1775615400,75,0.56,0.57,0.565,0.01,2326.09,393.23,0.43,0.44,0
btc-updown-15m-1775615400,1775615400,90,0.33,0.34,0.335,0.01,1429.89,1983.75,0.66,0.67,8
btc-updown-15m-1775615400,1775615400,105,0.35,0.36,0.355,0.01,1540.17,1413.06,0.64,0.65,68
btc-updown-15m-1775615400,1775615400,120,0.4,0.41,0.405,0.01,1615.47,2114.8,0.59,0.6,2
btc-updown-15m-1775615400,1775615400,135,0.38,0.39,0.385,0.01,1486.16,2244.5,0.61,0.62,8
btc-updown-15m-1775615400,1775615400,150,0.37,0.38,0.375,0.01,1870.58,879.5,0.62,0.63,14
btc-updown-15m-1775615400,1775615400,165,0.44,0.45,0.445,0.01,1847.92,1337.5,0.55,0.56,50
btc-updown-15m-1775615400,1775615400,180,0.39,0.4,0.395,0.01,2127.44,837,0.6,0.61,67
btc-updown-15m-1775615400,1775615400,195,0.32,0.33,0.325,0.01,2410.49,142,0.67,0.68,66
btc-updown-15m-1775615400,1775615400,210,0.35,0.36,0.355,0.01,795.83,2084,0.64,0.65,32
btc-updown-15m-1775615400,1775615400,225,0.27,0.28,0.275,0.01,1321.97,1530.52,0.72,0.73,18
btc-updown-15m-1775615400,1775615400,240,0.18,0.19,0.185,0.01,2546.94,1761.57,0.81,0.82,72
btc-updown-15m-1775615400,1775615400,255,0.13,0.14,0.135,0.01,2346.06,1048.8,0.86,0.87,10
btc-updown-15m-1775615400,1775615400,270,0.25,0.26,0.255,0.01,2047.25,836.21,0.74,0.75,0
btc-updown-15m-1775615400,1775615400,285,0.21,0.22,0.215,0.01,1469.39,1797.27,0.78,0.79,67
btc-updown-15m-1775615400,1775615400,300,0.19,0.2,0.195,0.01,994.08,586,0.8,0.81,0
btc-updown-15m-1775615400,1775615400,315,0.12,0.13,0.125,0.01,1734.42,1603.53,0.87,0.88,20
btc-updown-15m-1775615400,1775615400,330,0.07,0.08,0.075,0.01,1877.39,2294.5,0.92,0.93,68
btc-updown-15m-1775615400,1775615400,345,0.07,0.08,0.075,0.01,2642.29,1528.06,0.92,0.93,51
btc-updown-15m-1775615400,1775615400,360,0.06,0.07,0.065,0.01,3219.7,1467.36,0.93,0.94,71
btc-updown-15m-1775615400,1775615400,375,0.07,0.08,0.075,0.01,1581.92,1628.75,0.92,0.93,74
btc-updown-15m-1775615400,1775615400,390,0.09,0.1,0.095,0.01,1895.74,1028.5,0.9,0.91,45
btc-updown-15m-1775615400,1775615400,405,0.06,0.07,0.065,0.01,2663.38,1514.01,0.93,0.94,26
btc-updown-15m-1775615400,1775615400,420,0.06,0.07,0.065,0.01,2698.11,2425.35,0.93,0.94,7
btc-updown-15m-1775615400,1775615400,435,0.05,0.06,0.055,0.01,2612.4,2706.63,0.94,0.95,0
btc-updown-15m-1775615400,1775615400,450,0.05,0.06,0.055,0.01,2587.41,3260.76,0.94,0.95,46
btc-updown-15m-1775615400,1775615400,465,0.05,0.06,0.055,0.01,3151.28,2719.48,0.94,0.95,9
btc-updown-15m-1775615400,1775615400,480,0.08,0.09,0.085,0.01,1925.21,1939.74,0.91,0.92,7
btc-updown-15m-1775615400,1775615400,495,0.07,0.08,0.075,0.01,2238.72,1878.34,0.92,0.93,31
btc-updown-15m-1775615400,1775615400,510,0.15,0.16,0.155,0.01,745,1379.76,0.84,0.85,1
btc-updown-15m-1775615400,1775615400,525,0.17,0.18,0.175,0.01,956,1525.5,0.82,0.83,42
btc-updown-15m-1775615400,1775615400,540,0.11,0.12,0.115,0.01,2215.57,119,0.88,0.89,1
btc-updown-15m-1775615400,1775615400,555,0.07,0.08,0.075,0.01,1343,3755.06,0.92,0.93,76
btc-updown-15m-1775615400,1775615400,570,0.05,0.06,0.055,0.01,2099.39,4340.62,0.94,0.95,13
btc-updown-15m-1775615400,1775615400,585,0.04,0.05,0.045,0.01,3173.92,2601.26,0.95,0.96,56
btc-updown-15m-1775615400,1775615400,600,0.04,0.05,0.045,0.01,2023.24,2899.74,0.95,0.96,53
btc-updown-15m-1775615400,1775615400,615,0.01,0.02,0.015,0.01,1045.03,4851.14,0.98,0.99,1
btc-updown-15m-1775615400,1775615400,630,0.01,0.02,0.015,0.01,1498.46,7378.78,0.98,0.99,0
btc-updown-15m-1775615400,1775615400,645,0.01,0.02,0.015,0.01,2782.67,7383.64,0.98,0.99,17
btc-updown-15m-1775615400,1775615400,660,,0.02,,,0,6958.48,0.98,,77
btc-updown-15m-1775615400,1775615400,675,,0.01,,,0,7203.42,0.99,,28
btc-updown-15m-1775615400,1775615400,690,0.01,0.02,0.015,0.01,159.34,8177.69,0.98,0.99,65
btc-updown-15m-1775615400,1775615400,705,,0.01,,,0,7607.84,0.99,,61
btc-updown-15m-1775615400,1775615400,720,,0.01,,,0,6631.09,0.99,,69
btc-updown-15m-1775615400,1775615400,735,0.01,0.02,0.015,0.01,594.55,4888.69,0.98,0.99,126
btc-updown-15m-1775615400,1775615400,750,,0.01,,,0,5245.24,0.99,,11
btc-updown-15m-1775615400,1775615400,765,0.003,0.006,0.0045,0.003,15099,242,0.994,0.997,54
btc-updown-15m-1775615400,1775615400,780,0.002,0.004,0.003,0.002,15101,2398.59,0.996,0.998,68
btc-updown-15m-1775615400,1775615400,795,0.001,0.003,0.002,0.002,14999.99,7388.66,0.997,0.999,9
btc-updown-15m-1775615400,1775615400,810,0.001,0.003,0.002,0.002,14998.98,6921.67,0.997,0.999,22
btc-updown-15m-1775615400,1775615400,825,,0.001,,,0,2426.02,0.999,,1
btc-updown-15m-1775615400,1775615400,840,,0.001,,,0,2426.02,0.999,,62
btc-updown-15m-1775615400,1775615400,845,,0.001,,,0,15042.04,0.999,,17
btc-updown-15m-1775615400,1775615400,850,,0.001,,,0,15042.04,0.999,,912
btc-updown-15m-1775615400,1775615400,855,,0.001,,,0,15042.04,0.999,,10
btc-updown-15m-1775615400,1775615400,860,,0.001,,,0,15042.04,0.999,,132
btc-updown-15m-1775615400,1775615400,865,,0.001,,,0,15042.04,0.999,,783
btc-updown-15m-1775615400,1775615400,870,,0.001,,,0,15042.04,0.999,,812
btc-updown-15m-1775615400,1775615400,875,,0.001,,,0,14852.04,0.999,,341
btc-updown-15m-1775615400,1775615400,880,,0.001,,,0,14852.04,0.999,,197
btc-updown-15m-1775615400,1775615400,885,,0.001,,,0,14852.04,0.999,,122
btc-updown-15m-1775615400,1775615400,890,,0.001,,,0,14846.51,0.999,,876
btc-updown-15m-1775615400,1775615400,895,,0.001,,,0,14846.51,0.999,,621
btc-updown-15m-1775615400,1775615400,897,,0.001,,,0,13751.51,0.999,,22
btc-updown-15m-1775615400,1775615400,899,,0.001,,,0,14352.11,0.999,,101
btc-updown-15m-1775615400,1775615400,900,,0.001,,,0,45689.76,0.999,,7
btc-updown-15m-1775626200,1775626200,0,0.45,0.46,0.455,0.01,917.71,1345.23,0.54,0.55,80
btc-updown-15m-1775626200,1775626200,15,0.52,0.53,0.525,0.01,1998.97,575.42,0.47,0.48,37
btc-updown-15m-1775626200,1775626200,30,0.53,0.54,0.535,0.01,1909.83,377.5,0.46,0.47,73
btc-updown-15m-1775626200,1775626200,45,0.57,0.58,0.575,0.01,1838.15,1473.36,0.42,0.43,33
btc-updown-15m-1775626200,1775626200,60,0.6,0.61,0.605,0.01,268.67,1742.21,0.39,0.4,0
btc-updown-15m-1775626200,1775626200,75,0.59,0.6,0.595,0.01,1681.85,1515.94,0.4,0.41,9
btc-updown-15m-1775626200,1775626200,90,0.54,0.55,0.545,0.01,1871.51,621.18,0.45,0.46,58
btc-updown-15m-1775626200,1775626200,105,0.58,0.59,0.585,0.01,1115.63,2016.81,0.41,0.42,40
btc-updown-15m-1775626200,1775626200,120,0.58,0.59,0.585,0.01,708.79,932.21,0.41,0.42,50
btc-updown-15m-1775626200,1775626200,135,0.48,0.49,0.485,0.01,370.07,1710.5,0.51,0.52,317
btc-updown-15m-1775626200,1775626200,150,0.44,0.45,0.445,0.01,1571.91,83.09,0.55,0.56,0
btc-updown-15m-1775626200,1775626200,165,0.43,0.44,0.435,0.01,1969.19,1304.26,0.56,0.57,8
btc-updown-15m-1775626200,1775626200,180,0.48,0.49,0.485,0.01,294.56,383.12,0.51,0.52,16
btc-updown-15m-1775626200,1775626200,195,0.44,0.45,0.445,0.01,294.95,1556.74,0.55,0.56,1
btc-updown-15m-1775626200,1775626200,210,0.57,0.58,0.575,0.01,1728.95,1605,0.42,0.43,61
btc-updown-15m-1775626200,1775626200,225,0.64,0.65,0.645,0.01,911.06,640,0.35,0.36,48
btc-updown-15m-1775626200,1775626200,240,0.73,0.74,0.735,0.01,1515.5,1909.04,0.26,0.27,11
btc-updown-15m-1775626200,1775626200,255,0.67,0.68,0.675,0.01,1397.43,725.99,0.32,0.33,73
btc-updown-15m-1775626200,1775626200,270,0.68,0.69,0.685,0.01,1316.74,1650.96,0.31,0.32,56
btc-updown-15m-1775626200,1775626200,285,0.65,0.66,0.655,0.01,762.72,1757.04,0.34,0.35,9
btc-updown-15m-1775626200,1775626200,300,0.41,0.42,0.415,0.01,511.93,600.15,0.58,0.59,17
btc-updown-15m-1775626200,1775626200,315,0.36,0.37,0.365,0.01,1511,892.43,0.63,0.64,0
btc-updown-15m-1775626200,1775626200,330,0.28,0.29,0.285,0.01,1315.62,712.32,0.71,0.72,2
btc-updown-15m-1775626200,1775626200,345,0.27,0.28,0.275,0.01,1495.68,685.04,0.72,0.73,61
btc-updown-15m-1775626200,1775626200,360,0.37,0.38,0.375,0.01,928.45,818.59,0.62,0.63,10
btc-updown-15m-1775626200,1775626200,375,0.29,0.3,0.295,0.01,138.95,1948.17,0.7,0.71,0
btc-updown-15m-1775626200,1775626200,390,0.28,0.29,0.285,0.01,745.5,902.53,0.71,0.72,17
btc-updown-15m-1775626200,1775626200,405,0.31,0.32,0.315,0.01,2070.03,136.79,0.68,0.69,17
btc-updown-15m-1775626200,1775626200,420,0.47,0.48,0.475,0.01,1802.98,364.94,0.52,0.53,19
btc-updown-15m-1775626200,1775626200,435,0.45,0.46,0.455,0.01,475,1294.27,0.54,0.55,34
btc-updown-15m-1775626200,1775626200,450,0.34,0.35,0.345,0.01,750,1914,0.65,0.66,61
btc-updown-15m-1775626200,1775626200,465,0.51,0.52,0.515,0.01,407.71,250,0.48,0.49,2
btc-updown-15m-1775626200,1775626200,480,0.53,0.54,0.535,0.01,1664.22,72,0.46,0.47,68
btc-updown-15m-1775626200,1775626200,495,0.44,0.45,0.445,0.01,1627,279.5,0.55,0.56,19
btc-updown-15m-1775626200,1775626200,510,0.41,0.42,0.415,0.01,1646.81,719.09,0.58,0.59,224
btc-updown-15m-1775626200,1775626200,525,0.32,0.33,0.325,0.01,1596,1518.05,0.67,0.68,17
btc-updown-15m-1775626200,1775626200,540,0.39,0.4,0.395,0.01,1825.14,372.62,0.6,0.61,33
btc-updown-15m-1775626200,1775626200,555,0.4,0.41,0.405,0.01,394.92,1652.08,0.59,0.6,31
btc-updown-15m-1775626200,1775626200,570,0.37,0.38,0.375,0.01,1600.97,607.72,0.62,0.63,73
btc-updown-15m-1775626200,1775626200,585,0.31,0.32,0.315,0.01,782.49,150.5,0.68,0.69,26
btc-updown-15m-1775626200,1775626200,600,0.47,0.48,0.475,0.01,334.97,440.82,0.52,0.53,33
btc-updown-15m-1775626200,1775626200,615,0.32,0.33,0.325,0.01,546.01,126,0.67,0.68,44
btc-updown-15m-1775626200,1775626200,630,0.32,0.33,0.325,0.01,806.08,1258.21,0.67,0.68,13
btc-updown-15m-1775626200,1775626200,645,0.25,0.26,0.255,0.01,792.76,1409.29,0.74,0.75,151
btc-updown-15m-1775626200,1775626200,660,0.29,0.3,0.295,0.01,1626.12,394.76,0.7,0.71,7
btc-updown-15m-1775626200,1775626200,675,0.43,0.44,0.435,0.01,847.21,1637.84,0.56,0.57,68
btc-updown-15m-1775626200,1775626200,690,0.6,0.61,0.605,0.01,1353.25,380.85,0.39,0.4,25
btc-updown-15m-1775626200,1775626200,705,0.58,0.59,0.585,0.01,1675,1555.84,0.41,0.42,27
btc-updown-15m-1775626200,1775626200,720,0.5,0.51,0.505,0.01,706.57,250.94,0.49,0.5,3
btc-updown-15m-1775626200,1775626200,735,0.43,0.44,0.435,0.01,178,1276.5,0.56,0.57,35
btc-updown-15m-1775626200,1775626200,750,0.46,0.47,0.465,0.01,667.61,232.44,0.53,0.54,48
btc-updown-15m-1775626200,1775626200,765,0.43,0.44,0.435,0.01,578.93,1030.87,0.56,0.57,17
btc-updown-15m-1775626200,1775626200,780,0.46,0.47,0.465,0.01,1375.74,457.77,0.53,0.54,76
btc-updown-15m-1775626200,1775626200,795,0.53,0.54,0.535,0.01,249.6,49.7,0.46,0.47,38
btc-updown-15m-1775626200,1775626200,810,0.63,0.64,0.635,0.01,185.5,232,0.36,0.37,34
btc-updown-15m-1775626200,1775626200,825,0.64,0.65,0.645,0.01,1302.86,305.73,0.35,0.36,3
btc-updown-15m-1775626200,1775626200,840,0.61,0.62,0.615,0.01,4972.11,497.5,0.38,0.39,1
btc-updown-15m-1775626200,1775626200,845,0.14,0.15,0.145,0.01,350.81,217,0.85,0.86,54
btc-updown-15m-1775626200,1775626200,850,0.09,0.1,0.095,0.01,318.4,1631.08,0.9,0.91,31
btc-updown-15m-1775626200,1775626200,855,0.03,0.04,0.035,0.01,1863.14,502.46,0.96,0.97,15
btc-updown-15m-1775626200,1775626200,860,0.02,0.03,0.025,0.01,1656.8,496.06,0.97,0.98,1
btc-updown-15m-1775626200,1775626200,865,0.11,0.12,0.115,0.01,45,498,0.88,0.89,11
btc-updown-15m-1775626200,1775626200,870,0.08,0.09,0.085,0.01,1721.64,393.93,0.91,0.92,0
btc-updown-15m-1775626200,1775626200,875,0.07,0.08,0.075,0.01,1641.5,438.2,0.92,0.93,243
btc-updown-15m-1775626200,1775626200,880,0.1,0.12,0.11,0.02,1324.12,30,0.88,0.9,1
btc-updown-15m-1775626200,1775626200,885,0.1,0.11,0.105,0.01,1220.64,26.71,0.89,0.9,57
btc-updown-15m-1775626200,1775626200,890,0.09,0.1,0.095,0.01,872.71,567.78,0.9,0.91,19
btc-updown-15m-1775626200,1775626200,895,0.51,0.52,0.515,0.01,14334.16,42.1,0.48,0.49,8
btc-updown-15m-1775626200,1775626200,897,0.82,0.87,0.845,0.05,89,64.14,0.13,0.18,0
btc-updown-15m-1775626200,1775626200,899,0.62,0.74,0.68,0.12,41.98,13.48,0.26,0.38,5
btc-updown-15m-1775626200,1775626200,900,,0.01,,,0,27600.97,0.99,,5
btc-updown-15m-1775636100,1775636100,0,0.48,0.49,0.485,0.01,173.75,503.43,0.51,0.52,18
btc-updown-15m-1775636100,1775636100,15,0.47,0.48,0.475,0.01,1686.19,1988.57,0.52,0.53,31
btc-updown-15m-1775636100,1775636100,30,0.51,0.52,0.515,0.01,832.67,422.43,0.48,0.49,6
btc-updown-15m-1775636100,1775636100,45,0.47,0.48,0.475,0.01,1844.85,206.9,0.52,0.53,0
btc-updown-15m-1775636100,1775636100,60,0.45,0.46,0.455,0.01,1885.54,1607,0.54,0.55,1
btc-updown-15m-1775636100,1775636100,75,0.5,0.51,0.505,0.01,1947.4,1171.99,0.49,0.5,34
btc-updown-15m-1775636100,1775636100,90,0.41,0.42,0.415,0.01,739.41,1223.7,0.58,0.59,30
btc-updown-15m-1775636100,1775636100,105,0.43,0.44,0.435,0.01,530.02,106.18,0.56,0.57,3
btc-updown-15m-1775636100,1775636100,120,0.53,0.54,0.535,0.01,1720.94,1631.05,0.46,0.47,359
btc-updown-15m-1775636100,1775636100,135,0.59,0.6,0.595,0.01,1367.5,643.86,0.4,0.41,6
btc-updown-15m-1775636100,1775636100,150,0.64,0.65,0.645,0.01,1781.3,664.9,0.35,0.36,23
btc-updown-15m-1775636100,1775636100,165,0.65,0.66,0.655,0.01,1758.9,1446.56,0.34,0.35,34
btc-updown-15m-1775636100,1775636100,180,0.65,0.66,0.655,0.01,608.54,2173.37,0.34,0.35,59
btc-updown-15m-1775636100,1775636100,195,0.77,0.78,0.775,0.01,970.3,1679.41,0.22,0.23,38
btc-updown-15m-1775636100,1775636100,210,0.77,0.78,0.775,0.01,953.86,1674.8,0.22,0.23,75
btc-updown-15m-1775636100,1775636100,225,0.74,0.75,0.745,0.01,937.75,1655.72,0.25,0.26,26
btc-updown-15m-1775636100,1775636100,240,0.81,0.82,0.815,0.01,1807.75,872,0.18,0.19,63
btc-updown-15m-1775636100,1775636100,255,0.78,0.79,0.785,0.01,937,1682.46,0.21,0.22,71
btc-updown-15m-1775636100,1775636100,270,0.82,0.83,0.825,0.01,713,1826.49,0.17,0.18,5
btc-updown-15m-1775636100,1775636100,285,0.81,0.82,0.815,0.01,2684.5,250,0.18,0.19,1
btc-updown-15m-1775636100,1775636100,300,0.88,0.89,0.885,0.01,861.72,892.71,0.11,0.12,20
btc-updown-15m-1775636100,1775636100,315,0.83,0.84,0.835,0.01,319.63,1978.64,0.16,0.17,19
btc-updown-15m-1775636100,1775636100,330,0.83,0.84,0.835,0.01,955.29,1606.26,0.16,0.17,25
btc-updown-15m-1775636100,1775636100,345,0.79,0.8,0.795,0.01,1638.33,1177.88,0.2,0.21,19
btc-updown-15m-1775636100,1775636100,360,0.81,0.82,0.815,0.01,4464.2,1493.47,0.18,0.19,75
btc-updown-15m-1775636100,1775636100,375,0.81,0.82,0.815,0.01,815,1618.87,0.18,0.19,50
btc-updown-15m-1775636100,1775636100,390,0.8,0.81,0.805,0.01,2284.09,201.83,0.19,0.2,17
btc-updown-15m-1775636100,1775636100,405,0.8,0.81,0.805,0.01,1751.92,1364.37,0.19,0.2,78
btc-updown-15m-1775636100,1775636100,420,0.78,0.79,0.785,0.01,1913.75,1375.54,0.21,0.22,24
btc-updown-15m-1775636100,1775636100,435,0.72,0.73,0.725,0.01,1622.63,831.56,0.27,0.28,3
btc-updown-15m-1775636100,1775636100,450,0.73,0.74,0.735,0.01,1695.41,129.8,0.26,0.27,68
btc-updown-15m-1775636100,1775636100,465,0.64,0.65,0.645,0.01,512.27,1705.59,0.35,0.36,39
btc-updown-15m-1775636100,1775636100,480,0.72,0.73,0.725,0.01,1779.32,754.4,0.27,0.28,14
btc-updown-15m-1775636100,1775636100,495,0.76,0.77,0.765,0.01,1758,620.78,0.23,0.24,19
btc-updown-15m-1775636100,1775636100,510,0.66,0.67,0.665,0.01,1302.1,1800.65,0.33,0.34,0
btc-updown-15m-1775636100,1775636100,525,0.7,0.71,0.705,0.01,175,1580.5,0.29,0.3,19
btc-updown-15m-1775636100,1775636100,540,0.72,0.73,0.725,0.01,1489.6,637.5,0.27,0.28,21
btc-updown-15m-1775636100,1775636100,555,0.68,0.69,0.685,0.01,1520.73,336.77,0.31,0.32,10
btc-updown-15m-1775636100,1775636100,570,0.8,0.81,0.805,0.01,1317.5,450.15,0.19,0.2,2
btc-updown-15m-1775636100,1775636100,585,0.77,0.78,0.775,0.01,1372.51,496.25,0.22,0.23,24
btc-updown-15m-1775636100,1775636100,600,0.76,0.77,0.765,0.01,703.64,472.02,0.23,0.24,9
btc-updown-15m-1775636100,1775636100,615,0.89,0.9,0.895,0.01,1584.8,705.84,0.1,0.11,3
btc-updown-15m-1775636100,1775636100,630,0.87,0.88,0.875,0.01,1342.72,1336.91,0.12,0.13,16
btc-updown-15m-1775636100,1775636100,645,0.87,0.88,0.875,0.01,1949.69,317.64,0.12,0.13,56
btc-updown-15m-1775636100,1775636100,660,0.89,0.9,0.895,0.01,1898.78,1393.65,0.1,0.11,56
btc-updown-15m-1775636100,1775636100,675,0.9,0.91,0.905,0.01,1648.82,1625.06,0.09,0.1,38
btc-updown-15m-1775636100,1775636100,690,0.91,0.92,0.915,0.01,1628.26,769.63,0.08,0.09,36
btc-updown-15m-1775636100,1775636100,705,0.69,0.7,0.695,0.01,313.96,1377.3,0.3,0.31,5
btc-updown-15m-1775636100,1775636100,720,0.68,0.69,0.685,0.01,462.5,1382.85,0.31,0.32,7
btc-updown-15m-1775636100,1775636100,735,0.38,0.39,0.385,0.01,432.17,1018.47,0.61,0.62,0
btc-updown-15m-1775636100,1775636100,750,0.3,0.31,0.305,0.01,650.13,386.5,0.69,0.7,1
btc-updown-15m-1775636100,1775636100,765,0.34,0.35,0.345,0.01,382.35,869.51,0.65,0.66,38
btc-updown-15m-1775636100,1775636100,780,0.65,0.66,0.655,0.01,41.78,301.5,0.34,0.35,4
btc-updown-15m-1775636100,1775636100,795,0.88,0.9,0.89,0.02,1444.3,1454.35,0.1,0.12,5
btc-updown-15m-1775636100,1775636100,810,0.95,0.96,0.955,0.01,1573.48,2134.31,0.04,0.05,58
btc-updown-15m-1775636100,1775636100,825,0.96,0.97,0.965,0.01,1445.4,8509.15,0.03,0.04,0
btc-updown-15m-1775636100,1775636100,840,0.94,0.95,0.945,0.01,1964.28,1450.98,0.05,0.06,0
btc-updown-15m-1775636100,1775636100,845,0.95,0.96,0.955,0.01,1564.84,2357.32,0.04,0.05,2
btc-updown-15m-1775636100,1775636100,850,0.95,0.96,0.955,0.01,1700.84,1465.2,0.04,0.05,105
btc-updown-15m-1775636100,1775636100,855,0.96,0.97,0.965,0.01,1624.26,8468.33,0.03,0.04,271
btc-updown-15m-1775636100,1775636100,860,0.97,0.98,0.975,0.01,1886.95,8394.01,0.02,0.03,58
btc-updown-15m-1775636100,1775636100,865,0.98,0.99,0.985,0.01,1821.96,7674.35,0.01,0.02,2
btc-updown-15m-1775636100,1775636100,870,0.98,0.99,0.985,0.01,2066.26,6380.09,0.01,0.02,59
btc-updown-15m-1775636100,1775636100,875,0.98,0.99,0.985,0.01,1797.87,1252.21,0.01,0.02,199
btc-updown-15m-1775636100,1775636100,880,0.98,0.99,0.985,0.01,1803.15,603.37,0.01,0.02,42
btc-updown-15m-1775636100,1775636100,885,0.98,0.99,0.985,0.01,1791.15,543.78,0.01,0.02,10
btc-updown-15m-1775636100,1775636100,890,0.99,,,,4596.7,0,,0.01,29
btc-updown-15m-1775636100,1775636100,895,0.99,,,,4821.9,0,,0.01,958
btc-updown-15m-1775636100,1775636100,897,0.99,,,,4449.52,0,,0.01,625
btc-updown-15m-1775636100,1775636100,899,0.99,,,,13807.54,0,,0.01,40
btc-updown-15m-1775636100,1775636100,900,0.99,,,,63045.58,0,,0.01,13
btc-updown-15m-1775646900,1775646900,0,0.48,0.49,0.485,0.01,218.45,819.9,0.51,0.52,65
btc-updown-15m-1775646900,1775646900,15,0.53,0.54,0.535,0.01,990.57,618.22,0.46,0.47,8
btc-updown-15m-1775646900,1775646900,30,0.59,0.6,0.595,0.01,1526.78,386.18,0.4,0.41,5
btc-updown-15m-1775646900,1775646900,45,0.58,0.59,0.585,0.01,214.28,774.36,0.41,0.42,318
btc-updown-15m-1775646900,1775646900,60,0.56,0.57,0.565,0.01,1064.1,1280.85,0.43,0.44,5
btc-updown-15m-1775646900,1775646900,75,0.54,0.55,0.545,0.01,1313.74,1595.76,0.45,0.46,22
btc-updown-15m-1775646900,1775646900,90,0.55,0.56,0.555,0.01,2069.34,1346.79,0.44,0.45,33
btc-updown-15m-1775646900,1775646900,105,0.58,0.59,0.585,0.01,1463.76,1511.09,0.41,0.42,11
btc-updown-15m-1775646900,1775646900,120,0.59,0.6,0.595,0.01,828.45,1289.3,0.4,0.41,13
btc-updown-15m-1775646900,1775646900,135,0.52,0.53,0.525,0.01,751.72,648.7,0.47,0.48,22
btc-updown-15m-1775646900,1775646900,150,0.47,0.48,0.475,0.01,1663.16,1465.95,0.52,0.53,41
btc-updown-15m-1775646900,1775646900,165,0.47,0.48,0.475,0.01,1105.28,396.31,0.52,0.53,1
btc-updown-15m-1775646900,1775646900,180,0.49,0.5,0.495,0.01,615,1473.88,0.5,0.51,14
btc-updown-15m-1775646900,1775646900,195,0.46,0.47,0.465,0.01,1595.28,1462.39,0.53,0.54,30
btc-updown-15m-1775646900,1775646900,210,0.45,0.46,0.455,0.01,501.73,1427.66,0.54,0.55,10
btc-updown-15m-1775646900,1775646900,225,0.4,0.41,0.405,0.01,370.81,1935.62,0.59,0.6,11
btc-updown-15m-1775646900,1775646900,240,0.42,0.43,0.425,0.01,1473.5,1203.28,0.57,0.58,11
btc-updown-15m-1775646900,1775646900,255,0.4,0.41,0.405,0.01,306.9,1690.08,0.59,0.6,15
btc-updown-15m-1775646900,1775646900,270,0.52,0.53,0.525,0.01,592.42,1622.83,0.47,0.48,70
btc-updown-15m-1775646900,1775646900,285,0.48,0.49,0.485,0.01,1479.7,1418.09,0.51,0.52,64
btc-updown-15m-1775646900,1775646900,300,0.51,0.52,0.515,0.01,336.18,643.23,0.48,0.49,29
btc-updown-15m-1775646900,1775646900,315,0.48,0.49,0.485,0.01,1455.44,564.11,0.51,0.52,8
btc-updown-15m-1775646900,1775646900,330,0.51,0.52,0.515,0.01,1727.57,529.78,0.48,0.49,1
btc-updown-15m-1775646900,1775646900,345,0.5,0.51,0.505,0.01,1708.35,613.5,0.49,0.5,8
btc-updown-15m-1775646900,1775646900,360,0.48,0.49,0.485,0.01,1457.88,363.5,0.51,0.52,7
btc-updown-15m-1775646900,1775646900,375,0.5,0.51,0.505,0.01,1272.99,1449,0.49,0.5,7
btc-updown-15m-1775646900,1775646900,390,0.17,0.18,0.175,0.01,863.32,1157.79,0.82,0.83,18
btc-updown-15m-1775646900,1775646900,405,0.16,0.17,0.165,0.01,673.43,1003.39,0.83,0.84,22
btc-updown-15m-1775646900,1775646900,420,0.14,0.15,0.145,0.01,812.56,351.83,0.85,0.86,48
btc-updown-15m-1775646900,1775646900,435,0.09,0.1,0.095,0.01,1094.41,794.47,0.9,0.91,220
btc-updown-15m-1775646900,1775646900,450,0.11,0.12,0.115,0.01,607.35,1371.43,0.88,0.89,68
btc-updown-15m-1775646900,1775646900,465,0.09,0.1,0.095,0.01,975.55,843.24,0.9,0.91,3
btc-updown-15m-1775646900,1775646900,480,0.14,0.15,0.145,0.01,550,1560.54,0.85,0.86,44
btc-updown-15m-1775646900,1775646900,495,0.19,0.2,0.195,0.01,489.58,340.6,0.8,0.81,1
btc-updown-15m-1775646900,1775646900,510,0.18,0.19,0.185,0.01,501.78,515.91,0.81,0.82,55
btc-updown-15m-1775646900,1775646900,525,0.18,0.19,0.185,0.01,623.82,709.17,0.81,0.82,14
btc-updown-15m-1775646900,1775646900,540,0.16,0.17,0.165,0.01,635.3,861.5,0.83,0.84,14
btc-updown-15m-1775646900,1775646900,555,0.16,0.17,0.165,0.01,617.94,741.62,0.83,0.84,10
btc-updown-15m-1775646900,1775646900,570,0.21,0.22,0.215,0.01,505,869.91,0.78,0.79,109
btc-updown-15m-1775646900,1775646900,585,0.26,0.27,0.265,0.01,753.47,332.5,0.73,0.74,72
btc-updown-15m-1775646900,1775646900,600,0.29,0.3,0.295,0.01,543.08,809.5,0.7,0.71,53
btc-updown-15m-1775646900,1775646900,615,0.67,0.68,0.675,0.01,411.83,813.83,0.32,0.33,18
btc-updown-15m-1775646900,1775646900,630,0.59,0.6,0.595,0.01,563.5,462,0.4,0.41,1
btc-updown-15m-1775646900,1775646900,645,0.59,0.6,0.595,0.01,331.96,380.52,0.4,0.41,27
btc-updown-15m-1775646900,1775646900,660,0.7,0.71,0.705,0.01,202,511.11,0.29,0.3,365
btc-updown-15m-1775646900,1775646900,675,0.71,0.72,0.715,0.01,441.74,314.33,0.28,0.29,43
btc-updown-15m-1775646900,1775646900,690,0.79,0.8,0.795,0.01,841.86,450.21,0.2,0.21,8
btc-updown-15m-1775646900,1775646900,705,0.81,0.82,0.815,0.01,799.89,1242.82,0.18,0.19,3
btc-updown-15m-1775646900,1775646900,720,0.82,0.83,0.825,0.01,451.28,501.44,0.17,0.18,18
btc-updown-15m-1775646900,1775646900,735,0.24,0.25,0.245,0.01,282.5,374.04,0.75,0.76,53
btc-updown-15m-1775646900,1775646900,750,0.41,0.42,0.415,0.01,672,268.48,0.58,0.59,1
btc-updown-15m-1775646900,1775646900,765,0.52,0.53,0.525,0.01,191.92,614.99,0.47,0.48,53
btc-updown-15m-1775646900,1775646900,780,0.57,0.58,0.575,0.01,465.17,603.57,0.42,0.43,0
btc-updown-15m-1775646900,1775646900,795,0.64,0.65,0.645,0.01,231.56,483.5,0.35,0.36,0
btc-updown-15m-1775646900,1775646900,810,0.64,0.65,0.645,0.01,102.87,339.91,0.35,0.36,49
btc-updown-15m-1775646900,1775646900,825,0.57,0.58,0.575,0.01,322.5,140.19,0.42,0.43,1
btc-updown-15m-1775646900,1775646900,840,0.52,0.53,0.525,0.01,243.11,66,0.47,0.48,0
btc-updown-15m-1775646900,1775646900,845,0.48,0.49,0.485,0.01,246.86,87.8,0.51,0.52,0
btc-updown-15m-1775646900,1775646900,850,0.37,0.38,0.375,0.01,247.8,87.46,0.62,0.63,6
btc-updown-15m-1775646900,1775646900,855,0.81,0.82,0.815,0.01,1236.73,140,0.18,0.19,15
btc-updown-15m-1775646900,1775646900,860,0.83,0.84,0.835,0.01,349.25,157,0.16,0.17,10
btc-updown-15m-1775646900,1775646900,865,0.85,0.86,0.855,0.01,433.49,289.5,0.14,0.15,17
btc-updown-15m-1775646900,1775646900,870,0.94,0.96,0.95,0.02,192.08,684.33,0.04,0.06,2
btc-updown-15m-1775646900,1775646900,875,0.96,0.97,0.965,0.01,646.6,6719.29,0.03,0.04,108
btc-updown-15m-1775646900,1775646900,880,0.96,0.98,0.97,0.02,232.44,6680.08,0.02,0.04,11
btc-updown-15m-1775646900,1775646900,885,0.95,0.97,0.96,0.02,260.15,1352.24,0.03,0.05,145
btc-updown-15m-1775646900,1775646900,890,0.98,0.99,0.985,0.01,386.9,986.4,0.01,0.02,18
btc-updown-15m-1775646900,1775646900,895,0.99,,,,7619.84,0,,0.01,185
btc-updown-15m-1775646900,1775646900,897,0.99,,,,12260.44,0,,0.01,344
btc-updown-15m-1775646900,1775646900,899,0.99,,,,22033.99,0,,0.01,54
btc-updown-15m-1775646900,1775646900,900,0.99,,,,41369.87,0,,0.01,20
btc-updown-15m-1775656800,1775656800,0,0.56,0.57,0.565,0.01,322.1,162.6,0.43,0.44,112
btc-updown-15m-1775656800,1775656800,15,0.58,0.59,0.585,0.01,202.28,525.36,0.41,0.42,11
btc-updown-15m-1775656800,1775656800,30,0.55,0.56,0.555,0.01,1450.19,694.49,0.44,0.45,3
btc-updown-15m-1775656800,1775656800,45,0.58,0.59,0.585,0.01,1478.27,1271.59,0.41,0.42,16
btc-updown-15m-1775656800,1775656800,60,0.58,0.59,0.585,0.01,939.29,828.6,0.41,0.42,0
btc-updown-15m-1775656800,1775656800,75,0.56,0.57,0.565,0.01,2057.58,436.5,0.43,0.44,1
btc-updown-15m-1775656800,1775656800,90,0.58,0.59,0.585,0.01,2106.24,493.43,0.41,0.42,2
btc-updown-15m-1775656800,1775656800,105,0.63,0.64,0.635,0.01,1362.27,1549.2,0.36,0.37,17
btc-updown-15m-1775656800,1775656800,120,0.68,0.69,0.685,0.01,1408.56,1199.47,0.31,0.32,0
btc-updown-15m-1775656800,1775656800,135,0.69,0.71,0.7,0.02,1389.8,1112.6,0.29,0.31,1
btc-updown-15m-1775656800,1775656800,150,0.62,0.63,0.625,0.01,817.26,1585.81,0.37,0.38,34
btc-updown-15m-1775656800,1775656800,165,0.65,0.66,0.655,0.01,638.3,1070.5,0.34,0.35,4
btc-updown-15m-1775656800,1775656800,180,0.66,0.67,0.665,0.01,1424.39,908.5,0.33,0.34,4
btc-updown-15m-1775656800,1775656800,195,0.61,0.62,0.615,0.01,1802.21,3006.5,0.38,0.39,30
btc-updown-15m-1775656800,1775656800,210,0.6,0.61,0.605,0.01,1357.38,3339,0.39,0.4,1
btc-updown-15m-1775656800,1775656800,225,0.55,0.56,0.555,0.01,768.47,3983.43,0.44,0.45,24
btc-updown-15m-1775656800,1775656800,240,0.57,0.59,0.58,0.02,475.99,1208.86,0.41,0.43,1
btc-updown-15m-1775656800,1775656800,255,0.59,0.6,0.595,0.01,3887.19,848,0.4,0.41,287
btc-updown-15m-1775656800,1775656800,270,0.58,0.59,0.585,0.01,594.4,4021.49,0.41,0.42,13
btc-updown-15m-1775656800,1775656800,285,0.55,0.56,0.555,0.01,4264.46,782.64,0.44,0.45,2
btc-updown-15m-1775656800,1775656800,300,0.52,0.53,0.525,0.01,1464.27,1566.5,0.47,0.48,20
btc-updown-15m-1775656800,1775656800,315,0.53,0.54,0.535,0.01,1202.62,3617.34,0.46,0.47,6
btc-updown-15m-1775656800,1775656800,330,0.52,0.54,0.53,0.02,4155.72,1185.9,0.46,0.48,176
btc-updown-15m-1775656800,1775656800,345,0.5,0.51,0.505,0.01,3394.93,266.93,0.49,0.5,2
btc-updown-15m-1775656800,1775656800,360,0.6,0.61,0.605,0.01,1709.7,1617.45,0.39,0.4,2
btc-updown-15m-1775656800,1775656800,375,0.69,0.7,0.695,0.01,1167.84,1251.35,0.3,0.31,6
btc-updown-15m-1775656800,1775656800,390,0.53,0.55,0.54,0.02,1046.7,1241.35,0.45,0.47,27
btc-updown-15m-1775656800,1775656800,405,0.6,0.61,0.605,0.01,853.18,1672.89,0.39,0.4,0
btc-updown-15m-1775656800,1775656800,420,0.57,0.58,0.575,0.01,956.55,1055.4,0.42,0.43,16
btc-updown-15m-1775656800,1775656800,435,0.64,0.65,0.645,0.01,904.9,1356.93,0.35,0.36,290
btc-updown-15m-1775656800,1775656800,450,0.62,0.63,0.625,0.01,1427.95,1123.48,0.37,0.38,0
btc-updown-15m-1775656800,1775656800,465,0.63,0.64,0.635,0.01,389.66,1639.3,0.36,0.37,3
btc-updown-15m-1775656800,1775656800,480,0.56,0.57,0.565,0.01,968.5,666,0.43,0.44,28
btc-updown-15m-1775656800,1775656800,495,0.53,0.54,0.535,0.01,359.25,741.55,0.46,0.47,10
btc-updown-15m-1775656800,1775656800,510,0.59,0.6,0.595,0.01,1125,1613.44,0.4,0.41,3
btc-updown-15m-1775656800,1775656800,525,0.5,0.51,0.505,0.01,640.55,535,0.49,0.5,136
btc-updown-15m-1775656800,1775656800,540,0.3,0.31,0.305,0.01,847.61,17.24,0.69,0.7,2
btc-updown-15m-1775656800,1775656800,555,0.13,0.14,0.135,0.01,1201.52,2844.68,0.86,0.87,7
btc-updown-15m-1775656800,1775656800,570,0.1,0.11,0.105,0.01,3606.43,2836.67,0.89,0.9,96
btc-updown-15m-1775656800,1775656800,585,0.09,0.1,0.095,0.01,3775.3,2803.86,0.9,0.91,0
btc-updown-15m-1775656800,1775656800,600,0.07,0.08,0.075,0.01,1633.21,1568.3,0.92,0.93,17
btc-updown-15m-1775656800,1775656800,615,0.08,0.09,0.085,0.01,1512.53,1765.86,0.91,0.92,1
btc-updown-15m-1775656800,1775656800,630,0.03,0.04,0.035,0.01,10569.49,1917.25,0.96,0.97,0
btc-updown-15m-1775656800,1775656800,645,0.05,0.06,0.055,0.01,4213.64,2047.19,0.94,0.95,51
btc-updown-15m-1775656800,1775656800,660,0.05,0.06,0.055,0.01,1232.76,2593.27,0.94,0.95,6
btc-updown-15m-1775656800,1775656800,675,0.02,0.03,0.025,0.01,9638.87,2739.24,0.97,0.98,5
btc-updown-15m-1775656800,1775656800,690,0.03,0.04,0.035,0.01,9255.57,959.02,0.96,0.97,1
btc-updown-15m-1775656800,1775656800,705,0.1,0.11,0.105,0.01,1128.5,506.93,0.89,0.9,3
btc-updown-15m-1775656800,1775656800,720,0.13,0.14,0.135,0.01,1029.19,1327.5,0.86,0.87,3
btc-updown-15m-1775656800,1775656800,735,0.14,0.15,0.145,0.01,1040.5,678.5,0.85,0.86,6
btc-updown-15m-1775656800,1775656800,750,0.13,0.14,0.135,0.01,1245.67,1501.64,0.86,0.87,1
btc-updown-15m-1775656800,1775656800,765,0.19,0.2,0.195,0.01,1629.55,650.83,0.8,0.81,40
btc-updown-15m-1775656800,1775656800,780,0.1,0.11,0.105,0.01,1658.72,1434.11,0.89,0.9,72
btc-updown-15m-1775656800,1775656800,795,0.11,0.12,0.115,0.01,1811.85,789.2,0.88,0.89,40
btc-updown-15m-1775656800,1775656800,810,0.17,0.18,0.175,0.01,774.5,1116.32,0.82,0.83,17
btc-updown-15m-1775656800,1775656800,825,0.12,0.13,0.125,0.01,1553.73,1090.5,0.87,0.88,1
btc-updown-15m-1775656800,1775656800,840,0.1,0.11,0.105,0.01,1588.94,1003.34,0.89,0.9,34
btc-updown-15m-1775656800,1775656800,845,0.1,0.11,0.105,0.01,1564.44,491.5,0.89,0.9,40
btc-updown-15m-1775656800,1775656800,850,0.06,0.07,0.065,0.01,1036.57,818.5,0.93,0.94,5
btc-updown-15m-1775656800,1775656800,855,0.04,0.05,0.045,0.01,1184.9,1492.63,0.95,0.96,10
btc-updown-15m-1775656800,1775656800,860,0.04,0.05,0.045,0.01,2448.73,1505.19,0.95,0.96,54
btc-updown-15m-1775656800,1775656800,865,0.02,0.03,0.025,0.01,7238.45,1046.17,0.97,0.98,25
btc-updown-15m-1775656800,1775656800,870,0.02,0.03,0.025,0.01,7256.41,2470.5,0.97,0.98,4
btc-updown-15m-1775656800,1775656800,875,0.01,0.02,0.015,0.01,1951.84,797.37,0.98,0.99,25
btc-updown-15m-1775656800,1775656800,880,0.01,0.02,0.015,0.01,5592.73,1293.32,0.98,0.99,16
btc-updown-15m-1775656800,1775656800,885,0.01,0.02,0.015,0.01,5080.35,1317.9,0.98,0.99,5
btc-updown-15m-1775656800,1775656800,890,0.01,0.02,0.015,0.01,2227.06,1159.2,0.98,0.99,10
btc-updown-15m-1775656800,1775656800,895,,0.01,,,0,33635.24,0.99,,15
btc-updown-15m-1775656800,1775656800,897,,0.01,,,0,41148.51,0.99,,3
btc-updown-15m-1775656800,1775656800,899,,0.01,,,0,47103.81,0.99,,3
btc-updown-15m-1775656800,1775656800,900,,0.01,,,0,53321.7,0.99,,380
btc-updown-15m-1775667600,1775667600,0,0.36,0.4,0.38,0.04,735,1034.18,0.6,0.64,159
btc-updown-15m-1775667600,1775667600,15,0.46,0.47,0.465,0.01,318.95,1813.62,0.53,0.54,0
btc-updown-15m-1775667600,1775667600,30,0.5,0.51,0.505,0.01,407.36,7151.79,0.49,0.5,2
btc-updown-15m-1775667600,1775667600,45,0.48,0.49,0.485,0.01,63.4,436.45,0.51,0.52,3
btc-updown-15m-1775667600,1775667600,60,0.45,0.46,0.455,0.01,2497.26,444.14,0.54,0.55,14
btc-updown-15m-1775667600,1775667600,75,0.4,0.41,0.405,0.01,160.23,819.35,0.59,0.6,20
btc-updown-15m-1775667600,1775667600,90,0.46,0.47,0.465,0.01,2585.31,943.19,0.53,0.54,666
btc-updown-15m-1775667600,1775667600,105,0.49,0.5,0.495,0.01,2848.3,2855.48,0.5,0.51,0
btc-updown-15m-1775667600,1775667600,120,0.5,0.51,0.505,0.01,524.12,515.64,0.49,0.5,19
btc-updown-15m-1775667600,1775667600,135,0.51,0.52,0.515,0.01,553.16,2860.45,0.48,0.49,1
btc-updown-15m-1775667600,1775667600,150,0.6,0.63,0.615,0.03,2631.96,893.57,0.37,0.4,7
btc-updown-15m-1775667600,1775667600,165,0.7,0.71,0.705,0.01,2618.98,151.17,0.29,0.3,4
btc-updown-15m-1775667600,1775667600,180,0.75,0.76,0.755,0.01,221.09,868.11,0.24,0.25,275
btc-updown-15m-1775667600,1775667600,195,0.72,0.73,0.725,0.01,957.33,3718.83,0.27,0.28,5
btc-updown-15m-1775667600,1775667600,210,0.78,0.79,0.785,0.01,3525.77,748.51,0.21,0.22,19
btc-updown-15m-1775667600,1775667600,225,0.77,0.78,0.775,0.01,3609.24,459.85,0.22,0.23,26
btc-updown-15m-1775667600,1775667600,240,0.76,0.77,0.765,0.01,2776.5,3333.43,0.23,0.24,3
btc-updown-15m-1775667600,1775667600,255,0.77,0.79,0.78,0.02,3553.74,810.09,0.21,0.23,16
btc-updown-15m-1775667600,1775667600,270,0.68,0.69,0.685,0.01,4017.57,2830.93,0.31,0.32,19
btc-updown-15m-1775667600,1775667600,285,0.68,0.69,0.685,0.01,2896.22,3221.08,0.31,0.32,60
btc-updown-15m-1775667600,1775667600,300,0.68,0.69,0.685,0.01,628.4,1089.85,0.31,0.32,52
btc-updown-15m-1775667600,1775667600,315,0.66,0.67,0.665,0.01,773.98,323.5,0.33,0.34,5
btc-updown-15m-1775667600,1775667600,330,0.67,0.68,0.675,0.01,3424.65,2868.77,0.32,0.33,7
btc-updown-15m-1775667600,1775667600,345,0.6,0.61,0.605,0.01,2920,276.39,0.39,0.4,1
btc-updown-15m-1775667600,1775667600,360,0.58,0.59,0.585,0.01,466.97,2439.88,0.41,0.42,12
btc-updown-15m-1775667600,1775667600,375,0.62,0.63,0.625,0.01,76.39,2518.28,0.37,0.38,91
btc-updown-15m-1775667600,1775667600,390,0.72,0.73,0.725,0.01,642.52,2489.02,0.27,0.28,0
btc-updown-15m-1775667600,1775667600,405,0.68,0.69,0.685,0.01,324.06,446.71,0.31,0.32,9
btc-updown-15m-1775667600,1775667600,420,0.68,0.69,0.685,0.01,285.06,2640.46,0.31,0.32,40
btc-updown-15m-1775667600,1775667600,435,0.69,0.7,0.695,0.01,304.45,3134.38,0.3,0.31,2
btc-updown-15m-1775667600,1775667600,450,0.65,0.67,0.66,0.02,2652.52,2618.85,0.33,0.35,39
btc-updown-15m-1775667600,1775667600,465,0.61,0.62,0.615,0.01,233.13,2783.87,0.38,0.39,392
btc-updown-15m-1775667600,1775667600,480,0.62,0.63,0.625,0.01,435.14,2823.12,0.37,0.38,10
btc-updown-15m-1775667600,1775667600,495,0.59,0.6,0.595,0.01,2552.21,2720.21,0.4,0.41,28
btc-updown-15m-1775667600,1775667600,510,0.6,0.61,0.605,0.01,824.14,775.66,0.39,0.4,4
btc-updown-15m-1775667600,1775667600,525,0.64,0.65,0.645,0.01,536,2716.09,0.35,0.36,7
btc-updown-15m-1775667600,1775667600,540,0.64,0.65,0.645,0.01,730.66,3196.12,0.35,0.36,51
btc-updown-15m-1775667600,1775667600,555,0.6,0.61,0.605,0.01,2332.74,340.68,0.39,0.4,1
btc-updown-15m-1775667600,1775667600,570,0.67,0.68,0.675,0.01,3169.44,753.07,0.32,0.33,0
btc-updown-15m-1775667600,1775667600,585,0.67,0.68,0.675,0.01,3325.82,494.55,0.32,0.33,26
btc-updown-15m-1775667600,1775667600,600,0.77,0.78,0.775,0.01,1321.18,952.57,0.22,0.23,6
btc-updown-15m-1775667600,1775667600,615,0.75,0.76,0.755,0.01,809.58,849.66,0.24,0.25,4
btc-updown-15m-1775667600,1775667600,630,0.85,0.86,0.855,0.01,910.77,1559.69,0.14,0.15,166
btc-updown-15m-1775667600,1775667600,645,0.88,0.89,0.885,0.01,4130.12,1223.18,0.11,0.12,319
btc-updown-15m-1775667600,1775667600,660,0.91,0.92,0.915,0.01,1401.63,2642.03,0.08,0.09,32
btc-updown-15m-1775667600,1775667600,675,0.94,0.95,0.945,0.01,337.76,1178.24,0.05,0.06,0
btc-updown-15m-1775667600,1775667600,690,0.97,0.98,0.975,0.01,291.89,1891.89,0.02,0.03,80
btc-updown-15m-1775667600,1775667600,705,0.96,0.97,0.965,0.01,458.5,1469.5,0.03,0.04,2
btc-updown-15m-1775667600,1775667600,720,0.99,,,,4692.88,0,,0.01,87
btc-updown-15m-1775667600,1775667600,735,0.98,0.99,0.985,0.01,3710.77,18.87,0.01,0.02,25
btc-updown-15m-1775667600,1775667600,750,0.99,,,,7377.45,0,,0.01,33
btc-updown-15m-1775667600,1775667600,765,0.99,,,,11487.99,0,,0.01,8
btc-updown-15m-1775667600,1775667600,780,0.99,,,,14164.67,0,,0.01,3
btc-updown-15m-1775667600,1775667600,795,0.99,,,,21326.6,0,,0.01,39
btc-updown-15m-1775667600,1775667600,810,0.99,,,,21574.6,0,,0.01,15
btc-updown-15m-1775667600,1775667600,825,0.998,0.999,0.9985,0.001,404,4793.06,0.001,0.002,25
btc-updown-15m-1775667600,1775667600,840,0.997,0.998,0.9975,0.001,124,4888.03,0.002,0.003,56
btc-updown-15m-1775667600,1775667600,845,0.999,,,,14853.02,0,,0.001,16
btc-updown-15m-1775667600,1775667600,850,0.999,,,,29639.63,0,,0.001,127
btc-updown-15m-1775667600,1775667600,855,0.999,,,,29630.63,0,,0.001,131
btc-updown-15m-1775667600,1775667600,860,0.999,,,,29630.63,0,,0.001,119
btc-updown-15m-1775667600,1775667600,865,0.999,,,,29630.63,0,,0.001,30
btc-updown-15m-1775667600,1775667600,870,0.999,,,,29583.63,0,,0.001,26
btc-updown-15m-1775667600,1775667600,875,0.999,,,,29418.63,0,,0.001,120
btc-updown-15m-1775667600,1775667600,880,0.999,,,,29418.63,0,,0.001,167
btc-updown-15m-1775667600,1775667600,885,0.999,,,,29418.63,0,,0.001,378
btc-updown-15m-1775667600,1775667600,890,0.999,,,,29407.41,0,,0.001,27
btc-updown-15m-1775667600,1775667600,895,0.999,,,,31462.41,0,,0.001,104
btc-updown-15m-1775667600,1775667600,897,0.999,,,,30787.41,0,,0.001,357
btc-updown-15m-1775667600,1775667600,899,0.999,,,,30908.67,0,,0.001,37
btc-updown-15m-1775667600,1775667600,900,0.999,,,,50720.28,0,,0.001,29
btc-updown-15m-1775678400,1775678400,0,0.5,0.51,0.505,0.01,531.65,248.64,0.49,0.5,101
btc-updown-15m-1775678400,1775678400,15,0.57,0.58,0.575,0.01,709.35,198.15,0.42,0.43,1
btc-updown-15m-1775678400,1775678400,30,0.66,0.69,0.675,0.03,700.31,300.74,0.31,0.34,450
btc-updown-15m-1775678400,1775678400,45,0.69,0.7,0.695,0.01,590.21,135.13,0.3,0.31,64
btc-updown-15m-1775678400,1775678400,60,0.69,0.7,0.695,0.01,585.11,330.43,0.3,0.31,41
btc-updown-15m-1775678400,1775678400,75,0.73,0.74,0.735,0.01,482.33,331.82,0.26,0.27,13
btc-updown-15m-1775678400,1775678400,90,0.73,0.74,0.735,0.01,698.26,317.1,0.26,0.27,12
btc-updown-15m-1775678400,1775678400,105,0.73,0.74,0.735,0.01,530.79,589.26,0.26,0.27,12
btc-updown-15m-1775678400,1775678400,120,0.74,0.75,0.745,0.01,1090.6,496.8,0.25,0.26,19
btc-updown-15m-1775678400,1775678400,135,0.71,0.72,0.715,0.01,428.89,604.75,0.28,0.29,11
btc-updown-15m-1775678400,1775678400,150,0.76,0.77,0.765,0.01,439.42,592.11,0.23,0.24,37
btc-updown-15m-1775678400,1775678400,165,0.69,0.7,0.695,0.01,560.42,403.7,0.3,0.31,18
btc-updown-15m-1775678400,1775678400,180,0.66,0.67,0.665,0.01,429.38,783.98,0.33,0.34,5
btc-updown-15m-1775678400,1775678400,195,0.69,0.7,0.695,0.01,493.14,654.85,0.3,0.31,34
btc-updown-15m-1775678400,1775678400,210,0.69,0.7,0.695,0.01,462.91,386.07,0.3,0.31,2
btc-updown-15m-1775678400,1775678400,225,0.66,0.67,0.665,0.01,158.8,312.14,0.33,0.34,16
btc-updown-15m-1775678400,1775678400,240,0.7,0.71,0.705,0.01,309.2,348.54,0.29,0.3,0
btc-updown-15m-1775678400,1775678400,255,0.73,0.74,0.735,0.01,552.21,468.86,0.26,0.27,5
btc-updown-15m-1775678400,1775678400,270,0.68,0.69,0.685,0.01,208.32,597.07,0.31,0.32,48
btc-updown-15m-1775678400,1775678400,285,0.74,0.75,0.745,0.01,184.31,527.08,0.25,0.26,93
btc-updown-15m-1775678400,1775678400,300,0.74,0.75,0.745,0.01,491.08,459.09,0.25,0.26,93
btc-updown-15m-1775678400,1775678400,315,0.72,0.73,0.725,0.01,203.89,562.33,0.27,0.28,1
btc-updown-15m-1775678400,1775678400,330,0.71,0.72,0.715,0.01,278.36,742,0.28,0.29,33
btc-updown-15m-1775678400,1775678400,345,0.72,0.73,0.725,0.01,324.53,814.41,0.27,0.28,451
btc-updown-15m-1775678400,1775678400,360,0.7,0.71,0.705,0.01,478.2,517.09,0.29,0.3,0
btc-updown-15m-1775678400,1775678400,375,0.7,0.71,0.705,0.01,493.08,552.43,0.29,0.3,10
btc-updown-15m-1775678400,1775678400,390,0.76,0.77,0.765,0.01,421.9,545.77,0.23,0.24,210
btc-updown-15m-1775678400,1775678400,405,0.73,0.74,0.735,0.01,641.45,190.29,0.26,0.27,29
btc-updown-15m-1775678400,1775678400,420,0.78,0.79,0.785,0.01,571.38,510.33,0.21,0.22,67
btc-updown-15m-1775678400,1775678400,435,0.79,0.8,0.795,0.01,544.48,526.34,0.2,0.21,9
btc-updown-15m-1775678400,1775678400,450,0.83,0.85,0.84,0.02,1513.98,230.09,0.15,0.17,20
btc-updown-15m-1775678400,1775678400,465,0.83,0.84,0.835,0.01,1367.44,549.79,0.16,0.17,14
btc-updown-15m-1775678400,1775678400,480,0.89,0.9,0.895,0.01,1100.8,844.02,0.1,0.11,24
btc-updown-15m-1775678400,1775678400,495,0.87,0.88,0.875,0.01,639.37,636.53,0.12,0.13,5
btc-updown-15m-1775678400,1775678400,510,0.89,0.9,0.895,0.01,220.62,1224.32,0.1,0.11,2
btc-updown-15m-1775678400,1775678400,525,0.91,0.92,0.915,0.01,801.9,1990.15,0.08,0.09,243
btc-updown-15m-1775678400,1775678400,540,0.89,0.91,0.9,0.02,641.7,1107.89,0.09,0.11,34
btc-updown-15m-1775678400,1775678400,555,0.89,0.9,0.895,0.01,424.08,1333.1,0.1,0.11,42
btc-updown-15m-1775678400,1775678400,570,0.9,0.91,0.905,0.01,512.71,1434.61,0.09,0.1,56
btc-updown-15m-1775678400,1775678400,585,0.9,0.91,0.905,0.01,378.18,1585.67,0.09,0.1,204
btc-updown-15m-1775678400,1775678400,600,0.88,0.89,0.885,0.01,537.22,1675.62,0.11,0.12,7
btc-updown-15m-1775678400,1775678400,615,0.91,0.92,0.915,0.01,710.03,1585.66,0.08,0.09,19
btc-updown-15m-1775678400,1775678400,630,0.92,0.93,0.925,0.01,393.43,1275.01,0.07,0.08,395
btc-updown-15m-1775678400,1775678400,645,0.94,0.95,0.945,0.01,2073.54,1080.83,0.05,0.06,8
btc-updown-15m-1775678400,1775678400,660,0.94,0.95,0.945,0.01,1888.67,1365.23,0.05,0.06,33
btc-updown-15m-1775678400,1775678400,675,0.97,0.98,0.975,0.01,2507.78,2187.6,0.02,0.03,6
btc-updown-15m-1775678400,1775678400,690,0.99,,,,10192.51,0,,0.01,73
btc-updown-15m-1775678400,1775678400,705,0.98,0.99,0.985,0.01,5180.99,3928.64,0.01,0.02,4
btc-updown-15m-1775678400,1775678400,720,0.98,0.99,0.985,0.01,6341.45,3410.44,0.01,0.02,42
btc-updown-15m-1775678400,1775678400,735,0.98,0.99,0.985,0.01,6850.9,2445.28,0.01,0.02,12
btc-updown-15m-1775678400,1775678400,750,0.99,,,,18239.17,0,,0.01,35
btc-updown-15m-1775678400,1775678400,765,0.99,,,,19828.46,0,,0.01,50
btc-updown-15m-1775678400,1775678400,780,0.99,,,,21145.51,0,,0.01,55
btc-updown-15m-1775678400,1775678400,795,0.99,,,,23926.98,0,,0.01,16
btc-updown-15m-1775678400,1775678400,810,0.998,0.999,0.9985,0.001,2784.47,5084.63,0.001,0.002,51
btc-updown-15m-1775678400,1775678400,825,0.994,0.997,0.9955,0.003,5106.57,6447.96,0.003,0.006,129
btc-updown-15m-1775678400,1775678400,840,0.993,0.998,0.9955,0.005,9287.98,6299.65,0.002,0.007,113
btc-updown-15m-1775678400,1775678400,845,0.997,0.998,0.9975,0.001,205.26,6294.65,0.002,0.003,28
btc-updown-15m-1775678400,1775678400,850,0.997,0.998,0.9975,0.001,2215.26,5908.03,0.002,0.003,95
btc-updown-15m-1775678400,1775678400,855,0.998,0.999,0.9985,0.001,1312.26,2081.14,0.001,0.002,102
btc-updown-15m-1775678400,1775678400,860,0.998,0.999,0.9985,0.001,397.39,1884.45,0.001,0.002,578
btc-updown-15m-1775678400,1775678400,865,0.998,0.999,0.9985,0.001,620.57,1312.05,0.001,0.002,224
btc-updown-15m-1775678400,1775678400,870,0.999,,,,11166.55,0,,0.001,20
btc-updown-15m-1775678400,1775678400,875,0.999,,,,10986.8,0,,0.001,317
btc-updown-15m-1775678400,1775678400,880,0.999,,,,10996.8,0,,0.001,144
btc-updown-15m-1775678400,1775678400,885,0.999,,,,10001.8,0,,0.001,91
btc-updown-15m-1775678400,1775678400,890,0.999,,,,19478.21,0,,0.001,173
btc-updown-15m-1775678400,1775678400,895,0.999,,,,19468.21,0,,0.001,122
btc-updown-15m-1775678400,1775678400,897,0.999,,,,21743.21,0,,0.001,375
btc-updown-15m-1775678400,1775678400,899,0.999,,,,25905.33,0,,0.001,126
btc-updown-15m-1775678400,1775678400,900,0.999,,,,39836.7,0,,0.001,1
btc-updown-15m-1775688300,1775688300,0,0.47,0.48,0.475,0.01,691.12,607.11,0.52,0.53,32
btc-updown-15m-1775688300,1775688300,15,0.5,0.51,0.505,0.01,1106.33,350.26,0.49,0.5,36
btc-updown-15m-1775688300,1775688300,30,0.59,0.6,0.595,0.01,595.4,469.93,0.4,0.41,0
btc-updown-15m-1775688300,1775688300,45,0.59,0.6,0.595,0.01,451.84,574.71,0.4,0.41,21
btc-updown-15m-1775688300,1775688300,60,0.63,0.65,0.64,0.02,73.87,700.8,0.35,0.37,0
btc-updown-15m-1775688300,1775688300,75,0.58,0.59,0.585,0.01,381.25,529.24,0.41,0.42,1
btc-updown-15m-1775688300,1775688300,90,0.52,0.53,0.525,0.01,514.97,428.9,0.47,0.48,2
btc-updown-15m-1775688300,1775688300,105,0.57,0.58,0.575,0.01,164.17,937.71,0.42,0.43,2
btc-updown-15m-1775688300,1775688300,120,0.49,0.5,0.495,0.01,185.26,719.05,0.5,0.51,44
btc-updown-15m-1775688300,1775688300,135,0.49,0.5,0.495,0.01,481.13,738.55,0.5,0.51,70
btc-updown-15m-1775688300,1775688300,150,0.51,0.52,0.515,0.01,517.31,603.78,0.48,0.49,73
btc-updown-15m-1775688300,1775688300,165,0.56,0.57,0.565,0.01,305.05,1017.24,0.43,0.44,14
btc-updown-15m-1775688300,1775688300,180,0.56,0.57,0.565,0.01,394.36,626.05,0.43,0.44,39
btc-updown-15m-1775688300,1775688300,195,0.56,0.57,0.565,0.01,538.36,492.4,0.43,0.44,79
btc-updown-15m-1775688300,1775688300,210,0.64,0.65,0.645,0.01,913.81,445.11,0.35,0.36,388
btc-updown-15m-1775688300,1775688300,225,0.59,0.6,0.595,0.01,397.1,370.01,0.4,0.41,16
btc-updown-15m-1775688300,1775688300,240,0.52,0.53,0.525,0.01,137.6,968.66,0.47,0.48,1
btc-updown-15m-1775688300,1775688300,255,0.49,0.5,0.495,0.01,573.29,229.7,0.5,0.51,64
btc-updown-15m-1775688300,1775688300,270,0.57,0.58,0.575,0.01,304.5,763.51,0.42,0.43,38
btc-updown-15m-1775688300,1775688300,285,0.59,0.6,0.595,0.01,428.31,307,0.4,0.41,20
btc-updown-15m-1775688300,1775688300,300,0.67,0.68,0.675,0.01,659.86,945.25,0.32,0.33,1
btc-updown-15m-1775688300,1775688300,315,0.67,0.68,0.675,0.01,709.52,945.36,0.32,0.33,298
btc-updown-15m-1775688300,1775688300,330,0.68,0.69,0.685,0.01,766.81,422.1,0.31,0.32,65
btc-updown-15m-1775688300,1775688300,345,0.65,0.66,0.655,0.01,679,642.54,0.34,0.35,2
btc-updown-15m-1775688300,1775688300,360,0.65,0.66,0.655,0.01,789.5,514.4,0.34,0.35,74
btc-updown-15m-1775688300,1775688300,375,0.72,0.73,0.725,0.01,744.83,478.83,0.27,0.28,27
btc-updown-15m-1775688300,1775688300,390,0.74,0.75,0.745,0.01,750.84,692.07,0.25,0.26,62
btc-updown-15m-1775688300,1775688300,405,0.68,0.69,0.685,0.01,537.62,228.9,0.31,0.32,10
btc-updown-15m-1775688300,1775688300,420,0.61,0.62,0.615,0.01,486.36,310.07,0.38,0.39,52
btc-updown-15m-1775688300,1775688300,435,0.53,0.58,0.555,0.05,189,525.43,0.42,0.47,29
btc-updown-15m-1775688300,1775688300,450,0.59,0.6,0.595,0.01,417.74,697.91,0.4,0.41,24
btc-updown-15m-1775688300,1775688300,465,0.41,0.42,0.415,0.01,672.5,860.01,0.58,0.59,43
btc-updown-15m-1775688300,1775688300,480,0.27,0.28,0.275,0.01,383,1115.92,0.72,0.73,8
btc-updown-15m-1775688300,1775688300,495,0.23,0.24,0.235,0.01,961.42,558.25,0.76,0.77,86
btc-updown-15m-1775688300,1775688300,510,0.2,0.21,0.205,0.01,407.11,600.92,0.79,0.8,15
btc-updown-15m-1775688300,1775688300,525,0.15,0.16,0.155,0.01,590.92,883.77,0.84,0.85,2
btc-updown-15m-1775688300,1775688300,540,0.14,0.15,0.145,0.01,666.54,600.58,0.85,0.86,21
btc-updown-15m-1775688300,1775688300,555,0.12,0.13,0.125,0.01,358.61,775.99,0.87,0.88,1
btc-updown-15m-1775688300,1775688300,570,0.14,0.15,0.145,0.01,471.93,691.07,0.85,0.86,55
btc-updown-15m-1775688300,1775688300,585,0.08,0.09,0.085,0.01,750.76,1060.82,0.91,0.92,17
btc-updown-15m-1775688300,1775688300,600,0.08,0.09,0.085,0.01,283.55,1310.58,0.91,0.92,2
btc-updown-15m-1775688300,1775688300,615,0.06,0.07,0.065,0.01,1610.2,1057.49,0.93,0.94,58
btc-updown-15m-1775688300,1775688300,630,0.05,0.06,0.055,0.01,2339.58,3495.58,0.94,0.95,70
btc-updown-15m-1775688300,1775688300,645,0.03,0.04,0.035,0.01,13982.98,3207.37,0.96,0.97,47
btc-updown-15m-1775688300,1775688300,660,0.06,0.07,0.065,0.01,984.66,867.05,0.93,0.94,64
btc-updown-15m-1775688300,1775688300,675,0.03,0.04,0.035,0.01,13506.79,941.41,0.96,0.97,9
btc-updown-15m-1775688300,1775688300,690,0.03,0.04,0.035,0.01,13490.16,1286.66,0.96,0.97,62
btc-updown-15m-1775688300,1775688300,705,0.02,0.03,0.025,0.01,11428.12,917.53,0.97,0.98,50
btc-updown-15m-1775688300,1775688300,720,0.02,0.03,0.025,0.01,11789.53,1528.24,0.97,0.98,69
btc-updown-15m-1775688300,1775688300,735,0.01,0.02,0.015,0.01,8804.08,4442.45,0.98,0.99,69
btc-updown-15m-1775688300,1775688300,750,,0.01,,,0,7078.12,0.99,,6
btc-updown-15m-1775688300,1775688300,765,,0.01,,,0,9188.83,0.99,,68
btc-updown-15m-1775688300,1775688300,780,0.003,0.006,0.0045,0.003,15828.92,576.88,0.994,0.997,56
btc-updown-15m-1775688300,1775688300,795,0.001,0.002,0.0015,0.001,12695.41,300,0.998,0.999,6
btc-updown-15m-1775688300,1775688300,810,0.001,0.002,0.0015,0.001,12695.41,205,0.998,0.999,18
btc-updown-15m-1775688300,1775688300,825,0.001,0.002,0.0015,0.001,2770.4,305,0.998,0.999,73
btc-updown-15m-1775688300,1775688300,840,,0.001,,,0,11626.75,0.999,,68
btc-updown-15m-1775688300,1775688300,845,,0.001,,,0,24241.75,0.999,,44
btc-updown-15m-1775688300,1775688300,850,,0.001,,,0,24241.75,0.999,,24
btc-updown-15m-1775688300,1775688300,855,,0.001,,,0,24241.75,0.999,,1
btc-updown-15m-1775688300,1775688300,860,,0.001,,,0,24261.77,0.999,,140
btc-updown-15m-1775688300,1775688300,865,,0.001,,,0,53317.74,0.999,,25
btc-updown-15m-1775688300,1775688300,870,,0.001,,,0,54057.74,0.999,,33
btc-updown-15m-1775688300,1775688300,875,,0.001,,,0,53797.74,0.999,,110
btc-updown-15m-1775688300,1775688300,880,,0.001,,,0,53797.74,0.999,,303
btc-updown-15m-1775688300,1775688300,885,,0.001,,,0,53672.66,0.999,,390
btc-updown-15m-1775688300,1775688300,890,,0.001,,,0,53777.66,0.999,,136
btc-updown-15m-1775688300,1775688300,895,,0.001,,,0,54167.66,0.999,,113
btc-updown-15m-1775688300,1775688300,897,,0.001,,,0,52047.66,0.999,,114
btc-updown-15m-1775688300,1775688300,899,,0.001,,,0,55263.92,0.999,,4
btc-updown-15m-1775688300,1775688300,900,,0.001,,,0,89263.99,0.999,,3
btc-updown-15m-1775699100,1775699100,0,0.47,0.48,0.475,0.01,371.38,87.58,0.52,0.53,277
btc-updown-15m-1775699100,1775699100,15,0.49,0.5,0.495,0.01,750.76,1408.86,0.5,0.51,73
btc-updown-15m-1775699100,1775699100,30,0.49,0.5,0.495,0.01,612.24,1614.51,0.5,0.51,142
btc-updown-15m-1775699100,1775699100,45,0.53,0.54,0.535,0.01,866,1812.3,0.46,0.47,32
btc-updown-15m-1775699100,1775699100,60,0.52,0.53,0.525,0.01,1940.01,1427.66,0.47,0.48,72
btc-updown-15m-1775699100,1775699100,75,0.58,0.59,0.585,0.01,1775.1,1427.65,0.41,0.42,38
btc-updown-15m-1775699100,1775699100,90,0.54,0.55,0.545,0.01,887.05,1474.45,0.45,0.46,35
btc-updown-15m-1775699100,1775699100,105,0.5,0.51,0.505,0.01,573.42,1406.35,0.49,0.5,24
btc-updown-15m-1775699100,1775699100,120,0.45,0.46,0.455,0.01,180.18,2084.09,0.54,0.55,314
btc-updown-15m-1775699100,1775699100,135,0.48,0.49,0.485,0.01,402.82,1765.69,0.51,0.52,26
btc-updown-15m-1775699100,1775699100,150,0.36,0.37,0.365,0.01,590.08,1861.74,0.63,0.64,2
btc-updown-15m-1775699100,1775699100,165,0.33,0.34,0.335,0.01,1625.82,289.42,0.66,0.67,2
btc-updown-15m-1775699100,1775699100,180,0.32,0.33,0.325,0.01,727.15,385,0.67,0.68,12
btc-updown-15m-1775699100,1775699100,195,0.32,0.33,0.325,0.01,436.27,596.02,0.67,0.68,15
btc-updown-15m-1775699100,1775699100,210,0.3,0.31,0.305,0.01,553.25,461.9,0.69,0.7,179
btc-updown-15m-1775699100,1775699100,225,0.34,0.35,0.345,0.01,654.91,506.63,0.65,0.66,65
btc-updown-15m-1775699100,1775699100,240,0.5,0.51,0.505,0.01,1353.41,204.25,0.49,0.5,47
btc-updown-15m-1775699100,1775699100,255,0.61,0.62,0.615,0.01,823.5,95,0.38,0.39,9
btc-updown-15m-1775699100,1775699100,270,0.61,0.62,0.615,0.01,477.39,472.5,0.38,0.39,17
btc-updown-15m-1775699100,1775699100,285,0.74,0.75,0.745,0.01,577.71,423.16,0.25,0.26,66
btc-updown-15m-1775699100,1775699100,300,0.74,0.75,0.745,0.01,423.67,698,0.25,0.26,76
btc-updown-15m-1775699100,1775699100,315,0.75,0.76,0.755,0.01,1147.12,647.65,0.24,0.25,0
btc-updown-15m-1775699100,1775699100,330,0.83,0.84,0.835,0.01,630.7,327.29,0.16,0.17,1
btc-updown-15m-1775699100,1775699100,345,0.9,0.91,0.905,0.01,350.16,1165.33,0.09,0.1,4
btc-updown-15m-1775699100,1775699100,360,0.88,0.89,0.885,0.01,742.68,513.17,0.11,0.12,12
btc-updown-15m-1775699100,1775699100,375,0.87,0.88,0.875,0.01,586.44,847.05,0.12,0.13,7
btc-updown-15m-1775699100,1775699100,390,0.86,0.87,0.865,0.01,1282.12,251.05,0.13,0.14,31
btc-updown-15m-1775699100,1775699100,405,0.89,0.9,0.895,0.01,1318.14,455.64,0.1,0.11,9
btc-updown-15m-1775699100,1775699100,420,0.84,0.85,0.845,0.01,1479.82,1287.88,0.15,0.16,452
btc-updown-15m-1775699100,1775699100,435,0.86,0.87,0.865,0.01,2255.25,1088.54,0.13,0.14,61
btc-updown-15m-1775699100,1775699100,450,0.86,0.87,0.865,0.01,2168.56,1246.09,0.13,0.14,0
btc-updown-15m-1775699100,1775699100,465,0.91,0.92,0.915,0.01,2022.71,1453.63,0.08,0.09,35
btc-updown-15m-1775699100,1775699100,480,0.91,0.92,0.915,0.01,2234.16,1203.15,0.08,0.09,19
btc-updown-15m-1775699100,1775699100,495,0.91,0.92,0.915,0.01,1903.32,1417.43,0.08,0.09,56
btc-updown-15m-1775699100,1775699100,510,0.93,0.94,0.935,0.01,1084.69,1225.64,0.06,0.07,222
btc-updown-15m-1775699100,1775699100,525,0.94,0.95,0.945,0.01,1872.45,1526.04,0.05,0.06,54
btc-updown-15m-1775699100,1775699100,540,0.92,0.93,0.925,0.01,1877.82,1588.2,0.07,0.08,20
btc-updown-15m-1775699100,1775699100,555,0.93,0.94,0.935,0.01,4576.71,1020.99,0.06,0.07,0
btc-updown-15m-1775699100,1775699100,570,0.94,0.95,0.945,0.01,4445.67,1620.17,0.05,0.06,27
btc-updown-15m-1775699100,1775699100,585,0.97,0.98,0.975,0.01,4425.38,2754.96,0.02,0.03,1
btc-updown-15m-1775699100,1775699100,600,0.99,,,,14619.3,0,,0.01,167
btc-updown-15m-1775699100,1775699100,615,0.98,0.99,0.985,0.01,7181.06,29,0.01,0.02,64
btc-updown-15m-1775699100,1775699100,630,0.99,,,,6104.93,0,,0.01,29
btc-updown-15m-1775699100,1775699100,645,0.98,,,,6119,0,,0.02,73
btc-updown-15m-1775699100,1775699100,660,0.99,,,,7223.66,0,,0.01,47
btc-updown-15m-1775699100,1775699100,675,0.99,,,,7889.79,0,,0.01,106
btc-updown-15m-1775699100,1775699100,690,0.99,,,,7911.57,0,,0.01,63
btc-updown-15m-1775699100,1775699100,705,0.99,,,,6401.54,0,,0.01,64
btc-updown-15m-1775699100,1775699100,720,0.99,,,,10134.56,0,,0.01,66
btc-updown-15m-1775699100,1775699100,735,0.998,0.999,0.9985,0.001,143.27,14418.74,0.001,0.002,58
btc-updown-15m-1775699100,1775699100,750,0.997,0.998,0.9975,0.001,212,16705.7,0.002,0.003,67
btc-updown-15m-1775699100,1775699100,765,0.997,0.998,0.9975,0.001,212,16638.64,0.002,0.003,3
btc-updown-15m-1775699100,1775699100,780,0.997,0.998,0.9975,0.001,1632.66,15213.27,0.002,0.003,29
btc-updown-15m-1775699100,1775699100,795,0.998,0.999,0.9985,0.001,6258.32,12327.28,0.001,0.002,70
btc-updown-15m-1775699100,1775699100,810,0.998,0.999,0.9985,0.001,7151.66,12027.28,0.001,0.002,386
btc-updown-15m-1775699100,1775699100,825,0.999,,,,8969.81,0,,0.001,349
btc-updown-15m-1775699100,1775699100,840,0.999,,,,9428.23,0,,0.001,680
btc-updown-15m-1775699100,1775699100,845,0.999,,,,20048.25,0,,0.001,750
btc-updown-15m-1775699100,1775699100,850,0.999,,,,20048.25,0,,0.001,736
btc-updown-15m-1775699100,1775699100,855,0.999,,,,20048.25,0,,0.001,184
btc-updown-15m-1775699100,1775699100,860,0.999,,,,20048.25,0,,0.001,153
btc-updown-15m-1775699100,1775699100,865,0.999,,,,18593.25,0,,0.001,190
btc-updown-15m-1775699100,1775699100,870,0.999,,,,18593.25,0,,0.001,153
btc-updown-15m-1775699100,1775699100,875,0.999,,,,24325.75,0,,0.001,76
btc-updown-15m-1775699100,1775699100,880,0.999,,,,24323.75,0,,0.001,89
btc-updown-15m-1775699100,1775699100,885,0.999,,,,34328.75,0,,0.001,354
btc-updown-15m-1775699100,1775699100,890,0.999,,,,44288.58,0,,0.001,134
btc-updown-15m-1775699100,1775699100,895,0.999,,,,66358.58,0,,0.001,207
btc-updown-15m-1775699100,1775699100,897,0.999,,,,64557.31,0,,0.001,134
btc-updown-15m-1775699100,1775699100,899,0.999,,,,65678.41,0,,0.001,106
btc-updown-15m-1775699100,1775699100,900,0.999,,,,106195.45,0,,0.001,13
btc-updown-15m-1775709000,1775709000,0,0.51,0.53,0.52,0.02,81,1837.94,0.47,0.49,166
btc-updown-15m-1775709000,1775709000,15,0.54,0.55,0.545,0.01,769.7,2212.55,0.45,0.46,118
btc-updown-15m-1775709000,1775709000,30,0.48,0.49,0.485,0.01,1590.23,1688.14,0.51,0.52,19
btc-updown-15m-1775709000,1775709000,45,0.5,0.51,0.505,0.01,1148.82,1703.5,0.49,0.5,1
btc-updown-15m-1775709000,1775709000,60,0.49,0.5,0.495,0.01,1998.53,340.46,0.5,0.51,58
btc-updown-15m-1775709000,1775709000,75,0.61,0.62,0.615,0.01,290.35,608.13,0.38,0.39,12
btc-updown-15m-1775709000,1775709000,90,0.63,0.64,0.635,0.01,1625.39,771.86,0.36,0.37,38
btc-updown-15m-1775709000,1775709000,105,0.67,0.68,0.675,0.01,1560.46,1592.63,0.32,0.33,52
btc-updown-15m-1775709000,1775709000,120,0.67,0.68,0.675,0.01,1797.92,1640.53,0.32,0.33,67
btc-updown-15m-1775709000,1775709000,135,0.77,0.78,0.775,0.01,1513.3,1373.19,0.22,0.23,36
btc-updown-15m-1775709000,1775709000,150,0.72,0.73,0.725,0.01,960.14,1459.16,0.27,0.28,4
btc-updown-15m-1775709000,1775709000,165,0.67,0.68,0.675,0.01,685,1428.74,0.32,0.33,67
btc-updown-15m-1775709000,1775709000,180,0.69,0.7,0.695,0.01,1622.5,310,0.3,0.31,31
btc-updown-15m-1775709000,1775709000,195,0.66,0.67,0.665,0.01,1613.5,469.67,0.33,0.34,0
btc-updown-15m-1775709000,1775709000,210,0.7,0.71,0.705,0.01,2087,1354.18,0.29,0.3,69
btc-updown-15m-1775709000,1775709000,225,0.77,0.78,0.775,0.01,1994.18,1301.75,0.22,0.23,52
btc-updown-15m-1775709000,1775709000,240,0.63,0.64,0.635,0.01,592.18,2074.3,0.36,0.37,56
btc-updown-15m-1775709000,1775709000,255,0.69,0.7,0.695,0.01,1489.45,294.3,0.3,0.31,70
btc-updown-15m-1775709000,1775709000,270,0.69,0.7,0.695,0.01,326.22,371.48,0.3,0.31,12009
btc-updown-15m-1775709000,1775709000,285,0.69,0.7,0.695,0.01,326.22,371.48,0.3,0.31,27009
btc-updown-15m-1775709000,1775709000,300,0.69,0.7,0.695,0.01,326.22,371.48,0.3,0.31,42009
btc-updown-15m-1775709000,1775709000,315,0.69,0.7,0.695,0.01,326.22,371.48,0.3,0.31,57009
btc-updown-15m-1775709000,1775709000,330,0.69,0.7,0.695,0.01,326.22,371.48,0.3,0.31,72009
btc-updown-15m-1775709000,1775709000,345,0.69,0.7,0.695,0.01,326.22,371.48,0.3,0.31,87009
btc-updown-15m-1775709000,1775709000,360,0.69,0.7,0.695,0.01,326.22,371.48,0.3,0.31,102009
btc-updown-15m-1775709000,1775709000,375,0.69,0.7,0.695,0.01,326.22,371.48,0.3,0.31,117009
btc-updown-15m-1775709000,1775709000,390,0.69,0.7,0.695,0.01,326.22,371.48,0.3,0.31,132009
btc-updown-15m-1775709000,1775709000,405,0.69,0.7,0.695,0.01,166.22,371.48,0.3,0.31,3504
btc-updown-15m-1775709000,1775709000,420,0.74,0.77,0.755,0.03,239.83,464.82,0.23,0.26,565
btc-updown-15m-1775709000,1775709000,435,0.74,0.75,0.745,0.01,431.37,712.54,0.25,0.26,2102
btc-updown-15m-1775709000,1775709000,450,0.8,0.81,0.805,0.01,1568.08,464.29,0.19,0.2,321
btc-updown-15m-1775709000,1775709000,465,0.85,0.86,0.855,0.01,1351.31,1354.39,0.14,0.15,259
btc-updown-15m-1775709000,1775709000,480,0.83,0.84,0.835,0.01,1429.68,1562.3,0.16,0.17,38
btc-updown-15m-1775709000,1775709000,495,0.84,0.85,0.845,0.01,1401,1582,0.15,0.16,14
btc-updown-15m-1775709000,1775709000,510,0.84,0.85,0.845,0.01,1730.73,1210.49,0.15,0.16,164
btc-updown-15m-1775709000,1775709000,525,0.71,0.72,0.715,0.01,1749.85,176.81,0.28,0.29,153
btc-updown-15m-1775709000,1775709000,540,0.72,0.73,0.725,0.01,2382.7,435.93,0.27,0.28,1
btc-updown-15m-1775709000,1775709000,555,0.87,0.88,0.875,0.01,1453.48,854.5,0.12,0.13,2
btc-updown-15m-1775709000,1775709000,570,0.9,0.91,0.905,0.01,1826.21,1740.34,0.09,0.1,60
btc-updown-15m-1775709000,1775709000,585,0.91,0.92,0.915,0.01,2503.03,1791.6,0.08,0.09,21
btc-updown-15m-1775709000,1775709000,600,0.85,0.86,0.855,0.01,376.23,260.13,0.14,0.15,168
btc-updown-15m-1775709000,1775709000,615,0.88,0.89,0.885,0.01,990.57,1341.71,0.11,0.12,5
btc-updown-15m-1775709000,1775709000,630,0.89,0.9,0.895,0.01,502.71,1588.24,0.1,0.11,97
btc-updown-15m-1775709000,1775709000,645,0.89,0.9,0.895,0.01,1617.67,1488.63,0.1,0.11,123
btc-updown-15m-1775709000,1775709000,660,0.91,0.92,0.915,0.01,1862.79,1697.11,0.08,0.09,168
btc-updown-15m-1775709000,1775709000,675,0.93,0.94,0.935,0.01,1087.03,2059.18,0.06,0.07,147
btc-updown-15m-1775709000,1775709000,690,0.95,0.96,0.955,0.01,2093.01,2880.76,0.04,0.05,115
btc-updown-15m-1775709000,1775709000,705,0.96,0.97,0.965,0.01,2555.87,4099.84,0.03,0.04,1
btc-updown-15m-1775709000,1775709000,720,0.98,0.99,0.985,0.01,2624.21,4518.42,0.01,0.02,176
btc-updown-15m-1775709000,1775709000,735,0.98,0.99,0.985,0.01,3009.31,3335.82,0.01,0.02,101
btc-updown-15m-1775709000,1775709000,750,0.98,0.99,0.985,0.01,2715.9,2302.23,0.01,0.02,15
btc-updown-15m-1775709000,1775709000,765,0.98,0.99,0.985,0.01,2729.1,5825.57,0.01,0.02,152
btc-updown-15m-1775709000,1775709000,780,0.98,0.99,0.985,0.01,2982.76,2507.45,0.01,0.02,153
btc-updown-15m-1775709000,1775709000,795,0.98,0.99,0.985,0.01,3143.69,1200.36,0.01,0.02,10
btc-updown-15m-1775709000,1775709000,810,0.99,,,,4417.57,0,,0.01,64
btc-updown-15m-1775709000,1775709000,825,0.99,,,,4632.79,0,,0.01,295
btc-updown-15m-1775709000,1775709000,840,0.997,0.998,0.9975,0.001,149.49,3046.16,0.002,0.003,0
btc-updown-15m-1775709000,1775709000,845,0.997,0.998,0.9975,0.001,249.49,3046.16,0.002,0.003,75
btc-updown-15m-1775709000,1775709000,850,0.998,0.999,0.9985,0.001,249.49,2946.42,0.001,0.002,147
btc-updown-15m-1775709000,1775709000,855,0.998,0.999,0.9985,0.001,249.49,2911.27,0.001,0.002,55
btc-updown-15m-1775709000,1775709000,860,0.998,0.999,0.9985,0.001,248.37,1847.77,0.001,0.002,150
btc-updown-15m-1775709000,1775709000,865,0.998,0.999,0.9985,0.001,248.37,1430.15,0.001,0.002,29
btc-updown-15m-1775709000,1775709000,870,0.998,0.999,0.9985,0.001,248.37,1230.15,0.001,0.002,148
btc-updown-15m-1775709000,1775709000,875,0.997,0.999,0.998,0.002,27.28,1200.12,0.001,0.003,45
btc-updown-15m-1775709000,1775709000,880,0.997,0.999,0.998,0.002,27.28,200.12,0.001,0.003,147
btc-updown-15m-1775709000,1775709000,885,0.999,,,,2898.72,0,,0.001,37
btc-updown-15m-1775709000,1775709000,890,0.999,,,,1813.73,0,,0.001,18
btc-updown-15m-1775709000,1775709000,895,0.999,,,,1818.73,0,,0.001,346
btc-updown-15m-1775709000,1775709000,897,0.992,,,,9109.26,0,,0.008,74
btc-updown-15m-1775709000,1775709000,899,0.999,,,,4238.8,0,,0.001,16
btc-updown-15m-1775709000,1775709000,900,0.999,,,,34664.19,0,,0.001,12
btc-updown-15m-1775719800,1775719800,0,0.52,0.53,0.525,0.01,1145.62,831.55,0.47,0.48,277
btc-updown-15m-1775719800,1775719800,15,0.44,0.45,0.445,0.01,1714.56,1767.61,0.55,0.56,217
btc-updown-15m-1775719800,1775719800,30,0.41,0.42,0.415,0.01,329.75,2906.94,0.58,0.59,29
btc-updown-15m-1775719800,1775719800,45,0.47,0.48,0.475,0.01,1946,179.37,0.52,0.53,9
btc-updown-15m-1775719800,1775719800,60,0.48,0.49,0.485,0.01,1585.23,1483.41,0.51,0.52,63
btc-updown-15m-1775719800,1775719800,75,0.49,0.5,0.495,0.01,1644.26,1760.1,0.5,0.51,46
btc-updown-15m-1775719800,1775719800,90,0.49,0.5,0.495,0.01,771.72,1953.3,0.5,0.51,63
btc-updown-15m-1775719800,1775719800,105,0.5,0.51,0.505,0.01,1529.83,1583.64,0.49,0.5,10
btc-updown-15m-1775719800,1775719800,120,0.51,0.52,0.515,0.01,1629.04,1478.75,0.48,0.49,62
btc-updown-15m-1775719800,1775719800,135,0.39,0.4,0.395,0.01,705.36,1869.45,0.6,0.61,4
btc-updown-15m-1775719800,1775719800,150,0.37,0.38,0.375,0.01,608.69,333.87,0.62,0.63,12
btc-updown-15m-1775719800,1775719800,165,0.32,0.33,0.325,0.01,2000.17,819.42,0.67,0.68,71
btc-updown-15m-1775719800,1775719800,180,0.33,0.34,0.335,0.01,421.63,1870.07,0.66,0.67,15
btc-updown-15m-1775719800,1775719800,195,0.31,0.32,0.315,0.01,721,1859.8,0.68,0.69,29
btc-updown-15m-1775719800,1775719800,210,0.33,0.34,0.335,0.01,259,1046.93,0.66,0.67,29
btc-updown-15m-1775719800,1775719800,225,0.42,0.43,0.425,0.01,1590.74,331.62,0.57,0.58,11
btc-updown-15m-1775719800,1775719800,240,0.45,0.46,0.455,0.01,1921.6,382.72,0.54,0.55,11
btc-updown-15m-1775719800,1775719800,255,0.5,0.51,0.505,0.01,1460.81,1513.84,0.49,0.5,74
btc-updown-15m-1775719800,1775719800,270,0.72,0.73,0.725,0.01,439,1452.8,0.27,0.28,73
btc-updown-15m-1775719800,1775719800,285,0.69,0.7,0.695,0.01,721.7,1629.9,0.3,0.31,25
btc-updown-15m-1775719800,1775719800,300,0.69,0.7,0.695,0.01,502.14,530.51,0.3,0.31,66
btc-updown-15m-1775719800,1775719800,315,0.76,0.77,0.765,0.01,362,712.28,0.23,0.24,0
btc-updown-15m-1775719800,1775719800,330,0.75,0.76,0.755,0.01,2032.82,275.36,0.24,0.25,170
btc-updown-15m-1775719800,1775719800,345,0.76,0.77,0.765,0.01,1436.5,1053.97,0.23,0.24,16
btc-updown-15m-1775719800,1775719800,360,0.76,0.77,0.765,0.01,1658,1378.89,0.23,0.24,0
btc-updown-15m-1775719800,1775719800,375,0.76,0.77,0.765,0.01,407.37,1556.28,0.23,0.24,480
btc-updown-15m-1775719800,1775719800,390,0.76,0.77,0.765,0.01,1889.67,1110.78,0.23,0.24,11
btc-updown-15m-1775719800,1775719800,405,0.83,0.84,0.835,0.01,947.48,1359.46,0.16,0.17,45
btc-updown-15m-1775719800,1775719800,420,0.87,0.88,0.875,0.01,1928.79,393.09,0.12,0.13,68
btc-updown-15m-1775719800,1775719800,435,0.92,0.93,0.925,0.01,1640.81,2404.04,0.07,0.08,71
btc-updown-15m-1775719800,1775719800,450,0.89,0.9,0.895,0.01,1758.67,1673.6,0.1,0.11,25
btc-updown-15m-1775719800,1775719800,465,0.87,0.88,0.875,0.01,884.29,737.94,0.12,0.13,47
btc-updown-15m-1775719800,1775719800,480,0.88,0.89,0.885,0.01,2360.01,750.46,0.11,0.12,63
btc-updown-15m-1775719800,1775719800,495,0.9,0.91,0.905,0.01,1911.5,1871.49,0.09,0.1,57
btc-updown-15m-1775719800,1775719800,510,0.93,0.94,0.935,0.01,2470.7,1359.71,0.06,0.07,91
btc-updown-15m-1775719800,1775719800,525,0.96,0.97,0.965,0.01,2497.42,2467.08,0.03,0.04,57
btc-updown-15m-1775719800,1775719800,540,0.96,0.97,0.965,0.01,2071,3013.21,0.03,0.04,50
btc-updown-15m-1775719800,1775719800,555,0.94,0.95,0.945,0.01,2182.21,2450.4,0.05,0.06,55
btc-updown-15m-1775719800,1775719800,570,0.94,0.95,0.945,0.01,2048.97,2393.34,0.05,0.06,1
btc-updown-15m-1775719800,1775719800,585,0.93,0.94,0.935,0.01,1945.81,1708.01,0.06,0.07,39
btc-updown-15m-1775719800,1775719800,600,0.85,0.86,0.855,0.01,415.06,326,0.14,0.15,2
btc-updown-15m-1775719800,1775719800,615,0.68,0.69,0.685,0.01,1391.5,1178.87,0.31,0.32,5
btc-updown-15m-1775719800,1775719800,630,0.62,0.63,0.625,0.01,1053.19,789.65,0.37,0.38,0
btc-updown-15m-1775719800,1775719800,645,0.69,0.7,0.695,0.01,1266.07,902.9,0.3,0.31,37
btc-updown-15m-1775719800,1775719800,660,0.73,0.74,0.735,0.01,1112,805.09,0.26,0.27,59
btc-updown-15m-1775719800,1775719800,675,0.5,0.51,0.505,0.01,705.5,1253.54,0.49,0.5,68
btc-updown-15m-1775719800,1775719800,690,0.55,0.56,0.555,0.01,1637.05,1362.72,0.44,0.45,27
btc-updown-15m-1775719800,1775719800,705,0.56,0.57,0.565,0.01,523,1554.6,0.43,0.44,25
btc-updown-15m-1775719800,1775719800,720,0.72,0.73,0.725,0.01,400.12,191,0.27,0.28,129
btc-updown-15m-1775719800,1775719800,735,0.5,0.51,0.505,0.01,25,220,0.49,0.5,71
btc-updown-15m-1775719800,1775719800,750,0.46,0.47,0.465,0.01,305,553,0.53,0.54,7
btc-updown-15m-1775719800,1775719800,765,0.55,0.56,0.555,0.01,186.44,220,0.44,0.45,9
btc-updown-15m-1775719800,1775719800,780,0.6,0.61,0.605,0.01,661.99,284.38,0.39,0.4,70
btc-updown-15m-1775719800,1775719800,795,0.59,0.6,0.595,0.01,490.05,158.84,0.4,0.41,60
btc-updown-15m-1775719800,1775719800,810,0.64,0.65,0.645,0.01,261.97,247.99,0.35,0.36,0
btc-updown-15m-1775719800,1775719800,825,0.64,0.65,0.645,0.01,43,139,0.35,0.36,65
btc-updown-15m-1775719800,1775719800,840,0.78,0.79,0.785,0.01,353.77,445.93,0.21,0.22,63
btc-updown-15m-1775719800,1775719800,845,0.75,0.76,0.755,0.01,220.6,28.68,0.24,0.25,68
btc-updown-15m-1775719800,1775719800,850,0.93,0.94,0.935,0.01,25,1350.18,0.06,0.07,3
btc-updown-15m-1775719800,1775719800,855,0.96,0.97,0.965,0.01,762.5,1700.43,0.03,0.04,0
btc-updown-15m-1775719800,1775719800,860,0.97,0.98,0.975,0.01,1901.3,1106.75,0.02,0.03,11
btc-updown-15m-1775719800,1775719800,865,0.99,,,,1209.02,0,,0.01,7
btc-updown-15m-1775719800,1775719800,870,0.96,0.97,0.965,0.01,154.64,662.29,0.03,0.04,13
btc-updown-15m-1775719800,1775719800,875,0.97,0.98,0.975,0.01,20.01,618.17,0.02,0.03,120
btc-updown-15m-1775719800,1775719800,880,0.98,0.99,0.985,0.01,1020.58,775.13,0.01,0.02,133
btc-updown-15m-1775719800,1775719800,885,0.98,0.99,0.985,0.01,1073.83,118.22,0.01,0.02,10
btc-updown-15m-1775719800,1775719800,890,0.99,,,,87.66,0,,0.01,32
btc-updown-15m-1775719800,1775719800,895,0.99,,,,334.33,0,,0.01,172
btc-updown-15m-1775719800,1775719800,897,0.99,,,,399.89,0,,0.01,80
btc-updown-15m-1775719800,1775719800,899,0.99,,,,8577.23,0,,0.01,15
btc-updown-15m-1775719800,1775719800,900,0.99,,,,50005.08,0,,0.01,1
btc-updown-15m-1775729700,1775729700,0,0.52,0.53,0.525,0.01,2171.59,572.29,0.47,0.48,20
btc-updown-15m-1775729700,1775729700,15,0.56,0.57,0.565,0.01,1239.06,1164.25,0.43,0.44,20
btc-updown-15m-1775729700,1775729700,30,0.63,0.64,0.635,0.01,746.5,1145.91,0.36,0.37,17
btc-updown-15m-1775729700,1775729700,45,0.52,0.53,0.525,0.01,613.7,1534.74,0.47,0.48,4
btc-updown-15m-1775729700,1775729700,60,0.54,0.55,0.545,0.01,1717.56,517.77,0.45,0.46,85
btc-updown-15m-1775729700,1775729700,75,0.51,0.52,0.515,0.01,575.43,1396.82,0.48,0.49,19
btc-updown-15m-1775729700,1775729700,90,0.55,0.56,0.555,0.01,904.03,276,0.44,0.45,81
btc-updown-15m-1775729700,1775729700,105,0.59,0.6,0.595,0.01,1480.63,1880.16,0.4,0.41,147
btc-updown-15m-1775729700,1775729700,120,0.53,0.54,0.535,0.01,657.97,1679.79,0.46,0.47,2
btc-updown-15m-1775729700,1775729700,135,0.68,0.69,0.685,0.01,1874.5,386.04,0.31,0.32,2
btc-updown-15m-1775729700,1775729700,150,0.67,0.68,0.675,0.01,1534.38,1827.2,0.32,0.33,1
btc-updown-15m-1775729700,1775729700,165,0.65,0.66,0.655,0.01,264.13,2024,0.34,0.35,32
btc-updown-15m-1775729700,1775729700,180,0.62,0.63,0.625,0.01,1736.57,180.24,0.37,0.38,88
btc-updown-15m-1775729700,1775729700,195,0.65,0.66,0.655,0.01,399.51,1368.99,0.34,0.35,51
btc-updown-15m-1775729700,1775729700,210,0.61,0.62,0.615,0.01,1516.36,551,0.38,0.39,26
btc-updown-15m-1775729700,1775729700,225,0.61,0.62,0.615,0.01,1885.11,164.75,0.38,0.39,1583
btc-updown-15m-1775729700,1775729700,240,0.61,0.62,0.615,0.01,1498.89,1790.66,0.38,0.39,44
btc-updown-15m-1775729700,1775729700,255,0.63,0.64,0.635,0.01,1963.14,618,0.36,0.37,84
btc-updown-15m-1775729700,1775729700,270,0.6,0.61,0.605,0.01,1598.69,385.06,0.39,0.4,20
btc-updown-15m-1775729700,1775729700,285,0.7,0.71,0.705,0.01,422,438.36,0.29,0.3,17
btc-updown-15m-1775729700,1775729700,300,0.66,0.67,0.665,0.01,479.5,529.02,0.33,0.34,110
btc-updown-15m-1775729700,1775729700,315,0.66,0.67,0.665,0.01,1366.14,846.84,0.33,0.34,6
btc-updown-15m-1775729700,1775729700,330,0.74,0.75,0.745,0.01,2040,84,0.25,0.26,215
btc-updown-15m-1775729700,1775729700,345,0.8,0.81,0.805,0.01,35,1538.52,0.19,0.2,723
btc-updown-15m-1775729700,1775729700,360,0.9,0.91,0.905,0.01,961.77,1726.06,0.09,0.1,644
btc-updown-15m-1775729700,1775729700,375,0.89,0.9,0.895,0.01,753.43,809.49,0.1,0.11,333
btc-updown-15m-1775729700,1775729700,390,0.88,0.89,0.885,0.01,1907.57,2545.21,0.11,0.12,141
btc-updown-15m-1775729700,1775729700,405,0.92,0.93,0.925,0.01,2064.5,3150.99,0.07,0.08,16
btc-updown-15m-1775729700,1775729700,420,0.9,0.91,0.905,0.01,1868.65,3156.26,0.09,0.1,34
btc-updown-15m-1775729700,1775729700,435,0.91,0.92,0.915,0.01,2118.33,2090.98,0.08,0.09,14
btc-updown-15m-1775729700,1775729700,450,0.93,0.94,0.935,0.01,7242.17,4512.91,0.06,0.07,73
btc-updown-15m-1775729700,1775729700,465,0.93,0.94,0.935,0.01,4447.8,4617.47,0.06,0.07,47
btc-updown-15m-1775729700,1775729700,480,0.93,0.94,0.935,0.01,3981.64,5702.49,0.06,0.07,35
btc-updown-15m-1775729700,1775729700,495,0.89,0.9,0.895,0.01,1921.26,1633.94,0.1,0.11,496
btc-updown-15m-1775729700,1775729700,510,0.93,0.94,0.935,0.01,1932.86,5913.75,0.06,0.07,13
btc-updown-15m-1775729700,1775729700,525,0.93,0.94,0.935,0.01,2452.89,4911.75,0.06,0.07,0
btc-updown-15m-1775729700,1775729700,540,0.9,0.91,0.905,0.01,1958.04,1896.8,0.09,0.1,702
btc-updown-15m-1775729700,1775729700,555,0.93,0.94,0.935,0.01,1926.5,4709.53,0.06,0.07,5
btc-updown-15m-1775729700,1775729700,570,0.93,0.94,0.935,0.01,1725,4462.72,0.06,0.07,3
btc-updown-15m-1775729700,1775729700,585,0.92,0.93,0.925,0.01,1978.85,4914.88,0.07,0.08,18
btc-updown-15m-1775729700,1775729700,600,0.93,0.94,0.935,0.01,1195.5,3212.78,0.06,0.07,500
btc-updown-15m-1775729700,1775729700,615,0.95,0.96,0.955,0.01,2534.56,10057.09,0.04,0.05,153
btc-updown-15m-1775729700,1775729700,630,0.95,0.96,0.955,0.01,2024.1,9484.33,0.04,0.05,25
btc-updown-15m-1775729700,1775729700,645,0.96,0.97,0.965,0.01,2435.26,19801.51,0.03,0.04,25
btc-updown-15m-1775729700,1775729700,660,0.96,0.97,0.965,0.01,2709.29,16335.13,0.03,0.04,181
btc-updown-15m-1775729700,1775729700,675,0.97,0.98,0.975,0.01,2703.04,15598.89,0.02,0.03,108
btc-updown-15m-1775729700,1775729700,690,0.96,0.97,0.965,0.01,2936.93,15380.32,0.03,0.04,24
btc-updown-15m-1775729700,1775729700,705,0.96,0.97,0.965,0.01,2577.23,15349.1,0.03,0.04,9
btc-updown-15m-1775729700,1775729700,720,0.95,0.97,0.96,0.02,2582.91,15347.47,0.03,0.05,34
btc-updown-15m-1775729700,1775729700,735,0.97,0.98,0.975,0.01,2812.08,15282.39,0.02,0.03,92
btc-updown-15m-1775729700,1775729700,750,0.979,0.98,0.9795,0.001,233,10944.36,0.02,0.021,1
btc-updown-15m-1775729700,1775729700,765,0.976,0.98,0.978,0.004,224,9781.76,0.02,0.024,93
btc-updown-15m-1775729700,1775729700,780,0.979,0.98,0.9795,0.001,212,9011.76,0.02,0.021,55
btc-updown-15m-1775729700,1775729700,795,0.979,0.98,0.9795,0.001,207,8112.7,0.02,0.021,84
btc-updown-15m-1775729700,1775729700,810,0.97,0.98,0.975,0.01,1572.63,19394.94,0.02,0.03,137
btc-updown-15m-1775729700,1775729700,825,0.97,0.98,0.975,0.01,1330.89,18433.87,0.02,0.03,3
btc-updown-15m-1775729700,1775729700,840,0.972,0.976,0.974,0.004,879.57,7008.65,0.024,0.028,13
btc-updown-15m-1775729700,1775729700,845,0.976,0.977,0.9765,0.001,1714.82,6985.08,0.023,0.024,3
btc-updown-15m-1775729700,1775729700,850,0.97,0.979,0.9745,0.009,195.06,18592.71,0.021,0.03,9
btc-updown-15m-1775729700,1775729700,855,0.968,0.97,0.969,0.002,205,218.67,0.03,0.032,9
btc-updown-15m-1775729700,1775729700,860,0.96,0.97,0.965,0.01,245,205,0.03,0.04,5
btc-updown-15m-1775729700,1775729700,865,0.969,0.97,0.9695,0.001,91,220,0.03,0.031,6
btc-updown-15m-1775729700,1775729700,870,0.972,0.973,0.9725,0.001,124.59,7193.65,0.027,0.028,20
btc-updown-15m-1775729700,1775729700,875,0.975,0.98,0.9775,0.005,75.46,10167.54,0.02,0.025,2
btc-updown-15m-1775729700,1775729700,880,0.979,0.98,0.9795,0.001,453.35,8939.89,0.02,0.021,51
btc-updown-15m-1775729700,1775729700,885,0.979,0.98,0.9795,0.001,456.22,6037.86,0.02,0.021,6
btc-updown-15m-1775729700,1775729700,890,0.979,0.98,0.9795,0.001,373.54,7959.93,0.02,0.021,2
btc-updown-15m-1775729700,1775729700,895,0.979,0.98,0.9795,0.001,373.54,7301.43,0.02,0.021,8
btc-updown-15m-1775729700,1775729700,897,0.979,0.98,0.9795,0.001,214.76,3663.77,0.02,0.021,16
btc-updown-15m-1775729700,1775729700,899,0.999,,,,6949.46,0,,0.001,8
btc-updown-15m-1775729700,1775729700,900,0.999,,,,37204.69,0,,0.001,4
btc-updown-15m-1775740500,1775740500,0,0.55,0.56,0.555,0.01,1001.62,1114.03,0.44,0.45,31
btc-updown-15m-1775740500,1775740500,15,0.56,0.57,0.565,0.01,1631.93,765.16,0.43,0.44,58
btc-updown-15m-1775740500,1775740500,30,0.52,0.53,0.525,0.01,2336.33,2348.1,0.47,0.48,7
btc-updown-15m-1775740500,1775740500,45,0.56,0.57,0.565,0.01,869.24,2828.72,0.43,0.44,128
btc-updown-15m-1775740500,1775740500,60,0.58,0.59,0.585,0.01,2542.84,1001.75,0.41,0.42,9
btc-updown-15m-1775740500,1775740500,75,0.55,0.56,0.555,0.01,523.7,943.5,0.44,0.45,1
btc-updown-15m-1775740500,1775740500,90,0.58,0.59,0.585,0.01,2353.53,801.44,0.41,0.42,0
btc-updown-15m-1775740500,1775740500,105,0.6,0.61,0.605,0.01,3444.71,552.73,0.39,0.4,5
btc-updown-15m-1775740500,1775740500,120,0.66,0.67,0.665,0.01,3089.13,343.03,0.33,0.34,12
btc-updown-15m-1775740500,1775740500,135,0.59,0.6,0.595,0.01,1173.55,1718.55,0.4,0.41,6
btc-updown-15m-1775740500,1775740500,150,0.56,0.57,0.565,0.01,1783.15,1256.7,0.43,0.44,1
btc-updown-15m-1775740500,1775740500,165,0.57,0.58,0.575,0.01,2208.43,644.43,0.42,0.43,33
btc-updown-15m-1775740500,1775740500,180,0.54,0.55,0.545,0.01,917.43,951.8,0.45,0.46,24
btc-updown-15m-1775740500,1775740500,195,0.67,0.68,0.675,0.01,2314.47,465.93,0.32,0.33,3
btc-updown-15m-1775740500,1775740500,210,0.62,0.63,0.625,0.01,1373.5,1970,0.37,0.38,1
btc-updown-15m-1775740500,1775740500,225,0.67,0.68,0.675,0.01,991.5,2361.29,0.32,0.33,4
btc-updown-15m-1775740500,1775740500,240,0.61,0.62,0.615,0.01,670,2214.35,0.38,0.39,0
btc-updown-15m-1775740500,1775740500,255,0.61,0.62,0.615,0.01,980.75,2204.29,0.38,0.39,45
btc-updown-15m-1775740500,1775740500,270,0.6,0.61,0.605,0.01,577.88,2320.86,0.39,0.4,1
btc-updown-15m-1775740500,1775740500,285,0.6,0.61,0.605,0.01,1878.84,1650.3,0.39,0.4,24
btc-updown-15m-1775740500,1775740500,300,0.56,0.57,0.565,0.01,418.07,592.36,0.43,0.44,9
btc-updown-15m-1775740500,1775740500,315,0.58,0.59,0.585,0.01,917.36,2048,0.41,0.42,17
btc-updown-15m-1775740500,1775740500,330,0.47,0.48,0.475,0.01,1034.97,2112.22,0.52,0.53,3
btc-updown-15m-1775740500,1775740500,345,0.47,0.48,0.475,0.01,2681.47,1835.51,0.52,0.53,2
btc-updown-15m-1775740500,1775740500,360,0.51,0.52,0.515,0.01,2452.77,116.5,0.48,0.49,0
btc-updown-15m-1775740500,1775740500,375,0.58,0.59,0.585,0.01,365.9,2545.12,0.41,0.42,82
btc-updown-15m-1775740500,1775740500,390,0.52,0.53,0.525,0.01,712.94,1041.5,0.47,0.48,0
btc-updown-15m-1775740500,1775740500,405,0.51,0.52,0.515,0.01,1934,2126.45,0.48,0.49,111
btc-updown-15m-1775740500,1775740500,420,0.55,0.57,0.56,0.02,2324.13,1880.8,0.43,0.45,18
btc-updown-15m-1775740500,1775740500,435,0.42,0.43,0.425,0.01,3973.79,2020.53,0.57,0.58,15
btc-updown-15m-1775740500,1775740500,450,0.34,0.35,0.345,0.01,1000.92,2991.19,0.65,0.66,13
btc-updown-15m-1775740500,1775740500,465,0.36,0.37,0.365,0.01,1994.05,2475.78,0.63,0.64,22
btc-updown-15m-1775740500,1775740500,480,0.25,0.26,0.255,0.01,1994.77,2183.65,0.74,0.75,20
btc-updown-15m-1775740500,1775740500,495,0.33,0.34,0.335,0.01,2512.1,400.43,0.66,0.67,2
btc-updown-15m-1775740500,1775740500,510,0.39,0.4,0.395,0.01,509.64,2518.6,0.6,0.61,4
btc-updown-15m-1775740500,1775740500,525,0.36,0.37,0.365,0.01,310.5,2390.44,0.63,0.64,13
btc-updown-15m-1775740500,1775740500,540,0.22,0.23,0.225,0.01,1896.5,974,0.77,0.78,0
btc-updown-15m-1775740500,1775740500,555,0.32,0.33,0.325,0.01,2614.53,827,0.67,0.68,15
btc-updown-15m-1775740500,1775740500,570,0.34,0.35,0.345,0.01,2028.6,1866.97,0.65,0.66,23
btc-updown-15m-1775740500,1775740500,585,0.44,0.45,0.445,0.01,2405.85,738.5,0.55,0.56,15
btc-updown-15m-1775740500,1775740500,600,0.5,0.5,0.5,0,102.8,212.51,0.5,0.5,9
btc-updown-15m-1775740500,1775740500,615,0.52,0.53,0.525,0.01,1573.64,897.79,0.47,0.48,29
btc-updown-15m-1775740500,1775740500,630,0.5,0.51,0.505,0.01,2481.11,510,0.49,0.5,1
btc-updown-15m-1775740500,1775740500,645,0.51,0.52,0.515,0.01,1162.51,1909.81,0.48,0.49,18
btc-updown-15m-1775740500,1775740500,660,0.65,0.66,0.655,0.01,1022.27,60.85,0.34,0.35,4
btc-updown-15m-1775740500,1775740500,675,0.65,0.66,0.655,0.01,1734.23,1389.41,0.34,0.35,2
btc-updown-15m-1775740500,1775740500,690,0.7,0.71,0.705,0.01,1341.08,595.76,0.29,0.3,20
btc-updown-15m-1775740500,1775740500,705,0.71,0.72,0.715,0.01,2489.04,361.26,0.28,0.29,2
btc-updown-15m-1775740500,1775740500,720,0.56,0.57,0.565,0.01,849.66,1978.72,0.43,0.44,80
btc-updown-15m-1775740500,1775740500,735,0.48,0.49,0.485,0.01,1804.65,2125.24,0.51,0.52,40
btc-updown-15m-1775740500,1775740500,750,0.43,0.44,0.435,0.01,1324.24,2434.25,0.56,0.57,7
btc-updown-15m-1775740500,1775740500,765,0.59,0.6,0.595,0.01,1727.21,2075,0.4,0.41,12
btc-updown-15m-1775740500,1775740500,780,0.51,0.52,0.515,0.01,2292.13,72.6,0.48,0.49,8
btc-updown-15m-1775740500,1775740500,795,0.83,0.84,0.835,0.01,2016.4,234.51,0.16,0.17,36
btc-updown-15m-1775740500,1775740500,810,0.81,0.82,0.815,0.01,761,1912.79,0.18,0.19,4
btc-updown-15m-1775740500,1775740500,825,0.84,0.85,0.845,0.01,1828.25,550.93,0.15,0.16,3
btc-updown-15m-1775740500,1775740500,840,0.87,0.88,0.875,0.01,2101.9,237.5,0.12,0.13,4
btc-updown-15m-1775740500,1775740500,845,0.88,0.89,0.885,0.01,1655.32,3298.81,0.11,0.12,3
btc-updown-15m-1775740500,1775740500,850,0.8,0.81,0.805,0.01,1797.36,684.09,0.19,0.2,9
btc-updown-15m-1775740500,1775740500,855,0.42,0.43,0.425,0.01,180.23,186.48,0.57,0.58,0
btc-updown-15m-1775740500,1775740500,860,0.44,0.45,0.445,0.01,346.27,190,0.55,0.56,3
btc-updown-15m-1775740500,1775740500,865,0.45,0.46,0.455,0.01,576,1416.89,0.54,0.55,5
btc-updown-15m-1775740500,1775740500,870,0.6,0.61,0.605,0.01,424.32,278.5,0.39,0.4,0
btc-updown-15m-1775740500,1775740500,875,0.65,0.66,0.655,0.01,136.32,208.5,0.34,0.35,5
btc-updown-15m-1775740500,1775740500,880,0.76,0.77,0.765,0.01,165.5,1305.55,0.23,0.24,22
btc-updown-15m-1775740500,1775740500,885,0.67,0.68,0.675,0.01,160.26,1280.5,0.32,0.33,0
btc-updown-15m-1775740500,1775740500,890,0.03,0.04,0.035,0.01,2505.1,570.26,0.96,0.97,6
btc-updown-15m-1775740500,1775740500,895,0.01,0.04,0.025,0.03,1382.33,175.34,0.96,0.99,17
btc-updown-15m-1775740500,1775740500,897,0.07,0.08,0.075,0.01,243.88,149.99,0.92,0.93,2
btc-updown-15m-1775740500,1775740500,899,,0.01,,,0,199.04,0.99,,14
btc-updown-15m-1775740500,1775740500,900,,0.01,,,0,14527.4,0.99,,2
btc-updown-15m-1775750400,1775750400,0,0.45,0.46,0.455,0.01,1015.04,1203.49,0.54,0.55,132
btc-updown-15m-1775750400,1775750400,15,0.57,0.58,0.575,0.01,3460.15,1045.86,0.42,0.43,119
btc-updown-15m-1775750400,1775750400,30,0.63,0.64,0.635,0.01,4079.58,954.92,0.36,0.37,2
btc-updown-15m-1775750400,1775750400,45,0.63,0.64,0.635,0.01,4689.57,717.81,0.36,0.37,5
btc-updown-15m-1775750400,1775750400,60,0.73,0.74,0.735,0.01,3484,4227.09,0.26,0.27,8
btc-updown-15m-1775750400,1775750400,75,0.65,0.66,0.655,0.01,3599.04,6439.38,0.34,0.35,197
btc-updown-15m-1775750400,1775750400,90,0.63,0.64,0.635,0.01,4112.64,3839.67,0.36,0.37,132
btc-updown-15m-1775750400,1775750400,105,0.62,0.63,0.625,0.01,4088.5,593.8,0.37,0.38,228
btc-updown-15m-1775750400,1775750400,120,0.63,0.64,0.635,0.01,4034.8,4264.55,0.36,0.37,152
btc-updown-15m-1775750400,1775750400,135,0.7,0.71,0.705,0.01,5785.47,2826.19,0.29,0.3,0
btc-updown-15m-1775750400,1775750400,150,0.73,0.74,0.735,0.01,3461.29,3698.43,0.26,0.27,0
btc-updown-15m-1775750400,1775750400,165,0.66,0.67,0.665,0.01,1256.85,2005.68,0.33,0.34,482
btc-updown-15m-1775750400,1775750400,180,0.72,0.73,0.725,0.01,1218.76,4891.69,0.27,0.28,25
btc-updown-15m-1775750400,1775750400,195,0.74,0.75,0.745,0.01,990.57,5266.23,0.25,0.26,73
btc-updown-15m-1775750400,1775750400,210,0.79,0.8,0.795,0.01,4483.73,6125.51,0.2,0.21,19
btc-updown-15m-1775750400,1775750400,225,0.79,0.8,0.795,0.01,1401.77,7046.46,0.2,0.21,133
btc-updown-15m-1775750400,1775750400,240,0.76,0.77,0.765,0.01,1242.69,4954.85,0.23,0.24,21
btc-updown-15m-1775750400,1775750400,255,0.77,0.78,0.775,0.01,1618.39,4359.72,0.22,0.23,31
btc-updown-15m-1775750400,1775750400,270,0.71,0.72,0.715,0.01,4779.74,3396.6,0.28,0.29,17
btc-updown-15m-1775750400,1775750400,285,0.72,0.73,0.725,0.01,3556.55,3958,0.27,0.28,7
btc-updown-15m-1775750400,1775750400,300,0.73,0.74,0.735,0.01,2189.76,218.57,0.26,0.27,0
btc-updown-15m-1775750400,1775750400,315,0.75,0.76,0.755,0.01,168.78,5344.34,0.24,0.25,52
btc-updown-15m-1775750400,1775750400,330,0.71,0.72,0.715,0.01,4455.09,832.42,0.28,0.29,163
btc-updown-15m-1775750400,1775750400,345,0.69,0.7,0.695,0.01,3747.58,4046.24,0.3,0.31,218
btc-updown-15m-1775750400,1775750400,360,0.65,0.66,0.655,0.01,3783.56,3897.19,0.34,0.35,7
btc-updown-15m-1775750400,1775750400,375,0.58,0.59,0.585,0.01,3298.06,4321.22,0.41,0.42,592
btc-updown-15m-1775750400,1775750400,390,0.66,0.67,0.665,0.01,3564,1648.36,0.33,0.34,36
btc-updown-15m-1775750400,1775750400,405,0.61,0.63,0.62,0.02,3925.4,2037.77,0.37,0.39,4
btc-updown-15m-1775750400,1775750400,420,0.6,0.61,0.605,0.01,3369.5,1391.59,0.39,0.4,309
btc-updown-15m-1775750400,1775750400,435,0.59,0.6,0.595,0.01,3460.29,1534.45,0.4,0.41,58
btc-updown-15m-1775750400,1775750400,450,0.62,0.63,0.625,0.01,3748.26,1016.96,0.37,0.38,21
btc-updown-15m-1775750400,1775750400,465,0.7,0.73,0.715,0.03,4535,2500.31,0.27,0.3,82
btc-updown-15m-1775750400,1775750400,480,0.71,0.72,0.715,0.01,3550.58,1583.19,0.28,0.29,24
btc-updown-15m-1775750400,1775750400,495,0.38,0.39,0.385,0.01,1455.77,1042.92,0.61,0.62,2
btc-updown-15m-1775750400,1775750400,510,0.48,0.49,0.485,0.01,952,966.14,0.51,0.52,272
btc-updown-15m-1775750400,1775750400,525,0.5,0.51,0.505,0.01,1642.79,1045,0.49,0.5,659
btc-updown-15m-1775750400,1775750400,540,0.48,0.49,0.485,0.01,4356.4,472.49,0.51,0.52,4
btc-updown-15m-1775750400,1775750400,555,0.5,0.51,0.505,0.01,1630.04,3792.08,0.49,0.5,315
btc-updown-15m-1775750400,1775750400,570,0.5,0.51,0.505,0.01,4301.25,3514,0.49,0.5,348
btc-updown-15m-1775750400,1775750400,585,0.51,0.52,0.515,0.01,3956.66,1312.24,0.48,0.49,5
btc-updown-15m-1775750400,1775750400,600,0.42,0.43,0.425,0.01,395.02,1548.53,0.57,0.58,189
btc-updown-15m-1775750400,1775750400,615,0.46,0.47,0.465,0.01,167.36,4121.27,0.53,0.54,8
btc-updown-15m-1775750400,1775750400,630,0.43,0.44,0.435,0.01,3386.82,3555.72,0.56,0.57,280
btc-updown-15m-1775750400,1775750400,645,0.46,0.47,0.465,0.01,195.37,1395.92,0.53,0.54,9
btc-updown-15m-1775750400,1775750400,660,0.46,0.47,0.465,0.01,677.22,3800,0.53,0.54,25
btc-updown-15m-1775750400,1775750400,675,0.51,0.52,0.515,0.01,996.16,3613.88,0.48,0.49,3
btc-updown-15m-1775750400,1775750400,690,0.44,0.45,0.445,0.01,872,3351.39,0.55,0.56,6
btc-updown-15m-1775750400,1775750400,705,0.65,0.66,0.655,0.01,3211.42,3406.21,0.34,0.35,119
btc-updown-15m-1775750400,1775750400,720,0.68,0.69,0.685,0.01,3468.96,238,0.31,0.32,5
btc-updown-15m-1775750400,1775750400,735,0.75,0.76,0.755,0.01,1411.17,661.48,0.24,0.25,31
btc-updown-15m-1775750400,1775750400,750,0.81,0.82,0.815,0.01,1433.76,349,0.18,0.19,18
btc-updown-15m-1775750400,1775750400,765,0.93,0.94,0.935,0.01,1435.9,1739.53,0.06,0.07,17
btc-updown-15m-1775750400,1775750400,780,0.88,0.89,0.885,0.01,1323.07,1256.07,0.11,0.12,54
btc-updown-15m-1775750400,1775750400,795,0.95,0.96,0.955,0.01,1432.97,1909.86,0.04,0.05,58
btc-updown-15m-1775750400,1775750400,810,0.94,0.95,0.945,0.01,2062.28,1693.37,0.05,0.06,159
btc-updown-15m-1775750400,1775750400,825,0.92,0.93,0.925,0.01,2076.94,1111.91,0.07,0.08,16
btc-updown-15m-1775750400,1775750400,840,0.96,0.97,0.965,0.01,1988.08,7299.19,0.03,0.04,0
btc-updown-15m-1775750400,1775750400,845,0.97,0.98,0.975,0.01,1595.7,6519.15,0.02,0.03,56
btc-updown-15m-1775750400,1775750400,850,0.97,0.98,0.975,0.01,554.83,6127.5,0.02,0.03,54
btc-updown-15m-1775750400,1775750400,855,0.89,0.9,0.895,0.01,1134.89,788,0.1,0.11,66
btc-updown-15m-1775750400,1775750400,860,0.77,0.78,0.775,0.01,1173.9,131.5,0.22,0.23,82
btc-updown-15m-1775750400,1775750400,865,0.7,0.71,0.705,0.01,3256.5,479.76,0.29,0.3,80
btc-updown-15m-1775750400,1775750400,870,0.72,0.73,0.725,0.01,2032.04,85,0.27,0.28,2
btc-updown-15m-1775750400,1775750400,875,0.81,0.82,0.815,0.01,927.97,46.97,0.18,0.19,2
btc-updown-15m-1775750400,1775750400,880,0.86,0.88,0.87,0.02,369.57,404.5,0.12,0.14,7
btc-updown-15m-1775750400,1775750400,885,0.91,0.92,0.915,0.01,418.39,583.08,0.08,0.09,18
btc-updown-15m-1775750400,1775750400,890,0.96,0.97,0.965,0.01,563.76,5350.45,0.03,0.04,8
btc-updown-15m-1775750400,1775750400,895,0.98,0.99,0.985,0.01,255.64,1983.5,0.01,0.02,21
btc-updown-15m-1775750400,1775750400,897,0.98,0.99,0.985,0.01,153.3,1634.68,0.01,0.02,15
btc-updown-15m-1775750400,1775750400,899,0.99,,,,10674.75,0,,0.01,137
btc-updown-15m-1775750400,1775750400,900,0.99,,,,57578.79,0,,0.01,16
btc-updown-15m-1775761200,1775761200,0,0.52,0.53,0.525,0.01,990.39,829.85,0.47,0.48,238
btc-updown-15m-1775761200,1775761200,15,0.43,0.44,0.435,0.01,965.17,1819.45,0.56,0.57,2
btc-updown-15m-1775761200,1775761200,30,0.44,0.45,0.445,0.01,2122.67,1635.72,0.55,0.56,39
btc-updown-15m-1775761200,1775761200,45,0.4,0.41,0.405,0.01,2206.96,838.56,0.59,0.6,3
btc-updown-15m-1775761200,1775761200,60,0.4,0.41,0.405,0.01,2474.11,387.24,0.59,0.6,0
btc-updown-15m-1775761200,1775761200,75,0.41,0.42,0.415,0.01,2270.38,762.73,0.58,0.59,81
btc-updown-15m-1775761200,1775761200,90,0.45,0.46,0.455,0.01,635.68,1998.06,0.54,0.55,22
btc-updown-15m-1775761200,1775761200,105,0.56,0.59,0.575,0.03,2771.89,400.1,0.41,0.44,1
btc-updown-15m-1775761200,1775761200,120,0.56,0.57,0.565,0.01,367.33,1824.3,0.43,0.44,0
btc-updown-15m-1775761200,1775761200,135,0.6,0.61,0.605,0.01,1690.21,424.6,0.39,0.4,45
btc-updown-15m-1775761200,1775761200,150,0.55,0.56,0.555,0.01,568.61,2247.35,0.44,0.45,30
btc-updown-15m-1775761200,1775761200,165,0.64,0.65,0.645,0.01,2292.49,665.89,0.35,0.36,0
btc-updown-15m-1775761200,1775761200,180,0.66,0.67,0.665,0.01,877.02,1591.02,0.33,0.34,6
btc-updown-15m-1775761200,1775761200,195,0.6,0.61,0.605,0.01,1100.27,735.34,0.39,0.4,79
btc-updown-15m-1775761200,1775761200,210,0.56,0.57,0.565,0.01,848.15,1487.38,0.43,0.44,393
btc-updown-15m-1775761200,1775761200,225,0.55,0.56,0.555,0.01,740.58,2264.32,0.44,0.45,16
btc-updown-15m-1775761200,1775761200,240,0.63,0.64,0.635,0.01,938.94,1825.04,0.36,0.37,88
btc-updown-15m-1775761200,1775761200,255,0.54,0.55,0.545,0.01,1431,1374.48,0.45,0.46,4
btc-updown-15m-1775761200,1775761200,270,0.57,0.58,0.575,0.01,1784.05,1581.95,0.42,0.43,11
btc-updown-15m-1775761200,1775761200,285,0.59,0.6,0.595,0.01,789.07,1778.33,0.4,0.41,63
btc-updown-15m-1775761200,1775761200,300,0.6,0.61,0.605,0.01,614.87,707.27,0.39,0.4,6
btc-updown-15m-1775761200,1775761200,315,0.66,0.67,0.665,0.01,451.31,2211.02,0.33,0.34,35
btc-updown-15m-1775761200,1775761200,330,0.6,0.61,0.605,0.01,361,576.87,0.39,0.4,2
btc-updown-15m-1775761200,1775761200,345,0.57,0.58,0.575,0.01,481.7,1996.86,0.42,0.43,51
btc-updown-15m-1775761200,1775761200,360,0.55,0.56,0.555,0.01,751.01,685.64,0.44,0.45,13
btc-updown-15m-1775761200,1775761200,375,0.58,0.59,0.585,0.01,1553.13,1618.45,0.41,0.42,8
btc-updown-15m-1775761200,1775761200,390,0.63,0.64,0.635,0.01,1683.83,669.28,0.36,0.37,5
btc-updown-15m-1775761200,1775761200,405,0.57,0.58,0.575,0.01,1212.57,2526.5,0.42,0.43,12
btc-updown-15m-1775761200,1775761200,420,0.64,0.65,0.645,0.01,2360.63,312.92,0.35,0.36,46
btc-updown-15m-1775761200,1775761200,435,0.69,0.7,0.695,0.01,1739.31,461.22,0.3,0.31,549
btc-updown-15m-1775761200,1775761200,450,0.81,0.82,0.815,0.01,1516.22,2008.62,0.18,0.19,11
btc-updown-15m-1775761200,1775761200,465,0.8,0.81,0.805,0.01,409.56,840.75,0.19,0.2,4
btc-updown-15m-1775761200,1775761200,480,0.81,0.82,0.815,0.01,1128.04,2295.76,0.18,0.19,9
btc-updown-15m-1775761200,1775761200,495,0.86,0.87,0.865,0.01,2349,1359.38,0.13,0.14,0
btc-updown-15m-1775761200,1775761200,510,0.9,0.91,0.905,0.01,1823.16,1520.51,0.09,0.1,22
btc-updown-15m-1775761200,1775761200,525,0.93,0.94,0.935,0.01,2481,2964.9,0.06,0.07,11
btc-updown-15m-1775761200,1775761200,540,0.91,0.92,0.915,0.01,3061.01,980.78,0.08,0.09,3
btc-updown-15m-1775761200,1775761200,555,0.95,0.96,0.955,0.01,1794.32,4057.14,0.04,0.05,222
btc-updown-15m-1775761200,1775761200,570,0.96,0.97,0.965,0.01,2059.94,13310.18,0.03,0.04,0
btc-updown-15m-1775761200,1775761200,585,0.97,0.98,0.975,0.01,2329.42,12944.97,0.02,0.03,46
btc-updown-15m-1775761200,1775761200,600,0.97,0.98,0.975,0.01,709.01,13319.75,0.02,0.03,66
btc-updown-15m-1775761200,1775761200,615,0.97,0.98,0.975,0.01,1891.34,9374.44,0.02,0.03,1
btc-updown-15m-1775761200,1775761200,630,0.97,0.98,0.975,0.01,2374.72,9115.54,0.02,0.03,94
btc-updown-15m-1775761200,1775761200,645,0.97,0.98,0.975,0.01,3500.39,8815.7,0.02,0.03,4
btc-updown-15m-1775761200,1775761200,660,0.99,,,,5647.76,0,,0.01,175
btc-updown-15m-1775761200,1775761200,675,0.99,,,,5571.58,0,,0.01,9
btc-updown-15m-1775761200,1775761200,690,0.98,0.99,0.985,0.01,2522.41,569.92,0.01,0.02,67
btc-updown-15m-1775761200,1775761200,705,0.98,0.99,0.985,0.01,2785.6,544.17,0.01,0.02,9
btc-updown-15m-1775761200,1775761200,720,0.99,0.998,0.994,0.008,131.4,13577.33,0.002,0.01,58
btc-updown-15m-1775761200,1775761200,735,0.991,0.995,0.993,0.004,3847.44,372,0.005,0.009,579
btc-updown-15m-1775761200,1775761200,750,0.996,0.997,0.9965,0.001,3867.34,13600.65,0.003,0.004,1
btc-updown-15m-1775761200,1775761200,765,0.97,0.971,0.9705,0.001,619.64,355.39,0.029,0.03,17
btc-updown-15m-1775761200,1775761200,780,0.989,0.99,0.9895,0.001,371.12,3263.6,0.01,0.011,20
btc-updown-15m-1775761200,1775761200,795,0.99,0.997,0.9935,0.007,440,13739.28,0.003,0.01,12
btc-updown-15m-1775761200,1775761200,810,0.996,0.997,0.9965,0.001,4099.28,14214.75,0.003,0.004,69
btc-updown-15m-1775761200,1775761200,825,0.996,0.999,0.9975,0.003,4248.47,3759.08,0.001,0.004,392
btc-updown-15m-1775761200,1775761200,840,0.992,0.999,0.9955,0.007,4919.45,1029.25,0.001,0.008,56
btc-updown-15m-1775761200,1775761200,845,0.999,,,,3086.57,0,,0.001,83
btc-updown-15m-1775761200,1775761200,850,0.999,,,,3131.57,0,,0.001,282
btc-updown-15m-1775761200,1775761200,855,0.999,,,,2161.57,0,,0.001,9
btc-updown-15m-1775761200,1775761200,860,0.999,,,,26549.67,0,,0.001,18
btc-updown-15m-1775761200,1775761200,865,0.999,,,,26546.34,0,,0.001,4
btc-updown-15m-1775761200,1775761200,870,0.999,,,,14099.27,0,,0.001,109
btc-updown-15m-1775761200,1775761200,875,0.999,,,,29481.71,0,,0.001,62
btc-updown-15m-1775761200,1775761200,880,0.999,,,,29486.72,0,,0.001,282
btc-updown-15m-1775761200,1775761200,885,0.999,,,,29476.03,0,,0.001,26
btc-updown-15m-1775761200,1775761200,890,0.999,,,,29473.73,0,,0.001,131
btc-updown-15m-1775761200,1775761200,895,0.999,,,,33998.73,0,,0.001,82
btc-updown-15m-1775761200,1775761200,897,0.999,,,,33827.81,0,,0.001,69
btc-updown-15m-1775761200,1775761200,899,0.999,,,,35129.07,0,,0.001,61
btc-updown-15m-1775761200,1775761200,900,0.999,,,,70224.87,0,,0.001,10
btc-updown-15m-1775772000,1775772000,0,0.5,0.51,0.505,0.01,587.33,140.31,0.49,0.5,207
btc-updown-15m-1775772000,1775772000,15,0.64,0.65,0.645,0.01,170.35,800.5,0.35,0.36,49
btc-updown-15m-1775772000,1775772000,30,0.57,0.58,0.575,0.01,1591.17,728.33,0.42,0.43,5
btc-updown-15m-1775772000,1775772000,45,0.58,0.59,0.585,0.01,1522.64,1075.52,0.41,0.42,57
btc-updown-15m-1775772000,1775772000,60,0.6,0.61,0.605,0.01,2199.69,631.22,0.39,0.4,12
btc-updown-15m-1775772000,1775772000,75,0.7,0.71,0.705,0.01,1460.2,1843.65,0.29,0.3,29
btc-updown-15m-1775772000,1775772000,90,0.7,0.71,0.705,0.01,2095.33,772.52,0.29,0.3,33
btc-updown-15m-1775772000,1775772000,105,0.7,0.71,0.705,0.01,1124.47,705.32,0.29,0.3,47
btc-updown-15m-1775772000,1775772000,120,0.52,0.53,0.525,0.01,2215.31,397.96,0.47,0.48,6
btc-updown-15m-1775772000,1775772000,135,0.48,0.5,0.49,0.02,1431.16,459.54,0.5,0.52,0
btc-updown-15m-1775772000,1775772000,150,0.47,0.48,0.475,0.01,315.39,404.21,0.52,0.53,30
btc-updown-15m-1775772000,1775772000,165,0.38,0.39,0.385,0.01,317.73,247.34,0.61,0.62,1
btc-updown-15m-1775772000,1775772000,180,0.46,0.47,0.465,0.01,115.8,219.14,0.53,0.54,0
btc-updown-15m-1775772000,1775772000,195,0.57,0.58,0.575,0.01,688.96,157.14,0.42,0.43,2
btc-updown-15m-1775772000,1775772000,210,0.72,0.73,0.725,0.01,559.03,719.59,0.27,0.28,3
btc-updown-15m-1775772000,1775772000,225,0.73,0.74,0.735,0.01,700.43,481.73,0.26,0.27,17
btc-updown-15m-1775772000,1775772000,240,0.71,0.72,0.715,0.01,517.69,240.29,0.28,0.29,2
btc-updown-15m-1775772000,1775772000,255,0.74,0.75,0.745,0.01,339.5,133.14,0.25,0.26,1
btc-updown-15m-1775772000,1775772000,270,0.75,0.76,0.755,0.01,266.56,537.5,0.24,0.25,3
btc-updown-15m-1775772000,1775772000,285,0.74,0.75,0.745,0.01,344.1,438.72,0.25,0.26,12
btc-updown-15m-1775772000,1775772000,300,0.7,0.71,0.705,0.01,327.28,306.38,0.29,0.3,67
btc-updown-15m-1775772000,1775772000,315,0.67,0.68,0.675,0.01,257.69,663.65,0.32,0.33,1
btc-updown-15m-1775772000,1775772000,330,0.59,0.6,0.595,0.01,410.86,549.87,0.4,0.41,9
btc-updown-15m-1775772000,1775772000,345,0.58,0.59,0.585,0.01,307.48,425.1,0.41,0.42,7
btc-updown-15m-1775772000,1775772000,360,0.52,0.53,0.525,0.01,169.04,1025.32,0.47,0.48,1334
btc-updown-15m-1775772000,1775772000,375,0.65,0.66,0.655,0.01,319.82,302.5,0.34,0.35,37
btc-updown-15m-1775772000,1775772000,390,0.67,0.68,0.675,0.01,588.94,166.63,0.32,0.33,16
btc-updown-15m-1775772000,1775772000,405,0.68,0.69,0.685,0.01,404.09,200.93,0.31,0.32,71
btc-updown-15m-1775772000,1775772000,420,0.7,0.71,0.705,0.01,204.01,434.92,0.29,0.3,6
btc-updown-15m-1775772000,1775772000,435,0.66,0.67,0.665,0.01,234.7,590.32,0.33,0.34,55
btc-updown-15m-1775772000,1775772000,450,0.59,0.6,0.595,0.01,221.6,467.78,0.4,0.41,195
btc-updown-15m-1775772000,1775772000,465,0.66,0.67,0.665,0.01,403,359.12,0.33,0.34,279
btc-updown-15m-1775772000,1775772000,480,0.67,0.68,0.675,0.01,310.5,269.55,0.32,0.33,25
btc-updown-15m-1775772000,1775772000,495,0.76,0.77,0.765,0.01,726.96,660.5,0.23,0.24,25
btc-updown-15m-1775772000,1775772000,510,0.76,0.77,0.765,0.01,455.74,852.49,0.23,0.24,103
btc-updown-15m-1775772000,1775772000,525,0.75,0.76,0.755,0.01,305.3,1694.14,0.24,0.25,563
btc-updown-15m-1775772000,1775772000,540,0.7,0.71,0.705,0.01,422.68,1516.39,0.29,0.3,50
btc-updown-15m-1775772000,1775772000,555,0.77,0.78,0.775,0.01,465.84,722.99,0.22,0.23,10
btc-updown-15m-1775772000,1775772000,570,0.79,0.8,0.795,0.01,793.16,582.16,0.2,0.21,14
btc-updown-15m-1775772000,1775772000,585,0.81,0.82,0.815,0.01,742.67,465.96,0.18,0.19,280
btc-updown-15m-1775772000,1775772000,600,0.86,0.87,0.865,0.01,714.1,914.22,0.13,0.14,21
btc-updown-15m-1775772000,1775772000,615,0.84,0.85,0.845,0.01,719.55,209.42,0.15,0.16,5
btc-updown-15m-1775772000,1775772000,630,0.86,0.87,0.865,0.01,518.65,552.44,0.13,0.14,24
btc-updown-15m-1775772000,1775772000,645,0.89,0.9,0.895,0.01,553.08,1338.93,0.1,0.11,26
btc-updown-15m-1775772000,1775772000,660,0.91,0.92,0.915,0.01,584.14,2378.96,0.08,0.09,17
btc-updown-15m-1775772000,1775772000,675,0.95,0.96,0.955,0.01,710.51,3322.23,0.04,0.05,237
btc-updown-15m-1775772000,1775772000,690,0.97,0.98,0.975,0.01,1676.66,2914.37,0.02,0.03,230
btc-updown-15m-1775772000,1775772000,705,0.97,0.98,0.975,0.01,2202.12,2850.68,0.02,0.03,20
btc-updown-15m-1775772000,1775772000,720,0.99,,,,4994.07,0,,0.01,63
btc-updown-15m-1775772000,1775772000,735,0.99,,,,6881.19,0,,0.01,286
btc-updown-15m-1775772000,1775772000,750,0.99,,,,3756.02,0,,0.01,148
btc-updown-15m-1775772000,1775772000,765,0.99,,,,5369.28,0,,0.01,266
btc-updown-15m-1775772000,1775772000,780,0.99,,,,6354.41,0,,0.01,35
btc-updown-15m-1775772000,1775772000,795,0.99,,,,9417.83,0,,0.01,169
btc-updown-15m-1775772000,1775772000,810,0.99,,,,8769.25,0,,0.01,125
btc-updown-15m-1775772000,1775772000,825,0.99,,,,32511.3,0,,0.01,119
btc-updown-15m-1775772000,1775772000,840,0.99,,,,31421.04,0,,0.01,26
btc-updown-15m-1775772000,1775772000,845,0.99,,,,34218.02,0,,0.01,22
btc-updown-15m-1775772000,1775772000,850,0.998,0.999,0.9985,0.001,206.42,559.47,0.001,0.002,16
btc-updown-15m-1775772000,1775772000,855,0.999,,,,3251.34,0,,0.001,27
btc-updown-15m-1775772000,1775772000,860,0.999,,,,14016.2,0,,0.001,127
btc-updown-15m-1775772000,1775772000,865,0.999,,,,15165.28,0,,0.001,192
btc-updown-15m-1775772000,1775772000,870,0.999,,,,15165.28,0,,0.001,5
btc-updown-15m-1775772000,1775772000,875,0.999,,,,15190.28,0,,0.001,17
btc-updown-15m-1775772000,1775772000,880,0.999,,,,15190.28,0,,0.001,352
btc-updown-15m-1775772000,1775772000,885,0.999,,,,15164.55,0,,0.001,126
btc-updown-15m-1775772000,1775772000,890,0.999,,,,17585.25,0,,0.001,174
btc-updown-15m-1775772000,1775772000,895,0.999,,,,19515.26,0,,0.001,152
btc-updown-15m-1775772000,1775772000,897,0.999,,,,19510.26,0,,0.001,127
btc-updown-15m-1775772000,1775772000,899,0.999,,,,20811.52,0,,0.001,0
btc-updown-15m-1775772000,1775772000,900,0.999,,,,25723.93,0,,0.001,74
btc-updown-15m-1775781900,1775781900,0,0.58,0.65,0.615,0.07,462.71,870.45,0.35,0.42,624
btc-updown-15m-1775781900,1775781900,15,0.41,0.42,0.415,0.01,263.59,2408.43,0.58,0.59,8
btc-updown-15m-1775781900,1775781900,30,0.4,0.41,0.405,0.01,672.55,2237,0.59,0.6,4
btc-updown-15m-1775781900,1775781900,45,0.4,0.41,0.405,0.01,1552.91,1594.02,0.59,0.6,10
btc-updown-15m-1775781900,1775781900,60,0.43,0.44,0.435,0.01,555.52,1343.17,0.56,0.57,276
btc-updown-15m-1775781900,1775781900,75,0.41,0.42,0.415,0.01,1390.83,1370.06,0.58,0.59,731
btc-updown-15m-1775781900,1775781900,90,0.41,0.42,0.415,0.01,1764.76,621.08,0.58,0.59,71
btc-updown-15m-1775781900,1775781900,105,0.42,0.43,0.425,0.01,1449.82,1830.77,0.57,0.58,498
btc-updown-15m-1775781900,1775781900,120,0.45,0.46,0.455,0.01,1731.19,360.1,0.54,0.55,312
btc-updown-15m-1775781900,1775781900,135,0.49,0.5,0.495,0.01,458.67,1173.38,0.5,0.51,0
btc-updown-15m-1775781900,1775781900,150,0.51,0.52,0.515,0.01,2235.94,546,0.48,0.49,57
btc-updown-15m-1775781900,1775781900,165,0.57,0.58,0.575,0.01,1866.33,1343.54,0.42,0.43,307
btc-updown-15m-1775781900,1775781900,180,0.57,0.58,0.575,0.01,1863.38,175.9,0.42,0.43,25
btc-updown-15m-1775781900,1775781900,195,0.53,0.54,0.535,0.01,764.04,1621.56,0.46,0.47,61
btc-updown-15m-1775781900,1775781900,210,0.57,0.58,0.575,0.01,2190.92,225.93,0.42,0.43,23
btc-updown-15m-1775781900,1775781900,225,0.63,0.64,0.635,0.01,2666.82,371.21,0.36,0.37,32
btc-updown-15m-1775781900,1775781900,240,0.64,0.65,0.645,0.01,2283.2,374.6,0.35,0.36,72
btc-updown-15m-1775781900,1775781900,255,0.63,0.64,0.635,0.01,2198.85,1434.54,0.36,0.37,129
btc-updown-15m-1775781900,1775781900,270,0.71,0.72,0.715,0.01,1209.54,976.46,0.28,0.29,4
btc-updown-15m-1775781900,1775781900,285,0.62,0.63,0.625,0.01,1612.57,527.6,0.37,0.38,37
btc-updown-15m-1775781900,1775781900,300,0.54,0.55,0.545,0.01,399,727.88,0.45,0.46,232
btc-updown-15m-1775781900,1775781900,315,0.6,0.61,0.605,0.01,1309.53,680.15,0.39,0.4,49
btc-updown-15m-1775781900,1775781900,330,0.6,0.61,0.605,0.01,1525.96,324.6,0.39,0.4,11
btc-updown-15m-1775781900,1775781900,345,0.67,0.68,0.675,0.01,526.22,1603.79,0.32,0.33,581
btc-updown-15m-1775781900,1775781900,360,0.68,0.69,0.685,0.01,1628.55,1437.61,0.31,0.32,31
btc-updown-15m-1775781900,1775781900,375,0.58,0.59,0.585,0.01,615.51,1688.4,0.41,0.42,4
btc-updown-15m-1775781900,1775781900,390,0.56,0.57,0.565,0.01,1616.76,1096,0.43,0.44,162
btc-updown-15m-1775781900,1775781900,405,0.67,0.68,0.675,0.01,2009.76,216.22,0.32,0.33,28
btc-updown-15m-1775781900,1775781900,420,0.75,0.76,0.755,0.01,1688.79,1843.09,0.24,0.25,8
btc-updown-15m-1775781900,1775781900,435,0.81,0.82,0.815,0.01,2336.09,888.98,0.18,0.19,28
btc-updown-15m-1775781900,1775781900,450,0.81,0.82,0.815,0.01,541.57,1483.46,0.18,0.19,10
btc-updown-15m-1775781900,1775781900,465,0.77,0.78,0.775,0.01,1896.91,790.32,0.22,0.23,3
btc-updown-15m-1775781900,1775781900,480,0.81,0.82,0.815,0.01,1779.18,1501.1,0.18,0.19,61
btc-updown-15m-1775781900,1775781900,495,0.76,0.77,0.765,0.01,516.58,91,0.23,0.24,6
btc-updown-15m-1775781900,1775781900,510,0.73,0.74,0.735,0.01,292,1690.73,0.26,0.27,12
btc-updown-15m-1775781900,1775781900,525,0.67,0.68,0.675,0.01,646.21,1322.75,0.32,0.33,1
btc-updown-15m-1775781900,1775781900,540,0.71,0.72,0.715,0.01,1935.8,203.37,0.28,0.29,7
btc-updown-15m-1775781900,1775781900,555,0.67,0.68,0.675,0.01,1672.21,854.39,0.32,0.33,83
btc-updown-15m-1775781900,1775781900,570,0.62,0.63,0.625,0.01,187.95,1561.32,0.37,0.38,86
btc-updown-15m-1775781900,1775781900,585,0.54,0.55,0.545,0.01,683.86,1463.07,0.45,0.46,69
btc-updown-15m-1775781900,1775781900,600,0.72,0.73,0.725,0.01,444.93,469.71,0.27,0.28,5
btc-updown-15m-1775781900,1775781900,615,0.64,0.65,0.645,0.01,930.5,1565,0.35,0.36,10
btc-updown-15m-1775781900,1775781900,630,0.64,0.65,0.645,0.01,400.04,1456.42,0.35,0.36,51
btc-updown-15m-1775781900,1775781900,645,0.74,0.75,0.745,0.01,473.56,1941.72,0.25,0.26,61
btc-updown-15m-1775781900,1775781900,660,0.68,0.69,0.685,0.01,496.17,586.45,0.31,0.32,5
btc-updown-15m-1775781900,1775781900,675,0.79,0.8,0.795,0.01,1369.76,1145.91,0.2,0.21,2
btc-updown-15m-1775781900,1775781900,690,0.66,0.67,0.665,0.01,773.8,1219.36,0.33,0.34,25
btc-updown-15m-1775781900,1775781900,705,0.42,0.43,0.425,0.01,215.58,692.55,0.57,0.58,169
btc-updown-15m-1775781900,1775781900,720,0.43,0.45,0.44,0.02,367,351.01,0.55,0.57,211
btc-updown-15m-1775781900,1775781900,735,0.46,0.49,0.475,0.03,522.91,49.42,0.51,0.54,80
btc-updown-15m-1775781900,1775781900,750,0.57,0.58,0.575,0.01,221.01,38.34,0.42,0.43,10
btc-updown-15m-1775781900,1775781900,765,0.67,0.68,0.675,0.01,92,172.08,0.32,0.33,551
btc-updown-15m-1775781900,1775781900,780,0.55,0.56,0.555,0.01,536.39,95.19,0.44,0.45,59
btc-updown-15m-1775781900,1775781900,795,0.65,0.66,0.655,0.01,250.05,41.52,0.34,0.35,3
btc-updown-15m-1775781900,1775781900,810,0.62,0.64,0.63,0.02,244.78,348,0.36,0.38,80
btc-updown-15m-1775781900,1775781900,825,0.57,0.58,0.575,0.01,219.38,248,0.42,0.43,6
btc-updown-15m-1775781900,1775781900,840,0.58,0.59,0.585,0.01,154.23,676.3,0.41,0.42,0
btc-updown-15m-1775781900,1775781900,845,0.55,0.56,0.555,0.01,230,114.85,0.44,0.45,16
btc-updown-15m-1775781900,1775781900,850,0.55,0.56,0.555,0.01,480,206.57,0.44,0.45,14
btc-updown-15m-1775781900,1775781900,855,0.55,0.56,0.555,0.01,65.38,281.59,0.44,0.45,12
btc-updown-15m-1775781900,1775781900,860,0.53,0.55,0.54,0.02,225.81,88.14,0.45,0.47,18
btc-updown-15m-1775781900,1775781900,865,0.5,0.53,0.515,0.03,214.58,107.18,0.47,0.5,40
btc-updown-15m-1775781900,1775781900,870,0.44,0.45,0.445,0.01,638.27,75.04,0.55,0.56,28
btc-updown-15m-1775781900,1775781900,875,0.59,0.66,0.625,0.07,201.81,30.1,0.34,0.41,4
btc-updown-15m-1775781900,1775781900,880,0.76,0.77,0.765,0.01,73,26.99,0.23,0.24,164
btc-updown-15m-1775781900,1775781900,885,0.75,0.81,0.78,0.06,40.01,93.95,0.19,0.25,25
btc-updown-15m-1775781900,1775781900,890,0.66,0.71,0.685,0.05,166.11,282.81,0.29,0.34,15
btc-updown-15m-1775781900,1775781900,895,0.92,0.95,0.935,0.03,216.4,508.37,0.05,0.08,28
btc-updown-15m-1775781900,1775781900,897,0.99,,,,2005.59,0,,0.01,4
btc-updown-15m-1775781900,1775781900,899,0.99,,,,19315.37,0,,0.01,46
btc-updown-15m-1775781900,1775781900,900,0.99,,,,39675.55,0,,0.01,8
btc-updown-15m-1775792700,1775792700,0,0.49,0.5,0.495,0.01,241.22,333.63,0.5,0.51,43
btc-updown-15m-1775792700,1775792700,15,0.49,0.5,0.495,0.01,2093.76,379.89,0.5,0.51,21
btc-updown-15m-1775792700,1775792700,30,0.55,0.56,0.555,0.01,679.13,1303.69,0.44,0.45,5
btc-updown-15m-1775792700,1775792700,45,0.51,0.52,0.515,0.01,551.54,1628.36,0.48,0.49,309
btc-updown-15m-1775792700,1775792700,60,0.47,0.48,0.475,0.01,781.73,1637.71,0.52,0.53,10
btc-updown-15m-1775792700,1775792700,75,0.46,0.47,0.465,0.01,2018.84,1225.14,0.53,0.54,62
btc-updown-15m-1775792700,1775792700,90,0.51,0.52,0.515,0.01,2220.72,1006.97,0.48,0.49,6
btc-updown-15m-1775792700,1775792700,105,0.53,0.54,0.535,0.01,252.17,709.11,0.46,0.47,254
btc-updown-15m-1775792700,1775792700,120,0.59,0.6,0.595,0.01,2392.06,1209.91,0.4,0.41,27
btc-updown-15m-1775792700,1775792700,135,0.6,0.61,0.605,0.01,1736.67,1260.57,0.39,0.4,215
btc-updown-15m-1775792700,1775792700,150,0.61,0.62,0.615,0.01,614.6,1739.74,0.38,0.39,79
btc-updown-15m-1775792700,1775792700,165,0.33,0.34,0.335,0.01,811.53,1334.7,0.66,0.67,4
btc-updown-15m-1775792700,1775792700,180,0.34,0.35,0.345,0.01,624.41,1560.3,0.65,0.66,65
btc-updown-15m-1775792700,1775792700,195,0.29,0.3,0.295,0.01,1711.92,1411.87,0.7,0.71,5
btc-updown-15m-1775792700,1775792700,210,0.27,0.28,0.275,0.01,1431.63,1736.37,0.72,0.73,31
btc-updown-15m-1775792700,1775792700,225,0.24,0.25,0.245,0.01,1814.29,752.21,0.75,0.76,2
btc-updown-15m-1775792700,1775792700,240,0.22,0.23,0.225,0.01,1816.43,669.53,0.77,0.78,26
btc-updown-15m-1775792700,1775792700,255,0.18,0.19,0.185,0.01,1594.72,1849.46,0.81,0.82,0
btc-updown-15m-1775792700,1775792700,270,0.24,0.25,0.245,0.01,1849.22,564.12,0.75,0.76,25
btc-updown-15m-1775792700,1775792700,285,0.26,0.27,0.265,0.01,1402.94,549.05,0.73,0.74,9
btc-updown-15m-1775792700,1775792700,300,0.21,0.22,0.215,0.01,217.42,851.32,0.78,0.79,9
btc-updown-15m-1775792700,1775792700,315,0.19,0.2,0.195,0.01,1542.77,710.34,0.8,0.81,55
btc-updown-15m-1775792700,1775792700,330,0.13,0.14,0.135,0.01,1647.27,1577.59,0.86,0.87,21
btc-updown-15m-1775792700,1775792700,345,0.15,0.16,0.155,0.01,1321.19,1140.5,0.84,0.85,45
btc-updown-15m-1775792700,1775792700,360,0.13,0.14,0.135,0.01,453.08,1892.64,0.86,0.87,42
btc-updown-15m-1775792700,1775792700,375,0.15,0.16,0.155,0.01,1790.2,1113.57,0.84,0.85,60
btc-updown-15m-1775792700,1775792700,390,0.15,0.16,0.155,0.01,517.21,2476.02,0.84,0.85,21
btc-updown-15m-1775792700,1775792700,405,0.13,0.14,0.135,0.01,705.93,1969.01,0.86,0.87,62
btc-updown-15m-1775792700,1775792700,420,0.17,0.18,0.175,0.01,722.34,1770.79,0.82,0.83,2
btc-updown-15m-1775792700,1775792700,435,0.16,0.17,0.165,0.01,890.24,1660.89,0.83,0.84,6
btc-updown-15m-1775792700,1775792700,450,0.18,0.2,0.19,0.02,463.1,701.07,0.8,0.82,0
btc-updown-15m-1775792700,1775792700,465,0.11,0.12,0.115,0.01,1759.29,726.88,0.88,0.89,135
btc-updown-15m-1775792700,1775792700,480,0.11,0.12,0.115,0.01,326.02,2295.97,0.88,0.89,2
btc-updown-15m-1775792700,1775792700,495,0.11,0.12,0.115,0.01,2415.47,1528.01,0.88,0.89,8
btc-updown-15m-1775792700,1775792700,510,0.1,0.11,0.105,0.01,2595.91,2096.59,0.89,0.9,26
btc-updown-15m-1775792700,1775792700,525,0.08,0.09,0.085,0.01,2057.64,2226.61,0.91,0.92,6
btc-updown-15m-1775792700,1775792700,540,0.08,0.09,0.085,0.01,2446.86,2011.07,0.91,0.92,3
btc-updown-15m-1775792700,1775792700,555,0.07,0.08,0.075,0.01,2457.37,1948.8,0.92,0.93,18
btc-updown-15m-1775792700,1775792700,570,0.11,0.12,0.115,0.01,923.65,1716.85,0.88,0.89,26
btc-updown-15m-1775792700,1775792700,585,0.16,0.17,0.165,0.01,484.39,1678.66,0.83,0.84,2
btc-updown-15m-1775792700,1775792700,600,0.12,0.13,0.125,0.01,545.37,811.07,0.87,0.88,10
btc-updown-15m-1775792700,1775792700,615,0.09,0.1,0.095,0.01,2094.29,1464.77,0.9,0.91,134
btc-updown-15m-1775792700,1775792700,630,0.09,0.1,0.095,0.01,475.74,2093.01,0.9,0.91,193
btc-updown-15m-1775792700,1775792700,645,0.1,0.11,0.105,0.01,1270.87,1946.53,0.89,0.9,110
btc-updown-15m-1775792700,1775792700,660,0.13,0.14,0.135,0.01,397.93,1731.46,0.86,0.87,440
btc-updown-15m-1775792700,1775792700,675,0.1,0.11,0.105,0.01,434.55,1759.53,0.89,0.9,172
btc-updown-15m-1775792700,1775792700,690,0.05,0.06,0.055,0.01,2203.02,1825.04,0.94,0.95,8
btc-updown-15m-1775792700,1775792700,705,0.03,0.04,0.035,0.01,6368.46,2073.44,0.96,0.97,41
btc-updown-15m-1775792700,1775792700,720,0.03,0.04,0.035,0.01,6594.11,2074.12,0.96,0.97,5
btc-updown-15m-1775792700,1775792700,735,0.03,0.04,0.035,0.01,8555.73,2098.17,0.96,0.97,128
btc-updown-15m-1775792700,1775792700,750,0.03,0.04,0.035,0.01,8510.7,2461.48,0.96,0.97,55
btc-updown-15m-1775792700,1775792700,765,0.02,0.03,0.025,0.01,5277.55,2939.88,0.97,0.98,105
btc-updown-15m-1775792700,1775792700,780,0.02,0.03,0.025,0.01,3594.85,2095.89,0.97,0.98,3
btc-updown-15m-1775792700,1775792700,795,0.01,0.02,0.015,0.01,2889.08,3550.74,0.98,0.99,329
btc-updown-15m-1775792700,1775792700,810,0.01,0.02,0.015,0.01,951.56,3150.92,0.98,0.99,111
btc-updown-15m-1775792700,1775792700,825,,0.01,,,0,6218.31,0.99,,333
btc-updown-15m-1775792700,1775792700,840,,0.01,,,0,5793.18,0.99,,134
btc-updown-15m-1775792700,1775792700,845,,0.01,,,0,5712.83,0.99,,64
btc-updown-15m-1775792700,1775792700,850,,0.01,,,0,4935.86,0.99,,18
btc-updown-15m-1775792700,1775792700,855,,0.01,,,0,5104.86,0.99,,137
btc-updown-15m-1775792700,1775792700,860,,0.01,,,0,4469.86,0.99,,17
btc-updown-15m-1775792700,1775792700,865,,0.01,,,0,4395.82,0.99,,320
btc-updown-15m-1775792700,1775792700,870,,0.01,,,0,3290.82,0.99,,0
btc-updown-15m-1775792700,1775792700,875,,0.01,,,0,3366.86,0.99,,21
btc-updown-15m-1775792700,1775792700,880,,0.01,,,0,7351.58,0.99,,322
btc-updown-15m-1775792700,1775792700,885,,0.01,,,0,7361.58,0.99,,55
btc-updown-15m-1775792700,1775792700,890,,0.01,,,0,7273.7,0.99,,268
btc-updown-15m-1775792700,1775792700,895,,0.01,,,0,7224.8,0.99,,122
btc-updown-15m-1775792700,1775792700,897,,0.01,,,0,7113.8,0.99,,85
btc-updown-15m-1775792700,1775792700,899,,0.01,,,0,18915.87,0.99,,23
btc-updown-15m-1775792700,1775792700,900,,0.01,,,0,66131,0.99,,25
btc-updown-15m-1775802600,1775802600,0,0.54,0.55,0.545,0.01,479.97,629.47,0.45,0.46,292
btc-updown-15m-1775802600,1775802600,15,0.5,0.51,0.505,0.01,316.17,981,0.49,0.5,38
btc-updown-15m-1775802600,1775802600,30,0.47,0.48,0.475,0.01,186.83,1064.41,0.52,0.53,5
btc-updown-15m-1775802600,1775802600,45,0.48,0.49,0.485,0.01,658.07,493.51,0.51,0.52,22
btc-updown-15m-1775802600,1775802600,60,0.47,0.48,0.475,0.01,555.46,648.17,0.52,0.53,61
btc-updown-15m-1775802600,1775802600,75,0.42,0.43,0.425,0.01,646.64,533.03,0.57,0.58,35
btc-updown-15m-1775802600,1775802600,90,0.45,0.46,0.455,0.01,804.05,330,0.54,0.55,31
btc-updown-15m-1775802600,1775802600,105,0.52,0.53,0.525,0.01,347.22,663.5,0.47,0.48,5
btc-updown-15m-1775802600,1775802600,120,0.51,0.52,0.515,0.01,631.66,583.5,0.48,0.49,13
btc-updown-15m-1775802600,1775802600,135,0.51,0.52,0.515,0.01,357.8,676.5,0.48,0.49,65
btc-updown-15m-1775802600,1775802600,150,0.46,0.47,0.465,0.01,452.26,873,0.53,0.54,19
btc-updown-15m-1775802600,1775802600,165,0.45,0.46,0.455,0.01,584.1,509.94,0.54,0.55,58
btc-updown-15m-1775802600,1775802600,180,0.45,0.46,0.455,0.01,583.1,663.94,0.54,0.55,44
btc-updown-15m-1775802600,1775802600,195,0.47,0.48,0.475,0.01,602.2,523,0.52,0.53,51
btc-updown-15m-1775802600,1775802600,210,0.54,0.55,0.545,0.01,483.59,631.61,0.45,0.46,0
btc-updown-15m-1775802600,1775802600,225,0.45,0.46,0.455,0.01,584.74,694.5,0.54,0.55,5
btc-updown-15m-1775802600,1775802600,240,0.45,0.46,0.455,0.01,557.8,608.32,0.54,0.55,334
btc-updown-15m-1775802600,1775802600,255,0.43,0.44,0.435,0.01,566.79,556.7,0.56,0.57,53
btc-updown-15m-1775802600,1775802600,270,0.49,0.5,0.495,0.01,521.55,412.87,0.5,0.51,7
btc-updown-15m-1775802600,1775802600,285,0.5,0.51,0.505,0.01,9787.91,283.41,0.49,0.5,77
btc-updown-15m-1775802600,1775802600,300,0.6,0.61,0.605,0.01,296.79,499.96,0.39,0.4,12
btc-updown-15m-1775802600,1775802600,315,0.64,0.65,0.645,0.01,759.83,607.31,0.35,0.36,28
btc-updown-15m-1775802600,1775802600,330,0.59,0.6,0.595,0.01,37.1,608.16,0.4,0.41,12
btc-updown-15m-1775802600,1775802600,345,0.57,0.58,0.575,0.01,381.72,285.27,0.42,0.43,6
btc-updown-15m-1775802600,1775802600,360,0.58,0.59,0.585,0.01,714.02,409.67,0.41,0.42,6
btc-updown-15m-1775802600,1775802600,375,0.49,0.5,0.495,0.01,801.15,374.26,0.5,0.51,0
btc-updown-15m-1775802600,1775802600,390,0.52,0.53,0.525,0.01,915.49,1169.71,0.47,0.48,1
btc-updown-15m-1775802600,1775802600,405,0.45,0.46,0.455,0.01,472.03,594.33,0.54,0.55,14
btc-updown-15m-1775802600,1775802600,420,0.35,0.36,0.355,0.01,780.11,641.24,0.64,0.65,0
btc-updown-15m-1775802600,1775802600,435,0.31,0.32,0.315,0.01,791.79,198.15,0.68,0.69,563
btc-updown-15m-1775802600,1775802600,450,0.36,0.37,0.365,0.01,3015.57,605.23,0.63,0.64,21
btc-updown-15m-1775802600,1775802600,465,0.36,0.37,0.365,0.01,468.2,454.38,0.63,0.64,16
btc-updown-15m-1775802600,1775802600,480,0.3,0.31,0.305,0.01,544.88,233.35,0.69,0.7,0
btc-updown-15m-1775802600,1775802600,495,0.2,0.21,0.205,0.01,364,281.48,0.79,0.8,2
btc-updown-15m-1775802600,1775802600,510,0.18,0.19,0.185,0.01,519.38,356.71,0.81,0.82,36
btc-updown-15m-1775802600,1775802600,525,0.15,0.16,0.155,0.01,1061.15,938.3,0.84,0.85,55
btc-updown-15m-1775802600,1775802600,540,0.26,0.27,0.265,0.01,810.76,702.72,0.73,0.74,66
btc-updown-15m-1775802600,1775802600,555,0.19,0.2,0.195,0.01,818.89,419.87,0.8,0.81,77
btc-updown-15m-1775802600,1775802600,570,0.14,0.15,0.145,0.01,559.25,545.22,0.85,0.86,26
btc-updown-15m-1775802600,1775802600,585,0.27,0.28,0.275,0.01,779,569.43,0.72,0.73,25
btc-updown-15m-1775802600,1775802600,600,0.71,0.72,0.715,0.01,533.57,344.41,0.28,0.29,0
btc-updown-15m-1775802600,1775802600,615,0.52,0.53,0.525,0.01,711.66,439.15,0.47,0.48,56
btc-updown-15m-1775802600,1775802600,630,0.5,0.51,0.505,0.01,311.56,688.3,0.49,0.5,12
btc-updown-15m-1775802600,1775802600,645,0.47,0.48,0.475,0.01,383.29,490.5,0.52,0.53,4
btc-updown-15m-1775802600,1775802600,660,0.43,0.44,0.435,0.01,209.89,819.75,0.56,0.57,20
btc-updown-15m-1775802600,1775802600,675,0.42,0.43,0.425,0.01,278.76,754,0.57,0.58,6
btc-updown-15m-1775802600,1775802600,690,0.39,0.41,0.4,0.02,467.53,624.27,0.59,0.61,5
btc-updown-15m-1775802600,1775802600,705,0.35,0.36,0.355,0.01,879.83,72,0.64,0.65,24
btc-updown-15m-1775802600,1775802600,720,0.29,0.3,0.295,0.01,513.05,124.03,0.7,0.71,58
btc-updown-15m-1775802600,1775802600,735,0.23,0.25,0.24,0.02,412.11,365.48,0.75,0.77,27
btc-updown-15m-1775802600,1775802600,750,0.21,0.22,0.215,0.01,562.18,462.63,0.78,0.79,2
btc-updown-15m-1775802600,1775802600,765,0.17,0.18,0.175,0.01,337.73,807.68,0.82,0.83,32
btc-updown-15m-1775802600,1775802600,780,0.19,0.2,0.195,0.01,433.01,475.91,0.8,0.81,7
btc-updown-15m-1775802600,1775802600,795,0.16,0.17,0.165,0.01,456.61,510.89,0.83,0.84,15
btc-updown-15m-1775802600,1775802600,810,0.17,0.18,0.175,0.01,491.06,670.5,0.82,0.83,130
btc-updown-15m-1775802600,1775802600,825,0.12,0.13,0.125,0.01,356.25,519.48,0.87,0.88,10
btc-updown-15m-1775802600,1775802600,840,0.19,0.2,0.195,0.01,365.23,259.58,0.8,0.81,2
btc-updown-15m-1775802600,1775802600,845,0.17,0.18,0.175,0.01,591.01,232.49,0.82,0.83,13
btc-updown-15m-1775802600,1775802600,850,0.2,0.21,0.205,0.01,34,349.85,0.79,0.8,9
btc-updown-15m-1775802600,1775802600,855,0.23,0.24,0.235,0.01,263,144.9,0.76,0.77,0
btc-updown-15m-1775802600,1775802600,860,0.35,0.4,0.375,0.05,210.8,382.38,0.6,0.65,536
btc-updown-15m-1775802600,1775802600,865,0.19,0.22,0.205,0.03,267.14,304.92,0.78,0.81,0
btc-updown-15m-1775802600,1775802600,870,0.17,0.19,0.18,0.02,459,65.8,0.81,0.83,21
btc-updown-15m-1775802600,1775802600,875,0.17,0.19,0.18,0.02,46,54.3,0.81,0.83,14
btc-updown-15m-1775802600,1775802600,880,0.09,0.1,0.095,0.01,449.76,91.11,0.9,0.91,12
btc-updown-15m-1775802600,1775802600,885,0.1,0.11,0.105,0.01,265.25,328.17,0.89,0.9,16
btc-updown-15m-1775802600,1775802600,890,0.1,0.12,0.11,0.02,242.08,129.71,0.88,0.9,61
btc-updown-15m-1775802600,1775802600,895,0.09,0.11,0.1,0.02,54.47,192.94,0.89,0.91,78
btc-updown-15m-1775802600,1775802600,897,0.08,0.11,0.095,0.03,47.04,289.98,0.89,0.92,111
btc-updown-15m-1775802600,1775802600,899,,0.01,,,0,10995.94,0.99,,15
btc-updown-15m-1775802600,1775802600,900,,0.01,,,0,48342.86,0.99,,2
btc-updown-15m-1775813400,1775813400,0,0.46,0.47,0.465,0.01,1572.83,307.29,0.53,0.54,406
btc-updown-15m-1775813400,1775813400,15,0.48,0.49,0.485,0.01,1235.01,2800.33,0.51,0.52,45
btc-updown-15m-1775813400,1775813400,30,0.47,0.48,0.475,0.01,2215.66,2819.44,0.52,0.53,60
btc-updown-15m-1775813400,1775813400,45,0.54,0.55,0.545,0.01,2338.29,1306.19,0.45,0.46,193
btc-updown-15m-1775813400,1775813400,60,0.56,0.57,0.565,0.01,691.84,1798.65,0.43,0.44,68
btc-updown-15m-1775813400,1775813400,75,0.61,0.62,0.615,0.01,1163.43,1570.38,0.38,0.39,57
btc-updown-15m-1775813400,1775813400,90,0.58,0.59,0.585,0.01,2198.86,116.8,0.41,0.42,1
btc-updown-15m-1775813400,1775813400,105,0.61,0.62,0.615,0.01,788.16,1607.31,0.38,0.39,61
btc-updown-15m-1775813400,1775813400,120,0.64,0.65,0.645,0.01,2493.5,257.78,0.35,0.36,5
btc-updown-15m-1775813400,1775813400,135,0.61,0.62,0.615,0.01,1806.62,1691.77,0.38,0.39,60
btc-updown-15m-1775813400,1775813400,150,0.49,0.5,0.495,0.01,583.4,1718.77,0.5,0.51,62
btc-updown-15m-1775813400,1775813400,165,0.43,0.44,0.435,0.01,554.85,1738.88,0.56,0.57,18
btc-updown-15m-1775813400,1775813400,180,0.45,0.46,0.455,0.01,1702.79,984.5,0.54,0.55,49
btc-updown-15m-1775813400,1775813400,195,0.5,0.51,0.505,0.01,2055.63,1542.44,0.49,0.5,60
btc-updown-15m-1775813400,1775813400,210,0.5,0.51,0.505,0.01,1691.7,545.6,0.49,0.5,53
btc-updown-15m-1775813400,1775813400,225,0.48,0.49,0.485,0.01,1750.31,1599.68,0.51,0.52,16
btc-updown-15m-1775813400,1775813400,240,0.48,0.49,0.485,0.01,1664.97,1586.68,0.51,0.52,8
btc-updown-15m-1775813400,1775813400,255,0.66,0.67,0.665,0.01,1221.63,397.44,0.33,0.34,23
btc-updown-15m-1775813400,1775813400,270,0.71,0.72,0.715,0.01,2422.9,541.49,0.28,0.29,13
btc-updown-15m-1775813400,1775813400,285,0.64,0.65,0.645,0.01,496.16,1945.4,0.35,0.36,3
btc-updown-15m-1775813400,1775813400,300,0.69,0.7,0.695,0.01,952.53,313.44,0.3,0.31,16
btc-updown-15m-1775813400,1775813400,315,0.74,0.75,0.745,0.01,2609.06,557.15,0.25,0.26,35
btc-updown-15m-1775813400,1775813400,330,0.7,0.71,0.705,0.01,1864.25,1137.04,0.29,0.3,52
btc-updown-15m-1775813400,1775813400,345,0.65,0.66,0.655,0.01,1607.42,1577.14,0.34,0.35,38
btc-updown-15m-1775813400,1775813400,360,0.66,0.67,0.665,0.01,1891.19,1401.59,0.33,0.34,9
btc-updown-15m-1775813400,1775813400,375,0.67,0.68,0.675,0.01,1758.77,1941.16,0.32,0.33,3
btc-updown-15m-1775813400,1775813400,390,0.66,0.67,0.665,0.01,181.75,1581.09,0.33,0.34,1
btc-updown-15m-1775813400,1775813400,405,0.64,0.65,0.645,0.01,907,1726.25,0.35,0.36,8
btc-updown-15m-1775813400,1775813400,420,0.55,0.56,0.555,0.01,1774.85,1182.25,0.44,0.45,10
btc-updown-15m-1775813400,1775813400,435,0.64,0.65,0.645,0.01,1699.02,716.03,0.35,0.36,37
btc-updown-15m-1775813400,1775813400,450,0.84,0.85,0.845,0.01,1694.46,872.04,0.15,0.16,2
btc-updown-15m-1775813400,1775813400,465,0.88,0.89,0.885,0.01,1671.88,1759.87,0.11,0.12,138
btc-updown-15m-1775813400,1775813400,480,0.89,0.9,0.895,0.01,2074.76,2321.41,0.1,0.11,7
btc-updown-15m-1775813400,1775813400,495,0.86,0.87,0.865,0.01,1148.75,1821.24,0.13,0.14,29
btc-updown-15m-1775813400,1775813400,510,0.88,0.89,0.885,0.01,1411.56,2089.54,0.11,0.12,69
btc-updown-15m-1775813400,1775813400,525,0.9,0.91,0.905,0.01,2525.21,2054.08,0.09,0.1,524
btc-updown-15m-1775813400,1775813400,540,0.9,0.91,0.905,0.01,1726.56,2246.85,0.09,0.1,28
btc-updown-15m-1775813400,1775813400,555,0.9,0.91,0.905,0.01,1424.22,2010.95,0.09,0.1,4
btc-updown-15m-1775813400,1775813400,570,0.9,0.91,0.905,0.01,2970.11,1731.99,0.09,0.1,19
btc-updown-15m-1775813400,1775813400,585,0.89,0.9,0.895,0.01,1803.31,2002.31,0.1,0.11,16
btc-updown-15m-1775813400,1775813400,600,0.9,0.91,0.905,0.01,776.85,1051.9,0.09,0.1,52
btc-updown-15m-1775813400,1775813400,615,0.86,0.87,0.865,0.01,868,746.06,0.13,0.14,14
btc-updown-15m-1775813400,1775813400,630,0.92,0.93,0.925,0.01,1085.83,2033.13,0.07,0.08,6
btc-updown-15m-1775813400,1775813400,645,0.92,0.93,0.925,0.01,1999.33,1847.45,0.07,0.08,42
btc-updown-15m-1775813400,1775813400,660,0.92,0.93,0.925,0.01,2072.79,1639.13,0.07,0.08,17
btc-updown-15m-1775813400,1775813400,675,0.93,0.94,0.935,0.01,2292.01,1822.68,0.06,0.07,34
btc-updown-15m-1775813400,1775813400,690,0.91,0.92,0.915,0.01,2070.18,1942.5,0.08,0.09,14
btc-updown-15m-1775813400,1775813400,705,0.88,0.89,0.885,0.01,1681.09,1544.85,0.11,0.12,322
btc-updown-15m-1775813400,1775813400,720,0.9,0.91,0.905,0.01,1972,1545.89,0.09,0.1,369
btc-updown-15m-1775813400,1775813400,735,0.85,0.86,0.855,0.01,1476.6,1534.73,0.14,0.15,537
btc-updown-15m-1775813400,1775813400,750,0.86,0.87,0.865,0.01,1593.09,1638.53,0.13,0.14,24
btc-updown-15m-1775813400,1775813400,765,0.85,0.86,0.855,0.01,1866.5,529.5,0.14,0.15,62
btc-updown-15m-1775813400,1775813400,780,0.86,0.87,0.865,0.01,1687.04,1283.07,0.13,0.14,61
btc-updown-15m-1775813400,1775813400,795,0.92,0.93,0.925,0.01,1688.59,1956.27,0.07,0.08,270
btc-updown-15m-1775813400,1775813400,810,0.94,0.95,0.945,0.01,1819.22,2498.93,0.05,0.06,55
btc-updown-15m-1775813400,1775813400,825,0.93,0.94,0.935,0.01,1927.04,1450.23,0.06,0.07,307
btc-updown-15m-1775813400,1775813400,840,0.94,0.95,0.945,0.01,1863.74,2021.16,0.05,0.06,64
btc-updown-15m-1775813400,1775813400,845,0.91,0.92,0.915,0.01,450.5,295.59,0.08,0.09,1
btc-updown-15m-1775813400,1775813400,850,0.92,0.93,0.925,0.01,1335.98,1548.53,0.07,0.08,0
btc-updown-15m-1775813400,1775813400,855,0.93,0.94,0.935,0.01,1541,1752.9,0.06,0.07,5
btc-updown-15m-1775813400,1775813400,860,0.93,0.94,0.935,0.01,1724.2,383.12,0.06,0.07,12
btc-updown-15m-1775813400,1775813400,865,0.97,0.98,0.975,0.01,2295.58,5670.26,0.02,0.03,135
btc-updown-15m-1775813400,1775813400,870,0.98,0.99,0.985,0.01,1603.54,4272.83,0.01,0.02,133
btc-updown-15m-1775813400,1775813400,875,0.98,0.99,0.985,0.01,1377.65,2977.05,0.01,0.02,84
btc-updown-15m-1775813400,1775813400,880,0.98,0.99,0.985,0.01,1328.83,2654.27,0.01,0.02,54
btc-updown-15m-1775813400,1775813400,885,0.99,,,,4366.46,0,,0.01,304
btc-updown-15m-1775813400,1775813400,890,0.99,,,,4387.46,0,,0.01,51
btc-updown-15m-1775813400,1775813400,895,0.99,,,,4840.02,0,,0.01,146
btc-updown-15m-1775813400,1775813400,897,0.99,,,,8316.07,0,,0.01,135
btc-updown-15m-1775813400,1775813400,899,0.99,,,,15271.53,0,,0.01,79
btc-updown-15m-1775813400,1775813400,900,0.99,,,,56057.08,0,,0.01,4
btc-updown-15m-1775823300,1775823300,0,0.54,0.55,0.545,0.01,113.04,804,0.45,0.46,119
btc-updown-15m-1775823300,1775823300,15,0.58,0.59,0.585,0.01,942.49,615.04,0.41,0.42,7
btc-updown-15m-1775823300,1775823300,30,0.61,0.62,0.615,0.01,836.26,742.17,0.38,0.39,3
btc-updown-15m-1775823300,1775823300,45,0.62,0.63,0.625,0.01,812.47,1996.94,0.37,0.38,5
btc-updown-15m-1775823300,1775823300,60,0.58,0.59,0.585,0.01,469.59,1587.22,0.41,0.42,55
btc-updown-15m-1775823300,1775823300,75,0.59,0.6,0.595,0.01,1288.92,1197.5,0.4,0.41,32
btc-updown-15m-1775823300,1775823300,90,0.6,0.61,0.605,0.01,164.81,2020.1,0.39,0.4,61
btc-updown-15m-1775823300,1775823300,105,0.63,0.64,0.635,0.01,847.16,2043.23,0.36,0.37,54
btc-updown-15m-1775823300,1775823300,120,0.62,0.63,0.625,0.01,1169.36,1734.42,0.37,0.38,13
btc-updown-15m-1775823300,1775823300,135,0.6,0.61,0.605,0.01,1226.54,1112.5,0.39,0.4,65
btc-updown-15m-1775823300,1775823300,150,0.6,0.61,0.605,0.01,1499.78,1350.39,0.39,0.4,0
btc-updown-15m-1775823300,1775823300,165,0.6,0.61,0.605,0.01,1311.09,1389.06,0.39,0.4,44
btc-updown-15m-1775823300,1775823300,180,0.6,0.61,0.605,0.01,1040.43,1324.05,0.39,0.4,5
btc-updown-15m-1775823300,1775823300,195,0.47,0.48,0.475,0.01,443.15,1956.12,0.52,0.53,21
btc-updown-15m-1775823300,1775823300,210,0.55,0.56,0.555,0.01,699,1565,0.44,0.45,38
btc-updown-15m-1775823300,1775823300,225,0.69,0.7,0.695,0.01,443.82,304.24,0.3,0.31,281
btc-updown-15m-1775823300,1775823300,240,0.84,0.85,0.845,0.01,798.07,1223.13,0.15,0.16,13
btc-updown-15m-1775823300,1775823300,255,0.84,0.85,0.845,0.01,1494.96,1131.99,0.15,0.16,0
btc-updown-15m-1775823300,1775823300,270,0.85,0.86,0.855,0.01,2224.75,894.8,0.14,0.15,5
btc-updown-15m-1775823300,1775823300,285,0.83,0.85,0.84,0.02,776.73,974.97,0.15,0.17,4
btc-updown-15m-1775823300,1775823300,300,0.86,0.87,0.865,0.01,1223.99,1017.43,0.13,0.14,9
btc-updown-15m-1775823300,1775823300,315,0.86,0.87,0.865,0.01,815.54,1301.72,0.13,0.14,18
btc-updown-15m-1775823300,1775823300,330,0.86,0.87,0.865,0.01,1413,915.77,0.13,0.14,147
btc-updown-15m-1775823300,1775823300,345,0.89,0.9,0.895,0.01,2289.73,1015.07,0.1,0.11,5
btc-updown-15m-1775823300,1775823300,360,0.89,0.9,0.895,0.01,2206.14,985.13,0.1,0.11,53
btc-updown-15m-1775823300,1775823300,375,0.93,0.94,0.935,0.01,2718.25,790.24,0.06,0.07,187
btc-updown-15m-1775823300,1775823300,390,0.96,0.97,0.965,0.01,1926.82,11128.13,0.03,0.04,9
btc-updown-15m-1775823300,1775823300,405,0.96,0.97,0.965,0.01,1750.93,5766.98,0.03,0.04,33
btc-updown-15m-1775823300,1775823300,420,0.97,0.98,0.975,0.01,2856.96,5039.95,0.02,0.03,68
btc-updown-15m-1775823300,1775823300,435,0.98,0.99,0.985,0.01,3283.77,3099.74,0.01,0.02,15
btc-updown-15m-1775823300,1775823300,450,0.99,,,,3157.23,0,,0.01,26
btc-updown-15m-1775823300,1775823300,465,0.99,,,,3057.26,0,,0.01,64
btc-updown-15m-1775823300,1775823300,480,0.99,,,,2934.3,0,,0.01,353
btc-updown-15m-1775823300,1775823300,495,0.98,0.99,0.985,0.01,3216.22,258.9,0.01,0.02,436
btc-updown-15m-1775823300,1775823300,510,0.96,0.97,0.965,0.01,785.66,1964.89,0.03,0.04,71
btc-updown-15m-1775823300,1775823300,525,0.86,0.87,0.865,0.01,270.17,642.21,0.13,0.14,75
btc-updown-15m-1775823300,1775823300,540,0.69,0.691,0.6905,0.001,180.77,94.55,0.309,0.31,611
btc-updown-15m-1775823300,1775823300,555,0.639,0.64,0.6395,0.001,56,457.37,0.36,0.361,1
btc-updown-15m-1775823300,1775823300,570,0.69,0.71,0.7,0.02,63.5,723.53,0.29,0.31,5
btc-updown-15m-1775823300,1775823300,585,0.82,0.83,0.825,0.01,454,211.23,0.17,0.18,3
btc-updown-15m-1775823300,1775823300,600,0.811,0.812,0.8115,0.001,284,42.78,0.188,0.189,317
btc-updown-15m-1775823300,1775823300,615,0.87,0.871,0.8705,0.001,291.54,96.13,0.129,0.13,270
btc-updown-15m-1775823300,1775823300,630,0.811,0.82,0.8155,0.009,261.7,180.96,0.18,0.189,1
btc-updown-15m-1775823300,1775823300,645,0.73,0.74,0.735,0.01,864,1203.83,0.26,0.27,23
btc-updown-15m-1775823300,1775823300,660,0.55,0.561,0.5555,0.011,97,96.68,0.439,0.45,4
btc-updown-15m-1775823300,1775823300,675,0.42,0.43,0.425,0.01,155,381.01,0.57,0.58,10
btc-updown-15m-1775823300,1775823300,690,0.51,0.519,0.5145,0.009,79.87,365.55,0.481,0.49,4
btc-updown-15m-1775823300,1775823300,705,0.32,0.33,0.325,0.01,295.58,155.2,0.67,0.68,5
btc-updown-15m-1775823300,1775823300,720,0.292,0.299,0.2955,0.007,1050.59,309.8,0.701,0.708,1
btc-updown-15m-1775823300,1775823300,735,0.192,0.2,0.196,0.008,1509.65,717.67,0.8,0.808,11
btc-updown-15m-1775823300,1775823300,750,0.28,0.29,0.285,0.01,1336,419.08,0.71,0.72,5
btc-updown-15m-1775823300,1775823300,765,0.28,0.29,0.285,0.01,468.16,320,0.71,0.72,58
btc-updown-15m-1775823300,1775823300,780,0.35,0.359,0.3545,0.009,1308.43,261.55,0.641,0.65,0
btc-updown-15m-1775823300,1775823300,795,0.263,0.27,0.2665,0.007,57,251,0.73,0.737,0
btc-updown-15m-1775823300,1775823300,810,0.3,0.31,0.305,0.01,182.14,115,0.69,0.7,4
btc-updown-15m-1775823300,1775823300,825,0.341,0.36,0.3505,0.019,1045.66,113,0.64,0.659,6
btc-updown-15m-1775823300,1775823300,840,0.11,0.12,0.115,0.01,154.71,275.99,0.88,0.89,5
btc-updown-15m-1775823300,1775823300,845,0.07,0.08,0.075,0.01,345.05,522.4,0.92,0.93,11
btc-updown-15m-1775823300,1775823300,850,0.07,0.075,0.0725,0.005,562.23,1320.23,0.925,0.93,8
btc-updown-15m-1775823300,1775823300,855,0.05,0.059,0.0545,0.009,692.1,272.96,0.941,0.95,77
btc-updown-15m-1775823300,1775823300,860,0.04,0.048,0.044,0.008,634.99,474.18,0.952,0.96,5
btc-updown-15m-1775823300,1775823300,865,0.04,0.05,0.045,0.01,297.88,335.95,0.95,0.96,35
btc-updown-15m-1775823300,1775823300,870,0.03,0.04,0.035,0.01,651.78,288.95,0.96,0.97,9
btc-updown-15m-1775823300,1775823300,875,0.02,0.03,0.025,0.01,828.17,284.05,0.97,0.98,24
btc-updown-15m-1775823300,1775823300,880,0.01,0.02,0.015,0.01,1471.5,185.56,0.98,0.99,1
btc-updown-15m-1775823300,1775823300,885,,0.001,,,0,4304.38,0.999,,7
btc-updown-15m-1775823300,1775823300,890,0.01,0.026,0.018,0.016,1902.21,106.5,0.974,0.99,24
btc-updown-15m-1775823300,1775823300,895,0.09,0.097,0.0935,0.007,279.44,99,0.903,0.91,2
btc-updown-15m-1775823300,1775823300,897,0.02,0.11,0.065,0.09,1941.7,179.94,0.89,0.98,3
btc-updown-15m-1775823300,1775823300,899,0.97,0.98,0.975,0.01,129.95,1562.57,0.02,0.03,19
btc-updown-15m-1775823300,1775823300,900,0.99,0.998,0.994,0.008,3651.54,5396.99,0.002,0.01,486
btc-updown-15m-1775834100,1775834100,0,0.45,0.46,0.455,0.01,112.18,630.01,0.54,0.55,80
btc-updown-15m-1775834100,1775834100,15,0.47,0.48,0.475,0.01,1175.45,437.2,0.52,0.53,1
btc-updown-15m-1775834100,1775834100,30,0.48,0.49,0.485,0.01,3627.2,3114.7,0.51,0.52,0
btc-updown-15m-1775834100,1775834100,45,0.47,0.48,0.475,0.01,3733.52,1090.28,0.52,0.53,11
btc-updown-15m-1775834100,1775834100,60,0.5,0.51,0.505,0.01,3042.4,7568.96,0.49,0.5,13
btc-updown-15m-1775834100,1775834100,75,0.4,0.41,0.405,0.01,2500.33,949.5,0.59,0.6,3
btc-updown-15m-1775834100,1775834100,90,0.38,0.39,0.385,0.01,3579.77,2020.01,0.61,0.62,24
btc-updown-15m-1775834100,1775834100,105,0.37,0.38,0.375,0.01,3586.33,3135.52,0.62,0.63,11
btc-updown-15m-1775834100,1775834100,120,0.38,0.39,0.385,0.01,3495.25,3141.49,0.61,0.62,51
btc-updown-15m-1775834100,1775834100,135,0.33,0.34,0.335,0.01,1071.43,4212.22,0.66,0.67,56
btc-updown-15m-1775834100,1775834100,150,0.37,0.38,0.375,0.01,1165.62,1666.59,0.62,0.63,304
btc-updown-15m-1775834100,1775834100,165,0.32,0.33,0.325,0.01,3585.23,3051.23,0.67,0.68,27
btc-updown-15m-1775834100,1775834100,180,0.38,0.39,0.385,0.01,2179.72,728.87,0.61,0.62,37
btc-updown-15m-1775834100,1775834100,195,0.36,0.37,0.365,0.01,2567.67,3088.41,0.63,0.64,38
btc-updown-15m-1775834100,1775834100,210,0.31,0.32,0.315,0.01,715.38,4608.19,0.68,0.69,15
btc-updown-15m-1775834100,1775834100,225,0.33,0.34,0.335,0.01,4099.35,510.8,0.66,0.67,6
btc-updown-15m-1775834100,1775834100,240,0.41,0.42,0.415,0.01,3983.53,2834.86,0.58,0.59,41
btc-updown-15m-1775834100,1775834100,255,0.39,0.4,0.395,0.01,561.37,3505.3,0.6,0.61,540
btc-updown-15m-1775834100,1775834100,270,0.37,0.38,0.375,0.01,4744.7,2949.91,0.62,0.63,0
btc-updown-15m-1775834100,1775834100,285,0.43,0.44,0.435,0.01,4380.45,2647.73,0.56,0.57,75
btc-updown-15m-1775834100,1775834100,300,0.5,0.51,0.505,0.01,358.5,4104.88,0.49,0.5,27
btc-updown-15m-1775834100,1775834100,315,0.5,0.51,0.505,0.01,3719.48,5457.18,0.49,0.5,11
btc-updown-15m-1775834100,1775834100,330,0.4,0.41,0.405,0.01,2557.81,3302.44,0.59,0.6,1
btc-updown-15m-1775834100,1775834100,345,0.37,0.38,0.375,0.01,1619.45,563.43,0.62,0.63,6
btc-updown-15m-1775834100,1775834100,360,0.4,0.41,0.405,0.01,3285.08,3429.77,0.59,0.6,27
btc-updown-15m-1775834100,1775834100,375,0.42,0.43,0.425,0.01,3047.72,3679.46,0.57,0.58,17
btc-updown-15m-1775834100,1775834100,390,0.45,0.46,0.455,0.01,579.44,82.2,0.54,0.55,12
btc-updown-15m-1775834100,1775834100,405,0.43,0.44,0.435,0.01,1322.96,3473.78,0.56,0.57,28
btc-updown-15m-1775834100,1775834100,420,0.51,0.52,0.515,0.01,4574.19,2833.84,0.48,0.49,3
btc-updown-15m-1775834100,1775834100,435,0.54,0.55,0.545,0.01,3217.09,3418.15,0.45,0.46,67
btc-updown-15m-1775834100,1775834100,450,0.62,0.63,0.625,0.01,3872.97,1127.78,0.37,0.38,211
btc-updown-15m-1775834100,1775834100,465,0.58,0.59,0.585,0.01,3361.04,3560.27,0.41,0.42,75
btc-updown-15m-1775834100,1775834100,480,0.57,0.58,0.575,0.01,3185.3,871.5,0.42,0.43,16
btc-updown-15m-1775834100,1775834100,495,0.54,0.55,0.545,0.01,3464.54,3533.06,0.45,0.46,35
btc-updown-15m-1775834100,1775834100,510,0.58,0.59,0.585,0.01,3590.6,1215.17,0.41,0.42,2
btc-updown-15m-1775834100,1775834100,525,0.69,0.7,0.695,0.01,3652.47,1531.13,0.3,0.31,20
btc-updown-15m-1775834100,1775834100,540,0.76,0.77,0.765,0.01,3290.2,3334.77,0.23,0.24,9
btc-updown-15m-1775834100,1775834100,555,0.75,0.76,0.755,0.01,3525.9,3323.25,0.24,0.25,35
btc-updown-15m-1775834100,1775834100,570,0.78,0.79,0.785,0.01,4436.66,766.4,0.21,0.22,41
btc-updown-15m-1775834100,1775834100,585,0.96,0.97,0.965,0.01,3646.57,5699.78,0.03,0.04,1
btc-updown-15m-1775834100,1775834100,600,0.95,0.96,0.955,0.01,1578.1,1492.23,0.04,0.05,26
btc-updown-15m-1775834100,1775834100,615,0.9,0.91,0.905,0.01,1570.95,3189.89,0.09,0.1,19
btc-updown-15m-1775834100,1775834100,630,0.93,0.94,0.935,0.01,3771.58,3455.89,0.06,0.07,21
btc-updown-15m-1775834100,1775834100,645,0.93,0.94,0.935,0.01,1537.49,2058.3,0.06,0.07,12
btc-updown-15m-1775834100,1775834100,660,0.91,0.92,0.915,0.01,595.6,3685.33,0.08,0.09,39
btc-updown-15m-1775834100,1775834100,675,0.65,0.67,0.66,0.02,373.21,4010.41,0.33,0.35,3
btc-updown-15m-1775834100,1775834100,690,0.22,0.23,0.225,0.01,1675.64,3163.28,0.77,0.78,2
btc-updown-15m-1775834100,1775834100,705,0.23,0.24,0.235,0.01,2940.85,2896.99,0.76,0.77,44
btc-updown-15m-1775834100,1775834100,720,0.13,0.14,0.135,0.01,3682.38,3638.69,0.86,0.87,40
btc-updown-15m-1775834100,1775834100,735,0.18,0.19,0.185,0.01,2335,4014.08,0.81,0.82,37
btc-updown-15m-1775834100,1775834100,750,0.1,0.11,0.105,0.01,3572.86,3384.77,0.89,0.9,444
btc-updown-15m-1775834100,1775834100,765,0.06,0.07,0.065,0.01,3700.52,3794.47,0.93,0.94,64
btc-updown-15m-1775834100,1775834100,780,0.06,0.07,0.065,0.01,4290.44,918.74,0.93,0.94,0
btc-updown-15m-1775834100,1775834100,795,0.03,0.04,0.035,0.01,9980.29,3677.96,0.96,0.97,1
btc-updown-15m-1775834100,1775834100,810,0.01,0.02,0.015,0.01,530.83,5015.16,0.98,0.99,53
btc-updown-15m-1775834100,1775834100,825,,0.01,,,0,3478.15,0.99,,2
btc-updown-15m-1775834100,1775834100,840,,0.01,,,0,11859.51,0.99,,137
btc-updown-15m-1775834100,1775834100,845,,0.01,,,0,13811.69,0.99,,135
btc-updown-15m-1775834100,1775834100,850,,0.01,,,0,14269.96,0.99,,327
btc-updown-15m-1775834100,1775834100,855,,0.01,,,0,13620.64,0.99,,0
btc-updown-15m-1775834100,1775834100,860,,0.01,,,0,18285.2,0.99,,18
btc-updown-15m-1775834100,1775834100,865,,0.01,,,0,20879.2,0.99,,181
btc-updown-15m-1775834100,1775834100,870,,0.01,,,0,39925.08,0.99,,123
btc-updown-15m-1775834100,1775834100,875,,0.01,,,0,42542.1,0.99,,109
btc-updown-15m-1775834100,1775834100,880,,0.01,,,0,53044.6,0.99,,10
btc-updown-15m-1775834100,1775834100,885,,0.01,,,0,53071.72,0.99,,330
btc-updown-15m-1775834100,1775834100,890,,0.01,,,0,56121.28,0.99,,6
btc-updown-15m-1775834100,1775834100,895,,0.01,,,0,55774.78,0.99,,12
btc-updown-15m-1775834100,1775834100,897,,0.01,,,0,55721.69,0.99,,300
btc-updown-15m-1775834100,1775834100,899,,0.01,,,0,62012.89,0.99,,52
btc-updown-15m-1775834100,1775834100,900,,0.01,,,0,111083.05,0.99,,1
btc-updown-15m-1775844900,1775844900,0,0.45,0.48,0.465,0.03,758.56,961.44,0.52,0.55,101
btc-updown-15m-1775844900,1775844900,15,0.56,0.57,0.565,0.01,1149.01,733.25,0.43,0.44,1
btc-updown-15m-1775844900,1775844900,30,0.5,0.51,0.505,0.01,1753.38,1530.03,0.49,0.5,2
btc-updown-15m-1775844900,1775844900,45,0.47,0.48,0.475,0.01,2201.09,2326.17,0.52,0.53,29
btc-updown-15m-1775844900,1775844900,60,0.42,0.43,0.425,0.01,1446.5,2550.15,0.57,0.58,5
btc-updown-15m-1775844900,1775844900,75,0.53,0.54,0.535,0.01,2379.09,686.62,0.46,0.47,15
btc-updown-15m-1775844900,1775844900,90,0.44,0.45,0.445,0.01,2272.08,1615.01,0.55,0.56,38
btc-updown-15m-1775844900,1775844900,105,0.44,0.45,0.445,0.01,1975.57,1666.86,0.55,0.56,40
btc-updown-15m-1775844900,1775844900,120,0.45,0.46,0.455,0.01,1386.47,2908.24,0.54,0.55,1
btc-updown-15m-1775844900,1775844900,135,0.39,0.4,0.395,0.01,1921.74,2241,0.6,0.61,27
btc-updown-15m-1775844900,1775844900,150,0.39,0.4,0.395,0.01,587.16,2358.98,0.6,0.61,59
btc-updown-15m-1775844900,1775844900,165,0.38,0.39,0.385,0.01,586.53,1454.6,0.61,0.62,0
btc-updown-15m-1775844900,1775844900,180,0.39,0.4,0.395,0.01,1364.68,1444.77,0.6,0.61,85
btc-updown-15m-1775844900,1775844900,195,0.37,0.38,0.375,0.01,1443.27,1183.1,0.62,0.63,44
btc-updown-15m-1775844900,1775844900,210,0.39,0.4,0.395,0.01,1901.1,363.46,0.6,0.61,7
btc-updown-15m-1775844900,1775844900,225,0.17,0.18,0.175,0.01,186.84,400.69,0.82,0.83,483
btc-updown-15m-1775844900,1775844900,240,0.22,0.23,0.225,0.01,1133.01,1085.98,0.77,0.78,460
btc-updown-15m-1775844900,1775844900,255,0.24,0.25,0.245,0.01,991.81,1741.54,0.75,0.76,38
btc-updown-15m-1775844900,1775844900,270,0.27,0.28,0.275,0.01,2700.45,1930.74,0.72,0.73,100
btc-updown-15m-1775844900,1775844900,285,0.2,0.21,0.205,0.01,2429.95,366.84,0.79,0.8,10
btc-updown-15m-1775844900,1775844900,300,0.2,0.21,0.205,0.01,1008.99,1718.85,0.79,0.8,1
btc-updown-15m-1775844900,1775844900,315,0.19,0.2,0.195,0.01,2633.14,1651.64,0.8,0.81,10
btc-updown-15m-1775844900,1775844900,330,0.19,0.2,0.195,0.01,3015.01,792.84,0.8,0.81,27
btc-updown-15m-1775844900,1775844900,345,0.25,0.26,0.255,0.01,607.99,549.82,0.74,0.75,15
btc-updown-15m-1775844900,1775844900,360,0.29,0.3,0.295,0.01,1894.91,2182.33,0.7,0.71,3
btc-updown-15m-1775844900,1775844900,375,0.28,0.29,0.285,0.01,1900.93,1927.42,0.71,0.72,19
btc-updown-15m-1775844900,1775844900,390,0.26,0.27,0.265,0.01,1690.82,1723.05,0.73,0.74,4
btc-updown-15m-1775844900,1775844900,405,0.3,0.31,0.305,0.01,1797.3,1978.84,0.69,0.7,168
btc-updown-15m-1775844900,1775844900,420,0.21,0.22,0.215,0.01,1873.43,1702.78,0.78,0.79,0
btc-updown-15m-1775844900,1775844900,435,0.23,0.24,0.235,0.01,1868.86,939.76,0.76,0.77,11
btc-updown-15m-1775844900,1775844900,450,0.23,0.24,0.235,0.01,1927.67,2082.42,0.76,0.77,0
btc-updown-15m-1775844900,1775844900,465,0.24,0.25,0.245,0.01,1996.24,2129.3,0.75,0.76,62
btc-updown-15m-1775844900,1775844900,480,0.22,0.23,0.225,0.01,2287.25,2011.01,0.77,0.78,36
btc-updown-15m-1775844900,1775844900,495,0.23,0.24,0.235,0.01,1392.56,2155.7,0.76,0.77,20
btc-updown-15m-1775844900,1775844900,510,0.23,0.24,0.235,0.01,786.96,2347.7,0.76,0.77,5
btc-updown-15m-1775844900,1775844900,525,0.21,0.22,0.215,0.01,1703.07,1862.99,0.78,0.79,17
btc-updown-15m-1775844900,1775844900,540,0.19,0.2,0.195,0.01,1131.94,2720,0.8,0.81,51
btc-updown-15m-1775844900,1775844900,555,0.19,0.2,0.195,0.01,1403.39,2538.9,0.8,0.81,28
btc-updown-15m-1775844900,1775844900,570,0.13,0.14,0.135,0.01,1855.54,2271.18,0.86,0.87,23
btc-updown-15m-1775844900,1775844900,585,0.07,0.08,0.075,0.01,3392.37,2459.31,0.92,0.93,36
btc-updown-15m-1775844900,1775844900,600,0.07,0.08,0.075,0.01,872.37,1161.05,0.92,0.93,13
btc-updown-15m-1775844900,1775844900,615,0.03,0.04,0.035,0.01,4393.75,3082.64,0.96,0.97,110
btc-updown-15m-1775844900,1775844900,630,0.02,0.03,0.025,0.01,4650.33,1403.88,0.97,0.98,0
btc-updown-15m-1775844900,1775844900,645,0.03,0.04,0.035,0.01,5392.49,3301.72,0.96,0.97,8
btc-updown-15m-1775844900,1775844900,660,0.02,0.03,0.025,0.01,4624.36,4421.98,0.97,0.98,686
btc-updown-15m-1775844900,1775844900,675,,0.01,,,0,11620.59,0.99,,50
btc-updown-15m-1775844900,1775844900,690,,0.01,,,0,16604.46,0.99,,55
btc-updown-15m-1775844900,1775844900,705,,0.01,,,0,18512.16,0.99,,61
btc-updown-15m-1775844900,1775844900,720,,0.01,,,0,32702.78,0.99,,60
btc-updown-15m-1775844900,1775844900,735,,0.01,,,0,30730.13,0.99,,51
btc-updown-15m-1775844900,1775844900,750,,0.01,,,0,33075.75,0.99,,58
btc-updown-15m-1775844900,1775844900,765,,0.01,,,0,32322.16,0.99,,43
btc-updown-15m-1775844900,1775844900,780,,0.01,,,0,32180.13,0.99,,19
btc-updown-15m-1775844900,1775844900,795,,0.01,,,0,32187.25,0.99,,72
btc-updown-15m-1775844900,1775844900,810,,0.01,,,0,31467.99,0.99,,63
btc-updown-15m-1775844900,1775844900,825,0.003,0.005,0.004,0.002,2269.97,276.9,0.995,0.997,10
btc-updown-15m-1775844900,1775844900,840,0.003,0.008,0.0055,0.005,2006.15,28013.96,0.992,0.997,4
btc-updown-15m-1775844900,1775844900,845,0.003,0.007,0.005,0.004,1831.58,14974.9,0.993,0.997,32
btc-updown-15m-1775844900,1775844900,850,0.003,0.007,0.005,0.004,1766.35,15542.74,0.993,0.997,35
btc-updown-15m-1775844900,1775844900,855,0.003,0.007,0.005,0.004,1027.16,15495.87,0.993,0.997,59
btc-updown-15m-1775844900,1775844900,860,0.003,0.008,0.0055,0.005,958.53,26818.62,0.992,0.997,281
btc-updown-15m-1775844900,1775844900,865,0.003,0.008,0.0055,0.005,706.51,31015.45,0.992,0.997,37
btc-updown-15m-1775844900,1775844900,870,,0.001,,,0,18395.6,0.999,,275
btc-updown-15m-1775844900,1775844900,875,,0.001,,,0,20857.57,0.999,,70
btc-updown-15m-1775844900,1775844900,880,,0.001,,,0,8641.45,0.999,,289
btc-updown-15m-1775844900,1775844900,885,,0.001,,,0,9190.3,0.999,,83
btc-updown-15m-1775844900,1775844900,890,,0.001,,,0,9651.96,0.999,,138
btc-updown-15m-1775844900,1775844900,895,,0.001,,,0,8622.39,0.999,,13
btc-updown-15m-1775844900,1775844900,897,,0.001,,,0,10232.39,0.999,,90
btc-updown-15m-1775844900,1775844900,899,,0.001,,,0,10863.02,0.999,,89
btc-updown-15m-1775844900,1775844900,900,,0.001,,,0,44941.74,0.999,,22
btc-updown-15m-1775854800,1775854800,0,0.44,0.45,0.445,0.01,1102.94,2056.77,0.55,0.56,720
btc-updown-15m-1775854800,1775854800,15,0.44,0.45,0.445,0.01,1135.09,2131.5,0.55,0.56,0
btc-updown-15m-1775854800,1775854800,30,0.44,0.45,0.445,0.01,1089.67,1535.45,0.55,0.56,21
btc-updown-15m-1775854800,1775854800,45,0.42,0.43,0.425,0.01,555.21,1285.01,0.57,0.58,1
btc-updown-15m-1775854800,1775854800,60,0.32,0.33,0.325,0.01,319.67,647.41,0.67,0.68,11
btc-updown-15m-1775854800,1775854800,75,0.36,0.37,0.365,0.01,492.26,678.19,0.63,0.64,1
btc-updown-15m-1775854800,1775854800,90,0.4,0.41,0.405,0.01,677.27,500.86,0.59,0.6,21
btc-updown-15m-1775854800,1775854800,105,0.37,0.39,0.38,0.02,865.53,523.34,0.61,0.63,1
btc-updown-15m-1775854800,1775854800,120,0.3,0.31,0.305,0.01,482.9,1063.8,0.69,0.7,530
btc-updown-15m-1775854800,1775854800,135,0.34,0.35,0.345,0.01,453.96,485.05,0.65,0.66,8
btc-updown-15m-1775854800,1775854800,150,0.34,0.35,0.345,0.01,298.75,670.67,0.65,0.66,26
btc-updown-15m-1775854800,1775854800,165,0.33,0.34,0.335,0.01,453.37,215.46,0.66,0.67,207
btc-updown-15m-1775854800,1775854800,180,0.33,0.34,0.335,0.01,696.09,887.68,0.66,0.67,1
btc-updown-15m-1775854800,1775854800,195,0.32,0.33,0.325,0.01,755.62,662.2,0.67,0.68,61
btc-updown-15m-1775854800,1775854800,210,0.32,0.33,0.325,0.01,473.61,568.1,0.67,0.68,340
btc-updown-15m-1775854800,1775854800,225,0.33,0.34,0.335,0.01,514.78,853.87,0.66,0.67,136
btc-updown-15m-1775854800,1775854800,240,0.35,0.36,0.355,0.01,402.72,1315.96,0.64,0.65,97
btc-updown-15m-1775854800,1775854800,255,0.33,0.34,0.335,0.01,709.67,278.55,0.66,0.67,10
btc-updown-15m-1775854800,1775854800,270,0.33,0.34,0.335,0.01,689.37,378.28,0.66,0.67,1
btc-updown-15m-1775854800,1775854800,285,0.33,0.34,0.335,0.01,640.82,326.08,0.66,0.67,36
btc-updown-15m-1775854800,1775854800,300,0.35,0.36,0.355,0.01,386.59,648.15,0.64,0.65,233
btc-updown-15m-1775854800,1775854800,315,0.17,0.18,0.175,0.01,911.52,495.35,0.82,0.83,83
btc-updown-15m-1775854800,1775854800,330,0.18,0.19,0.185,0.01,670.79,451.75,0.81,0.82,10
btc-updown-15m-1775854800,1775854800,345,0.17,0.18,0.175,0.01,1225.07,544.36,0.82,0.83,15
btc-updown-15m-1775854800,1775854800,360,0.17,0.18,0.175,0.01,1064.82,1103.57,0.82,0.83,0
btc-updown-15m-1775854800,1775854800,375,0.15,0.16,0.155,0.01,687.32,921.84,0.84,0.85,46
btc-updown-15m-1775854800,1775854800,390,0.13,0.14,0.135,0.01,920.79,598.37,0.86,0.87,11
btc-updown-15m-1775854800,1775854800,405,0.11,0.12,0.115,0.01,1022.9,1204.48,0.88,0.89,5
btc-updown-15m-1775854800,1775854800,420,0.08,0.09,0.085,0.01,1830.77,1641.14,0.91,0.92,0
btc-updown-15m-1775854800,1775854800,435,0.06,0.07,0.065,0.01,1301.7,2670.56,0.93,0.94,2
btc-updown-15m-1775854800,1775854800,450,0.04,0.05,0.045,0.01,2843.83,1446.43,0.95,0.96,9
btc-updown-15m-1775854800,1775854800,465,0.03,0.04,0.035,0.01,15861.23,2406.8,0.96,0.97,453
btc-updown-15m-1775854800,1775854800,480,0.03,0.04,0.035,0.01,15890.13,2259.02,0.96,0.97,9
btc-updown-15m-1775854800,1775854800,495,0.03,0.04,0.035,0.01,15132.95,1535.37,0.96,0.97,38
btc-updown-15m-1775854800,1775854800,510,0.04,0.05,0.045,0.01,2340.14,2038.6,0.95,0.96,1
btc-updown-15m-1775854800,1775854800,525,0.03,0.04,0.035,0.01,10680.46,841.9,0.96,0.97,51
btc-updown-15m-1775854800,1775854800,540,0.03,0.04,0.035,0.01,6094.29,1926.07,0.96,0.97,6
btc-updown-15m-1775854800,1775854800,555,0.02,0.03,0.025,0.01,5241.47,1794.13,0.97,0.98,9
btc-updown-15m-1775854800,1775854800,570,0.02,0.03,0.025,0.01,5267.67,1020.26,0.97,0.98,29
btc-updown-15m-1775854800,1775854800,585,0.03,0.04,0.035,0.01,5456.51,866.51,0.96,0.97,71
btc-updown-15m-1775854800,1775854800,600,0.02,0.03,0.025,0.01,5088.9,934.35,0.97,0.98,146
btc-updown-15m-1775854800,1775854800,615,0.02,0.028,0.024,0.008,601.79,430.34,0.972,0.98,44
btc-updown-15m-1775854800,1775854800,630,0.02,0.03,0.025,0.01,580.34,372.16,0.97,0.98,59
btc-updown-15m-1775854800,1775854800,645,0.02,0.029,0.0245,0.009,639.31,547.5,0.971,0.98,44
btc-updown-15m-1775854800,1775854800,660,0.021,0.028,0.0245,0.007,787.8,334.34,0.972,0.979,28
btc-updown-15m-1775854800,1775854800,675,0.01,0.015,0.0125,0.005,1964.96,170,0.985,0.99,457
btc-updown-15m-1775854800,1775854800,690,0.009,0.01,0.0095,0.001,375,483.46,0.99,0.991,550
btc-updown-15m-1775854800,1775854800,705,0.006,0.01,0.008,0.004,389.97,1627.73,0.99,0.994,53
btc-updown-15m-1775854800,1775854800,720,0.005,0.007,0.006,0.002,518.21,250,0.993,0.995,542
btc-updown-15m-1775854800,1775854800,735,0.002,0.005,0.0035,0.003,4477.99,1171.84,0.995,0.998,125
btc-updown-15m-1775854800,1775854800,750,0.002,0.004,0.003,0.002,4581.5,2313.88,0.996,0.998,765
btc-updown-15m-1775854800,1775854800,765,0.001,0.002,0.0015,0.001,4671.02,254,0.998,0.999,581
btc-updown-15m-1775854800,1775854800,780,0.001,0.002,0.0015,0.001,2860.3,3240,0.998,0.999,179
btc-updown-15m-1775854800,1775854800,795,,0.002,,,0,3117.64,0.998,,194
btc-updown-15m-1775854800,1775854800,810,,0.001,,,0,5115.84,0.999,,45
btc-updown-15m-1775854800,1775854800,825,,0.001,,,0,15300.95,0.999,,29
btc-updown-15m-1775854800,1775854800,840,,0.001,,,0,14560.52,0.999,,178
btc-updown-15m-1775854800,1775854800,845,,0.001,,,0,10541.67,0.999,,0
btc-updown-15m-1775854800,1775854800,850,,0.001,,,0,10141.7,0.999,,173
btc-updown-15m-1775854800,1775854800,855,,0.001,,,0,10141.7,0.999,,1
btc-updown-15m-1775854800,1775854800,860,,0.001,,,0,10141.7,0.999,,347
btc-updown-15m-1775854800,1775854800,865,,0.001,,,0,13141.7,0.999,,1
btc-updown-15m-1775854800,1775854800,870,,0.001,,,0,13141.7,0.999,,158
btc-updown-15m-1775854800,1775854800,875,,0.001,,,0,13076.7,0.999,,176
btc-updown-15m-1775854800,1775854800,880,,0.001,,,0,13110.49,0.999,,53
btc-updown-15m-1775854800,1775854800,885,,0.001,,,0,13045.49,0.999,,1
btc-updown-15m-1775854800,1775854800,890,,0.001,,,0,13020.47,0.999,,50
btc-updown-15m-1775854800,1775854800,895,,0.001,,,0,14670.52,0.999,,2
btc-updown-15m-1775854800,1775854800,897,,0.001,,,0,14750.52,0.999,,3
btc-updown-15m-1775854800,1775854800,899,,0.001,,,0,15475.22,0.999,,74
btc-updown-15m-1775854800,1775854800,900,,0.001,,,0,19554.23,0.999,,0
btc-updown-15m-1775865600,1775865600,0,0.45,0.46,0.455,0.01,319.47,105.68,0.54,0.55,112
btc-updown-15m-1775865600,1775865600,15,0.4,0.41,0.405,0.01,291.03,320.02,0.59,0.6,103
btc-updown-15m-1775865600,1775865600,30,0.42,0.43,0.425,0.01,160,444.45,0.57,0.58,1
btc-updown-15m-1775865600,1775865600,45,0.44,0.45,0.445,0.01,589.54,2934.15,0.55,0.56,11
btc-updown-15m-1775865600,1775865600,60,0.41,0.42,0.415,0.01,224.05,501.51,0.58,0.59,1
btc-updown-15m-1775865600,1775865600,75,0.21,0.22,0.215,0.01,320.06,589.01,0.78,0.79,382
btc-updown-15m-1775865600,1775865600,90,0.23,0.24,0.235,0.01,239.73,275.46,0.76,0.77,17
btc-updown-15m-1775865600,1775865600,105,0.29,0.3,0.295,0.01,365.57,271.94,0.7,0.71,1
btc-updown-15m-1775865600,1775865600,120,0.28,0.29,0.285,0.01,106.54,573.34,0.71,0.72,0
btc-updown-15m-1775865600,1775865600,135,0.21,0.22,0.215,0.01,446.57,274.43,0.78,0.79,8
btc-updown-15m-1775865600,1775865600,150,0.22,0.23,0.225,0.01,255.69,209.33,0.77,0.78,18
btc-updown-15m-1775865600,1775865600,165,0.22,0.23,0.225,0.01,219.46,623.19,0.77,0.78,103
btc-updown-15m-1775865600,1775865600,180,0.31,0.32,0.315,0.01,164.99,124.31,0.68,0.69,3
btc-updown-15m-1775865600,1775865600,195,0.41,0.46,0.435,0.05,207.61,759.66,0.54,0.59,7
btc-updown-15m-1775865600,1775865600,210,0.5,0.52,0.51,0.02,28.46,91.41,0.48,0.5,0
btc-updown-15m-1775865600,1775865600,225,0.43,0.44,0.435,0.01,64.91,200.73,0.56,0.57,142
btc-updown-15m-1775865600,1775865600,240,0.31,0.33,0.32,0.02,223.58,328.72,0.67,0.69,25
btc-updown-15m-1775865600,1775865600,255,0.31,0.32,0.315,0.01,180.11,53.41,0.68,0.69,53
btc-updown-15m-1775865600,1775865600,270,0.26,0.27,0.265,0.01,1197.06,158.69,0.73,0.74,55
btc-updown-15m-1775865600,1775865600,285,0.24,0.25,0.245,0.01,139.67,736.3,0.75,0.76,4
btc-updown-15m-1775865600,1775865600,300,0.15,0.16,0.155,0.01,207.38,81.69,0.84,0.85,16
btc-updown-15m-1775865600,1775865600,315,0.12,0.13,0.125,0.01,401.44,177.24,0.87,0.88,11
btc-updown-15m-1775865600,1775865600,330,0.13,0.14,0.135,0.01,530.42,557.16,0.86,0.87,20
btc-updown-15m-1775865600,1775865600,345,0.14,0.15,0.145,0.01,410.8,529.32,0.85,0.86,8
btc-updown-15m-1775865600,1775865600,360,0.13,0.14,0.135,0.01,422.12,339.31,0.86,0.87,13
btc-updown-15m-1775865600,1775865600,375,0.14,0.15,0.145,0.01,239.48,489.69,0.85,0.86,254
btc-updown-15m-1775865600,1775865600,390,0.12,0.13,0.125,0.01,452.89,355.28,0.87,0.88,33
btc-updown-15m-1775865600,1775865600,405,0.12,0.13,0.125,0.01,418.75,348.86,0.87,0.88,57
btc-updown-15m-1775865600,1775865600,420,0.11,0.12,0.115,0.01,456.95,515.29,0.88,0.89,62
btc-updown-15m-1775865600,1775865600,435,0.09,0.1,0.095,0.01,237.56,549.55,0.9,0.91,16
btc-updown-15m-1775865600,1775865600,450,0.09,0.1,0.095,0.01,283.7,454.2,0.9,0.91,76
btc-updown-15m-1775865600,1775865600,465,0.08,0.09,0.085,0.01,725.7,563.88,0.91,0.92,57
btc-updown-15m-1775865600,1775865600,480,0.07,0.08,0.075,0.01,943.32,705.52,0.92,0.93,61
btc-updown-15m-1775865600,1775865600,495,0.06,0.07,0.065,0.01,1346.35,860.21,0.93,0.94,141
btc-updown-15m-1775865600,1775865600,510,0.06,0.07,0.065,0.01,898.3,626.63,0.93,0.94,13
btc-updown-15m-1775865600,1775865600,525,0.05,0.07,0.06,0.02,1968.1,578.49,0.93,0.95,5
btc-updown-15m-1775865600,1775865600,540,0.1,0.11,0.105,0.01,821.23,283.74,0.89,0.9,0
btc-updown-15m-1775865600,1775865600,555,0.08,0.09,0.085,0.01,646.14,554.9,0.91,0.92,151
btc-updown-15m-1775865600,1775865600,570,0.08,0.09,0.085,0.01,669.09,529.37,0.91,0.92,2
btc-updown-15m-1775865600,1775865600,585,0.08,0.09,0.085,0.01,1655.31,433.78,0.91,0.92,628
btc-updown-15m-1775865600,1775865600,600,0.07,0.08,0.075,0.01,568.24,431.37,0.92,0.93,54
btc-updown-15m-1775865600,1775865600,615,0.07,0.08,0.075,0.01,658.46,242.97,0.92,0.93,6
btc-updown-15m-1775865600,1775865600,630,0.06,0.07,0.065,0.01,809.67,242.4,0.93,0.94,29
btc-updown-15m-1775865600,1775865600,645,0.06,0.07,0.065,0.01,657.41,804.24,0.93,0.94,15
btc-updown-15m-1775865600,1775865600,660,0.03,0.04,0.035,0.01,4489.05,493.78,0.96,0.97,38
btc-updown-15m-1775865600,1775865600,675,0.02,0.03,0.025,0.01,3999.13,1042.44,0.97,0.98,165
btc-updown-15m-1775865600,1775865600,690,0.02,0.03,0.025,0.01,4287.74,667.12,0.97,0.98,148
btc-updown-15m-1775865600,1775865600,705,0.03,0.04,0.035,0.01,4178.03,755.58,0.96,0.97,1381
btc-updown-15m-1775865600,1775865600,720,0.04,0.05,0.045,0.01,1342.02,278.74,0.95,0.96,8
btc-updown-15m-1775865600,1775865600,735,0.04,0.05,0.045,0.01,1102.85,301.7,0.95,0.96,316
btc-updown-15m-1775865600,1775865600,750,0.1,0.11,0.105,0.01,262,98.49,0.89,0.9,338
btc-updown-15m-1775865600,1775865600,765,0.11,0.12,0.115,0.01,154.38,245.68,0.88,0.89,68
btc-updown-15m-1775865600,1775865600,780,0.07,0.08,0.075,0.01,1014.92,763.3,0.92,0.93,26
btc-updown-15m-1775865600,1775865600,795,0.04,0.05,0.045,0.01,952.54,875.53,0.95,0.96,575
btc-updown-15m-1775865600,1775865600,810,0.02,0.03,0.025,0.01,3474.82,825.96,0.97,0.98,204
btc-updown-15m-1775865600,1775865600,825,0.01,0.02,0.015,0.01,1785.46,1622.64,0.98,0.99,256
btc-updown-15m-1775865600,1775865600,840,0.01,0.02,0.015,0.01,1612.02,1741.5,0.98,0.99,31
btc-updown-15m-1775865600,1775865600,845,0.01,0.02,0.015,0.01,2057.84,805.59,0.98,0.99,181
btc-updown-15m-1775865600,1775865600,850,0.01,0.02,0.015,0.01,1426.22,830.38,0.98,0.99,182
btc-updown-15m-1775865600,1775865600,855,,0.01,,,0,1339.1,0.99,,102
btc-updown-15m-1775865600,1775865600,860,,0.01,,,0,3328.71,0.99,,45
btc-updown-15m-1775865600,1775865600,865,,0.01,,,0,6243.64,0.99,,66
btc-updown-15m-1775865600,1775865600,870,,0.01,,,0,6248.67,0.99,,19
btc-updown-15m-1775865600,1775865600,875,,0.01,,,0,8361.22,0.99,,0
btc-updown-15m-1775865600,1775865600,880,,0.01,,,0,7531.33,0.99,,1
btc-updown-15m-1775865600,1775865600,885,,0.01,,,0,7557.49,0.99,,174
btc-updown-15m-1775865600,1775865600,890,,0.01,,,0,7775.49,0.99,,379
btc-updown-15m-1775865600,1775865600,895,,0.01,,,0,19048.59,0.99,,537
btc-updown-15m-1775865600,1775865600,897,,0.01,,,0,20458.59,0.99,,23
btc-updown-15m-1775865600,1775865600,899,,0.01,,,0,34449.37,0.99,,16
btc-updown-15m-1775865600,1775865600,900,,0.01,,,0,93170.54,0.99,,53
btc-updown-15m-1775875500,1775875500,0,0.44,0.45,0.445,0.01,308.49,837.2,0.55,0.56,186
btc-updown-15m-1775875500,1775875500,15,0.37,0.38,0.375,0.01,457.74,1248.81,0.62,0.63,2
btc-updown-15m-1775875500,1775875500,30,0.34,0.35,0.345,0.01,309.51,697.64,0.65,0.66,87
btc-updown-15m-1775875500,1775875500,45,0.39,0.4,0.395,0.01,1092.27,426.64,0.6,0.61,10
btc-updown-15m-1775875500,1775875500,60,0.44,0.45,0.445,0.01,218,462.26,0.55,0.56,6
btc-updown-15m-1775875500,1775875500,75,0.4,0.41,0.405,0.01,742.12,447.99,0.59,0.6,53
btc-updown-15m-1775875500,1775875500,90,0.39,0.4,0.395,0.01,552.14,511.94,0.6,0.61,12
btc-updown-15m-1775875500,1775875500,105,0.39,0.4,0.395,0.01,582.88,631.3,0.6,0.61,99
btc-updown-15m-1775875500,1775875500,120,0.38,0.39,0.385,0.01,620.41,445.61,0.61,0.62,764
btc-updown-15m-1775875500,1775875500,135,0.32,0.33,0.325,0.01,311.04,505.34,0.67,0.68,18
btc-updown-15m-1775875500,1775875500,150,0.36,0.37,0.365,0.01,534.69,511.5,0.63,0.64,13
btc-updown-15m-1775875500,1775875500,165,0.32,0.33,0.325,0.01,403.05,499.45,0.67,0.68,27
btc-updown-15m-1775875500,1775875500,180,0.38,0.39,0.385,0.01,647.03,683.93,0.61,0.62,62
btc-updown-15m-1775875500,1775875500,195,0.37,0.38,0.375,0.01,418.37,721.64,0.62,0.63,69
btc-updown-15m-1775875500,1775875500,210,0.26,0.27,0.265,0.01,713.02,139.63,0.73,0.74,51
btc-updown-15m-1775875500,1775875500,225,0.28,0.29,0.285,0.01,761.63,884.31,0.71,0.72,67
btc-updown-15m-1775875500,1775875500,240,0.29,0.3,0.295,0.01,859.17,475.91,0.7,0.71,32
btc-updown-15m-1775875500,1775875500,255,0.22,0.23,0.225,0.01,679.57,877.97,0.77,0.78,152
btc-updown-15m-1775875500,1775875500,270,0.22,0.23,0.225,0.01,242.22,964.63,0.77,0.78,17
btc-updown-15m-1775875500,1775875500,285,0.19,0.2,0.195,0.01,263.24,454.62,0.8,0.81,4
btc-updown-15m-1775875500,1775875500,300,0.2,0.21,0.205,0.01,193.69,358.69,0.79,0.8,14
btc-updown-15m-1775875500,1775875500,315,0.21,0.22,0.215,0.01,153.95,573.19,0.78,0.79,15
btc-updown-15m-1775875500,1775875500,330,0.21,0.22,0.215,0.01,331.92,336.06,0.78,0.79,2
btc-updown-15m-1775875500,1775875500,345,0.22,0.23,0.225,0.01,378.98,567.21,0.77,0.78,40
btc-updown-15m-1775875500,1775875500,360,0.28,0.29,0.285,0.01,401.27,190.76,0.71,0.72,77
btc-updown-15m-1775875500,1775875500,375,0.31,0.32,0.315,0.01,422.25,327.08,0.68,0.69,71
btc-updown-15m-1775875500,1775875500,390,0.31,0.32,0.315,0.01,474.9,397.77,0.68,0.69,3
btc-updown-15m-1775875500,1775875500,405,0.29,0.3,0.295,0.01,480.2,797.45,0.7,0.71,54
btc-updown-15m-1775875500,1775875500,420,0.28,0.29,0.285,0.01,375.78,750.64,0.71,0.72,38
btc-updown-15m-1775875500,1775875500,435,0.26,0.27,0.265,0.01,199.5,471.23,0.73,0.74,56
btc-updown-15m-1775875500,1775875500,450,0.26,0.27,0.265,0.01,279.74,485.45,0.73,0.74,58
btc-updown-15m-1775875500,1775875500,465,0.17,0.18,0.175,0.01,171.99,737.16,0.82,0.83,23
btc-updown-15m-1775875500,1775875500,480,0.12,0.13,0.125,0.01,589.78,302.81,0.87,0.88,67
btc-updown-15m-1775875500,1775875500,495,0.06,0.07,0.065,0.01,1287.12,356.78,0.93,0.94,71
btc-updown-15m-1775875500,1775875500,510,0.09,0.1,0.095,0.01,686.23,492.5,0.9,0.91,2
btc-updown-15m-1775875500,1775875500,525,0.07,0.08,0.075,0.01,753.33,728.95,0.92,0.93,302
btc-updown-15m-1775875500,1775875500,540,0.06,0.08,0.07,0.02,1148.91,477.68,0.92,0.94,35
btc-updown-15m-1775875500,1775875500,555,0.06,0.07,0.065,0.01,1329.04,533.65,0.93,0.94,1
btc-updown-15m-1775875500,1775875500,570,0.06,0.07,0.065,0.01,1018.79,670.52,0.93,0.94,23
btc-updown-15m-1775875500,1775875500,585,0.04,0.05,0.045,0.01,1563.8,793.34,0.95,0.96,67
btc-updown-15m-1775875500,1775875500,600,0.07,0.08,0.075,0.01,583.84,1016.1,0.92,0.93,65
btc-updown-15m-1775875500,1775875500,615,0.12,0.13,0.125,0.01,556.46,182.54,0.87,0.88,22
btc-updown-15m-1775875500,1775875500,630,0.09,0.1,0.095,0.01,563.52,1172.5,0.9,0.91,40
btc-updown-15m-1775875500,1775875500,645,0.19,0.2,0.195,0.01,371.35,584.45,0.8,0.81,29
btc-updown-15m-1775875500,1775875500,660,0.31,0.32,0.315,0.01,39.02,107.99,0.68,0.69,7
btc-updown-15m-1775875500,1775875500,675,0.29,0.3,0.295,0.01,50.02,62.47,0.7,0.71,9
btc-updown-15m-1775875500,1775875500,690,0.14,0.15,0.145,0.01,362.74,127.1,0.85,0.86,33
btc-updown-15m-1775875500,1775875500,705,0.2,0.21,0.205,0.01,126.58,228.72,0.79,0.8,33
btc-updown-15m-1775875500,1775875500,720,0.19,0.2,0.195,0.01,412.91,154.87,0.8,0.81,5
btc-updown-15m-1775875500,1775875500,735,0.18,0.19,0.185,0.01,223.63,65.33,0.81,0.82,59
btc-updown-15m-1775875500,1775875500,750,0.27,0.28,0.275,0.01,100.83,32.39,0.72,0.73,5
btc-updown-15m-1775875500,1775875500,765,0.29,0.3,0.295,0.01,2821.61,75.98,0.7,0.71,117
btc-updown-15m-1775875500,1775875500,780,0.32,0.33,0.325,0.01,64.99,41.48,0.67,0.68,35
btc-updown-15m-1775875500,1775875500,795,0.3,0.31,0.305,0.01,174.98,194.7,0.69,0.7,17
btc-updown-15m-1775875500,1775875500,810,0.18,0.2,0.19,0.02,140.94,30.3,0.8,0.82,8
btc-updown-15m-1775875500,1775875500,825,0.16,0.17,0.165,0.01,447.34,191.49,0.83,0.84,77
btc-updown-15m-1775875500,1775875500,840,0.12,0.14,0.13,0.02,759.13,90.68,0.86,0.88,163
btc-updown-15m-1775875500,1775875500,845,0.12,0.13,0.125,0.01,1148.68,176.23,0.87,0.88,0
btc-updown-15m-1775875500,1775875500,850,0.12,0.13,0.125,0.01,569.84,176.23,0.87,0.88,100
btc-updown-15m-1775875500,1775875500,855,0.15,0.16,0.155,0.01,403.93,180.68,0.84,0.85,911
btc-updown-15m-1775875500,1775875500,860,0.15,0.16,0.155,0.01,361.29,204.44,0.84,0.85,0
btc-updown-15m-1775875500,1775875500,865,0.16,0.17,0.165,0.01,278.49,174.64,0.83,0.84,109
btc-updown-15m-1775875500,1775875500,870,0.13,0.14,0.135,0.01,32.01,65.88,0.86,0.87,15
btc-updown-15m-1775875500,1775875500,875,0.1,0.11,0.105,0.01,1195.12,313.31,0.89,0.9,127
btc-updown-15m-1775875500,1775875500,880,0.09,0.1,0.095,0.01,1073.48,275.69,0.9,0.91,42
btc-updown-15m-1775875500,1775875500,885,0.09,0.1,0.095,0.01,659.64,328.69,0.9,0.91,528
btc-updown-15m-1775875500,1775875500,890,0.09,0.1,0.095,0.01,307.64,2342.41,0.9,0.91,21
btc-updown-15m-1775875500,1775875500,895,0.08,0.09,0.085,0.01,251.79,679.94,0.91,0.92,91
btc-updown-15m-1775875500,1775875500,897,0.06,0.08,0.07,0.02,655.35,730.95,0.92,0.94,22
btc-updown-15m-1775875500,1775875500,899,,0.01,,,0,3593.16,0.99,,0
btc-updown-15m-1775875500,1775875500,900,,0.01,,,0,15501.48,0.99,,179
btc-updown-15m-1775886300,1775886300,0,0.45,0.48,0.465,0.03,411.73,280.38,0.52,0.55,347
btc-updown-15m-1775886300,1775886300,15,0.49,0.5,0.495,0.01,846.71,301.78,0.5,0.51,52
btc-updown-15m-1775886300,1775886300,30,0.47,0.48,0.475,0.01,803.15,306.33,0.52,0.53,4
btc-updown-15m-1775886300,1775886300,45,0.47,0.48,0.475,0.01,853.26,261.92,0.52,0.53,438
btc-updown-15m-1775886300,1775886300,60,0.47,0.48,0.475,0.01,798.93,559.25,0.52,0.53,21
btc-updown-15m-1775886300,1775886300,75,0.47,0.48,0.475,0.01,1059.24,252.91,0.52,0.53,59
btc-updown-15m-1775886300,1775886300,90,0.38,0.39,0.385,0.01,381.5,606.53,0.61,0.62,158
btc-updown-15m-1775886300,1775886300,105,0.33,0.34,0.335,0.01,420.07,376.37,0.66,0.67,36
btc-updown-15m-1775886300,1775886300,120,0.3,0.32,0.31,0.02,369.33,432.33,0.68,0.7,4
btc-updown-15m-1775886300,1775886300,135,0.3,0.31,0.305,0.01,383.62,243.64,0.69,0.7,418
btc-updown-15m-1775886300,1775886300,150,0.44,0.45,0.445,0.01,341.31,518.72,0.55,0.56,11
btc-updown-15m-1775886300,1775886300,165,0.28,0.29,0.285,0.01,105.4,546.12,0.71,0.72,86
btc-updown-15m-1775886300,1775886300,180,0.27,0.28,0.275,0.01,328.54,428.16,0.72,0.73,52
btc-updown-15m-1775886300,1775886300,195,0.27,0.28,0.275,0.01,342.29,237.66,0.72,0.73,7
btc-updown-15m-1775886300,1775886300,210,0.33,0.34,0.335,0.01,410.8,595.9,0.66,0.67,26
btc-updown-15m-1775886300,1775886300,225,0.38,0.39,0.385,0.01,501,608.5,0.61,0.62,55
btc-updown-15m-1775886300,1775886300,240,0.34,0.35,0.345,0.01,170.6,797.5,0.65,0.66,421
btc-updown-15m-1775886300,1775886300,255,0.33,0.34,0.335,0.01,219.92,660.75,0.66,0.67,74
btc-updown-15m-1775886300,1775886300,270,0.32,0.33,0.325,0.01,389.38,635.92,0.67,0.68,47
btc-updown-15m-1775886300,1775886300,285,0.32,0.33,0.325,0.01,237.2,668.87,0.67,0.68,73
btc-updown-15m-1775886300,1775886300,300,0.32,0.33,0.325,0.01,231.24,601.32,0.67,0.68,32
btc-updown-15m-1775886300,1775886300,315,0.3,0.31,0.305,0.01,311.34,391,0.69,0.7,0
btc-updown-15m-1775886300,1775886300,330,0.3,0.32,0.31,0.02,486.57,337.69,0.68,0.7,27
btc-updown-15m-1775886300,1775886300,345,0.3,0.31,0.305,0.01,568.65,284.47,0.69,0.7,72
btc-updown-15m-1775886300,1775886300,360,0.21,0.22,0.215,0.01,421,362.48,0.78,0.79,73
btc-updown-15m-1775886300,1775886300,375,0.17,0.18,0.175,0.01,566.78,401.69,0.82,0.83,9
btc-updown-15m-1775886300,1775886300,390,0.17,0.18,0.175,0.01,549.74,136.5,0.82,0.83,2
btc-updown-15m-1775886300,1775886300,405,0.18,0.19,0.185,0.01,434.19,265.66,0.81,0.82,52
btc-updown-15m-1775886300,1775886300,420,0.2,0.21,0.205,0.01,520.6,209.5,0.79,0.8,10
btc-updown-15m-1775886300,1775886300,435,0.2,0.21,0.205,0.01,396.5,249.11,0.79,0.8,61
btc-updown-15m-1775886300,1775886300,450,0.19,0.2,0.195,0.01,463.16,292.1,0.8,0.81,63
btc-updown-15m-1775886300,1775886300,465,0.17,0.18,0.175,0.01,309.86,429,0.82,0.83,3
btc-updown-15m-1775886300,1775886300,480,0.11,0.12,0.115,0.01,306.46,502.65,0.88,0.89,87
btc-updown-15m-1775886300,1775886300,495,0.09,0.1,0.095,0.01,1304.02,181.44,0.9,0.91,601
btc-updown-15m-1775886300,1775886300,510,0.09,0.1,0.095,0.01,1182.74,288.13,0.9,0.91,1
btc-updown-15m-1775886300,1775886300,525,0.09,0.1,0.095,0.01,1068.62,519.6,0.9,0.91,11
btc-updown-15m-1775886300,1775886300,540,0.07,0.08,0.075,0.01,1480,512.34,0.92,0.93,39
btc-updown-15m-1775886300,1775886300,555,0.07,0.08,0.075,0.01,1196.25,610.95,0.92,0.93,12
btc-updown-15m-1775886300,1775886300,570,0.07,0.08,0.075,0.01,1144.92,512.24,0.92,0.93,69
btc-updown-15m-1775886300,1775886300,585,0.16,0.17,0.165,0.01,543.15,348.5,0.83,0.84,66
btc-updown-15m-1775886300,1775886300,600,0.14,0.15,0.145,0.01,778.82,193.5,0.85,0.86,125
btc-updown-15m-1775886300,1775886300,615,0.11,0.12,0.115,0.01,138.52,841.72,0.88,0.89,1
btc-updown-15m-1775886300,1775886300,630,0.06,0.07,0.065,0.01,845.12,729.46,0.93,0.94,10
btc-updown-15m-1775886300,1775886300,645,0.03,0.04,0.035,0.01,8013.63,1106,0.96,0.97,14
btc-updown-15m-1775886300,1775886300,660,0.03,0.04,0.035,0.01,8498.85,1547.77,0.96,0.97,50
btc-updown-15m-1775886300,1775886300,675,0.01,0.02,0.015,0.01,7164.72,1517.4,0.98,0.99,55
btc-updown-15m-1775886300,1775886300,690,0.01,0.02,0.015,0.01,1863.04,2006.42,0.98,0.99,526
btc-updown-15m-1775886300,1775886300,705,0.01,0.02,0.015,0.01,1502.23,2278.47,0.98,0.99,16
btc-updown-15m-1775886300,1775886300,720,0.01,0.02,0.015,0.01,699.16,2283.31,0.98,0.99,1
btc-updown-15m-1775886300,1775886300,735,,0.01,,,0,1957.11,0.99,,60
btc-updown-15m-1775886300,1775886300,750,,0.01,,,0,1414.07,0.99,,76
btc-updown-15m-1775886300,1775886300,765,,0.01,,,0,1532.86,0.99,,58
btc-updown-15m-1775886300,1775886300,780,,0.01,,,0,1944.67,0.99,,10
btc-updown-15m-1775886300,1775886300,795,,0.01,,,0,1915.99,0.99,,100
btc-updown-15m-1775886300,1775886300,810,0.002,0.01,0.006,0.008,452.5,619.97,0.99,0.998,138
btc-updown-15m-1775886300,1775886300,825,0.001,0.002,0.0015,0.001,673,872.17,0.998,0.999,117
btc-updown-15m-1775886300,1775886300,840,0.001,0.01,0.0055,0.009,46.06,982.71,0.99,0.999,15
btc-updown-15m-1775886300,1775886300,845,0.001,0.009,0.005,0.008,46.06,778.44,0.991,0.999,0
btc-updown-15m-1775886300,1775886300,850,,0.008,,,0,2835.57,0.992,,236
btc-updown-15m-1775886300,1775886300,855,,0.008,,,0,2674.4,0.992,,102
btc-updown-15m-1775886300,1775886300,860,0.001,0.01,0.0055,0.009,5,3311.64,0.99,0.999,3
btc-updown-15m-1775886300,1775886300,865,,0.01,,,0,4775.31,0.99,,33
btc-updown-15m-1775886300,1775886300,870,0.001,0.009,0.005,0.008,10,4965.57,0.991,0.999,233
btc-updown-15m-1775886300,1775886300,875,0.001,0.009,0.005,0.008,10,6473.19,0.991,0.999,7
btc-updown-15m-1775886300,1775886300,880,,0.001,,,0,9868.2,0.999,,83
btc-updown-15m-1775886300,1775886300,885,,0.009,,,0,6334.78,0.991,,74
btc-updown-15m-1775886300,1775886300,890,0.001,0.003,0.002,0.002,21.82,6306.45,0.997,0.999,45
btc-updown-15m-1775886300,1775886300,895,,0.01,,,0,6674.7,0.99,,61
btc-updown-15m-1775886300,1775886300,897,,0.01,,,0,6417.44,0.99,,128
btc-updown-15m-1775886300,1775886300,899,,0.001,,,0,10377.67,0.999,,37
btc-updown-15m-1775886300,1775886300,900,,0.001,,,0,57894.25,0.999,,22
btc-updown-15m-1775896200,1775896200,0,0.48,0.49,0.485,0.01,777.71,393.42,0.51,0.52,802
btc-updown-15m-1775896200,1775896200,15,0.6,0.61,0.605,0.01,514.9,158.41,0.39,0.4,19
btc-updown-15m-1775896200,1775896200,30,0.61,0.62,0.615,0.01,384.49,285.39,0.38,0.39,0
btc-updown-15m-1775896200,1775896200,45,0.6,0.61,0.605,0.01,416.99,411.21,0.39,0.4,263
btc-updown-15m-1775896200,1775896200,60,0.6,0.61,0.605,0.01,515.49,403.26,0.39,0.4,58
btc-updown-15m-1775896200,1775896200,75,0.68,0.69,0.685,0.01,491.31,359.82,0.31,0.32,50
btc-updown-15m-1775896200,1775896200,90,0.68,0.69,0.685,0.01,653.66,407.52,0.31,0.32,32
btc-updown-15m-1775896200,1775896200,105,0.64,0.65,0.645,0.01,367.49,336.22,0.35,0.36,66
btc-updown-15m-1775896200,1775896200,120,0.54,0.55,0.545,0.01,464.35,321.93,0.45,0.46,29
btc-updown-15m-1775896200,1775896200,135,0.54,0.55,0.545,0.01,814.08,268.55,0.45,0.46,32
btc-updown-15m-1775896200,1775896200,150,0.54,0.55,0.545,0.01,710.21,378.87,0.45,0.46,333
btc-updown-15m-1775896200,1775896200,165,0.5,0.51,0.505,0.01,867.09,261.72,0.49,0.5,57
btc-updown-15m-1775896200,1775896200,180,0.5,0.51,0.505,0.01,1052.09,296.86,0.49,0.5,56
btc-updown-15m-1775896200,1775896200,195,0.5,0.51,0.505,0.01,1014.39,395.94,0.49,0.5,48
btc-updown-15m-1775896200,1775896200,210,0.5,0.52,0.51,0.02,1112.39,517.34,0.48,0.5,71
btc-updown-15m-1775896200,1775896200,225,0.53,0.54,0.535,0.01,100.52,557.6,0.46,0.47,33
btc-updown-15m-1775896200,1775896200,240,0.52,0.53,0.525,0.01,84,546.5,0.47,0.48,13
btc-updown-15m-1775896200,1775896200,255,0.51,0.52,0.515,0.01,488.49,403.57,0.48,0.49,61
btc-updown-15m-1775896200,1775896200,270,0.52,0.53,0.525,0.01,341,485.85,0.47,0.48,66
btc-updown-15m-1775896200,1775896200,285,0.52,0.53,0.525,0.01,311,470.68,0.47,0.48,59
btc-updown-15m-1775896200,1775896200,300,0.32,0.34,0.33,0.02,377.87,382.33,0.66,0.68,1
btc-updown-15m-1775896200,1775896200,315,0.21,0.23,0.22,0.02,102,273.4,0.77,0.79,0
btc-updown-15m-1775896200,1775896200,330,0.21,0.23,0.22,0.02,259.63,384.4,0.77,0.79,36
btc-updown-15m-1775896200,1775896200,345,0.2,0.21,0.205,0.01,251.97,745.78,0.79,0.8,96
btc-updown-15m-1775896200,1775896200,360,0.19,0.2,0.195,0.01,484.88,1159.44,0.8,0.81,46
btc-updown-15m-1775896200,1775896200,375,0.21,0.22,0.215,0.01,909.65,2780.8,0.78,0.79,25
btc-updown-15m-1775896200,1775896200,390,0.2,0.21,0.205,0.01,847.38,2127.87,0.79,0.8,5
btc-updown-15m-1775896200,1775896200,405,0.2,0.21,0.205,0.01,1877.49,1717.06,0.79,0.8,48
btc-updown-15m-1775896200,1775896200,420,0.21,0.22,0.215,0.01,1616.67,1856.19,0.78,0.79,48
btc-updown-15m-1775896200,1775896200,435,0.21,0.22,0.215,0.01,1145.9,1484.87,0.78,0.79,52
btc-updown-15m-1775896200,1775896200,450,0.2,0.21,0.205,0.01,1279.37,793.06,0.79,0.8,30
btc-updown-15m-1775896200,1775896200,465,0.25,0.26,0.255,0.01,1037.49,1897.32,0.74,0.75,7
btc-updown-15m-1775896200,1775896200,480,0.24,0.25,0.245,0.01,1150.81,1183.18,0.75,0.76,17
btc-updown-15m-1775896200,1775896200,495,0.24,0.25,0.245,0.01,723.42,953.52,0.75,0.76,16
btc-updown-15m-1775896200,1775896200,510,0.24,0.25,0.245,0.01,935.99,676.52,0.75,0.76,68
btc-updown-15m-1775896200,1775896200,525,0.24,0.25,0.245,0.01,1023.96,995.42,0.75,0.76,47
btc-updown-15m-1775896200,1775896200,540,0.26,0.27,0.265,0.01,702.18,1078.59,0.73,0.74,11
btc-updown-15m-1775896200,1775896200,555,0.25,0.26,0.255,0.01,747.97,979.15,0.74,0.75,2
btc-updown-15m-1775896200,1775896200,570,0.24,0.25,0.245,0.01,974.54,747.23,0.75,0.76,48
btc-updown-15m-1775896200,1775896200,585,0.24,0.25,0.245,0.01,919.89,874.09,0.75,0.76,67
btc-updown-15m-1775896200,1775896200,600,0.24,0.25,0.245,0.01,809.04,86.15,0.75,0.76,0
btc-updown-15m-1775896200,1775896200,615,0.24,0.25,0.245,0.01,603.56,960.32,0.75,0.76,1
btc-updown-15m-1775896200,1775896200,630,0.24,0.25,0.245,0.01,949.14,613,0.75,0.76,33
btc-updown-15m-1775896200,1775896200,645,0.25,0.26,0.255,0.01,954.58,831.96,0.74,0.75,0
btc-updown-15m-1775896200,1775896200,660,0.2,0.21,0.205,0.01,952.33,668.33,0.79,0.8,64
btc-updown-15m-1775896200,1775896200,675,0.19,0.2,0.195,0.01,753.18,1173.2,0.8,0.81,79
btc-updown-15m-1775896200,1775896200,690,0.19,0.2,0.195,0.01,940.9,883.23,0.8,0.81,39
btc-updown-15m-1775896200,1775896200,705,0.2,0.21,0.205,0.01,638.52,1163.43,0.79,0.8,15
btc-updown-15m-1775896200,1775896200,720,0.18,0.19,0.185,0.01,456,1084.04,0.81,0.82,46
btc-updown-15m-1775896200,1775896200,735,0.14,0.15,0.145,0.01,836.81,915.63,0.85,0.86,38
btc-updown-15m-1775896200,1775896200,750,0.14,0.15,0.145,0.01,458.37,1154.62,0.85,0.86,14
btc-updown-15m-1775896200,1775896200,765,0.21,0.22,0.215,0.01,824.37,773,0.78,0.79,14
btc-updown-15m-1775896200,1775896200,780,0.24,0.25,0.245,0.01,781.87,349.5,0.75,0.76,44
btc-updown-15m-1775896200,1775896200,795,0.24,0.25,0.245,0.01,754.63,547.99,0.75,0.76,176
btc-updown-15m-1775896200,1775896200,810,0.26,0.27,0.265,0.01,546.5,587.49,0.73,0.74,16
btc-updown-15m-1775896200,1775896200,825,0.61,0.62,0.615,0.01,671.16,649.43,0.38,0.39,82
btc-updown-15m-1775896200,1775896200,840,0.51,0.52,0.515,0.01,214.58,742.13,0.48,0.49,348
btc-updown-15m-1775896200,1775896200,845,0.52,0.53,0.525,0.01,186.09,642.35,0.47,0.48,114
btc-updown-15m-1775896200,1775896200,850,0.48,0.49,0.485,0.01,11.28,796.41,0.51,0.52,17
btc-updown-15m-1775896200,1775896200,855,0.22,0.23,0.225,0.01,49.34,528.58,0.77,0.78,56
btc-updown-15m-1775896200,1775896200,860,0.17,0.18,0.175,0.01,391.52,120.92,0.82,0.83,16
btc-updown-15m-1775896200,1775896200,865,0.15,0.16,0.155,0.01,233.9,344.33,0.84,0.85,13
btc-updown-15m-1775896200,1775896200,870,0.16,0.17,0.165,0.01,491.9,254,0.83,0.84,60
btc-updown-15m-1775896200,1775896200,875,0.18,0.19,0.185,0.01,178.8,75.22,0.81,0.82,29
btc-updown-15m-1775896200,1775896200,880,0.16,0.19,0.175,0.03,31,125.46,0.81,0.84,20
btc-updown-15m-1775896200,1775896200,885,0.15,0.18,0.165,0.03,95.86,119,0.82,0.85,11
btc-updown-15m-1775896200,1775896200,890,0.15,0.22,0.185,0.07,83.45,115,0.78,0.85,6
btc-updown-15m-1775896200,1775896200,895,0.21,0.59,0.4,0.38,61,107.7,0.41,0.79,14
btc-updown-15m-1775896200,1775896200,897,0.22,0.59,0.405,0.37,34.19,105.5,0.41,0.78,38
btc-updown-15m-1775896200,1775896200,899,0.59,0.63,0.61,0.04,602.83,31.84,0.37,0.41,54
btc-updown-15m-1775896200,1775896200,900,0.04,0.19,0.115,0.15,794.14,225,0.81,0.96,7
btc-updown-15m-1775907000,1775907000,0,0.46,0.47,0.465,0.01,1301.34,59.77,0.53,0.54,51
btc-updown-15m-1775907000,1775907000,15,0.45,0.46,0.455,0.01,1456.28,1281.81,0.54,0.55,729
btc-updown-15m-1775907000,1775907000,30,0.45,0.46,0.455,0.01,1339.49,1426.56,0.54,0.55,17
btc-updown-15m-1775907000,1775907000,45,0.44,0.45,0.445,0.01,986.6,1488.08,0.55,0.56,218
btc-updown-15m-1775907000,1775907000,60,0.44,0.45,0.445,0.01,954.14,1402.36,0.55,0.56,514
btc-updown-15m-1775907000,1775907000,75,0.44,0.45,0.445,0.01,971.49,1121.37,0.55,0.56,60
btc-updown-15m-1775907000,1775907000,90,0.51,0.52,0.515,0.01,1284.73,518,0.48,0.49,226
btc-updown-15m-1775907000,1775907000,105,0.57,0.58,0.575,0.01,876.8,814.13,0.42,0.43,65
btc-updown-15m-1775907000,1775907000,120,0.57,0.58,0.575,0.01,731.48,790.47,0.42,0.43,47
btc-updown-15m-1775907000,1775907000,135,0.57,0.58,0.575,0.01,494.55,970.54,0.42,0.43,14
btc-updown-15m-1775907000,1775907000,150,0.57,0.58,0.575,0.01,796.4,804.41,0.42,0.43,50
btc-updown-15m-1775907000,1775907000,165,0.51,0.52,0.515,0.01,382.8,983.6,0.48,0.49,61
btc-updown-15m-1775907000,1775907000,180,0.46,0.47,0.465,0.01,666.08,318,0.53,0.54,2
btc-updown-15m-1775907000,1775907000,195,0.46,0.47,0.465,0.01,1005.61,185,0.53,0.54,14
btc-updown-15m-1775907000,1775907000,210,0.48,0.49,0.485,0.01,681.33,625.81,0.51,0.52,66
btc-updown-15m-1775907000,1775907000,225,0.48,0.49,0.485,0.01,365.92,57.94,0.51,0.52,2
btc-updown-15m-1775907000,1775907000,240,0.56,0.57,0.565,0.01,1103.44,249,0.43,0.44,30
btc-updown-15m-1775907000,1775907000,255,0.58,0.6,0.59,0.02,524.87,650.34,0.4,0.42,124
btc-updown-15m-1775907000,1775907000,270,0.6,0.61,0.605,0.01,215.07,779.01,0.39,0.4,128
btc-updown-15m-1775907000,1775907000,285,0.55,0.56,0.555,0.01,407.9,839.04,0.44,0.45,0
btc-updown-15m-1775907000,1775907000,300,0.54,0.55,0.545,0.01,404.5,386.56,0.45,0.46,15
btc-updown-15m-1775907000,1775907000,315,0.54,0.55,0.545,0.01,604.32,677.41,0.45,0.46,12
btc-updown-15m-1775907000,1775907000,330,0.58,0.59,0.585,0.01,861.26,66,0.41,0.42,40
btc-updown-15m-1775907000,1775907000,345,0.58,0.59,0.585,0.01,1290.52,646.27,0.41,0.42,43
btc-updown-15m-1775907000,1775907000,360,0.59,0.6,0.595,0.01,1140.24,664.83,0.4,0.41,16
btc-updown-15m-1775907000,1775907000,375,0.64,0.65,0.645,0.01,943.5,131.5,0.35,0.36,13
btc-updown-15m-1775907000,1775907000,390,0.7,0.71,0.705,0.01,1255.33,376.38,0.29,0.3,76
btc-updown-15m-1775907000,1775907000,405,0.71,0.72,0.715,0.01,1269.98,666.74,0.28,0.29,259
btc-updown-15m-1775907000,1775907000,420,0.72,0.73,0.725,0.01,1246.92,397.24,0.27,0.28,47
btc-updown-15m-1775907000,1775907000,435,0.74,0.75,0.745,0.01,574,94.05,0.25,0.26,2
btc-updown-15m-1775907000,1775907000,450,0.67,0.68,0.675,0.01,923.54,501.21,0.32,0.33,77
btc-updown-15m-1775907000,1775907000,465,0.67,0.68,0.675,0.01,821.78,665.68,0.32,0.33,313
btc-updown-15m-1775907000,1775907000,480,0.68,0.69,0.685,0.01,734,803.3,0.31,0.32,16
btc-updown-15m-1775907000,1775907000,495,0.69,0.7,0.695,0.01,330.95,840.5,0.3,0.31,63
btc-updown-15m-1775907000,1775907000,510,0.71,0.72,0.715,0.01,811.66,721.5,0.28,0.29,13
btc-updown-15m-1775907000,1775907000,525,0.71,0.72,0.715,0.01,906.36,829,0.28,0.29,648
btc-updown-15m-1775907000,1775907000,540,0.73,0.74,0.735,0.01,827.7,836.1,0.26,0.27,55
btc-updown-15m-1775907000,1775907000,555,0.74,0.75,0.745,0.01,903.5,648.08,0.25,0.26,3
btc-updown-15m-1775907000,1775907000,570,0.82,0.83,0.825,0.01,717.22,410.61,0.17,0.18,25
btc-updown-15m-1775907000,1775907000,585,0.76,0.77,0.765,0.01,776.29,831.93,0.23,0.24,0
btc-updown-15m-1775907000,1775907000,600,0.78,0.79,0.785,0.01,343.99,315.93,0.21,0.22,73
btc-updown-15m-1775907000,1775907000,615,0.63,0.64,0.635,0.01,191,923.32,0.36,0.37,49
btc-updown-15m-1775907000,1775907000,630,0.62,0.63,0.625,0.01,392.1,1044.47,0.37,0.38,5
btc-updown-15m-1775907000,1775907000,645,0.62,0.63,0.625,0.01,641.81,1094.17,0.37,0.38,55
btc-updown-15m-1775907000,1775907000,660,0.61,0.62,0.615,0.01,600.62,495.47,0.38,0.39,304
btc-updown-15m-1775907000,1775907000,675,0.54,0.55,0.545,0.01,532.87,647.67,0.45,0.46,211
btc-updown-15m-1775907000,1775907000,690,0.61,0.62,0.615,0.01,251.9,393.34,0.38,0.39,29
btc-updown-15m-1775907000,1775907000,705,0.59,0.6,0.595,0.01,266.63,105.77,0.4,0.41,2
btc-updown-15m-1775907000,1775907000,720,0.71,0.72,0.715,0.01,377.78,632.47,0.28,0.29,37
btc-updown-15m-1775907000,1775907000,735,0.78,0.79,0.785,0.01,960.99,379.61,0.21,0.22,60
btc-updown-15m-1775907000,1775907000,750,0.81,0.82,0.815,0.01,295.05,803.52,0.18,0.19,443
btc-updown-15m-1775907000,1775907000,765,0.87,0.88,0.875,0.01,215,919.11,0.12,0.13,10
btc-updown-15m-1775907000,1775907000,780,0.88,0.89,0.885,0.01,949.43,371.33,0.11,0.12,40
btc-updown-15m-1775907000,1775907000,795,0.92,0.93,0.925,0.01,650.25,807.4,0.07,0.08,59
btc-updown-15m-1775907000,1775907000,810,0.93,0.94,0.935,0.01,1113.7,616.67,0.06,0.07,115
btc-updown-15m-1775907000,1775907000,825,0.94,0.95,0.945,0.01,997.47,937.6,0.05,0.06,300
btc-updown-15m-1775907000,1775907000,840,0.95,0.96,0.955,0.01,207.75,1567.25,0.04,0.05,0
btc-updown-15m-1775907000,1775907000,845,0.85,0.86,0.855,0.01,941.5,120.27,0.14,0.15,54
btc-updown-15m-1775907000,1775907000,850,0.87,0.88,0.875,0.01,972.11,138.65,0.12,0.13,36
btc-updown-15m-1775907000,1775907000,855,0.87,0.88,0.875,0.01,1082.64,244.03,0.12,0.13,57
btc-updown-15m-1775907000,1775907000,860,0.91,0.92,0.915,0.01,339.43,338.62,0.08,0.09,273
btc-updown-15m-1775907000,1775907000,865,0.92,0.93,0.925,0.01,554.26,224,0.07,0.08,4
btc-updown-15m-1775907000,1775907000,870,0.94,0.95,0.945,0.01,409.2,209.26,0.05,0.06,28
btc-updown-15m-1775907000,1775907000,875,0.95,0.96,0.955,0.01,611.02,814.15,0.04,0.05,6
btc-updown-15m-1775907000,1775907000,880,0.96,0.97,0.965,0.01,650.13,1417.13,0.03,0.04,58
btc-updown-15m-1775907000,1775907000,885,0.97,0.98,0.975,0.01,623.71,1042.41,0.02,0.03,2
btc-updown-15m-1775907000,1775907000,890,0.98,0.99,0.985,0.01,604.07,841.7,0.01,0.02,13
btc-updown-15m-1775907000,1775907000,895,0.98,0.99,0.985,0.01,323.63,272.77,0.01,0.02,54
btc-updown-15m-1775907000,1775907000,897,0.98,0.99,0.985,0.01,102.46,147.11,0.01,0.02,52
btc-updown-15m-1775907000,1775907000,899,0.99,,,,8203.9,0,,0.01,93
btc-updown-15m-1775907000,1775907000,900,0.99,,,,54528.2,0,,0.01,4
btc-updown-15m-1775916900,1775916900,0,0.42,0.43,0.425,0.01,281.49,533.81,0.57,0.58,53
btc-updown-15m-1775916900,1775916900,15,0.52,0.53,0.525,0.01,1101.32,794.36,0.47,0.48,20
btc-updown-15m-1775916900,1775916900,30,0.51,0.52,0.515,0.01,156.54,673.87,0.48,0.49,50
btc-updown-15m-1775916900,1775916900,45,0.47,0.48,0.475,0.01,394.34,70,0.52,0.53,18
btc-updown-15m-1775916900,1775916900,60,0.51,0.52,0.515,0.01,771.53,1115.17,0.48,0.49,79
btc-updown-15m-1775916900,1775916900,75,0.44,0.45,0.445,0.01,1220.39,615.83,0.55,0.56,422
btc-updown-15m-1775916900,1775916900,90,0.44,0.45,0.445,0.01,1249.6,208.13,0.55,0.56,17
btc-updown-15m-1775916900,1775916900,105,0.55,0.56,0.555,0.01,1087.54,279.17,0.44,0.45,17
btc-updown-15m-1775916900,1775916900,120,0.46,0.47,0.465,0.01,223,40,0.53,0.54,1
btc-updown-15m-1775916900,1775916900,135,0.45,0.46,0.455,0.01,256.89,342.49,0.54,0.55,10
btc-updown-15m-1775916900,1775916900,150,0.45,0.46,0.455,0.01,821.47,625.12,0.54,0.55,17
btc-updown-15m-1775916900,1775916900,165,0.48,0.49,0.485,0.01,643.66,510,0.51,0.52,11
btc-updown-15m-1775916900,1775916900,180,0.5,0.51,0.505,0.01,601.45,716,0.49,0.5,57
btc-updown-15m-1775916900,1775916900,195,0.51,0.52,0.515,0.01,757.99,629.68,0.48,0.49,7
btc-updown-15m-1775916900,1775916900,210,0.67,0.68,0.675,0.01,655.46,1078.95,0.32,0.33,2
btc-updown-15m-1775916900,1775916900,225,0.62,0.63,0.625,0.01,970.97,740.52,0.37,0.38,8
btc-updown-15m-1775916900,1775916900,240,0.59,0.61,0.6,0.02,426,136,0.39,0.41,3
btc-updown-15m-1775916900,1775916900,255,0.62,0.63,0.625,0.01,382.12,782.25,0.37,0.38,10
btc-updown-15m-1775916900,1775916900,270,0.69,0.7,0.695,0.01,885.33,630.99,0.3,0.31,2
btc-updown-15m-1775916900,1775916900,285,0.64,0.65,0.645,0.01,275,658.65,0.35,0.36,128
btc-updown-15m-1775916900,1775916900,300,0.61,0.62,0.615,0.01,385.97,189.05,0.38,0.39,9
btc-updown-15m-1775916900,1775916900,315,0.71,0.72,0.715,0.01,848.69,183.32,0.28,0.29,27
btc-updown-15m-1775916900,1775916900,330,0.72,0.73,0.725,0.01,616.17,553.62,0.27,0.28,51
btc-updown-15m-1775916900,1775916900,345,0.74,0.75,0.745,0.01,554.91,783.57,0.25,0.26,10
btc-updown-15m-1775916900,1775916900,360,0.78,0.79,0.785,0.01,864.8,281.59,0.21,0.22,1
btc-updown-15m-1775916900,1775916900,375,0.8,0.81,0.805,0.01,824.93,692.26,0.19,0.2,646
btc-updown-15m-1775916900,1775916900,390,0.8,0.81,0.805,0.01,782.93,805.61,0.19,0.2,113
btc-updown-15m-1775916900,1775916900,405,0.66,0.67,0.665,0.01,799.69,373.06,0.33,0.34,7
btc-updown-15m-1775916900,1775916900,420,0.62,0.63,0.625,0.01,735.83,976.82,0.37,0.38,1
btc-updown-15m-1775916900,1775916900,435,0.58,0.59,0.585,0.01,820.48,697.92,0.41,0.42,446
btc-updown-15m-1775916900,1775916900,450,0.57,0.58,0.575,0.01,818.71,545.8,0.42,0.43,12
btc-updown-15m-1775916900,1775916900,465,0.65,0.66,0.655,0.01,683.28,649.62,0.34,0.35,10
btc-updown-15m-1775916900,1775916900,480,0.76,0.77,0.765,0.01,1037.67,345.72,0.23,0.24,2
btc-updown-15m-1775916900,1775916900,495,0.84,0.85,0.845,0.01,531.58,779.22,0.15,0.16,4
btc-updown-15m-1775916900,1775916900,510,0.91,0.92,0.915,0.01,1127.88,735.04,0.08,0.09,36
btc-updown-15m-1775916900,1775916900,525,0.83,0.84,0.835,0.01,729.29,1191.63,0.16,0.17,13
btc-updown-15m-1775916900,1775916900,540,0.78,0.79,0.785,0.01,688.95,780.12,0.21,0.22,556
btc-updown-15m-1775916900,1775916900,555,0.77,0.78,0.775,0.01,924.97,615.34,0.22,0.23,68
btc-updown-15m-1775916900,1775916900,570,0.76,0.77,0.765,0.01,938.64,605.64,0.23,0.24,302
btc-updown-15m-1775916900,1775916900,585,0.82,0.83,0.825,0.01,844.24,723.37,0.17,0.18,85
btc-updown-15m-1775916900,1775916900,600,0.79,0.8,0.795,0.01,280.57,443.04,0.2,0.21,66
btc-updown-15m-1775916900,1775916900,615,0.68,0.69,0.685,0.01,593.16,801.35,0.31,0.32,3
btc-updown-15m-1775916900,1775916900,630,0.83,0.84,0.835,0.01,783.98,253,0.16,0.17,50
btc-updown-15m-1775916900,1775916900,645,0.83,0.85,0.84,0.02,584.48,713.72,0.15,0.17,64
btc-updown-15m-1775916900,1775916900,660,0.83,0.84,0.835,0.01,657.83,1081.73,0.16,0.17,12
btc-updown-15m-1775916900,1775916900,675,0.81,0.82,0.815,0.01,244.92,660.67,0.18,0.19,10
btc-updown-15m-1775916900,1775916900,690,0.77,0.78,0.775,0.01,722.18,668,0.22,0.23,28
btc-updown-15m-1775916900,1775916900,705,0.7,0.71,0.705,0.01,487.45,634.97,0.29,0.3,405
btc-updown-15m-1775916900,1775916900,720,0.64,0.65,0.645,0.01,965.88,133.54,0.35,0.36,5
btc-updown-15m-1775916900,1775916900,735,0.74,0.75,0.745,0.01,535.82,450.88,0.25,0.26,58
btc-updown-15m-1775916900,1775916900,750,0.74,0.75,0.745,0.01,801.5,413.2,0.25,0.26,82
btc-updown-15m-1775916900,1775916900,765,0.77,0.78,0.775,0.01,129.99,427.78,0.22,0.23,8
btc-updown-15m-1775916900,1775916900,780,0.87,0.88,0.875,0.01,394.1,687.41,0.12,0.13,143
btc-updown-15m-1775916900,1775916900,795,0.84,0.85,0.845,0.01,839.78,563,0.15,0.16,13
btc-updown-15m-1775916900,1775916900,810,0.85,0.86,0.855,0.01,720.34,621.19,0.14,0.15,4
btc-updown-15m-1775916900,1775916900,825,0.87,0.88,0.875,0.01,248.45,806.29,0.12,0.13,125
btc-updown-15m-1775916900,1775916900,840,0.9,0.91,0.905,0.01,1112.4,321.17,0.09,0.1,26
btc-updown-15m-1775916900,1775916900,845,0.92,0.93,0.925,0.01,801.67,752.13,0.07,0.08,7
btc-updown-15m-1775916900,1775916900,850,0.92,0.93,0.925,0.01,791.27,512.37,0.07,0.08,13
btc-updown-15m-1775916900,1775916900,855,0.92,0.93,0.925,0.01,1143.48,482.83,0.07,0.08,8
btc-updown-15m-1775916900,1775916900,860,0.95,0.96,0.955,0.01,981.27,671.26,0.04,0.05,12
btc-updown-15m-1775916900,1775916900,865,0.95,0.96,0.955,0.01,1286.27,622.69,0.04,0.05,11
btc-updown-15m-1775916900,1775916900,870,0.97,0.98,0.975,0.01,738.12,1722.48,0.02,0.03,7
btc-updown-15m-1775916900,1775916900,875,0.97,0.98,0.975,0.01,747.21,1572.85,0.02,0.03,11
btc-updown-15m-1775916900,1775916900,880,0.97,0.98,0.975,0.01,441.87,1517.63,0.02,0.03,49
btc-updown-15m-1775916900,1775916900,885,0.97,0.98,0.975,0.01,441.87,1294.77,0.02,0.03,64
btc-updown-15m-1775916900,1775916900,890,0.98,0.99,0.985,0.01,374.87,683.86,0.01,0.02,10
btc-updown-15m-1775916900,1775916900,895,0.98,0.99,0.985,0.01,247.04,522.39,0.01,0.02,123
btc-updown-15m-1775916900,1775916900,897,0.98,0.99,0.985,0.01,202.8,507.18,0.01,0.02,1
btc-updown-15m-1775916900,1775916900,899,0.97,0.98,0.975,0.01,336,5,0.02,0.03,1
btc-updown-15m-1775916900,1775916900,900,0.99,,,,32574.72,0,,0.01,21
btc-updown-15m-1775927700,1775927700,0,0.49,0.5,0.495,0.01,153.15,337.82,0.5,0.51,42
btc-updown-15m-1775927700,1775927700,15,0.45,0.46,0.455,0.01,232.52,147.8,0.54,0.55,61
btc-updown-15m-1775927700,1775927700,30,0.42,0.43,0.425,0.01,289.81,518.37,0.57,0.58,4
btc-updown-15m-1775927700,1775927700,45,0.41,0.42,0.415,0.01,215.25,597.42,0.58,0.59,6
btc-updown-15m-1775927700,1775927700,60,0.4,0.41,0.405,0.01,230.09,768.46,0.59,0.6,13
btc-updown-15m-1775927700,1775927700,75,0.32,0.33,0.325,0.01,254.48,438.06,0.67,0.68,464
btc-updown-15m-1775927700,1775927700,90,0.31,0.32,0.315,0.01,487.7,649.01,0.68,0.69,14
btc-updown-15m-1775927700,1775927700,105,0.27,0.28,0.275,0.01,564.95,398.11,0.72,0.73,113
btc-updown-15m-1775927700,1775927700,120,0.24,0.25,0.245,0.01,388.85,560.97,0.75,0.76,0
btc-updown-15m-1775927700,1775927700,135,0.24,0.25,0.245,0.01,287.51,576.17,0.75,0.76,2
btc-updown-15m-1775927700,1775927700,150,0.23,0.24,0.235,0.01,461.04,799.88,0.76,0.77,3
btc-updown-15m-1775927700,1775927700,165,0.24,0.25,0.245,0.01,426.35,599.51,0.75,0.76,7
btc-updown-15m-1775927700,1775927700,180,0.37,0.38,0.375,0.01,169.44,440.33,0.62,0.63,65
btc-updown-15m-1775927700,1775927700,195,0.26,0.27,0.265,0.01,679.87,196.98,0.73,0.74,1
btc-updown-15m-1775927700,1775927700,210,0.25,0.26,0.255,0.01,239.36,259.71,0.74,0.75,19
btc-updown-15m-1775927700,1775927700,225,0.26,0.27,0.265,0.01,277.94,541.32,0.73,0.74,19
btc-updown-15m-1775927700,1775927700,240,0.25,0.26,0.255,0.01,297.82,807.06,0.74,0.75,41
btc-updown-15m-1775927700,1775927700,255,0.26,0.27,0.265,0.01,700.09,445.62,0.73,0.74,4
btc-updown-15m-1775927700,1775927700,270,0.29,0.3,0.295,0.01,658.64,266.53,0.7,0.71,29
btc-updown-15m-1775927700,1775927700,285,0.36,0.37,0.365,0.01,602.99,397.68,0.63,0.64,8
btc-updown-15m-1775927700,1775927700,300,0.35,0.36,0.355,0.01,253.23,250.14,0.64,0.65,2
btc-updown-15m-1775927700,1775927700,315,0.31,0.32,0.315,0.01,393.85,289.52,0.68,0.69,175
btc-updown-15m-1775927700,1775927700,330,0.27,0.28,0.275,0.01,268.59,381.08,0.72,0.73,5
btc-updown-15m-1775927700,1775927700,345,0.25,0.26,0.255,0.01,583.83,254.77,0.74,0.75,15
btc-updown-15m-1775927700,1775927700,360,0.33,0.34,0.335,0.01,498.77,699.2,0.66,0.67,8
btc-updown-15m-1775927700,1775927700,375,0.46,0.47,0.465,0.01,532.68,239.58,0.53,0.54,1
btc-updown-15m-1775927700,1775927700,390,0.42,0.43,0.425,0.01,264.8,195.21,0.57,0.58,0
btc-updown-15m-1775927700,1775927700,405,0.41,0.42,0.415,0.01,606.91,194.76,0.58,0.59,32
btc-updown-15m-1775927700,1775927700,420,0.48,0.5,0.49,0.02,608.92,433.91,0.5,0.52,26
btc-updown-15m-1775927700,1775927700,435,0.49,0.5,0.495,0.01,247.96,387.33,0.5,0.51,70
btc-updown-15m-1775927700,1775927700,450,0.56,0.57,0.565,0.01,735.93,181.91,0.43,0.44,14
btc-updown-15m-1775927700,1775927700,465,0.64,0.65,0.645,0.01,740.78,274.29,0.35,0.36,2
btc-updown-15m-1775927700,1775927700,480,0.68,0.69,0.685,0.01,568.72,345.51,0.31,0.32,5
btc-updown-15m-1775927700,1775927700,495,0.68,0.69,0.685,0.01,469.2,281.96,0.31,0.32,9
btc-updown-15m-1775927700,1775927700,510,0.71,0.72,0.715,0.01,790.65,94.15,0.28,0.29,26
btc-updown-15m-1775927700,1775927700,525,0.7,0.71,0.705,0.01,235.43,373.3,0.29,0.3,7
btc-updown-15m-1775927700,1775927700,540,0.72,0.73,0.725,0.01,391.8,483.12,0.27,0.28,33
btc-updown-15m-1775927700,1775927700,555,0.76,0.77,0.765,0.01,271.94,719.84,0.23,0.24,55
btc-updown-15m-1775927700,1775927700,570,0.87,0.88,0.875,0.01,250.39,782.06,0.12,0.13,6
btc-updown-15m-1775927700,1775927700,585,0.92,0.93,0.925,0.01,849.79,1225.2,0.07,0.08,1
btc-updown-15m-1775927700,1775927700,600,0.91,0.92,0.915,0.01,528.45,892.71,0.08,0.09,5
btc-updown-15m-1775927700,1775927700,615,0.91,0.92,0.915,0.01,340.22,2061.24,0.08,0.09,473
btc-updown-15m-1775927700,1775927700,630,0.9,0.92,0.91,0.02,422.68,2004.23,0.08,0.1,85
btc-updown-15m-1775927700,1775927700,645,0.88,0.89,0.885,0.01,365.61,434.8,0.11,0.12,41
btc-updown-15m-1775927700,1775927700,660,0.87,0.89,0.88,0.02,326.35,813.29,0.11,0.13,640
btc-updown-15m-1775927700,1775927700,675,0.88,0.89,0.885,0.01,326.85,464.09,0.11,0.12,15
btc-updown-15m-1775927700,1775927700,690,0.92,0.93,0.925,0.01,531.79,2581.03,0.07,0.08,23
btc-updown-15m-1775927700,1775927700,705,0.92,0.93,0.925,0.01,261.65,2370.41,0.07,0.08,45
btc-updown-15m-1775927700,1775927700,720,0.92,0.93,0.925,0.01,598.58,1988.54,0.07,0.08,62
btc-updown-15m-1775927700,1775927700,735,0.93,0.94,0.935,0.01,604.55,2272.94,0.06,0.07,376
btc-updown-15m-1775927700,1775927700,750,0.93,0.94,0.935,0.01,566.91,1503.53,0.06,0.07,61
btc-updown-15m-1775927700,1775927700,765,0.94,0.95,0.945,0.01,230.24,2045.17,0.05,0.06,42
btc-updown-15m-1775927700,1775927700,780,0.93,0.94,0.935,0.01,543.57,537.69,0.06,0.07,49
btc-updown-15m-1775927700,1775927700,795,0.96,0.97,0.965,0.01,489.31,14560.13,0.03,0.04,697
btc-updown-15m-1775927700,1775927700,810,0.96,0.97,0.965,0.01,1004.72,14071.95,0.03,0.04,8
btc-updown-15m-1775927700,1775927700,825,0.96,0.97,0.965,0.01,819.23,8537.93,0.03,0.04,54
btc-updown-15m-1775927700,1775927700,840,0.97,0.98,0.975,0.01,794.6,7094.96,0.02,0.03,17
btc-updown-15m-1775927700,1775927700,845,0.98,0.99,0.985,0.01,651.76,4480.99,0.01,0.02,15
btc-updown-15m-1775927700,1775927700,850,0.98,0.99,0.985,0.01,588.83,3943.15,0.01,0.02,60
btc-updown-15m-1775927700,1775927700,855,0.98,0.99,0.985,0.01,567.36,3350.25,0.01,0.02,19
btc-updown-15m-1775927700,1775927700,860,0.98,0.99,0.985,0.01,688.29,3245.73,0.01,0.02,196
btc-updown-15m-1775927700,1775927700,865,0.98,0.99,0.985,0.01,771.23,3121.31,0.01,0.02,149
btc-updown-15m-1775927700,1775927700,870,0.98,0.99,0.985,0.01,684.05,3100.16,0.01,0.02,66
btc-updown-15m-1775927700,1775927700,875,0.98,0.99,0.985,0.01,698.57,3105.43,0.01,0.02,15
btc-updown-15m-1775927700,1775927700,880,0.98,0.99,0.985,0.01,657.94,3473.55,0.01,0.02,195
btc-updown-15m-1775927700,1775927700,885,0.99,,,,1562.03,0,,0.01,17
btc-updown-15m-1775927700,1775927700,890,0.99,,,,4567.47,0,,0.01,65
btc-updown-15m-1775927700,1775927700,895,0.99,,,,4923.04,0,,0.01,11
btc-updown-15m-1775927700,1775927700,897,0.99,,,,5497.01,0,,0.01,16
btc-updown-15m-1775927700,1775927700,899,0.99,,,,15926.26,0,,0.01,89
btc-updown-15m-1775927700,1775927700,900,0.99,,,,16726.35,0,,0.01,534
btc-updown-15m-1775938500,1775938500,0,0.51,0.52,0.515,0.01,143.81,436.89,0.48,0.49,75
btc-updown-15m-1775938500,1775938500,15,0.38,0.39,0.385,0.01,966.44,262.33,0.61,0.62,0
btc-updown-15m-1775938500,1775938500,30,0.33,0.34,0.335,0.01,565.57,465.09,0.66,0.67,4
btc-updown-15m-1775938500,1775938500,45,0.33,0.34,0.335,0.01,428.05,493.89,0.66,0.67,5
btc-updown-15m-1775938500,1775938500,60,0.32,0.33,0.325,0.01,680.78,447.95,0.67,0.68,18
btc-updown-15m-1775938500,1775938500,75,0.31,0.32,0.315,0.01,474.87,521.48,0.68,0.69,26
btc-updown-15m-1775938500,1775938500,90,0.36,0.37,0.365,0.01,378.06,330.3,0.63,0.64,0
btc-updown-15m-1775938500,1775938500,105,0.43,0.44,0.435,0.01,618.1,348.89,0.56,0.57,6
btc-updown-15m-1775938500,1775938500,120,0.49,0.5,0.495,0.01,743.53,400.98,0.5,0.51,10
btc-updown-15m-1775938500,1775938500,135,0.5,0.52,0.51,0.02,364.67,200.5,0.48,0.5,3
btc-updown-15m-1775938500,1775938500,150,0.51,0.52,0.515,0.01,788.96,5581.88,0.48,0.49,9
btc-updown-15m-1775938500,1775938500,165,0.51,0.52,0.515,0.01,507.5,4934.97,0.48,0.49,196
btc-updown-15m-1775938500,1775938500,180,0.45,0.46,0.455,0.01,450.24,310.3,0.54,0.55,28
btc-updown-15m-1775938500,1775938500,195,0.33,0.35,0.34,0.02,533.77,209.67,0.65,0.67,52
btc-updown-15m-1775938500,1775938500,210,0.34,0.35,0.345,0.01,305.1,601.99,0.65,0.66,0
btc-updown-15m-1775938500,1775938500,225,0.33,0.34,0.335,0.01,512.57,392.99,0.66,0.67,26
btc-updown-15m-1775938500,1775938500,240,0.32,0.33,0.325,0.01,576.91,706.97,0.67,0.68,219
btc-updown-15m-1775938500,1775938500,255,0.31,0.32,0.315,0.01,375.91,836.39,0.68,0.69,68
btc-updown-15m-1775938500,1775938500,270,0.34,0.35,0.345,0.01,466.4,329.07,0.65,0.66,7
btc-updown-15m-1775938500,1775938500,285,0.32,0.33,0.325,0.01,166.3,295.61,0.67,0.68,384
btc-updown-15m-1775938500,1775938500,300,0.27,0.28,0.275,0.01,282.49,192.14,0.72,0.73,9
btc-updown-15m-1775938500,1775938500,315,0.23,0.24,0.235,0.01,562.73,109.51,0.76,0.77,31
btc-updown-15m-1775938500,1775938500,330,0.11,0.12,0.115,0.01,345.2,344.12,0.88,0.89,2
btc-updown-15m-1775938500,1775938500,345,0.16,0.17,0.165,0.01,730,327.75,0.83,0.84,24
btc-updown-15m-1775938500,1775938500,360,0.15,0.16,0.155,0.01,828.63,361.23,0.84,0.85,0
btc-updown-15m-1775938500,1775938500,375,0.2,0.21,0.205,0.01,566.77,350.47,0.79,0.8,23
btc-updown-15m-1775938500,1775938500,390,0.14,0.15,0.145,0.01,317.58,353.35,0.85,0.86,69
btc-updown-15m-1775938500,1775938500,405,0.12,0.13,0.125,0.01,412.38,335.73,0.87,0.88,6
btc-updown-15m-1775938500,1775938500,420,0.13,0.14,0.135,0.01,375.72,634.21,0.86,0.87,35
btc-updown-15m-1775938500,1775938500,435,0.16,0.17,0.165,0.01,373.11,330.88,0.83,0.84,21
btc-updown-15m-1775938500,1775938500,450,0.13,0.14,0.135,0.01,405.32,343.09,0.86,0.87,11
btc-updown-15m-1775938500,1775938500,465,0.11,0.13,0.12,0.02,1439.16,579.43,0.87,0.89,5
btc-updown-15m-1775938500,1775938500,480,0.11,0.12,0.115,0.01,1255.88,607.39,0.88,0.89,6
btc-updown-15m-1775938500,1775938500,495,0.14,0.15,0.145,0.01,156.24,345.4,0.85,0.86,23
btc-updown-15m-1775938500,1775938500,510,0.12,0.13,0.125,0.01,1214.7,348.04,0.87,0.88,319
btc-updown-15m-1775938500,1775938500,525,0.12,0.13,0.125,0.01,1212.65,267.9,0.87,0.88,41
btc-updown-15m-1775938500,1775938500,540,0.08,0.09,0.085,0.01,864.67,755.39,0.91,0.92,16
btc-updown-15m-1775938500,1775938500,555,0.08,0.09,0.085,0.01,790.1,652.93,0.91,0.92,23
btc-updown-15m-1775938500,1775938500,570,0.08,0.09,0.085,0.01,935.88,445.87,0.91,0.92,26
btc-updown-15m-1775938500,1775938500,585,0.07,0.08,0.075,0.01,1312.04,621.72,0.92,0.93,51
btc-updown-15m-1775938500,1775938500,600,0.06,0.07,0.065,0.01,1734.01,425.82,0.93,0.94,23
btc-updown-15m-1775938500,1775938500,615,0.08,0.09,0.085,0.01,346.09,475.73,0.91,0.92,432
btc-updown-15m-1775938500,1775938500,630,0.06,0.07,0.065,0.01,1525.09,311.95,0.93,0.94,2
btc-updown-15m-1775938500,1775938500,645,0.03,0.04,0.035,0.01,4500.71,1224.49,0.96,0.97,13
btc-updown-15m-1775938500,1775938500,660,0.04,0.05,0.045,0.01,2289.8,260.25,0.95,0.96,4
btc-updown-15m-1775938500,1775938500,675,0.12,0.13,0.125,0.01,342.79,420.95,0.87,0.88,7
btc-updown-15m-1775938500,1775938500,690,0.15,0.16,0.155,0.01,313.86,784.87,0.84,0.85,27
btc-updown-15m-1775938500,1775938500,705,0.13,0.14,0.135,0.01,211.76,269.33,0.86,0.87,29
btc-updown-15m-1775938500,1775938500,720,0.11,0.12,0.115,0.01,199.22,497.2,0.88,0.89,9
btc-updown-15m-1775938500,1775938500,735,0.05,0.06,0.055,0.01,1092.87,1086.84,0.94,0.95,28
btc-updown-15m-1775938500,1775938500,750,0.04,0.05,0.045,0.01,1661.33,1237.21,0.95,0.96,5
btc-updown-15m-1775938500,1775938500,765,0.03,0.04,0.035,0.01,2759.74,1459.15,0.96,0.97,3
btc-updown-15m-1775938500,1775938500,780,,0.01,,,0,2689.51,0.99,,54
btc-updown-15m-1775938500,1775938500,795,,0.01,,,0,1217.42,0.99,,25
btc-updown-15m-1775938500,1775938500,810,,0.01,,,0,867.99,0.99,,55
btc-updown-15m-1775938500,1775938500,825,0.01,0.02,0.015,0.01,140.01,702.83,0.98,0.99,10
btc-updown-15m-1775938500,1775938500,840,0.01,0.02,0.015,0.01,362.81,1519.07,0.98,0.99,63
btc-updown-15m-1775938500,1775938500,845,0.01,0.02,0.015,0.01,344.48,925.25,0.98,0.99,17
btc-updown-15m-1775938500,1775938500,850,0.01,0.02,0.015,0.01,235.91,970.22,0.98,0.99,11
btc-updown-15m-1775938500,1775938500,855,0.01,0.02,0.015,0.01,31.89,975.22,0.98,0.99,29
btc-updown-15m-1775938500,1775938500,860,,0.01,,,0,1186.64,0.99,,67
btc-updown-15m-1775938500,1775938500,865,,0.01,,,0,3286.64,0.99,,11
btc-updown-15m-1775938500,1775938500,870,,0.01,,,0,3302.9,0.99,,58
btc-updown-15m-1775938500,1775938500,875,,0.01,,,0,7540.22,0.99,,23
btc-updown-15m-1775938500,1775938500,880,,0.01,,,0,10865.07,0.99,,229
btc-updown-15m-1775938500,1775938500,885,,0.01,,,0,11053.23,0.99,,30
btc-updown-15m-1775938500,1775938500,890,,0.01,,,0,11139.2,0.99,,230
btc-updown-15m-1775938500,1775938500,895,,0.01,,,0,11399.85,0.99,,18
btc-updown-15m-1775938500,1775938500,897,,0.01,,,0,11287.85,0.99,,431
btc-updown-15m-1775938500,1775938500,899,,0.01,,,0,16163.11,0.99,,25
btc-updown-15m-1775938500,1775938500,900,,0.01,,,0,75003.62,0.99,,0
btc-updown-15m-1775948400,1775948400,0,0.52,0.53,0.525,0.01,250.99,945.81,0.47,0.48,1
btc-updown-15m-1775948400,1775948400,15,0.42,0.43,0.425,0.01,300.03,757.3,0.57,0.58,8
btc-updown-15m-1775948400,1775948400,30,0.4,0.41,0.405,0.01,337.06,790.53,0.59,0.6,59
btc-updown-15m-1775948400,1775948400,45,0.36,0.37,0.365,0.01,416.53,1189.58,0.63,0.64,29
btc-updown-15m-1775948400,1775948400,60,0.36,0.37,0.365,0.01,411,909.4,0.63,0.64,61
btc-updown-15m-1775948400,1775948400,75,0.37,0.38,0.375,0.01,285.16,826.42,0.62,0.63,27
btc-updown-15m-1775948400,1775948400,90,0.32,0.33,0.325,0.01,410.08,602.48,0.67,0.68,24
btc-updown-15m-1775948400,1775948400,105,0.31,0.32,0.315,0.01,404.5,545.22,0.68,0.69,397
btc-updown-15m-1775948400,1775948400,120,0.26,0.27,0.265,0.01,354.53,856.13,0.73,0.74,78
btc-updown-15m-1775948400,1775948400,135,0.19,0.2,0.195,0.01,261.03,820.41,0.8,0.81,400
btc-updown-15m-1775948400,1775948400,150,0.18,0.19,0.185,0.01,369.72,540.88,0.81,0.82,295
btc-updown-15m-1775948400,1775948400,165,0.14,0.16,0.15,0.02,459.96,553.28,0.84,0.86,19
btc-updown-15m-1775948400,1775948400,180,0.15,0.16,0.155,0.01,535.06,359.44,0.84,0.85,30
btc-updown-15m-1775948400,1775948400,195,0.2,0.21,0.205,0.01,449.57,657.12,0.79,0.8,81
btc-updown-15m-1775948400,1775948400,210,0.22,0.23,0.225,0.01,541.73,312.64,0.77,0.78,13
btc-updown-15m-1775948400,1775948400,225,0.18,0.19,0.185,0.01,386.19,412.8,0.81,0.82,12
btc-updown-15m-1775948400,1775948400,240,0.15,0.16,0.155,0.01,224.91,637.72,0.84,0.85,22
btc-updown-15m-1775948400,1775948400,255,0.14,0.15,0.145,0.01,489.63,328.63,0.85,0.86,20
btc-updown-15m-1775948400,1775948400,270,0.14,0.15,0.145,0.01,406.09,684,0.85,0.86,17
btc-updown-15m-1775948400,1775948400,285,0.11,0.12,0.115,0.01,226.68,693.95,0.88,0.89,14
btc-updown-15m-1775948400,1775948400,300,0.03,0.04,0.035,0.01,3196.44,539.21,0.96,0.97,14
btc-updown-15m-1775948400,1775948400,315,0.04,0.05,0.045,0.01,701.36,871.99,0.95,0.96,24
btc-updown-15m-1775948400,1775948400,330,0.03,0.05,0.04,0.02,3065.68,1176.83,0.95,0.97,20
btc-updown-15m-1775948400,1775948400,345,0.02,0.03,0.025,0.01,3093.44,721.4,0.97,0.98,484
btc-updown-15m-1775948400,1775948400,360,0.02,0.04,0.03,0.02,2838.06,1469.8,0.96,0.98,20
btc-updown-15m-1775948400,1775948400,375,0.01,0.02,0.015,0.01,1942.57,899.41,0.98,0.99,1
btc-updown-15m-1775948400,1775948400,390,0.02,0.03,0.025,0.01,2274.18,1451.92,0.97,0.98,11
btc-updown-15m-1775948400,1775948400,405,0.02,0.03,0.025,0.01,2305.98,1624.56,0.97,0.98,23
btc-updown-15m-1775948400,1775948400,420,0.01,0.02,0.015,0.01,2184.64,825.76,0.98,0.99,19
btc-updown-15m-1775948400,1775948400,435,0.01,0.02,0.015,0.01,1756.02,1735.63,0.98,0.99,197
btc-updown-15m-1775948400,1775948400,450,0.01,0.02,0.015,0.01,152.52,2179.6,0.98,0.99,18
btc-updown-15m-1775948400,1775948400,465,0.01,0.02,0.015,0.01,145,758.91,0.98,0.99,17
btc-updown-15m-1775948400,1775948400,480,0.01,0.02,0.015,0.01,274,1393.18,0.98,0.99,22
btc-updown-15m-1775948400,1775948400,495,,0.01,,,0,1166.89,0.99,,484
btc-updown-15m-1775948400,1775948400,510,0.01,0.013,0.0115,0.003,166.95,110,0.987,0.99,6
btc-updown-15m-1775948400,1775948400,525,0.01,0.016,0.013,0.006,544.35,220,0.984,0.99,66
btc-updown-15m-1775948400,1775948400,540,0.009,0.01,0.0095,0.001,218.12,213.64,0.99,0.991,24
btc-updown-15m-1775948400,1775948400,555,0.007,0.01,0.0085,0.003,634.63,1003.87,0.99,0.993,6
btc-updown-15m-1775948400,1775948400,570,0.004,0.009,0.0065,0.005,634.63,2132.38,0.991,0.996,22
btc-updown-15m-1775948400,1775948400,585,0.004,0.009,0.0065,0.005,634.63,1251.46,0.991,0.996,50
btc-updown-15m-1775948400,1775948400,600,0.004,0.006,0.005,0.002,1433.97,180.46,0.994,0.996,28
btc-updown-15m-1775948400,1775948400,615,0.002,0.004,0.003,0.002,6023.57,545.32,0.996,0.998,18
btc-updown-15m-1775948400,1775948400,630,0.001,0.003,0.002,0.002,5083,210,0.997,0.999,23
btc-updown-15m-1775948400,1775948400,645,0.001,0.003,0.002,0.002,3943.56,4706.1,0.997,0.999,69
btc-updown-15m-1775948400,1775948400,660,0.001,0.004,0.0025,0.003,3601.2,1890.13,0.996,0.999,29
btc-updown-15m-1775948400,1775948400,675,0.002,0.004,0.003,0.002,4952.94,2498.15,0.996,0.998,26
btc-updown-15m-1775948400,1775948400,690,0.003,0.004,0.0035,0.001,6106.56,3108.07,0.996,0.997,66
btc-updown-15m-1775948400,1775948400,705,0.003,0.004,0.0035,0.001,5942.25,708.74,0.996,0.997,27
btc-updown-15m-1775948400,1775948400,720,0.001,0.002,0.0015,0.001,5178.68,205.55,0.998,0.999,59
btc-updown-15m-1775948400,1775948400,735,0.001,0.002,0.0015,0.001,4693.67,580.28,0.998,0.999,36
btc-updown-15m-1775948400,1775948400,750,0.001,0.002,0.0015,0.001,3650.8,644.99,0.998,0.999,58
btc-updown-15m-1775948400,1775948400,765,0.001,0.002,0.0015,0.001,3575.8,2354.99,0.998,0.999,23
btc-updown-15m-1775948400,1775948400,780,0.001,0.002,0.0015,0.001,3145.45,3088.97,0.998,0.999,161
btc-updown-15m-1775948400,1775948400,795,0.001,0.002,0.0015,0.001,1.79,989.99,0.998,0.999,33
btc-updown-15m-1775948400,1775948400,810,0.001,0.002,0.0015,0.001,52.75,1415.04,0.998,0.999,90
btc-updown-15m-1775948400,1775948400,825,,0.001,,,0,12466.2,0.999,,128
btc-updown-15m-1775948400,1775948400,840,,0.001,,,0,11858.08,0.999,,427
btc-updown-15m-1775948400,1775948400,845,,0.001,,,0,12858.08,0.999,,615
btc-updown-15m-1775948400,1775948400,850,,0.001,,,0,13109.05,0.999,,21
btc-updown-15m-1775948400,1775948400,855,,0.001,,,0,13109.05,0.999,,227
btc-updown-15m-1775948400,1775948400,860,,0.001,,,0,13109.05,0.999,,20
btc-updown-15m-1775948400,1775948400,865,,0.001,,,0,13009.05,0.999,,43
btc-updown-15m-1775948400,1775948400,870,,0.001,,,0,13099.17,0.999,,5
btc-updown-15m-1775948400,1775948400,875,,0.001,,,0,12901,0.999,,43
btc-updown-15m-1775948400,1775948400,880,,0.001,,,0,13368,0.999,,23
btc-updown-15m-1775948400,1775948400,885,,0.001,,,0,13364.54,0.999,,227
btc-updown-15m-1775948400,1775948400,890,,0.001,,,0,13529.1,0.999,,26
btc-updown-15m-1775948400,1775948400,895,,0.001,,,0,13549.11,0.999,,20
btc-updown-15m-1775948400,1775948400,897,,0.001,,,0,13579.11,0.999,,24
btc-updown-15m-1775948400,1775948400,899,,0.001,,,0,14219.82,0.999,,111
btc-updown-15m-1775948400,1775948400,900,,0.001,,,0,14234.82,0.999,,127
btc-updown-15m-1775959200,1775959200,0,0.56,0.58,0.57,0.02,1519.29,156.91,0.42,0.44,109
btc-updown-15m-1775959200,1775959200,15,0.5,0.52,0.51,0.02,3984.78,797.96,0.48,0.5,4
btc-updown-15m-1775959200,1775959200,30,0.58,0.59,0.585,0.01,750,326.44,0.41,0.42,62
btc-updown-15m-1775959200,1775959200,45,0.59,0.6,0.595,0.01,957.02,321.32,0.4,0.41,181
btc-updown-15m-1775959200,1775959200,60,0.63,0.64,0.635,0.01,739.17,1299.88,0.36,0.37,23
btc-updown-15m-1775959200,1775959200,75,0.67,0.68,0.675,0.01,879.97,589.47,0.32,0.33,23
btc-updown-15m-1775959200,1775959200,90,0.66,0.67,0.665,0.01,986.11,548.5,0.33,0.34,7
btc-updown-15m-1775959200,1775959200,105,0.73,0.74,0.735,0.01,722.5,471.01,0.26,0.27,5
btc-updown-15m-1775959200,1775959200,120,0.59,0.6,0.595,0.01,527.73,647.69,0.4,0.41,2
btc-updown-15m-1775959200,1775959200,135,0.6,0.61,0.605,0.01,57,493.5,0.39,0.4,101
btc-updown-15m-1775959200,1775959200,150,0.56,0.57,0.565,0.01,585.38,581,0.43,0.44,46
btc-updown-15m-1775959200,1775959200,165,0.54,0.57,0.555,0.03,672.45,857.72,0.43,0.46,18
btc-updown-15m-1775959200,1775959200,180,0.49,0.5,0.495,0.01,2317.34,717.48,0.5,0.51,184
btc-updown-15m-1775959200,1775959200,195,0.49,0.5,0.495,0.01,2269.84,344.03,0.5,0.51,5
btc-updown-15m-1775959200,1775959200,210,0.49,0.51,0.5,0.02,1668.31,708.06,0.49,0.51,208
btc-updown-15m-1775959200,1775959200,225,0.51,0.52,0.515,0.01,7053.83,451.99,0.48,0.49,198
btc-updown-15m-1775959200,1775959200,240,0.41,0.42,0.415,0.01,712.99,233.76,0.58,0.59,42
btc-updown-15m-1775959200,1775959200,255,0.38,0.39,0.385,0.01,47,910.51,0.61,0.62,53
btc-updown-15m-1775959200,1775959200,270,0.3,0.31,0.305,0.01,423.47,314.23,0.69,0.7,3
btc-updown-15m-1775959200,1775959200,285,0.3,0.32,0.31,0.02,258.29,381.49,0.68,0.7,18
btc-updown-15m-1775959200,1775959200,300,0.19,0.2,0.195,0.01,476.37,137.39,0.8,0.81,23
btc-updown-15m-1775959200,1775959200,315,0.16,0.17,0.165,0.01,414.76,1050.35,0.83,0.84,26
btc-updown-15m-1775959200,1775959200,330,0.22,0.24,0.23,0.02,485,658.81,0.76,0.78,1
btc-updown-15m-1775959200,1775959200,345,0.22,0.23,0.225,0.01,399.85,192.59,0.77,0.78,2
btc-updown-15m-1775959200,1775959200,360,0.27,0.29,0.28,0.02,781.2,699.76,0.71,0.73,12
btc-updown-15m-1775959200,1775959200,375,0.25,0.26,0.255,0.01,679.58,254.82,0.74,0.75,241
btc-updown-15m-1775959200,1775959200,390,0.31,0.32,0.315,0.01,689.28,707.88,0.68,0.69,35
btc-updown-15m-1775959200,1775959200,405,0.31,0.32,0.315,0.01,733.4,701.15,0.68,0.69,457
btc-updown-15m-1775959200,1775959200,420,0.35,0.36,0.355,0.01,748.9,247.05,0.64,0.65,7
btc-updown-15m-1775959200,1775959200,435,0.37,0.38,0.375,0.01,810.46,787.11,0.62,0.63,239
btc-updown-15m-1775959200,1775959200,450,0.33,0.34,0.335,0.01,731.08,332.13,0.66,0.67,18
btc-updown-15m-1775959200,1775959200,465,0.23,0.25,0.24,0.02,606.96,380.42,0.75,0.77,815
btc-updown-15m-1775959200,1775959200,480,0.24,0.25,0.245,0.01,867.35,357.07,0.75,0.76,12
btc-updown-15m-1775959200,1775959200,495,0.23,0.24,0.235,0.01,527.06,404.61,0.76,0.77,48
btc-updown-15m-1775959200,1775959200,510,0.22,0.23,0.225,0.01,316.86,617.4,0.77,0.78,24
btc-updown-15m-1775959200,1775959200,525,0.28,0.29,0.285,0.01,828.8,325,0.71,0.72,55
btc-updown-15m-1775959200,1775959200,540,0.32,0.33,0.325,0.01,777,381.9,0.67,0.68,5
btc-updown-15m-1775959200,1775959200,555,0.29,0.3,0.295,0.01,292.57,279.7,0.7,0.71,12
btc-updown-15m-1775959200,1775959200,570,0.31,0.32,0.315,0.01,806.31,206.11,0.68,0.69,8
btc-updown-15m-1775959200,1775959200,585,0.34,0.35,0.345,0.01,764.92,337.64,0.65,0.66,13
btc-updown-15m-1775959200,1775959200,600,0.41,0.42,0.415,0.01,838.82,101.67,0.58,0.59,3
btc-updown-15m-1775959200,1775959200,615,0.55,0.56,0.555,0.01,175,566,0.44,0.45,56
btc-updown-15m-1775959200,1775959200,630,0.79,0.82,0.805,0.03,426.38,325.85,0.18,0.21,115
btc-updown-15m-1775959200,1775959200,645,0.72,0.73,0.725,0.01,443.58,163.92,0.27,0.28,3
btc-updown-15m-1775959200,1775959200,660,0.64,0.65,0.645,0.01,358.5,339,0.35,0.36,0
btc-updown-15m-1775959200,1775959200,675,0.8,0.82,0.81,0.02,179.57,283,0.18,0.2,12
btc-updown-15m-1775959200,1775959200,690,0.86,0.87,0.865,0.01,319.42,287.59,0.13,0.14,4
btc-updown-15m-1775959200,1775959200,705,0.91,0.93,0.92,0.02,628.41,465.56,0.07,0.09,8
btc-updown-15m-1775959200,1775959200,720,0.92,0.93,0.925,0.01,552,168.43,0.07,0.08,19
btc-updown-15m-1775959200,1775959200,735,0.95,0.96,0.955,0.01,464.08,1035.83,0.04,0.05,75
btc-updown-15m-1775959200,1775959200,750,0.94,0.95,0.945,0.01,214,691.44,0.05,0.06,0
btc-updown-15m-1775959200,1775959200,765,0.94,0.95,0.945,0.01,380.9,475.74,0.05,0.06,47
btc-updown-15m-1775959200,1775959200,780,0.96,0.97,0.965,0.01,687.5,8203.13,0.03,0.04,30
btc-updown-15m-1775959200,1775959200,795,0.97,0.98,0.975,0.01,1219.56,7286.9,0.02,0.03,3
btc-updown-15m-1775959200,1775959200,810,0.97,0.98,0.975,0.01,522.06,2564.75,0.02,0.03,87
btc-updown-15m-1775959200,1775959200,825,0.96,0.97,0.965,0.01,529.24,1332.26,0.03,0.04,30
btc-updown-15m-1775959200,1775959200,840,0.97,0.98,0.975,0.01,628.15,1871.16,0.02,0.03,86
btc-updown-15m-1775959200,1775959200,845,0.98,0.99,0.985,0.01,472.57,1661.11,0.01,0.02,30
btc-updown-15m-1775959200,1775959200,850,0.96,0.97,0.965,0.01,603.54,1988.71,0.03,0.04,6
btc-updown-15m-1775959200,1775959200,855,0.97,0.98,0.975,0.01,505,1917.38,0.02,0.03,2
btc-updown-15m-1775959200,1775959200,860,0.97,0.99,0.98,0.02,464.27,1628.24,0.01,0.03,154
btc-updown-15m-1775959200,1775959200,865,0.98,0.99,0.985,0.01,1063.59,1409.2,0.01,0.02,14
btc-updown-15m-1775959200,1775959200,870,0.99,,,,4901.82,0,,0.01,210
btc-updown-15m-1775959200,1775959200,875,0.99,,,,4834.47,0,,0.01,28
btc-updown-15m-1775959200,1775959200,880,0.99,,,,16961.34,0,,0.01,84
btc-updown-15m-1775959200,1775959200,885,0.99,,,,17171.44,0,,0.01,30
btc-updown-15m-1775959200,1775959200,890,0.99,,,,31969.94,0,,0.01,3
btc-updown-15m-1775959200,1775959200,895,0.99,,,,25168.69,0,,0.01,828
btc-updown-15m-1775959200,1775959200,897,0.99,,,,25778.69,0,,0.01,30
btc-updown-15m-1775959200,1775959200,899,0.99,,,,30984.4,0,,0.01,1
btc-updown-15m-1775959200,1775959200,900,0.99,,,,61372.89,0,,0.01,22
btc-updown-15m-1775969100,1775969100,0,0.5,0.51,0.505,0.01,168.92,337.54,0.49,0.5,448
btc-updown-15m-1775969100,1775969100,15,0.45,0.46,0.455,0.01,315.74,822.19,0.54,0.55,1
btc-updown-15m-1775969100,1775969100,30,0.46,0.47,0.465,0.01,373.72,446.48,0.53,0.54,20
btc-updown-15m-1775969100,1775969100,45,0.47,0.48,0.475,0.01,501.79,710.88,0.52,0.53,8
btc-updown-15m-1775969100,1775969100,60,0.47,0.48,0.475,0.01,725.25,483.95,0.52,0.53,5
btc-updown-15m-1775969100,1775969100,75,0.47,0.48,0.475,0.01,651.36,693.15,0.52,0.53,63
btc-updown-15m-1775969100,1775969100,90,0.46,0.47,0.465,0.01,894.49,349,0.53,0.54,30
btc-updown-15m-1775969100,1775969100,105,0.39,0.4,0.395,0.01,418.54,744.63,0.6,0.61,0
btc-updown-15m-1775969100,1775969100,120,0.39,0.4,0.395,0.01,170.62,922.5,0.6,0.61,29
btc-updown-15m-1775969100,1775969100,135,0.27,0.28,0.275,0.01,356.24,361.21,0.72,0.73,13
btc-updown-15m-1775969100,1775969100,150,0.22,0.23,0.225,0.01,374.44,334.05,0.77,0.78,21
btc-updown-15m-1775969100,1775969100,165,0.37,0.38,0.375,0.01,209.5,252.38,0.62,0.63,21
btc-updown-15m-1775969100,1775969100,180,0.39,0.4,0.395,0.01,158.4,390.87,0.6,0.61,12
btc-updown-15m-1775969100,1775969100,195,0.39,0.4,0.395,0.01,318.74,404.35,0.6,0.61,69
btc-updown-15m-1775969100,1775969100,210,0.46,0.47,0.465,0.01,472.43,170.12,0.53,0.54,10
btc-updown-15m-1775969100,1775969100,225,0.47,0.48,0.475,0.01,305.2,404.2,0.52,0.53,22
btc-updown-15m-1775969100,1775969100,240,0.46,0.47,0.465,0.01,260.54,533.92,0.53,0.54,21
btc-updown-15m-1775969100,1775969100,255,0.46,0.47,0.465,0.01,158.7,318.91,0.53,0.54,3
btc-updown-15m-1775969100,1775969100,270,0.48,0.5,0.49,0.02,670.31,397.67,0.5,0.52,3
btc-updown-15m-1775969100,1775969100,285,0.53,0.54,0.535,0.01,316.5,331.41,0.46,0.47,60
btc-updown-15m-1775969100,1775969100,300,0.52,0.54,0.53,0.02,79.35,271.27,0.46,0.48,4
btc-updown-15m-1775969100,1775969100,315,0.51,0.52,0.515,0.01,278.5,313.65,0.48,0.49,47
btc-updown-15m-1775969100,1775969100,330,0.48,0.49,0.485,0.01,158.57,144.56,0.51,0.52,0
btc-updown-15m-1775969100,1775969100,345,0.54,0.55,0.545,0.01,197.34,168.34,0.45,0.46,48
btc-updown-15m-1775969100,1775969100,360,0.53,0.54,0.535,0.01,157.05,329.02,0.46,0.47,16
btc-updown-15m-1775969100,1775969100,375,0.52,0.53,0.525,0.01,206.87,404.55,0.47,0.48,14
btc-updown-15m-1775969100,1775969100,390,0.48,0.5,0.49,0.02,232.27,304,0.5,0.52,17
btc-updown-15m-1775969100,1775969100,405,0.48,0.5,0.49,0.02,362.87,512.19,0.5,0.52,21
btc-updown-15m-1775969100,1775969100,420,0.49,0.5,0.495,0.01,301.86,550.69,0.5,0.51,420
btc-updown-15m-1775969100,1775969100,435,0.51,0.52,0.515,0.01,754,269.5,0.48,0.49,1
btc-updown-15m-1775969100,1775969100,450,0.52,0.53,0.525,0.01,700.89,234.88,0.47,0.48,1
btc-updown-15m-1775969100,1775969100,465,0.6,0.61,0.605,0.01,646.49,249.04,0.39,0.4,131
btc-updown-15m-1775969100,1775969100,480,0.68,0.69,0.685,0.01,299.34,266.58,0.31,0.32,3
btc-updown-15m-1775969100,1775969100,495,0.15,0.17,0.16,0.02,645.57,234.71,0.83,0.85,9
btc-updown-15m-1775969100,1775969100,510,0.21,0.22,0.215,0.01,163.5,149.46,0.78,0.79,30
btc-updown-15m-1775969100,1775969100,525,0.12,0.13,0.125,0.01,971.36,494.7,0.87,0.88,10
btc-updown-15m-1775969100,1775969100,540,0.07,0.08,0.075,0.01,2191.48,406.72,0.92,0.93,18
btc-updown-15m-1775969100,1775969100,555,0.06,0.07,0.065,0.01,2151.12,531.62,0.93,0.94,16
btc-updown-15m-1775969100,1775969100,570,0.1,0.11,0.105,0.01,180.49,309.01,0.89,0.9,30
btc-updown-15m-1775969100,1775969100,585,0.1,0.11,0.105,0.01,734.04,360.41,0.89,0.9,49
btc-updown-15m-1775969100,1775969100,600,0.09,0.1,0.095,0.01,1596.38,388.06,0.9,0.91,12
btc-updown-15m-1775969100,1775969100,615,0.09,0.1,0.095,0.01,993.23,872.34,0.9,0.91,1
btc-updown-15m-1775969100,1775969100,630,0.08,0.09,0.085,0.01,707.85,555,0.91,0.92,3
btc-updown-15m-1775969100,1775969100,645,0.06,0.07,0.065,0.01,1080.02,555,0.93,0.94,54
btc-updown-15m-1775969100,1775969100,660,0.03,0.04,0.035,0.01,8214.64,1119.39,0.96,0.97,7
btc-updown-15m-1775969100,1775969100,675,0.02,0.03,0.025,0.01,7497.59,2541.83,0.97,0.98,11
btc-updown-15m-1775969100,1775969100,690,0.02,0.03,0.025,0.01,7216.84,1824.34,0.97,0.98,11
btc-updown-15m-1775969100,1775969100,705,0.02,0.03,0.025,0.01,7628.76,1749.21,0.97,0.98,72
btc-updown-15m-1775969100,1775969100,720,0.01,0.02,0.015,0.01,7513.46,1097.39,0.98,0.99,31
btc-updown-15m-1775969100,1775969100,735,0.01,0.02,0.015,0.01,6140.6,1945,0.98,0.99,62
btc-updown-15m-1775969100,1775969100,750,0.01,0.02,0.015,0.01,5849.38,1925.11,0.98,0.99,32
btc-updown-15m-1775969100,1775969100,765,0.01,0.02,0.015,0.01,5989.51,1231.08,0.98,0.99,50
btc-updown-15m-1775969100,1775969100,780,0.01,0.02,0.015,0.01,5633.22,899.78,0.98,0.99,29
btc-updown-15m-1775969100,1775969100,795,0.01,0.02,0.015,0.01,5170.59,1246.98,0.98,0.99,232
btc-updown-15m-1775969100,1775969100,810,0.01,0.02,0.015,0.01,5115.42,1709.67,0.98,0.99,30
btc-updown-15m-1775969100,1775969100,825,,0.01,,,0,2786.04,0.99,,221
btc-updown-15m-1775969100,1775969100,840,,0.01,,,0,1436.85,0.99,,13
btc-updown-15m-1775969100,1775969100,845,,0.01,,,0,4306.46,0.99,,0
btc-updown-15m-1775969100,1775969100,850,,0.01,,,0,3917.47,0.99,,28
btc-updown-15m-1775969100,1775969100,855,,0.01,,,0,9913.29,0.99,,96
btc-updown-15m-1775969100,1775969100,860,,0.01,,,0,11404.29,0.99,,28
btc-updown-15m-1775969100,1775969100,865,,0.01,,,0,11414.29,0.99,,230
btc-updown-15m-1775969100,1775969100,870,,0.01,,,0,11777.97,0.99,,30
btc-updown-15m-1775969100,1775969100,875,0.001,0.009,0.005,0.008,119.99,7002.68,0.991,0.999,0
btc-updown-15m-1775969100,1775969100,880,0.002,0.009,0.0055,0.007,469.22,6532.36,0.991,0.998,11
btc-updown-15m-1775969100,1775969100,885,0.002,0.008,0.005,0.006,744.22,6595.85,0.992,0.998,24
btc-updown-15m-1775969100,1775969100,890,0.002,0.007,0.0045,0.005,723.17,710.62,0.993,0.998,24
btc-updown-15m-1775969100,1775969100,895,,0.001,,,0,22825.23,0.999,,32
btc-updown-15m-1775969100,1775969100,897,,0.001,,,0,22789.23,0.999,,21
btc-updown-15m-1775969100,1775969100,899,,0.001,,,0,23734.83,0.999,,44
btc-updown-15m-1775969100,1775969100,900,,0.001,,,0,33576.22,0.999,,0
btc-updown-15m-1775979900,1775979900,0,0.44,0.45,0.445,0.01,54.27,528.99,0.55,0.56,276
btc-updown-15m-1775979900,1775979900,15,0.49,0.5,0.495,0.01,301.99,239.1,0.5,0.51,18
btc-updown-15m-1775979900,1775979900,30,0.47,0.48,0.475,0.01,194.73,268.83,0.52,0.53,25
btc-updown-15m-1775979900,1775979900,45,0.46,0.47,0.465,0.01,250.46,228.82,0.53,0.54,143
btc-updown-15m-1775979900,1775979900,60,0.47,0.48,0.475,0.01,330.24,323.51,0.52,0.53,23
btc-updown-15m-1775979900,1775979900,75,0.51,0.52,0.515,0.01,276.36,405.5,0.48,0.49,23
btc-updown-15m-1775979900,1775979900,90,0.49,0.5,0.495,0.01,263.25,437.25,0.5,0.51,261
btc-updown-15m-1775979900,1775979900,105,0.49,0.5,0.495,0.01,345.9,396,0.5,0.51,44
btc-updown-15m-1775979900,1775979900,120,0.49,0.5,0.495,0.01,352.01,340,0.5,0.51,24
btc-updown-15m-1775979900,1775979900,135,0.56,0.57,0.565,0.01,365.4,420.95,0.43,0.44,6
btc-updown-15m-1775979900,1775979900,150,0.39,0.4,0.395,0.01,334.8,336.37,0.6,0.61,343
btc-updown-15m-1775979900,1775979900,165,0.39,0.4,0.395,0.01,416.56,223.17,0.6,0.61,3
btc-updown-15m-1775979900,1775979900,180,0.29,0.3,0.295,0.01,392.64,407.08,0.7,0.71,0
btc-updown-15m-1775979900,1775979900,195,0.27,0.28,0.275,0.01,732.05,231.07,0.72,0.73,41
btc-updown-15m-1775979900,1775979900,210,0.29,0.3,0.295,0.01,286.04,746.87,0.7,0.71,31
btc-updown-15m-1775979900,1775979900,225,0.3,0.31,0.305,0.01,402.36,735,0.69,0.7,28
btc-updown-15m-1775979900,1775979900,240,0.3,0.31,0.305,0.01,317.13,777.16,0.69,0.7,29
btc-updown-15m-1775979900,1775979900,255,0.39,0.4,0.395,0.01,313.81,363.5,0.6,0.61,84
btc-updown-15m-1775979900,1775979900,270,0.39,0.4,0.395,0.01,256.5,348.12,0.6,0.61,11
btc-updown-15m-1775979900,1775979900,285,0.24,0.25,0.245,0.01,501.48,215.18,0.75,0.76,2
btc-updown-15m-1775979900,1775979900,300,0.26,0.27,0.265,0.01,325.84,809.89,0.73,0.74,86
btc-updown-15m-1775979900,1775979900,315,0.2,0.21,0.205,0.01,400.72,279.21,0.79,0.8,20
btc-updown-15m-1775979900,1775979900,330,0.23,0.24,0.235,0.01,231.5,749.69,0.76,0.77,62
btc-updown-15m-1775979900,1775979900,345,0.26,0.27,0.265,0.01,25.71,1023.19,0.73,0.74,26
btc-updown-15m-1775979900,1775979900,360,0.22,0.23,0.225,0.01,211.15,488.11,0.77,0.78,308
btc-updown-15m-1775979900,1775979900,375,0.2,0.21,0.205,0.01,559.79,590.15,0.79,0.8,20
btc-updown-15m-1775979900,1775979900,390,0.18,0.19,0.185,0.01,642.44,377.15,0.81,0.82,39
btc-updown-15m-1775979900,1775979900,405,0.18,0.19,0.185,0.01,639.26,356.21,0.81,0.82,17
btc-updown-15m-1775979900,1775979900,420,0.18,0.19,0.185,0.01,479.76,532.88,0.81,0.82,128
btc-updown-15m-1775979900,1775979900,435,0.18,0.19,0.185,0.01,527.27,292.5,0.81,0.82,28
btc-updown-15m-1775979900,1775979900,450,0.18,0.19,0.185,0.01,594.27,526.12,0.81,0.82,45
btc-updown-15m-1775979900,1775979900,465,0.25,0.26,0.255,0.01,647.54,201.95,0.74,0.75,18
btc-updown-15m-1775979900,1775979900,480,0.36,0.37,0.365,0.01,446.33,210.67,0.63,0.64,17
btc-updown-15m-1775979900,1775979900,495,0.36,0.37,0.365,0.01,771.89,225.99,0.63,0.64,44
btc-updown-15m-1775979900,1775979900,510,0.35,0.36,0.355,0.01,223.67,322,0.64,0.65,4
btc-updown-15m-1775979900,1775979900,525,0.35,0.36,0.355,0.01,296.22,283,0.64,0.65,21
btc-updown-15m-1775979900,1775979900,540,0.38,0.39,0.385,0.01,358.65,380.54,0.61,0.62,69
btc-updown-15m-1775979900,1775979900,555,0.42,0.43,0.425,0.01,303.47,324.88,0.57,0.58,20
btc-updown-15m-1775979900,1775979900,570,0.41,0.42,0.415,0.01,156.8,270.92,0.58,0.59,33
btc-updown-15m-1775979900,1775979900,585,0.47,0.48,0.475,0.01,118,342.5,0.52,0.53,1
btc-updown-15m-1775979900,1775979900,600,0.4,0.41,0.405,0.01,284,105.5,0.59,0.6,7
btc-updown-15m-1775979900,1775979900,615,0.38,0.39,0.385,0.01,279.49,280.48,0.61,0.62,8
btc-updown-15m-1775979900,1775979900,630,0.38,0.39,0.385,0.01,282.34,224.85,0.61,0.62,162
btc-updown-15m-1775979900,1775979900,645,0.4,0.41,0.405,0.01,453.72,103,0.59,0.6,5
btc-updown-15m-1775979900,1775979900,660,0.4,0.41,0.405,0.01,313.46,268.8,0.59,0.6,58
btc-updown-15m-1775979900,1775979900,675,0.4,0.41,0.405,0.01,351.38,185.42,0.59,0.6,22
btc-updown-15m-1775979900,1775979900,690,0.45,0.46,0.455,0.01,688.81,125.45,0.54,0.55,31
btc-updown-15m-1775979900,1775979900,705,0.41,0.42,0.415,0.01,1000.5,213.01,0.58,0.59,27
btc-updown-15m-1775979900,1775979900,720,0.4,0.41,0.405,0.01,110.65,98.79,0.59,0.6,89
btc-updown-15m-1775979900,1775979900,735,0.42,0.43,0.425,0.01,432.24,167.44,0.57,0.58,24
btc-updown-15m-1775979900,1775979900,750,0.43,0.45,0.44,0.02,40,543.56,0.55,0.57,14
btc-updown-15m-1775979900,1775979900,765,0.3,0.32,0.31,0.02,628,247.89,0.68,0.7,2
btc-updown-15m-1775979900,1775979900,780,0.33,0.34,0.335,0.01,704.1,510.45,0.66,0.67,4
btc-updown-15m-1775979900,1775979900,795,0.33,0.34,0.335,0.01,799.79,50,0.66,0.67,18
btc-updown-15m-1775979900,1775979900,810,0.37,0.38,0.375,0.01,16.61,33.24,0.62,0.63,39
btc-updown-15m-1775979900,1775979900,825,0.37,0.48,0.425,0.11,795.52,483.99,0.52,0.63,3
btc-updown-15m-1775979900,1775979900,840,0.56,0.57,0.565,0.01,194.92,59.06,0.43,0.44,21
btc-updown-15m-1775979900,1775979900,845,0.56,0.61,0.585,0.05,165.09,78.81,0.39,0.44,1
btc-updown-15m-1775979900,1775979900,850,0.7,0.75,0.725,0.05,121.89,115.36,0.25,0.3,16
btc-updown-15m-1775979900,1775979900,855,0.66,0.73,0.695,0.07,202.37,81.83,0.27,0.34,8
btc-updown-15m-1775979900,1775979900,860,0.65,0.73,0.69,0.08,660.31,57.27,0.27,0.35,31
btc-updown-15m-1775979900,1775979900,865,0.67,0.82,0.745,0.15,919.65,54.63,0.18,0.33,26
btc-updown-15m-1775979900,1775979900,870,0.78,0.82,0.8,0.04,25.04,84.75,0.18,0.22,20
btc-updown-15m-1775979900,1775979900,875,0.67,0.72,0.695,0.05,839.91,35.88,0.28,0.33,21
btc-updown-15m-1775979900,1775979900,880,0.22,0.28,0.25,0.06,101.5,540.4,0.72,0.78,2
btc-updown-15m-1775979900,1775979900,885,0.1,0.11,0.105,0.01,2761.08,193.53,0.89,0.9,26
btc-updown-15m-1775979900,1775979900,890,,0.01,,,0,4598.92,0.99,,226
btc-updown-15m-1775979900,1775979900,895,,0.01,,,0,1747.83,0.99,,234
btc-updown-15m-1775979900,1775979900,897,,0.01,,,0,696.49,0.99,,25
btc-updown-15m-1775979900,1775979900,899,,0.01,,,0,1287.84,0.99,,13
btc-updown-15m-1775979900,1775979900,900,,0.01,,,0,54089.93,0.99,,67
btc-updown-15m-1775989800,1775989800,0,0.49,0.5,0.495,0.01,379.31,174.16,0.5,0.51,89
btc-updown-15m-1775989800,1775989800,15,0.41,0.42,0.415,0.01,170.36,558.18,0.58,0.59,73
btc-updown-15m-1775989800,1775989800,30,0.43,0.44,0.435,0.01,531.2,326.42,0.56,0.57,2
btc-updown-15m-1775989800,1775989800,45,0.43,0.44,0.435,0.01,404.83,230.71,0.56,0.57,10
btc-updown-15m-1775989800,1775989800,60,0.46,0.47,0.465,0.01,439.8,564.39,0.53,0.54,2
btc-updown-15m-1775989800,1775989800,75,0.5,0.51,0.505,0.01,186.52,619.67,0.49,0.5,4
btc-updown-15m-1775989800,1775989800,90,0.5,0.51,0.505,0.01,258.16,823,0.49,0.5,19
btc-updown-15m-1775989800,1775989800,105,0.44,0.45,0.445,0.01,116.8,516.04,0.55,0.56,1
btc-updown-15m-1775989800,1775989800,120,0.44,0.45,0.445,0.01,204.8,605.74,0.55,0.56,29
btc-updown-15m-1775989800,1775989800,135,0.42,0.43,0.425,0.01,301.38,626.5,0.57,0.58,61
btc-updown-15m-1775989800,1775989800,150,0.41,0.42,0.415,0.01,340.52,563.49,0.58,0.59,24
btc-updown-15m-1775989800,1775989800,165,0.41,0.42,0.415,0.01,316.51,633.75,0.58,0.59,4
btc-updown-15m-1775989800,1775989800,180,0.41,0.42,0.415,0.01,342.5,590.37,0.58,0.59,7
btc-updown-15m-1775989800,1775989800,195,0.4,0.41,0.405,0.01,243.53,624.82,0.59,0.6,37
btc-updown-15m-1775989800,1775989800,210,0.41,0.42,0.415,0.01,539.51,225.34,0.58,0.59,45
btc-updown-15m-1775989800,1775989800,225,0.31,0.32,0.315,0.01,450.53,378.73,0.68,0.69,3
btc-updown-15m-1775989800,1775989800,240,0.39,0.4,0.395,0.01,446.96,207.06,0.6,0.61,23
btc-updown-15m-1775989800,1775989800,255,0.33,0.34,0.335,0.01,247.2,320.48,0.66,0.67,157
btc-updown-15m-1775989800,1775989800,270,0.32,0.33,0.325,0.01,383.23,260.82,0.67,0.68,7
btc-updown-15m-1775989800,1775989800,285,0.34,0.35,0.345,0.01,180.98,230.03,0.65,0.66,0
btc-updown-15m-1775989800,1775989800,300,0.31,0.32,0.315,0.01,486.8,315,0.68,0.69,60
btc-updown-15m-1775989800,1775989800,315,0.32,0.33,0.325,0.01,355.07,260.07,0.67,0.68,4
btc-updown-15m-1775989800,1775989800,330,0.32,0.33,0.325,0.01,390.61,309.57,0.67,0.68,81
btc-updown-15m-1775989800,1775989800,345,0.3,0.31,0.305,0.01,198.78,402.5,0.69,0.7,6
btc-updown-15m-1775989800,1775989800,360,0.3,0.32,0.31,0.02,357.47,269.82,0.68,0.7,45
btc-updown-15m-1775989800,1775989800,375,0.15,0.16,0.155,0.01,215.82,321.16,0.84,0.85,18
btc-updown-15m-1775989800,1775989800,390,0.13,0.14,0.135,0.01,719.52,198.9,0.86,0.87,49
btc-updown-15m-1775989800,1775989800,405,0.13,0.14,0.135,0.01,639.16,252.65,0.86,0.87,204
btc-updown-15m-1775989800,1775989800,420,0.11,0.12,0.115,0.01,505.92,571.92,0.88,0.89,11
btc-updown-15m-1775989800,1775989800,435,0.11,0.12,0.115,0.01,461.21,359.46,0.88,0.89,23
btc-updown-15m-1775989800,1775989800,450,0.1,0.11,0.105,0.01,378.06,246.64,0.89,0.9,15
btc-updown-15m-1775989800,1775989800,465,0.18,0.19,0.185,0.01,132.79,396.09,0.81,0.82,1
btc-updown-15m-1775989800,1775989800,480,0.13,0.14,0.135,0.01,321.57,520.11,0.86,0.87,0
btc-updown-15m-1775989800,1775989800,495,0.13,0.14,0.135,0.01,172.61,638.03,0.86,0.87,1
btc-updown-15m-1775989800,1775989800,510,0.08,0.09,0.085,0.01,642.67,1351.77,0.91,0.92,16
btc-updown-15m-1775989800,1775989800,525,0.06,0.07,0.065,0.01,864.72,791.29,0.93,0.94,1
btc-updown-15m-1775989800,1775989800,540,0.08,0.09,0.085,0.01,975.1,585.91,0.91,0.92,35
btc-updown-15m-1775989800,1775989800,555,0.08,0.09,0.085,0.01,715.15,304.52,0.91,0.92,31
btc-updown-15m-1775989800,1775989800,570,0.08,0.09,0.085,0.01,393.48,300.67,0.91,0.92,34
btc-updown-15m-1775989800,1775989800,585,0.06,0.07,0.065,0.01,1307.2,312.07,0.93,0.94,12
btc-updown-15m-1775989800,1775989800,600,0.03,0.04,0.035,0.01,3647.7,816.01,0.96,0.97,18
btc-updown-15m-1775989800,1775989800,615,0.02,0.04,0.03,0.02,2977.05,844.32,0.96,0.98,234
btc-updown-15m-1775989800,1775989800,630,0.02,0.03,0.025,0.01,2691.64,924.96,0.97,0.98,114
btc-updown-15m-1775989800,1775989800,645,0.02,0.03,0.025,0.01,2712.94,1180.04,0.97,0.98,27
btc-updown-15m-1775989800,1775989800,660,0.01,0.02,0.015,0.01,2177.34,622.47,0.98,0.99,26
btc-updown-15m-1775989800,1775989800,675,0.01,0.02,0.015,0.01,698.91,1201.06,0.98,0.99,79
btc-updown-15m-1775989800,1775989800,690,,0.01,,,0,781.25,0.99,,18
btc-updown-15m-1775989800,1775989800,705,,0.01,,,0,13043.46,0.99,,38
btc-updown-15m-1775989800,1775989800,720,,0.01,,,0,12985.47,0.99,,22
btc-updown-15m-1775989800,1775989800,735,,0.01,,,0,13300.98,0.99,,40
btc-updown-15m-1775989800,1775989800,750,0.003,0.005,0.004,0.002,4251,619.13,0.995,0.997,29
btc-updown-15m-1775989800,1775989800,765,0.008,0.01,0.009,0.002,174.44,3950.02,0.99,0.992,78
btc-updown-15m-1775989800,1775989800,780,0.008,0.009,0.0085,0.001,210.2,4048.42,0.991,0.992,4
btc-updown-15m-1775989800,1775989800,795,0.005,0.007,0.006,0.002,4857.76,794.44,0.993,0.995,4
btc-updown-15m-1775989800,1775989800,810,0.002,0.006,0.004,0.004,4187.48,180,0.994,0.998,21
btc-updown-15m-1775989800,1775989800,825,0.002,0.006,0.004,0.004,1274.58,4105.09,0.994,0.998,268
btc-updown-15m-1775989800,1775989800,840,0.002,0.005,0.0035,0.003,1848.01,260.46,0.995,0.998,140
btc-updown-15m-1775989800,1775989800,845,0.002,0.003,0.0025,0.001,1803.01,283.57,0.997,0.998,26
btc-updown-15m-1775989800,1775989800,850,0.002,0.003,0.0025,0.001,1803.01,283.57,0.997,0.998,163
btc-updown-15m-1775989800,1775989800,855,0.002,0.003,0.0025,0.001,1800,105.07,0.997,0.998,21
btc-updown-15m-1775989800,1775989800,860,0.002,0.003,0.0025,0.001,1798.99,268.07,0.997,0.998,213
btc-updown-15m-1775989800,1775989800,865,0.001,0.002,0.0015,0.001,1447.43,3862.69,0.998,0.999,31
btc-updown-15m-1775989800,1775989800,870,0.001,0.002,0.0015,0.001,981.74,3862.69,0.998,0.999,230
btc-updown-15m-1775989800,1775989800,875,,0.001,,,0,2018.22,0.999,,29
btc-updown-15m-1775989800,1775989800,880,,0.001,,,0,3018.22,0.999,,225
btc-updown-15m-1775989800,1775989800,885,,0.001,,,0,4046.8,0.999,,27
btc-updown-15m-1775989800,1775989800,890,0.001,0.002,0.0015,0.001,16021.24,93.07,0.998,0.999,43
btc-updown-15m-1775989800,1775989800,895,0.001,0.002,0.0015,0.001,15445.83,93.07,0.998,0.999,37
btc-updown-15m-1775989800,1775989800,897,0.001,0.002,0.0015,0.001,15412.82,12609.56,0.998,0.999,25
btc-updown-15m-1775989800,1775989800,899,0.001,0.002,0.0015,0.001,13767.97,17572,0.998,0.999,28
btc-updown-15m-1775989800,1775989800,900,0.001,0.002,0.0015,0.001,9139.33,38634.63,0.998,0.999,4
btc-updown-15m-1776000600,1776000600,0,0.54,0.55,0.545,0.01,341.18,145.79,0.45,0.46,39
btc-updown-15m-1776000600,1776000600,15,0.49,0.5,0.495,0.01,4485.41,1145.81,0.5,0.51,23
btc-updown-15m-1776000600,1776000600,30,0.49,0.5,0.495,0.01,4231.33,909.08,0.5,0.51,35
btc-updown-15m-1776000600,1776000600,45,0.49,0.5,0.495,0.01,3122.37,1501.98,0.5,0.51,1
btc-updown-15m-1776000600,1776000600,60,0.42,0.43,0.425,0.01,161.13,913.64,0.57,0.58,0
btc-updown-15m-1776000600,1776000600,75,0.39,0.4,0.395,0.01,536.96,1502.25,0.6,0.61,30
btc-updown-15m-1776000600,1776000600,90,0.38,0.39,0.385,0.01,703.65,1760.51,0.61,0.62,39
btc-updown-15m-1776000600,1776000600,105,0.36,0.37,0.365,0.01,1004.03,201.09,0.63,0.64,24
btc-updown-15m-1776000600,1776000600,120,0.36,0.37,0.365,0.01,765.28,300.49,0.63,0.64,1
btc-updown-15m-1776000600,1776000600,135,0.36,0.37,0.365,0.01,820.16,577.91,0.63,0.64,157
btc-updown-15m-1776000600,1776000600,150,0.4,0.41,0.405,0.01,1022.2,162.61,0.59,0.6,13
btc-updown-15m-1776000600,1776000600,165,0.47,0.48,0.475,0.01,949.75,338.88,0.52,0.53,0
btc-updown-15m-1776000600,1776000600,180,0.42,0.43,0.425,0.01,685.55,812.29,0.57,0.58,13
btc-updown-15m-1776000600,1776000600,195,0.6,0.61,0.605,0.01,484.55,427.2,0.39,0.4,3
btc-updown-15m-1776000600,1776000600,210,0.51,0.52,0.515,0.01,769.13,288.33,0.48,0.49,209
btc-updown-15m-1776000600,1776000600,225,0.58,0.59,0.585,0.01,510.3,393.99,0.41,0.42,1
btc-updown-15m-1776000600,1776000600,240,0.61,0.62,0.615,0.01,687.92,986.98,0.38,0.39,11
btc-updown-15m-1776000600,1776000600,255,0.55,0.56,0.555,0.01,946.29,144.78,0.44,0.45,66
btc-updown-15m-1776000600,1776000600,270,0.57,0.58,0.575,0.01,934.57,694.85,0.42,0.43,12
btc-updown-15m-1776000600,1776000600,285,0.56,0.57,0.565,0.01,368.69,881.39,0.43,0.44,36
btc-updown-15m-1776000600,1776000600,300,0.62,0.63,0.625,0.01,676.5,550.89,0.37,0.38,27
btc-updown-15m-1776000600,1776000600,315,0.61,0.62,0.615,0.01,554,724.01,0.38,0.39,58
btc-updown-15m-1776000600,1776000600,330,0.62,0.63,0.625,0.01,2524.53,527.11,0.37,0.38,14
btc-updown-15m-1776000600,1776000600,345,0.66,0.67,0.665,0.01,506,719.17,0.33,0.34,56
btc-updown-15m-1776000600,1776000600,360,0.68,0.69,0.685,0.01,363,839.7,0.31,0.32,4
btc-updown-15m-1776000600,1776000600,375,0.68,0.69,0.685,0.01,678.5,542.05,0.31,0.32,225
btc-updown-15m-1776000600,1776000600,390,0.6,0.61,0.605,0.01,794.5,583.91,0.39,0.4,23
btc-updown-15m-1776000600,1776000600,405,0.59,0.6,0.595,0.01,601,571.51,0.4,0.41,5
btc-updown-15m-1776000600,1776000600,420,0.54,0.55,0.545,0.01,473.41,679.37,0.45,0.46,16
btc-updown-15m-1776000600,1776000600,435,0.5,0.51,0.505,0.01,594.81,621.7,0.49,0.5,5
btc-updown-15m-1776000600,1776000600,450,0.48,0.49,0.485,0.01,836.69,367.5,0.51,0.52,5
btc-updown-15m-1776000600,1776000600,465,0.33,0.34,0.335,0.01,365.99,880.75,0.66,0.67,116
btc-updown-15m-1776000600,1776000600,480,0.25,0.26,0.255,0.01,522.24,477.5,0.74,0.75,3
btc-updown-15m-1776000600,1776000600,495,0.25,0.26,0.255,0.01,615.71,393.17,0.74,0.75,59
btc-updown-15m-1776000600,1776000600,510,0.28,0.29,0.285,0.01,686.38,267.95,0.71,0.72,5
btc-updown-15m-1776000600,1776000600,525,0.25,0.26,0.255,0.01,640.46,679.46,0.74,0.75,71
btc-updown-15m-1776000600,1776000600,540,0.24,0.25,0.245,0.01,565.43,648.84,0.75,0.76,30
btc-updown-15m-1776000600,1776000600,555,0.23,0.24,0.235,0.01,268.74,422.81,0.76,0.77,168
btc-updown-15m-1776000600,1776000600,570,0.17,0.18,0.175,0.01,317.49,479.96,0.82,0.83,30
btc-updown-15m-1776000600,1776000600,585,0.19,0.2,0.195,0.01,702.29,713.85,0.8,0.81,4
btc-updown-15m-1776000600,1776000600,600,0.16,0.17,0.165,0.01,265.15,323.92,0.83,0.84,22
btc-updown-15m-1776000600,1776000600,615,0.11,0.12,0.115,0.01,603.56,668.21,0.88,0.89,6
btc-updown-15m-1776000600,1776000600,630,0.07,0.08,0.075,0.01,938.9,1307.66,0.92,0.93,18
btc-updown-15m-1776000600,1776000600,645,0.06,0.07,0.065,0.01,1712,9935.87,0.93,0.94,43
btc-updown-15m-1776000600,1776000600,660,0.05,0.06,0.055,0.01,2061.65,10162.71,0.94,0.95,20
btc-updown-15m-1776000600,1776000600,675,0.08,0.09,0.085,0.01,976.36,497.86,0.91,0.92,38
btc-updown-15m-1776000600,1776000600,690,0.09,0.1,0.095,0.01,857.38,2505.73,0.9,0.91,11
btc-updown-15m-1776000600,1776000600,705,0.08,0.09,0.085,0.01,489.01,2837.28,0.91,0.92,18
btc-updown-15m-1776000600,1776000600,720,0.08,0.09,0.085,0.01,511.71,2720.14,0.91,0.92,21
btc-updown-15m-1776000600,1776000600,735,0.09,0.1,0.095,0.01,389.69,2173.73,0.9,0.91,28
btc-updown-15m-1776000600,1776000600,750,0.06,0.07,0.065,0.01,812.71,940.38,0.93,0.94,190
btc-updown-15m-1776000600,1776000600,765,0.02,0.03,0.025,0.01,3482.04,1337.03,0.97,0.98,39
btc-updown-15m-1776000600,1776000600,780,0.02,0.03,0.025,0.01,3046.85,361.37,0.97,0.98,232
btc-updown-15m-1776000600,1776000600,795,0.02,0.03,0.025,0.01,2973.27,634.41,0.97,0.98,729
btc-updown-15m-1776000600,1776000600,810,0.02,0.03,0.025,0.01,2622.28,570.19,0.97,0.98,21
btc-updown-15m-1776000600,1776000600,825,0.03,0.04,0.035,0.01,2552,595.41,0.96,0.97,310
btc-updown-15m-1776000600,1776000600,840,0.02,0.03,0.025,0.01,2323.79,880.58,0.97,0.98,318
btc-updown-15m-1776000600,1776000600,845,0.03,0.04,0.035,0.01,2509.47,917.68,0.96,0.97,24
btc-updown-15m-1776000600,1776000600,850,0.01,0.02,0.015,0.01,2197.85,8017.88,0.98,0.99,14
btc-updown-15m-1776000600,1776000600,855,0.01,0.02,0.015,0.01,1916.13,8177.08,0.98,0.99,47
btc-updown-15m-1776000600,1776000600,860,0.01,0.02,0.015,0.01,1921.13,8121.45,0.98,0.99,162
btc-updown-15m-1776000600,1776000600,865,0.01,0.02,0.015,0.01,1850.53,8347.75,0.98,0.99,2
btc-updown-15m-1776000600,1776000600,870,0.01,0.02,0.015,0.01,1265.43,8172.5,0.98,0.99,137
btc-updown-15m-1776000600,1776000600,875,,0.01,,,0,12205.15,0.99,,24
btc-updown-15m-1776000600,1776000600,880,,0.01,,,0,12070.94,0.99,,621
btc-updown-15m-1776000600,1776000600,885,,0.01,,,0,11269.34,0.99,,26
btc-updown-15m-1776000600,1776000600,890,,0.01,,,0,14789.43,0.99,,146
btc-updown-15m-1776000600,1776000600,895,,0.01,,,0,15165.59,0.99,,26
btc-updown-15m-1776000600,1776000600,897,,0.01,,,0,18135.53,0.99,,17
btc-updown-15m-1776000600,1776000600,899,,0.01,,,0,18154.88,0.99,,649
btc-updown-15m-1776000600,1776000600,900,,0.01,,,0,89317.87,0.99,,0
btc-updown-15m-1776011400,1776011400,0,0.46,0.48,0.47,0.02,674.35,1772.94,0.52,0.54,190
btc-updown-15m-1776011400,1776011400,15,0.48,0.49,0.485,0.01,940.69,2000.2,0.51,0.52,30
btc-updown-15m-1776011400,1776011400,30,0.51,0.53,0.52,0.02,1259.99,653.17,0.47,0.49,358
btc-updown-15m-1776011400,1776011400,45,0.57,0.58,0.575,0.01,350.61,1014.39,0.42,0.43,21
btc-updown-15m-1776011400,1776011400,60,0.59,0.6,0.595,0.01,496.96,975.05,0.4,0.41,18
btc-updown-15m-1776011400,1776011400,75,0.58,0.59,0.585,0.01,486.73,585.72,0.41,0.42,18
btc-updown-15m-1776011400,1776011400,90,0.56,0.57,0.565,0.01,1396.5,740.33,0.43,0.44,5
btc-updown-15m-1776011400,1776011400,105,0.57,0.58,0.575,0.01,1520.33,807.1,0.42,0.43,52
btc-updown-15m-1776011400,1776011400,120,0.57,0.59,0.58,0.02,2174.34,738.64,0.41,0.43,27
btc-updown-15m-1776011400,1776011400,135,0.58,0.59,0.585,0.01,1788.84,762.84,0.41,0.42,68
btc-updown-15m-1776011400,1776011400,150,0.58,0.6,0.59,0.02,1795.75,670.04,0.4,0.42,17
btc-updown-15m-1776011400,1776011400,165,0.56,0.58,0.57,0.02,1496.63,1062.82,0.42,0.44,2
btc-updown-15m-1776011400,1776011400,180,0.57,0.58,0.575,0.01,1012.44,686.66,0.42,0.43,23
btc-updown-15m-1776011400,1776011400,195,0.56,0.57,0.565,0.01,1101.19,495.4,0.43,0.44,1
btc-updown-15m-1776011400,1776011400,210,0.57,0.58,0.575,0.01,851.75,1197.47,0.42,0.43,29
btc-updown-15m-1776011400,1776011400,225,0.56,0.57,0.565,0.01,1326.32,827.91,0.43,0.44,75
btc-updown-15m-1776011400,1776011400,240,0.56,0.57,0.565,0.01,1289.41,713.64,0.43,0.44,2
btc-updown-15m-1776011400,1776011400,255,0.56,0.58,0.57,0.02,949.05,908.9,0.42,0.44,5
btc-updown-15m-1776011400,1776011400,270,0.61,0.62,0.615,0.01,1073.18,728,0.38,0.39,22
btc-updown-15m-1776011400,1776011400,285,0.6,0.61,0.605,0.01,557,967.87,0.39,0.4,24
btc-updown-15m-1776011400,1776011400,300,0.61,0.62,0.615,0.01,347.53,360.19,0.38,0.39,28
btc-updown-15m-1776011400,1776011400,315,0.46,0.47,0.465,0.01,749.04,980.19,0.53,0.54,1
btc-updown-15m-1776011400,1776011400,330,0.42,0.43,0.425,0.01,830.06,489.45,0.57,0.58,38
btc-updown-15m-1776011400,1776011400,345,0.49,0.5,0.495,0.01,189.52,888.89,0.5,0.51,29
btc-updown-15m-1776011400,1776011400,360,0.45,0.46,0.455,0.01,624.8,560.96,0.54,0.55,16
btc-updown-15m-1776011400,1776011400,375,0.38,0.39,0.385,0.01,275.17,741.26,0.61,0.62,4
btc-updown-15m-1776011400,1776011400,390,0.43,0.44,0.435,0.01,797.86,596.99,0.56,0.57,8
btc-updown-15m-1776011400,1776011400,405,0.48,0.49,0.485,0.01,902.94,352.06,0.51,0.52,13
btc-updown-15m-1776011400,1776011400,420,0.35,0.36,0.355,0.01,166.67,595.42,0.64,0.65,3
btc-updown-15m-1776011400,1776011400,435,0.3,0.31,0.305,0.01,661.5,447.12,0.69,0.7,27
btc-updown-15m-1776011400,1776011400,450,0.28,0.29,0.285,0.01,618.97,512.01,0.71,0.72,70
btc-updown-15m-1776011400,1776011400,465,0.2,0.21,0.205,0.01,648.59,349.47,0.79,0.8,28
btc-updown-15m-1776011400,1776011400,480,0.19,0.2,0.195,0.01,528.32,833.22,0.8,0.81,3
btc-updown-15m-1776011400,1776011400,495,0.18,0.19,0.185,0.01,610.35,759.09,0.81,0.82,286
btc-updown-15m-1776011400,1776011400,510,0.16,0.17,0.165,0.01,713.81,693.41,0.83,0.84,395
btc-updown-15m-1776011400,1776011400,525,0.26,0.27,0.265,0.01,548.72,540.06,0.73,0.74,71
btc-updown-15m-1776011400,1776011400,540,0.24,0.25,0.245,0.01,798.22,344.52,0.75,0.76,10
btc-updown-15m-1776011400,1776011400,555,0.19,0.2,0.195,0.01,961.7,317.57,0.8,0.81,75
btc-updown-15m-1776011400,1776011400,570,0.2,0.21,0.205,0.01,477.51,588,0.79,0.8,29
btc-updown-15m-1776011400,1776011400,585,0.2,0.21,0.205,0.01,393.6,570.06,0.79,0.8,39
btc-updown-15m-1776011400,1776011400,600,0.2,0.21,0.205,0.01,391.05,114.15,0.79,0.8,24
btc-updown-15m-1776011400,1776011400,615,0.19,0.2,0.195,0.01,332.72,647.87,0.8,0.81,27
btc-updown-15m-1776011400,1776011400,630,0.18,0.19,0.185,0.01,349.26,800.88,0.81,0.82,28
btc-updown-15m-1776011400,1776011400,645,0.2,0.21,0.205,0.01,339.31,298.5,0.79,0.8,2
btc-updown-15m-1776011400,1776011400,660,0.12,0.13,0.125,0.01,617.77,990.28,0.87,0.88,18
btc-updown-15m-1776011400,1776011400,675,0.06,0.07,0.065,0.01,1253.83,852.3,0.93,0.94,35
btc-updown-15m-1776011400,1776011400,690,0.04,0.05,0.045,0.01,2446.13,840.25,0.95,0.96,11
btc-updown-15m-1776011400,1776011400,705,0.05,0.06,0.055,0.01,1582.78,833.17,0.94,0.95,4
btc-updown-15m-1776011400,1776011400,720,0.05,0.06,0.055,0.01,1140.45,916.64,0.94,0.95,28
btc-updown-15m-1776011400,1776011400,735,0.03,0.04,0.035,0.01,3867.45,731.64,0.96,0.97,33
btc-updown-15m-1776011400,1776011400,750,0.03,0.04,0.035,0.01,6389.95,787.01,0.96,0.97,29
btc-updown-15m-1776011400,1776011400,765,0.03,0.04,0.035,0.01,10554.1,1310.27,0.96,0.97,76
btc-updown-15m-1776011400,1776011400,780,0.03,0.04,0.035,0.01,10199.47,1192.1,0.96,0.97,31
btc-updown-15m-1776011400,1776011400,795,0.01,0.02,0.015,0.01,7933.09,1347.67,0.98,0.99,17
btc-updown-15m-1776011400,1776011400,810,0.01,0.02,0.015,0.01,7284.91,1568.81,0.98,0.99,6
btc-updown-15m-1776011400,1776011400,825,0.01,0.012,0.011,0.002,3496.16,1021.99,0.988,0.99,20
btc-updown-15m-1776011400,1776011400,840,0.008,0.009,0.0085,0.001,482.95,3332.46,0.991,0.992,29
btc-updown-15m-1776011400,1776011400,845,0.007,0.009,0.008,0.002,1484.96,3532.77,0.991,0.993,33
btc-updown-15m-1776011400,1776011400,850,0.006,0.009,0.0075,0.003,1484.96,3480.03,0.991,0.994,2
btc-updown-15m-1776011400,1776011400,855,0.005,0.008,0.0065,0.003,1758.95,3967.78,0.992,0.995,230
btc-updown-15m-1776011400,1776011400,860,0.002,0.008,0.005,0.006,1742.23,3822.78,0.992,0.998,31
btc-updown-15m-1776011400,1776011400,865,0.001,0.002,0.0015,0.001,1403.23,93,0.998,0.999,229
btc-updown-15m-1776011400,1776011400,870,0.001,0.002,0.0015,0.001,886.9,550.46,0.998,0.999,22
btc-updown-15m-1776011400,1776011400,875,0.001,0.009,0.005,0.008,846.9,3598.66,0.991,0.999,231
btc-updown-15m-1776011400,1776011400,880,0.001,0.009,0.005,0.008,846.9,3543.32,0.991,0.999,29
btc-updown-15m-1776011400,1776011400,885,0.001,0.01,0.0055,0.009,426.48,3331.84,0.99,0.999,94
btc-updown-15m-1776011400,1776011400,890,0.001,0.01,0.0055,0.009,228.17,3094.1,0.99,0.999,28
btc-updown-15m-1776011400,1776011400,895,0.001,0.01,0.0055,0.009,145.84,3150.16,0.99,0.999,15
btc-updown-15m-1776011400,1776011400,897,0.001,0.01,0.0055,0.009,77.83,3784.66,0.99,0.999,224
btc-updown-15m-1776011400,1776011400,899,,0.001,,,0,17861.28,0.999,,56
btc-updown-15m-1776011400,1776011400,900,,0.001,,,0,66178.44,0.999,,2
btc-updown-15m-1776021300,1776021300,0,0.43,0.46,0.445,0.03,63,4504.37,0.54,0.57,111
btc-updown-15m-1776021300,1776021300,15,0.46,0.47,0.465,0.01,990.26,3334.53,0.53,0.54,12
btc-updown-15m-1776021300,1776021300,30,0.46,0.47,0.465,0.01,665.61,3558.4,0.53,0.54,0
btc-updown-15m-1776021300,1776021300,45,0.46,0.47,0.465,0.01,1152.26,1583.7,0.53,0.54,23
btc-updown-15m-1776021300,1776021300,60,0.46,0.47,0.465,0.01,1391.05,964.03,0.53,0.54,25
btc-updown-15m-1776021300,1776021300,75,0.46,0.47,0.465,0.01,1425.49,799.42,0.53,0.54,6
btc-updown-15m-1776021300,1776021300,90,0.43,0.44,0.435,0.01,970.38,67,0.56,0.57,16
btc-updown-15m-1776021300,1776021300,105,0.45,0.46,0.455,0.01,752.21,1090.4,0.54,0.55,35
btc-updown-15m-1776021300,1776021300,120,0.46,0.47,0.465,0.01,1139.72,470.7,0.53,0.54,30
btc-updown-15m-1776021300,1776021300,135,0.46,0.47,0.465,0.01,1126.47,337.27,0.53,0.54,0
btc-updown-15m-1776021300,1776021300,150,0.47,0.48,0.475,0.01,807.46,4435.96,0.52,0.53,30
btc-updown-15m-1776021300,1776021300,165,0.43,0.44,0.435,0.01,912.79,179.01,0.56,0.57,9
btc-updown-15m-1776021300,1776021300,180,0.44,0.45,0.445,0.01,612.23,906.12,0.55,0.56,28
btc-updown-15m-1776021300,1776021300,195,0.45,0.46,0.455,0.01,957.18,1085.27,0.54,0.55,66
btc-updown-15m-1776021300,1776021300,210,0.45,0.46,0.455,0.01,437.09,1254.77,0.54,0.55,28
btc-updown-15m-1776021300,1776021300,225,0.45,0.46,0.455,0.01,510.72,1030.46,0.54,0.55,74
btc-updown-15m-1776021300,1776021300,240,0.45,0.46,0.455,0.01,472.29,1016.91,0.54,0.55,67
btc-updown-15m-1776021300,1776021300,255,0.49,0.5,0.495,0.01,1493.66,2331.16,0.5,0.51,32
btc-updown-15m-1776021300,1776021300,270,0.49,0.5,0.495,0.01,1477.44,845.01,0.5,0.51,3
btc-updown-15m-1776021300,1776021300,285,0.49,0.5,0.495,0.01,318.23,939.97,0.5,0.51,4
btc-updown-15m-1776021300,1776021300,300,0.49,0.5,0.495,0.01,694.2,515.15,0.5,0.51,11
btc-updown-15m-1776021300,1776021300,315,0.49,0.5,0.495,0.01,961.32,607.35,0.5,0.51,203
btc-updown-15m-1776021300,1776021300,330,0.5,0.51,0.505,0.01,438.25,873.19,0.49,0.5,13
btc-updown-15m-1776021300,1776021300,345,0.5,0.51,0.505,0.01,422.56,812.36,0.49,0.5,69
btc-updown-15m-1776021300,1776021300,360,0.5,0.51,0.505,0.01,628.71,781.46,0.49,0.5,24
btc-updown-15m-1776021300,1776021300,375,0.67,0.68,0.675,0.01,295.5,974.96,0.32,0.33,5
btc-updown-15m-1776021300,1776021300,390,0.68,0.69,0.685,0.01,711.22,799,0.31,0.32,21
btc-updown-15m-1776021300,1776021300,405,0.68,0.69,0.685,0.01,1035.39,629.11,0.31,0.32,36
btc-updown-15m-1776021300,1776021300,420,0.69,0.7,0.695,0.01,1111.31,118.22,0.3,0.31,2
btc-updown-15m-1776021300,1776021300,435,0.74,0.75,0.745,0.01,567.19,237.01,0.25,0.26,16
btc-updown-15m-1776021300,1776021300,450,0.77,0.78,0.775,0.01,729.28,639,0.22,0.23,16
btc-updown-15m-1776021300,1776021300,465,0.79,0.8,0.795,0.01,343.77,864.93,0.2,0.21,73
btc-updown-15m-1776021300,1776021300,480,0.78,0.79,0.785,0.01,481.21,395.13,0.21,0.22,15
btc-updown-15m-1776021300,1776021300,495,0.78,0.79,0.785,0.01,453.32,729.2,0.21,0.22,1
btc-updown-15m-1776021300,1776021300,510,0.78,0.79,0.785,0.01,938.97,563.49,0.21,0.22,25
btc-updown-15m-1776021300,1776021300,525,0.79,0.8,0.795,0.01,896.85,619.51,0.2,0.21,54
btc-updown-15m-1776021300,1776021300,540,0.79,0.8,0.795,0.01,919.67,563.98,0.2,0.21,40
btc-updown-15m-1776021300,1776021300,555,0.8,0.81,0.805,0.01,987.37,617.35,0.19,0.2,41
btc-updown-15m-1776021300,1776021300,570,0.68,0.69,0.685,0.01,299.32,751.02,0.31,0.32,4
btc-updown-15m-1776021300,1776021300,585,0.68,0.69,0.685,0.01,474.13,763.93,0.31,0.32,18
btc-updown-15m-1776021300,1776021300,600,0.74,0.75,0.745,0.01,33,583.84,0.25,0.26,49
btc-updown-15m-1776021300,1776021300,615,0.79,0.8,0.795,0.01,817.49,749.15,0.2,0.21,11
btc-updown-15m-1776021300,1776021300,630,0.8,0.81,0.805,0.01,960.13,572.65,0.19,0.2,7
btc-updown-15m-1776021300,1776021300,645,0.82,0.83,0.825,0.01,992.78,882.53,0.17,0.18,25
btc-updown-15m-1776021300,1776021300,660,0.71,0.72,0.715,0.01,204.51,919.08,0.28,0.29,4
btc-updown-15m-1776021300,1776021300,675,0.72,0.73,0.725,0.01,689.87,555.7,0.27,0.28,20
btc-updown-15m-1776021300,1776021300,690,0.73,0.74,0.735,0.01,646.15,257.4,0.26,0.27,68
btc-updown-15m-1776021300,1776021300,705,0.8,0.81,0.805,0.01,740.4,407.83,0.19,0.2,2
btc-updown-15m-1776021300,1776021300,720,0.81,0.82,0.815,0.01,899.65,446.11,0.18,0.19,28
btc-updown-15m-1776021300,1776021300,735,0.81,0.82,0.815,0.01,786.5,809.63,0.18,0.19,26
btc-updown-15m-1776021300,1776021300,750,0.82,0.83,0.825,0.01,1324.66,176,0.17,0.18,38
btc-updown-15m-1776021300,1776021300,765,0.91,0.92,0.915,0.01,881.5,807.4,0.08,0.09,9
btc-updown-15m-1776021300,1776021300,780,0.91,0.92,0.915,0.01,1090.42,762.48,0.08,0.09,59
btc-updown-15m-1776021300,1776021300,795,0.93,0.94,0.935,0.01,795.84,1262.98,0.06,0.07,15
btc-updown-15m-1776021300,1776021300,810,0.95,0.96,0.955,0.01,940.3,1642.4,0.04,0.05,31
btc-updown-15m-1776021300,1776021300,825,0.95,0.96,0.955,0.01,962.68,1358.6,0.04,0.05,14
btc-updown-15m-1776021300,1776021300,840,0.97,0.98,0.975,0.01,412.69,3195.84,0.02,0.03,76
btc-updown-15m-1776021300,1776021300,845,0.97,0.98,0.975,0.01,687.74,3649.93,0.02,0.03,151
btc-updown-15m-1776021300,1776021300,850,0.97,0.98,0.975,0.01,887.81,2874.91,0.02,0.03,110
btc-updown-15m-1776021300,1776021300,855,0.97,0.98,0.975,0.01,845.68,2518.48,0.02,0.03,9
btc-updown-15m-1776021300,1776021300,860,0.97,0.98,0.975,0.01,943.38,2722.27,0.02,0.03,5
btc-updown-15m-1776021300,1776021300,865,0.97,0.98,0.975,0.01,395.64,2724.14,0.02,0.03,22
btc-updown-15m-1776021300,1776021300,870,0.97,0.98,0.975,0.01,403.32,2395.73,0.02,0.03,3
btc-updown-15m-1776021300,1776021300,875,0.98,0.99,0.985,0.01,542.94,2160.57,0.01,0.02,18
btc-updown-15m-1776021300,1776021300,880,0.98,0.99,0.985,0.01,398.99,2050.49,0.01,0.02,65
btc-updown-15m-1776021300,1776021300,885,0.98,0.99,0.985,0.01,408.99,1833.37,0.01,0.02,30
btc-updown-15m-1776021300,1776021300,890,0.98,0.99,0.985,0.01,506.77,1708.13,0.01,0.02,223
btc-updown-15m-1776021300,1776021300,895,0.99,,,,668.68,0,,0.01,26
btc-updown-15m-1776021300,1776021300,897,0.99,,,,959.44,0,,0.01,19
btc-updown-15m-1776021300,1776021300,899,0.99,,,,14495.43,0,,0.01,22
btc-updown-15m-1776021300,1776021300,900,0.99,,,,66534.49,0,,0.01,17
btc-updown-15m-1776032100,1776032100,0,0.54,0.56,0.55,0.02,2091.65,155.85,0.44,0.46,157
btc-updown-15m-1776032100,1776032100,15,0.55,0.56,0.555,0.01,877.41,342.69,0.44,0.45,10
btc-updown-15m-1776032100,1776032100,30,0.53,0.54,0.535,0.01,1603.23,937.23,0.46,0.47,89
btc-updown-15m-1776032100,1776032100,45,0.53,0.54,0.535,0.01,1298.44,2231.19,0.46,0.47,4
btc-updown-15m-1776032100,1776032100,60,0.41,0.42,0.415,0.01,252.53,1416.72,0.58,0.59,0
btc-updown-15m-1776032100,1776032100,75,0.37,0.38,0.375,0.01,264.39,633.88,0.62,0.63,5
btc-updown-15m-1776032100,1776032100,90,0.35,0.36,0.355,0.01,373.72,442.58,0.64,0.65,9
btc-updown-15m-1776032100,1776032100,105,0.4,0.41,0.405,0.01,302.52,295.01,0.59,0.6,42
btc-updown-15m-1776032100,1776032100,120,0.35,0.36,0.355,0.01,207.49,326.63,0.64,0.65,23
btc-updown-15m-1776032100,1776032100,135,0.31,0.32,0.315,0.01,182.8,1269.23,0.68,0.69,170
btc-updown-15m-1776032100,1776032100,150,0.27,0.28,0.275,0.01,350.62,601.68,0.72,0.73,5
btc-updown-15m-1776032100,1776032100,165,0.37,0.38,0.375,0.01,176.2,728.84,0.62,0.63,15
btc-updown-15m-1776032100,1776032100,180,0.47,0.48,0.475,0.01,212.58,50.88,0.52,0.53,39
btc-updown-15m-1776032100,1776032100,195,0.41,0.42,0.415,0.01,191.56,53.11,0.58,0.59,222
btc-updown-15m-1776032100,1776032100,210,0.39,0.4,0.395,0.01,87.56,856.32,0.6,0.61,14
btc-updown-15m-1776032100,1776032100,225,0.32,0.33,0.325,0.01,287.52,71.91,0.67,0.68,19
btc-updown-15m-1776032100,1776032100,240,0.3,0.32,0.31,0.02,381.95,37.02,0.68,0.7,50
btc-updown-15m-1776032100,1776032100,255,0.27,0.28,0.275,0.01,170.47,70.72,0.72,0.73,14
btc-updown-15m-1776032100,1776032100,270,0.22,0.23,0.225,0.01,204.11,212.46,0.77,0.78,28
btc-updown-15m-1776032100,1776032100,285,0.22,0.23,0.225,0.01,368.42,708.06,0.77,0.78,0
btc-updown-15m-1776032100,1776032100,300,0.23,0.24,0.235,0.01,259.97,257.56,0.76,0.77,0
btc-updown-15m-1776032100,1776032100,315,0.23,0.24,0.235,0.01,393.15,121.52,0.76,0.77,23
btc-updown-15m-1776032100,1776032100,330,0.25,0.26,0.255,0.01,169.66,439.74,0.74,0.75,11
btc-updown-15m-1776032100,1776032100,345,0.23,0.24,0.235,0.01,399.87,189.9,0.76,0.77,25
btc-updown-15m-1776032100,1776032100,360,0.27,0.28,0.275,0.01,222.11,68.21,0.72,0.73,80
btc-updown-15m-1776032100,1776032100,375,0.27,0.28,0.275,0.01,136.03,49.98,0.72,0.73,25
btc-updown-15m-1776032100,1776032100,390,0.19,0.2,0.195,0.01,315.76,61.76,0.8,0.81,13
btc-updown-15m-1776032100,1776032100,405,0.23,0.24,0.235,0.01,453.93,52.38,0.76,0.77,4
btc-updown-15m-1776032100,1776032100,420,0.24,0.25,0.245,0.01,312.65,215.37,0.75,0.76,10
btc-updown-15m-1776032100,1776032100,435,0.22,0.23,0.225,0.01,1322.23,240.58,0.77,0.78,6
btc-updown-15m-1776032100,1776032100,450,0.22,0.23,0.225,0.01,1315.11,257.88,0.77,0.78,12
btc-updown-15m-1776032100,1776032100,465,0.21,0.23,0.22,0.02,1295.36,248.67,0.77,0.79,66
btc-updown-15m-1776032100,1776032100,480,0.24,0.25,0.245,0.01,440.1,287.65,0.75,0.76,10
btc-updown-15m-1776032100,1776032100,495,0.2,0.21,0.205,0.01,808.1,119.91,0.79,0.8,45
btc-updown-15m-1776032100,1776032100,510,0.22,0.23,0.225,0.01,1355.01,341.41,0.77,0.78,1
btc-updown-15m-1776032100,1776032100,525,0.26,0.27,0.265,0.01,104.46,957.58,0.73,0.74,277
btc-updown-15m-1776032100,1776032100,540,0.24,0.25,0.245,0.01,542.39,545.52,0.75,0.76,27
btc-updown-15m-1776032100,1776032100,555,0.28,0.29,0.285,0.01,429.31,722.23,0.71,0.72,76
btc-updown-15m-1776032100,1776032100,570,0.31,0.32,0.315,0.01,285.48,131.81,0.68,0.69,25
btc-updown-15m-1776032100,1776032100,585,0.21,0.22,0.215,0.01,866.48,534.87,0.78,0.79,3
btc-updown-15m-1776032100,1776032100,600,0.15,0.16,0.155,0.01,189.17,166.05,0.84,0.85,196
btc-updown-15m-1776032100,1776032100,615,0.12,0.13,0.125,0.01,519.9,145.31,0.87,0.88,101
btc-updown-15m-1776032100,1776032100,630,0.15,0.16,0.155,0.01,958.42,255.65,0.84,0.85,31
btc-updown-15m-1776032100,1776032100,645,0.18,0.19,0.185,0.01,593.84,476.93,0.81,0.82,92
btc-updown-15m-1776032100,1776032100,660,0.15,0.16,0.155,0.01,145.34,352.53,0.84,0.85,26
btc-updown-15m-1776032100,1776032100,675,0.04,0.05,0.045,0.01,631.75,126.69,0.95,0.96,92
btc-updown-15m-1776032100,1776032100,690,0.04,0.05,0.045,0.01,1748.7,336.97,0.95,0.96,30
btc-updown-15m-1776032100,1776032100,705,0.04,0.05,0.045,0.01,396.89,1431.68,0.95,0.96,32
btc-updown-15m-1776032100,1776032100,720,,0.01,,,0,1095.05,0.99,,8
btc-updown-15m-1776032100,1776032100,735,,0.01,,,0,1404.8,0.99,,182
btc-updown-15m-1776032100,1776032100,750,0.01,0.02,0.015,0.01,769.86,662,0.98,0.99,120
btc-updown-15m-1776032100,1776032100,765,0.01,0.02,0.015,0.01,115,1270.73,0.98,0.99,43
btc-updown-15m-1776032100,1776032100,780,,0.01,,,0,1005.44,0.99,,22
btc-updown-15m-1776032100,1776032100,795,,0.01,,,0,3948.43,0.99,,106
btc-updown-15m-1776032100,1776032100,810,,0.01,,,0,6371.46,0.99,,320
btc-updown-15m-1776032100,1776032100,825,0.001,0.002,0.0015,0.001,290,164.15,0.998,0.999,65
btc-updown-15m-1776032100,1776032100,840,,0.001,,,0,1269.21,0.999,,23
btc-updown-15m-1776032100,1776032100,845,,0.001,,,0,1694.91,0.999,,67
btc-updown-15m-1776032100,1776032100,850,,0.001,,,0,866.91,0.999,,228
btc-updown-15m-1776032100,1776032100,855,,0.001,,,0,20852.31,0.999,,223
btc-updown-15m-1776032100,1776032100,860,,0.001,,,0,18852.31,0.999,,18
btc-updown-15m-1776032100,1776032100,865,,0.001,,,0,267,0.999,,558
btc-updown-15m-1776032100,1776032100,870,,0.001,,,0,257,0.999,,23
btc-updown-15m-1776032100,1776032100,875,,0.002,,,0,227,0.998,,213
btc-updown-15m-1776032100,1776032100,880,,0.002,,,0,227,0.998,,23
btc-updown-15m-1776032100,1776032100,885,,0.002,,,0,213.53,0.998,,211
btc-updown-15m-1776032100,1776032100,890,,0.001,,,0,173.53,0.999,,14
btc-updown-15m-1776032100,1776032100,895,,0.001,,,0,188.54,0.999,,32
btc-updown-15m-1776032100,1776032100,897,,0.001,,,0,291.54,0.999,,11
btc-updown-15m-1776032100,1776032100,899,,0.001,,,0,1017.35,0.999,,3
btc-updown-15m-1776032100,1776032100,900,,0.001,,,0,34567.21,0.999,,22
