slug,epoch,t_sec,up_best_bid,up_best_ask,up_mid,spread,top3_bid_depth,top3_ask_depth,down_best_bid,down_best_ask,last_event_age_ms
btc-updown-15m-1761715800,1761715800,0,0.43,0.45,0.44,0.02,37,1829.58,0.55,0.57,1955
btc-updown-15m-1761715800,1761715800,15,0.43,0.47,0.45,0.04,92.5,1622.67,0.53,0.57,8
btc-updown-15m-1761715800,1761715800,30,0.41,0.47,0.44,0.06,347.8,2015.87,0.53,0.59,720
btc-updown-15m-1761715800,1761715800,45,0.42,0.45,0.435,0.03,722,1149.38,0.55,0.58,168
btc-updown-15m-1761715800,1761715800,60,0.42,0.45,0.435,0.03,461.81,1505.38,0.55,0.58,73
btc-updown-15m-1761715800,1761715800,75,0.37,0.44,0.405,0.07,564.39,649.84,0.56,0.63,223
btc-updown-15m-1761715800,1761715800,90,0.38,0.41,0.395,0.03,420,524.94,0.59,0.62,23
btc-updown-15m-1761715800,1761715800,105,0.38,0.43,0.405,0.05,421.8,533.84,0.57,0.62,446
btc-updown-15m-1761715800,1761715800,120,0.44,0.47,0.455,0.03,477.4,1558.53,0.53,0.56,139
btc-updown-15m-1761715800,1761715800,135,0.45,0.47,0.46,0.02,674.7,877.75,0.53,0.55,0
btc-updown-15m-1761715800,1761715800,150,0.57,0.6,0.585,0.03,534.7,56.7,0.4,0.43,10
btc-updown-15m-1761715800,1761715800,165,0.6,0.66,0.63,0.06,413.57,148.84,0.34,0.4,79
btc-updown-15m-1761715800,1761715800,180,0.61,0.68,0.645,0.07,360.27,523.7,0.32,0.39,505
btc-updown-15m-1761715800,1761715800,195,0.63,0.68,0.655,0.05,596.27,619.1,0.32,0.37,246
btc-updown-15m-1761715800,1761715800,210,0.61,0.69,0.65,0.08,141,170.3,0.31,0.39,2
btc-updown-15m-1761715800,1761715800,225,0.8,0.85,0.825,0.05,746,650,0.15,0.2,6
btc-updown-15m-1761715800,1761715800,240,0.86,0.9,0.88,0.04,229.5,485,0.1,0.14,1
btc-updown-15m-1761715800,1761715800,255,0.85,0.9,0.875,0.05,140.48,266.53,0.1,0.15,1
btc-updown-15m-1761715800,1761715800,270,0.91,0.92,0.915,0.01,154.98,365,0.08,0.09,3
btc-updown-15m-1761715800,1761715800,285,0.88,0.92,0.9,0.04,669.81,312.82,0.08,0.12,77
btc-updown-15m-1761715800,1761715800,300,0.93,0.94,0.935,0.01,630.8,984,0.06,0.07,3
btc-updown-15m-1761715800,1761715800,315,0.9,0.94,0.92,0.04,562.48,1076,0.06,0.1,251
btc-updown-15m-1761715800,1761715800,330,0.9,0.94,0.92,0.04,791.48,1357,0.06,0.1,4
btc-updown-15m-1761715800,1761715800,345,0.9,0.94,0.92,0.04,464.48,1634,0.06,0.1,708
btc-updown-15m-1761715800,1761715800,360,0.92,0.94,0.93,0.02,165.08,1063.36,0.06,0.08,451
btc-updown-15m-1761715800,1761715800,375,0.9,0.94,0.92,0.04,267,703.36,0.06,0.1,105
btc-updown-15m-1761715800,1761715800,390,0.91,0.95,0.93,0.04,649.66,1036,0.05,0.09,1196
btc-updown-15m-1761715800,1761715800,405,0.92,0.95,0.935,0.03,302.7,853.88,0.05,0.08,269
btc-updown-15m-1761715800,1761715800,420,0.95,0.96,0.955,0.01,439.6,2105.58,0.04,0.05,565
btc-updown-15m-1761715800,1761715800,435,0.95,0.98,0.965,0.03,998.02,12014.59,0.02,0.05,170
btc-updown-15m-1761715800,1761715800,450,0.97,0.98,0.975,0.01,861.52,11766.75,0.02,0.03,52
btc-updown-15m-1761715800,1761715800,465,0.97,0.99,0.98,0.02,890.52,11479,0.01,0.03,73
btc-updown-15m-1761715800,1761715800,480,0.97,0.98,0.975,0.01,842.52,12089,0.02,0.03,411
btc-updown-15m-1761715800,1761715800,495,0.97,0.98,0.975,0.01,800.77,11969,0.02,0.03,27
btc-updown-15m-1761715800,1761715800,510,0.96,0.99,0.975,0.03,832.69,11479,0.01,0.04,632
btc-updown-15m-1761715800,1761715800,525,0.97,0.99,0.98,0.02,1059.69,11479,0.01,0.03,321
btc-updown-15m-1761715800,1761715800,540,0.98,0.99,0.985,0.01,327.99,11474,0.01,0.02,437
btc-updown-15m-1761715800,1761715800,555,0.98,0.99,0.985,0.01,1119.65,11015.79,0.01,0.02,1099
btc-updown-15m-1761715800,1761715800,570,0.98,0.99,0.985,0.01,1224.14,10993.85,0.01,0.02,736
btc-updown-15m-1761715800,1761715800,585,0.98,0.99,0.985,0.01,1481.8,10940.81,0.01,0.02,179
btc-updown-15m-1761715800,1761715800,600,0.98,0.99,0.985,0.01,1198.39,10669.23,0.01,0.02,288
btc-updown-15m-1761715800,1761715800,615,0.98,0.99,0.985,0.01,410.1,9933.15,0.01,0.02,169
btc-updown-15m-1761715800,1761715800,630,0.98,0.99,0.985,0.01,510.1,8917.05,0.01,0.02,797
btc-updown-15m-1761715800,1761715800,645,0.98,0.99,0.985,0.01,565.1,8883.01,0.01,0.02,1066
btc-updown-15m-1761715800,1761715800,660,0.98,0.99,0.985,0.01,581.1,8299.03,0.01,0.02,142
btc-updown-15m-1761715800,1761715800,675,0.98,0.99,0.985,0.01,553.47,7715.81,0.01,0.02,166
btc-updown-15m-1761715800,1761715800,690,0.98,0.99,0.985,0.01,553.47,7599.27,0.01,0.02,1436
btc-updown-15m-1761715800,1761715800,705,0.98,0.99,0.985,0.01,560.51,7605.99,0.01,0.02,1912
btc-updown-15m-1761715800,1761715800,720,0.98,0.99,0.985,0.01,541.51,8615.99,0.01,0.02,2143
btc-updown-15m-1761715800,1761715800,735,0.98,0.99,0.985,0.01,1049.21,3072.46,0.01,0.02,193
btc-updown-15m-1761715800,1761715800,750,0.98,0.99,0.985,0.01,948.83,2947.46,0.01,0.02,82
btc-updown-15m-1761715800,1761715800,765,0.98,0.99,0.985,0.01,1046.57,1003.48,0.01,0.02,136
btc-updown-15m-1761715800,1761715800,780,0.99,,,,723.9,0,,0.01,882
btc-updown-15m-1761715800,1761715800,795,0.99,,,,3316.86,0,,0.01,3127
btc-updown-15m-1761715800,1761715800,810,0.991,0.998,0.9945,0.007,4115.37,298.54,0.002,0.009,1780
btc-updown-15m-1761715800,1761715800,825,0.992,0.999,0.9955,0.007,5393.21,535.02,0.001,0.008,316
btc-updown-15m-1761715800,1761715800,840,0.993,0.998,0.9955,0.005,1244,934.02,0.002,0.007,170
btc-updown-15m-1761715800,1761715800,845,0.995,0.999,0.997,0.004,845,110,0.001,0.005,65
btc-updown-15m-1761715800,1761715800,850,0.995,0.999,0.997,0.004,840,110,0.001,0.005,43
btc-updown-15m-1761715800,1761715800,855,0.998,0.999,0.9985,0.001,739,510,0.001,0.002,478
btc-updown-15m-1761715800,1761715800,860,0.998,0.999,0.9985,0.001,799,620,0.001,0.002,265
btc-updown-15m-1761715800,1761715800,865,0.998,0.999,0.9985,0.001,539,730,0.001,0.002,572
btc-updown-15m-1761715800,1761715800,870,0.998,,,,1199,0,,0.002,2423
btc-updown-15m-1761715800,1761715800,875,0.998,,,,3042.67,0,,0.002,155
btc-updown-15m-1761715800,1761715800,880,0.998,,,,3082.67,0,,0.002,665
btc-updown-15m-1761715800,1761715800,885,0.998,,,,3694.02,0,,0.002,208
btc-updown-15m-1761715800,1761715800,890,0.998,,,,3689.02,0,,0.002,1767
btc-updown-15m-1761715800,1761715800,895,0.998,,,,3719.02,0,,0.002,213
btc-updown-15m-1761715800,1761715800,897,0.998,,,,3674.02,0,,0.002,258
btc-updown-15m-1761715800,1761715800,899,0.998,,,,4045.02,0,,0.002,132
btc-updown-15m-1761715800,1761715800,900,0.998,,,,4045.02,0,,0.002,199
btc-updown-15m-1761720300,1761720300,0,0.53,0.58,0.555,0.05,114.93,278.1,0.42,0.47,3986
btc-updown-15m-1761720300,1761720300,15,0.53,0.54,0.535,0.01,104.55,131.6,0.46,0.47,38
btc-updown-15m-1761720300,1761720300,30,0.56,0.61,0.585,0.05,1071.71,432.53,0.39,0.44,0
btc-updown-15m-1761720300,1761720300,45,0.7,0.74,0.72,0.04,141,459.1,0.26,0.3,31
btc-updown-15m-1761720300,1761720300,60,0.71,0.75,0.73,0.04,47,416.7,0.25,0.29,35
btc-updown-15m-1761720300,1761720300,75,0.7,0.74,0.72,0.04,462.86,441,0.26,0.3,321
btc-updown-15m-1761720300,1761720300,90,0.73,0.76,0.745,0.03,529.08,652.4,0.24,0.27,106
btc-updown-15m-1761720300,1761720300,105,0.68,0.69,0.685,0.01,354.83,334.6,0.31,0.32,630
btc-updown-15m-1761720300,1761720300,120,0.7,0.75,0.725,0.05,610,483.68,0.25,0.3,292
btc-updown-15m-1761720300,1761720300,135,0.71,0.76,0.735,0.05,527,169.48,0.24,0.29,67
btc-updown-15m-1761720300,1761720300,150,0.82,0.88,0.85,0.06,500.01,1428,0.12,0.18,463
btc-updown-15m-1761720300,1761720300,165,0.81,0.86,0.835,0.05,676.51,458.83,0.14,0.19,1
btc-updown-15m-1761720300,1761720300,180,0.86,0.89,0.875,0.03,151.5,2054,0.11,0.14,349
btc-updown-15m-1761720300,1761720300,195,0.87,0.89,0.88,0.02,877.5,1877.68,0.11,0.13,164
btc-updown-15m-1761720300,1761720300,210,0.88,0.89,0.885,0.01,1077.5,1648.45,0.11,0.12,108
btc-updown-15m-1761720300,1761720300,225,0.89,0.9,0.895,0.01,665.94,1034.32,0.1,0.11,356
btc-updown-15m-1761720300,1761720300,240,0.89,0.91,0.9,0.02,1061.94,350,0.09,0.11,1
btc-updown-15m-1761720300,1761720300,255,0.89,0.91,0.9,0.02,120,630.26,0.09,0.11,145
btc-updown-15m-1761720300,1761720300,270,0.87,0.88,0.875,0.01,670,556.18,0.12,0.13,2
btc-updown-15m-1761720300,1761720300,285,0.87,0.91,0.89,0.04,594,665.17,0.09,0.13,97
btc-updown-15m-1761720300,1761720300,300,0.79,0.86,0.825,0.07,1211.49,450.8,0.14,0.21,52
btc-updown-15m-1761720300,1761720300,315,0.76,0.83,0.795,0.07,634,432.5,0.17,0.24,87
btc-updown-15m-1761720300,1761720300,330,0.81,0.87,0.84,0.06,442,464.4,0.13,0.19,383
btc-updown-15m-1761720300,1761720300,345,0.78,0.84,0.81,0.06,320,484.5,0.16,0.22,214
btc-updown-15m-1761720300,1761720300,360,0.81,0.84,0.825,0.03,239,450.7,0.16,0.19,0
btc-updown-15m-1761720300,1761720300,375,0.79,0.84,0.815,0.05,530,299.06,0.16,0.21,549
btc-updown-15m-1761720300,1761720300,390,0.81,0.87,0.84,0.06,525.5,429,0.13,0.19,0
btc-updown-15m-1761720300,1761720300,405,0.9,0.94,0.92,0.04,267,1031.08,0.06,0.1,132
btc-updown-15m-1761720300,1761720300,420,0.93,0.94,0.935,0.01,967,1103.76,0.06,0.07,225
btc-updown-15m-1761720300,1761720300,435,0.93,0.94,0.935,0.01,927.99,562.48,0.06,0.07,257
btc-updown-15m-1761720300,1761720300,450,0.96,0.97,0.965,0.01,465.45,12784,0.03,0.04,269
btc-updown-15m-1761720300,1761720300,465,0.94,0.97,0.955,0.03,647.2,14438.99,0.03,0.06,1003
btc-updown-15m-1761720300,1761720300,480,0.94,0.96,0.95,0.02,547.84,1581.9,0.04,0.06,137
btc-updown-15m-1761720300,1761720300,495,0.94,0.96,0.95,0.02,853.61,1363.49,0.04,0.06,1102
btc-updown-15m-1761720300,1761720300,510,0.95,0.96,0.955,0.01,827.28,1337.44,0.04,0.05,131
btc-updown-15m-1761720300,1761720300,525,0.95,0.98,0.965,0.03,886.19,14727.97,0.02,0.05,1138
btc-updown-15m-1761720300,1761720300,540,0.98,0.99,0.985,0.01,1632.26,12632.51,0.01,0.02,214
btc-updown-15m-1761720300,1761720300,555,0.98,0.99,0.985,0.01,1633.18,12257.71,0.01,0.02,1029
btc-updown-15m-1761720300,1761720300,570,0.98,0.99,0.985,0.01,1503.18,12126.88,0.01,0.02,433
btc-updown-15m-1761720300,1761720300,585,0.98,0.99,0.985,0.01,1508.18,12151.88,0.01,0.02,1104
btc-updown-15m-1761720300,1761720300,600,0.98,0.99,0.985,0.01,1508.18,12145.86,0.01,0.02,4912
btc-updown-15m-1761720300,1761720300,615,0.97,0.98,0.975,0.01,1483.58,12570.42,0.02,0.03,1073
btc-updown-15m-1761720300,1761720300,630,0.97,0.99,0.98,0.02,1348.58,11924.45,0.01,0.03,804
btc-updown-15m-1761720300,1761720300,645,0.98,0.99,0.985,0.01,1692.49,9637.75,0.01,0.02,1880
btc-updown-15m-1761720300,1761720300,660,0.98,0.99,0.985,0.01,1172.49,9368.09,0.01,0.02,3167
btc-updown-15m-1761720300,1761720300,675,0.98,0.99,0.985,0.01,1623.3,7497.9,0.01,0.02,1255
btc-updown-15m-1761720300,1761720300,690,0.98,0.99,0.985,0.01,978.05,4579.07,0.01,0.02,115
btc-updown-15m-1761720300,1761720300,705,0.98,0.99,0.985,0.01,1052.1,2125.55,0.01,0.02,3782
btc-updown-15m-1761720300,1761720300,720,0.99,,,,1589.32,0,,0.01,2520
btc-updown-15m-1761720300,1761720300,735,0.99,,,,2484.31,0,,0.01,2992
btc-updown-15m-1761720300,1761720300,750,0.99,,,,2454.8,0,,0.01,738
btc-updown-15m-1761720300,1761720300,765,0.99,,,,2454.8,0,,0.01,665
btc-updown-15m-1761720300,1761720300,780,0.99,,,,2444.5,0,,0.01,3541
btc-updown-15m-1761720300,1761720300,795,0.99,,,,2944.5,0,,0.01,2997
btc-updown-15m-1761720300,1761720300,810,0.99,,,,3178.5,0,,0.01,7
btc-updown-15m-1761720300,1761720300,825,0.99,,,,3226.5,0,,0.01,14563
btc-updown-15m-1761720300,1761720300,840,0.99,,,,3226.5,0,,0.01,7542
btc-updown-15m-1761720300,1761720300,845,0.99,,,,3226.5,0,,0.01,3975
btc-updown-15m-1761720300,1761720300,850,0.99,,,,3241.96,0,,0.01,2129
btc-updown-15m-1761720300,1761720300,855,0.99,,,,3241.96,0,,0.01,2980
btc-updown-15m-1761720300,1761720300,860,0.99,,,,3241.96,0,,0.01,7980
btc-updown-15m-1761720300,1761720300,865,0.99,,,,3041.96,0,,0.01,4783
btc-updown-15m-1761720300,1761720300,870,0.99,,,,3041.96,0,,0.01,9783
btc-updown-15m-1761720300,1761720300,875,0.99,,,,3046.96,0,,0.01,2685
btc-updown-15m-1761720300,1761720300,880,0.99,,,,3446.96,0,,0.01,2449
btc-updown-15m-1761720300,1761720300,885,0.99,,,,3458.79,0,,0.01,3368
btc-updown-15m-1761720300,1761720300,890,0.99,,,,3058.79,0,,0.01,2085
btc-updown-15m-1761720300,1761720300,895,0.99,,,,3129.41,0,,0.01,868
btc-updown-15m-1761720300,1761720300,897,0.99,,,,3129.41,0,,0.01,2868
btc-updown-15m-1761720300,1761720300,899,0.99,,,,3494.41,0,,0.01,107
btc-updown-15m-1761720300,1761720300,900,0.99,,,,3494.41,0,,0.01,1107
btc-updown-15m-1761724800,1761724800,0,0.47,0.54,0.505,0.07,98.38,120.41,0.46,0.53,1502
btc-updown-15m-1761724800,1761724800,15,0.51,0.54,0.525,0.03,538.4,548.52,0.46,0.49,26
btc-updown-15m-1761724800,1761724800,30,0.5,0.51,0.505,0.01,3386.34,291.5,0.49,0.5,165
btc-updown-15m-1761724800,1761724800,45,0.5,0.52,0.51,0.02,1797.47,1271.9,0.48,0.5,97
btc-updown-15m-1761724800,1761724800,60,0.38,0.47,0.425,0.09,176,336.8,0.53,0.62,121
btc-updown-15m-1761724800,1761724800,75,0.42,0.45,0.435,0.03,763.67,386.08,0.55,0.58,193
btc-updown-15m-1761724800,1761724800,90,0.45,0.47,0.46,0.02,718.15,41.08,0.53,0.55,207
btc-updown-15m-1761724800,1761724800,105,0.59,0.63,0.61,0.04,458.81,786.11,0.37,0.41,0
btc-updown-15m-1761724800,1761724800,120,0.54,0.58,0.56,0.04,565.3,806,0.42,0.46,113
btc-updown-15m-1761724800,1761724800,135,0.6,0.64,0.62,0.04,205.2,684.24,0.36,0.4,12
btc-updown-15m-1761724800,1761724800,150,0.61,0.66,0.635,0.05,1030.7,518.8,0.34,0.39,7
btc-updown-15m-1761724800,1761724800,165,0.63,0.67,0.65,0.04,378.78,755,0.33,0.37,44
btc-updown-15m-1761724800,1761724800,180,0.61,0.66,0.635,0.05,939.4,752.5,0.34,0.39,59
btc-updown-15m-1761724800,1761724800,195,0.57,0.62,0.595,0.05,663.24,777.41,0.38,0.43,109
btc-updown-15m-1761724800,1761724800,210,0.52,0.56,0.54,0.04,900,1189,0.44,0.48,173
btc-updown-15m-1761724800,1761724800,225,0.47,0.49,0.48,0.02,468.15,1453.72,0.51,0.53,151
btc-updown-15m-1761724800,1761724800,240,0.43,0.46,0.445,0.03,265,1200.5,0.54,0.57,63
btc-updown-15m-1761724800,1761724800,255,0.4,0.43,0.415,0.03,2132.8,1252.67,0.57,0.6,142
btc-updown-15m-1761724800,1761724800,270,0.3,0.33,0.315,0.03,765,401.83,0.67,0.7,867
btc-updown-15m-1761724800,1761724800,285,0.31,0.33,0.32,0.02,46.27,699.46,0.67,0.69,94
btc-updown-15m-1761724800,1761724800,300,0.53,0.54,0.535,0.01,594,951.58,0.46,0.47,7
btc-updown-15m-1761724800,1761724800,315,0.41,0.44,0.425,0.03,750,713.5,0.56,0.59,92
btc-updown-15m-1761724800,1761724800,330,0.41,0.45,0.43,0.04,947.43,684.97,0.55,0.59,4
btc-updown-15m-1761724800,1761724800,345,0.34,0.38,0.36,0.04,679.69,604.53,0.62,0.66,13
btc-updown-15m-1761724800,1761724800,360,0.32,0.36,0.34,0.04,466.19,875,0.64,0.68,37
btc-updown-15m-1761724800,1761724800,375,0.28,0.31,0.295,0.03,732.72,618,0.69,0.72,105
btc-updown-15m-1761724800,1761724800,390,0.27,0.31,0.29,0.04,804.8,1178.83,0.69,0.73,819
btc-updown-15m-1761724800,1761724800,405,0.26,0.29,0.275,0.03,780,961.29,0.71,0.74,19
btc-updown-15m-1761724800,1761724800,420,0.24,0.26,0.25,0.02,5755,706,0.74,0.76,263
btc-updown-15m-1761724800,1761724800,435,0.22,0.26,0.24,0.04,835,1218.2,0.74,0.78,8846
btc-updown-15m-1761724800,1761724800,450,0.22,0.26,0.24,0.04,835,1218.2,0.74,0.78,23846
btc-updown-15m-1761724800,1761724800,465,0.22,0.26,0.24,0.04,835,1218.2,0.74,0.78,38846
btc-updown-15m-1761724800,1761724800,480,0.17,0.22,0.195,0.05,649.32,1188.4,0.78,0.83,30
btc-updown-15m-1761724800,1761724800,495,0.21,0.22,0.215,0.01,841.83,875.75,0.78,0.79,244
btc-updown-15m-1761724800,1761724800,510,0.09,0.12,0.105,0.03,770,389.4,0.88,0.91,48
btc-updown-15m-1761724800,1761724800,525,0.07,0.11,0.09,0.04,972.62,599.79,0.89,0.93,282
btc-updown-15m-1761724800,1761724800,540,0.06,0.1,0.08,0.04,836.31,470.06,0.9,0.94,125
btc-updown-15m-1761724800,1761724800,555,0.06,0.1,0.08,0.04,1144.77,908.39,0.9,0.94,279
btc-updown-15m-1761724800,1761724800,570,0.08,0.09,0.085,0.01,638.49,648.39,0.91,0.92,33
btc-updown-15m-1761724800,1761724800,585,0.09,0.12,0.105,0.03,944.22,744.9,0.88,0.91,140
btc-updown-15m-1761724800,1761724800,600,0.05,0.06,0.055,0.01,1264,1064.34,0.94,0.95,226
btc-updown-15m-1761724800,1761724800,615,0.04,0.08,0.06,0.04,1787.58,3231.37,0.92,0.96,395
btc-updown-15m-1761724800,1761724800,630,0.04,0.07,0.055,0.03,1695.96,2772.94,0.93,0.96,99
btc-updown-15m-1761724800,1761724800,645,0.03,0.06,0.045,0.03,12429.45,172.21,0.94,0.97,45
btc-updown-15m-1761724800,1761724800,660,0.03,0.07,0.05,0.04,12366.68,3267.93,0.93,0.97,287
btc-updown-15m-1761724800,1761724800,675,0.03,0.05,0.04,0.02,11461.68,166.81,0.95,0.97,126
btc-updown-15m-1761724800,1761724800,690,0.02,0.03,0.025,0.01,11251.48,117.76,0.97,0.98,772
btc-updown-15m-1761724800,1761724800,705,0.01,0.04,0.025,0.03,11156.3,236.16,0.96,0.99,121
btc-updown-15m-1761724800,1761724800,720,0.01,0.02,0.015,0.01,10636.09,202.19,0.98,0.99,181
btc-updown-15m-1761724800,1761724800,735,,0.01,,,0,379.61,0.99,,2
btc-updown-15m-1761724800,1761724800,750,,0.01,,,0,478.46,0.99,,348
btc-updown-15m-1761724800,1761724800,765,,0.01,,,0,1511.09,0.99,,683
btc-updown-15m-1761724800,1761724800,780,,0.01,,,0,2119.97,0.99,,12
btc-updown-15m-1761724800,1761724800,795,,0.01,,,0,1989.97,0.99,,298
btc-updown-15m-1761724800,1761724800,810,,0.01,,,0,2555.97,0.99,,109
btc-updown-15m-1761724800,1761724800,825,,0.01,,,0,3485.97,0.99,,179
btc-updown-15m-1761724800,1761724800,840,,0.01,,,0,4020.97,0.99,,118
btc-updown-15m-1761724800,1761724800,845,,0.01,,,0,4053.43,0.99,,390
btc-updown-15m-1761724800,1761724800,850,,0.01,,,0,6078.18,0.99,,312
btc-updown-15m-1761724800,1761724800,855,,0.01,,,0,6078.18,0.99,,260
btc-updown-15m-1761724800,1761724800,860,,0.01,,,0,6078.18,0.99,,1409
btc-updown-15m-1761724800,1761724800,865,,0.01,,,0,6073.18,0.99,,584
btc-updown-15m-1761724800,1761724800,870,,0.01,,,0,6073.18,0.99,,285
btc-updown-15m-1761724800,1761724800,875,,0.01,,,0,5939.78,0.99,,1053
btc-updown-15m-1761724800,1761724800,880,,0.01,,,0,6078.18,0.99,,24
btc-updown-15m-1761724800,1761724800,885,,0.01,,,0,6095.33,0.99,,539
btc-updown-15m-1761724800,1761724800,890,,0.01,,,0,6090.25,0.99,,61
btc-updown-15m-1761724800,1761724800,895,,0.01,,,0,6067.25,0.99,,589
btc-updown-15m-1761724800,1761724800,897,,0.01,,,0,6115.25,0.99,,517
btc-updown-15m-1761724800,1761724800,899,,0.01,,,0,6465.25,0.99,,466
btc-updown-15m-1761724800,1761724800,900,,0.01,,,0,6481.25,0.99,,677
btc-updown-15m-1761729300,1761729300,0,0.55,0.56,0.555,0.01,981.6,65.24,0.44,0.45,693
btc-updown-15m-1761729300,1761729300,15,0.6,0.62,0.61,0.02,119.08,154.9,0.38,0.4,104
btc-updown-15m-1761729300,1761729300,30,0.59,0.64,0.615,0.05,859.82,1235.2,0.36,0.41,171
btc-updown-15m-1761729300,1761729300,45,0.65,0.67,0.66,0.02,261.05,1161,0.33,0.35,1
btc-updown-15m-1761729300,1761729300,60,0.67,0.7,0.685,0.03,496,838.97,0.3,0.33,35
btc-updown-15m-1761729300,1761729300,75,0.65,0.67,0.66,0.02,466,302.11,0.33,0.35,1
btc-updown-15m-1761729300,1761729300,90,0.63,0.65,0.64,0.02,692.88,928,0.35,0.37,89
btc-updown-15m-1761729300,1761729300,105,0.53,0.55,0.54,0.02,1064.25,1180,0.45,0.47,14
btc-updown-15m-1761729300,1761729300,120,0.54,0.59,0.565,0.05,1320.78,790,0.41,0.46,65
btc-updown-15m-1761729300,1761729300,135,0.62,0.65,0.635,0.03,440,831.42,0.35,0.38,220
btc-updown-15m-1761729300,1761729300,150,0.6,0.64,0.62,0.04,929,346.92,0.36,0.4,68
btc-updown-15m-1761729300,1761729300,165,0.62,0.65,0.635,0.03,54,349.53,0.35,0.38,189
btc-updown-15m-1761729300,1761729300,180,0.62,0.65,0.635,0.03,69.07,327.99,0.35,0.38,44
btc-updown-15m-1761729300,1761729300,195,0.69,0.73,0.71,0.04,535.5,1174.43,0.27,0.31,61
btc-updown-15m-1761729300,1761729300,210,0.7,0.74,0.72,0.04,730.23,1263.9,0.26,0.3,224
btc-updown-15m-1761729300,1761729300,225,0.75,0.8,0.775,0.05,473,1256,0.2,0.25,111
btc-updown-15m-1761729300,1761729300,240,0.78,0.82,0.8,0.04,608.04,786.1,0.18,0.22,9
btc-updown-15m-1761729300,1761729300,255,0.81,0.86,0.835,0.05,899,1341.65,0.14,0.19,183
btc-updown-15m-1761729300,1761729300,270,0.85,0.89,0.87,0.04,509.6,990,0.11,0.15,11
btc-updown-15m-1761729300,1761729300,285,0.87,0.91,0.89,0.04,479.8,1013,0.09,0.13,5
btc-updown-15m-1761729300,1761729300,300,0.9,0.92,0.91,0.02,457.08,630.73,0.08,0.1,110
btc-updown-15m-1761729300,1761729300,315,0.89,0.92,0.905,0.03,453.9,1184.13,0.08,0.11,68
btc-updown-15m-1761729300,1761729300,330,0.89,0.93,0.91,0.04,779.7,1485,0.07,0.11,30
btc-updown-15m-1761729300,1761729300,345,0.91,0.96,0.935,0.05,722,2890.89,0.04,0.09,219
btc-updown-15m-1761729300,1761729300,360,0.92,0.94,0.93,0.02,503.4,1190.43,0.06,0.08,213
btc-updown-15m-1761729300,1761729300,375,0.92,0.94,0.93,0.02,130.4,1265.42,0.06,0.08,17
btc-updown-15m-1761729300,1761729300,390,0.85,0.88,0.865,0.03,59.4,745.51,0.12,0.15,9
btc-updown-15m-1761729300,1761729300,405,0.8,0.83,0.815,0.03,144,1150,0.17,0.2,132
btc-updown-15m-1761729300,1761729300,420,0.8,0.83,0.815,0.03,491,1173,0.17,0.2,1
btc-updown-15m-1761729300,1761729300,435,0.71,0.75,0.73,0.04,47,1287.1,0.25,0.29,191
btc-updown-15m-1761729300,1761729300,450,0.71,0.74,0.725,0.03,434,609,0.26,0.29,27
btc-updown-15m-1761729300,1761729300,465,0.7,0.72,0.71,0.02,366.23,1180.8,0.28,0.3,426
btc-updown-15m-1761729300,1761729300,480,0.66,0.7,0.68,0.04,889.81,542,0.3,0.34,614
btc-updown-15m-1761729300,1761729300,495,0.59,0.66,0.625,0.07,907.3,873.3,0.34,0.41,302
btc-updown-15m-1761729300,1761729300,510,0.64,0.69,0.665,0.05,682,887.33,0.31,0.36,133
btc-updown-15m-1761729300,1761729300,525,0.66,0.69,0.675,0.03,698,1018.99,0.31,0.34,32
btc-updown-15m-1761729300,1761729300,540,0.67,0.7,0.685,0.03,31,987.74,0.3,0.33,2
btc-updown-15m-1761729300,1761729300,555,0.73,0.78,0.755,0.05,1063.08,1010.52,0.22,0.27,134
btc-updown-15m-1761729300,1761729300,570,0.75,0.79,0.77,0.04,705,788.7,0.21,0.25,75
btc-updown-15m-1761729300,1761729300,585,0.86,0.89,0.875,0.03,42,809.72,0.11,0.14,12
btc-updown-15m-1761729300,1761729300,600,0.87,0.9,0.885,0.03,41.77,938.02,0.1,0.13,76
btc-updown-15m-1761729300,1761729300,615,0.88,0.93,0.905,0.05,862.77,1221.22,0.07,0.12,291
btc-updown-15m-1761729300,1761729300,630,0.86,0.91,0.885,0.05,664,2786.7,0.09,0.14,38
btc-updown-15m-1761729300,1761729300,645,0.9,0.91,0.905,0.01,988,952.41,0.09,0.1,21
btc-updown-15m-1761729300,1761729300,660,0.91,0.92,0.915,0.01,643.8,1411.69,0.08,0.09,263
btc-updown-15m-1761729300,1761729300,675,0.93,0.95,0.94,0.02,1006.2,1326.65,0.05,0.07,0
btc-updown-15m-1761729300,1761729300,690,0.92,0.95,0.935,0.03,1105.2,1305.54,0.05,0.08,166
btc-updown-15m-1761729300,1761729300,705,0.9,0.95,0.925,0.05,611.8,1605.36,0.05,0.1,21
btc-updown-15m-1761729300,1761729300,720,0.88,0.92,0.9,0.04,265.74,728.2,0.08,0.12,24
btc-updown-15m-1761729300,1761729300,735,0.91,0.92,0.915,0.01,11.98,778.96,0.08,0.09,19
btc-updown-15m-1761729300,1761729300,750,0.92,0.96,0.94,0.04,188,970.39,0.04,0.08,158
btc-updown-15m-1761729300,1761729300,765,0.93,0.98,0.955,0.05,620,1728.95,0.02,0.07,40
btc-updown-15m-1761729300,1761729300,780,0.97,0.99,0.98,0.02,413.28,608,0.01,0.03,4
btc-updown-15m-1761729300,1761729300,795,0.98,0.99,0.985,0.01,622,422.51,0.01,0.02,1296
btc-updown-15m-1761729300,1761729300,810,0.97,0.99,0.98,0.02,681.66,7.48,0.01,0.03,122
btc-updown-15m-1761729300,1761729300,825,0.97,0.99,0.98,0.02,789.9,364.04,0.01,0.03,3
btc-updown-15m-1761729300,1761729300,840,0.96,0.99,0.975,0.03,938.99,168.25,0.01,0.04,214
btc-updown-15m-1761729300,1761729300,845,0.98,0.99,0.985,0.01,1071.99,382.15,0.01,0.02,83
btc-updown-15m-1761729300,1761729300,850,0.98,0.99,0.985,0.01,1115.91,342.15,0.01,0.02,12
btc-updown-15m-1761729300,1761729300,855,0.99,,,,1710.85,0,,0.01,40
btc-updown-15m-1761729300,1761729300,860,0.99,,,,1635.23,0,,0.01,255
btc-updown-15m-1761729300,1761729300,865,0.99,,,,1584.38,0,,0.01,513
btc-updown-15m-1761729300,1761729300,870,0.94,0.99,0.965,0.05,394.63,415.62,0.01,0.06,14
btc-updown-15m-1761729300,1761729300,875,0.94,0.97,0.955,0.03,263.63,5,0.03,0.06,245
btc-updown-15m-1761729300,1761729300,880,0.95,0.99,0.97,0.04,247.96,261.89,0.01,0.05,23
btc-updown-15m-1761729300,1761729300,885,0.95,,,,39,0,,0.05,127
btc-updown-15m-1761729300,1761729300,890,0.99,,,,1034,0,,0.01,98
btc-updown-15m-1761729300,1761729300,895,0.99,,,,3789.5,0,,0.01,33
btc-updown-15m-1761729300,1761729300,897,0.99,,,,3764.5,0,,0.01,252
btc-updown-15m-1761729300,1761729300,899,0.99,,,,3889.5,0,,0.01,115
btc-updown-15m-1761729300,1761729300,900,0.99,,,,3893.5,0,,0.01,48
btc-updown-15m-1761733800,1761733800,0,0.46,0.48,0.47,0.02,201.48,539.33,0.52,0.54,2465
btc-updown-15m-1761733800,1761733800,15,0.53,0.56,0.545,0.03,656.02,542.14,0.44,0.47,27
btc-updown-15m-1761733800,1761733800,30,0.57,0.61,0.59,0.04,712.28,790,0.39,0.43,16
btc-updown-15m-1761733800,1761733800,45,0.5,0.53,0.515,0.03,462.6,917,0.47,0.5,116
btc-updown-15m-1761733800,1761733800,60,0.43,0.48,0.455,0.05,1268.6,666,0.52,0.57,28
btc-updown-15m-1761733800,1761733800,75,0.43,0.48,0.455,0.05,1120.91,916,0.52,0.57,260
btc-updown-15m-1761733800,1761733800,90,0.35,0.37,0.36,0.02,1195.9,148,0.63,0.65,249
btc-updown-15m-1761733800,1761733800,105,0.37,0.4,0.385,0.03,677.93,824,0.6,0.63,97
btc-updown-15m-1761733800,1761733800,120,0.38,0.4,0.39,0.02,780,447,0.6,0.62,11
btc-updown-15m-1761733800,1761733800,135,0.33,0.37,0.35,0.04,840.1,856.89,0.63,0.67,297
btc-updown-15m-1761733800,1761733800,150,0.34,0.36,0.35,0.02,750,471,0.64,0.66,560
btc-updown-15m-1761733800,1761733800,165,0.39,0.42,0.405,0.03,1145,792,0.58,0.61,71
btc-updown-15m-1761733800,1761733800,180,0.39,0.42,0.405,0.03,572,782,0.58,0.61,157
btc-updown-15m-1761733800,1761733800,195,0.46,0.49,0.475,0.03,923,663,0.51,0.54,145
btc-updown-15m-1761733800,1761733800,210,0.56,0.58,0.57,0.02,190.25,777,0.42,0.44,117
btc-updown-15m-1761733800,1761733800,225,0.58,0.61,0.595,0.03,700,1260.04,0.39,0.42,123
btc-updown-15m-1761733800,1761733800,240,0.49,0.52,0.505,0.03,164,1266,0.48,0.51,9
btc-updown-15m-1761733800,1761733800,255,0.5,0.55,0.525,0.05,1069,1229.78,0.45,0.5,252
btc-updown-15m-1761733800,1761733800,270,0.6,0.61,0.605,0.01,162.52,1194.04,0.39,0.4,92
btc-updown-15m-1761733800,1761733800,285,0.59,0.63,0.61,0.04,1143.05,1186,0.37,0.41,114
btc-updown-15m-1761733800,1761733800,300,0.64,0.65,0.645,0.01,609.54,683.6,0.35,0.36,23
btc-updown-15m-1761733800,1761733800,315,0.57,0.6,0.585,0.03,1022.9,766,0.4,0.43,1278
btc-updown-15m-1761733800,1761733800,330,0.58,0.62,0.6,0.04,1460,391.37,0.38,0.42,168
btc-updown-15m-1761733800,1761733800,345,0.6,0.64,0.62,0.04,1022,1204.6,0.36,0.4,37
btc-updown-15m-1761733800,1761733800,360,0.63,0.66,0.645,0.03,769,945.6,0.34,0.37,19
btc-updown-15m-1761733800,1761733800,375,0.75,0.77,0.76,0.02,126,740.04,0.23,0.25,11
btc-updown-15m-1761733800,1761733800,390,0.82,0.85,0.835,0.03,472,582,0.15,0.18,118
btc-updown-15m-1761733800,1761733800,405,0.74,0.78,0.76,0.04,1005.56,1174,0.22,0.26,89
btc-updown-15m-1761733800,1761733800,420,0.72,0.76,0.74,0.04,1017.2,668.09,0.24,0.28,353
btc-updown-15m-1761733800,1761733800,435,0.74,0.76,0.75,0.02,928,274,0.24,0.26,30
btc-updown-15m-1761733800,1761733800,450,0.82,0.84,0.83,0.02,580.25,467.73,0.16,0.18,213
btc-updown-15m-1761733800,1761733800,465,0.83,0.86,0.845,0.03,499.77,786.8,0.14,0.17,3
btc-updown-15m-1761733800,1761733800,480,0.83,0.85,0.84,0.02,360,768.2,0.15,0.17,134
btc-updown-15m-1761733800,1761733800,495,0.83,0.88,0.855,0.05,1133.22,655.23,0.12,0.17,466
btc-updown-15m-1761733800,1761733800,510,0.89,0.9,0.895,0.01,77,640.37,0.1,0.11,28
btc-updown-15m-1761733800,1761733800,525,0.82,0.86,0.84,0.04,443.19,757,0.14,0.18,83
btc-updown-15m-1761733800,1761733800,540,0.85,0.87,0.86,0.02,647.59,753.4,0.13,0.15,594
btc-updown-15m-1761733800,1761733800,555,0.87,0.92,0.895,0.05,682.6,954.75,0.08,0.13,25
btc-updown-15m-1761733800,1761733800,570,0.88,0.92,0.9,0.04,104,1220,0.08,0.12,118
btc-updown-15m-1761733800,1761733800,585,0.87,0.91,0.89,0.04,318.2,1205,0.09,0.13,15
btc-updown-15m-1761733800,1761733800,600,0.88,0.92,0.9,0.04,150.9,1145.26,0.08,0.12,11
btc-updown-15m-1761733800,1761733800,615,0.91,0.95,0.93,0.04,174,859,0.05,0.09,132
btc-updown-15m-1761733800,1761733800,630,0.94,0.97,0.955,0.03,472.6,12525.49,0.03,0.06,17
btc-updown-15m-1761733800,1761733800,645,0.92,0.94,0.93,0.02,468.33,1487,0.06,0.08,10
btc-updown-15m-1761733800,1761733800,660,0.89,0.94,0.915,0.05,564.8,1310.72,0.06,0.11,56
btc-updown-15m-1761733800,1761733800,675,0.89,0.93,0.91,0.04,166.1,790.78,0.07,0.11,328
btc-updown-15m-1761733800,1761733800,690,0.87,0.91,0.89,0.04,182.63,1349.57,0.09,0.13,0
btc-updown-15m-1761733800,1761733800,705,0.93,0.96,0.945,0.03,58,1415.63,0.04,0.07,0
btc-updown-15m-1761733800,1761733800,720,0.93,0.96,0.945,0.03,245.49,1154.42,0.04,0.07,0
btc-updown-15m-1761733800,1761733800,735,0.92,0.94,0.93,0.02,145.43,931.97,0.06,0.08,1301
btc-updown-15m-1761733800,1761733800,750,0.89,0.92,0.905,0.03,496,739.32,0.08,0.11,56
btc-updown-15m-1761733800,1761733800,765,0.66,0.73,0.695,0.07,245.07,1215.66,0.27,0.34,32
btc-updown-15m-1761733800,1761733800,780,0.66,0.73,0.695,0.07,197.54,811.66,0.27,0.34,263
btc-updown-15m-1761733800,1761733800,795,0.7,0.81,0.755,0.11,617.66,642.04,0.19,0.3,47
btc-updown-15m-1761733800,1761733800,810,0.38,0.49,0.435,0.11,506,115,0.51,0.62,21
btc-updown-15m-1761733800,1761733800,825,0.59,0.69,0.64,0.1,431.14,520,0.31,0.41,13
btc-updown-15m-1761733800,1761733800,840,0.65,0.68,0.665,0.03,53.14,526.89,0.32,0.35,10
btc-updown-15m-1761733800,1761733800,845,0.62,0.68,0.65,0.06,49,713.14,0.32,0.38,378
btc-updown-15m-1761733800,1761733800,850,0.6,0.68,0.64,0.08,47.14,886.04,0.32,0.4,37
btc-updown-15m-1761733800,1761733800,855,0.62,0.74,0.68,0.12,34,513,0.26,0.38,3
btc-updown-15m-1761733800,1761733800,860,0.62,0.73,0.675,0.11,436,508.64,0.27,0.38,8
btc-updown-15m-1761733800,1761733800,865,0.33,0.48,0.405,0.15,516,398.91,0.52,0.67,15
btc-updown-15m-1761733800,1761733800,870,0.47,0.54,0.505,0.07,60.21,555,0.46,0.53,9
btc-updown-15m-1761733800,1761733800,875,0.4,0.49,0.445,0.09,25,450,0.51,0.6,1
btc-updown-15m-1761733800,1761733800,880,0.35,0.41,0.38,0.06,29,675,0.59,0.65,0
btc-updown-15m-1761733800,1761733800,885,0.04,0.24,0.14,0.2,343.52,445,0.76,0.96,5
btc-updown-15m-1761733800,1761733800,890,0.09,0.21,0.15,0.12,82,59,0.79,0.91,111
btc-updown-15m-1761733800,1761733800,895,0.01,0.06,0.035,0.05,276.82,44.92,0.94,0.99,99
btc-updown-15m-1761733800,1761733800,897,0.02,0.06,0.04,0.04,16,34.87,0.94,0.98,34
btc-updown-15m-1761733800,1761733800,899,,0.06,,,0,34.87,0.94,,1
btc-updown-15m-1761733800,1761733800,900,,0.04,,,0,62.87,0.96,,347
btc-updown-15m-1761737400,1761737400,0,0.44,0.47,0.455,0.03,245.64,186.51,0.53,0.56,1588
btc-updown-15m-1761737400,1761737400,15,0.46,0.55,0.505,0.09,960.06,910.84,0.45,0.54,114
btc-updown-15m-1761737400,1761737400,30,0.47,0.52,0.495,0.05,591.16,506,0.48,0.53,48
btc-updown-15m-1761737400,1761737400,45,0.48,0.52,0.5,0.04,445.91,580.71,0.48,0.52,23
btc-updown-15m-1761737400,1761737400,60,0.56,0.59,0.575,0.03,656,310,0.41,0.44,50
btc-updown-15m-1761737400,1761737400,75,0.59,0.62,0.605,0.03,50,1285.7,0.38,0.41,128
btc-updown-15m-1761737400,1761737400,90,0.67,0.7,0.685,0.03,449.05,611,0.3,0.33,128
btc-updown-15m-1761737400,1761737400,105,0.66,0.69,0.675,0.03,433.95,558,0.31,0.34,74
btc-updown-15m-1761737400,1761737400,120,0.68,0.71,0.695,0.03,440,1279.71,0.29,0.32,250
btc-updown-15m-1761737400,1761737400,135,0.63,0.66,0.645,0.03,502.5,53,0.34,0.37,135
btc-updown-15m-1761737400,1761737400,150,0.65,0.69,0.67,0.04,267.52,540,0.31,0.35,66
btc-updown-15m-1761737400,1761737400,165,0.62,0.65,0.635,0.03,659.19,86,0.35,0.38,128
btc-updown-15m-1761737400,1761737400,180,0.68,0.71,0.695,0.03,468,1099.93,0.29,0.32,17
btc-updown-15m-1761737400,1761737400,195,0.62,0.67,0.645,0.05,499.06,864,0.33,0.38,338
btc-updown-15m-1761737400,1761737400,210,0.67,0.72,0.695,0.05,530.1,770,0.28,0.33,120
btc-updown-15m-1761737400,1761737400,225,0.71,0.73,0.72,0.02,545,698.36,0.27,0.29,41
btc-updown-15m-1761737400,1761737400,240,0.7,0.74,0.72,0.04,530,1120,0.26,0.3,5
btc-updown-15m-1761737400,1761737400,255,0.75,0.79,0.77,0.04,469,1361,0.21,0.25,152
btc-updown-15m-1761737400,1761737400,270,0.76,0.8,0.78,0.04,419.62,1461,0.2,0.24,40
btc-updown-15m-1761737400,1761737400,285,0.78,0.81,0.795,0.03,614.12,521,0.19,0.22,15
btc-updown-15m-1761737400,1761737400,300,0.78,0.81,0.795,0.03,227.42,664.98,0.19,0.22,44
btc-updown-15m-1761737400,1761737400,315,0.79,0.83,0.81,0.04,382.75,1004,0.17,0.21,41
btc-updown-15m-1761737400,1761737400,330,0.78,0.83,0.805,0.05,172.22,752,0.17,0.22,25
btc-updown-15m-1761737400,1761737400,345,0.79,0.83,0.81,0.04,538.7,1114,0.17,0.21,116
btc-updown-15m-1761737400,1761737400,360,0.77,0.81,0.79,0.04,502.56,944,0.19,0.23,14
btc-updown-15m-1761737400,1761737400,375,0.69,0.72,0.705,0.03,402.41,318,0.28,0.31,83
btc-updown-15m-1761737400,1761737400,390,0.67,0.71,0.69,0.04,494.23,99,0.29,0.33,40
btc-updown-15m-1761737400,1761737400,405,0.62,0.65,0.635,0.03,370.59,450,0.35,0.38,59
btc-updown-15m-1761737400,1761737400,420,0.51,0.56,0.535,0.05,426.8,318,0.44,0.49,92
btc-updown-15m-1761737400,1761737400,435,0.6,0.64,0.62,0.04,515,103,0.36,0.4,16
btc-updown-15m-1761737400,1761737400,450,0.63,0.66,0.645,0.03,51,717,0.34,0.37,24
btc-updown-15m-1761737400,1761737400,465,0.65,0.67,0.66,0.02,423,432,0.33,0.35,110
btc-updown-15m-1761737400,1761737400,480,0.61,0.63,0.62,0.02,679.36,68,0.37,0.39,158
btc-updown-15m-1761737400,1761737400,495,0.49,0.55,0.52,0.06,1054.1,678.2,0.45,0.51,116
btc-updown-15m-1761737400,1761737400,510,0.5,0.54,0.52,0.04,870,464,0.46,0.5,21
btc-updown-15m-1761737400,1761737400,525,0.4,0.44,0.42,0.04,1247.5,466,0.56,0.6,169
btc-updown-15m-1761737400,1761737400,540,0.44,0.47,0.455,0.03,56.31,663.32,0.53,0.56,63
btc-updown-15m-1761737400,1761737400,555,0.47,0.51,0.49,0.04,1095.2,98,0.49,0.53,8
btc-updown-15m-1761737400,1761737400,570,0.51,0.54,0.525,0.03,459,342.1,0.46,0.49,3
btc-updown-15m-1761737400,1761737400,585,0.63,0.66,0.645,0.03,57,1060.8,0.34,0.37,26
btc-updown-15m-1761737400,1761737400,600,0.65,0.68,0.665,0.03,33,790,0.32,0.35,29
btc-updown-15m-1761737400,1761737400,615,0.64,0.71,0.675,0.07,645.21,986.9,0.29,0.36,36
btc-updown-15m-1761737400,1761737400,630,0.73,0.76,0.745,0.03,52,1241,0.24,0.27,22
btc-updown-15m-1761737400,1761737400,645,0.61,0.68,0.645,0.07,772.15,378,0.32,0.39,39
btc-updown-15m-1761737400,1761737400,660,0.66,0.69,0.675,0.03,496,412,0.31,0.34,15
btc-updown-15m-1761737400,1761737400,675,0.55,0.61,0.58,0.06,900,856.79,0.39,0.45,6
btc-updown-15m-1761737400,1761737400,690,0.45,0.5,0.475,0.05,302,116.12,0.5,0.55,11
btc-updown-15m-1761737400,1761737400,705,0.32,0.36,0.34,0.04,871,73,0.64,0.68,86
btc-updown-15m-1761737400,1761737400,720,0.33,0.38,0.355,0.05,1775,471.99,0.62,0.67,106
btc-updown-15m-1761737400,1761737400,735,0.16,0.21,0.185,0.05,1262.3,176.81,0.79,0.84,1
btc-updown-15m-1761737400,1761737400,750,0.12,0.16,0.14,0.04,517.25,2282.82,0.84,0.88,29
btc-updown-15m-1761737400,1761737400,765,0.11,0.15,0.13,0.04,1255.46,278,0.85,0.89,34
btc-updown-15m-1761737400,1761737400,780,0.09,0.16,0.125,0.07,888.9,699.4,0.84,0.91,109
btc-updown-15m-1761737400,1761737400,795,0.06,0.14,0.1,0.08,955.08,591.14,0.86,0.94,184
btc-updown-15m-1761737400,1761737400,810,0.05,0.06,0.055,0.01,1337.08,934.49,0.94,0.95,32
btc-updown-15m-1761737400,1761737400,825,0.03,0.07,0.05,0.04,833.6,499,0.93,0.97,351
btc-updown-15m-1761737400,1761737400,840,0.03,0.1,0.065,0.07,1468.46,460.49,0.9,0.97,55
btc-updown-15m-1761737400,1761737400,845,0.02,0.09,0.055,0.07,761.46,71,0.91,0.98,227
btc-updown-15m-1761737400,1761737400,850,0.02,0.09,0.055,0.07,705.08,482,0.91,0.98,25
btc-updown-15m-1761737400,1761737400,855,0.01,0.02,0.015,0.01,331.07,2365.92,0.98,0.99,17
btc-updown-15m-1761737400,1761737400,860,0.01,0.02,0.015,0.01,109.97,1970.92,0.98,0.99,333
btc-updown-15m-1761737400,1761737400,865,,0.01,,,0,3002.25,0.99,,16
btc-updown-15m-1761737400,1761737400,870,,0.01,,,0,5441.46,0.99,,24
btc-updown-15m-1761737400,1761737400,875,,0.01,,,0,3737.07,0.99,,244
btc-updown-15m-1761737400,1761737400,880,,0.01,,,0,3730.97,0.99,,8
btc-updown-15m-1761737400,1761737400,885,,0.01,,,0,2992.76,0.99,,330
btc-updown-15m-1761737400,1761737400,890,,0.01,,,0,3019.76,0.99,,97
btc-updown-15m-1761737400,1761737400,895,,0.01,,,0,3049.76,0.99,,328
btc-updown-15m-1761737400,1761737400,897,,0.01,,,0,3049.76,0.99,,975
btc-updown-15m-1761737400,1761737400,899,,0.01,,,0,3361.76,0.99,,23
btc-updown-15m-1761737400,1761737400,900,,0.01,,,0,3409.76,0.99,,257
btc-updown-15m-1761741900,1761741900,0,0.5,0.53,0.515,0.03,450.69,271.11,0.47,0.5,1623
btc-updown-15m-1761741900,1761741900,15,0.53,0.56,0.545,0.03,52,308.3,0.44,0.47,15
btc-updown-15m-1761741900,1761741900,30,0.5,0.52,0.51,0.02,249.07,602,0.48,0.5,36
btc-updown-15m-1761741900,1761741900,45,0.46,0.49,0.475,0.03,868,1258.12,0.51,0.54,49
btc-updown-15m-1761741900,1761741900,60,0.5,0.55,0.525,0.05,372,1309.2,0.45,0.5,14
btc-updown-15m-1761741900,1761741900,75,0.51,0.54,0.525,0.03,1009.91,968,0.46,0.49,154
btc-updown-15m-1761741900,1761741900,90,0.46,0.49,0.475,0.03,1329.54,325,0.51,0.54,22
btc-updown-15m-1761741900,1761741900,105,0.34,0.35,0.345,0.01,232.49,193.8,0.65,0.66,15
btc-updown-15m-1761741900,1761741900,120,0.3,0.33,0.315,0.03,598.85,478.8,0.67,0.7,200
btc-updown-15m-1761741900,1761741900,135,0.3,0.33,0.315,0.03,786.85,565.94,0.67,0.7,285
btc-updown-15m-1761741900,1761741900,150,0.3,0.33,0.315,0.03,373.42,554.72,0.67,0.7,313
btc-updown-15m-1761741900,1761741900,165,0.31,0.36,0.335,0.05,363.97,650.25,0.64,0.69,378
btc-updown-15m-1761741900,1761741900,180,0.32,0.35,0.335,0.03,678.82,116.28,0.65,0.68,57
btc-updown-15m-1761741900,1761741900,195,0.29,0.32,0.305,0.03,420.6,40,0.68,0.71,1
btc-updown-15m-1761741900,1761741900,210,0.25,0.28,0.265,0.03,450.26,54,0.72,0.75,9
btc-updown-15m-1761741900,1761741900,225,0.27,0.28,0.275,0.01,302.07,489,0.72,0.73,62
btc-updown-15m-1761741900,1761741900,240,0.28,0.33,0.305,0.05,1397.6,656,0.67,0.72,225
btc-updown-15m-1761741900,1761741900,255,0.32,0.35,0.335,0.03,728,1301,0.65,0.68,189
btc-updown-15m-1761741900,1761741900,270,0.31,0.33,0.32,0.02,746.6,488.11,0.67,0.69,28
btc-updown-15m-1761741900,1761741900,285,0.3,0.34,0.32,0.04,1050.4,1131.13,0.66,0.7,83
btc-updown-15m-1761741900,1761741900,300,0.3,0.34,0.32,0.04,742.2,830.17,0.66,0.7,459
btc-updown-15m-1761741900,1761741900,315,0.3,0.33,0.315,0.03,491.4,691.17,0.67,0.7,34
btc-updown-15m-1761741900,1761741900,330,0.28,0.31,0.295,0.03,1358.8,678,0.69,0.72,10
btc-updown-15m-1761741900,1761741900,345,0.28,0.3,0.29,0.02,987.64,301,0.7,0.72,206
btc-updown-15m-1761741900,1761741900,360,0.3,0.33,0.315,0.03,673.95,1174.17,0.67,0.7,15
btc-updown-15m-1761741900,1761741900,375,0.33,0.37,0.35,0.04,1037.4,678.25,0.63,0.67,135
btc-updown-15m-1761741900,1761741900,390,0.48,0.51,0.495,0.03,394,1293.73,0.49,0.52,224
btc-updown-15m-1761741900,1761741900,405,0.5,0.52,0.51,0.02,723.25,591.2,0.48,0.5,14
btc-updown-15m-1761741900,1761741900,420,0.5,0.53,0.515,0.03,738.87,817,0.47,0.5,18
btc-updown-15m-1761741900,1761741900,435,0.66,0.68,0.67,0.02,304,725,0.32,0.34,80
btc-updown-15m-1761741900,1761741900,450,0.73,0.75,0.74,0.02,353,976.41,0.25,0.27,133
btc-updown-15m-1761741900,1761741900,465,0.81,0.84,0.825,0.03,707,554.1,0.16,0.19,18
btc-updown-15m-1761741900,1761741900,480,0.82,0.85,0.835,0.03,500.99,1188.44,0.15,0.18,131
btc-updown-15m-1761741900,1761741900,495,0.86,0.9,0.88,0.04,319.88,531.1,0.1,0.14,104
btc-updown-15m-1761741900,1761741900,510,0.8,0.83,0.815,0.03,390.99,75.72,0.17,0.2,22
btc-updown-15m-1761741900,1761741900,525,0.77,0.8,0.785,0.03,900,592.9,0.2,0.23,5
btc-updown-15m-1761741900,1761741900,540,0.76,0.79,0.775,0.03,907,555,0.21,0.24,2
btc-updown-15m-1761741900,1761741900,555,0.71,0.73,0.72,0.02,28,782.2,0.27,0.29,27
btc-updown-15m-1761741900,1761741900,570,0.71,0.77,0.74,0.06,991.4,545.5,0.23,0.29,0
btc-updown-15m-1761741900,1761741900,585,0.76,0.81,0.785,0.05,974.57,1196.1,0.19,0.24,117
btc-updown-15m-1761741900,1761741900,600,0.76,0.78,0.77,0.02,715,463,0.22,0.24,21
btc-updown-15m-1761741900,1761741900,615,0.6,0.63,0.615,0.03,756,750,0.37,0.4,174
btc-updown-15m-1761741900,1761741900,630,0.6,0.61,0.605,0.01,57,923.38,0.39,0.4,277
btc-updown-15m-1761741900,1761741900,645,0.57,0.62,0.595,0.05,966.92,591.08,0.38,0.43,41
btc-updown-15m-1761741900,1761741900,660,0.59,0.64,0.615,0.05,1016,1181,0.36,0.41,288
btc-updown-15m-1761741900,1761741900,675,0.65,0.67,0.66,0.02,57,794.4,0.33,0.35,9
btc-updown-15m-1761741900,1761741900,690,0.63,0.67,0.65,0.04,100,914.1,0.33,0.37,58
btc-updown-15m-1761741900,1761741900,705,0.57,0.63,0.6,0.06,479.09,829.18,0.37,0.43,14
btc-updown-15m-1761741900,1761741900,720,0.43,0.46,0.445,0.03,373,471,0.54,0.57,15
btc-updown-15m-1761741900,1761741900,735,0.44,0.5,0.47,0.06,1260,62,0.5,0.56,108
btc-updown-15m-1761741900,1761741900,750,0.5,0.54,0.52,0.04,445,266,0.46,0.5,23
btc-updown-15m-1761741900,1761741900,765,0.46,0.49,0.475,0.03,101,245,0.51,0.54,2
btc-updown-15m-1761741900,1761741900,780,0.28,0.3,0.29,0.02,529.5,47,0.7,0.72,188
btc-updown-15m-1761741900,1761741900,795,0.23,0.29,0.26,0.06,510,665,0.71,0.77,14
btc-updown-15m-1761741900,1761741900,810,0.2,0.27,0.235,0.07,409.62,139.24,0.73,0.8,141
btc-updown-15m-1761741900,1761741900,825,0.19,0.26,0.225,0.07,46.29,827,0.74,0.81,330
btc-updown-15m-1761741900,1761741900,840,0.22,0.25,0.235,0.03,440,143.33,0.75,0.78,65
btc-updown-15m-1761741900,1761741900,845,0.27,0.3,0.285,0.03,62,51,0.7,0.73,195
btc-updown-15m-1761741900,1761741900,850,0.27,0.29,0.28,0.02,72.63,420,0.71,0.73,23
btc-updown-15m-1761741900,1761741900,855,0.22,0.28,0.25,0.06,87,412.75,0.72,0.78,9
btc-updown-15m-1761741900,1761741900,860,0.22,0.27,0.245,0.05,87,446,0.73,0.78,86
btc-updown-15m-1761741900,1761741900,865,0.22,0.29,0.255,0.07,461,41,0.71,0.78,250
btc-updown-15m-1761741900,1761741900,870,0.19,0.25,0.22,0.06,48,66,0.75,0.81,0
btc-updown-15m-1761741900,1761741900,875,0.21,0.24,0.225,0.03,73.53,456,0.76,0.79,4
btc-updown-15m-1761741900,1761741900,880,0.2,0.24,0.22,0.04,56.91,450,0.76,0.8,10
btc-updown-15m-1761741900,1761741900,885,0.27,0.38,0.325,0.11,44,130,0.62,0.73,116
btc-updown-15m-1761741900,1761741900,890,0.27,0.31,0.29,0.04,25,53,0.69,0.73,38
btc-updown-15m-1761741900,1761741900,895,0.23,0.44,0.335,0.21,118,107,0.56,0.77,113
btc-updown-15m-1761741900,1761741900,897,0.21,0.27,0.24,0.06,46,134,0.73,0.79,25
btc-updown-15m-1761741900,1761741900,899,0.1,0.18,0.14,0.08,701.69,165,0.82,0.9,46
btc-updown-15m-1761741900,1761741900,900,0.04,0.18,0.11,0.14,823.73,133,0.82,0.96,20
btc-updown-15m-1761746400,1761746400,0,0.53,0.54,0.535,0.01,141.43,300,0.46,0.47,2545
btc-updown-15m-1761746400,1761746400,15,0.51,0.57,0.54,0.06,850.78,291,0.43,0.49,15
btc-updown-15m-1761746400,1761746400,30,0.53,0.54,0.535,0.01,811.36,492,0.46,0.47,8
btc-updown-15m-1761746400,1761746400,45,0.5,0.52,0.51,0.02,2047.02,545,0.48,0.5,51
btc-updown-15m-1761746400,1761746400,60,0.45,0.48,0.465,0.03,60,1075.6,0.52,0.55,124
btc-updown-15m-1761746400,1761746400,75,0.28,0.31,0.295,0.03,280,240,0.69,0.72,207
btc-updown-15m-1761746400,1761746400,90,0.26,0.28,0.27,0.02,445,502,0.72,0.74,4
btc-updown-15m-1761746400,1761746400,105,0.25,0.29,0.27,0.04,404.73,518.04,0.71,0.75,1
btc-updown-15m-1761746400,1761746400,120,0.26,0.3,0.28,0.04,477,155.3,0.7,0.74,422
btc-updown-15m-1761746400,1761746400,135,0.31,0.32,0.315,0.01,659.71,507,0.68,0.69,6
btc-updown-15m-1761746400,1761746400,150,0.34,0.35,0.345,0.01,532.67,532,0.65,0.66,21
btc-updown-15m-1761746400,1761746400,165,0.26,0.31,0.285,0.05,454,820.6,0.69,0.74,9
btc-updown-15m-1761746400,1761746400,180,0.23,0.28,0.255,0.05,805,1193.3,0.72,0.77,40
btc-updown-15m-1761746400,1761746400,195,0.12,0.16,0.14,0.04,1072.7,675.3,0.84,0.88,17
btc-updown-15m-1761746400,1761746400,210,0.15,0.18,0.165,0.03,282,89,0.82,0.85,19
btc-updown-15m-1761746400,1761746400,225,0.12,0.16,0.14,0.04,1002.7,597.25,0.84,0.88,1
btc-updown-15m-1761746400,1761746400,240,0.12,0.17,0.145,0.05,923.7,468.7,0.83,0.88,150
btc-updown-15m-1761746400,1761746400,255,0.13,0.16,0.145,0.03,72,671.3,0.84,0.87,22
btc-updown-15m-1761746400,1761746400,270,0.15,0.19,0.17,0.04,932,488,0.81,0.85,2
btc-updown-15m-1761746400,1761746400,285,0.15,0.2,0.175,0.05,986,570,0.8,0.85,111
btc-updown-15m-1761746400,1761746400,300,0.15,0.19,0.17,0.04,685.74,463,0.81,0.85,245
btc-updown-15m-1761746400,1761746400,315,0.13,0.17,0.15,0.04,1184.79,510.8,0.83,0.87,4
btc-updown-15m-1761746400,1761746400,330,0.1,0.14,0.12,0.04,1774.7,506.01,0.86,0.9,35
btc-updown-15m-1761746400,1761746400,345,0.1,0.12,0.11,0.02,1497.7,91,0.88,0.9,51
btc-updown-15m-1761746400,1761746400,360,0.1,0.14,0.12,0.04,1533.7,511,0.86,0.9,106
btc-updown-15m-1761746400,1761746400,375,0.08,0.13,0.105,0.05,1258,104.07,0.87,0.92,8
btc-updown-15m-1761746400,1761746400,390,0.17,0.19,0.18,0.02,693.38,443,0.81,0.83,3
btc-updown-15m-1761746400,1761746400,405,0.15,0.2,0.175,0.05,1210,515.45,0.8,0.85,291
btc-updown-15m-1761746400,1761746400,420,0.12,0.15,0.135,0.03,556,120,0.85,0.88,10
btc-updown-15m-1761746400,1761746400,435,0.15,0.2,0.175,0.05,640,30,0.8,0.85,0
btc-updown-15m-1761746400,1761746400,450,0.12,0.16,0.14,0.04,953.11,528,0.84,0.88,20
btc-updown-15m-1761746400,1761746400,465,0.19,0.23,0.21,0.04,532.88,225.71,0.77,0.81,25
btc-updown-15m-1761746400,1761746400,480,0.14,0.18,0.16,0.04,923,527.6,0.82,0.86,14
btc-updown-15m-1761746400,1761746400,495,0.13,0.16,0.145,0.03,919.25,459,0.84,0.87,42
btc-updown-15m-1761746400,1761746400,510,0.12,0.15,0.135,0.03,909.73,555.2,0.85,0.88,31
btc-updown-15m-1761746400,1761746400,525,0.15,0.17,0.16,0.02,737,526.7,0.83,0.85,5
btc-updown-15m-1761746400,1761746400,540,0.14,0.16,0.15,0.02,754.25,432,0.84,0.86,19
btc-updown-15m-1761746400,1761746400,555,0.15,0.19,0.17,0.04,931,441,0.81,0.85,27
btc-updown-15m-1761746400,1761746400,570,0.19,0.22,0.205,0.03,571,216,0.78,0.81,6
btc-updown-15m-1761746400,1761746400,585,0.18,0.22,0.2,0.04,695.25,470,0.78,0.82,5
btc-updown-15m-1761746400,1761746400,600,0.2,0.25,0.225,0.05,875.34,395.74,0.75,0.8,49
btc-updown-15m-1761746400,1761746400,615,0.22,0.25,0.235,0.03,1060,360.88,0.75,0.78,28
btc-updown-15m-1761746400,1761746400,630,0.21,0.24,0.225,0.03,1075,63.1,0.76,0.79,4
btc-updown-15m-1761746400,1761746400,645,0.2,0.24,0.22,0.04,292,647.77,0.76,0.8,19
btc-updown-15m-1761746400,1761746400,660,0.18,0.2,0.19,0.02,268,488.71,0.8,0.82,2
btc-updown-15m-1761746400,1761746400,675,0.18,0.23,0.205,0.05,1150,72.57,0.77,0.82,19
btc-updown-15m-1761746400,1761746400,690,0.08,0.12,0.1,0.04,941,498,0.88,0.92,5
btc-updown-15m-1761746400,1761746400,705,0.1,0.15,0.125,0.05,1059.93,458.88,0.85,0.9,23
btc-updown-15m-1761746400,1761746400,720,0.08,0.11,0.095,0.03,684.94,66,0.89,0.92,5
btc-updown-15m-1761746400,1761746400,735,0.01,0.03,0.02,0.02,607.38,146.62,0.97,0.99,170
btc-updown-15m-1761746400,1761746400,750,0.01,0.03,0.02,0.02,7.97,148.5,0.97,0.99,32
btc-updown-15m-1761746400,1761746400,765,,0.01,,,0,435.56,0.99,,34
btc-updown-15m-1761746400,1761746400,780,,0.01,,,0,1154.4,0.99,,0
btc-updown-15m-1761746400,1761746400,795,,0.01,,,0,825.52,0.99,,146
btc-updown-15m-1761746400,1761746400,810,,0.01,,,0,608.32,0.99,,19
btc-updown-15m-1761746400,1761746400,825,,0.01,,,0,608.32,0.99,,127
btc-updown-15m-1761746400,1761746400,840,,0.01,,,0,538.32,0.99,,76
btc-updown-15m-1761746400,1761746400,845,,0.01,,,0,548.32,0.99,,5
btc-updown-15m-1761746400,1761746400,850,,0.01,,,0,748.32,0.99,,55
btc-updown-15m-1761746400,1761746400,855,,0.01,,,0,788.6,0.99,,1
btc-updown-15m-1761746400,1761746400,860,,0.01,,,0,632.6,0.99,,14
btc-updown-15m-1761746400,1761746400,865,,0.01,,,0,632.6,0.99,,48
btc-updown-15m-1761746400,1761746400,870,,0.01,,,0,632.6,0.99,,49
btc-updown-15m-1761746400,1761746400,875,,0.01,,,0,637.6,0.99,,27
btc-updown-15m-1761746400,1761746400,880,,0.01,,,0,803.6,0.99,,13
btc-updown-15m-1761746400,1761746400,885,,0.01,,,0,1003.6,0.99,,68
btc-updown-15m-1761746400,1761746400,890,,0.01,,,0,1503.6,0.99,,71
btc-updown-15m-1761746400,1761746400,895,,0.01,,,0,1560.6,0.99,,61
btc-updown-15m-1761746400,1761746400,897,,0.01,,,0,1560.6,0.99,,29
btc-updown-15m-1761746400,1761746400,899,,0.01,,,0,1910.6,0.99,,29
btc-updown-15m-1761746400,1761746400,900,,0.01,,,0,1923.6,0.99,,65
btc-updown-15m-1761750900,1761750900,0,0.55,0.6,0.575,0.05,150.75,153,0.4,0.45,1663
btc-updown-15m-1761750900,1761750900,15,0.52,0.54,0.53,0.02,208.61,40.2,0.46,0.48,12
btc-updown-15m-1761750900,1761750900,30,0.44,0.48,0.46,0.04,50,173.39,0.52,0.56,17
btc-updown-15m-1761750900,1761750900,45,0.52,0.54,0.53,0.02,440,80,0.46,0.48,26
btc-updown-15m-1761750900,1761750900,60,0.56,0.59,0.575,0.03,474,58.8,0.41,0.44,23
btc-updown-15m-1761750900,1761750900,75,0.55,0.56,0.555,0.01,102.33,55,0.44,0.45,7
btc-updown-15m-1761750900,1761750900,90,0.56,0.59,0.575,0.03,449,507.51,0.41,0.44,77
btc-updown-15m-1761750900,1761750900,105,0.59,0.63,0.61,0.04,49,170.4,0.37,0.41,65
btc-updown-15m-1761750900,1761750900,120,0.58,0.63,0.605,0.05,460,629.21,0.37,0.42,61
btc-updown-15m-1761750900,1761750900,135,0.56,0.6,0.58,0.04,260.55,60,0.4,0.44,0
btc-updown-15m-1761750900,1761750900,150,0.55,0.62,0.585,0.07,455,287.9,0.38,0.45,37
btc-updown-15m-1761750900,1761750900,165,0.62,0.65,0.635,0.03,494,538.5,0.35,0.38,33
btc-updown-15m-1761750900,1761750900,180,0.64,0.65,0.645,0.01,485,51.46,0.35,0.36,1
btc-updown-15m-1761750900,1761750900,195,0.7,0.73,0.715,0.03,35,535,0.27,0.3,6
btc-updown-15m-1761750900,1761750900,210,0.75,0.78,0.765,0.03,503.94,273,0.22,0.25,100
btc-updown-15m-1761750900,1761750900,225,0.75,0.78,0.765,0.03,42.84,657.9,0.22,0.25,288
btc-updown-15m-1761750900,1761750900,240,0.77,0.79,0.78,0.02,382,615.82,0.21,0.23,76
btc-updown-15m-1761750900,1761750900,255,0.8,0.83,0.815,0.03,450,603.79,0.17,0.2,11
btc-updown-15m-1761750900,1761750900,270,0.82,0.85,0.835,0.03,659,111.23,0.15,0.18,43
btc-updown-15m-1761750900,1761750900,285,0.81,0.87,0.84,0.06,467.84,573.3,0.13,0.19,26
btc-updown-15m-1761750900,1761750900,300,0.82,0.87,0.845,0.05,656,539.9,0.13,0.18,11
btc-updown-15m-1761750900,1761750900,315,0.82,0.85,0.835,0.03,666,411.6,0.15,0.18,30
btc-updown-15m-1761750900,1761750900,330,0.82,0.87,0.845,0.05,585.5,517,0.13,0.18,57
btc-updown-15m-1761750900,1761750900,345,0.78,0.8,0.79,0.02,50,90,0.2,0.22,0
btc-updown-15m-1761750900,1761750900,360,0.81,0.86,0.835,0.05,472,471.1,0.14,0.19,35
btc-updown-15m-1761750900,1761750900,375,0.83,0.87,0.85,0.04,493.02,453,0.13,0.17,41
btc-updown-15m-1761750900,1761750900,390,0.83,0.86,0.845,0.03,87,44,0.14,0.17,7
btc-updown-15m-1761750900,1761750900,405,0.86,0.87,0.865,0.01,75,574.3,0.13,0.14,883
btc-updown-15m-1761750900,1761750900,420,0.86,0.9,0.88,0.04,448.81,721.9,0.1,0.14,74
btc-updown-15m-1761750900,1761750900,435,0.9,0.94,0.92,0.04,37,395.96,0.06,0.1,0
btc-updown-15m-1761750900,1761750900,450,0.88,0.9,0.89,0.02,51,433.7,0.1,0.12,9
btc-updown-15m-1761750900,1761750900,465,0.86,0.9,0.88,0.04,670.67,437,0.1,0.14,22
btc-updown-15m-1761750900,1761750900,480,0.83,0.87,0.85,0.04,597.86,454,0.13,0.17,17
btc-updown-15m-1761750900,1761750900,495,0.83,0.87,0.85,0.04,470.86,49.4,0.13,0.17,89
btc-updown-15m-1761750900,1761750900,510,0.8,0.85,0.825,0.05,655.86,432,0.15,0.2,16
btc-updown-15m-1761750900,1761750900,525,0.76,0.79,0.775,0.03,89.86,40,0.21,0.24,68
btc-updown-15m-1761750900,1761750900,540,0.75,0.8,0.775,0.05,45,453.7,0.2,0.25,33
btc-updown-15m-1761750900,1761750900,555,0.75,0.78,0.765,0.03,422,42.1,0.22,0.25,5
btc-updown-15m-1761750900,1761750900,570,0.84,0.89,0.865,0.05,479.86,33.7,0.11,0.16,20
btc-updown-15m-1761750900,1761750900,585,0.85,0.89,0.87,0.04,476.86,453,0.11,0.15,0
btc-updown-15m-1761750900,1761750900,600,0.89,0.92,0.905,0.03,41,430.2,0.08,0.11,25
btc-updown-15m-1761750900,1761750900,615,0.9,0.95,0.925,0.05,559.82,582.34,0.05,0.1,21
btc-updown-15m-1761750900,1761750900,630,0.9,0.92,0.91,0.02,246.2,200,0.08,0.1,35
btc-updown-15m-1761750900,1761750900,645,0.86,0.89,0.875,0.03,40,423,0.11,0.14,22
btc-updown-15m-1761750900,1761750900,660,0.87,0.89,0.88,0.02,20,808.15,0.11,0.13,2
btc-updown-15m-1761750900,1761750900,675,0.74,0.78,0.76,0.04,40.75,448.77,0.22,0.26,25
btc-updown-15m-1761750900,1761750900,690,0.72,0.77,0.745,0.05,25,392.71,0.23,0.28,24
btc-updown-15m-1761750900,1761750900,705,0.83,0.9,0.865,0.07,491,353.83,0.1,0.17,358
btc-updown-15m-1761750900,1761750900,720,0.77,0.8,0.785,0.03,29,485.9,0.2,0.23,0
btc-updown-15m-1761750900,1761750900,735,0.64,0.68,0.66,0.04,419,30,0.32,0.36,8
btc-updown-15m-1761750900,1761750900,750,0.73,0.75,0.74,0.02,388,25.6,0.25,0.27,3
btc-updown-15m-1761750900,1761750900,765,0.8,0.84,0.82,0.04,494,426.3,0.16,0.2,2
btc-updown-15m-1761750900,1761750900,780,0.81,0.85,0.83,0.04,446,64.4,0.15,0.19,0
btc-updown-15m-1761750900,1761750900,795,0.17,0.18,0.175,0.01,446,353,0.82,0.83,23
btc-updown-15m-1761750900,1761750900,810,0.63,0.81,0.72,0.18,282.78,27,0.19,0.37,1
btc-updown-15m-1761750900,1761750900,825,0.88,0.98,0.93,0.1,39,1068.6,0.02,0.12,14
btc-updown-15m-1761750900,1761750900,840,0.94,0.98,0.96,0.04,84.51,763.97,0.02,0.06,4
btc-updown-15m-1761750900,1761750900,845,0.98,,,,91,0,,0.02,25
btc-updown-15m-1761750900,1761750900,850,0.28,0.68,0.48,0.4,723.31,16,0.32,0.72,13
btc-updown-15m-1761750900,1761750900,855,0.1,0.13,0.115,0.03,849.54,31,0.87,0.9,3
btc-updown-15m-1761750900,1761750900,860,0.02,0.18,0.1,0.16,582.54,34,0.82,0.98,1
btc-updown-15m-1761750900,1761750900,865,0.03,0.27,0.15,0.24,344.05,109,0.73,0.97,2
btc-updown-15m-1761750900,1761750900,870,,0.07,,,0,84,0.93,,17
btc-updown-15m-1761750900,1761750900,875,,0.01,,,0,394,0.99,,26
btc-updown-15m-1761750900,1761750900,880,,0.01,,,0,1031,0.99,,3
btc-updown-15m-1761750900,1761750900,885,,0.07,,,0,73,0.93,,430
btc-updown-15m-1761750900,1761750900,890,,0.07,,,0,73,0.93,,552
btc-updown-15m-1761750900,1761750900,895,,0.01,,,0,93,0.99,,3577
btc-updown-15m-1761750900,1761750900,897,,0.01,,,0,84.99,0.99,,294
btc-updown-15m-1761750900,1761750900,899,,0.01,,,0,471.99,0.99,,3
btc-updown-15m-1761750900,1761750900,900,,0.01,,,0,471.99,0.99,,1003
btc-updown-15m-1761755400,1761755400,0,0.5,0.54,0.52,0.04,1473.75,913.46,0.46,0.5,717
btc-updown-15m-1761755400,1761755400,15,0.5,0.51,0.505,0.01,472.69,977.53,0.49,0.5,24
btc-updown-15m-1761755400,1761755400,30,0.5,0.52,0.51,0.02,84.8,1258.29,0.48,0.5,8
btc-updown-15m-1761755400,1761755400,45,0.46,0.47,0.465,0.01,848.93,425,0.53,0.54,92
btc-updown-15m-1761755400,1761755400,60,0.42,0.47,0.445,0.05,634.98,135,0.53,0.58,122
btc-updown-15m-1761755400,1761755400,75,0.49,0.52,0.505,0.03,140.5,1337.73,0.48,0.51,119
btc-updown-15m-1761755400,1761755400,90,0.53,0.56,0.545,0.03,142,55.83,0.44,0.47,9
btc-updown-15m-1761755400,1761755400,105,0.57,0.59,0.58,0.02,433,450,0.41,0.43,10
btc-updown-15m-1761755400,1761755400,120,0.54,0.57,0.555,0.03,554,450,0.43,0.46,471
btc-updown-15m-1761755400,1761755400,135,0.53,0.57,0.55,0.04,566,420.68,0.43,0.47,21
btc-updown-15m-1761755400,1761755400,150,0.51,0.54,0.525,0.03,48,130.83,0.46,0.49,10
btc-updown-15m-1761755400,1761755400,165,0.43,0.47,0.45,0.04,505,439.36,0.53,0.57,50
btc-updown-15m-1761755400,1761755400,180,0.45,0.48,0.465,0.03,429,510,0.52,0.55,177
btc-updown-15m-1761755400,1761755400,195,0.46,0.5,0.48,0.04,471,536,0.5,0.54,22
btc-updown-15m-1761755400,1761755400,210,0.52,0.56,0.54,0.04,47.32,116.16,0.44,0.48,34
btc-updown-15m-1761755400,1761755400,225,0.59,0.62,0.605,0.03,435,126,0.38,0.41,45
btc-updown-15m-1761755400,1761755400,240,0.64,0.66,0.65,0.02,28,532,0.34,0.36,149
btc-updown-15m-1761755400,1761755400,255,0.58,0.61,0.595,0.03,432,125,0.39,0.42,195
btc-updown-15m-1761755400,1761755400,270,0.56,0.61,0.585,0.05,90.1,109.12,0.39,0.44,12
btc-updown-15m-1761755400,1761755400,285,0.57,0.63,0.6,0.06,110.1,573.12,0.37,0.43,171
btc-updown-15m-1761755400,1761755400,300,0.66,0.69,0.675,0.03,170,200,0.31,0.34,12
btc-updown-15m-1761755400,1761755400,315,0.55,0.58,0.565,0.03,463.07,38,0.42,0.45,13
btc-updown-15m-1761755400,1761755400,330,0.55,0.58,0.565,0.03,435.24,564,0.42,0.45,8
btc-updown-15m-1761755400,1761755400,345,0.55,0.59,0.57,0.04,462.24,178.81,0.41,0.45,122
btc-updown-15m-1761755400,1761755400,360,0.52,0.55,0.535,0.03,472,51,0.45,0.48,124
btc-updown-15m-1761755400,1761755400,375,0.62,0.64,0.63,0.02,29,63,0.36,0.38,6
btc-updown-15m-1761755400,1761755400,390,0.72,0.75,0.735,0.03,464,124,0.25,0.28,35
btc-updown-15m-1761755400,1761755400,405,0.67,0.69,0.68,0.02,35,439,0.31,0.33,11
btc-updown-15m-1761755400,1761755400,420,0.63,0.68,0.655,0.05,450.93,572,0.32,0.37,125
btc-updown-15m-1761755400,1761755400,435,0.57,0.62,0.595,0.05,454,58,0.38,0.43,0
btc-updown-15m-1761755400,1761755400,450,0.56,0.6,0.58,0.04,446,539,0.4,0.44,75
btc-updown-15m-1761755400,1761755400,465,0.57,0.63,0.6,0.06,444,479.9,0.37,0.43,6
btc-updown-15m-1761755400,1761755400,480,0.56,0.6,0.58,0.04,475,529.5,0.4,0.44,16
btc-updown-15m-1761755400,1761755400,495,0.65,0.7,0.675,0.05,453,484,0.3,0.35,0
btc-updown-15m-1761755400,1761755400,510,0.65,0.7,0.675,0.05,69,502.21,0.3,0.35,32
btc-updown-15m-1761755400,1761755400,525,0.65,0.68,0.665,0.03,44.06,352.68,0.32,0.35,48
btc-updown-15m-1761755400,1761755400,540,0.63,0.67,0.65,0.04,457.06,554,0.33,0.37,44
btc-updown-15m-1761755400,1761755400,555,0.71,0.75,0.73,0.04,72.6,94.44,0.25,0.29,0
btc-updown-15m-1761755400,1761755400,570,0.72,0.75,0.735,0.03,389.13,82.96,0.25,0.28,1
btc-updown-15m-1761755400,1761755400,585,0.76,0.79,0.775,0.03,457,504.5,0.21,0.24,7
btc-updown-15m-1761755400,1761755400,600,0.74,0.78,0.76,0.04,434,1269,0.22,0.26,60
btc-updown-15m-1761755400,1761755400,615,0.58,0.63,0.605,0.05,473.57,800,0.37,0.42,3
btc-updown-15m-1761755400,1761755400,630,0.63,0.66,0.645,0.03,450.8,751,0.34,0.37,0
btc-updown-15m-1761755400,1761755400,645,0.69,0.72,0.705,0.03,444,879.33,0.28,0.31,3
btc-updown-15m-1761755400,1761755400,660,0.7,0.73,0.715,0.03,73,830.33,0.27,0.3,13
btc-updown-15m-1761755400,1761755400,675,0.83,0.84,0.835,0.01,29.21,765.05,0.16,0.17,270
btc-updown-15m-1761755400,1761755400,690,0.93,0.95,0.94,0.02,461,1188.5,0.05,0.07,1
btc-updown-15m-1761755400,1761755400,705,0.89,0.96,0.925,0.07,343.2,1514.36,0.04,0.11,8
btc-updown-15m-1761755400,1761755400,720,0.92,0.95,0.935,0.03,39.91,1078.98,0.05,0.08,26
btc-updown-15m-1761755400,1761755400,735,0.96,0.98,0.97,0.02,425,2044.29,0.02,0.04,100
btc-updown-15m-1761755400,1761755400,750,0.95,0.99,0.97,0.04,1839.98,928.78,0.01,0.05,4
btc-updown-15m-1761755400,1761755400,765,0.97,0.98,0.975,0.01,960.72,940.93,0.02,0.03,0
btc-updown-15m-1761755400,1761755400,780,0.98,0.99,0.985,0.01,56.65,890.09,0.01,0.02,956
btc-updown-15m-1761755400,1761755400,795,0.97,0.99,0.98,0.02,1010.72,849.86,0.01,0.03,103
btc-updown-15m-1761755400,1761755400,810,0.95,0.99,0.97,0.04,1701.74,854.68,0.01,0.05,667
btc-updown-15m-1761755400,1761755400,825,0.98,0.99,0.985,0.01,679.99,513.7,0.01,0.02,722
btc-updown-15m-1761755400,1761755400,840,0.96,0.99,0.975,0.03,1909.73,22.16,0.01,0.04,619
btc-updown-15m-1761755400,1761755400,845,0.98,0.99,0.985,0.01,1062.81,5.09,0.01,0.02,126
btc-updown-15m-1761755400,1761755400,850,0.98,,,,1062.81,0,,0.02,188
btc-updown-15m-1761755400,1761755400,855,0.98,,,,262.99,0,,0.02,287
btc-updown-15m-1761755400,1761755400,860,0.99,,,,112.1,0,,0.01,54
btc-updown-15m-1761755400,1761755400,865,0.99,,,,112.1,0,,0.01,94
btc-updown-15m-1761755400,1761755400,870,0.99,,,,152.1,0,,0.01,1361
btc-updown-15m-1761755400,1761755400,875,0.99,,,,177.1,0,,0.01,468
btc-updown-15m-1761755400,1761755400,880,0.99,,,,542.09,0,,0.01,1101
btc-updown-15m-1761755400,1761755400,885,0.99,,,,573.08,0,,0.01,1072
btc-updown-15m-1761755400,1761755400,890,0.99,,,,573.08,0,,0.01,294
btc-updown-15m-1761755400,1761755400,895,0.99,,,,598.08,0,,0.01,2519
btc-updown-15m-1761755400,1761755400,897,0.99,,,,598.08,0,,0.01,123
btc-updown-15m-1761755400,1761755400,899,0.99,,,,948.08,0,,0.01,318
btc-updown-15m-1761755400,1761755400,900,0.99,,,,961.08,0,,0.01,872
btc-updown-15m-1761759900,1761759900,0,0.51,0.54,0.525,0.03,6125.18,72.12,0.46,0.49,1481
btc-updown-15m-1761759900,1761759900,15,0.51,0.54,0.525,0.03,5255.52,116,0.46,0.49,6
btc-updown-15m-1761759900,1761759900,30,0.46,0.47,0.465,0.01,85,566,0.53,0.54,6
btc-updown-15m-1761759900,1761759900,45,0.4,0.42,0.41,0.02,727,290,0.58,0.6,11
btc-updown-15m-1761759900,1761759900,60,0.4,0.44,0.42,0.04,1196,787.4,0.56,0.6,246
btc-updown-15m-1761759900,1761759900,75,0.4,0.44,0.42,0.04,958.33,774.4,0.56,0.6,273
btc-updown-15m-1761759900,1761759900,90,0.43,0.48,0.455,0.05,566,720.4,0.52,0.57,92
btc-updown-15m-1761759900,1761759900,105,0.41,0.44,0.425,0.03,687.33,658.5,0.56,0.59,0
btc-updown-15m-1761759900,1761759900,120,0.48,0.51,0.495,0.03,424,650,0.49,0.52,8
btc-updown-15m-1761759900,1761759900,135,0.48,0.51,0.495,0.03,440,290,0.49,0.52,83
btc-updown-15m-1761759900,1761759900,150,0.5,0.52,0.51,0.02,423.03,304,0.48,0.5,25
btc-updown-15m-1761759900,1761759900,165,0.55,0.57,0.56,0.02,473,765,0.43,0.45,87
btc-updown-15m-1761759900,1761759900,180,0.55,0.59,0.57,0.04,554.8,545,0.41,0.45,25
btc-updown-15m-1761759900,1761759900,195,0.61,0.63,0.62,0.02,435,276.7,0.37,0.39,306
btc-updown-15m-1761759900,1761759900,210,0.7,0.73,0.715,0.03,462,771.05,0.27,0.3,48
btc-updown-15m-1761759900,1761759900,225,0.69,0.72,0.705,0.03,460,1168,0.28,0.31,28
btc-updown-15m-1761759900,1761759900,240,0.67,0.71,0.69,0.04,483,935.05,0.29,0.33,9
btc-updown-15m-1761759900,1761759900,255,0.71,0.75,0.73,0.04,116.5,946.12,0.25,0.29,161
btc-updown-15m-1761759900,1761759900,270,0.8,0.83,0.815,0.03,85,1176,0.17,0.2,235
btc-updown-15m-1761759900,1761759900,285,0.74,0.77,0.755,0.03,472.15,1114.63,0.23,0.26,117
btc-updown-15m-1761759900,1761759900,300,0.8,0.84,0.82,0.04,568,1241,0.16,0.2,128
btc-updown-15m-1761759900,1761759900,315,0.75,0.78,0.765,0.03,514.6,783,0.22,0.25,162
btc-updown-15m-1761759900,1761759900,330,0.69,0.73,0.71,0.04,525.84,1212,0.27,0.31,85
btc-updown-15m-1761759900,1761759900,345,0.67,0.72,0.695,0.05,548.23,1401,0.28,0.33,191
btc-updown-15m-1761759900,1761759900,360,0.7,0.73,0.715,0.03,60,794,0.27,0.3,199
btc-updown-15m-1761759900,1761759900,375,0.74,0.77,0.755,0.03,497.1,800,0.23,0.26,68
btc-updown-15m-1761759900,1761759900,390,0.77,0.79,0.78,0.02,96,547,0.21,0.23,258
btc-updown-15m-1761759900,1761759900,405,0.8,0.83,0.815,0.03,493.7,1196,0.17,0.2,13
btc-updown-15m-1761759900,1761759900,420,0.82,0.86,0.84,0.04,82.1,953,0.14,0.18,12
btc-updown-15m-1761759900,1761759900,435,0.84,0.87,0.855,0.03,1056,1689.16,0.13,0.16,33
btc-updown-15m-1761759900,1761759900,450,0.84,0.87,0.855,0.03,1502.3,2099.16,0.13,0.16,106
btc-updown-15m-1761759900,1761759900,465,0.86,0.89,0.875,0.03,522.3,1907.94,0.11,0.14,354
btc-updown-15m-1761759900,1761759900,480,0.86,0.89,0.875,0.03,560.6,1892.94,0.11,0.14,62
btc-updown-15m-1761759900,1761759900,495,0.87,0.9,0.885,0.03,531.78,1244,0.1,0.13,213
btc-updown-15m-1761759900,1761759900,510,0.85,0.89,0.87,0.04,596.1,1011.88,0.11,0.15,2
btc-updown-15m-1761759900,1761759900,525,0.9,0.92,0.91,0.02,216,1527.47,0.08,0.1,470
btc-updown-15m-1761759900,1761759900,540,0.9,0.92,0.91,0.02,234.05,1466.94,0.08,0.1,178
btc-updown-15m-1761759900,1761759900,555,0.91,0.94,0.925,0.03,135.35,1757,0.06,0.09,129
btc-updown-15m-1761759900,1761759900,570,0.89,0.94,0.915,0.05,1139.75,1505.85,0.06,0.11,1
btc-updown-15m-1761759900,1761759900,585,0.88,0.89,0.885,0.01,618.4,775,0.11,0.12,85
btc-updown-15m-1761759900,1761759900,600,0.8,0.83,0.815,0.03,32.4,534,0.17,0.2,3
btc-updown-15m-1761759900,1761759900,615,0.8,0.83,0.815,0.03,461.53,453,0.17,0.2,104
btc-updown-15m-1761759900,1761759900,630,0.83,0.84,0.835,0.01,926.76,433,0.16,0.17,15
btc-updown-15m-1761759900,1761759900,645,0.68,0.71,0.695,0.03,157.55,429,0.29,0.32,125
btc-updown-15m-1761759900,1761759900,660,0.69,0.74,0.715,0.05,313.6,35,0.26,0.31,18
btc-updown-15m-1761759900,1761759900,675,0.66,0.69,0.675,0.03,96.34,515,0.31,0.34,6
btc-updown-15m-1761759900,1761759900,690,0.77,0.79,0.78,0.02,30.71,129,0.21,0.23,1
btc-updown-15m-1761759900,1761759900,705,0.72,0.76,0.74,0.04,430.71,923.68,0.24,0.28,2
btc-updown-15m-1761759900,1761759900,720,0.61,0.65,0.63,0.04,33.49,755,0.35,0.39,16
btc-updown-15m-1761759900,1761759900,735,0.66,0.71,0.685,0.05,430,529,0.29,0.34,2
btc-updown-15m-1761759900,1761759900,750,0.69,0.74,0.715,0.05,429,543.29,0.26,0.31,178
btc-updown-15m-1761759900,1761759900,765,0.79,0.81,0.8,0.02,57,526,0.19,0.21,8
btc-updown-15m-1761759900,1761759900,780,0.86,0.9,0.88,0.04,548,1000,0.1,0.14,4
btc-updown-15m-1761759900,1761759900,795,0.87,0.92,0.895,0.05,579,629.4,0.08,0.13,20
btc-updown-15m-1761759900,1761759900,810,0.93,0.95,0.94,0.02,793.79,646.39,0.05,0.07,17
btc-updown-15m-1761759900,1761759900,825,0.93,0.96,0.945,0.03,198.79,1846.85,0.04,0.07,360
btc-updown-15m-1761759900,1761759900,840,0.89,0.93,0.91,0.04,38,474,0.07,0.11,8
btc-updown-15m-1761759900,1761759900,845,0.85,0.91,0.88,0.06,25,51.98,0.09,0.15,360
btc-updown-15m-1761759900,1761759900,850,0.83,0.86,0.845,0.03,437,1536,0.14,0.17,66
btc-updown-15m-1761759900,1761759900,855,0.88,0.91,0.895,0.03,438.47,65.85,0.09,0.12,26
btc-updown-15m-1761759900,1761759900,860,0.95,0.98,0.965,0.03,424,9056.59,0.02,0.05,7
btc-updown-15m-1761759900,1761759900,865,0.95,0.98,0.965,0.03,460,8470.56,0.02,0.05,0
btc-updown-15m-1761759900,1761759900,870,0.95,0.98,0.965,0.03,286,8288.3,0.02,0.05,369
btc-updown-15m-1761759900,1761759900,875,0.96,0.99,0.975,0.03,295,7203.36,0.01,0.04,13
btc-updown-15m-1761759900,1761759900,880,0.91,0.99,0.95,0.08,55.2,7188.25,0.01,0.09,518
btc-updown-15m-1761759900,1761759900,885,0.98,0.99,0.985,0.01,95,7083.25,0.01,0.02,0
btc-updown-15m-1761759900,1761759900,890,0.98,0.99,0.985,0.01,57.37,4892.25,0.01,0.02,423
btc-updown-15m-1761759900,1761759900,895,0.95,0.99,0.97,0.04,41.37,4758.29,0.01,0.05,78
btc-updown-15m-1761759900,1761759900,897,0.93,0.99,0.96,0.06,32.37,2819.73,0.01,0.07,342
btc-updown-15m-1761759900,1761759900,899,0.93,0.99,0.96,0.06,47.37,1805.09,0.01,0.07,178
btc-updown-15m-1761759900,1761759900,900,0.94,0.99,0.965,0.05,40.37,1794.09,0.01,0.06,4
btc-updown-15m-1761763500,1761763500,0,0.5,0.55,0.525,0.05,44.02,42,0.45,0.5,847
btc-updown-15m-1761763500,1761763500,15,0.52,0.57,0.545,0.05,511,39,0.43,0.48,14
btc-updown-15m-1761763500,1761763500,30,0.61,0.63,0.62,0.02,68,190,0.37,0.39,3
btc-updown-15m-1761763500,1761763500,45,0.61,0.66,0.635,0.05,61.7,50,0.34,0.39,1
btc-updown-15m-1761763500,1761763500,60,0.61,0.68,0.645,0.07,25,855,0.32,0.39,0
btc-updown-15m-1761763500,1761763500,75,0.59,0.64,0.615,0.05,760.7,340,0.36,0.41,10
btc-updown-15m-1761763500,1761763500,90,0.6,0.65,0.625,0.05,816.45,386.36,0.35,0.4,0
btc-updown-15m-1761763500,1761763500,105,0.66,0.7,0.68,0.04,511.14,570,0.3,0.34,7
btc-updown-15m-1761763500,1761763500,120,0.69,0.72,0.705,0.03,525,279.1,0.28,0.31,22
btc-updown-15m-1761763500,1761763500,135,0.67,0.72,0.695,0.05,279.09,892,0.28,0.33,16
btc-updown-15m-1761763500,1761763500,150,0.7,0.73,0.715,0.03,741.55,1284.04,0.27,0.3,106
btc-updown-15m-1761763500,1761763500,165,0.69,0.73,0.71,0.04,415.55,636.94,0.27,0.31,0
btc-updown-15m-1761763500,1761763500,180,0.67,0.71,0.69,0.04,445.55,889.4,0.29,0.33,82
btc-updown-15m-1761763500,1761763500,195,0.67,0.72,0.695,0.05,440,558.24,0.28,0.33,98
btc-updown-15m-1761763500,1761763500,210,0.73,0.76,0.745,0.03,414.4,677.32,0.24,0.27,6
btc-updown-15m-1761763500,1761763500,225,0.72,0.77,0.745,0.05,152.09,409.84,0.23,0.28,101
btc-updown-15m-1761763500,1761763500,240,0.75,0.78,0.765,0.03,641,199.24,0.22,0.25,0
btc-updown-15m-1761763500,1761763500,255,0.75,0.79,0.77,0.04,641,582.35,0.21,0.25,7
btc-updown-15m-1761763500,1761763500,270,0.7,0.75,0.725,0.05,456,796.46,0.25,0.3,10
btc-updown-15m-1761763500,1761763500,285,0.75,0.8,0.775,0.05,706,640.6,0.2,0.25,483
btc-updown-15m-1761763500,1761763500,300,0.76,0.81,0.785,0.05,910.49,463.6,0.19,0.24,3
btc-updown-15m-1761763500,1761763500,315,0.83,0.88,0.855,0.05,428,1411.2,0.12,0.17,14
btc-updown-15m-1761763500,1761763500,330,0.85,0.89,0.87,0.04,422.66,819.39,0.11,0.15,91
btc-updown-15m-1761763500,1761763500,345,0.91,0.94,0.925,0.03,1506,788,0.06,0.09,81
btc-updown-15m-1761763500,1761763500,360,0.92,0.93,0.925,0.01,1457.65,1048,0.07,0.08,4
btc-updown-15m-1761763500,1761763500,375,0.92,0.94,0.93,0.02,759.65,446,0.06,0.08,57
btc-updown-15m-1761763500,1761763500,390,0.93,0.94,0.935,0.01,449.65,696,0.06,0.07,17
btc-updown-15m-1761763500,1761763500,405,0.94,0.95,0.945,0.01,1201.66,1723.47,0.05,0.06,481
btc-updown-15m-1761763500,1761763500,420,0.94,0.95,0.945,0.01,1225.25,1572.36,0.05,0.06,126
btc-updown-15m-1761763500,1761763500,435,0.94,0.96,0.95,0.02,1308.6,744.92,0.04,0.06,295
btc-updown-15m-1761763500,1761763500,450,0.94,0.96,0.95,0.02,1075.48,764.92,0.04,0.06,506
btc-updown-15m-1761763500,1761763500,465,0.94,0.96,0.95,0.02,1155.48,723.45,0.04,0.06,24
btc-updown-15m-1761763500,1761763500,480,0.96,0.98,0.97,0.02,1613.22,1586.24,0.02,0.04,205
btc-updown-15m-1761763500,1761763500,495,0.98,0.99,0.985,0.01,199.83,1067.98,0.01,0.02,493
btc-updown-15m-1761763500,1761763500,510,0.98,0.99,0.985,0.01,189.83,972.98,0.01,0.02,597
btc-updown-15m-1761763500,1761763500,525,0.98,0.99,0.985,0.01,184.83,973.98,0.01,0.02,525
btc-updown-15m-1761763500,1761763500,540,0.98,0.99,0.985,0.01,653.08,714.36,0.01,0.02,550
btc-updown-15m-1761763500,1761763500,555,0.98,0.99,0.985,0.01,580.73,300.06,0.01,0.02,235
btc-updown-15m-1761763500,1761763500,570,0.98,0.99,0.985,0.01,585.01,156.89,0.01,0.02,527
btc-updown-15m-1761763500,1761763500,585,0.98,0.99,0.985,0.01,597.01,7.74,0.01,0.02,9
btc-updown-15m-1761763500,1761763500,600,0.98,0.99,0.985,0.01,602.01,7.74,0.01,0.02,449
btc-updown-15m-1761763500,1761763500,615,0.99,,,,56.18,0,,0.01,54
btc-updown-15m-1761763500,1761763500,630,0.99,,,,76.18,0,,0.01,491
btc-updown-15m-1761763500,1761763500,645,0.98,0.99,0.985,0.01,187.01,61.8,0.01,0.02,737
btc-updown-15m-1761763500,1761763500,660,0.99,,,,532.4,0,,0.01,575
btc-updown-15m-1761763500,1761763500,675,0.99,,,,532.4,0,,0.01,1526
btc-updown-15m-1761763500,1761763500,690,0.99,,,,532.4,0,,0.01,311
btc-updown-15m-1761763500,1761763500,705,0.99,,,,520.4,0,,0.01,1
btc-updown-15m-1761763500,1761763500,720,0.99,,,,520.4,0,,0.01,478
btc-updown-15m-1761763500,1761763500,735,0.99,,,,150.98,0,,0.01,1226
btc-updown-15m-1761763500,1761763500,750,0.99,,,,116.98,0,,0.01,534
btc-updown-15m-1761763500,1761763500,765,0.99,,,,129.33,0,,0.01,682
btc-updown-15m-1761763500,1761763500,780,0.99,,,,1129.33,0,,0.01,510
btc-updown-15m-1761763500,1761763500,795,0.99,,,,1636.98,0,,0.01,10
btc-updown-15m-1761763500,1761763500,810,0.99,,,,1636.98,0,,0.01,515
btc-updown-15m-1761763500,1761763500,825,0.99,,,,1649.33,0,,0.01,139
btc-updown-15m-1761763500,1761763500,840,0.99,,,,1549.33,0,,0.01,536
btc-updown-15m-1761763500,1761763500,845,0.99,,,,1586.33,0,,0.01,1014
btc-updown-15m-1761763500,1761763500,850,0.99,,,,1612.35,0,,0.01,459
btc-updown-15m-1761763500,1761763500,855,0.99,,,,1620,0,,0.01,305
btc-updown-15m-1761763500,1761763500,860,0.99,,,,1620,0,,0.01,472
btc-updown-15m-1761763500,1761763500,865,0.99,,,,1620,0,,0.01,1515
btc-updown-15m-1761763500,1761763500,870,0.99,,,,1620,0,,0.01,524
btc-updown-15m-1761763500,1761763500,875,0.99,,,,1609,0,,0.01,250
btc-updown-15m-1761763500,1761763500,880,0.99,,,,1625,0,,0.01,689
btc-updown-15m-1761763500,1761763500,885,0.99,,,,1617.35,0,,0.01,422
btc-updown-15m-1761763500,1761763500,890,0.99,,,,1617.35,0,,0.01,477
btc-updown-15m-1761763500,1761763500,895,0.99,,,,1642.35,0,,0.01,3380
btc-updown-15m-1761763500,1761763500,897,0.99,,,,1642.35,0,,0.01,5380
btc-updown-15m-1761763500,1761763500,899,0.99,,,,2046.35,0,,0.01,25
btc-updown-15m-1761763500,1761763500,900,0.99,,,,2046.35,0,,0.01,430
btc-updown-15m-1761768000,1761768000,0,0.46,0.54,0.5,0.08,1041.14,1044.6,0.46,0.54,1880
btc-updown-15m-1761768000,1761768000,15,0.47,0.68,0.575,0.21,68.28,96,0.32,0.53,1
btc-updown-15m-1761768000,1761768000,30,0.64,0.67,0.655,0.03,454,515,0.33,0.36,27
btc-updown-15m-1761768000,1761768000,45,0.52,0.55,0.535,0.03,601.4,65,0.45,0.48,1
btc-updown-15m-1761768000,1761768000,60,0.63,0.68,0.655,0.05,75,740,0.32,0.37,36
btc-updown-15m-1761768000,1761768000,75,0.72,0.74,0.73,0.02,54,53.04,0.26,0.28,48
btc-updown-15m-1761768000,1761768000,90,0.71,0.73,0.72,0.02,64,285,0.27,0.29,4
btc-updown-15m-1761768000,1761768000,105,0.72,0.75,0.735,0.03,721.7,837.9,0.25,0.28,5
btc-updown-15m-1761768000,1761768000,120,0.73,0.74,0.735,0.01,415,280,0.26,0.27,0
btc-updown-15m-1761768000,1761768000,135,0.67,0.69,0.68,0.02,460.55,547,0.31,0.33,50
btc-updown-15m-1761768000,1761768000,150,0.67,0.72,0.695,0.05,718.95,323.04,0.28,0.33,2
btc-updown-15m-1761768000,1761768000,165,0.7,0.74,0.72,0.04,440,571,0.26,0.3,22
btc-updown-15m-1761768000,1761768000,180,0.59,0.64,0.615,0.05,488.7,548,0.36,0.41,2
btc-updown-15m-1761768000,1761768000,195,0.61,0.65,0.63,0.04,125.2,275.01,0.35,0.39,15
btc-updown-15m-1761768000,1761768000,210,0.66,0.67,0.665,0.01,24,255,0.33,0.34,0
btc-updown-15m-1761768000,1761768000,225,0.55,0.56,0.555,0.01,424,549.9,0.44,0.45,3
btc-updown-15m-1761768000,1761768000,240,0.48,0.51,0.495,0.03,107,447,0.49,0.52,6
btc-updown-15m-1761768000,1761768000,255,0.47,0.5,0.485,0.03,45.74,437,0.5,0.53,19
btc-updown-15m-1761768000,1761768000,270,0.4,0.44,0.42,0.04,325,62,0.56,0.6,2
btc-updown-15m-1761768000,1761768000,285,0.52,0.56,0.54,0.04,357,37,0.44,0.48,31
btc-updown-15m-1761768000,1761768000,300,0.54,0.58,0.56,0.04,52,969,0.42,0.46,23
btc-updown-15m-1761768000,1761768000,315,0.38,0.42,0.4,0.04,41.37,72.6,0.58,0.62,3
btc-updown-15m-1761768000,1761768000,330,0.3,0.35,0.325,0.05,785,442,0.65,0.7,23
btc-updown-15m-1761768000,1761768000,345,0.28,0.32,0.3,0.04,777,442,0.68,0.72,0
btc-updown-15m-1761768000,1761768000,360,0.27,0.31,0.29,0.04,528,477.6,0.69,0.73,20
btc-updown-15m-1761768000,1761768000,375,0.28,0.3,0.29,0.02,103,256.21,0.7,0.72,0
btc-updown-15m-1761768000,1761768000,390,0.27,0.3,0.285,0.03,753.56,471.21,0.7,0.73,211
btc-updown-15m-1761768000,1761768000,405,0.23,0.24,0.235,0.01,272,123.4,0.76,0.77,102
btc-updown-15m-1761768000,1761768000,420,0.19,0.21,0.2,0.02,576.45,438,0.79,0.81,203
btc-updown-15m-1761768000,1761768000,435,0.22,0.24,0.23,0.02,900,89.7,0.76,0.78,6
btc-updown-15m-1761768000,1761768000,450,0.22,0.24,0.23,0.02,280,88.85,0.76,0.78,7
btc-updown-15m-1761768000,1761768000,465,0.17,0.24,0.205,0.07,1079.62,122.9,0.76,0.83,12
btc-updown-15m-1761768000,1761768000,480,0.23,0.25,0.24,0.02,821.86,739.8,0.75,0.77,3
btc-updown-15m-1761768000,1761768000,495,0.23,0.25,0.24,0.02,375.79,57,0.75,0.77,1
btc-updown-15m-1761768000,1761768000,510,0.3,0.34,0.32,0.04,797.52,713.26,0.66,0.7,3
btc-updown-15m-1761768000,1761768000,525,0.36,0.39,0.375,0.03,571.29,1040.8,0.61,0.64,80
btc-updown-15m-1761768000,1761768000,540,0.3,0.37,0.335,0.07,1160.52,706,0.63,0.7,51
btc-updown-15m-1761768000,1761768000,555,0.55,0.58,0.565,0.03,314,514.59,0.42,0.45,0
btc-updown-15m-1761768000,1761768000,570,0.51,0.56,0.535,0.05,945.7,958,0.44,0.49,58
btc-updown-15m-1761768000,1761768000,585,0.45,0.49,0.47,0.04,803.5,671,0.51,0.55,26
btc-updown-15m-1761768000,1761768000,600,0.43,0.49,0.46,0.06,797.8,948,0.51,0.57,17
btc-updown-15m-1761768000,1761768000,615,0.53,0.56,0.545,0.03,1245.83,452,0.44,0.47,34
btc-updown-15m-1761768000,1761768000,630,0.47,0.49,0.48,0.02,313.09,672,0.51,0.53,17
btc-updown-15m-1761768000,1761768000,645,0.45,0.48,0.465,0.03,483.19,106.51,0.52,0.55,179
btc-updown-15m-1761768000,1761768000,660,0.16,0.18,0.17,0.02,472,510.9,0.82,0.84,3
btc-updown-15m-1761768000,1761768000,675,0.16,0.17,0.165,0.01,748.8,438,0.83,0.84,0
btc-updown-15m-1761768000,1761768000,690,0.18,0.2,0.19,0.02,587.51,95,0.8,0.82,88
btc-updown-15m-1761768000,1761768000,705,0.15,0.19,0.17,0.04,989.6,473,0.81,0.85,13
btc-updown-15m-1761768000,1761768000,720,0.2,0.24,0.22,0.04,1190.65,469,0.76,0.8,45
btc-updown-15m-1761768000,1761768000,735,0.19,0.24,0.215,0.05,594,721,0.76,0.81,5
btc-updown-15m-1761768000,1761768000,750,0.25,0.31,0.28,0.06,1252,458.43,0.69,0.75,42
btc-updown-15m-1761768000,1761768000,765,0.21,0.27,0.24,0.06,1161.8,43,0.73,0.79,5
btc-updown-15m-1761768000,1761768000,780,0.19,0.22,0.205,0.03,708.78,35,0.78,0.81,3
btc-updown-15m-1761768000,1761768000,795,0.21,0.25,0.23,0.04,924,461.69,0.75,0.79,3
btc-updown-15m-1761768000,1761768000,810,0.17,0.22,0.195,0.05,897.77,443.82,0.78,0.83,44
btc-updown-15m-1761768000,1761768000,825,0.21,0.31,0.26,0.1,510,34,0.69,0.79,3
btc-updown-15m-1761768000,1761768000,840,0.18,0.22,0.2,0.04,887.8,33,0.78,0.82,15
btc-updown-15m-1761768000,1761768000,845,0.14,0.19,0.165,0.05,55,509.66,0.81,0.86,2
btc-updown-15m-1761768000,1761768000,850,0.14,0.2,0.17,0.06,472.02,435.65,0.8,0.86,27
btc-updown-15m-1761768000,1761768000,855,0.13,0.17,0.15,0.04,689,46.65,0.83,0.87,4
btc-updown-15m-1761768000,1761768000,860,0.1,0.14,0.12,0.04,46.04,435,0.86,0.9,0
btc-updown-15m-1761768000,1761768000,865,0.07,0.1,0.085,0.03,930.24,35,0.9,0.93,156
btc-updown-15m-1761768000,1761768000,870,0.04,0.05,0.045,0.01,1240.88,431.05,0.95,0.96,188
btc-updown-15m-1761768000,1761768000,875,0.06,0.1,0.08,0.04,608,415,0.9,0.94,33
btc-updown-15m-1761768000,1761768000,880,0.03,0.08,0.055,0.05,1604.13,461.25,0.92,0.97,785
btc-updown-15m-1761768000,1761768000,885,0.02,0.08,0.05,0.06,1019.13,49.97,0.92,0.98,149
btc-updown-15m-1761768000,1761768000,890,0.02,0.14,0.08,0.12,1022.13,15.72,0.86,0.98,14
btc-updown-15m-1761768000,1761768000,895,0.02,0.14,0.08,0.12,948.72,15.72,0.86,0.98,1220
btc-updown-15m-1761768000,1761768000,897,0.02,0.04,0.03,0.02,846.67,63,0.96,0.98,228
btc-updown-15m-1761768000,1761768000,899,0.02,0.04,0.03,0.02,739.63,47.72,0.96,0.98,203
btc-updown-15m-1761768000,1761768000,900,0.02,0.03,0.025,0.01,480.63,67.62,0.97,0.98,243
btc-updown-15m-1761772500,1761772500,0,0.45,0.47,0.46,0.02,39.94,182.31,0.53,0.55,93
btc-updown-15m-1761772500,1761772500,15,0.54,0.59,0.565,0.05,75,118.8,0.41,0.46,21
btc-updown-15m-1761772500,1761772500,30,0.59,0.61,0.6,0.02,526,285,0.39,0.41,17
btc-updown-15m-1761772500,1761772500,45,0.59,0.62,0.605,0.03,770,518.3,0.38,0.41,10
btc-updown-15m-1761772500,1761772500,60,0.6,0.62,0.61,0.02,787.5,481.7,0.38,0.4,240
btc-updown-15m-1761772500,1761772500,75,0.62,0.64,0.63,0.02,790,327.45,0.36,0.38,27
btc-updown-15m-1761772500,1761772500,90,0.59,0.62,0.605,0.03,1037.47,428.93,0.38,0.41,176
btc-updown-15m-1761772500,1761772500,105,0.57,0.61,0.59,0.04,1188.61,317.97,0.39,0.43,99
btc-updown-15m-1761772500,1761772500,120,0.57,0.59,0.58,0.02,526.6,703,0.41,0.43,206
btc-updown-15m-1761772500,1761772500,135,0.63,0.66,0.645,0.03,814,459.8,0.34,0.37,44
btc-updown-15m-1761772500,1761772500,150,0.7,0.73,0.715,0.03,805,333.6,0.27,0.3,48
btc-updown-15m-1761772500,1761772500,165,0.71,0.73,0.72,0.02,810.55,451.36,0.27,0.29,216
btc-updown-15m-1761772500,1761772500,180,0.67,0.7,0.685,0.03,1214,426,0.3,0.33,6
btc-updown-15m-1761772500,1761772500,195,0.68,0.7,0.69,0.02,790,479.1,0.3,0.32,451
btc-updown-15m-1761772500,1761772500,210,0.71,0.73,0.72,0.02,666.44,557.52,0.27,0.29,78
btc-updown-15m-1761772500,1761772500,225,0.73,0.78,0.755,0.05,482,251.5,0.22,0.27,162
btc-updown-15m-1761772500,1761772500,240,0.72,0.76,0.74,0.04,480,536.2,0.24,0.28,764
btc-updown-15m-1761772500,1761772500,255,0.74,0.78,0.76,0.04,478.24,1102.9,0.22,0.26,1
btc-updown-15m-1761772500,1761772500,270,0.77,0.8,0.785,0.03,91,889.87,0.2,0.23,8
btc-updown-15m-1761772500,1761772500,285,0.76,0.79,0.775,0.03,495,786.34,0.21,0.24,156
btc-updown-15m-1761772500,1761772500,300,0.76,0.79,0.775,0.03,459.53,790.34,0.21,0.24,70
btc-updown-15m-1761772500,1761772500,315,0.77,0.8,0.785,0.03,68.68,382.9,0.2,0.23,152
btc-updown-15m-1761772500,1761772500,330,0.73,0.76,0.745,0.03,548,54.9,0.24,0.27,4
btc-updown-15m-1761772500,1761772500,345,0.74,0.78,0.76,0.04,496,822.25,0.22,0.26,91
btc-updown-15m-1761772500,1761772500,360,0.74,0.78,0.76,0.04,437.25,776.56,0.22,0.26,55
btc-updown-15m-1761772500,1761772500,375,0.73,0.77,0.75,0.04,544.23,443.31,0.23,0.27,257
btc-updown-15m-1761772500,1761772500,390,0.74,0.77,0.755,0.03,109.24,451.3,0.23,0.26,98
btc-updown-15m-1761772500,1761772500,405,0.73,0.77,0.75,0.04,546.24,466.1,0.23,0.27,400
btc-updown-15m-1761772500,1761772500,420,0.7,0.76,0.73,0.06,627,566.58,0.24,0.3,277
btc-updown-15m-1761772500,1761772500,435,0.63,0.68,0.655,0.05,104,533.69,0.32,0.37,211
btc-updown-15m-1761772500,1761772500,450,0.71,0.74,0.725,0.03,427,462,0.26,0.29,1
btc-updown-15m-1761772500,1761772500,465,0.67,0.71,0.69,0.04,696,1153.78,0.29,0.33,56
btc-updown-15m-1761772500,1761772500,480,0.73,0.74,0.735,0.01,65,580,0.26,0.27,126
btc-updown-15m-1761772500,1761772500,495,0.73,0.75,0.74,0.02,550.9,954.8,0.25,0.27,440
btc-updown-15m-1761772500,1761772500,510,0.72,0.75,0.735,0.03,725.9,980.16,0.25,0.28,39
btc-updown-15m-1761772500,1761772500,525,0.73,0.75,0.74,0.02,544.9,766,0.25,0.27,187
btc-updown-15m-1761772500,1761772500,540,0.78,0.81,0.795,0.03,515,758.36,0.19,0.22,35
btc-updown-15m-1761772500,1761772500,555,0.85,0.86,0.855,0.01,149,1161.09,0.14,0.15,440
btc-updown-15m-1761772500,1761772500,570,0.85,0.87,0.86,0.02,633,558.8,0.13,0.15,32
btc-updown-15m-1761772500,1761772500,585,0.87,0.88,0.875,0.01,661.25,813.76,0.12,0.13,228
btc-updown-15m-1761772500,1761772500,600,0.87,0.88,0.875,0.01,661.25,770,0.12,0.13,1412
btc-updown-15m-1761772500,1761772500,615,0.84,0.88,0.86,0.04,380,630,0.12,0.16,3
btc-updown-15m-1761772500,1761772500,630,0.89,0.91,0.9,0.02,310,855.78,0.09,0.11,19
btc-updown-15m-1761772500,1761772500,645,0.89,0.92,0.905,0.03,835,752.28,0.08,0.11,12
btc-updown-15m-1761772500,1761772500,660,0.89,0.92,0.905,0.03,1102,64.28,0.08,0.11,3
btc-updown-15m-1761772500,1761772500,675,0.91,0.93,0.92,0.02,617,84.28,0.07,0.09,1005
btc-updown-15m-1761772500,1761772500,690,0.93,0.96,0.945,0.03,441,2045.72,0.04,0.07,102
btc-updown-15m-1761772500,1761772500,705,0.93,0.96,0.945,0.03,722.72,1783.72,0.04,0.07,188
btc-updown-15m-1761772500,1761772500,720,0.93,0.96,0.945,0.03,1041.39,2150.14,0.04,0.07,1
btc-updown-15m-1761772500,1761772500,735,0.95,0.96,0.955,0.01,112.46,1974.5,0.04,0.05,448
btc-updown-15m-1761772500,1761772500,750,0.95,0.97,0.96,0.02,520.78,2494.17,0.03,0.05,768
btc-updown-15m-1761772500,1761772500,765,0.95,0.98,0.965,0.03,311.3,1958.17,0.02,0.05,0
btc-updown-15m-1761772500,1761772500,780,0.95,0.98,0.965,0.03,350.3,1240.98,0.02,0.05,980
btc-updown-15m-1761772500,1761772500,795,0.95,0.98,0.965,0.03,346.3,731.88,0.02,0.05,101
btc-updown-15m-1761772500,1761772500,810,0.96,0.99,0.975,0.03,650.46,273.88,0.01,0.04,505
btc-updown-15m-1761772500,1761772500,825,0.98,0.99,0.985,0.01,536.5,235.58,0.01,0.02,724
btc-updown-15m-1761772500,1761772500,840,0.98,0.99,0.985,0.01,640.23,35.18,0.01,0.02,936
btc-updown-15m-1761772500,1761772500,845,0.97,0.99,0.98,0.02,639.46,11.15,0.01,0.03,392
btc-updown-15m-1761772500,1761772500,850,0.99,,,,538.6,0,,0.01,13
btc-updown-15m-1761772500,1761772500,855,0.98,,,,495.6,0,,0.02,219
btc-updown-15m-1761772500,1761772500,860,0.99,,,,511.73,0,,0.01,631
btc-updown-15m-1761772500,1761772500,865,0.99,,,,522.39,0,,0.01,390
btc-updown-15m-1761772500,1761772500,870,0.99,,,,1022.39,0,,0.01,868
btc-updown-15m-1761772500,1761772500,875,0.99,,,,951.66,0,,0.01,2873
btc-updown-15m-1761772500,1761772500,880,0.99,,,,1027.39,0,,0.01,804
btc-updown-15m-1761772500,1761772500,885,0.99,,,,1027.39,0,,0.01,3891
btc-updown-15m-1761772500,1761772500,890,0.99,,,,762.46,0,,0.01,3425
btc-updown-15m-1761772500,1761772500,895,0.99,,,,787.46,0,,0.01,805
btc-updown-15m-1761772500,1761772500,897,0.99,,,,787.46,0,,0.01,2805
btc-updown-15m-1761772500,1761772500,899,0.99,,,,1149.46,0,,0.01,117
btc-updown-15m-1761772500,1761772500,900,0.99,,,,1149.46,0,,0.01,499
btc-updown-15m-1761779700,1761779700,0,0.54,0.55,0.545,0.01,902.91,22.84,0.45,0.46,1926
btc-updown-15m-1761779700,1761779700,15,0.53,0.55,0.54,0.02,367.86,43.94,0.45,0.47,4
btc-updown-15m-1761779700,1761779700,30,0.51,0.54,0.525,0.03,760.85,392.04,0.46,0.49,57
btc-updown-15m-1761779700,1761779700,45,0.52,0.55,0.535,0.03,861.85,52.6,0.45,0.48,207
btc-updown-15m-1761779700,1761779700,60,0.58,0.61,0.595,0.03,476.78,479,0.39,0.42,279
btc-updown-15m-1761779700,1761779700,75,0.67,0.7,0.685,0.03,110,457,0.3,0.33,2
btc-updown-15m-1761779700,1761779700,90,0.68,0.71,0.695,0.03,569,479,0.29,0.32,100
btc-updown-15m-1761779700,1761779700,105,0.68,0.72,0.7,0.04,76.18,54,0.28,0.32,244
btc-updown-15m-1761779700,1761779700,120,0.7,0.73,0.715,0.03,543,460,0.27,0.3,29
btc-updown-15m-1761779700,1761779700,135,0.69,0.73,0.71,0.04,531,462,0.27,0.31,321
btc-updown-15m-1761779700,1761779700,150,0.69,0.74,0.715,0.05,555,475,0.26,0.31,841
btc-updown-15m-1761779700,1761779700,165,0.75,0.79,0.77,0.04,543,470,0.21,0.25,111
btc-updown-15m-1761779700,1761779700,180,0.74,0.78,0.76,0.04,578,47.2,0.22,0.26,39
btc-updown-15m-1761779700,1761779700,195,0.71,0.77,0.74,0.06,511.33,511.94,0.23,0.29,0
btc-updown-15m-1761779700,1761779700,210,0.73,0.77,0.75,0.04,391.93,468,0.23,0.27,564
btc-updown-15m-1761779700,1761779700,225,0.72,0.76,0.74,0.04,509.02,433.66,0.24,0.28,3
btc-updown-15m-1761779700,1761779700,240,0.75,0.8,0.775,0.05,532,175.9,0.2,0.25,12
btc-updown-15m-1761779700,1761779700,255,0.74,0.79,0.765,0.05,495.26,458.49,0.21,0.26,72
btc-updown-15m-1761779700,1761779700,270,0.77,0.81,0.79,0.04,553,472.49,0.19,0.23,24
btc-updown-15m-1761779700,1761779700,285,0.8,0.83,0.815,0.03,41,157.63,0.17,0.2,0
btc-updown-15m-1761779700,1761779700,300,0.76,0.81,0.785,0.05,492.05,455.63,0.19,0.24,3
btc-updown-15m-1761779700,1761779700,315,0.78,0.83,0.805,0.05,131.03,536,0.17,0.22,87
btc-updown-15m-1761779700,1761779700,330,0.78,0.82,0.8,0.04,523.03,458,0.18,0.22,66
btc-updown-15m-1761779700,1761779700,345,0.81,0.85,0.83,0.04,443.01,541,0.15,0.19,87
btc-updown-15m-1761779700,1761779700,360,0.82,0.84,0.83,0.02,565.65,144,0.16,0.18,62
btc-updown-15m-1761779700,1761779700,375,0.8,0.85,0.825,0.05,537.65,639.36,0.15,0.2,38
btc-updown-15m-1761779700,1761779700,390,0.81,0.83,0.82,0.02,198.65,457,0.17,0.19,68
btc-updown-15m-1761779700,1761779700,405,0.8,0.83,0.815,0.03,623.65,447,0.17,0.2,18
btc-updown-15m-1761779700,1761779700,420,0.8,0.83,0.815,0.03,644.65,431,0.17,0.2,183
btc-updown-15m-1761779700,1761779700,435,0.84,0.87,0.855,0.03,91,529.84,0.13,0.16,52
btc-updown-15m-1761779700,1761779700,450,0.82,0.86,0.84,0.04,508.01,487.6,0.14,0.18,62
btc-updown-15m-1761779700,1761779700,465,0.84,0.87,0.855,0.03,500,481.94,0.13,0.16,254
btc-updown-15m-1761779700,1761779700,480,0.81,0.84,0.825,0.03,504.01,516.7,0.16,0.19,5
btc-updown-15m-1761779700,1761779700,495,0.81,0.85,0.83,0.04,515.01,489.9,0.15,0.19,686
btc-updown-15m-1761779700,1761779700,510,0.76,0.8,0.78,0.04,462,484.8,0.2,0.24,0
btc-updown-15m-1761779700,1761779700,525,0.69,0.73,0.71,0.04,106,427,0.27,0.31,21
btc-updown-15m-1761779700,1761779700,540,0.67,0.71,0.69,0.04,611.21,465,0.29,0.33,7
btc-updown-15m-1761779700,1761779700,555,0.29,0.37,0.33,0.08,37.3,360,0.63,0.71,7
btc-updown-15m-1761779700,1761779700,570,0.17,0.28,0.225,0.11,505,40.1,0.72,0.83,118
btc-updown-15m-1761779700,1761779700,585,0.19,0.22,0.205,0.03,84,486.9,0.78,0.81,0
btc-updown-15m-1761779700,1761779700,600,0.19,0.24,0.215,0.05,504,438.8,0.76,0.81,6
btc-updown-15m-1761779700,1761779700,615,0.27,0.3,0.285,0.03,529,424,0.7,0.73,73
btc-updown-15m-1761779700,1761779700,630,0.26,0.27,0.265,0.01,521,422,0.73,0.74,17
btc-updown-15m-1761779700,1761779700,645,0.16,0.2,0.18,0.04,533,429,0.8,0.84,103
btc-updown-15m-1761779700,1761779700,660,0.22,0.26,0.24,0.04,422,33,0.74,0.78,2
btc-updown-15m-1761779700,1761779700,675,0.17,0.2,0.185,0.03,459,463.8,0.8,0.83,321
btc-updown-15m-1761779700,1761779700,690,0.17,0.21,0.19,0.04,396.49,478.79,0.79,0.83,235
btc-updown-15m-1761779700,1761779700,705,0.21,0.23,0.22,0.02,159.9,438.99,0.77,0.79,112
btc-updown-15m-1761779700,1761779700,720,0.1,0.14,0.12,0.04,53,79.9,0.86,0.9,6
btc-updown-15m-1761779700,1761779700,735,0.11,0.17,0.14,0.06,135,23.3,0.83,0.89,16
btc-updown-15m-1761779700,1761779700,750,0.14,0.17,0.155,0.03,533.59,432.22,0.83,0.86,2458
btc-updown-15m-1761779700,1761779700,765,0.13,0.17,0.15,0.04,404.74,476.68,0.83,0.87,112
btc-updown-15m-1761779700,1761779700,780,0.09,0.14,0.115,0.05,438.05,510.1,0.86,0.91,166
btc-updown-15m-1761779700,1761779700,795,0.05,0.1,0.075,0.05,1024.33,60,0.9,0.95,27
btc-updown-15m-1761779700,1761779700,810,0.04,0.06,0.05,0.02,985.29,26,0.94,0.96,6
btc-updown-15m-1761779700,1761779700,825,0.03,0.05,0.04,0.02,1858.66,32,0.95,0.97,11
btc-updown-15m-1761779700,1761779700,840,0.03,0.05,0.04,0.02,1775.72,450,0.95,0.97,4
btc-updown-15m-1761779700,1761779700,845,0.03,0.06,0.045,0.03,1516.79,451.03,0.94,0.97,1059
btc-updown-15m-1761779700,1761779700,850,0.02,0.03,0.025,0.01,1294.01,258.25,0.97,0.98,29
btc-updown-15m-1761779700,1761779700,855,0.02,0.03,0.025,0.01,1047.14,252.22,0.97,0.98,97
btc-updown-15m-1761779700,1761779700,860,0.02,0.03,0.025,0.01,873.09,642.22,0.97,0.98,88
btc-updown-15m-1761779700,1761779700,865,0.02,0.03,0.025,0.01,853.09,534.72,0.97,0.98,386
btc-updown-15m-1761779700,1761779700,870,0.02,0.03,0.025,0.01,767.09,142.72,0.97,0.98,535
btc-updown-15m-1761779700,1761779700,875,0.01,0.02,0.015,0.01,234.68,187.72,0.98,0.99,528
btc-updown-15m-1761779700,1761779700,880,,0.01,,,0,582.72,0.99,,268
btc-updown-15m-1761779700,1761779700,885,,0.01,,,0,208.22,0.99,,432
btc-updown-15m-1761779700,1761779700,890,,0.01,,,0,214.22,0.99,,101
btc-updown-15m-1761779700,1761779700,895,,0.01,,,0,371.22,0.99,,67
btc-updown-15m-1761779700,1761779700,897,,0.01,,,0,395.22,0.99,,1652
btc-updown-15m-1761779700,1761779700,899,,0.01,,,0,786.22,0.99,,201
btc-updown-15m-1761779700,1761779700,900,,0.01,,,0,786.22,0.99,,1201
btc-updown-15m-1761784200,1761784200,0,0.47,0.48,0.475,0.01,286.92,489.18,0.52,0.53,3985
btc-updown-15m-1761784200,1761784200,15,0.44,0.47,0.455,0.03,233.9,117.49,0.53,0.56,23
btc-updown-15m-1761784200,1761784200,30,0.44,0.47,0.455,0.03,433.05,158.87,0.53,0.56,41
btc-updown-15m-1761784200,1761784200,45,0.42,0.45,0.435,0.03,621.15,147.82,0.55,0.58,38
btc-updown-15m-1761784200,1761784200,60,0.41,0.44,0.425,0.03,643.25,64,0.56,0.59,35
btc-updown-15m-1761784200,1761784200,75,0.39,0.42,0.405,0.03,483.69,191.78,0.58,0.61,47
btc-updown-15m-1761784200,1761784200,90,0.52,0.53,0.525,0.01,59,216,0.47,0.48,108
btc-updown-15m-1761784200,1761784200,105,0.59,0.62,0.605,0.03,453,468.08,0.38,0.41,6
btc-updown-15m-1761784200,1761784200,120,0.51,0.53,0.52,0.02,534.6,55,0.47,0.49,87
btc-updown-15m-1761784200,1761784200,135,0.51,0.54,0.525,0.03,552.63,462.38,0.46,0.49,74
btc-updown-15m-1761784200,1761784200,150,0.52,0.55,0.535,0.03,151,489.86,0.45,0.48,792
btc-updown-15m-1761784200,1761784200,165,0.61,0.64,0.625,0.03,95,533.88,0.36,0.39,66
btc-updown-15m-1761784200,1761784200,180,0.64,0.66,0.65,0.02,162,453,0.34,0.36,2
btc-updown-15m-1761784200,1761784200,195,0.59,0.62,0.605,0.03,452.69,469.69,0.38,0.41,12
btc-updown-15m-1761784200,1761784200,210,0.64,0.66,0.65,0.02,468,138,0.34,0.36,36
btc-updown-15m-1761784200,1761784200,225,0.58,0.63,0.605,0.05,503.69,624.57,0.37,0.42,44
btc-updown-15m-1761784200,1761784200,240,0.59,0.62,0.605,0.03,475,469,0.38,0.41,14
btc-updown-15m-1761784200,1761784200,255,0.59,0.61,0.6,0.02,41,188,0.39,0.41,50
btc-updown-15m-1761784200,1761784200,270,0.62,0.64,0.63,0.02,63,508.08,0.36,0.38,416
btc-updown-15m-1761784200,1761784200,285,0.57,0.62,0.595,0.05,477.87,548.08,0.38,0.43,2
btc-updown-15m-1761784200,1761784200,300,0.58,0.61,0.595,0.03,80,535,0.39,0.42,167
btc-updown-15m-1761784200,1761784200,315,0.59,0.63,0.61,0.04,632.87,72.49,0.37,0.41,36
btc-updown-15m-1761784200,1761784200,330,0.6,0.63,0.615,0.03,455.61,81,0.37,0.4,500
btc-updown-15m-1761784200,1761784200,345,0.58,0.6,0.59,0.02,139.61,49,0.4,0.42,3
btc-updown-15m-1761784200,1761784200,360,0.63,0.66,0.645,0.03,738,99.92,0.34,0.37,7
btc-updown-15m-1761784200,1761784200,375,0.68,0.73,0.705,0.05,467,512,0.27,0.32,106
btc-updown-15m-1761784200,1761784200,390,0.62,0.65,0.635,0.03,307,468.81,0.35,0.38,8
btc-updown-15m-1761784200,1761784200,405,0.67,0.69,0.68,0.02,100,153.15,0.31,0.33,9
btc-updown-15m-1761784200,1761784200,420,0.69,0.72,0.705,0.03,519,496.22,0.28,0.31,319
btc-updown-15m-1761784200,1761784200,435,0.69,0.73,0.71,0.04,109,493.22,0.27,0.31,1086
btc-updown-15m-1761784200,1761784200,450,0.69,0.73,0.71,0.04,609.33,461,0.27,0.31,238
btc-updown-15m-1761784200,1761784200,465,0.66,0.7,0.68,0.04,468,544,0.3,0.34,1705
btc-updown-15m-1761784200,1761784200,480,0.64,0.66,0.65,0.02,121,433,0.34,0.36,25
btc-updown-15m-1761784200,1761784200,495,0.47,0.49,0.48,0.02,565.2,118,0.51,0.53,44
btc-updown-15m-1761784200,1761784200,510,0.48,0.51,0.495,0.03,37,183.08,0.49,0.52,41
btc-updown-15m-1761784200,1761784200,525,0.42,0.47,0.445,0.05,121.54,447,0.53,0.58,1
btc-updown-15m-1761784200,1761784200,540,0.43,0.48,0.455,0.05,519.58,522.2,0.52,0.57,0
btc-updown-15m-1761784200,1761784200,555,0.28,0.31,0.295,0.03,198.6,161.68,0.69,0.72,1
btc-updown-15m-1761784200,1761784200,570,0.27,0.31,0.29,0.04,44.04,63,0.69,0.73,27
btc-updown-15m-1761784200,1761784200,585,0.33,0.37,0.35,0.04,510,167.67,0.63,0.67,196
btc-updown-15m-1761784200,1761784200,600,0.15,0.19,0.17,0.04,473.7,133.73,0.81,0.85,6
btc-updown-15m-1761784200,1761784200,615,0.22,0.25,0.235,0.03,100.9,176,0.75,0.78,493
btc-updown-15m-1761784200,1761784200,630,0.26,0.27,0.265,0.01,31,82,0.73,0.74,4
btc-updown-15m-1761784200,1761784200,645,0.52,0.53,0.525,0.01,61,93,0.47,0.48,6
btc-updown-15m-1761784200,1761784200,660,0.52,0.57,0.545,0.05,157.5,95,0.43,0.48,71
btc-updown-15m-1761784200,1761784200,675,0.72,0.78,0.75,0.06,209.07,139.3,0.22,0.28,102
btc-updown-15m-1761784200,1761784200,690,0.77,0.81,0.79,0.04,87,148,0.19,0.23,72
btc-updown-15m-1761784200,1761784200,705,0.82,0.83,0.825,0.01,70.1,51,0.17,0.18,34
btc-updown-15m-1761784200,1761784200,720,0.85,0.88,0.865,0.03,87.3,84,0.12,0.15,945
btc-updown-15m-1761784200,1761784200,735,0.8,0.84,0.82,0.04,189.45,62,0.16,0.2,1566
btc-updown-15m-1761784200,1761784200,750,0.79,0.83,0.81,0.04,171.2,114,0.17,0.21,23
btc-updown-15m-1761784200,1761784200,765,0.76,0.8,0.78,0.04,93.49,43,0.2,0.24,105
btc-updown-15m-1761784200,1761784200,780,0.77,0.84,0.805,0.07,99.87,93,0.16,0.23,532
btc-updown-15m-1761784200,1761784200,795,0.71,0.82,0.765,0.11,64,49,0.18,0.29,62
btc-updown-15m-1761784200,1761784200,810,0.81,0.84,0.825,0.03,33,82.04,0.16,0.19,22
btc-updown-15m-1761784200,1761784200,825,0.91,0.96,0.935,0.05,129,405.16,0.04,0.09,0
btc-updown-15m-1761784200,1761784200,840,0.92,0.96,0.94,0.04,100.83,237.28,0.04,0.08,115
btc-updown-15m-1761784200,1761784200,845,0.92,0.97,0.945,0.05,125.82,393.44,0.03,0.08,644
btc-updown-15m-1761784200,1761784200,850,0.85,0.97,0.91,0.12,43,490,0.03,0.15,29
btc-updown-15m-1761784200,1761784200,855,0.86,0.97,0.915,0.11,57,635,0.03,0.14,4
btc-updown-15m-1761784200,1761784200,860,0.85,0.92,0.885,0.07,25,109,0.08,0.15,6
btc-updown-15m-1761784200,1761784200,865,0.84,0.91,0.875,0.07,25,73.1,0.09,0.16,32
btc-updown-15m-1761784200,1761784200,870,0.86,0.95,0.905,0.09,25,57.75,0.05,0.14,8
btc-updown-15m-1761784200,1761784200,875,0.88,0.93,0.905,0.05,30,450.75,0.07,0.12,1
btc-updown-15m-1761784200,1761784200,880,0.88,0.95,0.915,0.07,30,50.75,0.05,0.12,174
btc-updown-15m-1761784200,1761784200,885,0.88,0.97,0.925,0.09,71,804.48,0.03,0.12,203
btc-updown-15m-1761784200,1761784200,890,0.96,0.99,0.975,0.03,59,50.24,0.01,0.04,27
btc-updown-15m-1761784200,1761784200,895,0.99,,,,79,0,,0.01,81
btc-updown-15m-1761784200,1761784200,897,0.99,,,,489,0,,0.01,522
btc-updown-15m-1761784200,1761784200,899,0.99,,,,665,0,,0.01,25
btc-updown-15m-1761784200,1761784200,900,0.99,,,,737,0,,0.01,71
btc-updown-15m-1761788700,1761788700,0,0.45,0.53,0.49,0.08,240,84.71,0.47,0.55,3925
btc-updown-15m-1761788700,1761788700,15,0.49,0.5,0.495,0.01,78.9,56.68,0.5,0.51,66
btc-updown-15m-1761788700,1761788700,30,0.51,0.53,0.52,0.02,44,613.71,0.47,0.49,55
btc-updown-15m-1761788700,1761788700,45,0.52,0.53,0.525,0.01,487,81.82,0.47,0.48,132
btc-updown-15m-1761788700,1761788700,60,0.55,0.58,0.565,0.03,63,113,0.42,0.45,5
btc-updown-15m-1761788700,1761788700,75,0.47,0.5,0.485,0.03,508.6,178,0.5,0.53,2
btc-updown-15m-1761788700,1761788700,90,0.51,0.55,0.53,0.04,536,517,0.45,0.49,155
btc-updown-15m-1761788700,1761788700,105,0.47,0.52,0.495,0.05,553,589,0.48,0.53,235
btc-updown-15m-1761788700,1761788700,120,0.46,0.49,0.475,0.03,76,595,0.51,0.54,60
btc-updown-15m-1761788700,1761788700,135,0.53,0.54,0.535,0.01,498.6,505,0.46,0.47,0
btc-updown-15m-1761788700,1761788700,150,0.53,0.56,0.545,0.03,54,575,0.44,0.47,156
btc-updown-15m-1761788700,1761788700,165,0.54,0.58,0.56,0.04,498,583.35,0.42,0.46,38
btc-updown-15m-1761788700,1761788700,180,0.56,0.59,0.575,0.03,492,568.35,0.41,0.44,351
btc-updown-15m-1761788700,1761788700,195,0.51,0.54,0.525,0.03,462,522,0.46,0.49,187
btc-updown-15m-1761788700,1761788700,210,0.49,0.5,0.495,0.01,691,488,0.5,0.51,1
btc-updown-15m-1761788700,1761788700,225,0.46,0.51,0.485,0.05,464,563,0.49,0.54,280
btc-updown-15m-1761788700,1761788700,240,0.51,0.52,0.515,0.01,48,620,0.48,0.49,84
btc-updown-15m-1761788700,1761788700,255,0.51,0.53,0.52,0.02,443,523,0.47,0.49,4
btc-updown-15m-1761788700,1761788700,270,0.47,0.51,0.49,0.04,580.6,568,0.49,0.53,39
btc-updown-15m-1761788700,1761788700,285,0.5,0.53,0.515,0.03,465,136,0.47,0.5,576
btc-updown-15m-1761788700,1761788700,300,0.42,0.46,0.44,0.04,112.5,176,0.54,0.58,71
btc-updown-15m-1761788700,1761788700,315,0.42,0.44,0.43,0.02,487,514,0.56,0.58,640
btc-updown-15m-1761788700,1761788700,330,0.45,0.46,0.455,0.01,60,514,0.54,0.55,1657
btc-updown-15m-1761788700,1761788700,345,0.45,0.48,0.465,0.03,469,236.3,0.52,0.55,105
btc-updown-15m-1761788700,1761788700,360,0.5,0.52,0.51,0.02,79,530,0.48,0.5,25
btc-updown-15m-1761788700,1761788700,375,0.39,0.42,0.405,0.03,477.4,54,0.58,0.61,168
btc-updown-15m-1761788700,1761788700,390,0.48,0.49,0.485,0.01,89.9,499,0.51,0.52,85
btc-updown-15m-1761788700,1761788700,405,0.53,0.58,0.555,0.05,506.6,97.35,0.42,0.47,12
btc-updown-15m-1761788700,1761788700,420,0.63,0.64,0.635,0.01,70,79.8,0.36,0.37,0
btc-updown-15m-1761788700,1761788700,435,0.71,0.73,0.72,0.02,523,52.25,0.27,0.29,137
btc-updown-15m-1761788700,1761788700,450,0.67,0.7,0.685,0.03,431.24,528,0.3,0.33,208
btc-updown-15m-1761788700,1761788700,465,0.68,0.7,0.69,0.02,52,450,0.3,0.32,15
btc-updown-15m-1761788700,1761788700,480,0.7,0.71,0.705,0.01,428,65,0.29,0.3,5
btc-updown-15m-1761788700,1761788700,495,0.62,0.64,0.63,0.02,548.5,35,0.36,0.38,138
btc-updown-15m-1761788700,1761788700,510,0.68,0.71,0.695,0.03,88,486,0.29,0.32,43
btc-updown-15m-1761788700,1761788700,525,0.66,0.7,0.68,0.04,54,667.94,0.3,0.34,369
btc-updown-15m-1761788700,1761788700,540,0.7,0.72,0.71,0.02,72,465,0.28,0.3,60
btc-updown-15m-1761788700,1761788700,555,0.66,0.69,0.675,0.03,93.8,543,0.31,0.34,175
btc-updown-15m-1761788700,1761788700,570,0.63,0.65,0.64,0.02,447,29,0.35,0.37,151
btc-updown-15m-1761788700,1761788700,585,0.64,0.68,0.66,0.04,33,523,0.32,0.36,129
btc-updown-15m-1761788700,1761788700,600,0.68,0.71,0.695,0.03,60.31,445,0.29,0.32,1360
btc-updown-15m-1761788700,1761788700,615,0.75,0.78,0.765,0.03,41,50,0.22,0.25,192
btc-updown-15m-1761788700,1761788700,630,0.69,0.73,0.71,0.04,442,454.93,0.27,0.31,393
btc-updown-15m-1761788700,1761788700,645,0.77,0.79,0.78,0.02,26,470.46,0.21,0.23,130
btc-updown-15m-1761788700,1761788700,660,0.81,0.83,0.82,0.02,32,498.9,0.17,0.19,6
btc-updown-15m-1761788700,1761788700,675,0.81,0.83,0.82,0.02,64,155.5,0.17,0.19,8
btc-updown-15m-1761788700,1761788700,690,0.85,0.88,0.865,0.03,449,88.9,0.12,0.15,28
btc-updown-15m-1761788700,1761788700,705,0.9,0.92,0.91,0.02,149.24,485.41,0.08,0.1,469
btc-updown-15m-1761788700,1761788700,720,0.92,0.94,0.93,0.02,184.09,579.43,0.06,0.08,122
btc-updown-15m-1761788700,1761788700,735,0.95,0.96,0.955,0.01,148.1,882,0.04,0.05,108
btc-updown-15m-1761788700,1761788700,750,0.95,0.96,0.955,0.01,231.63,822.45,0.04,0.05,566
btc-updown-15m-1761788700,1761788700,765,0.91,0.94,0.925,0.03,542,467.73,0.06,0.09,40
btc-updown-15m-1761788700,1761788700,780,0.94,0.96,0.95,0.02,148,728.9,0.04,0.06,135
btc-updown-15m-1761788700,1761788700,795,0.76,0.77,0.765,0.01,28,464,0.23,0.24,101
btc-updown-15m-1761788700,1761788700,810,0.74,0.87,0.805,0.13,34,482,0.13,0.26,215
btc-updown-15m-1761788700,1761788700,825,0.87,0.88,0.875,0.01,470,522,0.12,0.13,20
btc-updown-15m-1761788700,1761788700,840,0.1,0.22,0.16,0.12,45.8,113,0.78,0.9,25
btc-updown-15m-1761788700,1761788700,845,0.11,0.18,0.145,0.07,445,87,0.82,0.89,4
btc-updown-15m-1761788700,1761788700,850,0.2,0.25,0.225,0.05,41,17,0.75,0.8,3
btc-updown-15m-1761788700,1761788700,855,0.27,0.31,0.29,0.04,436,20,0.69,0.73,2
btc-updown-15m-1761788700,1761788700,860,0.11,0.21,0.16,0.1,68,409,0.79,0.89,32
btc-updown-15m-1761788700,1761788700,865,0.18,0.24,0.21,0.06,436,23,0.76,0.82,27
btc-updown-15m-1761788700,1761788700,870,0.13,0.17,0.15,0.04,446,419,0.83,0.87,2
btc-updown-15m-1761788700,1761788700,875,0.11,0.16,0.135,0.05,68,25,0.84,0.89,16
btc-updown-15m-1761788700,1761788700,880,0.1,0.14,0.12,0.04,482,411,0.86,0.9,28
btc-updown-15m-1761788700,1761788700,885,0.22,0.27,0.245,0.05,50,57,0.73,0.78,10
btc-updown-15m-1761788700,1761788700,890,0.21,0.23,0.22,0.02,50,57,0.77,0.79,88
btc-updown-15m-1761788700,1761788700,895,,0.01,,,0,279,0.99,,20
btc-updown-15m-1761788700,1761788700,897,,0.01,,,0,328.68,0.99,,2
btc-updown-15m-1761788700,1761788700,899,,0.01,,,0,674.99,0.99,,14
btc-updown-15m-1761788700,1761788700,900,,0.01,,,0,692.34,0.99,,6
btc-updown-15m-1761792300,1761792300,0,0.4,0.49,0.445,0.09,425,40.52,0.51,0.6,654
btc-updown-15m-1761792300,1761792300,15,0.31,0.35,0.33,0.04,233,32,0.65,0.69,10
btc-updown-15m-1761792300,1761792300,30,0.35,0.39,0.37,0.04,468.23,483.4,0.61,0.65,84
btc-updown-15m-1761792300,1761792300,45,0.34,0.37,0.355,0.03,495,446.89,0.63,0.66,4
btc-updown-15m-1761792300,1761792300,60,0.33,0.37,0.35,0.04,460,56,0.63,0.67,356
btc-updown-15m-1761792300,1761792300,75,0.35,0.38,0.365,0.03,131,206,0.62,0.65,4
btc-updown-15m-1761792300,1761792300,90,0.26,0.29,0.275,0.03,559,573,0.71,0.74,2
btc-updown-15m-1761792300,1761792300,105,0.29,0.32,0.305,0.03,640,73,0.68,0.71,825
btc-updown-15m-1761792300,1761792300,120,0.29,0.3,0.295,0.01,119.59,58,0.7,0.71,20
btc-updown-15m-1761792300,1761792300,135,0.25,0.27,0.26,0.02,60.33,205.9,0.73,0.75,195
btc-updown-15m-1761792300,1761792300,150,0.25,0.27,0.26,0.02,58.99,601,0.73,0.75,186
btc-updown-15m-1761792300,1761792300,165,0.2,0.23,0.215,0.03,211.92,90.6,0.77,0.8,144
btc-updown-15m-1761792300,1761792300,180,0.15,0.18,0.165,0.03,160.21,496.2,0.82,0.85,1
btc-updown-15m-1761792300,1761792300,195,0.13,0.16,0.145,0.03,672,189.3,0.84,0.87,19
btc-updown-15m-1761792300,1761792300,210,0.16,0.2,0.18,0.04,702,629.4,0.8,0.84,202
btc-updown-15m-1761792300,1761792300,225,0.16,0.2,0.18,0.04,702,617.9,0.8,0.84,320
btc-updown-15m-1761792300,1761792300,240,0.15,0.19,0.17,0.04,717,585.5,0.81,0.85,1025
btc-updown-15m-1761792300,1761792300,255,0.13,0.16,0.145,0.03,592,591.3,0.84,0.87,401
btc-updown-15m-1761792300,1761792300,270,0.15,0.18,0.165,0.03,140,646.7,0.82,0.85,1336
btc-updown-15m-1761792300,1761792300,285,0.14,0.17,0.155,0.03,561,242.8,0.83,0.86,102
btc-updown-15m-1761792300,1761792300,300,0.14,0.17,0.155,0.03,430.69,640.9,0.83,0.86,11
btc-updown-15m-1761792300,1761792300,315,0.14,0.16,0.15,0.02,447,510.8,0.84,0.86,207
btc-updown-15m-1761792300,1761792300,330,0.14,0.18,0.16,0.04,478,634.6,0.82,0.86,2417
btc-updown-15m-1761792300,1761792300,345,0.12,0.16,0.14,0.04,702,570.2,0.84,0.88,60
btc-updown-15m-1761792300,1761792300,360,0.12,0.15,0.135,0.03,673.28,567.2,0.85,0.88,9
btc-updown-15m-1761792300,1761792300,375,0.09,0.11,0.1,0.02,159.28,734.79,0.89,0.91,306
btc-updown-15m-1761792300,1761792300,390,0.14,0.15,0.145,0.01,67,593.3,0.85,0.86,40
btc-updown-15m-1761792300,1761792300,405,0.15,0.19,0.17,0.04,497,613,0.81,0.85,187
btc-updown-15m-1761792300,1761792300,420,0.17,0.2,0.185,0.03,97,166.82,0.8,0.83,162
btc-updown-15m-1761792300,1761792300,435,0.19,0.22,0.205,0.03,497,81.82,0.78,0.81,182
btc-updown-15m-1761792300,1761792300,450,0.15,0.18,0.165,0.03,491,445,0.82,0.85,113
btc-updown-15m-1761792300,1761792300,465,0.17,0.2,0.185,0.03,447.14,82.82,0.8,0.83,205
btc-updown-15m-1761792300,1761792300,480,0.14,0.16,0.15,0.02,506,50,0.84,0.86,1101
btc-updown-15m-1761792300,1761792300,495,0.13,0.15,0.14,0.02,89,532,0.85,0.87,51
btc-updown-15m-1761792300,1761792300,510,0.12,0.15,0.135,0.03,463,540,0.85,0.88,5
btc-updown-15m-1761792300,1761792300,525,0.2,0.23,0.215,0.03,54,568.8,0.77,0.8,313
btc-updown-15m-1761792300,1761792300,540,0.27,0.31,0.29,0.04,278.8,495.9,0.69,0.73,71
btc-updown-15m-1761792300,1761792300,555,0.31,0.36,0.335,0.05,448.5,714.17,0.64,0.69,0
btc-updown-15m-1761792300,1761792300,570,0.19,0.22,0.205,0.03,468.8,62,0.78,0.81,85
btc-updown-15m-1761792300,1761792300,585,0.25,0.28,0.265,0.03,137.7,401.55,0.72,0.75,0
btc-updown-15m-1761792300,1761792300,600,0.23,0.27,0.25,0.04,483,437.48,0.73,0.77,277
btc-updown-15m-1761792300,1761792300,615,0.19,0.22,0.205,0.03,501,489,0.78,0.81,274
btc-updown-15m-1761792300,1761792300,630,0.18,0.2,0.19,0.02,457,60,0.8,0.82,59
btc-updown-15m-1761792300,1761792300,645,0.15,0.18,0.165,0.03,502.82,54,0.82,0.85,271
btc-updown-15m-1761792300,1761792300,660,0.09,0.11,0.1,0.02,516.95,479.04,0.89,0.91,250
btc-updown-15m-1761792300,1761792300,675,0.06,0.09,0.075,0.03,564,74,0.91,0.94,55
btc-updown-15m-1761792300,1761792300,690,0.13,0.17,0.15,0.04,200.5,154.1,0.83,0.87,13
btc-updown-15m-1761792300,1761792300,705,0.17,0.2,0.185,0.03,451,841,0.8,0.83,250
btc-updown-15m-1761792300,1761792300,720,0.18,0.22,0.2,0.04,487,426.38,0.78,0.82,35
btc-updown-15m-1761792300,1761792300,735,0.3,0.32,0.31,0.02,464,54.8,0.68,0.7,3
btc-updown-15m-1761792300,1761792300,750,0.29,0.32,0.305,0.03,510.4,429,0.68,0.71,190
btc-updown-15m-1761792300,1761792300,765,0.29,0.32,0.305,0.03,451.7,70,0.68,0.71,41
btc-updown-15m-1761792300,1761792300,780,0.14,0.18,0.16,0.04,388.41,199,0.82,0.86,2
btc-updown-15m-1761792300,1761792300,795,0.26,0.34,0.3,0.08,437,27,0.66,0.74,14
btc-updown-15m-1761792300,1761792300,810,0.34,0.38,0.36,0.04,335.59,582.68,0.62,0.66,0
btc-updown-15m-1761792300,1761792300,825,0.16,0.21,0.185,0.05,75,47,0.79,0.84,0
btc-updown-15m-1761792300,1761792300,840,0.4,0.48,0.44,0.08,491,119.48,0.52,0.6,17
btc-updown-15m-1761792300,1761792300,845,0.66,0.68,0.67,0.02,450,71.11,0.32,0.34,70
btc-updown-15m-1761792300,1761792300,850,0.72,0.78,0.75,0.06,54,307.65,0.22,0.28,147
btc-updown-15m-1761792300,1761792300,855,0.77,0.87,0.82,0.1,67.81,59,0.13,0.23,16
btc-updown-15m-1761792300,1761792300,860,0.8,0.9,0.85,0.1,35.04,47,0.1,0.2,0
btc-updown-15m-1761792300,1761792300,865,0.88,0.93,0.905,0.05,66,87,0.07,0.12,4
btc-updown-15m-1761792300,1761792300,870,0.86,0.93,0.895,0.07,265.04,64,0.07,0.14,9
btc-updown-15m-1761792300,1761792300,875,0.05,0.54,0.295,0.49,288,425,0.46,0.95,3
btc-updown-15m-1761792300,1761792300,880,0.41,0.69,0.55,0.28,31,221,0.31,0.59,2
btc-updown-15m-1761792300,1761792300,885,0.48,0.54,0.51,0.06,438,434,0.46,0.52,65
btc-updown-15m-1761792300,1761792300,890,0.48,0.59,0.535,0.11,43,37,0.41,0.52,22
btc-updown-15m-1761792300,1761792300,895,0.45,0.68,0.565,0.23,42,225,0.32,0.55,0
btc-updown-15m-1761792300,1761792300,897,0.72,0.84,0.78,0.12,25,250,0.16,0.28,5
btc-updown-15m-1761792300,1761792300,899,0.55,0.84,0.695,0.29,619.51,250,0.16,0.45,191
btc-updown-15m-1761792300,1761792300,900,0.58,0.84,0.71,0.26,655.51,250,0.16,0.42,15
btc-updown-15m-1761796800,1761796800,0,0.51,0.6,0.555,0.09,276.65,125,0.4,0.49,2056
btc-updown-15m-1761796800,1761796800,15,0.46,0.48,0.47,0.02,131,263,0.52,0.54,81
btc-updown-15m-1761796800,1761796800,30,0.36,0.38,0.37,0.02,418,44,0.62,0.64,74
btc-updown-15m-1761796800,1761796800,45,0.38,0.39,0.385,0.01,83.85,484.35,0.61,0.62,84
btc-updown-15m-1761796800,1761796800,60,0.32,0.36,0.34,0.04,475.77,600.3,0.64,0.68,119
btc-updown-15m-1761796800,1761796800,75,0.33,0.36,0.345,0.03,463,581.1,0.64,0.67,437
btc-updown-15m-1761796800,1761796800,90,0.29,0.33,0.31,0.04,176,575.1,0.67,0.71,16
btc-updown-15m-1761796800,1761796800,105,0.24,0.25,0.245,0.01,510,489.17,0.75,0.76,3
btc-updown-15m-1761796800,1761796800,120,0.25,0.27,0.26,0.02,437,1373.74,0.73,0.75,516
btc-updown-15m-1761796800,1761796800,135,0.26,0.27,0.265,0.01,460,1024.48,0.73,0.74,573
btc-updown-15m-1761796800,1761796800,150,0.3,0.33,0.315,0.03,447.4,117.53,0.67,0.7,0
btc-updown-15m-1761796800,1761796800,165,0.33,0.37,0.35,0.04,485,208,0.63,0.67,36
btc-updown-15m-1761796800,1761796800,180,0.37,0.4,0.385,0.03,92,450,0.6,0.63,5
btc-updown-15m-1761796800,1761796800,195,0.43,0.47,0.45,0.04,462,173,0.53,0.57,1
btc-updown-15m-1761796800,1761796800,210,0.44,0.47,0.455,0.03,451,461,0.53,0.56,0
btc-updown-15m-1761796800,1761796800,225,0.36,0.38,0.37,0.02,361.91,587,0.62,0.64,0
btc-updown-15m-1761796800,1761796800,240,0.3,0.33,0.315,0.03,509,435,0.67,0.7,13
btc-updown-15m-1761796800,1761796800,255,0.32,0.37,0.345,0.05,482.9,481,0.63,0.68,137
btc-updown-15m-1761796800,1761796800,270,0.23,0.27,0.25,0.04,526.5,449,0.73,0.77,0
btc-updown-15m-1761796800,1761796800,285,0.2,0.24,0.22,0.04,197.2,40,0.76,0.8,120
btc-updown-15m-1761796800,1761796800,300,0.2,0.24,0.22,0.04,481,55,0.76,0.8,72
btc-updown-15m-1761796800,1761796800,315,0.1,0.11,0.105,0.01,778,555.86,0.89,0.9,1243
btc-updown-15m-1761796800,1761796800,330,0.1,0.13,0.115,0.03,255.1,476.8,0.87,0.9,1
btc-updown-15m-1761796800,1761796800,345,0.1,0.14,0.12,0.04,35,79.1,0.86,0.9,225
btc-updown-15m-1761796800,1761796800,360,0.14,0.17,0.155,0.03,81.45,458.9,0.83,0.86,41
btc-updown-15m-1761796800,1761796800,375,0.1,0.13,0.115,0.03,55.45,149.56,0.87,0.9,133
btc-updown-15m-1761796800,1761796800,390,0.13,0.15,0.14,0.02,46,416.6,0.85,0.87,530
btc-updown-15m-1761796800,1761796800,405,0.18,0.21,0.195,0.03,76,437.9,0.79,0.82,16
btc-updown-15m-1761796800,1761796800,420,0.11,0.15,0.13,0.04,454.45,422.6,0.85,0.89,0
btc-updown-15m-1761796800,1761796800,435,0.05,0.09,0.07,0.04,340,60.19,0.91,0.95,3
btc-updown-15m-1761796800,1761796800,450,0.05,0.08,0.065,0.03,267,454.4,0.92,0.95,128
btc-updown-15m-1761796800,1761796800,465,0.04,0.06,0.05,0.02,557.69,437.7,0.94,0.96,287
btc-updown-15m-1761796800,1761796800,480,0.04,0.09,0.065,0.05,443.69,313.9,0.91,0.96,818
btc-updown-15m-1761796800,1761796800,495,0.03,0.05,0.04,0.02,1761.41,31,0.95,0.97,549
btc-updown-15m-1761796800,1761796800,510,0.03,0.06,0.045,0.03,1676.41,295.64,0.94,0.97,308
btc-updown-15m-1761796800,1761796800,525,0.01,0.08,0.045,0.07,1177.95,303.86,0.92,0.99,5
btc-updown-15m-1761796800,1761796800,540,0.01,0.05,0.03,0.04,1177.95,138,0.95,0.99,1349
btc-updown-15m-1761796800,1761796800,555,0.01,0.02,0.015,0.01,876.39,188.5,0.98,0.99,531
btc-updown-15m-1761796800,1761796800,570,0.01,0.06,0.035,0.05,892.34,58.5,0.94,0.99,78
btc-updown-15m-1761796800,1761796800,585,0.01,0.05,0.03,0.04,913.34,37,0.95,0.99,5
btc-updown-15m-1761796800,1761796800,600,0.03,0.07,0.05,0.04,1024.32,414,0.93,0.97,440
btc-updown-15m-1761796800,1761796800,615,0.01,0.07,0.04,0.06,291.19,37,0.93,0.99,9
btc-updown-15m-1761796800,1761796800,630,,0.01,,,0,268.65,0.99,,2035
btc-updown-15m-1761796800,1761796800,645,,0.05,,,0,70.87,0.95,,518
btc-updown-15m-1761796800,1761796800,660,,0.01,,,0,500.08,0.99,,371
btc-updown-15m-1761796800,1761796800,675,,0.01,,,0,220.08,0.99,,502
btc-updown-15m-1761796800,1761796800,690,,0.01,,,0,1469.85,0.99,,2769
btc-updown-15m-1761796800,1761796800,705,,0.01,,,0,1397.79,0.99,,505
btc-updown-15m-1761796800,1761796800,720,,0.01,,,0,613.02,0.99,,4285
btc-updown-15m-1761796800,1761796800,735,,0.01,,,0,433.22,0.99,,501
btc-updown-15m-1761796800,1761796800,750,,0.02,,,0,405.12,0.98,,4434
btc-updown-15m-1761796800,1761796800,765,,0.01,,,0,998.12,0.99,,6221
btc-updown-15m-1761796800,1761796800,780,,0.01,,,0,998.12,0.99,,1698
btc-updown-15m-1761796800,1761796800,795,,0.01,,,0,1108.12,0.99,,471
btc-updown-15m-1761796800,1761796800,810,,0.01,,,0,1608.12,0.99,,1225
btc-updown-15m-1761796800,1761796800,825,,0.01,,,0,2567.71,0.99,,477
btc-updown-15m-1761796800,1761796800,840,,0.01,,,0,2313.05,0.99,,957
btc-updown-15m-1761796800,1761796800,845,,0.01,,,0,2440.67,0.99,,476
btc-updown-15m-1761796800,1761796800,850,,0.01,,,0,2440.67,0.99,,4403
btc-updown-15m-1761796800,1761796800,855,,0.01,,,0,2458.02,0.99,,214
btc-updown-15m-1761796800,1761796800,860,,0.01,,,0,2458.02,0.99,,4405
btc-updown-15m-1761796800,1761796800,865,,0.01,,,0,2458.02,0.99,,484
btc-updown-15m-1761796800,1761796800,870,,0.01,,,0,2458.02,0.99,,4419
btc-updown-15m-1761796800,1761796800,875,,0.01,,,0,2463.02,0.99,,485
btc-updown-15m-1761796800,1761796800,880,,0.01,,,0,2657,0.99,,1360
btc-updown-15m-1761796800,1761796800,885,,0.01,,,0,2652,0.99,,1553
btc-updown-15m-1761796800,1761796800,890,,0.01,,,0,2652,0.99,,3515
btc-updown-15m-1761796800,1761796800,895,,0.01,,,0,2677,0.99,,405
btc-updown-15m-1761796800,1761796800,897,,0.01,,,0,2677,0.99,,1354
btc-updown-15m-1761796800,1761796800,899,,0.01,,,0,3065,0.99,,189
btc-updown-15m-1761796800,1761796800,900,,0.01,,,0,3060,0.99,,74
btc-updown-15m-1761801300,1761801300,0,0.4,0.5,0.45,0.1,238,324.83,0.5,0.6,904
btc-updown-15m-1761801300,1761801300,15,0.37,0.45,0.41,0.08,52.6,401.59,0.55,0.63,8
btc-updown-15m-1761801300,1761801300,30,0.38,0.4,0.39,0.02,468,151,0.6,0.62,35
btc-updown-15m-1761801300,1761801300,45,0.41,0.42,0.415,0.01,441,159,0.58,0.59,2
btc-updown-15m-1761801300,1761801300,60,0.34,0.37,0.355,0.03,467.8,155,0.63,0.66,20
btc-updown-15m-1761801300,1761801300,75,0.34,0.37,0.355,0.03,352,487,0.63,0.66,29
btc-updown-15m-1761801300,1761801300,90,0.36,0.38,0.37,0.02,472,294,0.62,0.64,113
btc-updown-15m-1761801300,1761801300,105,0.36,0.39,0.375,0.03,471,184,0.61,0.64,6
btc-updown-15m-1761801300,1761801300,120,0.33,0.36,0.345,0.03,89.03,602,0.64,0.67,44
btc-updown-15m-1761801300,1761801300,135,0.32,0.34,0.33,0.02,551,501,0.66,0.68,30
btc-updown-15m-1761801300,1761801300,150,0.3,0.33,0.315,0.03,471,556,0.67,0.7,4
btc-updown-15m-1761801300,1761801300,165,0.31,0.35,0.33,0.04,458,242,0.65,0.69,32
btc-updown-15m-1761801300,1761801300,180,0.35,0.4,0.375,0.05,3461.5,701.9,0.6,0.65,4
btc-updown-15m-1761801300,1761801300,195,0.35,0.39,0.37,0.04,3488.5,306,0.61,0.65,221
btc-updown-15m-1761801300,1761801300,210,0.37,0.39,0.38,0.02,424,665.5,0.61,0.63,201
btc-updown-15m-1761801300,1761801300,225,0.46,0.47,0.465,0.01,108,488,0.53,0.54,79
btc-updown-15m-1761801300,1761801300,240,0.47,0.52,0.495,0.05,519.7,555.1,0.48,0.53,1020
btc-updown-15m-1761801300,1761801300,255,0.41,0.44,0.425,0.03,4299.5,134,0.56,0.59,31
btc-updown-15m-1761801300,1761801300,270,0.4,0.44,0.42,0.04,3887.5,586.6,0.56,0.6,92
btc-updown-15m-1761801300,1761801300,285,0.4,0.42,0.41,0.02,2430.82,651.92,0.58,0.6,174
btc-updown-15m-1761801300,1761801300,300,0.4,0.41,0.405,0.01,1444.08,487.2,0.59,0.6,498
btc-updown-15m-1761801300,1761801300,315,0.41,0.43,0.42,0.02,800.81,451.6,0.57,0.59,4
btc-updown-15m-1761801300,1761801300,330,0.43,0.47,0.45,0.04,443,455.87,0.53,0.57,317
btc-updown-15m-1761801300,1761801300,345,0.49,0.5,0.495,0.01,571,345.49,0.5,0.51,90
btc-updown-15m-1761801300,1761801300,360,0.54,0.59,0.565,0.05,53,557.1,0.41,0.46,1
btc-updown-15m-1761801300,1761801300,375,0.52,0.54,0.53,0.02,41,432,0.46,0.48,1
btc-updown-15m-1761801300,1761801300,390,0.46,0.48,0.47,0.02,60,32,0.52,0.54,1
btc-updown-15m-1761801300,1761801300,405,0.45,0.51,0.48,0.06,572,55,0.49,0.55,65
btc-updown-15m-1761801300,1761801300,420,0.49,0.55,0.52,0.06,590.03,100.2,0.45,0.51,386
btc-updown-15m-1761801300,1761801300,435,0.71,0.74,0.725,0.03,269,478,0.26,0.29,51
btc-updown-15m-1761801300,1761801300,450,0.72,0.75,0.735,0.03,574.4,518.52,0.25,0.28,99
btc-updown-15m-1761801300,1761801300,465,0.75,0.77,0.76,0.02,159.8,65,0.23,0.25,0
btc-updown-15m-1761801300,1761801300,480,0.66,0.7,0.68,0.04,516.1,464,0.3,0.34,265
btc-updown-15m-1761801300,1761801300,495,0.61,0.63,0.62,0.02,76.3,470,0.37,0.39,208
btc-updown-15m-1761801300,1761801300,510,0.64,0.67,0.655,0.03,487.08,461,0.33,0.36,14
btc-updown-15m-1761801300,1761801300,525,0.6,0.61,0.605,0.01,45.2,137.76,0.39,0.4,72
btc-updown-15m-1761801300,1761801300,540,0.6,0.63,0.615,0.03,434,451,0.37,0.4,243
btc-updown-15m-1761801300,1761801300,555,0.58,0.62,0.6,0.04,445,470,0.38,0.42,40
btc-updown-15m-1761801300,1761801300,570,0.43,0.48,0.455,0.05,434.2,60,0.52,0.57,281
btc-updown-15m-1761801300,1761801300,585,0.48,0.49,0.485,0.01,433,25,0.51,0.52,27
btc-updown-15m-1761801300,1761801300,600,0.49,0.53,0.51,0.04,415,624,0.47,0.51,65
btc-updown-15m-1761801300,1761801300,615,0.48,0.52,0.5,0.04,456.8,524,0.48,0.52,24
btc-updown-15m-1761801300,1761801300,630,0.43,0.46,0.445,0.03,553.35,231,0.54,0.57,32
btc-updown-15m-1761801300,1761801300,645,0.35,0.36,0.355,0.01,487.17,448,0.64,0.65,18
btc-updown-15m-1761801300,1761801300,660,0.34,0.39,0.365,0.05,499,616.9,0.61,0.66,66
btc-updown-15m-1761801300,1761801300,675,0.48,0.52,0.5,0.04,436,80,0.48,0.52,3
btc-updown-15m-1761801300,1761801300,690,0.53,0.57,0.55,0.04,419,546.1,0.43,0.47,1
btc-updown-15m-1761801300,1761801300,705,0.52,0.57,0.545,0.05,457,569,0.43,0.48,0
btc-updown-15m-1761801300,1761801300,720,0.55,0.58,0.565,0.03,417,80,0.42,0.45,1
btc-updown-15m-1761801300,1761801300,735,0.6,0.64,0.62,0.04,33,518,0.36,0.4,39
btc-updown-15m-1761801300,1761801300,750,0.48,0.51,0.495,0.03,491,40,0.49,0.52,49
btc-updown-15m-1761801300,1761801300,765,0.53,0.57,0.55,0.04,486.7,49,0.43,0.47,0
btc-updown-15m-1761801300,1761801300,780,0.64,0.68,0.66,0.04,421,525,0.32,0.36,114
btc-updown-15m-1761801300,1761801300,795,0.63,0.7,0.665,0.07,68,440,0.3,0.37,273
btc-updown-15m-1761801300,1761801300,810,0.69,0.7,0.695,0.01,25,37,0.3,0.31,24
btc-updown-15m-1761801300,1761801300,825,0.81,0.87,0.84,0.06,40,149.97,0.13,0.19,20
btc-updown-15m-1761801300,1761801300,840,0.97,0.98,0.975,0.01,439.3,1494.85,0.02,0.03,14
btc-updown-15m-1761801300,1761801300,845,0.98,0.99,0.985,0.01,906.73,1127.82,0.01,0.02,0
btc-updown-15m-1761801300,1761801300,850,0.98,0.99,0.985,0.01,797.48,669.05,0.01,0.02,1
btc-updown-15m-1761801300,1761801300,855,0.98,0.99,0.985,0.01,807.48,412.86,0.01,0.02,830
btc-updown-15m-1761801300,1761801300,860,0.98,0.99,0.985,0.01,215.53,147.24,0.01,0.02,146
btc-updown-15m-1761801300,1761801300,865,0.98,0.99,0.985,0.01,428,107.66,0.01,0.02,7
btc-updown-15m-1761801300,1761801300,870,0.98,0.99,0.985,0.01,43,148.73,0.01,0.02,17
btc-updown-15m-1761801300,1761801300,875,0.95,0.99,0.97,0.04,725.06,133.73,0.01,0.05,477
btc-updown-15m-1761801300,1761801300,880,0.99,,,,2522.54,0,,0.01,444
btc-updown-15m-1761801300,1761801300,885,0.99,,,,2497.39,0,,0.01,747
btc-updown-15m-1761801300,1761801300,890,0.99,,,,2089.39,0,,0.01,302
btc-updown-15m-1761801300,1761801300,895,0.99,,,,2346.39,0,,0.01,45
btc-updown-15m-1761801300,1761801300,897,0.99,,,,2363.78,0,,0.01,107
btc-updown-15m-1761801300,1761801300,899,0.99,,,,2725.78,0,,0.01,15
btc-updown-15m-1761801300,1761801300,900,0.99,,,,2725.78,0,,0.01,1015
btc-updown-15m-1761805800,1761805800,0,0.47,0.49,0.48,0.02,235.49,439.26,0.51,0.53,1692
btc-updown-15m-1761805800,1761805800,15,0.56,0.6,0.58,0.04,92.98,51,0.4,0.44,0
btc-updown-15m-1761805800,1761805800,30,0.55,0.6,0.575,0.05,233.2,63,0.4,0.45,82
btc-updown-15m-1761805800,1761805800,45,0.59,0.62,0.605,0.03,110,121,0.38,0.41,0
btc-updown-15m-1761805800,1761805800,60,0.63,0.68,0.655,0.05,574.3,50,0.32,0.37,34
btc-updown-15m-1761805800,1761805800,75,0.79,0.83,0.81,0.04,258.8,152,0.17,0.21,0
btc-updown-15m-1761805800,1761805800,90,0.74,0.75,0.745,0.01,177.5,228,0.25,0.26,94
btc-updown-15m-1761805800,1761805800,105,0.64,0.67,0.655,0.03,270.8,92,0.33,0.36,50
btc-updown-15m-1761805800,1761805800,120,0.65,0.68,0.665,0.03,651.33,595,0.32,0.35,18
btc-updown-15m-1761805800,1761805800,135,0.69,0.71,0.7,0.02,154,47,0.29,0.31,2
btc-updown-15m-1761805800,1761805800,150,0.73,0.75,0.74,0.02,430,184,0.25,0.27,18
btc-updown-15m-1761805800,1761805800,165,0.74,0.78,0.76,0.04,469,522,0.22,0.26,51
btc-updown-15m-1761805800,1761805800,180,0.71,0.74,0.725,0.03,538.09,61,0.26,0.29,13
btc-updown-15m-1761805800,1761805800,195,0.67,0.71,0.69,0.04,250.4,72,0.29,0.33,21
btc-updown-15m-1761805800,1761805800,210,0.7,0.73,0.715,0.03,447,460,0.27,0.3,265
btc-updown-15m-1761805800,1761805800,225,0.73,0.77,0.75,0.04,511,475,0.23,0.27,38
btc-updown-15m-1761805800,1761805800,240,0.68,0.73,0.705,0.05,634.01,495.22,0.27,0.32,12
btc-updown-15m-1761805800,1761805800,255,0.63,0.67,0.65,0.04,622.43,481,0.33,0.37,1409
btc-updown-15m-1761805800,1761805800,270,0.65,0.69,0.67,0.04,642.43,456.61,0.31,0.35,103
btc-updown-15m-1761805800,1761805800,285,0.67,0.71,0.69,0.04,541,67,0.29,0.33,395
btc-updown-15m-1761805800,1761805800,300,0.71,0.74,0.725,0.03,91,344,0.26,0.29,46
btc-updown-15m-1761805800,1761805800,315,0.75,0.78,0.765,0.03,141,1572,0.22,0.25,271
btc-updown-15m-1761805800,1761805800,330,0.76,0.79,0.775,0.03,571.46,1497.35,0.21,0.24,3
btc-updown-15m-1761805800,1761805800,345,0.76,0.79,0.775,0.03,88.06,1048.74,0.21,0.24,79
btc-updown-15m-1761805800,1761805800,360,0.73,0.77,0.75,0.04,88,125.2,0.23,0.27,8
btc-updown-15m-1761805800,1761805800,375,0.71,0.75,0.73,0.04,135.2,76,0.25,0.29,29
btc-updown-15m-1761805800,1761805800,390,0.79,0.81,0.8,0.02,552.23,63,0.19,0.21,11
btc-updown-15m-1761805800,1761805800,405,0.8,0.84,0.82,0.04,583,489.78,0.16,0.2,161
btc-updown-15m-1761805800,1761805800,420,0.8,0.82,0.81,0.02,577,498.61,0.18,0.2,54
btc-updown-15m-1761805800,1761805800,435,0.73,0.76,0.745,0.03,439,486,0.24,0.27,120
btc-updown-15m-1761805800,1761805800,450,0.78,0.8,0.79,0.02,465,504,0.2,0.22,17
btc-updown-15m-1761805800,1761805800,465,0.75,0.79,0.77,0.04,1460,618.7,0.21,0.25,1430
btc-updown-15m-1761805800,1761805800,480,0.7,0.74,0.72,0.04,177.09,839.29,0.26,0.3,39
btc-updown-15m-1761805800,1761805800,495,0.7,0.74,0.72,0.04,291,425,0.26,0.3,472
btc-updown-15m-1761805800,1761805800,510,0.67,0.7,0.685,0.03,46,325,0.3,0.33,2538
btc-updown-15m-1761805800,1761805800,525,0.72,0.75,0.735,0.03,186,456,0.25,0.28,11
btc-updown-15m-1761805800,1761805800,540,0.67,0.71,0.69,0.04,549,600,0.29,0.33,81
btc-updown-15m-1761805800,1761805800,555,0.75,0.78,0.765,0.03,290,83,0.22,0.25,18
btc-updown-15m-1761805800,1761805800,570,0.74,0.8,0.77,0.06,739,1048.6,0.2,0.26,19
btc-updown-15m-1761805800,1761805800,585,0.74,0.78,0.76,0.04,455,1065.8,0.22,0.26,9
btc-updown-15m-1761805800,1761805800,600,0.71,0.76,0.735,0.05,488,795.2,0.24,0.29,9
btc-updown-15m-1761805800,1761805800,615,0.74,0.77,0.755,0.03,77,830.92,0.23,0.26,96
btc-updown-15m-1761805800,1761805800,630,0.74,0.76,0.75,0.02,66,725.36,0.24,0.26,110
btc-updown-15m-1761805800,1761805800,645,0.85,0.88,0.865,0.03,72,1222,0.12,0.15,1
btc-updown-15m-1761805800,1761805800,660,0.85,0.88,0.865,0.03,486,460,0.12,0.15,1
btc-updown-15m-1761805800,1761805800,675,0.87,0.92,0.895,0.05,976,69.28,0.08,0.13,37
btc-updown-15m-1761805800,1761805800,690,0.94,0.96,0.95,0.02,544.17,435,0.04,0.06,440
btc-updown-15m-1761805800,1761805800,705,0.98,0.99,0.985,0.01,1021.12,756.09,0.01,0.02,64
btc-updown-15m-1761805800,1761805800,720,0.99,,,,755.08,0,,0.01,266
btc-updown-15m-1761805800,1761805800,735,0.99,,,,632.02,0,,0.01,70
btc-updown-15m-1761805800,1761805800,750,0.99,,,,2651.47,0,,0.01,752
btc-updown-15m-1761805800,1761805800,765,0.99,,,,2628.59,0,,0.01,2601
btc-updown-15m-1761805800,1761805800,780,0.99,,,,2333.37,0,,0.01,783
btc-updown-15m-1761805800,1761805800,795,0.99,,,,1917.4,0,,0.01,2752
btc-updown-15m-1761805800,1761805800,810,0.99,,,,2037.4,0,,0.01,263
btc-updown-15m-1761805800,1761805800,825,0.99,,,,2064.4,0,,0.01,796
btc-updown-15m-1761805800,1761805800,840,0.99,,,,3011.71,0,,0.01,802
btc-updown-15m-1761805800,1761805800,845,0.99,,,,3174.19,0,,0.01,2186
btc-updown-15m-1761805800,1761805800,850,0.99,,,,3174.19,0,,0.01,2773
btc-updown-15m-1761805800,1761805800,855,0.99,,,,3184.19,0,,0.01,4187
btc-updown-15m-1761805800,1761805800,860,0.99,,,,3184.19,0,,0.01,3856
btc-updown-15m-1761805800,1761805800,865,0.99,,,,3184.19,0,,0.01,2053
btc-updown-15m-1761805800,1761805800,870,0.99,,,,3187.26,0,,0.01,886
btc-updown-15m-1761805800,1761805800,875,0.99,,,,3192.26,0,,0.01,3270
btc-updown-15m-1761805800,1761805800,880,0.99,,,,3192.26,0,,0.01,2785
btc-updown-15m-1761805800,1761805800,885,0.99,,,,3212.26,0,,0.01,1314
btc-updown-15m-1761805800,1761805800,890,0.99,,,,3212.26,0,,0.01,50
btc-updown-15m-1761805800,1761805800,895,0.99,,,,3394.74,0,,0.01,290
btc-updown-15m-1761805800,1761805800,897,0.99,,,,3394.74,0,,0.01,849
btc-updown-15m-1761805800,1761805800,899,0.99,,,,4012.74,0,,0.01,420
btc-updown-15m-1761805800,1761805800,900,0.99,,,,4050.74,0,,0.01,48
btc-updown-15m-1761813000,1761813000,0,,,,,0,0,,,
btc-updown-15m-1761813000,1761813000,15,,,,,0,0,,,
btc-updown-15m-1761813000,1761813000,30,,,,,0,0,,,
btc-updown-15m-1761813000,1761813000,45,,,,,0,0,,,
btc-updown-15m-1761813000,1761813000,60,,,,,0,0,,,
btc-updown-15m-1761813000,1761813000,75,,,,,0,0,,,
btc-updown-15m-1761813000,1761813000,90,,,,,0,0,,,
btc-updown-15m-1761813000,1761813000,105,,,,,0,0,,,
btc-updown-15m-1761813000,1761813000,120,,,,,0,0,,,
btc-updown-15m-1761813000,1761813000,135,,,,,0,0,,,
btc-updown-15m-1761813000,1761813000,150,,,,,0,0,,,
btc-updown-15m-1761813000,1761813000,165,,,,,0,0,,,
btc-updown-15m-1761813000,1761813000,180,,,,,0,0,,,
btc-updown-15m-1761813000,1761813000,195,,,,,0,0,,,
btc-updown-15m-1761813000,1761813000,210,,,,,0,0,,,
btc-updown-15m-1761813000,1761813000,225,,,,,0,0,,,
btc-updown-15m-1761813000,1761813000,240,,,,,0,0,,,
btc-updown-15m-1761813000,1761813000,255,,,,,0,0,,,
btc-updown-15m-1761813000,1761813000,270,,,,,0,0,,,
btc-updown-15m-1761813000,1761813000,285,,,,,0,0,,,
btc-updown-15m-1761813000,1761813000,300,,,,,0,0,,,
btc-updown-15m-1761813000,1761813000,315,,,,,0,0,,,
btc-updown-15m-1761813000,1761813000,330,,,,,0,0,,,
btc-updown-15m-1761813000,1761813000,345,,,,,0,0,,,
btc-updown-15m-1761813000,1761813000,360,,,,,0,0,,,
btc-updown-15m-1761813000,1761813000,375,,,,,0,0,,,
btc-updown-15m-1761813000,1761813000,390,,,,,0,0,,,
btc-updown-15m-1761813000,1761813000,405,,,,,0,0,,,
btc-updown-15m-1761813000,1761813000,420,,,,,0,0,,,
btc-updown-15m-1761813000,1761813000,435,,,,,0,0,,,
btc-updown-15m-1761813000,1761813000,450,,,,,0,0,,,
btc-updown-15m-1761813000,1761813000,465,,,,,0,0,,,
btc-updown-15m-1761813000,1761813000,480,,,,,0,0,,,
btc-updown-15m-1761813000,1761813000,495,,,,,0,0,,,
btc-updown-15m-1761813000,1761813000,510,,,,,0,0,,,
btc-updown-15m-1761813000,1761813000,525,,,,,0,0,,,
btc-updown-15m-1761813000,1761813000,540,,,,,0,0,,,
btc-updown-15m-1761813000,1761813000,555,,,,,0,0,,,
btc-updown-15m-1761813000,1761813000,570,0.95,0.96,0.955,0.01,363,1431.91,0.04,0.05,18
btc-updown-15m-1761813000,1761813000,585,0.96,0.97,0.965,0.01,1374.2,2856.71,0.03,0.04,290
btc-updown-15m-1761813000,1761813000,600,0.96,0.97,0.965,0.01,1703.86,2725.69,0.03,0.04,203
btc-updown-15m-1761813000,1761813000,615,0.92,0.95,0.935,0.03,877.6,1349.44,0.05,0.08,64
btc-updown-15m-1761813000,1761813000,630,0.93,0.95,0.94,0.02,561.07,962.32,0.05,0.07,174
btc-updown-15m-1761813000,1761813000,645,0.93,0.96,0.945,0.03,789.68,1246.25,0.04,0.07,59
btc-updown-15m-1761813000,1761813000,660,0.94,0.96,0.95,0.02,770.26,988.94,0.04,0.06,584
btc-updown-15m-1761813000,1761813000,675,0.94,0.98,0.96,0.04,866.7,2963.11,0.02,0.06,251
btc-updown-15m-1761813000,1761813000,690,0.95,0.96,0.955,0.01,622,1353.86,0.04,0.05,34
btc-updown-15m-1761813000,1761813000,705,0.95,0.96,0.955,0.01,502,1993.77,0.04,0.05,679
btc-updown-15m-1761813000,1761813000,720,0.94,0.96,0.95,0.02,241,1085.87,0.04,0.06,292
btc-updown-15m-1761813000,1761813000,735,0.97,0.98,0.975,0.01,171.99,3258.11,0.02,0.03,202
btc-updown-15m-1761813000,1761813000,750,0.96,0.98,0.97,0.02,839.49,1887.58,0.02,0.04,1055
btc-updown-15m-1761813000,1761813000,765,0.98,0.99,0.985,0.01,530,1321.94,0.01,0.02,808
btc-updown-15m-1761813000,1761813000,780,0.99,,,,1144.95,0,,0.01,391
btc-updown-15m-1761813000,1761813000,795,0.99,,,,3051.37,0,,0.01,16
btc-updown-15m-1761813000,1761813000,810,0.99,,,,3051.37,0,,0.01,2114
btc-updown-15m-1761813000,1761813000,825,0.99,,,,3441.48,0,,0.01,14
btc-updown-15m-1761813000,1761813000,840,0.99,,,,3441.48,0,,0.01,417
btc-updown-15m-1761813000,1761813000,845,0.99,,,,3541.48,0,,0.01,802
btc-updown-15m-1761813000,1761813000,850,0.99,,,,3541.48,0,,0.01,517
btc-updown-15m-1761813000,1761813000,855,0.99,,,,3591.48,0,,0.01,145
btc-updown-15m-1761813000,1761813000,860,0.99,,,,3607.48,0,,0.01,1148
btc-updown-15m-1761813000,1761813000,865,0.99,,,,3638.83,0,,0.01,287
btc-updown-15m-1761813000,1761813000,870,0.99,,,,3654.83,0,,0.01,114
btc-updown-15m-1761813000,1761813000,875,0.99,,,,3691.83,0,,0.01,263
btc-updown-15m-1761813000,1761813000,880,0.99,,,,3691.83,0,,0.01,207
btc-updown-15m-1761813000,1761813000,885,0.99,,,,3291.83,0,,0.01,428
btc-updown-15m-1761813000,1761813000,890,0.99,,,,3243.83,0,,0.01,428
btc-updown-15m-1761813000,1761813000,895,0.99,,,,3316.83,0,,0.01,2553
btc-updown-15m-1761813000,1761813000,897,0.99,,,,3316.83,0,,0.01,190
btc-updown-15m-1761813000,1761813000,899,0.99,,,,3680.83,0,,0.01,197
btc-updown-15m-1761813000,1761813000,900,0.99,,,,3680.83,0,,0.01,1197
btc-updown-15m-1761817500,1761817500,0,0.55,0.8,0.675,0.25,729.94,235,0.2,0.45,2103
btc-updown-15m-1761817500,1761817500,15,0.51,0.54,0.525,0.03,989.68,141.2,0.46,0.49,32
btc-updown-15m-1761817500,1761817500,30,0.56,0.58,0.57,0.02,494,546.02,0.42,0.44,52
btc-updown-15m-1761817500,1761817500,45,0.58,0.61,0.595,0.03,56,602.4,0.39,0.42,2
btc-updown-15m-1761817500,1761817500,60,0.65,0.66,0.655,0.01,68,968.3,0.34,0.35,27
btc-updown-15m-1761817500,1761817500,75,0.63,0.66,0.645,0.03,639,635.9,0.34,0.37,26
btc-updown-15m-1761817500,1761817500,90,0.59,0.62,0.605,0.03,747.47,826.3,0.38,0.41,1
btc-updown-15m-1761817500,1761817500,105,0.61,0.64,0.625,0.03,1004.28,1015,0.36,0.39,13
btc-updown-15m-1761817500,1761817500,120,0.6,0.62,0.61,0.02,781.5,1148.4,0.38,0.4,1342
btc-updown-15m-1761817500,1761817500,135,0.6,0.62,0.61,0.02,308.5,285.95,0.38,0.4,2
btc-updown-15m-1761817500,1761817500,150,0.55,0.59,0.57,0.04,1340,1006,0.41,0.45,2
btc-updown-15m-1761817500,1761817500,165,0.57,0.6,0.585,0.03,989,1046.7,0.4,0.43,68
btc-updown-15m-1761817500,1761817500,180,0.66,0.69,0.675,0.03,650,512.11,0.31,0.34,1
btc-updown-15m-1761817500,1761817500,195,0.62,0.65,0.635,0.03,1034,326,0.35,0.38,142
btc-updown-15m-1761817500,1761817500,210,0.67,0.7,0.685,0.03,441.26,1031.16,0.3,0.33,0
btc-updown-15m-1761817500,1761817500,225,0.61,0.64,0.625,0.03,652.32,1046.7,0.36,0.39,180
btc-updown-15m-1761817500,1761817500,240,0.56,0.59,0.575,0.03,1023,580,0.41,0.44,2754
btc-updown-15m-1761817500,1761817500,255,0.63,0.66,0.645,0.03,738.93,836,0.34,0.37,37
btc-updown-15m-1761817500,1761817500,270,0.66,0.68,0.67,0.02,1268,559.16,0.32,0.34,2
btc-updown-15m-1761817500,1761817500,285,0.58,0.61,0.595,0.03,950,467,0.39,0.42,6
btc-updown-15m-1761817500,1761817500,300,0.55,0.58,0.565,0.03,1344,704,0.42,0.45,1520
btc-updown-15m-1761817500,1761817500,315,0.57,0.59,0.58,0.02,333,947,0.41,0.43,11
btc-updown-15m-1761817500,1761817500,330,0.6,0.63,0.615,0.03,576,782.5,0.37,0.4,16
btc-updown-15m-1761817500,1761817500,345,0.64,0.68,0.66,0.04,1067.81,662.36,0.32,0.36,114
btc-updown-15m-1761817500,1761817500,360,0.73,0.76,0.745,0.03,89.22,78.7,0.24,0.27,17
btc-updown-15m-1761817500,1761817500,375,0.69,0.71,0.7,0.02,305,917,0.29,0.31,13
btc-updown-15m-1761817500,1761817500,390,0.65,0.69,0.67,0.04,1465.23,1175.51,0.31,0.35,61
btc-updown-15m-1761817500,1761817500,405,0.67,0.69,0.68,0.02,470.23,616.55,0.31,0.33,282
btc-updown-15m-1761817500,1761817500,420,0.65,0.69,0.67,0.04,1514.23,1004.3,0.31,0.35,213
btc-updown-15m-1761817500,1761817500,435,0.7,0.73,0.715,0.03,366,532,0.27,0.3,2
btc-updown-15m-1761817500,1761817500,450,0.74,0.78,0.76,0.04,76,66.5,0.22,0.26,20
btc-updown-15m-1761817500,1761817500,465,0.65,0.66,0.655,0.01,439.76,1172,0.34,0.35,153
btc-updown-15m-1761817500,1761817500,480,0.65,0.66,0.655,0.01,409.76,1037.76,0.34,0.35,345
btc-updown-15m-1761817500,1761817500,495,0.67,0.7,0.685,0.03,395,842.8,0.3,0.33,118
btc-updown-15m-1761817500,1761817500,510,0.65,0.68,0.665,0.03,1056,1101.42,0.32,0.35,138
btc-updown-15m-1761817500,1761817500,525,0.67,0.7,0.685,0.03,69,898.9,0.3,0.33,9
btc-updown-15m-1761817500,1761817500,540,0.71,0.74,0.725,0.03,861.04,794,0.26,0.29,309
btc-updown-15m-1761817500,1761817500,555,0.73,0.76,0.745,0.03,634.22,505.9,0.24,0.27,138
btc-updown-15m-1761817500,1761817500,570,0.71,0.73,0.72,0.02,709,300.21,0.27,0.29,277
btc-updown-15m-1761817500,1761817500,585,0.71,0.73,0.72,0.02,666.14,738.2,0.27,0.29,57
btc-updown-15m-1761817500,1761817500,600,0.78,0.81,0.795,0.03,795.29,326.5,0.19,0.22,2
btc-updown-15m-1761817500,1761817500,615,0.8,0.82,0.81,0.02,72,1264.6,0.18,0.2,174
btc-updown-15m-1761817500,1761817500,630,0.91,0.93,0.92,0.02,496,843.1,0.07,0.09,70
btc-updown-15m-1761817500,1761817500,645,0.93,0.95,0.94,0.02,454,1629.94,0.05,0.07,13
btc-updown-15m-1761817500,1761817500,660,0.94,0.96,0.95,0.02,471.54,2076.7,0.04,0.06,605
btc-updown-15m-1761817500,1761817500,675,0.94,0.97,0.955,0.03,161.29,3458.04,0.03,0.06,127
btc-updown-15m-1761817500,1761817500,690,0.96,0.97,0.965,0.01,723.1,4133.8,0.03,0.04,1
btc-updown-15m-1761817500,1761817500,705,0.96,0.98,0.97,0.02,752.53,3934.69,0.02,0.04,326
btc-updown-15m-1761817500,1761817500,720,0.97,0.98,0.975,0.01,948.2,2492.77,0.02,0.03,71
btc-updown-15m-1761817500,1761817500,735,0.97,0.98,0.975,0.01,906.82,2373.84,0.02,0.03,675
btc-updown-15m-1761817500,1761817500,750,0.96,0.98,0.97,0.02,552.2,2513.04,0.02,0.04,411
btc-updown-15m-1761817500,1761817500,765,0.95,0.96,0.955,0.01,268.56,1789.1,0.04,0.05,1187
btc-updown-15m-1761817500,1761817500,780,0.92,0.96,0.94,0.04,1008.09,2644.83,0.04,0.08,927
btc-updown-15m-1761817500,1761817500,795,0.84,0.89,0.865,0.05,434,524,0.11,0.16,7
btc-updown-15m-1761817500,1761817500,810,0.75,0.83,0.79,0.08,37,928,0.17,0.25,29
btc-updown-15m-1761817500,1761817500,825,0.5,0.56,0.53,0.06,408.29,280,0.44,0.5,5
btc-updown-15m-1761817500,1761817500,840,0.61,0.69,0.65,0.08,86,449,0.31,0.39,26
btc-updown-15m-1761817500,1761817500,845,0.5,0.57,0.535,0.07,806.29,43,0.43,0.5,9
btc-updown-15m-1761817500,1761817500,850,0.38,0.45,0.415,0.07,73.11,916,0.55,0.62,4
btc-updown-15m-1761817500,1761817500,855,0.29,0.35,0.32,0.06,915,44,0.65,0.71,5
btc-updown-15m-1761817500,1761817500,860,0.2,0.22,0.21,0.02,542,65,0.78,0.8,20
btc-updown-15m-1761817500,1761817500,865,0.2,0.29,0.245,0.09,49.79,660,0.71,0.8,305
btc-updown-15m-1761817500,1761817500,870,0.17,0.22,0.195,0.05,593.81,220,0.78,0.83,32
btc-updown-15m-1761817500,1761817500,875,0.17,0.21,0.19,0.04,892.97,248,0.79,0.83,7
btc-updown-15m-1761817500,1761817500,880,0.11,0.19,0.15,0.08,448,73,0.81,0.89,24
btc-updown-15m-1761817500,1761817500,885,0.09,0.1,0.095,0.01,88,943.88,0.9,0.91,20
btc-updown-15m-1761817500,1761817500,890,0.04,0.07,0.055,0.03,254.74,734,0.93,0.96,52
btc-updown-15m-1761817500,1761817500,895,,0.01,,,0,1883.56,0.99,,42
btc-updown-15m-1761817500,1761817500,897,,0.01,,,0,1200.56,0.99,,102
btc-updown-15m-1761817500,1761817500,899,,0.01,,,0,1280.56,0.99,,113
btc-updown-15m-1761817500,1761817500,900,,0.01,,,0,1356.56,0.99,,381
btc-updown-15m-1761821100,1761821100,0,0.55,0.6,0.575,0.05,219.37,410,0.4,0.45,1772
btc-updown-15m-1761821100,1761821100,15,0.65,0.68,0.665,0.03,109.6,53.8,0.32,0.35,13
btc-updown-15m-1761821100,1761821100,30,0.62,0.66,0.64,0.04,552,658.2,0.34,0.38,11
btc-updown-15m-1761821100,1761821100,45,0.5,0.52,0.51,0.02,1426.86,60,0.48,0.5,236
btc-updown-15m-1761821100,1761821100,60,0.51,0.52,0.515,0.01,384.86,36.76,0.48,0.49,23
btc-updown-15m-1761821100,1761821100,75,0.55,0.58,0.565,0.03,507.34,556.3,0.42,0.45,2
btc-updown-15m-1761821100,1761821100,90,0.57,0.61,0.59,0.04,70.38,684.58,0.39,0.43,61
btc-updown-15m-1761821100,1761821100,105,0.55,0.58,0.565,0.03,705.11,616,0.42,0.45,14
btc-updown-15m-1761821100,1761821100,120,0.67,0.69,0.68,0.02,319,280.9,0.31,0.33,1
btc-updown-15m-1761821100,1761821100,135,0.7,0.73,0.715,0.03,710,229,0.27,0.3,69
btc-updown-15m-1761821100,1761821100,150,0.69,0.71,0.7,0.02,554,281.63,0.29,0.31,134
btc-updown-15m-1761821100,1761821100,165,0.7,0.72,0.71,0.02,449,730.63,0.28,0.3,19
btc-updown-15m-1761821100,1761821100,180,0.7,0.72,0.71,0.02,843,344.63,0.28,0.3,146
btc-updown-15m-1761821100,1761821100,195,0.77,0.79,0.78,0.02,217,368.96,0.21,0.23,165
btc-updown-15m-1761821100,1761821100,210,0.78,0.8,0.79,0.02,94.45,630.75,0.2,0.22,526
btc-updown-15m-1761821100,1761821100,225,0.82,0.84,0.83,0.02,716,732,0.16,0.18,141
btc-updown-15m-1761821100,1761821100,240,0.82,0.85,0.835,0.03,1234.24,560,0.15,0.18,2
btc-updown-15m-1761821100,1761821100,255,0.84,0.88,0.86,0.04,974,1124,0.12,0.16,430
btc-updown-15m-1761821100,1761821100,270,0.84,0.87,0.855,0.03,708.96,1191.31,0.13,0.16,120
btc-updown-15m-1761821100,1761821100,285,0.83,0.86,0.845,0.03,686.27,976.03,0.14,0.17,88
btc-updown-15m-1761821100,1761821100,300,0.83,0.86,0.845,0.03,630.85,1056,0.14,0.17,14
btc-updown-15m-1761821100,1761821100,315,0.85,0.88,0.865,0.03,1118.85,1071,0.12,0.15,694
btc-updown-15m-1761821100,1761821100,330,0.86,0.89,0.875,0.03,598.53,1032,0.11,0.14,136
btc-updown-15m-1761821100,1761821100,345,0.88,0.9,0.89,0.02,545,427.33,0.1,0.12,59
btc-updown-15m-1761821100,1761821100,360,0.89,0.9,0.895,0.01,534,144.22,0.1,0.11,1452
btc-updown-15m-1761821100,1761821100,375,0.9,0.93,0.915,0.03,546,1189.66,0.07,0.1,104
btc-updown-15m-1761821100,1761821100,390,0.91,0.93,0.92,0.02,663,1109.5,0.07,0.09,20
btc-updown-15m-1761821100,1761821100,405,0.91,0.93,0.92,0.02,430,1107.24,0.07,0.09,6
btc-updown-15m-1761821100,1761821100,420,0.92,0.95,0.935,0.03,1001.4,1845.99,0.05,0.08,0
btc-updown-15m-1761821100,1761821100,435,0.92,0.95,0.935,0.03,808,506.88,0.05,0.08,8
btc-updown-15m-1761821100,1761821100,450,0.95,0.96,0.955,0.01,1761.67,1354.99,0.04,0.05,700
btc-updown-15m-1761821100,1761821100,465,0.95,0.96,0.955,0.01,1757.52,839.79,0.04,0.05,937
btc-updown-15m-1761821100,1761821100,480,0.95,0.97,0.96,0.02,1858.38,2024.81,0.03,0.05,952
btc-updown-15m-1761821100,1761821100,495,0.95,0.97,0.96,0.02,1644.57,2123.04,0.03,0.05,166
btc-updown-15m-1761821100,1761821100,510,0.95,0.97,0.96,0.02,1886.57,2680.01,0.03,0.05,27
btc-updown-15m-1761821100,1761821100,525,0.95,0.97,0.96,0.02,1894.49,2684.35,0.03,0.05,938
btc-updown-15m-1761821100,1761821100,540,0.95,0.97,0.96,0.02,1897.55,2432.19,0.03,0.05,20
btc-updown-15m-1761821100,1761821100,555,0.95,0.97,0.96,0.02,1418.45,2301.51,0.03,0.05,760
btc-updown-15m-1761821100,1761821100,570,0.95,0.97,0.96,0.02,819.45,2528.21,0.03,0.05,203
btc-updown-15m-1761821100,1761821100,585,0.95,0.97,0.96,0.02,502.85,3360.39,0.03,0.05,36
btc-updown-15m-1761821100,1761821100,600,0.95,0.97,0.96,0.02,522.85,3240.86,0.03,0.05,1433
btc-updown-15m-1761821100,1761821100,615,0.96,0.97,0.965,0.01,527.85,2904.88,0.03,0.04,279
btc-updown-15m-1761821100,1761821100,630,0.96,0.97,0.965,0.01,292.85,2898.9,0.03,0.04,1352
btc-updown-15m-1761821100,1761821100,645,0.95,0.96,0.955,0.01,698.9,1947.88,0.04,0.05,257
btc-updown-15m-1761821100,1761821100,660,0.92,0.96,0.94,0.04,1257.98,2266.8,0.04,0.08,1177
btc-updown-15m-1761821100,1761821100,675,0.96,0.97,0.965,0.01,941.67,3185.59,0.03,0.04,451
btc-updown-15m-1761821100,1761821100,690,0.93,0.97,0.95,0.04,955.3,3197.1,0.03,0.07,1419
btc-updown-15m-1761821100,1761821100,705,0.95,0.97,0.96,0.02,479,2468.67,0.03,0.05,240
btc-updown-15m-1761821100,1761821100,720,0.96,0.98,0.97,0.02,304,2565.5,0.02,0.04,58
btc-updown-15m-1761821100,1761821100,735,0.97,0.98,0.975,0.01,317,2178.95,0.02,0.03,14
btc-updown-15m-1761821100,1761821100,750,0.98,0.99,0.985,0.01,260,389.89,0.01,0.02,899
btc-updown-15m-1761821100,1761821100,765,0.98,,,,387.5,0,,0.02,2060
btc-updown-15m-1761821100,1761821100,780,0.99,,,,5245.37,0,,0.01,177
btc-updown-15m-1761821100,1761821100,795,0.99,,,,8490.44,0,,0.01,478
btc-updown-15m-1761821100,1761821100,810,0.99,,,,8560.44,0,,0.01,627
btc-updown-15m-1761821100,1761821100,825,0.99,,,,9960.44,0,,0.01,1023
btc-updown-15m-1761821100,1761821100,840,0.99,,,,7087.55,0,,0.01,1471
btc-updown-15m-1761821100,1761821100,845,0.99,,,,6887.55,0,,0.01,364
btc-updown-15m-1761821100,1761821100,850,0.99,,,,6887.55,0,,0.01,359
btc-updown-15m-1761821100,1761821100,855,0.99,,,,6892.55,0,,0.01,2702
btc-updown-15m-1761821100,1761821100,860,0.99,,,,6924.55,0,,0.01,1489
btc-updown-15m-1761821100,1761821100,865,0.99,,,,6904.55,0,,0.01,3080
btc-updown-15m-1761821100,1761821100,870,0.99,,,,6924.55,0,,0.01,1467
btc-updown-15m-1761821100,1761821100,875,0.99,,,,6929.55,0,,0.01,147
btc-updown-15m-1761821100,1761821100,880,0.99,,,,5064.48,0,,0.01,1480
btc-updown-15m-1761821100,1761821100,885,0.99,,,,5063.17,0,,0.01,303
btc-updown-15m-1761821100,1761821100,890,0.99,,,,5015.17,0,,0.01,138
btc-updown-15m-1761821100,1761821100,895,0.99,,,,5088.17,0,,0.01,3094
btc-updown-15m-1761821100,1761821100,897,0.99,,,,5088.17,0,,0.01,5094
btc-updown-15m-1761821100,1761821100,899,0.99,,,,5390.17,0,,0.01,28
btc-updown-15m-1761821100,1761821100,900,0.99,,,,5452.17,0,,0.01,499
btc-updown-15m-1761825600,1761825600,0,0.55,0.63,0.59,0.08,377.03,26.38,0.37,0.45,113
btc-updown-15m-1761825600,1761825600,15,0.55,0.6,0.575,0.05,347.98,194.3,0.4,0.45,247
btc-updown-15m-1761825600,1761825600,30,0.59,0.61,0.6,0.02,445,97.1,0.39,0.41,32
btc-updown-15m-1761825600,1761825600,45,0.57,0.6,0.585,0.03,639.27,112.7,0.4,0.43,19
btc-updown-15m-1761825600,1761825600,60,0.59,0.62,0.605,0.03,584.6,61,0.38,0.41,45
btc-updown-15m-1761825600,1761825600,75,0.62,0.65,0.635,0.03,487.12,87,0.35,0.38,0
btc-updown-15m-1761825600,1761825600,90,0.57,0.59,0.58,0.02,263,1115.1,0.41,0.43,2
btc-updown-15m-1761825600,1761825600,105,0.59,0.61,0.6,0.02,306,132.3,0.39,0.41,91
btc-updown-15m-1761825600,1761825600,120,0.57,0.58,0.575,0.01,50.69,44,0.42,0.43,7
btc-updown-15m-1761825600,1761825600,135,0.47,0.5,0.485,0.03,115.6,753.16,0.5,0.53,28
btc-updown-15m-1761825600,1761825600,150,0.47,0.5,0.485,0.03,138.31,567.79,0.5,0.53,185
btc-updown-15m-1761825600,1761825600,165,0.52,0.54,0.53,0.02,500.6,1056,0.46,0.48,11
btc-updown-15m-1761825600,1761825600,180,0.46,0.48,0.47,0.02,102.08,444,0.52,0.54,45
btc-updown-15m-1761825600,1761825600,195,0.54,0.55,0.545,0.01,79,723.39,0.45,0.46,20
btc-updown-15m-1761825600,1761825600,210,0.31,0.36,0.335,0.05,685,32,0.64,0.69,0
btc-updown-15m-1761825600,1761825600,225,0.36,0.41,0.385,0.05,1052.8,56.26,0.59,0.64,13
btc-updown-15m-1761825600,1761825600,240,0.4,0.42,0.41,0.02,857,33,0.58,0.6,136
btc-updown-15m-1761825600,1761825600,255,0.38,0.41,0.395,0.03,469.69,463.47,0.59,0.62,164
btc-updown-15m-1761825600,1761825600,270,0.4,0.43,0.415,0.03,368,464,0.57,0.6,20
btc-updown-15m-1761825600,1761825600,285,0.44,0.48,0.46,0.04,576,60,0.52,0.56,32
btc-updown-15m-1761825600,1761825600,300,0.48,0.51,0.495,0.03,88,862.49,0.49,0.52,62
btc-updown-15m-1761825600,1761825600,315,0.46,0.51,0.485,0.05,853.6,726.96,0.49,0.54,57
btc-updown-15m-1761825600,1761825600,330,0.44,0.48,0.46,0.04,295.84,678,0.52,0.56,0
btc-updown-15m-1761825600,1761825600,345,0.43,0.46,0.445,0.03,159,44.24,0.54,0.57,16
btc-updown-15m-1761825600,1761825600,360,0.45,0.49,0.47,0.04,454,77.22,0.51,0.55,164
btc-updown-15m-1761825600,1761825600,375,0.45,0.49,0.47,0.04,441,736.22,0.51,0.55,972
btc-updown-15m-1761825600,1761825600,390,0.43,0.47,0.45,0.04,849.97,55,0.53,0.57,3
btc-updown-15m-1761825600,1761825600,405,0.4,0.44,0.42,0.04,1103.77,72,0.56,0.6,13
btc-updown-15m-1761825600,1761825600,420,0.3,0.33,0.315,0.03,382.4,137,0.67,0.7,114
btc-updown-15m-1761825600,1761825600,435,0.19,0.21,0.2,0.02,194.01,469,0.79,0.81,131
btc-updown-15m-1761825600,1761825600,450,0.12,0.14,0.13,0.02,304,529,0.86,0.88,6
btc-updown-15m-1761825600,1761825600,465,0.08,0.1,0.09,0.02,146,82.79,0.9,0.92,160
btc-updown-15m-1761825600,1761825600,480,0.06,0.07,0.065,0.01,457,78,0.93,0.94,1
btc-updown-15m-1761825600,1761825600,495,0.05,0.07,0.06,0.02,932,757,0.93,0.95,0
btc-updown-15m-1761825600,1761825600,510,0.04,0.06,0.05,0.02,949,185,0.94,0.96,341
btc-updown-15m-1761825600,1761825600,525,0.04,0.06,0.05,0.02,1157,164,0.94,0.96,19
btc-updown-15m-1761825600,1761825600,540,0.02,0.05,0.035,0.03,2070.7,805.69,0.95,0.98,677
btc-updown-15m-1761825600,1761825600,555,0.03,0.05,0.04,0.02,1322.01,358.4,0.95,0.97,126
btc-updown-15m-1761825600,1761825600,570,0.01,0.03,0.02,0.02,912.7,344.6,0.97,0.99,310
btc-updown-15m-1761825600,1761825600,585,0.01,0.03,0.02,0.02,60.01,397.32,0.97,0.99,359
btc-updown-15m-1761825600,1761825600,600,0.02,0.05,0.035,0.03,593,825.18,0.95,0.98,1073
btc-updown-15m-1761825600,1761825600,615,0.05,0.08,0.065,0.03,952,656.69,0.92,0.95,102
btc-updown-15m-1761825600,1761825600,630,0.03,0.05,0.04,0.02,1379.07,558,0.95,0.97,60
btc-updown-15m-1761825600,1761825600,645,0.02,0.03,0.025,0.01,948,277.51,0.97,0.98,969
btc-updown-15m-1761825600,1761825600,660,,0.02,,,0,168,0.98,,170
btc-updown-15m-1761825600,1761825600,675,0.01,0.02,0.015,0.01,10,927,0.98,0.99,128
btc-updown-15m-1761825600,1761825600,690,,0.01,,,0,1133,0.99,,516
btc-updown-15m-1761825600,1761825600,705,,0.01,,,0,972,0.99,,3854
btc-updown-15m-1761825600,1761825600,720,,0.01,,,0,1952,0.99,,272
btc-updown-15m-1761825600,1761825600,735,,0.01,,,0,2638.32,0.99,,996
btc-updown-15m-1761825600,1761825600,750,,0.01,,,0,3188.32,0.99,,521
btc-updown-15m-1761825600,1761825600,765,,0.01,,,0,3331.31,0.99,,1062
btc-updown-15m-1761825600,1761825600,780,,0.01,,,0,3329.46,0.99,,161
btc-updown-15m-1761825600,1761825600,795,,0.01,,,0,6728.46,0.99,,424
btc-updown-15m-1761825600,1761825600,810,,0.01,,,0,6578.46,0.99,,1139
btc-updown-15m-1761825600,1761825600,825,,0.01,,,0,6673.46,0.99,,1907
btc-updown-15m-1761825600,1761825600,840,,0.01,,,0,6529.95,0.99,,948
btc-updown-15m-1761825600,1761825600,845,,0.01,,,0,6529.95,0.99,,15
btc-updown-15m-1761825600,1761825600,850,,0.01,,,0,6729.95,0.99,,218
btc-updown-15m-1761825600,1761825600,855,,0.01,,,0,7161.95,0.99,,1496
btc-updown-15m-1761825600,1761825600,860,,0.01,,,0,6023.95,0.99,,428
btc-updown-15m-1761825600,1761825600,865,,0.01,,,0,6523.95,0.99,,2054
btc-updown-15m-1761825600,1761825600,870,,0.01,,,0,7023.95,0.99,,1096
btc-updown-15m-1761825600,1761825600,875,,0.01,,,0,7028.95,0.99,,2117
btc-updown-15m-1761825600,1761825600,880,,0.01,,,0,7028.95,0.99,,1120
btc-updown-15m-1761825600,1761825600,885,,0.01,,,0,6998.95,0.99,,125
btc-updown-15m-1761825600,1761825600,890,,0.01,,,0,4398.95,0.99,,928
btc-updown-15m-1761825600,1761825600,895,,0.01,,,0,4423.95,0.99,,3817
btc-updown-15m-1761825600,1761825600,897,,0.01,,,0,4423.95,0.99,,5817
btc-updown-15m-1761825600,1761825600,899,,0.01,,,0,4791.95,0.99,,126
btc-updown-15m-1761825600,1761825600,900,,0.01,,,0,4791.95,0.99,,1126
btc-updown-15m-1761830100,1761830100,0,0.55,0.6,0.575,0.05,1966.77,94.69,0.4,0.45,1600
btc-updown-15m-1761830100,1761830100,15,0.53,0.55,0.54,0.02,1694.87,863,0.45,0.47,31
btc-updown-15m-1761830100,1761830100,30,0.51,0.52,0.515,0.01,29,199,0.48,0.49,25
btc-updown-15m-1761830100,1761830100,45,0.47,0.49,0.48,0.02,911.03,654,0.51,0.53,158
btc-updown-15m-1761830100,1761830100,60,0.43,0.46,0.445,0.03,651.7,630,0.54,0.57,10
btc-updown-15m-1761830100,1761830100,75,0.38,0.4,0.39,0.02,187.95,1056,0.6,0.62,503
btc-updown-15m-1761830100,1761830100,90,0.38,0.39,0.385,0.01,114.06,291,0.61,0.62,1
btc-updown-15m-1761830100,1761830100,105,0.36,0.38,0.37,0.02,158.9,652.36,0.62,0.64,59
btc-updown-15m-1761830100,1761830100,120,0.37,0.41,0.39,0.04,216.9,1150.8,0.59,0.63,35
btc-updown-15m-1761830100,1761830100,135,0.39,0.42,0.405,0.03,90,1113.78,0.58,0.61,207
btc-updown-15m-1761830100,1761830100,150,0.32,0.35,0.335,0.03,219.8,1360,0.65,0.68,2
btc-updown-15m-1761830100,1761830100,165,0.31,0.33,0.32,0.02,115.8,645,0.67,0.69,260
btc-updown-15m-1761830100,1761830100,180,0.22,0.24,0.23,0.02,121.83,655,0.76,0.78,141
btc-updown-15m-1761830100,1761830100,195,0.23,0.25,0.24,0.02,156.9,903.46,0.75,0.77,4
btc-updown-15m-1761830100,1761830100,210,0.22,0.25,0.235,0.03,691.1,665,0.75,0.78,62
btc-updown-15m-1761830100,1761830100,225,0.23,0.26,0.245,0.03,191.3,57,0.74,0.77,366
btc-updown-15m-1761830100,1761830100,240,0.17,0.19,0.18,0.02,58.32,663.01,0.81,0.83,45
btc-updown-15m-1761830100,1761830100,255,0.18,0.22,0.2,0.04,720.29,652,0.78,0.82,18
btc-updown-15m-1761830100,1761830100,270,0.11,0.14,0.125,0.03,737.93,62.11,0.86,0.89,31
btc-updown-15m-1761830100,1761830100,285,0.12,0.13,0.125,0.01,1660.51,18011.5,0.87,0.88,218
btc-updown-15m-1761830100,1761830100,300,0.22,0.23,0.225,0.01,989,67.03,0.77,0.78,14
btc-updown-15m-1761830100,1761830100,315,0.22,0.27,0.245,0.05,983.4,660,0.73,0.78,31
btc-updown-15m-1761830100,1761830100,330,0.26,0.28,0.27,0.02,783,111.3,0.72,0.74,22
btc-updown-15m-1761830100,1761830100,345,0.27,0.29,0.28,0.02,1170,693.3,0.71,0.73,50
btc-updown-15m-1761830100,1761830100,360,0.27,0.3,0.285,0.03,1408.94,89.94,0.7,0.73,26
btc-updown-15m-1761830100,1761830100,375,0.23,0.27,0.25,0.04,283.7,648,0.73,0.77,1
btc-updown-15m-1761830100,1761830100,390,0.23,0.26,0.245,0.03,64.7,668,0.74,0.77,24
btc-updown-15m-1761830100,1761830100,405,0.24,0.26,0.25,0.02,288,48.15,0.74,0.76,189
btc-updown-15m-1761830100,1761830100,420,0.2,0.25,0.225,0.05,1466.5,69.3,0.75,0.8,1
btc-updown-15m-1761830100,1761830100,435,0.23,0.25,0.24,0.02,944.9,70.15,0.75,0.77,59
btc-updown-15m-1761830100,1761830100,450,0.29,0.31,0.3,0.02,878,24,0.69,0.71,24
btc-updown-15m-1761830100,1761830100,465,0.31,0.33,0.32,0.02,1138,42.11,0.67,0.69,6
btc-updown-15m-1761830100,1761830100,480,0.35,0.37,0.36,0.02,1443.99,72,0.63,0.65,51
btc-updown-15m-1761830100,1761830100,495,0.51,0.55,0.53,0.04,691.21,179,0.45,0.49,1
btc-updown-15m-1761830100,1761830100,510,0.47,0.48,0.475,0.01,42,646,0.52,0.53,0
btc-updown-15m-1761830100,1761830100,525,0.4,0.43,0.415,0.03,665.5,883,0.57,0.6,104
btc-updown-15m-1761830100,1761830100,540,0.44,0.47,0.455,0.03,652.95,645.23,0.53,0.56,82
btc-updown-15m-1761830100,1761830100,555,0.2,0.23,0.215,0.03,59.2,61,0.77,0.8,5
btc-updown-15m-1761830100,1761830100,570,0.15,0.18,0.165,0.03,47.3,61,0.82,0.85,1
btc-updown-15m-1761830100,1761830100,585,0.17,0.21,0.19,0.04,709.68,1021,0.79,0.83,15
btc-updown-15m-1761830100,1761830100,600,0.11,0.14,0.125,0.03,18907.75,35,0.86,0.89,1
btc-updown-15m-1761830100,1761830100,615,0.15,0.17,0.16,0.02,538,631.05,0.83,0.85,22
btc-updown-15m-1761830100,1761830100,630,0.15,0.2,0.175,0.05,454.5,981.61,0.8,0.85,5
btc-updown-15m-1761830100,1761830100,645,0.17,0.2,0.185,0.03,1389.6,421.41,0.8,0.83,29
btc-updown-15m-1761830100,1761830100,660,0.21,0.25,0.23,0.04,1339,941,0.75,0.79,44
btc-updown-15m-1761830100,1761830100,675,0.13,0.17,0.15,0.04,765,34,0.83,0.87,11
btc-updown-15m-1761830100,1761830100,690,0.08,0.1,0.09,0.02,18647.88,670,0.9,0.92,5
btc-updown-15m-1761830100,1761830100,705,0.03,0.07,0.05,0.04,2226,41,0.93,0.97,116
btc-updown-15m-1761830100,1761830100,720,0.05,0.08,0.065,0.03,1184.18,274.23,0.92,0.95,12
btc-updown-15m-1761830100,1761830100,735,0.03,0.05,0.04,0.02,1926.36,189.02,0.95,0.97,17
btc-updown-15m-1761830100,1761830100,750,0.04,0.05,0.045,0.01,1318.46,785.93,0.95,0.96,122
btc-updown-15m-1761830100,1761830100,765,0.07,0.11,0.09,0.04,1511.07,1261.93,0.89,0.93,39
btc-updown-15m-1761830100,1761830100,780,0.05,0.09,0.07,0.04,437.7,650.93,0.91,0.95,5
btc-updown-15m-1761830100,1761830100,795,0.07,0.08,0.075,0.01,1184.62,1199.69,0.92,0.93,166
btc-updown-15m-1761830100,1761830100,810,0.07,0.11,0.09,0.04,354.16,1195.69,0.89,0.93,17
btc-updown-15m-1761830100,1761830100,825,0.09,0.19,0.14,0.1,880,630,0.81,0.91,9
btc-updown-15m-1761830100,1761830100,840,0.08,0.12,0.1,0.04,18899.44,30,0.88,0.92,4
btc-updown-15m-1761830100,1761830100,845,0.08,0.14,0.11,0.06,19392.37,53,0.86,0.92,15
btc-updown-15m-1761830100,1761830100,850,0.08,0.2,0.14,0.12,18909.88,288,0.8,0.92,13
btc-updown-15m-1761830100,1761830100,855,0.09,0.15,0.12,0.06,18301.88,625,0.85,0.91,8
btc-updown-15m-1761830100,1761830100,860,0.09,0.18,0.135,0.09,19163.9,615,0.82,0.91,5
btc-updown-15m-1761830100,1761830100,865,0.07,0.16,0.115,0.09,18330.88,640,0.84,0.93,1
btc-updown-15m-1761830100,1761830100,870,0.07,0.12,0.095,0.05,18006.74,43,0.88,0.93,19
btc-updown-15m-1761830100,1761830100,875,0.07,0.11,0.09,0.04,16841.47,639,0.89,0.93,1
btc-updown-15m-1761830100,1761830100,880,0.02,0.09,0.055,0.07,1521.2,636,0.91,0.98,44
btc-updown-15m-1761830100,1761830100,885,0.02,0.06,0.04,0.04,878.13,48,0.94,0.98,20
btc-updown-15m-1761830100,1761830100,890,,0.01,,,0,918.71,0.99,,5
btc-updown-15m-1761830100,1761830100,895,,0.01,,,0,1145.71,0.99,,46
btc-updown-15m-1761830100,1761830100,897,,0.01,,,0,1145.71,0.99,,103
btc-updown-15m-1761830100,1761830100,899,,0.01,,,0,1442.71,0.99,,45
btc-updown-15m-1761830100,1761830100,900,,0.01,,,0,1462.71,0.99,,238
btc-updown-15m-1761834600,1761834600,0,0.52,0.6,0.56,0.08,798.58,429.41,0.4,0.48,900
btc-updown-15m-1761834600,1761834600,15,0.56,0.59,0.575,0.03,217.1,540.19,0.41,0.44,15
btc-updown-15m-1761834600,1761834600,30,0.54,0.56,0.55,0.02,1150.21,270,0.44,0.46,6
btc-updown-15m-1761834600,1761834600,45,0.57,0.6,0.585,0.03,929,1554.19,0.4,0.43,79
btc-updown-15m-1761834600,1761834600,60,0.57,0.58,0.575,0.01,891,447.19,0.42,0.43,6
btc-updown-15m-1761834600,1761834600,75,0.56,0.58,0.57,0.02,316,1144.66,0.42,0.44,67
btc-updown-15m-1761834600,1761834600,90,0.53,0.57,0.55,0.04,1141.21,979,0.43,0.47,0
btc-updown-15m-1761834600,1761834600,105,0.59,0.6,0.595,0.01,91,641,0.4,0.41,2
btc-updown-15m-1761834600,1761834600,120,0.65,0.67,0.66,0.02,1296,685,0.33,0.35,3
btc-updown-15m-1761834600,1761834600,135,0.57,0.58,0.575,0.01,884.62,30,0.42,0.43,29
btc-updown-15m-1761834600,1761834600,150,0.55,0.57,0.56,0.02,1218.59,1002.53,0.43,0.45,204
btc-updown-15m-1761834600,1761834600,165,0.54,0.57,0.555,0.03,750.3,937,0.43,0.46,0
btc-updown-15m-1761834600,1761834600,180,0.51,0.53,0.52,0.02,1357.94,308.07,0.47,0.49,21
btc-updown-15m-1761834600,1761834600,195,0.52,0.54,0.53,0.02,206.11,592.55,0.46,0.48,16
btc-updown-15m-1761834600,1761834600,210,0.5,0.52,0.51,0.02,941.79,1229.14,0.48,0.5,9
btc-updown-15m-1761834600,1761834600,225,0.35,0.37,0.36,0.02,1435.95,78,0.63,0.65,4
btc-updown-15m-1761834600,1761834600,240,0.36,0.38,0.37,0.02,1275,77,0.62,0.64,0
btc-updown-15m-1761834600,1761834600,255,0.44,0.46,0.45,0.02,82,564.54,0.54,0.56,100
btc-updown-15m-1761834600,1761834600,270,0.54,0.56,0.55,0.02,649,955.5,0.44,0.46,5
btc-updown-15m-1761834600,1761834600,285,0.5,0.52,0.51,0.02,1203.79,997.79,0.48,0.5,9
btc-updown-15m-1761834600,1761834600,300,0.48,0.5,0.49,0.02,886.42,1024.08,0.5,0.52,264
btc-updown-15m-1761834600,1761834600,315,0.58,0.6,0.59,0.02,984.35,1193,0.4,0.42,5
btc-updown-15m-1761834600,1761834600,330,0.64,0.67,0.655,0.03,633.81,926,0.33,0.36,3
btc-updown-15m-1761834600,1761834600,345,0.62,0.65,0.635,0.03,534.36,1171.2,0.35,0.38,45
btc-updown-15m-1761834600,1761834600,360,0.57,0.58,0.575,0.01,1174,1174.85,0.42,0.43,16
btc-updown-15m-1761834600,1761834600,375,0.52,0.57,0.545,0.05,1439.8,1198.1,0.43,0.48,18
btc-updown-15m-1761834600,1761834600,390,0.58,0.59,0.585,0.01,527,897,0.41,0.42,1
btc-updown-15m-1761834600,1761834600,405,0.73,0.74,0.735,0.01,71.71,58.36,0.26,0.27,13
btc-updown-15m-1761834600,1761834600,420,0.73,0.76,0.745,0.03,854.33,687.25,0.24,0.27,178
btc-updown-15m-1761834600,1761834600,435,0.65,0.67,0.66,0.02,656.08,503.8,0.33,0.35,20
btc-updown-15m-1761834600,1761834600,450,0.6,0.61,0.605,0.01,691.42,282.95,0.39,0.4,1
btc-updown-15m-1761834600,1761834600,465,0.67,0.69,0.68,0.02,365.14,50.09,0.31,0.33,3
btc-updown-15m-1761834600,1761834600,480,0.74,0.76,0.75,0.02,179,761.6,0.24,0.26,29
btc-updown-15m-1761834600,1761834600,495,0.75,0.78,0.765,0.03,820.33,563.44,0.22,0.25,59
btc-updown-15m-1761834600,1761834600,510,0.72,0.74,0.73,0.02,1034.85,419.72,0.26,0.28,6
btc-updown-15m-1761834600,1761834600,525,0.76,0.78,0.77,0.02,1156.08,317.01,0.22,0.24,10
btc-updown-15m-1761834600,1761834600,540,0.75,0.77,0.76,0.02,268,523.3,0.23,0.25,8
btc-updown-15m-1761834600,1761834600,555,0.79,0.81,0.8,0.02,915,1178.3,0.19,0.21,61
btc-updown-15m-1761834600,1761834600,570,0.68,0.7,0.69,0.02,1144.42,520.07,0.3,0.32,9
btc-updown-15m-1761834600,1761834600,585,0.67,0.69,0.68,0.02,728.57,54,0.31,0.33,0
btc-updown-15m-1761834600,1761834600,600,0.69,0.71,0.7,0.02,315.49,1378.39,0.29,0.31,12
btc-updown-15m-1761834600,1761834600,615,0.71,0.72,0.715,0.01,730.33,730,0.28,0.29,22
btc-updown-15m-1761834600,1761834600,630,0.72,0.74,0.73,0.02,721.34,527.51,0.26,0.28,31
btc-updown-15m-1761834600,1761834600,645,0.8,0.82,0.81,0.02,47,1414.35,0.18,0.2,0
btc-updown-15m-1761834600,1761834600,660,0.83,0.84,0.835,0.01,710.56,1329.69,0.16,0.17,284
btc-updown-15m-1761834600,1761834600,675,0.76,0.79,0.775,0.03,98.77,716.9,0.21,0.24,155
btc-updown-15m-1761834600,1761834600,690,0.82,0.84,0.83,0.02,688.96,825.17,0.16,0.18,25
btc-updown-15m-1761834600,1761834600,705,0.85,0.88,0.865,0.03,2625.6,244.28,0.12,0.15,22
btc-updown-15m-1761834600,1761834600,720,0.89,0.91,0.9,0.02,709.44,933.68,0.09,0.11,117
btc-updown-15m-1761834600,1761834600,735,0.96,0.97,0.965,0.01,705.51,1970.82,0.03,0.04,21
btc-updown-15m-1761834600,1761834600,750,0.95,0.99,0.97,0.04,648.21,1298.62,0.01,0.05,2
btc-updown-15m-1761834600,1761834600,765,0.98,0.99,0.985,0.01,1050.27,1734.33,0.01,0.02,206
btc-updown-15m-1761834600,1761834600,780,0.99,,,,1359.06,0,,0.01,417
btc-updown-15m-1761834600,1761834600,795,0.99,,,,1759.07,0,,0.01,1102
btc-updown-15m-1761834600,1761834600,810,0.99,,,,2331.41,0,,0.01,115
btc-updown-15m-1761834600,1761834600,825,0.99,,,,3161.72,0,,0.01,1685
btc-updown-15m-1761834600,1761834600,840,0.99,,,,6476.4,0,,0.01,392
btc-updown-15m-1761834600,1761834600,845,0.99,,,,6696.4,0,,0.01,1493
btc-updown-15m-1761834600,1761834600,850,0.99,,,,7543.29,0,,0.01,64
btc-updown-15m-1761834600,1761834600,855,0.99,,,,7543.29,0,,0.01,2450
btc-updown-15m-1761834600,1761834600,860,0.99,,,,7243.29,0,,0.01,431
btc-updown-15m-1761834600,1761834600,865,0.99,,,,7243.29,0,,0.01,2445
btc-updown-15m-1761834600,1761834600,870,0.99,,,,7233.19,0,,0.01,392
btc-updown-15m-1761834600,1761834600,875,0.99,,,,8521.54,0,,0.01,587
btc-updown-15m-1761834600,1761834600,880,0.99,,,,9978.54,0,,0.01,395
btc-updown-15m-1761834600,1761834600,885,0.99,,,,9958.54,0,,0.01,182
btc-updown-15m-1761834600,1761834600,890,0.99,,,,9358.54,0,,0.01,429
btc-updown-15m-1761834600,1761834600,895,0.99,,,,9493.54,0,,0.01,651
btc-updown-15m-1761834600,1761834600,897,0.99,,,,9493.54,0,,0.01,2651
btc-updown-15m-1761834600,1761834600,899,0.99,,,,9843.54,0,,0.01,474
btc-updown-15m-1761834600,1761834600,900,0.99,,,,9864.54,0,,0.01,386
btc-updown-15m-1761841800,1761841800,0,,,,,0,0,,,
btc-updown-15m-1761841800,1761841800,15,,,,,0,0,,,
btc-updown-15m-1761841800,1761841800,30,,,,,0,0,,,
btc-updown-15m-1761841800,1761841800,45,,,,,0,0,,,
btc-updown-15m-1761841800,1761841800,60,,,,,0,0,,,
btc-updown-15m-1761841800,1761841800,75,,,,,0,0,,,
btc-updown-15m-1761841800,1761841800,90,,,,,0,0,,,
btc-updown-15m-1761841800,1761841800,105,,,,,0,0,,,
btc-updown-15m-1761841800,1761841800,120,,,,,0,0,,,
btc-updown-15m-1761841800,1761841800,135,,,,,0,0,,,
btc-updown-15m-1761841800,1761841800,150,,,,,0,0,,,
btc-updown-15m-1761841800,1761841800,165,,,,,0,0,,,
btc-updown-15m-1761841800,1761841800,180,,,,,0,0,,,
btc-updown-15m-1761841800,1761841800,195,,,,,0,0,,,
btc-updown-15m-1761841800,1761841800,210,,,,,0,0,,,
btc-updown-15m-1761841800,1761841800,225,,,,,0,0,,,
btc-updown-15m-1761841800,1761841800,240,,,,,0,0,,,
btc-updown-15m-1761841800,1761841800,255,,,,,0,0,,,
btc-updown-15m-1761841800,1761841800,270,,,,,0,0,,,
btc-updown-15m-1761841800,1761841800,285,,,,,0,0,,,
btc-updown-15m-1761841800,1761841800,300,,,,,0,0,,,
btc-updown-15m-1761841800,1761841800,315,,,,,0,0,,,
btc-updown-15m-1761841800,1761841800,330,,,,,0,0,,,
btc-updown-15m-1761841800,1761841800,345,,,,,0,0,,,
btc-updown-15m-1761841800,1761841800,360,,,,,0,0,,,
btc-updown-15m-1761841800,1761841800,375,,,,,0,0,,,
btc-updown-15m-1761841800,1761841800,390,,,,,0,0,,,
btc-updown-15m-1761841800,1761841800,405,,,,,0,0,,,
btc-updown-15m-1761841800,1761841800,420,,,,,0,0,,,
btc-updown-15m-1761841800,1761841800,435,,,,,0,0,,,
btc-updown-15m-1761841800,1761841800,450,,,,,0,0,,,
btc-updown-15m-1761841800,1761841800,465,,,,,0,0,,,
btc-updown-15m-1761841800,1761841800,480,,,,,0,0,,,
btc-updown-15m-1761841800,1761841800,495,,,,,0,0,,,
btc-updown-15m-1761841800,1761841800,510,,,,,0,0,,,
btc-updown-15m-1761841800,1761841800,525,,,,,0,0,,,
btc-updown-15m-1761841800,1761841800,540,,,,,0,0,,,
btc-updown-15m-1761841800,1761841800,555,,,,,0,0,,,
btc-updown-15m-1761841800,1761841800,570,,,,,0,0,,,
btc-updown-15m-1761841800,1761841800,585,,,,,0,0,,,
btc-updown-15m-1761841800,1761841800,600,,,,,0,0,,,
btc-updown-15m-1761841800,1761841800,615,,,,,0,0,,,
btc-updown-15m-1761841800,1761841800,630,,,,,0,0,,,
btc-updown-15m-1761841800,1761841800,645,,,,,0,0,,,
btc-updown-15m-1761841800,1761841800,660,,,,,0,0,,,
btc-updown-15m-1761841800,1761841800,675,,,,,0,0,,,
btc-updown-15m-1761841800,1761841800,690,,,,,0,0,,,
btc-updown-15m-1761841800,1761841800,705,,,,,0,0,,,
btc-updown-15m-1761841800,1761841800,720,,,,,0,0,,,
btc-updown-15m-1761841800,1761841800,735,,,,,0,0,,,
btc-updown-15m-1761841800,1761841800,750,,,,,0,0,,,
btc-updown-15m-1761841800,1761841800,765,,,,,0,0,,,
btc-updown-15m-1761841800,1761841800,780,,,,,0,0,,,
btc-updown-15m-1761841800,1761841800,795,,,,,0,0,,,
btc-updown-15m-1761841800,1761841800,810,,,,,0,0,,,
btc-updown-15m-1761841800,1761841800,825,,,,,0,0,,,
btc-updown-15m-1761841800,1761841800,840,0.01,0.03,0.02,0.02,15.8,691,0.97,0.99,207
btc-updown-15m-1761841800,1761841800,845,,0.01,,,0,1151.3,0.99,,405
btc-updown-15m-1761841800,1761841800,850,,0.04,,,0,586.43,0.96,,125
btc-updown-15m-1761841800,1761841800,855,0.01,0.04,0.025,0.03,30,534.77,0.96,0.99,928
btc-updown-15m-1761841800,1761841800,860,,0.01,,,0,2389.6,0.99,,172
btc-updown-15m-1761841800,1761841800,865,,0.01,,,0,2385.44,0.99,,109
btc-updown-15m-1761841800,1761841800,870,,0.01,,,0,2361.92,0.99,,295
btc-updown-15m-1761841800,1761841800,875,,0.01,,,0,2470.27,0.99,,309
btc-updown-15m-1761841800,1761841800,880,,0.01,,,0,2474.27,0.99,,23
btc-updown-15m-1761841800,1761841800,885,,0.01,,,0,2465.27,0.99,,765
btc-updown-15m-1761841800,1761841800,890,,0.01,,,0,2070.54,0.99,,6
btc-updown-15m-1761841800,1761841800,895,,0.01,,,0,2095.54,0.99,,1485
btc-updown-15m-1761841800,1761841800,897,,0.01,,,0,2095.54,0.99,,500
btc-updown-15m-1761841800,1761841800,899,,0.01,,,0,2456.54,0.99,,104
btc-updown-15m-1761841800,1761841800,900,,0.01,,,0,2456.54,0.99,,936
btc-updown-15m-1761846300,1761846300,0,0.49,0.51,0.5,0.02,189.34,187.6,0.49,0.51,231
btc-updown-15m-1761846300,1761846300,15,0.55,0.6,0.575,0.05,294,87,0.4,0.45,24
btc-updown-15m-1761846300,1761846300,30,0.59,0.62,0.605,0.03,729.8,56,0.38,0.41,30
btc-updown-15m-1761846300,1761846300,45,0.75,0.76,0.755,0.01,46,734.7,0.24,0.25,40
btc-updown-15m-1761846300,1761846300,60,0.74,0.78,0.76,0.04,795,663,0.22,0.26,2
btc-updown-15m-1761846300,1761846300,75,0.73,0.77,0.75,0.04,800.61,153,0.23,0.27,29
btc-updown-15m-1761846300,1761846300,90,0.76,0.78,0.77,0.02,584.6,79,0.22,0.24,69
btc-updown-15m-1761846300,1761846300,105,0.71,0.72,0.715,0.01,651.6,40,0.28,0.29,91
btc-updown-15m-1761846300,1761846300,120,0.76,0.8,0.78,0.04,712.5,81.47,0.2,0.24,7
btc-updown-15m-1761846300,1761846300,135,0.8,0.82,0.81,0.02,683,789,0.18,0.2,166
btc-updown-15m-1761846300,1761846300,150,0.76,0.78,0.77,0.02,643,62,0.22,0.24,127
btc-updown-15m-1761846300,1761846300,165,0.82,0.85,0.835,0.03,72,710,0.15,0.18,4
btc-updown-15m-1761846300,1761846300,180,0.8,0.83,0.815,0.03,701.72,64,0.17,0.2,7
btc-updown-15m-1761846300,1761846300,195,0.86,0.9,0.88,0.04,758.65,1133.52,0.1,0.14,147
btc-updown-15m-1761846300,1761846300,210,0.89,0.92,0.905,0.03,731.23,901.49,0.08,0.11,105
btc-updown-15m-1761846300,1761846300,225,0.87,0.89,0.88,0.02,791.7,366,0.11,0.13,142
btc-updown-15m-1761846300,1761846300,240,0.86,0.89,0.875,0.03,711.66,1213.71,0.11,0.14,6
btc-updown-15m-1761846300,1761846300,255,0.86,0.89,0.875,0.03,713.61,347.22,0.11,0.14,609
btc-updown-15m-1761846300,1761846300,270,0.86,0.9,0.88,0.04,675.45,941.91,0.1,0.14,421
btc-updown-15m-1761846300,1761846300,285,0.88,0.91,0.895,0.03,690.06,979,0.09,0.12,57
btc-updown-15m-1761846300,1761846300,300,0.9,0.93,0.915,0.03,751.62,1795.24,0.07,0.1,21
btc-updown-15m-1761846300,1761846300,315,0.88,0.91,0.895,0.03,736.25,820.2,0.09,0.12,6
btc-updown-15m-1761846300,1761846300,330,0.88,0.92,0.9,0.04,73,974.92,0.08,0.12,3
btc-updown-15m-1761846300,1761846300,345,0.87,0.88,0.875,0.01,35,652,0.12,0.13,43
btc-updown-15m-1761846300,1761846300,360,0.84,0.86,0.85,0.02,690.1,606,0.14,0.16,23
btc-updown-15m-1761846300,1761846300,375,0.82,0.84,0.83,0.02,716.5,790,0.16,0.18,76
btc-updown-15m-1761846300,1761846300,390,0.88,0.89,0.885,0.01,89,487.31,0.11,0.12,24
btc-updown-15m-1761846300,1761846300,405,0.9,0.91,0.905,0.01,107,766,0.09,0.1,114
btc-updown-15m-1761846300,1761846300,420,0.89,0.91,0.9,0.02,84,683.5,0.09,0.11,509
btc-updown-15m-1761846300,1761846300,435,0.91,0.92,0.915,0.01,91,766,0.08,0.09,79
btc-updown-15m-1761846300,1761846300,450,0.89,0.91,0.9,0.02,66,355,0.09,0.11,102
btc-updown-15m-1761846300,1761846300,465,0.94,0.95,0.945,0.01,84,517,0.05,0.06,2152
btc-updown-15m-1761846300,1761846300,480,0.94,0.95,0.945,0.01,113.32,1252.44,0.05,0.06,477
btc-updown-15m-1761846300,1761846300,495,0.9,0.92,0.91,0.02,82,1008.44,0.08,0.1,359
btc-updown-15m-1761846300,1761846300,510,0.9,0.92,0.91,0.02,110.97,996.44,0.08,0.1,15
btc-updown-15m-1761846300,1761846300,525,0.9,0.92,0.91,0.02,93.8,976.44,0.08,0.1,1825
btc-updown-15m-1761846300,1761846300,540,0.91,0.94,0.925,0.03,119.94,924.44,0.06,0.09,18
btc-updown-15m-1761846300,1761846300,555,0.91,0.93,0.92,0.02,162.94,511.44,0.07,0.09,6
btc-updown-15m-1761846300,1761846300,570,0.9,0.91,0.905,0.01,67.55,636.7,0.09,0.1,531
btc-updown-15m-1761846300,1761846300,585,0.88,0.9,0.89,0.02,678,675,0.1,0.12,3
btc-updown-15m-1761846300,1761846300,600,0.89,0.91,0.9,0.02,69,812,0.09,0.11,18
btc-updown-15m-1761846300,1761846300,615,0.89,0.9,0.895,0.01,92,643,0.1,0.11,0
btc-updown-15m-1761846300,1761846300,630,0.86,0.88,0.87,0.02,51,753,0.12,0.14,68
btc-updown-15m-1761846300,1761846300,645,0.89,0.91,0.9,0.02,228,906,0.09,0.11,38
btc-updown-15m-1761846300,1761846300,660,0.92,0.93,0.925,0.01,293,973.44,0.07,0.08,58
btc-updown-15m-1761846300,1761846300,675,0.94,0.96,0.95,0.02,861,1755.13,0.04,0.06,90
btc-updown-15m-1761846300,1761846300,690,0.96,0.97,0.965,0.01,186.2,2500.7,0.03,0.04,81
btc-updown-15m-1761846300,1761846300,705,0.97,0.98,0.975,0.01,235.2,2185.7,0.02,0.03,2
btc-updown-15m-1761846300,1761846300,720,0.97,0.98,0.975,0.01,216.53,1274.2,0.02,0.03,19
btc-updown-15m-1761846300,1761846300,735,0.98,0.99,0.985,0.01,262.61,945.6,0.01,0.02,39
btc-updown-15m-1761846300,1761846300,750,0.98,0.99,0.985,0.01,354.77,1115.6,0.01,0.02,50
btc-updown-15m-1761846300,1761846300,765,0.98,0.99,0.985,0.01,441.82,549.36,0.01,0.02,40
btc-updown-15m-1761846300,1761846300,780,0.96,0.97,0.965,0.01,793.72,855,0.03,0.04,50
btc-updown-15m-1761846300,1761846300,795,0.94,0.96,0.95,0.02,690.23,1056.08,0.04,0.06,106
btc-updown-15m-1761846300,1761846300,810,0.96,0.99,0.975,0.03,812.43,1036.08,0.01,0.04,96
btc-updown-15m-1761846300,1761846300,825,0.97,0.99,0.98,0.02,223,618.3,0.01,0.03,26
btc-updown-15m-1761846300,1761846300,840,0.96,0.99,0.975,0.03,755,32.68,0.01,0.04,135
btc-updown-15m-1761846300,1761846300,845,0.99,,,,604.63,0,,0.01,10
btc-updown-15m-1761846300,1761846300,850,0.99,,,,699.63,0,,0.01,21
btc-updown-15m-1761846300,1761846300,855,0.99,,,,699.63,0,,0.01,23
btc-updown-15m-1761846300,1761846300,860,0.99,,,,724.63,0,,0.01,57
btc-updown-15m-1761846300,1761846300,865,0.99,,,,573.63,0,,0.01,60
btc-updown-15m-1761846300,1761846300,870,0.99,,,,592.98,0,,0.01,58
btc-updown-15m-1761846300,1761846300,875,0.99,,,,597.98,0,,0.01,95
btc-updown-15m-1761846300,1761846300,880,0.99,,,,597.98,0,,0.01,62
btc-updown-15m-1761846300,1761846300,885,0.99,,,,627.98,0,,0.01,126
btc-updown-15m-1761846300,1761846300,890,0.99,,,,627.98,0,,0.01,108
btc-updown-15m-1761846300,1761846300,895,0.99,,,,652.98,0,,0.01,56
btc-updown-15m-1761846300,1761846300,897,0.99,,,,652.98,0,,0.01,38
btc-updown-15m-1761846300,1761846300,899,0.99,,,,1021.98,0,,0.01,10
btc-updown-15m-1761846300,1761846300,900,0.99,,,,1021.98,0,,0.01,3
btc-updown-15m-1761849900,1761849900,0,0.46,0.51,0.485,0.05,4049.1,5182.34,0.49,0.54,766
btc-updown-15m-1761849900,1761849900,15,0.48,0.5,0.49,0.02,655.2,1547.62,0.5,0.52,75
btc-updown-15m-1761849900,1761849900,30,0.55,0.59,0.57,0.04,1255.5,2048.7,0.41,0.45,12
btc-updown-15m-1761849900,1761849900,45,0.54,0.58,0.56,0.04,1204.7,2523.4,0.42,0.46,88
btc-updown-15m-1761849900,1761849900,60,0.53,0.56,0.545,0.03,946.6,1434.42,0.44,0.47,16
btc-updown-15m-1761849900,1761849900,75,0.57,0.59,0.58,0.02,399.3,1398.51,0.41,0.43,34
btc-updown-15m-1761849900,1761849900,90,0.62,0.64,0.63,0.02,1235,338,0.36,0.38,138
btc-updown-15m-1761849900,1761849900,105,0.64,0.65,0.645,0.01,1222.6,42,0.35,0.36,68
btc-updown-15m-1761849900,1761849900,120,0.69,0.7,0.695,0.01,1090.8,74,0.3,0.31,10
btc-updown-15m-1761849900,1761849900,135,0.7,0.72,0.71,0.02,470,1066,0.28,0.3,10
btc-updown-15m-1761849900,1761849900,150,0.78,0.81,0.795,0.03,544.02,913,0.19,0.22,7
btc-updown-15m-1761849900,1761849900,165,0.79,0.81,0.8,0.02,893.02,911.64,0.19,0.21,92
btc-updown-15m-1761849900,1761849900,180,0.8,0.81,0.805,0.01,893.01,772.56,0.19,0.2,265
btc-updown-15m-1761849900,1761849900,195,0.82,0.84,0.83,0.02,1128.44,137.99,0.16,0.18,141
btc-updown-15m-1761849900,1761849900,210,0.8,0.82,0.81,0.02,1415,349.99,0.18,0.2,151
btc-updown-15m-1761849900,1761849900,225,0.81,0.83,0.82,0.02,927.01,1035.66,0.17,0.19,139
btc-updown-15m-1761849900,1761849900,240,0.8,0.81,0.805,0.01,564.01,64.1,0.19,0.2,15
btc-updown-15m-1761849900,1761849900,255,0.8,0.82,0.81,0.02,1161.02,301.56,0.18,0.2,136
btc-updown-15m-1761849900,1761849900,270,0.78,0.79,0.785,0.01,925,1122.93,0.21,0.22,84
btc-updown-15m-1761849900,1761849900,285,0.8,0.83,0.815,0.03,1171,1143.94,0.17,0.2,146
btc-updown-15m-1761849900,1761849900,300,0.79,0.81,0.8,0.02,78.82,1169.69,0.19,0.21,17
btc-updown-15m-1761849900,1761849900,315,0.74,0.76,0.75,0.02,1166,1024.52,0.24,0.26,8
btc-updown-15m-1761849900,1761849900,330,0.75,0.78,0.765,0.03,1140,1214.8,0.22,0.25,123
btc-updown-15m-1761849900,1761849900,345,0.75,0.77,0.76,0.02,309.05,927.59,0.23,0.25,68
btc-updown-15m-1761849900,1761849900,360,0.82,0.84,0.83,0.02,1180,1109.69,0.16,0.18,142
btc-updown-15m-1761849900,1761849900,375,0.85,0.86,0.855,0.01,76,911,0.14,0.15,128
btc-updown-15m-1761849900,1761849900,390,0.86,0.88,0.87,0.02,475,1167,0.12,0.14,1
btc-updown-15m-1761849900,1761849900,405,0.87,0.89,0.88,0.02,112.78,912,0.11,0.13,65
btc-updown-15m-1761849900,1761849900,420,0.87,0.89,0.88,0.02,159.89,906.59,0.11,0.13,59
btc-updown-15m-1761849900,1761849900,435,0.88,0.9,0.89,0.02,107.11,1168.77,0.1,0.12,20
btc-updown-15m-1761849900,1761849900,450,0.82,0.85,0.835,0.03,1024,467.57,0.15,0.18,4
btc-updown-15m-1761849900,1761849900,465,0.83,0.84,0.835,0.01,721.2,756,0.16,0.17,67
btc-updown-15m-1761849900,1761849900,480,0.82,0.83,0.825,0.01,195.56,1156,0.17,0.18,3
btc-updown-15m-1761849900,1761849900,495,0.72,0.73,0.725,0.01,166.95,559,0.27,0.28,0
btc-updown-15m-1761849900,1761849900,510,0.71,0.73,0.72,0.02,913.95,659,0.27,0.29,19
btc-updown-15m-1761849900,1761849900,525,0.62,0.64,0.63,0.02,1407,947.56,0.36,0.38,41
btc-updown-15m-1761849900,1761849900,540,0.62,0.64,0.63,0.02,964.79,327,0.36,0.38,121
btc-updown-15m-1761849900,1761849900,555,0.71,0.73,0.72,0.02,920,892.98,0.27,0.29,87
btc-updown-15m-1761849900,1761849900,570,0.77,0.79,0.78,0.02,63,369.11,0.21,0.23,97
btc-updown-15m-1761849900,1761849900,585,0.78,0.79,0.785,0.01,648.92,809.5,0.21,0.22,14
btc-updown-15m-1761849900,1761849900,600,0.75,0.77,0.76,0.02,639.92,1427.4,0.23,0.25,43
btc-updown-15m-1761849900,1761849900,615,0.7,0.72,0.71,0.02,907,1150.4,0.28,0.3,58
btc-updown-15m-1761849900,1761849900,630,0.64,0.67,0.655,0.03,650,801.5,0.33,0.36,98
btc-updown-15m-1761849900,1761849900,645,0.45,0.47,0.46,0.02,609.1,574.2,0.53,0.55,60
btc-updown-15m-1761849900,1761849900,660,0.47,0.5,0.485,0.03,912,913.2,0.5,0.53,16
btc-updown-15m-1761849900,1761849900,675,0.57,0.59,0.58,0.02,790,24,0.41,0.43,26
btc-updown-15m-1761849900,1761849900,690,0.36,0.39,0.375,0.03,628.11,534,0.61,0.64,19
btc-updown-15m-1761849900,1761849900,705,0.25,0.27,0.26,0.02,503.96,36,0.73,0.75,48
btc-updown-15m-1761849900,1761849900,720,0.28,0.3,0.29,0.02,1273,611.9,0.7,0.72,52
btc-updown-15m-1761849900,1761849900,735,0.2,0.23,0.215,0.03,1551,557.35,0.77,0.8,0
btc-updown-15m-1761849900,1761849900,750,0.2,0.23,0.215,0.03,907,343,0.77,0.8,30
btc-updown-15m-1761849900,1761849900,765,0.19,0.23,0.21,0.04,143.39,720,0.77,0.81,44
btc-updown-15m-1761849900,1761849900,780,0.13,0.16,0.145,0.03,830.1,728,0.84,0.87,78
btc-updown-15m-1761849900,1761849900,795,0.11,0.15,0.13,0.04,364,157,0.85,0.89,8
btc-updown-15m-1761849900,1761849900,810,0.07,0.12,0.095,0.05,671.32,880,0.88,0.93,125
btc-updown-15m-1761849900,1761849900,825,0.03,0.08,0.055,0.05,962.58,615,0.92,0.97,23
btc-updown-15m-1761849900,1761849900,840,0.01,0.04,0.025,0.03,450.01,661.36,0.96,0.99,69
btc-updown-15m-1761849900,1761849900,845,0.01,0.06,0.035,0.05,750.31,625,0.94,0.99,880
btc-updown-15m-1761849900,1761849900,850,0.01,0.06,0.035,0.05,136.05,625,0.94,0.99,94
btc-updown-15m-1761849900,1761849900,855,0.01,0.06,0.035,0.05,146.05,649,0.94,0.99,3
btc-updown-15m-1761849900,1761849900,860,,0.01,,,0,862.04,0.99,,18
btc-updown-15m-1761849900,1761849900,865,,0.01,,,0,1077.53,0.99,,8
btc-updown-15m-1761849900,1761849900,870,,0.01,,,0,1072.44,0.99,,39
btc-updown-15m-1761849900,1761849900,875,,0.01,,,0,582.6,0.99,,58
btc-updown-15m-1761849900,1761849900,880,,0.01,,,0,714.6,0.99,,106
btc-updown-15m-1761849900,1761849900,885,,0.01,,,0,714.6,0.99,,19
btc-updown-15m-1761849900,1761849900,890,,0.01,,,0,190.09,0.99,,61
btc-updown-15m-1761849900,1761849900,895,,0.01,,,0,230.09,0.99,,128
btc-updown-15m-1761849900,1761849900,897,,0.01,,,0,235.09,0.99,,15
btc-updown-15m-1761849900,1761849900,899,,0.01,,,0,597.09,0.99,,121
btc-updown-15m-1761849900,1761849900,900,,0.01,,,0,544.09,0.99,,49
btc-updown-15m-1761854400,1761854400,0,0.53,0.6,0.565,0.07,134.51,17,0.4,0.47,1797
btc-updown-15m-1761854400,1761854400,15,0.5,0.51,0.505,0.01,240.4,510,0.49,0.5,5
btc-updown-15m-1761854400,1761854400,30,0.46,0.49,0.475,0.03,785.6,800,0.51,0.54,5
btc-updown-15m-1761854400,1761854400,45,0.47,0.5,0.485,0.03,810,640,0.5,0.53,20
btc-updown-15m-1761854400,1761854400,60,0.46,0.47,0.465,0.01,341.2,650,0.53,0.54,5
btc-updown-15m-1761854400,1761854400,75,0.61,0.65,0.63,0.04,362.3,540,0.35,0.39,5
btc-updown-15m-1761854400,1761854400,90,0.64,0.66,0.65,0.02,83,1729,0.34,0.36,6
btc-updown-15m-1761854400,1761854400,105,0.69,0.7,0.695,0.01,305,639.37,0.3,0.31,18
btc-updown-15m-1761854400,1761854400,120,0.67,0.69,0.68,0.02,82,854.01,0.31,0.33,3
btc-updown-15m-1761854400,1761854400,135,0.72,0.73,0.725,0.01,656,542,0.27,0.28,34
btc-updown-15m-1761854400,1761854400,150,0.59,0.61,0.6,0.02,653,513,0.39,0.41,6
btc-updown-15m-1761854400,1761854400,165,0.65,0.68,0.665,0.03,670,1020.4,0.32,0.35,10
btc-updown-15m-1761854400,1761854400,180,0.64,0.66,0.65,0.02,362,530,0.34,0.36,58
btc-updown-15m-1761854400,1761854400,195,0.57,0.6,0.585,0.03,934,631.67,0.4,0.43,1
btc-updown-15m-1761854400,1761854400,210,0.58,0.61,0.595,0.03,269,1149.03,0.39,0.42,10
btc-updown-15m-1761854400,1761854400,225,0.56,0.58,0.57,0.02,867.8,649,0.42,0.44,7
btc-updown-15m-1761854400,1761854400,240,0.54,0.55,0.545,0.01,453,104,0.45,0.46,8
btc-updown-15m-1761854400,1761854400,255,0.33,0.35,0.34,0.02,46,38,0.65,0.67,19
btc-updown-15m-1761854400,1761854400,270,0.34,0.36,0.35,0.02,299,105,0.64,0.66,17
btc-updown-15m-1761854400,1761854400,285,0.28,0.3,0.29,0.02,774.5,885,0.7,0.72,1
btc-updown-15m-1761854400,1761854400,300,0.37,0.39,0.38,0.02,351,422,0.61,0.63,13
btc-updown-15m-1761854400,1761854400,315,0.52,0.54,0.53,0.02,39,745.67,0.46,0.48,6
btc-updown-15m-1761854400,1761854400,330,0.53,0.55,0.54,0.02,528,112.5,0.45,0.47,24
btc-updown-15m-1761854400,1761854400,345,0.55,0.57,0.56,0.02,871.41,362.5,0.43,0.45,6
btc-updown-15m-1761854400,1761854400,360,0.6,0.62,0.61,0.02,281,882.9,0.38,0.4,102
btc-updown-15m-1761854400,1761854400,375,0.62,0.64,0.63,0.02,643,866.1,0.36,0.38,94
btc-updown-15m-1761854400,1761854400,390,0.56,0.59,0.575,0.03,537.5,356.4,0.41,0.44,2
btc-updown-15m-1761854400,1761854400,405,0.65,0.66,0.655,0.01,639.4,75.9,0.34,0.35,20
btc-updown-15m-1761854400,1761854400,420,0.62,0.64,0.63,0.02,1166,1221.7,0.36,0.38,19
btc-updown-15m-1761854400,1761854400,435,0.67,0.69,0.68,0.02,663,1108,0.31,0.33,12
btc-updown-15m-1761854400,1761854400,450,0.77,0.81,0.79,0.04,334,530.06,0.19,0.23,78
btc-updown-15m-1761854400,1761854400,465,0.77,0.79,0.78,0.02,731.17,558.43,0.21,0.23,3
btc-updown-15m-1761854400,1761854400,480,0.81,0.83,0.82,0.02,636.65,877,0.17,0.19,22
btc-updown-15m-1761854400,1761854400,495,0.82,0.83,0.825,0.01,676,856.6,0.17,0.18,51
btc-updown-15m-1761854400,1761854400,510,0.8,0.81,0.805,0.01,168.31,310.6,0.19,0.2,28
btc-updown-15m-1761854400,1761854400,525,0.87,0.89,0.88,0.02,643.08,2009.4,0.11,0.13,80
btc-updown-15m-1761854400,1761854400,540,0.88,0.9,0.89,0.02,647.59,1579.93,0.1,0.12,92
btc-updown-15m-1761854400,1761854400,555,0.87,0.9,0.885,0.03,706,1299.03,0.1,0.13,8
btc-updown-15m-1761854400,1761854400,570,0.89,0.9,0.895,0.01,876,431.53,0.1,0.11,10
btc-updown-15m-1761854400,1761854400,585,0.88,0.9,0.89,0.02,880,705.97,0.1,0.12,4
btc-updown-15m-1761854400,1761854400,600,0.89,0.92,0.905,0.03,1226.6,408.62,0.08,0.11,6
btc-updown-15m-1761854400,1761854400,615,0.94,0.95,0.945,0.01,635.56,565,0.05,0.06,1
btc-updown-15m-1761854400,1761854400,630,0.94,0.97,0.955,0.03,1606,2391.9,0.03,0.06,62
btc-updown-15m-1761854400,1761854400,645,0.95,0.97,0.96,0.02,807,6727.11,0.03,0.05,3
btc-updown-15m-1761854400,1761854400,660,0.96,0.98,0.97,0.02,864.41,6383.96,0.02,0.04,137
btc-updown-15m-1761854400,1761854400,675,0.97,0.99,0.98,0.02,3540,6181,0.01,0.03,96
btc-updown-15m-1761854400,1761854400,690,0.98,0.99,0.985,0.01,3107.45,5468.3,0.01,0.02,9
btc-updown-15m-1761854400,1761854400,705,0.98,0.99,0.985,0.01,3126.89,5506.3,0.01,0.02,65
btc-updown-15m-1761854400,1761854400,720,0.98,0.99,0.985,0.01,246.89,5566.3,0.01,0.02,29
btc-updown-15m-1761854400,1761854400,735,0.97,0.99,0.98,0.02,344.5,5968.26,0.01,0.03,652
btc-updown-15m-1761854400,1761854400,750,0.97,0.99,0.98,0.02,684.31,4867.07,0.01,0.03,11
btc-updown-15m-1761854400,1761854400,765,0.97,0.98,0.975,0.01,325.31,5673.94,0.02,0.03,57
btc-updown-15m-1761854400,1761854400,780,0.97,0.98,0.975,0.01,439.81,4921.8,0.02,0.03,28
btc-updown-15m-1761854400,1761854400,795,0.97,0.99,0.98,0.02,406.47,3349.09,0.01,0.03,5
btc-updown-15m-1761854400,1761854400,810,0.99,,,,1065.7,0,,0.01,104
btc-updown-15m-1761854400,1761854400,825,0.99,,,,414.79,0,,0.01,150
btc-updown-15m-1761854400,1761854400,840,0.99,,,,2529.88,0,,0.01,3
btc-updown-15m-1761854400,1761854400,845,0.99,,,,2388.29,0,,0.01,62
btc-updown-15m-1761854400,1761854400,850,0.99,,,,5493.34,0,,0.01,85
btc-updown-15m-1761854400,1761854400,855,0.99,,,,5393.34,0,,0.01,244
btc-updown-15m-1761854400,1761854400,860,0.99,,,,5388.25,0,,0.01,71
btc-updown-15m-1761854400,1761854400,865,0.99,,,,5410.69,0,,0.01,57
btc-updown-15m-1761854400,1761854400,870,0.99,,,,5410.69,0,,0.01,145
btc-updown-15m-1761854400,1761854400,875,0.99,,,,5410.6,0,,0.01,46
btc-updown-15m-1761854400,1761854400,880,0.99,,,,5415.69,0,,0.01,12
btc-updown-15m-1761854400,1761854400,885,0.99,,,,5447.69,0,,0.01,38
btc-updown-15m-1761854400,1761854400,890,0.99,,,,5587.69,0,,0.01,78
btc-updown-15m-1761854400,1761854400,895,0.99,,,,5612.69,0,,0.01,5
btc-updown-15m-1761854400,1761854400,897,0.99,,,,5612.69,0,,0.01,122
btc-updown-15m-1761854400,1761854400,899,0.99,,,,5870.22,0,,0.01,78
btc-updown-15m-1761854400,1761854400,900,0.99,,,,5890.22,0,,0.01,32
btc-updown-15m-1761858900,1761858900,0,0.44,0.45,0.445,0.01,318.6,1561.36,0.55,0.56,226
btc-updown-15m-1761858900,1761858900,15,0.42,0.48,0.45,0.06,300.79,2938.41,0.52,0.58,7
btc-updown-15m-1761858900,1761858900,30,0.48,0.49,0.485,0.01,635.26,3591.61,0.51,0.52,42
btc-updown-15m-1761858900,1761858900,45,0.45,0.49,0.47,0.04,659,4876.61,0.51,0.55,6
btc-updown-15m-1761858900,1761858900,60,0.41,0.45,0.43,0.04,909.37,655,0.55,0.59,31
btc-updown-15m-1761858900,1761858900,75,0.34,0.38,0.36,0.04,698.4,80,0.62,0.66,11
btc-updown-15m-1761858900,1761858900,90,0.35,0.39,0.37,0.04,586.46,781,0.61,0.65,18
btc-updown-15m-1761858900,1761858900,105,0.25,0.29,0.27,0.04,106,779.04,0.71,0.75,41
btc-updown-15m-1761858900,1761858900,120,0.27,0.29,0.28,0.02,59.32,783.68,0.71,0.73,46
btc-updown-15m-1761858900,1761858900,135,0.31,0.32,0.315,0.01,79.75,643.87,0.68,0.69,5
btc-updown-15m-1761858900,1761858900,150,0.31,0.34,0.325,0.03,649,693.24,0.66,0.69,54
btc-updown-15m-1761858900,1761858900,165,0.34,0.36,0.35,0.02,643,627.93,0.64,0.66,32
btc-updown-15m-1761858900,1761858900,180,0.3,0.32,0.31,0.02,100,45,0.68,0.7,18
btc-updown-15m-1761858900,1761858900,195,0.32,0.34,0.33,0.02,679,644.21,0.66,0.68,10
btc-updown-15m-1761858900,1761858900,210,0.33,0.35,0.34,0.02,1089.33,35,0.65,0.67,20
btc-updown-15m-1761858900,1761858900,225,0.36,0.38,0.37,0.02,777,736.48,0.62,0.64,81
btc-updown-15m-1761858900,1761858900,240,0.39,0.41,0.4,0.02,236,607.29,0.59,0.61,130
btc-updown-15m-1761858900,1761858900,255,0.38,0.41,0.395,0.03,333,631.32,0.59,0.62,127
btc-updown-15m-1761858900,1761858900,270,0.35,0.37,0.36,0.02,69.38,638,0.63,0.65,255
btc-updown-15m-1761858900,1761858900,285,0.39,0.4,0.395,0.01,38,643,0.6,0.61,93
btc-updown-15m-1761858900,1761858900,300,0.43,0.46,0.445,0.03,669,749.12,0.54,0.57,141
btc-updown-15m-1761858900,1761858900,315,0.49,0.5,0.495,0.01,120.61,5725.67,0.5,0.51,63
btc-updown-15m-1761858900,1761858900,330,0.54,0.55,0.545,0.01,657,156.27,0.45,0.46,31
btc-updown-15m-1761858900,1761858900,345,0.53,0.56,0.545,0.03,723.8,634.2,0.44,0.47,125
btc-updown-15m-1761858900,1761858900,360,0.55,0.58,0.565,0.03,719,96.08,0.42,0.45,75
btc-updown-15m-1761858900,1761858900,375,0.58,0.59,0.585,0.01,65,69.05,0.41,0.42,47
btc-updown-15m-1761858900,1761858900,390,0.57,0.58,0.575,0.01,58,662,0.42,0.43,107
btc-updown-15m-1761858900,1761858900,405,0.58,0.61,0.595,0.03,76,742.39,0.39,0.42,34
btc-updown-15m-1761858900,1761858900,420,0.56,0.58,0.57,0.02,708.1,352.18,0.42,0.44,77
btc-updown-15m-1761858900,1761858900,435,0.54,0.57,0.555,0.03,51,64,0.43,0.46,135
btc-updown-15m-1761858900,1761858900,450,0.57,0.58,0.575,0.01,635,332.6,0.42,0.43,105
btc-updown-15m-1761858900,1761858900,465,0.56,0.6,0.58,0.04,615.12,952.6,0.4,0.44,105
btc-updown-15m-1761858900,1761858900,480,0.54,0.56,0.55,0.02,73.99,33,0.44,0.46,5
btc-updown-15m-1761858900,1761858900,495,0.53,0.56,0.545,0.03,688.12,35,0.44,0.47,14
btc-updown-15m-1761858900,1761858900,510,0.58,0.61,0.595,0.03,646.77,723.11,0.39,0.42,204
btc-updown-15m-1761858900,1761858900,525,0.57,0.59,0.58,0.02,683.39,194.18,0.41,0.43,402
btc-updown-15m-1761858900,1761858900,540,0.55,0.59,0.57,0.04,383.13,61,0.41,0.45,29
btc-updown-15m-1761858900,1761858900,555,0.56,0.58,0.57,0.02,636.2,49,0.42,0.44,14
btc-updown-15m-1761858900,1761858900,570,0.58,0.6,0.59,0.02,30,94,0.4,0.42,228
btc-updown-15m-1761858900,1761858900,585,0.73,0.75,0.74,0.02,628.57,632.56,0.25,0.27,139
btc-updown-15m-1761858900,1761858900,600,0.78,0.8,0.79,0.02,47.22,666,0.2,0.22,1557
btc-updown-15m-1761858900,1761858900,615,0.7,0.72,0.71,0.02,651,35,0.28,0.3,43
btc-updown-15m-1761858900,1761858900,630,0.7,0.72,0.71,0.02,668.71,631.62,0.28,0.3,195
btc-updown-15m-1761858900,1761858900,645,0.88,0.92,0.9,0.04,713.8,144.28,0.08,0.12,15
btc-updown-15m-1761858900,1761858900,660,0.82,0.84,0.83,0.02,641.7,37,0.16,0.18,28
btc-updown-15m-1761858900,1761858900,675,0.89,0.91,0.9,0.02,48.4,100.24,0.09,0.11,24
btc-updown-15m-1761858900,1761858900,690,0.79,0.81,0.8,0.02,686.68,638.83,0.19,0.21,50
btc-updown-15m-1761858900,1761858900,705,0.77,0.79,0.78,0.02,645,618.34,0.21,0.23,20
btc-updown-15m-1761858900,1761858900,720,0.81,0.83,0.82,0.02,52,630,0.17,0.19,96
btc-updown-15m-1761858900,1761858900,735,0.8,0.84,0.82,0.04,42,795,0.16,0.2,295
btc-updown-15m-1761858900,1761858900,750,0.83,0.85,0.84,0.02,65.44,723,0.15,0.17,28
btc-updown-15m-1761858900,1761858900,765,0.83,0.88,0.855,0.05,72,787,0.12,0.17,32
btc-updown-15m-1761858900,1761858900,780,0.85,0.91,0.88,0.06,654,642,0.09,0.15,1971
btc-updown-15m-1761858900,1761858900,795,0.9,0.91,0.905,0.01,359,732.3,0.09,0.1,149
btc-updown-15m-1761858900,1761858900,810,0.89,0.91,0.9,0.02,189.51,668.31,0.09,0.11,290
btc-updown-15m-1761858900,1761858900,825,0.95,0.96,0.955,0.01,70.05,893,0.04,0.05,27
btc-updown-15m-1761858900,1761858900,840,0.94,0.97,0.955,0.03,252.15,2066.61,0.03,0.06,75
btc-updown-15m-1761858900,1761858900,845,0.96,0.97,0.965,0.01,77,2054.54,0.03,0.04,1205
btc-updown-15m-1761858900,1761858900,850,0.96,0.98,0.97,0.02,578,1176.23,0.02,0.04,910
btc-updown-15m-1761858900,1761858900,855,0.96,0.98,0.97,0.02,1581,1109.61,0.02,0.04,114
btc-updown-15m-1761858900,1761858900,860,0.97,0.99,0.98,0.02,1115.76,1044.32,0.01,0.03,248
btc-updown-15m-1761858900,1761858900,865,0.99,,,,573.31,0,,0.01,134
btc-updown-15m-1761858900,1761858900,870,0.99,,,,2624.62,0,,0.01,118
btc-updown-15m-1761858900,1761858900,875,0.99,,,,1596.59,0,,0.01,76
btc-updown-15m-1761858900,1761858900,880,0.99,,,,1599.42,0,,0.01,690
btc-updown-15m-1761858900,1761858900,885,0.99,,,,1604.42,0,,0.01,1065
btc-updown-15m-1761858900,1761858900,890,0.99,,,,1684.42,0,,0.01,980
btc-updown-15m-1761858900,1761858900,895,0.99,,,,2009.42,0,,0.01,47
btc-updown-15m-1761858900,1761858900,897,0.99,,,,2041.42,0,,0.01,885
btc-updown-15m-1761858900,1761858900,899,0.99,,,,2150.42,0,,0.01,129
btc-updown-15m-1761858900,1761858900,900,0.99,,,,2150.42,0,,0.01,1129
btc-updown-15m-1761863400,1761863400,0,0.49,0.5,0.495,0.01,76.97,462.48,0.5,0.51,3985
btc-updown-15m-1761863400,1761863400,15,0.5,0.51,0.505,0.01,56,1107.58,0.49,0.5,56
btc-updown-15m-1761863400,1761863400,30,0.54,0.55,0.545,0.01,655,967.3,0.45,0.46,9
btc-updown-15m-1761863400,1761863400,45,0.56,0.59,0.575,0.03,755.2,50,0.41,0.44,5
btc-updown-15m-1761863400,1761863400,60,0.55,0.59,0.57,0.04,635,648.66,0.41,0.45,49
btc-updown-15m-1761863400,1761863400,75,0.5,0.54,0.52,0.04,895.11,701,0.46,0.5,257
btc-updown-15m-1761863400,1761863400,90,0.48,0.5,0.49,0.02,640,698,0.5,0.52,65
btc-updown-15m-1761863400,1761863400,105,0.45,0.48,0.465,0.03,1701,739.61,0.52,0.55,794
btc-updown-15m-1761863400,1761863400,120,0.45,0.47,0.46,0.02,1064.64,89.33,0.53,0.55,78
btc-updown-15m-1761863400,1761863400,135,0.39,0.42,0.405,0.03,727.5,57.77,0.58,0.61,147
btc-updown-15m-1761863400,1761863400,150,0.39,0.42,0.405,0.03,693.5,44.55,0.58,0.61,390
btc-updown-15m-1761863400,1761863400,165,0.4,0.42,0.41,0.02,626,76.59,0.58,0.6,62
btc-updown-15m-1761863400,1761863400,180,0.39,0.42,0.405,0.03,686.5,85.36,0.58,0.61,3
btc-updown-15m-1761863400,1761863400,195,0.25,0.27,0.26,0.02,91.1,810.17,0.73,0.75,70
btc-updown-15m-1761863400,1761863400,210,0.29,0.31,0.3,0.02,100.9,663,0.69,0.71,56
btc-updown-15m-1761863400,1761863400,225,0.33,0.35,0.34,0.02,60.2,663.13,0.65,0.67,209
btc-updown-15m-1761863400,1761863400,240,0.26,0.28,0.27,0.02,710,632,0.72,0.74,9
btc-updown-15m-1761863400,1761863400,255,0.25,0.26,0.255,0.01,657.56,105.66,0.74,0.75,6
btc-updown-15m-1761863400,1761863400,270,0.22,0.24,0.23,0.02,617.56,675.04,0.76,0.78,11
btc-updown-15m-1761863400,1761863400,285,0.22,0.26,0.24,0.04,112.73,673.04,0.74,0.78,59
btc-updown-15m-1761863400,1761863400,300,0.21,0.25,0.23,0.04,830.6,48.04,0.75,0.79,57
btc-updown-15m-1761863400,1761863400,315,0.28,0.3,0.29,0.02,124,614.8,0.7,0.72,53
btc-updown-15m-1761863400,1761863400,330,0.4,0.42,0.41,0.02,670.03,50,0.58,0.6,1
btc-updown-15m-1761863400,1761863400,345,0.43,0.44,0.435,0.01,777.7,617.87,0.56,0.57,75
btc-updown-15m-1761863400,1761863400,360,0.38,0.39,0.385,0.01,715.4,42,0.61,0.62,1
btc-updown-15m-1761863400,1761863400,375,0.42,0.43,0.425,0.01,33,648,0.57,0.58,2
btc-updown-15m-1761863400,1761863400,390,0.41,0.44,0.425,0.03,674,52,0.56,0.59,28
btc-updown-15m-1761863400,1761863400,405,0.49,0.51,0.5,0.02,79.6,665,0.49,0.51,159
btc-updown-15m-1761863400,1761863400,420,0.53,0.56,0.545,0.03,65.31,681,0.44,0.47,105
btc-updown-15m-1761863400,1761863400,435,0.6,0.61,0.605,0.01,75.3,680.36,0.39,0.4,25
btc-updown-15m-1761863400,1761863400,450,0.62,0.64,0.63,0.02,34,659,0.36,0.38,35
btc-updown-15m-1761863400,1761863400,465,0.67,0.69,0.68,0.02,699,654,0.31,0.33,119
btc-updown-15m-1761863400,1761863400,480,0.7,0.72,0.71,0.02,640.1,632.56,0.28,0.3,64
btc-updown-15m-1761863400,1761863400,495,0.75,0.76,0.755,0.01,41,84.01,0.24,0.25,23
btc-updown-15m-1761863400,1761863400,510,0.71,0.73,0.72,0.02,708.27,43,0.27,0.29,70
btc-updown-15m-1761863400,1761863400,525,0.68,0.72,0.7,0.04,68.86,653,0.28,0.32,332
btc-updown-15m-1761863400,1761863400,540,0.71,0.76,0.735,0.05,668.04,641.9,0.24,0.29,197
btc-updown-15m-1761863400,1761863400,555,0.69,0.72,0.705,0.03,88.5,679,0.28,0.31,68
btc-updown-15m-1761863400,1761863400,570,0.72,0.74,0.73,0.02,686.13,58,0.26,0.28,172
btc-updown-15m-1761863400,1761863400,585,0.67,0.68,0.675,0.01,77.69,721.61,0.32,0.33,174
btc-updown-15m-1761863400,1761863400,600,0.59,0.61,0.6,0.02,71,827.23,0.39,0.41,0
btc-updown-15m-1761863400,1761863400,615,0.55,0.58,0.565,0.03,657.94,798.29,0.42,0.45,100
btc-updown-15m-1761863400,1761863400,630,0.54,0.58,0.56,0.04,617.42,736,0.42,0.46,15
btc-updown-15m-1761863400,1761863400,645,0.54,0.57,0.555,0.03,48.33,757.83,0.43,0.46,425
btc-updown-15m-1761863400,1761863400,660,0.54,0.59,0.565,0.05,655.36,756,0.41,0.46,205
btc-updown-15m-1761863400,1761863400,675,0.59,0.64,0.615,0.05,650,165,0.36,0.41,372
btc-updown-15m-1761863400,1761863400,690,0.57,0.59,0.58,0.02,31.38,127,0.41,0.43,105
btc-updown-15m-1761863400,1761863400,705,0.62,0.64,0.63,0.02,73.39,54.5,0.36,0.38,0
btc-updown-15m-1761863400,1761863400,720,0.71,0.74,0.725,0.03,674.28,745.07,0.26,0.29,78
btc-updown-15m-1761863400,1761863400,735,0.75,0.79,0.77,0.04,79.69,702.8,0.21,0.25,0
btc-updown-15m-1761863400,1761863400,750,0.74,0.79,0.765,0.05,53,439.29,0.21,0.26,398
btc-updown-15m-1761863400,1761863400,765,0.75,0.79,0.77,0.04,636,643.6,0.21,0.25,514
btc-updown-15m-1761863400,1761863400,780,0.71,0.73,0.72,0.02,45,763,0.27,0.29,131
btc-updown-15m-1761863400,1761863400,795,0.76,0.8,0.78,0.04,445,47.22,0.2,0.24,6
btc-updown-15m-1761863400,1761863400,810,0.82,0.83,0.825,0.01,625.3,620,0.17,0.18,50
btc-updown-15m-1761863400,1761863400,825,0.79,0.83,0.81,0.04,648,640.97,0.17,0.21,683
btc-updown-15m-1761863400,1761863400,840,0.85,0.86,0.855,0.01,80,640.48,0.14,0.15,94
btc-updown-15m-1761863400,1761863400,845,0.85,0.87,0.86,0.02,68.98,616.6,0.13,0.15,254
btc-updown-15m-1761863400,1761863400,850,0.9,0.94,0.92,0.04,660.26,823.99,0.06,0.1,42
btc-updown-15m-1761863400,1761863400,855,0.91,0.94,0.925,0.03,670,802.21,0.06,0.09,19
btc-updown-15m-1761863400,1761863400,860,0.95,0.97,0.96,0.02,1085,1543.77,0.03,0.05,96
btc-updown-15m-1761863400,1761863400,865,0.96,0.98,0.97,0.02,1113,1399.49,0.02,0.04,11
btc-updown-15m-1761863400,1761863400,870,0.97,0.99,0.98,0.02,1095,1181.98,0.01,0.03,289
btc-updown-15m-1761863400,1761863400,875,0.97,0.99,0.98,0.02,676.72,75.73,0.01,0.03,102
btc-updown-15m-1761863400,1761863400,880,0.93,0.99,0.96,0.06,78,170.15,0.01,0.07,14
btc-updown-15m-1761863400,1761863400,885,0.92,0.99,0.955,0.07,66,118.83,0.01,0.08,160
btc-updown-15m-1761863400,1761863400,890,0.94,,,,71,0,,0.06,37
btc-updown-15m-1761863400,1761863400,895,0.99,,,,226,0,,0.01,136
btc-updown-15m-1761863400,1761863400,897,0.99,,,,350,0,,0.01,173
btc-updown-15m-1761863400,1761863400,899,0.99,,,,556,0,,0.01,13
btc-updown-15m-1761863400,1761863400,900,0.99,,,,556,0,,0.01,504
btc-updown-15m-1761867900,1761867900,0,0.5,0.54,0.52,0.04,2358.22,37.13,0.46,0.5,3988
btc-updown-15m-1761867900,1761867900,15,0.5,0.53,0.515,0.03,1863.22,36,0.47,0.5,3
btc-updown-15m-1761867900,1761867900,30,0.5,0.51,0.505,0.01,31.49,856,0.49,0.5,589
btc-updown-15m-1761867900,1761867900,45,0.49,0.5,0.495,0.01,46,80.03,0.5,0.51,217
btc-updown-15m-1761867900,1761867900,60,0.56,0.6,0.58,0.04,653,56,0.4,0.44,66
btc-updown-15m-1761867900,1761867900,75,0.62,0.67,0.645,0.05,661,311.8,0.33,0.38,741
btc-updown-15m-1761867900,1761867900,90,0.66,0.68,0.67,0.02,966,280.9,0.32,0.34,4
btc-updown-15m-1761867900,1761867900,105,0.67,0.69,0.68,0.02,642.24,849.44,0.31,0.33,65
btc-updown-15m-1761867900,1761867900,120,0.69,0.71,0.7,0.02,271.4,701.33,0.29,0.31,65
btc-updown-15m-1761867900,1761867900,135,0.68,0.7,0.69,0.02,681,143.1,0.3,0.32,574
btc-updown-15m-1761867900,1761867900,150,0.69,0.72,0.705,0.03,679,79.7,0.28,0.31,9
btc-updown-15m-1761867900,1761867900,165,0.76,0.8,0.78,0.04,670.12,147.7,0.2,0.24,55
btc-updown-15m-1761867900,1761867900,180,0.78,0.8,0.79,0.02,698,131,0.2,0.22,147
btc-updown-15m-1761867900,1761867900,195,0.89,0.9,0.895,0.01,69,787.9,0.1,0.11,12
btc-updown-15m-1761867900,1761867900,210,0.89,0.91,0.9,0.02,666,188,0.09,0.11,183
btc-updown-15m-1761867900,1761867900,225,0.91,0.94,0.925,0.03,759.74,1345,0.06,0.09,2413
btc-updown-15m-1761867900,1761867900,240,0.91,0.92,0.915,0.01,768.74,1217.93,0.08,0.09,236
btc-updown-15m-1761867900,1761867900,255,0.91,0.93,0.92,0.02,771.06,810.61,0.07,0.09,1038
btc-updown-15m-1761867900,1761867900,270,0.91,0.93,0.92,0.02,777.06,824.54,0.07,0.09,0
btc-updown-15m-1761867900,1761867900,285,0.91,0.94,0.925,0.03,795.86,1781.93,0.06,0.09,34
btc-updown-15m-1761867900,1761867900,300,0.93,0.95,0.94,0.02,78,2455.56,0.05,0.07,111
btc-updown-15m-1761867900,1761867900,315,0.91,0.95,0.93,0.04,823.49,2464.56,0.05,0.09,271
btc-updown-15m-1761867900,1761867900,330,0.9,0.91,0.905,0.01,199.53,1288.93,0.09,0.1,0
btc-updown-15m-1761867900,1761867900,345,0.89,0.93,0.91,0.04,806.79,1303.93,0.07,0.11,143
btc-updown-15m-1761867900,1761867900,360,0.89,0.91,0.9,0.02,805.53,51,0.09,0.11,321
btc-updown-15m-1761867900,1761867900,375,0.91,0.92,0.915,0.01,827.53,1231.6,0.08,0.09,987
btc-updown-15m-1761867900,1761867900,390,0.91,0.93,0.92,0.02,783.48,1209.93,0.07,0.09,143
btc-updown-15m-1761867900,1761867900,405,0.94,0.95,0.945,0.01,76.94,2199.93,0.05,0.06,437
btc-updown-15m-1761867900,1761867900,420,0.95,0.96,0.955,0.01,105.86,3018,0.04,0.05,240
btc-updown-15m-1761867900,1761867900,435,0.96,0.97,0.965,0.01,297.18,2430,0.03,0.04,39
btc-updown-15m-1761867900,1761867900,450,0.96,0.98,0.97,0.02,127.61,2036.48,0.02,0.04,3099
btc-updown-15m-1761867900,1761867900,465,0.96,0.98,0.97,0.02,277.61,1797,0.02,0.04,301
btc-updown-15m-1761867900,1761867900,480,0.96,0.98,0.97,0.02,277.61,1657,0.02,0.04,832
btc-updown-15m-1761867900,1761867900,495,0.97,0.99,0.98,0.02,243.61,2053.89,0.01,0.03,111
btc-updown-15m-1761867900,1761867900,510,0.97,0.99,0.98,0.02,329.58,2144.78,0.01,0.03,7584
btc-updown-15m-1761867900,1761867900,525,0.98,0.99,0.985,0.01,569.88,2208.85,0.01,0.02,43
btc-updown-15m-1761867900,1761867900,540,0.98,0.99,0.985,0.01,777.06,2544.85,0.01,0.02,1782
btc-updown-15m-1761867900,1761867900,555,0.98,0.99,0.985,0.01,1110.11,2238.11,0.01,0.02,1150
btc-updown-15m-1761867900,1761867900,570,0.98,0.99,0.985,0.01,1233.11,2118.11,0.01,0.02,1907
btc-updown-15m-1761867900,1761867900,585,0.98,0.99,0.985,0.01,1118.81,1971.9,0.01,0.02,864
btc-updown-15m-1761867900,1761867900,600,0.99,,,,3436.72,0,,0.01,26
btc-updown-15m-1761867900,1761867900,615,0.99,,,,7767.72,0,,0.01,0
btc-updown-15m-1761867900,1761867900,630,0.99,,,,8443.03,0,,0.01,431
btc-updown-15m-1761867900,1761867900,645,0.99,0.998,0.994,0.008,9043.03,600,0.002,0.01,3243
btc-updown-15m-1761867900,1761867900,660,0.99,0.998,0.994,0.008,9045.03,600,0.002,0.01,478
btc-updown-15m-1761867900,1761867900,675,0.99,0.998,0.994,0.008,10156.03,549.9,0.002,0.01,176
btc-updown-15m-1761867900,1761867900,690,0.993,0.998,0.9955,0.005,1666,600,0.002,0.007,643
btc-updown-15m-1761867900,1761867900,705,0.994,0.998,0.996,0.004,666,600,0.002,0.006,287
btc-updown-15m-1761867900,1761867900,720,0.994,,,,666,0,,0.006,1921
btc-updown-15m-1761867900,1761867900,735,0.994,0.998,0.996,0.004,666,600,0.002,0.006,2782
btc-updown-15m-1761867900,1761867900,750,0.994,0.999,0.9965,0.005,1266,600,0.001,0.006,2105
btc-updown-15m-1761867900,1761867900,765,0.997,0.998,0.9975,0.001,1077,750,0.002,0.003,1401
btc-updown-15m-1761867900,1761867900,780,0.998,0.999,0.9985,0.001,1288.2,1684.97,0.001,0.002,888
btc-updown-15m-1761867900,1761867900,795,0.998,0.999,0.9985,0.001,1366.2,1651.93,0.001,0.002,3195
btc-updown-15m-1761867900,1761867900,810,0.998,0.999,0.9985,0.001,1255.2,1096.93,0.001,0.002,258
btc-updown-15m-1761867900,1761867900,825,0.998,0.999,0.9985,0.001,1255.2,1584.93,0.001,0.002,50
btc-updown-15m-1761867900,1761867900,840,0.998,,,,1255.2,0,,0.002,1089
btc-updown-15m-1761867900,1761867900,845,0.999,,,,1766.2,0,,0.001,1178
btc-updown-15m-1761867900,1761867900,850,0.999,,,,3477.2,0,,0.001,3067
btc-updown-15m-1761867900,1761867900,855,0.999,,,,2877.2,0,,0.001,3219
btc-updown-15m-1761867900,1761867900,860,0.999,,,,3477.2,0,,0.001,3059
btc-updown-15m-1761867900,1761867900,865,0.999,,,,3477.2,0,,0.001,1880
btc-updown-15m-1761867900,1761867900,870,0.999,,,,3477.2,0,,0.001,3115
btc-updown-15m-1761867900,1761867900,875,0.999,,,,3477.2,0,,0.001,2503
btc-updown-15m-1761867900,1761867900,880,0.999,,,,3477.2,0,,0.001,2733
btc-updown-15m-1761867900,1761867900,885,0.999,,,,3477.2,0,,0.001,994
btc-updown-15m-1761867900,1761867900,890,0.999,,,,2877.2,0,,0.001,1351
btc-updown-15m-1761867900,1761867900,895,0.999,,,,2877.2,0,,0.001,742
btc-updown-15m-1761867900,1761867900,897,0.999,,,,2877.2,0,,0.001,989
btc-updown-15m-1761867900,1761867900,899,0.999,,,,2877.2,0,,0.001,183
btc-updown-15m-1761867900,1761867900,900,0.999,,,,2877.2,0,,0.001,1183
btc-updown-15m-1761872400,1761872400,0,0.45,0.47,0.46,0.02,232.84,64.51,0.53,0.55,3484
btc-updown-15m-1761872400,1761872400,15,0.4,0.46,0.43,0.06,213,49.3,0.54,0.6,20
btc-updown-15m-1761872400,1761872400,30,0.38,0.42,0.4,0.04,674.98,99,0.58,0.62,232
btc-updown-15m-1761872400,1761872400,45,0.4,0.44,0.42,0.04,102.8,630,0.56,0.6,161
btc-updown-15m-1761872400,1761872400,60,0.4,0.42,0.41,0.02,664,647,0.58,0.6,165
btc-updown-15m-1761872400,1761872400,75,0.36,0.38,0.37,0.02,58,73,0.62,0.64,163
btc-updown-15m-1761872400,1761872400,90,0.41,0.42,0.415,0.01,670.1,653,0.58,0.59,9
btc-updown-15m-1761872400,1761872400,105,0.37,0.39,0.38,0.02,949,652,0.61,0.63,13
btc-updown-15m-1761872400,1761872400,120,0.41,0.43,0.42,0.02,648.44,651,0.57,0.59,35
btc-updown-15m-1761872400,1761872400,135,0.38,0.41,0.395,0.03,421.6,678,0.59,0.62,366
btc-updown-15m-1761872400,1761872400,150,0.38,0.4,0.39,0.02,966,680.61,0.6,0.62,37
btc-updown-15m-1761872400,1761872400,165,0.36,0.38,0.37,0.02,941.92,64,0.62,0.64,1393
btc-updown-15m-1761872400,1761872400,180,0.41,0.42,0.415,0.01,650.07,125.87,0.58,0.59,1
btc-updown-15m-1761872400,1761872400,195,0.44,0.45,0.445,0.01,726.1,82.87,0.55,0.56,59
btc-updown-15m-1761872400,1761872400,210,0.55,0.57,0.56,0.02,528,114.85,0.43,0.45,32
btc-updown-15m-1761872400,1761872400,225,0.58,0.6,0.59,0.02,672,198,0.4,0.42,120
btc-updown-15m-1761872400,1761872400,240,0.6,0.61,0.605,0.01,667,124.74,0.39,0.4,74
btc-updown-15m-1761872400,1761872400,255,0.61,0.64,0.625,0.03,651,494.81,0.36,0.39,1989
btc-updown-15m-1761872400,1761872400,270,0.78,0.79,0.785,0.01,146,78.9,0.21,0.22,2
btc-updown-15m-1761872400,1761872400,285,0.74,0.76,0.75,0.02,665.99,144.8,0.24,0.26,265
btc-updown-15m-1761872400,1761872400,300,0.76,0.8,0.78,0.04,701.03,746.44,0.2,0.24,838
btc-updown-15m-1761872400,1761872400,315,0.8,0.82,0.81,0.02,38,667.8,0.18,0.2,40
btc-updown-15m-1761872400,1761872400,330,0.83,0.84,0.835,0.01,1248,63.6,0.16,0.17,149
btc-updown-15m-1761872400,1761872400,345,0.88,0.89,0.885,0.01,697.63,688.5,0.11,0.12,93
btc-updown-15m-1761872400,1761872400,360,0.83,0.84,0.835,0.01,684,83.99,0.16,0.17,135
btc-updown-15m-1761872400,1761872400,375,0.87,0.89,0.88,0.02,65,728.02,0.11,0.13,477
btc-updown-15m-1761872400,1761872400,390,0.93,0.94,0.935,0.01,18.72,1774,0.06,0.07,1
btc-updown-15m-1761872400,1761872400,405,0.94,0.95,0.945,0.01,667,1962.54,0.05,0.06,27
btc-updown-15m-1761872400,1761872400,420,0.95,0.96,0.955,0.01,832.18,3023.48,0.04,0.05,25
btc-updown-15m-1761872400,1761872400,435,0.96,0.97,0.965,0.01,780,2462.53,0.03,0.04,50
btc-updown-15m-1761872400,1761872400,450,0.96,0.98,0.97,0.02,861,1786.78,0.02,0.04,41
btc-updown-15m-1761872400,1761872400,465,0.95,0.98,0.965,0.03,788,1534.37,0.02,0.05,705
btc-updown-15m-1761872400,1761872400,480,0.96,0.98,0.97,0.02,1142.31,1016.37,0.02,0.04,1489
btc-updown-15m-1761872400,1761872400,495,0.97,0.99,0.98,0.02,1032,1072.97,0.01,0.03,9
btc-updown-15m-1761872400,1761872400,510,0.98,0.99,0.985,0.01,591.98,2069.11,0.01,0.02,2830
btc-updown-15m-1761872400,1761872400,525,0.98,0.99,0.985,0.01,984.8,1661.46,0.01,0.02,962
btc-updown-15m-1761872400,1761872400,540,0.98,0.99,0.985,0.01,1107.91,992.69,0.01,0.02,293
btc-updown-15m-1761872400,1761872400,555,0.98,0.99,0.985,0.01,1366.91,599.7,0.01,0.02,1772
btc-updown-15m-1761872400,1761872400,570,0.98,0.99,0.985,0.01,1178.5,346.95,0.01,0.02,663
btc-updown-15m-1761872400,1761872400,585,0.99,,,,1187.77,0,,0.01,1563
btc-updown-15m-1761872400,1761872400,600,0.99,,,,1514.77,0,,0.01,7298
btc-updown-15m-1761872400,1761872400,615,0.99,,,,2174.77,0,,0.01,166
btc-updown-15m-1761872400,1761872400,630,0.99,,,,7094.77,0,,0.01,699
btc-updown-15m-1761872400,1761872400,645,0.99,,,,8662.52,0,,0.01,473
btc-updown-15m-1761872400,1761872400,660,0.99,,,,8662.52,0,,0.01,3239
btc-updown-15m-1761872400,1761872400,675,0.99,,,,8685.5,0,,0.01,100
btc-updown-15m-1761872400,1761872400,690,0.99,,,,8796.5,0,,0.01,5527
btc-updown-15m-1761872400,1761872400,705,0.99,,,,8826.5,0,,0.01,276
btc-updown-15m-1761872400,1761872400,720,0.99,,,,8937.5,0,,0.01,1431
btc-updown-15m-1761872400,1761872400,735,0.99,,,,9304.5,0,,0.01,47
btc-updown-15m-1761872400,1761872400,750,0.99,,,,9324.5,0,,0.01,820
btc-updown-15m-1761872400,1761872400,765,0.99,,,,9354.5,0,,0.01,2998
btc-updown-15m-1761872400,1761872400,780,0.99,,,,9554.5,0,,0.01,67
btc-updown-15m-1761872400,1761872400,795,0.99,,,,10054.5,0,,0.01,428
btc-updown-15m-1761872400,1761872400,810,0.99,,,,10320.5,0,,0.01,816
btc-updown-15m-1761872400,1761872400,825,0.99,,,,10320.5,0,,0.01,1046
btc-updown-15m-1761872400,1761872400,840,0.99,,,,10092.84,0,,0.01,2275
btc-updown-15m-1761872400,1761872400,845,0.99,,,,10092.84,0,,0.01,410
btc-updown-15m-1761872400,1761872400,850,0.99,,,,10235.84,0,,0.01,43
btc-updown-15m-1761872400,1761872400,855,0.99,,,,10235.84,0,,0.01,2554
btc-updown-15m-1761872400,1761872400,860,0.99,,,,10235.84,0,,0.01,7554
btc-updown-15m-1761872400,1761872400,865,0.99,,,,10253.19,0,,0.01,1480
btc-updown-15m-1761872400,1761872400,870,0.99,,,,10253.19,0,,0.01,1696
btc-updown-15m-1761872400,1761872400,875,0.99,,,,10208.19,0,,0.01,2040
btc-updown-15m-1761872400,1761872400,880,0.99,,,,10176.19,0,,0.01,3
btc-updown-15m-1761872400,1761872400,885,0.99,,,,10208.19,0,,0.01,1488
btc-updown-15m-1761872400,1761872400,890,0.99,,,,10208.19,0,,0.01,3388
btc-updown-15m-1761872400,1761872400,895,0.99,,,,10233.19,0,,0.01,2412
btc-updown-15m-1761872400,1761872400,897,0.99,,,,10233.19,0,,0.01,4412
btc-updown-15m-1761872400,1761872400,899,0.99,,,,10561.19,0,,0.01,114
btc-updown-15m-1761872400,1761872400,900,0.99,,,,10607.11,0,,0.01,617
btc-updown-15m-1761876000,1761876000,0,0.49,0.5,0.495,0.01,545,4975,0.5,0.51,216
btc-updown-15m-1761876000,1761876000,15,0.49,0.5,0.495,0.01,564.8,3043.96,0.5,0.51,136
btc-updown-15m-1761876000,1761876000,30,0.49,0.52,0.505,0.03,1358,60,0.48,0.51,127
btc-updown-15m-1761876000,1761876000,45,0.56,0.58,0.57,0.02,86,70,0.42,0.44,87
btc-updown-15m-1761876000,1761876000,60,0.48,0.51,0.495,0.03,35,191,0.49,0.52,4
btc-updown-15m-1761876000,1761876000,75,0.38,0.39,0.385,0.01,617,1072,0.61,0.62,1
btc-updown-15m-1761876000,1761876000,90,0.43,0.46,0.445,0.03,20,937,0.54,0.57,27
btc-updown-15m-1761876000,1761876000,105,0.47,0.49,0.48,0.02,88,705,0.51,0.53,424
btc-updown-15m-1761876000,1761876000,120,0.47,0.48,0.475,0.01,645,772,0.52,0.53,5
btc-updown-15m-1761876000,1761876000,135,0.39,0.41,0.4,0.02,658,269,0.59,0.61,5
btc-updown-15m-1761876000,1761876000,150,0.4,0.41,0.405,0.01,284.12,918.95,0.59,0.6,39
btc-updown-15m-1761876000,1761876000,165,0.33,0.37,0.35,0.04,653,785,0.63,0.67,154
btc-updown-15m-1761876000,1761876000,180,0.37,0.39,0.38,0.02,669.06,716,0.61,0.63,49
btc-updown-15m-1761876000,1761876000,195,0.3,0.34,0.32,0.04,286.27,202,0.66,0.7,215
btc-updown-15m-1761876000,1761876000,210,0.24,0.26,0.25,0.02,675,360,0.74,0.76,11
btc-updown-15m-1761876000,1761876000,225,0.25,0.27,0.26,0.02,657,751.04,0.73,0.75,202
btc-updown-15m-1761876000,1761876000,240,0.29,0.31,0.3,0.02,84,730,0.69,0.71,31
btc-updown-15m-1761876000,1761876000,255,0.31,0.33,0.32,0.02,61,708,0.67,0.69,52
btc-updown-15m-1761876000,1761876000,270,0.27,0.29,0.28,0.02,69,661.35,0.71,0.73,40
btc-updown-15m-1761876000,1761876000,285,0.27,0.29,0.28,0.02,167,671,0.71,0.73,5
btc-updown-15m-1761876000,1761876000,300,0.24,0.28,0.26,0.04,37,742.71,0.72,0.76,139
btc-updown-15m-1761876000,1761876000,315,0.2,0.21,0.205,0.01,430,141,0.79,0.8,41
btc-updown-15m-1761876000,1761876000,330,0.19,0.21,0.2,0.02,529.61,205,0.79,0.81,52
btc-updown-15m-1761876000,1761876000,345,0.17,0.19,0.18,0.02,40.79,690.46,0.81,0.83,31
btc-updown-15m-1761876000,1761876000,360,0.13,0.15,0.14,0.02,111,308,0.85,0.87,294
btc-updown-15m-1761876000,1761876000,375,0.08,0.1,0.09,0.02,106.83,807,0.9,0.92,462
btc-updown-15m-1761876000,1761876000,390,0.06,0.08,0.07,0.02,2679.67,782.56,0.92,0.94,191
btc-updown-15m-1761876000,1761876000,405,0.07,0.08,0.075,0.01,1697.98,967.64,0.92,0.93,186
btc-updown-15m-1761876000,1761876000,420,0.11,0.13,0.12,0.02,241.69,773,0.87,0.89,185
btc-updown-15m-1761876000,1761876000,435,0.09,0.14,0.115,0.05,657,693.85,0.86,0.91,42
btc-updown-15m-1761876000,1761876000,450,0.09,0.1,0.095,0.01,1791.98,683,0.9,0.91,3778
btc-updown-15m-1761876000,1761876000,465,0.06,0.09,0.075,0.03,1843.83,741.88,0.91,0.94,988
btc-updown-15m-1761876000,1761876000,480,0.06,0.09,0.075,0.03,1830.51,799.87,0.91,0.94,474
btc-updown-15m-1761876000,1761876000,495,0.04,0.05,0.045,0.01,629,217.82,0.95,0.96,83
btc-updown-15m-1761876000,1761876000,510,0.02,0.03,0.025,0.01,2153.61,1042.77,0.97,0.98,114
btc-updown-15m-1761876000,1761876000,525,0.01,0.03,0.02,0.02,1025.07,1732.5,0.97,0.99,0
btc-updown-15m-1761876000,1761876000,540,0.02,0.03,0.025,0.01,1362.07,1504.6,0.97,0.98,2
btc-updown-15m-1761876000,1761876000,555,0.02,0.03,0.025,0.01,924.77,1429.92,0.97,0.98,74
btc-updown-15m-1761876000,1761876000,570,0.02,0.03,0.025,0.01,1405.07,1593.95,0.97,0.98,412
btc-updown-15m-1761876000,1761876000,585,0.01,0.02,0.015,0.01,1337.92,1335.13,0.98,0.99,264
btc-updown-15m-1761876000,1761876000,600,0.01,0.02,0.015,0.01,1305.92,1323.61,0.98,0.99,262
btc-updown-15m-1761876000,1761876000,615,0.01,0.03,0.02,0.02,1272.15,1627.97,0.97,0.99,300
btc-updown-15m-1761876000,1761876000,630,0.01,0.02,0.015,0.01,1244.74,1208.15,0.98,0.99,179
btc-updown-15m-1761876000,1761876000,645,0.01,0.02,0.015,0.01,434.21,1254.15,0.98,0.99,15
btc-updown-15m-1761876000,1761876000,660,,0.01,,,0,1235.27,0.99,,441
btc-updown-15m-1761876000,1761876000,675,,0.01,,,0,1135.27,0.99,,314
btc-updown-15m-1761876000,1761876000,690,,0.01,,,0,1518.09,0.99,,2612
btc-updown-15m-1761876000,1761876000,705,,0.01,,,0,1653.09,0.99,,406
btc-updown-15m-1761876000,1761876000,720,,0.01,,,0,2440.09,0.99,,2030
btc-updown-15m-1761876000,1761876000,735,,0.01,,,0,2490.09,0.99,,2163
btc-updown-15m-1761876000,1761876000,750,,0.01,,,0,2580.08,0.99,,1469
btc-updown-15m-1761876000,1761876000,765,,0.01,,,0,4630.08,0.99,,880
btc-updown-15m-1761876000,1761876000,780,,0.01,,,0,6630.08,0.99,,237
btc-updown-15m-1761876000,1761876000,795,,0.01,,,0,7207.9,0.99,,971
btc-updown-15m-1761876000,1761876000,810,,0.01,,,0,7207.9,0.99,,639
btc-updown-15m-1761876000,1761876000,825,,0.01,,,0,7207.9,0.99,,874
btc-updown-15m-1761876000,1761876000,840,,0.01,,,0,7247.9,0.99,,1005
btc-updown-15m-1761876000,1761876000,845,,0.01,,,0,7247.9,0.99,,1046
btc-updown-15m-1761876000,1761876000,850,,0.01,,,0,7247.9,0.99,,884
btc-updown-15m-1761876000,1761876000,855,,0.01,,,0,7247.9,0.99,,852
btc-updown-15m-1761876000,1761876000,860,,0.01,,,0,7247.9,0.99,,1871
btc-updown-15m-1761876000,1761876000,865,,0.01,,,0,7265.25,0.99,,1262
btc-updown-15m-1761876000,1761876000,870,,0.01,,,0,7265.25,0.99,,6262
btc-updown-15m-1761876000,1761876000,875,,0.01,,,0,7270.25,0.99,,2826
btc-updown-15m-1761876000,1761876000,880,,0.01,,,0,7270.25,0.99,,7826
btc-updown-15m-1761876000,1761876000,885,,0.01,,,0,6670.25,0.99,,1284
btc-updown-15m-1761876000,1761876000,890,,0.01,,,0,5965.25,0.99,,1344
btc-updown-15m-1761876000,1761876000,895,,0.01,,,0,5990.25,0.99,,2854
btc-updown-15m-1761876000,1761876000,897,,0.01,,,0,5990.25,0.99,,4854
btc-updown-15m-1761876000,1761876000,899,,0.01,,,0,6340.25,0.99,,418
btc-updown-15m-1761876000,1761876000,900,,0.01,,,0,6370.25,0.99,,943
btc-updown-15m-1761880500,1761880500,0,0.4,0.51,0.455,0.11,17,179,0.49,0.6,2659
btc-updown-15m-1761880500,1761880500,15,0.41,0.45,0.43,0.04,85.66,126,0.55,0.59,155
btc-updown-15m-1761880500,1761880500,30,0.45,0.48,0.465,0.03,50,862.07,0.52,0.55,991
btc-updown-15m-1761880500,1761880500,45,0.45,0.48,0.465,0.03,680,797.8,0.52,0.55,88
btc-updown-15m-1761880500,1761880500,60,0.43,0.47,0.45,0.04,729.48,759,0.53,0.57,463
btc-updown-15m-1761880500,1761880500,75,0.4,0.42,0.41,0.02,741.56,647,0.58,0.6,14
btc-updown-15m-1761880500,1761880500,90,0.38,0.42,0.4,0.04,709.6,763.74,0.58,0.62,619
btc-updown-15m-1761880500,1761880500,105,0.39,0.4,0.395,0.01,656.9,68,0.6,0.61,47
btc-updown-15m-1761880500,1761880500,120,0.41,0.43,0.42,0.02,726.6,645,0.57,0.59,290
btc-updown-15m-1761880500,1761880500,135,0.49,0.51,0.5,0.02,731.3,714,0.49,0.51,395
btc-updown-15m-1761880500,1761880500,150,0.49,0.54,0.515,0.05,131.3,697.4,0.46,0.51,308
btc-updown-15m-1761880500,1761880500,165,0.57,0.59,0.58,0.02,693.1,775.3,0.41,0.43,146
btc-updown-15m-1761880500,1761880500,180,0.59,0.62,0.605,0.03,727.9,309,0.38,0.41,73
btc-updown-15m-1761880500,1761880500,195,0.55,0.57,0.56,0.02,217,803.1,0.43,0.45,25
btc-updown-15m-1761880500,1761880500,210,0.6,0.62,0.61,0.02,664,141,0.38,0.4,79
btc-updown-15m-1761880500,1761880500,225,0.57,0.59,0.58,0.02,691.8,79,0.41,0.43,442
btc-updown-15m-1761880500,1761880500,240,0.58,0.61,0.595,0.03,678,169,0.39,0.42,331
btc-updown-15m-1761880500,1761880500,255,0.62,0.63,0.625,0.01,698.07,65,0.37,0.38,991
btc-updown-15m-1761880500,1761880500,270,0.61,0.63,0.62,0.02,110.5,61,0.37,0.39,22
btc-updown-15m-1761880500,1761880500,285,0.62,0.64,0.63,0.02,628,641.09,0.36,0.38,138
btc-updown-15m-1761880500,1761880500,300,0.63,0.64,0.635,0.01,636,60.55,0.36,0.37,12
btc-updown-15m-1761880500,1761880500,315,0.67,0.68,0.675,0.01,676.1,902.68,0.32,0.33,740
btc-updown-15m-1761880500,1761880500,330,0.76,0.77,0.765,0.01,655,762.29,0.23,0.24,180
btc-updown-15m-1761880500,1761880500,345,0.62,0.65,0.635,0.03,732.8,32,0.35,0.38,158
btc-updown-15m-1761880500,1761880500,360,0.68,0.7,0.69,0.02,2160.5,72,0.3,0.32,67
btc-updown-15m-1761880500,1761880500,375,0.67,0.68,0.675,0.01,571.89,677,0.32,0.33,9
btc-updown-15m-1761880500,1761880500,390,0.65,0.67,0.66,0.02,647.9,674.94,0.33,0.35,59
btc-updown-15m-1761880500,1761880500,405,0.72,0.76,0.74,0.04,649,569.77,0.24,0.28,1298
btc-updown-15m-1761880500,1761880500,420,0.71,0.73,0.72,0.02,662,636.5,0.27,0.29,1123
btc-updown-15m-1761880500,1761880500,435,0.76,0.77,0.765,0.01,61,733.66,0.23,0.24,1420
btc-updown-15m-1761880500,1761880500,450,0.74,0.76,0.75,0.02,667,175.66,0.24,0.26,184
btc-updown-15m-1761880500,1761880500,465,0.67,0.69,0.68,0.02,60,58,0.31,0.33,2
btc-updown-15m-1761880500,1761880500,480,0.68,0.71,0.695,0.03,260.4,979.09,0.29,0.32,0
btc-updown-15m-1761880500,1761880500,495,0.69,0.71,0.7,0.02,495.37,25.72,0.29,0.31,105
btc-updown-15m-1761880500,1761880500,510,0.68,0.7,0.69,0.02,357.37,695,0.3,0.32,289
btc-updown-15m-1761880500,1761880500,525,0.71,0.74,0.725,0.03,737,637,0.26,0.29,256
btc-updown-15m-1761880500,1761880500,540,0.69,0.72,0.705,0.03,1063.37,44,0.28,0.31,329
btc-updown-15m-1761880500,1761880500,555,0.75,0.79,0.77,0.04,693.7,248.37,0.21,0.25,24
btc-updown-15m-1761880500,1761880500,570,0.73,0.75,0.74,0.02,120.59,694.99,0.25,0.27,102
btc-updown-15m-1761880500,1761880500,585,0.79,0.81,0.8,0.02,655.9,713,0.19,0.21,72
btc-updown-15m-1761880500,1761880500,600,0.79,0.84,0.815,0.05,59.2,138.6,0.16,0.21,103
btc-updown-15m-1761880500,1761880500,615,0.84,0.86,0.85,0.02,802.96,676,0.14,0.16,104
btc-updown-15m-1761880500,1761880500,630,0.64,0.66,0.65,0.02,655,114,0.34,0.36,4
btc-updown-15m-1761880500,1761880500,645,0.75,0.77,0.76,0.02,72.6,108.2,0.23,0.25,30
btc-updown-15m-1761880500,1761880500,660,0.75,0.77,0.76,0.02,663,173,0.23,0.25,2
btc-updown-15m-1761880500,1761880500,675,0.77,0.79,0.78,0.02,1009.93,634.7,0.21,0.23,3
btc-updown-15m-1761880500,1761880500,690,0.77,0.78,0.775,0.01,261.63,166.4,0.22,0.23,1
btc-updown-15m-1761880500,1761880500,705,0.74,0.76,0.75,0.02,627,612,0.24,0.26,32
btc-updown-15m-1761880500,1761880500,720,0.82,0.84,0.83,0.02,37,149.4,0.16,0.18,185
btc-updown-15m-1761880500,1761880500,735,0.77,0.79,0.78,0.02,51.8,149,0.21,0.23,106
btc-updown-15m-1761880500,1761880500,750,0.81,0.85,0.83,0.04,44,669.1,0.15,0.19,376
btc-updown-15m-1761880500,1761880500,765,0.76,0.81,0.785,0.05,633.6,37.81,0.19,0.24,599
btc-updown-15m-1761880500,1761880500,780,0.84,0.86,0.85,0.02,73.1,57,0.14,0.16,11
btc-updown-15m-1761880500,1761880500,795,0.97,0.98,0.975,0.01,1221.54,1214,0.02,0.03,99
btc-updown-15m-1761880500,1761880500,810,0.67,0.74,0.705,0.07,180,632,0.26,0.33,11
btc-updown-15m-1761880500,1761880500,825,0.46,0.53,0.495,0.07,642,40,0.47,0.54,0
btc-updown-15m-1761880500,1761880500,840,0.61,0.7,0.655,0.09,633,640,0.3,0.39,16
btc-updown-15m-1761880500,1761880500,845,0.61,0.71,0.66,0.1,53,37,0.29,0.39,15
btc-updown-15m-1761880500,1761880500,850,0.65,0.72,0.685,0.07,30,676,0.28,0.35,0
btc-updown-15m-1761880500,1761880500,855,0.7,0.71,0.705,0.01,2583.85,620,0.29,0.3,2
btc-updown-15m-1761880500,1761880500,860,0.7,0.76,0.73,0.06,2470.85,628,0.24,0.3,0
btc-updown-15m-1761880500,1761880500,865,0.83,0.88,0.855,0.05,44,630,0.12,0.17,7
btc-updown-15m-1761880500,1761880500,870,0.85,0.89,0.87,0.04,1259,347.79,0.11,0.15,106
btc-updown-15m-1761880500,1761880500,875,0.89,0.94,0.915,0.05,58,641.97,0.06,0.11,81
btc-updown-15m-1761880500,1761880500,880,0.87,0.95,0.91,0.08,1224.48,466.44,0.05,0.13,128
btc-updown-15m-1761880500,1761880500,885,0.97,0.98,0.975,0.01,4212.4,197.97,0.02,0.03,2
btc-updown-15m-1761880500,1761880500,890,0.98,0.99,0.985,0.01,4795,70.97,0.01,0.02,68
btc-updown-15m-1761880500,1761880500,895,0.99,,,,7485.73,0,,0.01,45
btc-updown-15m-1761880500,1761880500,897,0.99,,,,11027.35,0,,0.01,23
btc-updown-15m-1761880500,1761880500,899,0.99,,,,11239.35,0,,0.01,390
btc-updown-15m-1761880500,1761880500,900,0.99,,,,10949.35,0,,0.01,88
btc-updown-15m-1761885000,1761885000,0,0.48,0.49,0.485,0.01,847.94,200.08,0.51,0.52,1876
btc-updown-15m-1761885000,1761885000,15,0.5,0.54,0.52,0.04,762.94,173.3,0.46,0.5,54
btc-updown-15m-1761885000,1761885000,30,0.48,0.5,0.49,0.02,341.94,123,0.5,0.52,5
btc-updown-15m-1761885000,1761885000,45,0.48,0.52,0.5,0.04,87.3,123.3,0.48,0.52,31
btc-updown-15m-1761885000,1761885000,60,0.46,0.47,0.465,0.01,95,321,0.53,0.54,4
btc-updown-15m-1761885000,1761885000,75,0.5,0.52,0.51,0.02,38,266.3,0.48,0.5,4
btc-updown-15m-1761885000,1761885000,90,0.5,0.52,0.51,0.02,104,238.3,0.48,0.5,22
btc-updown-15m-1761885000,1761885000,105,0.43,0.45,0.44,0.02,51.91,126,0.55,0.57,4
btc-updown-15m-1761885000,1761885000,120,0.42,0.45,0.435,0.03,96,98,0.55,0.58,75
btc-updown-15m-1761885000,1761885000,135,0.48,0.5,0.49,0.02,78,275,0.5,0.52,3
btc-updown-15m-1761885000,1761885000,150,0.44,0.46,0.45,0.02,176,65,0.54,0.56,6
btc-updown-15m-1761885000,1761885000,165,0.38,0.4,0.39,0.02,166.3,42,0.6,0.62,107
btc-updown-15m-1761885000,1761885000,180,0.38,0.4,0.39,0.02,47,76.5,0.6,0.62,598
btc-updown-15m-1761885000,1761885000,195,0.36,0.39,0.375,0.03,112,104,0.61,0.64,354
btc-updown-15m-1761885000,1761885000,210,0.39,0.41,0.4,0.02,69,127,0.59,0.61,5
btc-updown-15m-1761885000,1761885000,225,0.31,0.32,0.315,0.01,46,120.19,0.68,0.69,63
btc-updown-15m-1761885000,1761885000,240,0.33,0.35,0.34,0.02,73,149,0.65,0.67,766
btc-updown-15m-1761885000,1761885000,255,0.31,0.32,0.315,0.01,89,80,0.68,0.69,873
btc-updown-15m-1761885000,1761885000,270,0.31,0.33,0.32,0.02,75.4,107,0.67,0.69,3
btc-updown-15m-1761885000,1761885000,285,0.31,0.34,0.325,0.03,1150.4,57,0.66,0.69,1275
btc-updown-15m-1761885000,1761885000,300,0.31,0.34,0.325,0.03,1105,162,0.66,0.69,79
btc-updown-15m-1761885000,1761885000,315,0.33,0.35,0.34,0.02,107.1,76,0.65,0.67,1
btc-updown-15m-1761885000,1761885000,330,0.3,0.32,0.31,0.02,1191.2,92,0.68,0.7,5
btc-updown-15m-1761885000,1761885000,345,0.33,0.35,0.34,0.02,123.2,104.57,0.65,0.67,68
btc-updown-15m-1761885000,1761885000,360,0.32,0.35,0.335,0.03,1129.7,48.57,0.65,0.68,901
btc-updown-15m-1761885000,1761885000,375,0.3,0.33,0.315,0.03,697,264.16,0.67,0.7,103
btc-updown-15m-1761885000,1761885000,390,0.36,0.38,0.37,0.02,24.18,67,0.62,0.64,211
btc-updown-15m-1761885000,1761885000,405,0.53,0.55,0.54,0.02,86,134,0.45,0.47,543
btc-updown-15m-1761885000,1761885000,420,0.5,0.54,0.52,0.04,73,169,0.46,0.5,317
btc-updown-15m-1761885000,1761885000,435,0.44,0.47,0.455,0.03,114,55,0.53,0.56,35
btc-updown-15m-1761885000,1761885000,450,0.41,0.43,0.42,0.02,109,64.37,0.57,0.59,43
btc-updown-15m-1761885000,1761885000,465,0.42,0.45,0.435,0.03,106,91,0.55,0.58,360
btc-updown-15m-1761885000,1761885000,480,0.4,0.42,0.41,0.02,289,50,0.58,0.6,77
btc-updown-15m-1761885000,1761885000,495,0.46,0.48,0.47,0.02,276,97,0.52,0.54,83
btc-updown-15m-1761885000,1761885000,510,0.46,0.5,0.48,0.04,66,140,0.5,0.54,18
btc-updown-15m-1761885000,1761885000,525,0.43,0.45,0.44,0.02,321,237.4,0.55,0.57,93
btc-updown-15m-1761885000,1761885000,540,0.52,0.54,0.53,0.02,127.3,50,0.46,0.48,375
btc-updown-15m-1761885000,1761885000,555,0.62,0.64,0.63,0.02,140,47,0.36,0.38,7
btc-updown-15m-1761885000,1761885000,570,0.73,0.75,0.74,0.02,131,63.7,0.25,0.27,181
btc-updown-15m-1761885000,1761885000,585,0.7,0.72,0.71,0.02,197,109.99,0.28,0.3,225
btc-updown-15m-1761885000,1761885000,600,0.54,0.56,0.55,0.02,72.9,135.09,0.44,0.46,54
btc-updown-15m-1761885000,1761885000,615,0.68,0.72,0.7,0.04,64.3,38,0.28,0.32,2
btc-updown-15m-1761885000,1761885000,630,0.91,0.92,0.915,0.01,83.6,93.28,0.08,0.09,31
btc-updown-15m-1761885000,1761885000,645,0.95,0.98,0.965,0.03,40.52,689.09,0.02,0.05,23
btc-updown-15m-1761885000,1761885000,660,0.98,0.99,0.985,0.01,2395.74,50.02,0.01,0.02,749
btc-updown-15m-1761885000,1761885000,675,0.99,,,,5106.86,0,,0.01,398
btc-updown-15m-1761885000,1761885000,690,0.98,,,,3258.93,0,,0.02,1803
btc-updown-15m-1761885000,1761885000,705,0.99,,,,5696.93,0,,0.01,2452
btc-updown-15m-1761885000,1761885000,720,0.99,,,,6373.71,0,,0.01,2526
btc-updown-15m-1761885000,1761885000,735,0.99,,,,7326.81,0,,0.01,2483
btc-updown-15m-1761885000,1761885000,750,0.99,,,,7416.81,0,,0.01,664
btc-updown-15m-1761885000,1761885000,765,0.99,,,,7386.81,0,,0.01,2381
btc-updown-15m-1761885000,1761885000,780,0.99,,,,7316.89,0,,0.01,368
btc-updown-15m-1761885000,1761885000,795,0.99,,,,7222.89,0,,0.01,1532
btc-updown-15m-1761885000,1761885000,810,0.99,,,,7381.89,0,,0.01,215
btc-updown-15m-1761885000,1761885000,825,0.99,,,,8492.89,0,,0.01,2350
btc-updown-15m-1761885000,1761885000,840,0.99,,,,8492.89,0,,0.01,295
btc-updown-15m-1761885000,1761885000,845,0.99,,,,8492.89,0,,0.01,842
btc-updown-15m-1761885000,1761885000,850,0.99,,,,9762.89,0,,0.01,2360
btc-updown-15m-1761885000,1761885000,855,0.99,,,,9762.89,0,,0.01,110
btc-updown-15m-1761885000,1761885000,860,0.99,,,,9822.89,0,,0.01,80
btc-updown-15m-1761885000,1761885000,865,0.99,,,,9817.89,0,,0.01,113
btc-updown-15m-1761885000,1761885000,870,0.99,,,,9835.24,0,,0.01,852
btc-updown-15m-1761885000,1761885000,875,0.99,,,,9840.24,0,,0.01,294
btc-updown-15m-1761885000,1761885000,880,0.99,,,,9856.24,0,,0.01,622
btc-updown-15m-1761885000,1761885000,885,0.99,,,,9856.24,0,,0.01,648
btc-updown-15m-1761885000,1761885000,890,0.99,,,,9888.24,0,,0.01,104
btc-updown-15m-1761885000,1761885000,895,0.99,,,,9913.24,0,,0.01,2430
btc-updown-15m-1761885000,1761885000,897,0.99,,,,9913.24,0,,0.01,4430
btc-updown-15m-1761885000,1761885000,899,0.99,,,,10263.24,0,,0.01,400
btc-updown-15m-1761885000,1761885000,900,0.99,,,,10284.24,0,,0.01,922
btc-updown-15m-1761889500,1761889500,0,0.53,0.55,0.54,0.02,74.84,65,0.45,0.47,2511
btc-updown-15m-1761889500,1761889500,15,0.55,0.6,0.575,0.05,3116.25,195.8,0.4,0.45,134
btc-updown-15m-1761889500,1761889500,30,0.55,0.57,0.56,0.02,992.92,45,0.43,0.45,483
btc-updown-15m-1761889500,1761889500,45,0.61,0.63,0.62,0.02,59.7,667.9,0.37,0.39,278
btc-updown-15m-1761889500,1761889500,60,0.56,0.57,0.565,0.01,313.73,87,0.43,0.44,3
btc-updown-15m-1761889500,1761889500,75,0.56,0.58,0.57,0.02,625.03,679.27,0.42,0.44,25
btc-updown-15m-1761889500,1761889500,90,0.58,0.6,0.59,0.02,699.4,675,0.4,0.42,1360
btc-updown-15m-1761889500,1761889500,105,0.62,0.65,0.635,0.03,102,45.6,0.35,0.38,155
btc-updown-15m-1761889500,1761889500,120,0.6,0.62,0.61,0.02,125,666.41,0.38,0.4,519
btc-updown-15m-1761889500,1761889500,135,0.58,0.6,0.59,0.02,711.8,51,0.4,0.42,575
btc-updown-15m-1761889500,1761889500,150,0.6,0.63,0.615,0.03,734.5,98,0.37,0.4,2
btc-updown-15m-1761889500,1761889500,165,0.64,0.66,0.65,0.02,272,656,0.34,0.36,12
btc-updown-15m-1761889500,1761889500,180,0.73,0.75,0.74,0.02,168,653.1,0.25,0.27,173
btc-updown-15m-1761889500,1761889500,195,0.74,0.75,0.745,0.01,129.76,633,0.25,0.26,51
btc-updown-15m-1761889500,1761889500,210,0.73,0.75,0.74,0.02,712,657,0.25,0.27,102
btc-updown-15m-1761889500,1761889500,225,0.64,0.66,0.65,0.02,776.89,130.11,0.34,0.36,167
btc-updown-15m-1761889500,1761889500,240,0.68,0.72,0.7,0.04,704.1,668.74,0.28,0.32,218
btc-updown-15m-1761889500,1761889500,255,0.65,0.68,0.665,0.03,671.2,64,0.32,0.35,88
btc-updown-15m-1761889500,1761889500,270,0.64,0.66,0.65,0.02,820.7,670.06,0.34,0.36,1677
btc-updown-15m-1761889500,1761889500,285,0.62,0.68,0.65,0.06,708.25,80,0.32,0.38,18
btc-updown-15m-1761889500,1761889500,300,0.65,0.67,0.66,0.02,649,717.81,0.33,0.35,201
btc-updown-15m-1761889500,1761889500,315,0.62,0.67,0.645,0.05,109,653.1,0.33,0.38,469
btc-updown-15m-1761889500,1761889500,330,0.55,0.57,0.56,0.02,697.7,625.5,0.43,0.45,371
btc-updown-15m-1761889500,1761889500,345,0.54,0.57,0.555,0.03,683.7,668.5,0.43,0.46,2005
btc-updown-15m-1761889500,1761889500,360,0.54,0.57,0.555,0.03,683.7,627.95,0.43,0.46,21
btc-updown-15m-1761889500,1761889500,375,0.62,0.64,0.63,0.02,93.2,714.6,0.36,0.38,378
btc-updown-15m-1761889500,1761889500,390,0.55,0.57,0.56,0.02,629.5,61.7,0.43,0.45,307
btc-updown-15m-1761889500,1761889500,405,0.54,0.56,0.55,0.02,704.8,43,0.44,0.46,332
btc-updown-15m-1761889500,1761889500,420,0.5,0.52,0.51,0.02,4278.4,1148.73,0.48,0.5,26
btc-updown-15m-1761889500,1761889500,435,0.5,0.51,0.505,0.01,3450.4,567.15,0.49,0.5,57
btc-updown-15m-1761889500,1761889500,450,0.44,0.46,0.45,0.02,71.71,649.2,0.54,0.56,182
btc-updown-15m-1761889500,1761889500,465,0.43,0.44,0.435,0.01,444.45,481.73,0.56,0.57,0
btc-updown-15m-1761889500,1761889500,480,0.44,0.46,0.45,0.02,349.05,80,0.54,0.56,10
btc-updown-15m-1761889500,1761889500,495,0.47,0.49,0.48,0.02,714.1,149,0.51,0.53,88
btc-updown-15m-1761889500,1761889500,510,0.45,0.47,0.46,0.02,565,644,0.53,0.55,176
btc-updown-15m-1761889500,1761889500,525,0.34,0.37,0.355,0.03,633,483,0.63,0.66,359
btc-updown-15m-1761889500,1761889500,540,0.31,0.37,0.34,0.06,982,79.78,0.63,0.69,197
btc-updown-15m-1761889500,1761889500,555,0.31,0.35,0.33,0.04,1001.31,629.08,0.65,0.69,2
btc-updown-15m-1761889500,1761889500,570,0.35,0.37,0.36,0.02,681.46,115.29,0.63,0.65,224
btc-updown-15m-1761889500,1761889500,585,0.34,0.4,0.37,0.06,658,687.1,0.6,0.66,59
btc-updown-15m-1761889500,1761889500,600,0.38,0.4,0.39,0.02,58,369.4,0.6,0.62,598
btc-updown-15m-1761889500,1761889500,615,0.36,0.38,0.37,0.02,747,700.7,0.62,0.64,17
btc-updown-15m-1761889500,1761889500,630,0.38,0.42,0.4,0.04,104.97,685.8,0.58,0.62,265
btc-updown-15m-1761889500,1761889500,645,0.35,0.4,0.375,0.05,751,641.19,0.6,0.65,12
btc-updown-15m-1761889500,1761889500,660,0.35,0.4,0.375,0.05,757.93,672.9,0.6,0.65,477
btc-updown-15m-1761889500,1761889500,675,0.46,0.48,0.47,0.02,766.83,25.91,0.52,0.54,42
btc-updown-15m-1761889500,1761889500,690,0.45,0.52,0.485,0.07,656,705,0.48,0.55,305
btc-updown-15m-1761889500,1761889500,705,0.6,0.62,0.61,0.02,664,43,0.38,0.4,21
btc-updown-15m-1761889500,1761889500,720,0.59,0.67,0.63,0.08,699.65,618.53,0.33,0.41,0
btc-updown-15m-1761889500,1761889500,735,0.67,0.72,0.695,0.05,641,666.8,0.28,0.33,97
btc-updown-15m-1761889500,1761889500,750,0.72,0.74,0.73,0.02,641,95.2,0.26,0.28,22
btc-updown-15m-1761889500,1761889500,765,0.61,0.64,0.625,0.03,76.35,207.07,0.36,0.39,21
btc-updown-15m-1761889500,1761889500,780,0.52,0.57,0.545,0.05,148,583.23,0.43,0.48,259
btc-updown-15m-1761889500,1761889500,795,0.57,0.65,0.61,0.08,637,343.09,0.35,0.43,11
btc-updown-15m-1761889500,1761889500,810,0.76,0.79,0.775,0.03,612,621,0.21,0.24,0
btc-updown-15m-1761889500,1761889500,825,0.63,0.75,0.69,0.12,282,641,0.25,0.37,32
btc-updown-15m-1761889500,1761889500,840,0.61,0.66,0.635,0.05,594.92,100,0.34,0.39,28
btc-updown-15m-1761889500,1761889500,845,0.61,0.68,0.645,0.07,584.35,641,0.32,0.39,35
btc-updown-15m-1761889500,1761889500,850,0.3,0.32,0.31,0.02,169.23,27.77,0.68,0.7,3
btc-updown-15m-1761889500,1761889500,855,0.2,0.22,0.21,0.02,294.99,643.27,0.78,0.8,13
btc-updown-15m-1761889500,1761889500,860,0.09,0.14,0.115,0.05,691,679,0.86,0.91,21
btc-updown-15m-1761889500,1761889500,865,0.13,0.21,0.17,0.08,685,40.54,0.79,0.87,40
btc-updown-15m-1761889500,1761889500,870,0.18,0.22,0.2,0.04,126,45.54,0.78,0.82,20
btc-updown-15m-1761889500,1761889500,875,0.22,0.23,0.225,0.01,625.46,16,0.77,0.78,131
btc-updown-15m-1761889500,1761889500,880,0.22,0.32,0.27,0.1,633.08,615.4,0.68,0.78,30
btc-updown-15m-1761889500,1761889500,885,0.2,0.3,0.25,0.1,35,52,0.7,0.8,5
btc-updown-15m-1761889500,1761889500,890,0.13,0.22,0.175,0.09,43,57,0.78,0.87,35
btc-updown-15m-1761889500,1761889500,895,0.34,0.55,0.445,0.21,53.04,67,0.45,0.66,1
btc-updown-15m-1761889500,1761889500,897,0.06,0.55,0.305,0.49,149.26,77,0.45,0.94,190
btc-updown-15m-1761889500,1761889500,899,0.74,0.87,0.805,0.13,54,216,0.13,0.26,142
btc-updown-15m-1761889500,1761889500,900,0.87,0.89,0.88,0.02,56,291,0.11,0.13,40
btc-updown-15m-1761894000,1761894000,0,0.5,0.52,0.51,0.02,2321.72,560,0.48,0.5,730
btc-updown-15m-1761894000,1761894000,15,0.54,0.56,0.55,0.02,2161.72,657,0.44,0.46,158
btc-updown-15m-1761894000,1761894000,30,0.59,0.61,0.6,0.02,170.2,97,0.39,0.41,101
btc-updown-15m-1761894000,1761894000,45,0.65,0.7,0.675,0.05,665.19,1777.1,0.3,0.35,50
btc-updown-15m-1761894000,1761894000,60,0.61,0.65,0.63,0.04,819.95,657.9,0.35,0.39,22
btc-updown-15m-1761894000,1761894000,75,0.64,0.67,0.655,0.03,666.5,1104.5,0.33,0.36,10
btc-updown-15m-1761894000,1761894000,90,0.64,0.65,0.645,0.01,662,37,0.35,0.36,0
btc-updown-15m-1761894000,1761894000,105,0.59,0.6,0.595,0.01,694.2,67,0.4,0.41,164
btc-updown-15m-1761894000,1761894000,120,0.59,0.61,0.6,0.02,165,1817.5,0.39,0.41,13
btc-updown-15m-1761894000,1761894000,135,0.58,0.61,0.595,0.03,681.53,720.93,0.39,0.42,233
btc-updown-15m-1761894000,1761894000,150,0.56,0.58,0.57,0.02,725.3,641,0.42,0.44,207
btc-updown-15m-1761894000,1761894000,165,0.54,0.56,0.55,0.02,711.7,78,0.44,0.46,346
btc-updown-15m-1761894000,1761894000,180,0.53,0.56,0.545,0.03,770.53,681.21,0.44,0.47,179
btc-updown-15m-1761894000,1761894000,195,0.53,0.54,0.535,0.01,1811.48,97,0.46,0.47,53
btc-updown-15m-1761894000,1761894000,210,0.5,0.52,0.51,0.02,1596.08,134,0.48,0.5,59
btc-updown-15m-1761894000,1761894000,225,0.28,0.32,0.3,0.04,633,78.67,0.68,0.72,0
btc-updown-15m-1761894000,1761894000,240,0.29,0.32,0.305,0.03,656,706.57,0.68,0.71,75
btc-updown-15m-1761894000,1761894000,255,0.22,0.23,0.225,0.01,328.13,673.69,0.77,0.78,52
btc-updown-15m-1761894000,1761894000,270,0.26,0.28,0.27,0.02,82,661.57,0.72,0.74,250
btc-updown-15m-1761894000,1761894000,285,0.24,0.29,0.265,0.05,117,835,0.71,0.76,16
btc-updown-15m-1761894000,1761894000,300,0.15,0.17,0.16,0.02,462,145,0.83,0.85,133
btc-updown-15m-1761894000,1761894000,315,0.15,0.17,0.16,0.02,34,733,0.83,0.85,252
btc-updown-15m-1761894000,1761894000,330,0.1,0.12,0.11,0.02,612.45,687,0.88,0.9,21
btc-updown-15m-1761894000,1761894000,345,0.11,0.13,0.12,0.02,665,81,0.87,0.89,449
btc-updown-15m-1761894000,1761894000,360,0.1,0.13,0.115,0.03,654.77,124.01,0.87,0.9,128
btc-updown-15m-1761894000,1761894000,375,0.1,0.11,0.105,0.01,1170,51,0.89,0.9,395
btc-updown-15m-1761894000,1761894000,390,0.09,0.11,0.1,0.02,696.58,686,0.89,0.91,49
btc-updown-15m-1761894000,1761894000,405,0.06,0.11,0.085,0.05,1733,746.54,0.89,0.94,15
btc-updown-15m-1761894000,1761894000,420,0.05,0.07,0.06,0.02,2093.39,682.14,0.93,0.95,0
btc-updown-15m-1761894000,1761894000,435,0.07,0.1,0.085,0.03,826.33,527,0.9,0.93,2
btc-updown-15m-1761894000,1761894000,450,0.05,0.06,0.055,0.01,1031.19,1220.56,0.94,0.95,153
btc-updown-15m-1761894000,1761894000,465,0.05,0.06,0.055,0.01,898.75,1130.56,0.94,0.95,95
btc-updown-15m-1761894000,1761894000,480,0.04,0.05,0.045,0.01,1001.59,524.18,0.95,0.96,118
btc-updown-15m-1761894000,1761894000,495,0.04,0.06,0.05,0.02,875.83,484.18,0.94,0.96,36
btc-updown-15m-1761894000,1761894000,510,0.03,0.05,0.04,0.02,2226.97,1085.18,0.95,0.97,5
btc-updown-15m-1761894000,1761894000,525,0.03,0.05,0.04,0.02,1997.29,1210.18,0.95,0.97,242
btc-updown-15m-1761894000,1761894000,540,0.02,0.03,0.025,0.01,1714.29,1041.2,0.97,0.98,310
btc-updown-15m-1761894000,1761894000,555,0.01,0.03,0.02,0.02,868.15,1640.2,0.97,0.99,539
btc-updown-15m-1761894000,1761894000,570,0.01,0.02,0.015,0.01,535.05,1027.27,0.98,0.99,242
btc-updown-15m-1761894000,1761894000,585,0.01,0.03,0.02,0.02,530.12,2077.28,0.97,0.99,842
btc-updown-15m-1761894000,1761894000,600,0.01,0.02,0.015,0.01,1422.98,813,0.98,0.99,78
btc-updown-15m-1761894000,1761894000,615,0.01,0.03,0.02,0.02,638,1871.62,0.97,0.99,144
btc-updown-15m-1761894000,1761894000,630,0.05,0.06,0.055,0.01,851.74,154,0.94,0.95,5
btc-updown-15m-1761894000,1761894000,645,0.05,0.07,0.06,0.02,159.73,714.71,0.93,0.95,448
btc-updown-15m-1761894000,1761894000,660,0.05,0.07,0.06,0.02,726,687.71,0.93,0.95,188
btc-updown-15m-1761894000,1761894000,675,0.11,0.14,0.125,0.03,630.5,140,0.86,0.89,94
btc-updown-15m-1761894000,1761894000,690,0.18,0.2,0.19,0.02,626.78,580,0.8,0.82,244
btc-updown-15m-1761894000,1761894000,705,0.21,0.23,0.22,0.02,576.41,630,0.77,0.79,533
btc-updown-15m-1761894000,1761894000,720,0.21,0.23,0.22,0.02,642.8,47.95,0.77,0.79,75
btc-updown-15m-1761894000,1761894000,735,0.26,0.28,0.27,0.02,653.72,66,0.72,0.74,1674
btc-updown-15m-1761894000,1761894000,750,0.31,0.33,0.32,0.02,710.9,1121,0.67,0.69,253
btc-updown-15m-1761894000,1761894000,765,0.26,0.28,0.27,0.02,669.75,40,0.72,0.74,46
btc-updown-15m-1761894000,1761894000,780,0.23,0.28,0.255,0.05,118.7,735.11,0.72,0.77,279
btc-updown-15m-1761894000,1761894000,795,0.21,0.29,0.25,0.08,67,643,0.71,0.79,7
btc-updown-15m-1761894000,1761894000,810,0.3,0.35,0.325,0.05,643,34,0.65,0.7,2
btc-updown-15m-1761894000,1761894000,825,0.36,0.4,0.38,0.04,615,1080.5,0.6,0.64,30
btc-updown-15m-1761894000,1761894000,840,0.62,0.77,0.695,0.15,640,45.1,0.23,0.38,48
btc-updown-15m-1761894000,1761894000,845,0.62,0.8,0.71,0.18,711,89,0.2,0.38,88
btc-updown-15m-1761894000,1761894000,850,0.61,0.79,0.7,0.18,644,58,0.21,0.39,102
btc-updown-15m-1761894000,1761894000,855,0.67,0.8,0.735,0.13,630,31,0.2,0.33,40
btc-updown-15m-1761894000,1761894000,860,0.61,0.8,0.705,0.19,35,43,0.2,0.39,3
btc-updown-15m-1761894000,1761894000,865,0.89,0.9,0.895,0.01,634,130,0.1,0.11,9
btc-updown-15m-1761894000,1761894000,870,0.93,0.98,0.955,0.05,654,1526.3,0.02,0.07,34
btc-updown-15m-1761894000,1761894000,875,0.97,0.99,0.98,0.02,1622.47,589.89,0.01,0.03,117
btc-updown-15m-1761894000,1761894000,880,0.98,0.99,0.985,0.01,1026,559.48,0.01,0.02,148
btc-updown-15m-1761894000,1761894000,885,0.99,,,,162.67,0,,0.01,33
btc-updown-15m-1761894000,1761894000,890,0.99,,,,2163.67,0,,0.01,149
btc-updown-15m-1761894000,1761894000,895,0.99,,,,2259.95,0,,0.01,1182
btc-updown-15m-1761894000,1761894000,897,0.99,,,,2264.95,0,,0.01,1904
btc-updown-15m-1761894000,1761894000,899,0.99,,,,2616.95,0,,0.01,7
btc-updown-15m-1761894000,1761894000,900,0.99,,,,2616.95,0,,0.01,1007
btc-updown-15m-1761898500,1761898500,0,0.53,0.55,0.54,0.02,1830.36,94.2,0.45,0.47,875
btc-updown-15m-1761898500,1761898500,15,0.61,0.65,0.63,0.04,114.2,114.1,0.35,0.39,12
btc-updown-15m-1761898500,1761898500,30,0.55,0.57,0.56,0.02,311.2,130,0.43,0.45,3
btc-updown-15m-1761898500,1761898500,45,0.67,0.69,0.68,0.02,315,685.4,0.31,0.33,58
btc-updown-15m-1761898500,1761898500,60,0.69,0.73,0.71,0.04,736,1380,0.27,0.31,267
btc-updown-15m-1761898500,1761898500,75,0.74,0.76,0.75,0.02,868.38,748,0.24,0.26,73
btc-updown-15m-1761898500,1761898500,90,0.76,0.78,0.77,0.02,675,813.46,0.22,0.24,551
btc-updown-15m-1761898500,1761898500,105,0.77,0.79,0.78,0.02,385.27,982.43,0.21,0.23,101
btc-updown-15m-1761898500,1761898500,120,0.77,0.8,0.785,0.03,85.03,1384.97,0.2,0.23,3
btc-updown-15m-1761898500,1761898500,135,0.83,0.86,0.845,0.03,1135.05,818.2,0.14,0.17,76
btc-updown-15m-1761898500,1761898500,150,0.86,0.88,0.87,0.02,634.66,1174.1,0.12,0.14,449
btc-updown-15m-1761898500,1761898500,165,0.83,0.86,0.845,0.03,320.09,882.59,0.14,0.17,41
btc-updown-15m-1761898500,1761898500,180,0.85,0.86,0.855,0.01,640,912.59,0.14,0.15,216
btc-updown-15m-1761898500,1761898500,195,0.85,0.87,0.86,0.02,593.33,923.23,0.13,0.15,169
btc-updown-15m-1761898500,1761898500,210,0.8,0.83,0.815,0.03,1175.94,543,0.17,0.2,27
btc-updown-15m-1761898500,1761898500,225,0.83,0.87,0.85,0.04,1125,805.2,0.13,0.17,30
btc-updown-15m-1761898500,1761898500,240,0.84,0.87,0.855,0.03,890.07,1373.78,0.13,0.16,18
btc-updown-15m-1761898500,1761898500,255,0.86,0.89,0.875,0.03,1144,1550.94,0.11,0.14,9
btc-updown-15m-1761898500,1761898500,270,0.87,0.88,0.875,0.01,934,1535,0.12,0.13,28
btc-updown-15m-1761898500,1761898500,285,0.87,0.89,0.88,0.02,924,1718,0.11,0.13,263
btc-updown-15m-1761898500,1761898500,300,0.9,0.92,0.91,0.02,886,1830.91,0.08,0.1,604
btc-updown-15m-1761898500,1761898500,315,0.92,0.94,0.93,0.02,880,2465,0.06,0.08,31
btc-updown-15m-1761898500,1761898500,330,0.94,0.95,0.945,0.01,672,2843.63,0.05,0.06,145
btc-updown-15m-1761898500,1761898500,345,0.94,0.95,0.945,0.01,922,2035.64,0.05,0.06,54
btc-updown-15m-1761898500,1761898500,360,0.93,0.95,0.94,0.02,1289.08,1379.48,0.05,0.07,205
btc-updown-15m-1761898500,1761898500,375,0.92,0.95,0.935,0.03,1429.7,2008.43,0.05,0.08,9
btc-updown-15m-1761898500,1761898500,390,0.88,0.92,0.9,0.04,1245.58,1580,0.08,0.12,95
btc-updown-15m-1761898500,1761898500,405,0.86,0.89,0.875,0.03,974.11,947,0.11,0.14,10
btc-updown-15m-1761898500,1761898500,420,0.84,0.86,0.85,0.02,1183.38,309,0.14,0.16,106
btc-updown-15m-1761898500,1761898500,435,0.83,0.86,0.845,0.03,1158.05,533,0.14,0.17,242
btc-updown-15m-1761898500,1761898500,450,0.83,0.86,0.845,0.03,576.7,158.51,0.14,0.17,223
btc-updown-15m-1761898500,1761898500,465,0.87,0.91,0.89,0.04,1412.18,1263,0.09,0.13,7
btc-updown-15m-1761898500,1761898500,480,0.91,0.92,0.915,0.01,1056,1021.35,0.08,0.09,229
btc-updown-15m-1761898500,1761898500,495,0.91,0.93,0.92,0.02,558.38,1066,0.07,0.09,112
btc-updown-15m-1761898500,1761898500,510,0.94,0.97,0.955,0.03,1241.82,2861,0.03,0.06,51
btc-updown-15m-1761898500,1761898500,525,0.93,0.97,0.95,0.04,1238.88,2591,0.03,0.07,161
btc-updown-15m-1761898500,1761898500,540,0.95,0.97,0.96,0.02,1200.51,2419.38,0.03,0.05,39
btc-updown-15m-1761898500,1761898500,555,0.94,0.98,0.96,0.04,1461.02,2121.09,0.02,0.06,48
btc-updown-15m-1761898500,1761898500,570,0.94,0.98,0.96,0.04,1434.71,1953,0.02,0.06,0
btc-updown-15m-1761898500,1761898500,585,0.97,0.98,0.975,0.01,1248.48,2009.61,0.02,0.03,125
btc-updown-15m-1761898500,1761898500,600,0.98,0.99,0.985,0.01,1636.48,1039.61,0.01,0.02,790
btc-updown-15m-1761898500,1761898500,615,0.99,,,,699.21,0,,0.01,8
btc-updown-15m-1761898500,1761898500,630,0.99,,,,671.21,0,,0.01,1703
btc-updown-15m-1761898500,1761898500,645,0.99,,,,1349.23,0,,0.01,40
btc-updown-15m-1761898500,1761898500,660,0.99,,,,1404.23,0,,0.01,206
btc-updown-15m-1761898500,1761898500,675,0.99,,,,1404.23,0,,0.01,495
btc-updown-15m-1761898500,1761898500,690,0.99,,,,1404.23,0,,0.01,6
btc-updown-15m-1761898500,1761898500,705,0.99,,,,3119.23,0,,0.01,211
btc-updown-15m-1761898500,1761898500,720,0.99,,,,3413.16,0,,0.01,45
btc-updown-15m-1761898500,1761898500,735,0.99,,,,3443.16,0,,0.01,147
btc-updown-15m-1761898500,1761898500,750,0.99,,,,12938.16,0,,0.01,1884
btc-updown-15m-1761898500,1761898500,765,0.99,,,,3833.16,0,,0.01,7
btc-updown-15m-1761898500,1761898500,780,0.99,,,,3808.16,0,,0.01,398
btc-updown-15m-1761898500,1761898500,795,0.99,,,,4308.16,0,,0.01,489
btc-updown-15m-1761898500,1761898500,810,0.99,,,,5868.16,0,,0.01,2006
btc-updown-15m-1761898500,1761898500,825,0.99,,,,6263.16,0,,0.01,497
btc-updown-15m-1761898500,1761898500,840,0.99,,,,7916.16,0,,0.01,1404
btc-updown-15m-1761898500,1761898500,845,0.99,,,,8019.16,0,,0.01,513
btc-updown-15m-1761898500,1761898500,850,0.99,,,,8019.16,0,,0.01,5513
btc-updown-15m-1761898500,1761898500,855,0.99,,,,8019.16,0,,0.01,503
btc-updown-15m-1761898500,1761898500,860,0.99,,,,8019.16,0,,0.01,3922
btc-updown-15m-1761898500,1761898500,865,0.99,,,,6493.16,0,,0.01,504
btc-updown-15m-1761898500,1761898500,870,0.99,,,,6518.51,0,,0.01,1172
btc-updown-15m-1761898500,1761898500,875,0.99,,,,6523.51,0,,0.01,477
btc-updown-15m-1761898500,1761898500,880,0.99,,,,6523.51,0,,0.01,5477
btc-updown-15m-1761898500,1761898500,885,0.99,,,,6523.51,0,,0.01,467
btc-updown-15m-1761898500,1761898500,890,0.99,,,,5923.51,0,,0.01,2508
btc-updown-15m-1761898500,1761898500,895,0.99,,,,5948.51,0,,0.01,457
btc-updown-15m-1761898500,1761898500,897,0.99,,,,5948.51,0,,0.01,2457
btc-updown-15m-1761898500,1761898500,899,0.99,,,,6298.51,0,,0.01,425
btc-updown-15m-1761898500,1761898500,900,0.99,,,,6334.51,0,,0.01,993
btc-updown-15m-1761902100,1761902100,0,0.5,0.58,0.54,0.08,379.4,66,0.42,0.5,1384
btc-updown-15m-1761902100,1761902100,15,0.49,0.58,0.535,0.09,73,75,0.42,0.51,1
btc-updown-15m-1761902100,1761902100,30,0.5,0.56,0.53,0.06,656,680,0.44,0.5,7
btc-updown-15m-1761902100,1761902100,45,0.52,0.58,0.55,0.06,648,681,0.42,0.48,8
btc-updown-15m-1761902100,1761902100,60,0.57,0.6,0.585,0.03,615,655,0.4,0.43,66
btc-updown-15m-1761902100,1761902100,75,0.62,0.64,0.63,0.02,646,641.27,0.36,0.38,502
btc-updown-15m-1761902100,1761902100,90,0.63,0.64,0.635,0.01,646,644.7,0.36,0.37,570
btc-updown-15m-1761902100,1761902100,105,0.65,0.71,0.68,0.06,59,595.16,0.29,0.35,35
btc-updown-15m-1761902100,1761902100,120,0.69,0.73,0.71,0.04,165,630,0.27,0.31,727
btc-updown-15m-1761902100,1761902100,135,0.7,0.73,0.715,0.03,425,770,0.27,0.3,707
btc-updown-15m-1761902100,1761902100,150,0.7,0.74,0.72,0.04,1219.33,882,0.26,0.3,678
btc-updown-15m-1761902100,1761902100,165,0.81,0.83,0.82,0.02,434,848.7,0.17,0.19,288
btc-updown-15m-1761902100,1761902100,180,0.85,0.87,0.86,0.02,670,1038.5,0.13,0.15,145
btc-updown-15m-1761902100,1761902100,195,0.75,0.77,0.76,0.02,928,1174,0.23,0.25,64
btc-updown-15m-1761902100,1761902100,210,0.77,0.81,0.79,0.04,1315.73,1197,0.19,0.23,8
btc-updown-15m-1761902100,1761902100,225,0.84,0.85,0.845,0.01,707,504.5,0.15,0.16,12
btc-updown-15m-1761902100,1761902100,240,0.86,0.89,0.875,0.03,794,1126,0.11,0.14,118
btc-updown-15m-1761902100,1761902100,255,0.86,0.87,0.865,0.01,813.15,846.51,0.13,0.14,120
btc-updown-15m-1761902100,1761902100,270,0.87,0.9,0.885,0.03,1126.8,1346,0.1,0.13,167
btc-updown-15m-1761902100,1761902100,285,0.85,0.87,0.86,0.02,823,726.14,0.13,0.15,235
btc-updown-15m-1761902100,1761902100,300,0.83,0.85,0.84,0.02,775.5,827,0.15,0.17,22
btc-updown-15m-1761902100,1761902100,315,0.8,0.82,0.81,0.02,66,806,0.18,0.2,481
btc-updown-15m-1761902100,1761902100,330,0.7,0.71,0.705,0.01,91.5,543,0.29,0.3,113
btc-updown-15m-1761902100,1761902100,345,0.71,0.72,0.715,0.01,116.55,808,0.28,0.29,12
btc-updown-15m-1761902100,1761902100,360,0.65,0.68,0.665,0.03,66,574.23,0.32,0.35,3
btc-updown-15m-1761902100,1761902100,375,0.61,0.65,0.63,0.04,1445.5,929,0.35,0.39,586
btc-updown-15m-1761902100,1761902100,390,0.63,0.65,0.64,0.02,561,1165,0.35,0.37,298
btc-updown-15m-1761902100,1761902100,405,0.53,0.54,0.535,0.01,578.8,641,0.46,0.47,22
btc-updown-15m-1761902100,1761902100,420,0.44,0.47,0.455,0.03,840.4,162,0.53,0.56,10
btc-updown-15m-1761902100,1761902100,435,0.44,0.46,0.45,0.02,241.1,634,0.54,0.56,112
btc-updown-15m-1761902100,1761902100,450,0.34,0.36,0.35,0.02,379,122,0.64,0.66,8
btc-updown-15m-1761902100,1761902100,465,0.29,0.31,0.3,0.02,624,731,0.69,0.71,25
btc-updown-15m-1761902100,1761902100,480,0.24,0.26,0.25,0.02,679,196,0.74,0.76,38
btc-updown-15m-1761902100,1761902100,495,0.26,0.28,0.27,0.02,746,42,0.72,0.74,511
btc-updown-15m-1761902100,1761902100,510,0.37,0.39,0.38,0.02,649,636,0.61,0.63,240
btc-updown-15m-1761902100,1761902100,525,0.35,0.37,0.36,0.02,49,766,0.63,0.65,247
btc-updown-15m-1761902100,1761902100,540,0.3,0.33,0.315,0.03,107.25,707,0.67,0.7,283
btc-updown-15m-1761902100,1761902100,555,0.32,0.35,0.335,0.03,68.15,127,0.65,0.68,107
btc-updown-15m-1761902100,1761902100,570,0.32,0.35,0.335,0.03,524.5,81,0.65,0.68,63
btc-updown-15m-1761902100,1761902100,585,0.34,0.35,0.345,0.01,636,663,0.65,0.66,144
btc-updown-15m-1761902100,1761902100,600,0.36,0.38,0.37,0.02,58,703,0.62,0.64,114
btc-updown-15m-1761902100,1761902100,615,0.4,0.45,0.425,0.05,918.16,549,0.55,0.6,108
btc-updown-15m-1761902100,1761902100,630,0.38,0.41,0.395,0.03,1174,629,0.59,0.62,1
btc-updown-15m-1761902100,1761902100,645,0.38,0.4,0.39,0.02,647,634,0.6,0.62,26
btc-updown-15m-1761902100,1761902100,660,0.4,0.42,0.41,0.02,300,571,0.58,0.6,57
btc-updown-15m-1761902100,1761902100,675,0.39,0.4,0.395,0.01,643.08,1121,0.6,0.61,11
btc-updown-15m-1761902100,1761902100,690,0.3,0.32,0.31,0.02,839.5,295,0.68,0.7,424
btc-updown-15m-1761902100,1761902100,705,0.14,0.16,0.15,0.02,746.8,125.39,0.84,0.86,0
btc-updown-15m-1761902100,1761902100,720,0.05,0.07,0.06,0.02,531.39,706,0.93,0.95,53
btc-updown-15m-1761902100,1761902100,735,0.07,0.08,0.075,0.01,317.86,72,0.92,0.93,25
btc-updown-15m-1761902100,1761902100,750,0.06,0.08,0.07,0.02,644.35,107,0.92,0.94,305
btc-updown-15m-1761902100,1761902100,765,0.05,0.06,0.055,0.01,753.34,2385.33,0.94,0.95,353
btc-updown-15m-1761902100,1761902100,780,0.03,0.05,0.04,0.02,1397.04,2534.47,0.95,0.97,850
btc-updown-15m-1761902100,1761902100,795,0.01,0.03,0.02,0.02,1405.63,1301.97,0.97,0.99,380
btc-updown-15m-1761902100,1761902100,810,,0.02,,,0,1344.81,0.98,,65
btc-updown-15m-1761902100,1761902100,825,,0.02,,,0,804.81,0.98,,303
btc-updown-15m-1761902100,1761902100,840,0.01,0.02,0.015,0.01,155.6,1379.81,0.98,0.99,112
btc-updown-15m-1761902100,1761902100,845,0.01,0.02,0.015,0.01,8.82,1379.81,0.98,0.99,301
btc-updown-15m-1761902100,1761902100,850,,0.01,,,0,2210.16,0.99,,75
btc-updown-15m-1761902100,1761902100,855,,0.01,,,0,2210.16,0.99,,1
btc-updown-15m-1761902100,1761902100,860,,0.01,,,0,2010.16,0.99,,427
btc-updown-15m-1761902100,1761902100,865,,0.01,,,0,2377.51,0.99,,39
btc-updown-15m-1761902100,1761902100,870,,0.01,,,0,2377.51,0.99,,2921
btc-updown-15m-1761902100,1761902100,875,,0.01,,,0,2262.03,0.99,,312
btc-updown-15m-1761902100,1761902100,880,,0.01,,,0,2342.03,0.99,,311
btc-updown-15m-1761902100,1761902100,885,,0.01,,,0,1758.03,0.99,,494
btc-updown-15m-1761902100,1761902100,890,,0.01,,,0,1758.03,0.99,,522
btc-updown-15m-1761902100,1761902100,895,,0.01,,,0,1815.03,0.99,,344
btc-updown-15m-1761902100,1761902100,897,,0.01,,,0,1815.03,0.99,,1315
btc-updown-15m-1761902100,1761902100,899,,0.01,,,0,2165.03,0.99,,194
btc-updown-15m-1761902100,1761902100,900,,0.01,,,0,2180.03,0.99,,910
btc-updown-15m-1761906600,1761906600,0,0.45,0.49,0.47,0.04,66.02,2835.79,0.51,0.55,140
btc-updown-15m-1761906600,1761906600,15,0.49,0.5,0.495,0.01,175.02,1434.87,0.5,0.51,85
btc-updown-15m-1761906600,1761906600,30,0.5,0.52,0.51,0.02,170,131.03,0.48,0.5,9
btc-updown-15m-1761906600,1761906600,45,0.5,0.53,0.515,0.03,1365,1087.57,0.47,0.5,18
btc-updown-15m-1761906600,1761906600,60,0.5,0.53,0.515,0.03,1373,1112.57,0.47,0.5,330
btc-updown-15m-1761906600,1761906600,75,0.5,0.53,0.515,0.03,863,752.57,0.47,0.5,70
btc-updown-15m-1761906600,1761906600,90,0.37,0.39,0.38,0.02,1137.11,347,0.61,0.63,60
btc-updown-15m-1761906600,1761906600,105,0.26,0.28,0.27,0.02,834.4,697,0.72,0.74,35
btc-updown-15m-1761906600,1761906600,120,0.25,0.28,0.265,0.03,602.7,644,0.72,0.75,76
btc-updown-15m-1761906600,1761906600,135,0.22,0.24,0.23,0.02,540,631,0.76,0.78,10
btc-updown-15m-1761906600,1761906600,150,0.2,0.22,0.21,0.02,351.9,1195,0.78,0.8,38
btc-updown-15m-1761906600,1761906600,165,0.17,0.18,0.175,0.01,604.2,956,0.82,0.83,186
btc-updown-15m-1761906600,1761906600,180,0.13,0.14,0.135,0.01,1663.24,723,0.86,0.87,29
btc-updown-15m-1761906600,1761906600,195,0.25,0.26,0.255,0.01,1364,65.62,0.74,0.75,88
btc-updown-15m-1761906600,1761906600,210,0.25,0.28,0.265,0.03,310,601.53,0.72,0.75,117
btc-updown-15m-1761906600,1761906600,225,0.26,0.29,0.275,0.03,351,411.54,0.71,0.74,17
btc-updown-15m-1761906600,1761906600,240,0.23,0.24,0.235,0.01,360.9,613.83,0.76,0.77,5
btc-updown-15m-1761906600,1761906600,255,0.24,0.26,0.25,0.02,308.3,1167,0.74,0.76,111
btc-updown-15m-1761906600,1761906600,270,0.35,0.37,0.36,0.02,912,289,0.63,0.65,18
btc-updown-15m-1761906600,1761906600,285,0.31,0.33,0.32,0.02,344,647,0.67,0.69,22
btc-updown-15m-1761906600,1761906600,300,0.31,0.35,0.33,0.04,1173.75,746.09,0.65,0.69,436
btc-updown-15m-1761906600,1761906600,315,0.41,0.43,0.42,0.02,709,318,0.57,0.59,12
btc-updown-15m-1761906600,1761906600,330,0.47,0.48,0.475,0.01,549.89,667.02,0.52,0.53,50
btc-updown-15m-1761906600,1761906600,345,0.44,0.46,0.45,0.02,322,585.47,0.54,0.56,44
btc-updown-15m-1761906600,1761906600,360,0.43,0.44,0.435,0.01,46,988,0.56,0.57,37
btc-updown-15m-1761906600,1761906600,375,0.46,0.48,0.47,0.02,1413,154.02,0.52,0.54,13
btc-updown-15m-1761906600,1761906600,390,0.49,0.51,0.5,0.02,934,910,0.49,0.51,132
btc-updown-15m-1761906600,1761906600,405,0.49,0.5,0.495,0.01,49,917,0.5,0.51,46
btc-updown-15m-1761906600,1761906600,420,0.52,0.54,0.53,0.02,330,995.57,0.46,0.48,20
btc-updown-15m-1761906600,1761906600,435,0.57,0.59,0.58,0.02,83,885,0.41,0.43,11
btc-updown-15m-1761906600,1761906600,450,0.76,0.77,0.765,0.01,40,551.7,0.23,0.24,22
btc-updown-15m-1761906600,1761906600,465,0.76,0.77,0.765,0.01,61,113,0.23,0.24,0
btc-updown-15m-1761906600,1761906600,480,0.68,0.69,0.685,0.01,41,555,0.31,0.32,93
btc-updown-15m-1761906600,1761906600,495,0.64,0.68,0.66,0.04,1149.81,1417,0.32,0.36,486
btc-updown-15m-1761906600,1761906600,510,0.76,0.77,0.765,0.01,871.83,544,0.23,0.24,29
btc-updown-15m-1761906600,1761906600,525,0.78,0.81,0.795,0.03,66,792,0.19,0.22,102
btc-updown-15m-1761906600,1761906600,540,0.74,0.76,0.75,0.02,34,819,0.24,0.26,187
btc-updown-15m-1761906600,1761906600,555,0.82,0.85,0.835,0.03,664,1419,0.15,0.18,121
btc-updown-15m-1761906600,1761906600,570,0.85,0.87,0.86,0.02,95,1400,0.13,0.15,587
btc-updown-15m-1761906600,1761906600,585,0.85,0.87,0.86,0.02,659,731.27,0.13,0.15,9
btc-updown-15m-1761906600,1761906600,600,0.91,0.92,0.915,0.01,83,1176,0.08,0.09,824
btc-updown-15m-1761906600,1761906600,615,0.91,0.93,0.92,0.02,799,1455.51,0.07,0.09,128
btc-updown-15m-1761906600,1761906600,630,0.93,0.95,0.94,0.02,103,1144,0.05,0.07,273
btc-updown-15m-1761906600,1761906600,645,0.92,0.94,0.93,0.02,725,1302.91,0.06,0.08,102
btc-updown-15m-1761906600,1761906600,660,0.94,0.95,0.945,0.01,800,1857.95,0.05,0.06,23
btc-updown-15m-1761906600,1761906600,675,0.97,0.99,0.98,0.02,1201.32,358.82,0.01,0.03,2
btc-updown-15m-1761906600,1761906600,690,0.97,0.99,0.98,0.02,1081.29,10,0.01,0.03,618
btc-updown-15m-1761906600,1761906600,705,0.99,,,,628.96,0,,0.01,129
btc-updown-15m-1761906600,1761906600,720,0.99,,,,910.96,0,,0.01,639
btc-updown-15m-1761906600,1761906600,735,0.99,,,,1034.52,0,,0.01,82
btc-updown-15m-1761906600,1761906600,750,0.99,,,,1126.52,0,,0.01,74
btc-updown-15m-1761906600,1761906600,765,0.99,,,,2157.04,0,,0.01,87
btc-updown-15m-1761906600,1761906600,780,0.99,,,,2167.04,0,,0.01,7
btc-updown-15m-1761906600,1761906600,795,0.99,,,,2827.04,0,,0.01,101
btc-updown-15m-1761906600,1761906600,810,0.99,,,,3246.04,0,,0.01,1043
btc-updown-15m-1761906600,1761906600,825,0.99,,,,4957.04,0,,0.01,84
btc-updown-15m-1761906600,1761906600,840,0.99,,,,8069.03,0,,0.01,1689
btc-updown-15m-1761906600,1761906600,845,0.99,,,,8172.03,0,,0.01,105
btc-updown-15m-1761906600,1761906600,850,0.99,,,,8172.03,0,,0.01,1685
btc-updown-15m-1761906600,1761906600,855,0.99,,,,8172.03,0,,0.01,68
btc-updown-15m-1761906600,1761906600,860,0.99,,,,8172.03,0,,0.01,625
btc-updown-15m-1761906600,1761906600,865,0.99,,,,8172.03,0,,0.01,60
btc-updown-15m-1761906600,1761906600,870,0.99,,,,8189.38,0,,0.01,124
btc-updown-15m-1761906600,1761906600,875,0.99,,,,8194.38,0,,0.01,61
btc-updown-15m-1761906600,1761906600,880,0.99,,,,8194.38,0,,0.01,3727
btc-updown-15m-1761906600,1761906600,885,0.99,,,,7594.38,0,,0.01,82
btc-updown-15m-1761906600,1761906600,890,0.99,,,,7594.38,0,,0.01,3692
btc-updown-15m-1761906600,1761906600,895,0.99,,,,7619.38,0,,0.01,95
btc-updown-15m-1761906600,1761906600,897,0.99,,,,7619.38,0,,0.01,1021
btc-updown-15m-1761906600,1761906600,899,0.99,,,,7969.38,0,,0.01,862
btc-updown-15m-1761906600,1761906600,900,0.99,,,,7988.38,0,,0.01,828
btc-updown-15m-1761911100,1761911100,0,0.5,0.51,0.505,0.01,877.82,1063.7,0.49,0.5,1582
btc-updown-15m-1761911100,1761911100,15,0.53,0.55,0.54,0.02,1273.82,375.21,0.45,0.47,11
btc-updown-15m-1761911100,1761911100,30,0.58,0.6,0.59,0.02,1411,839.88,0.4,0.42,17
btc-updown-15m-1761911100,1761911100,45,0.66,0.67,0.665,0.01,104.22,1264.7,0.33,0.34,301
btc-updown-15m-1761911100,1761911100,60,0.66,0.67,0.665,0.01,664.03,1004.28,0.33,0.34,6
btc-updown-15m-1761911100,1761911100,75,0.65,0.68,0.665,0.03,1142.69,749.42,0.32,0.35,130
btc-updown-15m-1761911100,1761911100,90,0.63,0.66,0.645,0.03,1175,600.75,0.34,0.37,28
btc-updown-15m-1761911100,1761911100,105,0.66,0.67,0.665,0.01,1142,225.33,0.33,0.34,172
btc-updown-15m-1761911100,1761911100,120,0.67,0.69,0.68,0.02,672.29,893.25,0.31,0.33,71
btc-updown-15m-1761911100,1761911100,135,0.77,0.79,0.78,0.02,948.99,542.5,0.21,0.23,194
btc-updown-15m-1761911100,1761911100,150,0.8,0.83,0.815,0.03,530,74,0.17,0.2,11
btc-updown-15m-1761911100,1761911100,165,0.85,0.86,0.855,0.01,988.3,438,0.14,0.15,153
btc-updown-15m-1761911100,1761911100,180,0.86,0.87,0.865,0.01,53.85,621.19,0.13,0.14,170
btc-updown-15m-1761911100,1761911100,195,0.94,0.95,0.945,0.01,1089.61,2328.87,0.05,0.06,26
btc-updown-15m-1761911100,1761911100,210,0.94,0.95,0.945,0.01,1606.33,2864.7,0.05,0.06,25
btc-updown-15m-1761911100,1761911100,225,0.94,0.95,0.945,0.01,1502.18,2692.89,0.05,0.06,175
btc-updown-15m-1761911100,1761911100,240,0.93,0.94,0.935,0.01,1264.27,996.89,0.06,0.07,142
btc-updown-15m-1761911100,1761911100,255,0.94,0.96,0.95,0.02,1341,3110.87,0.04,0.06,173
btc-updown-15m-1761911100,1761911100,270,0.95,0.97,0.96,0.02,1612.31,62408.71,0.03,0.05,179
btc-updown-15m-1761911100,1761911100,285,0.96,0.97,0.965,0.01,1305.04,62511.53,0.03,0.04,20
btc-updown-15m-1761911100,1761911100,300,0.95,0.97,0.96,0.02,1671.31,62232.91,0.03,0.05,3301
btc-updown-15m-1761911100,1761911100,315,0.94,0.97,0.955,0.03,1411.37,57840.84,0.03,0.06,153
btc-updown-15m-1761911100,1761911100,330,0.94,0.98,0.96,0.04,1200.54,56870,0.02,0.06,3
btc-updown-15m-1761911100,1761911100,345,0.97,0.98,0.975,0.01,1175,56994.92,0.02,0.03,148
btc-updown-15m-1761911100,1761911100,360,0.94,0.98,0.96,0.04,1183.37,56732.92,0.02,0.06,63
btc-updown-15m-1761911100,1761911100,375,0.95,0.98,0.965,0.03,2300.31,56721.89,0.02,0.05,167
btc-updown-15m-1761911100,1761911100,390,0.95,0.98,0.965,0.03,2322.72,56331.63,0.02,0.05,593
btc-updown-15m-1761911100,1761911100,405,0.97,0.99,0.98,0.02,742.2,1341,0.01,0.03,163
btc-updown-15m-1761911100,1761911100,420,0.98,0.99,0.985,0.01,585.45,1300.98,0.01,0.02,24
btc-updown-15m-1761911100,1761911100,435,0.98,0.99,0.985,0.01,2649.47,775.98,0.01,0.02,169
btc-updown-15m-1761911100,1761911100,450,0.98,0.99,0.985,0.01,2516.98,510,0.01,0.02,1278
btc-updown-15m-1761911100,1761911100,465,0.98,0.99,0.985,0.01,2052.98,10,0.01,0.02,194
btc-updown-15m-1761911100,1761911100,480,0.99,,,,3340.96,0,,0.01,15
btc-updown-15m-1761911100,1761911100,495,0.99,,,,3836.47,0,,0.01,263
btc-updown-15m-1761911100,1761911100,510,0.99,,,,7140.69,0,,0.01,364
btc-updown-15m-1761911100,1761911100,525,0.99,,,,5171.7,0,,0.01,485
btc-updown-15m-1761911100,1761911100,540,0.99,,,,6182.7,0,,0.01,157
btc-updown-15m-1761911100,1761911100,555,0.99,,,,6066.7,0,,0.01,450
btc-updown-15m-1761911100,1761911100,570,0.99,,,,6166.7,0,,0.01,1422
btc-updown-15m-1761911100,1761911100,585,0.99,,,,5752.11,0,,0.01,118
btc-updown-15m-1761911100,1761911100,600,0.99,,,,5760.35,0,,0.01,408
btc-updown-15m-1761911100,1761911100,615,0.99,,,,6010.35,0,,0.01,3638
btc-updown-15m-1761911100,1761911100,630,0.99,,,,5425.37,0,,0.01,251
btc-updown-15m-1761911100,1761911100,645,0.99,,,,5425.37,0,,0.01,161
btc-updown-15m-1761911100,1761911100,660,0.99,,,,6216.26,0,,0.01,178
btc-updown-15m-1761911100,1761911100,675,0.99,,,,6232.26,0,,0.01,783
btc-updown-15m-1761911100,1761911100,690,0.99,,,,5987.26,0,,0.01,185
btc-updown-15m-1761911100,1761911100,705,0.99,,,,6017.26,0,,0.01,303
btc-updown-15m-1761911100,1761911100,720,0.99,,,,6049.26,0,,0.01,1527
btc-updown-15m-1761911100,1761911100,735,0.99,,,,6054.26,0,,0.01,368
btc-updown-15m-1761911100,1761911100,750,0.99,,,,6104.26,0,,0.01,385
btc-updown-15m-1761911100,1761911100,765,0.99,,,,6079.26,0,,0.01,137
btc-updown-15m-1761911100,1761911100,780,0.99,,,,6079.26,0,,0.01,106
btc-updown-15m-1761911100,1761911100,795,0.99,,,,6706.26,0,,0.01,149
btc-updown-15m-1761911100,1761911100,810,0.99,,,,6629.26,0,,0.01,284
btc-updown-15m-1761911100,1761911100,825,0.99,,,,6629.26,0,,0.01,3
btc-updown-15m-1761911100,1761911100,840,0.991,,,,6354.26,0,,0.009,409
btc-updown-15m-1761911100,1761911100,845,0.991,,,,6457.26,0,,0.009,280
btc-updown-15m-1761911100,1761911100,850,0.991,,,,6457.26,0,,0.009,693
btc-updown-15m-1761911100,1761911100,855,0.992,,,,6750.77,0,,0.008,438
btc-updown-15m-1761911100,1761911100,860,0.992,,,,6750.77,0,,0.008,12
btc-updown-15m-1761911100,1761911100,865,0.992,,,,6750.77,0,,0.008,260
btc-updown-15m-1761911100,1761911100,870,0.992,,,,6768.12,0,,0.008,185
btc-updown-15m-1761911100,1761911100,875,0.992,,,,6773.12,0,,0.008,3202
btc-updown-15m-1761911100,1761911100,880,0.992,,,,7273.12,0,,0.008,2206
btc-updown-15m-1761911100,1761911100,885,0.992,,,,7273.12,0,,0.008,589
btc-updown-15m-1761911100,1761911100,890,0.993,,,,7323.12,0,,0.007,1219
btc-updown-15m-1761911100,1761911100,895,0.999,,,,6700,0,,0.001,1830
btc-updown-15m-1761911100,1761911100,897,0.999,,,,6700,0,,0.001,156
btc-updown-15m-1761911100,1761911100,899,0.999,,,,8700,0,,0.001,158
btc-updown-15m-1761911100,1761911100,900,0.999,,,,8700,0,,0.001,1158
btc-updown-15m-1761918300,1761918300,0,0.49,0.5,0.495,0.01,89.19,2099.83,0.5,0.51,542
btc-updown-15m-1761918300,1761918300,15,0.54,0.58,0.56,0.04,530,183,0.42,0.46,21
btc-updown-15m-1761918300,1761918300,30,0.59,0.61,0.6,0.02,837.56,106.43,0.39,0.41,58
btc-updown-15m-1761918300,1761918300,45,0.61,0.63,0.62,0.02,512.73,1254,0.37,0.39,1
btc-updown-15m-1761918300,1761918300,60,0.48,0.5,0.49,0.02,190,632,0.5,0.52,3
btc-updown-15m-1761918300,1761918300,75,0.53,0.55,0.54,0.02,55.43,50.8,0.45,0.47,606
btc-updown-15m-1761918300,1761918300,90,0.67,0.7,0.685,0.03,295,164.4,0.3,0.33,5
btc-updown-15m-1761918300,1761918300,105,0.71,0.72,0.715,0.01,89.2,191,0.28,0.29,18
btc-updown-15m-1761918300,1761918300,120,0.72,0.75,0.735,0.03,1180.9,73,0.25,0.28,9
btc-updown-15m-1761918300,1761918300,135,0.74,0.76,0.75,0.02,838,19,0.24,0.26,3
btc-updown-15m-1761918300,1761918300,150,0.76,0.8,0.78,0.04,1193,217,0.2,0.24,25
btc-updown-15m-1761918300,1761918300,165,0.83,0.87,0.85,0.04,923,449,0.13,0.17,18
btc-updown-15m-1761918300,1761918300,180,0.87,0.9,0.885,0.03,82.85,1030.88,0.1,0.13,72
btc-updown-15m-1761918300,1761918300,195,0.83,0.87,0.85,0.04,810,640,0.13,0.17,27
btc-updown-15m-1761918300,1761918300,210,0.86,0.89,0.875,0.03,669,1157.11,0.11,0.14,19
btc-updown-15m-1761918300,1761918300,225,0.85,0.89,0.87,0.04,313.2,1187.87,0.11,0.15,26
btc-updown-15m-1761918300,1761918300,240,0.83,0.84,0.835,0.01,46,360,0.16,0.17,14
btc-updown-15m-1761918300,1761918300,255,0.82,0.86,0.84,0.04,2725,922,0.14,0.18,0
btc-updown-15m-1761918300,1761918300,270,0.85,0.88,0.865,0.03,71,1916,0.12,0.15,4
btc-updown-15m-1761918300,1761918300,285,0.87,0.88,0.875,0.01,696,1190,0.12,0.13,8
btc-updown-15m-1761918300,1761918300,300,0.85,0.88,0.865,0.03,911.88,1713,0.12,0.15,63
btc-updown-15m-1761918300,1761918300,315,0.87,0.9,0.885,0.03,1015.69,1519.33,0.1,0.13,12
btc-updown-15m-1761918300,1761918300,330,0.86,0.88,0.87,0.02,1129.69,705,0.12,0.14,23
btc-updown-15m-1761918300,1761918300,345,0.79,0.81,0.8,0.02,589.11,834,0.19,0.21,24
btc-updown-15m-1761918300,1761918300,360,0.8,0.82,0.81,0.02,1023.55,751.04,0.18,0.2,92
btc-updown-15m-1761918300,1761918300,375,0.86,0.88,0.87,0.02,633,2359.98,0.12,0.14,1
btc-updown-15m-1761918300,1761918300,390,0.85,0.88,0.865,0.03,643.88,2540.73,0.12,0.15,18
btc-updown-15m-1761918300,1761918300,405,0.79,0.8,0.795,0.01,39,207,0.2,0.21,4
btc-updown-15m-1761918300,1761918300,420,0.75,0.78,0.765,0.03,1172,244,0.22,0.25,1
btc-updown-15m-1761918300,1761918300,435,0.77,0.8,0.785,0.03,77,200,0.2,0.23,21
btc-updown-15m-1761918300,1761918300,450,0.85,0.88,0.865,0.03,687,1921.73,0.12,0.15,1
btc-updown-15m-1761918300,1761918300,465,0.86,0.88,0.87,0.02,136,1193.73,0.12,0.14,6
btc-updown-15m-1761918300,1761918300,480,0.85,0.88,0.865,0.03,652,1737.58,0.12,0.15,1
btc-updown-15m-1761918300,1761918300,495,0.88,0.9,0.89,0.02,892,38.99,0.1,0.12,11
btc-updown-15m-1761918300,1761918300,510,0.91,0.95,0.93,0.04,910.97,1320.74,0.05,0.09,36
btc-updown-15m-1761918300,1761918300,525,0.91,0.95,0.93,0.04,813.77,755,0.05,0.09,10
btc-updown-15m-1761918300,1761918300,540,0.97,0.98,0.975,0.01,3563.14,1804,0.02,0.03,12
btc-updown-15m-1761918300,1761918300,555,0.95,0.99,0.97,0.04,1011.35,1720.98,0.01,0.05,57
btc-updown-15m-1761918300,1761918300,570,0.97,0.98,0.975,0.01,972,1581.12,0.02,0.03,66
btc-updown-15m-1761918300,1761918300,585,0.98,0.99,0.985,0.01,1033,1419.07,0.01,0.02,1748
btc-updown-15m-1761918300,1761918300,600,0.98,0.99,0.985,0.01,2296.52,508.98,0.01,0.02,74
btc-updown-15m-1761918300,1761918300,615,0.98,0.99,0.985,0.01,1374.8,749.94,0.01,0.02,126
btc-updown-15m-1761918300,1761918300,630,0.98,0.99,0.985,0.01,1254.8,598.94,0.01,0.02,26
btc-updown-15m-1761918300,1761918300,645,0.99,,,,3630.37,0,,0.01,65
btc-updown-15m-1761918300,1761918300,660,0.99,,,,3876.37,0,,0.01,43
btc-updown-15m-1761918300,1761918300,675,0.99,,,,3370.8,0,,0.01,133
btc-updown-15m-1761918300,1761918300,690,0.99,,,,4571.24,0,,0.01,36
btc-updown-15m-1761918300,1761918300,705,0.99,,,,6694.24,0,,0.01,29
btc-updown-15m-1761918300,1761918300,720,0.99,,,,7865.24,0,,0.01,81
btc-updown-15m-1761918300,1761918300,735,0.99,,,,7565.24,0,,0.01,29
btc-updown-15m-1761918300,1761918300,750,0.99,,,,8115.24,0,,0.01,59
btc-updown-15m-1761918300,1761918300,765,0.99,,,,8115.24,0,,0.01,23
btc-updown-15m-1761918300,1761918300,780,0.99,,,,8187.2,0,,0.01,92
btc-updown-15m-1761918300,1761918300,795,0.99,,,,8687.2,0,,0.01,62
btc-updown-15m-1761918300,1761918300,810,0.99,,,,8687.2,0,,0.01,22
btc-updown-15m-1761918300,1761918300,825,0.99,,,,12549.05,0,,0.01,27
btc-updown-15m-1761918300,1761918300,840,0.99,,,,12581.05,0,,0.01,507
btc-updown-15m-1761918300,1761918300,845,0.99,,,,12684.05,0,,0.01,20
btc-updown-15m-1761918300,1761918300,850,0.99,,,,12684.05,0,,0.01,12
btc-updown-15m-1761918300,1761918300,855,0.99,,,,12684.05,0,,0.01,21
btc-updown-15m-1761918300,1761918300,860,0.99,,,,12684.05,0,,0.01,78
btc-updown-15m-1761918300,1761918300,865,0.99,,,,12684.05,0,,0.01,7
btc-updown-15m-1761918300,1761918300,870,0.99,,,,12684.05,0,,0.01,29
btc-updown-15m-1761918300,1761918300,875,0.99,,,,12884.05,0,,0.01,39
btc-updown-15m-1761918300,1761918300,880,0.99,,,,12884.05,0,,0.01,15
btc-updown-15m-1761918300,1761918300,885,0.99,,,,12284.05,0,,0.01,11
btc-updown-15m-1761918300,1761918300,890,0.99,,,,12301.4,0,,0.01,11
btc-updown-15m-1761918300,1761918300,895,0.99,,,,12301.4,0,,0.01,125
btc-updown-15m-1761918300,1761918300,897,0.99,,,,12301.4,0,,0.01,9
btc-updown-15m-1761918300,1761918300,899,0.99,,,,12301.4,0,,0.01,11
btc-updown-15m-1761918300,1761918300,900,0.99,,,,12335.4,0,,0.01,36
btc-updown-15m-1761922800,1761922800,0,0.42,0.45,0.435,0.03,99.51,1944.84,0.55,0.58,2382
btc-updown-15m-1761922800,1761922800,15,0.45,0.48,0.465,0.03,851,1948.09,0.52,0.55,23
btc-updown-15m-1761922800,1761922800,30,0.42,0.47,0.445,0.05,1475.51,2020.09,0.53,0.58,23
btc-updown-15m-1761922800,1761922800,45,0.46,0.48,0.47,0.02,544.28,2641.09,0.52,0.54,28
btc-updown-15m-1761922800,1761922800,60,0.5,0.52,0.51,0.02,636,112.15,0.48,0.5,74
btc-updown-15m-1761922800,1761922800,75,0.42,0.45,0.435,0.03,1203.78,119,0.55,0.58,7
btc-updown-15m-1761922800,1761922800,90,0.34,0.36,0.35,0.02,767,776.8,0.64,0.66,13
btc-updown-15m-1761922800,1761922800,105,0.35,0.38,0.365,0.03,532.84,690,0.62,0.65,11
btc-updown-15m-1761922800,1761922800,120,0.35,0.36,0.355,0.01,1260.46,88,0.64,0.65,37
btc-updown-15m-1761922800,1761922800,135,0.39,0.42,0.405,0.03,558,651.61,0.58,0.61,15
btc-updown-15m-1761922800,1761922800,150,0.38,0.41,0.395,0.03,1482,160,0.59,0.62,4
btc-updown-15m-1761922800,1761922800,165,0.3,0.34,0.32,0.04,622,643.44,0.66,0.7,10
btc-updown-15m-1761922800,1761922800,180,0.31,0.32,0.315,0.01,395.17,648,0.68,0.69,14
btc-updown-15m-1761922800,1761922800,195,0.24,0.28,0.26,0.04,846.37,644,0.72,0.76,4
btc-updown-15m-1761922800,1761922800,210,0.22,0.25,0.235,0.03,189,633.06,0.75,0.78,3
btc-updown-15m-1761922800,1761922800,225,0.22,0.28,0.25,0.06,176.34,376.13,0.72,0.78,8
btc-updown-15m-1761922800,1761922800,240,0.24,0.25,0.245,0.01,663.64,98,0.75,0.76,290
btc-updown-15m-1761922800,1761922800,255,0.19,0.22,0.205,0.03,261,724.9,0.78,0.81,7
btc-updown-15m-1761922800,1761922800,270,0.18,0.2,0.19,0.02,179.34,504.7,0.8,0.82,24
btc-updown-15m-1761922800,1761922800,285,0.2,0.23,0.215,0.03,1703,692.79,0.77,0.8,33
btc-updown-15m-1761922800,1761922800,300,0.18,0.22,0.2,0.04,1337,726.74,0.78,0.82,14
btc-updown-15m-1761922800,1761922800,315,0.2,0.24,0.22,0.04,819.65,732.27,0.76,0.8,17
btc-updown-15m-1761922800,1761922800,330,0.2,0.21,0.205,0.01,228,653,0.79,0.8,2
btc-updown-15m-1761922800,1761922800,345,0.17,0.19,0.18,0.02,282,97.5,0.81,0.83,17
btc-updown-15m-1761922800,1761922800,360,0.15,0.17,0.16,0.02,108.01,151.9,0.83,0.85,4
btc-updown-15m-1761922800,1761922800,375,0.15,0.18,0.165,0.03,618.01,87.49,0.82,0.85,17
btc-updown-15m-1761922800,1761922800,390,0.15,0.17,0.16,0.02,211.01,119.49,0.83,0.85,45
btc-updown-15m-1761922800,1761922800,405,0.11,0.12,0.115,0.01,80.3,63,0.88,0.89,39
btc-updown-15m-1761922800,1761922800,420,0.08,0.14,0.11,0.06,1867.29,76,0.86,0.92,54
btc-updown-15m-1761922800,1761922800,435,0.1,0.13,0.115,0.03,515.01,326.29,0.87,0.9,130
btc-updown-15m-1761922800,1761922800,450,0.11,0.15,0.13,0.04,962.67,107,0.85,0.89,4
btc-updown-15m-1761922800,1761922800,465,0.07,0.1,0.085,0.03,348,317,0.9,0.93,62
btc-updown-15m-1761922800,1761922800,480,0.17,0.23,0.2,0.06,116,289.97,0.77,0.83,0
btc-updown-15m-1761922800,1761922800,495,0.29,0.33,0.31,0.04,865,54,0.67,0.71,1504
btc-updown-15m-1761922800,1761922800,510,0.59,0.65,0.62,0.06,62.7,60,0.35,0.41,2
btc-updown-15m-1761922800,1761922800,525,0.74,0.78,0.76,0.04,49,445.6,0.22,0.26,7
btc-updown-15m-1761922800,1761922800,540,0.59,0.66,0.625,0.07,1084,358.4,0.34,0.41,15
btc-updown-15m-1761922800,1761922800,555,0.78,0.85,0.815,0.07,277,1149.7,0.15,0.22,13
btc-updown-15m-1761922800,1761922800,570,0.8,0.86,0.83,0.06,797,49,0.14,0.2,6
btc-updown-15m-1761922800,1761922800,585,0.86,0.9,0.88,0.04,849,515.39,0.1,0.14,70
btc-updown-15m-1761922800,1761922800,600,0.89,0.93,0.91,0.04,424.45,150.8,0.07,0.11,4
btc-updown-15m-1761922800,1761922800,615,0.91,0.96,0.935,0.05,824.85,1098,0.04,0.09,2
btc-updown-15m-1761922800,1761922800,630,0.91,0.95,0.93,0.04,497.94,748,0.05,0.09,29
btc-updown-15m-1761922800,1761922800,645,0.77,0.82,0.795,0.05,656,822.75,0.18,0.23,20
btc-updown-15m-1761922800,1761922800,660,0.77,0.84,0.805,0.07,959.74,1110,0.16,0.23,11
btc-updown-15m-1761922800,1761922800,675,0.85,0.88,0.865,0.03,611.33,618.27,0.12,0.15,3
btc-updown-15m-1761922800,1761922800,690,0.81,0.83,0.82,0.02,788.5,983.4,0.17,0.19,16
btc-updown-15m-1761922800,1761922800,705,0.75,0.77,0.76,0.02,92,1125.59,0.23,0.25,20
btc-updown-15m-1761922800,1761922800,720,0.54,0.55,0.545,0.01,493.12,35.6,0.45,0.46,40
btc-updown-15m-1761922800,1761922800,735,0.58,0.6,0.59,0.02,895,45,0.4,0.42,1
btc-updown-15m-1761922800,1761922800,750,0.59,0.61,0.6,0.02,861,687.16,0.39,0.41,925
btc-updown-15m-1761922800,1761922800,765,0.61,0.64,0.625,0.03,779.56,667.7,0.36,0.39,70
btc-updown-15m-1761922800,1761922800,780,0.52,0.56,0.54,0.04,773.26,672.3,0.44,0.48,1
btc-updown-15m-1761922800,1761922800,795,0.37,0.41,0.39,0.04,462.36,46,0.59,0.63,14
btc-updown-15m-1761922800,1761922800,810,0.3,0.32,0.31,0.02,702,34.32,0.68,0.7,0
btc-updown-15m-1761922800,1761922800,825,0.2,0.23,0.215,0.03,234,665.55,0.77,0.8,4
btc-updown-15m-1761922800,1761922800,840,0.26,0.3,0.28,0.04,288,123,0.7,0.74,2
btc-updown-15m-1761922800,1761922800,845,0.29,0.36,0.325,0.07,318,118.81,0.64,0.71,0
btc-updown-15m-1761922800,1761922800,850,0.14,0.32,0.23,0.18,1299,68,0.68,0.86,11
btc-updown-15m-1761922800,1761922800,855,0.07,0.09,0.08,0.02,628.1,56.98,0.91,0.93,73
btc-updown-15m-1761922800,1761922800,860,0.13,0.22,0.175,0.09,728,25.95,0.78,0.87,14
btc-updown-15m-1761922800,1761922800,865,0.15,0.27,0.21,0.12,31,658,0.73,0.85,54
btc-updown-15m-1761922800,1761922800,870,0.1,0.16,0.13,0.06,616,34,0.84,0.9,18
btc-updown-15m-1761922800,1761922800,875,0.15,0.2,0.175,0.05,637,30,0.8,0.85,0
btc-updown-15m-1761922800,1761922800,880,0.25,0.33,0.29,0.08,53,151.36,0.67,0.75,8
btc-updown-15m-1761922800,1761922800,885,0.15,0.35,0.25,0.2,48.44,167.36,0.65,0.85,8
btc-updown-15m-1761922800,1761922800,890,0.12,0.25,0.185,0.13,83,52,0.75,0.88,142
btc-updown-15m-1761922800,1761922800,895,0.11,0.2,0.155,0.09,67,144.36,0.8,0.89,35
btc-updown-15m-1761922800,1761922800,897,0.06,0.21,0.135,0.15,563.85,81,0.79,0.94,6
btc-updown-15m-1761922800,1761922800,899,0.01,0.03,0.02,0.02,497.85,363.36,0.97,0.99,17
btc-updown-15m-1761922800,1761922800,900,0.01,0.03,0.02,0.02,497.85,310,0.97,0.99,0
btc-updown-15m-1761936300,1761936300,0,,,,,0,0,,,
btc-updown-15m-1761936300,1761936300,15,,,,,0,0,,,
btc-updown-15m-1761936300,1761936300,30,,,,,0,0,,,
btc-updown-15m-1761936300,1761936300,45,,,,,0,0,,,
btc-updown-15m-1761936300,1761936300,60,,,,,0,0,,,
btc-updown-15m-1761936300,1761936300,75,,,,,0,0,,,
btc-updown-15m-1761936300,1761936300,90,,,,,0,0,,,
btc-updown-15m-1761936300,1761936300,105,,,,,0,0,,,
btc-updown-15m-1761936300,1761936300,120,,,,,0,0,,,
btc-updown-15m-1761936300,1761936300,135,,,,,0,0,,,
btc-updown-15m-1761936300,1761936300,150,,,,,0,0,,,
btc-updown-15m-1761936300,1761936300,165,,,,,0,0,,,
btc-updown-15m-1761936300,1761936300,180,,,,,0,0,,,
btc-updown-15m-1761936300,1761936300,195,,,,,0,0,,,
btc-updown-15m-1761936300,1761936300,210,,,,,0,0,,,
btc-updown-15m-1761936300,1761936300,225,,,,,0,0,,,
btc-updown-15m-1761936300,1761936300,240,,,,,0,0,,,
btc-updown-15m-1761936300,1761936300,255,,,,,0,0,,,
btc-updown-15m-1761936300,1761936300,270,,,,,0,0,,,
btc-updown-15m-1761936300,1761936300,285,,,,,0,0,,,
btc-updown-15m-1761936300,1761936300,300,,,,,0,0,,,
btc-updown-15m-1761936300,1761936300,315,,,,,0,0,,,
btc-updown-15m-1761936300,1761936300,330,,,,,0,0,,,
btc-updown-15m-1761936300,1761936300,345,,,,,0,0,,,
btc-updown-15m-1761936300,1761936300,360,,,,,0,0,,,
btc-updown-15m-1761936300,1761936300,375,,,,,0,0,,,
btc-updown-15m-1761936300,1761936300,390,,,,,0,0,,,
btc-updown-15m-1761936300,1761936300,405,,,,,0,0,,,
btc-updown-15m-1761936300,1761936300,420,,,,,0,0,,,
btc-updown-15m-1761936300,1761936300,435,,,,,0,0,,,
btc-updown-15m-1761936300,1761936300,450,,,,,0,0,,,
btc-updown-15m-1761936300,1761936300,465,,,,,0,0,,,
btc-updown-15m-1761936300,1761936300,480,,,,,0,0,,,
btc-updown-15m-1761936300,1761936300,495,,,,,0,0,,,
btc-updown-15m-1761936300,1761936300,510,,,,,0,0,,,
btc-updown-15m-1761936300,1761936300,525,,,,,0,0,,,
btc-updown-15m-1761936300,1761936300,540,,,,,0,0,,,
btc-updown-15m-1761936300,1761936300,555,,,,,0,0,,,
btc-updown-15m-1761936300,1761936300,570,,,,,0,0,,,
btc-updown-15m-1761936300,1761936300,585,,,,,0,0,,,
btc-updown-15m-1761936300,1761936300,600,,,,,0,0,,,
btc-updown-15m-1761936300,1761936300,615,,,,,0,0,,,
btc-updown-15m-1761936300,1761936300,630,,,,,0,0,,,
btc-updown-15m-1761936300,1761936300,645,,,,,0,0,,,
btc-updown-15m-1761936300,1761936300,660,,,,,0,0,,,
btc-updown-15m-1761936300,1761936300,675,,,,,0,0,,,
btc-updown-15m-1761936300,1761936300,690,,,,,0,0,,,
btc-updown-15m-1761936300,1761936300,705,0.01,0.05,0.03,0.04,2,1706.68,0.95,0.99,119
btc-updown-15m-1761936300,1761936300,720,0.01,0.05,0.03,0.04,10,1691.48,0.95,0.99,27
btc-updown-15m-1761936300,1761936300,735,,0.01,,,0,2893.38,0.99,,27
btc-updown-15m-1761936300,1761936300,750,,0.01,,,0,3338.37,0.99,,95
btc-updown-15m-1761936300,1761936300,765,,0.01,,,0,3088.37,0.99,,21
btc-updown-15m-1761936300,1761936300,780,,0.01,,,0,3028.38,0.99,,14
btc-updown-15m-1761936300,1761936300,795,,0.01,,,0,2783.39,0.99,,150
btc-updown-15m-1761936300,1761936300,810,,0.01,,,0,3583.39,0.99,,5
btc-updown-15m-1761936300,1761936300,825,,0.01,,,0,3583.39,0.99,,21
btc-updown-15m-1761936300,1761936300,840,,0.01,,,0,3003.39,0.99,,28
btc-updown-15m-1761936300,1761936300,845,,0.01,,,0,2503.39,0.99,,2
btc-updown-15m-1761936300,1761936300,850,,0.01,,,0,2296.06,0.99,,32
btc-updown-15m-1761936300,1761936300,855,,0.01,,,0,1921.39,0.99,,27
btc-updown-15m-1761936300,1761936300,860,,0.01,,,0,1921.39,0.99,,23
btc-updown-15m-1761936300,1761936300,865,,0.01,,,0,1896.39,0.99,,34
btc-updown-15m-1761936300,1761936300,870,,0.01,,,0,1921.39,0.99,,23
btc-updown-15m-1761936300,1761936300,875,,0.01,,,0,2253.06,0.99,,3
btc-updown-15m-1761936300,1761936300,880,,0.01,,,0,2526.39,0.99,,100
btc-updown-15m-1761936300,1761936300,885,,0.01,,,0,1926.39,0.99,,0
btc-updown-15m-1761936300,1761936300,890,,0.01,,,0,1926.39,0.99,,88
btc-updown-15m-1761936300,1761936300,895,,0.01,,,0,2101.39,0.99,,56
btc-updown-15m-1761936300,1761936300,897,,0.01,,,0,2101.39,0.99,,94
btc-updown-15m-1761936300,1761936300,899,,0.01,,,0,2474.39,0.99,,7
btc-updown-15m-1761936300,1761936300,900,,0.01,,,0,2474.39,0.99,,76
btc-updown-15m-1761939900,1761939900,0,0.5,0.51,0.505,0.01,600.5,168.03,0.49,0.5,1394
btc-updown-15m-1761939900,1761939900,15,0.5,0.53,0.515,0.03,772.68,720,0.47,0.5,51
btc-updown-15m-1761939900,1761939900,30,0.59,0.6,0.595,0.01,290,30,0.4,0.41,1
btc-updown-15m-1761939900,1761939900,45,0.56,0.58,0.57,0.02,308,560,0.42,0.44,6
btc-updown-15m-1761939900,1761939900,60,0.52,0.54,0.53,0.02,138,1356,0.46,0.48,71
btc-updown-15m-1761939900,1761939900,75,0.62,0.64,0.63,0.02,1098,555,0.36,0.38,40
btc-updown-15m-1761939900,1761939900,90,0.62,0.64,0.63,0.02,92,1441,0.36,0.38,14
btc-updown-15m-1761939900,1761939900,105,0.65,0.67,0.66,0.02,1242.91,579,0.33,0.35,18
btc-updown-15m-1761939900,1761939900,120,0.88,0.89,0.885,0.01,84.66,1599,0.11,0.12,121
btc-updown-15m-1761939900,1761939900,135,0.81,0.86,0.835,0.05,1400.87,1341.58,0.14,0.19,2582
btc-updown-15m-1761939900,1761939900,150,0.79,0.83,0.81,0.04,923.7,976,0.17,0.21,1
btc-updown-15m-1761939900,1761939900,165,0.8,0.83,0.815,0.03,104,1516,0.17,0.2,283
btc-updown-15m-1761939900,1761939900,180,0.82,0.86,0.84,0.04,1049,600.02,0.14,0.18,330
btc-updown-15m-1761939900,1761939900,195,0.8,0.81,0.805,0.01,241,562.91,0.19,0.2,9
btc-updown-15m-1761939900,1761939900,210,0.79,0.81,0.8,0.02,187.42,1207.97,0.19,0.21,74
btc-updown-15m-1761939900,1761939900,225,0.77,0.79,0.78,0.02,265,1420,0.21,0.23,207
btc-updown-15m-1761939900,1761939900,240,0.78,0.8,0.79,0.02,82,1494.25,0.2,0.22,1
btc-updown-15m-1761939900,1761939900,255,0.75,0.77,0.76,0.02,426.79,722,0.23,0.25,768
btc-updown-15m-1761939900,1761939900,270,0.74,0.76,0.75,0.02,55,1272,0.24,0.26,9
btc-updown-15m-1761939900,1761939900,285,0.75,0.77,0.76,0.02,340.88,571.25,0.23,0.25,154
btc-updown-15m-1761939900,1761939900,300,0.73,0.77,0.75,0.04,984,1342.54,0.23,0.27,84
btc-updown-15m-1761939900,1761939900,315,0.86,0.88,0.87,0.02,1161,403.54,0.12,0.14,227
btc-updown-15m-1761939900,1761939900,330,0.85,0.88,0.865,0.03,870.43,1512.85,0.12,0.15,293
btc-updown-15m-1761939900,1761939900,345,0.82,0.84,0.83,0.02,365,303.37,0.16,0.18,4
btc-updown-15m-1761939900,1761939900,360,0.83,0.85,0.84,0.02,887.11,663.37,0.15,0.17,11
btc-updown-15m-1761939900,1761939900,375,0.9,0.91,0.905,0.01,982.43,1418,0.09,0.1,6
btc-updown-15m-1761939900,1761939900,390,0.85,0.87,0.86,0.02,937,1425,0.13,0.15,625
btc-updown-15m-1761939900,1761939900,405,0.76,0.79,0.775,0.03,701,703.72,0.21,0.24,0
btc-updown-15m-1761939900,1761939900,420,0.74,0.75,0.745,0.01,656,1297.2,0.25,0.26,73
btc-updown-15m-1761939900,1761939900,435,0.74,0.76,0.75,0.02,697.52,1030,0.24,0.26,1
btc-updown-15m-1761939900,1761939900,450,0.68,0.71,0.695,0.03,741.75,915.36,0.29,0.32,210
btc-updown-15m-1761939900,1761939900,465,0.65,0.67,0.66,0.02,133.44,1386.44,0.33,0.35,16
btc-updown-15m-1761939900,1761939900,480,0.63,0.66,0.645,0.03,1017.34,1349.25,0.34,0.37,102
btc-updown-15m-1761939900,1761939900,495,0.71,0.73,0.72,0.02,338,422.6,0.27,0.29,0
btc-updown-15m-1761939900,1761939900,510,0.73,0.77,0.75,0.04,427.7,1330.96,0.23,0.27,278
btc-updown-15m-1761939900,1761939900,525,0.74,0.77,0.755,0.03,942.65,1247.32,0.23,0.26,450
btc-updown-15m-1761939900,1761939900,540,0.7,0.72,0.71,0.02,1034,1094.97,0.28,0.3,3
btc-updown-15m-1761939900,1761939900,555,0.78,0.8,0.79,0.02,703,1461.06,0.2,0.22,0
btc-updown-15m-1761939900,1761939900,570,0.71,0.73,0.72,0.02,1036,502.3,0.27,0.29,59
btc-updown-15m-1761939900,1761939900,585,0.69,0.72,0.705,0.03,698,861.46,0.28,0.31,199
btc-updown-15m-1761939900,1761939900,600,0.64,0.66,0.65,0.02,364,1148.5,0.34,0.36,118
btc-updown-15m-1761939900,1761939900,615,0.51,0.54,0.525,0.03,902,534,0.46,0.49,34
btc-updown-15m-1761939900,1761939900,630,0.56,0.58,0.57,0.02,1088.72,1137.31,0.42,0.44,2
btc-updown-15m-1761939900,1761939900,645,0.54,0.56,0.55,0.02,1137.21,344.71,0.44,0.46,0
btc-updown-15m-1761939900,1761939900,660,0.69,0.7,0.695,0.01,385.35,594.43,0.3,0.31,45
btc-updown-15m-1761939900,1761939900,675,0.59,0.61,0.6,0.02,882,567.5,0.39,0.41,119
btc-updown-15m-1761939900,1761939900,690,0.54,0.57,0.555,0.03,879,818.76,0.43,0.46,10
btc-updown-15m-1761939900,1761939900,705,0.55,0.61,0.58,0.06,265,786.86,0.39,0.45,9
btc-updown-15m-1761939900,1761939900,720,0.49,0.55,0.52,0.06,629.32,347,0.45,0.51,48
btc-updown-15m-1761939900,1761939900,735,0.57,0.61,0.59,0.04,630,642.28,0.39,0.43,0
btc-updown-15m-1761939900,1761939900,750,0.44,0.49,0.465,0.05,823.13,1167.61,0.51,0.56,27
btc-updown-15m-1761939900,1761939900,765,0.47,0.48,0.475,0.01,275,670.99,0.52,0.53,86
btc-updown-15m-1761939900,1761939900,780,0.47,0.49,0.48,0.02,1111,73.65,0.51,0.53,3
btc-updown-15m-1761939900,1761939900,795,0.4,0.48,0.44,0.08,120.84,840,0.52,0.6,109
btc-updown-15m-1761939900,1761939900,810,0.25,0.27,0.26,0.02,20.2,718.38,0.73,0.75,1
btc-updown-15m-1761939900,1761939900,825,0.09,0.16,0.125,0.07,1350,718,0.84,0.91,28
btc-updown-15m-1761939900,1761939900,840,0.07,0.09,0.08,0.02,20,668.89,0.91,0.93,14
btc-updown-15m-1761939900,1761939900,845,0.02,0.08,0.05,0.06,1479,79,0.92,0.98,32
btc-updown-15m-1761939900,1761939900,850,0.03,0.18,0.105,0.15,1279.94,569,0.82,0.97,5
btc-updown-15m-1761939900,1761939900,855,0.02,0.11,0.065,0.09,1217.53,645,0.89,0.98,2
btc-updown-15m-1761939900,1761939900,860,0.04,0.1,0.07,0.06,647,63.63,0.9,0.96,174
btc-updown-15m-1761939900,1761939900,865,0.03,0.1,0.065,0.07,1101.39,663.63,0.9,0.97,5
btc-updown-15m-1761939900,1761939900,870,0.02,0.09,0.055,0.07,1115.39,54,0.91,0.98,214
btc-updown-15m-1761939900,1761939900,875,0.01,0.07,0.04,0.06,973.39,629.71,0.93,0.99,31
btc-updown-15m-1761939900,1761939900,880,0.01,0.07,0.04,0.06,765.22,631.14,0.93,0.99,3
btc-updown-15m-1761939900,1761939900,885,,0.02,,,0,540,0.98,,30
btc-updown-15m-1761939900,1761939900,890,,0.01,,,0,471,0.99,,561
btc-updown-15m-1761939900,1761939900,895,,0.01,,,0,1007.06,0.99,,55
btc-updown-15m-1761939900,1761939900,897,,0.01,,,0,1007.06,0.99,,902
btc-updown-15m-1761939900,1761939900,899,,0.01,,,0,1042.06,0.99,,1189
btc-updown-15m-1761939900,1761939900,900,,0.01,,,0,1406.06,0.99,,74
btc-updown-15m-1761944400,1761944400,0,0.54,0.55,0.545,0.01,1008.94,66,0.45,0.46,21
btc-updown-15m-1761944400,1761944400,15,0.54,0.55,0.545,0.01,607.4,86,0.45,0.46,1
btc-updown-15m-1761944400,1761944400,30,0.54,0.56,0.55,0.02,35,776.4,0.44,0.46,9
btc-updown-15m-1761944400,1761944400,45,0.6,0.62,0.61,0.02,159.63,757.73,0.38,0.4,74
btc-updown-15m-1761944400,1761944400,60,0.6,0.62,0.61,0.02,100.13,639.83,0.38,0.4,0
btc-updown-15m-1761944400,1761944400,75,0.58,0.6,0.59,0.02,793,550,0.4,0.42,11
btc-updown-15m-1761944400,1761944400,90,0.58,0.59,0.585,0.01,164,560,0.41,0.42,27
btc-updown-15m-1761944400,1761944400,105,0.59,0.6,0.595,0.01,109,570,0.4,0.41,90
btc-updown-15m-1761944400,1761944400,120,0.59,0.62,0.605,0.03,113,773.5,0.38,0.41,11
btc-updown-15m-1761944400,1761944400,135,0.63,0.64,0.635,0.01,45.89,821.7,0.36,0.37,27
btc-updown-15m-1761944400,1761944400,150,0.57,0.59,0.58,0.02,651,732.9,0.41,0.43,248
btc-updown-15m-1761944400,1761944400,165,0.59,0.61,0.6,0.02,83,284.1,0.39,0.41,5
btc-updown-15m-1761944400,1761944400,180,0.57,0.58,0.575,0.01,710,720,0.42,0.43,6
btc-updown-15m-1761944400,1761944400,195,0.54,0.56,0.55,0.02,698,222,0.44,0.46,372
btc-updown-15m-1761944400,1761944400,210,0.52,0.54,0.53,0.02,1211.1,59,0.46,0.48,1
btc-updown-15m-1761944400,1761944400,225,0.62,0.63,0.625,0.01,585,83,0.37,0.38,28
btc-updown-15m-1761944400,1761944400,240,0.61,0.63,0.62,0.02,646,225.7,0.37,0.39,14
btc-updown-15m-1761944400,1761944400,255,0.74,0.76,0.75,0.02,671,645.9,0.24,0.26,749
btc-updown-15m-1761944400,1761944400,270,0.75,0.77,0.76,0.02,95,66,0.23,0.25,28
btc-updown-15m-1761944400,1761944400,285,0.77,0.78,0.775,0.01,650,84.16,0.22,0.23,21
btc-updown-15m-1761944400,1761944400,300,0.78,0.79,0.785,0.01,650,131,0.21,0.22,6
btc-updown-15m-1761944400,1761944400,315,0.74,0.76,0.75,0.02,314.94,713.22,0.24,0.26,37
btc-updown-15m-1761944400,1761944400,330,0.64,0.66,0.65,0.02,959,671,0.34,0.36,24
btc-updown-15m-1761944400,1761944400,345,0.65,0.68,0.665,0.03,51,676,0.32,0.35,1
btc-updown-15m-1761944400,1761944400,360,0.7,0.72,0.71,0.02,26,642.8,0.28,0.3,25
btc-updown-15m-1761944400,1761944400,375,0.74,0.76,0.75,0.02,698.15,711.3,0.24,0.26,19
btc-updown-15m-1761944400,1761944400,390,0.74,0.79,0.765,0.05,659.15,823.3,0.21,0.26,1
btc-updown-15m-1761944400,1761944400,405,0.76,0.78,0.77,0.02,656.92,131,0.22,0.24,12
btc-updown-15m-1761944400,1761944400,420,0.78,0.8,0.79,0.02,1076.65,70,0.2,0.22,403
btc-updown-15m-1761944400,1761944400,435,0.79,0.81,0.8,0.02,635,687.93,0.19,0.21,34
btc-updown-15m-1761944400,1761944400,450,0.81,0.82,0.815,0.01,871.16,695.78,0.18,0.19,760
btc-updown-15m-1761944400,1761944400,465,0.83,0.85,0.84,0.02,266.16,164,0.15,0.17,2
btc-updown-15m-1761944400,1761944400,480,0.82,0.85,0.835,0.03,686,743,0.15,0.18,15
btc-updown-15m-1761944400,1761944400,495,0.79,0.82,0.805,0.03,73,134.1,0.18,0.21,0
btc-updown-15m-1761944400,1761944400,510,0.75,0.76,0.755,0.01,658,181.04,0.24,0.25,14
btc-updown-15m-1761944400,1761944400,525,0.76,0.78,0.77,0.02,634,498.1,0.22,0.24,124
btc-updown-15m-1761944400,1761944400,540,0.8,0.82,0.81,0.02,731,721.2,0.18,0.2,30
btc-updown-15m-1761944400,1761944400,555,0.85,0.86,0.855,0.01,158,703,0.14,0.15,6
btc-updown-15m-1761944400,1761944400,570,0.81,0.83,0.82,0.02,95,710,0.17,0.19,32
btc-updown-15m-1761944400,1761944400,585,0.83,0.87,0.85,0.04,773.11,785.6,0.13,0.17,14
btc-updown-15m-1761944400,1761944400,600,0.85,0.87,0.86,0.02,111,696.05,0.13,0.15,31
btc-updown-15m-1761944400,1761944400,615,0.83,0.87,0.85,0.04,142,707.34,0.13,0.17,16
btc-updown-15m-1761944400,1761944400,630,0.81,0.83,0.82,0.02,719.7,680.1,0.17,0.19,18
btc-updown-15m-1761944400,1761944400,645,0.81,0.82,0.815,0.01,84.38,628.16,0.18,0.19,2
btc-updown-15m-1761944400,1761944400,660,0.79,0.84,0.815,0.05,156.72,696.2,0.16,0.21,33
btc-updown-15m-1761944400,1761944400,675,0.82,0.85,0.835,0.03,739.72,118.46,0.15,0.18,11
btc-updown-15m-1761944400,1761944400,690,0.84,0.87,0.855,0.03,1464,139.66,0.13,0.16,19
btc-updown-15m-1761944400,1761944400,705,0.84,0.87,0.855,0.03,864,756.46,0.13,0.16,93
btc-updown-15m-1761944400,1761944400,720,0.81,0.87,0.84,0.06,770.72,675.38,0.13,0.19,4
btc-updown-15m-1761944400,1761944400,735,0.77,0.79,0.78,0.02,149,56,0.21,0.23,994
btc-updown-15m-1761944400,1761944400,750,0.78,0.8,0.79,0.02,154,34.7,0.2,0.22,2
btc-updown-15m-1761944400,1761944400,765,0.78,0.81,0.795,0.03,154,640.2,0.19,0.22,11
btc-updown-15m-1761944400,1761944400,780,0.8,0.87,0.835,0.07,711,695.6,0.13,0.2,6
btc-updown-15m-1761944400,1761944400,795,0.79,0.88,0.835,0.09,162,614.46,0.12,0.21,0
btc-updown-15m-1761944400,1761944400,810,0.79,0.88,0.835,0.09,178,699.7,0.12,0.21,0
btc-updown-15m-1761944400,1761944400,825,0.78,0.84,0.81,0.06,125,648,0.16,0.22,0
btc-updown-15m-1761944400,1761944400,840,0.7,0.79,0.745,0.09,645,48,0.21,0.3,11
btc-updown-15m-1761944400,1761944400,845,0.42,0.44,0.43,0.02,472,31,0.56,0.58,92
btc-updown-15m-1761944400,1761944400,850,0.2,0.25,0.225,0.05,632.64,108,0.75,0.8,1
btc-updown-15m-1761944400,1761944400,855,0.09,0.16,0.125,0.07,801,94,0.84,0.91,65
btc-updown-15m-1761944400,1761944400,860,0.03,0.06,0.045,0.03,1493.95,741,0.94,0.97,5
btc-updown-15m-1761944400,1761944400,865,0.01,0.04,0.025,0.03,581.97,36,0.96,0.99,9
btc-updown-15m-1761944400,1761944400,870,,0.01,,,0,1036.62,0.99,,50
btc-updown-15m-1761944400,1761944400,875,,0.01,,,0,988.82,0.99,,10
btc-updown-15m-1761944400,1761944400,880,,0.01,,,0,1038.17,0.99,,2071
btc-updown-15m-1761944400,1761944400,885,,0.01,,,0,1646.26,0.99,,234
btc-updown-15m-1761944400,1761944400,890,,0.02,,,0,1892.42,0.98,,863
btc-updown-15m-1761944400,1761944400,895,,0.01,,,0,1733.32,0.99,,3616
btc-updown-15m-1761944400,1761944400,897,,0.01,,,0,1733.32,0.99,,5616
btc-updown-15m-1761944400,1761944400,899,,0.01,,,0,1733.32,0.99,,7616
btc-updown-15m-1761944400,1761944400,900,,0.01,,,0,1733.32,0.99,,8616
btc-updown-15m-1761954300,1761954300,0,0.46,0.49,0.475,0.03,32,125,0.51,0.54,2249
btc-updown-15m-1761954300,1761954300,15,0.47,0.49,0.48,0.02,205.73,68.18,0.51,0.53,66
btc-updown-15m-1761954300,1761954300,30,0.46,0.49,0.475,0.03,200.23,113.18,0.51,0.54,926
btc-updown-15m-1761954300,1761954300,45,0.42,0.45,0.435,0.03,775.5,58.65,0.55,0.58,343
btc-updown-15m-1761954300,1761954300,60,0.4,0.43,0.415,0.03,744.2,165,0.57,0.6,648
btc-updown-15m-1761954300,1761954300,75,0.4,0.43,0.415,0.03,757.9,765,0.57,0.6,1757
btc-updown-15m-1761954300,1761954300,90,0.38,0.39,0.385,0.01,657,40,0.61,0.62,169
btc-updown-15m-1761954300,1761954300,105,0.36,0.38,0.37,0.02,72,90,0.62,0.64,187
btc-updown-15m-1761954300,1761954300,120,0.32,0.33,0.325,0.01,520.52,666,0.67,0.68,43
btc-updown-15m-1761954300,1761954300,135,0.48,0.5,0.49,0.02,751,791,0.5,0.52,26
btc-updown-15m-1761954300,1761954300,150,0.51,0.54,0.525,0.03,718.8,197,0.46,0.49,1
btc-updown-15m-1761954300,1761954300,165,0.62,0.65,0.635,0.03,778.2,749.61,0.35,0.38,5
btc-updown-15m-1761954300,1761954300,180,0.59,0.61,0.6,0.02,859.4,671,0.39,0.41,20
btc-updown-15m-1761954300,1761954300,195,0.48,0.5,0.49,0.02,855.3,34,0.5,0.52,6
btc-updown-15m-1761954300,1761954300,210,0.36,0.38,0.37,0.02,388.3,839.53,0.62,0.64,2
btc-updown-15m-1761954300,1761954300,225,0.44,0.46,0.45,0.02,75,822.03,0.54,0.56,19
btc-updown-15m-1761954300,1761954300,240,0.39,0.42,0.405,0.03,712,629.8,0.58,0.61,21
btc-updown-15m-1761954300,1761954300,255,0.39,0.4,0.395,0.01,681,516.61,0.6,0.61,28
btc-updown-15m-1761954300,1761954300,270,0.35,0.37,0.36,0.02,763,652.82,0.63,0.65,4
btc-updown-15m-1761954300,1761954300,285,0.34,0.36,0.35,0.02,224,714.5,0.64,0.66,3168
btc-updown-15m-1761954300,1761954300,300,0.33,0.34,0.335,0.01,851,53,0.66,0.67,314
btc-updown-15m-1761954300,1761954300,315,0.31,0.33,0.32,0.02,736.55,140.7,0.67,0.69,16
btc-updown-15m-1761954300,1761954300,330,0.27,0.28,0.275,0.01,220,254,0.72,0.73,1
btc-updown-15m-1761954300,1761954300,345,0.18,0.27,0.225,0.09,95.5,333.28,0.73,0.82,8
btc-updown-15m-1761954300,1761954300,360,0.24,0.3,0.27,0.06,628,531.56,0.7,0.76,2
btc-updown-15m-1761954300,1761954300,375,0.28,0.29,0.285,0.01,669,51.2,0.71,0.72,8
btc-updown-15m-1761954300,1761954300,390,0.25,0.29,0.27,0.04,632,692.75,0.71,0.75,17
btc-updown-15m-1761954300,1761954300,405,0.26,0.3,0.28,0.04,757.64,715.73,0.7,0.74,3
btc-updown-15m-1761954300,1761954300,420,0.26,0.28,0.27,0.02,752.64,67,0.72,0.74,1824
btc-updown-15m-1761954300,1761954300,435,0.26,0.29,0.275,0.03,753.64,686,0.71,0.74,2
btc-updown-15m-1761954300,1761954300,450,0.25,0.29,0.27,0.04,679,711.23,0.71,0.75,39
btc-updown-15m-1761954300,1761954300,465,0.26,0.28,0.27,0.02,627.86,80.55,0.72,0.74,5
btc-updown-15m-1761954300,1761954300,480,0.26,0.29,0.275,0.03,65.72,852.1,0.71,0.74,2228
btc-updown-15m-1761954300,1761954300,495,0.24,0.28,0.26,0.04,697,217.9,0.72,0.76,12
btc-updown-15m-1761954300,1761954300,510,0.24,0.26,0.25,0.02,662.36,656.62,0.74,0.76,237
btc-updown-15m-1761954300,1761954300,525,0.23,0.27,0.25,0.04,682.36,632.62,0.73,0.77,271
btc-updown-15m-1761954300,1761954300,540,0.23,0.26,0.245,0.03,660,644.42,0.74,0.77,2951
btc-updown-15m-1761954300,1761954300,555,0.2,0.25,0.225,0.05,758,628,0.75,0.8,0
btc-updown-15m-1761954300,1761954300,570,0.18,0.24,0.21,0.06,654.38,682.3,0.76,0.82,2
btc-updown-15m-1761954300,1761954300,585,0.18,0.22,0.2,0.04,642.06,76.5,0.78,0.82,21
btc-updown-15m-1761954300,1761954300,600,0.18,0.22,0.2,0.04,733.9,48,0.78,0.82,623
btc-updown-15m-1761954300,1761954300,615,0.18,0.21,0.195,0.03,680.9,631,0.79,0.82,32
btc-updown-15m-1761954300,1761954300,630,0.15,0.21,0.18,0.06,81,632.43,0.79,0.85,27
btc-updown-15m-1761954300,1761954300,645,0.2,0.21,0.205,0.01,652,65.1,0.79,0.8,295
btc-updown-15m-1761954300,1761954300,660,0.2,0.21,0.205,0.01,649,666,0.79,0.8,709
btc-updown-15m-1761954300,1761954300,675,0.14,0.17,0.155,0.03,681.19,105.8,0.83,0.86,49
btc-updown-15m-1761954300,1761954300,690,0.09,0.12,0.105,0.03,673,48,0.88,0.91,616
btc-updown-15m-1761954300,1761954300,705,0.07,0.1,0.085,0.03,818,81,0.9,0.93,18
btc-updown-15m-1761954300,1761954300,720,0.08,0.09,0.085,0.01,676.32,639.33,0.91,0.92,84
btc-updown-15m-1761954300,1761954300,735,0.09,0.1,0.095,0.01,103.31,640.9,0.9,0.91,2
btc-updown-15m-1761954300,1761954300,750,0.05,0.12,0.085,0.07,1054.29,652,0.88,0.95,200
btc-updown-15m-1761954300,1761954300,765,0.06,0.12,0.09,0.06,863.29,88,0.88,0.94,68
btc-updown-15m-1761954300,1761954300,780,0.03,0.06,0.045,0.03,1368.24,117.74,0.94,0.97,463
btc-updown-15m-1761954300,1761954300,795,0.04,0.06,0.05,0.02,1607.61,780.99,0.94,0.96,714
btc-updown-15m-1761954300,1761954300,810,0.02,0.07,0.045,0.05,651,714.04,0.93,0.98,40
btc-updown-15m-1761954300,1761954300,825,,0.01,,,0,673,0.99,,70
btc-updown-15m-1761954300,1761954300,840,,0.01,,,0,5395.71,0.99,,275
btc-updown-15m-1761954300,1761954300,845,,0.01,,,0,4795.71,0.99,,64
btc-updown-15m-1761954300,1761954300,850,,0.01,,,0,5295.71,0.99,,1360
btc-updown-15m-1761954300,1761954300,855,,0.01,,,0,6426.71,0.99,,68
btc-updown-15m-1761954300,1761954300,860,,0.01,,,0,6476.71,0.99,,689
btc-updown-15m-1761954300,1761954300,865,,0.01,,,0,5876.71,0.99,,79
btc-updown-15m-1761954300,1761954300,870,,0.01,,,0,5859.71,0.99,,434
btc-updown-15m-1761954300,1761954300,875,,0.01,,,0,6970.71,0.99,,68
btc-updown-15m-1761954300,1761954300,880,,0.01,,,0,7000.71,0.99,,174
btc-updown-15m-1761954300,1761954300,885,,0.01,,,0,8942.21,0.99,,64
btc-updown-15m-1761954300,1761954300,890,,0.01,,,0,9142.21,0.99,,43
btc-updown-15m-1761954300,1761954300,895,,0.01,,,0,9159.45,0.99,,23
btc-updown-15m-1761954300,1761954300,897,,0.01,,,0,9191.45,0.99,,1201
btc-updown-15m-1761954300,1761954300,899,,0.01,,,0,9291.45,0.99,,871
btc-updown-15m-1761954300,1761954300,900,,0.01,,,0,9302.45,0.99,,810
btc-updown-15m-1761955200,1761955200,0,0.46,0.51,0.485,0.05,32,35.13,0.49,0.54,1103
btc-updown-15m-1761955200,1761955200,15,0.6,0.63,0.615,0.03,94.87,201.8,0.37,0.4,23
btc-updown-15m-1761955200,1761955200,30,0.59,0.62,0.605,0.03,129.43,795,0.38,0.41,168
btc-updown-15m-1761955200,1761955200,45,0.54,0.56,0.55,0.02,333.95,663,0.44,0.46,92
btc-updown-15m-1761955200,1761955200,60,0.55,0.57,0.56,0.02,640,747,0.43,0.45,52
btc-updown-15m-1761955200,1761955200,75,0.61,0.63,0.62,0.02,792,696.7,0.37,0.39,40
btc-updown-15m-1761955200,1761955200,90,0.41,0.43,0.42,0.02,631,109,0.57,0.59,20
btc-updown-15m-1761955200,1761955200,105,0.27,0.28,0.275,0.01,940,125,0.72,0.73,56
btc-updown-15m-1761955200,1761955200,120,0.26,0.29,0.275,0.03,774.31,176.68,0.71,0.74,3
btc-updown-15m-1761955200,1761955200,135,0.13,0.16,0.145,0.03,339.8,711,0.84,0.87,396
btc-updown-15m-1761955200,1761955200,150,0.15,0.17,0.16,0.02,122.4,752,0.83,0.85,393
btc-updown-15m-1761955200,1761955200,165,0.14,0.16,0.15,0.02,210.4,697.9,0.84,0.86,433
btc-updown-15m-1761955200,1761955200,180,0.1,0.12,0.11,0.02,305,687.66,0.88,0.9,193
btc-updown-15m-1761955200,1761955200,195,0.08,0.11,0.095,0.03,493,700,0.89,0.92,122
btc-updown-15m-1761955200,1761955200,210,0.09,0.12,0.105,0.03,1082,97,0.88,0.91,904
btc-updown-15m-1761955200,1761955200,225,0.07,0.1,0.085,0.03,2004,753.23,0.9,0.93,219
btc-updown-15m-1761955200,1761955200,240,0.06,0.08,0.07,0.02,2270.07,709,0.92,0.94,854
btc-updown-15m-1761955200,1761955200,255,0.07,0.12,0.095,0.05,1803.37,856.33,0.88,0.93,149
btc-updown-15m-1761955200,1761955200,270,0.06,0.08,0.07,0.02,2122.67,844,0.92,0.94,203
btc-updown-15m-1761955200,1761955200,285,0.05,0.08,0.065,0.03,2919.4,853,0.92,0.95,1062
btc-updown-15m-1761955200,1761955200,300,0.06,0.08,0.07,0.02,1396.94,773,0.92,0.94,1856
btc-updown-15m-1761955200,1761955200,315,0.04,0.07,0.055,0.03,4999,681.4,0.93,0.96,677
btc-updown-15m-1761955200,1761955200,330,0.04,0.07,0.055,0.03,3459,377,0.93,0.96,608
btc-updown-15m-1761955200,1761955200,345,0.04,0.07,0.055,0.03,3384.66,457,0.93,0.96,337
btc-updown-15m-1761955200,1761955200,360,0.04,0.07,0.055,0.03,3572.99,452.71,0.93,0.96,3541
btc-updown-15m-1761955200,1761955200,375,0.04,0.08,0.06,0.04,3569.94,752,0.92,0.96,832
btc-updown-15m-1761955200,1761955200,390,0.04,0.07,0.055,0.03,3406.16,177,0.93,0.96,183
btc-updown-15m-1761955200,1761955200,405,0.04,0.06,0.05,0.02,3256.16,701,0.94,0.96,0
btc-updown-15m-1761955200,1761955200,420,0.04,0.06,0.05,0.02,2648.16,746,0.94,0.96,2304
btc-updown-15m-1761955200,1761955200,435,0.03,0.06,0.045,0.03,3467.33,764,0.94,0.97,30
btc-updown-15m-1761955200,1761955200,450,0.01,0.02,0.015,0.01,2172.77,1164,0.98,0.99,1151
btc-updown-15m-1761955200,1761955200,465,0.01,0.02,0.015,0.01,1448.75,355,0.98,0.99,1041
btc-updown-15m-1761955200,1761955200,480,0.01,0.02,0.015,0.01,1443.69,683,0.98,0.99,1105
btc-updown-15m-1761955200,1761955200,495,,0.02,,,0,1324,0.98,,693
btc-updown-15m-1761955200,1761955200,510,,0.01,,,0,246,0.99,,18
btc-updown-15m-1761955200,1761955200,525,,0.01,,,0,713,0.99,,202
btc-updown-15m-1761955200,1761955200,540,0.01,0.02,0.015,0.01,1900,1363,0.98,0.99,332
btc-updown-15m-1761955200,1761955200,555,0.01,0.03,0.02,0.02,28.77,846,0.97,0.99,61
btc-updown-15m-1761955200,1761955200,570,0.01,0.02,0.015,0.01,25,492,0.98,0.99,727
btc-updown-15m-1761955200,1761955200,585,,0.02,,,0,738,0.98,,303
btc-updown-15m-1761955200,1761955200,600,,0.02,,,0,3132,0.98,,264
btc-updown-15m-1761955200,1761955200,615,0.01,0.02,0.015,0.01,730,2763.1,0.98,0.99,299
btc-updown-15m-1761955200,1761955200,630,0.02,0.04,0.03,0.02,757,2187,0.96,0.98,46
btc-updown-15m-1761955200,1761955200,645,0.01,0.03,0.02,0.02,957,4187,0.97,0.99,31
btc-updown-15m-1761955200,1761955200,660,0.01,0.02,0.015,0.01,995.98,2484.99,0.98,0.99,520
btc-updown-15m-1761955200,1761955200,675,,0.02,,,0,1851,0.98,,503
btc-updown-15m-1761955200,1761955200,690,,0.01,,,0,3544,0.99,,945
btc-updown-15m-1761955200,1761955200,705,,0.01,,,0,3655.03,0.99,,159
btc-updown-15m-1761955200,1761955200,720,,0.01,,,0,5394.03,0.99,,619
btc-updown-15m-1761955200,1761955200,735,,0.01,,,0,5787.03,0.99,,79
btc-updown-15m-1761955200,1761955200,750,,0.01,,,0,5746.03,0.99,,191
btc-updown-15m-1761955200,1761955200,765,,0.01,,,0,5266.03,0.99,,999
btc-updown-15m-1761955200,1761955200,780,,0.01,,,0,5266.03,0.99,,1607
btc-updown-15m-1761955200,1761955200,795,,0.01,,,0,5266.03,0.99,,436
btc-updown-15m-1761955200,1761955200,810,,0.01,,,0,5266.03,0.99,,475
btc-updown-15m-1761955200,1761955200,825,,0.01,,,0,6033.03,0.99,,993
btc-updown-15m-1761955200,1761955200,840,,0.01,,,0,6033.03,0.99,,971
btc-updown-15m-1761955200,1761955200,845,,0.01,,,0,6033.03,0.99,,179
btc-updown-15m-1761955200,1761955200,850,,0.01,,,0,6033.03,0.99,,1594
btc-updown-15m-1761955200,1761955200,855,,0.01,,,0,6033.03,0.99,,849
btc-updown-15m-1761955200,1761955200,860,,0.01,,,0,6033.03,0.99,,3102
btc-updown-15m-1761955200,1761955200,865,,0.01,,,0,6033.03,0.99,,503
btc-updown-15m-1761955200,1761955200,870,,0.01,,,0,6033.03,0.99,,382
btc-updown-15m-1761955200,1761955200,875,,0.01,,,0,5938.03,0.99,,992
btc-updown-15m-1761955200,1761955200,880,,0.01,,,0,5652.79,0.99,,336
btc-updown-15m-1761955200,1761955200,885,,0.01,,,0,5652.79,0.99,,29
btc-updown-15m-1761955200,1761955200,890,,0.01,,,0,5652.79,0.99,,3491
btc-updown-15m-1761955200,1761955200,895,,0.01,,,0,5677.79,0.99,,802
btc-updown-15m-1761955200,1761955200,897,,0.01,,,0,5677.79,0.99,,575
btc-updown-15m-1761955200,1761955200,899,,0.01,,,0,6041.79,0.99,,71
btc-updown-15m-1761955200,1761955200,900,,0.01,,,0,6041.79,0.99,,1071
btc-updown-15m-1761964200,1761964200,0,0.46,0.5,0.48,0.04,59,201.15,0.5,0.54,2687
btc-updown-15m-1761964200,1761964200,15,0.55,0.59,0.57,0.04,377.2,220.2,0.41,0.45,24
btc-updown-15m-1761964200,1761964200,30,0.48,0.51,0.495,0.03,843,69.07,0.49,0.52,196
btc-updown-15m-1761964200,1761964200,45,0.49,0.52,0.505,0.03,723,70,0.48,0.51,16
btc-updown-15m-1761964200,1761964200,60,0.49,0.53,0.51,0.04,713.19,723,0.47,0.51,13
btc-updown-15m-1761964200,1761964200,75,0.52,0.54,0.53,0.02,717,653.88,0.46,0.48,20
btc-updown-15m-1761964200,1761964200,90,0.5,0.53,0.515,0.03,705,699.14,0.47,0.5,164
btc-updown-15m-1761964200,1761964200,105,0.44,0.47,0.455,0.03,789.4,192,0.53,0.56,18
btc-updown-15m-1761964200,1761964200,120,0.41,0.42,0.415,0.01,122,24,0.58,0.59,9
btc-updown-15m-1761964200,1761964200,135,0.44,0.45,0.445,0.01,126,750,0.55,0.56,8
btc-updown-15m-1761964200,1761964200,150,0.43,0.46,0.445,0.03,412.8,697,0.54,0.57,23
btc-updown-15m-1761964200,1761964200,165,0.41,0.43,0.42,0.02,671,177.74,0.57,0.59,133
btc-updown-15m-1761964200,1761964200,180,0.39,0.41,0.4,0.02,811,170,0.59,0.61,664
btc-updown-15m-1761964200,1761964200,195,0.27,0.29,0.28,0.02,695,69,0.71,0.73,694
btc-updown-15m-1761964200,1761964200,210,0.26,0.28,0.27,0.02,108.64,682,0.72,0.74,112
btc-updown-15m-1761964200,1761964200,225,0.24,0.26,0.25,0.02,34,660,0.74,0.76,4
btc-updown-15m-1761964200,1761964200,240,0.19,0.21,0.2,0.02,713,643,0.79,0.81,4
btc-updown-15m-1761964200,1761964200,255,0.19,0.21,0.2,0.02,181.66,393,0.79,0.81,3
btc-updown-15m-1761964200,1761964200,270,0.15,0.18,0.165,0.03,124.66,357.6,0.82,0.85,0
btc-updown-15m-1761964200,1761964200,285,0.09,0.11,0.1,0.02,916,662,0.89,0.91,171
btc-updown-15m-1761964200,1761964200,300,0.1,0.13,0.115,0.03,1836,718,0.87,0.9,0
btc-updown-15m-1761964200,1761964200,315,0.09,0.11,0.1,0.02,204,752,0.89,0.91,6
btc-updown-15m-1761964200,1761964200,330,0.06,0.08,0.07,0.02,1740.89,192.2,0.92,0.94,12
btc-updown-15m-1761964200,1761964200,345,0.05,0.07,0.06,0.02,1839.89,661,0.93,0.95,879
btc-updown-15m-1761964200,1761964200,360,0.05,0.08,0.065,0.03,2457.89,834.6,0.92,0.95,50
btc-updown-15m-1761964200,1761964200,375,0.06,0.08,0.07,0.02,1048.89,533,0.92,0.94,81
btc-updown-15m-1761964200,1761964200,390,0.06,0.08,0.07,0.02,1508.74,645.88,0.92,0.94,254
btc-updown-15m-1761964200,1761964200,405,0.04,0.06,0.05,0.02,3224,641,0.94,0.96,5303
btc-updown-15m-1761964200,1761964200,420,0.04,0.05,0.045,0.01,3117.95,710,0.95,0.96,532
btc-updown-15m-1761964200,1761964200,435,0.04,0.05,0.045,0.01,794,110,0.95,0.96,1275
btc-updown-15m-1761964200,1761964200,450,0.03,0.04,0.035,0.01,2961,657,0.96,0.97,3179
btc-updown-15m-1761964200,1761964200,465,0.01,0.03,0.02,0.02,2636,806,0.97,0.99,111
btc-updown-15m-1761964200,1761964200,480,0.01,0.02,0.015,0.01,2636,540,0.98,0.99,512
btc-updown-15m-1761964200,1761964200,495,0.03,0.04,0.035,0.01,2536,286,0.96,0.97,312
btc-updown-15m-1761964200,1761964200,510,0.05,0.06,0.055,0.01,183,857.33,0.94,0.95,551
btc-updown-15m-1761964200,1761964200,525,0.06,0.09,0.075,0.03,749.89,771.4,0.91,0.94,561
btc-updown-15m-1761964200,1761964200,540,0.06,0.08,0.07,0.02,678.73,787,0.92,0.94,854
btc-updown-15m-1761964200,1761964200,555,0.02,0.04,0.03,0.02,2343,686,0.96,0.98,248
btc-updown-15m-1761964200,1761964200,570,0.05,0.07,0.06,0.02,753.94,720,0.93,0.95,320
btc-updown-15m-1761964200,1761964200,585,0.05,0.07,0.06,0.02,698.94,690.12,0.93,0.95,10
btc-updown-15m-1761964200,1761964200,600,0.05,0.07,0.06,0.02,760.62,741.12,0.93,0.95,1862
btc-updown-15m-1761964200,1761964200,615,0.02,0.03,0.025,0.01,2341.42,727.17,0.97,0.98,569
btc-updown-15m-1761964200,1761964200,630,0.02,0.04,0.03,0.02,2349.42,1327.17,0.96,0.98,35
btc-updown-15m-1761964200,1761964200,645,0.06,0.08,0.07,0.02,716,966.4,0.92,0.94,7
btc-updown-15m-1761964200,1761964200,660,0.07,0.08,0.075,0.01,675,829.88,0.92,0.93,220
btc-updown-15m-1761964200,1761964200,675,0.07,0.13,0.1,0.06,749,748,0.87,0.93,157
btc-updown-15m-1761964200,1761964200,690,0.09,0.13,0.11,0.04,72.5,869,0.87,0.91,196
btc-updown-15m-1761964200,1761964200,705,0.06,0.09,0.075,0.03,657.92,435,0.91,0.94,608
btc-updown-15m-1761964200,1761964200,720,0.07,0.08,0.075,0.01,461.31,123.61,0.92,0.93,669
btc-updown-15m-1761964200,1761964200,735,0.125,0.18,0.1525,0.055,714.7,47,0.82,0.875,24
btc-updown-15m-1761964200,1761964200,750,0.16,0.18,0.17,0.02,1052.62,576.66,0.82,0.84,1304
btc-updown-15m-1761964200,1761964200,765,0.07,0.14,0.105,0.07,776,878,0.86,0.93,606
btc-updown-15m-1761964200,1761964200,780,0.27,0.3,0.285,0.03,685,220.66,0.7,0.73,23
btc-updown-15m-1761964200,1761964200,795,0.34,0.4,0.37,0.06,682,720.17,0.6,0.66,13
btc-updown-15m-1761964200,1761964200,810,0.32,0.4,0.36,0.08,181,819.77,0.6,0.68,175
btc-updown-15m-1761964200,1761964200,825,0.29,0.322,0.306,0.032,656,114.77,0.678,0.71,1357
btc-updown-15m-1761964200,1761964200,840,0.25,0.314,0.282,0.064,50,615,0.686,0.75,209
btc-updown-15m-1761964200,1761964200,845,0.1,0.2,0.15,0.1,56,625,0.8,0.9,1
btc-updown-15m-1761964200,1761964200,850,0.04,0.15,0.095,0.11,581.49,658,0.85,0.96,15
btc-updown-15m-1761964200,1761964200,855,0.01,0.1,0.055,0.09,1109.44,39,0.9,0.99,167
btc-updown-15m-1761964200,1761964200,860,0.066,0.1,0.083,0.034,962.14,78,0.9,0.934,130
btc-updown-15m-1761964200,1761964200,865,,0.01,,,0,1811.1,0.99,,87
btc-updown-15m-1761964200,1761964200,870,0.011,0.06,0.0355,0.049,504.9,48,0.94,0.989,3
btc-updown-15m-1761964200,1761964200,875,0.001,0.059,0.03,0.058,605,3936.33,0.941,0.999,172
btc-updown-15m-1761964200,1761964200,880,0.001,0.03,0.0155,0.029,5,3361.95,0.97,0.999,22
btc-updown-15m-1761964200,1761964200,885,0.001,0.03,0.0155,0.029,5,645.62,0.97,0.999,461
btc-updown-15m-1761964200,1761964200,890,0.001,0.03,0.0155,0.029,5,3356.95,0.97,0.999,372
btc-updown-15m-1761964200,1761964200,895,0.001,0.02,0.0105,0.019,5,3432.95,0.98,0.999,693
btc-updown-15m-1761964200,1761964200,897,0.001,0.01,0.0055,0.009,5,695.62,0.99,0.999,289
btc-updown-15m-1761964200,1761964200,899,0.001,0.01,0.0055,0.009,5,779.62,0.99,0.999,150
btc-updown-15m-1761964200,1761964200,900,0.001,0.01,0.0055,0.009,5,832.62,0.99,0.999,63
btc-updown-15m-1762074900,1762074900,0,0.4,0.45,0.425,0.05,50.93,567.15,0.55,0.6,96
btc-updown-15m-1762074900,1762074900,15,0.42,0.45,0.435,0.03,25.93,51.94,0.55,0.58,143
btc-updown-15m-1762074900,1762074900,30,0.47,0.51,0.49,0.04,54,33.41,0.49,0.53,6
btc-updown-15m-1762074900,1762074900,45,0.44,0.48,0.46,0.04,38.93,36,0.52,0.56,15
btc-updown-15m-1762074900,1762074900,60,0.35,0.37,0.36,0.02,80,20,0.63,0.65,14
btc-updown-15m-1762074900,1762074900,75,0.35,0.39,0.37,0.04,88,40,0.61,0.65,54
btc-updown-15m-1762074900,1762074900,90,0.37,0.43,0.4,0.06,173,108.7,0.57,0.63,123
btc-updown-15m-1762074900,1762074900,105,0.34,0.36,0.35,0.02,35,51.77,0.64,0.66,114
btc-updown-15m-1762074900,1762074900,120,0.28,0.31,0.295,0.03,109,31,0.69,0.72,0
btc-updown-15m-1762074900,1762074900,135,0.25,0.28,0.265,0.03,53.99,26,0.72,0.75,603
btc-updown-15m-1762074900,1762074900,150,0.29,0.37,0.33,0.08,90,87.2,0.63,0.71,7
btc-updown-15m-1762074900,1762074900,165,0.34,0.43,0.385,0.09,179,143,0.57,0.66,10
btc-updown-15m-1762074900,1762074900,180,0.36,0.4,0.38,0.04,38.43,50.12,0.6,0.64,47
btc-updown-15m-1762074900,1762074900,195,0.4,0.45,0.425,0.05,225,325,0.55,0.6,5
btc-updown-15m-1762074900,1762074900,210,0.41,0.46,0.435,0.05,209,138.47,0.54,0.59,20
btc-updown-15m-1762074900,1762074900,225,0.4,0.45,0.425,0.05,162.1,139.24,0.55,0.6,210
btc-updown-15m-1762074900,1762074900,240,0.42,0.46,0.44,0.04,69,330.04,0.54,0.58,1586
btc-updown-15m-1762074900,1762074900,255,0.37,0.4,0.385,0.03,206.1,50,0.6,0.63,28
btc-updown-15m-1762074900,1762074900,270,0.34,0.38,0.36,0.04,226.1,61,0.62,0.66,41
btc-updown-15m-1762074900,1762074900,285,0.38,0.41,0.395,0.03,59,190.3,0.59,0.62,275
btc-updown-15m-1762074900,1762074900,300,0.44,0.46,0.45,0.02,25,452.04,0.54,0.56,7
btc-updown-15m-1762074900,1762074900,315,0.44,0.46,0.45,0.02,34,81,0.54,0.56,5
btc-updown-15m-1762074900,1762074900,330,0.44,0.47,0.455,0.03,104,53,0.53,0.56,867
btc-updown-15m-1762074900,1762074900,345,0.51,0.55,0.53,0.04,41,40,0.45,0.49,8
btc-updown-15m-1762074900,1762074900,360,0.65,0.7,0.675,0.05,146,28,0.3,0.35,25
btc-updown-15m-1762074900,1762074900,375,0.67,0.68,0.675,0.01,110,108.9,0.32,0.33,37
btc-updown-15m-1762074900,1762074900,390,0.72,0.73,0.725,0.01,91,31,0.27,0.28,18
btc-updown-15m-1762074900,1762074900,405,0.74,0.78,0.76,0.04,67.15,173,0.22,0.26,3
btc-updown-15m-1762074900,1762074900,420,0.71,0.73,0.72,0.02,145.9,41,0.27,0.29,6
btc-updown-15m-1762074900,1762074900,435,0.65,0.7,0.675,0.05,180.8,67,0.3,0.35,22
btc-updown-15m-1762074900,1762074900,450,0.66,0.72,0.69,0.06,179.2,157.5,0.28,0.34,110
btc-updown-15m-1762074900,1762074900,465,0.72,0.76,0.74,0.04,205.2,39,0.24,0.28,6
btc-updown-15m-1762074900,1762074900,480,0.67,0.69,0.68,0.02,57,62,0.31,0.33,13
btc-updown-15m-1762074900,1762074900,495,0.76,0.77,0.765,0.01,19,231.1,0.23,0.24,26
btc-updown-15m-1762074900,1762074900,510,0.77,0.78,0.775,0.01,31,143,0.22,0.23,7
btc-updown-15m-1762074900,1762074900,525,0.76,0.8,0.78,0.04,183.03,49,0.2,0.24,192
btc-updown-15m-1762074900,1762074900,540,0.77,0.82,0.795,0.05,63,58.62,0.18,0.23,33
btc-updown-15m-1762074900,1762074900,555,0.8,0.83,0.815,0.03,431.27,54,0.17,0.2,9
btc-updown-15m-1762074900,1762074900,570,0.83,0.88,0.855,0.05,108,246,0.12,0.17,85
btc-updown-15m-1762074900,1762074900,585,0.82,0.91,0.865,0.09,319.25,104.7,0.09,0.18,425
btc-updown-15m-1762074900,1762074900,600,0.75,0.82,0.785,0.07,80,64.7,0.18,0.25,223
btc-updown-15m-1762074900,1762074900,615,0.62,0.64,0.63,0.02,187,26,0.36,0.38,8
btc-updown-15m-1762074900,1762074900,630,0.58,0.65,0.615,0.07,182,70.6,0.35,0.42,8
btc-updown-15m-1762074900,1762074900,645,0.73,0.75,0.74,0.02,18,108.2,0.25,0.27,53
btc-updown-15m-1762074900,1762074900,660,0.65,0.7,0.675,0.05,185,45,0.3,0.35,196
btc-updown-15m-1762074900,1762074900,675,0.72,0.75,0.735,0.03,126,84,0.25,0.28,8
btc-updown-15m-1762074900,1762074900,690,0.76,0.81,0.785,0.05,20.58,130.6,0.19,0.24,439
btc-updown-15m-1762074900,1762074900,705,0.71,0.72,0.715,0.01,31.3,115,0.28,0.29,152
btc-updown-15m-1762074900,1762074900,720,0.78,0.81,0.795,0.03,528,127.4,0.19,0.22,9
btc-updown-15m-1762074900,1762074900,735,0.81,0.85,0.83,0.04,791.21,123.1,0.15,0.19,1
btc-updown-15m-1762074900,1762074900,750,0.8,0.87,0.835,0.07,919.21,58.2,0.13,0.2,667
btc-updown-15m-1762074900,1762074900,765,0.81,0.89,0.85,0.08,815.21,66.8,0.11,0.19,275
btc-updown-15m-1762074900,1762074900,780,0.87,0.91,0.89,0.04,12.53,80.9,0.09,0.13,82
btc-updown-15m-1762074900,1762074900,795,0.82,0.92,0.87,0.1,22,63.86,0.08,0.18,5
btc-updown-15m-1762074900,1762074900,810,0.85,0.91,0.88,0.06,34,364.09,0.09,0.15,200
btc-updown-15m-1762074900,1762074900,825,0.85,0.9,0.875,0.05,177,300.73,0.1,0.15,110
btc-updown-15m-1762074900,1762074900,840,0.75,0.85,0.8,0.1,44,40,0.15,0.25,6
btc-updown-15m-1762074900,1762074900,845,0.85,0.91,0.88,0.06,26,220.49,0.09,0.15,11
btc-updown-15m-1762074900,1762074900,850,0.9,0.94,0.92,0.04,31,64,0.06,0.1,23
btc-updown-15m-1762074900,1762074900,855,0.98,0.99,0.985,0.01,208.9,852.99,0.01,0.02,58
btc-updown-15m-1762074900,1762074900,860,0.96,0.99,0.975,0.03,66,444.6,0.01,0.04,51
btc-updown-15m-1762074900,1762074900,865,0.97,0.99,0.98,0.02,50,1674.6,0.01,0.03,18
btc-updown-15m-1762074900,1762074900,870,0.95,0.98,0.965,0.03,56,1764.6,0.02,0.05,406
btc-updown-15m-1762074900,1762074900,875,0.99,,,,120,0,,0.01,1
btc-updown-15m-1762074900,1762074900,880,0.84,0.97,0.905,0.13,43,31,0.03,0.16,8
btc-updown-15m-1762074900,1762074900,885,0.84,,,,58,0,,0.16,0
btc-updown-15m-1762074900,1762074900,890,0.75,0.99,0.87,0.24,46,22.97,0.01,0.25,340
btc-updown-15m-1762074900,1762074900,895,0.33,0.99,0.66,0.66,80,14.88,0.01,0.67,2
btc-updown-15m-1762074900,1762074900,897,0.28,0.99,0.635,0.71,46.87,24.88,0.01,0.72,139
btc-updown-15m-1762074900,1762074900,899,0.29,0.93,0.61,0.64,48.15,46,0.07,0.71,15
btc-updown-15m-1762074900,1762074900,900,0.15,0.5,0.325,0.35,96.86,41,0.5,0.85,0
btc-updown-15m-1762147800,1762147800,0,0.45,0.47,0.46,0.02,82.36,183.82,0.53,0.55,812
btc-updown-15m-1762147800,1762147800,15,0.5,0.56,0.53,0.06,81.36,68,0.44,0.5,1
btc-updown-15m-1762147800,1762147800,30,0.49,0.52,0.505,0.03,20,42,0.48,0.51,4
btc-updown-15m-1762147800,1762147800,45,0.49,0.54,0.515,0.05,266.36,143.7,0.46,0.51,1
btc-updown-15m-1762147800,1762147800,60,0.51,0.54,0.525,0.03,95,127.5,0.46,0.49,94
btc-updown-15m-1762147800,1762147800,75,0.46,0.49,0.475,0.03,114.2,235.2,0.51,0.54,256
btc-updown-15m-1762147800,1762147800,90,0.53,0.56,0.545,0.03,182,27,0.44,0.47,6
btc-updown-15m-1762147800,1762147800,105,0.51,0.55,0.53,0.04,218.2,68,0.45,0.49,129
btc-updown-15m-1762147800,1762147800,120,0.53,0.58,0.555,0.05,82,50,0.42,0.47,10
btc-updown-15m-1762147800,1762147800,135,0.53,0.56,0.545,0.03,60,42,0.44,0.47,42
btc-updown-15m-1762147800,1762147800,150,0.47,0.48,0.475,0.01,190.2,34,0.52,0.53,25
btc-updown-15m-1762147800,1762147800,165,0.45,0.47,0.46,0.02,91.47,40,0.53,0.55,160
btc-updown-15m-1762147800,1762147800,180,0.48,0.51,0.495,0.03,66,48.03,0.49,0.52,28
btc-updown-15m-1762147800,1762147800,195,0.4,0.43,0.415,0.03,72,69.67,0.57,0.6,48
btc-updown-15m-1762147800,1762147800,210,0.35,0.38,0.365,0.03,83,31,0.62,0.65,3
btc-updown-15m-1762147800,1762147800,225,0.36,0.38,0.37,0.02,81,36,0.62,0.64,0
btc-updown-15m-1762147800,1762147800,240,0.41,0.42,0.415,0.01,52,45,0.58,0.59,124
btc-updown-15m-1762147800,1762147800,255,0.38,0.42,0.4,0.04,68,62,0.58,0.62,14
btc-updown-15m-1762147800,1762147800,270,0.34,0.37,0.355,0.03,189.9,46.97,0.63,0.66,59
btc-updown-15m-1762147800,1762147800,285,0.31,0.33,0.32,0.02,208,68,0.67,0.69,12
btc-updown-15m-1762147800,1762147800,300,0.33,0.36,0.345,0.03,173,55,0.64,0.67,33
btc-updown-15m-1762147800,1762147800,315,0.37,0.4,0.385,0.03,46.44,47,0.6,0.63,29
btc-updown-15m-1762147800,1762147800,330,0.31,0.34,0.325,0.03,137,51,0.66,0.69,1
btc-updown-15m-1762147800,1762147800,345,0.3,0.35,0.325,0.05,262.51,20.09,0.65,0.7,0
btc-updown-15m-1762147800,1762147800,360,0.32,0.35,0.335,0.03,61.91,81.21,0.65,0.68,8
btc-updown-15m-1762147800,1762147800,375,0.31,0.33,0.32,0.02,22,116.5,0.67,0.69,29
btc-updown-15m-1762147800,1762147800,390,0.22,0.27,0.245,0.05,79.99,40,0.73,0.78,2
btc-updown-15m-1762147800,1762147800,405,0.18,0.21,0.195,0.03,207.66,90.62,0.79,0.82,4
btc-updown-15m-1762147800,1762147800,420,0.15,0.16,0.155,0.01,260.86,21162.05,0.84,0.85,200
btc-updown-15m-1762147800,1762147800,435,0.15,0.16,0.155,0.01,255.79,21079.3,0.84,0.85,64
btc-updown-15m-1762147800,1762147800,450,0.15,0.16,0.155,0.01,2171.19,20554.47,0.84,0.85,47
btc-updown-15m-1762147800,1762147800,465,0.11,0.14,0.125,0.03,2353.49,17890.54,0.86,0.89,30
btc-updown-15m-1762147800,1762147800,480,0.14,0.16,0.15,0.02,1112.39,17767.64,0.84,0.86,232
btc-updown-15m-1762147800,1762147800,495,0.11,0.14,0.125,0.03,2069.19,17791.54,0.86,0.89,30
btc-updown-15m-1762147800,1762147800,510,0.12,0.15,0.135,0.03,2037.16,17823.01,0.85,0.88,755
btc-updown-15m-1762147800,1762147800,525,0.08,0.11,0.095,0.03,427,17744.01,0.89,0.92,6
btc-updown-15m-1762147800,1762147800,540,0.08,0.1,0.09,0.02,188,316.44,0.9,0.92,223
btc-updown-15m-1762147800,1762147800,555,0.05,0.08,0.065,0.03,563.3,197,0.92,0.95,2
btc-updown-15m-1762147800,1762147800,570,0.05,0.1,0.075,0.05,558.3,622,0.9,0.95,4
btc-updown-15m-1762147800,1762147800,585,0.02,0.05,0.035,0.03,2735.62,16014.88,0.95,0.98,15
btc-updown-15m-1762147800,1762147800,600,0.02,0.04,0.03,0.02,2652.72,16798.61,0.96,0.98,99
btc-updown-15m-1762147800,1762147800,615,0.01,0.02,0.015,0.01,2172.53,1294.34,0.98,0.99,811
btc-updown-15m-1762147800,1762147800,630,0.01,0.02,0.015,0.01,1764.7,16991.67,0.98,0.99,56
btc-updown-15m-1762147800,1762147800,645,,0.01,,,0,16247.29,0.99,,1081
btc-updown-15m-1762147800,1762147800,660,,0.01,,,0,16633.67,0.99,,604
btc-updown-15m-1762147800,1762147800,675,,0.01,,,0,16530.49,0.99,,283
btc-updown-15m-1762147800,1762147800,690,0.01,0.02,0.015,0.01,480.38,16987.11,0.98,0.99,245
btc-updown-15m-1762147800,1762147800,705,,0.01,,,0,16383.04,0.99,,297
btc-updown-15m-1762147800,1762147800,720,,0.01,,,0,16314.8,0.99,,1466
btc-updown-15m-1762147800,1762147800,735,,0.01,,,0,16526.65,0.99,,3969
btc-updown-15m-1762147800,1762147800,750,,0.01,,,0,16541.75,0.99,,991
btc-updown-15m-1762147800,1762147800,765,,0.01,,,0,16341.75,0.99,,2991
btc-updown-15m-1762147800,1762147800,780,,0.01,,,0,16341.75,0.99,,1404
btc-updown-15m-1762147800,1762147800,795,,0.01,,,0,17066.75,0.99,,3420
btc-updown-15m-1762147800,1762147800,810,,0.01,,,0,17066.75,0.99,,1481
btc-updown-15m-1762147800,1762147800,825,,0.01,,,0,17366.75,0.99,,6455
btc-updown-15m-1762147800,1762147800,840,,0.01,,,0,17366.75,0.99,,1492
btc-updown-15m-1762147800,1762147800,845,,0.01,,,0,17376.75,0.99,,1610
btc-updown-15m-1762147800,1762147800,850,,0.01,,,0,17376.75,0.99,,1480
btc-updown-15m-1762147800,1762147800,855,,0.01,,,0,17376.75,0.99,,6480
btc-updown-15m-1762147800,1762147800,860,,0.01,,,0,17376.75,0.99,,1489
btc-updown-15m-1762147800,1762147800,865,,0.01,,,0,17376.75,0.99,,6489
btc-updown-15m-1762147800,1762147800,870,,0.01,,,0,17376.75,0.99,,1431
btc-updown-15m-1762147800,1762147800,875,,0.01,,,0,17176.75,0.99,,1939
btc-updown-15m-1762147800,1762147800,880,,0.01,,,0,17176.75,0.99,,99
btc-updown-15m-1762147800,1762147800,885,,0.001,,,0,16508.53,0.999,,242
btc-updown-15m-1762147800,1762147800,890,,0.001,,,0,16508.53,0.999,,93
btc-updown-15m-1762147800,1762147800,895,,0.001,,,0,16508.53,0.999,,2841
btc-updown-15m-1762147800,1762147800,897,,0.001,,,0,16508.53,0.999,,4841
btc-updown-15m-1762147800,1762147800,899,,0.001,,,0,16624.53,0.999,,138
btc-updown-15m-1762147800,1762147800,900,,0.001,,,0,16664.53,0.999,,915
btc-updown-15m-1762155900,1762155900,0,0.48,0.5,0.49,0.02,620,170.43,0.5,0.52,1752
btc-updown-15m-1762155900,1762155900,15,0.51,0.52,0.515,0.01,446.57,95.55,0.48,0.49,19
btc-updown-15m-1762155900,1762155900,30,0.48,0.53,0.505,0.05,230.8,273.5,0.47,0.52,157
btc-updown-15m-1762155900,1762155900,45,0.48,0.5,0.49,0.02,47,41.86,0.5,0.52,7
btc-updown-15m-1762155900,1762155900,60,0.49,0.58,0.535,0.09,165.5,191,0.42,0.51,2
btc-updown-15m-1762155900,1762155900,75,0.46,0.49,0.475,0.03,41,141.76,0.51,0.54,68
btc-updown-15m-1762155900,1762155900,90,0.48,0.51,0.495,0.03,177.14,59,0.49,0.52,32
btc-updown-15m-1762155900,1762155900,105,0.49,0.53,0.51,0.04,55,246.6,0.47,0.51,37
btc-updown-15m-1762155900,1762155900,120,0.48,0.52,0.5,0.04,81,125.6,0.48,0.52,20
btc-updown-15m-1762155900,1762155900,135,0.41,0.48,0.445,0.07,736.72,40,0.52,0.59,2
btc-updown-15m-1762155900,1762155900,150,0.44,0.48,0.46,0.04,708.12,301.1,0.52,0.56,1714
btc-updown-15m-1762155900,1762155900,165,0.41,0.45,0.43,0.04,838.12,49.61,0.55,0.59,8
btc-updown-15m-1762155900,1762155900,180,0.46,0.48,0.47,0.02,41,268.78,0.52,0.54,277
btc-updown-15m-1762155900,1762155900,195,0.47,0.5,0.485,0.03,695.72,42.63,0.5,0.53,24
btc-updown-15m-1762155900,1762155900,210,0.55,0.6,0.575,0.05,196.84,94.1,0.4,0.45,3
btc-updown-15m-1762155900,1762155900,225,0.48,0.53,0.505,0.05,682.72,36,0.47,0.52,11
btc-updown-15m-1762155900,1762155900,240,0.44,0.47,0.455,0.03,40,61,0.53,0.56,9
btc-updown-15m-1762155900,1762155900,255,0.49,0.54,0.515,0.05,179,54.28,0.46,0.51,23
btc-updown-15m-1762155900,1762155900,270,0.48,0.52,0.5,0.04,199.2,50.28,0.48,0.52,553
btc-updown-15m-1762155900,1762155900,285,0.42,0.46,0.44,0.04,722.72,69,0.54,0.58,1
btc-updown-15m-1762155900,1762155900,300,0.59,0.61,0.6,0.02,57,52.8,0.39,0.41,4
btc-updown-15m-1762155900,1762155900,315,0.53,0.55,0.54,0.02,209,36,0.45,0.47,16
btc-updown-15m-1762155900,1762155900,330,0.57,0.59,0.58,0.02,76,26,0.41,0.43,0
btc-updown-15m-1762155900,1762155900,345,0.59,0.68,0.635,0.09,181.7,190.9,0.32,0.41,110
btc-updown-15m-1762155900,1762155900,360,0.62,0.64,0.63,0.02,180.3,32,0.36,0.38,4
btc-updown-15m-1762155900,1762155900,375,0.71,0.75,0.73,0.04,131,310.4,0.25,0.29,28
btc-updown-15m-1762155900,1762155900,390,0.7,0.74,0.72,0.04,60,40,0.26,0.3,2
btc-updown-15m-1762155900,1762155900,405,0.72,0.77,0.745,0.05,231.09,127.4,0.23,0.28,7
btc-updown-15m-1762155900,1762155900,420,0.67,0.73,0.7,0.06,112.99,48,0.27,0.33,7
btc-updown-15m-1762155900,1762155900,435,0.8,0.85,0.825,0.05,51,285.66,0.15,0.2,279
btc-updown-15m-1762155900,1762155900,450,0.79,0.85,0.82,0.06,81.8,407.34,0.15,0.21,5
btc-updown-15m-1762155900,1762155900,465,0.86,0.89,0.875,0.03,25,271.76,0.11,0.14,13
btc-updown-15m-1762155900,1762155900,480,0.83,0.87,0.85,0.04,47,218.88,0.13,0.17,5
btc-updown-15m-1762155900,1762155900,495,0.8,0.88,0.84,0.08,136.8,212.84,0.12,0.2,5
btc-updown-15m-1762155900,1762155900,510,0.84,0.89,0.865,0.05,131,265.84,0.11,0.16,5
btc-updown-15m-1762155900,1762155900,525,0.87,0.9,0.885,0.03,75.49,160.72,0.1,0.13,5
btc-updown-15m-1762155900,1762155900,540,0.87,0.92,0.895,0.05,277.78,260.12,0.08,0.13,1
btc-updown-15m-1762155900,1762155900,555,0.9,0.93,0.915,0.03,72.76,240.4,0.07,0.1,20
btc-updown-15m-1762155900,1762155900,570,0.9,0.93,0.915,0.03,94.08,196,0.07,0.1,102
btc-updown-15m-1762155900,1762155900,585,0.85,0.89,0.87,0.04,82,168.7,0.11,0.15,12
btc-updown-15m-1762155900,1762155900,600,0.72,0.78,0.75,0.06,100.75,60.4,0.22,0.28,4
btc-updown-15m-1762155900,1762155900,615,0.64,0.7,0.67,0.06,34.09,86,0.3,0.36,16
btc-updown-15m-1762155900,1762155900,630,0.75,0.81,0.78,0.06,53,76.6,0.19,0.25,26
btc-updown-15m-1762155900,1762155900,645,0.86,0.89,0.875,0.03,29,136.6,0.11,0.14,16
btc-updown-15m-1762155900,1762155900,660,0.87,0.91,0.89,0.04,32,24,0.09,0.13,2
btc-updown-15m-1762155900,1762155900,675,0.87,0.9,0.885,0.03,40,65.84,0.1,0.13,18
btc-updown-15m-1762155900,1762155900,690,0.93,0.96,0.945,0.03,45,486.84,0.04,0.07,10
btc-updown-15m-1762155900,1762155900,705,0.96,0.97,0.965,0.01,542,2656.45,0.03,0.04,470
btc-updown-15m-1762155900,1762155900,720,0.98,0.99,0.985,0.01,1260.93,2296.81,0.01,0.02,30
btc-updown-15m-1762155900,1762155900,735,0.98,0.99,0.985,0.01,1106.23,557.68,0.01,0.02,1
btc-updown-15m-1762155900,1762155900,750,0.99,,,,1173.92,0,,0.01,94
btc-updown-15m-1762155900,1762155900,765,0.99,,,,1660.86,0,,0.01,6
btc-updown-15m-1762155900,1762155900,780,0.91,0.98,0.945,0.07,19,5,0.02,0.09,104
btc-updown-15m-1762155900,1762155900,795,0.93,,,,19.99,0,,0.07,16
btc-updown-15m-1762155900,1762155900,810,0.98,,,,21.09,0,,0.02,36
btc-updown-15m-1762155900,1762155900,825,0.85,0.94,0.895,0.09,417.87,52,0.06,0.15,1
btc-updown-15m-1762155900,1762155900,840,0.9,0.939,0.9195,0.039,24,38,0.061,0.1,31
btc-updown-15m-1762155900,1762155900,845,0.67,0.85,0.76,0.18,136,55,0.15,0.33,2
btc-updown-15m-1762155900,1762155900,850,0.6,0.62,0.61,0.02,65.58,46,0.38,0.4,23
btc-updown-15m-1762155900,1762155900,855,0.57,0.71,0.64,0.14,1024,42,0.29,0.43,3
btc-updown-15m-1762155900,1762155900,860,0.59,0.65,0.62,0.06,28,24,0.35,0.41,5
btc-updown-15m-1762155900,1762155900,865,0.57,0.664,0.617,0.094,35,52,0.336,0.43,3
btc-updown-15m-1762155900,1762155900,870,0.58,0.639,0.6095,0.059,1014.99,20,0.361,0.42,0
btc-updown-15m-1762155900,1762155900,875,0.81,0.96,0.885,0.15,35,85,0.04,0.19,3
btc-updown-15m-1762155900,1762155900,880,0.65,0.98,0.815,0.33,21,75,0.02,0.35,1
btc-updown-15m-1762155900,1762155900,885,0.74,0.98,0.86,0.24,39,74.59,0.02,0.26,5
btc-updown-15m-1762155900,1762155900,890,0.593,0.98,0.7865,0.387,35,58.68,0.02,0.407,76
btc-updown-15m-1762155900,1762155900,895,0.76,0.99,0.875,0.23,38,48.68,0.01,0.24,340
btc-updown-15m-1762155900,1762155900,897,0.55,0.79,0.67,0.24,36,16.27,0.21,0.45,163
btc-updown-15m-1762155900,1762155900,899,0.45,0.53,0.49,0.08,517.72,26,0.47,0.55,9
btc-updown-15m-1762155900,1762155900,900,0.41,0.46,0.435,0.05,672.58,26,0.54,0.59,0
btc-updown-15m-1762164900,1762164900,0,0.55,0.6,0.575,0.05,106.81,26.13,0.4,0.45,1284
btc-updown-15m-1762164900,1762164900,15,0.57,0.59,0.58,0.02,29,142.22,0.41,0.43,10
btc-updown-15m-1762164900,1762164900,30,0.55,0.6,0.575,0.05,46,125.7,0.4,0.45,12
btc-updown-15m-1762164900,1762164900,45,0.5,0.53,0.515,0.03,355.3,26,0.47,0.5,0
btc-updown-15m-1762164900,1762164900,60,0.52,0.55,0.535,0.03,128,40,0.45,0.48,31
btc-updown-15m-1762164900,1762164900,75,0.55,0.57,0.56,0.02,101.85,120.3,0.43,0.45,9
btc-updown-15m-1762164900,1762164900,90,0.5,0.54,0.52,0.04,107,39,0.46,0.5,12
btc-updown-15m-1762164900,1762164900,105,0.5,0.53,0.515,0.03,323,73.62,0.47,0.5,6
btc-updown-15m-1762164900,1762164900,120,0.44,0.48,0.46,0.04,234.2,77.14,0.52,0.56,25
btc-updown-15m-1762164900,1762164900,135,0.56,0.61,0.585,0.05,56,280.7,0.39,0.44,3
btc-updown-15m-1762164900,1762164900,150,0.59,0.61,0.6,0.02,76,197.77,0.39,0.41,28
btc-updown-15m-1762164900,1762164900,165,0.45,0.49,0.47,0.04,364.64,68.75,0.51,0.55,2
btc-updown-15m-1762164900,1762164900,180,0.54,0.57,0.555,0.03,76,111,0.43,0.46,17
btc-updown-15m-1762164900,1762164900,195,0.55,0.59,0.57,0.04,70,109,0.41,0.45,0
btc-updown-15m-1762164900,1762164900,210,0.51,0.55,0.53,0.04,96,223.98,0.45,0.49,3
btc-updown-15m-1762164900,1762164900,225,0.44,0.47,0.455,0.03,334.95,71,0.53,0.56,7
btc-updown-15m-1762164900,1762164900,240,0.43,0.47,0.45,0.04,145,173,0.53,0.57,41
btc-updown-15m-1762164900,1762164900,255,0.48,0.5,0.49,0.02,63,66.05,0.5,0.52,35
btc-updown-15m-1762164900,1762164900,270,0.47,0.5,0.485,0.03,130.29,57.05,0.5,0.53,3
btc-updown-15m-1762164900,1762164900,285,0.42,0.46,0.44,0.04,124,66,0.54,0.58,5
btc-updown-15m-1762164900,1762164900,300,0.47,0.49,0.48,0.02,46,78,0.51,0.53,0
btc-updown-15m-1762164900,1762164900,315,0.48,0.51,0.495,0.03,273,176.38,0.49,0.52,1
btc-updown-15m-1762164900,1762164900,330,0.49,0.52,0.505,0.03,265,63,0.48,0.51,25
btc-updown-15m-1762164900,1762164900,345,0.48,0.52,0.5,0.04,227.96,73,0.48,0.52,36
btc-updown-15m-1762164900,1762164900,360,0.44,0.49,0.465,0.05,201.41,83.75,0.51,0.56,17
btc-updown-15m-1762164900,1762164900,375,0.44,0.47,0.455,0.03,56,55,0.53,0.56,17
btc-updown-15m-1762164900,1762164900,390,0.41,0.43,0.42,0.02,75.67,66,0.57,0.59,48
btc-updown-15m-1762164900,1762164900,405,0.49,0.52,0.505,0.03,57,249,0.48,0.51,16
btc-updown-15m-1762164900,1762164900,420,0.5,0.56,0.53,0.06,31,305.73,0.44,0.5,7
btc-updown-15m-1762164900,1762164900,435,0.54,0.6,0.57,0.06,226,92,0.4,0.46,1
btc-updown-15m-1762164900,1762164900,450,0.6,0.63,0.615,0.03,88.04,204.35,0.37,0.4,5
btc-updown-15m-1762164900,1762164900,465,0.55,0.58,0.565,0.03,31.8,49.23,0.42,0.45,25
btc-updown-15m-1762164900,1762164900,480,0.54,0.55,0.545,0.01,35,46,0.45,0.46,31
btc-updown-15m-1762164900,1762164900,495,0.49,0.54,0.515,0.05,309.4,37,0.46,0.51,44
btc-updown-15m-1762164900,1762164900,510,0.53,0.58,0.555,0.05,84.09,212.8,0.42,0.47,35
btc-updown-15m-1762164900,1762164900,525,0.63,0.68,0.655,0.05,116,116,0.32,0.37,10
btc-updown-15m-1762164900,1762164900,540,0.64,0.66,0.65,0.02,97.5,48,0.34,0.36,1
btc-updown-15m-1762164900,1762164900,555,0.61,0.63,0.62,0.02,313,37,0.37,0.39,95
btc-updown-15m-1762164900,1762164900,570,0.65,0.67,0.66,0.02,83.29,62.4,0.33,0.35,11
btc-updown-15m-1762164900,1762164900,585,0.58,0.62,0.6,0.04,58,82.57,0.38,0.42,7
btc-updown-15m-1762164900,1762164900,600,0.71,0.73,0.72,0.02,144.29,161,0.27,0.29,8
btc-updown-15m-1762164900,1762164900,615,0.83,0.86,0.845,0.03,102,68.9,0.14,0.17,69
btc-updown-15m-1762164900,1762164900,630,0.76,0.79,0.775,0.03,95.15,147,0.21,0.24,0
btc-updown-15m-1762164900,1762164900,645,0.8,0.85,0.825,0.05,52.15,105.45,0.15,0.2,0
btc-updown-15m-1762164900,1762164900,660,0.74,0.78,0.76,0.04,267.6,42,0.22,0.26,39
btc-updown-15m-1762164900,1762164900,675,0.63,0.68,0.655,0.05,139,47.83,0.32,0.37,8
btc-updown-15m-1762164900,1762164900,690,0.69,0.7,0.695,0.01,34,50.56,0.3,0.31,17
btc-updown-15m-1762164900,1762164900,705,0.66,0.69,0.675,0.03,148,26,0.31,0.34,14
btc-updown-15m-1762164900,1762164900,720,0.62,0.63,0.625,0.01,226,49,0.37,0.38,11
btc-updown-15m-1762164900,1762164900,735,0.68,0.75,0.715,0.07,87,158.1,0.25,0.32,38
btc-updown-15m-1762164900,1762164900,750,0.63,0.67,0.65,0.04,207.67,47,0.33,0.37,14
btc-updown-15m-1762164900,1762164900,765,0.61,0.65,0.63,0.04,179.5,93.96,0.35,0.39,10
btc-updown-15m-1762164900,1762164900,780,0.58,0.59,0.585,0.01,210,266.49,0.41,0.42,20
btc-updown-15m-1762164900,1762164900,795,0.89,0.94,0.915,0.05,26,162.68,0.06,0.11,10
btc-updown-15m-1762164900,1762164900,810,0.84,0.9,0.87,0.06,55.17,26,0.1,0.16,0
btc-updown-15m-1762164900,1762164900,825,0.9,0.91,0.905,0.01,442.69,889.78,0.09,0.1,1
btc-updown-15m-1762164900,1762164900,840,0.94,0.95,0.945,0.01,303.16,1613.96,0.05,0.06,9
btc-updown-15m-1762164900,1762164900,845,0.94,0.98,0.96,0.04,293.94,2757.98,0.02,0.06,9
btc-updown-15m-1762164900,1762164900,850,0.96,0.98,0.97,0.02,31,2083.43,0.02,0.04,3
btc-updown-15m-1762164900,1762164900,855,0.98,0.99,0.985,0.01,132.18,1001.23,0.01,0.02,11
btc-updown-15m-1762164900,1762164900,860,0.97,0.99,0.98,0.02,115.45,794.64,0.01,0.03,28
btc-updown-15m-1762164900,1762164900,865,0.97,0.99,0.98,0.02,125.45,347.87,0.01,0.03,41
btc-updown-15m-1762164900,1762164900,870,0.97,0.99,0.98,0.02,125.45,319.93,0.01,0.03,10
btc-updown-15m-1762164900,1762164900,875,0.98,0.99,0.985,0.01,371.44,52.94,0.01,0.02,4
btc-updown-15m-1762164900,1762164900,880,0.98,0.99,0.985,0.01,1438.14,42.76,0.01,0.02,57
btc-updown-15m-1762164900,1762164900,885,0.98,0.99,0.985,0.01,1392.14,3.28,0.01,0.02,5
btc-updown-15m-1762164900,1762164900,890,0.98,,,,1382.14,0,,0.02,28
btc-updown-15m-1762164900,1762164900,895,0.98,,,,1373.5,0,,0.02,100
btc-updown-15m-1762164900,1762164900,897,0.98,,,,1355.52,0,,0.02,52
btc-updown-15m-1762164900,1762164900,899,0.98,0.99,0.985,0.01,1355.52,104.09,0.01,0.02,7
btc-updown-15m-1762164900,1762164900,900,0.98,0.99,0.985,0.01,1355.52,90.09,0.01,0.02,58
btc-updown-15m-1762193700,1762193700,0,0.49,0.54,0.515,0.05,320.12,123.19,0.46,0.51,2505
btc-updown-15m-1762193700,1762193700,15,0.48,0.51,0.495,0.03,130,175,0.49,0.52,126
btc-updown-15m-1762193700,1762193700,30,0.45,0.5,0.475,0.05,126.45,207,0.5,0.55,1
btc-updown-15m-1762193700,1762193700,45,0.51,0.52,0.515,0.01,345,166.92,0.48,0.49,6
btc-updown-15m-1762193700,1762193700,60,0.44,0.46,0.45,0.02,111.58,163.76,0.54,0.56,209
btc-updown-15m-1762193700,1762193700,75,0.42,0.44,0.43,0.02,146,170,0.56,0.58,17
btc-updown-15m-1762193700,1762193700,90,0.41,0.44,0.425,0.03,72.52,163.08,0.56,0.59,14
btc-updown-15m-1762193700,1762193700,105,0.36,0.4,0.38,0.04,80.14,164,0.6,0.64,2
btc-updown-15m-1762193700,1762193700,120,0.36,0.39,0.375,0.03,210,78.5,0.61,0.64,8
btc-updown-15m-1762193700,1762193700,135,0.41,0.44,0.425,0.03,196,65,0.56,0.59,12
btc-updown-15m-1762193700,1762193700,150,0.39,0.42,0.405,0.03,177.93,71,0.58,0.61,89
btc-updown-15m-1762193700,1762193700,165,0.45,0.48,0.465,0.03,128.5,308.34,0.52,0.55,17
btc-updown-15m-1762193700,1762193700,180,0.44,0.47,0.455,0.03,132.29,149.19,0.53,0.56,4
btc-updown-15m-1762193700,1762193700,195,0.49,0.52,0.505,0.03,176,321.99,0.48,0.51,9
btc-updown-15m-1762193700,1762193700,210,0.57,0.6,0.585,0.03,190,214.95,0.4,0.43,0
btc-updown-15m-1762193700,1762193700,225,0.57,0.6,0.585,0.03,359,407.36,0.4,0.43,13
btc-updown-15m-1762193700,1762193700,240,0.57,0.6,0.585,0.03,457,352.87,0.4,0.43,13
btc-updown-15m-1762193700,1762193700,255,0.6,0.63,0.615,0.03,306.91,162.41,0.37,0.4,17
btc-updown-15m-1762193700,1762193700,270,0.65,0.69,0.67,0.04,201.5,91,0.31,0.35,0
btc-updown-15m-1762193700,1762193700,285,0.69,0.71,0.7,0.02,168.7,160.73,0.29,0.31,12
btc-updown-15m-1762193700,1762193700,300,0.7,0.73,0.715,0.03,276.68,358.8,0.27,0.3,23
btc-updown-15m-1762193700,1762193700,315,0.8,0.83,0.815,0.03,71,376.44,0.17,0.2,17
btc-updown-15m-1762193700,1762193700,330,0.77,0.79,0.78,0.02,253.6,87,0.21,0.23,3
btc-updown-15m-1762193700,1762193700,345,0.77,0.8,0.785,0.03,343.6,53.6,0.2,0.23,26
btc-updown-15m-1762193700,1762193700,360,0.77,0.81,0.79,0.04,702.54,144.97,0.19,0.23,4
btc-updown-15m-1762193700,1762193700,375,0.79,0.8,0.795,0.01,122.6,110.52,0.2,0.21,1
btc-updown-15m-1762193700,1762193700,390,0.78,0.81,0.795,0.03,551.79,383,0.19,0.22,2
btc-updown-15m-1762193700,1762193700,405,0.81,0.82,0.815,0.01,90,157.36,0.18,0.19,78
btc-updown-15m-1762193700,1762193700,420,0.79,0.83,0.81,0.04,280,315.32,0.17,0.21,2
btc-updown-15m-1762193700,1762193700,435,0.9,0.93,0.915,0.03,64,345.82,0.07,0.1,1
btc-updown-15m-1762193700,1762193700,450,0.92,0.93,0.925,0.01,64.98,318.72,0.07,0.08,170
btc-updown-15m-1762193700,1762193700,465,0.9,0.93,0.915,0.03,226.5,292.75,0.07,0.1,20
btc-updown-15m-1762193700,1762193700,480,0.9,0.95,0.925,0.05,271.58,881.4,0.05,0.1,52
btc-updown-15m-1762193700,1762193700,495,0.87,0.91,0.89,0.04,354.65,214.88,0.09,0.13,22
btc-updown-15m-1762193700,1762193700,510,0.87,0.91,0.89,0.04,234.66,266.49,0.09,0.13,7
btc-updown-15m-1762193700,1762193700,525,0.88,0.92,0.9,0.04,81.14,191.06,0.08,0.12,5
btc-updown-15m-1762193700,1762193700,540,0.91,0.93,0.92,0.02,108,414.2,0.07,0.09,43
btc-updown-15m-1762193700,1762193700,555,0.87,0.89,0.88,0.02,275.61,82,0.11,0.13,190
btc-updown-15m-1762193700,1762193700,570,0.9,0.93,0.915,0.03,552,669.75,0.07,0.1,37
btc-updown-15m-1762193700,1762193700,585,0.89,0.92,0.905,0.03,132.51,227.41,0.08,0.11,0
btc-updown-15m-1762193700,1762193700,600,0.88,0.9,0.89,0.02,75.36,291.5,0.1,0.12,5
btc-updown-15m-1762193700,1762193700,615,0.89,0.92,0.905,0.03,76.14,67.46,0.08,0.11,10
btc-updown-15m-1762193700,1762193700,630,0.88,0.92,0.9,0.04,171.35,113.4,0.08,0.12,1
btc-updown-15m-1762193700,1762193700,645,0.77,0.8,0.785,0.03,236.64,29,0.2,0.23,26
btc-updown-15m-1762193700,1762193700,660,0.82,0.83,0.825,0.01,1018.79,118.9,0.17,0.18,3
btc-updown-15m-1762193700,1762193700,675,0.74,0.83,0.785,0.09,361.61,270.8,0.17,0.26,0
btc-updown-15m-1762193700,1762193700,690,0.66,0.71,0.685,0.05,371,622.12,0.29,0.34,7
btc-updown-15m-1762193700,1762193700,705,0.71,0.74,0.725,0.03,109,765.42,0.26,0.29,4
btc-updown-15m-1762193700,1762193700,720,0.64,0.72,0.68,0.08,219,783,0.28,0.36,1
btc-updown-15m-1762193700,1762193700,735,0.68,0.74,0.71,0.06,201.6,757,0.26,0.32,6
btc-updown-15m-1762193700,1762193700,750,0.71,0.75,0.73,0.04,62.5,521,0.25,0.29,19
btc-updown-15m-1762193700,1762193700,765,0.67,0.71,0.69,0.04,142.4,32,0.29,0.33,20
btc-updown-15m-1762193700,1762193700,780,0.83,0.9,0.865,0.07,70.63,1630.58,0.1,0.17,7
btc-updown-15m-1762193700,1762193700,795,0.9,0.93,0.915,0.03,96.67,978.15,0.07,0.1,32
btc-updown-15m-1762193700,1762193700,810,0.9,0.93,0.915,0.03,94.3,1307.08,0.07,0.1,17
btc-updown-15m-1762193700,1762193700,825,0.82,0.89,0.855,0.07,97,728.3,0.11,0.18,21
btc-updown-15m-1762193700,1762193700,840,0.85,0.89,0.87,0.04,63.35,473.44,0.11,0.15,23
btc-updown-15m-1762193700,1762193700,845,0.74,0.88,0.81,0.14,24,1054.42,0.12,0.26,4
btc-updown-15m-1762193700,1762193700,850,0.77,0.87,0.82,0.1,57,310.44,0.13,0.23,15
btc-updown-15m-1762193700,1762193700,855,0.81,0.88,0.845,0.07,20,560.44,0.12,0.19,30
btc-updown-15m-1762193700,1762193700,860,0.74,0.88,0.81,0.14,38.98,1037,0.12,0.26,14
btc-updown-15m-1762193700,1762193700,865,0.4,0.69,0.545,0.29,505.11,750,0.31,0.6,3
btc-updown-15m-1762193700,1762193700,870,0.45,0.46,0.455,0.01,736.57,18.5,0.54,0.55,0
btc-updown-15m-1762193700,1762193700,875,0.39,0.5,0.445,0.11,35,37,0.5,0.61,15
btc-updown-15m-1762193700,1762193700,880,0.48,0.65,0.565,0.17,244.17,146.86,0.35,0.52,26
btc-updown-15m-1762193700,1762193700,885,0.58,0.74,0.66,0.16,290,280,0.26,0.42,10
btc-updown-15m-1762193700,1762193700,890,0.89,0.95,0.92,0.06,42,546.45,0.05,0.11,15
btc-updown-15m-1762193700,1762193700,895,0.97,0.98,0.975,0.01,48.28,821.87,0.02,0.03,33
btc-updown-15m-1762193700,1762193700,897,0.96,0.98,0.97,0.02,275.78,352.78,0.02,0.04,110
btc-updown-15m-1762193700,1762193700,899,0.99,,,,323.68,0,,0.01,106
btc-updown-15m-1762193700,1762193700,900,0.99,,,,83.68,0,,0.01,0
btc-updown-15m-1762202700,1762202700,0,0.46,0.54,0.5,0.08,217.99,217,0.46,0.54,2503
btc-updown-15m-1762202700,1762202700,15,0.5,0.53,0.515,0.03,130,76,0.47,0.5,14
btc-updown-15m-1762202700,1762202700,30,0.54,0.57,0.555,0.03,351.2,2276.24,0.43,0.46,61
btc-updown-15m-1762202700,1762202700,45,0.54,0.56,0.55,0.02,386.11,1924.81,0.44,0.46,122
btc-updown-15m-1762202700,1762202700,60,0.51,0.54,0.525,0.03,30,664,0.46,0.49,1
btc-updown-15m-1762202700,1762202700,75,0.35,0.38,0.365,0.03,191.86,208.58,0.62,0.65,6
btc-updown-15m-1762202700,1762202700,90,0.32,0.34,0.33,0.02,49.64,153.89,0.66,0.68,0
btc-updown-15m-1762202700,1762202700,105,0.27,0.3,0.285,0.03,154.07,186.36,0.7,0.73,54
btc-updown-15m-1762202700,1762202700,120,0.3,0.34,0.32,0.04,159.15,612.3,0.66,0.7,6
btc-updown-15m-1762202700,1762202700,135,0.32,0.35,0.335,0.03,165,67,0.65,0.68,4
btc-updown-15m-1762202700,1762202700,150,0.34,0.37,0.355,0.03,109.38,117.46,0.63,0.66,174
btc-updown-15m-1762202700,1762202700,165,0.4,0.44,0.42,0.04,85,93,0.56,0.6,19
btc-updown-15m-1762202700,1762202700,180,0.35,0.38,0.365,0.03,55,53.36,0.62,0.65,5
btc-updown-15m-1762202700,1762202700,195,0.21,0.24,0.225,0.03,115.01,66,0.76,0.79,1
btc-updown-15m-1762202700,1762202700,210,0.26,0.31,0.285,0.05,101.99,327.46,0.69,0.74,16
btc-updown-15m-1762202700,1762202700,225,0.22,0.26,0.24,0.04,71.8,315.3,0.74,0.78,68
btc-updown-15m-1762202700,1762202700,240,0.22,0.27,0.245,0.05,233.75,336.1,0.73,0.78,38
btc-updown-15m-1762202700,1762202700,255,0.23,0.25,0.24,0.02,54.85,25,0.75,0.77,0
btc-updown-15m-1762202700,1762202700,270,0.29,0.3,0.295,0.01,1058.33,55,0.7,0.71,18
btc-updown-15m-1762202700,1762202700,285,0.33,0.4,0.365,0.07,179.64,1926.14,0.6,0.67,19
btc-updown-15m-1762202700,1762202700,300,0.39,0.42,0.405,0.03,56,50.53,0.58,0.61,24
btc-updown-15m-1762202700,1762202700,315,0.38,0.4,0.39,0.02,30,154.5,0.6,0.62,19
btc-updown-15m-1762202700,1762202700,330,0.31,0.35,0.33,0.04,126,63,0.65,0.69,17
btc-updown-15m-1762202700,1762202700,345,0.29,0.3,0.295,0.01,316.52,30,0.7,0.71,2
btc-updown-15m-1762202700,1762202700,360,0.43,0.44,0.435,0.01,37,30,0.56,0.57,35
btc-updown-15m-1762202700,1762202700,375,0.35,0.39,0.37,0.04,137.3,109.8,0.61,0.65,41
btc-updown-15m-1762202700,1762202700,390,0.25,0.27,0.26,0.02,182.86,46,0.73,0.75,23
btc-updown-15m-1762202700,1762202700,405,0.32,0.34,0.33,0.02,26,110.4,0.66,0.68,5
btc-updown-15m-1762202700,1762202700,420,0.27,0.3,0.285,0.03,283.14,78,0.7,0.73,11
btc-updown-15m-1762202700,1762202700,435,0.26,0.3,0.28,0.04,296.99,159.3,0.7,0.74,13
btc-updown-15m-1762202700,1762202700,450,0.3,0.33,0.315,0.03,230.36,69,0.67,0.7,8
btc-updown-15m-1762202700,1762202700,465,0.32,0.39,0.355,0.07,202.84,187.1,0.61,0.68,2
btc-updown-15m-1762202700,1762202700,480,0.33,0.35,0.34,0.02,119.85,60.17,0.65,0.67,6
btc-updown-15m-1762202700,1762202700,495,0.32,0.35,0.335,0.03,155,65.17,0.65,0.68,31
btc-updown-15m-1762202700,1762202700,510,0.23,0.27,0.25,0.04,151,57.89,0.73,0.77,3
btc-updown-15m-1762202700,1762202700,525,0.09,0.13,0.11,0.04,352.12,238.9,0.87,0.91,2
btc-updown-15m-1762202700,1762202700,540,0.11,0.15,0.13,0.04,154.31,98.8,0.85,0.89,16
btc-updown-15m-1762202700,1762202700,555,0.12,0.17,0.145,0.05,223.33,391.8,0.83,0.88,14
btc-updown-15m-1762202700,1762202700,570,0.16,0.2,0.18,0.04,214.28,346,0.8,0.84,316
btc-updown-15m-1762202700,1762202700,585,0.19,0.24,0.215,0.05,92,122.3,0.76,0.81,54
btc-updown-15m-1762202700,1762202700,600,0.13,0.16,0.145,0.03,531,220.79,0.84,0.87,73
btc-updown-15m-1762202700,1762202700,615,0.18,0.24,0.21,0.06,265.7,221,0.76,0.82,22
btc-updown-15m-1762202700,1762202700,630,0.13,0.16,0.145,0.03,329.71,33.9,0.84,0.87,18
btc-updown-15m-1762202700,1762202700,645,0.12,0.15,0.135,0.03,1515.7,44,0.85,0.88,6
btc-updown-15m-1762202700,1762202700,660,0.13,0.17,0.15,0.04,593.77,119,0.83,0.87,2
btc-updown-15m-1762202700,1762202700,675,0.07,0.11,0.09,0.04,3664.9,110.8,0.89,0.93,10
btc-updown-15m-1762202700,1762202700,690,0.06,0.07,0.065,0.01,1773.34,103.43,0.93,0.94,18
btc-updown-15m-1762202700,1762202700,705,0.04,0.06,0.05,0.02,2473.27,199.02,0.94,0.96,267
btc-updown-15m-1762202700,1762202700,720,0.03,0.05,0.04,0.02,3071.87,398.79,0.95,0.97,12
btc-updown-15m-1762202700,1762202700,735,0.01,0.04,0.025,0.03,1438.95,369.8,0.96,0.99,228
btc-updown-15m-1762202700,1762202700,750,0.01,0.03,0.02,0.02,582.21,1404.4,0.97,0.99,6
btc-updown-15m-1762202700,1762202700,765,0.01,0.02,0.015,0.01,540.04,809.08,0.98,0.99,361
btc-updown-15m-1762202700,1762202700,780,0.01,0.02,0.015,0.01,499.01,980.98,0.98,0.99,1035
btc-updown-15m-1762202700,1762202700,795,0.01,0.03,0.02,0.02,5,1361.48,0.97,0.99,289
btc-updown-15m-1762202700,1762202700,810,0.02,0.04,0.03,0.02,535.4,1098.37,0.96,0.98,277
btc-updown-15m-1762202700,1762202700,825,,0.01,,,0,125.11,0.99,,330
btc-updown-15m-1762202700,1762202700,840,0.01,0.02,0.015,0.01,412.8,718.67,0.98,0.99,256
btc-updown-15m-1762202700,1762202700,845,0.01,0.03,0.02,0.02,402.02,1113.56,0.97,0.99,227
btc-updown-15m-1762202700,1762202700,850,0.01,0.06,0.035,0.05,751.85,459.88,0.94,0.99,9
btc-updown-15m-1762202700,1762202700,855,0.12,0.24,0.18,0.12,516,69.1,0.76,0.88,1
btc-updown-15m-1762202700,1762202700,860,0.21,0.37,0.29,0.16,741,35,0.63,0.79,3
btc-updown-15m-1762202700,1762202700,865,0.23,0.27,0.25,0.04,43.78,35,0.73,0.77,11
btc-updown-15m-1762202700,1762202700,870,0.08,0.22,0.15,0.14,1071.89,41,0.78,0.92,7
btc-updown-15m-1762202700,1762202700,875,0.26,0.38,0.32,0.12,21,66,0.62,0.74,27
btc-updown-15m-1762202700,1762202700,880,0.42,0.55,0.485,0.13,25,1971.51,0.45,0.58,58
btc-updown-15m-1762202700,1762202700,885,0.84,0.85,0.845,0.01,41,102.86,0.15,0.16,0
btc-updown-15m-1762202700,1762202700,890,0.34,0.49,0.415,0.15,157.27,32,0.51,0.66,4
btc-updown-15m-1762202700,1762202700,895,0.16,0.32,0.24,0.16,167.27,29,0.68,0.84,52
btc-updown-15m-1762202700,1762202700,897,0.1,0.97,0.535,0.87,224.6,2066.58,0.03,0.9,2
btc-updown-15m-1762202700,1762202700,899,0.1,0.38,0.24,0.28,220.1,26,0.62,0.9,9
btc-updown-15m-1762202700,1762202700,900,0.02,0.44,0.23,0.42,2760.4,279.72,0.56,0.98,2
btc-updown-15m-1762210800,1762210800,0,0.49,0.52,0.505,0.03,75,27.73,0.48,0.51,227
btc-updown-15m-1762210800,1762210800,15,0.48,0.51,0.495,0.03,146.48,21.92,0.49,0.52,29
btc-updown-15m-1762210800,1762210800,30,0.42,0.45,0.435,0.03,230.7,235,0.55,0.58,4
btc-updown-15m-1762210800,1762210800,45,0.31,0.33,0.32,0.02,203.89,175.5,0.67,0.69,116
btc-updown-15m-1762210800,1762210800,60,0.23,0.25,0.24,0.02,162,171.16,0.75,0.77,85
btc-updown-15m-1762210800,1762210800,75,0.25,0.28,0.265,0.03,225.4,244.5,0.72,0.75,121
btc-updown-15m-1762210800,1762210800,90,0.23,0.25,0.24,0.02,558.61,136.71,0.75,0.77,76
btc-updown-15m-1762210800,1762210800,105,0.18,0.22,0.2,0.04,115.77,144.4,0.78,0.82,113
btc-updown-15m-1762210800,1762210800,120,0.13,0.17,0.15,0.04,189.25,93.77,0.83,0.87,38
btc-updown-15m-1762210800,1762210800,135,0.12,0.15,0.135,0.03,184.17,195.45,0.85,0.88,19
btc-updown-15m-1762210800,1762210800,150,0.09,0.13,0.11,0.04,286.38,196.4,0.87,0.91,30
btc-updown-15m-1762210800,1762210800,165,0.08,0.12,0.1,0.04,644.09,203.9,0.88,0.92,114
btc-updown-15m-1762210800,1762210800,180,0.07,0.09,0.08,0.02,1118.78,161.8,0.91,0.93,25
btc-updown-15m-1762210800,1762210800,195,0.07,0.11,0.09,0.04,1097.02,71.85,0.89,0.93,78
btc-updown-15m-1762210800,1762210800,210,0.06,0.08,0.07,0.02,1500.84,111.51,0.92,0.94,140
btc-updown-15m-1762210800,1762210800,225,0.06,0.08,0.07,0.02,1500.52,100.31,0.92,0.94,109
btc-updown-15m-1762210800,1762210800,240,0.06,0.1,0.08,0.04,1502.2,112.6,0.9,0.94,596
btc-updown-15m-1762210800,1762210800,255,0.06,0.1,0.08,0.04,1399.25,133.2,0.9,0.94,976
btc-updown-15m-1762210800,1762210800,270,0.05,0.09,0.07,0.04,2243.15,131.15,0.91,0.95,13
btc-updown-15m-1762210800,1762210800,285,0.07,0.08,0.075,0.01,964.75,129.59,0.92,0.93,37
btc-updown-15m-1762210800,1762210800,300,0.08,0.1,0.09,0.02,1288.58,161.5,0.9,0.92,8
btc-updown-15m-1762210800,1762210800,315,0.08,0.1,0.09,0.02,891.35,126.6,0.9,0.92,81
btc-updown-15m-1762210800,1762210800,330,0.06,0.1,0.08,0.04,1258.02,132.6,0.9,0.94,46
btc-updown-15m-1762210800,1762210800,345,0.05,0.1,0.075,0.05,2029.23,163.5,0.9,0.95,126
btc-updown-15m-1762210800,1762210800,360,0.05,0.1,0.075,0.05,2036.59,161.4,0.9,0.95,3
btc-updown-15m-1762210800,1762210800,375,0.08,0.11,0.095,0.03,41.12,120.55,0.89,0.92,325
btc-updown-15m-1762210800,1762210800,390,0.08,0.1,0.09,0.02,757.67,65,0.9,0.92,524
btc-updown-15m-1762210800,1762210800,405,0.08,0.1,0.09,0.02,776.04,87.8,0.9,0.92,114
btc-updown-15m-1762210800,1762210800,420,0.08,0.14,0.11,0.06,744.23,236.08,0.86,0.92,156
btc-updown-15m-1762210800,1762210800,435,0.08,0.1,0.09,0.02,35.45,65.06,0.9,0.92,37
btc-updown-15m-1762210800,1762210800,450,0.07,0.1,0.085,0.03,45,77.9,0.9,0.93,839
btc-updown-15m-1762210800,1762210800,465,0.04,0.07,0.055,0.03,849.55,618.04,0.93,0.96,771
btc-updown-15m-1762210800,1762210800,480,0.06,0.08,0.07,0.02,337.9,573.89,0.92,0.94,673
btc-updown-15m-1762210800,1762210800,495,0.04,0.07,0.055,0.03,656.43,519.81,0.93,0.96,29
btc-updown-15m-1762210800,1762210800,510,0.05,0.07,0.06,0.02,387.77,392.41,0.93,0.95,27
btc-updown-15m-1762210800,1762210800,525,0.04,0.07,0.055,0.03,846.3,348.98,0.93,0.96,48
btc-updown-15m-1762210800,1762210800,540,0.06,0.07,0.065,0.01,449.27,222.16,0.93,0.94,127
btc-updown-15m-1762210800,1762210800,555,0.04,0.05,0.045,0.01,618.76,314.58,0.95,0.96,324
btc-updown-15m-1762210800,1762210800,570,0.04,0.06,0.05,0.02,623.21,215.58,0.94,0.96,132
btc-updown-15m-1762210800,1762210800,585,0.03,0.06,0.045,0.03,3276.65,220.58,0.94,0.97,1346
btc-updown-15m-1762210800,1762210800,600,0.03,0.06,0.045,0.03,3376.63,210.05,0.94,0.97,393
btc-updown-15m-1762210800,1762210800,615,0.02,0.04,0.03,0.02,3175.18,572.4,0.96,0.98,502
btc-updown-15m-1762210800,1762210800,630,0.03,0.05,0.04,0.02,2816.31,542.5,0.95,0.97,153
btc-updown-15m-1762210800,1762210800,645,0.02,0.05,0.035,0.03,2991.02,442.29,0.95,0.98,220
btc-updown-15m-1762210800,1762210800,660,0.02,0.05,0.035,0.03,1861.14,447.82,0.95,0.98,1043
btc-updown-15m-1762210800,1762210800,675,0.02,0.04,0.03,0.02,1835.67,436.13,0.96,0.98,235
btc-updown-15m-1762210800,1762210800,690,0.01,0.05,0.03,0.04,1615.52,336.79,0.95,0.99,403
btc-updown-15m-1762210800,1762210800,705,0.02,0.05,0.035,0.03,1600.4,341.17,0.95,0.98,359
btc-updown-15m-1762210800,1762210800,720,0.02,0.03,0.025,0.01,1432.13,270.68,0.97,0.98,419
btc-updown-15m-1762210800,1762210800,735,0.01,0.03,0.02,0.02,1433.51,277.6,0.97,0.99,34
btc-updown-15m-1762210800,1762210800,750,0.01,0.03,0.02,0.02,1423.51,279.34,0.97,0.99,70
btc-updown-15m-1762210800,1762210800,765,0.01,0.05,0.03,0.04,1206.4,317.68,0.95,0.99,1552
btc-updown-15m-1762210800,1762210800,780,0.02,0.05,0.035,0.03,1211.4,107.8,0.95,0.98,98
btc-updown-15m-1762210800,1762210800,795,0.01,0.04,0.025,0.03,867.5,71,0.96,0.99,170
btc-updown-15m-1762210800,1762210800,810,0.02,0.04,0.03,0.02,901.74,25,0.96,0.98,203
btc-updown-15m-1762210800,1762210800,825,0.01,0.04,0.025,0.03,625.75,48,0.96,0.99,111
btc-updown-15m-1762210800,1762210800,840,,0.01,,,0,1208.47,0.99,,892
btc-updown-15m-1762210800,1762210800,845,,0.01,,,0,1403.47,0.99,,100
btc-updown-15m-1762210800,1762210800,850,,0.01,,,0,3651.99,0.99,,873
btc-updown-15m-1762210800,1762210800,855,,0.01,,,0,3598.14,0.99,,1089
btc-updown-15m-1762210800,1762210800,860,,0.01,,,0,3598.14,0.99,,1770
btc-updown-15m-1762210800,1762210800,865,,0.01,,,0,3598.14,0.99,,294
btc-updown-15m-1762210800,1762210800,870,,0.01,,,0,3594.19,0.99,,90
btc-updown-15m-1762210800,1762210800,875,,0.01,,,0,3599.19,0.99,,807
btc-updown-15m-1762210800,1762210800,880,,0.01,,,0,3599.19,0.99,,2343
btc-updown-15m-1762210800,1762210800,885,,0.01,,,0,3689.19,0.99,,3553
btc-updown-15m-1762210800,1762210800,890,,0.01,,,0,3689.19,0.99,,2347
btc-updown-15m-1762210800,1762210800,895,,0.01,,,0,3774.17,0.99,,986
btc-updown-15m-1762210800,1762210800,897,,0.01,,,0,3774.17,0.99,,420
btc-updown-15m-1762210800,1762210800,899,,0.01,,,0,4260.23,0.99,,254
btc-updown-15m-1762210800,1762210800,900,,0.01,,,0,4260.23,0.99,,1254
btc-updown-15m-1762219800,1762219800,0,0.45,0.49,0.47,0.04,73,140.2,0.51,0.55,141
btc-updown-15m-1762219800,1762219800,15,0.58,0.62,0.6,0.04,175,95,0.38,0.42,906
btc-updown-15m-1762219800,1762219800,30,0.58,0.62,0.6,0.04,255,110,0.38,0.42,19
btc-updown-15m-1762219800,1762219800,45,0.62,0.68,0.65,0.06,357.7,105,0.32,0.38,124
btc-updown-15m-1762219800,1762219800,60,0.63,0.66,0.645,0.03,147.08,66.09,0.34,0.37,304
btc-updown-15m-1762219800,1762219800,75,0.56,0.59,0.575,0.03,145,135,0.41,0.44,22
btc-updown-15m-1762219800,1762219800,90,0.57,0.61,0.59,0.04,145.82,140,0.39,0.43,24
btc-updown-15m-1762219800,1762219800,105,0.56,0.59,0.575,0.03,128.56,155,0.41,0.44,2
btc-updown-15m-1762219800,1762219800,120,0.57,0.61,0.59,0.04,200.78,60,0.39,0.43,67
btc-updown-15m-1762219800,1762219800,135,0.64,0.68,0.66,0.04,116.43,332.6,0.32,0.36,2
btc-updown-15m-1762219800,1762219800,150,0.62,0.66,0.64,0.04,145,110,0.34,0.38,14
btc-updown-15m-1762219800,1762219800,165,0.63,0.65,0.64,0.02,87.45,108,0.35,0.37,17
btc-updown-15m-1762219800,1762219800,180,0.62,0.67,0.645,0.05,349.3,150.53,0.33,0.38,65
btc-updown-15m-1762219800,1762219800,195,0.58,0.61,0.595,0.03,174.21,85,0.39,0.42,3
btc-updown-15m-1762219800,1762219800,210,0.59,0.65,0.62,0.06,260.71,114.92,0.35,0.41,517
btc-updown-15m-1762219800,1762219800,225,0.64,0.68,0.66,0.04,159.18,68.11,0.32,0.36,400
btc-updown-15m-1762219800,1762219800,240,0.65,0.69,0.67,0.04,115.84,91.4,0.31,0.35,33
btc-updown-15m-1762219800,1762219800,255,0.67,0.71,0.69,0.04,271.96,89.15,0.29,0.33,46
btc-updown-15m-1762219800,1762219800,270,0.73,0.77,0.75,0.04,291.21,41.64,0.23,0.27,9
btc-updown-15m-1762219800,1762219800,285,0.77,0.78,0.775,0.01,76.15,18.3,0.22,0.23,41
btc-updown-15m-1762219800,1762219800,300,0.79,0.83,0.81,0.04,50,113.66,0.17,0.21,1
btc-updown-15m-1762219800,1762219800,315,0.72,0.74,0.73,0.02,205.37,103.24,0.26,0.28,51
btc-updown-15m-1762219800,1762219800,330,0.68,0.72,0.7,0.04,129.97,110,0.28,0.32,2
btc-updown-15m-1762219800,1762219800,345,0.74,0.78,0.76,0.04,46.15,78.34,0.22,0.26,9
btc-updown-15m-1762219800,1762219800,360,0.76,0.8,0.78,0.04,120,73.15,0.2,0.24,48
btc-updown-15m-1762219800,1762219800,375,0.78,0.83,0.805,0.05,323,110.77,0.17,0.22,51
btc-updown-15m-1762219800,1762219800,390,0.82,0.84,0.83,0.02,262.18,87.86,0.16,0.18,28
btc-updown-15m-1762219800,1762219800,405,0.86,0.88,0.87,0.02,90,150.38,0.12,0.14,39
btc-updown-15m-1762219800,1762219800,420,0.82,0.87,0.845,0.05,303,211.97,0.13,0.18,68
btc-updown-15m-1762219800,1762219800,435,0.77,0.8,0.785,0.03,293,170.9,0.2,0.23,242
btc-updown-15m-1762219800,1762219800,450,0.8,0.82,0.81,0.02,196.99,260,0.18,0.2,11
btc-updown-15m-1762219800,1762219800,465,0.75,0.8,0.775,0.05,648.88,178.88,0.2,0.25,11
btc-updown-15m-1762219800,1762219800,480,0.79,0.83,0.81,0.04,55,261.9,0.17,0.21,67
btc-updown-15m-1762219800,1762219800,495,0.83,0.87,0.85,0.04,66,105,0.13,0.17,27
btc-updown-15m-1762219800,1762219800,510,0.83,0.87,0.85,0.04,135,329.09,0.13,0.17,36
btc-updown-15m-1762219800,1762219800,525,0.91,0.95,0.93,0.04,55,1405.42,0.05,0.09,685
btc-updown-15m-1762219800,1762219800,540,0.96,0.97,0.965,0.01,64.86,1726.58,0.03,0.04,6
btc-updown-15m-1762219800,1762219800,555,0.96,0.98,0.97,0.02,226,1499.94,0.02,0.04,105
btc-updown-15m-1762219800,1762219800,570,0.95,0.97,0.96,0.02,205.46,1396.78,0.03,0.05,133
btc-updown-15m-1762219800,1762219800,585,0.93,0.97,0.95,0.04,931.28,1509.77,0.03,0.07,5
btc-updown-15m-1762219800,1762219800,600,0.94,0.98,0.96,0.04,957.07,1592.81,0.02,0.06,108
btc-updown-15m-1762219800,1762219800,615,0.94,0.97,0.955,0.03,970.07,1415.55,0.03,0.06,4
btc-updown-15m-1762219800,1762219800,630,0.94,0.98,0.96,0.04,967,1517.66,0.02,0.06,33
btc-updown-15m-1762219800,1762219800,645,0.96,0.98,0.97,0.02,105.97,1347.57,0.02,0.04,366
btc-updown-15m-1762219800,1762219800,660,0.96,0.98,0.97,0.02,840.97,1918.69,0.02,0.04,413
btc-updown-15m-1762219800,1762219800,675,0.96,0.98,0.97,0.02,97.28,2024.22,0.02,0.04,114
btc-updown-15m-1762219800,1762219800,690,0.95,0.98,0.965,0.03,713.28,1895.69,0.02,0.05,434
btc-updown-15m-1762219800,1762219800,705,0.95,0.98,0.965,0.03,635.4,1792.89,0.02,0.05,7
btc-updown-15m-1762219800,1762219800,720,0.95,0.99,0.97,0.04,630.4,1669.89,0.01,0.05,56
btc-updown-15m-1762219800,1762219800,735,0.99,,,,334,0,,0.01,749
btc-updown-15m-1762219800,1762219800,750,0.99,,,,2031.45,0,,0.01,422
btc-updown-15m-1762219800,1762219800,765,0.99,,,,2649.75,0,,0.01,744
btc-updown-15m-1762219800,1762219800,780,0.99,,,,2649.75,0,,0.01,741
btc-updown-15m-1762219800,1762219800,795,0.99,,,,4896.75,0,,0.01,677
btc-updown-15m-1762219800,1762219800,810,0.99,,,,4896.75,0,,0.01,738
btc-updown-15m-1762219800,1762219800,825,0.99,,,,4347.25,0,,0.01,734
btc-updown-15m-1762219800,1762219800,840,0.99,,,,4727.15,0,,0.01,730
btc-updown-15m-1762219800,1762219800,845,0.99,,,,4727.15,0,,0.01,734
btc-updown-15m-1762219800,1762219800,850,0.99,,,,4727.15,0,,0.01,726
btc-updown-15m-1762219800,1762219800,855,0.99,,,,4737.25,0,,0.01,655
btc-updown-15m-1762219800,1762219800,860,0.99,,,,4637.25,0,,0.01,733
btc-updown-15m-1762219800,1762219800,865,0.99,,,,4627.15,0,,0.01,732
btc-updown-15m-1762219800,1762219800,870,0.99,,,,4627.15,0,,0.01,683
btc-updown-15m-1762219800,1762219800,875,0.99,,,,4649.5,0,,0.01,725
btc-updown-15m-1762219800,1762219800,880,0.99,,,,4649.5,0,,0.01,729
btc-updown-15m-1762219800,1762219800,885,0.99,,,,5487.98,0,,0.01,731
btc-updown-15m-1762219800,1762219800,890,0.99,,,,5487.98,0,,0.01,637
btc-updown-15m-1762219800,1762219800,895,0.99,,,,5502.88,0,,0.01,728
btc-updown-15m-1762219800,1762219800,897,0.99,,,,5495.88,0,,0.01,215
btc-updown-15m-1762219800,1762219800,899,0.99,,,,5845.88,0,,0.01,410
btc-updown-15m-1762219800,1762219800,900,0.99,,,,5845.88,0,,0.01,736
btc-updown-15m-1762227900,1762227900,0,0.45,0.54,0.495,0.09,82,186.3,0.46,0.55,433
btc-updown-15m-1762227900,1762227900,15,0.51,0.54,0.525,0.03,40,264.8,0.46,0.49,0
btc-updown-15m-1762227900,1762227900,30,0.4,0.43,0.415,0.03,310,55.72,0.57,0.6,1
btc-updown-15m-1762227900,1762227900,45,0.41,0.45,0.43,0.04,264.3,148.68,0.55,0.59,16
btc-updown-15m-1762227900,1762227900,60,0.38,0.41,0.395,0.03,62,70.16,0.59,0.62,1
btc-updown-15m-1762227900,1762227900,75,0.38,0.41,0.395,0.03,53,154,0.59,0.62,26
btc-updown-15m-1762227900,1762227900,90,0.3,0.31,0.305,0.01,42,105,0.69,0.7,32
btc-updown-15m-1762227900,1762227900,105,0.31,0.34,0.325,0.03,117,110,0.66,0.69,10
btc-updown-15m-1762227900,1762227900,120,0.36,0.4,0.38,0.04,81.09,135,0.6,0.64,104
btc-updown-15m-1762227900,1762227900,135,0.32,0.38,0.35,0.06,72,317.31,0.62,0.68,55
btc-updown-15m-1762227900,1762227900,150,0.35,0.39,0.37,0.04,208.75,181.02,0.61,0.65,53
btc-updown-15m-1762227900,1762227900,165,0.35,0.38,0.365,0.03,114.35,208.7,0.62,0.65,4
btc-updown-15m-1762227900,1762227900,180,0.35,0.37,0.36,0.02,46,176.42,0.63,0.65,2
btc-updown-15m-1762227900,1762227900,195,0.33,0.36,0.345,0.03,167,181.86,0.64,0.67,1
btc-updown-15m-1762227900,1762227900,210,0.28,0.32,0.3,0.04,62,178.6,0.68,0.72,27
btc-updown-15m-1762227900,1762227900,225,0.27,0.3,0.285,0.03,116.71,92,0.7,0.73,18
btc-updown-15m-1762227900,1762227900,240,0.2,0.24,0.22,0.04,173.08,49,0.76,0.8,2
btc-updown-15m-1762227900,1762227900,255,0.2,0.24,0.22,0.04,226.83,118.1,0.76,0.8,24
btc-updown-15m-1762227900,1762227900,270,0.2,0.25,0.225,0.05,241.83,161.9,0.75,0.8,59
btc-updown-15m-1762227900,1762227900,285,0.19,0.22,0.205,0.03,150.3,87.5,0.78,0.81,17
btc-updown-15m-1762227900,1762227900,300,0.18,0.23,0.205,0.05,792.9,50,0.77,0.82,9
btc-updown-15m-1762227900,1762227900,315,0.2,0.24,0.22,0.04,246.7,87,0.76,0.8,14
btc-updown-15m-1762227900,1762227900,330,0.22,0.24,0.23,0.02,29.75,84.96,0.76,0.78,1
btc-updown-15m-1762227900,1762227900,345,0.29,0.32,0.305,0.03,170,83.63,0.68,0.71,35
btc-updown-15m-1762227900,1762227900,360,0.3,0.34,0.32,0.04,70,63.48,0.66,0.7,39
btc-updown-15m-1762227900,1762227900,375,0.31,0.33,0.32,0.02,50,73.48,0.67,0.69,1
btc-updown-15m-1762227900,1762227900,390,0.33,0.39,0.36,0.06,286.4,65.74,0.61,0.67,52
btc-updown-15m-1762227900,1762227900,405,0.28,0.33,0.305,0.05,81,237.58,0.67,0.72,2
btc-updown-15m-1762227900,1762227900,420,0.3,0.32,0.31,0.02,45.42,121.42,0.68,0.7,14
btc-updown-15m-1762227900,1762227900,435,0.2,0.23,0.215,0.03,647.75,35.48,0.77,0.8,0
btc-updown-15m-1762227900,1762227900,450,0.32,0.35,0.335,0.03,41,21.13,0.65,0.68,4
btc-updown-15m-1762227900,1762227900,465,0.26,0.3,0.28,0.04,165,55,0.7,0.74,133
btc-updown-15m-1762227900,1762227900,480,0.19,0.21,0.2,0.02,625,137.4,0.79,0.81,6
btc-updown-15m-1762227900,1762227900,495,0.14,0.16,0.15,0.02,165,73.28,0.84,0.86,12
btc-updown-15m-1762227900,1762227900,510,0.13,0.18,0.155,0.05,238.52,228.14,0.82,0.87,1
btc-updown-15m-1762227900,1762227900,525,0.3,0.35,0.325,0.05,368.2,38,0.65,0.7,0
btc-updown-15m-1762227900,1762227900,540,0.28,0.31,0.295,0.03,103,62,0.69,0.72,1
btc-updown-15m-1762227900,1762227900,555,0.25,0.29,0.27,0.04,369.8,66,0.71,0.75,88
btc-updown-15m-1762227900,1762227900,570,0.38,0.43,0.405,0.05,36,174.11,0.57,0.62,32
btc-updown-15m-1762227900,1762227900,585,0.42,0.45,0.435,0.03,164,330.9,0.55,0.58,20
btc-updown-15m-1762227900,1762227900,600,0.41,0.43,0.42,0.02,107.91,186,0.57,0.59,93
btc-updown-15m-1762227900,1762227900,615,0.41,0.45,0.43,0.04,252.51,30.71,0.55,0.59,1
btc-updown-15m-1762227900,1762227900,630,0.36,0.41,0.385,0.05,83,40,0.59,0.64,0
btc-updown-15m-1762227900,1762227900,645,0.41,0.44,0.425,0.03,56.58,52,0.56,0.59,21
btc-updown-15m-1762227900,1762227900,660,0.37,0.43,0.4,0.06,74.57,49,0.57,0.63,245
btc-updown-15m-1762227900,1762227900,675,0.31,0.38,0.345,0.07,167,254,0.62,0.69,22
btc-updown-15m-1762227900,1762227900,690,0.36,0.4,0.38,0.04,42,38.02,0.6,0.64,188
btc-updown-15m-1762227900,1762227900,705,0.41,0.42,0.415,0.01,70,39,0.58,0.59,5
btc-updown-15m-1762227900,1762227900,720,0.34,0.39,0.365,0.05,216.38,50,0.61,0.66,9
btc-updown-15m-1762227900,1762227900,735,0.37,0.41,0.39,0.04,123.8,108,0.59,0.63,121
btc-updown-15m-1762227900,1762227900,750,0.61,0.64,0.625,0.03,136,127,0.36,0.39,1
btc-updown-15m-1762227900,1762227900,765,0.65,0.7,0.675,0.05,207.42,203,0.3,0.35,7
btc-updown-15m-1762227900,1762227900,780,0.64,0.68,0.66,0.04,209,46,0.32,0.36,0
btc-updown-15m-1762227900,1762227900,795,0.74,0.8,0.77,0.06,50,122.53,0.2,0.26,4
btc-updown-15m-1762227900,1762227900,810,0.68,0.73,0.705,0.05,24,37.88,0.27,0.32,3
btc-updown-15m-1762227900,1762227900,825,0.7,0.78,0.74,0.08,146.98,87,0.22,0.3,530
btc-updown-15m-1762227900,1762227900,840,0.68,0.79,0.735,0.11,40,37,0.21,0.32,30
btc-updown-15m-1762227900,1762227900,845,0.69,0.71,0.7,0.02,40,27.88,0.29,0.31,49
btc-updown-15m-1762227900,1762227900,850,0.63,0.8,0.715,0.17,54.13,36,0.2,0.37,209
btc-updown-15m-1762227900,1762227900,855,0.54,0.67,0.605,0.13,66,37,0.33,0.46,179
btc-updown-15m-1762227900,1762227900,860,0.6,0.71,0.655,0.11,30,41,0.29,0.4,38
btc-updown-15m-1762227900,1762227900,865,0.63,0.69,0.66,0.06,29,33,0.31,0.37,174
btc-updown-15m-1762227900,1762227900,870,0.63,0.73,0.68,0.1,21,121,0.27,0.37,19
btc-updown-15m-1762227900,1762227900,875,0.46,0.54,0.5,0.08,45,32,0.46,0.54,25
btc-updown-15m-1762227900,1762227900,880,0.28,0.37,0.325,0.09,37,58,0.63,0.72,23
btc-updown-15m-1762227900,1762227900,885,0.35,0.42,0.385,0.07,61,21,0.58,0.65,1
btc-updown-15m-1762227900,1762227900,890,0.3,0.46,0.38,0.16,15,31,0.54,0.7,99
btc-updown-15m-1762227900,1762227900,895,0.09,0.2,0.145,0.11,306.88,24.75,0.8,0.91,1
btc-updown-15m-1762227900,1762227900,897,0.01,0.03,0.02,0.02,1053.25,69.79,0.97,0.99,0
btc-updown-15m-1762227900,1762227900,899,0.01,0.04,0.025,0.03,690.67,51.83,0.96,0.99,22
btc-updown-15m-1762227900,1762227900,900,0.01,0.04,0.025,0.03,640.67,51.83,0.96,0.99,9
btc-updown-15m-1762247700,1762247700,0,0.52,0.54,0.53,0.02,99.95,675,0.46,0.48,120
btc-updown-15m-1762247700,1762247700,15,0.41,0.46,0.435,0.05,336.5,370,0.54,0.59,9
btc-updown-15m-1762247700,1762247700,30,0.45,0.48,0.465,0.03,1260.8,255,0.52,0.55,53
btc-updown-15m-1762247700,1762247700,45,0.52,0.55,0.535,0.03,1076,653.66,0.45,0.48,26
btc-updown-15m-1762247700,1762247700,60,0.51,0.52,0.515,0.01,834,315.57,0.48,0.49,1
btc-updown-15m-1762247700,1762247700,75,0.59,0.62,0.605,0.03,772,61,0.38,0.41,11
btc-updown-15m-1762247700,1762247700,90,0.59,0.62,0.605,0.03,106,900.16,0.38,0.41,0
btc-updown-15m-1762247700,1762247700,105,0.62,0.65,0.635,0.03,741,753.86,0.35,0.38,0
btc-updown-15m-1762247700,1762247700,120,0.65,0.68,0.665,0.03,838,894.52,0.32,0.35,17
btc-updown-15m-1762247700,1762247700,135,0.7,0.74,0.72,0.04,1044,595,0.26,0.3,0
btc-updown-15m-1762247700,1762247700,150,0.65,0.68,0.665,0.03,982,539.5,0.32,0.35,28
btc-updown-15m-1762247700,1762247700,165,0.74,0.76,0.75,0.02,370,516,0.24,0.26,34
btc-updown-15m-1762247700,1762247700,180,0.72,0.76,0.74,0.04,1032.7,525.72,0.24,0.28,1
btc-updown-15m-1762247700,1762247700,195,0.63,0.66,0.645,0.03,667.42,126,0.34,0.37,23
btc-updown-15m-1762247700,1762247700,210,0.69,0.71,0.7,0.02,140,727.22,0.29,0.31,6
btc-updown-15m-1762247700,1762247700,225,0.62,0.65,0.635,0.03,182.28,694.6,0.35,0.38,5
btc-updown-15m-1762247700,1762247700,240,0.53,0.56,0.545,0.03,391.1,630.8,0.44,0.47,71
btc-updown-15m-1762247700,1762247700,255,0.56,0.6,0.58,0.04,1537,1215,0.4,0.44,106
btc-updown-15m-1762247700,1762247700,270,0.67,0.7,0.685,0.03,514.8,582.65,0.3,0.33,0
btc-updown-15m-1762247700,1762247700,285,0.59,0.63,0.61,0.04,600,186,0.37,0.41,2
btc-updown-15m-1762247700,1762247700,300,0.61,0.65,0.63,0.04,46,855,0.35,0.39,7
btc-updown-15m-1762247700,1762247700,315,0.65,0.68,0.665,0.03,1119.7,409.57,0.32,0.35,2
btc-updown-15m-1762247700,1762247700,330,0.72,0.76,0.74,0.04,1075.71,678.32,0.24,0.28,5
btc-updown-15m-1762247700,1762247700,345,0.66,0.7,0.68,0.04,1648,118,0.3,0.34,4
btc-updown-15m-1762247700,1762247700,360,0.69,0.71,0.7,0.02,113,610,0.29,0.31,26
btc-updown-15m-1762247700,1762247700,375,0.72,0.73,0.725,0.01,62.61,296,0.27,0.28,25
btc-updown-15m-1762247700,1762247700,390,0.62,0.65,0.635,0.03,112,335,0.35,0.38,2
btc-updown-15m-1762247700,1762247700,405,0.5,0.54,0.52,0.04,389.14,1263,0.46,0.5,10
btc-updown-15m-1762247700,1762247700,420,0.46,0.5,0.48,0.04,950.84,1076,0.5,0.54,1
btc-updown-15m-1762247700,1762247700,435,0.41,0.45,0.43,0.04,652.8,880,0.55,0.59,0
btc-updown-15m-1762247700,1762247700,450,0.42,0.46,0.44,0.04,842.32,916,0.54,0.58,30
btc-updown-15m-1762247700,1762247700,465,0.39,0.42,0.405,0.03,792.29,663.78,0.58,0.61,25
btc-updown-15m-1762247700,1762247700,480,0.44,0.49,0.465,0.05,895,49,0.51,0.56,26
btc-updown-15m-1762247700,1762247700,495,0.28,0.31,0.295,0.03,574,272,0.69,0.72,0
btc-updown-15m-1762247700,1762247700,510,0.3,0.31,0.305,0.01,678.87,982.88,0.69,0.7,23
btc-updown-15m-1762247700,1762247700,525,0.25,0.27,0.26,0.02,671,641.23,0.73,0.75,38
btc-updown-15m-1762247700,1762247700,540,0.38,0.4,0.39,0.02,271,286,0.6,0.62,7
btc-updown-15m-1762247700,1762247700,555,0.52,0.55,0.535,0.03,637,438.58,0.45,0.48,13
btc-updown-15m-1762247700,1762247700,570,0.44,0.45,0.445,0.01,686.71,78,0.55,0.56,65
btc-updown-15m-1762247700,1762247700,585,0.27,0.31,0.29,0.04,760.46,818.39,0.69,0.73,57
btc-updown-15m-1762247700,1762247700,600,0.2,0.23,0.215,0.03,131,94.5,0.77,0.8,6
btc-updown-15m-1762247700,1762247700,615,0.23,0.28,0.255,0.05,783.07,1132.42,0.72,0.77,1
btc-updown-15m-1762247700,1762247700,630,0.27,0.3,0.285,0.03,271,835,0.7,0.73,9
btc-updown-15m-1762247700,1762247700,645,0.23,0.26,0.245,0.03,299,110.13,0.74,0.77,1
btc-updown-15m-1762247700,1762247700,660,0.28,0.33,0.305,0.05,68,137.8,0.67,0.72,14
btc-updown-15m-1762247700,1762247700,675,0.26,0.28,0.27,0.02,1150,52.71,0.72,0.74,70
btc-updown-15m-1762247700,1762247700,690,0.39,0.46,0.425,0.07,35,101,0.54,0.61,3
btc-updown-15m-1762247700,1762247700,705,0.37,0.4,0.385,0.03,1378,61.1,0.6,0.63,1
btc-updown-15m-1762247700,1762247700,720,0.41,0.46,0.435,0.05,1106.6,471,0.54,0.59,75
btc-updown-15m-1762247700,1762247700,735,0.56,0.62,0.59,0.06,726.05,146,0.38,0.44,37
btc-updown-15m-1762247700,1762247700,750,0.86,0.87,0.865,0.01,59.54,830.85,0.13,0.14,198
btc-updown-15m-1762247700,1762247700,765,0.9,0.93,0.915,0.03,427.97,3630.25,0.07,0.1,78
btc-updown-15m-1762247700,1762247700,780,0.91,0.92,0.915,0.01,536,2395.96,0.08,0.09,41
btc-updown-15m-1762247700,1762247700,795,0.93,0.95,0.94,0.02,437.23,2764.41,0.05,0.07,4
btc-updown-15m-1762247700,1762247700,810,0.95,0.99,0.97,0.04,324.29,1416.18,0.01,0.05,32
btc-updown-15m-1762247700,1762247700,825,0.98,0.99,0.985,0.01,329.33,1355.08,0.01,0.02,41
btc-updown-15m-1762247700,1762247700,840,0.99,,,,2984.52,0,,0.01,50
btc-updown-15m-1762247700,1762247700,845,0.99,,,,1951.18,0,,0.01,517
btc-updown-15m-1762247700,1762247700,850,0.99,,,,910.88,0,,0.01,516
btc-updown-15m-1762247700,1762247700,855,0.98,0.99,0.985,0.01,860.45,975.82,0.01,0.02,118
btc-updown-15m-1762247700,1762247700,860,0.95,0.99,0.97,0.04,1107.35,1114.34,0.01,0.05,4
btc-updown-15m-1762247700,1762247700,865,0.94,0.97,0.955,0.03,1130.35,2508.85,0.03,0.06,77
btc-updown-15m-1762247700,1762247700,870,0.92,0.94,0.93,0.02,1144.15,599.86,0.06,0.08,6
btc-updown-15m-1762247700,1762247700,875,0.85,0.92,0.885,0.07,171,1757.35,0.08,0.15,16
btc-updown-15m-1762247700,1762247700,880,0.83,0.9,0.865,0.07,635.05,631.25,0.1,0.17,0
btc-updown-15m-1762247700,1762247700,885,0.86,0.92,0.89,0.06,25,1238.35,0.08,0.14,4
btc-updown-15m-1762247700,1762247700,890,0.89,0.94,0.915,0.05,66,123.35,0.06,0.11,1
btc-updown-15m-1762247700,1762247700,895,0.9,0.99,0.945,0.09,120,15,0.01,0.1,1
btc-updown-15m-1762247700,1762247700,897,0.94,0.99,0.965,0.05,140,7.97,0.01,0.06,47
btc-updown-15m-1762247700,1762247700,899,0.99,,,,355.49,0,,0.01,4
btc-updown-15m-1762247700,1762247700,900,0.99,,,,355.49,0,,0.01,12
btc-updown-15m-1762255800,1762255800,0,0.4,0.46,0.43,0.06,188,294.7,0.54,0.6,17
btc-updown-15m-1762255800,1762255800,15,0.56,0.6,0.58,0.04,670.45,531.94,0.4,0.44,60
btc-updown-15m-1762255800,1762255800,30,0.51,0.57,0.54,0.06,1012.3,401.34,0.43,0.49,34
btc-updown-15m-1762255800,1762255800,45,0.56,0.6,0.58,0.04,717,587,0.4,0.44,95
btc-updown-15m-1762255800,1762255800,60,0.54,0.58,0.56,0.04,529.69,900,0.42,0.46,6
btc-updown-15m-1762255800,1762255800,75,0.44,0.45,0.445,0.01,547,55,0.55,0.56,53
btc-updown-15m-1762255800,1762255800,90,0.56,0.59,0.575,0.03,337,635,0.41,0.44,8
btc-updown-15m-1762255800,1762255800,105,0.49,0.52,0.505,0.03,796.56,577.15,0.48,0.51,92
btc-updown-15m-1762255800,1762255800,120,0.45,0.48,0.465,0.03,510,56,0.52,0.55,9
btc-updown-15m-1762255800,1762255800,135,0.45,0.48,0.465,0.03,67,509.99,0.52,0.55,65
btc-updown-15m-1762255800,1762255800,150,0.53,0.55,0.54,0.02,120,788.95,0.45,0.47,21
btc-updown-15m-1762255800,1762255800,165,0.56,0.57,0.565,0.01,14,88.89,0.43,0.44,21
btc-updown-15m-1762255800,1762255800,180,0.6,0.62,0.61,0.02,68.5,803.81,0.38,0.4,28
btc-updown-15m-1762255800,1762255800,195,0.62,0.66,0.64,0.04,696.73,1030,0.34,0.38,59
btc-updown-15m-1762255800,1762255800,210,0.73,0.77,0.75,0.04,712.7,536.69,0.23,0.27,64
btc-updown-15m-1762255800,1762255800,225,0.75,0.78,0.765,0.03,130,809.7,0.22,0.25,24
btc-updown-15m-1762255800,1762255800,240,0.78,0.8,0.79,0.02,863.23,77.85,0.2,0.22,57
btc-updown-15m-1762255800,1762255800,255,0.81,0.85,0.83,0.04,115.8,965.29,0.15,0.19,0
btc-updown-15m-1762255800,1762255800,270,0.8,0.85,0.825,0.05,758,688.07,0.15,0.2,124
btc-updown-15m-1762255800,1762255800,285,0.76,0.79,0.775,0.03,638.6,337.59,0.21,0.24,15
btc-updown-15m-1762255800,1762255800,300,0.77,0.8,0.785,0.03,401,827.28,0.2,0.23,2
btc-updown-15m-1762255800,1762255800,315,0.83,0.85,0.84,0.02,727.4,611.95,0.15,0.17,46
btc-updown-15m-1762255800,1762255800,330,0.81,0.85,0.83,0.04,889.3,397.85,0.15,0.19,212
btc-updown-15m-1762255800,1762255800,345,0.78,0.81,0.795,0.03,670.3,56,0.19,0.22,12
btc-updown-15m-1762255800,1762255800,360,0.78,0.79,0.785,0.01,684.7,377,0.21,0.22,31
btc-updown-15m-1762255800,1762255800,375,0.83,0.85,0.84,0.02,310,122,0.15,0.17,22
btc-updown-15m-1762255800,1762255800,390,0.85,0.87,0.86,0.02,105.3,1081.33,0.13,0.15,0
btc-updown-15m-1762255800,1762255800,405,0.88,0.9,0.89,0.02,346.99,1889,0.1,0.12,14
btc-updown-15m-1762255800,1762255800,420,0.89,0.91,0.9,0.02,92.99,2756.24,0.09,0.11,23
btc-updown-15m-1762255800,1762255800,435,0.88,0.89,0.885,0.01,467.08,1080,0.11,0.12,1
btc-updown-15m-1762255800,1762255800,450,0.9,0.92,0.91,0.02,383.52,3906.24,0.08,0.1,31
btc-updown-15m-1762255800,1762255800,465,0.9,0.93,0.915,0.03,496.33,5225.61,0.07,0.1,19
btc-updown-15m-1762255800,1762255800,480,0.91,0.93,0.92,0.02,1126.67,976.61,0.07,0.09,2
btc-updown-15m-1762255800,1762255800,495,0.93,0.95,0.94,0.02,664,2142.22,0.05,0.07,93
btc-updown-15m-1762255800,1762255800,510,0.92,0.95,0.935,0.03,915.99,2020.63,0.05,0.08,86
btc-updown-15m-1762255800,1762255800,525,0.94,0.95,0.945,0.01,1391.89,1369.6,0.05,0.06,0
btc-updown-15m-1762255800,1762255800,540,0.94,0.96,0.95,0.02,1265.38,3663.94,0.04,0.06,7
btc-updown-15m-1762255800,1762255800,555,0.95,0.97,0.96,0.02,746.29,2008.28,0.03,0.05,166
btc-updown-15m-1762255800,1762255800,570,0.97,0.99,0.98,0.02,513.62,725.59,0.01,0.03,16
btc-updown-15m-1762255800,1762255800,585,0.96,0.98,0.97,0.02,525.36,1243.21,0.02,0.04,178
btc-updown-15m-1762255800,1762255800,600,0.96,0.98,0.97,0.02,198.52,1322.73,0.02,0.04,231
btc-updown-15m-1762255800,1762255800,615,0.96,0.99,0.975,0.03,508.52,969.06,0.01,0.04,164
btc-updown-15m-1762255800,1762255800,630,0.97,0.98,0.975,0.01,305.51,1393.24,0.02,0.03,428
btc-updown-15m-1762255800,1762255800,645,0.96,0.97,0.965,0.01,129.99,2163.08,0.03,0.04,182
btc-updown-15m-1762255800,1762255800,660,0.93,0.95,0.94,0.02,597.49,2073.63,0.05,0.07,196
btc-updown-15m-1762255800,1762255800,675,0.92,0.97,0.945,0.05,1069.51,1994.55,0.03,0.08,28
btc-updown-15m-1762255800,1762255800,690,0.94,0.97,0.955,0.03,1932.59,2167.1,0.03,0.06,1
btc-updown-15m-1762255800,1762255800,705,0.97,0.98,0.975,0.01,1611.01,1661.28,0.02,0.03,132
btc-updown-15m-1762255800,1762255800,720,0.97,0.98,0.975,0.01,1293.35,1771.03,0.02,0.03,36
btc-updown-15m-1762255800,1762255800,735,0.98,0.99,0.985,0.01,608.61,1735.01,0.01,0.02,26
btc-updown-15m-1762255800,1762255800,750,0.98,0.99,0.985,0.01,673.61,373.23,0.01,0.02,71
btc-updown-15m-1762255800,1762255800,765,0.98,0.99,0.985,0.01,641.69,188.38,0.01,0.02,135
btc-updown-15m-1762255800,1762255800,780,0.98,,,,721.86,0,,0.02,211
btc-updown-15m-1762255800,1762255800,795,0.99,,,,800.08,0,,0.01,151
btc-updown-15m-1762255800,1762255800,810,0.99,,,,2159.2,0,,0.01,872
btc-updown-15m-1762255800,1762255800,825,0.99,,,,2259.2,0,,0.01,126
btc-updown-15m-1762255800,1762255800,840,0.99,,,,2368.37,0,,0.01,797
btc-updown-15m-1762255800,1762255800,845,0.99,,,,2368.37,0,,0.01,135
btc-updown-15m-1762255800,1762255800,850,0.99,,,,3291.22,0,,0.01,879
btc-updown-15m-1762255800,1762255800,855,0.99,,,,3291.22,0,,0.01,125
btc-updown-15m-1762255800,1762255800,860,0.99,,,,3271.02,0,,0.01,915
btc-updown-15m-1762255800,1762255800,865,0.99,,,,3271.02,0,,0.01,96
btc-updown-15m-1762255800,1762255800,870,0.99,,,,3291.22,0,,0.01,918
btc-updown-15m-1762255800,1762255800,875,0.99,,,,3276.02,0,,0.01,166
btc-updown-15m-1762255800,1762255800,880,0.99,,,,3293.37,0,,0.01,905
btc-updown-15m-1762255800,1762255800,885,0.99,,,,3613.57,0,,0.01,147
btc-updown-15m-1762255800,1762255800,890,0.99,,,,3613.57,0,,0.01,879
btc-updown-15m-1762255800,1762255800,895,0.99,,,,3618.37,0,,0.01,139
btc-updown-15m-1762255800,1762255800,897,0.99,,,,3688.37,0,,0.01,1001
btc-updown-15m-1762255800,1762255800,899,0.99,,,,4038.37,0,,0.01,595
btc-updown-15m-1762255800,1762255800,900,0.99,,,,4061.37,0,,0.01,131
btc-updown-15m-1762264800,1762264800,0,0.41,0.48,0.445,0.07,142,56.05,0.52,0.59,454
btc-updown-15m-1762264800,1762264800,15,0.41,0.46,0.435,0.05,400.3,23.22,0.54,0.59,4
btc-updown-15m-1762264800,1762264800,30,0.45,0.47,0.46,0.02,32,615,0.53,0.55,6
btc-updown-15m-1762264800,1762264800,45,0.45,0.48,0.465,0.03,894.14,870,0.52,0.55,70
btc-updown-15m-1762264800,1762264800,60,0.48,0.5,0.49,0.02,131.01,50,0.5,0.52,289
btc-updown-15m-1762264800,1762264800,75,0.37,0.4,0.385,0.03,157.22,26,0.6,0.63,1178
btc-updown-15m-1762264800,1762264800,90,0.32,0.34,0.33,0.02,411.4,610.5,0.66,0.68,94
btc-updown-15m-1762264800,1762264800,105,0.25,0.27,0.26,0.02,180.63,636,0.73,0.75,0
btc-updown-15m-1762264800,1762264800,120,0.26,0.27,0.265,0.01,264.5,660,0.73,0.74,5
btc-updown-15m-1762264800,1762264800,135,0.2,0.23,0.215,0.03,168.74,723.33,0.77,0.8,3
btc-updown-15m-1762264800,1762264800,150,0.19,0.21,0.2,0.02,265.32,305.9,0.79,0.81,1
btc-updown-15m-1762264800,1762264800,165,0.2,0.23,0.215,0.03,106.11,748,0.77,0.8,20
btc-updown-15m-1762264800,1762264800,180,0.19,0.22,0.205,0.03,369.99,134.84,0.78,0.81,8
btc-updown-15m-1762264800,1762264800,195,0.21,0.25,0.23,0.04,162.74,692.6,0.75,0.79,38
btc-updown-15m-1762264800,1762264800,210,0.23,0.26,0.245,0.03,56,686.76,0.74,0.77,151
btc-updown-15m-1762264800,1762264800,225,0.17,0.2,0.185,0.03,278.46,737.77,0.8,0.83,55
btc-updown-15m-1762264800,1762264800,240,0.16,0.2,0.18,0.04,216.73,682.66,0.8,0.84,4
btc-updown-15m-1762264800,1762264800,255,0.25,0.26,0.255,0.01,203.82,153.25,0.74,0.75,0
btc-updown-15m-1762264800,1762264800,270,0.32,0.35,0.335,0.03,705,45,0.65,0.68,58
btc-updown-15m-1762264800,1762264800,285,0.34,0.38,0.36,0.04,64,279.13,0.62,0.66,0
btc-updown-15m-1762264800,1762264800,300,0.28,0.32,0.3,0.04,842,680,0.68,0.72,1342
btc-updown-15m-1762264800,1762264800,315,0.41,0.45,0.43,0.04,192,926.18,0.55,0.59,1
btc-updown-15m-1762264800,1762264800,330,0.43,0.48,0.455,0.05,854.81,703,0.52,0.57,77
btc-updown-15m-1762264800,1762264800,345,0.34,0.37,0.355,0.03,822,73.1,0.63,0.66,2
btc-updown-15m-1762264800,1762264800,360,0.39,0.43,0.41,0.04,691,48.37,0.57,0.61,43
btc-updown-15m-1762264800,1762264800,375,0.37,0.4,0.385,0.03,83.57,55,0.6,0.63,1
btc-updown-15m-1762264800,1762264800,390,0.3,0.35,0.325,0.05,101,249.32,0.65,0.7,37
btc-updown-15m-1762264800,1762264800,405,0.45,0.52,0.485,0.07,657,674.38,0.48,0.55,275
btc-updown-15m-1762264800,1762264800,420,0.59,0.64,0.615,0.05,793,879.7,0.36,0.41,1
btc-updown-15m-1762264800,1762264800,435,0.47,0.51,0.49,0.04,243.99,526,0.49,0.53,20
btc-updown-15m-1762264800,1762264800,450,0.67,0.68,0.675,0.01,798,325.69,0.32,0.33,3
btc-updown-15m-1762264800,1762264800,465,0.69,0.72,0.705,0.03,242,343.21,0.28,0.31,59
btc-updown-15m-1762264800,1762264800,480,0.71,0.75,0.73,0.04,656,215.45,0.25,0.29,204
btc-updown-15m-1762264800,1762264800,495,0.62,0.69,0.655,0.07,76,297,0.31,0.38,601
btc-updown-15m-1762264800,1762264800,510,0.61,0.64,0.625,0.03,822.47,112,0.36,0.39,0
btc-updown-15m-1762264800,1762264800,525,0.66,0.71,0.685,0.05,753,320.7,0.29,0.34,196
btc-updown-15m-1762264800,1762264800,540,0.71,0.75,0.73,0.04,226,124.9,0.25,0.29,24
btc-updown-15m-1762264800,1762264800,555,0.65,0.66,0.655,0.01,110,31,0.34,0.35,40
btc-updown-15m-1762264800,1762264800,570,0.62,0.65,0.635,0.03,47,877.9,0.35,0.38,52
btc-updown-15m-1762264800,1762264800,585,0.53,0.55,0.54,0.02,50,709.9,0.45,0.47,12
btc-updown-15m-1762264800,1762264800,600,0.55,0.6,0.575,0.05,750.72,699.48,0.4,0.45,208
btc-updown-15m-1762264800,1762264800,615,0.59,0.64,0.615,0.05,758,793.1,0.36,0.41,48
btc-updown-15m-1762264800,1762264800,630,0.65,0.67,0.66,0.02,136,831.25,0.33,0.35,17
btc-updown-15m-1762264800,1762264800,645,0.75,0.78,0.765,0.03,762,345.47,0.22,0.25,24
btc-updown-15m-1762264800,1762264800,660,0.7,0.75,0.725,0.05,731.86,731.7,0.25,0.3,77
btc-updown-15m-1762264800,1762264800,675,0.54,0.6,0.57,0.06,266.33,749.5,0.4,0.46,3
btc-updown-15m-1762264800,1762264800,690,0.65,0.71,0.68,0.06,664.05,215,0.29,0.35,13
btc-updown-15m-1762264800,1762264800,705,0.78,0.79,0.785,0.01,765,274.16,0.21,0.22,6
btc-updown-15m-1762264800,1762264800,720,0.88,0.9,0.89,0.02,61,857.47,0.1,0.12,1924
btc-updown-15m-1762264800,1762264800,735,0.81,0.85,0.83,0.04,169,685.8,0.15,0.19,91
btc-updown-15m-1762264800,1762264800,750,0.76,0.8,0.78,0.04,139.02,91.09,0.2,0.24,10
btc-updown-15m-1762264800,1762264800,765,0.8,0.83,0.815,0.03,118.02,76,0.17,0.2,20
btc-updown-15m-1762264800,1762264800,780,0.8,0.82,0.81,0.02,681.62,361,0.18,0.2,172
btc-updown-15m-1762264800,1762264800,795,0.83,0.84,0.835,0.01,958.93,683.78,0.16,0.17,1
btc-updown-15m-1762264800,1762264800,810,0.69,0.72,0.705,0.03,214,136,0.28,0.31,12
btc-updown-15m-1762264800,1762264800,825,0.73,0.74,0.735,0.01,142,620,0.26,0.27,8
btc-updown-15m-1762264800,1762264800,840,0.78,0.85,0.815,0.07,667,631,0.15,0.22,6
btc-updown-15m-1762264800,1762264800,845,0.83,0.9,0.865,0.07,622,1690.41,0.1,0.17,0
btc-updown-15m-1762264800,1762264800,850,0.82,0.87,0.845,0.05,626.44,1662.05,0.13,0.18,0
btc-updown-15m-1762264800,1762264800,855,0.71,0.73,0.72,0.02,631,48,0.27,0.29,20
btc-updown-15m-1762264800,1762264800,860,0.76,0.81,0.785,0.05,616,68,0.19,0.24,4
btc-updown-15m-1762264800,1762264800,865,0.76,0.85,0.805,0.09,614.15,691,0.15,0.24,0
btc-updown-15m-1762264800,1762264800,870,0.79,0.85,0.82,0.06,610.15,662.58,0.15,0.21,22
btc-updown-15m-1762264800,1762264800,875,0.77,0.8,0.785,0.03,655,56,0.2,0.23,2
btc-updown-15m-1762264800,1762264800,880,0.72,0.8,0.76,0.08,60,592.25,0.2,0.28,0
btc-updown-15m-1762264800,1762264800,885,0.84,0.92,0.88,0.08,46,33.07,0.08,0.16,12
btc-updown-15m-1762264800,1762264800,890,0.9,0.95,0.925,0.05,26,1331.11,0.05,0.1,0
btc-updown-15m-1762264800,1762264800,895,0.91,0.97,0.94,0.06,26,1639.72,0.03,0.09,2
btc-updown-15m-1762264800,1762264800,897,0.8,0.97,0.885,0.17,66,1664.72,0.03,0.2,16
btc-updown-15m-1762264800,1762264800,899,0.25,0.91,0.58,0.66,21.62,446.17,0.09,0.75,0
btc-updown-15m-1762264800,1762264800,900,0.25,0.79,0.52,0.54,21.62,154.72,0.21,0.75,2
btc-updown-15m-1762272900,1762272900,0,0.54,0.55,0.545,0.01,665.35,32,0.45,0.46,502
btc-updown-15m-1762272900,1762272900,15,0.58,0.61,0.595,0.03,31,117,0.39,0.42,43
btc-updown-15m-1762272900,1762272900,30,0.56,0.58,0.57,0.02,52,641,0.42,0.44,2
btc-updown-15m-1762272900,1762272900,45,0.51,0.54,0.525,0.03,622.25,814.55,0.46,0.49,12
btc-updown-15m-1762272900,1762272900,60,0.52,0.56,0.54,0.04,690,1430.75,0.44,0.48,65
btc-updown-15m-1762272900,1762272900,75,0.47,0.52,0.495,0.05,835.6,1414.19,0.48,0.53,4
btc-updown-15m-1762272900,1762272900,90,0.45,0.48,0.465,0.03,1125.97,386,0.52,0.55,0
btc-updown-15m-1762272900,1762272900,105,0.4,0.42,0.41,0.02,385,571,0.58,0.6,299
btc-updown-15m-1762272900,1762272900,120,0.44,0.47,0.455,0.03,270,278,0.53,0.56,52
btc-updown-15m-1762272900,1762272900,135,0.51,0.53,0.52,0.02,30,563.86,0.47,0.49,2
btc-updown-15m-1762272900,1762272900,150,0.58,0.62,0.6,0.04,956,1233.21,0.38,0.42,0
btc-updown-15m-1762272900,1762272900,165,0.55,0.58,0.565,0.03,905,542.66,0.42,0.45,83
btc-updown-15m-1762272900,1762272900,180,0.45,0.48,0.465,0.03,885,254,0.52,0.55,26
btc-updown-15m-1762272900,1762272900,195,0.4,0.43,0.415,0.03,1254.6,661,0.57,0.6,1
btc-updown-15m-1762272900,1762272900,210,0.4,0.43,0.415,0.03,870,895,0.57,0.6,0
btc-updown-15m-1762272900,1762272900,225,0.34,0.37,0.355,0.03,525,385.9,0.63,0.66,5
btc-updown-15m-1762272900,1762272900,240,0.23,0.26,0.245,0.03,610.89,910.76,0.74,0.77,0
btc-updown-15m-1762272900,1762272900,255,0.32,0.36,0.34,0.04,942.75,225.68,0.64,0.68,3
btc-updown-15m-1762272900,1762272900,270,0.35,0.38,0.365,0.03,968,473,0.62,0.65,17
btc-updown-15m-1762272900,1762272900,285,0.31,0.34,0.325,0.03,922,276.42,0.66,0.69,0
btc-updown-15m-1762272900,1762272900,300,0.28,0.31,0.295,0.03,861,1083.32,0.69,0.72,1
btc-updown-15m-1762272900,1762272900,315,0.19,0.21,0.2,0.02,295,244,0.79,0.81,3
btc-updown-15m-1762272900,1762272900,330,0.16,0.19,0.175,0.03,692.94,820.7,0.81,0.84,3
btc-updown-15m-1762272900,1762272900,345,0.1,0.12,0.11,0.02,1671,818.97,0.88,0.9,18
btc-updown-15m-1762272900,1762272900,360,0.11,0.12,0.115,0.01,1386,798.4,0.88,0.89,4
btc-updown-15m-1762272900,1762272900,375,0.08,0.1,0.09,0.02,3415.21,129.2,0.9,0.92,75
btc-updown-15m-1762272900,1762272900,390,0.08,0.11,0.095,0.03,2975.92,1047.48,0.89,0.92,68
btc-updown-15m-1762272900,1762272900,405,0.07,0.1,0.085,0.03,4361.37,1096.78,0.9,0.93,70
btc-updown-15m-1762272900,1762272900,420,0.08,0.1,0.09,0.02,1425.75,1184.5,0.9,0.92,103
btc-updown-15m-1762272900,1762272900,435,0.06,0.08,0.07,0.02,2609.23,1058.75,0.92,0.94,5
btc-updown-15m-1762272900,1762272900,450,0.05,0.08,0.065,0.03,4047.12,1112.75,0.92,0.95,110
btc-updown-15m-1762272900,1762272900,465,0.05,0.08,0.065,0.03,3777.6,866.15,0.92,0.95,142
btc-updown-15m-1762272900,1762272900,480,0.09,0.11,0.1,0.02,1233.5,762,0.89,0.91,72
btc-updown-15m-1762272900,1762272900,495,0.08,0.1,0.09,0.02,1241.5,96.3,0.9,0.92,0
btc-updown-15m-1762272900,1762272900,510,0.07,0.09,0.08,0.02,1979.17,1127.1,0.91,0.93,34
btc-updown-15m-1762272900,1762272900,525,0.06,0.09,0.075,0.03,2748.93,650.8,0.91,0.94,25
btc-updown-15m-1762272900,1762272900,540,0.06,0.09,0.075,0.03,3281.59,396.88,0.91,0.94,1
btc-updown-15m-1762272900,1762272900,555,0.03,0.06,0.045,0.03,12030.97,864.5,0.94,0.97,1
btc-updown-15m-1762272900,1762272900,570,0.03,0.04,0.035,0.01,9198.46,847.47,0.96,0.97,3
btc-updown-15m-1762272900,1762272900,585,0.02,0.05,0.035,0.03,8764.94,3420.72,0.95,0.98,3
btc-updown-15m-1762272900,1762272900,600,0.04,0.07,0.055,0.03,3182.06,2138.36,0.93,0.96,57
btc-updown-15m-1762272900,1762272900,615,0.13,0.14,0.135,0.01,523.03,586.04,0.86,0.87,23
btc-updown-15m-1762272900,1762272900,630,0.15,0.18,0.165,0.03,345,696.2,0.82,0.85,1
btc-updown-15m-1762272900,1762272900,645,0.15,0.16,0.155,0.01,292.75,132.3,0.84,0.85,0
btc-updown-15m-1762272900,1762272900,660,0.15,0.2,0.175,0.05,567.46,938.41,0.8,0.85,7
btc-updown-15m-1762272900,1762272900,675,0.06,0.09,0.075,0.03,1390.31,703.1,0.91,0.94,3
btc-updown-15m-1762272900,1762272900,690,0.03,0.06,0.045,0.03,7568.25,525,0.94,0.97,87
btc-updown-15m-1762272900,1762272900,705,0.02,0.06,0.04,0.04,6528.19,324,0.94,0.98,37
btc-updown-15m-1762272900,1762272900,720,0.02,0.05,0.035,0.03,7785.63,278.45,0.95,0.98,98
btc-updown-15m-1762272900,1762272900,735,0.1,0.12,0.11,0.02,513.44,962.5,0.88,0.9,5
btc-updown-15m-1762272900,1762272900,750,0.05,0.09,0.07,0.04,1025.78,1199,0.91,0.95,7
btc-updown-15m-1762272900,1762272900,765,0.05,0.09,0.07,0.04,1870.45,314,0.91,0.95,12
btc-updown-15m-1762272900,1762272900,780,0.02,0.04,0.03,0.02,5730.32,228.2,0.96,0.98,4
btc-updown-15m-1762272900,1762272900,795,0.06,0.09,0.075,0.03,560.15,736,0.91,0.94,4
btc-updown-15m-1762272900,1762272900,810,0.02,0.06,0.04,0.04,5877.85,319.23,0.94,0.98,3
btc-updown-15m-1762272900,1762272900,825,0.03,0.04,0.035,0.01,5636.05,68.98,0.96,0.97,180
btc-updown-15m-1762272900,1762272900,840,0.02,0.05,0.035,0.03,6590.47,148.95,0.95,0.98,6
btc-updown-15m-1762272900,1762272900,845,0.02,0.04,0.03,0.02,4855.25,183.95,0.96,0.98,4
btc-updown-15m-1762272900,1762272900,850,0.01,0.04,0.025,0.03,1465.14,253.95,0.96,0.99,106
btc-updown-15m-1762272900,1762272900,855,0.01,0.02,0.015,0.01,157.19,449.26,0.98,0.99,0
btc-updown-15m-1762272900,1762272900,860,,0.01,,,0,1200.03,0.99,,460
btc-updown-15m-1762272900,1762272900,865,,0.01,,,0,1039.72,0.99,,579
btc-updown-15m-1762272900,1762272900,870,,0.01,,,0,2677.36,0.99,,836
btc-updown-15m-1762272900,1762272900,875,,0.01,,,0,2682.36,0.99,,734
btc-updown-15m-1762272900,1762272900,880,,0.01,,,0,2756.63,0.99,,795
btc-updown-15m-1762272900,1762272900,885,,0.01,,,0,2756.63,0.99,,5795
btc-updown-15m-1762272900,1762272900,890,,0.01,,,0,2756.63,0.99,,795
btc-updown-15m-1762272900,1762272900,895,,0.01,,,0,2781.63,0.99,,3629
btc-updown-15m-1762272900,1762272900,897,,0.01,,,0,2781.63,0.99,,1836
btc-updown-15m-1762272900,1762272900,899,,0.01,,,0,3271.63,0.99,,95
btc-updown-15m-1762272900,1762272900,900,,0.01,,,0,3271.63,0.99,,797
btc-updown-15m-1762281900,1762281900,0,0.51,0.52,0.515,0.01,352.92,89.3,0.48,0.49,1274
btc-updown-15m-1762281900,1762281900,15,0.4,0.44,0.42,0.04,102.91,66,0.56,0.6,46
btc-updown-15m-1762281900,1762281900,30,0.37,0.41,0.39,0.04,171.28,60,0.59,0.63,213
btc-updown-15m-1762281900,1762281900,45,0.33,0.39,0.36,0.06,368.39,116,0.61,0.67,20
btc-updown-15m-1762281900,1762281900,60,0.33,0.35,0.34,0.02,75,134.41,0.65,0.67,1
btc-updown-15m-1762281900,1762281900,75,0.34,0.38,0.36,0.04,218,315,0.62,0.66,6
btc-updown-15m-1762281900,1762281900,90,0.38,0.41,0.395,0.03,616.43,85,0.59,0.62,1
btc-updown-15m-1762281900,1762281900,105,0.36,0.38,0.37,0.02,47.81,570,0.62,0.64,1
btc-updown-15m-1762281900,1762281900,120,0.3,0.33,0.315,0.03,644.2,560,0.67,0.7,7
btc-updown-15m-1762281900,1762281900,135,0.27,0.31,0.29,0.04,2008.04,556,0.69,0.73,4
btc-updown-15m-1762281900,1762281900,150,0.32,0.35,0.335,0.03,676.76,551.52,0.65,0.68,1
btc-updown-15m-1762281900,1762281900,165,0.28,0.3,0.29,0.02,97,536.52,0.7,0.72,93
btc-updown-15m-1762281900,1762281900,180,0.25,0.27,0.26,0.02,1638,570.59,0.73,0.75,12
btc-updown-15m-1762281900,1762281900,195,0.22,0.25,0.235,0.03,959.41,345,0.75,0.78,29
btc-updown-15m-1762281900,1762281900,210,0.23,0.24,0.235,0.01,382.35,111,0.76,0.77,2
btc-updown-15m-1762281900,1762281900,225,0.26,0.3,0.28,0.04,187,161,0.7,0.74,6
btc-updown-15m-1762281900,1762281900,240,0.25,0.26,0.255,0.01,258.1,45,0.74,0.75,16
btc-updown-15m-1762281900,1762281900,255,0.12,0.16,0.14,0.04,727.27,230.98,0.84,0.88,1
btc-updown-15m-1762281900,1762281900,270,0.1,0.11,0.105,0.01,552.8,102.18,0.89,0.9,10
btc-updown-15m-1762281900,1762281900,285,0.1,0.12,0.11,0.02,409.17,270.99,0.88,0.9,8
btc-updown-15m-1762281900,1762281900,300,0.08,0.11,0.095,0.03,2690,793.72,0.89,0.92,8
btc-updown-15m-1762281900,1762281900,315,0.16,0.18,0.17,0.02,185.24,885,0.82,0.84,13
btc-updown-15m-1762281900,1762281900,330,0.17,0.2,0.185,0.03,105.12,1023.8,0.8,0.83,10
btc-updown-15m-1762281900,1762281900,345,0.13,0.18,0.155,0.05,173,938.2,0.82,0.87,0
btc-updown-15m-1762281900,1762281900,360,0.16,0.19,0.175,0.03,351,486.93,0.81,0.84,2
btc-updown-15m-1762281900,1762281900,375,0.24,0.27,0.255,0.03,437.88,105,0.73,0.76,3
btc-updown-15m-1762281900,1762281900,390,0.25,0.28,0.265,0.03,591,804.19,0.72,0.75,8
btc-updown-15m-1762281900,1762281900,405,0.27,0.28,0.275,0.01,156.91,773.66,0.72,0.73,2
btc-updown-15m-1762281900,1762281900,420,0.19,0.24,0.215,0.05,948,721.3,0.76,0.81,0
btc-updown-15m-1762281900,1762281900,435,0.23,0.26,0.245,0.03,224.46,306,0.74,0.77,9
btc-updown-15m-1762281900,1762281900,450,0.28,0.3,0.29,0.02,519,98,0.7,0.72,5
btc-updown-15m-1762281900,1762281900,465,0.23,0.26,0.245,0.03,815,414.27,0.74,0.77,0
btc-updown-15m-1762281900,1762281900,480,0.24,0.28,0.26,0.04,631,686.67,0.72,0.76,15
btc-updown-15m-1762281900,1762281900,495,0.16,0.19,0.175,0.03,78,591,0.81,0.84,0
btc-updown-15m-1762281900,1762281900,510,0.15,0.19,0.17,0.04,848.75,618,0.81,0.85,15
btc-updown-15m-1762281900,1762281900,525,0.24,0.28,0.26,0.04,530.24,562,0.72,0.76,0
btc-updown-15m-1762281900,1762281900,540,0.26,0.3,0.28,0.04,441,819.69,0.7,0.74,9
btc-updown-15m-1762281900,1762281900,555,0.27,0.29,0.28,0.02,924.71,154.26,0.71,0.73,0
btc-updown-15m-1762281900,1762281900,570,0.4,0.44,0.42,0.04,558,779,0.56,0.6,0
btc-updown-15m-1762281900,1762281900,585,0.53,0.59,0.56,0.06,162.1,51,0.41,0.47,4
btc-updown-15m-1762281900,1762281900,600,0.55,0.59,0.57,0.04,503.53,122.7,0.41,0.45,3
btc-updown-15m-1762281900,1762281900,615,0.43,0.51,0.47,0.08,81,499.35,0.49,0.57,51
btc-updown-15m-1762281900,1762281900,630,0.43,0.46,0.445,0.03,883.47,34.92,0.54,0.57,8
btc-updown-15m-1762281900,1762281900,645,0.44,0.49,0.465,0.05,631.67,177.9,0.51,0.56,5
btc-updown-15m-1762281900,1762281900,660,0.38,0.42,0.4,0.04,926.9,35,0.58,0.62,0
btc-updown-15m-1762281900,1762281900,675,0.38,0.41,0.395,0.03,763.93,163.81,0.59,0.62,3
btc-updown-15m-1762281900,1762281900,690,0.32,0.38,0.35,0.06,179.52,162,0.62,0.68,9
btc-updown-15m-1762281900,1762281900,705,0.29,0.35,0.32,0.06,848,241,0.65,0.71,1
btc-updown-15m-1762281900,1762281900,720,0.23,0.3,0.265,0.07,782.8,365.43,0.7,0.77,44
btc-updown-15m-1762281900,1762281900,735,0.28,0.35,0.315,0.07,155,312.37,0.65,0.72,20
btc-updown-15m-1762281900,1762281900,750,0.3,0.37,0.335,0.07,98,480.5,0.63,0.7,29
btc-updown-15m-1762281900,1762281900,765,0.52,0.55,0.535,0.03,237,117.62,0.45,0.48,5
btc-updown-15m-1762281900,1762281900,780,0.53,0.64,0.585,0.11,65.8,847,0.36,0.47,5
btc-updown-15m-1762281900,1762281900,795,0.8,0.83,0.815,0.03,253,765.4,0.17,0.2,27
btc-updown-15m-1762281900,1762281900,810,0.83,0.88,0.855,0.05,82,5665.13,0.12,0.17,4
btc-updown-15m-1762281900,1762281900,825,0.83,0.87,0.85,0.04,172,5232.84,0.13,0.17,0
btc-updown-15m-1762281900,1762281900,840,0.8,0.85,0.825,0.05,141,18.11,0.15,0.2,45
btc-updown-15m-1762281900,1762281900,845,0.83,0.9,0.865,0.07,34.11,13612.61,0.1,0.17,35
btc-updown-15m-1762281900,1762281900,850,0.82,0.88,0.85,0.06,42,8588.99,0.12,0.18,3
btc-updown-15m-1762281900,1762281900,855,0.83,0.9,0.865,0.07,58.14,210,0.1,0.17,0
btc-updown-15m-1762281900,1762281900,860,0.79,0.82,0.805,0.03,35,100,0.18,0.21,1
btc-updown-15m-1762281900,1762281900,865,0.8,0.89,0.845,0.09,424.38,18.87,0.11,0.2,8
btc-updown-15m-1762281900,1762281900,870,0.86,0.92,0.89,0.06,444.38,326,0.08,0.14,266
btc-updown-15m-1762281900,1762281900,875,0.85,0.94,0.895,0.09,905.31,540.93,0.06,0.15,53
btc-updown-15m-1762281900,1762281900,880,0.89,0.94,0.915,0.05,33,302.4,0.06,0.11,9
btc-updown-15m-1762281900,1762281900,885,0.89,0.96,0.925,0.07,79,1284.29,0.04,0.11,12
btc-updown-15m-1762281900,1762281900,890,0.92,0.97,0.945,0.05,546.92,2913.32,0.03,0.08,18
btc-updown-15m-1762281900,1762281900,895,0.98,0.99,0.985,0.01,1385,964,0.01,0.02,113
btc-updown-15m-1762281900,1762281900,897,0.98,0.99,0.985,0.01,1980.03,753.67,0.01,0.02,807
btc-updown-15m-1762281900,1762281900,899,0.99,,,,1674,0,,0.01,414
btc-updown-15m-1762281900,1762281900,900,0.99,,,,2185,0,,0.01,394
btc-updown-15m-1762290000,1762290000,0,0.52,0.54,0.53,0.02,122.08,137,0.46,0.48,290
btc-updown-15m-1762290000,1762290000,15,0.46,0.53,0.495,0.07,81,153,0.47,0.54,2
btc-updown-15m-1762290000,1762290000,30,0.48,0.49,0.485,0.01,73.04,317.39,0.51,0.52,5
btc-updown-15m-1762290000,1762290000,45,0.46,0.51,0.485,0.05,740.32,200,0.49,0.54,2
btc-updown-15m-1762290000,1762290000,60,0.49,0.51,0.5,0.02,350,35,0.49,0.51,5
btc-updown-15m-1762290000,1762290000,75,0.36,0.39,0.375,0.03,693.93,136.12,0.61,0.64,59
btc-updown-15m-1762290000,1762290000,90,0.34,0.39,0.365,0.05,26.05,628.7,0.61,0.66,16
btc-updown-15m-1762290000,1762290000,105,0.31,0.35,0.33,0.04,122.22,401,0.65,0.69,7
btc-updown-15m-1762290000,1762290000,120,0.3,0.35,0.325,0.05,735.8,397,0.65,0.7,6
btc-updown-15m-1762290000,1762290000,135,0.31,0.35,0.33,0.04,525.6,215,0.65,0.69,10
btc-updown-15m-1762290000,1762290000,150,0.25,0.26,0.255,0.01,48.66,221,0.74,0.75,24
btc-updown-15m-1762290000,1762290000,165,0.21,0.24,0.225,0.03,148.78,227.66,0.76,0.79,9
btc-updown-15m-1762290000,1762290000,180,0.23,0.27,0.25,0.04,247.47,334.64,0.73,0.77,2
btc-updown-15m-1762290000,1762290000,195,0.28,0.32,0.3,0.04,173.13,355,0.68,0.72,4
btc-updown-15m-1762290000,1762290000,210,0.33,0.36,0.345,0.03,436.2,761,0.64,0.67,51
btc-updown-15m-1762290000,1762290000,225,0.38,0.42,0.4,0.04,137,336,0.58,0.62,27
btc-updown-15m-1762290000,1762290000,240,0.42,0.47,0.445,0.05,828.7,406,0.53,0.58,35
btc-updown-15m-1762290000,1762290000,255,0.36,0.38,0.37,0.02,116,519.12,0.62,0.64,1
btc-updown-15m-1762290000,1762290000,270,0.38,0.42,0.4,0.04,628.6,92,0.58,0.62,7
btc-updown-15m-1762290000,1762290000,285,0.56,0.62,0.59,0.06,51.45,554.47,0.38,0.44,3
btc-updown-15m-1762290000,1762290000,300,0.55,0.57,0.56,0.02,460.75,70.94,0.43,0.45,6
btc-updown-15m-1762290000,1762290000,315,0.37,0.4,0.385,0.03,185,114.6,0.6,0.63,0
btc-updown-15m-1762290000,1762290000,330,0.34,0.37,0.355,0.03,56,67.6,0.63,0.66,6
btc-updown-15m-1762290000,1762290000,345,0.29,0.3,0.295,0.01,219,98,0.7,0.71,5
btc-updown-15m-1762290000,1762290000,360,0.2,0.23,0.215,0.03,30.99,412,0.77,0.8,0
btc-updown-15m-1762290000,1762290000,375,0.25,0.29,0.27,0.04,587.77,21,0.71,0.75,9
btc-updown-15m-1762290000,1762290000,390,0.24,0.28,0.26,0.04,91,75,0.72,0.76,5
btc-updown-15m-1762290000,1762290000,405,0.2,0.24,0.22,0.04,253.53,86,0.76,0.8,3
btc-updown-15m-1762290000,1762290000,420,0.18,0.21,0.195,0.03,468,76,0.79,0.82,1
btc-updown-15m-1762290000,1762290000,435,0.22,0.24,0.23,0.02,278.91,210,0.76,0.78,8
btc-updown-15m-1762290000,1762290000,450,0.21,0.24,0.225,0.03,373,201,0.76,0.79,6
btc-updown-15m-1762290000,1762290000,465,0.19,0.24,0.215,0.05,393.76,257.92,0.76,0.81,1
btc-updown-15m-1762290000,1762290000,480,0.23,0.26,0.245,0.03,488,319,0.74,0.77,57
btc-updown-15m-1762290000,1762290000,495,0.28,0.29,0.285,0.01,117,492.65,0.71,0.72,0
btc-updown-15m-1762290000,1762290000,510,0.25,0.28,0.265,0.03,785.04,336,0.72,0.75,29
btc-updown-15m-1762290000,1762290000,525,0.18,0.22,0.2,0.04,680,337,0.78,0.82,13
btc-updown-15m-1762290000,1762290000,540,0.15,0.2,0.175,0.05,965.66,611,0.8,0.85,6
btc-updown-15m-1762290000,1762290000,555,0.28,0.32,0.3,0.04,800,556,0.68,0.72,1
btc-updown-15m-1762290000,1762290000,570,0.27,0.31,0.29,0.04,815,307,0.69,0.73,27
btc-updown-15m-1762290000,1762290000,585,0.29,0.33,0.31,0.04,281,62,0.67,0.71,1
btc-updown-15m-1762290000,1762290000,600,0.19,0.21,0.2,0.02,1013.81,71,0.79,0.81,10
btc-updown-15m-1762290000,1762290000,615,0.18,0.2,0.19,0.02,29.65,524.5,0.8,0.82,4
btc-updown-15m-1762290000,1762290000,630,0.19,0.25,0.22,0.06,910.08,610,0.75,0.81,19
btc-updown-15m-1762290000,1762290000,645,0.18,0.22,0.2,0.04,640,92,0.78,0.82,17
btc-updown-15m-1762290000,1762290000,660,0.25,0.3,0.275,0.05,748.53,339.55,0.7,0.75,19
btc-updown-15m-1762290000,1762290000,675,0.23,0.26,0.245,0.03,308.84,26,0.74,0.77,10
btc-updown-15m-1762290000,1762290000,690,0.13,0.18,0.155,0.05,1335,40,0.82,0.87,0
btc-updown-15m-1762290000,1762290000,705,0.08,0.11,0.095,0.03,3139,46,0.89,0.92,18
btc-updown-15m-1762290000,1762290000,720,0.08,0.12,0.1,0.04,2739.91,100.6,0.88,0.92,12
btc-updown-15m-1762290000,1762290000,735,0.12,0.17,0.145,0.05,1607.61,217.11,0.83,0.88,3
btc-updown-15m-1762290000,1762290000,750,0.07,0.12,0.095,0.05,1344.47,77,0.88,0.93,4
btc-updown-15m-1762290000,1762290000,765,0.07,0.09,0.08,0.02,1071.42,93.16,0.91,0.93,4
btc-updown-15m-1762290000,1762290000,780,0.09,0.12,0.105,0.03,1323.36,141.46,0.88,0.91,12
btc-updown-15m-1762290000,1762290000,795,0.05,0.06,0.055,0.01,609,35,0.94,0.95,1
btc-updown-15m-1762290000,1762290000,810,0.06,0.11,0.085,0.05,1619.89,26,0.89,0.94,1
btc-updown-15m-1762290000,1762290000,825,0.09,0.11,0.1,0.02,300,219.14,0.89,0.91,8
btc-updown-15m-1762290000,1762290000,840,0.09,0.13,0.11,0.04,568.54,25,0.87,0.91,15
btc-updown-15m-1762290000,1762290000,845,0.09,0.1,0.095,0.01,25,176,0.9,0.91,1
btc-updown-15m-1762290000,1762290000,850,0.03,0.08,0.055,0.05,2358.56,81.28,0.92,0.97,25
btc-updown-15m-1762290000,1762290000,855,0.03,0.05,0.04,0.02,2551.49,57.28,0.95,0.97,2
btc-updown-15m-1762290000,1762290000,860,0.02,0.08,0.05,0.06,2173.32,572.11,0.92,0.98,8
btc-updown-15m-1762290000,1762290000,865,0.01,0.06,0.035,0.05,1929.15,320.61,0.94,0.99,15
btc-updown-15m-1762290000,1762290000,870,0.01,0.05,0.03,0.04,1929.15,1776.38,0.95,0.99,359
btc-updown-15m-1762290000,1762290000,875,0.01,0.02,0.015,0.01,1202.53,1942.47,0.98,0.99,0
btc-updown-15m-1762290000,1762290000,880,,0.01,,,0,216.44,0.99,,5
btc-updown-15m-1762290000,1762290000,885,,0.01,,,0,4577.03,0.99,,7
btc-updown-15m-1762290000,1762290000,890,,0.01,,,0,4357.06,0.99,,2
btc-updown-15m-1762290000,1762290000,895,,0.01,,,0,4361.59,0.99,,23
btc-updown-15m-1762290000,1762290000,897,,0.01,,,0,4361.59,0.99,,31
btc-updown-15m-1762290000,1762290000,899,,0.01,,,0,4224.68,0.99,,15
btc-updown-15m-1762290000,1762290000,900,,0.01,,,0,4215.68,0.99,,5
btc-updown-15m-1762299000,1762299000,0,0.49,0.51,0.5,0.02,433.69,880.51,0.49,0.51,2383
btc-updown-15m-1762299000,1762299000,15,0.37,0.39,0.38,0.02,86,148.5,0.61,0.63,1
btc-updown-15m-1762299000,1762299000,30,0.43,0.47,0.45,0.04,95,101,0.53,0.57,19
btc-updown-15m-1762299000,1762299000,45,0.4,0.42,0.41,0.02,102,132.99,0.58,0.6,23
btc-updown-15m-1762299000,1762299000,60,0.34,0.35,0.345,0.01,117.53,222,0.65,0.66,0
btc-updown-15m-1762299000,1762299000,75,0.33,0.36,0.345,0.03,131,111,0.64,0.67,21
btc-updown-15m-1762299000,1762299000,90,0.42,0.44,0.43,0.02,55,104.99,0.56,0.58,6
btc-updown-15m-1762299000,1762299000,105,0.42,0.47,0.445,0.05,219,354.18,0.53,0.58,26
btc-updown-15m-1762299000,1762299000,120,0.4,0.42,0.41,0.02,87,60,0.58,0.6,30
btc-updown-15m-1762299000,1762299000,135,0.42,0.47,0.445,0.05,223,343.18,0.53,0.58,25
btc-updown-15m-1762299000,1762299000,150,0.38,0.41,0.395,0.03,341,258.34,0.59,0.62,12
btc-updown-15m-1762299000,1762299000,165,0.36,0.41,0.385,0.05,265.3,65.09,0.59,0.64,8
btc-updown-15m-1762299000,1762299000,180,0.39,0.44,0.415,0.05,527,162.19,0.56,0.61,3
btc-updown-15m-1762299000,1762299000,195,0.39,0.4,0.395,0.01,77,58,0.6,0.61,3
btc-updown-15m-1762299000,1762299000,210,0.37,0.4,0.385,0.03,300,181,0.6,0.63,7
btc-updown-15m-1762299000,1762299000,225,0.32,0.37,0.345,0.05,355.09,175.98,0.63,0.68,11
btc-updown-15m-1762299000,1762299000,240,0.3,0.32,0.31,0.02,68.73,130,0.68,0.7,57
btc-updown-15m-1762299000,1762299000,255,0.35,0.38,0.365,0.03,40,169,0.62,0.65,22
btc-updown-15m-1762299000,1762299000,270,0.32,0.34,0.33,0.02,550,149.24,0.66,0.68,18
btc-updown-15m-1762299000,1762299000,285,0.28,0.3,0.29,0.02,47,137.77,0.7,0.72,102
btc-updown-15m-1762299000,1762299000,300,0.29,0.32,0.305,0.03,87,81.55,0.68,0.71,70
btc-updown-15m-1762299000,1762299000,315,0.43,0.48,0.455,0.05,72,571.58,0.52,0.57,140
btc-updown-15m-1762299000,1762299000,330,0.39,0.42,0.405,0.03,47,175.02,0.58,0.61,4
btc-updown-15m-1762299000,1762299000,345,0.43,0.47,0.45,0.04,80,433.87,0.53,0.57,2
btc-updown-15m-1762299000,1762299000,360,0.45,0.48,0.465,0.03,250,119.77,0.52,0.55,0
btc-updown-15m-1762299000,1762299000,375,0.38,0.41,0.395,0.03,112,66.71,0.59,0.62,3
btc-updown-15m-1762299000,1762299000,390,0.47,0.5,0.485,0.03,96.86,750.07,0.5,0.53,24
btc-updown-15m-1762299000,1762299000,405,0.46,0.49,0.475,0.03,85,111.87,0.51,0.54,118
btc-updown-15m-1762299000,1762299000,420,0.46,0.48,0.47,0.02,47.85,239.3,0.52,0.54,22
btc-updown-15m-1762299000,1762299000,435,0.43,0.47,0.45,0.04,95.47,337.1,0.53,0.57,502
btc-updown-15m-1762299000,1762299000,450,0.41,0.46,0.435,0.05,92,303.1,0.54,0.59,9
btc-updown-15m-1762299000,1762299000,465,0.56,0.6,0.58,0.04,106.95,162.24,0.4,0.44,5
btc-updown-15m-1762299000,1762299000,480,0.6,0.63,0.615,0.03,67,284.77,0.37,0.4,57
btc-updown-15m-1762299000,1762299000,495,0.53,0.56,0.545,0.03,68,316.46,0.44,0.47,9
btc-updown-15m-1762299000,1762299000,510,0.41,0.46,0.435,0.05,318,52,0.54,0.59,10
btc-updown-15m-1762299000,1762299000,525,0.38,0.45,0.415,0.07,147,338.58,0.55,0.62,6
btc-updown-15m-1762299000,1762299000,540,0.46,0.5,0.48,0.04,186,63,0.5,0.54,7
btc-updown-15m-1762299000,1762299000,555,0.34,0.38,0.36,0.04,295.5,48,0.62,0.66,3
btc-updown-15m-1762299000,1762299000,570,0.44,0.51,0.475,0.07,57,96,0.49,0.56,19
btc-updown-15m-1762299000,1762299000,585,0.35,0.38,0.365,0.03,114,69.14,0.62,0.65,12
btc-updown-15m-1762299000,1762299000,600,0.39,0.45,0.42,0.06,106.72,52,0.55,0.61,54
btc-updown-15m-1762299000,1762299000,615,0.36,0.41,0.385,0.05,42,113,0.59,0.64,0
btc-updown-15m-1762299000,1762299000,630,0.39,0.44,0.415,0.05,66,184.6,0.56,0.61,17
btc-updown-15m-1762299000,1762299000,645,0.35,0.4,0.375,0.05,108.14,32,0.6,0.65,17
btc-updown-15m-1762299000,1762299000,660,0.36,0.41,0.385,0.05,234.98,75,0.59,0.64,227
btc-updown-15m-1762299000,1762299000,675,0.34,0.38,0.36,0.04,81.02,46,0.62,0.66,6
btc-updown-15m-1762299000,1762299000,690,0.49,0.55,0.52,0.06,68,183.1,0.45,0.51,18
btc-updown-15m-1762299000,1762299000,705,0.49,0.51,0.5,0.02,283.96,203,0.49,0.51,5
btc-updown-15m-1762299000,1762299000,720,0.58,0.66,0.62,0.08,123,47,0.34,0.42,1
btc-updown-15m-1762299000,1762299000,735,0.76,0.8,0.78,0.04,27,321.4,0.2,0.24,11
btc-updown-15m-1762299000,1762299000,750,0.78,0.86,0.82,0.08,130.34,125.8,0.14,0.22,27
btc-updown-15m-1762299000,1762299000,765,0.9,0.95,0.925,0.05,26.21,724.8,0.05,0.1,7
btc-updown-15m-1762299000,1762299000,780,0.86,0.95,0.905,0.09,300,665.78,0.05,0.14,40
btc-updown-15m-1762299000,1762299000,795,0.88,0.94,0.91,0.06,129.25,280.53,0.06,0.12,8
btc-updown-15m-1762299000,1762299000,810,0.88,0.96,0.92,0.08,160,3706.39,0.04,0.12,6
btc-updown-15m-1762299000,1762299000,825,0.9,0.96,0.93,0.06,1012.86,3455.53,0.04,0.1,3
btc-updown-15m-1762299000,1762299000,840,0.92,0.95,0.935,0.03,1004.86,608.69,0.05,0.08,15
btc-updown-15m-1762299000,1762299000,845,0.86,0.96,0.91,0.1,52,878.25,0.04,0.14,4
btc-updown-15m-1762299000,1762299000,850,0.9,0.97,0.935,0.07,49,1179.68,0.03,0.1,5
btc-updown-15m-1762299000,1762299000,855,0.95,0.97,0.96,0.02,35.7,928.18,0.03,0.05,7
btc-updown-15m-1762299000,1762299000,860,0.91,0.99,0.95,0.08,17,565.44,0.01,0.09,63
btc-updown-15m-1762299000,1762299000,865,0.99,,,,541.46,0,,0.01,269
btc-updown-15m-1762299000,1762299000,870,0.99,,,,821.46,0,,0.01,598
btc-updown-15m-1762299000,1762299000,875,0.99,,,,899.46,0,,0.01,650
btc-updown-15m-1762299000,1762299000,880,0.99,,,,899.46,0,,0.01,643
btc-updown-15m-1762299000,1762299000,885,0.99,,,,969.97,0,,0.01,646
btc-updown-15m-1762299000,1762299000,890,0.99,,,,969.97,0,,0.01,603
btc-updown-15m-1762299000,1762299000,895,0.99,,,,969.97,0,,0.01,645
btc-updown-15m-1762299000,1762299000,897,0.99,,,,2014.91,0,,0.01,1313
btc-updown-15m-1762299000,1762299000,899,0.99,,,,2028.91,0,,0.01,246
btc-updown-15m-1762299000,1762299000,900,0.99,,,,3528.91,0,,0.01,824
btc-updown-15m-1762307100,1762307100,0,0.49,0.51,0.5,0.02,1149.16,428.06,0.49,0.51,68
btc-updown-15m-1762307100,1762307100,15,0.49,0.52,0.505,0.03,1011.8,153,0.48,0.51,8
btc-updown-15m-1762307100,1762307100,30,0.5,0.57,0.535,0.07,153,69,0.43,0.5,34
btc-updown-15m-1762307100,1762307100,45,0.57,0.59,0.58,0.02,149,437.63,0.41,0.43,89
btc-updown-15m-1762307100,1762307100,60,0.58,0.62,0.6,0.04,137.5,486.42,0.38,0.42,1
btc-updown-15m-1762307100,1762307100,75,0.63,0.64,0.635,0.01,163.79,168.2,0.36,0.37,49
btc-updown-15m-1762307100,1762307100,90,0.65,0.69,0.67,0.04,121,178.2,0.31,0.35,2
btc-updown-15m-1762307100,1762307100,105,0.71,0.73,0.72,0.02,350,732.7,0.27,0.29,737
btc-updown-15m-1762307100,1762307100,120,0.71,0.74,0.725,0.03,90,55,0.26,0.29,25
btc-updown-15m-1762307100,1762307100,135,0.75,0.79,0.77,0.04,91,156,0.21,0.25,9
btc-updown-15m-1762307100,1762307100,150,0.79,0.82,0.805,0.03,65,95,0.18,0.21,26
btc-updown-15m-1762307100,1762307100,165,0.82,0.85,0.835,0.03,312,1533,0.15,0.18,67
btc-updown-15m-1762307100,1762307100,180,0.82,0.85,0.835,0.03,306,1111.32,0.15,0.18,0
btc-updown-15m-1762307100,1762307100,195,0.8,0.85,0.825,0.05,61,1006.22,0.15,0.2,3
btc-updown-15m-1762307100,1762307100,210,0.8,0.85,0.825,0.05,208,820,0.15,0.2,32
btc-updown-15m-1762307100,1762307100,225,0.85,0.89,0.87,0.04,332,938.59,0.11,0.15,19
btc-updown-15m-1762307100,1762307100,240,0.88,0.92,0.9,0.04,400,796.58,0.08,0.12,39
btc-updown-15m-1762307100,1762307100,255,0.9,0.92,0.91,0.02,205.16,753.41,0.08,0.1,31
btc-updown-15m-1762307100,1762307100,270,0.88,0.92,0.9,0.04,141,748.23,0.08,0.12,71
btc-updown-15m-1762307100,1762307100,285,0.87,0.92,0.895,0.05,345,728.23,0.08,0.13,11
btc-updown-15m-1762307100,1762307100,300,0.89,0.92,0.905,0.03,301,808.23,0.08,0.11,964
btc-updown-15m-1762307100,1762307100,315,0.89,0.91,0.9,0.02,300,531.28,0.09,0.11,0
btc-updown-15m-1762307100,1762307100,330,0.88,0.92,0.9,0.04,428,567.54,0.08,0.12,8
btc-updown-15m-1762307100,1762307100,345,0.88,0.91,0.895,0.03,326,355.54,0.09,0.12,6
btc-updown-15m-1762307100,1762307100,360,0.8,0.9,0.85,0.1,299.91,588.88,0.1,0.2,11
btc-updown-15m-1762307100,1762307100,375,0.88,0.91,0.895,0.03,186,490.19,0.09,0.12,0
btc-updown-15m-1762307100,1762307100,390,0.89,0.91,0.9,0.02,89.51,340.67,0.09,0.11,23
btc-updown-15m-1762307100,1762307100,405,0.88,0.92,0.9,0.04,228.2,328.55,0.08,0.12,2
btc-updown-15m-1762307100,1762307100,420,0.89,0.93,0.91,0.04,86,1072.4,0.07,0.11,7
btc-updown-15m-1762307100,1762307100,435,0.93,0.95,0.94,0.02,300.61,791.89,0.05,0.07,2
btc-updown-15m-1762307100,1762307100,450,0.95,0.96,0.955,0.01,317.67,660.33,0.04,0.05,0
btc-updown-15m-1762307100,1762307100,465,0.94,0.97,0.955,0.03,1418.06,3783.36,0.03,0.06,70
btc-updown-15m-1762307100,1762307100,480,0.95,0.97,0.96,0.02,1212.89,3719.23,0.03,0.05,182
btc-updown-15m-1762307100,1762307100,495,0.96,0.98,0.97,0.02,1239.21,3373.39,0.02,0.04,50
btc-updown-15m-1762307100,1762307100,510,0.96,0.98,0.97,0.02,196.52,3307.63,0.02,0.04,90
btc-updown-15m-1762307100,1762307100,525,0.96,0.98,0.97,0.02,500.52,3283.76,0.02,0.04,284
btc-updown-15m-1762307100,1762307100,540,0.97,0.98,0.975,0.01,368.96,3262.39,0.02,0.03,1594
btc-updown-15m-1762307100,1762307100,555,0.97,0.99,0.98,0.02,392.96,1088.86,0.01,0.03,1534
btc-updown-15m-1762307100,1762307100,570,0.96,0.98,0.97,0.02,468.1,1127.54,0.02,0.04,129
btc-updown-15m-1762307100,1762307100,585,0.99,,,,435.12,0,,0.01,62
btc-updown-15m-1762307100,1762307100,600,0.99,,,,2738.61,0,,0.01,267
btc-updown-15m-1762307100,1762307100,615,0.99,,,,3155.81,0,,0.01,708
btc-updown-15m-1762307100,1762307100,630,0.99,,,,4244.01,0,,0.01,852
btc-updown-15m-1762307100,1762307100,645,0.99,,,,4244.01,0,,0.01,632
btc-updown-15m-1762307100,1762307100,660,0.99,,,,4244.01,0,,0.01,806
btc-updown-15m-1762307100,1762307100,675,0.99,,,,3944.01,0,,0.01,687
btc-updown-15m-1762307100,1762307100,690,0.99,,,,3944.01,0,,0.01,843
btc-updown-15m-1762307100,1762307100,705,0.99,,,,3956.06,0,,0.01,644
btc-updown-15m-1762307100,1762307100,720,0.99,,,,3956.06,0,,0.01,839
btc-updown-15m-1762307100,1762307100,735,0.99,,,,3956.06,0,,0.01,282
btc-updown-15m-1762307100,1762307100,750,0.99,,,,4956.06,0,,0.01,839
btc-updown-15m-1762307100,1762307100,765,0.99,,,,4992.06,0,,0.01,647
btc-updown-15m-1762307100,1762307100,780,0.99,,,,6126.52,0,,0.01,271
btc-updown-15m-1762307100,1762307100,795,0.99,,,,6887.52,0,,0.01,653
btc-updown-15m-1762307100,1762307100,810,0.99,,,,6941.52,0,,0.01,783
btc-updown-15m-1762307100,1762307100,825,0.99,,,,6977.52,0,,0.01,654
btc-updown-15m-1762307100,1762307100,840,0.99,,,,5668.32,0,,0.01,219
btc-updown-15m-1762307100,1762307100,845,0.99,,,,5686.32,0,,0.01,193
btc-updown-15m-1762307100,1762307100,850,0.99,,,,5686.32,0,,0.01,779
btc-updown-15m-1762307100,1762307100,855,0.99,,,,5704.32,0,,0.01,648
btc-updown-15m-1762307100,1762307100,860,0.99,,,,5704.32,0,,0.01,823
btc-updown-15m-1762307100,1762307100,865,0.99,,,,5725.88,0,,0.01,586
btc-updown-15m-1762307100,1762307100,870,0.99,,,,5775.88,0,,0.01,166
btc-updown-15m-1762307100,1762307100,875,0.99,,,,5595.44,0,,0.01,677
btc-updown-15m-1762307100,1762307100,880,0.99,,,,5595.44,0,,0.01,826
btc-updown-15m-1762307100,1762307100,885,0.99,,,,5595.44,0,,0.01,667
btc-updown-15m-1762307100,1762307100,890,0.99,,,,5585.19,0,,0.01,822
btc-updown-15m-1762307100,1762307100,895,0.99,,,,5610.19,0,,0.01,601
btc-updown-15m-1762307100,1762307100,897,0.99,,,,5602.19,0,,0.01,1530
btc-updown-15m-1762307100,1762307100,899,0.99,,,,6038.19,0,,0.01,238
btc-updown-15m-1762307100,1762307100,900,0.99,,,,6038.19,0,,0.01,1238
btc-updown-15m-1762323300,1762323300,0,0.49,0.51,0.5,0.02,2750.9,2912.03,0.49,0.51,2379
btc-updown-15m-1762323300,1762323300,15,0.49,0.5,0.495,0.01,2741.48,2806.78,0.5,0.51,1
btc-updown-15m-1762323300,1762323300,30,0.5,0.51,0.505,0.01,2895.42,1154.66,0.49,0.5,818
btc-updown-15m-1762323300,1762323300,45,0.55,0.56,0.555,0.01,297.8,30,0.44,0.45,307
btc-updown-15m-1762323300,1762323300,60,0.38,0.42,0.4,0.04,180,200.4,0.58,0.62,2
btc-updown-15m-1762323300,1762323300,75,0.36,0.4,0.38,0.04,190,182.63,0.6,0.64,6
btc-updown-15m-1762323300,1762323300,90,0.36,0.39,0.375,0.03,46.6,54.92,0.61,0.64,11
btc-updown-15m-1762323300,1762323300,105,0.33,0.34,0.335,0.01,39.56,111.92,0.66,0.67,2
btc-updown-15m-1762323300,1762323300,120,0.32,0.34,0.33,0.02,303.97,70,0.66,0.68,51
btc-updown-15m-1762323300,1762323300,135,0.34,0.38,0.36,0.04,93,55,0.62,0.66,0
btc-updown-15m-1762323300,1762323300,150,0.36,0.4,0.38,0.04,110.5,589.92,0.6,0.64,37
btc-updown-15m-1762323300,1762323300,165,0.34,0.36,0.35,0.02,298.5,61.76,0.64,0.66,42
btc-updown-15m-1762323300,1762323300,180,0.4,0.45,0.425,0.05,321.5,70,0.55,0.6,34
btc-updown-15m-1762323300,1762323300,195,0.55,0.57,0.56,0.02,108,81.26,0.43,0.45,6
btc-updown-15m-1762323300,1762323300,210,0.66,0.68,0.67,0.02,105.5,16,0.32,0.34,6
btc-updown-15m-1762323300,1762323300,225,0.67,0.69,0.68,0.02,65.47,80,0.31,0.33,5
btc-updown-15m-1762323300,1762323300,240,0.67,0.69,0.68,0.02,271,45,0.31,0.33,7
btc-updown-15m-1762323300,1762323300,255,0.77,0.8,0.785,0.03,113.34,460.5,0.2,0.23,1
btc-updown-15m-1762323300,1762323300,270,0.83,0.87,0.85,0.04,250.49,236,0.13,0.17,75
btc-updown-15m-1762323300,1762323300,285,0.8,0.84,0.82,0.04,72,90,0.16,0.2,354
btc-updown-15m-1762323300,1762323300,300,0.81,0.86,0.835,0.05,323.5,295.16,0.14,0.19,20
btc-updown-15m-1762323300,1762323300,315,0.82,0.87,0.845,0.05,797.5,534.24,0.13,0.18,27
btc-updown-15m-1762323300,1762323300,330,0.84,0.87,0.855,0.03,134,459.02,0.13,0.16,63
btc-updown-15m-1762323300,1762323300,345,0.82,0.85,0.835,0.03,807.5,341.24,0.15,0.18,3
btc-updown-15m-1762323300,1762323300,360,0.8,0.82,0.81,0.02,48.19,162.68,0.18,0.2,71
btc-updown-15m-1762323300,1762323300,375,0.62,0.64,0.63,0.02,53,40.26,0.36,0.38,15
btc-updown-15m-1762323300,1762323300,390,0.6,0.62,0.61,0.02,163,112.97,0.38,0.4,2
btc-updown-15m-1762323300,1762323300,405,0.65,0.72,0.685,0.07,153.92,125.34,0.28,0.35,2
btc-updown-15m-1762323300,1762323300,420,0.7,0.74,0.72,0.04,90,91.85,0.26,0.3,19
btc-updown-15m-1762323300,1762323300,435,0.68,0.72,0.7,0.04,24.17,153.84,0.28,0.32,0
btc-updown-15m-1762323300,1762323300,450,0.78,0.8,0.79,0.02,26,676.16,0.2,0.22,3
btc-updown-15m-1762323300,1762323300,465,0.74,0.78,0.76,0.04,88,169.79,0.22,0.26,1
btc-updown-15m-1762323300,1762323300,480,0.73,0.77,0.75,0.04,89.17,196.3,0.23,0.27,0
btc-updown-15m-1762323300,1762323300,495,0.68,0.69,0.685,0.01,15,111.8,0.31,0.32,0
btc-updown-15m-1762323300,1762323300,510,0.65,0.68,0.665,0.03,206.5,217.28,0.32,0.35,14
btc-updown-15m-1762323300,1762323300,525,0.62,0.63,0.625,0.01,53,307.88,0.37,0.38,1
btc-updown-15m-1762323300,1762323300,540,0.65,0.69,0.67,0.04,86,43.44,0.31,0.35,133
btc-updown-15m-1762323300,1762323300,555,0.77,0.8,0.785,0.03,77.18,196.32,0.2,0.23,4
btc-updown-15m-1762323300,1762323300,570,0.85,0.87,0.86,0.02,45,323,0.13,0.15,0
btc-updown-15m-1762323300,1762323300,585,0.85,0.88,0.865,0.03,52,188,0.12,0.15,5
btc-updown-15m-1762323300,1762323300,600,0.83,0.85,0.84,0.02,27,105,0.15,0.17,12
btc-updown-15m-1762323300,1762323300,615,0.8,0.84,0.82,0.04,36,98.05,0.16,0.2,0
btc-updown-15m-1762323300,1762323300,630,0.82,0.87,0.845,0.05,326.3,50,0.13,0.18,19
btc-updown-15m-1762323300,1762323300,645,0.89,0.9,0.895,0.01,282.87,567.64,0.1,0.11,112
btc-updown-15m-1762323300,1762323300,660,0.89,0.92,0.905,0.03,198,2327.13,0.08,0.11,13
btc-updown-15m-1762323300,1762323300,675,0.88,0.91,0.895,0.03,80,2331.39,0.09,0.12,14
btc-updown-15m-1762323300,1762323300,690,0.84,0.9,0.87,0.06,92,383.71,0.1,0.16,0
btc-updown-15m-1762323300,1762323300,705,0.86,0.91,0.885,0.05,242.5,160.91,0.09,0.14,18
btc-updown-15m-1762323300,1762323300,720,0.9,0.94,0.92,0.04,56,719.69,0.06,0.1,1
btc-updown-15m-1762323300,1762323300,735,0.94,0.96,0.95,0.02,66.49,655.73,0.04,0.06,29
btc-updown-15m-1762323300,1762323300,750,0.94,0.96,0.95,0.02,106.94,617.23,0.04,0.06,30
btc-updown-15m-1762323300,1762323300,765,0.94,0.97,0.955,0.03,115.58,1147.43,0.03,0.06,62
btc-updown-15m-1762323300,1762323300,780,0.94,0.97,0.955,0.03,193.42,1514.65,0.03,0.06,0
btc-updown-15m-1762323300,1762323300,795,0.95,0.97,0.96,0.02,207.72,1403.9,0.03,0.05,815
btc-updown-15m-1762323300,1762323300,810,0.97,0.99,0.98,0.02,636.68,772.69,0.01,0.03,162
btc-updown-15m-1762323300,1762323300,825,0.99,,,,1391.2,0,,0.01,448
btc-updown-15m-1762323300,1762323300,840,0.99,,,,1162.7,0,,0.01,450
btc-updown-15m-1762323300,1762323300,845,0.99,,,,1150.03,0,,0.01,448
btc-updown-15m-1762323300,1762323300,850,0.99,,,,1247.95,0,,0.01,400
btc-updown-15m-1762323300,1762323300,855,0.99,,,,1310.95,0,,0.01,447
btc-updown-15m-1762323300,1762323300,860,0.99,,,,1374.95,0,,0.01,267
btc-updown-15m-1762323300,1762323300,865,0.99,,,,4630.18,0,,0.01,446
btc-updown-15m-1762323300,1762323300,870,0.99,,,,4696.18,0,,0.01,448
btc-updown-15m-1762323300,1762323300,875,0.99,,,,4696.18,0,,0.01,446
btc-updown-15m-1762323300,1762323300,880,0.99,,,,4813.11,0,,0.01,447
btc-updown-15m-1762323300,1762323300,885,0.99,,,,4813.11,0,,0.01,43
btc-updown-15m-1762323300,1762323300,890,0.99,,,,4813.11,0,,0.01,1438
btc-updown-15m-1762323300,1762323300,895,0.99,,,,4624.11,0,,0.01,406
btc-updown-15m-1762323300,1762323300,897,0.99,,,,5735.11,0,,0.01,1432
btc-updown-15m-1762323300,1762323300,899,0.99,,,,5682.11,0,,0.01,24
btc-updown-15m-1762323300,1762323300,900,0.99,,,,5692.21,0,,0.01,94
btc-updown-15m-1762331400,1762331400,0,0.49,0.51,0.5,0.02,2789.23,1314.06,0.49,0.51,1886
btc-updown-15m-1762331400,1762331400,15,0.49,0.5,0.495,0.01,2789.23,1591.56,0.5,0.51,67
btc-updown-15m-1762331400,1762331400,30,0.44,0.47,0.455,0.03,373.7,631,0.53,0.56,53
btc-updown-15m-1762331400,1762331400,45,0.4,0.42,0.41,0.02,458.25,625,0.58,0.6,18
btc-updown-15m-1762331400,1762331400,60,0.36,0.38,0.37,0.02,327.74,281,0.62,0.64,8
btc-updown-15m-1762331400,1762331400,75,0.42,0.46,0.44,0.04,63,908,0.54,0.58,30
btc-updown-15m-1762331400,1762331400,90,0.44,0.47,0.455,0.03,95.34,634,0.53,0.56,6
btc-updown-15m-1762331400,1762331400,105,0.56,0.59,0.575,0.03,413.71,545.25,0.41,0.44,12
btc-updown-15m-1762331400,1762331400,120,0.57,0.61,0.59,0.04,643.82,562.84,0.39,0.43,11
btc-updown-15m-1762331400,1762331400,135,0.68,0.72,0.7,0.04,157,800.1,0.28,0.32,19
btc-updown-15m-1762331400,1762331400,150,0.77,0.82,0.795,0.05,728.37,915,0.18,0.23,3
btc-updown-15m-1762331400,1762331400,165,0.78,0.8,0.79,0.02,115.63,506.74,0.2,0.22,2
btc-updown-15m-1762331400,1762331400,180,0.76,0.8,0.78,0.04,319.86,1023.65,0.2,0.24,10
btc-updown-15m-1762331400,1762331400,195,0.78,0.81,0.795,0.03,554.48,291,0.19,0.22,1
btc-updown-15m-1762331400,1762331400,210,0.8,0.82,0.81,0.02,116.47,721.1,0.18,0.2,8
btc-updown-15m-1762331400,1762331400,225,0.8,0.82,0.81,0.02,312,919.41,0.18,0.2,2
btc-updown-15m-1762331400,1762331400,240,0.72,0.74,0.73,0.02,228.77,841.65,0.26,0.28,21
btc-updown-15m-1762331400,1762331400,255,0.75,0.78,0.765,0.03,585,547.81,0.22,0.25,22
btc-updown-15m-1762331400,1762331400,270,0.76,0.8,0.78,0.04,844.54,879.15,0.2,0.24,32
btc-updown-15m-1762331400,1762331400,285,0.8,0.82,0.81,0.02,323.67,658.93,0.18,0.2,89
btc-updown-15m-1762331400,1762331400,300,0.84,0.88,0.86,0.04,114.07,3444.9,0.12,0.16,2
btc-updown-15m-1762331400,1762331400,315,0.87,0.9,0.885,0.03,340.07,4724.6,0.1,0.13,12
btc-updown-15m-1762331400,1762331400,330,0.87,0.88,0.875,0.01,283,2343.02,0.12,0.13,74
btc-updown-15m-1762331400,1762331400,345,0.86,0.88,0.87,0.02,160,2679.28,0.12,0.14,241
btc-updown-15m-1762331400,1762331400,360,0.86,0.89,0.875,0.03,470,2835.31,0.11,0.14,12
btc-updown-15m-1762331400,1762331400,375,0.88,0.9,0.89,0.02,629.8,625,0.1,0.12,32
btc-updown-15m-1762331400,1762331400,390,0.89,0.9,0.895,0.01,709.5,1145.75,0.1,0.11,18
btc-updown-15m-1762331400,1762331400,405,0.89,0.92,0.905,0.03,1105.8,1594.27,0.08,0.11,3
btc-updown-15m-1762331400,1762331400,420,0.88,0.9,0.89,0.02,613.29,835.33,0.1,0.12,23
btc-updown-15m-1762331400,1762331400,435,0.83,0.84,0.835,0.01,88.76,364.02,0.16,0.17,1
btc-updown-15m-1762331400,1762331400,450,0.82,0.85,0.835,0.03,1409.8,688.63,0.15,0.18,65
btc-updown-15m-1762331400,1762331400,465,0.88,0.91,0.895,0.03,806.16,1928.28,0.09,0.12,174
btc-updown-15m-1762331400,1762331400,480,0.91,0.93,0.92,0.02,384.16,2105.28,0.07,0.09,22
btc-updown-15m-1762331400,1762331400,495,0.9,0.93,0.915,0.03,1088,1154.73,0.07,0.1,3
btc-updown-15m-1762331400,1762331400,510,0.9,0.92,0.91,0.02,1230.2,1048.87,0.08,0.1,33
btc-updown-15m-1762331400,1762331400,525,0.87,0.9,0.885,0.03,238.2,2112,0.1,0.13,4
btc-updown-15m-1762331400,1762331400,540,0.85,0.87,0.86,0.02,155,941.61,0.13,0.15,15
btc-updown-15m-1762331400,1762331400,555,0.89,0.93,0.91,0.04,800.9,2181.1,0.07,0.11,0
btc-updown-15m-1762331400,1762331400,570,0.89,0.92,0.905,0.03,555.3,1458.11,0.08,0.11,4
btc-updown-15m-1762331400,1762331400,585,0.86,0.91,0.885,0.05,1012.7,2004.38,0.09,0.14,11
btc-updown-15m-1762331400,1762331400,600,0.82,0.87,0.845,0.05,640,161.77,0.13,0.18,4
btc-updown-15m-1762331400,1762331400,615,0.87,0.91,0.89,0.04,341.09,1874.7,0.09,0.13,0
btc-updown-15m-1762331400,1762331400,630,0.82,0.89,0.855,0.07,1104.9,1298.56,0.11,0.18,3
btc-updown-15m-1762331400,1762331400,645,0.82,0.87,0.845,0.05,858.7,914.18,0.13,0.18,8
btc-updown-15m-1762331400,1762331400,660,0.88,0.9,0.89,0.02,98.36,1314.2,0.1,0.12,12
btc-updown-15m-1762331400,1762331400,675,0.76,0.8,0.78,0.04,515,391.94,0.2,0.24,4
btc-updown-15m-1762331400,1762331400,690,0.71,0.76,0.735,0.05,694.66,371.45,0.24,0.29,5
btc-updown-15m-1762331400,1762331400,705,0.74,0.78,0.76,0.04,337.35,311,0.22,0.26,20
btc-updown-15m-1762331400,1762331400,720,0.83,0.84,0.835,0.01,88,840.94,0.16,0.17,204
btc-updown-15m-1762331400,1762331400,735,0.87,0.91,0.89,0.04,40.33,1869.1,0.09,0.13,1
btc-updown-15m-1762331400,1762331400,750,0.85,0.87,0.86,0.02,95.88,663.32,0.13,0.15,178
btc-updown-15m-1762331400,1762331400,765,0.8,0.84,0.82,0.04,160,298.92,0.16,0.2,48
btc-updown-15m-1762331400,1762331400,780,0.87,0.91,0.89,0.04,115,1614.9,0.09,0.13,11
btc-updown-15m-1762331400,1762331400,795,0.9,0.95,0.925,0.05,55,3090.94,0.05,0.1,0
btc-updown-15m-1762331400,1762331400,810,0.79,0.87,0.83,0.08,120,590,0.13,0.21,1
btc-updown-15m-1762331400,1762331400,825,0.72,0.8,0.76,0.08,144,845,0.2,0.28,15
btc-updown-15m-1762331400,1762331400,840,0.65,0.72,0.685,0.07,471.14,824,0.28,0.35,14
btc-updown-15m-1762331400,1762331400,845,0.6,0.73,0.665,0.13,712.78,959.46,0.27,0.4,3
btc-updown-15m-1762331400,1762331400,850,0.6,0.73,0.665,0.13,462.78,952.46,0.27,0.4,4
btc-updown-15m-1762331400,1762331400,855,0.57,0.7,0.635,0.13,39.05,771,0.3,0.43,23
btc-updown-15m-1762331400,1762331400,860,0.57,0.69,0.63,0.12,43.05,771,0.31,0.43,3
btc-updown-15m-1762331400,1762331400,865,0.57,0.65,0.61,0.08,37.14,556,0.35,0.43,20
btc-updown-15m-1762331400,1762331400,870,0.66,0.77,0.715,0.11,30,755,0.23,0.34,27
btc-updown-15m-1762331400,1762331400,875,0.66,0.82,0.74,0.16,60.11,782,0.18,0.34,46
btc-updown-15m-1762331400,1762331400,880,0.85,0.96,0.905,0.11,71,1448.5,0.04,0.15,14
btc-updown-15m-1762331400,1762331400,885,0.93,0.99,0.96,0.06,157.55,922.18,0.01,0.07,28
btc-updown-15m-1762331400,1762331400,890,0.99,,,,2527.09,0,,0.01,0
btc-updown-15m-1762331400,1762331400,895,0.99,,,,2408.29,0,,0.01,6
btc-updown-15m-1762331400,1762331400,897,0.99,,,,2408.29,0,,0.01,1
btc-updown-15m-1762331400,1762331400,899,0.99,,,,2988.88,0,,0.01,2
btc-updown-15m-1762331400,1762331400,900,0.99,,,,2988.88,0,,0.01,19
btc-updown-15m-1762359300,1762359300,0,0.48,0.53,0.505,0.05,207.64,168.04,0.47,0.52,208
btc-updown-15m-1762359300,1762359300,15,0.53,0.57,0.55,0.04,872,561.94,0.43,0.47,2
btc-updown-15m-1762359300,1762359300,30,0.58,0.62,0.6,0.04,697.25,326,0.38,0.42,3
btc-updown-15m-1762359300,1762359300,45,0.6,0.64,0.62,0.04,606,850.57,0.36,0.4,19
btc-updown-15m-1762359300,1762359300,60,0.61,0.65,0.63,0.04,336.25,743.3,0.35,0.39,13
btc-updown-15m-1762359300,1762359300,75,0.6,0.64,0.62,0.04,433.37,629.97,0.36,0.4,6
btc-updown-15m-1762359300,1762359300,90,0.65,0.67,0.66,0.02,181,804.5,0.33,0.35,9
btc-updown-15m-1762359300,1762359300,105,0.59,0.62,0.605,0.03,720.04,721.97,0.38,0.41,50
btc-updown-15m-1762359300,1762359300,120,0.47,0.52,0.495,0.05,641.47,76,0.48,0.53,11
btc-updown-15m-1762359300,1762359300,135,0.47,0.49,0.48,0.02,983.1,290,0.51,0.53,19
btc-updown-15m-1762359300,1762359300,150,0.49,0.52,0.505,0.03,937.92,306,0.48,0.51,3
btc-updown-15m-1762359300,1762359300,165,0.54,0.58,0.56,0.04,551,785.6,0.42,0.46,1
btc-updown-15m-1762359300,1762359300,180,0.54,0.55,0.545,0.01,30,114.42,0.45,0.46,34
btc-updown-15m-1762359300,1762359300,195,0.45,0.49,0.47,0.04,1160.04,107.05,0.51,0.55,18
btc-updown-15m-1762359300,1762359300,210,0.39,0.41,0.4,0.02,621,55,0.59,0.61,1838
btc-updown-15m-1762359300,1762359300,225,0.4,0.42,0.41,0.02,543,160,0.58,0.6,6
btc-updown-15m-1762359300,1762359300,240,0.4,0.45,0.425,0.05,831,220,0.55,0.6,4
btc-updown-15m-1762359300,1762359300,255,0.48,0.49,0.485,0.01,290,134,0.51,0.52,4
btc-updown-15m-1762359300,1762359300,270,0.52,0.57,0.545,0.05,86,1052.7,0.43,0.48,15
btc-updown-15m-1762359300,1762359300,285,0.55,0.6,0.575,0.05,347.45,885,0.4,0.45,0
btc-updown-15m-1762359300,1762359300,300,0.58,0.63,0.605,0.05,86,1129.18,0.37,0.42,7
btc-updown-15m-1762359300,1762359300,315,0.57,0.61,0.59,0.04,150.22,330,0.39,0.43,7
btc-updown-15m-1762359300,1762359300,330,0.42,0.48,0.45,0.06,465,567,0.52,0.58,6
btc-updown-15m-1762359300,1762359300,345,0.25,0.28,0.265,0.03,717.45,94.24,0.72,0.75,1
btc-updown-15m-1762359300,1762359300,360,0.21,0.25,0.23,0.04,795,127.04,0.75,0.79,6
btc-updown-15m-1762359300,1762359300,375,0.29,0.33,0.31,0.04,566,37,0.67,0.71,24
btc-updown-15m-1762359300,1762359300,390,0.28,0.29,0.285,0.01,80,76.84,0.71,0.72,1
btc-updown-15m-1762359300,1762359300,405,0.34,0.36,0.35,0.02,140.45,58.88,0.64,0.66,5
btc-updown-15m-1762359300,1762359300,420,0.3,0.35,0.325,0.05,1087.9,100,0.65,0.7,10
btc-updown-15m-1762359300,1762359300,435,0.2,0.22,0.21,0.02,731.54,59,0.78,0.8,1
btc-updown-15m-1762359300,1762359300,450,0.22,0.28,0.25,0.06,1181.48,70,0.72,0.78,10
btc-updown-15m-1762359300,1762359300,465,0.28,0.31,0.295,0.03,162.27,73.87,0.69,0.72,340
btc-updown-15m-1762359300,1762359300,480,0.32,0.36,0.34,0.04,688.2,78.41,0.64,0.68,16
btc-updown-15m-1762359300,1762359300,495,0.32,0.33,0.325,0.01,659.64,160,0.67,0.68,30
btc-updown-15m-1762359300,1762359300,510,0.29,0.33,0.31,0.04,499.11,150,0.67,0.71,1
btc-updown-15m-1762359300,1762359300,525,0.3,0.33,0.315,0.03,519.2,129.27,0.67,0.7,24
btc-updown-15m-1762359300,1762359300,540,0.31,0.36,0.335,0.05,304,316,0.64,0.69,47
btc-updown-15m-1762359300,1762359300,555,0.39,0.44,0.415,0.05,468.51,360,0.56,0.61,1
btc-updown-15m-1762359300,1762359300,570,0.33,0.37,0.35,0.04,770.2,46.25,0.63,0.67,4
btc-updown-15m-1762359300,1762359300,585,0.37,0.4,0.385,0.03,117.99,67.35,0.6,0.63,17
btc-updown-15m-1762359300,1762359300,600,0.43,0.48,0.455,0.05,769.43,50,0.52,0.57,11
btc-updown-15m-1762359300,1762359300,615,0.34,0.37,0.355,0.03,232.1,17,0.63,0.66,8
btc-updown-15m-1762359300,1762359300,630,0.54,0.57,0.555,0.03,54,276.3,0.43,0.46,3
btc-updown-15m-1762359300,1762359300,645,0.59,0.62,0.605,0.03,322.73,142.54,0.38,0.41,39
btc-updown-15m-1762359300,1762359300,660,0.55,0.6,0.575,0.05,564,79,0.4,0.45,0
btc-updown-15m-1762359300,1762359300,675,0.68,0.74,0.71,0.06,420.16,481.1,0.26,0.32,18
btc-updown-15m-1762359300,1762359300,690,0.73,0.75,0.74,0.02,165.07,88,0.25,0.27,186
btc-updown-15m-1762359300,1762359300,705,0.81,0.85,0.83,0.04,74,640.14,0.15,0.19,5
btc-updown-15m-1762359300,1762359300,720,0.74,0.81,0.775,0.07,547.05,550,0.19,0.26,4
btc-updown-15m-1762359300,1762359300,735,0.67,0.72,0.695,0.05,39.83,561,0.28,0.33,36
btc-updown-15m-1762359300,1762359300,750,0.7,0.73,0.715,0.03,270.94,57.24,0.27,0.3,2
btc-updown-15m-1762359300,1762359300,765,0.67,0.7,0.685,0.03,572,250.32,0.3,0.33,13
btc-updown-15m-1762359300,1762359300,780,0.81,0.87,0.84,0.06,291.88,36.38,0.13,0.19,35
btc-updown-15m-1762359300,1762359300,795,0.78,0.84,0.81,0.06,31,320,0.16,0.22,2
btc-updown-15m-1762359300,1762359300,810,0.89,0.94,0.915,0.05,77,1190.17,0.06,0.11,13
btc-updown-15m-1762359300,1762359300,825,0.92,0.95,0.935,0.03,596,1137.24,0.05,0.08,1
btc-updown-15m-1762359300,1762359300,840,0.95,0.96,0.955,0.01,658,979.8,0.04,0.05,45
btc-updown-15m-1762359300,1762359300,845,0.96,0.98,0.97,0.02,531.01,447.31,0.02,0.04,29
btc-updown-15m-1762359300,1762359300,850,0.96,0.99,0.975,0.03,576.45,22.77,0.01,0.04,197
btc-updown-15m-1762359300,1762359300,855,0.97,0.99,0.98,0.02,101.45,205,0.01,0.03,152
btc-updown-15m-1762359300,1762359300,860,0.98,0.99,0.985,0.01,85,489.39,0.01,0.02,93
btc-updown-15m-1762359300,1762359300,865,0.98,0.99,0.985,0.01,470,394.33,0.01,0.02,323
btc-updown-15m-1762359300,1762359300,870,0.98,0.99,0.985,0.01,493.32,92.47,0.01,0.02,9
btc-updown-15m-1762359300,1762359300,875,0.99,,,,3524.58,0,,0.01,2
btc-updown-15m-1762359300,1762359300,880,0.99,,,,3223.1,0,,0.01,18
btc-updown-15m-1762359300,1762359300,885,0.99,,,,3223.1,0,,0.01,3012
btc-updown-15m-1762359300,1762359300,890,0.99,,,,2986.87,0,,0.01,2407
btc-updown-15m-1762359300,1762359300,895,0.99,,,,2986.87,0,,0.01,612
btc-updown-15m-1762359300,1762359300,897,0.99,,,,2986.87,0,,0.01,1540
btc-updown-15m-1762359300,1762359300,899,0.99,,,,3004.87,0,,0.01,203
btc-updown-15m-1762359300,1762359300,900,0.99,,,,2994.87,0,,0.01,24
btc-updown-15m-1762367400,1762367400,0,0.45,0.47,0.46,0.02,128,133.71,0.53,0.55,1045
btc-updown-15m-1762367400,1762367400,15,0.45,0.47,0.46,0.02,48.18,324.53,0.53,0.55,196
btc-updown-15m-1762367400,1762367400,30,0.46,0.48,0.47,0.02,158.18,445.18,0.52,0.54,61
btc-updown-15m-1762367400,1762367400,45,0.45,0.46,0.455,0.01,138.18,839.68,0.54,0.55,24
btc-updown-15m-1762367400,1762367400,60,0.45,0.47,0.46,0.02,196.08,194.68,0.53,0.55,23
btc-updown-15m-1762367400,1762367400,75,0.36,0.4,0.38,0.04,418.73,821,0.6,0.64,9
btc-updown-15m-1762367400,1762367400,90,0.41,0.45,0.43,0.04,137.5,106,0.55,0.59,0
btc-updown-15m-1762367400,1762367400,105,0.43,0.47,0.45,0.04,117,922.68,0.53,0.57,2294
btc-updown-15m-1762367400,1762367400,120,0.43,0.44,0.435,0.01,81,1145.08,0.56,0.57,18
btc-updown-15m-1762367400,1762367400,135,0.35,0.37,0.36,0.02,185,320,0.63,0.65,5
btc-updown-15m-1762367400,1762367400,150,0.38,0.41,0.395,0.03,294.16,376,0.59,0.62,64
btc-updown-15m-1762367400,1762367400,165,0.34,0.36,0.35,0.02,67,142,0.64,0.66,15
btc-updown-15m-1762367400,1762367400,180,0.32,0.36,0.34,0.04,451.1,158.67,0.64,0.68,136
btc-updown-15m-1762367400,1762367400,195,0.38,0.39,0.385,0.01,109,45,0.61,0.62,34
btc-updown-15m-1762367400,1762367400,210,0.38,0.4,0.39,0.02,78,65,0.6,0.62,37
btc-updown-15m-1762367400,1762367400,225,0.46,0.48,0.47,0.02,85,145,0.52,0.54,8
btc-updown-15m-1762367400,1762367400,240,0.4,0.43,0.415,0.03,47,627.55,0.57,0.6,213
btc-updown-15m-1762367400,1762367400,255,0.39,0.41,0.4,0.02,167.2,790,0.59,0.61,5
btc-updown-15m-1762367400,1762367400,270,0.41,0.46,0.435,0.05,1006,792.27,0.54,0.59,26
btc-updown-15m-1762367400,1762367400,285,0.34,0.37,0.355,0.03,318,772.28,0.63,0.66,5
btc-updown-15m-1762367400,1762367400,300,0.39,0.4,0.395,0.01,329.59,303,0.6,0.61,55
btc-updown-15m-1762367400,1762367400,315,0.42,0.44,0.43,0.02,77,572.27,0.56,0.58,264
btc-updown-15m-1762367400,1762367400,330,0.47,0.5,0.485,0.03,55,822,0.5,0.53,2515
btc-updown-15m-1762367400,1762367400,345,0.44,0.49,0.465,0.05,612,238.3,0.51,0.56,102
btc-updown-15m-1762367400,1762367400,360,0.43,0.48,0.455,0.05,885,832,0.52,0.57,143
btc-updown-15m-1762367400,1762367400,375,0.66,0.7,0.68,0.04,246,10.77,0.3,0.34,15
btc-updown-15m-1762367400,1762367400,390,0.78,0.8,0.79,0.02,34.54,78,0.2,0.22,21
btc-updown-15m-1762367400,1762367400,405,0.75,0.79,0.77,0.04,85,160.32,0.21,0.25,4
btc-updown-15m-1762367400,1762367400,420,0.78,0.79,0.785,0.01,113.26,157.72,0.21,0.22,11
btc-updown-15m-1762367400,1762367400,435,0.7,0.72,0.71,0.02,71,91,0.28,0.3,3
btc-updown-15m-1762367400,1762367400,450,0.78,0.82,0.8,0.04,86,135.7,0.18,0.22,66
btc-updown-15m-1762367400,1762367400,465,0.75,0.78,0.765,0.03,72.37,213.42,0.22,0.25,3
btc-updown-15m-1762367400,1762367400,480,0.75,0.77,0.76,0.02,21.65,63.4,0.23,0.25,21
btc-updown-15m-1762367400,1762367400,495,0.7,0.74,0.72,0.04,117.35,86.9,0.26,0.3,1
btc-updown-15m-1762367400,1762367400,510,0.77,0.78,0.775,0.01,57,58.62,0.22,0.23,3
btc-updown-15m-1762367400,1762367400,525,0.76,0.78,0.77,0.02,117.81,97.6,0.22,0.24,124
btc-updown-15m-1762367400,1762367400,540,0.82,0.86,0.84,0.04,105,259.5,0.14,0.18,61
btc-updown-15m-1762367400,1762367400,555,0.79,0.83,0.81,0.04,95,55,0.17,0.21,1
btc-updown-15m-1762367400,1762367400,570,0.86,0.88,0.87,0.02,242,273.95,0.12,0.14,3
btc-updown-15m-1762367400,1762367400,585,0.87,0.89,0.88,0.02,87,90.4,0.11,0.13,23
btc-updown-15m-1762367400,1762367400,600,0.88,0.91,0.895,0.03,121,119.61,0.09,0.12,42
btc-updown-15m-1762367400,1762367400,615,0.86,0.9,0.88,0.04,73.12,113,0.1,0.14,0
btc-updown-15m-1762367400,1762367400,630,0.87,0.88,0.875,0.01,32,25,0.12,0.13,1
btc-updown-15m-1762367400,1762367400,645,0.83,0.85,0.84,0.02,74,88,0.15,0.17,10
btc-updown-15m-1762367400,1762367400,660,0.78,0.83,0.805,0.05,82.41,63.5,0.17,0.22,0
btc-updown-15m-1762367400,1762367400,675,0.7,0.74,0.72,0.04,18,100.75,0.26,0.3,44
btc-updown-15m-1762367400,1762367400,690,0.74,0.8,0.77,0.06,92,75.4,0.2,0.26,2590
btc-updown-15m-1762367400,1762367400,705,0.8,0.84,0.82,0.04,38,78.1,0.16,0.2,35
btc-updown-15m-1762367400,1762367400,720,0.83,0.88,0.855,0.05,48,93.4,0.12,0.17,9
btc-updown-15m-1762367400,1762367400,735,0.86,0.87,0.865,0.01,84.91,57.9,0.13,0.14,21
btc-updown-15m-1762367400,1762367400,750,0.79,0.83,0.81,0.04,55,130.18,0.17,0.21,20
btc-updown-15m-1762367400,1762367400,765,0.8,0.83,0.815,0.03,35,85.37,0.17,0.2,8
btc-updown-15m-1762367400,1762367400,780,0.81,0.85,0.83,0.04,94,60.15,0.15,0.19,17
btc-updown-15m-1762367400,1762367400,795,0.85,0.88,0.865,0.03,50,150,0.12,0.15,2
btc-updown-15m-1762367400,1762367400,810,0.87,0.93,0.9,0.06,60,193.63,0.07,0.13,25
btc-updown-15m-1762367400,1762367400,825,0.91,0.93,0.92,0.02,35.78,73.63,0.07,0.09,34
btc-updown-15m-1762367400,1762367400,840,0.93,0.97,0.95,0.04,65,966.94,0.03,0.07,82
btc-updown-15m-1762367400,1762367400,845,0.96,0.97,0.965,0.01,86,815.15,0.03,0.04,7
btc-updown-15m-1762367400,1762367400,850,0.93,0.98,0.955,0.05,65,663.1,0.02,0.07,125
btc-updown-15m-1762367400,1762367400,855,0.93,0.99,0.96,0.06,51,597.48,0.01,0.07,13
btc-updown-15m-1762367400,1762367400,860,0.95,0.99,0.97,0.04,2041,611.46,0.01,0.05,13
btc-updown-15m-1762367400,1762367400,865,0.95,0.99,0.97,0.04,2037.8,486.6,0.01,0.05,7
btc-updown-15m-1762367400,1762367400,870,0.95,0.99,0.97,0.04,2056.8,471.22,0.01,0.05,1
btc-updown-15m-1762367400,1762367400,875,0.95,0.99,0.97,0.04,2044.8,250.62,0.01,0.05,121
btc-updown-15m-1762367400,1762367400,880,0.99,,,,2301.21,0,,0.01,3
btc-updown-15m-1762367400,1762367400,885,0.99,,,,2491.48,0,,0.01,1923
btc-updown-15m-1762367400,1762367400,890,0.99,,,,2491.48,0,,0.01,1597
btc-updown-15m-1762367400,1762367400,895,0.99,,,,2816.48,0,,0.01,1557
btc-updown-15m-1762367400,1762367400,897,0.99,,,,2816.48,0,,0.01,1001
btc-updown-15m-1762367400,1762367400,899,0.99,,,,1449.27,0,,0.01,581
btc-updown-15m-1762367400,1762367400,900,0.99,,,,1459.27,0,,0.01,339
btc-updown-15m-1762377300,1762377300,0,0.54,0.6,0.57,0.06,574.89,275.49,0.4,0.46,349
btc-updown-15m-1762377300,1762377300,15,0.5,0.54,0.52,0.04,85.59,15,0.46,0.5,9
btc-updown-15m-1762377300,1762377300,30,0.55,0.59,0.57,0.04,65,176.49,0.41,0.45,27
btc-updown-15m-1762377300,1762377300,45,0.57,0.6,0.585,0.03,127,63.15,0.4,0.43,23
btc-updown-15m-1762377300,1762377300,60,0.59,0.63,0.61,0.04,127,119.38,0.37,0.41,24
btc-updown-15m-1762377300,1762377300,75,0.69,0.7,0.695,0.01,191,30.66,0.3,0.31,3
btc-updown-15m-1762377300,1762377300,90,0.65,0.69,0.67,0.04,96,216.5,0.31,0.35,5
btc-updown-15m-1762377300,1762377300,105,0.67,0.7,0.685,0.03,147,35,0.3,0.33,24
btc-updown-15m-1762377300,1762377300,120,0.64,0.67,0.655,0.03,85,276.65,0.33,0.36,80
btc-updown-15m-1762377300,1762377300,135,0.64,0.68,0.66,0.04,101,258.65,0.32,0.36,3
btc-updown-15m-1762377300,1762377300,150,0.66,0.68,0.67,0.02,132,135,0.32,0.34,2
btc-updown-15m-1762377300,1762377300,165,0.53,0.56,0.545,0.03,353.25,36,0.44,0.47,289
btc-updown-15m-1762377300,1762377300,180,0.53,0.58,0.555,0.05,130.69,111,0.42,0.47,2
btc-updown-15m-1762377300,1762377300,195,0.53,0.56,0.545,0.03,156.69,216,0.44,0.47,107
btc-updown-15m-1762377300,1762377300,210,0.58,0.6,0.59,0.02,75,75.56,0.4,0.42,65
btc-updown-15m-1762377300,1762377300,225,0.67,0.68,0.675,0.01,116,49.27,0.32,0.33,15
btc-updown-15m-1762377300,1762377300,240,0.58,0.61,0.595,0.03,55,182,0.39,0.42,13
btc-updown-15m-1762377300,1762377300,255,0.62,0.65,0.635,0.03,36,220.8,0.35,0.38,7
btc-updown-15m-1762377300,1762377300,270,0.6,0.61,0.605,0.01,62.5,38.94,0.39,0.4,24
btc-updown-15m-1762377300,1762377300,285,0.58,0.6,0.59,0.02,70.49,74.16,0.4,0.42,111
btc-updown-15m-1762377300,1762377300,300,0.58,0.62,0.6,0.04,151.36,222.89,0.38,0.42,22
btc-updown-15m-1762377300,1762377300,315,0.6,0.62,0.61,0.02,82.62,160.75,0.38,0.4,332
btc-updown-15m-1762377300,1762377300,330,0.81,0.86,0.835,0.05,45,540,0.14,0.19,0
btc-updown-15m-1762377300,1762377300,345,0.79,0.83,0.81,0.04,77,38.88,0.17,0.21,6
btc-updown-15m-1762377300,1762377300,360,0.78,0.82,0.8,0.04,40,269.7,0.18,0.22,57
btc-updown-15m-1762377300,1762377300,375,0.82,0.86,0.84,0.04,57.72,117,0.14,0.18,56
btc-updown-15m-1762377300,1762377300,390,0.84,0.87,0.855,0.03,137.98,427,0.13,0.16,100
btc-updown-15m-1762377300,1762377300,405,0.81,0.83,0.82,0.02,279.73,110,0.17,0.19,45
btc-updown-15m-1762377300,1762377300,420,0.81,0.83,0.82,0.02,209.73,151.7,0.17,0.19,4
btc-updown-15m-1762377300,1762377300,435,0.77,0.79,0.78,0.02,96,228.91,0.21,0.23,73
btc-updown-15m-1762377300,1762377300,450,0.81,0.84,0.825,0.03,96,211.6,0.16,0.19,24
btc-updown-15m-1762377300,1762377300,465,0.85,0.87,0.86,0.02,85,499.73,0.13,0.15,3
btc-updown-15m-1762377300,1762377300,480,0.88,0.9,0.89,0.02,164.87,277.8,0.1,0.12,9
btc-updown-15m-1762377300,1762377300,495,0.86,0.88,0.87,0.02,196.65,284.85,0.12,0.14,31
btc-updown-15m-1762377300,1762377300,510,0.85,0.86,0.855,0.01,162,32,0.14,0.15,376
btc-updown-15m-1762377300,1762377300,525,0.85,0.87,0.86,0.02,115.14,295.77,0.13,0.15,21
btc-updown-15m-1762377300,1762377300,540,0.84,0.86,0.85,0.02,106.23,509.21,0.14,0.16,30
btc-updown-15m-1762377300,1762377300,555,0.8,0.82,0.81,0.02,458,158.07,0.18,0.2,69
btc-updown-15m-1762377300,1762377300,570,0.8,0.82,0.81,0.02,343,162.97,0.18,0.2,43
btc-updown-15m-1762377300,1762377300,585,0.79,0.82,0.805,0.03,105.49,191.07,0.18,0.21,18
btc-updown-15m-1762377300,1762377300,600,0.8,0.85,0.825,0.05,144.49,450.76,0.15,0.2,9
btc-updown-15m-1762377300,1762377300,615,0.8,0.84,0.82,0.04,154.91,159.5,0.16,0.2,5
btc-updown-15m-1762377300,1762377300,630,0.8,0.82,0.81,0.02,99.66,133.54,0.18,0.2,178
btc-updown-15m-1762377300,1762377300,645,0.8,0.85,0.825,0.05,137,435.49,0.15,0.2,19
btc-updown-15m-1762377300,1762377300,660,0.84,0.88,0.86,0.04,148,131.93,0.12,0.16,20
btc-updown-15m-1762377300,1762377300,675,0.88,0.9,0.89,0.02,47,148.98,0.1,0.12,72
btc-updown-15m-1762377300,1762377300,690,0.79,0.83,0.81,0.04,112.4,288.1,0.17,0.21,0
btc-updown-15m-1762377300,1762377300,705,0.83,0.87,0.85,0.04,56,50.06,0.13,0.17,9
btc-updown-15m-1762377300,1762377300,720,0.73,0.78,0.755,0.05,23.32,140.41,0.22,0.27,29
btc-updown-15m-1762377300,1762377300,735,0.79,0.81,0.8,0.02,136.27,43.2,0.19,0.21,11
btc-updown-15m-1762377300,1762377300,750,0.73,0.74,0.735,0.01,39.66,134,0.26,0.27,98
btc-updown-15m-1762377300,1762377300,765,0.7,0.75,0.725,0.05,220,33,0.25,0.3,58
btc-updown-15m-1762377300,1762377300,780,0.11,0.13,0.12,0.02,18,56,0.87,0.89,19
btc-updown-15m-1762377300,1762377300,795,0.27,0.38,0.325,0.11,47,17.6,0.62,0.73,10
btc-updown-15m-1762377300,1762377300,810,0.3,0.4,0.35,0.1,101,33,0.6,0.7,30
btc-updown-15m-1762377300,1762377300,825,0.38,0.46,0.42,0.08,48,26,0.54,0.62,2
btc-updown-15m-1762377300,1762377300,840,0.27,0.36,0.315,0.09,96,51,0.64,0.73,12
btc-updown-15m-1762377300,1762377300,845,0.12,0.22,0.17,0.1,180,41.71,0.78,0.88,6
btc-updown-15m-1762377300,1762377300,850,0.12,0.27,0.195,0.15,32,55,0.73,0.88,12
btc-updown-15m-1762377300,1762377300,855,0.14,0.28,0.21,0.14,48,76,0.72,0.86,2
btc-updown-15m-1762377300,1762377300,860,0.16,0.27,0.215,0.11,111,28,0.73,0.84,9
btc-updown-15m-1762377300,1762377300,865,0.03,0.1,0.065,0.07,1912.13,70,0.9,0.97,16
btc-updown-15m-1762377300,1762377300,870,0.02,0.07,0.045,0.05,1703.28,31,0.93,0.98,14
btc-updown-15m-1762377300,1762377300,875,0.01,0.08,0.045,0.07,1541.41,41,0.92,0.99,76
btc-updown-15m-1762377300,1762377300,880,0.02,0.23,0.125,0.21,1605.18,46,0.77,0.98,26
btc-updown-15m-1762377300,1762377300,885,0.02,0.12,0.07,0.1,1605.18,42,0.88,0.98,5
btc-updown-15m-1762377300,1762377300,890,0.03,0.12,0.075,0.09,1814.17,21,0.88,0.97,22
btc-updown-15m-1762377300,1762377300,895,0.01,0.02,0.015,0.01,1468.17,34.22,0.98,0.99,31
btc-updown-15m-1762377300,1762377300,897,0.01,0.03,0.02,0.02,1497.05,15,0.97,0.99,294
btc-updown-15m-1762377300,1762377300,899,0.01,0.06,0.035,0.05,865.84,16,0.94,0.99,26
btc-updown-15m-1762377300,1762377300,900,0.01,0.06,0.035,0.05,852.84,15,0.94,0.99,81
btc-updown-15m-1762385400,1762385400,0,0.46,0.49,0.475,0.03,48,44.73,0.51,0.54,3803
btc-updown-15m-1762385400,1762385400,15,0.46,0.49,0.475,0.03,41.47,39.54,0.51,0.54,202
btc-updown-15m-1762385400,1762385400,30,0.48,0.52,0.5,0.04,306.77,91,0.48,0.52,8
btc-updown-15m-1762385400,1762385400,45,0.47,0.48,0.475,0.01,52.88,258.18,0.52,0.53,2
btc-updown-15m-1762385400,1762385400,60,0.46,0.49,0.475,0.03,105,50,0.51,0.54,2
btc-updown-15m-1762385400,1762385400,75,0.47,0.51,0.49,0.04,60,251.2,0.49,0.53,454
btc-updown-15m-1762385400,1762385400,90,0.49,0.53,0.51,0.04,132,73,0.47,0.51,108
btc-updown-15m-1762385400,1762385400,105,0.39,0.44,0.415,0.05,212.4,177,0.56,0.61,17
btc-updown-15m-1762385400,1762385400,120,0.37,0.42,0.395,0.05,176.4,96,0.58,0.63,25
btc-updown-15m-1762385400,1762385400,135,0.4,0.42,0.41,0.02,635,120.54,0.58,0.6,65
btc-updown-15m-1762385400,1762385400,150,0.47,0.49,0.48,0.02,103,309.72,0.51,0.53,310
btc-updown-15m-1762385400,1762385400,165,0.57,0.61,0.59,0.04,129.75,36,0.39,0.43,3
btc-updown-15m-1762385400,1762385400,180,0.65,0.67,0.66,0.02,315,41,0.33,0.35,33
btc-updown-15m-1762385400,1762385400,195,0.51,0.52,0.515,0.01,106,80,0.48,0.49,10
btc-updown-15m-1762385400,1762385400,210,0.43,0.47,0.45,0.04,98.85,55,0.53,0.57,3
btc-updown-15m-1762385400,1762385400,225,0.42,0.44,0.43,0.02,807,90,0.56,0.58,40
btc-updown-15m-1762385400,1762385400,240,0.46,0.47,0.465,0.01,125,52.57,0.53,0.54,48
btc-updown-15m-1762385400,1762385400,255,0.46,0.48,0.47,0.02,66,57.53,0.52,0.54,109
btc-updown-15m-1762385400,1762385400,270,0.47,0.52,0.495,0.05,91,87.24,0.48,0.53,73
btc-updown-15m-1762385400,1762385400,285,0.42,0.49,0.455,0.07,895.86,233,0.51,0.58,98
btc-updown-15m-1762385400,1762385400,300,0.48,0.52,0.5,0.04,166.56,132.24,0.48,0.52,139
btc-updown-15m-1762385400,1762385400,315,0.42,0.43,0.425,0.01,881.56,75,0.57,0.58,93
btc-updown-15m-1762385400,1762385400,330,0.31,0.33,0.32,0.02,60,66,0.67,0.69,10
btc-updown-15m-1762385400,1762385400,345,0.26,0.29,0.275,0.03,290,228,0.71,0.74,44
btc-updown-15m-1762385400,1762385400,360,0.26,0.28,0.27,0.02,71,252.9,0.72,0.74,12
btc-updown-15m-1762385400,1762385400,375,0.35,0.39,0.37,0.04,132,60,0.61,0.65,44
btc-updown-15m-1762385400,1762385400,390,0.33,0.37,0.35,0.04,15,187.2,0.63,0.67,414
btc-updown-15m-1762385400,1762385400,405,0.36,0.4,0.38,0.04,106,203.4,0.6,0.64,112
btc-updown-15m-1762385400,1762385400,420,0.44,0.47,0.455,0.03,76,30,0.53,0.56,13
btc-updown-15m-1762385400,1762385400,435,0.38,0.42,0.4,0.04,83,66,0.58,0.62,5
btc-updown-15m-1762385400,1762385400,450,0.41,0.49,0.45,0.08,245.63,867.23,0.51,0.59,6
btc-updown-15m-1762385400,1762385400,465,0.38,0.42,0.4,0.04,89,98.36,0.58,0.62,24
btc-updown-15m-1762385400,1762385400,480,0.54,0.56,0.55,0.02,20,57,0.44,0.46,7
btc-updown-15m-1762385400,1762385400,495,0.41,0.45,0.43,0.04,250.4,66,0.55,0.59,24
btc-updown-15m-1762385400,1762385400,510,0.44,0.49,0.465,0.05,55,181.5,0.51,0.56,122
btc-updown-15m-1762385400,1762385400,525,0.4,0.45,0.425,0.05,12.36,189.9,0.55,0.6,2
btc-updown-15m-1762385400,1762385400,540,0.36,0.41,0.385,0.05,95,162.1,0.59,0.64,12
btc-updown-15m-1762385400,1762385400,555,0.3,0.33,0.315,0.03,57,55.95,0.67,0.7,14
btc-updown-15m-1762385400,1762385400,570,0.27,0.31,0.29,0.04,221.64,32,0.69,0.73,902
btc-updown-15m-1762385400,1762385400,585,0.26,0.29,0.275,0.03,114.64,82.63,0.71,0.74,52
btc-updown-15m-1762385400,1762385400,600,0.22,0.27,0.245,0.05,144.46,89.99,0.73,0.78,27
btc-updown-15m-1762385400,1762385400,615,0.43,0.49,0.46,0.06,103,31,0.51,0.57,8
btc-updown-15m-1762385400,1762385400,630,0.45,0.48,0.465,0.03,47,199.4,0.52,0.55,114
btc-updown-15m-1762385400,1762385400,645,0.37,0.4,0.385,0.03,66,73,0.6,0.63,11
btc-updown-15m-1762385400,1762385400,660,0.36,0.42,0.39,0.06,74,104.5,0.58,0.64,1
btc-updown-15m-1762385400,1762385400,675,0.25,0.31,0.28,0.06,64.9,170.3,0.69,0.75,0
btc-updown-15m-1762385400,1762385400,690,0.33,0.34,0.335,0.01,35,35,0.66,0.67,2
btc-updown-15m-1762385400,1762385400,705,0.47,0.52,0.495,0.05,144,198.4,0.48,0.53,208
btc-updown-15m-1762385400,1762385400,720,0.56,0.6,0.58,0.04,43,244.36,0.4,0.44,20
btc-updown-15m-1762385400,1762385400,735,0.48,0.52,0.5,0.04,175.2,66,0.48,0.52,78
btc-updown-15m-1762385400,1762385400,750,0.3,0.32,0.31,0.02,56.32,81.2,0.68,0.7,58
btc-updown-15m-1762385400,1762385400,765,0.52,0.6,0.56,0.08,83.9,223.76,0.4,0.48,1
btc-updown-15m-1762385400,1762385400,780,0.63,0.73,0.68,0.1,107,261.5,0.27,0.37,10
btc-updown-15m-1762385400,1762385400,795,0.64,0.7,0.67,0.06,20,66,0.3,0.36,2
btc-updown-15m-1762385400,1762385400,810,0.6,0.68,0.64,0.08,26,80,0.32,0.4,17
btc-updown-15m-1762385400,1762385400,825,0.65,0.71,0.68,0.06,35.9,102,0.29,0.35,20
btc-updown-15m-1762385400,1762385400,840,0.9,0.94,0.92,0.04,670.13,517,0.06,0.1,3
btc-updown-15m-1762385400,1762385400,845,0.93,0.96,0.945,0.03,326,678.39,0.04,0.07,30
btc-updown-15m-1762385400,1762385400,850,0.91,0.95,0.93,0.04,387.34,573.12,0.05,0.09,34
btc-updown-15m-1762385400,1762385400,855,0.95,0.98,0.965,0.03,35.83,1530.28,0.02,0.05,87
btc-updown-15m-1762385400,1762385400,860,0.99,,,,1447.6,0,,0.01,147
btc-updown-15m-1762385400,1762385400,865,0.99,,,,1540.55,0,,0.01,537
btc-updown-15m-1762385400,1762385400,870,0.99,,,,1825.35,0,,0.01,588
btc-updown-15m-1762385400,1762385400,875,0.99,,,,1830.35,0,,0.01,720
btc-updown-15m-1762385400,1762385400,880,0.99,,,,1958.76,0,,0.01,142
btc-updown-15m-1762385400,1762385400,885,0.99,,,,1938.56,0,,0.01,726
btc-updown-15m-1762385400,1762385400,890,0.99,,,,2019.76,0,,0.01,624
btc-updown-15m-1762385400,1762385400,895,0.99,,,,2077.92,0,,0.01,723
btc-updown-15m-1762385400,1762385400,897,0.99,,,,2077.92,0,,0.01,1721
btc-updown-15m-1762385400,1762385400,899,0.99,,,,2440.92,0,,0.01,209
btc-updown-15m-1762385400,1762385400,900,0.99,,,,2440.92,0,,0.01,632
btc-updown-15m-1762394400,1762394400,0,0.4,0.47,0.435,0.07,39.66,459.88,0.53,0.6,114
btc-updown-15m-1762394400,1762394400,15,0.45,0.55,0.5,0.1,58,45,0.45,0.55,29
btc-updown-15m-1762394400,1762394400,30,0.55,0.6,0.575,0.05,175.5,41,0.4,0.45,2
btc-updown-15m-1762394400,1762394400,45,0.51,0.55,0.53,0.04,330,97.1,0.45,0.49,32
btc-updown-15m-1762394400,1762394400,60,0.39,0.47,0.43,0.08,149.42,118,0.53,0.61,7
btc-updown-15m-1762394400,1762394400,75,0.48,0.51,0.495,0.03,393,108.96,0.49,0.52,31
btc-updown-15m-1762394400,1762394400,90,0.48,0.49,0.485,0.01,144.84,131.69,0.51,0.52,131
btc-updown-15m-1762394400,1762394400,105,0.36,0.38,0.37,0.02,77.78,66,0.62,0.64,4
btc-updown-15m-1762394400,1762394400,120,0.34,0.37,0.355,0.03,60.81,80,0.63,0.66,2
btc-updown-15m-1762394400,1762394400,135,0.3,0.31,0.305,0.01,576,81.38,0.69,0.7,216
btc-updown-15m-1762394400,1762394400,150,0.38,0.42,0.4,0.04,122.35,70,0.58,0.62,3
btc-updown-15m-1762394400,1762394400,165,0.34,0.39,0.365,0.05,186.6,55,0.61,0.66,6
btc-updown-15m-1762394400,1762394400,180,0.34,0.38,0.36,0.04,105.9,81,0.62,0.66,14
btc-updown-15m-1762394400,1762394400,195,0.33,0.35,0.34,0.02,36,237.1,0.65,0.67,13
btc-updown-15m-1762394400,1762394400,210,0.3,0.31,0.305,0.01,563,70.86,0.69,0.7,155
btc-updown-15m-1762394400,1762394400,225,0.28,0.31,0.295,0.03,583.1,226,0.69,0.72,16
btc-updown-15m-1762394400,1762394400,240,0.28,0.31,0.295,0.03,660.1,190.02,0.69,0.72,67
btc-updown-15m-1762394400,1762394400,255,0.31,0.36,0.335,0.05,269.22,76.86,0.64,0.69,0
btc-updown-15m-1762394400,1762394400,270,0.31,0.36,0.335,0.05,99.52,72.22,0.64,0.69,13
btc-updown-15m-1762394400,1762394400,285,0.22,0.27,0.245,0.05,160.5,148.72,0.73,0.78,8
btc-updown-15m-1762394400,1762394400,300,0.18,0.22,0.2,0.04,1045,136.6,0.78,0.82,12
btc-updown-15m-1762394400,1762394400,315,0.32,0.35,0.335,0.03,269,63.25,0.65,0.68,70
btc-updown-15m-1762394400,1762394400,330,0.3,0.33,0.315,0.03,60,47.18,0.67,0.7,19
btc-updown-15m-1762394400,1762394400,345,0.24,0.27,0.255,0.03,41,104.8,0.73,0.76,28
btc-updown-15m-1762394400,1762394400,360,0.2,0.25,0.225,0.05,319.5,82.68,0.75,0.8,131
btc-updown-15m-1762394400,1762394400,375,0.16,0.2,0.18,0.04,62.94,117.28,0.8,0.84,4
btc-updown-15m-1762394400,1762394400,390,0.15,0.17,0.16,0.02,272.31,175.41,0.83,0.85,10
btc-updown-15m-1762394400,1762394400,405,0.13,0.16,0.145,0.03,1559.54,126,0.84,0.87,1
btc-updown-15m-1762394400,1762394400,420,0.13,0.16,0.145,0.03,1196.6,84.06,0.84,0.87,19
btc-updown-15m-1762394400,1762394400,435,0.18,0.21,0.195,0.03,55.25,132.19,0.79,0.82,20
btc-updown-15m-1762394400,1762394400,450,0.21,0.24,0.225,0.03,44.79,51,0.76,0.79,108
btc-updown-15m-1762394400,1762394400,465,0.17,0.21,0.19,0.04,27,121.15,0.79,0.83,29
btc-updown-15m-1762394400,1762394400,480,0.19,0.23,0.21,0.04,202.52,72.3,0.77,0.81,3
btc-updown-15m-1762394400,1762394400,495,0.33,0.37,0.35,0.04,50,118.83,0.63,0.67,0
btc-updown-15m-1762394400,1762394400,510,0.4,0.48,0.44,0.08,75,267.96,0.52,0.6,20
btc-updown-15m-1762394400,1762394400,525,0.33,0.36,0.345,0.03,57,110,0.64,0.67,0
btc-updown-15m-1762394400,1762394400,540,0.25,0.29,0.27,0.04,69.7,55,0.71,0.75,8
btc-updown-15m-1762394400,1762394400,555,0.14,0.16,0.15,0.02,76,56.31,0.84,0.86,0
btc-updown-15m-1762394400,1762394400,570,0.14,0.17,0.155,0.03,1127.38,31,0.83,0.86,25
btc-updown-15m-1762394400,1762394400,585,0.14,0.16,0.15,0.02,1101,60,0.84,0.86,59
btc-updown-15m-1762394400,1762394400,600,0.07,0.09,0.08,0.02,287,67.52,0.91,0.93,77
btc-updown-15m-1762394400,1762394400,615,0.04,0.08,0.06,0.04,474,283.6,0.92,0.96,48
btc-updown-15m-1762394400,1762394400,630,0.05,0.06,0.055,0.01,2168.52,283.25,0.94,0.95,34
btc-updown-15m-1762394400,1762394400,645,0.05,0.07,0.06,0.02,1237.13,279.74,0.93,0.95,72
btc-updown-15m-1762394400,1762394400,660,0.03,0.05,0.04,0.02,2998.64,379.74,0.95,0.97,195
btc-updown-15m-1762394400,1762394400,675,0.03,0.05,0.04,0.02,2784.23,464.95,0.95,0.97,215
btc-updown-15m-1762394400,1762394400,690,0.01,0.03,0.02,0.02,733.53,1641.53,0.97,0.99,81
btc-updown-15m-1762394400,1762394400,705,0.01,0.03,0.02,0.02,582.3,1961.51,0.97,0.99,127
btc-updown-15m-1762394400,1762394400,720,,0.02,,,0,930.14,0.98,,40
btc-updown-15m-1762394400,1762394400,735,,0.03,,,0,1858.38,0.97,,208
btc-updown-15m-1762394400,1762394400,750,,0.01,,,0,840.83,0.99,,24
btc-updown-15m-1762394400,1762394400,765,,0.01,,,0,948.85,0.99,,1481
btc-updown-15m-1762394400,1762394400,780,,0.01,,,0,920.28,0.99,,2765
btc-updown-15m-1762394400,1762394400,795,,0.01,,,0,1897.46,0.99,,754
btc-updown-15m-1762394400,1762394400,810,,0.01,,,0,1992.56,0.99,,762
btc-updown-15m-1762394400,1762394400,825,,0.01,,,0,5143.53,0.99,,306
btc-updown-15m-1762394400,1762394400,840,,0.01,,,0,5123.33,0.99,,766
btc-updown-15m-1762394400,1762394400,845,,0.01,,,0,5443.53,0.99,,764
btc-updown-15m-1762394400,1762394400,850,,0.01,,,0,5843.53,0.99,,374
btc-updown-15m-1762394400,1762394400,855,,0.01,,,0,5823.33,0.99,,766
btc-updown-15m-1762394400,1762394400,860,,0.01,,,0,4997.56,0.99,,760
btc-updown-15m-1762394400,1762394400,865,,0.01,,,0,4997.56,0.99,,763
btc-updown-15m-1762394400,1762394400,870,,0.01,,,0,4882.36,0.99,,763
btc-updown-15m-1762394400,1762394400,875,,0.01,,,0,4887.36,0.99,,729
btc-updown-15m-1762394400,1762394400,880,,0.01,,,0,4907.56,0.99,,699
btc-updown-15m-1762394400,1762394400,885,,0.01,,,0,4953.01,0.99,,93
btc-updown-15m-1762394400,1762394400,890,,0.01,,,0,4953.01,0.99,,762
btc-updown-15m-1762394400,1762394400,895,,0.01,,,0,4998.21,0.99,,759
btc-updown-15m-1762394400,1762394400,897,,0.01,,,0,4998.21,0.99,,1760
btc-updown-15m-1762394400,1762394400,899,,0.01,,,0,5416.21,0.99,,9
btc-updown-15m-1762394400,1762394400,900,,0.01,,,0,5401.01,0.99,,288
btc-updown-15m-1762402500,1762402500,0,0.51,0.55,0.53,0.04,103.73,73.05,0.45,0.49,2437
btc-updown-15m-1762402500,1762402500,15,0.53,0.56,0.545,0.03,114.33,61.91,0.44,0.47,20
btc-updown-15m-1762402500,1762402500,30,0.53,0.56,0.545,0.03,377.33,115.12,0.44,0.47,537
btc-updown-15m-1762402500,1762402500,45,0.52,0.56,0.54,0.04,279.99,163.12,0.44,0.48,228
btc-updown-15m-1762402500,1762402500,60,0.43,0.48,0.455,0.05,292.3,98.05,0.52,0.57,17
btc-updown-15m-1762402500,1762402500,75,0.37,0.39,0.38,0.02,27.98,28.05,0.61,0.63,14
btc-updown-15m-1762402500,1762402500,90,0.37,0.41,0.39,0.04,525.97,40,0.59,0.63,25
btc-updown-15m-1762402500,1762402500,105,0.38,0.41,0.395,0.03,83.66,67.56,0.59,0.62,17
btc-updown-15m-1762402500,1762402500,120,0.38,0.39,0.385,0.01,81,58.43,0.61,0.62,388
btc-updown-15m-1762402500,1762402500,135,0.34,0.39,0.365,0.05,50.09,170.43,0.61,0.66,13
btc-updown-15m-1762402500,1762402500,150,0.33,0.38,0.355,0.05,229.4,159.43,0.62,0.67,0
btc-updown-15m-1762402500,1762402500,165,0.37,0.41,0.39,0.04,86.12,55,0.59,0.63,48
btc-updown-15m-1762402500,1762402500,180,0.36,0.38,0.37,0.02,123.1,79.27,0.62,0.64,58
btc-updown-15m-1762402500,1762402500,195,0.47,0.48,0.475,0.01,313.5,340.18,0.52,0.53,14
btc-updown-15m-1762402500,1762402500,210,0.53,0.56,0.545,0.03,106,45.23,0.44,0.47,40
btc-updown-15m-1762402500,1762402500,225,0.48,0.51,0.495,0.03,112,92.24,0.49,0.52,15
btc-updown-15m-1762402500,1762402500,240,0.43,0.47,0.45,0.04,145.6,153.91,0.53,0.57,12
btc-updown-15m-1762402500,1762402500,255,0.4,0.43,0.415,0.03,151.81,30,0.57,0.6,0
btc-updown-15m-1762402500,1762402500,270,0.35,0.4,0.375,0.05,202.6,159.02,0.6,0.65,0
btc-updown-15m-1762402500,1762402500,285,0.3,0.32,0.31,0.02,530.1,200.09,0.68,0.7,90
btc-updown-15m-1762402500,1762402500,300,0.37,0.41,0.39,0.04,171.26,80,0.59,0.63,124
btc-updown-15m-1762402500,1762402500,315,0.38,0.43,0.405,0.05,136.73,120,0.57,0.62,1
btc-updown-15m-1762402500,1762402500,330,0.31,0.36,0.335,0.05,529.87,90.14,0.64,0.69,17
btc-updown-15m-1762402500,1762402500,345,0.3,0.35,0.325,0.05,574.11,85.14,0.65,0.7,26
btc-updown-15m-1762402500,1762402500,360,0.41,0.47,0.44,0.06,182.18,217.9,0.53,0.59,27
btc-updown-15m-1762402500,1762402500,375,0.52,0.57,0.545,0.05,117.4,43.48,0.43,0.48,2
btc-updown-15m-1762402500,1762402500,390,0.45,0.48,0.465,0.03,66.98,48.58,0.52,0.55,46
btc-updown-15m-1762402500,1762402500,405,0.35,0.36,0.355,0.01,111,51,0.64,0.65,47
btc-updown-15m-1762402500,1762402500,420,0.32,0.35,0.335,0.03,355.14,70,0.65,0.68,127
btc-updown-15m-1762402500,1762402500,435,0.32,0.35,0.335,0.03,368.6,222,0.65,0.68,27
btc-updown-15m-1762402500,1762402500,450,0.33,0.39,0.36,0.06,153.41,78,0.61,0.67,103
btc-updown-15m-1762402500,1762402500,465,0.28,0.34,0.31,0.06,89.9,269,0.66,0.72,27
btc-updown-15m-1762402500,1762402500,480,0.25,0.27,0.26,0.02,124.9,30.39,0.73,0.75,97
btc-updown-15m-1762402500,1762402500,495,0.34,0.39,0.365,0.05,116.41,190,0.61,0.66,346
btc-updown-15m-1762402500,1762402500,510,0.34,0.37,0.355,0.03,96,49.58,0.63,0.66,104
btc-updown-15m-1762402500,1762402500,525,0.34,0.37,0.355,0.03,96,65.58,0.63,0.66,87
btc-updown-15m-1762402500,1762402500,540,0.34,0.38,0.36,0.04,131.85,52,0.62,0.66,287
btc-updown-15m-1762402500,1762402500,555,0.36,0.41,0.385,0.05,113.09,76,0.59,0.64,9
btc-updown-15m-1762402500,1762402500,570,0.45,0.48,0.465,0.03,216.3,58.58,0.52,0.55,2
btc-updown-15m-1762402500,1762402500,585,0.5,0.55,0.525,0.05,145,76.9,0.45,0.5,10
btc-updown-15m-1762402500,1762402500,600,0.54,0.59,0.565,0.05,116.68,976,0.41,0.46,20
btc-updown-15m-1762402500,1762402500,615,0.55,0.6,0.575,0.05,41.53,1050.73,0.4,0.45,3
btc-updown-15m-1762402500,1762402500,630,0.54,0.59,0.565,0.05,83.08,1038.43,0.41,0.46,188
btc-updown-15m-1762402500,1762402500,645,0.45,0.49,0.47,0.04,108.83,220.6,0.51,0.55,4
btc-updown-15m-1762402500,1762402500,660,0.37,0.45,0.41,0.08,131.83,18,0.55,0.63,142
btc-updown-15m-1762402500,1762402500,675,0.26,0.27,0.265,0.01,50,45.08,0.73,0.74,114
btc-updown-15m-1762402500,1762402500,690,0.28,0.38,0.33,0.1,79.3,25,0.62,0.72,15
btc-updown-15m-1762402500,1762402500,705,0.22,0.27,0.245,0.05,363,41,0.73,0.78,23
btc-updown-15m-1762402500,1762402500,720,0.38,0.45,0.415,0.07,84,217.4,0.55,0.62,48
btc-updown-15m-1762402500,1762402500,735,0.45,0.49,0.47,0.04,170.13,22,0.51,0.55,17
btc-updown-15m-1762402500,1762402500,750,0.42,0.49,0.455,0.07,118.68,55,0.51,0.58,82
btc-updown-15m-1762402500,1762402500,765,0.43,0.5,0.465,0.07,83.5,184,0.5,0.57,257
btc-updown-15m-1762402500,1762402500,780,0.41,0.52,0.465,0.11,140.53,380.38,0.48,0.59,41
btc-updown-15m-1762402500,1762402500,795,0.16,0.22,0.19,0.06,87.49,91.1,0.78,0.84,34
btc-updown-15m-1762402500,1762402500,810,0.05,0.11,0.08,0.06,669.25,40,0.89,0.95,86
btc-updown-15m-1762402500,1762402500,825,0.1,0.2,0.15,0.1,284.36,32.76,0.8,0.9,65
btc-updown-15m-1762402500,1762402500,840,0.07,0.13,0.1,0.06,196.96,40,0.87,0.93,0
btc-updown-15m-1762402500,1762402500,845,0.05,0.12,0.085,0.07,560.55,37,0.88,0.95,125
btc-updown-15m-1762402500,1762402500,850,0.05,0.1,0.075,0.05,549.6,21,0.9,0.95,108
btc-updown-15m-1762402500,1762402500,855,0.29,0.58,0.435,0.29,37,841.43,0.42,0.71,0
btc-updown-15m-1762402500,1762402500,860,0.35,0.6,0.475,0.25,36,850.43,0.4,0.65,6
btc-updown-15m-1762402500,1762402500,865,0.29,0.45,0.37,0.16,31,26,0.55,0.71,3
btc-updown-15m-1762402500,1762402500,870,0.03,0.36,0.195,0.33,1542.73,46,0.64,0.97,4
btc-updown-15m-1762402500,1762402500,875,0.21,0.4,0.305,0.19,839.17,51,0.6,0.79,148
btc-updown-15m-1762402500,1762402500,880,0.03,0.22,0.125,0.19,1542.73,752.14,0.78,0.97,4
btc-updown-15m-1762402500,1762402500,885,0.03,0.13,0.08,0.1,1320.47,26,0.87,0.97,12
btc-updown-15m-1762402500,1762402500,890,0.01,0.04,0.025,0.03,541.15,59,0.96,0.99,12
btc-updown-15m-1762402500,1762402500,895,,0.01,,,0,250.43,0.99,,146
btc-updown-15m-1762402500,1762402500,897,,0.01,,,0,3556.99,0.99,,306
btc-updown-15m-1762402500,1762402500,899,,0.01,,,0,3689.19,0.99,,212
btc-updown-15m-1762402500,1762402500,900,,0.01,,,0,3167.19,0.99,,234
btc-updown-15m-1762411500,1762411500,0,0.5,0.54,0.52,0.04,229.5,60,0.46,0.5,217
btc-updown-15m-1762411500,1762411500,15,0.46,0.5,0.48,0.04,15,87.39,0.5,0.54,16
btc-updown-15m-1762411500,1762411500,30,0.46,0.47,0.465,0.01,125,193,0.53,0.54,153
btc-updown-15m-1762411500,1762411500,45,0.39,0.43,0.41,0.04,15,250,0.57,0.61,3
btc-updown-15m-1762411500,1762411500,60,0.51,0.55,0.53,0.04,102,68.35,0.45,0.49,1
btc-updown-15m-1762411500,1762411500,75,0.55,0.56,0.555,0.01,228.76,45.6,0.44,0.45,18
btc-updown-15m-1762411500,1762411500,90,0.52,0.57,0.545,0.05,50,373.05,0.43,0.48,3
btc-updown-15m-1762411500,1762411500,105,0.45,0.5,0.475,0.05,215.7,228,0.5,0.55,12
btc-updown-15m-1762411500,1762411500,120,0.4,0.42,0.41,0.02,88.25,64.25,0.58,0.6,1597
btc-updown-15m-1762411500,1762411500,135,0.55,0.57,0.56,0.02,71,35,0.43,0.45,0
btc-updown-15m-1762411500,1762411500,150,0.54,0.55,0.545,0.01,76.55,165,0.45,0.46,1
btc-updown-15m-1762411500,1762411500,165,0.52,0.56,0.54,0.04,207,88.68,0.44,0.48,7
btc-updown-15m-1762411500,1762411500,180,0.55,0.59,0.57,0.04,152,152.05,0.41,0.45,89
btc-updown-15m-1762411500,1762411500,195,0.58,0.59,0.585,0.01,133.68,212.63,0.41,0.42,66
btc-updown-15m-1762411500,1762411500,210,0.53,0.56,0.545,0.03,380,61,0.44,0.47,16
btc-updown-15m-1762411500,1762411500,225,0.52,0.56,0.54,0.04,413.7,65,0.44,0.48,1
btc-updown-15m-1762411500,1762411500,240,0.59,0.63,0.61,0.04,265,68.05,0.37,0.41,73
btc-updown-15m-1762411500,1762411500,255,0.62,0.65,0.635,0.03,91,124.92,0.35,0.38,25
btc-updown-15m-1762411500,1762411500,270,0.69,0.73,0.71,0.04,86.97,145,0.27,0.31,23
btc-updown-15m-1762411500,1762411500,285,0.7,0.71,0.705,0.01,65.97,170,0.29,0.3,3126
btc-updown-15m-1762411500,1762411500,300,0.67,0.7,0.685,0.03,175,133.18,0.3,0.33,72
btc-updown-15m-1762411500,1762411500,315,0.67,0.71,0.69,0.04,170,48.51,0.29,0.33,27
btc-updown-15m-1762411500,1762411500,330,0.54,0.58,0.56,0.04,42,91.28,0.42,0.46,29
btc-updown-15m-1762411500,1762411500,345,0.49,0.54,0.515,0.05,123,82.63,0.46,0.51,23
btc-updown-15m-1762411500,1762411500,360,0.46,0.49,0.475,0.03,169,76.52,0.51,0.54,22
btc-updown-15m-1762411500,1762411500,375,0.38,0.43,0.405,0.05,405.05,17.52,0.57,0.62,23
btc-updown-15m-1762411500,1762411500,390,0.39,0.42,0.405,0.03,172,46,0.58,0.61,99
btc-updown-15m-1762411500,1762411500,405,0.38,0.42,0.4,0.04,377.45,65,0.58,0.62,172
btc-updown-15m-1762411500,1762411500,420,0.37,0.41,0.39,0.04,469.26,106,0.59,0.63,29
btc-updown-15m-1762411500,1762411500,435,0.38,0.41,0.395,0.03,98.63,55,0.59,0.62,1
btc-updown-15m-1762411500,1762411500,450,0.37,0.44,0.405,0.07,290.63,51,0.56,0.63,45
btc-updown-15m-1762411500,1762411500,465,0.33,0.35,0.34,0.02,21,263.02,0.65,0.67,33
btc-updown-15m-1762411500,1762411500,480,0.31,0.36,0.335,0.05,264,38,0.64,0.69,19
btc-updown-15m-1762411500,1762411500,495,0.29,0.32,0.305,0.03,732.95,76,0.68,0.71,7
btc-updown-15m-1762411500,1762411500,510,0.29,0.33,0.31,0.04,151,294,0.67,0.71,0
btc-updown-15m-1762411500,1762411500,525,0.32,0.34,0.33,0.02,153,481,0.66,0.68,4
btc-updown-15m-1762411500,1762411500,540,0.39,0.4,0.395,0.01,109.3,37.85,0.6,0.61,8
btc-updown-15m-1762411500,1762411500,555,0.4,0.41,0.405,0.01,106,71,0.59,0.6,25
btc-updown-15m-1762411500,1762411500,570,0.32,0.35,0.335,0.03,112,86.14,0.65,0.68,638
btc-updown-15m-1762411500,1762411500,585,0.3,0.34,0.32,0.04,144.15,47,0.66,0.7,0
btc-updown-15m-1762411500,1762411500,600,0.34,0.37,0.355,0.03,218.2,48,0.63,0.66,12
btc-updown-15m-1762411500,1762411500,615,0.34,0.36,0.35,0.02,132.6,60,0.64,0.66,23
btc-updown-15m-1762411500,1762411500,630,0.35,0.38,0.365,0.03,43.88,64.43,0.62,0.65,19
btc-updown-15m-1762411500,1762411500,645,0.43,0.47,0.45,0.04,92.35,303,0.53,0.57,12
btc-updown-15m-1762411500,1762411500,660,0.58,0.6,0.59,0.02,79.73,212.7,0.4,0.42,1
btc-updown-15m-1762411500,1762411500,675,0.56,0.58,0.57,0.02,36.06,68.37,0.42,0.44,26
btc-updown-15m-1762411500,1762411500,690,0.6,0.64,0.62,0.04,56.64,124.3,0.36,0.4,3
btc-updown-15m-1762411500,1762411500,705,0.68,0.73,0.705,0.05,248,30.61,0.27,0.32,0
btc-updown-15m-1762411500,1762411500,720,0.61,0.65,0.63,0.04,44.7,68.1,0.35,0.39,11
btc-updown-15m-1762411500,1762411500,735,0.63,0.68,0.655,0.05,32,56.3,0.32,0.37,0
btc-updown-15m-1762411500,1762411500,750,0.63,0.69,0.66,0.06,246.87,21.1,0.31,0.37,3
btc-updown-15m-1762411500,1762411500,765,0.6,0.64,0.62,0.04,21,54,0.36,0.4,27
btc-updown-15m-1762411500,1762411500,780,0.22,0.28,0.25,0.06,288.9,49.33,0.72,0.78,10
btc-updown-15m-1762411500,1762411500,795,0.27,0.32,0.295,0.05,72,20,0.68,0.73,6
btc-updown-15m-1762411500,1762411500,810,0.2,0.27,0.235,0.07,112.87,150,0.73,0.8,2
btc-updown-15m-1762411500,1762411500,825,0.16,0.24,0.2,0.08,91,15,0.76,0.84,1
btc-updown-15m-1762411500,1762411500,840,0.17,0.24,0.205,0.07,108.72,65.38,0.76,0.83,50
btc-updown-15m-1762411500,1762411500,845,0.2,0.22,0.21,0.02,155,55.78,0.78,0.8,7
btc-updown-15m-1762411500,1762411500,850,0.13,0.19,0.16,0.06,156,81.78,0.81,0.87,9
btc-updown-15m-1762411500,1762411500,855,0.13,0.2,0.165,0.07,250,56,0.8,0.87,445
btc-updown-15m-1762411500,1762411500,860,0.08,0.11,0.095,0.03,345,514,0.89,0.92,3
btc-updown-15m-1762411500,1762411500,865,0.07,0.1,0.085,0.03,233.74,554.68,0.9,0.93,24
btc-updown-15m-1762411500,1762411500,870,0.03,0.1,0.065,0.07,1220.94,647.63,0.9,0.97,40
btc-updown-15m-1762411500,1762411500,875,0.03,0.08,0.055,0.05,1225.53,168.2,0.92,0.97,17
btc-updown-15m-1762411500,1762411500,880,0.02,0.04,0.03,0.02,1044.94,181.2,0.96,0.98,4
btc-updown-15m-1762411500,1762411500,885,0.02,0.04,0.03,0.02,872.1,93.2,0.96,0.98,169
btc-updown-15m-1762411500,1762411500,890,0.02,0.04,0.03,0.02,749.64,93.2,0.96,0.98,3803
btc-updown-15m-1762411500,1762411500,895,,0.01,,,0,402.73,0.99,,18
btc-updown-15m-1762411500,1762411500,897,,0.01,,,0,1240.34,0.99,,6
btc-updown-15m-1762411500,1762411500,899,,0.01,,,0,1372.19,0.99,,34
btc-updown-15m-1762411500,1762411500,900,,0.01,,,0,1377.19,0.99,,217
btc-updown-15m-1762425900,1762425900,0,0.48,0.5,0.49,0.02,360.22,276.34,0.5,0.52,578
btc-updown-15m-1762425900,1762425900,15,0.51,0.55,0.53,0.04,73.61,129,0.45,0.49,36
btc-updown-15m-1762425900,1762425900,30,0.52,0.55,0.535,0.03,375,144.47,0.45,0.48,0
btc-updown-15m-1762425900,1762425900,45,0.53,0.55,0.54,0.02,335.12,98.18,0.45,0.47,71
btc-updown-15m-1762425900,1762425900,60,0.55,0.58,0.565,0.03,129.13,141.34,0.42,0.45,87
btc-updown-15m-1762425900,1762425900,75,0.64,0.66,0.65,0.02,165,50,0.34,0.36,1
btc-updown-15m-1762425900,1762425900,90,0.56,0.62,0.59,0.06,153.99,196.3,0.38,0.44,33
btc-updown-15m-1762425900,1762425900,105,0.58,0.59,0.585,0.01,69.43,90,0.41,0.42,336
btc-updown-15m-1762425900,1762425900,120,0.5,0.54,0.52,0.04,65,150.88,0.46,0.5,1
btc-updown-15m-1762425900,1762425900,135,0.58,0.61,0.595,0.03,66.48,85,0.39,0.42,208
btc-updown-15m-1762425900,1762425900,150,0.58,0.62,0.6,0.04,138,99.13,0.38,0.42,31
btc-updown-15m-1762425900,1762425900,165,0.43,0.47,0.45,0.04,283.72,39.91,0.53,0.57,34
btc-updown-15m-1762425900,1762425900,180,0.4,0.42,0.41,0.02,218.23,151,0.58,0.6,2
btc-updown-15m-1762425900,1762425900,195,0.35,0.37,0.36,0.02,1060.95,99.97,0.63,0.65,39
btc-updown-15m-1762425900,1762425900,210,0.32,0.33,0.325,0.01,72.64,87.31,0.67,0.68,10
btc-updown-15m-1762425900,1762425900,225,0.34,0.37,0.355,0.03,143.13,121,0.63,0.66,73
btc-updown-15m-1762425900,1762425900,240,0.3,0.35,0.325,0.05,139.22,352.93,0.65,0.7,2
btc-updown-15m-1762425900,1762425900,255,0.3,0.31,0.305,0.01,50.32,131,0.69,0.7,52
btc-updown-15m-1762425900,1762425900,270,0.29,0.32,0.305,0.03,26.03,104.28,0.68,0.71,201
btc-updown-15m-1762425900,1762425900,285,0.34,0.35,0.345,0.01,35,69,0.65,0.66,39
btc-updown-15m-1762425900,1762425900,300,0.34,0.38,0.36,0.04,325.48,1184.14,0.62,0.66,7
btc-updown-15m-1762425900,1762425900,315,0.32,0.36,0.34,0.04,151.26,87.84,0.64,0.68,132
btc-updown-15m-1762425900,1762425900,330,0.36,0.4,0.38,0.04,76,820.81,0.6,0.64,194
btc-updown-15m-1762425900,1762425900,345,0.31,0.35,0.33,0.04,35,96.3,0.65,0.69,18
btc-updown-15m-1762425900,1762425900,360,0.38,0.4,0.39,0.02,92.17,727.92,0.6,0.62,1
btc-updown-15m-1762425900,1762425900,375,0.48,0.5,0.49,0.02,128.04,266.9,0.5,0.52,27
btc-updown-15m-1762425900,1762425900,390,0.48,0.51,0.495,0.03,148.59,44.5,0.49,0.52,33
btc-updown-15m-1762425900,1762425900,405,0.57,0.61,0.59,0.04,60,313.12,0.39,0.43,10
btc-updown-15m-1762425900,1762425900,420,0.61,0.65,0.63,0.04,67.72,203.65,0.35,0.39,143
btc-updown-15m-1762425900,1762425900,435,0.57,0.62,0.595,0.05,85,130,0.38,0.43,58
btc-updown-15m-1762425900,1762425900,450,0.59,0.62,0.605,0.03,44.2,121,0.38,0.41,14
btc-updown-15m-1762425900,1762425900,465,0.62,0.66,0.64,0.04,80,71.82,0.34,0.38,30
btc-updown-15m-1762425900,1762425900,480,0.67,0.68,0.675,0.01,208,169.63,0.32,0.33,336
btc-updown-15m-1762425900,1762425900,495,0.59,0.62,0.605,0.03,33,258.02,0.38,0.41,2
btc-updown-15m-1762425900,1762425900,510,0.57,0.62,0.595,0.05,105,87.02,0.38,0.43,75
btc-updown-15m-1762425900,1762425900,525,0.66,0.7,0.68,0.04,61,356.35,0.3,0.34,67
btc-updown-15m-1762425900,1762425900,540,0.67,0.7,0.685,0.03,94,231.21,0.3,0.33,38
btc-updown-15m-1762425900,1762425900,555,0.67,0.69,0.68,0.02,55,170.89,0.31,0.33,27
btc-updown-15m-1762425900,1762425900,570,0.66,0.69,0.675,0.03,135.88,169.79,0.31,0.34,1
btc-updown-15m-1762425900,1762425900,585,0.68,0.73,0.705,0.05,63.17,161.94,0.27,0.32,33
btc-updown-15m-1762425900,1762425900,600,0.69,0.74,0.715,0.05,46,45,0.26,0.31,4
btc-updown-15m-1762425900,1762425900,615,0.7,0.73,0.715,0.03,362.25,36,0.27,0.3,152
btc-updown-15m-1762425900,1762425900,630,0.74,0.76,0.75,0.02,152,109.02,0.24,0.26,46
btc-updown-15m-1762425900,1762425900,645,0.75,0.81,0.78,0.06,163.11,119.71,0.19,0.25,8
btc-updown-15m-1762425900,1762425900,660,0.8,0.81,0.805,0.01,173,55.45,0.19,0.2,19
btc-updown-15m-1762425900,1762425900,675,0.86,0.9,0.88,0.04,35,189.8,0.1,0.14,51
btc-updown-15m-1762425900,1762425900,690,0.81,0.82,0.815,0.01,58.5,85.65,0.18,0.19,27
btc-updown-15m-1762425900,1762425900,705,0.82,0.86,0.84,0.04,284.49,110.56,0.14,0.18,212
btc-updown-15m-1762425900,1762425900,720,0.83,0.88,0.855,0.05,102.69,187.55,0.12,0.17,491
btc-updown-15m-1762425900,1762425900,735,0.83,0.86,0.845,0.03,265.22,45.1,0.14,0.17,50
btc-updown-15m-1762425900,1762425900,750,0.79,0.86,0.825,0.07,73,82.9,0.14,0.21,17
btc-updown-15m-1762425900,1762425900,765,0.79,0.82,0.805,0.03,218,15.52,0.18,0.21,41
btc-updown-15m-1762425900,1762425900,780,0.8,0.85,0.825,0.05,258.76,54.57,0.15,0.2,178
btc-updown-15m-1762425900,1762425900,795,0.69,0.76,0.725,0.07,101.88,101,0.24,0.31,9
btc-updown-15m-1762425900,1762425900,810,0.69,0.77,0.73,0.08,35,30,0.23,0.31,0
btc-updown-15m-1762425900,1762425900,825,0.72,0.79,0.755,0.07,75,35,0.21,0.28,73
btc-updown-15m-1762425900,1762425900,840,0.81,0.83,0.82,0.02,178.13,26.76,0.17,0.19,3
btc-updown-15m-1762425900,1762425900,845,0.8,0.91,0.855,0.11,235.25,279,0.09,0.2,29
btc-updown-15m-1762425900,1762425900,850,0.66,0.7,0.68,0.04,285.45,120.4,0.3,0.34,1
btc-updown-15m-1762425900,1762425900,855,0.55,0.59,0.57,0.04,93.46,94,0.41,0.45,13
btc-updown-15m-1762425900,1762425900,860,0.56,0.67,0.615,0.11,69.61,25,0.33,0.44,8
btc-updown-15m-1762425900,1762425900,865,0.57,0.71,0.64,0.14,59.61,40,0.29,0.43,8
btc-updown-15m-1762425900,1762425900,870,0.59,0.7,0.645,0.11,27.27,107.72,0.3,0.41,66
btc-updown-15m-1762425900,1762425900,875,0.59,0.71,0.65,0.12,35,62.72,0.29,0.41,30
btc-updown-15m-1762425900,1762425900,880,0.58,0.74,0.66,0.16,37.27,56.16,0.26,0.42,66
btc-updown-15m-1762425900,1762425900,885,0.64,0.77,0.705,0.13,20,20.79,0.23,0.36,74
btc-updown-15m-1762425900,1762425900,890,0.68,0.76,0.72,0.08,20,41,0.24,0.32,0
btc-updown-15m-1762425900,1762425900,895,0.68,0.74,0.71,0.06,25,27,0.26,0.32,71
btc-updown-15m-1762425900,1762425900,897,0.65,0.98,0.815,0.33,37,1439.87,0.02,0.35,9
btc-updown-15m-1762425900,1762425900,899,0.94,0.98,0.96,0.04,215.35,1276.82,0.02,0.06,0
btc-updown-15m-1762425900,1762425900,900,0.99,,,,741.34,0,,0.01,129
btc-updown-15m-1762434900,1762434900,0,0.41,0.47,0.44,0.06,249,126.9,0.53,0.59,2270
btc-updown-15m-1762434900,1762434900,15,0.48,0.49,0.485,0.01,15,38.64,0.51,0.52,88
btc-updown-15m-1762434900,1762434900,30,0.59,0.6,0.595,0.01,73,308.33,0.4,0.41,10
btc-updown-15m-1762434900,1762434900,45,0.54,0.57,0.555,0.03,30,68.63,0.43,0.46,20
btc-updown-15m-1762434900,1762434900,60,0.5,0.51,0.505,0.01,245,96.41,0.49,0.5,875
btc-updown-15m-1762434900,1762434900,75,0.45,0.51,0.48,0.06,115.38,35.95,0.49,0.55,71
btc-updown-15m-1762434900,1762434900,90,0.57,0.6,0.585,0.03,68.31,234.64,0.4,0.43,2
btc-updown-15m-1762434900,1762434900,105,0.7,0.73,0.715,0.03,141,119.6,0.27,0.3,3
btc-updown-15m-1762434900,1762434900,120,0.78,0.8,0.79,0.02,63,118.6,0.2,0.22,34
btc-updown-15m-1762434900,1762434900,135,0.83,0.85,0.84,0.02,51,88.5,0.15,0.17,18
btc-updown-15m-1762434900,1762434900,150,0.81,0.82,0.815,0.01,75,264.71,0.18,0.19,55
btc-updown-15m-1762434900,1762434900,165,0.82,0.86,0.84,0.04,126,308.4,0.14,0.18,93
btc-updown-15m-1762434900,1762434900,180,0.79,0.83,0.81,0.04,81,147.48,0.17,0.21,0
btc-updown-15m-1762434900,1762434900,195,0.8,0.84,0.82,0.04,40,185.08,0.16,0.2,4
btc-updown-15m-1762434900,1762434900,210,0.85,0.87,0.86,0.02,45,316.98,0.13,0.15,4
btc-updown-15m-1762434900,1762434900,225,0.79,0.85,0.82,0.06,124.91,115,0.15,0.21,11
btc-updown-15m-1762434900,1762434900,240,0.78,0.79,0.785,0.01,149.45,46.89,0.21,0.22,57
btc-updown-15m-1762434900,1762434900,255,0.73,0.75,0.74,0.02,86.5,54.32,0.25,0.27,16
btc-updown-15m-1762434900,1762434900,270,0.74,0.79,0.765,0.05,170,123.93,0.21,0.26,2
btc-updown-15m-1762434900,1762434900,285,0.84,0.86,0.85,0.02,194.35,250.6,0.14,0.16,36
btc-updown-15m-1762434900,1762434900,300,0.88,0.9,0.89,0.02,191.2,272,0.1,0.12,129
btc-updown-15m-1762434900,1762434900,315,0.82,0.83,0.825,0.01,115,166.62,0.17,0.18,36
btc-updown-15m-1762434900,1762434900,330,0.84,0.86,0.85,0.02,267.18,70,0.14,0.16,21
btc-updown-15m-1762434900,1762434900,345,0.86,0.88,0.87,0.02,49.39,253.55,0.12,0.14,23
btc-updown-15m-1762434900,1762434900,360,0.85,0.87,0.86,0.02,142.71,191.91,0.13,0.15,15
btc-updown-15m-1762434900,1762434900,375,0.81,0.84,0.825,0.03,273.39,134.8,0.16,0.19,6
btc-updown-15m-1762434900,1762434900,390,0.85,0.88,0.865,0.03,59.39,225.85,0.12,0.15,3
btc-updown-15m-1762434900,1762434900,405,0.87,0.9,0.885,0.03,88.39,217.14,0.1,0.13,2
btc-updown-15m-1762434900,1762434900,420,0.88,0.9,0.89,0.02,108.39,139.46,0.1,0.12,29
btc-updown-15m-1762434900,1762434900,435,0.92,0.94,0.93,0.02,139.39,262.9,0.06,0.08,19
btc-updown-15m-1762434900,1762434900,450,0.94,0.95,0.945,0.01,379.38,624.01,0.05,0.06,382
btc-updown-15m-1762434900,1762434900,465,0.95,0.97,0.96,0.02,650.38,1948.3,0.03,0.05,3
btc-updown-15m-1762434900,1762434900,480,0.97,0.98,0.975,0.01,583.39,1393.36,0.02,0.03,126
btc-updown-15m-1762434900,1762434900,495,0.98,0.99,0.985,0.01,710,1381.59,0.01,0.02,304
btc-updown-15m-1762434900,1762434900,510,0.98,0.99,0.985,0.01,785.5,688.23,0.01,0.02,107
btc-updown-15m-1762434900,1762434900,525,0.98,0.99,0.985,0.01,1042.11,937.56,0.01,0.02,33
btc-updown-15m-1762434900,1762434900,540,0.98,0.99,0.985,0.01,624.27,777.56,0.01,0.02,109
btc-updown-15m-1762434900,1762434900,555,0.98,0.99,0.985,0.01,815.66,637.09,0.01,0.02,359
btc-updown-15m-1762434900,1762434900,570,0.98,0.99,0.985,0.01,1072.07,73.15,0.01,0.02,1
btc-updown-15m-1762434900,1762434900,585,0.98,0.99,0.985,0.01,1472.07,163.15,0.01,0.02,247
btc-updown-15m-1762434900,1762434900,600,0.99,,,,1741.09,0,,0.01,24
btc-updown-15m-1762434900,1762434900,615,0.99,,,,1719.74,0,,0.01,39
btc-updown-15m-1762434900,1762434900,630,0.99,,,,2728.59,0,,0.01,91
btc-updown-15m-1762434900,1762434900,645,0.99,,,,2823.59,0,,0.01,201
btc-updown-15m-1762434900,1762434900,660,0.99,,,,3633.59,0,,0.01,22
btc-updown-15m-1762434900,1762434900,675,0.99,,,,4028.59,0,,0.01,106
btc-updown-15m-1762434900,1762434900,690,0.99,,,,4033.59,0,,0.01,58
btc-updown-15m-1762434900,1762434900,705,0.99,,,,4817.46,0,,0.01,45
btc-updown-15m-1762434900,1762434900,720,0.99,,,,4802.46,0,,0.01,73
btc-updown-15m-1762434900,1762434900,735,0.99,,,,4284.34,0,,0.01,166
btc-updown-15m-1762434900,1762434900,750,0.99,,,,7489.34,0,,0.01,85
btc-updown-15m-1762434900,1762434900,765,0.99,,,,6438.93,0,,0.01,302
btc-updown-15m-1762434900,1762434900,780,0.99,,,,6600.32,0,,0.01,16
btc-updown-15m-1762434900,1762434900,795,0.99,,,,7185.62,0,,0.01,503
btc-updown-15m-1762434900,1762434900,810,0.99,,,,7185.62,0,,0.01,42
btc-updown-15m-1762434900,1762434900,825,0.99,,,,7260.32,0,,0.01,98
btc-updown-15m-1762434900,1762434900,840,0.99,,,,7999.72,0,,0.01,57
btc-updown-15m-1762434900,1762434900,845,0.99,,,,8009.82,0,,0.01,211
btc-updown-15m-1762434900,1762434900,850,0.99,,,,7842.9,0,,0.01,28
btc-updown-15m-1762434900,1762434900,855,0.99,,,,7817.6,0,,0.01,118
btc-updown-15m-1762434900,1762434900,860,0.99,,,,7817.6,0,,0.01,21
btc-updown-15m-1762434900,1762434900,865,0.99,,,,7847.9,0,,0.01,22
btc-updown-15m-1762434900,1762434900,870,0.99,,,,4642.9,0,,0.01,7
btc-updown-15m-1762434900,1762434900,875,0.99,,,,4617.6,0,,0.01,202
btc-updown-15m-1762434900,1762434900,880,0.99,,,,4641.21,0,,0.01,27
btc-updown-15m-1762434900,1762434900,885,0.99,,,,4671.51,0,,0.01,2377
btc-updown-15m-1762434900,1762434900,890,0.99,,,,4685.04,0,,0.01,5
btc-updown-15m-1762434900,1762434900,895,0.99,,,,4689.84,0,,0.01,3790
btc-updown-15m-1762434900,1762434900,897,0.99,,,,4649.84,0,,0.01,1957
btc-updown-15m-1762434900,1762434900,899,0.99,,,,5058.94,0,,0.01,88
btc-updown-15m-1762434900,1762434900,900,0.99,,,,5058.94,0,,0.01,735
btc-updown-15m-1762443000,1762443000,0,0.45,0.48,0.465,0.03,250,21.8,0.52,0.55,2394
btc-updown-15m-1762443000,1762443000,15,0.45,0.52,0.485,0.07,613.02,57.7,0.48,0.55,0
btc-updown-15m-1762443000,1762443000,30,0.45,0.47,0.46,0.02,199.51,51.29,0.53,0.55,77
btc-updown-15m-1762443000,1762443000,45,0.47,0.48,0.475,0.01,174.21,55,0.52,0.53,2
btc-updown-15m-1762443000,1762443000,60,0.4,0.42,0.41,0.02,60,50,0.58,0.6,5
btc-updown-15m-1762443000,1762443000,75,0.4,0.41,0.405,0.01,92.21,42.83,0.59,0.6,5
btc-updown-15m-1762443000,1762443000,90,0.35,0.39,0.37,0.04,408.99,247.27,0.61,0.65,56
btc-updown-15m-1762443000,1762443000,105,0.44,0.47,0.455,0.03,178.5,360,0.53,0.56,21
btc-updown-15m-1762443000,1762443000,120,0.42,0.44,0.43,0.02,209,88.72,0.56,0.58,19
btc-updown-15m-1762443000,1762443000,135,0.37,0.4,0.385,0.03,181.42,88,0.6,0.63,2
btc-updown-15m-1762443000,1762443000,150,0.42,0.44,0.43,0.02,36,20,0.56,0.58,2
btc-updown-15m-1762443000,1762443000,165,0.39,0.41,0.4,0.02,115.42,161.8,0.59,0.61,14
btc-updown-15m-1762443000,1762443000,180,0.38,0.42,0.4,0.04,170.29,40,0.58,0.62,1072
btc-updown-15m-1762443000,1762443000,195,0.39,0.45,0.42,0.06,173,174.5,0.55,0.61,7
btc-updown-15m-1762443000,1762443000,210,0.32,0.35,0.335,0.03,147.77,95,0.65,0.68,54
btc-updown-15m-1762443000,1762443000,225,0.27,0.3,0.285,0.03,111.57,45,0.7,0.73,4
btc-updown-15m-1762443000,1762443000,240,0.25,0.28,0.265,0.03,50.21,86,0.72,0.75,5
btc-updown-15m-1762443000,1762443000,255,0.16,0.2,0.18,0.04,165.99,208.07,0.8,0.84,53
btc-updown-15m-1762443000,1762443000,270,0.15,0.2,0.175,0.05,192.03,176.5,0.8,0.85,1
btc-updown-15m-1762443000,1762443000,285,0.23,0.27,0.25,0.04,213.96,91.5,0.73,0.77,14
btc-updown-15m-1762443000,1762443000,300,0.28,0.32,0.3,0.04,136.64,31,0.68,0.72,1
btc-updown-15m-1762443000,1762443000,315,0.34,0.38,0.36,0.04,203.75,105,0.62,0.66,1
btc-updown-15m-1762443000,1762443000,330,0.22,0.26,0.24,0.04,201.98,53.7,0.74,0.78,8
btc-updown-15m-1762443000,1762443000,345,0.19,0.23,0.21,0.04,92.54,157.4,0.77,0.81,2
btc-updown-15m-1762443000,1762443000,360,0.18,0.23,0.205,0.05,32.17,108.5,0.77,0.82,1
btc-updown-15m-1762443000,1762443000,375,0.14,0.18,0.16,0.04,82.5,174.8,0.82,0.86,10
btc-updown-15m-1762443000,1762443000,390,0.11,0.14,0.125,0.03,750.74,130,0.86,0.89,14
btc-updown-15m-1762443000,1762443000,405,0.12,0.15,0.135,0.03,421.12,319.2,0.85,0.88,1781
btc-updown-15m-1762443000,1762443000,420,0.11,0.15,0.13,0.04,436.25,263.26,0.85,0.89,8
btc-updown-15m-1762443000,1762443000,435,0.08,0.12,0.1,0.04,631.23,85.57,0.88,0.92,22
btc-updown-15m-1762443000,1762443000,450,0.05,0.07,0.06,0.02,1067.59,305,0.93,0.95,39
btc-updown-15m-1762443000,1762443000,465,0.05,0.07,0.06,0.02,870.12,161.25,0.93,0.95,9
btc-updown-15m-1762443000,1762443000,480,0.05,0.06,0.055,0.01,639.5,561.02,0.94,0.95,82
btc-updown-15m-1762443000,1762443000,495,0.04,0.06,0.05,0.02,1174.21,229.59,0.94,0.96,37
btc-updown-15m-1762443000,1762443000,510,0.05,0.07,0.06,0.02,521.87,231.25,0.93,0.95,46
btc-updown-15m-1762443000,1762443000,525,0.04,0.07,0.055,0.03,1186.16,239.53,0.93,0.96,1
btc-updown-15m-1762443000,1762443000,540,0.04,0.08,0.06,0.04,1213.16,429.11,0.92,0.96,5
btc-updown-15m-1762443000,1762443000,555,0.03,0.04,0.035,0.01,1411.35,145.2,0.96,0.97,201
btc-updown-15m-1762443000,1762443000,570,0.02,0.03,0.025,0.01,937.6,501.2,0.97,0.98,1881
btc-updown-15m-1762443000,1762443000,585,0.01,0.04,0.025,0.03,12.34,613.7,0.96,0.99,26
btc-updown-15m-1762443000,1762443000,600,0.01,0.03,0.02,0.02,30,494.62,0.97,0.99,275
btc-updown-15m-1762443000,1762443000,615,0.01,0.02,0.015,0.01,149.59,536.12,0.98,0.99,16
btc-updown-15m-1762443000,1762443000,630,0.01,0.02,0.015,0.01,383.77,383.11,0.98,0.99,126
btc-updown-15m-1762443000,1762443000,645,0.01,0.02,0.015,0.01,40.32,325.11,0.98,0.99,257
btc-updown-15m-1762443000,1762443000,660,0.01,0.03,0.02,0.02,5,592.01,0.97,0.99,62
btc-updown-15m-1762443000,1762443000,675,,0.02,,,0,279.75,0.98,,326
btc-updown-15m-1762443000,1762443000,690,,0.01,,,0,1682.04,0.99,,344
btc-updown-15m-1762443000,1762443000,705,,0.01,,,0,1294.61,0.99,,122
btc-updown-15m-1762443000,1762443000,720,,0.01,,,0,904.61,0.99,,389
btc-updown-15m-1762443000,1762443000,735,,0.01,,,0,916.91,0.99,,495
btc-updown-15m-1762443000,1762443000,750,,0.01,,,0,946.91,0.99,,1590
btc-updown-15m-1762443000,1762443000,765,,0.01,,,0,656.91,0.99,,2481
btc-updown-15m-1762443000,1762443000,780,,0.01,,,0,656.91,0.99,,549
btc-updown-15m-1762443000,1762443000,795,,0.01,,,0,761.21,0.99,,726
btc-updown-15m-1762443000,1762443000,810,,0.01,,,0,271.31,0.99,,12
btc-updown-15m-1762443000,1762443000,825,,0.01,,,0,270.21,0.99,,427
btc-updown-15m-1762443000,1762443000,840,,0.01,,,0,2242.89,0.99,,455
btc-updown-15m-1762443000,1762443000,845,,0.01,,,0,2240.01,0.99,,508
btc-updown-15m-1762443000,1762443000,850,,0.01,,,0,2249.92,0.99,,299
btc-updown-15m-1762443000,1762443000,855,,0.01,,,0,2260.02,0.99,,3147
btc-updown-15m-1762443000,1762443000,860,,0.01,,,0,2260.02,0.99,,8147
btc-updown-15m-1762443000,1762443000,865,,0.01,,,0,3644.06,0.99,,789
btc-updown-15m-1762443000,1762443000,870,,0.01,,,0,7172.31,0.99,,143
btc-updown-15m-1762443000,1762443000,875,,0.01,,,0,7167.21,0.99,,1791
btc-updown-15m-1762443000,1762443000,880,,0.01,,,0,7126.01,0.99,,83
btc-updown-15m-1762443000,1762443000,885,,0.01,,,0,7127.11,0.99,,3457
btc-updown-15m-1762443000,1762443000,890,,0.01,,,0,7146.21,0.99,,1190
btc-updown-15m-1762443000,1762443000,895,,0.01,,,0,7162.21,0.99,,850
btc-updown-15m-1762443000,1762443000,897,,0.01,,,0,7168.21,0.99,,316
btc-updown-15m-1762443000,1762443000,899,,0.01,,,0,7508.11,0.99,,174
btc-updown-15m-1762443000,1762443000,900,,0.01,,,0,7583.11,0.99,,853
btc-updown-15m-1762452900,1762452900,0,0.41,0.48,0.445,0.07,26.73,237.87,0.52,0.59,2
btc-updown-15m-1762452900,1762452900,15,0.51,0.52,0.515,0.01,249.36,19.16,0.48,0.49,32
btc-updown-15m-1762452900,1762452900,30,0.48,0.51,0.495,0.03,621,69.39,0.49,0.52,77
btc-updown-15m-1762452900,1762452900,45,0.43,0.48,0.455,0.05,615.13,235,0.52,0.57,0
btc-updown-15m-1762452900,1762452900,60,0.4,0.44,0.42,0.04,535,397.77,0.56,0.6,2520
btc-updown-15m-1762452900,1762452900,75,0.31,0.33,0.32,0.02,300,380.82,0.67,0.69,29
btc-updown-15m-1762452900,1762452900,90,0.19,0.22,0.205,0.03,355,20,0.78,0.81,2
btc-updown-15m-1762452900,1762452900,105,0.21,0.24,0.225,0.03,525.07,240,0.76,0.79,110
btc-updown-15m-1762452900,1762452900,120,0.2,0.22,0.21,0.02,615.33,1099.03,0.78,0.8,4
btc-updown-15m-1762452900,1762452900,135,0.14,0.18,0.16,0.04,747.33,390,0.82,0.86,81
btc-updown-15m-1762452900,1762452900,150,0.12,0.15,0.135,0.03,965,360,0.85,0.88,19
btc-updown-15m-1762452900,1762452900,165,0.15,0.18,0.165,0.03,376.38,242.09,0.82,0.85,38
btc-updown-15m-1762452900,1762452900,180,0.13,0.16,0.145,0.03,743.98,190.73,0.84,0.87,38
btc-updown-15m-1762452900,1762452900,195,0.14,0.18,0.16,0.04,771.32,622.09,0.82,0.86,3
btc-updown-15m-1762452900,1762452900,210,0.09,0.12,0.105,0.03,968,577.4,0.88,0.91,13
btc-updown-15m-1762452900,1762452900,225,0.07,0.1,0.085,0.03,4521.45,418.2,0.9,0.93,96
btc-updown-15m-1762452900,1762452900,240,0.08,0.12,0.1,0.04,2457.22,260,0.88,0.92,93
btc-updown-15m-1762452900,1762452900,255,0.08,0.11,0.095,0.03,1922,554.38,0.89,0.92,65
btc-updown-15m-1762452900,1762452900,270,0.08,0.12,0.1,0.04,2454,631.38,0.88,0.92,4
btc-updown-15m-1762452900,1762452900,285,0.08,0.1,0.09,0.02,2073,377.08,0.9,0.92,199
btc-updown-15m-1762452900,1762452900,300,0.07,0.11,0.09,0.04,2975,412.08,0.89,0.93,72
btc-updown-15m-1762452900,1762452900,315,0.1,0.11,0.105,0.01,801.55,337.08,0.89,0.9,0
btc-updown-15m-1762452900,1762452900,330,0.1,0.14,0.12,0.04,1606.3,270,0.86,0.9,73
btc-updown-15m-1762452900,1762452900,345,0.1,0.15,0.125,0.05,1557.2,70,0.85,0.9,169
btc-updown-15m-1762452900,1762452900,360,0.11,0.15,0.13,0.04,1530,235,0.85,0.89,4
btc-updown-15m-1762452900,1762452900,375,0.11,0.15,0.13,0.04,1226.95,225,0.85,0.89,30
btc-updown-15m-1762452900,1762452900,390,0.1,0.13,0.115,0.03,1482.2,195,0.87,0.9,0
btc-updown-15m-1762452900,1762452900,405,0.09,0.12,0.105,0.03,574.17,185,0.88,0.91,2
btc-updown-15m-1762452900,1762452900,420,0.11,0.12,0.115,0.01,1045,245.07,0.88,0.89,17
btc-updown-15m-1762452900,1762452900,435,0.17,0.2,0.185,0.03,652.67,196,0.8,0.83,10
btc-updown-15m-1762452900,1762452900,450,0.15,0.19,0.17,0.04,578.49,350,0.81,0.85,113
btc-updown-15m-1762452900,1762452900,465,0.21,0.22,0.215,0.01,698.21,1138.03,0.78,0.79,5
btc-updown-15m-1762452900,1762452900,480,0.19,0.21,0.2,0.02,130.98,347.68,0.79,0.81,184
btc-updown-15m-1762452900,1762452900,495,0.17,0.21,0.19,0.04,740.58,243.51,0.79,0.83,28
btc-updown-15m-1762452900,1762452900,510,0.19,0.22,0.205,0.03,48.11,239.41,0.78,0.81,0
btc-updown-15m-1762452900,1762452900,525,0.25,0.28,0.265,0.03,347,2007.81,0.72,0.75,31
btc-updown-15m-1762452900,1762452900,540,0.23,0.28,0.255,0.05,620.55,2137.27,0.72,0.77,11
btc-updown-15m-1762452900,1762452900,555,0.34,0.35,0.345,0.01,225.66,56.31,0.65,0.66,4
btc-updown-15m-1762452900,1762452900,570,0.2,0.22,0.21,0.02,694.81,200,0.78,0.8,1
btc-updown-15m-1762452900,1762452900,585,0.24,0.26,0.25,0.02,485.09,53.58,0.74,0.76,3
btc-updown-15m-1762452900,1762452900,600,0.3,0.33,0.315,0.03,223.72,387.13,0.67,0.7,12
btc-updown-15m-1762452900,1762452900,615,0.34,0.39,0.365,0.05,439.62,332.13,0.61,0.66,0
btc-updown-15m-1762452900,1762452900,630,0.33,0.38,0.355,0.05,148.99,334,0.62,0.67,66
btc-updown-15m-1762452900,1762452900,645,0.35,0.39,0.37,0.04,513.94,251,0.61,0.65,4
btc-updown-15m-1762452900,1762452900,660,0.29,0.33,0.31,0.04,629,200,0.67,0.71,72
btc-updown-15m-1762452900,1762452900,675,0.42,0.43,0.425,0.01,281.4,20,0.57,0.58,6
btc-updown-15m-1762452900,1762452900,690,0.53,0.55,0.54,0.02,25,506.5,0.45,0.47,11
btc-updown-15m-1762452900,1762452900,705,0.61,0.67,0.64,0.06,367.24,305,0.33,0.39,1
btc-updown-15m-1762452900,1762452900,720,0.77,0.8,0.785,0.03,41,100.61,0.2,0.23,5
btc-updown-15m-1762452900,1762452900,735,0.74,0.79,0.765,0.05,307,112.8,0.21,0.26,36
btc-updown-15m-1762452900,1762452900,750,0.48,0.54,0.51,0.06,208,404.12,0.46,0.52,84
btc-updown-15m-1762452900,1762452900,765,0.42,0.47,0.445,0.05,168.08,80,0.53,0.58,123
btc-updown-15m-1762452900,1762452900,780,0.32,0.41,0.365,0.09,196.71,392.1,0.59,0.68,38
btc-updown-15m-1762452900,1762452900,795,0.48,0.56,0.52,0.08,25,330,0.44,0.52,14
btc-updown-15m-1762452900,1762452900,810,0.52,0.63,0.575,0.11,191,571,0.37,0.48,85
btc-updown-15m-1762452900,1762452900,825,0.62,0.67,0.645,0.05,30,121,0.33,0.38,1
btc-updown-15m-1762452900,1762452900,840,0.67,0.71,0.69,0.04,21,30.59,0.29,0.33,13
btc-updown-15m-1762452900,1762452900,845,0.65,0.71,0.68,0.06,168,166,0.29,0.35,1
btc-updown-15m-1762452900,1762452900,850,0.63,0.74,0.685,0.11,160,116,0.26,0.37,3
btc-updown-15m-1762452900,1762452900,855,0.67,0.81,0.74,0.14,184.98,304,0.19,0.33,31
btc-updown-15m-1762452900,1762452900,860,0.57,0.7,0.635,0.13,170,450,0.3,0.43,21
btc-updown-15m-1762452900,1762452900,865,0.46,0.69,0.575,0.23,465,467.97,0.31,0.54,15
btc-updown-15m-1762452900,1762452900,870,0.34,0.45,0.395,0.11,401.83,207,0.55,0.66,5
btc-updown-15m-1762452900,1762452900,875,0.3,0.34,0.32,0.04,170,212,0.66,0.7,35
btc-updown-15m-1762452900,1762452900,880,0.27,0.39,0.33,0.12,25,17.15,0.61,0.73,18
btc-updown-15m-1762452900,1762452900,885,0.22,0.35,0.285,0.13,30,22.15,0.65,0.78,16
btc-updown-15m-1762452900,1762452900,890,0.16,0.22,0.19,0.06,20,30,0.78,0.84,55
btc-updown-15m-1762452900,1762452900,895,0.03,0.25,0.14,0.22,2280.93,113.8,0.75,0.97,9
btc-updown-15m-1762452900,1762452900,897,0.02,0.08,0.05,0.06,1709.25,245.61,0.92,0.98,118
btc-updown-15m-1762452900,1762452900,899,0.01,0.07,0.04,0.06,1669.04,59.15,0.93,0.99,3
btc-updown-15m-1762452900,1762452900,900,0.01,0.05,0.03,0.04,1541.83,62.38,0.95,0.99,130
btc-updown-15m-1762461000,1762461000,0,0.52,0.55,0.535,0.03,389.04,220,0.45,0.48,651
btc-updown-15m-1762461000,1762461000,15,0.48,0.53,0.505,0.05,831.48,458.18,0.47,0.52,52
btc-updown-15m-1762461000,1762461000,30,0.5,0.53,0.515,0.03,456.75,284.12,0.47,0.5,59
btc-updown-15m-1762461000,1762461000,45,0.53,0.56,0.545,0.03,297.75,495,0.44,0.47,3
btc-updown-15m-1762461000,1762461000,60,0.48,0.53,0.505,0.05,818.32,518.11,0.47,0.52,2
btc-updown-15m-1762461000,1762461000,75,0.4,0.43,0.415,0.03,125,381,0.57,0.6,1
btc-updown-15m-1762461000,1762461000,90,0.37,0.39,0.38,0.02,344.3,162,0.61,0.63,16
btc-updown-15m-1762461000,1762461000,105,0.3,0.34,0.32,0.04,683.94,396.8,0.66,0.7,1
btc-updown-15m-1762461000,1762461000,120,0.31,0.33,0.32,0.02,550,80,0.67,0.69,11
btc-updown-15m-1762461000,1762461000,135,0.25,0.28,0.265,0.03,486.66,203.4,0.72,0.75,3
btc-updown-15m-1762461000,1762461000,150,0.32,0.33,0.325,0.01,334.88,451,0.67,0.68,130
btc-updown-15m-1762461000,1762461000,165,0.27,0.3,0.285,0.03,246,200,0.7,0.73,31
btc-updown-15m-1762461000,1762461000,180,0.35,0.36,0.355,0.01,176.11,196.39,0.64,0.65,43
btc-updown-15m-1762461000,1762461000,195,0.27,0.31,0.29,0.04,533,438.6,0.69,0.73,0
btc-updown-15m-1762461000,1762461000,210,0.29,0.33,0.31,0.04,535,471.9,0.67,0.71,1252
btc-updown-15m-1762461000,1762461000,225,0.33,0.35,0.34,0.02,390,417.8,0.65,0.67,56
btc-updown-15m-1762461000,1762461000,240,0.36,0.4,0.38,0.04,496,434.76,0.6,0.64,29
btc-updown-15m-1762461000,1762461000,255,0.36,0.38,0.37,0.02,405.15,475,0.62,0.64,48
btc-updown-15m-1762461000,1762461000,270,0.43,0.45,0.44,0.02,398,220.54,0.55,0.57,32
btc-updown-15m-1762461000,1762461000,285,0.49,0.52,0.505,0.03,50,348.11,0.48,0.51,4
btc-updown-15m-1762461000,1762461000,300,0.53,0.56,0.545,0.03,463,235,0.44,0.47,66
btc-updown-15m-1762461000,1762461000,315,0.62,0.64,0.63,0.02,160,325,0.36,0.38,3
btc-updown-15m-1762461000,1762461000,330,0.54,0.57,0.555,0.03,251.97,252.2,0.43,0.46,1
btc-updown-15m-1762461000,1762461000,345,0.47,0.51,0.49,0.04,207.84,591.1,0.49,0.53,1450
btc-updown-15m-1762461000,1762461000,360,0.41,0.44,0.425,0.03,606.74,231,0.56,0.59,1
btc-updown-15m-1762461000,1762461000,375,0.45,0.49,0.47,0.04,352.69,365,0.51,0.55,4
btc-updown-15m-1762461000,1762461000,390,0.37,0.4,0.385,0.03,591,81,0.6,0.63,24
btc-updown-15m-1762461000,1762461000,405,0.3,0.32,0.31,0.02,528.39,45,0.68,0.7,25
btc-updown-15m-1762461000,1762461000,420,0.36,0.4,0.38,0.04,386,460,0.6,0.64,29
btc-updown-15m-1762461000,1762461000,435,0.42,0.45,0.435,0.03,96,483,0.55,0.58,50
btc-updown-15m-1762461000,1762461000,450,0.55,0.59,0.57,0.04,283.83,495,0.41,0.45,139
btc-updown-15m-1762461000,1762461000,465,0.56,0.6,0.58,0.04,220,363,0.4,0.44,26
btc-updown-15m-1762461000,1762461000,480,0.4,0.44,0.42,0.04,390.74,181.9,0.56,0.6,7
btc-updown-15m-1762461000,1762461000,495,0.44,0.48,0.46,0.04,355,486,0.52,0.56,57
btc-updown-15m-1762461000,1762461000,510,0.49,0.54,0.515,0.05,486,337.9,0.46,0.51,82
btc-updown-15m-1762461000,1762461000,525,0.55,0.58,0.565,0.03,210,320.86,0.42,0.45,12
btc-updown-15m-1762461000,1762461000,540,0.52,0.54,0.53,0.02,550,177.03,0.46,0.48,5
btc-updown-15m-1762461000,1762461000,555,0.59,0.63,0.61,0.04,266,1432.94,0.37,0.41,29
btc-updown-15m-1762461000,1762461000,570,0.44,0.5,0.47,0.06,320.85,328.65,0.5,0.56,287
btc-updown-15m-1762461000,1762461000,585,0.19,0.23,0.21,0.04,504,176.1,0.77,0.81,1
btc-updown-15m-1762461000,1762461000,600,0.17,0.21,0.19,0.04,614.09,423.93,0.79,0.83,88
btc-updown-15m-1762461000,1762461000,615,0.17,0.22,0.195,0.05,690.78,205,0.78,0.83,4
btc-updown-15m-1762461000,1762461000,630,0.12,0.16,0.14,0.04,1717.67,254.99,0.84,0.88,13
btc-updown-15m-1762461000,1762461000,645,0.09,0.11,0.1,0.02,3544.17,57.5,0.89,0.91,4
btc-updown-15m-1762461000,1762461000,660,0.09,0.14,0.115,0.05,1587,212,0.86,0.91,10
btc-updown-15m-1762461000,1762461000,675,0.09,0.14,0.115,0.05,1535,225,0.86,0.91,21
btc-updown-15m-1762461000,1762461000,690,0.11,0.16,0.135,0.05,1070,71.82,0.84,0.89,24
btc-updown-15m-1762461000,1762461000,705,0.08,0.11,0.095,0.03,1600.04,317.6,0.89,0.92,13
btc-updown-15m-1762461000,1762461000,720,0.08,0.13,0.105,0.05,1641.04,308.8,0.87,0.92,88
btc-updown-15m-1762461000,1762461000,735,0.06,0.11,0.085,0.05,2315.23,451.8,0.89,0.94,13
btc-updown-15m-1762461000,1762461000,750,0.04,0.07,0.055,0.03,3796.16,35.1,0.93,0.96,3
btc-updown-15m-1762461000,1762461000,765,0.03,0.04,0.035,0.01,4317.5,323.77,0.96,0.97,94
btc-updown-15m-1762461000,1762461000,780,0.02,0.04,0.03,0.02,2445.37,543.93,0.96,0.98,2
btc-updown-15m-1762461000,1762461000,795,0.01,0.03,0.02,0.02,1022.32,628.92,0.97,0.99,0
btc-updown-15m-1762461000,1762461000,810,,0.01,,,0,1660.85,0.99,,1338
btc-updown-15m-1762461000,1762461000,825,,0.01,,,0,6061.42,0.99,,185
btc-updown-15m-1762461000,1762461000,840,,0.01,,,0,6292.55,0.99,,423
btc-updown-15m-1762461000,1762461000,845,,0.01,,,0,3597.6,0.99,,183
btc-updown-15m-1762461000,1762461000,850,,0.01,,,0,2611.75,0.99,,411
btc-updown-15m-1762461000,1762461000,855,,0.01,,,0,2702.75,0.99,,58
btc-updown-15m-1762461000,1762461000,860,,0.01,,,0,2724.75,0.99,,39
btc-updown-15m-1762461000,1762461000,865,,0.01,,,0,2830.74,0.99,,110
btc-updown-15m-1762461000,1762461000,870,,0.01,,,0,2719.75,0.99,,86
btc-updown-15m-1762461000,1762461000,875,,0.01,,,0,2672.52,0.99,,107
btc-updown-15m-1762461000,1762461000,880,,0.01,,,0,6138.02,0.99,,74
btc-updown-15m-1762461000,1762461000,885,,0.01,,,0,6129.02,0.99,,44
btc-updown-15m-1762461000,1762461000,890,,0.01,,,0,6129.02,0.99,,9
btc-updown-15m-1762461000,1762461000,895,,0.01,,,0,6154.02,0.99,,16
btc-updown-15m-1762461000,1762461000,897,,0.01,,,0,6154.02,0.99,,58
btc-updown-15m-1762461000,1762461000,899,,0.01,,,0,6647.02,0.99,,56
btc-updown-15m-1762461000,1762461000,900,,0.01,,,0,6652.02,0.99,,79
btc-updown-15m-1762470000,1762470000,0,0.46,0.48,0.47,0.02,95.5,200.79,0.52,0.54,265
btc-updown-15m-1762470000,1762470000,15,0.3,0.34,0.32,0.04,36.94,243,0.66,0.7,14
btc-updown-15m-1762470000,1762470000,30,0.26,0.31,0.285,0.05,469.79,175.19,0.69,0.74,17
btc-updown-15m-1762470000,1762470000,45,0.21,0.23,0.22,0.02,361,95,0.77,0.79,11
btc-updown-15m-1762470000,1762470000,60,0.2,0.24,0.22,0.04,363,156.23,0.76,0.8,41
btc-updown-15m-1762470000,1762470000,75,0.19,0.23,0.21,0.04,358,101,0.77,0.81,59
btc-updown-15m-1762470000,1762470000,90,0.18,0.22,0.2,0.04,353.43,25,0.78,0.82,78
btc-updown-15m-1762470000,1762470000,105,0.19,0.2,0.195,0.01,229.79,114.44,0.8,0.81,18
btc-updown-15m-1762470000,1762470000,120,0.17,0.2,0.185,0.03,482.99,81,0.8,0.83,9
btc-updown-15m-1762470000,1762470000,135,0.26,0.3,0.28,0.04,126,50.06,0.7,0.74,44
btc-updown-15m-1762470000,1762470000,150,0.22,0.25,0.235,0.03,282,96,0.75,0.78,1
btc-updown-15m-1762470000,1762470000,165,0.26,0.3,0.28,0.04,243,66.66,0.7,0.74,2586
btc-updown-15m-1762470000,1762470000,180,0.18,0.23,0.205,0.05,296.31,81,0.77,0.82,44
btc-updown-15m-1762470000,1762470000,195,0.2,0.23,0.215,0.03,338,51.3,0.77,0.8,2
btc-updown-15m-1762470000,1762470000,210,0.22,0.27,0.245,0.05,288,352.69,0.73,0.78,50
btc-updown-15m-1762470000,1762470000,225,0.21,0.24,0.225,0.03,302.4,256,0.76,0.79,0
btc-updown-15m-1762470000,1762470000,240,0.17,0.21,0.19,0.04,297.3,86,0.79,0.83,12
btc-updown-15m-1762470000,1762470000,255,0.15,0.17,0.16,0.02,165.16,156.11,0.83,0.85,17
btc-updown-15m-1762470000,1762470000,270,0.15,0.18,0.165,0.03,285.88,118.9,0.82,0.85,31
btc-updown-15m-1762470000,1762470000,285,0.17,0.2,0.185,0.03,178.63,335.3,0.8,0.83,0
btc-updown-15m-1762470000,1762470000,300,0.19,0.22,0.205,0.03,641.05,80,0.78,0.81,106
btc-updown-15m-1762470000,1762470000,315,0.17,0.2,0.185,0.03,263.93,35,0.8,0.83,38
btc-updown-15m-1762470000,1762470000,330,0.1,0.14,0.12,0.04,55,106,0.86,0.9,46
btc-updown-15m-1762470000,1762470000,345,0.15,0.21,0.18,0.06,239.49,41,0.79,0.85,11
btc-updown-15m-1762470000,1762470000,360,0.21,0.26,0.235,0.05,84.71,71,0.74,0.79,1
btc-updown-15m-1762470000,1762470000,375,0.19,0.23,0.21,0.04,142.18,110,0.77,0.81,2
btc-updown-15m-1762470000,1762470000,390,0.2,0.23,0.215,0.03,126,51.25,0.77,0.8,14
btc-updown-15m-1762470000,1762470000,405,0.25,0.29,0.27,0.04,312.87,240.31,0.71,0.75,0
btc-updown-15m-1762470000,1762470000,420,0.29,0.33,0.31,0.04,35.37,154.54,0.67,0.71,10
btc-updown-15m-1762470000,1762470000,435,0.3,0.33,0.315,0.03,257.8,56.77,0.67,0.7,154
btc-updown-15m-1762470000,1762470000,450,0.26,0.28,0.27,0.02,270,76,0.72,0.74,5
btc-updown-15m-1762470000,1762470000,465,0.26,0.28,0.27,0.02,246,41.66,0.72,0.74,7
btc-updown-15m-1762470000,1762470000,480,0.31,0.32,0.315,0.01,264,20,0.68,0.69,55
btc-updown-15m-1762470000,1762470000,495,0.27,0.28,0.275,0.01,263.63,41,0.72,0.73,93
btc-updown-15m-1762470000,1762470000,510,0.14,0.15,0.145,0.01,291,111,0.85,0.86,2
btc-updown-15m-1762470000,1762470000,525,0.12,0.15,0.135,0.03,308.67,44,0.85,0.88,7
btc-updown-15m-1762470000,1762470000,540,0.1,0.12,0.11,0.02,142.41,54,0.88,0.9,54
btc-updown-15m-1762470000,1762470000,555,0.09,0.14,0.115,0.05,67,309.69,0.86,0.91,100
btc-updown-15m-1762470000,1762470000,570,0.07,0.12,0.095,0.05,363.39,73,0.88,0.93,31
btc-updown-15m-1762470000,1762470000,585,0.09,0.12,0.105,0.03,159.1,124,0.88,0.91,30
btc-updown-15m-1762470000,1762470000,600,0.1,0.13,0.115,0.03,67,48.16,0.87,0.9,27
btc-updown-15m-1762470000,1762470000,615,0.08,0.12,0.1,0.04,110,131.62,0.88,0.92,10
btc-updown-15m-1762470000,1762470000,630,0.11,0.12,0.115,0.01,65,56.16,0.88,0.89,170
btc-updown-15m-1762470000,1762470000,645,0.09,0.13,0.11,0.04,68,111,0.87,0.91,362
btc-updown-15m-1762470000,1762470000,660,0.09,0.14,0.115,0.05,200.62,100.8,0.86,0.91,5
btc-updown-15m-1762470000,1762470000,675,0.14,0.18,0.16,0.04,110.54,76,0.82,0.86,24
btc-updown-15m-1762470000,1762470000,690,0.25,0.33,0.29,0.08,425,50,0.67,0.75,10
btc-updown-15m-1762470000,1762470000,705,0.3,0.35,0.325,0.05,293.99,128.14,0.65,0.7,22
btc-updown-15m-1762470000,1762470000,720,0.41,0.44,0.425,0.03,25,29.29,0.56,0.59,27
btc-updown-15m-1762470000,1762470000,735,0.4,0.44,0.42,0.04,267.99,40.48,0.56,0.6,110
btc-updown-15m-1762470000,1762470000,750,0.45,0.49,0.47,0.04,277,556.61,0.51,0.55,52
btc-updown-15m-1762470000,1762470000,765,0.52,0.65,0.585,0.13,82,202.54,0.35,0.48,43
btc-updown-15m-1762470000,1762470000,780,0.6,0.62,0.61,0.02,27,58.75,0.38,0.4,1765
btc-updown-15m-1762470000,1762470000,795,0.51,0.58,0.545,0.07,147,24,0.42,0.49,84
btc-updown-15m-1762470000,1762470000,810,0.77,0.82,0.795,0.05,36,124.98,0.18,0.23,9
btc-updown-15m-1762470000,1762470000,825,0.79,0.83,0.81,0.04,21.03,72.95,0.17,0.21,6
btc-updown-15m-1762470000,1762470000,840,0.87,0.89,0.88,0.02,51.91,625,0.11,0.13,0
btc-updown-15m-1762470000,1762470000,845,0.85,0.93,0.89,0.08,20,26.39,0.07,0.15,0
btc-updown-15m-1762470000,1762470000,850,0.78,0.9,0.84,0.12,35,52,0.1,0.22,3
btc-updown-15m-1762470000,1762470000,855,0.81,0.89,0.85,0.08,23.39,62,0.11,0.19,1
btc-updown-15m-1762470000,1762470000,860,0.8,0.88,0.84,0.08,61,35,0.12,0.2,14
btc-updown-15m-1762470000,1762470000,865,0.68,0.73,0.705,0.05,25,54.61,0.27,0.32,8
btc-updown-15m-1762470000,1762470000,870,0.8,0.83,0.815,0.03,52,20,0.17,0.2,0
btc-updown-15m-1762470000,1762470000,875,0.87,0.97,0.92,0.1,79.75,2423.85,0.03,0.13,175
btc-updown-15m-1762470000,1762470000,880,0.87,0.93,0.9,0.06,91.59,331.13,0.07,0.13,14
btc-updown-15m-1762470000,1762470000,885,0.81,0.97,0.89,0.16,30,1813.47,0.03,0.19,0
btc-updown-15m-1762470000,1762470000,890,0.68,0.82,0.75,0.14,13,50.97,0.18,0.32,14
btc-updown-15m-1762470000,1762470000,895,0.28,0.57,0.425,0.29,27,20,0.43,0.72,6
btc-updown-15m-1762470000,1762470000,897,0.28,0.57,0.425,0.29,16,15,0.43,0.72,55
btc-updown-15m-1762470000,1762470000,899,0.27,0.28,0.275,0.01,32.93,50.48,0.72,0.73,2
btc-updown-15m-1762470000,1762470000,900,0.2,0.27,0.235,0.07,31.82,87.08,0.73,0.8,29
btc-updown-15m-1762478100,1762478100,0,0.46,0.49,0.475,0.03,48.88,164.8,0.51,0.54,2516
btc-updown-15m-1762478100,1762478100,15,0.45,0.5,0.475,0.05,231.01,65.25,0.5,0.55,51
btc-updown-15m-1762478100,1762478100,30,0.46,0.49,0.475,0.03,41.75,66.69,0.51,0.54,146
btc-updown-15m-1762478100,1762478100,45,0.44,0.47,0.455,0.03,307,101.69,0.53,0.56,440
btc-updown-15m-1762478100,1762478100,60,0.37,0.42,0.395,0.05,168.19,82,0.58,0.63,9
btc-updown-15m-1762478100,1762478100,75,0.49,0.53,0.51,0.04,177,140,0.47,0.51,1154
btc-updown-15m-1762478100,1762478100,90,0.51,0.55,0.53,0.04,472,71.65,0.45,0.49,342
btc-updown-15m-1762478100,1762478100,105,0.49,0.51,0.5,0.02,39,31,0.49,0.51,77
btc-updown-15m-1762478100,1762478100,120,0.48,0.51,0.495,0.03,97,65,0.49,0.52,26
btc-updown-15m-1762478100,1762478100,135,0.53,0.56,0.545,0.03,40,114.71,0.44,0.47,3
btc-updown-15m-1762478100,1762478100,150,0.62,0.65,0.635,0.03,164.21,79.17,0.35,0.38,10
btc-updown-15m-1762478100,1762478100,165,0.65,0.69,0.67,0.04,141,95.71,0.31,0.35,204
btc-updown-15m-1762478100,1762478100,180,0.68,0.74,0.71,0.06,286.02,162.66,0.26,0.32,36
btc-updown-15m-1762478100,1762478100,195,0.68,0.74,0.71,0.06,40.22,399.66,0.26,0.32,63
btc-updown-15m-1762478100,1762478100,210,0.7,0.78,0.74,0.08,223.66,481.4,0.22,0.3,83
btc-updown-15m-1762478100,1762478100,225,0.75,0.79,0.77,0.04,240.95,137.66,0.21,0.25,29
btc-updown-15m-1762478100,1762478100,240,0.76,0.8,0.78,0.04,243.73,71,0.2,0.24,12
btc-updown-15m-1762478100,1762478100,255,0.82,0.86,0.84,0.04,197.1,276.85,0.14,0.18,100
btc-updown-15m-1762478100,1762478100,270,0.81,0.84,0.825,0.03,90,92.55,0.16,0.19,190
btc-updown-15m-1762478100,1762478100,285,0.82,0.86,0.84,0.04,529.28,73,0.14,0.18,131
btc-updown-15m-1762478100,1762478100,300,0.82,0.85,0.835,0.03,290.4,83,0.15,0.18,82
btc-updown-15m-1762478100,1762478100,315,0.82,0.85,0.835,0.03,165,41.28,0.15,0.18,36
btc-updown-15m-1762478100,1762478100,330,0.86,0.89,0.875,0.03,117.89,215,0.11,0.14,237
btc-updown-15m-1762478100,1762478100,345,0.85,0.88,0.865,0.03,445.3,210,0.12,0.15,8
btc-updown-15m-1762478100,1762478100,360,0.84,0.86,0.85,0.02,100,59.6,0.14,0.16,7
btc-updown-15m-1762478100,1762478100,375,0.79,0.83,0.81,0.04,40,152,0.17,0.21,0
btc-updown-15m-1762478100,1762478100,390,0.82,0.86,0.84,0.04,65,405.41,0.14,0.18,32
btc-updown-15m-1762478100,1762478100,405,0.78,0.82,0.8,0.04,95,60,0.18,0.22,9
btc-updown-15m-1762478100,1762478100,420,0.79,0.81,0.8,0.02,35,160,0.19,0.21,4
btc-updown-15m-1762478100,1762478100,435,0.76,0.78,0.77,0.02,75.65,15,0.22,0.24,19
btc-updown-15m-1762478100,1762478100,450,0.83,0.87,0.85,0.04,90,402.41,0.13,0.17,2
btc-updown-15m-1762478100,1762478100,465,0.85,0.87,0.86,0.02,82.43,322.19,0.13,0.15,43
btc-updown-15m-1762478100,1762478100,480,0.87,0.9,0.885,0.03,92.43,173,0.1,0.13,103
btc-updown-15m-1762478100,1762478100,495,0.89,0.93,0.91,0.04,222.2,372.51,0.07,0.11,8
btc-updown-15m-1762478100,1762478100,510,0.91,0.94,0.925,0.03,223.4,342.21,0.06,0.09,9
btc-updown-15m-1762478100,1762478100,525,0.94,0.96,0.95,0.02,525.4,582.37,0.04,0.06,75
btc-updown-15m-1762478100,1762478100,540,0.95,0.98,0.965,0.03,450.18,961.37,0.02,0.05,359
btc-updown-15m-1762478100,1762478100,555,0.95,0.99,0.97,0.04,717.76,766.72,0.01,0.05,23
btc-updown-15m-1762478100,1762478100,570,0.96,0.99,0.975,0.03,913.76,648.77,0.01,0.04,117
btc-updown-15m-1762478100,1762478100,585,0.96,0.99,0.975,0.03,991.21,593.35,0.01,0.04,95
btc-updown-15m-1762478100,1762478100,600,0.97,0.99,0.98,0.02,622.63,5490.5,0.01,0.03,0
btc-updown-15m-1762478100,1762478100,615,0.98,0.99,0.985,0.01,624.51,5374.06,0.01,0.02,61
btc-updown-15m-1762478100,1762478100,630,0.99,,,,1166.78,0,,0.01,1142
btc-updown-15m-1762478100,1762478100,645,0.99,,,,1120.02,0,,0.01,1772
btc-updown-15m-1762478100,1762478100,660,0.99,,,,1188.96,0,,0.01,68
btc-updown-15m-1762478100,1762478100,675,0.99,,,,1098.96,0,,0.01,2369
btc-updown-15m-1762478100,1762478100,690,0.99,,,,1119.96,0,,0.01,230
btc-updown-15m-1762478100,1762478100,705,0.99,,,,729.33,0,,0.01,220
btc-updown-15m-1762478100,1762478100,720,0.99,,,,670.88,0,,0.01,766
btc-updown-15m-1762478100,1762478100,735,0.99,,,,619.74,0,,0.01,21
btc-updown-15m-1762478100,1762478100,750,0.99,,,,638.88,0,,0.01,366
btc-updown-15m-1762478100,1762478100,765,0.99,,,,451.54,0,,0.01,23
btc-updown-15m-1762478100,1762478100,780,0.99,,,,2796.97,0,,0.01,221
btc-updown-15m-1762478100,1762478100,795,0.99,,,,3410.26,0,,0.01,10
btc-updown-15m-1762478100,1762478100,810,0.99,,,,3097.43,0,,0.01,15
btc-updown-15m-1762478100,1762478100,825,0.99,,,,3388.23,0,,0.01,16
btc-updown-15m-1762478100,1762478100,840,0.99,,,,3397.23,0,,0.01,2
btc-updown-15m-1762478100,1762478100,845,0.99,,,,3338.23,0,,0.01,11
btc-updown-15m-1762478100,1762478100,850,0.99,,,,3358.43,0,,0.01,13
btc-updown-15m-1762478100,1762478100,855,0.99,,,,3358.43,0,,0.01,6
btc-updown-15m-1762478100,1762478100,860,0.99,,,,3338.23,0,,0.01,14
btc-updown-15m-1762478100,1762478100,865,0.99,,,,3338.23,0,,0.01,13
btc-updown-15m-1762478100,1762478100,870,0.99,,,,3358.43,0,,0.01,1007
btc-updown-15m-1762478100,1762478100,875,0.99,,,,3367.43,0,,0.01,43
btc-updown-15m-1762478100,1762478100,880,0.99,,,,3338.23,0,,0.01,12
btc-updown-15m-1762478100,1762478100,885,0.99,,,,3355.37,0,,0.01,7
btc-updown-15m-1762478100,1762478100,890,0.99,,,,3366.57,0,,0.01,16
btc-updown-15m-1762478100,1762478100,895,0.99,,,,3375.57,0,,0.01,9
btc-updown-15m-1762478100,1762478100,897,0.99,,,,3466.53,0,,0.01,32
btc-updown-15m-1762478100,1762478100,899,0.99,,,,3494.53,0,,0.01,37
btc-updown-15m-1762478100,1762478100,900,0.99,,,,3494.53,0,,0.01,1037
btc-updown-15m-1762487100,1762487100,0,0.45,0.49,0.47,0.04,80.19,117.14,0.51,0.55,2395
btc-updown-15m-1762487100,1762487100,15,0.45,0.46,0.455,0.01,201.54,271.6,0.54,0.55,134
btc-updown-15m-1762487100,1762487100,30,0.42,0.44,0.43,0.02,115.54,83.75,0.56,0.58,1720
btc-updown-15m-1762487100,1762487100,45,0.42,0.46,0.44,0.04,95.54,67,0.54,0.58,2
btc-updown-15m-1762487100,1762487100,60,0.35,0.39,0.37,0.04,99,172,0.61,0.65,0
btc-updown-15m-1762487100,1762487100,75,0.34,0.38,0.36,0.04,45,75,0.62,0.66,34
btc-updown-15m-1762487100,1762487100,90,0.3,0.32,0.31,0.02,183.41,154.06,0.68,0.7,119
btc-updown-15m-1762487100,1762487100,105,0.25,0.27,0.26,0.02,2728,60,0.73,0.75,0
btc-updown-15m-1762487100,1762487100,120,0.25,0.28,0.265,0.03,2763,285,0.72,0.75,1
btc-updown-15m-1762487100,1762487100,135,0.3,0.33,0.315,0.03,86.19,256.96,0.67,0.7,48
btc-updown-15m-1762487100,1762487100,150,0.3,0.33,0.315,0.03,148.97,127.42,0.67,0.7,0
btc-updown-15m-1762487100,1762487100,165,0.34,0.38,0.36,0.04,96.01,186,0.62,0.66,24
btc-updown-15m-1762487100,1762487100,180,0.37,0.43,0.4,0.06,93.03,377,0.57,0.63,87
btc-updown-15m-1762487100,1762487100,195,0.36,0.39,0.375,0.03,65,315.3,0.61,0.64,10
btc-updown-15m-1762487100,1762487100,210,0.39,0.43,0.41,0.04,313,227.82,0.57,0.61,195
btc-updown-15m-1762487100,1762487100,225,0.4,0.44,0.42,0.04,31,180,0.56,0.6,61
btc-updown-15m-1762487100,1762487100,240,0.38,0.41,0.395,0.03,65,90,0.59,0.62,10
btc-updown-15m-1762487100,1762487100,255,0.32,0.35,0.335,0.03,40,70,0.65,0.68,1
btc-updown-15m-1762487100,1762487100,270,0.37,0.39,0.38,0.02,105.33,85,0.61,0.63,47
btc-updown-15m-1762487100,1762487100,285,0.3,0.36,0.33,0.06,267.8,358,0.64,0.7,22
btc-updown-15m-1762487100,1762487100,300,0.3,0.34,0.32,0.04,182,161,0.66,0.7,95
btc-updown-15m-1762487100,1762487100,315,0.22,0.27,0.245,0.05,130,410.9,0.73,0.78,57
btc-updown-15m-1762487100,1762487100,330,0.28,0.29,0.285,0.01,61.94,384.6,0.71,0.72,237
btc-updown-15m-1762487100,1762487100,345,0.19,0.23,0.21,0.04,90,261.5,0.77,0.81,7
btc-updown-15m-1762487100,1762487100,360,0.18,0.23,0.205,0.05,269.05,236.5,0.77,0.82,20
btc-updown-15m-1762487100,1762487100,375,0.19,0.22,0.205,0.03,80,124.62,0.78,0.81,56
btc-updown-15m-1762487100,1762487100,390,0.18,0.22,0.2,0.04,75,240.3,0.78,0.82,22
btc-updown-15m-1762487100,1762487100,405,0.19,0.23,0.21,0.04,330.8,140,0.77,0.81,110
btc-updown-15m-1762487100,1762487100,420,0.2,0.23,0.215,0.03,155,60,0.77,0.8,4
btc-updown-15m-1762487100,1762487100,435,0.15,0.2,0.175,0.05,188,123,0.8,0.85,113
btc-updown-15m-1762487100,1762487100,450,0.14,0.19,0.165,0.05,80.23,281,0.81,0.86,103
btc-updown-15m-1762487100,1762487100,465,0.2,0.23,0.215,0.03,112.7,161,0.77,0.8,34
btc-updown-15m-1762487100,1762487100,480,0.14,0.19,0.165,0.05,480.81,302.25,0.81,0.86,12
btc-updown-15m-1762487100,1762487100,495,0.12,0.14,0.13,0.02,490.06,58,0.86,0.88,43
btc-updown-15m-1762487100,1762487100,510,0.12,0.16,0.14,0.04,438.89,224.99,0.84,0.88,0
btc-updown-15m-1762487100,1762487100,525,0.14,0.18,0.16,0.04,60.06,675.39,0.82,0.86,23
btc-updown-15m-1762487100,1762487100,540,0.12,0.17,0.145,0.05,538.92,265.99,0.83,0.88,112
btc-updown-15m-1762487100,1762487100,555,0.11,0.15,0.13,0.04,169.83,296.99,0.85,0.89,29
btc-updown-15m-1762487100,1762487100,570,0.06,0.09,0.075,0.03,351.84,179.8,0.91,0.94,61
btc-updown-15m-1762487100,1762487100,585,0.04,0.07,0.055,0.03,578.5,291.63,0.93,0.96,17
btc-updown-15m-1762487100,1762487100,600,0.03,0.06,0.045,0.03,2235.2,425.73,0.94,0.97,17
btc-updown-15m-1762487100,1762487100,615,0.06,0.08,0.07,0.02,861.72,666.07,0.92,0.94,0
btc-updown-15m-1762487100,1762487100,630,0.02,0.07,0.045,0.05,3184.83,333.13,0.93,0.98,135
btc-updown-15m-1762487100,1762487100,645,0.02,0.07,0.045,0.05,2691.61,318.32,0.93,0.98,13
btc-updown-15m-1762487100,1762487100,660,0.01,0.06,0.035,0.05,1773.32,336.28,0.94,0.99,226
btc-updown-15m-1762487100,1762487100,675,0.01,0.02,0.015,0.01,1703.85,2439.3,0.98,0.99,100
btc-updown-15m-1762487100,1762487100,690,0.03,0.07,0.05,0.04,2512.52,394.74,0.93,0.97,5
btc-updown-15m-1762487100,1762487100,705,0.01,0.05,0.03,0.04,1543.68,222.81,0.95,0.99,186
btc-updown-15m-1762487100,1762487100,720,0.01,0.03,0.02,0.02,1436.13,200.26,0.97,0.99,119
btc-updown-15m-1762487100,1762487100,735,0.01,0.02,0.015,0.01,483.06,97.61,0.98,0.99,169
btc-updown-15m-1762487100,1762487100,750,0.01,0.02,0.015,0.01,294.29,822.58,0.98,0.99,1119
btc-updown-15m-1762487100,1762487100,765,0.01,0.02,0.015,0.01,236.52,382.89,0.98,0.99,307
btc-updown-15m-1762487100,1762487100,780,0.01,0.02,0.015,0.01,225.27,395.72,0.98,0.99,672
btc-updown-15m-1762487100,1762487100,795,0.01,0.02,0.015,0.01,171.65,366.72,0.98,0.99,87
btc-updown-15m-1762487100,1762487100,810,,0.01,,,0,363.15,0.99,,299
btc-updown-15m-1762487100,1762487100,825,,0.01,,,0,2745.58,0.99,,18
btc-updown-15m-1762487100,1762487100,840,,0.01,,,0,3706.58,0.99,,1082
btc-updown-15m-1762487100,1762487100,845,,0.01,,,0,3711.58,0.99,,531
btc-updown-15m-1762487100,1762487100,850,,0.01,,,0,3600.19,0.99,,617
btc-updown-15m-1762487100,1762487100,855,,0.01,,,0,3695.19,0.99,,1249
btc-updown-15m-1762487100,1762487100,860,,0.01,,,0,3695.19,0.99,,1105
btc-updown-15m-1762487100,1762487100,865,,0.01,,,0,3781.58,0.99,,342
btc-updown-15m-1762487100,1762487100,870,,0.01,,,0,3786.58,0.99,,1105
btc-updown-15m-1762487100,1762487100,875,,0.01,,,0,3801.58,0.99,,190
btc-updown-15m-1762487100,1762487100,880,,0.01,,,0,3810.82,0.99,,1103
btc-updown-15m-1762487100,1762487100,885,,0.01,,,0,3810.82,0.99,,74
btc-updown-15m-1762487100,1762487100,890,,0.01,,,0,4738.16,0.99,,607
btc-updown-15m-1762487100,1762487100,895,,0.01,,,0,4763.16,0.99,,3873
btc-updown-15m-1762487100,1762487100,897,,0.01,,,0,4748.4,0.99,,379
btc-updown-15m-1762487100,1762487100,899,,0.01,,,0,5260.4,0.99,,79
btc-updown-15m-1762487100,1762487100,900,,0.01,,,0,5260.4,0.99,,1079
btc-updown-15m-1762524900,1762524900,0,,,,,0,0,,,
btc-updown-15m-1762524900,1762524900,15,,,,,0,0,,,
btc-updown-15m-1762524900,1762524900,30,,,,,0,0,,,
btc-updown-15m-1762524900,1762524900,45,,,,,0,0,,,
btc-updown-15m-1762524900,1762524900,60,,,,,0,0,,,
btc-updown-15m-1762524900,1762524900,75,,,,,0,0,,,
btc-updown-15m-1762524900,1762524900,90,,,,,0,0,,,
btc-updown-15m-1762524900,1762524900,105,,,,,0,0,,,
btc-updown-15m-1762524900,1762524900,120,,,,,0,0,,,
btc-updown-15m-1762524900,1762524900,135,,,,,0,0,,,
btc-updown-15m-1762524900,1762524900,150,,,,,0,0,,,
btc-updown-15m-1762524900,1762524900,165,,,,,0,0,,,
btc-updown-15m-1762524900,1762524900,180,,,,,0,0,,,
btc-updown-15m-1762524900,1762524900,195,,,,,0,0,,,
btc-updown-15m-1762524900,1762524900,210,,,,,0,0,,,
btc-updown-15m-1762524900,1762524900,225,,,,,0,0,,,
btc-updown-15m-1762524900,1762524900,240,,,,,0,0,,,
btc-updown-15m-1762524900,1762524900,255,,,,,0,0,,,
btc-updown-15m-1762524900,1762524900,270,,,,,0,0,,,
btc-updown-15m-1762524900,1762524900,285,,,,,0,0,,,
btc-updown-15m-1762524900,1762524900,300,,,,,0,0,,,
btc-updown-15m-1762524900,1762524900,315,,,,,0,0,,,
btc-updown-15m-1762524900,1762524900,330,,,,,0,0,,,
btc-updown-15m-1762524900,1762524900,345,,,,,0,0,,,
btc-updown-15m-1762524900,1762524900,360,,,,,0,0,,,
btc-updown-15m-1762524900,1762524900,375,,,,,0,0,,,
btc-updown-15m-1762524900,1762524900,390,,,,,0,0,,,
btc-updown-15m-1762524900,1762524900,405,,,,,0,0,,,
btc-updown-15m-1762524900,1762524900,420,,,,,0,0,,,
btc-updown-15m-1762524900,1762524900,435,,,,,0,0,,,
btc-updown-15m-1762524900,1762524900,450,,,,,0,0,,,
btc-updown-15m-1762524900,1762524900,465,,,,,0,0,,,
btc-updown-15m-1762524900,1762524900,480,,,,,0,0,,,
btc-updown-15m-1762524900,1762524900,495,,,,,0,0,,,
btc-updown-15m-1762524900,1762524900,510,,,,,0,0,,,
btc-updown-15m-1762524900,1762524900,525,,,,,0,0,,,
btc-updown-15m-1762524900,1762524900,540,,,,,0,0,,,
btc-updown-15m-1762524900,1762524900,555,,,,,0,0,,,
btc-updown-15m-1762524900,1762524900,570,,,,,0,0,,,
btc-updown-15m-1762524900,1762524900,585,,,,,0,0,,,
btc-updown-15m-1762524900,1762524900,600,,,,,0,0,,,
btc-updown-15m-1762524900,1762524900,615,,,,,0,0,,,
btc-updown-15m-1762524900,1762524900,630,,,,,0,0,,,
btc-updown-15m-1762524900,1762524900,645,,,,,0,0,,,
btc-updown-15m-1762524900,1762524900,660,,,,,0,0,,,
btc-updown-15m-1762524900,1762524900,675,,,,,0,0,,,
btc-updown-15m-1762524900,1762524900,690,,,,,0,0,,,
btc-updown-15m-1762524900,1762524900,705,,,,,0,0,,,
btc-updown-15m-1762524900,1762524900,720,0.17,0.21,0.19,0.04,58.8,25.45,0.79,0.83,38
btc-updown-15m-1762524900,1762524900,735,0.18,0.23,0.205,0.05,89.24,44,0.77,0.82,17
btc-updown-15m-1762524900,1762524900,750,0.3,0.35,0.325,0.05,33.2,25,0.65,0.7,0
btc-updown-15m-1762524900,1762524900,765,0.42,0.45,0.435,0.03,304,56.77,0.55,0.58,2
btc-updown-15m-1762524900,1762524900,780,0.32,0.35,0.335,0.03,198.82,49.56,0.65,0.68,16
btc-updown-15m-1762524900,1762524900,795,0.34,0.37,0.355,0.03,65.56,92.47,0.63,0.66,0
btc-updown-15m-1762524900,1762524900,810,0.4,0.43,0.415,0.03,62.36,857.46,0.57,0.6,31
btc-updown-15m-1762524900,1762524900,825,0.43,0.5,0.465,0.07,20,82,0.5,0.57,14
btc-updown-15m-1762524900,1762524900,840,0.14,0.17,0.155,0.03,4127.72,64.41,0.83,0.86,20
btc-updown-15m-1762524900,1762524900,845,0.19,0.28,0.235,0.09,4097.16,75,0.72,0.81,1
btc-updown-15m-1762524900,1762524900,850,0.31,0.37,0.34,0.06,19.09,65,0.63,0.69,22
btc-updown-15m-1762524900,1762524900,855,0.15,0.23,0.19,0.08,4057.16,39.62,0.77,0.85,10
btc-updown-15m-1762524900,1762524900,860,0.18,0.21,0.195,0.03,36,50,0.79,0.82,1
btc-updown-15m-1762524900,1762524900,865,0.18,0.29,0.235,0.11,22,40,0.71,0.82,50
btc-updown-15m-1762524900,1762524900,870,0.07,0.11,0.09,0.04,355,91.54,0.89,0.93,22
btc-updown-15m-1762524900,1762524900,875,0.05,0.14,0.095,0.09,1173.41,66,0.86,0.95,17
btc-updown-15m-1762524900,1762524900,880,0.05,0.08,0.065,0.03,922.71,896,0.92,0.95,40
btc-updown-15m-1762524900,1762524900,885,0.02,0.05,0.035,0.03,3123.52,1089,0.95,0.98,32
btc-updown-15m-1762524900,1762524900,890,0.01,0.02,0.015,0.01,2046.18,2302.03,0.98,0.99,47
btc-updown-15m-1762524900,1762524900,895,,0.02,,,0,237,0.98,,41
btc-updown-15m-1762524900,1762524900,897,,0.01,,,0,96.66,0.99,,444
btc-updown-15m-1762524900,1762524900,899,,0.01,,,0,4223.35,0.99,,149
btc-updown-15m-1762524900,1762524900,900,,0.01,,,0,7085.02,0.99,,943
btc-updown-15m-1762533900,1762533900,0,0.49,0.51,0.5,0.02,342.41,397.93,0.49,0.51,1154
btc-updown-15m-1762533900,1762533900,15,0.5,0.52,0.51,0.02,245.38,371.05,0.48,0.5,4
btc-updown-15m-1762533900,1762533900,30,0.37,0.42,0.395,0.05,75,243.14,0.58,0.63,31
btc-updown-15m-1762533900,1762533900,45,0.42,0.45,0.435,0.03,992.93,91,0.55,0.58,8
btc-updown-15m-1762533900,1762533900,60,0.43,0.46,0.445,0.03,429.07,206,0.54,0.57,34
btc-updown-15m-1762533900,1762533900,75,0.34,0.37,0.355,0.03,30,385,0.63,0.66,7
btc-updown-15m-1762533900,1762533900,90,0.27,0.3,0.285,0.03,448.66,311,0.7,0.73,6
btc-updown-15m-1762533900,1762533900,105,0.2,0.22,0.21,0.02,498.29,375,0.78,0.8,0
btc-updown-15m-1762533900,1762533900,120,0.24,0.25,0.245,0.01,601.15,550.59,0.75,0.76,18
btc-updown-15m-1762533900,1762533900,135,0.32,0.35,0.335,0.03,470.05,370.3,0.65,0.68,1
btc-updown-15m-1762533900,1762533900,150,0.32,0.36,0.34,0.04,591.1,264.01,0.64,0.68,7
btc-updown-15m-1762533900,1762533900,165,0.28,0.32,0.3,0.04,585.77,346,0.68,0.72,9
btc-updown-15m-1762533900,1762533900,180,0.26,0.29,0.275,0.03,484.24,479.68,0.71,0.74,38
btc-updown-15m-1762533900,1762533900,195,0.28,0.31,0.295,0.03,284.47,355.61,0.69,0.72,9
btc-updown-15m-1762533900,1762533900,210,0.3,0.34,0.32,0.04,458.82,582.86,0.66,0.7,4
btc-updown-15m-1762533900,1762533900,225,0.3,0.34,0.32,0.04,260,699.6,0.66,0.7,10
btc-updown-15m-1762533900,1762533900,240,0.31,0.33,0.32,0.02,626.28,1103.06,0.67,0.69,2
btc-updown-15m-1762533900,1762533900,255,0.29,0.3,0.295,0.01,65,68.77,0.7,0.71,4
btc-updown-15m-1762533900,1762533900,270,0.35,0.37,0.36,0.02,506,79.91,0.63,0.65,42
btc-updown-15m-1762533900,1762533900,285,0.34,0.37,0.355,0.03,425.66,453.13,0.63,0.66,10
btc-updown-15m-1762533900,1762533900,300,0.31,0.36,0.335,0.05,692.41,397.93,0.64,0.69,4
btc-updown-15m-1762533900,1762533900,315,0.28,0.3,0.29,0.02,236.06,171,0.7,0.72,4
btc-updown-15m-1762533900,1762533900,330,0.31,0.33,0.32,0.02,58.66,373.79,0.67,0.69,33
btc-updown-15m-1762533900,1762533900,345,0.31,0.34,0.325,0.03,370,268.45,0.66,0.69,7
btc-updown-15m-1762533900,1762533900,360,0.29,0.33,0.31,0.04,289.87,715.26,0.67,0.71,1
btc-updown-15m-1762533900,1762533900,375,0.34,0.36,0.35,0.02,560.98,213.22,0.64,0.66,22
btc-updown-15m-1762533900,1762533900,390,0.39,0.4,0.395,0.01,470.07,340.76,0.6,0.61,4
btc-updown-15m-1762533900,1762533900,405,0.35,0.38,0.365,0.03,96.37,139.95,0.62,0.65,6
btc-updown-15m-1762533900,1762533900,420,0.4,0.42,0.41,0.02,83.48,40,0.58,0.6,12
btc-updown-15m-1762533900,1762533900,435,0.52,0.53,0.525,0.01,120.65,493.89,0.47,0.48,7
btc-updown-15m-1762533900,1762533900,450,0.42,0.46,0.44,0.04,498.49,532.86,0.54,0.58,13
btc-updown-15m-1762533900,1762533900,465,0.51,0.54,0.525,0.03,744.4,43.69,0.46,0.49,34
btc-updown-15m-1762533900,1762533900,480,0.57,0.6,0.585,0.03,87.85,104.52,0.4,0.43,18
btc-updown-15m-1762533900,1762533900,495,0.51,0.55,0.53,0.04,299,179.5,0.45,0.49,1
btc-updown-15m-1762533900,1762533900,510,0.51,0.53,0.52,0.02,145,581,0.47,0.49,16
btc-updown-15m-1762533900,1762533900,525,0.49,0.5,0.495,0.01,39.71,419.9,0.5,0.51,35
btc-updown-15m-1762533900,1762533900,540,0.48,0.51,0.495,0.03,1223.45,106.58,0.49,0.52,6
btc-updown-15m-1762533900,1762533900,555,0.4,0.41,0.405,0.01,94.23,39.95,0.59,0.6,50
btc-updown-15m-1762533900,1762533900,570,0.4,0.41,0.405,0.01,271.05,835,0.59,0.6,14
btc-updown-15m-1762533900,1762533900,585,0.36,0.4,0.38,0.04,556,207.48,0.6,0.64,31
btc-updown-15m-1762533900,1762533900,600,0.37,0.41,0.39,0.04,591.48,205,0.59,0.63,19
btc-updown-15m-1762533900,1762533900,615,0.27,0.29,0.28,0.02,213,63,0.71,0.73,19
btc-updown-15m-1762533900,1762533900,630,0.17,0.21,0.19,0.04,578.46,277.97,0.79,0.83,51
btc-updown-15m-1762533900,1762533900,645,0.11,0.15,0.13,0.04,1769,434.24,0.85,0.89,49
btc-updown-15m-1762533900,1762533900,660,0.05,0.07,0.06,0.02,1619,438.7,0.93,0.95,44
btc-updown-15m-1762533900,1762533900,675,0.03,0.05,0.04,0.02,5421.64,1911.54,0.95,0.97,0
btc-updown-15m-1762533900,1762533900,690,0.02,0.06,0.04,0.04,3518.74,2023.82,0.94,0.98,64
btc-updown-15m-1762533900,1762533900,705,0.03,0.05,0.04,0.02,3390.8,1197.22,0.95,0.97,62
btc-updown-15m-1762533900,1762533900,720,0.03,0.04,0.035,0.01,1198.65,655.42,0.96,0.97,30
btc-updown-15m-1762533900,1762533900,735,0.01,0.02,0.015,0.01,1613.59,829.28,0.98,0.99,37
btc-updown-15m-1762533900,1762533900,750,0.01,0.02,0.015,0.01,5,2207.5,0.98,0.99,197
btc-updown-15m-1762533900,1762533900,765,,0.01,,,0,425.39,0.99,,18
btc-updown-15m-1762533900,1762533900,780,,0.01,,,0,2740.22,0.99,,1605
btc-updown-15m-1762533900,1762533900,795,,0.01,,,0,3200.52,0.99,,232
btc-updown-15m-1762533900,1762533900,810,,0.01,,,0,3210.42,0.99,,178
btc-updown-15m-1762533900,1762533900,825,,0.01,,,0,5069.53,0.99,,122
btc-updown-15m-1762533900,1762533900,840,,0.01,,,0,4974.63,0.99,,3563
btc-updown-15m-1762533900,1762533900,845,,0.01,,,0,4959.53,0.99,,92
btc-updown-15m-1762533900,1762533900,850,,0.01,,,0,4964.53,0.99,,104
btc-updown-15m-1762533900,1762533900,855,,0.01,,,0,4974.63,0.99,,257
btc-updown-15m-1762533900,1762533900,860,,0.01,,,0,4655.19,0.99,,159
btc-updown-15m-1762533900,1762533900,865,,0.01,,,0,4650.72,0.99,,794
btc-updown-15m-1762533900,1762533900,870,,0.01,,,0,4640.62,0.99,,109
btc-updown-15m-1762533900,1762533900,875,,0.01,,,0,4670.87,0.99,,2028
btc-updown-15m-1762533900,1762533900,880,,0.01,,,0,4705.72,0.99,,381
btc-updown-15m-1762533900,1762533900,885,,0.01,,,0,4730.97,0.99,,180
btc-updown-15m-1762533900,1762533900,890,,0.01,,,0,4695.62,0.99,,1253
btc-updown-15m-1762533900,1762533900,895,,0.01,,,0,4753.99,0.99,,269
btc-updown-15m-1762533900,1762533900,897,,0.01,,,0,4774.09,0.99,,357
btc-updown-15m-1762533900,1762533900,899,,0.01,,,0,4838.64,0.99,,128
btc-updown-15m-1762533900,1762533900,900,,0.01,,,0,4858.84,0.99,,452
btc-updown-15m-1762542000,1762542000,0,0.47,0.49,0.48,0.02,148.84,225.39,0.51,0.53,2373
btc-updown-15m-1762542000,1762542000,15,0.44,0.49,0.465,0.05,520.59,104.99,0.51,0.56,26
btc-updown-15m-1762542000,1762542000,30,0.38,0.4,0.39,0.02,279.21,210,0.6,0.62,63
btc-updown-15m-1762542000,1762542000,45,0.38,0.41,0.395,0.03,370,367.57,0.59,0.62,26
btc-updown-15m-1762542000,1762542000,60,0.42,0.43,0.425,0.01,30,35,0.57,0.58,39
btc-updown-15m-1762542000,1762542000,75,0.5,0.52,0.51,0.02,547.77,49.97,0.48,0.5,0
btc-updown-15m-1762542000,1762542000,90,0.53,0.57,0.55,0.04,416.27,390.85,0.43,0.47,156
btc-updown-15m-1762542000,1762542000,105,0.53,0.56,0.545,0.03,849.27,200,0.44,0.47,5
btc-updown-15m-1762542000,1762542000,120,0.54,0.59,0.565,0.05,465,388.63,0.41,0.46,113
btc-updown-15m-1762542000,1762542000,135,0.48,0.51,0.495,0.03,330.21,56,0.49,0.52,20
btc-updown-15m-1762542000,1762542000,150,0.42,0.44,0.43,0.02,357.6,205,0.56,0.58,74
btc-updown-15m-1762542000,1762542000,165,0.41,0.44,0.425,0.03,372.83,201,0.56,0.59,3
btc-updown-15m-1762542000,1762542000,180,0.46,0.5,0.48,0.04,579.91,190,0.5,0.54,77
btc-updown-15m-1762542000,1762542000,195,0.37,0.4,0.385,0.03,431,104.53,0.6,0.63,26
btc-updown-15m-1762542000,1762542000,210,0.4,0.44,0.42,0.04,469.57,235,0.56,0.6,46
btc-updown-15m-1762542000,1762542000,225,0.49,0.52,0.505,0.03,59.82,350,0.48,0.51,48
btc-updown-15m-1762542000,1762542000,240,0.54,0.59,0.565,0.05,562.07,595.6,0.41,0.46,96
btc-updown-15m-1762542000,1762542000,255,0.52,0.56,0.54,0.04,1289,254.51,0.44,0.48,0
btc-updown-15m-1762542000,1762542000,270,0.48,0.52,0.5,0.04,512.67,246,0.48,0.52,42
btc-updown-15m-1762542000,1762542000,285,0.42,0.45,0.435,0.03,465.83,47,0.55,0.58,10
btc-updown-15m-1762542000,1762542000,300,0.4,0.44,0.42,0.04,443.62,221,0.56,0.6,15
btc-updown-15m-1762542000,1762542000,315,0.41,0.45,0.43,0.04,498.43,165,0.55,0.59,0
btc-updown-15m-1762542000,1762542000,330,0.34,0.37,0.355,0.03,607.06,62.95,0.63,0.66,32
btc-updown-15m-1762542000,1762542000,345,0.33,0.36,0.345,0.03,355,258.95,0.64,0.67,0
btc-updown-15m-1762542000,1762542000,360,0.35,0.37,0.36,0.02,260.89,247.31,0.63,0.65,34
btc-updown-15m-1762542000,1762542000,375,0.46,0.5,0.48,0.04,298.5,325,0.5,0.54,6
btc-updown-15m-1762542000,1762542000,390,0.42,0.45,0.435,0.03,206,418.27,0.55,0.58,40
btc-updown-15m-1762542000,1762542000,405,0.42,0.45,0.435,0.03,330.81,60,0.55,0.58,0
btc-updown-15m-1762542000,1762542000,420,0.45,0.49,0.47,0.04,476,293.4,0.51,0.55,105
btc-updown-15m-1762542000,1762542000,435,0.39,0.44,0.415,0.05,513,86.42,0.56,0.61,32
btc-updown-15m-1762542000,1762542000,450,0.4,0.43,0.415,0.03,212,415.09,0.57,0.6,35
btc-updown-15m-1762542000,1762542000,465,0.45,0.48,0.465,0.03,381.19,76,0.52,0.55,51
btc-updown-15m-1762542000,1762542000,480,0.48,0.49,0.485,0.01,2375.39,369.49,0.51,0.52,196
btc-updown-15m-1762542000,1762542000,495,0.47,0.48,0.475,0.01,2286.28,240.73,0.52,0.53,7
btc-updown-15m-1762542000,1762542000,510,0.46,0.5,0.48,0.04,599.98,217,0.5,0.54,61
btc-updown-15m-1762542000,1762542000,525,0.38,0.41,0.395,0.03,390,240.24,0.59,0.62,82
btc-updown-15m-1762542000,1762542000,540,0.38,0.41,0.395,0.03,238,328.43,0.59,0.62,29
btc-updown-15m-1762542000,1762542000,555,0.3,0.33,0.315,0.03,441.79,48.37,0.67,0.7,27
btc-updown-15m-1762542000,1762542000,570,0.29,0.33,0.31,0.04,532.16,372,0.67,0.71,39
btc-updown-15m-1762542000,1762542000,585,0.32,0.33,0.325,0.01,281.49,364,0.67,0.68,140
btc-updown-15m-1762542000,1762542000,600,0.28,0.32,0.3,0.04,433,375.05,0.68,0.72,36
btc-updown-15m-1762542000,1762542000,615,0.23,0.26,0.245,0.03,441.49,85,0.74,0.77,42
btc-updown-15m-1762542000,1762542000,630,0.21,0.25,0.23,0.04,539,199,0.75,0.79,32
btc-updown-15m-1762542000,1762542000,645,0.36,0.38,0.37,0.02,268.88,37.66,0.62,0.64,31
btc-updown-15m-1762542000,1762542000,660,0.26,0.32,0.29,0.06,340,213.71,0.68,0.74,29
btc-updown-15m-1762542000,1762542000,675,0.28,0.34,0.31,0.06,581.1,275,0.66,0.72,1
btc-updown-15m-1762542000,1762542000,690,0.27,0.28,0.275,0.01,88.06,58.49,0.72,0.73,338
btc-updown-15m-1762542000,1762542000,705,0.25,0.27,0.26,0.02,401.31,69.51,0.73,0.75,18
btc-updown-15m-1762542000,1762542000,720,0.22,0.28,0.25,0.06,810.59,97.02,0.72,0.78,14
btc-updown-15m-1762542000,1762542000,735,0.36,0.41,0.385,0.05,326,296.01,0.59,0.64,75
btc-updown-15m-1762542000,1762542000,750,0.39,0.45,0.42,0.06,87,41.66,0.55,0.61,39
btc-updown-15m-1762542000,1762542000,765,0.69,0.75,0.72,0.06,31,311,0.25,0.31,66
btc-updown-15m-1762542000,1762542000,780,0.72,0.79,0.755,0.07,100,402.71,0.21,0.28,62
btc-updown-15m-1762542000,1762542000,795,0.74,0.82,0.78,0.08,22,169.86,0.18,0.26,12
btc-updown-15m-1762542000,1762542000,810,0.84,0.9,0.87,0.06,57,767.9,0.1,0.16,68
btc-updown-15m-1762542000,1762542000,825,0.93,0.95,0.94,0.02,77.62,1450.71,0.05,0.07,68
btc-updown-15m-1762542000,1762542000,840,0.94,0.95,0.945,0.01,91.65,1064.26,0.05,0.06,15
btc-updown-15m-1762542000,1762542000,845,0.97,0.98,0.975,0.01,145.99,1010.94,0.02,0.03,72
btc-updown-15m-1762542000,1762542000,850,0.97,0.98,0.975,0.01,162.09,929.41,0.02,0.03,72
btc-updown-15m-1762542000,1762542000,855,0.98,0.99,0.985,0.01,924.59,717.27,0.01,0.02,188
btc-updown-15m-1762542000,1762542000,860,0.97,0.99,0.98,0.02,930,121.92,0.01,0.03,222
btc-updown-15m-1762542000,1762542000,865,0.97,,,,871.4,0,,0.03,196
btc-updown-15m-1762542000,1762542000,870,0.99,,,,1127.69,0,,0.01,159
btc-updown-15m-1762542000,1762542000,875,0.99,,,,1279.58,0,,0.01,564
btc-updown-15m-1762542000,1762542000,880,0.99,,,,1334.58,0,,0.01,84
btc-updown-15m-1762542000,1762542000,885,0.99,,,,1342.7,0,,0.01,2797
btc-updown-15m-1762542000,1762542000,890,0.99,,,,1999.09,0,,0.01,2971
btc-updown-15m-1762542000,1762542000,895,0.99,,,,1998.94,0,,0.01,981
btc-updown-15m-1762542000,1762542000,897,0.99,,,,1998.94,0,,0.01,227
btc-updown-15m-1762542000,1762542000,899,0.99,,,,2023.85,0,,0.01,1222
btc-updown-15m-1762542000,1762542000,900,0.99,,,,2035.85,0,,0.01,961
btc-updown-15m-1762566300,1762566300,0,0.46,0.48,0.47,0.02,34,419.88,0.52,0.54,2505
btc-updown-15m-1762566300,1762566300,15,0.44,0.48,0.46,0.04,150.07,544.88,0.52,0.56,1163
btc-updown-15m-1762566300,1762566300,30,0.45,0.48,0.465,0.03,87.78,994.88,0.52,0.55,6
btc-updown-15m-1762566300,1762566300,45,0.45,0.48,0.465,0.03,95,943.23,0.52,0.55,38
btc-updown-15m-1762566300,1762566300,60,0.45,0.48,0.465,0.03,115,953.23,0.52,0.55,104
btc-updown-15m-1762566300,1762566300,75,0.44,0.48,0.46,0.04,231,928.68,0.52,0.56,67
btc-updown-15m-1762566300,1762566300,90,0.46,0.5,0.48,0.04,247.63,657.2,0.5,0.54,19
btc-updown-15m-1762566300,1762566300,105,0.54,0.56,0.55,0.02,270.43,75,0.44,0.46,74
btc-updown-15m-1762566300,1762566300,120,0.55,0.57,0.56,0.02,83.43,50,0.43,0.45,210
btc-updown-15m-1762566300,1762566300,135,0.43,0.48,0.455,0.05,186.73,50,0.52,0.57,4
btc-updown-15m-1762566300,1762566300,150,0.44,0.48,0.46,0.04,77.49,100,0.52,0.56,3
btc-updown-15m-1762566300,1762566300,165,0.49,0.54,0.515,0.05,164.37,400.3,0.46,0.51,35
btc-updown-15m-1762566300,1762566300,180,0.57,0.61,0.59,0.04,37.45,312.7,0.39,0.43,1675
btc-updown-15m-1762566300,1762566300,195,0.62,0.63,0.625,0.01,81.14,45,0.37,0.38,115
btc-updown-15m-1762566300,1762566300,210,0.52,0.56,0.54,0.04,121.5,67.26,0.44,0.48,61
btc-updown-15m-1762566300,1762566300,225,0.52,0.56,0.54,0.04,149,132.26,0.44,0.48,134
btc-updown-15m-1762566300,1762566300,240,0.55,0.58,0.565,0.03,91.14,85,0.42,0.45,99
btc-updown-15m-1762566300,1762566300,255,0.59,0.63,0.61,0.04,87.18,55.93,0.37,0.41,62
btc-updown-15m-1762566300,1762566300,270,0.67,0.69,0.68,0.02,71.63,85,0.31,0.33,95
btc-updown-15m-1762566300,1762566300,285,0.66,0.69,0.675,0.03,42.48,137.91,0.31,0.34,43
btc-updown-15m-1762566300,1762566300,300,0.67,0.71,0.69,0.04,76.01,207.43,0.29,0.33,53
btc-updown-15m-1762566300,1762566300,315,0.71,0.72,0.715,0.01,66.19,134.84,0.28,0.29,12
btc-updown-15m-1762566300,1762566300,330,0.71,0.75,0.73,0.04,230,969.75,0.25,0.29,59
btc-updown-15m-1762566300,1762566300,345,0.65,0.69,0.67,0.04,60,92.06,0.31,0.35,3
btc-updown-15m-1762566300,1762566300,360,0.67,0.7,0.685,0.03,30.26,93.57,0.3,0.33,77
btc-updown-15m-1762566300,1762566300,375,0.69,0.71,0.7,0.02,40,90,0.29,0.31,73
btc-updown-15m-1762566300,1762566300,390,0.69,0.7,0.695,0.01,82.51,146.63,0.3,0.31,97
btc-updown-15m-1762566300,1762566300,405,0.73,0.74,0.735,0.01,43.01,860.93,0.26,0.27,137
btc-updown-15m-1762566300,1762566300,420,0.66,0.67,0.665,0.01,15,271.13,0.33,0.34,5
btc-updown-15m-1762566300,1762566300,435,0.6,0.63,0.615,0.03,29.5,118.53,0.37,0.4,217
btc-updown-15m-1762566300,1762566300,450,0.58,0.6,0.59,0.02,205.7,71,0.4,0.42,44
btc-updown-15m-1762566300,1762566300,465,0.53,0.58,0.555,0.05,95,101,0.42,0.47,1919
btc-updown-15m-1762566300,1762566300,480,0.52,0.57,0.545,0.05,365.6,77.64,0.43,0.48,24
btc-updown-15m-1762566300,1762566300,495,0.64,0.67,0.655,0.03,132.82,52.95,0.33,0.36,252
btc-updown-15m-1762566300,1762566300,510,0.62,0.65,0.635,0.03,107.61,78.93,0.35,0.38,10
btc-updown-15m-1762566300,1762566300,525,0.62,0.65,0.635,0.03,123.54,34.93,0.35,0.38,80
btc-updown-15m-1762566300,1762566300,540,0.63,0.65,0.64,0.02,113.54,21.93,0.35,0.37,66
btc-updown-15m-1762566300,1762566300,555,0.62,0.65,0.635,0.03,118.72,285.67,0.35,0.38,81
btc-updown-15m-1762566300,1762566300,570,0.64,0.68,0.66,0.04,77,330.9,0.32,0.36,18
btc-updown-15m-1762566300,1762566300,585,0.69,0.72,0.705,0.03,153.29,296.88,0.28,0.31,68
btc-updown-15m-1762566300,1762566300,600,0.7,0.75,0.725,0.05,203.06,997.8,0.25,0.3,4
btc-updown-15m-1762566300,1762566300,615,0.46,0.55,0.505,0.09,11.75,340.4,0.45,0.54,8
btc-updown-15m-1762566300,1762566300,630,0.46,0.47,0.465,0.01,75.22,93.08,0.53,0.54,2075
btc-updown-15m-1762566300,1762566300,645,0.33,0.38,0.355,0.05,298.92,103.84,0.62,0.67,379
btc-updown-15m-1762566300,1762566300,660,0.28,0.33,0.305,0.05,248.74,44,0.67,0.72,48
btc-updown-15m-1762566300,1762566300,675,0.23,0.29,0.26,0.06,486.55,128.94,0.71,0.77,57
btc-updown-15m-1762566300,1762566300,690,0.32,0.39,0.355,0.07,48,51.22,0.61,0.68,100
btc-updown-15m-1762566300,1762566300,705,0.44,0.48,0.46,0.04,63,274.3,0.52,0.56,18
btc-updown-15m-1762566300,1762566300,720,0.34,0.4,0.37,0.06,251.5,62,0.6,0.66,3
btc-updown-15m-1762566300,1762566300,735,0.25,0.27,0.26,0.02,42,74,0.73,0.75,36
btc-updown-15m-1762566300,1762566300,750,0.16,0.2,0.18,0.04,310.85,62.2,0.8,0.84,36
btc-updown-15m-1762566300,1762566300,765,0.19,0.23,0.21,0.04,153.1,83,0.77,0.81,24
btc-updown-15m-1762566300,1762566300,780,0.16,0.19,0.175,0.03,190.68,201.58,0.81,0.84,112
btc-updown-15m-1762566300,1762566300,795,0.11,0.12,0.115,0.01,140.42,50,0.88,0.89,94
btc-updown-15m-1762566300,1762566300,810,0.34,0.35,0.345,0.01,161.78,29.22,0.65,0.66,72
btc-updown-15m-1762566300,1762566300,825,0.24,0.3,0.27,0.06,31,15,0.7,0.76,0
btc-updown-15m-1762566300,1762566300,840,0.17,0.24,0.205,0.07,108.67,63,0.76,0.83,37
btc-updown-15m-1762566300,1762566300,845,0.16,0.21,0.185,0.05,156,61,0.79,0.84,25
btc-updown-15m-1762566300,1762566300,850,0.16,0.22,0.19,0.06,141,51,0.78,0.84,38
btc-updown-15m-1762566300,1762566300,855,0.15,0.2,0.175,0.05,136,66,0.8,0.85,273
btc-updown-15m-1762566300,1762566300,860,0.16,0.2,0.18,0.04,149.09,55,0.8,0.84,74
btc-updown-15m-1762566300,1762566300,865,0.15,0.19,0.17,0.04,128.09,60,0.81,0.85,8
btc-updown-15m-1762566300,1762566300,870,0.12,0.18,0.15,0.06,61,50,0.82,0.88,75
btc-updown-15m-1762566300,1762566300,875,0.06,0.08,0.07,0.02,49.73,644,0.92,0.94,129
btc-updown-15m-1762566300,1762566300,880,0.07,0.08,0.075,0.01,67.92,31,0.92,0.93,117
btc-updown-15m-1762566300,1762566300,885,0.02,0.04,0.03,0.02,1777.63,848.74,0.96,0.98,1571
btc-updown-15m-1762566300,1762566300,890,0.01,0.02,0.015,0.01,1275.46,1885.03,0.98,0.99,2
btc-updown-15m-1762566300,1762566300,895,0.01,0.02,0.015,0.01,1217.89,1062.04,0.98,0.99,81
btc-updown-15m-1762566300,1762566300,897,0.01,0.02,0.015,0.01,1205.18,1020.59,0.98,0.99,348
btc-updown-15m-1762566300,1762566300,899,,0.01,,,0,2819.41,0.99,,35
btc-updown-15m-1762566300,1762566300,900,,0.01,,,0,2824.41,0.99,,160
btc-updown-15m-1762628400,1762628400,0,,,,,0,0,,,
btc-updown-15m-1762628400,1762628400,15,,,,,0,0,,,
btc-updown-15m-1762628400,1762628400,30,,,,,0,0,,,
btc-updown-15m-1762628400,1762628400,45,,,,,0,0,,,
btc-updown-15m-1762628400,1762628400,60,,,,,0,0,,,
btc-updown-15m-1762628400,1762628400,75,,,,,0,0,,,
btc-updown-15m-1762628400,1762628400,90,,,,,0,0,,,
btc-updown-15m-1762628400,1762628400,105,,,,,0,0,,,
btc-updown-15m-1762628400,1762628400,120,,,,,0,0,,,
btc-updown-15m-1762628400,1762628400,135,,,,,0,0,,,
btc-updown-15m-1762628400,1762628400,150,,,,,0,0,,,
btc-updown-15m-1762628400,1762628400,165,,,,,0,0,,,
btc-updown-15m-1762628400,1762628400,180,,,,,0,0,,,
btc-updown-15m-1762628400,1762628400,195,,,,,0,0,,,
btc-updown-15m-1762628400,1762628400,210,,,,,0,0,,,
btc-updown-15m-1762628400,1762628400,225,,,,,0,0,,,
btc-updown-15m-1762628400,1762628400,240,,,,,0,0,,,
btc-updown-15m-1762628400,1762628400,255,,,,,0,0,,,
btc-updown-15m-1762628400,1762628400,270,,,,,0,0,,,
btc-updown-15m-1762628400,1762628400,285,,,,,0,0,,,
btc-updown-15m-1762628400,1762628400,300,,,,,0,0,,,
btc-updown-15m-1762628400,1762628400,315,,,,,0,0,,,
btc-updown-15m-1762628400,1762628400,330,,,,,0,0,,,
btc-updown-15m-1762628400,1762628400,345,,,,,0,0,,,
btc-updown-15m-1762628400,1762628400,360,,,,,0,0,,,
btc-updown-15m-1762628400,1762628400,375,,,,,0,0,,,
btc-updown-15m-1762628400,1762628400,390,,,,,0,0,,,
btc-updown-15m-1762628400,1762628400,405,,,,,0,0,,,
btc-updown-15m-1762628400,1762628400,420,,,,,0,0,,,
btc-updown-15m-1762628400,1762628400,435,,,,,0,0,,,
btc-updown-15m-1762628400,1762628400,450,,,,,0,0,,,
btc-updown-15m-1762628400,1762628400,465,,,,,0,0,,,
btc-updown-15m-1762628400,1762628400,480,,,,,0,0,,,
btc-updown-15m-1762628400,1762628400,495,,,,,0,0,,,
btc-updown-15m-1762628400,1762628400,510,,,,,0,0,,,
btc-updown-15m-1762628400,1762628400,525,,,,,0,0,,,
btc-updown-15m-1762628400,1762628400,540,,,,,0,0,,,
btc-updown-15m-1762628400,1762628400,555,,,,,0,0,,,
btc-updown-15m-1762628400,1762628400,570,,,,,0,0,,,
btc-updown-15m-1762628400,1762628400,585,,,,,0,0,,,
btc-updown-15m-1762628400,1762628400,600,,,,,0,0,,,
btc-updown-15m-1762628400,1762628400,615,,,,,0,0,,,
btc-updown-15m-1762628400,1762628400,630,,,,,0,0,,,
btc-updown-15m-1762628400,1762628400,645,,,,,0,0,,,
btc-updown-15m-1762628400,1762628400,660,,,,,0,0,,,
btc-updown-15m-1762628400,1762628400,675,,,,,0,0,,,
btc-updown-15m-1762628400,1762628400,690,,,,,0,0,,,
btc-updown-15m-1762628400,1762628400,705,,,,,0,0,,,
btc-updown-15m-1762628400,1762628400,720,,,,,0,0,,,
btc-updown-15m-1762628400,1762628400,735,,,,,0,0,,,
btc-updown-15m-1762628400,1762628400,750,,,,,0,0,,,
btc-updown-15m-1762628400,1762628400,765,,,,,0,0,,,
btc-updown-15m-1762628400,1762628400,780,,,,,0,0,,,
btc-updown-15m-1762628400,1762628400,795,,,,,0,0,,,
btc-updown-15m-1762628400,1762628400,810,0.41,0.47,0.44,0.06,520.98,23,0.53,0.59,3
btc-updown-15m-1762628400,1762628400,825,0.39,0.47,0.43,0.08,514.69,26,0.53,0.61,284
btc-updown-15m-1762628400,1762628400,840,0.46,0.61,0.535,0.15,330,353,0.39,0.54,16
btc-updown-15m-1762628400,1762628400,845,0.56,0.65,0.605,0.09,81.63,46,0.35,0.44,7
btc-updown-15m-1762628400,1762628400,850,0.62,0.78,0.7,0.16,151,111,0.22,0.38,8
btc-updown-15m-1762628400,1762628400,855,0.57,0.69,0.63,0.12,48,41,0.31,0.43,1
btc-updown-15m-1762628400,1762628400,860,0.37,0.47,0.42,0.1,35.59,72.15,0.53,0.63,100
btc-updown-15m-1762628400,1762628400,865,0.37,0.47,0.42,0.1,43.41,397.15,0.53,0.63,684
btc-updown-15m-1762628400,1762628400,870,0.39,0.4,0.395,0.01,63.08,21,0.6,0.61,4
btc-updown-15m-1762628400,1762628400,875,0.29,0.42,0.355,0.13,91.89,208,0.58,0.71,2
btc-updown-15m-1762628400,1762628400,880,0.17,0.29,0.23,0.12,310,38,0.71,0.83,10
btc-updown-15m-1762628400,1762628400,885,0.17,0.31,0.24,0.14,330,70,0.69,0.83,70
btc-updown-15m-1762628400,1762628400,890,0.14,0.26,0.2,0.12,526,45.3,0.74,0.86,24
btc-updown-15m-1762628400,1762628400,895,0.11,0.15,0.13,0.04,75,56.89,0.85,0.89,23
btc-updown-15m-1762628400,1762628400,897,0.1,0.12,0.11,0.02,182.84,436.89,0.88,0.9,981
btc-updown-15m-1762628400,1762628400,899,0.03,0.05,0.04,0.02,2584.28,93.11,0.95,0.97,33
btc-updown-15m-1762628400,1762628400,900,0.03,0.04,0.035,0.01,2549.28,62.16,0.96,0.97,306
btc-updown-15m-1762637400,1762637400,0,0.47,0.51,0.49,0.04,62.51,165.55,0.49,0.53,2742
btc-updown-15m-1762637400,1762637400,15,0.59,0.6,0.595,0.01,197.45,62.86,0.4,0.41,11
btc-updown-15m-1762637400,1762637400,30,0.56,0.61,0.585,0.05,215,316,0.39,0.44,135
btc-updown-15m-1762637400,1762637400,45,0.57,0.59,0.58,0.02,230,189,0.41,0.43,613
btc-updown-15m-1762637400,1762637400,60,0.57,0.6,0.585,0.03,65,408,0.4,0.43,0
btc-updown-15m-1762637400,1762637400,75,0.56,0.6,0.58,0.04,186,423.83,0.4,0.44,6
btc-updown-15m-1762637400,1762637400,90,0.53,0.55,0.54,0.02,280.8,171,0.45,0.47,0
btc-updown-15m-1762637400,1762637400,105,0.54,0.58,0.56,0.04,66.28,99.83,0.42,0.46,117
btc-updown-15m-1762637400,1762637400,120,0.54,0.56,0.55,0.02,79.67,110,0.44,0.46,180
btc-updown-15m-1762637400,1762637400,135,0.53,0.57,0.55,0.04,45,302.67,0.43,0.47,1403
btc-updown-15m-1762637400,1762637400,150,0.58,0.6,0.59,0.02,197,392.33,0.4,0.42,15
btc-updown-15m-1762637400,1762637400,165,0.65,0.68,0.665,0.03,182,392.9,0.32,0.35,59
btc-updown-15m-1762637400,1762637400,180,0.72,0.75,0.735,0.03,206,353.13,0.25,0.28,6
btc-updown-15m-1762637400,1762637400,195,0.85,0.87,0.86,0.02,181,99,0.13,0.15,1
btc-updown-15m-1762637400,1762637400,210,0.81,0.84,0.825,0.03,257,76,0.16,0.19,21
btc-updown-15m-1762637400,1762637400,225,0.88,0.89,0.885,0.01,48.6,491.69,0.11,0.12,12
btc-updown-15m-1762637400,1762637400,240,0.87,0.89,0.88,0.02,35,349.86,0.11,0.13,13
btc-updown-15m-1762637400,1762637400,255,0.84,0.86,0.85,0.02,430,131.11,0.14,0.16,27
btc-updown-15m-1762637400,1762637400,270,0.85,0.87,0.86,0.02,90,67.72,0.13,0.15,39
btc-updown-15m-1762637400,1762637400,285,0.78,0.82,0.8,0.04,1393.09,107.4,0.18,0.22,1
btc-updown-15m-1762637400,1762637400,300,0.76,0.82,0.79,0.06,983.36,149,0.18,0.24,23
btc-updown-15m-1762637400,1762637400,315,0.83,0.84,0.835,0.01,31.09,358,0.16,0.17,8
btc-updown-15m-1762637400,1762637400,330,0.87,0.88,0.875,0.01,40,408.29,0.12,0.13,16
btc-updown-15m-1762637400,1762637400,345,0.88,0.9,0.89,0.02,75,293.87,0.1,0.12,99
btc-updown-15m-1762637400,1762637400,360,0.88,0.9,0.89,0.02,145,208.75,0.1,0.12,287
btc-updown-15m-1762637400,1762637400,375,0.9,0.92,0.91,0.02,71,161.05,0.08,0.1,85
btc-updown-15m-1762637400,1762637400,390,0.91,0.92,0.915,0.01,354,1092.05,0.08,0.09,0
btc-updown-15m-1762637400,1762637400,405,0.94,0.96,0.95,0.02,312.54,2896.1,0.04,0.06,413
btc-updown-15m-1762637400,1762637400,420,0.94,0.96,0.95,0.02,391.5,3284.45,0.04,0.06,36
btc-updown-15m-1762637400,1762637400,435,0.92,0.96,0.94,0.04,660.6,1052,0.04,0.08,46
btc-updown-15m-1762637400,1762637400,450,0.95,0.97,0.96,0.02,384,2607.75,0.03,0.05,272
btc-updown-15m-1762637400,1762637400,465,0.95,0.97,0.96,0.02,531,1956.79,0.03,0.05,160
btc-updown-15m-1762637400,1762637400,480,0.95,0.97,0.96,0.02,259,1919.82,0.03,0.05,27
btc-updown-15m-1762637400,1762637400,495,0.95,0.97,0.96,0.02,782.6,3167.65,0.03,0.05,114
btc-updown-15m-1762637400,1762637400,510,0.96,0.97,0.965,0.01,364.27,3262.65,0.03,0.04,22
btc-updown-15m-1762637400,1762637400,525,0.97,0.98,0.975,0.01,813.19,3086.41,0.02,0.03,37
btc-updown-15m-1762637400,1762637400,540,0.96,0.98,0.97,0.02,448.43,3109.41,0.02,0.04,204
btc-updown-15m-1762637400,1762637400,555,0.93,0.96,0.945,0.03,397.39,1444.99,0.04,0.07,120
btc-updown-15m-1762637400,1762637400,570,0.93,0.96,0.945,0.03,323.29,1710.99,0.04,0.07,0
btc-updown-15m-1762637400,1762637400,585,0.93,0.96,0.945,0.03,641.77,1347.49,0.04,0.07,400
btc-updown-15m-1762637400,1762637400,600,0.93,0.96,0.945,0.03,418.29,1043.03,0.04,0.07,216
btc-updown-15m-1762637400,1762637400,615,0.96,0.98,0.97,0.02,273.6,2587.79,0.02,0.04,83
btc-updown-15m-1762637400,1762637400,630,0.94,0.98,0.96,0.04,262.49,2462.2,0.02,0.06,31
btc-updown-15m-1762637400,1762637400,645,0.96,0.98,0.97,0.02,146.3,2295.01,0.02,0.04,26
btc-updown-15m-1762637400,1762637400,660,0.97,0.99,0.98,0.02,103.92,1790.84,0.01,0.03,215
btc-updown-15m-1762637400,1762637400,675,0.97,0.99,0.98,0.02,518.91,1533.48,0.01,0.03,426
btc-updown-15m-1762637400,1762637400,690,0.98,0.99,0.985,0.01,481.21,1487.31,0.01,0.02,223
btc-updown-15m-1762637400,1762637400,705,0.98,0.99,0.985,0.01,488.91,1042.21,0.01,0.02,740
btc-updown-15m-1762637400,1762637400,720,0.99,,,,451.26,0,,0.01,214
btc-updown-15m-1762637400,1762637400,735,0.99,,,,1031.24,0,,0.01,76
btc-updown-15m-1762637400,1762637400,750,0.99,,,,816.54,0,,0.01,29
btc-updown-15m-1762637400,1762637400,765,0.99,,,,985.39,0,,0.01,31
btc-updown-15m-1762637400,1762637400,780,0.99,,,,985.39,0,,0.01,1250
btc-updown-15m-1762637400,1762637400,795,0.99,,,,2055.07,0,,0.01,97
btc-updown-15m-1762637400,1762637400,810,0.99,,,,3203.71,0,,0.01,181
btc-updown-15m-1762637400,1762637400,825,0.99,,,,3239.36,0,,0.01,87
btc-updown-15m-1762637400,1762637400,840,0.99,,,,3329.26,0,,0.01,168
btc-updown-15m-1762637400,1762637400,845,0.99,,,,3419.16,0,,0.01,787
btc-updown-15m-1762637400,1762637400,850,0.99,,,,3439.36,0,,0.01,59
btc-updown-15m-1762637400,1762637400,855,0.99,,,,3429.26,0,,0.01,792
btc-updown-15m-1762637400,1762637400,860,0.99,,,,3429.26,0,,0.01,791
btc-updown-15m-1762637400,1762637400,865,0.99,,,,3439.36,0,,0.01,791
btc-updown-15m-1762637400,1762637400,870,0.99,,,,3439.36,0,,0.01,790
btc-updown-15m-1762637400,1762637400,875,0.99,,,,3434.26,0,,0.01,289
btc-updown-15m-1762637400,1762637400,880,0.99,,,,3409.06,0,,0.01,61
btc-updown-15m-1762637400,1762637400,885,0.99,,,,3429.26,0,,0.01,788
btc-updown-15m-1762637400,1762637400,890,0.99,,,,3439.36,0,,0.01,780
btc-updown-15m-1762637400,1762637400,895,0.99,,,,3469.91,0,,0.01,787
btc-updown-15m-1762637400,1762637400,897,0.99,,,,3459.81,0,,0.01,512
btc-updown-15m-1762637400,1762637400,899,0.99,,,,4337.79,0,,0.01,766
btc-updown-15m-1762637400,1762637400,900,0.99,,,,4343.79,0,,0.01,117
btc-updown-15m-1762678800,1762678800,0,0.49,0.51,0.5,0.02,917.39,299.78,0.49,0.51,4592
btc-updown-15m-1762678800,1762678800,15,0.61,0.69,0.65,0.08,249.86,137.74,0.31,0.39,25
btc-updown-15m-1762678800,1762678800,30,0.62,0.65,0.635,0.03,498.86,132.03,0.35,0.38,35
btc-updown-15m-1762678800,1762678800,45,0.62,0.64,0.63,0.02,655.92,181,0.36,0.38,4
btc-updown-15m-1762678800,1762678800,60,0.6,0.64,0.62,0.04,451,469.7,0.36,0.4,340
btc-updown-15m-1762678800,1762678800,75,0.61,0.64,0.625,0.03,315,346.02,0.36,0.39,32
btc-updown-15m-1762678800,1762678800,90,0.57,0.61,0.59,0.04,180,755.7,0.39,0.43,147
btc-updown-15m-1762678800,1762678800,105,0.55,0.58,0.565,0.03,205,586,0.42,0.45,7
btc-updown-15m-1762678800,1762678800,120,0.51,0.55,0.53,0.04,1451.91,585,0.45,0.49,17
btc-updown-15m-1762678800,1762678800,135,0.61,0.65,0.63,0.04,235,201.92,0.35,0.39,36
btc-updown-15m-1762678800,1762678800,150,0.66,0.68,0.67,0.02,385,680.5,0.32,0.34,7
btc-updown-15m-1762678800,1762678800,165,0.61,0.66,0.635,0.05,940.8,475,0.34,0.39,7
btc-updown-15m-1762678800,1762678800,180,0.6,0.62,0.61,0.02,442,385,0.38,0.4,188
btc-updown-15m-1762678800,1762678800,195,0.6,0.64,0.62,0.04,767.75,380,0.36,0.4,46
btc-updown-15m-1762678800,1762678800,210,0.66,0.7,0.68,0.04,375,1236.87,0.3,0.34,12
btc-updown-15m-1762678800,1762678800,225,0.67,0.7,0.685,0.03,256,659.14,0.3,0.33,32
btc-updown-15m-1762678800,1762678800,240,0.67,0.7,0.685,0.03,292.14,616.84,0.3,0.33,11
btc-updown-15m-1762678800,1762678800,255,0.59,0.61,0.6,0.02,522.5,350,0.39,0.41,0
btc-updown-15m-1762678800,1762678800,270,0.5,0.53,0.515,0.03,146,593.8,0.47,0.5,6
btc-updown-15m-1762678800,1762678800,285,0.55,0.58,0.565,0.03,650,210,0.42,0.45,84
btc-updown-15m-1762678800,1762678800,300,0.58,0.61,0.595,0.03,301,310,0.39,0.42,26
btc-updown-15m-1762678800,1762678800,315,0.56,0.59,0.575,0.03,640.3,346.61,0.41,0.44,131
btc-updown-15m-1762678800,1762678800,330,0.56,0.58,0.57,0.02,614.8,36.52,0.42,0.44,9
btc-updown-15m-1762678800,1762678800,345,0.58,0.62,0.6,0.04,226.27,676.3,0.38,0.42,117
btc-updown-15m-1762678800,1762678800,360,0.64,0.66,0.65,0.02,86,50,0.34,0.36,49
btc-updown-15m-1762678800,1762678800,375,0.63,0.67,0.65,0.04,513.09,260,0.33,0.37,13
btc-updown-15m-1762678800,1762678800,390,0.55,0.57,0.56,0.02,1059.1,76,0.43,0.45,5
btc-updown-15m-1762678800,1762678800,405,0.51,0.53,0.52,0.02,115,323.68,0.47,0.49,65
btc-updown-15m-1762678800,1762678800,420,0.39,0.43,0.41,0.04,459.6,260.75,0.57,0.61,6
btc-updown-15m-1762678800,1762678800,435,0.39,0.42,0.405,0.03,354,377,0.58,0.61,24
btc-updown-15m-1762678800,1762678800,450,0.44,0.46,0.45,0.02,41,394.06,0.54,0.56,9
btc-updown-15m-1762678800,1762678800,465,0.58,0.6,0.59,0.02,63,529,0.4,0.42,2
btc-updown-15m-1762678800,1762678800,480,0.57,0.6,0.585,0.03,651.2,366,0.4,0.43,27
btc-updown-15m-1762678800,1762678800,495,0.62,0.66,0.64,0.04,484.62,396.3,0.34,0.38,41
btc-updown-15m-1762678800,1762678800,510,0.5,0.52,0.51,0.02,323,285.36,0.48,0.5,24
btc-updown-15m-1762678800,1762678800,525,0.45,0.49,0.47,0.04,465,175,0.51,0.55,0
btc-updown-15m-1762678800,1762678800,540,0.47,0.51,0.49,0.04,216,535.36,0.49,0.53,134
btc-updown-15m-1762678800,1762678800,555,0.57,0.61,0.59,0.04,386,513,0.39,0.43,19
btc-updown-15m-1762678800,1762678800,570,0.76,0.8,0.78,0.04,454,592.36,0.2,0.24,29
btc-updown-15m-1762678800,1762678800,585,0.71,0.75,0.73,0.04,183,809,0.25,0.29,18
btc-updown-15m-1762678800,1762678800,600,0.66,0.7,0.68,0.04,211,562.1,0.3,0.34,10
btc-updown-15m-1762678800,1762678800,615,0.6,0.63,0.615,0.03,299.88,489.6,0.37,0.4,183
btc-updown-15m-1762678800,1762678800,630,0.7,0.74,0.72,0.04,287.6,130.7,0.26,0.3,48
btc-updown-15m-1762678800,1762678800,645,0.62,0.67,0.645,0.05,161.5,154.76,0.33,0.38,216
btc-updown-15m-1762678800,1762678800,660,0.67,0.7,0.685,0.03,65,285.7,0.3,0.33,7
btc-updown-15m-1762678800,1762678800,675,0.79,0.85,0.82,0.06,100,366.64,0.15,0.21,1
btc-updown-15m-1762678800,1762678800,690,0.86,0.88,0.87,0.02,255,917.94,0.12,0.14,0
btc-updown-15m-1762678800,1762678800,705,0.85,0.9,0.875,0.05,173.96,2943.19,0.1,0.15,18
btc-updown-15m-1762678800,1762678800,720,0.86,0.89,0.875,0.03,103.62,1505.96,0.11,0.14,3
btc-updown-15m-1762678800,1762678800,735,0.91,0.95,0.93,0.04,242.02,2580,0.05,0.09,3
btc-updown-15m-1762678800,1762678800,750,0.95,0.97,0.96,0.02,54.47,4114.37,0.03,0.05,15
btc-updown-15m-1762678800,1762678800,765,0.93,0.99,0.96,0.06,461.92,2707.4,0.01,0.07,5
btc-updown-15m-1762678800,1762678800,780,0.93,0.97,0.95,0.04,235.62,2632.59,0.03,0.07,75
btc-updown-15m-1762678800,1762678800,795,0.98,0.99,0.985,0.01,1155.95,789.63,0.01,0.02,66
btc-updown-15m-1762678800,1762678800,810,0.98,0.99,0.985,0.01,2069.89,211.81,0.01,0.02,258
btc-updown-15m-1762678800,1762678800,825,0.99,,,,2031.7,0,,0.01,125
btc-updown-15m-1762678800,1762678800,840,0.99,,,,2519.76,0,,0.01,213
btc-updown-15m-1762678800,1762678800,845,0.99,,,,4909.05,0,,0.01,413
btc-updown-15m-1762678800,1762678800,850,0.99,,,,5000.75,0,,0.01,412
btc-updown-15m-1762678800,1762678800,855,0.99,,,,5000.75,0,,0.01,412
btc-updown-15m-1762678800,1762678800,860,0.99,,,,4960.75,0,,0.01,416
btc-updown-15m-1762678800,1762678800,865,0.99,,,,4960.75,0,,0.01,414
btc-updown-15m-1762678800,1762678800,870,0.99,,,,4960.75,0,,0.01,415
btc-updown-15m-1762678800,1762678800,875,0.99,,,,4944.65,0,,0.01,416
btc-updown-15m-1762678800,1762678800,880,0.99,,,,6378.9,0,,0.01,20
btc-updown-15m-1762678800,1762678800,885,0.99,,,,6388.9,0,,0.01,408
btc-updown-15m-1762678800,1762678800,890,0.99,,,,3992.71,0,,0.01,408
btc-updown-15m-1762678800,1762678800,895,0.99,,,,4017.71,0,,0.01,403
btc-updown-15m-1762678800,1762678800,897,0.99,,,,4017.71,0,,0.01,1409
btc-updown-15m-1762678800,1762678800,899,0.99,,,,4117.71,0,,0.01,932
btc-updown-15m-1762678800,1762678800,900,0.99,,,,4155.14,0,,0.01,3
btc-updown-15m-1762687800,1762687800,0,0.47,0.49,0.48,0.02,53.07,444.18,0.51,0.53,669
btc-updown-15m-1762687800,1762687800,15,0.42,0.45,0.435,0.03,471.2,180,0.55,0.58,10
btc-updown-15m-1762687800,1762687800,30,0.33,0.34,0.335,0.01,431.52,270.94,0.66,0.67,58
btc-updown-15m-1762687800,1762687800,45,0.34,0.37,0.355,0.03,466.52,197,0.63,0.66,54
btc-updown-15m-1762687800,1762687800,60,0.37,0.39,0.38,0.02,185,95,0.61,0.63,259
btc-updown-15m-1762687800,1762687800,75,0.35,0.37,0.36,0.02,569,175,0.63,0.65,0
btc-updown-15m-1762687800,1762687800,90,0.35,0.4,0.375,0.05,984,351,0.6,0.65,25
btc-updown-15m-1762687800,1762687800,105,0.42,0.43,0.425,0.01,863.37,270,0.57,0.58,35
btc-updown-15m-1762687800,1762687800,120,0.46,0.5,0.48,0.04,688.1,421,0.5,0.54,9
btc-updown-15m-1762687800,1762687800,135,0.56,0.6,0.58,0.04,685.38,655.6,0.4,0.44,0
btc-updown-15m-1762687800,1762687800,150,0.52,0.56,0.54,0.04,409.42,490,0.44,0.48,165
btc-updown-15m-1762687800,1762687800,165,0.54,0.57,0.555,0.03,44.33,340,0.43,0.46,128
btc-updown-15m-1762687800,1762687800,180,0.47,0.51,0.49,0.04,332,542.35,0.49,0.53,1
btc-updown-15m-1762687800,1762687800,195,0.43,0.46,0.445,0.03,350.18,451.45,0.54,0.57,361
btc-updown-15m-1762687800,1762687800,210,0.42,0.46,0.44,0.04,692.65,451.45,0.54,0.58,44
btc-updown-15m-1762687800,1762687800,225,0.42,0.45,0.435,0.03,672.65,237.82,0.55,0.58,213
btc-updown-15m-1762687800,1762687800,240,0.45,0.48,0.465,0.03,335,325,0.52,0.55,12
btc-updown-15m-1762687800,1762687800,255,0.48,0.5,0.49,0.02,537.56,170.5,0.5,0.52,14
btc-updown-15m-1762687800,1762687800,270,0.44,0.47,0.455,0.03,210,359.7,0.53,0.56,0
btc-updown-15m-1762687800,1762687800,285,0.35,0.38,0.365,0.03,365,323.82,0.62,0.65,220
btc-updown-15m-1762687800,1762687800,300,0.36,0.38,0.37,0.02,165,224.47,0.62,0.64,99
btc-updown-15m-1762687800,1762687800,315,0.35,0.37,0.36,0.02,50,331.08,0.63,0.65,12
btc-updown-15m-1762687800,1762687800,330,0.32,0.36,0.34,0.04,787.87,340.33,0.64,0.68,163
btc-updown-15m-1762687800,1762687800,345,0.33,0.35,0.34,0.02,380,216.68,0.65,0.67,602
btc-updown-15m-1762687800,1762687800,360,0.28,0.33,0.305,0.05,516.94,692.88,0.67,0.72,11
btc-updown-15m-1762687800,1762687800,375,0.26,0.31,0.285,0.05,350,689.83,0.69,0.74,68
btc-updown-15m-1762687800,1762687800,390,0.25,0.29,0.27,0.04,490,358.33,0.71,0.75,3
btc-updown-15m-1762687800,1762687800,405,0.29,0.31,0.3,0.02,658.4,20,0.69,0.71,189
btc-updown-15m-1762687800,1762687800,420,0.28,0.3,0.29,0.02,210,437,0.7,0.72,13
btc-updown-15m-1762687800,1762687800,435,0.24,0.26,0.25,0.02,495,116.13,0.74,0.76,0
btc-updown-15m-1762687800,1762687800,450,0.34,0.35,0.345,0.01,212.7,465,0.65,0.66,18
btc-updown-15m-1762687800,1762687800,465,0.34,0.37,0.355,0.03,463.56,185.69,0.63,0.66,29
btc-updown-15m-1762687800,1762687800,480,0.34,0.38,0.36,0.04,464.96,355.03,0.62,0.66,9
btc-updown-15m-1762687800,1762687800,495,0.37,0.39,0.38,0.02,285.96,318.3,0.61,0.63,22
btc-updown-15m-1762687800,1762687800,510,0.4,0.43,0.415,0.03,221,480,0.57,0.6,26
btc-updown-15m-1762687800,1762687800,525,0.34,0.41,0.375,0.07,432.96,518.6,0.59,0.66,4
btc-updown-15m-1762687800,1762687800,540,0.32,0.36,0.34,0.04,550.9,548.74,0.64,0.68,39
btc-updown-15m-1762687800,1762687800,555,0.2,0.22,0.21,0.02,550.72,408.3,0.78,0.8,294
btc-updown-15m-1762687800,1762687800,570,0.18,0.24,0.21,0.06,684.6,661.5,0.76,0.82,3
btc-updown-15m-1762687800,1762687800,585,0.16,0.18,0.17,0.02,690.16,43.53,0.82,0.84,6
btc-updown-15m-1762687800,1762687800,600,0.23,0.27,0.25,0.04,491,378,0.73,0.77,179
btc-updown-15m-1762687800,1762687800,615,0.25,0.29,0.27,0.04,704.26,88,0.71,0.75,2
btc-updown-15m-1762687800,1762687800,630,0.25,0.29,0.27,0.04,632.2,230,0.71,0.75,233
btc-updown-15m-1762687800,1762687800,645,0.25,0.3,0.275,0.05,438.6,486.22,0.7,0.75,2
btc-updown-15m-1762687800,1762687800,660,0.24,0.29,0.265,0.05,631.4,197.88,0.71,0.76,15
btc-updown-15m-1762687800,1762687800,675,0.24,0.29,0.265,0.05,283.43,461.95,0.71,0.76,15
btc-updown-15m-1762687800,1762687800,690,0.16,0.18,0.17,0.02,481.9,217,0.82,0.84,29
btc-updown-15m-1762687800,1762687800,705,0.15,0.17,0.16,0.02,454.06,93,0.83,0.85,20
btc-updown-15m-1762687800,1762687800,720,0.14,0.18,0.16,0.04,448.33,219.96,0.82,0.86,397
btc-updown-15m-1762687800,1762687800,735,0.25,0.32,0.285,0.07,495.9,217.5,0.68,0.75,0
btc-updown-15m-1762687800,1762687800,750,0.31,0.37,0.34,0.06,450.68,335.02,0.63,0.69,19
btc-updown-15m-1762687800,1762687800,765,0.51,0.54,0.525,0.03,90.74,250.72,0.46,0.49,0
btc-updown-15m-1762687800,1762687800,780,0.75,0.84,0.795,0.09,188.6,337.4,0.16,0.25,13
btc-updown-15m-1762687800,1762687800,795,0.8,0.85,0.825,0.05,160.77,390,0.15,0.2,0
btc-updown-15m-1762687800,1762687800,810,0.8,0.88,0.84,0.08,57.16,840,0.12,0.2,40
btc-updown-15m-1762687800,1762687800,825,0.8,0.88,0.84,0.08,192.41,117.68,0.12,0.2,90
btc-updown-15m-1762687800,1762687800,840,0.86,0.91,0.885,0.05,60,373.53,0.09,0.14,8
btc-updown-15m-1762687800,1762687800,845,0.9,0.96,0.93,0.06,550.91,2067,0.04,0.1,8
btc-updown-15m-1762687800,1762687800,850,0.94,0.96,0.95,0.02,553.91,508.86,0.04,0.06,88
btc-updown-15m-1762687800,1762687800,855,0.93,0.96,0.945,0.03,70,578.04,0.04,0.07,9
btc-updown-15m-1762687800,1762687800,860,0.96,0.97,0.965,0.01,325.71,1855.66,0.03,0.04,116
btc-updown-15m-1762687800,1762687800,865,0.97,0.99,0.98,0.02,245.71,583.73,0.01,0.03,115
btc-updown-15m-1762687800,1762687800,870,0.98,0.99,0.985,0.01,1670.71,27.1,0.01,0.02,48
btc-updown-15m-1762687800,1762687800,875,0.99,,,,1268.06,0,,0.01,111
btc-updown-15m-1762687800,1762687800,880,0.99,,,,1363.06,0,,0.01,114
btc-updown-15m-1762687800,1762687800,885,0.98,0.99,0.985,0.01,1517.82,170.28,0.01,0.02,16
btc-updown-15m-1762687800,1762687800,890,0.99,,,,1875.13,0,,0.01,110
btc-updown-15m-1762687800,1762687800,895,0.99,,,,1825.97,0,,0.01,112
btc-updown-15m-1762687800,1762687800,897,0.99,,,,4430.9,0,,0.01,1107
btc-updown-15m-1762687800,1762687800,899,0.99,,,,3297.47,0,,0.01,143
btc-updown-15m-1762687800,1762687800,900,0.99,,,,3297.47,0,,0.01,1143
btc-updown-15m-1762695900,1762695900,0,0.4,0.49,0.445,0.09,30,1747.58,0.51,0.6,1447
btc-updown-15m-1762695900,1762695900,15,0.43,0.46,0.445,0.03,465,166,0.54,0.57,156
btc-updown-15m-1762695900,1762695900,30,0.41,0.44,0.425,0.03,377.5,515.38,0.56,0.59,16
btc-updown-15m-1762695900,1762695900,45,0.42,0.45,0.435,0.03,416.65,219.19,0.55,0.58,16
btc-updown-15m-1762695900,1762695900,60,0.36,0.38,0.37,0.02,511,313,0.62,0.64,17
btc-updown-15m-1762695900,1762695900,75,0.34,0.35,0.345,0.01,138.52,470,0.65,0.66,25
btc-updown-15m-1762695900,1762695900,90,0.4,0.41,0.405,0.01,165,414,0.59,0.6,11
btc-updown-15m-1762695900,1762695900,105,0.38,0.43,0.405,0.05,364.42,65,0.57,0.62,16
btc-updown-15m-1762695900,1762695900,120,0.47,0.48,0.475,0.01,301.05,631.03,0.52,0.53,30
btc-updown-15m-1762695900,1762695900,135,0.65,0.68,0.665,0.03,511.55,50,0.32,0.35,31
btc-updown-15m-1762695900,1762695900,150,0.69,0.73,0.71,0.04,180,218.9,0.27,0.31,80
btc-updown-15m-1762695900,1762695900,165,0.64,0.67,0.655,0.03,87.46,80,0.33,0.36,39
btc-updown-15m-1762695900,1762695900,180,0.55,0.59,0.57,0.04,72.77,212.1,0.41,0.45,41
btc-updown-15m-1762695900,1762695900,195,0.6,0.64,0.62,0.04,56,151,0.36,0.4,8
btc-updown-15m-1762695900,1762695900,210,0.6,0.64,0.62,0.04,186,70,0.36,0.4,43
btc-updown-15m-1762695900,1762695900,225,0.62,0.66,0.64,0.04,187.49,76.93,0.34,0.38,313
btc-updown-15m-1762695900,1762695900,240,0.7,0.74,0.72,0.04,192,146.6,0.26,0.3,2
btc-updown-15m-1762695900,1762695900,255,0.64,0.69,0.665,0.05,68,439,0.31,0.36,17
btc-updown-15m-1762695900,1762695900,270,0.68,0.7,0.69,0.02,65,319.1,0.3,0.32,51
btc-updown-15m-1762695900,1762695900,285,0.75,0.78,0.765,0.03,65,227.9,0.22,0.25,0
btc-updown-15m-1762695900,1762695900,300,0.75,0.78,0.765,0.03,201,561.6,0.22,0.25,18
btc-updown-15m-1762695900,1762695900,315,0.83,0.84,0.835,0.01,85,486.66,0.16,0.17,19
btc-updown-15m-1762695900,1762695900,330,0.85,0.87,0.86,0.02,95.2,503.85,0.13,0.15,57
btc-updown-15m-1762695900,1762695900,345,0.85,0.87,0.86,0.02,144.9,483,0.13,0.15,2
btc-updown-15m-1762695900,1762695900,360,0.85,0.88,0.865,0.03,417.33,1461.6,0.12,0.15,19
btc-updown-15m-1762695900,1762695900,375,0.85,0.88,0.865,0.03,227.5,970.47,0.12,0.15,6
btc-updown-15m-1762695900,1762695900,390,0.85,0.9,0.875,0.05,570.36,3253.28,0.1,0.15,14
btc-updown-15m-1762695900,1762695900,405,0.87,0.9,0.885,0.03,585,2191.05,0.1,0.13,14
btc-updown-15m-1762695900,1762695900,420,0.88,0.91,0.895,0.03,456.66,2854.05,0.09,0.12,2252
btc-updown-15m-1762695900,1762695900,435,0.83,0.86,0.845,0.03,245,143.14,0.14,0.17,14
btc-updown-15m-1762695900,1762695900,450,0.86,0.9,0.88,0.04,126,2432.55,0.1,0.14,6
btc-updown-15m-1762695900,1762695900,465,0.86,0.9,0.88,0.04,280,1891.28,0.1,0.14,67
btc-updown-15m-1762695900,1762695900,480,0.84,0.87,0.855,0.03,96,132,0.13,0.16,23
btc-updown-15m-1762695900,1762695900,495,0.85,0.88,0.865,0.03,268,396.15,0.12,0.15,16
btc-updown-15m-1762695900,1762695900,510,0.84,0.89,0.865,0.05,279,1110.1,0.11,0.16,10
btc-updown-15m-1762695900,1762695900,525,0.86,0.88,0.87,0.02,97,90.05,0.12,0.14,3
btc-updown-15m-1762695900,1762695900,540,0.87,0.9,0.885,0.03,150,557,0.1,0.13,32
btc-updown-15m-1762695900,1762695900,555,0.88,0.92,0.9,0.04,125,1868.47,0.08,0.12,11
btc-updown-15m-1762695900,1762695900,570,0.86,0.92,0.89,0.06,306.17,1589.71,0.08,0.14,2
btc-updown-15m-1762695900,1762695900,585,0.86,0.87,0.865,0.01,234.17,51,0.13,0.14,2
btc-updown-15m-1762695900,1762695900,600,0.77,0.78,0.775,0.01,184,40,0.22,0.23,11
btc-updown-15m-1762695900,1762695900,615,0.72,0.77,0.745,0.05,509,64,0.23,0.28,27
btc-updown-15m-1762695900,1762695900,630,0.64,0.7,0.67,0.06,429.9,167.16,0.3,0.36,71
btc-updown-15m-1762695900,1762695900,645,0.69,0.74,0.715,0.05,274.8,64,0.26,0.31,55
btc-updown-15m-1762695900,1762695900,660,0.67,0.68,0.675,0.01,432.7,57.5,0.32,0.33,46
btc-updown-15m-1762695900,1762695900,675,0.65,0.67,0.66,0.02,235.4,19.02,0.33,0.35,54
btc-updown-15m-1762695900,1762695900,690,0.71,0.79,0.75,0.08,457,51,0.21,0.29,5
btc-updown-15m-1762695900,1762695900,705,0.77,0.82,0.795,0.05,166,164.94,0.18,0.23,27
btc-updown-15m-1762695900,1762695900,720,0.71,0.77,0.74,0.06,228,194.4,0.23,0.29,11
btc-updown-15m-1762695900,1762695900,735,0.73,0.77,0.75,0.04,31.43,140.7,0.23,0.27,16
btc-updown-15m-1762695900,1762695900,750,0.83,0.9,0.865,0.07,72.11,144.9,0.1,0.17,3
btc-updown-15m-1762695900,1762695900,765,0.9,0.97,0.935,0.07,89.38,3020.18,0.03,0.1,8
btc-updown-15m-1762695900,1762695900,780,0.94,0.95,0.945,0.01,1532.16,231.8,0.05,0.06,59
btc-updown-15m-1762695900,1762695900,795,0.94,0.98,0.96,0.04,1098.07,3232.5,0.02,0.06,2136
btc-updown-15m-1762695900,1762695900,810,0.94,0.97,0.955,0.03,1046.4,3373.68,0.03,0.06,9
btc-updown-15m-1762695900,1762695900,825,0.94,0.98,0.96,0.04,135.77,2702.26,0.02,0.06,121
btc-updown-15m-1762695900,1762695900,840,0.95,0.99,0.97,0.04,55.77,4175.24,0.01,0.05,2651
btc-updown-15m-1762695900,1762695900,845,0.97,0.99,0.98,0.02,1030.77,2731.89,0.01,0.03,36
btc-updown-15m-1762695900,1762695900,850,0.98,0.99,0.985,0.01,1088.8,2834.95,0.01,0.02,251
btc-updown-15m-1762695900,1762695900,855,0.98,0.99,0.985,0.01,1083.34,2507.39,0.01,0.02,31
btc-updown-15m-1762695900,1762695900,860,0.99,,,,2409.58,0,,0.01,349
btc-updown-15m-1762695900,1762695900,865,0.99,,,,1421.66,0,,0.01,206
btc-updown-15m-1762695900,1762695900,870,0.99,,,,1359.37,0,,0.01,763
btc-updown-15m-1762695900,1762695900,875,0.99,,,,2814.81,0,,0.01,2200
btc-updown-15m-1762695900,1762695900,880,0.99,,,,2783.66,0,,0.01,1830
btc-updown-15m-1762695900,1762695900,885,0.99,,,,2807.9,0,,0.01,911
btc-updown-15m-1762695900,1762695900,890,0.99,,,,2783.66,0,,0.01,1678
btc-updown-15m-1762695900,1762695900,895,0.99,,,,3772.69,0,,0.01,2194
btc-updown-15m-1762695900,1762695900,897,0.99,,,,3748.45,0,,0.01,350
btc-updown-15m-1762695900,1762695900,899,0.99,,,,4098.45,0,,0.01,858
btc-updown-15m-1762695900,1762695900,900,0.99,,,,4112.45,0,,0.01,938
btc-updown-15m-1762718400,1762718400,0,0.4,0.49,0.445,0.09,45,96.06,0.51,0.6,1933
btc-updown-15m-1762718400,1762718400,15,0.59,0.64,0.615,0.05,247,300.08,0.36,0.41,4
btc-updown-15m-1762718400,1762718400,30,0.74,0.77,0.755,0.03,84,50,0.23,0.26,14
btc-updown-15m-1762718400,1762718400,45,0.62,0.64,0.63,0.02,181,56,0.36,0.38,10
btc-updown-15m-1762718400,1762718400,60,0.62,0.64,0.63,0.02,324.72,80,0.36,0.38,17
btc-updown-15m-1762718400,1762718400,75,0.72,0.74,0.73,0.02,187.42,60.61,0.26,0.28,8
btc-updown-15m-1762718400,1762718400,90,0.71,0.73,0.72,0.02,60,70,0.27,0.29,38
btc-updown-15m-1762718400,1762718400,105,0.72,0.74,0.73,0.02,76,237.7,0.26,0.28,5
btc-updown-15m-1762718400,1762718400,120,0.72,0.76,0.74,0.04,419,100,0.24,0.28,21
btc-updown-15m-1762718400,1762718400,135,0.75,0.76,0.755,0.01,72,65,0.24,0.25,188
btc-updown-15m-1762718400,1762718400,150,0.8,0.83,0.815,0.03,301,161.66,0.17,0.2,2
btc-updown-15m-1762718400,1762718400,165,0.83,0.85,0.84,0.02,88,77.8,0.15,0.17,0
btc-updown-15m-1762718400,1762718400,180,0.83,0.85,0.84,0.02,294.1,136.68,0.15,0.17,146
btc-updown-15m-1762718400,1762718400,195,0.74,0.77,0.755,0.03,75,32.4,0.23,0.26,16
btc-updown-15m-1762718400,1762718400,210,0.63,0.64,0.635,0.01,249.5,138,0.36,0.37,11
btc-updown-15m-1762718400,1762718400,225,0.67,0.68,0.675,0.01,60,56,0.32,0.33,16
btc-updown-15m-1762718400,1762718400,240,0.68,0.76,0.72,0.08,324.5,277,0.24,0.32,29
btc-updown-15m-1762718400,1762718400,255,0.76,0.8,0.78,0.04,128.76,171,0.2,0.24,20
btc-updown-15m-1762718400,1762718400,270,0.78,0.8,0.79,0.02,525.2,26,0.2,0.22,7
btc-updown-15m-1762718400,1762718400,285,0.83,0.86,0.845,0.03,212,226.88,0.14,0.17,6
btc-updown-15m-1762718400,1762718400,300,0.84,0.85,0.845,0.01,55,60.88,0.15,0.16,14
btc-updown-15m-1762718400,1762718400,315,0.83,0.86,0.845,0.03,238,85.88,0.14,0.17,112
btc-updown-15m-1762718400,1762718400,330,0.86,0.88,0.87,0.02,93.33,210,0.12,0.14,23
btc-updown-15m-1762718400,1762718400,345,0.85,0.88,0.865,0.03,78.33,360,0.12,0.15,23
btc-updown-15m-1762718400,1762718400,360,0.8,0.85,0.825,0.05,85,395,0.15,0.2,16
btc-updown-15m-1762718400,1762718400,375,0.6,0.65,0.625,0.05,338.5,187.61,0.35,0.4,8
btc-updown-15m-1762718400,1762718400,390,0.49,0.51,0.5,0.02,263.86,22,0.49,0.51,0
btc-updown-15m-1762718400,1762718400,405,0.35,0.41,0.38,0.06,638.67,447,0.59,0.65,0
btc-updown-15m-1762718400,1762718400,420,0.45,0.46,0.455,0.01,38,195,0.54,0.55,8
btc-updown-15m-1762718400,1762718400,435,0.49,0.51,0.5,0.02,480.5,470.31,0.49,0.51,10
btc-updown-15m-1762718400,1762718400,450,0.41,0.42,0.415,0.01,30,485,0.58,0.59,5
btc-updown-15m-1762718400,1762718400,465,0.32,0.34,0.33,0.02,49,491,0.66,0.68,10
btc-updown-15m-1762718400,1762718400,480,0.21,0.22,0.215,0.01,215.5,141,0.78,0.79,0
btc-updown-15m-1762718400,1762718400,495,0.35,0.37,0.36,0.02,310,166,0.63,0.65,2
btc-updown-15m-1762718400,1762718400,510,0.24,0.28,0.26,0.04,310.5,180,0.72,0.76,1
btc-updown-15m-1762718400,1762718400,525,0.2,0.23,0.215,0.03,525.5,141,0.77,0.8,22
btc-updown-15m-1762718400,1762718400,540,0.22,0.26,0.24,0.04,245.5,204,0.74,0.78,0
btc-updown-15m-1762718400,1762718400,555,0.25,0.27,0.26,0.02,78,488,0.73,0.75,9
btc-updown-15m-1762718400,1762718400,570,0.22,0.27,0.245,0.05,297.5,366.8,0.73,0.78,0
btc-updown-15m-1762718400,1762718400,585,0.15,0.2,0.175,0.05,724.16,241,0.8,0.85,30
btc-updown-15m-1762718400,1762718400,600,0.12,0.14,0.13,0.02,641.51,340,0.86,0.88,0
btc-updown-15m-1762718400,1762718400,615,0.06,0.08,0.07,0.02,152.36,31,0.92,0.94,29
btc-updown-15m-1762718400,1762718400,630,0.01,0.03,0.02,0.02,1277.38,578,0.97,0.99,63
btc-updown-15m-1762718400,1762718400,645,0.02,0.04,0.03,0.02,718.49,215.1,0.96,0.98,78
btc-updown-15m-1762718400,1762718400,660,0.02,0.03,0.025,0.01,1168.55,343,0.97,0.98,25
btc-updown-15m-1762718400,1762718400,675,0.01,0.02,0.015,0.01,704.68,38,0.98,0.99,23
btc-updown-15m-1762718400,1762718400,690,0.02,0.03,0.025,0.01,25,541.96,0.97,0.98,8
btc-updown-15m-1762718400,1762718400,705,0.01,0.02,0.015,0.01,439.66,487,0.98,0.99,13
btc-updown-15m-1762718400,1762718400,720,0.01,0.02,0.015,0.01,921.31,537,0.98,0.99,69
btc-updown-15m-1762718400,1762718400,735,0.02,0.03,0.025,0.01,613.56,341,0.97,0.98,39
btc-updown-15m-1762718400,1762718400,750,0.01,0.02,0.015,0.01,386.53,289.85,0.98,0.99,48
btc-updown-15m-1762718400,1762718400,765,,0.01,,,0,480.15,0.99,,616
btc-updown-15m-1762718400,1762718400,780,0.01,0.02,0.015,0.01,160.52,581.29,0.98,0.99,59
btc-updown-15m-1762718400,1762718400,795,,0.01,,,0,949.96,0.99,,69
btc-updown-15m-1762718400,1762718400,810,,0.01,,,0,1291.23,0.99,,64
btc-updown-15m-1762718400,1762718400,825,,0.01,,,0,1620.45,0.99,,65
btc-updown-15m-1762718400,1762718400,840,,0.01,,,0,2675.77,0.99,,64
btc-updown-15m-1762718400,1762718400,845,,0.01,,,0,2564.3,0.99,,59
btc-updown-15m-1762718400,1762718400,850,,0.01,,,0,1284.18,0.99,,13
btc-updown-15m-1762718400,1762718400,855,,0.01,,,0,1299.38,0.99,,44
btc-updown-15m-1762718400,1762718400,860,,0.01,,,0,1274.18,0.99,,50
btc-updown-15m-1762718400,1762718400,865,,0.01,,,0,2236.66,0.99,,59
btc-updown-15m-1762718400,1762718400,870,,0.01,,,0,2362.86,0.99,,55
btc-updown-15m-1762718400,1762718400,875,,0.01,,,0,2347.66,0.99,,57
btc-updown-15m-1762718400,1762718400,880,,0.01,,,0,2347.66,0.99,,61
btc-updown-15m-1762718400,1762718400,885,,0.01,,,0,3554.66,0.99,,45
btc-updown-15m-1762718400,1762718400,890,,0.001,,,0,3008.66,0.999,,59
btc-updown-15m-1762718400,1762718400,895,,0.001,,,0,3114.46,0.999,,58
btc-updown-15m-1762718400,1762718400,897,,0.001,,,0,3033.66,0.999,,175
btc-updown-15m-1762718400,1762718400,899,,0.001,,,0,3427.66,0.999,,106
btc-updown-15m-1762718400,1762718400,900,,0.001,,,0,4734.88,0.999,,523
btc-updown-15m-1762734600,1762734600,0,0.41,0.44,0.425,0.03,45,68.27,0.56,0.59,418
btc-updown-15m-1762734600,1762734600,15,0.4,0.47,0.435,0.07,13.39,584.57,0.53,0.6,2
btc-updown-15m-1762734600,1762734600,30,0.47,0.51,0.49,0.04,85.5,86.5,0.49,0.53,24
btc-updown-15m-1762734600,1762734600,45,0.45,0.49,0.47,0.04,70,57.75,0.51,0.55,60
btc-updown-15m-1762734600,1762734600,60,0.43,0.46,0.445,0.03,228.4,70,0.54,0.57,4
btc-updown-15m-1762734600,1762734600,75,0.44,0.47,0.455,0.03,147.5,20,0.53,0.56,57
btc-updown-15m-1762734600,1762734600,90,0.47,0.51,0.49,0.04,80,101.5,0.49,0.53,392
btc-updown-15m-1762734600,1762734600,105,0.56,0.58,0.57,0.02,66,214.98,0.42,0.44,50
btc-updown-15m-1762734600,1762734600,120,0.53,0.57,0.55,0.04,70,78.98,0.43,0.47,9
btc-updown-15m-1762734600,1762734600,135,0.54,0.56,0.55,0.02,218.6,154.98,0.44,0.46,39
btc-updown-15m-1762734600,1762734600,150,0.69,0.7,0.695,0.01,65,54.64,0.3,0.31,2
btc-updown-15m-1762734600,1762734600,165,0.68,0.71,0.695,0.03,104.15,39.47,0.29,0.32,70
btc-updown-15m-1762734600,1762734600,180,0.67,0.71,0.69,0.04,29.15,205.86,0.29,0.33,8
btc-updown-15m-1762734600,1762734600,195,0.71,0.75,0.73,0.04,70,237.48,0.25,0.29,96
btc-updown-15m-1762734600,1762734600,210,0.7,0.74,0.72,0.04,25,225.5,0.26,0.3,76
btc-updown-15m-1762734600,1762734600,225,0.74,0.78,0.76,0.04,80,150.7,0.22,0.26,111
btc-updown-15m-1762734600,1762734600,240,0.75,0.77,0.76,0.02,80,28.31,0.23,0.25,18
btc-updown-15m-1762734600,1762734600,255,0.74,0.75,0.745,0.01,35,374,0.25,0.26,0
btc-updown-15m-1762734600,1762734600,270,0.7,0.72,0.71,0.02,30,178.4,0.28,0.3,27
btc-updown-15m-1762734600,1762734600,285,0.73,0.77,0.75,0.04,80,103,0.23,0.27,7
btc-updown-15m-1762734600,1762734600,300,0.73,0.75,0.74,0.02,90,50,0.25,0.27,209
btc-updown-15m-1762734600,1762734600,315,0.7,0.71,0.705,0.01,64.46,40,0.29,0.3,12
btc-updown-15m-1762734600,1762734600,330,0.7,0.72,0.71,0.02,54.46,30,0.28,0.3,145
btc-updown-15m-1762734600,1762734600,345,0.74,0.78,0.76,0.04,232.5,136.93,0.22,0.26,38
btc-updown-15m-1762734600,1762734600,360,0.77,0.78,0.775,0.01,75,95.64,0.22,0.23,127
btc-updown-15m-1762734600,1762734600,375,0.83,0.86,0.845,0.03,115.17,380,0.14,0.17,49
btc-updown-15m-1762734600,1762734600,390,0.9,0.93,0.915,0.03,105,1117,0.07,0.1,75
btc-updown-15m-1762734600,1762734600,405,0.85,0.88,0.865,0.03,145,89,0.12,0.15,256
btc-updown-15m-1762734600,1762734600,420,0.9,0.92,0.91,0.02,105,457,0.08,0.1,120
btc-updown-15m-1762734600,1762734600,435,0.91,0.94,0.925,0.03,187.65,923.93,0.06,0.09,122
btc-updown-15m-1762734600,1762734600,450,0.91,0.93,0.92,0.02,587.75,433.93,0.07,0.09,15
btc-updown-15m-1762734600,1762734600,465,0.91,0.92,0.915,0.01,534.63,419.93,0.08,0.09,185
btc-updown-15m-1762734600,1762734600,480,0.93,0.95,0.94,0.02,667.28,897.82,0.05,0.07,50
btc-updown-15m-1762734600,1762734600,495,0.94,0.95,0.945,0.01,69.43,887.63,0.05,0.06,118
btc-updown-15m-1762734600,1762734600,510,0.95,0.96,0.955,0.01,285.43,1454,0.04,0.05,301
btc-updown-15m-1762734600,1762734600,525,0.96,0.97,0.965,0.01,1250.5,2244.88,0.03,0.04,942
btc-updown-15m-1762734600,1762734600,540,0.96,0.97,0.965,0.01,1350.48,1903.88,0.03,0.04,310
btc-updown-15m-1762734600,1762734600,555,0.97,0.98,0.975,0.01,1082.14,1863.88,0.02,0.03,737
btc-updown-15m-1762734600,1762734600,570,0.97,0.98,0.975,0.01,1068.84,1872.49,0.02,0.03,840
btc-updown-15m-1762734600,1762734600,585,0.97,0.98,0.975,0.01,1074.1,1858.68,0.02,0.03,208
btc-updown-15m-1762734600,1762734600,600,0.97,0.98,0.975,0.01,1064.76,1848.68,0.02,0.03,492
btc-updown-15m-1762734600,1762734600,615,0.97,0.98,0.975,0.01,1143.76,1693.26,0.02,0.03,501
btc-updown-15m-1762734600,1762734600,630,0.98,0.99,0.985,0.01,1109.26,582.99,0.01,0.02,72
btc-updown-15m-1762734600,1762734600,645,0.98,0.99,0.985,0.01,1209.76,376.19,0.01,0.02,85
btc-updown-15m-1762734600,1762734600,660,0.98,0.99,0.985,0.01,1217.76,114.88,0.01,0.02,41
btc-updown-15m-1762734600,1762734600,675,0.99,,,,688.51,0,,0.01,609
btc-updown-15m-1762734600,1762734600,690,0.99,,,,778.51,0,,0.01,358
btc-updown-15m-1762734600,1762734600,705,0.99,,,,749.04,0,,0.01,266
btc-updown-15m-1762734600,1762734600,720,0.99,,,,734.04,0,,0.01,468
btc-updown-15m-1762734600,1762734600,735,0.99,,,,1067.47,0,,0.01,57
btc-updown-15m-1762734600,1762734600,750,0.99,,,,1067.47,0,,0.01,310
btc-updown-15m-1762734600,1762734600,765,0.99,,,,967.47,0,,0.01,97
btc-updown-15m-1762734600,1762734600,780,0.99,,,,1007.47,0,,0.01,112
btc-updown-15m-1762734600,1762734600,795,0.99,,,,2907.86,0,,0.01,331
btc-updown-15m-1762734600,1762734600,810,0.99,,,,2907.86,0,,0.01,78
btc-updown-15m-1762734600,1762734600,825,0.99,,,,2916.86,0,,0.01,209
btc-updown-15m-1762734600,1762734600,840,0.99,,,,2535.42,0,,0.01,126
btc-updown-15m-1762734600,1762734600,845,0.99,,,,2526.42,0,,0.01,670
btc-updown-15m-1762734600,1762734600,850,0.99,,,,3646.42,0,,0.01,239
btc-updown-15m-1762734600,1762734600,855,0.99,,,,3625.42,0,,0.01,326
btc-updown-15m-1762734600,1762734600,860,0.99,,,,3625.42,0,,0.01,138
btc-updown-15m-1762734600,1762734600,865,0.99,,,,3634.42,0,,0.01,249
btc-updown-15m-1762734600,1762734600,870,0.99,,,,3625.42,0,,0.01,79
btc-updown-15m-1762734600,1762734600,875,0.99,,,,3634.42,0,,0.01,255
btc-updown-15m-1762734600,1762734600,880,0.99,,,,4142.74,0,,0.01,125
btc-updown-15m-1762734600,1762734600,885,0.99,,,,4142.74,0,,0.01,307
btc-updown-15m-1762734600,1762734600,890,0.99,,,,4151.74,0,,0.01,197
btc-updown-15m-1762734600,1762734600,895,0.99,,,,4142.74,0,,0.01,78
btc-updown-15m-1762734600,1762734600,897,0.99,,,,4106.74,0,,0.01,191
btc-updown-15m-1762734600,1762734600,899,0.99,,,,4145.74,0,,0.01,178
btc-updown-15m-1762734600,1762734600,900,0.99,,,,4145.74,0,,0.01,228
btc-updown-15m-1762758900,1762758900,0,0.41,0.45,0.43,0.04,135,466.95,0.55,0.59,1174
btc-updown-15m-1762758900,1762758900,15,0.41,0.44,0.425,0.03,271,43,0.56,0.59,6
btc-updown-15m-1762758900,1762758900,30,0.38,0.42,0.4,0.04,325.94,183.9,0.58,0.62,329
btc-updown-15m-1762758900,1762758900,45,0.44,0.47,0.455,0.03,162.26,452.58,0.53,0.56,7
btc-updown-15m-1762758900,1762758900,60,0.44,0.47,0.455,0.03,215.81,43.03,0.53,0.56,1
btc-updown-15m-1762758900,1762758900,75,0.46,0.5,0.48,0.04,81.06,113.5,0.5,0.54,130
btc-updown-15m-1762758900,1762758900,90,0.44,0.49,0.465,0.05,265.18,91.5,0.51,0.56,3
btc-updown-15m-1762758900,1762758900,105,0.37,0.43,0.4,0.06,331.29,280.21,0.57,0.63,28
btc-updown-15m-1762758900,1762758900,120,0.35,0.38,0.365,0.03,353.8,175.79,0.62,0.65,5
btc-updown-15m-1762758900,1762758900,135,0.32,0.37,0.345,0.05,2760.28,248.06,0.63,0.68,21
btc-updown-15m-1762758900,1762758900,150,0.3,0.33,0.315,0.03,2481,365,0.67,0.7,80
btc-updown-15m-1762758900,1762758900,165,0.24,0.27,0.255,0.03,265.2,353,0.73,0.76,2067
btc-updown-15m-1762758900,1762758900,180,0.25,0.26,0.255,0.01,3014.71,251.57,0.74,0.75,14
btc-updown-15m-1762758900,1762758900,195,0.22,0.27,0.245,0.05,321.3,407.57,0.73,0.78,20
btc-updown-15m-1762758900,1762758900,210,0.18,0.21,0.195,0.03,93,269.5,0.79,0.82,20
btc-updown-15m-1762758900,1762758900,225,0.15,0.18,0.165,0.03,370.46,342.5,0.82,0.85,6
btc-updown-15m-1762758900,1762758900,240,0.18,0.22,0.2,0.04,360.9,161,0.78,0.82,5
btc-updown-15m-1762758900,1762758900,255,0.19,0.23,0.21,0.04,80,315.5,0.77,0.81,7
btc-updown-15m-1762758900,1762758900,270,0.15,0.2,0.175,0.05,443.06,365.5,0.8,0.85,8
btc-updown-15m-1762758900,1762758900,285,0.12,0.16,0.14,0.04,540.7,232,0.84,0.88,13
btc-updown-15m-1762758900,1762758900,300,0.1,0.14,0.12,0.04,224.77,254,0.86,0.9,14
btc-updown-15m-1762758900,1762758900,315,0.09,0.14,0.115,0.05,83.77,883.5,0.86,0.91,5
btc-updown-15m-1762758900,1762758900,330,0.09,0.11,0.1,0.02,67.8,209,0.89,0.91,9
btc-updown-15m-1762758900,1762758900,345,0.07,0.11,0.09,0.04,1291.36,457,0.89,0.93,75
btc-updown-15m-1762758900,1762758900,360,0.1,0.11,0.105,0.01,1002,160,0.89,0.9,19
btc-updown-15m-1762758900,1762758900,375,0.1,0.11,0.105,0.01,5146.48,269,0.89,0.9,21
btc-updown-15m-1762758900,1762758900,390,0.11,0.13,0.12,0.02,2829.29,480.3,0.87,0.89,1198
btc-updown-15m-1762758900,1762758900,405,0.11,0.16,0.135,0.05,2934.08,771.5,0.84,0.89,3
btc-updown-15m-1762758900,1762758900,420,0.12,0.15,0.135,0.03,2721.17,582.5,0.85,0.88,5
btc-updown-15m-1762758900,1762758900,435,0.1,0.11,0.105,0.01,2457.19,453,0.89,0.9,75
btc-updown-15m-1762758900,1762758900,450,0.1,0.13,0.115,0.03,2553.19,651.4,0.87,0.9,1
btc-updown-15m-1762758900,1762758900,465,0.1,0.13,0.115,0.03,1298.07,630.47,0.87,0.9,16
btc-updown-15m-1762758900,1762758900,480,0.1,0.12,0.11,0.02,1153.8,665.07,0.88,0.9,58
btc-updown-15m-1762758900,1762758900,495,0.08,0.11,0.095,0.03,666.91,549.07,0.89,0.92,0
btc-updown-15m-1762758900,1762758900,510,0.08,0.11,0.095,0.03,686.91,384.07,0.89,0.92,7
btc-updown-15m-1762758900,1762758900,525,0.07,0.09,0.08,0.02,455.7,134,0.91,0.93,2
btc-updown-15m-1762758900,1762758900,540,0.06,0.08,0.07,0.02,795.2,2756.48,0.92,0.94,59
btc-updown-15m-1762758900,1762758900,555,0.05,0.08,0.065,0.03,1005.41,2833.48,0.92,0.95,6
btc-updown-15m-1762758900,1762758900,570,0.06,0.09,0.075,0.03,382.52,2964.35,0.91,0.94,13
btc-updown-15m-1762758900,1762758900,585,0.06,0.08,0.07,0.02,307.45,3455.45,0.92,0.94,25
btc-updown-15m-1762758900,1762758900,600,0.04,0.07,0.055,0.03,455.37,605.77,0.93,0.96,6
btc-updown-15m-1762758900,1762758900,615,0.05,0.08,0.065,0.03,176.21,805.77,0.92,0.95,0
btc-updown-15m-1762758900,1762758900,630,0.01,0.05,0.03,0.04,835.98,2178.7,0.95,0.99,112
btc-updown-15m-1762758900,1762758900,645,0.01,0.04,0.025,0.03,786.78,2201.47,0.96,0.99,28
btc-updown-15m-1762758900,1762758900,660,0.01,0.02,0.015,0.01,791.78,115.1,0.98,0.99,93
btc-updown-15m-1762758900,1762758900,675,0.02,0.04,0.03,0.02,2441.66,1434.84,0.96,0.98,1245
btc-updown-15m-1762758900,1762758900,690,0.02,0.05,0.035,0.03,1969.58,1388.77,0.95,0.98,1
btc-updown-15m-1762758900,1762758900,705,0.03,0.05,0.04,0.02,2552.99,1171.85,0.95,0.97,51
btc-updown-15m-1762758900,1762758900,720,0.03,0.05,0.04,0.02,997.02,1105.85,0.95,0.97,28
btc-updown-15m-1762758900,1762758900,735,0.01,0.02,0.015,0.01,924.42,136.86,0.98,0.99,178
btc-updown-15m-1762758900,1762758900,750,,0.02,,,0,211.26,0.98,,84
btc-updown-15m-1762758900,1762758900,765,,0.01,,,0,537.26,0.99,,433
btc-updown-15m-1762758900,1762758900,780,0.01,0.02,0.015,0.01,416.63,398.25,0.98,0.99,180
btc-updown-15m-1762758900,1762758900,795,0.01,0.02,0.015,0.01,5.88,451.93,0.98,0.99,198
btc-updown-15m-1762758900,1762758900,810,0.01,0.03,0.02,0.02,8,1172.65,0.97,0.99,21
btc-updown-15m-1762758900,1762758900,825,,0.02,,,0,311.25,0.98,,358
btc-updown-15m-1762758900,1762758900,840,,0.01,,,0,810,0.99,,671
btc-updown-15m-1762758900,1762758900,845,,0.01,,,0,1763.59,0.99,,916
btc-updown-15m-1762758900,1762758900,850,,0.01,,,0,2994.58,0.99,,104
btc-updown-15m-1762758900,1762758900,855,,0.01,,,0,3049.58,0.99,,179
btc-updown-15m-1762758900,1762758900,860,,0.01,,,0,3104.58,0.99,,918
btc-updown-15m-1762758900,1762758900,865,,0.01,,,0,3104.58,0.99,,902
btc-updown-15m-1762758900,1762758900,870,,0.01,,,0,3104.58,0.99,,219
btc-updown-15m-1762758900,1762758900,875,,0.001,,,0,3127.73,0.999,,376
btc-updown-15m-1762758900,1762758900,880,,0.001,,,0,3127.73,0.999,,916
btc-updown-15m-1762758900,1762758900,885,,0.001,,,0,3127.73,0.999,,912
btc-updown-15m-1762758900,1762758900,890,,0.001,,,0,2184.14,0.999,,911
btc-updown-15m-1762758900,1762758900,895,,0.001,,,0,10144.23,0.999,,909
btc-updown-15m-1762758900,1762758900,897,,0.001,,,0,10144.23,0.999,,1910
btc-updown-15m-1762758900,1762758900,899,,0.001,,,0,15244.23,0.999,,591
btc-updown-15m-1762758900,1762758900,900,,0.001,,,0,15244.23,0.999,,1591
btc-updown-15m-1762767000,1762767000,0,0.5,0.51,0.505,0.01,56.79,1008.23,0.49,0.5,1052
btc-updown-15m-1762767000,1762767000,15,0.53,0.55,0.54,0.02,217.5,278,0.45,0.47,23
btc-updown-15m-1762767000,1762767000,30,0.57,0.59,0.58,0.02,228.76,531,0.41,0.43,1
btc-updown-15m-1762767000,1762767000,45,0.48,0.53,0.505,0.05,400,869.97,0.47,0.52,97
btc-updown-15m-1762767000,1762767000,60,0.48,0.5,0.49,0.02,30,554,0.5,0.52,36
btc-updown-15m-1762767000,1762767000,75,0.49,0.51,0.5,0.02,323,677,0.49,0.51,59
btc-updown-15m-1762767000,1762767000,90,0.52,0.54,0.53,0.02,335,335,0.46,0.48,1837
btc-updown-15m-1762767000,1762767000,105,0.49,0.52,0.505,0.03,93,653.55,0.48,0.51,47
btc-updown-15m-1762767000,1762767000,120,0.43,0.47,0.45,0.04,360,158,0.53,0.57,8
btc-updown-15m-1762767000,1762767000,135,0.43,0.45,0.44,0.02,571,38,0.55,0.57,2
btc-updown-15m-1762767000,1762767000,150,0.42,0.46,0.44,0.04,426.7,721.84,0.54,0.58,17
btc-updown-15m-1762767000,1762767000,165,0.38,0.4,0.39,0.02,500.88,25,0.6,0.62,1
btc-updown-15m-1762767000,1762767000,180,0.32,0.37,0.345,0.05,538,742,0.63,0.68,108
btc-updown-15m-1762767000,1762767000,195,0.3,0.34,0.32,0.04,354.64,655,0.66,0.7,57
btc-updown-15m-1762767000,1762767000,210,0.38,0.4,0.39,0.02,393,146,0.6,0.62,1
btc-updown-15m-1762767000,1762767000,225,0.36,0.38,0.37,0.02,599,109,0.62,0.64,2
btc-updown-15m-1762767000,1762767000,240,0.37,0.38,0.375,0.01,480,112,0.62,0.63,59
btc-updown-15m-1762767000,1762767000,255,0.36,0.38,0.37,0.02,543,46,0.62,0.64,29
btc-updown-15m-1762767000,1762767000,270,0.5,0.54,0.52,0.04,260,1005,0.46,0.5,14
btc-updown-15m-1762767000,1762767000,285,0.44,0.46,0.45,0.02,88,1047.76,0.54,0.56,257
btc-updown-15m-1762767000,1762767000,300,0.43,0.45,0.44,0.02,460,193,0.55,0.57,1
btc-updown-15m-1762767000,1762767000,315,0.75,0.77,0.76,0.02,245.1,282.19,0.23,0.25,5
btc-updown-15m-1762767000,1762767000,330,0.7,0.75,0.725,0.05,357.8,144.81,0.25,0.3,45
btc-updown-15m-1762767000,1762767000,345,0.68,0.71,0.695,0.03,203,410,0.29,0.32,13
btc-updown-15m-1762767000,1762767000,360,0.74,0.78,0.76,0.04,205.82,348,0.22,0.26,56
btc-updown-15m-1762767000,1762767000,375,0.73,0.77,0.75,0.04,310,357.22,0.23,0.27,1
btc-updown-15m-1762767000,1762767000,390,0.69,0.71,0.7,0.02,234.77,241,0.29,0.31,3
btc-updown-15m-1762767000,1762767000,405,0.63,0.67,0.65,0.04,350,436.94,0.33,0.37,12
btc-updown-15m-1762767000,1762767000,420,0.66,0.7,0.68,0.04,128,589.81,0.3,0.34,15
btc-updown-15m-1762767000,1762767000,435,0.63,0.67,0.65,0.04,96,121.21,0.33,0.37,3
btc-updown-15m-1762767000,1762767000,450,0.73,0.74,0.735,0.01,166.1,88.5,0.26,0.27,8
btc-updown-15m-1762767000,1762767000,465,0.56,0.64,0.6,0.08,95.34,356,0.36,0.44,74
btc-updown-15m-1762767000,1762767000,480,0.66,0.72,0.69,0.06,72.34,425,0.28,0.34,55
btc-updown-15m-1762767000,1762767000,495,0.6,0.62,0.61,0.02,123,156,0.38,0.4,61
btc-updown-15m-1762767000,1762767000,510,0.62,0.64,0.63,0.02,270,199,0.36,0.38,115
btc-updown-15m-1762767000,1762767000,525,0.59,0.61,0.6,0.02,356,212,0.39,0.41,2
btc-updown-15m-1762767000,1762767000,540,0.54,0.59,0.565,0.05,422,695,0.41,0.46,67
btc-updown-15m-1762767000,1762767000,555,0.68,0.71,0.695,0.03,691.28,371,0.29,0.32,51
btc-updown-15m-1762767000,1762767000,570,0.71,0.75,0.73,0.04,99.38,540.34,0.25,0.29,3
btc-updown-15m-1762767000,1762767000,585,0.74,0.8,0.77,0.06,786.28,641,0.2,0.26,10
btc-updown-15m-1762767000,1762767000,600,0.74,0.75,0.745,0.01,42,230,0.25,0.26,4
btc-updown-15m-1762767000,1762767000,615,0.67,0.72,0.695,0.05,651.1,532,0.28,0.33,170
btc-updown-15m-1762767000,1762767000,630,0.63,0.67,0.65,0.04,567,56.94,0.33,0.37,17
btc-updown-15m-1762767000,1762767000,645,0.63,0.64,0.635,0.01,543,373.49,0.36,0.37,22
btc-updown-15m-1762767000,1762767000,660,0.6,0.62,0.61,0.02,311,39,0.38,0.4,5
btc-updown-15m-1762767000,1762767000,675,0.58,0.6,0.59,0.02,228,374.5,0.4,0.42,756
btc-updown-15m-1762767000,1762767000,690,0.62,0.66,0.64,0.04,413.31,341.5,0.34,0.38,67
btc-updown-15m-1762767000,1762767000,705,0.66,0.72,0.69,0.06,401.32,592.26,0.28,0.34,6
btc-updown-15m-1762767000,1762767000,720,0.61,0.68,0.645,0.07,258.6,425,0.32,0.39,0
btc-updown-15m-1762767000,1762767000,735,0.75,0.8,0.775,0.05,302.31,78.5,0.2,0.25,6
btc-updown-15m-1762767000,1762767000,750,0.64,0.69,0.665,0.05,42,534.5,0.31,0.36,19
btc-updown-15m-1762767000,1762767000,765,0.69,0.76,0.725,0.07,655.4,205.57,0.24,0.31,12
btc-updown-15m-1762767000,1762767000,780,0.78,0.83,0.805,0.05,75.8,615.98,0.17,0.22,14
btc-updown-15m-1762767000,1762767000,795,0.72,0.81,0.765,0.09,153,211.5,0.19,0.28,12
btc-updown-15m-1762767000,1762767000,810,0.77,0.84,0.805,0.07,51,209.5,0.16,0.23,74
btc-updown-15m-1762767000,1762767000,825,0.78,0.88,0.83,0.1,79.67,972.07,0.12,0.22,38
btc-updown-15m-1762767000,1762767000,840,0.89,0.92,0.905,0.03,157.76,86.81,0.08,0.11,4
btc-updown-15m-1762767000,1762767000,845,0.88,0.95,0.915,0.07,139.76,1258.93,0.05,0.12,20
btc-updown-15m-1762767000,1762767000,850,0.88,0.93,0.905,0.05,114.76,866.92,0.07,0.12,6
btc-updown-15m-1762767000,1762767000,855,0.86,0.9,0.88,0.04,83.76,902.53,0.1,0.14,14
btc-updown-15m-1762767000,1762767000,860,0.71,0.81,0.76,0.1,322.29,36,0.19,0.29,6
btc-updown-15m-1762767000,1762767000,865,0.92,0.96,0.94,0.04,51,2327.93,0.04,0.08,0
btc-updown-15m-1762767000,1762767000,870,0.96,0.98,0.97,0.02,38,1758.58,0.02,0.04,4
btc-updown-15m-1762767000,1762767000,875,0.92,0.99,0.955,0.07,170,649.11,0.01,0.08,67
btc-updown-15m-1762767000,1762767000,880,0.94,0.99,0.965,0.05,23,746.78,0.01,0.06,71
btc-updown-15m-1762767000,1762767000,885,0.93,0.99,0.96,0.06,116.97,3.15,0.01,0.07,60
btc-updown-15m-1762767000,1762767000,890,0.99,,,,219.01,0,,0.01,6
btc-updown-15m-1762767000,1762767000,895,0.99,,,,760.79,0,,0.01,4
btc-updown-15m-1762767000,1762767000,897,0.99,,,,1064.09,0,,0.01,5
btc-updown-15m-1762767000,1762767000,899,0.99,,,,1273.09,0,,0.01,51
btc-updown-15m-1762767000,1762767000,900,0.99,,,,1593.09,0,,0.01,922
btc-updown-15m-1762780500,1762780500,0,0.48,0.49,0.485,0.01,122.18,602.6,0.51,0.52,1472
btc-updown-15m-1762780500,1762780500,15,0.53,0.58,0.555,0.05,124,312.57,0.42,0.47,19
btc-updown-15m-1762780500,1762780500,30,0.58,0.61,0.595,0.03,268.68,892,0.39,0.42,0
btc-updown-15m-1762780500,1762780500,45,0.52,0.57,0.545,0.05,552.53,671.2,0.43,0.48,23
btc-updown-15m-1762780500,1762780500,60,0.58,0.6,0.59,0.02,321.23,317,0.4,0.42,62
btc-updown-15m-1762780500,1762780500,75,0.54,0.58,0.56,0.04,497.53,988,0.42,0.46,1
btc-updown-15m-1762780500,1762780500,90,0.59,0.63,0.61,0.04,34,875.9,0.37,0.41,32
btc-updown-15m-1762780500,1762780500,105,0.65,0.66,0.655,0.01,357,654.6,0.34,0.35,46
btc-updown-15m-1762780500,1762780500,120,0.62,0.63,0.625,0.01,625,72,0.37,0.38,17
btc-updown-15m-1762780500,1762780500,135,0.59,0.63,0.61,0.04,436,577.4,0.37,0.41,10
btc-updown-15m-1762780500,1762780500,150,0.58,0.61,0.595,0.03,686,59,0.39,0.42,97
btc-updown-15m-1762780500,1762780500,165,0.55,0.6,0.575,0.05,548.08,742.91,0.4,0.45,5229
btc-updown-15m-1762780500,1762780500,180,0.44,0.48,0.46,0.04,736,279.53,0.52,0.56,13
btc-updown-15m-1762780500,1762780500,195,0.48,0.5,0.49,0.02,76,135.91,0.5,0.52,45
btc-updown-15m-1762780500,1762780500,210,0.48,0.5,0.49,0.02,838,152,0.5,0.52,47
btc-updown-15m-1762780500,1762780500,225,0.4,0.41,0.405,0.01,787,48,0.59,0.6,3
btc-updown-15m-1762780500,1762780500,240,0.37,0.42,0.395,0.05,890.5,709.61,0.58,0.63,36
btc-updown-15m-1762780500,1762780500,255,0.4,0.45,0.425,0.05,854.4,981,0.55,0.6,15
btc-updown-15m-1762780500,1762780500,270,0.39,0.43,0.41,0.04,899.8,607,0.57,0.61,2
btc-updown-15m-1762780500,1762780500,285,0.36,0.38,0.37,0.02,818.1,366,0.62,0.64,15
btc-updown-15m-1762780500,1762780500,300,0.36,0.37,0.365,0.01,408.4,454,0.63,0.64,83
btc-updown-15m-1762780500,1762780500,315,0.33,0.35,0.34,0.02,611.7,426.66,0.65,0.67,16
btc-updown-15m-1762780500,1762780500,330,0.35,0.38,0.365,0.03,590.39,433.99,0.62,0.65,133
btc-updown-15m-1762780500,1762780500,345,0.29,0.3,0.295,0.01,484.24,240.48,0.7,0.71,47
btc-updown-15m-1762780500,1762780500,360,0.35,0.38,0.365,0.03,187.5,734.99,0.62,0.65,4
btc-updown-15m-1762780500,1762780500,375,0.33,0.37,0.35,0.04,266.9,552.82,0.63,0.67,5
btc-updown-15m-1762780500,1762780500,390,0.39,0.42,0.405,0.03,74,434,0.58,0.61,25
btc-updown-15m-1762780500,1762780500,405,0.35,0.37,0.36,0.02,552.2,59.36,0.63,0.65,4
btc-updown-15m-1762780500,1762780500,420,0.32,0.35,0.335,0.03,739.5,380,0.65,0.68,93
btc-updown-15m-1762780500,1762780500,435,0.35,0.37,0.36,0.02,1223.76,542,0.63,0.65,0
btc-updown-15m-1762780500,1762780500,450,0.37,0.41,0.39,0.04,1371.59,706.5,0.59,0.63,34
btc-updown-15m-1762780500,1762780500,465,0.3,0.33,0.315,0.03,652.03,618,0.67,0.7,10
btc-updown-15m-1762780500,1762780500,480,0.23,0.26,0.245,0.03,472.1,699,0.74,0.77,7
btc-updown-15m-1762780500,1762780500,495,0.14,0.16,0.15,0.02,31.42,560.24,0.84,0.86,0
btc-updown-15m-1762780500,1762780500,510,0.18,0.23,0.205,0.05,485.44,345.64,0.77,0.82,7
btc-updown-15m-1762780500,1762780500,525,0.2,0.21,0.205,0.01,592.96,575.26,0.79,0.8,94
btc-updown-15m-1762780500,1762780500,540,0.15,0.18,0.165,0.03,498,423.58,0.82,0.85,63
btc-updown-15m-1762780500,1762780500,555,0.2,0.22,0.21,0.02,318.4,212,0.78,0.8,45
btc-updown-15m-1762780500,1762780500,570,0.13,0.17,0.15,0.04,658.5,218,0.83,0.87,11
btc-updown-15m-1762780500,1762780500,585,0.11,0.14,0.125,0.03,1224.1,260.2,0.86,0.89,8
btc-updown-15m-1762780500,1762780500,600,0.09,0.13,0.11,0.04,2211.52,505.33,0.87,0.91,16
btc-updown-15m-1762780500,1762780500,615,0.1,0.13,0.115,0.03,692.35,612.33,0.87,0.9,0
btc-updown-15m-1762780500,1762780500,630,0.18,0.19,0.185,0.01,468.9,282,0.81,0.82,1
btc-updown-15m-1762780500,1762780500,645,0.11,0.16,0.135,0.05,1600.4,402.91,0.84,0.89,22
btc-updown-15m-1762780500,1762780500,660,0.17,0.19,0.18,0.02,193,145.09,0.81,0.83,1
btc-updown-15m-1762780500,1762780500,675,0.2,0.24,0.22,0.04,65.41,738,0.76,0.8,0
btc-updown-15m-1762780500,1762780500,690,0.35,0.4,0.375,0.05,527,466,0.6,0.65,6
btc-updown-15m-1762780500,1762780500,705,0.47,0.53,0.5,0.06,330,907.7,0.47,0.53,5
btc-updown-15m-1762780500,1762780500,720,0.44,0.5,0.47,0.06,311,384.35,0.5,0.56,6
btc-updown-15m-1762780500,1762780500,735,0.57,0.61,0.59,0.04,551,29,0.39,0.43,0
btc-updown-15m-1762780500,1762780500,750,0.59,0.67,0.63,0.08,687,458.71,0.33,0.41,1
btc-updown-15m-1762780500,1762780500,765,0.73,0.75,0.74,0.02,189,384.6,0.25,0.27,2
btc-updown-15m-1762780500,1762780500,780,0.69,0.79,0.74,0.1,296,613.74,0.21,0.31,24
btc-updown-15m-1762780500,1762780500,795,0.63,0.7,0.665,0.07,347,43,0.3,0.37,15
btc-updown-15m-1762780500,1762780500,810,0.61,0.71,0.66,0.1,50,492.63,0.29,0.39,2
btc-updown-15m-1762780500,1762780500,825,0.85,0.88,0.865,0.03,130,673.17,0.12,0.15,14
btc-updown-15m-1762780500,1762780500,840,0.93,0.95,0.94,0.02,944.83,1794,0.05,0.07,123
btc-updown-15m-1762780500,1762780500,845,0.95,0.96,0.955,0.01,1437.52,1648.9,0.04,0.05,75
btc-updown-15m-1762780500,1762780500,850,0.97,0.99,0.98,0.02,1357.07,3008.36,0.01,0.03,1
btc-updown-15m-1762780500,1762780500,855,0.93,0.97,0.95,0.04,1038.48,3425.82,0.03,0.07,59
btc-updown-15m-1762780500,1762780500,860,0.9,0.94,0.92,0.04,127.42,1544.17,0.06,0.1,7
btc-updown-15m-1762780500,1762780500,865,0.92,0.96,0.94,0.04,20.87,2013.39,0.04,0.08,609
btc-updown-15m-1762780500,1762780500,870,0.93,0.97,0.95,0.04,13.25,4063.65,0.03,0.07,10
btc-updown-15m-1762780500,1762780500,875,0.94,0.98,0.96,0.04,23,3727.49,0.02,0.06,50
btc-updown-15m-1762780500,1762780500,880,0.98,0.99,0.985,0.01,88.25,2690.17,0.01,0.02,11
btc-updown-15m-1762780500,1762780500,885,0.95,0.99,0.97,0.04,1519.68,3080.34,0.01,0.05,35
btc-updown-15m-1762780500,1762780500,890,0.96,0.99,0.975,0.03,52,1802.37,0.01,0.04,122
btc-updown-15m-1762780500,1762780500,895,0.98,0.99,0.985,0.01,1707.66,558.96,0.01,0.02,6
btc-updown-15m-1762780500,1762780500,897,0.99,,,,1948.99,0,,0.01,38
btc-updown-15m-1762780500,1762780500,899,0.99,,,,4073.99,0,,0.01,145
btc-updown-15m-1762780500,1762780500,900,0.99,,,,4123.99,0,,0.01,61
