slug,PNL,isWin,1s,3s,5s,10s,20s,30s,45s,60s,120s,180s,220s
btc-updown-15m-1766372400,2.17,true,0.01999999999999999,0.01999999999999999,0.01999999999999999,0.06999999999999998,0.09,0.09,0.16,0.36,0.72,0.74,0.74
btc-updown-15m-1766373300,2.23,true,0.00999999999999998,0.01999999999999999,0.01999999999999999,0.03,0.03,0.060000000000000026,0.14,0.15000000000000002,0.19,0.29,0.29
btc-updown-15m-1766374200,2.76,true,0.030000000000000027,0.07000000000000003,0.07000000000000003,0.07999999999999999,0.09,0.09,0.2,0.26,0.41999999999999993,0.41999999999999993,0.41999999999999993
btc-updown-15m-1766396700,2.46,true,0,0,0.020000000000000014,0.020000000000000014,0.030000000000000027,0.10000000000000003,0.18,0.22000000000000003,0.25,0.4,0.4
btc-updown-15m-1766399400,2.21,true,0.010000000000000007,0.010000000000000007,0.010000000000000007,0.01999999999999999,0.05000000000000002,0.07,0.18000000000000002,0.2,0.2,0.21999999999999997,0.33
btc-updown-15m-1766400300,3.05,true,0,0.010000000000000007,0.02999999999999997,0.02999999999999997,0.02999999999999997,0.04999999999999999,0.13,0.14,0.24,0.26,0.26
btc-updown-15m-1766403000,2.17,true,0.010000000000000007,0.010000000000000007,0.010000000000000007,0.03,0.03,0.11,0.11,0.19,0.19,0.35000000000000003,0.36999999999999994
btc-updown-15m-1766403900,2.17,true,0,0.020000000000000014,0.020000000000000014,0.05000000000000002,0.060000000000000026,0.07,0.11,0.11,0.4,0.4,0.4
btc-updown-15m-1766404800,2.85,true,0.009999999999999952,0.009999999999999952,0.009999999999999952,0.01999999999999996,0.03999999999999998,0.03999999999999998,0.12,0.12999999999999995,0.12999999999999995,0.16999999999999998,0.16999999999999998
btc-updown-15m-1766405700,2.46,true,0.010000000000000007,0.020000000000000014,0.020000000000000014,0.020000000000000014,0.03999999999999998,0.09999999999999998,0.09999999999999998,0.14,0.14,0.21,0.27
btc-updown-15m-1766406600,1.97,true,0,0,0.03,0.03,0.03999999999999998,0.07,0.21999999999999997,0.29,0.29,0.5599999999999999,0.6
btc-updown-15m-1766408400,-7.24,false,0,0.020000000000000014,0.020000000000000014,0.020000000000000014,0.04999999999999999,0.08999999999999997,0.09999999999999998,0.15999999999999998,0.20999999999999996,0.25,0.27
btc-updown-15m-1766409300,3.15,true,0,0,0.010000000000000007,0.010000000000000007,0.02999999999999997,0.04999999999999999,0.20999999999999996,0.21999999999999997,0.27,0.27,0.27
btc-updown-15m-1766411100,3.05,true,0.010000000000000007,0.03999999999999998,0.03999999999999998,0.03999999999999998,0.07,0.07,0.11,0.13,0.20999999999999996,0.25,0.25
btc-updown-15m-1766413800,2.36,true,0.00999999999999998,0.01999999999999999,0.04000000000000001,0.09,0.13000000000000003,0.13000000000000003,0.19000000000000003,0.26,0.29999999999999993,0.35,0.58
btc-updown-15m-1766414700,2.26,true,0.00999999999999998,0.03,0.04000000000000001,0.04000000000000001,0.05999999999999997,0.05999999999999997,0.14,0.18999999999999995,0.20999999999999996,0.51,0.53
btc-updown-15m-1766417400,3.15,true,0.010000000000000007,0.020000000000000014,0.020000000000000014,0.06,0.06,0.06,0.08000000000000002,0.08000000000000002,0.21,0.23,0.30000000000000004
btc-updown-15m-1766421900,-7.54,false,0.010000000000000007,0.010000000000000007,0.04000000000000003,0.04999999999999999,0.07,0.07999999999999999,0.22,0.22,0.4300000000000001,0.4300000000000001,0.4300000000000001
btc-updown-15m-1766422800,2.46,true,0.010000000000000007,0.020000000000000014,0.03,0.05000000000000002,0.060000000000000026,0.1,0.1,0.1,0.17,0.23,0.29000000000000004
btc-updown-15m-1766425500,3.05,true,0,0.06,0.06,0.06,0.06,0.1,0.17,0.18000000000000002,0.24999999999999997,0.24999999999999997,0.24999999999999997
btc-updown-15m-1766427300,-7.54,false,0,0.010000000000000007,0.020000000000000014,0.09,0.09,0.11,0.14,0.16,0.22,0.22,0.4
btc-updown-15m-1766428200,2.26,true,0,0,0,0.010000000000000007,0.05000000000000002,0.06999999999999998,0.11999999999999995,0.12999999999999998,0.30999999999999994,0.30999999999999994,0.33999999999999997
btc-updown-15m-1766429100,2.66,true,0.010000000000000007,0.010000000000000007,0.010000000000000007,0.02999999999999997,0.06,0.06,0.24,0.24,0.33999999999999997,0.4300000000000001,0.4300000000000001
btc-updown-15m-1766430900,-7.44,false,0,0.010000000000000007,0.010000000000000007,0.02999999999999997,0.07,0.07,0.08000000000000002,0.14,0.19,0.19,0.21999999999999997
btc-updown-15m-1766431800,1.97,true,0,0.010000000000000007,0.010000000000000007,0.03,0.07000000000000003,0.07000000000000003,0.19000000000000003,0.28,0.4300000000000001,0.48,0.48
btc-updown-15m-1766432700,2.45,true,0,0.020000000000000014,0.03,0.04000000000000001,0.09,0.09,0.14,0.15,0.2,0.28,0.33000000000000007
btc-updown-15m-1766433600,2.61,true,0.04000000000000001,0.04999999999999999,0.04999999999999999,0.07,0.08000000000000002,0.08999999999999997,0.08999999999999997,0.08999999999999997,0.29,0.29,0.29
btc-updown-15m-1766434500,2.82,true,0.010000000000000007,0.020000000000000014,0.020000000000000014,0.020000000000000014,0.04999999999999999,0.07999999999999999,0.18999999999999995,0.18999999999999995,0.24999999999999997,0.24999999999999997,0.24999999999999997
btc-updown-15m-1766435400,1.97,true,0.01999999999999999,0.03999999999999998,0.04999999999999999,0.04999999999999999,0.08999999999999997,0.08999999999999997,0.14999999999999997,0.2,0.3,0.31,0.31
btc-updown-15m-1766439000,3.45,true,0.009999999999999952,0.009999999999999952,0.04999999999999999,0.04999999999999999,0.09999999999999998,0.09999999999999998,0.11,0.11,0.2,0.2,0.2
btc-updown-15m-1766440800,-7.84,false,0,0,0.010000000000000007,0.010000000000000007,0.03,0.04000000000000001,0.060000000000000026,0.17,0.18000000000000002,0.23,0.27
btc-updown-15m-1766441700,1.87,true,0.00999999999999998,0.00999999999999998,0.00999999999999998,0.03,0.03999999999999998,0.07,0.11,0.12000000000000002,0.16000000000000003,0.16000000000000003,0.16000000000000003
btc-updown-15m-1766444400,2.26,true,0.00999999999999998,0.00999999999999998,0.00999999999999998,0.00999999999999998,0.01999999999999999,0.03,0.04000000000000001,0.09,0.12999999999999998,0.16,0.16
btc-updown-15m-1766445300,-7.64,false,0.010000000000000007,0.030000000000000027,0.030000000000000027,0.030000000000000027,0.04000000000000003,0.04999999999999999,0.04999999999999999,0.15000000000000002,0.16000000000000003,0.2,0.23
btc-updown-15m-1766448000,2.07,true,0,0.010000000000000007,0.03,0.05000000000000002,0.1,0.11,0.25,0.29,0.29,0.29,0.29
btc-updown-15m-1766448900,2.48,true,0.010000000000000007,0.010000000000000007,0.010000000000000007,0.020000000000000014,0.08999999999999997,0.08999999999999997,0.08999999999999997,0.12,0.15000000000000002,0.35,0.35
btc-updown-15m-1766450700,2.17,true,0,0.010000000000000007,0.010000000000000007,0.010000000000000007,0.010000000000000007,0.03999999999999998,0.1,0.1,0.17,0.17,0.17
btc-updown-15m-1766451600,-6.85,false,0,0,0.010000000000000007,0.010000000000000007,0.020000000000000014,0.02999999999999997,0.07,0.11,0.38,0.54,0.54
btc-updown-15m-1766453400,2.2,true,0.05999999999999997,0.05999999999999997,0.05999999999999997,0.05999999999999997,0.05999999999999997,0.09,0.22,0.32000000000000006,0.53,0.53,0.53
btc-updown-15m-1766454300,2.66,true,0,0,0,0.010000000000000007,0.010000000000000007,0.02999999999999997,0.08999999999999997,0.11,0.23,0.23,0.23
btc-updown-15m-1766455200,-6.65,false,0,0.01999999999999996,0.01999999999999996,0.01999999999999996,0.08999999999999997,0.14,0.24999999999999997,0.27999999999999997,0.27999999999999997,0.27999999999999997,0.27999999999999997
btc-updown-15m-1766456100,2.66,true,0,0.010000000000000007,0.010000000000000007,0.02999999999999997,0.07,0.09,0.12,0.12,0.14,0.28,0.28
btc-updown-15m-1766457000,2.17,true,0.010000000000000007,0.020000000000000014,0.05000000000000002,0.05000000000000002,0.07000000000000003,0.11,0.19000000000000003,0.21,0.25,0.37,0.38
btc-updown-15m-1766457900,-6.95,false,0,0,0.010000000000000007,0.020000000000000014,0.06,0.06,0.09999999999999998,0.09999999999999998,0.12,0.35,0.43999999999999995
btc-updown-15m-1766458800,2.46,true,0,0.020000000000000014,0.030000000000000027,0.03999999999999998,0.08999999999999997,0.08999999999999997,0.09999999999999998,0.15999999999999998,0.20999999999999996,0.3,0.33
btc-updown-15m-1766460600,2.46,true,0,0,0.010000000000000007,0.020000000000000014,0.04999999999999999,0.09000000000000002,0.12,0.15000000000000002,0.23999999999999996,0.23999999999999996,0.23999999999999996
btc-updown-15m-1766462400,-7.64,false,0.00999999999999998,0.00999999999999998,0.01999999999999999,0.03,0.05000000000000002,0.1,0.12,0.12,0.14,0.31,0.33
btc-updown-15m-1766463300,3.35,true,0,0.05000000000000005,0.05000000000000005,0.05000000000000005,0.05000000000000005,0.05000000000000005,0.09000000000000002,0.18,0.19,0.19,0.20999999999999996
btc-updown-15m-1766465100,2.66,true,0,0.020000000000000014,0.030000000000000027,0.030000000000000027,0.06,0.08000000000000002,0.15000000000000002,0.19,0.27,0.31000000000000005,0.42
btc-updown-15m-1766469600,2.66,true,0.01999999999999996,0.01999999999999996,0.06999999999999998,0.06999999999999998,0.06999999999999998,0.06999999999999998,0.2,0.31000000000000005,0.3400000000000001,0.3400000000000001,0.3400000000000001
btc-updown-15m-1766471400,2.46,true,0.04999999999999999,0.04999999999999999,0.04999999999999999,0.07999999999999999,0.07999999999999999,0.07999999999999999,0.12,0.2,0.4,0.4,0.4
btc-updown-15m-1766473200,2.85,true,0,0,0.010000000000000007,0.030000000000000027,0.04999999999999999,0.04999999999999999,0.09999999999999998,0.19999999999999996,0.20999999999999996,0.21999999999999997,0.21999999999999997
btc-updown-15m-1766474100,3.05,true,0,0.010000000000000007,0.010000000000000007,0.020000000000000014,0.030000000000000027,0.030000000000000027,0.06,0.10000000000000003,0.16000000000000003,0.39,0.39
btc-updown-15m-1766476800,-7.54,false,0,0.010000000000000007,0.03999999999999998,0.04999999999999999,0.07,0.08000000000000002,0.18,0.2,0.2,0.28,0.28
btc-updown-15m-1766477700,3.15,true,0.010000000000000007,0.010000000000000007,0.010000000000000007,0.020000000000000014,0.09000000000000002,0.09000000000000002,0.16000000000000003,0.16000000000000003,0.18,0.24,0.29
btc-updown-15m-1766478600,-7.15,false,0,0.02999999999999997,0.02999999999999997,0.02999999999999997,0.04999999999999999,0.07,0.12,0.12,0.15999999999999998,0.24,0.24
btc-updown-15m-1766481300,-7.79,false,0.00999999999999998,0.05000000000000002,0.05999999999999997,0.1,0.11,0.12000000000000002,0.16,0.17,0.24,0.4300000000000001,0.51
btc-updown-15m-1766482200,-7.54,false,0,0.010000000000000007,0.020000000000000014,0.020000000000000014,0.04000000000000003,0.04000000000000003,0.28,0.31000000000000005,0.33000000000000007,0.38,0.38
btc-updown-15m-1766483100,2.76,true,0.009999999999999952,0.02999999999999997,0.02999999999999997,0.02999999999999997,0.03999999999999998,0.03999999999999998,0.08999999999999997,0.09999999999999998,0.14999999999999997,0.2899999999999999,0.2899999999999999
btc-updown-15m-1766484000,2.56,true,0,0,0.010000000000000007,0.010000000000000007,0.060000000000000026,0.07,0.08000000000000002,0.11,0.19,0.33,0.35000000000000003
btc-updown-15m-1766485800,2.17,true,0,0,0,0.01999999999999999,0.05000000000000002,0.08999999999999997,0.15999999999999998,0.15999999999999998,0.2,0.24,0.24
btc-updown-15m-1766487600,-7.24,false,0,0,0,0.020000000000000014,0.04999999999999999,0.04999999999999999,0.08000000000000002,0.08000000000000002,0.13,0.25,0.26
btc-updown-15m-1766489400,-6.85,false,0,0.010000000000000007,0.010000000000000007,0.010000000000000007,0.010000000000000007,0.020000000000000014,0.04999999999999999,0.04999999999999999,0.11,0.11,0.11
btc-updown-15m-1766491200,2.17,true,0.010000000000000007,0.020000000000000014,0.020000000000000014,0.04000000000000001,0.04000000000000001,0.04999999999999999,0.11,0.13,0.17,0.17,0.18000000000000002
btc-updown-15m-1766492100,2.46,true,0.010000000000000007,0.020000000000000014,0.03,0.03,0.06,0.06,0.09,0.12,0.24,0.24,0.29
btc-updown-15m-1766494800,2.85,true,0,0.01999999999999996,0.03999999999999998,0.03999999999999998,0.03999999999999998,0.03999999999999998,0.03999999999999998,0.03999999999999998,0.13,0.19,0.19
btc-updown-15m-1766495700,-7.74,false,0,0.00999999999999998,0.00999999999999998,0.00999999999999998,0.03,0.05999999999999997,0.14,0.14,0.32000000000000006,0.44000000000000006,0.44000000000000006
btc-updown-15m-1766497500,2.76,true,0.009999999999999952,0.01999999999999996,0.01999999999999996,0.03999999999999998,0.08000000000000002,0.08000000000000002,0.11,0.12,0.25,0.25,0.25
btc-updown-15m-1766498400,2.17,true,0.010000000000000007,0.010000000000000007,0.010000000000000007,0.010000000000000007,0.03,0.04000000000000001,0.11,0.11,0.25,0.27,0.27
btc-updown-15m-1766499300,2.76,true,0,0.020000000000000014,0.020000000000000014,0.020000000000000014,0.04999999999999999,0.06,0.06,0.11,0.13,0.33,0.34
btc-updown-15m-1766502000,2.56,true,0.010000000000000007,0.030000000000000027,0.030000000000000027,0.030000000000000027,0.03999999999999998,0.08000000000000002,0.13,0.27,0.4,0.4,0.4
btc-updown-15m-1766503800,3.05,true,0.010000000000000007,0.02999999999999997,0.06,0.06,0.06999999999999995,0.06999999999999995,0.08999999999999997,0.11,0.12,0.16999999999999998,0.19
btc-updown-15m-1766504700,-6.95,false,0.020000000000000014,0.020000000000000014,0.020000000000000014,0.04000000000000003,0.09000000000000002,0.09000000000000002,0.13,0.18,0.19,0.19,0.19
btc-updown-15m-1766506500,2.17,true,0,0.01999999999999999,0.01999999999999999,0.01999999999999999,0.04000000000000001,0.07999999999999999,0.07999999999999999,0.07999999999999999,0.2,0.29000000000000004,0.32000000000000006
btc-updown-15m-1766508300,2.85,true,0.009999999999999952,0.02999999999999997,0.02999999999999997,0.03999999999999998,0.09,0.09,0.13,0.15,0.16,0.43999999999999995,0.43999999999999995
btc-updown-15m-1766509200,-7.24,false,0.009999999999999952,0.01999999999999996,0.02999999999999997,0.04999999999999999,0.04999999999999999,0.04999999999999999,0.09999999999999998,0.13999999999999996,0.36,0.36,0.36
btc-updown-15m-1766510100,-7.93,false,0,0.020000000000000014,0.020000000000000014,0.020000000000000014,0.04000000000000001,0.07999999999999999,0.15,0.18000000000000002,0.18000000000000002,0.3500000000000001,0.3500000000000001
btc-updown-15m-1766511000,2.26,true,0.00999999999999998,0.04000000000000001,0.09,0.1,0.1,0.12,0.12,0.12,0.20999999999999996,0.29,0.32
btc-updown-15m-1766511900,2.46,true,0,0.010000000000000007,0.010000000000000007,0.010000000000000007,0.03999999999999998,0.06999999999999998,0.09,0.11,0.18,0.2,0.26
btc-updown-15m-1766513700,2.56,true,0,0.020000000000000014,0.020000000000000014,0.030000000000000027,0.06999999999999998,0.07999999999999999,0.11,0.16999999999999998,0.16999999999999998,0.16999999999999998,0.16999999999999998
btc-updown-15m-1766514600,3.25,true,0.010000000000000007,0.010000000000000007,0.010000000000000007,0.020000000000000014,0.04000000000000003,0.07,0.11,0.11,0.13,0.33999999999999997,0.36
btc-updown-15m-1766517300,-7.44,false,0,0.010000000000000007,0.010000000000000007,0.08000000000000002,0.08000000000000002,0.08000000000000002,0.15000000000000002,0.15000000000000002,0.23,0.37,0.37
btc-updown-15m-1766518200,2.76,true,0,0,0,0.01999999999999996,0.07,0.07,0.13999999999999996,0.25,0.26,0.30999999999999994,0.30999999999999994
btc-updown-15m-1766521800,-7.34,false,0,0,0.010000000000000007,0.03999999999999998,0.03999999999999998,0.06,0.09999999999999998,0.09999999999999998,0.14,0.35,0.39
btc-updown-15m-1766522700,2.26,true,0,0,0.00999999999999998,0.03,0.03,0.05999999999999997,0.07999999999999999,0.1,0.26,0.54,0.54
btc-updown-15m-1766523600,2.56,true,0,0.010000000000000007,0.03999999999999998,0.03999999999999998,0.06,0.09,0.11,0.15,0.16999999999999998,0.43999999999999995,0.51
btc-updown-15m-1766524500,2.56,true,0,0.020000000000000014,0.04999999999999999,0.06,0.06,0.1,0.16,0.24,0.39,0.39,0.39
btc-updown-15m-1766525400,2.46,true,0,0.020000000000000014,0.020000000000000014,0.020000000000000014,0.060000000000000026,0.08000000000000002,0.15999999999999998,0.2,0.27999999999999997,0.32,0.32
btc-updown-15m-1766527200,3.25,true,0.010000000000000007,0.030000000000000027,0.03999999999999998,0.03999999999999998,0.03999999999999998,0.03999999999999998,0.04999999999999999,0.09999999999999998,0.12,0.16000000000000003,0.16000000000000003
btc-updown-15m-1766528100,-7.74,false,0.00999999999999998,0.00999999999999998,0.00999999999999998,0.00999999999999998,0.03999999999999998,0.04999999999999999,0.06,0.13,0.15000000000000002,0.29,0.32
btc-updown-15m-1766529000,-7.44,false,0,0,0.010000000000000007,0.010000000000000007,0.07,0.08000000000000002,0.09000000000000002,0.11,0.21,0.21,0.21999999999999997
btc-updown-15m-1766531700,-7.54,false,0.010000000000000007,0.020000000000000014,0.020000000000000014,0.020000000000000014,0.020000000000000014,0.04000000000000003,0.13,0.2,0.28,0.28,0.28
btc-updown-15m-1766532600,3.05,true,0,0,0.010000000000000007,0.010000000000000007,0.03999999999999998,0.03999999999999998,0.12,0.12,0.29999999999999993,0.29999999999999993,0.29999999999999993
btc-updown-15m-1766533500,2.26,true,0,0.00999999999999998,0.03,0.05999999999999997,0.07999999999999999,0.11,0.12999999999999998,0.23999999999999996,0.33000000000000007,0.33000000000000007,0.39
btc-updown-15m-1766534400,-7.44,false,0.010000000000000007,0.02999999999999997,0.02999999999999997,0.04999999999999999,0.09,0.11,0.15,0.16,0.32999999999999996,0.33999999999999997,0.4099999999999999
btc-updown-15m-1766536200,3.15,true,0,0,0.010000000000000007,0.03999999999999998,0.03999999999999998,0.03999999999999998,0.08999999999999997,0.09999999999999998,0.18,0.28,0.28
btc-updown-15m-1766537100,2.85,true,0,0,0,0.01999999999999996,0.01999999999999996,0.01999999999999996,0.07999999999999996,0.09999999999999998,0.12,0.17999999999999997,0.20999999999999996
btc-updown-15m-1766538000,2.56,true,0,0,0,0.010000000000000007,0.04999999999999999,0.04999999999999999,0.11,0.11,0.24,0.35,0.43999999999999995
btc-updown-15m-1766538900,2.66,true,0,0.01999999999999996,0.01999999999999996,0.02999999999999997,0.02999999999999997,0.09999999999999998,0.09999999999999998,0.09999999999999998,0.09999999999999998,0.09999999999999998,0.18
btc-updown-15m-1766540700,2.85,true,0.010000000000000007,0.010000000000000007,0.020000000000000014,0.020000000000000014,0.06,0.11,0.15,0.22,0.33999999999999997,0.33999999999999997,0.41999999999999993
btc-updown-15m-1766570400,3.15,true,0,0.06,0.08999999999999997,0.09999999999999998,0.09999999999999998,0.09999999999999998,0.18,0.19,0.2,0.23,0.24
btc-updown-15m-1766571300,3.15,true,0,0,0.020000000000000014,0.030000000000000027,0.030000000000000027,0.04000000000000003,0.07,0.08000000000000002,0.12,0.18,0.18
btc-updown-15m-1766572200,2.36,true,0,0.010000000000000007,0.020000000000000014,0.020000000000000014,0.04000000000000003,0.04999999999999999,0.08000000000000002,0.09000000000000002,0.21,0.21,0.27
btc-updown-15m-1766573100,3.25,true,0,0,0.020000000000000014,0.04999999999999999,0.06,0.06,0.08999999999999997,0.14999999999999997,0.24,0.24,0.24
btc-updown-15m-1766574900,-7.05,false,0,0,0.010000000000000007,0.010000000000000007,0.020000000000000014,0.04999999999999999,0.09000000000000002,0.16000000000000003,0.23000000000000004,0.25000000000000006,0.31
btc-updown-15m-1766579400,3.25,true,0,0.010000000000000007,0.01999999999999996,0.01999999999999996,0.01999999999999996,0.03999999999999998,0.08000000000000002,0.11,0.25999999999999995,0.27999999999999997,0.27999999999999997
btc-updown-15m-1766581200,2.46,true,0,0,0.010000000000000007,0.010000000000000007,0.03999999999999998,0.03999999999999998,0.13,0.24,0.26,0.27999999999999997,0.27999999999999997
btc-updown-15m-1766582100,-7.15,false,0,0,0.01999999999999996,0.01999999999999996,0.01999999999999996,0.03999999999999998,0.16999999999999998,0.19,0.2,0.27,0.32999999999999996
btc-updown-15m-1766583900,2.66,true,0.010000000000000007,0.010000000000000007,0.010000000000000007,0.020000000000000014,0.020000000000000014,0.060000000000000026,0.09000000000000002,0.09000000000000002,0.12,0.14,0.16999999999999998
btc-updown-15m-1766584800,2.07,true,0.010000000000000007,0.01999999999999999,0.01999999999999999,0.01999999999999999,0.14999999999999997,0.14999999999999997,0.18,0.21999999999999997,0.21999999999999997,0.21999999999999997,0.21999999999999997
btc-updown-15m-1766585700,2.56,true,0.04999999999999999,0.04999999999999999,0.04999999999999999,0.04999999999999999,0.04999999999999999,0.04999999999999999,0.06,0.07,0.09,0.12,0.12
btc-updown-15m-1766586600,1.97,true,0.00999999999999998,0.00999999999999998,0.00999999999999998,0.03,0.04999999999999999,0.12,0.18,0.24,0.31,0.45,0.45
btc-updown-15m-1766588400,-7.15,false,0,0.010000000000000007,0.010000000000000007,0.06,0.10000000000000003,0.11,0.21,0.21,0.25,0.31999999999999995,0.31999999999999995
btc-updown-15m-1766590200,3.05,true,0.03999999999999998,0.04999999999999999,0.04999999999999999,0.04999999999999999,0.04999999999999999,0.06,0.15,0.16,0.25,0.25,0.25
btc-updown-15m-1766591100,3.25,true,0.010000000000000007,0.02999999999999997,0.02999999999999997,0.06,0.08999999999999997,0.08999999999999997,0.14999999999999997,0.14999999999999997,0.15999999999999998,0.19,0.25
btc-updown-15m-1766592000,2.46,true,0,0.01999999999999999,0.03,0.04999999999999999,0.07,0.11,0.16999999999999998,0.16999999999999998,0.19,0.25,0.25
btc-updown-15m-1766592900,2.76,true,0.010000000000000007,0.010000000000000007,0.02999999999999997,0.02999999999999997,0.07,0.08999999999999997,0.16999999999999998,0.19,0.28,0.33999999999999997,0.33999999999999997
btc-updown-15m-1766594700,2.46,true,0.01999999999999999,0.01999999999999999,0.04000000000000001,0.04000000000000001,0.07000000000000003,0.07000000000000003,0.09,0.09,0.1,0.22,0.23
btc-updown-15m-1766596500,2.66,true,0,0,0,0,0.02999999999999997,0.07,0.12,0.12,0.19,0.19,0.19
btc-updown-15m-1766597400,-7.34,false,0.010000000000000007,0.010000000000000007,0.010000000000000007,0.010000000000000007,0.030000000000000027,0.08000000000000002,0.14,0.18,0.23,0.23,0.23
btc-updown-15m-1766598300,2.76,true,0.009999999999999952,0.06999999999999998,0.06999999999999998,0.06999999999999998,0.09,0.09,0.16999999999999998,0.19,0.38,0.54,0.56
btc-updown-15m-1766599200,2.46,true,0,0.010000000000000007,0.010000000000000007,0.030000000000000027,0.04000000000000003,0.05000000000000002,0.29,0.31,0.36000000000000004,0.42,0.51
btc-updown-15m-1766600100,1.97,true,0,0.00999999999999998,0.00999999999999998,0.03999999999999998,0.08000000000000002,0.08000000000000002,0.09000000000000002,0.09000000000000002,0.12000000000000002,0.17,0.32999999999999996
btc-updown-15m-1766601000,3.05,true,0,0,0,0,0.030000000000000027,0.1,0.12999999999999998,0.12999999999999998,0.16,0.38,0.38
btc-updown-15m-1766601900,3.35,true,0.010000000000000007,0.010000000000000007,0.010000000000000007,0.010000000000000007,0.020000000000000014,0.02999999999999997,0.04999999999999999,0.08999999999999997,0.11,0.26999999999999996,0.34
btc-updown-15m-1766603700,2.56,true,0.010000000000000007,0.02999999999999997,0.04999999999999999,0.08000000000000002,0.08000000000000002,0.08000000000000002,0.29000000000000004,0.29000000000000004,0.38,0.51,0.51
btc-updown-15m-1766604600,-7.24,false,0,0.009999999999999952,0.01999999999999996,0.02999999999999997,0.02999999999999997,0.02999999999999997,0.11,0.11,0.11,0.16999999999999998,0.18999999999999995
btc-updown-15m-1766605500,2.85,true,0,0,0,0.010000000000000007,0.030000000000000027,0.030000000000000027,0.08999999999999997,0.09999999999999998,0.24,0.31999999999999995,0.32999999999999996
btc-updown-15m-1766606400,2.26,true,0,0.010000000000000007,0.01999999999999999,0.01999999999999999,0.03,0.04000000000000001,0.07,0.28,0.31,0.43,0.5800000000000001
btc-updown-15m-1766607300,3.05,true,0,0,0,0.010000000000000007,0.05000000000000005,0.07,0.15999999999999998,0.15999999999999998,0.15999999999999998,0.19999999999999996,0.19999999999999996
btc-updown-15m-1766608200,-7.05,false,0.020000000000000014,0.09000000000000002,0.09000000000000002,0.09000000000000002,0.11,0.11,0.26,0.28,0.4300000000000001,0.5,0.51
btc-updown-15m-1766614500,2.95,true,0,0,0,0,0.010000000000000007,0.030000000000000027,0.11,0.11,0.20999999999999996,0.25,0.25
btc-updown-15m-1766616300,-7.44,false,0,0.010000000000000007,0.010000000000000007,0.020000000000000014,0.020000000000000014,0.030000000000000027,0.15999999999999998,0.18,0.26,0.27,0.27
btc-updown-15m-1766618100,2.81,true,0.009999999999999952,0.009999999999999952,0.009999999999999952,0.02999999999999997,0.03999999999999998,0.03999999999999998,0.13999999999999996,0.13999999999999996,0.24,0.24,0.29000000000000004
btc-updown-15m-1766619900,2.95,true,0,0.010000000000000007,0.02999999999999997,0.09,0.09,0.11,0.18,0.18,0.26999999999999996,0.31,0.31
btc-updown-15m-1766620800,3.15,true,0.03999999999999998,0.06,0.06,0.07,0.09,0.11,0.18,0.18,0.18,0.18,0.33999999999999997
btc-updown-15m-1766621700,-7.64,false,0,0.010000000000000007,0.010000000000000007,0.020000000000000014,0.020000000000000014,0.10000000000000003,0.18000000000000002,0.18000000000000002,0.18000000000000002,0.19000000000000003,0.19000000000000003
btc-updown-15m-1766622600,-7.83,false,0,0,0,0.03,0.03,0.03,0.03,0.08000000000000002,0.2,0.39,0.42999999999999994
btc-updown-15m-1766623500,2.56,true,0.020000000000000014,0.030000000000000027,0.030000000000000027,0.05000000000000002,0.06999999999999998,0.11,0.12,0.13,0.2,0.26,0.29
btc-updown-15m-1766624400,2.95,true,0,0.010000000000000007,0.010000000000000007,0.010000000000000007,0.08000000000000002,0.08000000000000002,0.21,0.21,0.21,0.24,0.24
btc-updown-15m-1766625300,2.26,true,0,0,0.00999999999999998,0.00999999999999998,0.06999999999999998,0.09,0.32000000000000006,0.32000000000000006,0.33000000000000007,0.33000000000000007,0.46
btc-updown-15m-1766627100,3.05,true,0,0,0,0.010000000000000007,0.020000000000000014,0.020000000000000014,0.07,0.16000000000000003,0.19,0.26999999999999996,0.2899999999999999
btc-updown-15m-1766628900,2.26,true,0,0,0,0.03,0.03999999999999998,0.03999999999999998,0.26,0.26,0.26999999999999996,0.29,0.3799999999999999
btc-updown-15m-1766629800,2.66,true,0,0.010000000000000007,0.03999999999999998,0.10000000000000003,0.11,0.11,0.12,0.12,0.16000000000000003,0.23,0.24
btc-updown-15m-1766630700,2.53,true,0.010000000000000007,0.010000000000000007,0.020000000000000014,0.020000000000000014,0.030000000000000027,0.06,0.16,0.16,0.16,0.17,0.21
btc-updown-15m-1766631600,3.15,true,0,0.020000000000000014,0.020000000000000014,0.020000000000000014,0.020000000000000014,0.030000000000000027,0.04999999999999999,0.13,0.25999999999999995,0.34,0.42
btc-updown-15m-1766632500,-7.05,false,0,0.010000000000000007,0.010000000000000007,0.11,0.13,0.13,0.14,0.14,0.2,0.3,0.45
btc-updown-15m-1766633400,2.26,true,0,0,0,0.00999999999999998,0.00999999999999998,0.06999999999999998,0.11,0.21999999999999997,0.29,0.29,0.3
btc-updown-15m-1766634300,2.85,true,0,0,0.03999999999999998,0.03999999999999998,0.03999999999999998,0.05999999999999997,0.14,0.32000000000000006,0.32000000000000006,0.32000000000000006,0.39
btc-updown-15m-1766636100,-7.93,false,0,0.00999999999999998,0.00999999999999998,0.00999999999999998,0.01999999999999999,0.01999999999999999,0.03,0.03,0.14,0.17,0.30999999999999994
btc-updown-15m-1766637000,2.07,true,0,0,0,0.010000000000000007,0.020000000000000014,0.03,0.03,0.07999999999999999,0.28,0.28,0.28
btc-updown-15m-1766639700,2.36,true,0.00999999999999998,0.00999999999999998,0.00999999999999998,0.00999999999999998,0.04000000000000001,0.09,0.15,0.15,0.18000000000000002,0.18000000000000002,0.18000000000000002
btc-updown-15m-1766640600,2.76,true,0,0.009999999999999952,0.01999999999999996,0.01999999999999996,0.01999999999999996,0.02999999999999997,0.13,0.15,0.18,0.2,0.21999999999999997
btc-updown-15m-1766642400,2.66,true,0,0,0,0,0.04999999999999999,0.04999999999999999,0.24,0.30000000000000004,0.33999999999999997,0.33999999999999997,0.33999999999999997
btc-updown-15m-1766643300,2.56,true,0.010000000000000007,0.030000000000000027,0.030000000000000027,0.060000000000000026,0.07000000000000003,0.07000000000000003,0.07000000000000003,0.07000000000000003,0.08000000000000002,0.09999999999999998,0.23
btc-updown-15m-1766644200,2.85,true,0,0.010000000000000007,0.03999999999999998,0.03999999999999998,0.04999999999999999,0.04999999999999999,0.04999999999999999,0.07,0.18,0.24,0.26
btc-updown-15m-1766645100,2.26,true,0,0,0,0,0,0.03999999999999998,0.06,0.06,0.15000000000000002,0.35000000000000003,0.35000000000000003
btc-updown-15m-1766647800,2.36,true,0.04000000000000003,0.06,0.06,0.06,0.08000000000000002,0.10000000000000003,0.12,0.12,0.12,0.15000000000000002,0.16999999999999998
btc-updown-15m-1766648700,3.05,true,0,0.010000000000000007,0.010000000000000007,0.06,0.06,0.07,0.12,0.12,0.12,0.19,0.19
btc-updown-15m-1766649600,-7.74,false,0.04000000000000001,0.04000000000000001,0.06,0.06,0.06,0.11,0.20999999999999996,0.34,0.46,0.48999999999999994,0.48999999999999994
btc-updown-15m-1766651400,2.66,true,0.010000000000000007,0.02999999999999997,0.02999999999999997,0.07999999999999996,0.07999999999999996,0.07999999999999996,0.07999999999999996,0.07999999999999996,0.15999999999999998,0.24,0.26
btc-updown-15m-1766652300,-6.75,false,0,0.010000000000000007,0.020000000000000014,0.06,0.06,0.06999999999999995,0.06999999999999995,0.08999999999999997,0.25,0.28,0.28
btc-updown-15m-1766653200,2.66,true,0.010000000000000007,0.010000000000000007,0.010000000000000007,0.010000000000000007,0.02999999999999997,0.07,0.08000000000000002,0.24,0.25,0.25,0.25
btc-updown-15m-1766654100,-7.05,false,0,0,0.010000000000000007,0.010000000000000007,0.010000000000000007,0.05000000000000005,0.12,0.18,0.25,0.37,0.37
btc-updown-15m-1766655000,-6.95,false,0.04999999999999999,0.04999999999999999,0.04999999999999999,0.04999999999999999,0.04999999999999999,0.04999999999999999,0.04999999999999999,0.06,0.18,0.33,0.34
btc-updown-15m-1766655900,2.66,true,0.010000000000000007,0.010000000000000007,0.010000000000000007,0.020000000000000014,0.03999999999999998,0.07,0.12,0.13,0.24,0.28,0.28
btc-updown-15m-1766657700,2.76,true,0,0.03999999999999998,0.03999999999999998,0.07,0.1,0.11999999999999995,0.17999999999999997,0.27,0.32000000000000006,0.32000000000000006,0.32000000000000006
btc-updown-15m-1766659500,2.26,true,0.00999999999999998,0.01999999999999999,0.01999999999999999,0.01999999999999999,0.03,0.03,0.07,0.07999999999999999,0.11,0.26,0.26
btc-updown-15m-1766663100,2.46,true,0,0.010000000000000007,0.020000000000000014,0.020000000000000014,0.08000000000000002,0.08000000000000002,0.13,0.13,0.2,0.2,0.5
btc-updown-15m-1766664000,-7.74,false,0,0,0.010000000000000007,0.010000000000000007,0.07,0.08999999999999997,0.14,0.14,0.19,0.25,0.36000000000000004
btc-updown-15m-1766666700,3.15,true,0,0,0.020000000000000014,0.030000000000000027,0.03999999999999998,0.03999999999999998,0.13999999999999996,0.15999999999999998,0.21999999999999997,0.21999999999999997,0.26
btc-updown-15m-1766667600,2.46,true,0,0,0.01999999999999999,0.01999999999999999,0.01999999999999999,0.01999999999999999,0.04000000000000001,0.1,0.15000000000000002,0.2,0.23
btc-updown-15m-1766669400,-7.24,false,0,0,0,0.020000000000000014,0.020000000000000014,0.020000000000000014,0.06,0.07,0.23,0.24,0.27
btc-updown-15m-1766670300,2.46,true,0,0.010000000000000007,0.010000000000000007,0.01999999999999999,0.03,0.06999999999999998,0.19000000000000003,0.2,0.41,0.4300000000000001,0.4700000000000001
btc-updown-15m-1766674800,2.95,true,0.010000000000000007,0.030000000000000027,0.030000000000000027,0.030000000000000027,0.05000000000000005,0.05000000000000005,0.2,0.2,0.26000000000000006,0.33999999999999997,0.33999999999999997
btc-updown-15m-1766675700,2.75,true,0.010000000000000007,0.04999999999999999,0.04999999999999999,0.06,0.07,0.12,0.15999999999999998,0.15999999999999998,0.32,0.41,0.43
btc-updown-15m-1766676600,-7.34,false,0.010000000000000007,0.010000000000000007,0.020000000000000014,0.03999999999999998,0.06,0.07,0.14,0.15000000000000002,0.24,0.24,0.24
btc-updown-15m-1766677500,2.26,true,0,0.00999999999999998,0.01999999999999999,0.03,0.03,0.04000000000000001,0.1,0.1,0.14,0.15999999999999998,0.26
btc-updown-15m-1766678400,2.85,true,0.009999999999999952,0.01999999999999996,0.02999999999999997,0.07999999999999999,0.07999999999999999,0.07999999999999999,0.16,0.19000000000000003,0.26,0.27,0.41
btc-updown-15m-1766679300,2.56,true,0.03,0.04000000000000001,0.04000000000000001,0.04000000000000001,0.05000000000000002,0.1,0.18000000000000002,0.18000000000000002,0.23,0.23,0.23
btc-updown-15m-1766680200,2.46,true,0.010000000000000007,0.01999999999999999,0.01999999999999999,0.01999999999999999,0.1,0.1,0.17,0.18000000000000002,0.26999999999999996,0.32,0.33999999999999997
btc-updown-15m-1766682000,-7.93,false,0,0,0.010000000000000007,0.010000000000000007,0.11,0.11,0.25,0.25,0.32,0.33,0.3799999999999999
btc-updown-15m-1766682900,2.76,true,0.030000000000000027,0.07000000000000003,0.08000000000000002,0.08000000000000002,0.08000000000000002,0.12,0.13,0.26999999999999996,0.27999999999999997,0.27999999999999997,0.27999999999999997
btc-updown-15m-1766683800,3.15,true,0,0.010000000000000007,0.010000000000000007,0.030000000000000027,0.06,0.06,0.2,0.21999999999999997,0.24,0.3,0.32
btc-updown-15m-1766688300,-7.24,false,0,0,0.010000000000000007,0.01999999999999996,0.01999999999999996,0.07999999999999999,0.15,0.2,0.2,0.21,0.21
btc-updown-15m-1766689200,2.07,true,0,0,0,0.010000000000000007,0.020000000000000014,0.03999999999999998,0.04999999999999999,0.06999999999999998,0.16,0.42999999999999994,0.45
btc-updown-15m-1766691900,-6.79,false,0,0.010000000000000007,0.010000000000000007,0.010000000000000007,0.030000000000000027,0.030000000000000027,0.03999999999999998,0.06999999999999995,0.11999999999999995,0.16,0.17999999999999997
btc-updown-15m-1766692800,1.99,true,0.00999999999999998,0.00999999999999998,0.00999999999999998,0.00999999999999998,0.01999999999999999,0.03,0.04000000000000001,0.19,0.24,0.6,0.62
btc-updown-15m-1766693700,2.26,true,0,0.00999999999999998,0.00999999999999998,0.03,0.03,0.03,0.06,0.09,0.4099999999999999,0.5,0.5499999999999999
btc-updown-15m-1766694600,2.07,true,0.010000000000000007,0.010000000000000007,0.020000000000000014,0.060000000000000026,0.09,0.09,0.17,0.18000000000000002,0.36,0.36,0.36
btc-updown-15m-1766695500,2.26,true,0.010000000000000007,0.010000000000000007,0.020000000000000014,0.020000000000000014,0.020000000000000014,0.020000000000000014,0.04000000000000001,0.07999999999999999,0.11,0.21,0.22
btc-updown-15m-1766696400,-7.78,false,0,0.010000000000000007,0.01999999999999999,0.01999999999999999,0.03,0.03999999999999998,0.07999999999999999,0.09999999999999998,0.52,0.52,0.52
btc-updown-15m-1766697300,2.17,true,0.010000000000000007,0.010000000000000007,0.010000000000000007,0.010000000000000007,0.010000000000000007,0.07000000000000003,0.09,0.11,0.12000000000000002,0.27,0.27
btc-updown-15m-1766699100,3.25,true,0,0,0,0.010000000000000007,0.01999999999999996,0.01999999999999996,0.03999999999999998,0.06,0.19,0.21,0.25999999999999995
btc-updown-15m-1766700000,-6.65,false,0,0,0.009999999999999952,0.009999999999999952,0.009999999999999952,0.009999999999999952,0.009999999999999952,0.009999999999999952,0.03999999999999998,0.09999999999999998,0.15000000000000002
btc-updown-15m-1766701800,-6.95,false,0,0.010000000000000007,0.020000000000000014,0.020000000000000014,0.020000000000000014,0.06,0.07,0.08000000000000002,0.11000000000000004,0.12,0.2
btc-updown-15m-1766707200,-7.54,false,0.010000000000000007,0.010000000000000007,0.010000000000000007,0.060000000000000026,0.060000000000000026,0.08000000000000002,0.09000000000000002,0.21999999999999997,0.35000000000000003,0.3700000000000001,0.3700000000000001
btc-updown-15m-1766708100,2.56,true,0.010000000000000007,0.010000000000000007,0.010000000000000007,0.020000000000000014,0.02999999999999997,0.02999999999999997,0.04999999999999999,0.06999999999999998,0.11999999999999995,0.15,0.17
btc-updown-15m-1766709000,-7.74,false,0,0.00999999999999998,0.01999999999999999,0.04000000000000001,0.07999999999999999,0.07999999999999999,0.14,0.27,0.32000000000000006,0.32000000000000006,0.36
btc-updown-15m-1766709900,3.45,true,0,0.009999999999999952,0.009999999999999952,0.01999999999999996,0.01999999999999996,0.01999999999999996,0.02999999999999997,0.04999999999999999,0.12,0.18,0.19
btc-updown-15m-1766710800,2.17,true,0.010000000000000007,0.010000000000000007,0.010000000000000007,0.010000000000000007,0.01999999999999999,0.03,0.08000000000000002,0.08000000000000002,0.09,0.30999999999999994,0.30999999999999994
btc-updown-15m-1766713500,3.23,true,0.010000000000000007,0.08000000000000002,0.08000000000000002,0.08000000000000002,0.09000000000000002,0.09000000000000002,0.13,0.13,0.30000000000000004,0.31000000000000005,0.31000000000000005
btc-updown-15m-1766714400,2.17,true,0.010000000000000007,0.010000000000000007,0.010000000000000007,0.03,0.03,0.09999999999999998,0.24,0.26,0.26,0.26,0.43
btc-updown-15m-1766716200,2.46,true,0,0,0,0.010000000000000007,0.030000000000000027,0.03999999999999998,0.03999999999999998,0.03999999999999998,0.09000000000000002,0.21999999999999997,0.24
btc-updown-15m-1766718000,2.17,true,0,0.01999999999999999,0.01999999999999999,0.03,0.03,0.12000000000000002,0.15,0.16,0.35,0.35,0.41
btc-updown-15m-1766719800,2.17,true,0.01999999999999999,0.01999999999999999,0.03999999999999998,0.04999999999999999,0.07,0.12,0.18,0.27999999999999997,0.33,0.34,0.34
btc-updown-15m-1766726100,2.46,true,0.020000000000000014,0.030000000000000027,0.04999999999999999,0.06,0.06,0.07,0.08000000000000002,0.13,0.18,0.2,0.2
btc-updown-15m-1766727000,2.56,true,0,0.010000000000000007,0.010000000000000007,0.010000000000000007,0.010000000000000007,0.07,0.15999999999999998,0.15999999999999998,0.16999999999999998,0.21,0.21
btc-updown-15m-1766728800,2.95,true,0,0.01999999999999996,0.01999999999999996,0.01999999999999996,0.06,0.06,0.07999999999999996,0.09999999999999998,0.14,0.15,0.18999999999999995
btc-updown-15m-1766732400,2.36,true,0,0.01999999999999999,0.01999999999999999,0.03,0.03,0.04000000000000001,0.06,0.06,0.21,0.21,0.24
btc-updown-15m-1766735100,2.66,true,0.020000000000000014,0.03999999999999998,0.04999999999999999,0.08000000000000002,0.08000000000000002,0.09000000000000002,0.11,0.12,0.28,0.28,0.31000000000000005
btc-updown-15m-1766736900,1.97,true,0,0.01999999999999999,0.01999999999999999,0.06,0.08999999999999997,0.08999999999999997,0.16999999999999998,0.24,0.32,0.43,0.43
btc-updown-15m-1766737800,2.95,true,0,0.020000000000000014,0.04000000000000003,0.04000000000000003,0.04999999999999999,0.07,0.12,0.12,0.14,0.22,0.23
btc-updown-15m-1766738700,2.95,true,0,0,0,0,0.01999999999999996,0.06,0.12999999999999995,0.13999999999999996,0.27,0.32999999999999996,0.32999999999999996
btc-updown-15m-1766741400,2.56,true,0.010000000000000007,0.020000000000000014,0.07,0.08000000000000002,0.08000000000000002,0.08000000000000002,0.09999999999999998,0.11,0.16999999999999998,0.25,0.25
btc-updown-15m-1766743200,-6.9,false,0.010000000000000007,0.010000000000000007,0.030000000000000027,0.04999999999999999,0.14,0.14,0.18999999999999995,0.2,0.45,0.46,0.5
btc-updown-15m-1766745900,-7.64,false,0.00999999999999998,0.01999999999999999,0.01999999999999999,0.01999999999999999,0.04000000000000001,0.09,0.15,0.15,0.21999999999999997,0.21999999999999997,0.21999999999999997
btc-updown-15m-1766746800,3.05,true,0,0,0.010000000000000007,0.020000000000000014,0.07,0.07999999999999996,0.09999999999999998,0.13,0.14999999999999997,0.14999999999999997,0.23
btc-updown-15m-1766747700,2.76,true,0,0,0,0,0.01999999999999996,0.06,0.19,0.21,0.21,0.46,0.48
btc-updown-15m-1766749500,3.15,true,0.010000000000000007,0.010000000000000007,0.020000000000000014,0.020000000000000014,0.02999999999999997,0.02999999999999997,0.07,0.15999999999999998,0.41,0.42,0.42
btc-updown-15m-1766751300,-7.93,false,0.010000000000000007,0.010000000000000007,0.03,0.03999999999999998,0.04999999999999999,0.06,0.1,0.11,0.12000000000000002,0.38,0.38
btc-updown-15m-1766752200,-7.24,false,0.009999999999999952,0.01999999999999996,0.01999999999999996,0.01999999999999996,0.01999999999999996,0.01999999999999996,0.13,0.16999999999999998,0.24,0.24,0.24
btc-updown-15m-1766753100,2.07,true,0,0.010000000000000007,0.060000000000000026,0.07999999999999999,0.12000000000000002,0.12000000000000002,0.16,0.16,0.3400000000000001,0.3400000000000001,0.3400000000000001
btc-updown-15m-1766754000,2.46,true,0,0.010000000000000007,0.020000000000000014,0.020000000000000014,0.030000000000000027,0.030000000000000027,0.13,0.14,0.24,0.26,0.48
btc-updown-15m-1766754900,2.36,true,0.010000000000000007,0.010000000000000007,0.020000000000000014,0.020000000000000014,0.04000000000000001,0.060000000000000026,0.23,0.24,0.29000000000000004,0.29000000000000004,0.29000000000000004
btc-updown-15m-1766755800,2.66,true,0.010000000000000007,0.010000000000000007,0.010000000000000007,0.010000000000000007,0.04999999999999999,0.06,0.12,0.19,0.21,0.32999999999999996,0.32999999999999996
btc-updown-15m-1766756700,2.66,true,0.010000000000000007,0.030000000000000027,0.030000000000000027,0.05000000000000002,0.06999999999999998,0.06999999999999998,0.17,0.18,0.19,0.2,0.22000000000000003
btc-updown-15m-1766758500,2.56,true,0.020000000000000014,0.020000000000000014,0.020000000000000014,0.020000000000000014,0.020000000000000014,0.020000000000000014,0.09999999999999998,0.09999999999999998,0.15999999999999998,0.15999999999999998,0.30000000000000004
btc-updown-15m-1766759400,3.05,true,0.020000000000000014,0.04999999999999999,0.07,0.07,0.1,0.12000000000000002,0.12000000000000002,0.32000000000000006,0.4600000000000001,0.4900000000000001,0.4900000000000001
btc-updown-15m-1766761200,2.61,true,0.020000000000000014,0.020000000000000014,0.04000000000000001,0.05000000000000002,0.1,0.11999999999999995,0.15999999999999998,0.16999999999999998,0.26,0.28,0.29000000000000004
btc-updown-15m-1766763000,2.17,true,0.010000000000000007,0.010000000000000007,0.020000000000000014,0.03,0.07000000000000003,0.07999999999999999,0.16,0.16,0.2,0.2,0.27
btc-updown-15m-1766763900,2.46,true,0.02999999999999997,0.04999999999999999,0.04999999999999999,0.04999999999999999,0.06,0.09,0.14,0.14,0.15,0.39,0.39
btc-updown-15m-1766766600,-6.65,false,0.020000000000000014,0.030000000000000027,0.04000000000000003,0.04000000000000003,0.04999999999999999,0.06999999999999995,0.13999999999999996,0.19999999999999996,0.20999999999999996,0.37,0.37
btc-updown-15m-1766767500,2.56,true,0.03,0.03,0.03,0.05000000000000002,0.05000000000000002,0.05000000000000002,0.19000000000000003,0.21,0.3500000000000001,0.3500000000000001,0.3500000000000001
btc-updown-15m-1766769300,3.25,true,0,0.04000000000000003,0.04999999999999999,0.06,0.06,0.06,0.11,0.13999999999999996,0.23,0.23,0.26
btc-updown-15m-1766770200,-7.54,false,0.010000000000000007,0.010000000000000007,0.010000000000000007,0.09000000000000002,0.10000000000000003,0.10000000000000003,0.13,0.22000000000000003,0.4,0.4,0.4
btc-updown-15m-1766771100,3.15,true,0.010000000000000007,0.010000000000000007,0.010000000000000007,0.06,0.06,0.06999999999999995,0.07999999999999996,0.08999999999999997,0.21999999999999997,0.45,0.45
btc-updown-15m-1766772000,-6.85,false,0,0.020000000000000014,0.030000000000000027,0.08000000000000002,0.09000000000000002,0.09000000000000002,0.15000000000000002,0.16999999999999998,0.2,0.35,0.35
btc-updown-15m-1766772900,3.25,true,0,0.01999999999999996,0.01999999999999996,0.02999999999999997,0.04999999999999999,0.04999999999999999,0.13,0.2,0.21,0.23000000000000004,0.23000000000000004
btc-updown-15m-1766774700,2.66,true,0,0.010000000000000007,0.02999999999999997,0.03999999999999998,0.03999999999999998,0.04999999999999999,0.15000000000000002,0.15000000000000002,0.41,0.5,0.5
btc-updown-15m-1766775600,2.85,true,0.010000000000000007,0.010000000000000007,0.020000000000000014,0.020000000000000014,0.04999999999999999,0.06999999999999995,0.07999999999999996,0.07999999999999996,0.31999999999999995,0.31999999999999995,0.38
btc-updown-15m-1766776500,2.95,true,0.010000000000000007,0.010000000000000007,0.010000000000000007,0.020000000000000014,0.03999999999999998,0.06,0.08999999999999997,0.08999999999999997,0.18,0.31999999999999995,0.43999999999999995
btc-updown-15m-1766777400,3.15,true,0,0,0,0.010000000000000007,0.05000000000000005,0.05000000000000005,0.07,0.07,0.18,0.19,0.26000000000000006
btc-updown-15m-1766779200,-7.15,false,0.009999999999999952,0.01999999999999996,0.03999999999999998,0.03999999999999998,0.03999999999999998,0.07999999999999999,0.15999999999999998,0.18,0.39,0.49,0.5599999999999999
btc-updown-15m-1766780100,3.05,true,0,0,0,0.010000000000000007,0.020000000000000014,0.030000000000000027,0.08000000000000002,0.18,0.32999999999999996,0.33999999999999997,0.33999999999999997
btc-updown-15m-1766781000,-7.15,false,0,0.010000000000000007,0.010000000000000007,0.03999999999999998,0.06,0.09,0.27,0.39,0.39,0.39,0.39
btc-updown-15m-1766782800,2.66,true,0.010000000000000007,0.020000000000000014,0.020000000000000014,0.04000000000000001,0.04000000000000001,0.04000000000000001,0.08000000000000002,0.1,0.1,0.1,0.14
btc-updown-15m-1766783700,3.05,true,0,0,0.020000000000000014,0.07,0.07999999999999996,0.07999999999999996,0.08999999999999997,0.15999999999999998,0.24,0.26,0.26
btc-updown-15m-1766784600,2.66,true,0,0,0.010000000000000007,0.010000000000000007,0.010000000000000007,0.010000000000000007,0.010000000000000007,0.05000000000000002,0.09000000000000002,0.12,0.12
btc-updown-15m-1766785500,-7.54,false,0,0.020000000000000014,0.030000000000000027,0.03999999999999998,0.09000000000000002,0.09000000000000002,0.11,0.11,0.13,0.21,0.23
btc-updown-15m-1766786400,-7.74,false,0,0,0.010000000000000007,0.020000000000000014,0.020000000000000014,0.020000000000000014,0.03,0.03,0.060000000000000026,0.11,0.26
btc-updown-15m-1766788200,-6.95,false,0,0.010000000000000007,0.010000000000000007,0.010000000000000007,0.010000000000000007,0.010000000000000007,0.23,0.25,0.25,0.25,0.31
btc-updown-15m-1766789100,2.85,true,0,0.010000000000000007,0.010000000000000007,0.01999999999999996,0.01999999999999996,0.02999999999999997,0.09999999999999998,0.13999999999999996,0.28,0.46,0.46
btc-updown-15m-1766790000,2.66,true,0.010000000000000007,0.010000000000000007,0.010000000000000007,0.01999999999999996,0.06,0.07,0.15000000000000002,0.15000000000000002,0.24,0.24,0.24
btc-updown-15m-1766792700,2.56,true,0,0,0.010000000000000007,0.020000000000000014,0.02999999999999997,0.02999999999999997,0.18,0.18,0.26,0.44000000000000006,0.44000000000000006
btc-updown-15m-1766794500,-7.34,false,0,0,0.01999999999999996,0.01999999999999996,0.01999999999999996,0.03999999999999998,0.08999999999999997,0.09999999999999998,0.11,0.12,0.13999999999999996
btc-updown-15m-1766797200,2.85,true,0,0,0,0,0.01999999999999996,0.03999999999999998,0.11,0.14,0.18999999999999995,0.21999999999999997,0.21999999999999997
btc-updown-15m-1766798100,2.85,true,0,0.010000000000000007,0.010000000000000007,0.010000000000000007,0.030000000000000027,0.05000000000000005,0.09000000000000002,0.17,0.26,0.29000000000000004,0.34
btc-updown-15m-1766799000,2.85,true,0,0,0,0.020000000000000014,0.030000000000000027,0.030000000000000027,0.08000000000000002,0.14999999999999997,0.15999999999999998,0.21999999999999997,0.21999999999999997
btc-updown-15m-1766799900,3.35,true,0,0,0,0.009999999999999952,0.02999999999999997,0.02999999999999997,0.09000000000000002,0.14,0.14,0.14,0.14
btc-updown-15m-1766801700,2.17,true,0,0,0,0.03,0.04000000000000001,0.04000000000000001,0.04000000000000001,0.07,0.08000000000000002,0.11,0.26
btc-updown-15m-1766802600,-7.44,false,0.020000000000000014,0.05000000000000002,0.05000000000000002,0.05000000000000002,0.05000000000000002,0.09,0.18000000000000002,0.19000000000000003,0.2,0.23,0.31000000000000005
btc-updown-15m-1766804400,-7.15,false,0,0.009999999999999952,0.009999999999999952,0.009999999999999952,0.009999999999999952,0.01999999999999996,0.01999999999999996,0.03999999999999998,0.16,0.26,0.27
btc-updown-15m-1766805300,2.43,true,0.010000000000000007,0.020000000000000014,0.09000000000000002,0.09000000000000002,0.10000000000000003,0.11,0.13,0.13,0.13,0.14,0.15000000000000002
btc-updown-15m-1766807100,2.46,true,0.020000000000000014,0.020000000000000014,0.020000000000000014,0.06,0.07,0.07,0.16999999999999998,0.19,0.21999999999999997,0.21999999999999997,0.23
btc-updown-15m-1766808900,2.56,true,0.03999999999999998,0.06,0.06999999999999998,0.06999999999999998,0.11999999999999995,0.11999999999999995,0.26,0.26,0.26,,
btc-updown-15m-1766809800,3.35,true,0,0,0,0.009999999999999952,0.009999999999999952,0.009999999999999952,0.01999999999999996,0.01999999999999996,0.04999999999999999,0.16999999999999998,0.29
btc-updown-15m-1766810700,2.43,true,0.010000000000000007,0.010000000000000007,0.010000000000000007,0.04000000000000001,0.07000000000000003,0.07000000000000003,0.12000000000000002,0.14,0.14,0.14,0.35
btc-updown-15m-1766811600,-6.85,false,0,0,0,0,0,0.020000000000000014,0.020000000000000014,0.030000000000000027,0.04999999999999999,0.20999999999999996,0.20999999999999996
btc-updown-15m-1766812500,3.05,true,0,0.010000000000000007,0.010000000000000007,0.010000000000000007,0.030000000000000027,0.030000000000000027,0.07,0.08000000000000002,0.26,0.28,0.29000000000000004
btc-updown-15m-1766814300,-7.24,false,0.010000000000000007,0.010000000000000007,0.010000000000000007,0.02999999999999997,0.02999999999999997,0.07,0.23,0.25,0.25,0.25,0.25
btc-updown-15m-1766815200,2.95,true,0,0,0,0,0,0.010000000000000007,0.08000000000000002,0.08000000000000002,0.51,0.54,0.54
btc-updown-15m-1766817900,3.35,true,0.009999999999999952,0.009999999999999952,0.009999999999999952,0.01999999999999996,0.01999999999999996,0.01999999999999996,0.04999999999999999,0.07999999999999996,0.24,0.25,0.25
btc-updown-15m-1766818800,2.46,true,0,0,0,0.010000000000000007,0.01999999999999999,0.03,0.03,0.04999999999999999,0.11,0.18,0.3
btc-updown-15m-1766819700,-7.24,false,0,0.010000000000000007,0.010000000000000007,0.010000000000000007,0.03999999999999998,0.07,0.07,0.07,0.14,0.39,0.4
btc-updown-15m-1766820600,3.05,true,0,0,0.010000000000000007,0.010000000000000007,0.020000000000000014,0.030000000000000027,0.07999999999999996,0.09999999999999998,0.12,0.2,0.2
btc-updown-15m-1766823300,3.05,true,0,0,0,0.010000000000000007,0.010000000000000007,0.030000000000000027,0.030000000000000027,0.03999999999999998,0.03999999999999998,0.13999999999999996,0.14999999999999997
btc-updown-15m-1766824200,2.36,true,0.010000000000000007,0.010000000000000007,0.010000000000000007,0.030000000000000027,0.04000000000000003,0.05000000000000002,0.26,0.41,0.42,0.42,0.42
btc-updown-15m-1766825100,2.36,true,0,0,0,0.04000000000000001,0.060000000000000026,0.060000000000000026,0.06999999999999998,0.12999999999999998,0.15,0.24999999999999997,0.24999999999999997
btc-updown-15m-1766826000,2.76,true,0,0,0,0.010000000000000007,0.02999999999999997,0.03999999999999998,0.03999999999999998,0.03999999999999998,0.2,0.31000000000000005,0.37
btc-updown-15m-1766828700,2.17,true,0,0.01999999999999999,0.01999999999999999,0.01999999999999999,0.03999999999999998,0.03999999999999998,0.04999999999999999,0.2,0.23,0.28,0.31
btc-updown-15m-1766829600,2.85,true,0,0.01999999999999996,0.02999999999999997,0.04999999999999999,0.04999999999999999,0.04999999999999999,0.21,0.21999999999999997,0.25,0.25,0.25
btc-updown-15m-1766832300,2.76,true,0,0.060000000000000026,0.07000000000000003,0.07000000000000003,0.07000000000000003,0.07000000000000003,0.07000000000000003,0.07000000000000003,0.15,0.17,0.28
btc-updown-15m-1766833200,-6.85,false,0.010000000000000007,0.020000000000000014,0.020000000000000014,0.02999999999999997,0.07999999999999996,0.14999999999999997,0.2,0.23,0.4,0.41,0.45
btc-updown-15m-1766834100,-6.75,false,0,0,0,0.010000000000000007,0.030000000000000027,0.030000000000000027,0.07,0.07,0.15000000000000002,0.19,0.34
btc-updown-15m-1766835000,-6.85,false,0.030000000000000027,0.04999999999999999,0.04999999999999999,0.04999999999999999,0.07,0.07,0.11,0.22,0.24,0.24,0.24
btc-updown-15m-1766836800,-6.65,false,0,0,0,0.009999999999999952,0.009999999999999952,0.009999999999999952,0.02999999999999997,0.06999999999999995,0.12,0.12,0.14
btc-updown-15m-1766837700,2.85,true,0,0,0,0.01999999999999996,0.05999999999999997,0.07999999999999999,0.17999999999999997,0.17999999999999997,0.17999999999999997,0.30000000000000004,0.30000000000000004
btc-updown-15m-1766838600,2.26,true,0,0.00999999999999998,0.00999999999999998,0.00999999999999998,0.03,0.03,0.16999999999999998,0.17999999999999997,0.26,0.30999999999999994,0.38
btc-updown-15m-1766840400,2.36,true,0,0.010000000000000007,0.010000000000000007,0.010000000000000007,0.020000000000000014,0.020000000000000014,0.07,0.11,0.12999999999999998,0.29000000000000004,0.3400000000000001
btc-updown-15m-1766841300,1.97,true,0,0,0.00999999999999998,0.00999999999999998,0.00999999999999998,0.00999999999999998,0.04999999999999999,0.07,0.12000000000000002,0.35,0.42999999999999994
btc-updown-15m-1766844000,2.66,true,0,0,0.010000000000000007,0.020000000000000014,0.020000000000000014,0.04999999999999999,0.09999999999999998,0.22,0.44000000000000006,0.44000000000000006,0.45000000000000007
btc-updown-15m-1766846700,3.25,true,0.020000000000000014,0.04000000000000003,0.04000000000000003,0.08000000000000002,0.08000000000000002,0.08000000000000002,0.08000000000000002,0.08000000000000002,0.09000000000000002,0.24,0.37
btc-updown-15m-1766847600,-7.34,false,0,0.030000000000000027,0.060000000000000026,0.07000000000000003,0.09,0.12000000000000002,0.15,0.21,0.26,0.27,0.29000000000000004
btc-updown-15m-1766848500,2.56,true,0,0.010000000000000007,0.010000000000000007,0.010000000000000007,0.010000000000000007,0.020000000000000014,0.020000000000000014,0.020000000000000014,0.14999999999999997,0.20999999999999996,0.23
btc-updown-15m-1766849400,2.46,true,0,0,0,0.020000000000000014,0.12000000000000002,0.12000000000000002,0.12000000000000002,0.12000000000000002,0.12000000000000002,0.16,0.30000000000000004
btc-updown-15m-1766851200,-6.65,false,0,0,0,0,0.01999999999999996,0.02999999999999997,0.09000000000000002,0.11,0.19999999999999996,0.26,0.28
btc-updown-15m-1766852100,2.85,true,0,0.009999999999999952,0.009999999999999952,0.009999999999999952,0.06,0.07999999999999999,0.12,0.12999999999999998,0.3,0.34,0.4
btc-updown-15m-1766853000,2.56,true,0.010000000000000007,0.010000000000000007,0.010000000000000007,0.020000000000000014,0.09999999999999998,0.09999999999999998,0.11,0.12,0.12,0.12,0.17
btc-updown-15m-1766853900,2.95,true,0.01999999999999996,0.02999999999999997,0.02999999999999997,0.07,0.08000000000000002,0.08000000000000002,0.16000000000000003,0.16999999999999998,0.42999999999999994,0.42999999999999994,0.42999999999999994
btc-updown-15m-1766854800,3.15,true,0,0,0,0.04000000000000003,0.04000000000000003,0.04000000000000003,0.07,0.07,0.09000000000000002,0.24000000000000005,0.24000000000000005
btc-updown-15m-1766855700,-7.24,false,0.020000000000000014,0.02999999999999997,0.02999999999999997,0.04999999999999999,0.04999999999999999,0.11,0.11,0.31000000000000005,0.32000000000000006,0.38,0.38
btc-updown-15m-1766856600,-6.85,false,0,0,0,0,0.010000000000000007,0.020000000000000014,0.06,0.09000000000000002,0.15000000000000002,0.18,0.18
btc-updown-15m-1766857500,2.66,true,0,0.010000000000000007,0.010000000000000007,0.01999999999999996,0.06,0.06,0.08999999999999997,0.11,0.19999999999999996,0.19999999999999996,0.25
btc-updown-15m-1766859300,-7.64,false,0,0.020000000000000014,0.030000000000000027,0.030000000000000027,0.04000000000000003,0.04000000000000003,0.12,0.12,0.18999999999999995,0.23999999999999996,0.23999999999999996
btc-updown-15m-1766860200,3.35,true,0.009999999999999952,0.009999999999999952,0.009999999999999952,0.01999999999999996,0.01999999999999996,0.01999999999999996,0.07999999999999996,0.12,0.13999999999999996,0.15999999999999998,0.15999999999999998
btc-updown-15m-1766862900,-6.65,false,0,0,0,0,0.020000000000000014,0.020000000000000014,0.06,0.06,0.12,0.16000000000000003,0.25000000000000006
btc-updown-15m-1766865600,3.25,true,0,0,0.010000000000000007,0.010000000000000007,0.010000000000000007,0.010000000000000007,0.02999999999999997,0.04999999999999999,0.07,0.07999999999999996,0.12999999999999995
btc-updown-15m-1766866500,2.46,true,0,0,0,0.030000000000000027,0.03999999999999998,0.06999999999999998,0.14,0.32999999999999996,0.36,0.36,0.36
btc-updown-15m-1766870100,3.25,true,0,0,0,0.01999999999999996,0.06,0.06999999999999995,0.07999999999999996,0.18,0.31999999999999995,0.31999999999999995,0.31999999999999995
btc-updown-15m-1766871000,2.95,true,0,0,0,0,0,0.020000000000000014,0.020000000000000014,0.06999999999999995,0.15999999999999998,0.24,0.26
btc-updown-15m-1766871900,2.85,true,0.010000000000000007,0.010000000000000007,0.010000000000000007,0.010000000000000007,0.020000000000000014,0.03999999999999998,0.23,0.28,0.32000000000000006,0.32000000000000006,0.41
btc-updown-15m-1766872800,-7.15,false,0,0.009999999999999952,0.009999999999999952,0.009999999999999952,0.009999999999999952,0.009999999999999952,0.06999999999999995,0.06999999999999995,0.12999999999999995,0.20999999999999996,0.20999999999999996
btc-updown-15m-1766876400,2.95,true,0.010000000000000007,0.020000000000000014,0.020000000000000014,0.020000000000000014,0.020000000000000014,0.03999999999999998,0.09999999999999998,0.11,0.18,0.29999999999999993,0.29999999999999993
btc-updown-15m-1766878200,3.25,true,0,0,0.010000000000000007,0.010000000000000007,0.01999999999999996,0.01999999999999996,0.02999999999999997,0.02999999999999997,0.04999999999999999,0.12,0.12
btc-updown-15m-1766880900,3.35,true,0.020000000000000014,0.030000000000000027,0.030000000000000027,0.06,0.06,0.11,0.18000000000000002,0.18000000000000002,0.28,0.29000000000000004,0.38
btc-updown-15m-1766882700,1.97,true,0.00999999999999998,0.00999999999999998,0.01999999999999999,0.01999999999999999,0.03,0.04999999999999999,0.04999999999999999,0.04999999999999999,0.13,0.19,0.23
btc-updown-15m-1766884500,2.46,true,0.010000000000000007,0.010000000000000007,0.010000000000000007,0.03,0.1,0.11999999999999995,0.16,0.16,0.21,0.25,0.30000000000000004
btc-updown-15m-1766885400,2.66,true,0.010000000000000007,0.010000000000000007,0.020000000000000014,0.020000000000000014,0.020000000000000014,0.03999999999999998,0.13,0.15000000000000002,0.23,0.35,0.49
btc-updown-15m-1766886300,3.25,true,0,0.010000000000000007,0.010000000000000007,0.010000000000000007,0.010000000000000007,0.020000000000000014,0.06,0.07,0.18,0.19,0.19
btc-updown-15m-1766887200,2.36,true,0.010000000000000007,0.010000000000000007,0.010000000000000007,0.010000000000000007,0.010000000000000007,0.010000000000000007,0.020000000000000014,0.04999999999999999,0.09000000000000002,0.12,0.15000000000000002
btc-updown-15m-1766888100,2.56,true,0,0,0.010000000000000007,0.010000000000000007,0.03999999999999998,0.03999999999999998,0.03999999999999998,0.11,0.15999999999999998,0.2,0.2
btc-updown-15m-1766892600,2.36,true,0.00999999999999998,0.060000000000000026,0.06999999999999998,0.06999999999999998,0.06999999999999998,0.06999999999999998,0.09,0.18000000000000002,0.2,0.22,0.22
btc-updown-15m-1766894400,3.05,true,0.010000000000000007,0.010000000000000007,0.010000000000000007,0.020000000000000014,0.03999999999999998,0.08000000000000002,0.14,0.14,0.22,0.30999999999999994,0.4300000000000001
btc-updown-15m-1766895300,2.85,true,0,0,0,0.01999999999999996,0.01999999999999996,0.01999999999999996,0.09999999999999998,0.11,0.11,0.11,0.11
btc-updown-15m-1766896200,3.25,true,0.010000000000000007,0.010000000000000007,0.010000000000000007,0.020000000000000014,0.020000000000000014,0.030000000000000027,0.06,0.07,0.23000000000000004,0.24000000000000005,0.24000000000000005
btc-updown-15m-1766898000,2.07,true,0,0.010000000000000007,0.010000000000000007,0.020000000000000014,0.020000000000000014,0.03,0.07999999999999999,0.07999999999999999,0.12,0.16000000000000003,0.19
btc-updown-15m-1766898900,2.76,true,0,0.010000000000000007,0.010000000000000007,0.01999999999999996,0.03999999999999998,0.03999999999999998,0.12,0.12,0.31,0.35,0.35
btc-updown-15m-1766899800,2.26,true,0.00999999999999998,0.01999999999999999,0.01999999999999999,0.01999999999999999,0.03,0.03,0.11,0.11,0.12,0.12,0.26999999999999996
btc-updown-15m-1766900700,3.35,true,0,0,0,0.020000000000000014,0.020000000000000014,0.02999999999999997,0.07,0.09999999999999998,0.15999999999999998,0.30000000000000004,0.30000000000000004
btc-updown-15m-1766901600,2.56,true,0,0.020000000000000014,0.02999999999999997,0.02999999999999997,0.02999999999999997,0.04999999999999999,0.21,0.24,0.4099999999999999,0.4099999999999999,0.4099999999999999
btc-updown-15m-1766904300,2.46,true,0.010000000000000007,0.010000000000000007,0.010000000000000007,0.010000000000000007,0.010000000000000007,0.1,0.15999999999999998,0.18999999999999995,0.18999999999999995,0.24999999999999997,0.27
btc-updown-15m-1766905200,2.46,true,0,0,0.010000000000000007,0.010000000000000007,0.020000000000000014,0.03,0.03,0.05000000000000002,0.18,0.21,0.32
btc-updown-15m-1766906100,2.46,true,0,0,0.010000000000000007,0.030000000000000027,0.03999999999999998,0.04999999999999999,0.11999999999999995,0.11999999999999995,0.15999999999999998,0.24,0.25
btc-updown-15m-1766907000,-6.95,false,0,0,0,0.010000000000000007,0.010000000000000007,0.010000000000000007,0.04999999999999999,0.2,0.20999999999999996,0.21999999999999997,0.23
btc-updown-15m-1766908800,2.66,true,0,0.010000000000000007,0.010000000000000007,0.010000000000000007,0.01999999999999996,0.01999999999999996,0.02999999999999997,0.02999999999999997,0.12000000000000002,0.21,0.30999999999999994
btc-updown-15m-1766909700,2.7,true,0,0.010000000000000007,0.010000000000000007,0.010000000000000007,0.03999999999999998,0.06,0.06,0.06,0.19,0.24,0.25
btc-updown-15m-1766910600,-7.44,false,0,0.010000000000000007,0.010000000000000007,0.030000000000000027,0.04000000000000003,0.08000000000000002,0.16999999999999998,0.2,0.24999999999999997,0.29,0.29
btc-updown-15m-1766911500,2.26,true,0,0,0.01999999999999999,0.03,0.04000000000000001,0.06999999999999998,0.17,0.17,0.46,0.48,0.49
btc-updown-15m-1766912400,3.15,true,0,0,0,0.06,0.08000000000000002,0.09000000000000002,0.09999999999999998,0.29000000000000004,0.35,0.35,0.35
btc-updown-15m-1766917800,2.67,true,0,0.010000000000000007,0.010000000000000007,0.09,0.09999999999999998,0.09999999999999998,0.09999999999999998,0.11,0.16999999999999998,0.16999999999999998,0.31
btc-updown-15m-1766920500,2.76,true,0.010000000000000007,0.01999999999999996,0.01999999999999996,0.01999999999999996,0.02999999999999997,0.03999999999999998,0.03999999999999998,0.11,0.23,0.28,0.28
btc-updown-15m-1766922300,2.36,true,0,0.03,0.03999999999999998,0.03999999999999998,0.03999999999999998,0.03999999999999998,0.15999999999999998,0.23,0.25,0.25,0.25
btc-updown-15m-1766924100,-7.24,false,0,0,0.009999999999999952,0.009999999999999952,0.02999999999999997,0.02999999999999997,0.03999999999999998,0.04999999999999999,0.21999999999999997,0.23,0.24
btc-updown-15m-1766925000,-7.05,false,0.02999999999999997,0.02999999999999997,0.02999999999999997,0.02999999999999997,0.03999999999999998,0.06,0.11,0.12000000000000002,0.28,0.31000000000000005,0.31000000000000005
btc-updown-15m-1766925900,3.15,true,0,0.010000000000000007,0.010000000000000007,0.020000000000000014,0.020000000000000014,0.020000000000000014,0.020000000000000014,0.06999999999999995,0.11999999999999995,0.21,0.22
btc-updown-15m-1766927700,2.26,true,0,0.010000000000000007,0.010000000000000007,0.01999999999999999,0.01999999999999999,0.04000000000000001,0.27,0.27,0.35,0.35,0.42
btc-updown-15m-1766928600,2.66,true,0,0,0.010000000000000007,0.010000000000000007,0.020000000000000014,0.04000000000000001,0.05000000000000002,0.05000000000000002,0.06999999999999998,0.1,0.18000000000000002
btc-updown-15m-1766929500,-7.24,false,0,0.010000000000000007,0.010000000000000007,0.01999999999999996,0.02999999999999997,0.06,0.14,0.21999999999999997,0.32999999999999996,0.32999999999999996,0.33999999999999997
btc-updown-15m-1766932200,-7.54,false,0,0.010000000000000007,0.010000000000000007,0.030000000000000027,0.030000000000000027,0.030000000000000027,0.12,0.15,0.32999999999999996,0.32999999999999996,0.32999999999999996
btc-updown-15m-1766933100,2.36,true,0.010000000000000007,0.04000000000000003,0.04000000000000003,0.04999999999999999,0.04999999999999999,0.08000000000000002,0.24,0.24,0.24,0.24,0.31000000000000005
btc-updown-15m-1766934000,2.17,true,0,0.03,0.03,0.03,0.04999999999999999,0.06,0.2,0.20999999999999996,0.27999999999999997,0.39,0.4
btc-updown-15m-1766934900,2.95,true,0.020000000000000014,0.020000000000000014,0.020000000000000014,0.030000000000000027,0.04000000000000003,0.04000000000000003,0.09000000000000002,0.10000000000000003,0.21999999999999997,0.43999999999999995,0.43999999999999995
btc-updown-15m-1766935800,2.26,true,0.04000000000000001,0.05999999999999997,0.05999999999999997,0.06999999999999998,0.06999999999999998,0.06999999999999998,0.07999999999999999,0.1,0.11999999999999995,0.15,0.2
btc-updown-15m-1766937600,2.66,true,0.010000000000000007,0.010000000000000007,0.01999999999999996,0.01999999999999996,0.06,0.06,0.12,0.21999999999999997,0.21999999999999997,0.21999999999999997,0.21999999999999997
btc-updown-15m-1766938500,-7.74,false,0.00999999999999998,0.00999999999999998,0.00999999999999998,0.01999999999999999,0.01999999999999999,0.03,0.06999999999999998,0.14,0.17,0.17,0.21
btc-updown-15m-1766939400,2.95,true,0,0,0,0.020000000000000014,0.03999999999999998,0.03999999999999998,0.12,0.12,0.12,0.13,0.13
btc-updown-15m-1766940300,2.76,true,0.01999999999999996,0.01999999999999996,0.01999999999999996,0.01999999999999996,0.02999999999999997,0.02999999999999997,0.02999999999999997,0.02999999999999997,0.07,0.23,0.24
btc-updown-15m-1766941200,2.56,true,0,0,0,0.030000000000000027,0.08000000000000002,0.09000000000000002,0.11,0.11,0.13,0.13,0.24
btc-updown-15m-1766942100,2.85,true,0,0.009999999999999952,0.009999999999999952,0.009999999999999952,0.02999999999999997,0.04999999999999999,0.2,0.29000000000000004,0.41,0.42,0.42
btc-updown-15m-1766943900,2.56,true,0,0.010000000000000007,0.03,0.11,0.14,0.14,0.25,0.36999999999999994,0.39,0.41,0.43
btc-updown-15m-1766946600,-6.46,false,0.010000000000000007,0.010000000000000007,0.020000000000000014,0.020000000000000014,0.04000000000000003,0.04000000000000003,0.11,0.12,0.19,0.19,0.27999999999999997
btc-updown-15m-1766947500,2,true,0,0,0,0.020000000000000014,0.020000000000000014,0.03,0.05000000000000002,0.05000000000000002,0.11,0.28,0.37
btc-updown-15m-1766948400,-6.85,false,0,0.010000000000000007,0.010000000000000007,0.04999999999999999,0.04999999999999999,0.06999999999999995,0.2,0.2,0.28,0.6,0.6
btc-updown-15m-1766949300,2.95,true,0.020000000000000014,0.020000000000000014,0.020000000000000014,0.020000000000000014,0.020000000000000014,0.020000000000000014,0.030000000000000027,0.04000000000000003,0.12,0.12,0.14
btc-updown-15m-1766951100,2.07,true,0,0.03,0.03,0.03,0.04000000000000001,0.04000000000000001,0.07999999999999999,0.07999999999999999,0.45,0.46,0.46
btc-updown-15m-1766952000,2.36,true,0.010000000000000007,0.010000000000000007,0.010000000000000007,0.020000000000000014,0.04999999999999999,0.05999999999999997,0.12999999999999998,0.23,0.45,0.45,0.45
btc-updown-15m-1766953800,2.17,true,0.010000000000000007,0.010000000000000007,0.010000000000000007,0.01999999999999999,0.04999999999999999,0.06,0.16999999999999998,0.18,0.22,0.22,0.29000000000000004
btc-updown-15m-1766954700,-7.54,false,0.010000000000000007,0.020000000000000014,0.030000000000000027,0.04999999999999999,0.04999999999999999,0.07999999999999999,0.15,0.29000000000000004,0.29000000000000004,0.56,0.56
btc-updown-15m-1766955600,-6.55,false,0,0,0,0.02999999999999997,0.06999999999999995,0.14,0.17999999999999997,0.17999999999999997,0.42999999999999994,0.42999999999999994,0.42999999999999994
btc-updown-15m-1766957400,3.35,true,0,0,0,0.010000000000000007,0.030000000000000027,0.030000000000000027,0.11,0.12,0.16999999999999998,0.33999999999999997,0.36
btc-updown-15m-1766958300,3.42,true,0.009999999999999952,0.009999999999999952,0.009999999999999952,0.009999999999999952,0.009999999999999952,0.009999999999999952,0.04999999999999999,0.06999999999999995,0.20999999999999996,0.23,0.23
btc-updown-15m-1766959200,2.66,true,0,0,0.010000000000000007,0.020000000000000014,0.020000000000000014,0.04000000000000001,0.12999999999999998,0.14,0.22,0.22,0.22
btc-updown-15m-1766961000,-7.54,false,0,0,0,0.010000000000000007,0.010000000000000007,0.010000000000000007,0.030000000000000027,0.030000000000000027,0.08000000000000002,0.13,0.27999999999999997
btc-updown-15m-1766962800,2.66,true,0.010000000000000007,0.01999999999999996,0.01999999999999996,0.02999999999999997,0.06999999999999998,0.13000000000000003,0.15,0.22,0.22,0.31000000000000005,0.33999999999999997
btc-updown-15m-1766963700,2.17,true,0,0.020000000000000014,0.020000000000000014,0.020000000000000014,0.020000000000000014,0.03,0.07,0.09,0.11,0.11,0.11
btc-updown-15m-1766964600,2.85,true,0.009999999999999952,0.009999999999999952,0.009999999999999952,0.009999999999999952,0.009999999999999952,0.009999999999999952,0.19,0.19,0.27,0.30000000000000004,0.46
btc-updown-15m-1766965500,2.76,true,0,0,0.01999999999999996,0.02999999999999997,0.03999999999999998,0.04999999999999999,0.04999999999999999,0.04999999999999999,0.15000000000000002,0.31000000000000005,0.38
btc-updown-15m-1766969100,2.56,true,0,0.010000000000000007,0.010000000000000007,0.07000000000000003,0.07000000000000003,0.07000000000000003,0.07000000000000003,0.1,0.51,0.51,0.51
btc-updown-15m-1766970900,2.76,true,0,0.009999999999999952,0.009999999999999952,0.01999999999999996,0.01999999999999996,0.04999999999999999,0.12999999999999995,0.12999999999999995,0.23,0.27999999999999997,0.27999999999999997
btc-updown-15m-1766971800,2.36,true,0,0.04999999999999999,0.04999999999999999,0.06,0.06,0.06,0.12,0.12,0.14,0.44000000000000006,0.45
btc-updown-15m-1766972700,2.46,true,0,0.010000000000000007,0.03,0.03,0.08999999999999997,0.13,0.18,0.18,0.18,0.29,0.29
btc-updown-15m-1766975400,2.56,true,0.04999999999999999,0.04999999999999999,0.06,0.09,0.09,0.09,0.17,0.36,0.4600000000000001,0.4600000000000001,0.4600000000000001
btc-updown-15m-1766976300,2.85,true,0,0.01999999999999996,0.02999999999999997,0.06,0.07,0.07,0.09999999999999998,0.09999999999999998,0.17999999999999997,0.33999999999999997,0.33999999999999997
btc-updown-15m-1766977200,2.46,true,0.010000000000000007,0.010000000000000007,0.010000000000000007,0.04999999999999999,0.07,0.07,0.16000000000000003,0.2,0.31000000000000005,0.46,0.46
btc-updown-15m-1766979900,-7.64,false,0,0.010000000000000007,0.010000000000000007,0.01999999999999999,0.04000000000000001,0.04000000000000001,0.07,0.07,0.24999999999999997,0.29999999999999993,0.29999999999999993
btc-updown-15m-1766980800,2.26,true,0.010000000000000007,0.01999999999999999,0.05000000000000002,0.060000000000000026,0.12999999999999998,0.12999999999999998,0.15999999999999998,0.15999999999999998,0.21999999999999997,0.24,0.3
btc-updown-15m-1766981700,3.05,true,0,0,0.010000000000000007,0.04000000000000003,0.04000000000000003,0.04000000000000003,0.04000000000000003,0.09000000000000002,0.15000000000000002,0.19,0.25
btc-updown-15m-1766982600,2.36,true,0.010000000000000007,0.030000000000000027,0.04999999999999999,0.07,0.10000000000000003,0.10000000000000003,0.2,0.26,0.29000000000000004,0.36,0.36
btc-updown-15m-1766983500,2.66,true,0.010000000000000007,0.020000000000000014,0.04999999999999999,0.04999999999999999,0.06,0.07999999999999999,0.12999999999999998,0.18,0.37,0.52,0.52
btc-updown-15m-1766984400,2.36,true,0.010000000000000007,0.04000000000000003,0.04000000000000003,0.04000000000000003,0.06,0.09000000000000002,0.13,0.13,0.16000000000000003,0.4300000000000001,0.4300000000000001
btc-updown-15m-1766985300,2.26,true,0.010000000000000007,0.010000000000000007,0.020000000000000014,0.03,0.03999999999999998,0.03999999999999998,0.14,0.14,0.14,0.26,0.35
btc-updown-15m-1766988000,-7.34,false,0.010000000000000007,0.01999999999999996,0.01999999999999996,0.02999999999999997,0.03999999999999998,0.07,0.2,0.2,0.24,0.24,0.27
btc-updown-15m-1766989800,3.35,true,0,0,0,0.030000000000000027,0.04000000000000003,0.08000000000000002,0.14999999999999997,0.17999999999999997,0.45000000000000007,0.46,0.46
btc-updown-15m-1766990700,2.46,true,0,0.01999999999999999,0.01999999999999999,0.04000000000000001,0.05999999999999997,0.06999999999999998,0.15,0.16999999999999998,0.19,0.25,0.34
btc-updown-15m-1766991600,2.56,true,0,0.010000000000000007,0.020000000000000014,0.020000000000000014,0.06,0.06,0.19,0.2,0.2,0.2,0.5599999999999999
btc-updown-15m-1766992500,2.17,true,0.03,0.03,0.03,0.03,0.09999999999999998,0.09999999999999998,0.23,0.25,0.34,0.42,0.42
btc-updown-15m-1766994300,2.46,true,0.010000000000000007,0.04000000000000001,0.04000000000000001,0.04000000000000001,0.04000000000000001,0.04000000000000001,0.06,0.09999999999999998,0.36000000000000004,0.36000000000000004,0.36000000000000004
btc-updown-15m-1766996100,2.56,true,0,0,0.010000000000000007,0.02999999999999997,0.04999999999999999,0.06,0.09999999999999998,0.09999999999999998,0.09999999999999998,0.23,0.32999999999999996
btc-updown-15m-1766997000,2.89,true,0.010000000000000007,0.010000000000000007,0.010000000000000007,0.04000000000000003,0.06,0.06,0.16999999999999998,0.18,0.26,0.42,0.42
btc-updown-15m-1766998800,-7.15,false,0.010000000000000007,0.030000000000000027,0.030000000000000027,0.04000000000000003,0.04999999999999999,0.04999999999999999,0.14,0.14,0.25000000000000006,0.33999999999999997,0.41999999999999993
btc-updown-15m-1766999700,2.56,true,0,0.010000000000000007,0.010000000000000007,0.010000000000000007,0.03999999999999998,0.08000000000000002,0.12,0.13,0.19,0.20999999999999996,0.20999999999999996
btc-updown-15m-1767001500,2.36,true,0,0.020000000000000014,0.020000000000000014,0.020000000000000014,0.04999999999999999,0.04999999999999999,0.07999999999999999,0.11,0.25,0.31,0.31
btc-updown-15m-1767002400,2.66,true,0,0.01999999999999996,0.01999999999999996,0.02999999999999997,0.04999999999999999,0.07999999999999996,0.13,0.18,0.30999999999999994,0.4,0.4
btc-updown-15m-1767003300,3.05,true,0.010000000000000007,0.010000000000000007,0.010000000000000007,0.04000000000000003,0.04000000000000003,0.04999999999999999,0.08000000000000002,0.12,0.15000000000000002,0.16999999999999998,0.19
btc-updown-15m-1767004200,2.85,true,0.010000000000000007,0.020000000000000014,0.030000000000000027,0.05000000000000002,0.07000000000000003,0.1,0.19000000000000003,0.31000000000000005,0.37,0.37,0.37
btc-updown-15m-1767005100,3.28,true,0,0,0,0.01999999999999996,0.02999999999999997,0.02999999999999997,0.04999999999999999,0.08000000000000002,0.14999999999999997,0.24000000000000005,0.24000000000000005
btc-updown-15m-1767007800,3.05,true,0.010000000000000007,0.03999999999999998,0.03999999999999998,0.03999999999999998,0.07999999999999996,0.07999999999999996,0.09999999999999998,0.09999999999999998,0.37,0.37,0.37
btc-updown-15m-1767011400,2.36,true,0.00999999999999998,0.01999999999999999,0.03,0.03,0.1,0.1,0.14,0.14,0.18999999999999995,0.33999999999999997,0.33999999999999997
btc-updown-15m-1767012300,2.76,true,0.010000000000000007,0.05000000000000002,0.05000000000000002,0.07000000000000003,0.07999999999999999,0.07999999999999999,0.1,0.15,0.28,0.28,0.28
btc-updown-15m-1767015000,-7.05,false,0,0,0.020000000000000014,0.04999999999999999,0.04999999999999999,0.08999999999999997,0.16,0.16,0.21,0.21,0.21
btc-updown-15m-1767016800,-6.95,false,0,0.010000000000000007,0.010000000000000007,0.010000000000000007,0.010000000000000007,0.07,0.14,0.16999999999999998,0.26,0.28,0.28
btc-updown-15m-1767017700,-7.64,false,0.010000000000000007,0.06,0.07,0.11,0.11,0.11,0.13,0.23,0.23,0.31000000000000005,0.38
btc-updown-15m-1767018600,2.26,true,0.010000000000000007,0.04000000000000001,0.04000000000000001,0.06999999999999998,0.1,0.11,0.11,0.16,0.41,0.62,0.66
btc-updown-15m-1767020400,-6.85,false,0.030000000000000027,0.030000000000000027,0.030000000000000027,0.030000000000000027,0.030000000000000027,0.06,0.10000000000000003,0.13,0.15000000000000002,0.15999999999999998,0.21999999999999997
btc-updown-15m-1767021300,-7.83,false,0,0,0.03,0.03999999999999998,0.03999999999999998,0.08999999999999997,0.11999999999999995,0.14,0.25,0.46,0.48
btc-updown-15m-1767022200,3.45,true,0,0.04999999999999999,0.06,0.06,0.11999999999999995,0.11999999999999995,0.15,0.15,0.27,0.29000000000000004,0.30000000000000004
btc-updown-15m-1767024000,2.85,true,0,0.020000000000000014,0.020000000000000014,0.030000000000000027,0.030000000000000027,0.06,0.09999999999999998,0.24,0.25,0.25,0.30000000000000004
btc-updown-15m-1767024900,2.36,true,0,0.04000000000000003,0.04999999999999999,0.04999999999999999,0.09000000000000002,0.11,0.13,0.15000000000000002,0.18000000000000002,0.23,0.24999999999999997
btc-updown-15m-1767025800,2.57,true,0,0,0.05000000000000002,0.060000000000000026,0.07000000000000003,0.09,0.12000000000000002,0.15,0.15,0.26,0.27
btc-updown-15m-1767028500,-6.85,false,0,0.020000000000000014,0.030000000000000027,0.030000000000000027,0.05000000000000005,0.06,0.09999999999999998,0.18,0.18,0.18,0.18
btc-updown-15m-1767031200,-6.75,false,0.020000000000000014,0.020000000000000014,0.030000000000000027,0.03999999999999998,0.04999999999999999,0.04999999999999999,0.16,0.16,0.22,0.48,0.48
btc-updown-15m-1767032100,-7.44,false,0,0.010000000000000007,0.020000000000000014,0.05000000000000002,0.11,0.14,0.21999999999999997,0.25,0.25,0.34,0.34
btc-updown-15m-1767033900,2.85,true,0.010000000000000007,0.04000000000000003,0.04000000000000003,0.04000000000000003,0.05000000000000002,0.07999999999999999,0.15,0.17,0.30000000000000004,0.31000000000000005,0.31000000000000005
btc-updown-15m-1767034800,-7.34,false,0,0,0,0.010000000000000007,0.06999999999999998,0.09999999999999998,0.14,0.33,0.43,0.43,0.44
btc-updown-15m-1767035700,2.26,true,0,0,0,0.00999999999999998,0.03,0.05000000000000002,0.23,0.31000000000000005,0.4300000000000001,0.4300000000000001,0.4300000000000001
btc-updown-15m-1767036600,3.25,true,0,0,0,0.010000000000000007,0.010000000000000007,0.020000000000000014,0.12,0.34,0.34,0.39000000000000007,0.4
btc-updown-15m-1767037500,2.17,true,0.010000000000000007,0.01999999999999999,0.01999999999999999,0.12000000000000002,0.12000000000000002,0.12000000000000002,0.14,0.14,0.27,0.28,0.28
btc-updown-15m-1767038400,2.85,true,0,0.010000000000000007,0.020000000000000014,0.08000000000000002,0.11,0.11,0.16,0.19000000000000003,0.36,0.5,0.51
btc-updown-15m-1767039300,2.56,true,0.03,0.03,0.05000000000000002,0.05999999999999997,0.06999999999999998,0.07999999999999999,0.15,0.15,0.2,0.4300000000000001,0.4300000000000001
btc-updown-15m-1767042000,2.76,true,0.010000000000000007,0.020000000000000014,0.020000000000000014,0.020000000000000014,0.04000000000000003,0.05000000000000005,0.08000000000000002,0.16000000000000003,0.21,0.21,0.23
btc-updown-15m-1767042900,2.56,true,0,0.010000000000000007,0.010000000000000007,0.020000000000000014,0.03999999999999998,0.07,0.12,0.12,0.14999999999999997,0.16999999999999998,0.31999999999999995
btc-updown-15m-1767044700,2.95,true,0,0,0,0,0,0.010000000000000007,0.020000000000000014,0.020000000000000014,0.030000000000000027,0.11000000000000004,0.12
btc-updown-15m-1767046500,2.85,true,0.020000000000000014,0.020000000000000014,0.020000000000000014,0.030000000000000027,0.030000000000000027,0.030000000000000027,0.030000000000000027,0.06,0.11000000000000004,0.26,0.29
btc-updown-15m-1767049200,2.26,true,0.04000000000000001,0.04000000000000001,0.04000000000000001,0.13000000000000003,0.13000000000000003,0.13000000000000003,0.15,0.15,0.27,0.4,0.4
btc-updown-15m-1767050100,2.56,true,0.020000000000000014,0.020000000000000014,0.020000000000000014,0.020000000000000014,0.020000000000000014,0.030000000000000027,0.18,0.19,0.2,0.21,0.21
btc-updown-15m-1767051900,2.18,true,0,0.010000000000000007,0.01999999999999999,0.01999999999999999,0.01999999999999999,0.03999999999999998,0.19,0.19,0.26,0.26,0.27999999999999997
btc-updown-15m-1767052800,2.07,true,0,0,0,0.010000000000000007,0.020000000000000014,0.03,0.1,0.11,0.2,0.28,0.28
btc-updown-15m-1767053700,-7.18,false,0.010000000000000007,0.030000000000000027,0.030000000000000027,0.03999999999999998,0.06,0.06,0.08000000000000002,0.12,0.12,0.18000000000000002,0.21
btc-updown-15m-1767057300,-6.75,false,0.010000000000000007,0.03999999999999998,0.06,0.06999999999999995,0.06999999999999995,0.06999999999999995,0.15999999999999998,0.15999999999999998,0.23,0.23,0.23
btc-updown-15m-1767059100,2.26,true,0,0.03,0.03999999999999998,0.03999999999999998,0.04999999999999999,0.12,0.14,0.17,0.18,0.22,0.29000000000000004
btc-updown-15m-1767062700,2.36,true,0.010000000000000007,0.010000000000000007,0.020000000000000014,0.020000000000000014,0.09,0.09,0.14,0.15999999999999998,0.15999999999999998,0.16999999999999998,0.25
btc-updown-15m-1767063600,1.97,true,0,0,0,0.01999999999999999,0.01999999999999999,0.03,0.05000000000000002,0.05000000000000002,0.18000000000000002,0.22,0.28
btc-updown-15m-1767065400,2.26,true,0.010000000000000007,0.020000000000000014,0.020000000000000014,0.07999999999999999,0.12000000000000002,0.12000000000000002,0.19000000000000003,0.30000000000000004,0.3400000000000001,0.3400000000000001,0.3400000000000001
btc-updown-15m-1767068100,3.15,true,0,0.010000000000000007,0.010000000000000007,0.010000000000000007,0.030000000000000027,0.030000000000000027,0.030000000000000027,0.04000000000000003,0.14,0.2,0.2700000000000001
btc-updown-15m-1767070800,2.56,true,0,0,0,0.010000000000000007,0.020000000000000014,0.02999999999999997,0.03999999999999998,0.03999999999999998,0.17,0.21,0.23
btc-updown-15m-1767073500,-8.03,false,0.00999999999999998,0.03999999999999998,0.03999999999999998,0.06,0.06,0.07,0.26999999999999996,0.27999999999999997,0.39,0.39,0.39
btc-updown-15m-1767074400,2.07,true,0.010000000000000007,0.010000000000000007,0.01999999999999999,0.01999999999999999,0.01999999999999999,0.07,0.1,0.17999999999999997,0.28,0.31999999999999995,0.31999999999999995
btc-updown-15m-1767075300,2.36,true,0,0.010000000000000007,0.010000000000000007,0.01999999999999999,0.04000000000000001,0.05000000000000002,0.08000000000000002,0.13,0.14999999999999997,0.18,0.31
btc-updown-15m-1767076200,2.07,true,0,0.010000000000000007,0.020000000000000014,0.020000000000000014,0.03,0.03999999999999998,0.12,0.13,0.39,0.39,0.46
btc-updown-15m-1767077100,2.76,true,0.010000000000000007,0.010000000000000007,0.010000000000000007,0.04999999999999999,0.13000000000000003,0.13000000000000003,0.16,0.29000000000000004,0.31000000000000005,0.31000000000000005,0.33000000000000007
btc-updown-15m-1767079800,2.26,true,0.010000000000000007,0.010000000000000007,0.010000000000000007,0.01999999999999999,0.05000000000000002,0.14,0.18000000000000002,0.21,0.32000000000000006,0.36,0.37
btc-updown-15m-1767080700,2.66,true,0.01999999999999996,0.01999999999999996,0.02999999999999997,0.04999999999999999,0.04999999999999999,0.07,0.11,0.31999999999999995,0.42,0.48,0.48
btc-updown-15m-1767083400,2.56,true,0.03,0.03,0.03,0.05000000000000002,0.12000000000000002,0.12000000000000002,0.15000000000000002,0.15000000000000002,0.31,0.42,0.42
btc-updown-15m-1767084300,-7.05,false,0.020000000000000014,0.020000000000000014,0.020000000000000014,0.020000000000000014,0.04999999999999999,0.04999999999999999,0.18,0.24,0.24,0.2899999999999999,0.36
btc-updown-15m-1767085200,-7.34,false,0,0.04999999999999999,0.08000000000000002,0.08000000000000002,0.08000000000000002,0.08999999999999997,0.11,0.12,0.19,0.32999999999999996,0.32999999999999996
btc-updown-15m-1767087000,3.05,true,0,0.020000000000000014,0.04999999999999999,0.07,0.07,0.11,0.15000000000000002,0.2,0.22000000000000003,0.24,0.24
btc-updown-15m-1767087900,2.26,true,0,0.00999999999999998,0.01999999999999999,0.03,0.04000000000000001,0.060000000000000026,0.07999999999999999,0.08999999999999997,0.4,0.45,0.46
btc-updown-15m-1767088800,2.85,true,0.010000000000000007,0.010000000000000007,0.01999999999999996,0.04999999999999999,0.04999999999999999,0.06,0.08999999999999997,0.11,0.11,0.19999999999999996,0.19999999999999996
btc-updown-15m-1767089700,3.05,true,0.010000000000000007,0.020000000000000014,0.020000000000000014,0.020000000000000014,0.04000000000000003,0.06,0.13,0.18,0.29,0.35000000000000003,0.39000000000000007
btc-updown-15m-1767090600,3.45,true,0.02999999999999997,0.06999999999999995,0.06999999999999995,0.12999999999999998,0.14,0.14999999999999997,0.25,0.36000000000000004,0.36000000000000004,0.36000000000000004,0.45
btc-updown-15m-1767094200,-7.83,false,0.010000000000000007,0.01999999999999999,0.01999999999999999,0.06999999999999998,0.12000000000000002,0.12000000000000002,0.18000000000000002,0.24,0.26,0.26,0.26
btc-updown-15m-1767096000,2.95,true,0,0,0,0.010000000000000007,0.08000000000000002,0.08000000000000002,0.11,0.11,0.11,0.16,0.27
btc-updown-15m-1767096900,-7.64,false,0.00999999999999998,0.00999999999999998,0.00999999999999998,0.04000000000000001,0.08999999999999997,0.08999999999999997,0.16999999999999998,0.25,0.25,0.31,0.31
btc-updown-15m-1767097800,3.25,true,0.030000000000000027,0.030000000000000027,0.030000000000000027,0.030000000000000027,0.06,0.12000000000000002,0.23,0.26,0.3400000000000001,0.3400000000000001,0.3400000000000001
btc-updown-15m-1768436100,1.97,true,0,0,0,0.03,0.04999999999999999,0.11,0.12,0.20999999999999996,0.23,0.26999999999999996,0.3
btc-updown-15m-1768439700,2.76,true,0.009999999999999952,0.009999999999999952,0.009999999999999952,0.009999999999999952,0.01999999999999996,0.02999999999999997,0.09999999999999998,0.12999999999999995,0.12999999999999995,0.18,0.21999999999999997
btc-updown-15m-1768442400,-7.74,false,0,0,0.03,0.03,0.03,0.08000000000000002,0.2,0.2,0.21999999999999997,0.24,0.25
btc-updown-15m-1768446900,2.17,true,0,0.010000000000000007,0.03,0.03,0.03,0.03,0.22,0.26,0.48,0.54,0.54
btc-updown-15m-1768448700,-6.65,false,0,0,0,0,0,0,0.03999999999999998,0.2399999999999999,0.25999999999999995,0.3799999999999999,0.3799999999999999
btc-updown-15m-1768455000,2.76,true,0,0,0,0,0.04000000000000003,0.04000000000000003,0.05000000000000005,0.08000000000000002,0.15000000000000002,0.18,0.18
btc-updown-15m-1768459500,2.66,true,0,0.01999999999999996,0.01999999999999996,0.01999999999999996,0.07,0.07,0.08000000000000002,0.14,0.21999999999999997,0.36000000000000004,0.36000000000000004
btc-updown-15m-1768472100,2.85,true,0.010000000000000007,0.010000000000000007,0.010000000000000007,0.020000000000000014,0.05000000000000005,0.05000000000000005,0.06,0.06,0.18,0.23000000000000004,0.23000000000000004
btc-updown-15m-1768473900,2.26,true,0.020000000000000014,0.020000000000000014,0.020000000000000014,0.03,0.03,0.03,0.04000000000000001,0.04999999999999999,0.27,0.28,0.29
btc-updown-15m-1768474800,2.76,true,0,0.010000000000000007,0.010000000000000007,0.02999999999999997,0.03999999999999998,0.07,0.11,0.23,0.23,0.24,0.33999999999999997
btc-updown-15m-1768477500,2.17,true,0,0,0,0,0.03,0.06,0.07,0.09999999999999998,0.27,0.30999999999999994,0.37
btc-updown-15m-1768478400,2.07,true,0,0,0,0,0.04000000000000001,0.07000000000000003,0.1,0.15,0.28,0.4,0.4300000000000001
btc-updown-15m-1768479300,2.46,true,0,0.010000000000000007,0.010000000000000007,0.010000000000000007,0.04999999999999999,0.10000000000000003,0.15000000000000002,0.17,0.17,0.30999999999999994,0.36
btc-updown-15m-1768481100,2.36,true,0,0.00999999999999998,0.03,0.07999999999999999,0.07999999999999999,0.07999999999999999,0.14,0.23,0.23,0.23,0.23
btc-updown-15m-1768482000,2.95,true,0.02999999999999997,0.03999999999999998,0.04999999999999999,0.06,0.09999999999999998,0.09999999999999998,0.16999999999999998,0.16999999999999998,0.2,0.2,0.27
btc-updown-15m-1768482900,2.95,true,0,0.010000000000000007,0.01999999999999996,0.01999999999999996,0.01999999999999996,0.01999999999999996,0.13,0.13,0.26,0.3,0.31
btc-updown-15m-1768486500,2.17,true,0.010000000000000007,0.010000000000000007,0.010000000000000007,0.010000000000000007,0.010000000000000007,0.01999999999999999,0.03,0.06,0.14,0.2,0.3
btc-updown-15m-1768487400,2.56,true,0.010000000000000007,0.03999999999999998,0.03999999999999998,0.03999999999999998,0.04999999999999999,0.07,0.13,0.19,0.24,0.27,0.41
btc-updown-15m-1768489200,-7.74,false,0.020000000000000014,0.020000000000000014,0.020000000000000014,0.04000000000000001,0.12000000000000002,0.12000000000000002,0.21,0.3500000000000001,0.49,0.5,0.5
btc-updown-15m-1768494600,3.05,true,0.010000000000000007,0.020000000000000014,0.02999999999999997,0.03999999999999998,0.03999999999999998,0.03999999999999998,0.07999999999999996,0.14999999999999997,0.30999999999999994,0.30999999999999994,0.33999999999999997
btc-updown-15m-1768497300,3.15,true,0,0.010000000000000007,0.010000000000000007,0.020000000000000014,0.04000000000000003,0.06,0.11000000000000004,0.13,0.16000000000000003,0.27999999999999997,0.3
btc-updown-15m-1768499100,2.26,true,0,0,0.01999999999999999,0.05999999999999997,0.06999999999999998,0.06999999999999998,0.18000000000000002,0.23,0.48,0.48,0.48
btc-updown-15m-1768501800,2.46,true,0,0,0,0.010000000000000007,0.07,0.07,0.09000000000000002,0.09000000000000002,0.17999999999999997,0.3999999999999999,0.48
btc-updown-15m-1768502700,2.76,true,0.010000000000000007,0.020000000000000014,0.020000000000000014,0.020000000000000014,0.04999999999999999,0.06,0.11,0.15999999999999998,0.20999999999999996,0.25,0.26
btc-updown-15m-1768504500,-7.83,false,0.00999999999999998,0.00999999999999998,0.01999999999999999,0.04000000000000001,0.05000000000000002,0.05000000000000002,0.05000000000000002,0.08000000000000002,0.24,0.3,0.43
btc-updown-15m-1768508100,2.07,true,0.010000000000000007,0.020000000000000014,0.020000000000000014,0.03999999999999998,0.13,0.14,0.15999999999999998,0.19,0.3799999999999999,0.3799999999999999,0.39
btc-updown-15m-1768509000,2.26,true,0,0,0,0.00999999999999998,0.03999999999999998,0.03999999999999998,0.04999999999999999,0.07,0.18,0.38,0.46
btc-updown-15m-1768510800,2.26,true,0,0.03,0.03,0.03,0.03,0.03,0.05000000000000002,0.06,0.06999999999999998,0.13,0.13
btc-updown-15m-1768511700,2.36,true,0,0,0,0,0.07,0.07,0.14,0.16999999999999998,0.21,0.24,0.24
btc-updown-15m-1768512600,2.66,true,0,0,0.010000000000000007,0.010000000000000007,0.02999999999999997,0.03999999999999998,0.08999999999999997,0.08999999999999997,0.16999999999999998,0.16999999999999998,0.18
btc-updown-15m-1768513500,2.66,true,0,0.01999999999999996,0.02999999999999997,0.06,0.07999999999999999,0.09,0.09,0.15999999999999998,0.2,0.32,0.32
btc-updown-15m-1768515300,3.45,true,0,0,0,0.009999999999999952,0.01999999999999996,0.01999999999999996,0.16999999999999998,0.21,0.31,0.3799999999999999,0.3799999999999999
btc-updown-15m-1768516200,-7.74,false,0,0.010000000000000007,0.010000000000000007,0.010000000000000007,0.01999999999999999,0.04000000000000001,0.13,0.3,0.39,0.43,0.43
btc-updown-15m-1768517100,2.36,true,0.00999999999999998,0.00999999999999998,0.00999999999999998,0.01999999999999999,0.01999999999999999,0.07999999999999999,0.15,0.36,0.37,0.37,0.44000000000000006
btc-updown-15m-1768519800,3.45,true,0,0,0,0.009999999999999952,0.04999999999999999,0.04999999999999999,0.06,0.08999999999999997,0.08999999999999997,0.08999999999999997,0.13
btc-updown-15m-1768520700,3.05,true,0,0.010000000000000007,0.010000000000000007,0.010000000000000007,0.020000000000000014,0.03999999999999998,0.04999999999999999,0.04999999999999999,0.11,0.19999999999999996,0.19999999999999996
btc-updown-15m-1768521600,2.66,true,0,0,0.010000000000000007,0.010000000000000007,0.04999999999999999,0.04999999999999999,0.06,0.09999999999999998,0.15999999999999998,0.37,0.38
btc-updown-15m-1768522500,2.76,true,0,0,0,0,0.009999999999999952,0.01999999999999996,0.04999999999999999,0.04999999999999999,0.13,0.15000000000000002,0.30000000000000004
btc-updown-15m-1768523400,2.07,true,0,0.01999999999999999,0.01999999999999999,0.01999999999999999,0.01999999999999999,0.01999999999999999,0.04000000000000001,0.06,0.22,0.28,0.30999999999999994
btc-updown-15m-1768524300,2.95,true,0,0,0,0,0,0.010000000000000007,0.020000000000000014,0.020000000000000014,0.15000000000000002,0.25,0.3
btc-updown-15m-1768525200,2.36,true,0.03,0.05000000000000002,0.05999999999999997,0.05999999999999997,0.05999999999999997,0.07999999999999999,0.14,0.18000000000000002,0.31999999999999995,0.31999999999999995,0.31999999999999995
btc-updown-15m-1768526100,1.97,true,0,0.00999999999999998,0.00999999999999998,0.01999999999999999,0.03,0.03,0.07,0.27,0.29000000000000004,0.30999999999999994,0.30999999999999994
btc-updown-15m-1768527000,-7.24,false,0,0.009999999999999952,0.009999999999999952,0.009999999999999952,0.01999999999999996,0.06,0.09999999999999998,0.09999999999999998,0.19,0.2,0.24
btc-updown-15m-1768527900,2.56,true,0.020000000000000014,0.020000000000000014,0.020000000000000014,0.020000000000000014,0.04999999999999999,0.04999999999999999,0.04999999999999999,0.06,0.08000000000000002,0.14,0.21999999999999997
btc-updown-15m-1768528800,2.66,true,0,0.010000000000000007,0.010000000000000007,0.03999999999999998,0.04999999999999999,0.04999999999999999,0.04999999999999999,0.04999999999999999,0.09999999999999998,0.11,0.18
btc-updown-15m-1768530600,3.05,true,0.010000000000000007,0.010000000000000007,0.010000000000000007,0.010000000000000007,0.010000000000000007,0.020000000000000014,0.10000000000000003,0.10000000000000003,0.13,0.15000000000000002,0.15000000000000002
btc-updown-15m-1768531500,3.15,true,0,0,0,0,0,0,0,0.030000000000000027,0.15000000000000002,0.16000000000000003,0.16999999999999998
btc-updown-15m-1768532400,1.97,true,0,0,0,0,0.00999999999999998,0.01999999999999999,0.11,0.14,0.21,0.32999999999999996,0.32999999999999996
btc-updown-15m-1768533300,3.25,true,0,0,0,0.04000000000000003,0.04000000000000003,0.04000000000000003,0.06,0.07,0.09999999999999998,0.16999999999999998,0.27
btc-updown-15m-1768534200,3.15,true,0,0.010000000000000007,0.03999999999999998,0.06,0.06,0.06,0.09999999999999998,0.11,0.26,0.26,0.37
btc-updown-15m-1768535100,2.46,true,0.010000000000000007,0.010000000000000007,0.010000000000000007,0.020000000000000014,0.06,0.07,0.13,0.13,0.13,0.14999999999999997,0.23
btc-updown-15m-1768536000,2.76,true,0,0,0,0.009999999999999952,0.06,0.07999999999999999,0.12,0.19,0.33,0.33,0.33
btc-updown-15m-1768536900,-7.54,false,0,0.05000000000000002,0.05000000000000002,0.05000000000000002,0.06,0.06,0.11,0.11,0.12,0.12,0.12
btc-updown-15m-1768537800,2.76,true,0,0.010000000000000007,0.06,0.08000000000000002,0.08000000000000002,0.08000000000000002,0.15999999999999998,0.15999999999999998,0.24,0.24,0.24
btc-updown-15m-1768538700,-7.54,false,0.010000000000000007,0.010000000000000007,0.010000000000000007,0.020000000000000014,0.060000000000000026,0.060000000000000026,0.15,0.15,0.23,0.36,0.39
btc-updown-15m-1768539600,2.26,true,0,0,0,0.020000000000000014,0.05000000000000002,0.05000000000000002,0.11,0.11,0.11,0.13,0.24
btc-updown-15m-1768540500,3.35,true,0,0,0,0,0.010000000000000007,0.06,0.12999999999999995,0.28,0.2899999999999999,0.32999999999999996,0.32999999999999996
btc-updown-15m-1768541400,3.25,true,0,0,0,0,0.010000000000000007,0.01999999999999996,0.16999999999999998,0.16999999999999998,0.24,0.30999999999999994,0.37
btc-updown-15m-1768543200,-6.95,false,0,0.010000000000000007,0.020000000000000014,0.02999999999999997,0.02999999999999997,0.04999999999999999,0.09999999999999998,0.14999999999999997,0.20999999999999996,0.24,0.24
btc-updown-15m-1768544100,2.95,true,0.010000000000000007,0.010000000000000007,0.04000000000000003,0.04999999999999999,0.04999999999999999,0.04999999999999999,0.19,0.31,0.45,0.46,0.46
btc-updown-15m-1768545000,-6.55,false,0,0,0,0,0,0.02999999999999997,0.08999999999999997,0.19,0.19,0.25999999999999995,0.29
btc-updown-15m-1768545900,-6.75,false,0,0.11,0.12000000000000002,0.12000000000000002,0.12000000000000002,0.12000000000000002,0.23,0.26,0.33000000000000007,0.44000000000000006,0.45000000000000007
btc-updown-15m-1768546800,-6.65,false,0.010000000000000007,0.010000000000000007,0.010000000000000007,0.010000000000000007,0.020000000000000014,0.030000000000000027,0.2,0.3,0.34,0.34,0.34
btc-updown-15m-1768547700,3.25,true,0,0,0,0.020000000000000014,0.020000000000000014,0.10000000000000003,0.13,0.21,0.21,0.21,0.21
btc-updown-15m-1768548600,2.26,true,0.020000000000000014,0.03,0.03,0.06,0.08000000000000002,0.09999999999999998,0.18,0.18,0.19,0.19,0.19
btc-updown-15m-1768549500,2.17,true,0,0,0,0.010000000000000007,0.010000000000000007,0.01999999999999999,0.03,0.03,0.05000000000000002,0.07999999999999999,0.23
btc-updown-15m-1768550400,-7.54,false,0,0.010000000000000007,0.010000000000000007,0.010000000000000007,0.07,0.09000000000000002,0.14,0.16999999999999998,0.24,0.29000000000000004,0.32999999999999996
btc-updown-15m-1768552200,2.56,true,0,0,0,0.010000000000000007,0.030000000000000027,0.03999999999999998,0.13,0.14,0.16,0.2,0.37
btc-updown-15m-1768553100,2.66,true,0,0.010000000000000007,0.010000000000000007,0.010000000000000007,0.020000000000000014,0.02999999999999997,0.19,0.23,0.32,0.32,0.32
btc-updown-15m-1768554000,2.95,true,0,0,0,0.01999999999999996,0.01999999999999996,0.01999999999999996,0.02999999999999997,0.04999999999999999,0.13999999999999996,0.19999999999999996,0.27
btc-updown-15m-1768555800,2.26,true,0,0,0,0,0,0,0.05000000000000002,0.06,0.06,0.08000000000000002,0.1
btc-updown-15m-1768556700,2.85,true,0,0,0.01999999999999996,0.01999999999999996,0.06999999999999998,0.07999999999999999,0.11,0.11,0.15999999999999998,0.15999999999999998,0.15999999999999998
btc-updown-15m-1768557600,2.66,true,0,0,0.020000000000000014,0.020000000000000014,0.060000000000000026,0.060000000000000026,0.11,0.2,0.23,0.29000000000000004,0.45
btc-updown-15m-1768560300,-6.85,false,0,0,0,0.020000000000000014,0.020000000000000014,0.020000000000000014,0.020000000000000014,0.04000000000000003,0.14,0.19,0.19
btc-updown-15m-1768561200,-7.34,false,0.010000000000000007,0.010000000000000007,0.02999999999999997,0.02999999999999997,0.06,0.07999999999999996,0.07999999999999996,0.07999999999999996,0.16999999999999998,0.21999999999999997,0.24
btc-updown-15m-1768562100,2.46,true,0,0,0,0.03999999999999998,0.06,0.09000000000000002,0.15000000000000002,0.27,0.42,0.4300000000000001,0.4300000000000001
btc-updown-15m-1768563000,-7.15,false,0.010000000000000007,0.020000000000000014,0.020000000000000014,0.04000000000000003,0.06,0.06,0.10000000000000003,0.10000000000000003,0.25000000000000006,0.2700000000000001,0.29
btc-updown-15m-1768564800,2.76,true,0,0,0,0.010000000000000007,0.02999999999999997,0.03999999999999998,0.03999999999999998,0.04999999999999999,0.21999999999999997,0.31000000000000005,0.32999999999999996
btc-updown-15m-1768565700,2.85,true,0,0,0.009999999999999952,0.03999999999999998,0.04999999999999999,0.09000000000000002,0.11,0.15999999999999998,0.16999999999999998,0.21,0.31999999999999995
btc-updown-15m-1768568400,-7.15,false,0,0,0,0,0.03999999999999998,0.12,0.20999999999999996,0.20999999999999996,0.29,0.36999999999999994,0.36999999999999994
btc-updown-15m-1768569300,-6.65,false,0,0,0,0.030000000000000027,0.04000000000000003,0.04999999999999999,0.06,0.06,0.2,0.26000000000000006,0.31
btc-updown-15m-1768570200,2.07,true,0,0,0,0,0.010000000000000007,0.03,0.14,0.14,0.23,0.25,0.43999999999999995
btc-updown-15m-1768571100,2.17,true,0,0.010000000000000007,0.020000000000000014,0.03,0.07999999999999999,0.07999999999999999,0.07999999999999999,0.18000000000000002,0.25,0.25,0.25
btc-updown-15m-1768572000,-7.54,false,0,0,0.010000000000000007,0.09000000000000002,0.09000000000000002,0.09000000000000002,0.14,0.2,0.24999999999999997,0.35,0.4
btc-updown-15m-1768572900,-6.75,false,0.010000000000000007,0.010000000000000007,0.010000000000000007,0.07,0.11,0.11,0.12000000000000002,0.12000000000000002,0.14,0.2,0.24
btc-updown-15m-1768573800,3.15,true,0.010000000000000007,0.020000000000000014,0.020000000000000014,0.07,0.07,0.10000000000000003,0.13,0.13,0.25,0.25,0.25
btc-updown-15m-1768574700,-7.15,false,0.009999999999999952,0.009999999999999952,0.009999999999999952,0.01999999999999996,0.06999999999999998,0.06999999999999998,0.09999999999999998,0.09999999999999998,0.09999999999999998,0.09999999999999998,0.11
btc-updown-15m-1768575600,2.36,true,0.00999999999999998,0.03999999999999998,0.03999999999999998,0.03999999999999998,0.09999999999999998,0.13,0.16999999999999998,0.20999999999999996,0.20999999999999996,0.33,0.46
btc-updown-15m-1768577400,2.17,true,0,0.04000000000000001,0.12000000000000002,0.12999999999999998,0.12999999999999998,0.12999999999999998,0.14,0.18999999999999995,0.28,0.35,0.39
btc-updown-15m-1768578300,-7.93,false,0,0.010000000000000007,0.010000000000000007,0.020000000000000014,0.07999999999999999,0.1,0.17,0.17,0.17,0.30000000000000004,0.4300000000000001
btc-updown-15m-1768579200,2.66,true,0,0,0,0,0.010000000000000007,0.03999999999999998,0.13,0.16999999999999998,0.21999999999999997,0.32999999999999996,0.32999999999999996
btc-updown-15m-1768580100,2.26,true,0,0.01999999999999999,0.01999999999999999,0.06999999999999998,0.11999999999999995,0.11999999999999995,0.12999999999999998,0.24999999999999997,0.33000000000000007,0.4,0.49
btc-updown-15m-1768581000,-7.06,false,0,0.010000000000000007,0.01999999999999996,0.01999999999999996,0.06999999999999998,0.1,0.15000000000000002,0.15000000000000002,0.16,0.16,0.29000000000000004
btc-updown-15m-1768581900,-6.95,false,0,0,0.010000000000000007,0.010000000000000007,0.04000000000000003,0.06999999999999995,0.13999999999999996,0.13999999999999996,0.20999999999999996,0.20999999999999996,0.23
btc-updown-15m-1768582800,3.25,true,0.010000000000000007,0.010000000000000007,0.04000000000000003,0.04000000000000003,0.04000000000000003,0.04000000000000003,0.06,0.09000000000000002,0.14,0.14,0.14
btc-updown-15m-1768583700,-7.64,false,0,0.00999999999999998,0.00999999999999998,0.03999999999999998,0.04999999999999999,0.04999999999999999,0.12,0.13,0.18,0.29,0.29
btc-updown-15m-1768584600,2.56,true,0,0,0,0,0.02999999999999997,0.02999999999999997,0.06,0.08000000000000002,0.08000000000000002,0.23,0.23
btc-updown-15m-1768585500,-6.85,false,0,0,0,0,0.010000000000000007,0.010000000000000007,0.030000000000000027,0.09000000000000002,0.21,0.31999999999999995,0.31999999999999995
btc-updown-15m-1768586400,-6.55,false,0,0,0,0.03999999999999998,0.03999999999999998,0.03999999999999998,0.04999999999999999,0.07,0.19,0.27999999999999997,0.36
btc-updown-15m-1768587300,2.76,true,0,0.010000000000000007,0.060000000000000026,0.060000000000000026,0.060000000000000026,0.060000000000000026,0.11,0.11,0.11,0.17999999999999997,0.23999999999999996
btc-updown-15m-1768588200,2.76,true,0.01999999999999996,0.01999999999999996,0.01999999999999996,0.01999999999999996,0.02999999999999997,0.02999999999999997,0.08999999999999997,0.13,0.23999999999999996,0.31999999999999995,0.31999999999999995
btc-updown-15m-1768589100,2.46,true,0,0.010000000000000007,0.010000000000000007,0.04000000000000001,0.060000000000000026,0.14,0.24,0.24,0.33000000000000007,0.4,0.4300000000000001
btc-updown-15m-1768590000,2.07,true,0.00999999999999998,0.04999999999999999,0.04999999999999999,0.08000000000000002,0.08000000000000002,0.11,0.2,0.2,0.2,0.31,0.3799999999999999
btc-updown-15m-1768590900,1.97,true,0,0,0,0.00999999999999998,0.00999999999999998,0.00999999999999998,0.00999999999999998,0.01999999999999999,0.21999999999999997,0.36000000000000004,0.36000000000000004
btc-updown-15m-1768592700,3.25,true,0,0.020000000000000014,0.04000000000000003,0.12000000000000002,0.13,0.13,0.18000000000000002,0.2,0.23,0.3,0.3
btc-updown-15m-1768594500,2.36,true,0.010000000000000007,0.010000000000000007,0.010000000000000007,0.04999999999999999,0.10000000000000003,0.11,0.12,0.12,0.19,0.32000000000000006,0.32000000000000006
btc-updown-15m-1768595400,2.36,true,0.020000000000000014,0.020000000000000014,0.03999999999999998,0.04999999999999999,0.08000000000000002,0.08000000000000002,0.13,0.13,0.31000000000000005,0.31000000000000005,0.31000000000000005
btc-updown-15m-1768596300,3.05,true,0,0.020000000000000014,0.020000000000000014,0.02999999999999997,0.04999999999999999,0.06999999999999995,0.15999999999999998,0.15999999999999998,0.31999999999999995,0.32999999999999996,0.32999999999999996
btc-updown-15m-1768599900,3.15,true,0,0,0.020000000000000014,0.030000000000000027,0.030000000000000027,0.04000000000000003,0.10000000000000003,0.2,0.27999999999999997,0.27999999999999997,0.27999999999999997
btc-updown-15m-1768600800,2.76,true,0.009999999999999952,0.009999999999999952,0.009999999999999952,0.009999999999999952,0.009999999999999952,0.02999999999999997,0.11,0.12999999999999998,0.31999999999999995,0.4099999999999999,0.41999999999999993
btc-updown-15m-1768601700,3.25,true,0,0,0.010000000000000007,0.010000000000000007,0.020000000000000014,0.020000000000000014,0.07,0.07,0.09999999999999998,0.2,0.27999999999999997
btc-updown-15m-1768603500,3.25,true,0,0,0,0.020000000000000014,0.030000000000000027,0.030000000000000027,0.2700000000000001,0.2700000000000001,0.2700000000000001,0.2700000000000001,0.39000000000000007
btc-updown-15m-1768604400,-6.85,false,0.010000000000000007,0.010000000000000007,0.010000000000000007,0.020000000000000014,0.030000000000000027,0.030000000000000027,0.08000000000000002,0.09999999999999998,0.14,0.15999999999999998,0.15999999999999998
btc-updown-15m-1768605300,-6.85,false,0.020000000000000014,0.020000000000000014,0.020000000000000014,0.04000000000000003,0.06,0.06,0.13,0.13999999999999996,0.19,0.21999999999999997,0.21999999999999997
btc-updown-15m-1768606200,2.26,true,0,0,0.00999999999999998,0.00999999999999998,0.00999999999999998,0.01999999999999999,0.15,0.18999999999999995,0.31000000000000005,0.32000000000000006,0.32000000000000006
btc-updown-15m-1768608000,2.26,true,0,0,0.00999999999999998,0.01999999999999999,0.03,0.03,0.07999999999999999,0.30999999999999994,0.45,0.5299999999999999,0.5299999999999999
btc-updown-15m-1768608900,3.15,true,0,0,0,0,0,0,0.13,0.15000000000000002,0.15999999999999998,0.21,0.21
btc-updown-15m-1768609800,3.35,true,0,0,0,0,0.009999999999999952,0.009999999999999952,0.08999999999999997,0.11,0.11,0.12,0.12
btc-updown-15m-1768610700,-7.24,false,0,0,0,0.009999999999999952,0.01999999999999996,0.03999999999999998,0.03999999999999998,0.04999999999999999,0.09999999999999998,0.12,0.32999999999999996
btc-updown-15m-1768611600,-7.15,false,0,0,0,0.01999999999999996,0.02999999999999997,0.02999999999999997,0.02999999999999997,0.02999999999999997,0.08000000000000002,0.28,0.28
btc-updown-15m-1768612500,3.45,true,0,0,0,0,0,0,0.01999999999999996,0.09999999999999998,0.11,0.2,0.2
btc-updown-15m-1768613400,2.66,true,0,0.010000000000000007,0.07,0.08000000000000002,0.08000000000000002,0.08000000000000002,0.38,0.42,0.42,0.42,0.42
btc-updown-15m-1768614300,-6.95,false,0,0.010000000000000007,0.020000000000000014,0.020000000000000014,0.020000000000000014,0.030000000000000027,0.030000000000000027,0.04000000000000003,0.21999999999999997,0.21999999999999997,0.21999999999999997
btc-updown-15m-1768615200,2.76,true,0.010000000000000007,0.010000000000000007,0.010000000000000007,0.01999999999999996,0.01999999999999996,0.02999999999999997,0.04999999999999999,0.04999999999999999,0.23,0.37,0.45
btc-updown-15m-1768616100,3.05,true,0,0.010000000000000007,0.010000000000000007,0.010000000000000007,0.020000000000000014,0.04999999999999999,0.13,0.13,0.23000000000000004,0.36000000000000004,0.36000000000000004
btc-updown-15m-1768617000,-7.05,false,0,0,0,0,0.010000000000000007,0.010000000000000007,0.010000000000000007,0.030000000000000027,0.030000000000000027,0.07999999999999996,0.13999999999999996
btc-updown-15m-1768618800,2.17,true,0,0,0,0,0.010000000000000007,0.010000000000000007,0.010000000000000007,0.010000000000000007,0.21999999999999997,0.29,0.34
btc-updown-15m-1768619700,-7.05,false,0,0.010000000000000007,0.010000000000000007,0.01999999999999996,0.06,0.06,0.08999999999999997,0.21999999999999997,0.24,0.25,0.38
btc-updown-15m-1768621500,2.56,true,0,0.020000000000000014,0.020000000000000014,0.11,0.11,0.11,0.18,0.19,0.30000000000000004,0.4,0.4300000000000001
btc-updown-15m-1768622400,3.25,true,0,0,0.010000000000000007,0.020000000000000014,0.04000000000000003,0.06,0.16999999999999998,0.16999999999999998,0.18,0.18,0.18
btc-updown-15m-1768623300,-8.03,false,0,0.00999999999999998,0.00999999999999998,0.00999999999999998,0.06,0.06,0.06,0.06,0.07,0.11,0.15999999999999998
btc-updown-15m-1768624200,-6.85,false,0,0,0,0,0,0.010000000000000007,0.020000000000000014,0.09000000000000002,0.09000000000000002,0.09000000000000002,0.11
btc-updown-15m-1768626000,-7.24,false,0,0,0,0,0.01999999999999996,0.02999999999999997,0.09999999999999998,0.12,0.12,0.12,0.12
btc-updown-15m-1768626900,3.25,true,0.010000000000000007,0.010000000000000007,0.010000000000000007,0.020000000000000014,0.030000000000000027,0.04000000000000003,0.16000000000000003,0.23,0.24999999999999997,0.28,0.29000000000000004
btc-updown-15m-1768629600,2.36,true,0,0.03,0.03,0.03,0.03,0.03,0.04999999999999999,0.04999999999999999,0.06999999999999998,0.19000000000000003,0.21
btc-updown-15m-1768630500,2.95,true,0,0,0,0,0.010000000000000007,0.03999999999999998,0.14,0.19,0.20999999999999996,0.20999999999999996,0.20999999999999996
btc-updown-15m-1768631400,2.66,true,0,0,0,0,0.010000000000000007,0.010000000000000007,0.010000000000000007,0.020000000000000014,0.10000000000000003,0.16999999999999998,0.19
btc-updown-15m-1768632300,2.85,true,0,0,0,0,0.05999999999999997,0.06999999999999998,0.14,0.15,0.17999999999999997,0.22,0.23999999999999996
btc-updown-15m-1768634100,2.76,true,0,0.009999999999999952,0.009999999999999952,0.009999999999999952,0.04999999999999999,0.06999999999999998,0.22,0.22,0.24999999999999997,0.27,0.27
btc-updown-15m-1768635000,3.05,true,0,0,0,0,0.010000000000000007,0.010000000000000007,0.030000000000000027,0.07,0.12,0.16999999999999998,0.21
btc-updown-15m-1768635900,3.05,true,0,0.03999999999999998,0.03999999999999998,0.03999999999999998,0.03999999999999998,0.08999999999999997,0.21999999999999997,0.21999999999999997,0.29,0.29,0.29
btc-updown-15m-1768636800,2.95,true,0,0.010000000000000007,0.010000000000000007,0.07,0.08000000000000002,0.08000000000000002,0.14999999999999997,0.14999999999999997,0.25,0.53,0.53
btc-updown-15m-1768637700,3.15,true,0,0.010000000000000007,0.010000000000000007,0.010000000000000007,0.010000000000000007,0.010000000000000007,0.06,0.13,0.24000000000000005,0.24000000000000005,0.24000000000000005
btc-updown-15m-1768638600,-6.75,false,0,0,0,0,0.01999999999999996,0.01999999999999996,0.03999999999999998,0.04999999999999999,0.23000000000000004,0.23000000000000004,0.23000000000000004
btc-updown-15m-1768639500,2.17,true,0,0,0,0,0.010000000000000007,0.010000000000000007,0.01999999999999999,0.01999999999999999,0.07999999999999999,0.12000000000000002,0.16
btc-updown-15m-1768641300,-7.54,false,0.010000000000000007,0.010000000000000007,0.010000000000000007,0.020000000000000014,0.05000000000000002,0.060000000000000026,0.060000000000000026,0.07,0.08000000000000002,0.18,0.31
btc-updown-15m-1768642200,-7.64,false,0,0,0,0.00999999999999998,0.01999999999999999,0.03,0.03,0.1,0.27,0.30000000000000004,0.30000000000000004
btc-updown-15m-1768644000,2.26,true,0,0.010000000000000007,0.010000000000000007,0.010000000000000007,0.020000000000000014,0.020000000000000014,0.060000000000000026,0.07000000000000003,0.07999999999999999,0.35,0.38
btc-updown-15m-1768644900,2.17,true,0,0.03,0.03,0.03,0.04000000000000001,0.11,0.14,0.16,0.29000000000000004,0.30000000000000004,0.30000000000000004
btc-updown-15m-1768645800,2.56,true,0,0,0.010000000000000007,0.010000000000000007,0.020000000000000014,0.020000000000000014,0.04999999999999999,0.11,0.28,0.28,0.28
btc-updown-15m-1768646700,2.95,true,0,0,0,0.010000000000000007,0.010000000000000007,0.02999999999999997,0.02999999999999997,0.02999999999999997,0.12999999999999998,0.29000000000000004,0.32000000000000006
btc-updown-15m-1768647600,-7.15,false,0,0,0.010000000000000007,0.020000000000000014,0.030000000000000027,0.030000000000000027,0.10000000000000003,0.10000000000000003,0.32,0.35000000000000003,0.38000000000000006
btc-updown-15m-1768650300,-6.95,false,0,0.010000000000000007,0.010000000000000007,0.020000000000000014,0.020000000000000014,0.020000000000000014,0.020000000000000014,0.04999999999999999,0.14,0.16000000000000003,0.16000000000000003
btc-updown-15m-1768651200,-7.93,false,0,0,0.010000000000000007,0.03999999999999998,0.03999999999999998,0.03999999999999998,0.03999999999999998,0.07,0.08000000000000002,0.09999999999999998,0.25
btc-updown-15m-1768652100,2.26,true,0,0,0,0,0.010000000000000007,0.03,0.03,0.04000000000000001,0.07,0.56,0.56
btc-updown-15m-1768653900,2.76,true,0,0,0,0,0.03999999999999998,0.07999999999999996,0.12,0.12,0.15999999999999998,0.16999999999999998,0.16999999999999998
btc-updown-15m-1768654800,3.25,true,0,0.010000000000000007,0.010000000000000007,0.010000000000000007,0.020000000000000014,0.030000000000000027,0.19000000000000003,0.2,0.2,0.29,0.3
btc-updown-15m-1768656600,-6.55,false,0.009999999999999952,0.009999999999999952,0.009999999999999952,0.009999999999999952,0.009999999999999952,0.01999999999999996,0.09999999999999998,0.11,0.26999999999999996,0.32,0.32
btc-updown-15m-1768657500,-7.24,false,0,0.010000000000000007,0.010000000000000007,0.04000000000000003,0.060000000000000026,0.08000000000000002,0.18,0.37,0.41,0.41,0.41
btc-updown-15m-1768658400,2.46,true,0,0,0,0.010000000000000007,0.010000000000000007,0.010000000000000007,0.11,0.14,0.14,0.14,0.15000000000000002
btc-updown-15m-1768659300,-7.44,false,0,0,0.02999999999999997,0.03999999999999998,0.04999999999999999,0.06,0.12,0.32999999999999996,0.35,0.35,0.35
btc-updown-15m-1768661100,2.56,true,0,0,0,0.010000000000000007,0.07,0.08000000000000002,0.13,0.13,0.2,0.21,0.30000000000000004
btc-updown-15m-1768662000,2.46,true,0.010000000000000007,0.010000000000000007,0.010000000000000007,0.03999999999999998,0.03999999999999998,0.08999999999999997,0.09999999999999998,0.18,0.18,0.34,0.41
btc-updown-15m-1768662900,-7.05,false,0,0,0.01999999999999996,0.04999999999999999,0.06999999999999995,0.06999999999999995,0.18999999999999995,0.20999999999999996,0.3,0.33999999999999997,0.35
btc-updown-15m-1768663800,2.36,true,0,0.020000000000000014,0.020000000000000014,0.020000000000000014,0.030000000000000027,0.08000000000000002,0.15000000000000002,0.21,0.22000000000000003,0.24,0.29000000000000004
btc-updown-15m-1768664700,2.46,true,0,0.010000000000000007,0.010000000000000007,0.010000000000000007,0.04000000000000001,0.04000000000000001,0.09,0.1,0.12,0.12,0.16999999999999998
btc-updown-15m-1768665600,2.46,true,0,0,0.030000000000000027,0.09000000000000002,0.09999999999999998,0.09999999999999998,0.11,0.13,0.16999999999999998,0.16999999999999998,0.16999999999999998
btc-updown-15m-1768666500,-6.85,false,0,0,0,0.010000000000000007,0.010000000000000007,0.020000000000000014,0.06,0.06,0.12,0.12,0.24000000000000005
btc-updown-15m-1768668300,2.36,true,0.010000000000000007,0.07,0.07,0.11,0.11,0.11,0.16999999999999998,0.32000000000000006,0.41,0.45,0.45
btc-updown-15m-1768669200,2.36,true,0.00999999999999998,0.00999999999999998,0.00999999999999998,0.01999999999999999,0.03,0.1,0.15,0.22,0.27,0.27,0.27
btc-updown-15m-1768670100,2.76,true,0,0.010000000000000007,0.010000000000000007,0.010000000000000007,0.060000000000000026,0.12000000000000002,0.18999999999999995,0.18999999999999995,0.41,0.41,0.41
btc-updown-15m-1768671000,2.76,true,0,0.010000000000000007,0.010000000000000007,0.020000000000000014,0.030000000000000027,0.03999999999999998,0.15999999999999998,0.15999999999999998,0.30000000000000004,0.30000000000000004,0.30000000000000004
btc-updown-15m-1768671900,2.66,true,0,0.010000000000000007,0.010000000000000007,0.010000000000000007,0.01999999999999996,0.04999999999999999,0.07,0.07999999999999996,0.19,0.23,0.23
btc-updown-15m-1768672800,2.56,true,0,0,0.010000000000000007,0.07,0.07,0.07,0.09999999999999998,0.15999999999999998,0.15999999999999998,0.29000000000000004,0.29000000000000004
btc-updown-15m-1768673700,3.25,true,0.020000000000000014,0.04999999999999999,0.04999999999999999,0.04999999999999999,0.06,0.06,0.07999999999999996,0.07999999999999996,0.12999999999999995,0.13999999999999996,0.15999999999999998
btc-updown-15m-1768675500,3.15,true,0,0,0.010000000000000007,0.030000000000000027,0.030000000000000027,0.06,0.07,0.07,0.07,0.14,0.2
btc-updown-15m-1768677300,3.05,true,0,0.010000000000000007,0.020000000000000014,0.030000000000000027,0.030000000000000027,0.030000000000000027,0.09000000000000002,0.15999999999999998,0.19,0.21,0.23000000000000004
btc-updown-15m-1768678200,-7.54,false,0,0,0,0,0.01999999999999999,0.03,0.07,0.21999999999999997,0.27,0.27999999999999997,0.29
btc-updown-15m-1768680900,3.15,true,0,0.010000000000000007,0.010000000000000007,0.020000000000000014,0.030000000000000027,0.030000000000000027,0.06,0.06,0.15000000000000002,0.16999999999999998,0.19
btc-updown-15m-1768681800,2.85,true,0,0,0,0,0,0,0.01999999999999996,0.01999999999999996,0.11,0.14,0.2
btc-updown-15m-1768683600,3.35,true,0,0,0,0,0.010000000000000007,0.010000000000000007,0.02999999999999997,0.02999999999999997,0.06,0.07999999999999996,0.27999999999999997
btc-updown-15m-1768684500,2.85,true,0,0,0,0.01999999999999996,0.03999999999999998,0.03999999999999998,0.11999999999999995,0.12999999999999998,0.12999999999999998,0.30000000000000004,0.31999999999999995
btc-updown-15m-1768685400,2.66,true,0.010000000000000007,0.010000000000000007,0.010000000000000007,0.02999999999999997,0.03999999999999998,0.07,0.09,0.09,0.09,0.09,0.2
btc-updown-15m-1768686300,2.28,true,0.00999999999999998,0.00999999999999998,0.00999999999999998,0.00999999999999998,0.05000000000000002,0.05000000000000002,0.21,0.22,0.23,0.23,0.23
btc-updown-15m-1768687200,2.85,true,0,0,0,0.020000000000000014,0.030000000000000027,0.06,0.09000000000000002,0.13,0.14,0.22000000000000003,0.24000000000000005
btc-updown-15m-1768688100,-7.83,false,0.05000000000000002,0.05000000000000002,0.05000000000000002,0.05000000000000002,0.05000000000000002,0.05000000000000002,0.15000000000000002,0.15000000000000002,0.15000000000000002,0.15000000000000002,0.15000000000000002
btc-updown-15m-1768689000,2.56,true,0.010000000000000007,0.020000000000000014,0.02999999999999997,0.04999999999999999,0.06,0.06,0.09999999999999998,0.15999999999999998,0.18,0.2,0.24
btc-updown-15m-1768690800,2.46,true,0,0.010000000000000007,0.020000000000000014,0.030000000000000027,0.04999999999999999,0.09999999999999998,0.16999999999999998,0.16999999999999998,0.35,0.35,0.35
btc-updown-15m-1768691700,2.46,true,0,0,0,0.030000000000000027,0.08000000000000002,0.08000000000000002,0.11,0.11,0.25,0.26,0.26
btc-updown-15m-1768692600,2.76,true,0.04000000000000003,0.04000000000000003,0.05000000000000002,0.060000000000000026,0.08000000000000002,0.08000000000000002,0.19,0.2,0.2,0.27999999999999997,0.29
btc-updown-15m-1768693500,2.95,true,0,0,0,0.010000000000000007,0.020000000000000014,0.04000000000000003,0.07,0.11000000000000004,0.23000000000000004,0.23000000000000004,0.23000000000000004
btc-updown-15m-1768694400,-7.15,false,0,0,0.009999999999999952,0.02999999999999997,0.08999999999999997,0.11,0.16999999999999998,0.34,0.34,0.34,0.34
btc-updown-15m-1768695300,3.35,true,0,0,0,0.009999999999999952,0.009999999999999952,0.02999999999999997,0.02999999999999997,0.06999999999999995,0.07999999999999996,0.23,0.23
btc-updown-15m-1768696200,-6.75,false,0,0,0,0,0.010000000000000007,0.020000000000000014,0.16999999999999998,0.21,0.31000000000000005,0.31000000000000005,0.31000000000000005
btc-updown-15m-1768697100,2.85,true,0,0.009999999999999952,0.009999999999999952,0.04999999999999999,0.06999999999999998,0.06999999999999998,0.17,0.28,0.29000000000000004,0.29000000000000004,0.36
btc-updown-15m-1768698000,2.76,true,0.020000000000000014,0.030000000000000027,0.04000000000000003,0.04000000000000003,0.04000000000000003,0.04000000000000003,0.15000000000000002,0.2,0.2,0.29000000000000004,0.29000000000000004
btc-updown-15m-1768698900,2.36,true,0,0.01999999999999999,0.04000000000000001,0.04000000000000001,0.04000000000000001,0.060000000000000026,0.17,0.18999999999999995,0.26,0.26,0.26
btc-updown-15m-1768699800,2.85,true,0,0,0,0,0.009999999999999952,0.03999999999999998,0.12999999999999995,0.13999999999999996,0.14999999999999997,0.27,0.47
btc-updown-15m-1768700700,2.07,true,0,0.00999999999999998,0.00999999999999998,0.00999999999999998,0.00999999999999998,0.00999999999999998,0.03,0.06,0.39,0.42,0.45
btc-updown-15m-1768701600,2.46,true,0,0,0,0,0.020000000000000014,0.04000000000000001,0.09,0.11,0.12000000000000002,0.16,0.16
btc-updown-15m-1768702500,-7.54,false,0,0,0,0.020000000000000014,0.030000000000000027,0.030000000000000027,0.09000000000000002,0.09000000000000002,0.11,0.17,0.23
btc-updown-15m-1768705200,2.46,true,0.010000000000000007,0.01999999999999999,0.01999999999999999,0.06999999999999998,0.06999999999999998,0.06999999999999998,0.07999999999999999,0.16,0.21,0.23999999999999996,0.23999999999999996
btc-updown-15m-1768706100,2.76,true,0,0.009999999999999952,0.009999999999999952,0.009999999999999952,0.02999999999999997,0.03999999999999998,0.09999999999999998,0.11,0.30999999999999994,0.35,0.35
btc-updown-15m-1768707000,3.05,true,0.010000000000000007,0.010000000000000007,0.010000000000000007,0.010000000000000007,0.010000000000000007,0.010000000000000007,0.07,0.07,0.08000000000000002,0.15000000000000002,0.24000000000000005
btc-updown-15m-1768707900,-7.15,false,0.010000000000000007,0.010000000000000007,0.010000000000000007,0.010000000000000007,0.030000000000000027,0.03999999999999998,0.12,0.28,0.28,0.29999999999999993,0.37
btc-updown-15m-1768708800,3.25,true,0,0.010000000000000007,0.010000000000000007,0.010000000000000007,0.010000000000000007,0.030000000000000027,0.06,0.12,0.2,0.23,0.24
btc-updown-15m-1768709700,2.36,true,0,0,0,0,0,0.04000000000000001,0.05000000000000002,0.09,0.16,0.16,0.21
btc-updown-15m-1768710600,2.46,true,0,0,0.010000000000000007,0.010000000000000007,0.010000000000000007,0.010000000000000007,0.020000000000000014,0.020000000000000014,0.1,0.22,0.33000000000000007
btc-updown-15m-1768712400,-7.24,false,0,0,0.009999999999999952,0.01999999999999996,0.01999999999999996,0.01999999999999996,0.01999999999999996,0.01999999999999996,0.13,0.21999999999999997,0.25
btc-updown-15m-1768713300,-6.55,false,0,0,0,0,0,0,0.009999999999999952,0.01999999999999996,0.04999999999999999,0.12,0.28
btc-updown-15m-1768714200,-7.15,false,0.010000000000000007,0.010000000000000007,0.03999999999999998,0.06,0.06,0.06,0.11,0.15999999999999998,0.31,0.31,0.31
btc-updown-15m-1768715100,3.25,true,0.010000000000000007,0.010000000000000007,0.010000000000000007,0.010000000000000007,0.010000000000000007,0.010000000000000007,0.010000000000000007,0.030000000000000027,0.13,0.16000000000000003,0.24000000000000005
btc-updown-15m-1768716000,3.25,true,0,0,0,0.010000000000000007,0.010000000000000007,0.010000000000000007,0.01999999999999996,0.07999999999999996,0.07999999999999996,0.11,0.14
btc-updown-15m-1768716900,-6.75,false,0.01999999999999996,0.01999999999999996,0.01999999999999996,0.01999999999999996,0.04999999999999999,0.04999999999999999,0.06,0.09000000000000002,0.19,0.19,0.19
btc-updown-15m-1768717800,3.45,true,0,0,0,0.009999999999999952,0.009999999999999952,0.01999999999999996,0.13,0.13,0.18,0.35000000000000003,0.35000000000000003
btc-updown-15m-1768718700,3.15,true,0.030000000000000027,0.030000000000000027,0.030000000000000027,0.030000000000000027,0.030000000000000027,0.030000000000000027,0.04999999999999999,0.06,0.06,0.06,0.11
btc-updown-15m-1768719600,2.85,true,0.020000000000000014,0.020000000000000014,0.020000000000000014,0.030000000000000027,0.04999999999999999,0.11,0.36999999999999994,0.45,0.46,0.46,0.46
btc-updown-15m-1768720500,3.35,true,0,0,0,0,0,0,0.07999999999999996,0.07999999999999996,0.18,0.18,0.18
btc-updown-15m-1768721400,2.17,true,0,0,0.010000000000000007,0.04000000000000001,0.04000000000000001,0.05000000000000002,0.16,0.17,0.24,0.28,0.28
btc-updown-15m-1768722300,-7.15,false,0,0,0,0.04999999999999999,0.04999999999999999,0.04999999999999999,0.04999999999999999,0.04999999999999999,0.12,0.24,0.24
btc-updown-15m-1768724100,3.15,true,0,0,0,0.010000000000000007,0.010000000000000007,0.020000000000000014,0.12,0.12,0.19,0.25999999999999995,0.25999999999999995
btc-updown-15m-1768725000,2.85,true,0.010000000000000007,0.010000000000000007,0.020000000000000014,0.020000000000000014,0.020000000000000014,0.06,0.24,0.27999999999999997,0.36000000000000004,0.36000000000000004,0.36000000000000004
btc-updown-15m-1768725900,2.95,true,0,0,0.010000000000000007,0.010000000000000007,0.030000000000000027,0.04000000000000003,0.08000000000000002,0.13,0.3,0.32,0.34
btc-updown-15m-1768726800,-7.34,false,0.010000000000000007,0.03999999999999998,0.07,0.08999999999999997,0.08999999999999997,0.11999999999999995,0.16999999999999998,0.2,0.35,0.35,0.35
btc-updown-15m-1768727700,2.85,true,0,0,0,0,0,0.010000000000000007,0.11000000000000004,0.17000000000000004,0.31000000000000005,0.31000000000000005,0.31000000000000005
btc-updown-15m-1768728600,3.25,true,0,0.01999999999999996,0.02999999999999997,0.03999999999999998,0.03999999999999998,0.11,0.15,0.17,0.17,0.17,0.29000000000000004
btc-updown-15m-1768729500,2.66,true,0,0,0,0.01999999999999996,0.02999999999999997,0.07,0.08999999999999997,0.11,0.12,0.13,0.14999999999999997
btc-updown-15m-1768731300,3.15,true,0,0.010000000000000007,0.010000000000000007,0.010000000000000007,0.020000000000000014,0.03999999999999998,0.03999999999999998,0.09999999999999998,0.12,0.12,0.12999999999999995
btc-updown-15m-1768732200,3.23,true,0,0,0,0,0.010000000000000007,0.010000000000000007,0.04999999999999999,0.07,0.18,0.18,0.18
btc-updown-15m-1768733100,2.46,true,0,0,0.010000000000000007,0.020000000000000014,0.060000000000000026,0.07999999999999999,0.18999999999999995,0.2,0.21,0.24999999999999997,0.37
btc-updown-15m-1768734000,2.36,true,0,0,0,0.010000000000000007,0.020000000000000014,0.07,0.08000000000000002,0.10000000000000003,0.10000000000000003,0.16000000000000003,0.16000000000000003
btc-updown-15m-1768734900,3.25,true,0,0,0,0.010000000000000007,0.030000000000000027,0.030000000000000027,0.08000000000000002,0.2,0.27999999999999997,0.27999999999999997,0.27999999999999997
btc-updown-15m-1768735800,-7.74,false,0.00999999999999998,0.01999999999999999,0.01999999999999999,0.04000000000000001,0.060000000000000026,0.06999999999999998,0.14,0.15,0.18000000000000002,0.2,0.21
btc-updown-15m-1768736700,2.36,true,0,0,0,0.01999999999999999,0.03,0.03999999999999998,0.04999999999999999,0.06999999999999998,0.14,0.18999999999999995,0.32999999999999996
btc-updown-15m-1768737600,3.25,true,0,0,0.010000000000000007,0.010000000000000007,0.010000000000000007,0.010000000000000007,0.03999999999999998,0.07,0.09999999999999998,0.09999999999999998,0.09999999999999998
btc-updown-15m-1768739400,-6.75,false,0.010000000000000007,0.020000000000000014,0.02999999999999997,0.02999999999999997,0.02999999999999997,0.02999999999999997,0.03999999999999998,0.04999999999999999,0.07,0.09999999999999998,0.26999999999999996
btc-updown-15m-1768740300,2.76,true,0.009999999999999952,0.009999999999999952,0.009999999999999952,0.009999999999999952,0.02999999999999997,0.04999999999999999,0.27,0.27,0.27,0.29000000000000004,0.29000000000000004
btc-updown-15m-1768741200,2.17,true,0.010000000000000007,0.03,0.03,0.09,0.1,0.1,0.16,0.18000000000000002,0.38,0.38,0.38
btc-updown-15m-1768742100,2.17,true,0.010000000000000007,0.01999999999999999,0.01999999999999999,0.01999999999999999,0.03,0.08000000000000002,0.26999999999999996,0.26999999999999996,0.34,0.35000000000000003,0.36000000000000004
btc-updown-15m-1768743000,2.46,true,0.04999999999999999,0.06,0.06,0.06,0.08000000000000002,0.09999999999999998,0.11,0.15000000000000002,0.24,0.24,0.24
btc-updown-15m-1768745700,-7.15,false,0,0,0,0,0.020000000000000014,0.020000000000000014,0.030000000000000027,0.04999999999999999,0.12999999999999995,0.25,0.27
btc-updown-15m-1768746600,-7.64,false,0,0,0,0.00999999999999998,0.03999999999999998,0.03999999999999998,0.04999999999999999,0.07999999999999999,0.09999999999999998,0.09999999999999998,0.09999999999999998
btc-updown-15m-1768747500,2.17,true,0,0,0.010000000000000007,0.01999999999999999,0.04999999999999999,0.04999999999999999,0.09000000000000002,0.09000000000000002,0.12,0.35000000000000003,0.35000000000000003
btc-updown-15m-1768748400,2.56,true,0.010000000000000007,0.010000000000000007,0.010000000000000007,0.010000000000000007,0.05000000000000002,0.060000000000000026,0.13000000000000003,0.32000000000000006,0.39,0.39,0.39
btc-updown-15m-1768749300,3.05,true,0.010000000000000007,0.010000000000000007,0.010000000000000007,0.020000000000000014,0.020000000000000014,0.030000000000000027,0.07,0.07,0.09000000000000002,0.09000000000000002,0.18
btc-updown-15m-1768750200,3.05,true,0,0,0,0.010000000000000007,0.010000000000000007,0.020000000000000014,0.06,0.11,0.12,0.14999999999999997,0.16999999999999998
btc-updown-15m-1768751100,3.15,true,0,0,0.020000000000000014,0.020000000000000014,0.030000000000000027,0.030000000000000027,0.09000000000000002,0.16999999999999998,0.21,0.3,0.34
btc-updown-15m-1768752000,2.1,true,0.04000000000000001,0.04000000000000001,0.05000000000000002,0.060000000000000026,0.060000000000000026,0.08000000000000002,0.14,0.16000000000000003,0.42,0.42,0.55
btc-updown-15m-1768752900,-6.95,false,0.010000000000000007,0.010000000000000007,0.010000000000000007,0.020000000000000014,0.030000000000000027,0.04999999999999999,0.13999999999999996,0.15999999999999998,0.33999999999999997,0.43999999999999995,0.43999999999999995
btc-updown-15m-1768753800,3.05,true,0.010000000000000007,0.010000000000000007,0.010000000000000007,0.030000000000000027,0.030000000000000027,0.030000000000000027,0.21,0.32,0.35000000000000003,0.35000000000000003,0.35000000000000003
btc-updown-15m-1768754700,3.05,true,0,0.010000000000000007,0.010000000000000007,0.010000000000000007,0.020000000000000014,0.020000000000000014,0.030000000000000027,0.21,0.21,0.21,0.21
btc-updown-15m-1768755600,-7.74,false,0,0.03,0.03,0.05000000000000002,0.05999999999999997,0.05999999999999997,0.15,0.22,0.28,0.30000000000000004,0.30000000000000004
btc-updown-15m-1768758300,3.45,true,0,0,0.01999999999999996,0.01999999999999996,0.01999999999999996,0.02999999999999997,0.06,0.09999999999999998,0.16999999999999998,0.16999999999999998,0.16999999999999998
btc-updown-15m-1768759200,2.85,true,0,0,0.009999999999999952,0.009999999999999952,0.009999999999999952,0.03999999999999998,0.15999999999999998,0.16999999999999998,0.16999999999999998,0.19,0.19
btc-updown-15m-1768760100,-7.05,false,0,0,0,0.010000000000000007,0.010000000000000007,0.030000000000000027,0.030000000000000027,0.04999999999999999,0.07999999999999996,0.14999999999999997,0.26999999999999996
btc-updown-15m-1768761000,2.17,true,0.03,0.06999999999999998,0.06999999999999998,0.1,0.11,0.11,0.18999999999999995,0.29000000000000004,0.29000000000000004,0.29000000000000004,0.33000000000000007
btc-updown-15m-1768762800,-6.85,false,0,0,0,0.010000000000000007,0.020000000000000014,0.020000000000000014,0.09999999999999998,0.09999999999999998,0.11,0.19,0.19
btc-updown-15m-1768763700,-6.95,false,0.01999999999999996,0.02999999999999997,0.02999999999999997,0.04999999999999999,0.04999999999999999,0.04999999999999999,0.06,0.06999999999999998,0.23999999999999996,0.33000000000000007,0.4300000000000001
btc-updown-15m-1768764600,-6.85,false,0.010000000000000007,0.010000000000000007,0.010000000000000007,0.04999999999999999,0.04999999999999999,0.04999999999999999,0.07,0.16000000000000003,0.19,0.19,0.19
btc-updown-15m-1768765500,3.15,true,0,0,0,0.020000000000000014,0.020000000000000014,0.020000000000000014,0.07,0.12,0.22,0.22,0.22
btc-updown-15m-1768766400,2.26,true,0,0.01999999999999999,0.03,0.03,0.05000000000000002,0.05000000000000002,0.19000000000000003,0.19000000000000003,0.24,0.24,0.24
btc-updown-15m-1768767300,2.46,true,0.030000000000000027,0.030000000000000027,0.030000000000000027,0.030000000000000027,0.09000000000000002,0.09999999999999998,0.13,0.15999999999999998,0.15999999999999998,0.16999999999999998,0.2
btc-updown-15m-1768768200,2.56,true,0,0,0.020000000000000014,0.020000000000000014,0.04000000000000001,0.04000000000000001,0.05999999999999997,0.27,0.29000000000000004,0.29000000000000004,0.29000000000000004
btc-updown-15m-1768769100,-6.65,false,0,0.01999999999999996,0.01999999999999996,0.01999999999999996,0.02999999999999997,0.02999999999999997,0.03999999999999998,0.03999999999999998,0.21,0.26999999999999996,0.26999999999999996
btc-updown-15m-1768770900,3.15,true,0,0.010000000000000007,0.010000000000000007,0.010000000000000007,0.020000000000000014,0.04999999999999999,0.04999999999999999,0.04999999999999999,0.13999999999999996,0.14999999999999997,0.21999999999999997
btc-updown-15m-1768772700,3.15,true,0,0.010000000000000007,0.010000000000000007,0.020000000000000014,0.020000000000000014,0.020000000000000014,0.08999999999999997,0.08999999999999997,0.09999999999999998,0.14999999999999997,0.15999999999999998
btc-updown-15m-1768773600,3.05,true,0,0.010000000000000007,0.010000000000000007,0.010000000000000007,0.1,0.1,0.13,0.13,0.19,0.31,0.34
btc-updown-15m-1768774500,2.66,true,0,0,0,0,0,0.010000000000000007,0.02999999999999997,0.02999999999999997,0.16999999999999998,0.19,0.19
btc-updown-15m-1768775400,-7.44,false,0.020000000000000014,0.03,0.06,0.08000000000000002,0.08999999999999997,0.14999999999999997,0.16999999999999998,0.16999999999999998,0.18,0.26999999999999996,0.26999999999999996
btc-updown-15m-1768776300,-7.54,false,0,0.010000000000000007,0.010000000000000007,0.010000000000000007,0.08000000000000002,0.09000000000000002,0.11,0.16999999999999998,0.32999999999999996,0.32999999999999996,0.32999999999999996
btc-updown-15m-1768778100,-7.24,false,0.010000000000000007,0.010000000000000007,0.010000000000000007,0.01999999999999996,0.04999999999999999,0.04999999999999999,0.06999999999999998,0.06999999999999998,0.18000000000000002,0.26,0.26
btc-updown-15m-1768779000,-7.05,false,0,0.020000000000000014,0.020000000000000014,0.030000000000000027,0.04000000000000003,0.04999999999999999,0.09000000000000002,0.13,0.17,0.18999999999999995,0.32999999999999996
btc-updown-15m-1768781700,2.17,true,0,0.010000000000000007,0.04000000000000001,0.04000000000000001,0.09,0.11,0.15,0.23,0.29000000000000004,0.41,0.41
btc-updown-15m-1768782600,3.05,true,0.020000000000000014,0.030000000000000027,0.030000000000000027,0.11,0.11,0.11,0.16,0.16,0.33999999999999997,0.36,0.36
btc-updown-15m-1768783500,2.46,true,0,0,0.010000000000000007,0.03999999999999998,0.07,0.07,0.07,0.09999999999999998,0.21,0.21,0.21
btc-updown-15m-1768785300,2.95,true,0.01999999999999996,0.03999999999999998,0.04999999999999999,0.04999999999999999,0.09999999999999998,0.13,0.18,0.20999999999999996,0.3799999999999999,0.42,0.46
btc-updown-15m-1768786200,-7.44,false,0.010000000000000007,0.020000000000000014,0.020000000000000014,0.020000000000000014,0.020000000000000014,0.08000000000000002,0.15999999999999998,0.15999999999999998,0.15999999999999998,0.16999999999999998,0.24
btc-updown-15m-1768787100,-7.48,false,0.010000000000000007,0.020000000000000014,0.020000000000000014,0.030000000000000027,0.03999999999999998,0.03999999999999998,0.11,0.2,0.2,0.27,0.31999999999999995
btc-updown-15m-1768789800,2.46,true,0,0.010000000000000007,0.010000000000000007,0.020000000000000014,0.03999999999999998,0.06,0.11,0.11,0.23,0.23,0.27
btc-updown-15m-1768790700,-7.15,false,0,0,0.010000000000000007,0.01999999999999996,0.07,0.07,0.2,0.28,0.36,0.37,0.37
btc-updown-15m-1768791600,3.54,true,0,0.009999999999999952,0.009999999999999952,0.08999999999999997,0.09999999999999998,0.11,0.14,0.14,0.2,0.2,0.2
btc-updown-15m-1768792500,-6.75,false,0,0.010000000000000007,0.030000000000000027,0.030000000000000027,0.030000000000000027,0.030000000000000027,0.04000000000000003,0.04000000000000003,0.13,0.16000000000000003,0.16999999999999998
btc-updown-15m-1768793400,-6.55,false,0,0.009999999999999952,0.009999999999999952,0.04999999999999999,0.04999999999999999,0.04999999999999999,0.04999999999999999,0.13,0.21,0.23000000000000004,0.35000000000000003
btc-updown-15m-1768794300,2.46,true,0,0,0.010000000000000007,0.010000000000000007,0.08000000000000002,0.09000000000000002,0.15000000000000002,0.18,0.18,0.18,0.21
btc-updown-15m-1768796100,3.25,true,0.01999999999999996,0.01999999999999996,0.01999999999999996,0.01999999999999996,0.06,0.06,0.13,0.13,0.18,0.25000000000000006,0.25000000000000006
btc-updown-15m-1768797000,3.15,true,0,0,0,0.010000000000000007,0.06,0.06,0.12,0.12,0.14,0.20999999999999996,0.26
btc-updown-15m-1768797900,-6.75,false,0,0.010000000000000007,0.010000000000000007,0.010000000000000007,0.030000000000000027,0.030000000000000027,0.04999999999999999,0.04999999999999999,0.08000000000000002,0.29000000000000004,0.29000000000000004
btc-updown-15m-1768798800,-7.34,false,0,0.030000000000000027,0.030000000000000027,0.030000000000000027,0.04000000000000001,0.060000000000000026,0.060000000000000026,0.07,0.08000000000000002,0.13,0.31
btc-updown-15m-1768800600,3.25,true,0.010000000000000007,0.030000000000000027,0.04999999999999999,0.06,0.08000000000000002,0.09000000000000002,0.14,0.15000000000000002,0.19,0.20999999999999996,0.20999999999999996
btc-updown-15m-1768801500,3.45,true,0,0,0.009999999999999952,0.06,0.12999999999999998,0.12999999999999998,0.18000000000000002,0.18000000000000002,0.29000000000000004,0.31999999999999995,0.32999999999999996
btc-updown-15m-1768802400,3.05,true,0.020000000000000014,0.02999999999999997,0.02999999999999997,0.03999999999999998,0.04999999999999999,0.08999999999999997,0.09999999999999998,0.09999999999999998,0.09999999999999998,0.2,0.2
btc-updown-15m-1768803300,2.26,true,0,0,0,0,0.09,0.11,0.11,0.11,0.17,0.31,0.31
btc-updown-15m-1768804200,2.66,true,0.03999999999999998,0.03999999999999998,0.03999999999999998,0.03999999999999998,0.03999999999999998,0.03999999999999998,0.03999999999999998,0.08999999999999997,0.08999999999999997,0.18,0.29000000000000004
btc-updown-15m-1768805100,3.25,true,0,0,0,0,0.020000000000000014,0.030000000000000027,0.15000000000000002,0.16999999999999998,0.16999999999999998,0.16999999999999998,0.16999999999999998
btc-updown-15m-1768807800,3.25,true,0,0.03999999999999998,0.03999999999999998,0.03999999999999998,0.03999999999999998,0.04999999999999999,0.16000000000000003,0.19,0.22000000000000003,0.31000000000000005,0.39
btc-updown-15m-1768808700,3.25,true,0,0,0,0,0.01999999999999996,0.01999999999999996,0.11,0.13,0.2399999999999999,0.33,0.33
btc-updown-15m-1768809600,2.95,true,0.04000000000000003,0.04000000000000003,0.04000000000000003,0.04000000000000003,0.04000000000000003,0.06999999999999995,0.20999999999999996,0.23,0.24,0.32,0.32
btc-updown-15m-1768812300,2.46,true,0,0,0.010000000000000007,0.010000000000000007,0.030000000000000027,0.030000000000000027,0.15000000000000002,0.2,0.2,0.25,0.26
btc-updown-15m-1768813200,2.46,true,0,0,0,0.010000000000000007,0.030000000000000027,0.04000000000000003,0.08000000000000002,0.08000000000000002,0.2,0.25,0.26
btc-updown-15m-1768814100,3.15,true,0,0.010000000000000007,0.030000000000000027,0.03999999999999998,0.03999999999999998,0.04999999999999999,0.08000000000000002,0.08000000000000002,0.2,0.26000000000000006,0.34
btc-updown-15m-1768815000,3.25,true,0.010000000000000007,0.05000000000000005,0.07,0.07,0.07,0.08000000000000002,0.13,0.20999999999999996,0.23,0.32999999999999996,0.32999999999999996
btc-updown-15m-1768815900,1.97,true,0,0,0,0,0.00999999999999998,0.01999999999999999,0.03999999999999998,0.03999999999999998,0.07,0.21999999999999997,0.25
btc-updown-15m-1768816800,1.97,true,0,0,0,0.00999999999999998,0.03999999999999998,0.03999999999999998,0.04999999999999999,0.04999999999999999,0.08000000000000002,0.18,0.25
btc-updown-15m-1768817700,2.85,true,0.010000000000000007,0.010000000000000007,0.010000000000000007,0.010000000000000007,0.010000000000000007,0.06,0.09999999999999998,0.09999999999999998,0.13,0.14999999999999997,0.20999999999999996
btc-updown-15m-1768818600,-7.34,false,0,0.010000000000000007,0.010000000000000007,0.01999999999999996,0.01999999999999996,0.01999999999999996,0.06,0.12,0.27,0.27,0.27
btc-updown-15m-1768819500,3.35,true,0,0,0,0.010000000000000007,0.07,0.07999999999999996,0.12,0.13,0.41999999999999993,0.41999999999999993,0.41999999999999993
btc-updown-15m-1768822200,2.66,true,0,0,0,0.06,0.06,0.07,0.18,0.19999999999999996,0.31999999999999995,0.31999999999999995,0.31999999999999995
btc-updown-15m-1768823100,2.95,true,0,0.010000000000000007,0.010000000000000007,0.010000000000000007,0.010000000000000007,0.06,0.09999999999999998,0.15999999999999998,0.16999999999999998,0.19,0.30999999999999994
btc-updown-15m-1768824900,-7.24,false,0,0.010000000000000007,0.010000000000000007,0.010000000000000007,0.03999999999999998,0.04999999999999999,0.15999999999999998,0.19,0.19,0.19,0.19
btc-updown-15m-1768826700,2.26,true,0,0.00999999999999998,0.04000000000000001,0.05000000000000002,0.05000000000000002,0.05999999999999997,0.17,0.32000000000000006,0.4300000000000001,0.4300000000000001,0.4300000000000001
btc-updown-15m-1768827600,2.95,true,0,0,0,0,0,0.010000000000000007,0.020000000000000014,0.020000000000000014,0.09000000000000002,0.13,0.21
btc-updown-15m-1768829400,1.97,true,0.00999999999999998,0.00999999999999998,0.00999999999999998,0.00999999999999998,0.00999999999999998,0.03999999999999998,0.03999999999999998,0.06,0.08000000000000002,0.19,0.24
btc-updown-15m-1768830300,3.05,true,0,0,0,0.010000000000000007,0.02999999999999997,0.04999999999999999,0.08999999999999997,0.11,0.18,0.26,0.27
btc-updown-15m-1768831200,2.76,true,0.010000000000000007,0.010000000000000007,0.04000000000000003,0.04000000000000003,0.04000000000000003,0.07,0.13,0.13,0.26,0.31000000000000005,0.31000000000000005
btc-updown-15m-1768832100,-6.46,false,0.01999999999999996,0.02999999999999997,0.02999999999999997,0.06999999999999995,0.08999999999999997,0.08999999999999997,0.2,0.20999999999999996,0.31,0.31,0.31
btc-updown-15m-1768833000,-7.05,false,0,0.010000000000000007,0.02999999999999997,0.04999999999999999,0.04999999999999999,0.08000000000000002,0.14,0.14,0.16,0.16,0.18999999999999995
btc-updown-15m-1768833900,2.56,true,0.010000000000000007,0.010000000000000007,0.010000000000000007,0.010000000000000007,0.020000000000000014,0.030000000000000027,0.12000000000000002,0.12000000000000002,0.24999999999999997,0.33000000000000007,0.35
btc-updown-15m-1768835700,2.76,true,0,0,0.009999999999999952,0.009999999999999952,0.01999999999999996,0.01999999999999996,0.08999999999999997,0.09999999999999998,0.19,0.27,0.27
btc-updown-15m-1768836600,2.17,true,0,0,0.010000000000000007,0.010000000000000007,0.09,0.09,0.14,0.23,0.31000000000000005,0.31000000000000005,0.31000000000000005
btc-updown-15m-1768837500,2.56,true,0,0,0,0.010000000000000007,0.020000000000000014,0.020000000000000014,0.15999999999999998,0.19,0.28,0.28,0.28
btc-updown-15m-1768838400,-6.99,false,0.020000000000000014,0.030000000000000027,0.030000000000000027,0.030000000000000027,0.12000000000000002,0.12000000000000002,0.15,0.22,0.23,0.36,0.36
btc-updown-15m-1768839300,2.46,true,0.010000000000000007,0.010000000000000007,0.010000000000000007,0.020000000000000014,0.020000000000000014,0.08000000000000002,0.16999999999999998,0.2,0.2,0.2,0.24
btc-updown-15m-1768840200,2.76,true,0,0,0.02999999999999997,0.02999999999999997,0.02999999999999997,0.02999999999999997,0.08999999999999997,0.15999999999999998,0.15999999999999998,0.27,0.27
btc-updown-15m-1768841100,-7.24,false,0,0.04000000000000003,0.04000000000000003,0.04000000000000003,0.07000000000000003,0.07000000000000003,0.12000000000000002,0.12000000000000002,0.12000000000000002,0.12000000000000002,0.21
btc-updown-15m-1768842000,-7.44,false,0,0,0,0.020000000000000014,0.03999999999999998,0.06,0.2,0.23,0.23,0.23,0.23
btc-updown-15m-1768842900,3.15,true,0.010000000000000007,0.010000000000000007,0.010000000000000007,0.020000000000000014,0.04000000000000003,0.06,0.11,0.11,0.16999999999999998,0.16999999999999998,0.18
btc-updown-15m-1768843800,2.46,true,0.04999999999999999,0.06,0.07999999999999999,0.07999999999999999,0.07999999999999999,0.07999999999999999,0.12999999999999998,0.12999999999999998,0.12999999999999998,0.2,0.31999999999999995
btc-updown-15m-1768844700,2.26,true,0,0,0,0.00999999999999998,0.04000000000000001,0.09,0.16,0.17,0.23,0.29000000000000004,0.29000000000000004
btc-updown-15m-1768845600,2.76,true,0.009999999999999952,0.01999999999999996,0.01999999999999996,0.01999999999999996,0.03999999999999998,0.03999999999999998,0.16,0.18999999999999995,0.41999999999999993,0.45,0.46
btc-updown-15m-1768846500,2.46,true,0,0,0,0.010000000000000007,0.010000000000000007,0.010000000000000007,0.21,0.21,0.25,0.32999999999999996,0.4300000000000001
btc-updown-15m-1768847400,-7.05,false,0,0,0,0,0,0,0.07,0.14,0.18,0.33,0.33
btc-updown-15m-1768848300,3.25,true,0,0,0,0,0,0,0.020000000000000014,0.11,0.3400000000000001,0.3500000000000001,0.3500000000000001
btc-updown-15m-1768849200,2.66,true,0,0,0.010000000000000007,0.010000000000000007,0.020000000000000014,0.020000000000000014,0.020000000000000014,0.02999999999999997,0.03999999999999998,0.11,0.27
btc-updown-15m-1768850100,-6.95,false,0.010000000000000007,0.010000000000000007,0.010000000000000007,0.010000000000000007,0.04999999999999999,0.04999999999999999,0.12,0.13,0.16,0.2,0.30999999999999994
btc-updown-15m-1768851000,3.25,true,0,0.010000000000000007,0.010000000000000007,0.010000000000000007,0.010000000000000007,0.020000000000000014,0.06,0.14999999999999997,0.31,0.3799999999999999,0.3799999999999999
btc-updown-15m-1768851900,2.56,true,0,0.010000000000000007,0.020000000000000014,0.020000000000000014,0.020000000000000014,0.03,0.17999999999999997,0.17999999999999997,0.28,0.28,0.28
btc-updown-15m-1768852800,3.05,true,0.010000000000000007,0.010000000000000007,0.010000000000000007,0.010000000000000007,0.010000000000000007,0.010000000000000007,0.030000000000000027,0.03999999999999998,0.07,0.07,0.1
btc-updown-15m-1768853700,3.15,true,0.020000000000000014,0.030000000000000027,0.030000000000000027,0.03999999999999998,0.04999999999999999,0.07,0.09000000000000002,0.10000000000000003,0.12000000000000002,0.32000000000000006,0.32000000000000006
btc-updown-15m-1768854600,2.56,true,0,0.010000000000000007,0.02999999999999997,0.08999999999999997,0.08999999999999997,0.08999999999999997,0.09999999999999998,0.11,0.18999999999999995,0.18999999999999995,0.18999999999999995
btc-updown-15m-1768855500,-7.24,false,0,0,0.009999999999999952,0.009999999999999952,0.02999999999999997,0.06999999999999995,0.14999999999999997,0.2899999999999999,0.29999999999999993,0.4099999999999999,0.4099999999999999
btc-updown-15m-1768857300,2.85,true,0,0.010000000000000007,0.030000000000000027,0.04000000000000003,0.05000000000000005,0.05000000000000005,0.07,0.11000000000000004,0.18999999999999995,0.27,0.31
btc-updown-15m-1768859100,2.26,true,0.00999999999999998,0.00999999999999998,0.00999999999999998,0.01999999999999999,0.01999999999999999,0.03,0.15,0.24,0.24,0.26,0.30000000000000004
btc-updown-15m-1768860000,-7.24,false,0,0.009999999999999952,0.009999999999999952,0.009999999999999952,0.06,0.07,0.09999999999999998,0.09999999999999998,0.12,0.13,0.13
btc-updown-15m-1768862700,2.95,true,0,0,0.010000000000000007,0.010000000000000007,0.020000000000000014,0.030000000000000027,0.15,0.15,0.27,0.35,0.47
btc-updown-15m-1768863600,2.66,true,0,0.010000000000000007,0.030000000000000027,0.030000000000000027,0.06,0.06,0.13,0.21999999999999997,0.23,0.25,0.29000000000000004
btc-updown-15m-1768864500,-7.15,false,0,0,0,0.009999999999999952,0.02999999999999997,0.03999999999999998,0.08000000000000002,0.08000000000000002,0.08999999999999997,0.23,0.27
btc-updown-15m-1768866300,2.76,true,0.010000000000000007,0.01999999999999996,0.01999999999999996,0.07,0.07,0.07,0.15999999999999998,0.15999999999999998,0.23,0.45,0.45
btc-updown-15m-1768867200,1.97,true,0.00999999999999998,0.00999999999999998,0.00999999999999998,0.00999999999999998,0.04999999999999999,0.13,0.15999999999999998,0.15999999999999998,0.32999999999999996,0.37,0.42999999999999994
btc-updown-15m-1768868100,2.56,true,0,0,0.020000000000000014,0.030000000000000027,0.04999999999999999,0.06,0.06,0.07,0.12,0.15000000000000002,0.27
btc-updown-15m-1768869000,2.76,true,0,0.010000000000000007,0.01999999999999996,0.01999999999999996,0.04999999999999999,0.04999999999999999,0.04999999999999999,0.04999999999999999,0.04999999999999999,0.07999999999999996,0.14999999999999997
btc-updown-15m-1768869900,3.05,true,0,0,0.010000000000000007,0.010000000000000007,0.010000000000000007,0.020000000000000014,0.08000000000000002,0.11,0.12999999999999995,0.25,0.25
btc-updown-15m-1768870800,-7.15,false,0.009999999999999952,0.01999999999999996,0.02999999999999997,0.03999999999999998,0.04999999999999999,0.09,0.09,0.09,0.09,0.26,0.27
btc-updown-15m-1768871700,3.35,true,0.010000000000000007,0.010000000000000007,0.010000000000000007,0.010000000000000007,0.04000000000000003,0.04999999999999999,0.10000000000000003,0.10000000000000003,0.11,0.26000000000000006,0.36000000000000004
btc-updown-15m-1768872600,2.46,true,0,0.010000000000000007,0.010000000000000007,0.010000000000000007,0.06,0.06,0.09000000000000002,0.09000000000000002,0.19,0.2,0.23
btc-updown-15m-1768873500,2.95,true,0,0,0.010000000000000007,0.020000000000000014,0.02999999999999997,0.02999999999999997,0.08999999999999997,0.09999999999999998,0.14,0.28,0.28
btc-updown-15m-1768874400,3.25,true,0.010000000000000007,0.010000000000000007,0.010000000000000007,0.010000000000000007,0.01999999999999996,0.02999999999999997,0.06,0.13,0.15999999999999998,0.18,0.18
btc-updown-15m-1768875300,2.95,true,0,0,0.010000000000000007,0.010000000000000007,0.020000000000000014,0.03999999999999998,0.09999999999999998,0.11,0.14,0.15000000000000002,0.24
btc-updown-15m-1768876200,2.46,true,0,0.010000000000000007,0.010000000000000007,0.010000000000000007,0.010000000000000007,0.03,0.14,0.14,0.14,0.15999999999999998,0.25
btc-updown-15m-1768877100,-7.54,false,0.03,0.03,0.03,0.03,0.04000000000000001,0.05999999999999997,0.14,0.17999999999999997,0.17999999999999997,0.17999999999999997,0.17999999999999997
btc-updown-15m-1768878000,2.95,true,0,0,0.010000000000000007,0.04999999999999999,0.08000000000000002,0.08000000000000002,0.11,0.16999999999999998,0.21999999999999997,0.31000000000000005,0.31000000000000005
btc-updown-15m-1768878900,-7.64,false,0,0.00999999999999998,0.00999999999999998,0.1,0.12999999999999998,0.12999999999999998,0.14,0.14,0.17,0.22,0.23
btc-updown-15m-1768879800,-6.85,false,0,0.010000000000000007,0.020000000000000014,0.020000000000000014,0.06,0.07,0.15000000000000002,0.24,0.32999999999999996,0.32999999999999996,0.32999999999999996
btc-updown-15m-1768880700,2.36,true,0,0,0,0.00999999999999998,0.00999999999999998,0.05999999999999997,0.15000000000000002,0.23,0.3700000000000001,0.4,0.4
btc-updown-15m-1768882500,2.07,true,0,0.060000000000000026,0.1,0.1,0.1,0.1,0.15,0.15,0.23,0.23,0.3400000000000001
btc-updown-15m-1768883400,-7.24,false,0.010000000000000007,0.020000000000000014,0.020000000000000014,0.030000000000000027,0.06999999999999998,0.07999999999999999,0.12999999999999998,0.15999999999999998,0.16999999999999998,0.23,0.33999999999999997
btc-updown-15m-1768887900,-7.05,false,0.09,0.09,0.09,0.11,0.11,0.11,0.24,0.24,0.27999999999999997,0.27999999999999997,0.27999999999999997
btc-updown-15m-1768888800,2.66,true,0.010000000000000007,0.010000000000000007,0.010000000000000007,0.01999999999999996,0.03999999999999998,0.04999999999999999,0.18,0.18,0.25,0.25,0.25
btc-updown-15m-1768891500,2.36,true,0,0.020000000000000014,0.030000000000000027,0.030000000000000027,0.04999999999999999,0.06,0.06,0.13,0.16999999999999998,0.28,0.32000000000000006
btc-updown-15m-1768892400,2.85,true,0,0.009999999999999952,0.02999999999999997,0.02999999999999997,0.06,0.09999999999999998,0.13,0.13,0.24,0.24,0.24
btc-updown-15m-1768896000,2.26,true,0,0,0.04000000000000001,0.05000000000000002,0.09,0.1,0.16,0.23,0.24,0.24,0.24
btc-updown-15m-1768896900,2.07,true,0.03,0.060000000000000026,0.060000000000000026,0.07999999999999999,0.07999999999999999,0.07999999999999999,0.1,0.19000000000000003,0.29000000000000004,0.45000000000000007,0.45000000000000007
btc-updown-15m-1768898700,2.95,true,0,0.010000000000000007,0.010000000000000007,0.010000000000000007,0.04000000000000003,0.04000000000000003,0.12,0.13,0.21,0.26000000000000006,0.27999999999999997
btc-updown-15m-1768899600,2.95,true,0.01999999999999996,0.03999999999999998,0.03999999999999998,0.03999999999999998,0.06999999999999998,0.07999999999999999,0.07999999999999999,0.07999999999999999,0.12000000000000002,0.24999999999999997,0.26
btc-updown-15m-1768901400,2.95,true,0.010000000000000007,0.010000000000000007,0.010000000000000007,0.030000000000000027,0.08000000000000002,0.12,0.19,0.24,0.33999999999999997,0.33999999999999997,0.33999999999999997
btc-updown-15m-1768903200,2.46,true,0.01999999999999999,0.01999999999999999,0.01999999999999999,0.05999999999999997,0.07999999999999999,0.11,0.17999999999999997,0.22,0.41,0.41,0.42
btc-updown-15m-1768904100,2.17,true,0,0,0,0.05000000000000002,0.060000000000000026,0.1,0.15,0.21,0.25,0.28,0.33000000000000007
btc-updown-15m-1768905000,2.26,true,0,0,0.00999999999999998,0.01999999999999999,0.01999999999999999,0.03,0.17,0.17999999999999997,0.17999999999999997,0.17999999999999997,0.17999999999999997
btc-updown-15m-1768905900,2.85,true,0,0.009999999999999952,0.009999999999999952,0.009999999999999952,0.02999999999999997,0.07999999999999999,0.11,0.11,0.22000000000000003,0.41,0.41
btc-updown-15m-1768906800,1.97,true,0,0.13,0.13,0.14,0.14,0.14,0.14,0.14,0.14,0.20999999999999996,0.25
btc-updown-15m-1768907700,-6.85,false,0,0.010000000000000007,0.010000000000000007,0.020000000000000014,0.02999999999999997,0.03999999999999998,0.06,0.11,0.14,0.23000000000000004,0.26000000000000006
btc-updown-15m-1768908600,2.56,true,0,0,0.07,0.07,0.08000000000000002,0.08000000000000002,0.09000000000000002,0.16000000000000003,0.19,0.19,0.19
btc-updown-15m-1768910400,2.07,true,0.010000000000000007,0.01999999999999999,0.01999999999999999,0.08999999999999997,0.11,0.14,0.26,0.26999999999999996,0.36999999999999994,0.36999999999999994,0.36999999999999994
btc-updown-15m-1768913100,2.66,true,0,0,0,0,0.010000000000000007,0.07,0.18,0.19,0.19,0.27,0.28
btc-updown-15m-1768914900,-7.24,false,0,0,0,0.01999999999999996,0.01999999999999996,0.01999999999999996,0.02999999999999997,0.06999999999999998,0.11,0.16,0.23999999999999996
btc-updown-15m-1768915800,2.46,true,0,0,0,0.020000000000000014,0.09000000000000002,0.09999999999999998,0.16999999999999998,0.19,0.26,0.27,0.45000000000000007
btc-updown-15m-1768921200,2.95,true,0,0.010000000000000007,0.020000000000000014,0.030000000000000027,0.06,0.09000000000000002,0.12999999999999998,0.18000000000000002,0.27,0.36,0.38
btc-updown-15m-1768922100,-7.24,false,0.030000000000000027,0.030000000000000027,0.030000000000000027,0.030000000000000027,0.04999999999999999,0.09000000000000002,0.14,0.14,0.37,0.48,0.48
btc-updown-15m-1768923000,-6.55,false,0,0,0,0.01999999999999996,0.02999999999999997,0.02999999999999997,0.08000000000000002,0.09000000000000002,0.09000000000000002,0.16999999999999998,0.16999999999999998
btc-updown-15m-1768923900,-7.15,false,0,0,0.009999999999999952,0.02999999999999997,0.02999999999999997,0.04999999999999999,0.11,0.11,0.21999999999999997,0.23,0.23
btc-updown-15m-1768924800,-7.83,false,0.010000000000000007,0.010000000000000007,0.010000000000000007,0.020000000000000014,0.060000000000000026,0.07999999999999999,0.18000000000000002,0.3400000000000001,0.3400000000000001,0.39,0.39
btc-updown-15m-1768925700,-7.34,false,0,0.010000000000000007,0.01999999999999996,0.01999999999999996,0.03999999999999998,0.07,0.07999999999999999,0.07999999999999999,0.12999999999999998,0.16,0.26
btc-updown-15m-1768927500,2.56,true,0,0.010000000000000007,0.020000000000000014,0.04000000000000001,0.04000000000000001,0.06999999999999998,0.15,0.32000000000000006,0.35,0.35,0.35
btc-updown-15m-1768929300,2.76,true,0,0,0.01999999999999996,0.01999999999999996,0.02999999999999997,0.06,0.09999999999999998,0.09999999999999998,0.09999999999999998,0.11,0.24
btc-updown-15m-1768932000,2.95,true,0,0.010000000000000007,0.01999999999999996,0.04999999999999999,0.04999999999999999,0.04999999999999999,0.06,0.06,0.11,0.11,0.13999999999999996
btc-updown-15m-1768932900,2.46,true,0,0.01999999999999999,0.01999999999999999,0.01999999999999999,0.03,0.06999999999999998,0.2,0.23999999999999996,0.33000000000000007,0.39,0.39
btc-updown-15m-1768933800,2.17,true,0,0,0,0,0.010000000000000007,0.010000000000000007,0.07,0.07,0.37,0.37,0.37
btc-updown-15m-1768934700,-7.34,false,0,0,0.01999999999999996,0.04999999999999999,0.06,0.06,0.12,0.18,0.27,0.31999999999999995,0.31999999999999995
btc-updown-15m-1768935600,2.66,true,0,0.010000000000000007,0.04000000000000001,0.04000000000000001,0.04000000000000001,0.04000000000000001,0.1,0.1,0.23,0.26,0.26
btc-updown-15m-1768936500,-7.05,false,0,0.010000000000000007,0.010000000000000007,0.010000000000000007,0.020000000000000014,0.04000000000000003,0.08000000000000002,0.08000000000000002,0.11,0.13999999999999996,0.26
btc-updown-15m-1768938300,2.46,true,0,0,0.010000000000000007,0.030000000000000027,0.04999999999999999,0.07,0.15000000000000002,0.15000000000000002,0.21,0.24,0.24
btc-updown-15m-1768939200,2.76,true,0,0,0.01999999999999996,0.04999999999999999,0.06,0.06,0.08000000000000002,0.12000000000000002,0.12000000000000002,0.15,0.15
btc-updown-15m-1768945500,2.66,true,0,0.010000000000000007,0.010000000000000007,0.010000000000000007,0.010000000000000007,0.01999999999999996,0.15999999999999998,,,,
btc-updown-15m-1768946400,2.36,true,0,0.00999999999999998,0.01999999999999999,0.03,0.05000000000000002,0.05999999999999997,0.26,,,,
btc-updown-15m-1768947300,3.05,true,0,0,0,0,0.030000000000000027,0.030000000000000027,0.08000000000000002,0.08000000000000002,0.26000000000000006,0.26000000000000006,0.26000000000000006
btc-updown-15m-1768949100,2.46,true,0,0.010000000000000007,0.010000000000000007,0.020000000000000014,0.05000000000000002,0.060000000000000026,0.18000000000000002,0.21,0.31000000000000005,0.32000000000000006,0.32000000000000006
btc-updown-15m-1768950000,2.56,true,0.010000000000000007,0.010000000000000007,0.020000000000000014,0.030000000000000027,0.030000000000000027,0.06,0.11,0.15999999999999998,0.25,0.29000000000000004,0.31999999999999995
btc-updown-15m-1768950900,2.17,true,0,0.010000000000000007,0.010000000000000007,0.04000000000000001,0.05000000000000002,0.07000000000000003,0.12000000000000002,0.18000000000000002,0.30000000000000004,0.4,0.41999999999999993
btc-updown-15m-1768952700,2.26,true,0.010000000000000007,0.010000000000000007,0.010000000000000007,0.01999999999999999,0.03,0.060000000000000026,0.14,0.14,0.27,0.35,0.36
btc-updown-15m-1768953600,-7.64,false,0,0,0,0,0.01999999999999999,0.03,0.06999999999999998,0.11,0.23,0.24,0.32000000000000006
btc-updown-15m-1768954500,-7.05,false,0,0.010000000000000007,0.030000000000000027,0.030000000000000027,0.04000000000000003,0.08000000000000002,0.15999999999999998,0.15999999999999998,0.23999999999999996,0.37,0.42999999999999994
btc-updown-15m-1768956300,2.36,true,0,0,0.020000000000000014,0.04000000000000003,0.09000000000000002,0.11,0.14,0.14,0.2,0.28,0.28
btc-updown-15m-1768957200,2.76,true,0,0,0.010000000000000007,0.03999999999999998,0.04999999999999999,0.04999999999999999,0.12,0.12,0.23,0.26000000000000006,0.30000000000000004
btc-updown-15m-1768958100,2.95,true,0,0.020000000000000014,0.020000000000000014,0.02999999999999997,0.04999999999999999,0.06,0.11,0.11,0.13999999999999996,0.14999999999999997,0.14999999999999997
btc-updown-15m-1768959900,-6.8,false,0,0.010000000000000007,0.010000000000000007,0.010000000000000007,0.02999999999999997,0.02999999999999997,0.07,0.11,0.18,0.18,0.18
btc-updown-15m-1768960800,2.17,true,0.04000000000000001,0.04000000000000001,0.04000000000000001,0.04000000000000001,0.05000000000000002,0.05000000000000002,0.1,0.12000000000000002,0.26,0.29000000000000004,0.29000000000000004
btc-updown-15m-1768961700,2.76,true,0,0,0,0,0.04999999999999999,0.06,0.12,0.16999999999999998,0.31000000000000005,0.31000000000000005,0.31000000000000005
btc-updown-15m-1768962600,2.17,true,0,0,0.010000000000000007,0.03,0.1,0.11,0.23,0.23,0.23,0.23,0.26
btc-updown-15m-1768964400,3.15,true,0.010000000000000007,0.020000000000000014,0.02999999999999997,0.02999999999999997,0.02999999999999997,0.02999999999999997,0.03999999999999998,0.12,0.12,0.31000000000000005,0.31000000000000005
btc-updown-15m-1768965300,2.76,true,0,0,0.010000000000000007,0.030000000000000027,0.05000000000000002,0.05000000000000002,0.21,0.28,0.28,0.28,0.28
btc-updown-15m-1768966200,1.97,true,0,0,0,0,0.07,0.08000000000000002,0.11,0.14,0.3999999999999999,0.41999999999999993,0.46
btc-updown-15m-1768967100,2.07,true,0,0,0,0.01999999999999999,0.03,0.04999999999999999,0.16999999999999998,0.16999999999999998,0.24,0.24,0.24
btc-updown-15m-1768968000,-7.05,false,0,0.06999999999999998,0.06999999999999998,0.06999999999999998,0.11999999999999995,0.11999999999999995,0.16,0.21,0.29000000000000004,0.29000000000000004,0.30000000000000004
btc-updown-15m-1768968900,3.35,true,0,0,0,0.010000000000000007,0.010000000000000007,0.01999999999999996,0.02999999999999997,0.03999999999999998,0.21,0.21,0.21
btc-updown-15m-1768969800,-7.44,false,0,0,0.010000000000000007,0.010000000000000007,0.010000000000000007,0.030000000000000027,0.05000000000000002,0.05000000000000002,0.11,0.27,0.27
btc-updown-15m-1768970700,2.36,true,0,0.06,0.06,0.06,0.07,0.10000000000000003,0.13,0.15000000000000002,0.19,0.22000000000000003,0.23
btc-updown-15m-1768971600,2.95,true,0,0,0,0.030000000000000027,0.04999999999999999,0.04999999999999999,0.09000000000000002,0.09000000000000002,0.11,0.13,0.13999999999999996
btc-updown-15m-1768972500,3.35,true,0,0.020000000000000014,0.030000000000000027,0.030000000000000027,0.04000000000000003,0.04999999999999999,0.06,0.06,0.19,0.26999999999999996,0.31
btc-updown-15m-1768974300,3.35,true,0.010000000000000007,0.030000000000000027,0.06,0.08000000000000002,0.10000000000000003,0.13000000000000003,0.22000000000000003,0.22000000000000003,0.22000000000000003,0.22000000000000003,0.22000000000000003
btc-updown-15m-1768975200,2.26,true,0,0.010000000000000007,0.010000000000000007,0.020000000000000014,0.05000000000000002,0.05000000000000002,0.07999999999999999,0.07999999999999999,0.13000000000000003,0.18000000000000002,0.18000000000000002
btc-updown-15m-1768976100,2.95,true,0,0,0.030000000000000027,0.06,0.06,0.06,0.11000000000000004,0.15000000000000002,0.18,0.18,0.2
btc-updown-15m-1768977000,2.56,true,0,0.02999999999999997,0.02999999999999997,0.03999999999999998,0.03999999999999998,0.03999999999999998,0.12,0.12,0.16,0.16,0.21
btc-updown-15m-1768977900,-6.95,false,0.03999999999999998,0.06,0.06,0.06,0.09,0.09,0.15,0.15,0.21,0.26,0.32999999999999996
btc-updown-15m-1768979700,2.07,true,0,0.010000000000000007,0.03,0.03,0.04000000000000001,0.05000000000000002,0.05000000000000002,0.16,0.17,0.21,0.24
btc-updown-15m-1768983300,2.36,true,0,0,0,0,0.020000000000000014,0.020000000000000014,0.04000000000000003,0.04000000000000003,0.10000000000000003,0.10000000000000003,0.13
btc-updown-15m-1768984200,-7.05,false,0,0,0,0,0.04000000000000003,0.04999999999999999,0.06,0.06,0.12,0.2,0.24000000000000005
btc-updown-15m-1768985100,2.95,true,0,0,0,0,0,0.020000000000000014,0.08000000000000002,0.10000000000000003,0.16000000000000003,0.16000000000000003,0.16000000000000003
btc-updown-15m-1768986000,2.36,true,0,0,0.01999999999999999,0.03,0.04000000000000001,0.07999999999999999,0.17,0.22,0.37,0.37,0.37
btc-updown-15m-1768986900,2.56,true,0.020000000000000014,0.05000000000000002,0.05000000000000002,0.05000000000000002,0.08999999999999997,0.12,0.16999999999999998,0.16999999999999998,0.25,0.25,0.25
btc-updown-15m-1768987800,2.95,true,0,0,0.010000000000000007,0.010000000000000007,0.04999999999999999,0.04999999999999999,0.09999999999999998,0.09999999999999998,0.33999999999999997,0.42,0.42
btc-updown-15m-1768990500,2.26,true,0,0,0,0,0.07999999999999999,0.11,0.12999999999999998,0.12999999999999998,0.17,0.21,0.28
btc-updown-15m-1768993200,-7.15,false,0,0.010000000000000007,0.010000000000000007,0.010000000000000007,0.010000000000000007,0.06,0.09,0.09,0.13000000000000003,0.14,0.26
btc-updown-15m-1768994100,2.21,true,0,0,0,0.12000000000000002,0.12000000000000002,0.12999999999999998,0.27,0.28,0.31000000000000005,0.39,0.39
btc-updown-15m-1769001300,2.85,true,0,0,0.010000000000000007,0.01999999999999996,0.01999999999999996,0.01999999999999996,0.12,0.12,0.16999999999999998,0.20999999999999996,0.23
btc-updown-15m-1769002200,2.36,true,0.01999999999999999,0.01999999999999999,0.01999999999999999,0.04000000000000001,0.11,0.11,0.15,0.2,0.28,0.5,0.64
btc-updown-15m-1769003100,3.15,true,0,0,0,0,0.010000000000000007,0.08000000000000002,0.13,0.13,0.26,0.43,0.43
btc-updown-15m-1769004900,-6.85,false,0.010000000000000007,0.03999999999999998,0.04999999999999999,0.08000000000000002,0.11,0.11,0.15,0.17,0.28,0.37,0.37
btc-updown-15m-1769005800,2.17,true,0,0,0.010000000000000007,0.010000000000000007,0.03,0.04999999999999999,0.12,0.18,0.21999999999999997,0.24,0.26999999999999996
btc-updown-15m-1769006700,-7.64,false,0,0.00999999999999998,0.01999999999999999,0.04000000000000001,0.05000000000000002,0.1,0.18999999999999995,0.2,0.32000000000000006,0.36,0.36
btc-updown-15m-1769007600,2.56,true,0,0.010000000000000007,0.02999999999999997,0.03999999999999998,0.08000000000000002,0.08000000000000002,0.12,0.14,0.37,0.37,0.37
btc-updown-15m-1769008500,2.76,true,0,0.020000000000000014,0.02999999999999997,0.03999999999999998,0.04999999999999999,0.06,0.12,0.13,0.36,0.46,0.47
btc-updown-15m-1769009400,3.25,true,0.020000000000000014,0.020000000000000014,0.020000000000000014,0.030000000000000027,0.030000000000000027,0.030000000000000027,0.06,0.09000000000000002,0.26999999999999996,0.26999999999999996,0.31
btc-updown-15m-1769010300,2.36,true,0,0,0,0.01999999999999999,0.03,0.03,0.06999999999999998,0.07999999999999999,0.12,0.32,0.34
btc-updown-15m-1769012100,2.46,true,0,0,0,0.06,0.06,0.06,0.12,0.2,0.39,0.4,0.4
btc-updown-15m-1769013900,-8.03,false,0,0.01999999999999999,0.06,0.08999999999999997,0.09999999999999998,0.11,0.16,0.16999999999999998,0.18,0.22,0.22
btc-updown-15m-1769014800,-7.64,false,0.00999999999999998,0.00999999999999998,0.01999999999999999,0.01999999999999999,0.05999999999999997,0.06999999999999998,0.06999999999999998,0.14,0.21,0.21,0.23
btc-updown-15m-1769015700,2.66,true,0.010000000000000007,0.01999999999999996,0.01999999999999996,0.02999999999999997,0.05999999999999997,0.11,0.11,0.11,0.21,0.23,0.25
btc-updown-15m-1769016600,-6.55,false,0.01999999999999996,0.02999999999999997,0.03999999999999998,0.04999999999999999,0.06999999999999995,0.06999999999999995,0.11999999999999995,0.11999999999999995,0.21,0.33999999999999997,0.36
btc-updown-15m-1769018400,2.85,true,0,0,0.030000000000000027,0.04000000000000003,0.05000000000000005,0.05000000000000005,0.07,0.11000000000000004,0.14,0.26,0.28
btc-updown-15m-1769019300,2.85,true,0.020000000000000014,0.030000000000000027,0.04000000000000003,0.04000000000000003,0.04999999999999999,0.08999999999999997,0.12,0.13,0.32999999999999996,0.32999999999999996,0.32999999999999996
btc-updown-15m-1769022000,3.15,true,0.010000000000000007,0.010000000000000007,0.010000000000000007,0.030000000000000027,0.04000000000000003,0.04999999999999999,0.10000000000000003,0.15000000000000002,0.27999999999999997,0.42,0.42
btc-updown-15m-1769022900,2.46,true,0.020000000000000014,0.030000000000000027,0.030000000000000027,0.030000000000000027,0.04000000000000003,0.04999999999999999,0.21,0.25,0.25,0.25,0.32000000000000006
btc-updown-15m-1769023800,2.36,true,0,0.010000000000000007,0.010000000000000007,0.04000000000000003,0.05000000000000002,0.09,0.14,0.26,0.26,0.26,0.33000000000000007
btc-updown-15m-1769024700,2.36,true,0,0.00999999999999998,0.00999999999999998,0.03,0.07999999999999999,0.09,0.13,0.13,0.16999999999999998,0.24,0.29
btc-updown-15m-1769027400,2.07,true,0.010000000000000007,0.010000000000000007,0.020000000000000014,0.060000000000000026,0.060000000000000026,0.060000000000000026,0.060000000000000026,0.07999999999999999,0.25,0.45000000000000007,0.45000000000000007
btc-updown-15m-1769029200,2.66,true,0.010000000000000007,0.010000000000000007,0.02999999999999997,0.02999999999999997,0.03999999999999998,0.07,0.15999999999999998,0.2,0.34,0.34,0.34
btc-updown-15m-1769030100,-7.44,false,0,0,0,0.04000000000000001,0.05000000000000002,0.06,0.08000000000000002,0.13,0.16,0.16,0.22
btc-updown-15m-1769031000,3.05,true,0,0,0.010000000000000007,0.010000000000000007,0.07,0.07,0.07,0.12,0.14,0.19,0.28
btc-updown-15m-1769031900,3.25,true,0,0.01999999999999996,0.01999999999999996,0.06,0.11999999999999995,0.11999999999999995,0.11999999999999995,0.11999999999999995,0.23999999999999996,0.28,0.28
btc-updown-15m-1769032800,-6.85,false,0,0,0,0,0.030000000000000027,0.06,0.07,0.15000000000000002,0.18,0.18,0.2
btc-updown-15m-1769033700,2.66,true,0,0.010000000000000007,0.03999999999999998,0.07999999999999996,0.09999999999999998,0.09999999999999998,0.12,0.12,0.19,0.25,0.31
btc-updown-15m-1769034600,-7.44,false,0,0,0,0.010000000000000007,0.020000000000000014,0.020000000000000014,0.09999999999999998,0.14,0.14999999999999997,0.14999999999999997,0.19
btc-updown-15m-1769035500,3.45,true,0.009999999999999952,0.009999999999999952,0.009999999999999952,0.009999999999999952,0.009999999999999952,0.009999999999999952,0.02999999999999997,0.04999999999999999,0.09999999999999998,0.09999999999999998,0.16999999999999998
btc-updown-15m-1769037300,2.17,true,0,0,0.010000000000000007,0.01999999999999999,0.01999999999999999,0.01999999999999999,0.01999999999999999,0.03,0.1,0.18999999999999995,0.18999999999999995
btc-updown-15m-1769038200,1.97,true,0,0.00999999999999998,0.00999999999999998,0.00999999999999998,0.01999999999999999,0.01999999999999999,0.01999999999999999,0.04999999999999999,0.12,0.21999999999999997,0.31
btc-updown-15m-1769039100,2.12,true,0,0,0.010000000000000007,0.010000000000000007,0.03999999999999998,0.04999999999999999,0.18,0.18,0.23,0.24,0.24
btc-updown-15m-1769040000,2.76,true,0,0.009999999999999952,0.009999999999999952,0.01999999999999996,0.06,0.06,0.06,0.09000000000000002,0.16999999999999998,0.16999999999999998,0.19
btc-updown-15m-1769040900,3.25,true,0,0.020000000000000014,0.04000000000000003,0.06,0.06,0.06,0.09999999999999998,0.09999999999999998,0.13999999999999996,0.39,0.42999999999999994
btc-updown-15m-1769041800,2.17,true,0,0,0,0.01999999999999999,0.1,0.1,0.17,0.17,0.17,0.2,0.25