slug,startedAt,isWin,pnl,asOfTimeMs,symbol,session,hourOfDayUTC,dayOfWeekUTC,tf1h_atr14Pct,tf1h_bbWidth,tf1h_adx14,tf1h_ema20,tf1h_ema50,tf1h_ema20Over50,tf1h_rv20,tf1h_rv80,tf1h_rv20Over80,tf15m_hlRangePct,tf15m_wickRatio,tf15m_atr14Pct,tf15m_rv20,error
btc-updown-15m-1766372400,,true,2.17,1766372400000,BTCUSDT,ASIA,3,1,0.005225559402219726,0.012455218667223222,16.30186656270894,88394.182138937,88201.5437379505,0.002184070627593959,0.003430385677014391,0.0040501793097794305,0.8469713103149517,0.0018487119998605453,1.2569060773477136,0.003811271365258389,0.003482880851443397,
btc-updown-15m-1766373300,,true,2.23,1766373300000,BTCUSDT,ASIA,3,1,0.005225559402219726,0.012455218667223222,16.30186656270894,88394.182138937,88201.5437379505,0.002184070627593959,0.003430385677014391,0.0040501793097794305,0.8469713103149517,0.004007888232668903,1.8191379172975581,0.003819330395716273,0.0034581678486722387,
btc-updown-15m-1766374200,,true,2.76,1766374200000,BTCUSDT,ASIA,3,1,0.005225559402219726,0.012455218667223222,16.30186656270894,88394.182138937,88201.5437379505,0.002184070627593959,0.003430385677014391,0.0040501793097794305,0.8469713103149517,0.0030578305456566927,0.4420486610232554,0.0037569604033327302,0.0034859368465630313,
btc-updown-15m-1766396700,,true,2.46,1766396700000,BTCUSDT,EU,9,1,0.005045876013860424,0.017519929423832948,18.84061088618549,88676.09549312558,88372.26116280671,0.0034381187752923204,0.0033150760227464433,0.003284914896809723,1.0091817069495506,0.0025906796547444343,13.050303030303136,0.0030211261216403283,0.002200225278940215,
btc-updown-15m-1766399400,,true,2.21,1766399400000,BTCUSDT,EU,10,1,0.005085733016268798,0.019481261762850314,20.375050692097044,88785.9530654654,88429.46188437402,0.004031362099178093,0.002203873383103567,0.0033023632551548885,0.667362495529039,0.0017728226521614358,17.527972027968392,0.0029136704533174996,0.002249936375907474,
btc-updown-15m-1766400300,,true,3.05,1766400300000,BTCUSDT,EU,10,1,0.005085733016268798,0.019481261762850314,20.375050692097044,88785.9530654654,88429.46188437402,0.004031362099178093,0.002203873383103567,0.0033023632551548885,0.667362495529039,0.0017163520578665067,0.21901971652535557,0.0028241713285241505,0.0022512087538084117,
btc-updown-15m-1766403000,,true,2.17,1766403000000,BTCUSDT,EU,11,1,0.004926117163578063,0.02152015153307942,21.846692958200162,88880.5232498529,88482.42612769571,0.004499165987861264,0.0020953449866961244,0.003285830726044507,0.6376910928757754,0.002692167584727326,4.014959484728277,0.0026388393880647752,0.002212892375955609,
btc-updown-15m-1766403900,,true,2.17,1766403900000,BTCUSDT,EU,11,1,0.004926117163578063,0.02152015153307942,21.846692958200162,88880.5232498529,88482.42612769571,0.004499165987861264,0.0020953449866961244,0.003285830726044507,0.6376910928757754,0.0034975028179619933,9.903124999999221,0.002699148567433977,0.002202846675812831,
btc-updown-15m-1766404800,,true,2.85,1766404800000,BTCUSDT,EU,12,1,0.0049323722031603635,0.023502512422814273,23.579128072632344,88981.9429405437,88539.82623524863,0.004993421876844151,0.0020922729926115637,0.0028903554522963187,0.7238808607257293,0.002793685864902017,2.198624028539017,0.0027035402319704398,0.002186221671519245,
btc-updown-15m-1766405700,,true,2.46,1766405700000,BTCUSDT,EU,12,1,0.0049323722031603635,0.023502512422814273,23.579128072632344,88981.9429405437,88539.82623524863,0.004993421876844151,0.0020922729926115637,0.0028903554522963187,0.7238808607257293,0.0027151536732468342,0.8289483546960019,0.002700193482059357,0.002141463101723846,
btc-updown-15m-1766406600,,true,1.97,1766406600000,BTCUSDT,EU,12,1,0.0049323722031603635,0.023502512422814273,23.579128072632344,88981.9429405437,88539.82623524863,0.004993421876844151,0.0020922729926115637,0.0028903554522963187,0.7238808607257293,0.002526775314711809,0.030982470444405417,0.0026815404848207565,0.0021714332410577002,
btc-updown-15m-1766408400,,false,-7.24,1766408400000,BTCUSDT,EU,13,1,0.005138578260371541,0.026622787339048142,25.763441549861362,89098.7559937205,88605.26283370226,0.005569569393913287,0.0020723735516272345,0.002895106926527689,0.7158193476856421,0.0025872092345516954,4.1614617940204575,0.00288523201970548,0.0022240922931792816,
btc-updown-15m-1766409300,,true,3.15,1766409300000,BTCUSDT,EU,13,1,0.005138578260371541,0.026622787339048142,25.763441549861362,89098.7559937205,88605.26283370226,0.005569569393913287,0.0020723735516272345,0.002895106926527689,0.7158193476856421,0.002696690733834803,3.3361299535874913,0.002873268185257025,0.002239570446861295,
btc-updown-15m-1766411100,,true,3.05,1766411100000,BTCUSDT,EU,13,1,0.005138578260371541,0.026622787339048142,25.763441549861362,89098.7559937205,88605.26283370226,0.005569569393913287,0.0020723735516272345,0.002895106926527689,0.7158193476856421,0.004388637596604667,0.10369955156950587,0.0029397111978528593,0.0018944859049897437,
btc-updown-15m-1766413800,,true,2.36,1766413800000,BTCUSDT,EU,14,1,0.005254579442591082,0.027601959588395,27.307661816085027,89176.24304118371,88656.53723361608,0.005862013380899089,0.0022690563705222463,0.0029249234078755565,0.7757660813998263,0.0025499937967714543,7.597451274360009,0.00282887770435536,0.00148297157080292,
btc-updown-15m-1766414700,,true,2.26,1766414700000,BTCUSDT,EU,14,1,0.005254579442591082,0.027601959588395,27.307661816085027,89176.24304118371,88656.53723361608,0.005862013380899089,0.0022690563705222463,0.0029249234078755565,0.7757660813998263,0.00849167882558796,5.282051282051585,0.0032342535402039418,0.0015230154483280248,
btc-updown-15m-1766417400,,true,3.15,1766417400000,BTCUSDT,EU,15,1,0.005543523912782312,0.029102392323403645,27.76136627970156,89266.73703642562,88714.17757396835,0.006228536154737618,0.002291351792512898,0.0029061855872493927,0.7884395967573377,0.0073274241275602964,109.77627118655026,0.004123013163794599,0.002031441286934341,
btc-updown-15m-1766421900,,false,-7.54,1766421900000,BTCUSDT,US,16,1,0.006172183812762762,0.029089693139975864,27.44249972298406,89310.56398439418,88753.87469804991,0.006272281500252053,0.00258845227344949,0.0028999095733665873,0.8925975820840794,0.006264743381661166,0.16936677717311113,0.004392520719724425,0.0026316177250964245,
btc-updown-15m-1766422800,,true,2.46,1766422800000,BTCUSDT,US,17,1,0.00622423543518005,0.027774377829831345,27.146421241865447,89333.36741328143,88785.04628374199,0.006175827489993013,0.0025310035993272315,0.0029057516024641275,0.871032333658836,0.002464321608040123,3.0521483657724398,0.004257272267591393,0.002622248393472692,
btc-updown-15m-1766425500,,true,3.05,1766425500000,BTCUSDT,US,17,1,0.00622423543518005,0.027774377829831345,27.146421241865447,89333.36741328143,88785.04628374199,0.006175827489993013,0.0025310035993272315,0.0029057516024641275,0.871032333658836,0.0029774789915966975,10.327365728897387,0.004193571083019035,0.0025668136487909873,
btc-updown-15m-1766427300,,false,-7.54,1766427300000,BTCUSDT,US,18,1,0.006185323555060315,0.025628971228868182,25.664499948393516,89331.03908710687,88805.52623528347,0.005917569256119082,0.002626324289652222,0.002923735994047339,0.898276826293263,0.0024535003585514654,1.9578549236796516,0.003926312241012125,0.002575107730823801,
btc-updown-15m-1766428200,,true,2.26,1766428200000,BTCUSDT,US,18,1,0.006185323555060315,0.025628971228868182,25.664499948393516,89331.03908710687,88805.52623528347,0.005917569256119082,0.002626324289652222,0.002923735994047339,0.898276826293263,0.003045441741991306,1.9787397260273718,0.003859133095083623,0.0025954226543362905,
btc-updown-15m-1766429100,,true,2.66,1766429100000,BTCUSDT,US,18,1,0.006185323555060315,0.025628971228868182,25.664499948393516,89331.03908710687,88805.52623528347,0.005917569256119082,0.002626324289652222,0.002923735994047339,0.898276826293263,0.002178694605906007,3.172384219554208,0.0037407823248833344,0.002454105626015248,
btc-updown-15m-1766430900,,false,-7.44,1766430900000,BTCUSDT,US,19,1,0.0060608006860357845,0.024395149019208008,24.288599510734073,89313.80107772484,88818.97765248486,0.005571145247539766,0.002580905102443937,0.0029255912449315004,0.8821823988280243,0.0055158412379737835,0.12643095704249718,0.003906318653655839,0.0026707099690125263,
btc-updown-15m-1766431800,,true,1.97,1766431800000,BTCUSDT,US,19,1,0.0060608006860357845,0.024395149019208008,24.288599510734073,89313.80107772484,88818.97765248486,0.005571145247539766,0.002580905102443937,0.0029255912449315004,0.8821823988280243,0.004027087475149046,0.8976419864798849,0.003922643052873258,0.002687023553657644,
btc-updown-15m-1766432700,,true,2.45,1766432700000,BTCUSDT,US,19,1,0.0060608006860357845,0.024395149019208008,24.288599510734073,89313.80107772484,88818.97765248486,0.005571145247539766,0.002580905102443937,0.0029255912449315004,0.8821823988280243,0.003617597980622688,0.7467738407699823,0.003908275244912946,0.0026995955731026846,
btc-updown-15m-1766433600,,true,2.61,1766433600000,BTCUSDT,US,20,1,0.006658734152409402,0.026601347355052155,24.39265032291147,89193.67049815776,88788.91400366707,0.004558637742477334,0.003815323975540316,0.0032418198626831926,1.1769080754482282,0.00448174380577176,0.3469080970276377,0.003960985922717507,0.0025713713280822777,
btc-updown-15m-1766434500,,true,2.82,1766434500000,BTCUSDT,US,20,1,0.006658734152409402,0.026601347355052155,24.39265032291147,89193.67049815776,88788.91400366707,0.004558637742477334,0.003815323975540316,0.0032418198626831926,1.1769080754482282,0.0036607548885857206,1.9669215885009073,0.003934417403451615,0.002389291087163737,
btc-updown-15m-1766435400,,true,1.97,1766435400000,BTCUSDT,US,20,1,0.006658734152409402,0.026601347355052155,24.39265032291147,89193.67049815776,88788.91400366707,0.004558637742477334,0.003815323975540316,0.0032418198626831926,1.1769080754482282,0.0031190355696319194,2.1854089219331563,0.0038793344074138257,0.002382877363016332,
btc-updown-15m-1766439000,,true,3.45,1766439000000,BTCUSDT,US,21,1,0.006626538156219125,0.027380397526812,24.567425903703615,89113.4190213697,88771.68921932123,0.0038495358717820505,0.0039051538312938295,0.0032338785011079107,1.2075759277771083,0.0013575618687025283,0.2674418604651717,0.0035317548500499976,0.0021569950785046764,
btc-updown-15m-1766440800,,false,-7.84,1766440800000,BTCUSDT,US,22,1,0.006469258891125396,0.028383131898887522,24.388810612862304,89033.57530419197,88752.12135416467,0.0031712363122471388,0.003907981856333382,0.003230806048851314,1.2095996470363277,0.0036195350398578376,0.14309746232868234,0.003446248848472787,0.002026604849062827,
btc-updown-15m-1766441700,,true,1.87,1766441700000,BTCUSDT,US,22,1,0.006469258891125396,0.028383131898887522,24.388810612862304,89033.57530419197,88752.12135416467,0.0031712363122471388,0.003907981856333382,0.003230806048851314,1.2095996470363277,0.0027453204764605788,19.916162489209878,0.003395460077517665,0.0019702170011828782,
btc-updown-15m-1766444400,,true,2.26,1766444400000,BTCUSDT,US,23,1,0.006531604469098269,0.02789304240930433,23.688710563539036,88998.00336991227,88748.45327246436,0.0028118810891473167,0.004013405431788032,0.003258866237027326,1.231534263722644,0.00531735569008325,0.5842071546578882,0.003310596533518722,0.0021983091349498285,
btc-updown-15m-1766445300,,false,-7.64,1766445300000,BTCUSDT,US,23,1,0.006531604469098269,0.02789304240930433,23.688710563539036,88998.00336991227,88748.45327246436,0.0028118810891473167,0.004013405431788032,0.003258866237027326,1.231534263722644,0.0022516198453956717,7.282211138815579,0.00323554433872608,0.002180578368397448,
btc-updown-15m-1766448000,,true,2.07,1766448000000,BTCUSDT,ASIA,0,2,0.006285023361807696,0.02819136792224722,23.038707257846255,88962.07828678838,88743.41210073252,0.00246402725430106,0.0039312763136771,0.0032455086260693763,1.2112974472165414,0.002166335728549629,0.6516078972327128,0.0029770298695052364,0.002123464648066937,
btc-updown-15m-1766448900,,true,2.48,1766448900000,BTCUSDT,ASIA,0,2,0.006285023361807696,0.02819136792224722,23.038707257846255,88962.07828678838,88743.41210073252,0.00246402725430106,0.0039312763136771,0.0032455086260693763,1.2112974472165414,0.0013107766608763363,0.6579962841220088,0.002860147431674116,0.001836248131642933,
btc-updown-15m-1766450700,,true,2.17,1766450700000,BTCUSDT,ASIA,0,2,0.006285023361807696,0.02819136792224722,23.038707257846255,88962.07828678838,88743.41210073252,0.00246402725430106,0.0039312763136771,0.0032455086260693763,1.2112974472165414,0.004003143633859169,2.2668816213725087,0.0028709079955347334,0.001728485318324584,
btc-updown-15m-1766451600,,false,-6.85,1766451600000,BTCUSDT,ASIA,1,2,0.006176449614218115,0.028380449435731023,21.831466542211192,88943.82987839438,88744.41305793545,0.0022470915473713493,0.0039360437074884794,0.0032502759107156986,1.210987564013228,0.0017880365392264341,3.853688399143418,0.0027924543357211893,0.001514370551208518,
btc-updown-15m-1766453400,,true,2.2,1766453400000,BTCUSDT,ASIA,1,2,0.006176449614218115,0.028380449435731023,21.831466542211192,88943.82987839438,88744.41305793545,0.0022470915473713493,0.0039360437074884794,0.0032502759107156986,1.210987564013228,0.0012053783106415145,1.6996207332489561,0.0026958865495727894,0.0015483184831026379,
btc-updown-15m-1766454300,,true,2.66,1766454300000,BTCUSDT,ASIA,1,2,0.006176449614218115,0.028380449435731023,21.831466542211192,88943.82987839438,88744.41305793545,0.0022470915473713493,0.0039360437074884794,0.0032502759107156986,1.210987564013228,0.002510460251046025,1.2809000308229324,0.0026852742049248693,0.00143548990358362,
btc-updown-15m-1766455200,,false,-6.65,1766455200000,BTCUSDT,ASIA,2,2,0.006122927625152334,0.028992200116164598,20.87235111670525,88902.86608058371,88735.31430315864,0.0018882197999845474,0.003983735814096555,0.0029736459117619203,1.33968062516769,0.0009262501834075102,2.4170141784806725,0.0025589168314975813,0.0014360986870432973,
btc-updown-15m-1766456100,,true,2.66,1766456100000,BTCUSDT,ASIA,2,2,0.006122927625152334,0.028992200116164598,20.87235111670525,88902.86608058371,88735.31430315864,0.0018882197999845474,0.003983735814096555,0.0029736459117619203,1.33968062516769,0.0039431358424058425,4.978533402026695,0.0026553229891432785,0.0014407540262858089,
btc-updown-15m-1766457000,,true,2.17,1766457000000,BTCUSDT,ASIA,2,2,0.006122927625152334,0.028992200116164598,20.87235111670525,88902.86608058371,88735.31430315864,0.0018882197999845474,0.003983735814096555,0.0029736459117619203,1.33968062516769,0.0022362947337992638,0.546462595658377,0.002621575445571232,0.001455969725698496,
btc-updown-15m-1766457900,,false,-6.95,1766457900000,BTCUSDT,ASIA,2,2,0.006122927625152334,0.028992200116164598,20.87235111670525,88902.86608058371,88735.31430315864,0.0018882197999845474,0.003983735814096555,0.0029736459117619203,1.33968062516769,0.005426532230655942,0.11395348837209303,0.002833788045098415,0.0018071364376048731,
btc-updown-15m-1766458800,,true,2.46,1766458800000,BTCUSDT,ASIA,3,2,0.006243080022232046,0.03050959528306701,20.671363967981772,88836.57407388312,88714.52564958809,0.0013757434129457735,0.00404139206953233,0.0029913258502413044,1.3510370557611833,0.0025110337342397395,2.4994462901443697,0.002812384798323274,0.001671184460382099,
btc-updown-15m-1766460600,,true,2.46,1766460600000,BTCUSDT,ASIA,3,2,0.006243080022232046,0.03050959528306701,20.671363967981772,88836.57407388312,88714.52564958809,0.0013757434129457735,0.00404139206953233,0.0029913258502413044,1.3510370557611833,0.0022483991098596534,1.217581187009993,0.002895045513388895,0.0016514591619237943,
btc-updown-15m-1766462400,,false,-7.64,1766462400000,BTCUSDT,ASIA,4,2,0.006249637455665799,0.03206997343334718,21.004992713652683,88773.09083061221,88693.11449230737,0.0009017198095098156,0.003964989053913125,0.0028605248059929743,1.3861054606505179,0.0019005493374848086,0.1095364238410172,0.002780416869638214,0.0015048582550998206,
btc-updown-15m-1766463300,,true,3.35,1766463300000,BTCUSDT,ASIA,4,2,0.006249637455665799,0.03206997343334718,21.004992713652683,88773.09083061221,88693.11449230737,0.0009017198095098156,0.003964989053913125,0.0028605248059929743,1.3861054606505179,0.003216676310792151,1.0397379598300294,0.0028069337350369113,0.0015607796625823447,
btc-updown-15m-1766465100,,true,2.66,1766465100000,BTCUSDT,ASIA,4,2,0.006249637455665799,0.03206997343334718,21.004992713652683,88773.09083061221,88693.11449230737,0.0009017198095098156,0.003964989053913125,0.0028605248059929743,1.3861054606505179,0.002112358198176498,0.3954692071112601,0.002662618459890509,0.0015536043824558997,
btc-updown-15m-1766469600,,true,2.66,1766469600000,BTCUSDT,ASIA,6,2,0.006078352713384383,0.03532622876615668,22.070135823995518,88604.5211607557,88627.89488885921,-0.00026372879704328334,0.0036635158175756266,0.00284729526983283,1.2866652280115363,0.0024904766828521534,13.557705136752828,0.00264888648077362,0.0016000407226632017,
btc-updown-15m-1766471400,,true,2.46,1766471400000,BTCUSDT,ASIA,6,2,0.006078352713384383,0.03532622876615668,22.070135823995518,88604.5211607557,88627.89488885921,-0.00026372879704328334,0.0036635158175756266,0.00284729526983283,1.2866652280115363,0.006456061881515621,0.6843288278838304,0.0030400719606956277,0.001793799308584429,
btc-updown-15m-1766473200,,true,2.85,1766473200000,BTCUSDT,ASIA,7,2,0.006263113294502223,0.03737745973490627,23.585241080049855,88489.80581425983,88579.70337841318,-0.0010148776833142081,0.003720694565404063,0.0028092961127390063,1.324422352108857,0.002792917686117751,1.5004104247898902,0.0030126286371532822,0.001872767289329721,
btc-updown-15m-1766474100,,true,3.05,1766474100000,BTCUSDT,ASIA,7,2,0.006263113294502223,0.03737745973490627,23.585241080049855,88489.80581425983,88579.70337841318,-0.0010148776833142081,0.003720694565404063,0.0028092961127390063,1.324422352108857,0.0018633856003017592,2.63090990187238,0.0029289963487884774,0.0018677859221214873,
btc-updown-15m-1766476800,,false,-7.54,1766476800000,BTCUSDT,EU,8,2,0.006069709862077525,0.03751018519253229,24.992038747213304,88402.66145319164,88540.2654679103,-0.0015541405256858098,0.0037273863611198468,0.002807891163729331,1.3274682470845052,0.0019798794705957012,2.824542043699339,0.0027234815991265065,0.001613711580766198,
btc-updown-15m-1766477700,,true,3.15,1766477700000,BTCUSDT,EU,8,2,0.006069709862077525,0.03751018519253229,24.992038747213304,88402.66145319164,88540.2654679103,-0.0015541405256858098,0.0037273863611198468,0.002807891163729331,1.3274682470845052,0.0016454869785515903,5.374059318283643,0.0026457075125502763,0.0016141893119094195,
btc-updown-15m-1766478600,,false,-7.15,1766478600000,BTCUSDT,EU,8,2,0.006069709862077525,0.03751018519253229,24.992038747213304,88402.66145319164,88540.2654679103,-0.0015541405256858098,0.0037273863611198468,0.002807891163729331,1.3274682470845052,0.0018037037955114933,6.49406739439755,0.0025848613427014934,0.0015901359804779169,
btc-updown-15m-1766481300,,false,-7.79,1766481300000,BTCUSDT,EU,9,2,0.005860294410794857,0.03607513216557344,26.294388381355354,88314.51750734479,88498.53266463688,-0.0020793017889845222,0.003591635523141643,0.0028058162566074697,1.2800679711950604,0.001679189991767086,0.6943931702814614,0.0023806998040050912,0.001507515595396326,
btc-updown-15m-1766482200,,false,-7.54,1766482200000,BTCUSDT,EU,9,2,0.005860294410794857,0.03607513216557344,26.294388381355354,88314.51750734479,88498.53266463688,-0.0020793017889845222,0.003591635523141643,0.0028058162566074697,1.2800679711950604,0.002898687396340554,0.9510090895084363,0.002420847397111424,0.0015256532995984616,
btc-updown-15m-1766483100,,true,2.76,1766483100000,BTCUSDT,EU,9,2,0.005860294410794857,0.03607513216557344,26.294388381355354,88314.51750734479,88498.53266463688,-0.0020793017889845222,0.003591635523141643,0.0028058162566074697,1.2800679711950604,0.0022173553504106743,2.3805448829900477,0.0024044906454178633,0.0015244452745580635,
btc-updown-15m-1766484000,,true,2.56,1766484000000,BTCUSDT,EU,10,2,0.00571009607776908,0.034718725890455916,27.691177437191378,88239.97774573289,88460.55399427391,-0.0024934983852271664,0.0035978269003985215,0.002805201469524624,1.2825556165875736,0.0012125872640379347,1.6129588568605266,0.002318254041995691,0.0014740063601536933,
btc-updown-15m-1766485800,,true,2.17,1766485800000,BTCUSDT,EU,10,2,0.00571009607776908,0.034718725890455916,27.691177437191378,88239.97774573289,88460.55399427391,-0.0024934983852271664,0.0035978269003985215,0.002805201469524624,1.2825556165875736,0.0012255732087799612,0.5942050520061242,0.002159620147102147,0.0014567511294308424,
btc-updown-15m-1766487600,,false,-7.24,1766487600000,BTCUSDT,EU,11,2,0.005418860368798987,0.031046203814235212,28.87780643101749,88180.5446277996,88427.37601394518,-0.0027913458170086836,0.00353408290588731,0.002802330826508098,1.2611226599148633,0.000985685408772742,7.701612903226575,0.002029762621429468,0.0013453562085800003,
btc-updown-15m-1766489400,,false,-6.85,1766489400000,BTCUSDT,EU,11,2,0.005418860368798987,0.031046203814235212,28.87780643101749,88180.5446277996,88427.37601394518,-0.0027913458170086836,0.00353408290588731,0.002802330826508098,1.2611226599148633,0.0026633494774035847,2.030373831776036,0.002039987728991308,0.0008162930129199916,
btc-updown-15m-1766491200,,true,2.17,1766491200000,BTCUSDT,EU,12,2,0.00528281867976964,0.027775214429990806,29.127995744739856,88149.69752079144,88404.9420740634,-0.0028872204119326783,0.0035748798419928114,0.002820037539633738,1.2676710120877013,0.000707127236664417,0.6941336971356322,0.00189256130682171,0.0007791847323133887,
btc-updown-15m-1766492100,,true,2.46,1766492100000,BTCUSDT,EU,12,2,0.00528281867976964,0.027775214429990806,29.127995744739856,88149.69752079144,88404.9420740634,-0.0028872204119326783,0.0035748798419928114,0.002820037539633738,1.2676710120877013,0.0026541717607935947,5.308672086719201,0.0019474572956521944,0.0007911142900350784,
btc-updown-15m-1766494800,,true,2.85,1766494800000,BTCUSDT,EU,13,2,0.005204619791114892,0.02451449134128853,29.100574308934164,88115.36251910467,88380.71056661526,-0.0030023298727677172,0.003568700175627387,0.002819037278574698,1.2659286923058064,0.001980426515024582,0.7579373104144108,0.0020653923618192426,0.0010402855397930707,
btc-updown-15m-1766495700,,false,-7.74,1766495700000,BTCUSDT,EU,13,2,0.005204619791114892,0.02451449134128853,29.100574308934164,88115.36251910467,88380.71056661526,-0.0030023298727677172,0.003568700175627387,0.002819037278574698,1.2659286923058064,0.0009725909503660312,3.933487565067666,0.001987659084800436,0.0010421353296961484,
btc-updown-15m-1766497500,,true,2.76,1766497500000,BTCUSDT,EU,13,2,0.005204619791114892,0.02451449134128853,29.100574308934164,88115.36251910467,88380.71056661526,-0.0030023298727677172,0.003568700175627387,0.002819037278574698,1.2659286923058064,0.005436554279184768,3.3549569360454963,0.0022740111813806248,0.0010923215242120443,
btc-updown-15m-1766498400,,true,2.17,1766498400000,BTCUSDT,EU,14,2,0.005229860331490047,0.021874878099227293,29.408942816419724,88067.86799351941,88350.64846231003,-0.0032006609313258716,0.003554088949477259,0.002826969535309128,1.257208082749509,0.002683942534528258,1.2341579448143165,0.002305541376563539,0.0010728993652530509,
btc-updown-15m-1766499300,,true,2.76,1766499300000,BTCUSDT,EU,14,2,0.005229860331490047,0.021874878099227293,29.408942816419724,88067.86799351941,88350.64846231003,-0.0032006609313258716,0.003554088949477259,0.002826969535309128,1.257208082749509,0.0024862067005449796,0.5771486496270474,0.0023147867904016526,0.0011064563649154217,
btc-updown-15m-1766502000,,true,2.56,1766502000000,BTCUSDT,EU,15,2,0.005906911796430712,0.021876412381940314,30.891794915499293,87954.16627950208,88292.66091467578,-0.0038337799729563082,0.003934645103659343,0.0029792549055690553,1.3206809180055046,0.009678194127380678,0.5025456240364243,0.0030642761872978325,0.0018682215788030287,
btc-updown-15m-1766503800,,true,3.05,1766503800000,BTCUSDT,EU,15,2,0.005906911796430712,0.021876412381940314,30.891794915499293,87954.16627950208,88292.66091467578,-0.0038337799729563082,0.003934645103659343,0.0029792549055690553,1.3206809180055046,0.006275330063410994,0.6629997562165234,0.003406089859189485,0.0020914405522733004,
btc-updown-15m-1766504700,,false,-6.95,1766504700000,BTCUSDT,EU,15,2,0.005906911796430712,0.021876412381940314,30.891794915499293,87954.16627950208,88292.66091467578,-0.0038337799729563082,0.003934645103659343,0.0029792549055690553,1.3206809180055046,0.0034523114876436273,2.089650220535339,0.003405464998485129,0.002111674387615738,
btc-updown-15m-1766506500,,true,2.17,1766506500000,BTCUSDT,US,16,2,0.006127259793682708,0.022422981481680083,32.26873375689925,87905.52663324858,88259.27036609988,-0.0040080065400945886,0.0033591689945964235,0.003072928907262597,1.0931489455084116,0.009896776882785596,1.5784354675099521,0.003812373815506831,0.0022880374388595344,
btc-updown-15m-1766508300,,true,2.85,1766508300000,BTCUSDT,US,16,2,0.006127259793682708,0.022422981481680083,32.26873375689925,87905.52663324858,88259.27036609988,-0.0040080065400945886,0.0033591689945964235,0.003072928907262597,1.0931489455084116,0.002789070021033275,16.66763005780822,0.0036799937308021266,0.002281969176572748,
btc-updown-15m-1766509200,,false,-7.24,1766509200000,BTCUSDT,US,17,2,0.006354846776081763,0.022000240311982205,31.567997611860445,87914.8698101837,88249.13993868713,-0.003787800410697151,0.003593454430059878,0.0031577537798051698,1.1379780314225736,0.003972496506597045,1.1172150054630479,0.003693837352144545,0.0023185707379128995,
btc-updown-15m-1766510100,,false,-7.93,1766510100000,BTCUSDT,US,17,2,0.006354846776081763,0.022000240311982205,31.567997611860445,87914.8698101837,88249.13993868713,-0.003787800410697151,0.003593454430059878,0.0031577537798051698,1.1379780314225736,0.004672745625297316,2.0605292582927,0.003768978264327254,0.002344244793698217,
btc-updown-15m-1766511000,,true,2.26,1766511000000,BTCUSDT,US,17,2,0.006354846776081763,0.022000240311982205,31.567997611860445,87914.8698101837,88249.13993868713,-0.003787800410697151,0.003593454430059878,0.0031577537798051698,1.1379780314225736,0.004088190569612233,1.6316677672610984,0.0037972158889784387,0.0023313900555921785,
btc-updown-15m-1766511900,,true,2.46,1766511900000,BTCUSDT,US,17,2,0.006354846776081763,0.022000240311982205,31.567997611860445,87914.8698101837,88249.13993868713,-0.003787800410697151,0.003593454430059878,0.0031577537798051698,1.1379780314225736,0.0023992470785339534,1.5897562176802942,0.0036938159064365456,0.002260417277351084,
btc-updown-15m-1766513700,,true,2.56,1766513700000,BTCUSDT,US,18,2,0.006854163977498178,0.022773771216410152,31.156698911854907,87844.88316026317,88207.0800628444,-0.004106211228431689,0.0041422547079931794,0.003326815275149392,1.245111124424295,0.005082582063204035,0.109827892877713,0.004036582157442228,0.0029824697889420694,
btc-updown-15m-1766514600,,true,3.25,1766514600000,BTCUSDT,US,18,2,0.006854163977498178,0.022773771216410152,31.156698911854907,87844.88316026317,88207.0800628444,-0.004106211228431689,0.0041422547079931794,0.003326815275149392,1.245111124424295,0.00401328006353817,0.40376318312555776,0.004023344495231809,0.0030516911203589863,
btc-updown-15m-1766517300,,false,-7.44,1766517300000,BTCUSDT,US,19,2,0.0071316434368143755,0.021217190165670117,30.80449882947163,87857.27619069224,88197.83856884878,-0.0038613460792543686,0.004555245134761143,0.003482332139270668,1.3081018560496023,0.0029660447849181267,2.605234007200099,0.0038854487361450387,0.003125949804101778,
btc-updown-15m-1766518200,,true,2.76,1766518200000,BTCUSDT,US,19,2,0.0071316434368143755,0.021217190165670117,30.80449882947163,87857.27619069224,88197.83856884878,-0.0038613460792543686,0.004555245134761143,0.003482332139270668,1.3081018560496023,0.004303936109526586,0.778343468627714,0.003923925472340582,0.003163151591157886,
btc-updown-15m-1766521800,,false,-7.34,1766521800000,BTCUSDT,US,20,2,0.006959661498758603,0.019489092448916768,30.477454495773465,87847.33274228689,88180.22475759593,-0.0037751323068653253,0.004580368446412529,0.0034902201090887424,1.312343721384498,0.0028772782636115922,1.1320483557357317,0.003621071466923475,0.0026369166109401097,
btc-updown-15m-1766522700,,true,2.26,1766522700000,BTCUSDT,US,20,2,0.006959661498758603,0.019489092448916768,30.477454495773465,87847.33274228689,88180.22475759593,-0.0037751323068653253,0.004580368446412529,0.0034902201090887424,1.312343721384498,0.006370180698469947,0.3055906137521615,0.0037985087026708372,0.002826269837114817,
btc-updown-15m-1766523600,,true,2.56,1766523600000,BTCUSDT,US,21,2,0.007157611738748925,0.016472811884823798,29.19884137522964,87832.4915265873,88160.7911122206,-0.0037238729540822746,0.004551592639710652,0.003490871472551756,1.303855692052601,0.007885867060458226,0.36394839625991077,0.004110785330010851,0.003149436514926061,
btc-updown-15m-1766524500,,true,2.56,1766524500000,BTCUSDT,US,21,2,0.007157611738748925,0.016472811884823798,29.19884137522964,87832.4915265873,88160.7911122206,-0.0037238729540822746,0.004551592639710652,0.003490871472551756,1.303855692052601,0.002913724755077337,17.97842261904485,0.004024306262058253,0.0030280525585349807,
btc-updown-15m-1766525400,,true,2.46,1766525400000,BTCUSDT,US,21,2,0.007157611738748925,0.016472811884823798,29.19884137522964,87832.4915265873,88160.7911122206,-0.0037238729540822746,0.004551592639710652,0.003490871472551756,1.303855692052601,0.0022078915553935905,0.8440358231705083,0.00388983148250304,0.00303449268468944,
btc-updown-15m-1766527200,,true,3.25,1766527200000,BTCUSDT,US,22,2,0.006900871034309533,0.014231448246324233,28.011782915825023,87822.05328371868,88143.47981847265,-0.003646628603907409,0.004523686787610667,0.0034911121158455564,1.2957724179290695,0.001568657877861887,18.33614627285298,0.0035774923759056133,0.00300943661813288,
btc-updown-15m-1766528100,,false,-7.74,1766528100000,BTCUSDT,US,22,2,0.006900871034309533,0.014231448246324233,28.011782915825023,87822.05328371868,88143.47981847265,-0.003646628603907409,0.004523686787610667,0.0034911121158455564,1.2957724179290695,0.004339244851258581,0.5833089800860094,0.0036407030536044524,0.0030501646452244973,
btc-updown-15m-1766529000,,false,-7.44,1766529000000,BTCUSDT,US,22,2,0.006900871034309533,0.014231448246324233,28.011782915825023,87822.05328371868,88143.47981847265,-0.003646628603907409,0.004523686787610667,0.0034911121158455564,1.2957724179290695,0.002378312281509321,12.08244178728746,0.0035510280424064784,0.0030340154576970545,
btc-updown-15m-1766531700,,false,-7.54,1766531700000,BTCUSDT,US,23,2,0.006864202772241857,0.013358008907718955,27.533723694729012,87781.80535008361,88114.23941608632,-0.0037727621347659612,0.004531707287425673,0.0035144472343437267,1.289450939294556,0.0023899789222712486,1.7704373255353463,0.003549061434530187,0.002372659979881162,
btc-updown-15m-1766532600,,true,3.05,1766532600000,BTCUSDT,US,23,2,0.006864202772241857,0.013358008907718955,27.533723694729012,87781.80535008361,88114.23941608632,-0.0037727621347659612,0.004531707287425673,0.0035144472343437267,1.289450939294556,0.002837806836430307,1.8384580082604896,0.0034944345022914665,0.0022837636846987325,
btc-updown-15m-1766533500,,true,2.26,1766533500000,BTCUSDT,US,23,2,0.006864202772241857,0.013358008907718955,27.533723694729012,87781.80535008361,88114.23941608632,-0.0037727621347659612,0.004531707287425673,0.0035144472343437267,1.289450939294556,0.001518878238673365,0.7133083774363487,0.0033503236072783067,0.002146085330097288,
btc-updown-15m-1766534400,,false,-7.44,1766534400000,BTCUSDT,ASIA,0,3,0.00664590217452732,0.01221153766431455,27.231653723075635,87753.63341062334,88089.61473791621,-0.0038140855569919196,0.0045433087259199745,0.0035154143177871327,1.2923963764191175,0.001098200214446952,32.45296167252632,0.003189504532510469,0.002125271072187199,
btc-updown-15m-1766536200,,true,3.15,1766536200000,BTCUSDT,ASIA,0,3,0.00664590217452732,0.01221153766431455,27.231653723075635,87753.63341062334,88089.61473791621,-0.0038140855569919196,0.0045433087259199745,0.0035154143177871327,1.2923963764191175,0.002015951595159496,2.12025540971947,0.003098476502330673,0.0020685892779674494,
btc-updown-15m-1766537100,,true,2.85,1766537100000,BTCUSDT,ASIA,0,3,0.00664590217452732,0.01221153766431455,27.231653723075635,87753.63341062334,88089.61473791621,-0.0038140855569919196,0.0045433087259199745,0.0035154143177871327,1.2923963764191175,0.0031932401843670745,0.8503518789005001,0.003099705019190785,0.00208109678853872,
btc-updown-15m-1766538000,,true,2.56,1766538000000,BTCUSDT,ASIA,1,3,0.006491575531138263,0.011746888650766467,26.461888928463196,87744.76070401682,88072.85633885048,-0.003725275283128715,0.004538433520892629,0.0035230600830613162,1.2882078119283784,0.0019282650654207428,0.07512425130618977,0.0030106389066741437,0.0021218741340394594,
btc-updown-15m-1766538900,,true,2.66,1766538900000,BTCUSDT,ASIA,1,3,0.006491575531138263,0.011746888650766467,26.461888928463196,87744.76070401682,88072.85633885048,-0.003725275283128715,0.004538433520892629,0.0035230600830613162,1.2882078119283784,0.002644279061272983,1.6859130434783014,0.0029814238398614343,0.0021175150611880723,
btc-updown-15m-1766540700,,true,2.85,1766540700000,BTCUSDT,ASIA,1,3,0.006491575531138263,0.011746888650766467,26.461888928463196,87744.76070401682,88072.85633885048,-0.003725275283128715,0.004538433520892629,0.0035230600830613162,1.2882078119283784,0.0029959999999999336,1.026358506608979,0.0028769525252564715,0.0017766968127132783,
btc-updown-15m-1766570400,,true,3.15,1766570400000,BTCUSDT,EU,10,3,0.005392974026044323,0.017244588804903614,27.0248890022072,87318.3878358948,87767.10125760552,-0.005112546902895865,0.0045844679137075905,0.0035687804612795655,1.2846035118853616,0.0012137401607550888,24.948275862081697,0.0019433003450175013,0.0013402456545662798,
btc-updown-15m-1766571300,,true,3.15,1766571300000,BTCUSDT,EU,10,3,0.005392974026044323,0.017244588804903614,27.0248890022072,87318.3878358948,87767.10125760552,-0.005112546902895865,0.0045844679137075905,0.0035687804612795655,1.2846035118853616,0.0031190104591731715,0.0651010935410386,0.002021360322359165,0.001505265688654704,
btc-updown-15m-1766572200,,true,2.36,1766572200000,BTCUSDT,EU,10,3,0.005392974026044323,0.017244588804903614,27.0248890022072,87318.3878358948,87767.10125760552,-0.005112546902895865,0.0045844679137075905,0.0035687804612795655,1.2846035118853616,0.0011173358979694769,3.029423953583803,0.0019572860288136337,0.0014953778924778685,
btc-updown-15m-1766573100,,true,3.25,1766573100000,BTCUSDT,EU,10,3,0.005392974026044323,0.017244588804903614,27.0248890022072,87318.3878358948,87767.10125760552,-0.005112546902895865,0.0045844679137075905,0.0035687804612795655,1.2846035118853616,0.0013894299695242464,0.7279611373052333,0.001915184687869678,0.0012520755604774319,
btc-updown-15m-1766574900,,false,-7.05,1766574900000,BTCUSDT,EU,11,3,0.00530687158318599,0.01677040109042581,26.280945730115686,87295.46137541166,87740.11511620905,-0.00506784998182952,0.0042309682807220635,0.0035861338804084692,1.1798132534416552,0.003127782717174538,0.3001097904435185,0.0019608608464094014,0.0013055318378717296,
btc-updown-15m-1766579400,,true,3.25,1766579400000,BTCUSDT,EU,12,3,0.005151601768919093,0.01681360890969697,25.047397764856477,87286.74505415028,87719.15982555565,-0.004929536172773363,0.003969834282087777,0.0035861751353052787,1.106982824961737,0.0015991206097239641,3.083699151302333,0.0017925237661802623,0.0013050065618020633,
btc-updown-15m-1766581200,,true,2.46,1766581200000,BTCUSDT,EU,13,3,0.005056572250994593,0.015374312860035409,23.523800770810404,87300.24647816237,87707.82617034482,-0.004647016235368229,0.003724001371959359,0.003598815645906212,1.0347852566984226,0.0019269193171255262,7.991982896850025,0.0017724960322544356,0.0010576073121891592,
btc-updown-15m-1766582100,,false,-7.15,1766582100000,BTCUSDT,EU,13,3,0.005056572250994593,0.015374312860035409,23.523800770810404,87300.24647816237,87707.82617034482,-0.004647016235368229,0.003724001371959359,0.003598815645906212,1.0347852566984226,0.0018031031522111518,0.2812830741675683,0.0017769643893575863,0.0011153540151408693,
btc-updown-15m-1766583900,,true,2.66,1766583900000,BTCUSDT,EU,13,3,0.005056572250994593,0.015374312860035409,23.523800770810404,87300.24647816237,87707.82617034482,-0.004647016235368229,0.003724001371959359,0.003598815645906212,1.0347852566984226,0.0031889358311109166,2.045758806100993,0.0018372328869220276,0.0011467512779397729,
btc-updown-15m-1766584800,,true,2.07,1766584800000,BTCUSDT,EU,14,3,0.00503180706105689,0.015310858273125815,22.37358372861508,87298.9753855708,87691.3668722553,-0.004474687767794916,0.0030760642019329897,0.003601310002376839,0.8541514615245034,0.0015952263651102582,0.2872084413180366,0.0018176940414574602,0.0010866513516270546,
btc-updown-15m-1766585700,,true,2.56,1766585700000,BTCUSDT,EU,14,3,0.00503180706105689,0.015310858273125815,22.37358372861508,87298.9753855708,87691.3668722553,-0.004474687767794916,0.0030760642019329897,0.003601310002376839,0.8541514615245034,0.0018512514478118832,0.25829310076308165,0.0018174171418766693,0.0011099217533052884,
btc-updown-15m-1766586600,,true,1.97,1766586600000,BTCUSDT,EU,14,3,0.00503180706105689,0.015310858273125815,22.37358372861508,87298.9753855708,87691.3668722553,-0.004474687767794916,0.0030760642019329897,0.003601310002376839,0.8541514615245034,0.002677178592066809,0.339434276206327,0.0018821102487905595,0.00121524215017993,
btc-updown-15m-1766588400,,false,-7.15,1766588400000,BTCUSDT,EU,15,3,0.0055325463630530635,0.01400104293844982,22.75788906050074,87269.99677778386,87664.06509932794,-0.0044952093095110834,0.002321713280664459,0.0036191295197144278,0.6415115203856139,0.006028461948013909,1340.0256410276425,0.0027178035570894887,0.0013915139505368173,
btc-updown-15m-1766590200,,true,3.05,1766590200000,BTCUSDT,EU,15,3,0.0055325463630530635,0.01400104293844982,22.75788906050074,87269.99677778386,87664.06509932794,-0.0044952093095110834,0.002321713280664459,0.0036191295197144278,0.6415115203856139,0.004948833448833462,8.169056280762648,0.002940151428968329,0.0012462904752669958,
btc-updown-15m-1766591100,,true,3.25,1766591100000,BTCUSDT,EU,15,3,0.0055325463630530635,0.01400104293844982,22.75788906050074,87269.99677778386,87664.06509932794,-0.0044952093095110834,0.002321713280664459,0.0036191295197144278,0.6415115203856139,0.004417106302483772,0.959738401798464,0.003038716865570358,0.0013403575517308788,
btc-updown-15m-1766592000,,true,2.46,1766592000000,BTCUSDT,US,16,3,0.0056581766620922205,0.013212035316065763,23.114707888522084,87249.04375230837,87640.01286123173,-0.00446108000397516,0.002288104308859385,0.003618067446924635,0.632410628719561,0.0023621834410215616,51.39030612247113,0.00299030869983153,0.0013375331709341361,
btc-updown-15m-1766592900,,true,2.76,1766592900000,BTCUSDT,US,16,3,0.0056581766620922205,0.013212035316065763,23.114707888522084,87249.04375230837,87640.01286123173,-0.00446108000397516,0.002288104308859385,0.003618067446924635,0.632410628719561,0.0025323138468796844,1.9317183548513392,0.0029548981951854495,0.001231043755396048,
btc-updown-15m-1766594700,,true,2.46,1766594700000,BTCUSDT,US,16,3,0.0056581766620922205,0.013212035316065763,23.114707888522084,87249.04375230837,87640.01286123173,-0.00446108000397516,0.002288104308859385,0.003618067446924635,0.632410628719561,0.00804886835102539,0.29396650523124707,0.0032843835013401175,0.001914499266535494,
btc-updown-15m-1766596500,,true,2.66,1766596500000,BTCUSDT,US,17,3,0.005855997671237578,0.012341197510427,22.0157220408963,87252.29958660546,87626.03719535178,-0.004265143337625954,0.0023873382351201986,0.003600159128865052,0.6631201982099069,0.002296910153426783,2.586225402503933,0.0032515556169145235,0.0020016113342520053,
btc-updown-15m-1766597400,,false,-7.34,1766597400000,BTCUSDT,US,17,3,0.005855997671237578,0.012341197510427,22.0157220408963,87252.29958660546,87626.03719535178,-0.004265143337625954,0.0023873382351201986,0.003600159128865052,0.6631201982099069,0.0018481896114036786,0.32032400589096555,0.003146871605081187,0.0020237361290823775,
btc-updown-15m-1766598300,,true,2.76,1766598300000,BTCUSDT,US,17,3,0.005855997671237578,0.012341197510427,22.0157220408963,87252.29958660546,87626.03719535178,-0.004265143337625954,0.0023873382351201986,0.003600159128865052,0.6631201982099069,0.002868900094645176,3.420077628793749,0.0031287273438402926,0.0020177230204647912,
btc-updown-15m-1766599200,,true,2.46,1766599200000,BTCUSDT,US,18,3,0.0056983294551589325,0.01121555426577546,20.995305311467234,87259.01105579887,87614.1607959245,-0.004053565506983103,0.00238867077768548,0.0035697467848210852,0.6691429173190501,0.002548849316016845,1.7158383196972806,0.003089890812471413,0.002027608435815107,
btc-updown-15m-1766600100,,true,1.97,1766600100000,BTCUSDT,US,18,3,0.0056983294551589325,0.01121555426577546,20.995305311467234,87259.01105579887,87614.1607959245,-0.004053565506983103,0.00238867077768548,0.0035697467848210852,0.6691429173190501,0.0020641051022235526,4.244975240314683,0.0030152849802528143,0.0020045502199005937,
btc-updown-15m-1766601000,,true,3.05,1766601000000,BTCUSDT,US,18,3,0.0056983294551589325,0.01121555426577546,20.995305311467234,87259.01105579887,87614.1607959245,-0.004053565506983103,0.00238867077768548,0.0035697467848210852,0.6691429173190501,0.0018467042014723896,1.8496466431091345,0.0029298895121991453,0.0020063157211932694,
btc-updown-15m-1766601900,,true,3.35,1766601900000,BTCUSDT,US,18,3,0.0056983294551589325,0.01121555426577546,20.995305311467234,87259.01105579887,87614.1607959245,-0.004053565506983103,0.00238867077768548,0.0035697467848210852,0.6691429173190501,0.0009880188128668624,1.136071251855523,0.002789872864044524,0.001989992859325723,
btc-updown-15m-1766603700,,true,2.56,1766603700000,BTCUSDT,US,19,3,0.00550018050780063,0.011371765980686972,20.103329798307346,87279.16714641813,87608.52193182775,-0.0037593921018997944,0.002278496144335197,0.0035665606625336793,0.6388496817874274,0.0012256956240308582,0.6997778483019426,0.0025553344553685005,0.001954722839638879,
btc-updown-15m-1766604600,,false,-7.24,1766604600000,BTCUSDT,US,19,3,0.00550018050780063,0.011371765980686972,20.103329798307346,87279.16714641813,87608.52193182775,-0.0037593921018997944,0.002278496144335197,0.0035665606625336793,0.6388496817874274,0.0018510269678541798,0.9382494004798563,0.0025025211479837222,0.00190726271944455,
btc-updown-15m-1766605500,,true,2.85,1766605500000,BTCUSDT,US,19,3,0.00550018050780063,0.011371765980686972,20.103329798307346,87279.16714641813,87608.52193182775,-0.0037593921018997944,0.002278496144335197,0.0035665606625336793,0.6388496817874274,0.0005371421567640572,1.4949548592666793,0.002361616587677601,0.0017741677008859902,
btc-updown-15m-1766606400,,true,2.26,1766606400000,BTCUSDT,US,20,3,0.005304784497180058,0.011608301108257146,19.023062009873684,87306.49027561882,87606.7566169465,-0.003427433601275398,0.0022808061682868513,0.003568664806095596,0.6391203131185176,0.0008881031209892429,0.38274021352305826,0.0022549108912228214,0.0017743923434267795,
btc-updown-15m-1766607300,,true,3.05,1766607300000,BTCUSDT,US,20,3,0.005304784497180058,0.011608301108257146,19.023062009873684,87306.49027561882,87606.7566169465,-0.003427433601275398,0.0022808061682868513,0.003568664806095596,0.6391203131185176,0.0015733141789499624,1.9260675589551322,0.0022050081358554684,0.0017455646613960922,
btc-updown-15m-1766608200,,false,-7.05,1766608200000,BTCUSDT,US,20,3,0.005304784497180058,0.011608301108257146,19.023062009873684,87306.49027561882,87606.7566169465,-0.003427433601275398,0.0022808061682868513,0.003568664806095596,0.6391203131185176,0.0004950283719626904,5.40620384046813,0.0020827049832497606,0.0017334360126868241,
btc-updown-15m-1766614500,,true,2.95,1766614500000,BTCUSDT,US,22,3,0.004884994815770415,0.01149206334229644,16.766970566519156,87365.13480805214,87608.25844450266,-0.0027751223545270376,0.0022636011659560697,0.0033558263631250037,0.6745286916001711,0.0023224461046431276,0.792554127794231,0.0018307764929997282,0.0007390285458820941,
btc-updown-15m-1766616300,,false,-7.44,1766616300000,BTCUSDT,US,22,3,0.004884994815770415,0.01149206334229644,16.766970566519156,87365.13480805214,87608.25844450266,-0.0027751223545270376,0.0022636011659560697,0.0033558263631250037,0.6745286916001711,0.0034501405458753393,0.5301491028556802,0.0018904759831034738,0.0008080034404794045,
btc-updown-15m-1766618100,,true,2.81,1766618100000,BTCUSDT,US,23,3,0.004806857561917875,0.01399634508576133,16.632301246952455,87426.53244585142,87623.95279222587,-0.002253040864780065,0.0019550394730359385,0.0033416733640983316,0.5850480462992402,0.002592031527632318,0.23928551979524704,0.001874570329626189,0.0009338014399120253,
btc-updown-15m-1766619900,,true,2.95,1766619900000,BTCUSDT,US,23,3,0.004806857561917875,0.01399634508576133,16.632301246952455,87426.53244585142,87623.95279222587,-0.002253040864780065,0.0019550394730359385,0.0033416733640983316,0.5850480462992402,0.0013893972018447487,1.4158396188962912,0.001890603902609657,0.001127425998447026,
btc-updown-15m-1766620800,,true,3.15,1766620800000,BTCUSDT,ASIA,0,4,0.004826642950138672,0.014601216724443316,16.16055532899617,87449.66745067801,87625.72479688622,-0.002009197032222021,0.0021343504736956024,0.0033695144262315996,0.6334296885865003,0.0009096454938206278,3.004520341536009,0.0018201217881119675,0.0011275970320557245,
btc-updown-15m-1766621700,,false,-7.64,1766621700000,BTCUSDT,ASIA,0,4,0.004826642950138672,0.014601216724443316,16.16055532899617,87449.66745067801,87625.72479688622,-0.002009197032222021,0.0021343504736956024,0.0033695144262315996,0.6334296885865003,0.0018782120097760033,15.52864321608588,0.0018243139198435736,0.0011120164131225758,
btc-updown-15m-1766622600,,false,-7.83,1766622600000,BTCUSDT,ASIA,0,4,0.004826642950138672,0.014601216724443316,16.16055532899617,87449.66745067801,87625.72479688622,-0.002009197032222021,0.0021343504736956024,0.0033695144262315996,0.6334296885865003,0.001396836120538674,2.723760267721677,0.0017944154192563139,0.0011007201352858265,
btc-updown-15m-1766623500,,true,2.56,1766623500000,BTCUSDT,ASIA,0,4,0.004826642950138672,0.014601216724443316,16.16055532899617,87449.66745067801,87625.72479688622,-0.002009197032222021,0.0021343504736956024,0.0033695144262315996,0.6334296885865003,0.0021922920679251254,1.4555228465377497,0.0018242553984442534,0.0011210826121021652,
btc-updown-15m-1766624400,,true,2.95,1766624400000,BTCUSDT,ASIA,1,4,0.004683212879600186,0.01485107808139368,15.402742203652995,87460.97245523444,87623.50420711971,-0.0018548876052831842,0.002087272343338239,0.003350070544658301,0.6230532508237483,0.0016152712901554187,6.110160965797869,0.0018088643475545657,0.001112812588343095,
btc-updown-15m-1766625300,,true,2.26,1766625300000,BTCUSDT,ASIA,1,4,0.004683212879600186,0.01485107808139368,15.402742203652995,87460.97245523444,87623.50420711971,-0.0018548876052831842,0.002087272343338239,0.003350070544658301,0.6230532508237483,0.001059754872302997,0.01276874386116113,0.0017535208534305352,0.001131354158709244,
btc-updown-15m-1766627100,,true,3.05,1766627100000,BTCUSDT,ASIA,1,4,0.004683212879600186,0.01485107808139368,15.402742203652995,87460.97245523444,87623.50420711971,-0.0018548876052831842,0.002087272343338239,0.003350070544658301,0.6230532508237483,0.0018074764671245711,3.794064203512519,0.0017382186551095837,0.001138260297513854,
btc-updown-15m-1766628900,,true,2.26,1766628900000,BTCUSDT,ASIA,2,4,0.004489882105476414,0.014982146457837698,14.699031818890061,87483.7360306794,87626.62245880373,-0.0016306280456205302,0.002023951611080828,0.0033547528216138164,0.6033087141446082,0.0022259180641513846,3.2124486708447444,0.0017156109187438592,0.0011004764865487908,
btc-updown-15m-1766629800,,true,2.66,1766629800000,BTCUSDT,ASIA,2,4,0.004489882105476414,0.014982146457837698,14.699031818890061,87483.7360306794,87626.62245880373,-0.0016306280456205302,0.002023951611080828,0.0033547528216138164,0.6033087141446082,0.0004897749782674484,2.2944785276094706,0.001628280408126319,0.0010863079621417527,
btc-updown-15m-1766630700,,true,2.53,1766630700000,BTCUSDT,ASIA,2,4,0.004489882105476414,0.014982146457837698,14.699031818890061,87483.7360306794,87626.62245880373,-0.0016306280456205302,0.002023951611080828,0.0033547528216138164,0.6033087141446082,0.0019945696732171394,0.02717774125375727,0.0016512375448101797,0.001163847794255723,
btc-updown-15m-1766631600,,true,3.15,1766631600000,BTCUSDT,ASIA,3,4,0.004488058804926432,0.015649761850437344,14.7354347260639,87522.68116852865,87637.13209675619,-0.0013059638704422394,0.0020618525922403395,0.0033605607225033218,0.6135442155333057,0.0013792264993624493,10.09523809524019,0.0016319467655258448,0.0011444444284987876,
btc-updown-15m-1766632500,,false,-7.05,1766632500000,BTCUSDT,ASIA,3,4,0.004488058804926432,0.015649761850437344,14.7354347260639,87522.68116852865,87637.13209675619,-0.0013059638704422394,0.0020618525922403395,0.0033605607225033218,0.6135442155333057,0.0016527682843472517,2.2218520986010546,0.0016341199027730775,0.0011171402655419174,
btc-updown-15m-1766633400,,true,2.26,1766633400000,BTCUSDT,ASIA,3,4,0.004488058804926432,0.015649761850437344,14.7354347260639,87522.68116852865,87637.13209675619,-0.0013059638704422394,0.0020618525922403395,0.0033605607225033218,0.6135442155333057,0.0009903997163063518,14.392920353998365,0.001588214354592126,0.0011152658847375916,
btc-updown-15m-1766634300,,true,2.85,1766634300000,BTCUSDT,ASIA,3,4,0.004488058804926432,0.015649761850437344,14.7354347260639,87522.68116852865,87637.13209675619,-0.0013059638704422394,0.0020618525922403395,0.0033605607225033218,0.6135442155333057,0.000844614610545328,1.2436440677961977,0.0015356267700295664,0.000987486832580132,
btc-updown-15m-1766636100,,false,-7.93,1766636100000,BTCUSDT,ASIA,4,4,0.004297823351491336,0.01556601128940352,14.769235657521586,87552.94200947483,87645.13454748494,-0.0010518842658647776,0.002038191628480583,0.0033605315298545838,0.6065087056537093,0.0011440228850165216,0.7604349351104435,0.0014683407357558896,0.0008830958303519491,
btc-updown-15m-1766637000,,true,2.07,1766637000000,BTCUSDT,ASIA,4,4,0.004297823351491336,0.01556601128940352,14.769235657521586,87552.94200947483,87645.13454748494,-0.0010518842658647776,0.002038191628480583,0.0033605315298545838,0.6065087056537093,0.0010168753675246717,1.6469890240278546,0.0014366164278930764,0.0006540757613498288,
btc-updown-15m-1766639700,,true,2.36,1766639700000,BTCUSDT,ASIA,5,4,0.004075574126021279,0.014528804896694497,14.691257647759688,87573.93134191133,87650.19130782173,-0.0008700490526322158,0.002014522068905635,0.0033467732018256204,0.6019296640139045,0.0012795859329734962,0.0873400542845527,0.0013186310655017794,0.0007041172031759457,
btc-updown-15m-1766640600,,true,2.76,1766640600000,BTCUSDT,ASIA,5,4,0.004075574126021279,0.014528804896694497,14.691257647759688,87573.93134191133,87650.19130782173,-0.0008700490526322158,0.002014522068905635,0.0033467732018256204,0.6019296640139045,0.0007042304126934537,0.4837779379957793,0.0012741405665335423,0.000705534348132716,
btc-updown-15m-1766642400,,true,2.66,1766642400000,BTCUSDT,ASIA,6,4,0.003888618261101016,0.013087732463308183,14.253251940952767,87590.7521666879,87654.14605037669,-0.0007232274404036509,0.0020214426060786313,0.003345892837867042,0.6041564102714275,0.00042586627662157493,2.9378292939970514,0.0011755765793503683,0.0006788541193671024,
btc-updown-15m-1766643300,,true,2.56,1766643300000,BTCUSDT,ASIA,6,4,0.003888618261101016,0.013087732463308183,14.253251940952767,87590.7521666879,87654.14605037669,-0.0007232274404036509,0.0020214426060786313,0.003345892837867042,0.6041564102714275,0.0007981282814174234,0.6063805370671883,0.0011491488292098507,0.0006533471326403551,
btc-updown-15m-1766644200,,true,2.85,1766644200000,BTCUSDT,ASIA,6,4,0.003888618261101016,0.013087732463308183,14.253251940952767,87590.7521666879,87654.14605037669,-0.0007232274404036509,0.0020214426060786313,0.003345892837867042,0.6041564102714275,0.0007413321037847168,0.3694187026118293,0.0011194130650708585,0.0006540451772174686,
btc-updown-15m-1766645100,,true,2.26,1766645100000,BTCUSDT,ASIA,6,4,0.003888618261101016,0.013087732463308183,14.253251940952767,87590.7521666879,87654.14605037669,-0.0007232274404036509,0.0020214426060786313,0.003345892837867042,0.6041564102714275,0.0006474883843523006,2.5556946182700364,0.0010855063660208588,0.0006500238796762252,
btc-updown-15m-1766647800,,true,2.36,1766647800000,BTCUSDT,ASIA,7,4,0.0037291961325520923,0.01265739952447635,14.05126824204334,87614.14910368944,87661.30383977998,-0.0005379196295861588,0.0019374885493590231,0.003321911819106619,0.5832450272205247,0.0004311810544627333,7.947990543745219,0.0009923175747984206,0.0006541037457924622,
btc-updown-15m-1766648700,,true,3.05,1766648700000,BTCUSDT,ASIA,7,4,0.0037291961325520923,0.01265739952447635,14.05126824204334,87614.14910368944,87661.30383977998,-0.0005379196295861588,0.0019374885493590231,0.003321911819106619,0.5832450272205247,0.0005911707037311794,0.0001927896663728978,0.000964208843992075,0.0004929000088451615,
btc-updown-15m-1766649600,,false,-7.74,1766649600000,BTCUSDT,EU,8,4,0.0035491884285814624,0.012441640272757619,13.939751988015745,87635.4291892198,87668.2321530991,-0.0003741716135216011,0.001924443107107488,0.003313665419961429,0.5807596311669537,0.0012108582051539162,0.3364356684693971,0.0009809358054245123,0.0005398983815031565,
btc-updown-15m-1766651400,,true,2.66,1766651400000,BTCUSDT,EU,8,4,0.0035491884285814624,0.012441640272757619,13.939751988015745,87635.4291892198,87668.2321530991,-0.0003741716135216011,0.001924443107107488,0.003313665419961429,0.5807596311669537,0.005052662813747975,0.27273775880957246,0.0012904340900640621,0.001030879915275304,
btc-updown-15m-1766652300,,false,-6.75,1766652300000,BTCUSDT,EU,8,4,0.0035491884285814624,0.012441640272757619,13.939751988015745,87635.4291892198,87668.2321530991,-0.0003741716135216011,0.001924443107107488,0.003313665419961429,0.5807596311669537,0.0011890988632466196,1.2543916720883925,0.0012824929960253745,0.0010436446801671013,
btc-updown-15m-1766653200,,true,2.66,1766653200000,BTCUSDT,EU,9,4,0.0037423536749887666,0.012343265309489494,13.73858267856213,87630.59307632757,87664.96539822978,-0.00039208732640305666,0.001980554427790445,0.0033279508340909162,0.59512731002574,0.001914964552175727,0.8207413849333862,0.0013262298170559283,0.0010735218209376922,
btc-updown-15m-1766654100,,false,-7.05,1766654100000,BTCUSDT,EU,9,4,0.0037423536749887666,0.012343265309489494,13.73858267856213,87630.59307632757,87664.96539822978,-0.00039208732640305666,0.001980554427790445,0.0033279508340909162,0.59512731002574,0.0017583760139078782,0.7127422588550464,0.0013582966689283887,0.0010860341205901956,
btc-updown-15m-1766655000,,false,-6.95,1766655000000,BTCUSDT,EU,9,4,0.0037423536749887666,0.012343265309489494,13.73858267856213,87630.59307632757,87664.96539822978,-0.00039208732640305666,0.001980554427790445,0.0033279508340909162,0.59512731002574,0.0008068677398911659,14.341304347856724,0.0013189563627766564,0.0010850387846836939,
btc-updown-15m-1766655900,,true,2.66,1766655900000,BTCUSDT,EU,9,4,0.0037423536749887666,0.012343265309489494,13.73858267856213,87630.59307632757,87664.96539822978,-0.00039208732640305666,0.001980554427790445,0.0033279508340909162,0.59512731002574,0.000763506559100971,6.864546525317824,0.0012791331058433434,0.0010796091105296133,
btc-updown-15m-1766657700,,true,2.76,1766657700000,BTCUSDT,EU,10,4,0.003602841210417365,0.011963789812380046,13.551848923439147,87620.67754542438,87659.48175519826,-0.00044266985153129657,0.0019483664045589868,0.0033283778465545786,0.5853801744822537,0.0016102042460326312,0.0736247806515119,0.0012571194093238666,0.001103355411415275,
btc-updown-15m-1766659500,,true,2.26,1766659500000,BTCUSDT,EU,10,4,0.003602841210417365,0.011963789812380046,13.551848923439147,87620.67754542438,87659.48175519826,-0.00044266985153129657,0.0019483664045589868,0.0033283778465545786,0.5853801744822537,0.0019521705046095107,0.9755277197864173,0.0012932394019569175,0.0010981709140399614,
btc-updown-15m-1766663100,,true,2.46,1766663100000,BTCUSDT,EU,11,4,0.0035800294112495108,0.010386199808443982,14.056381314572176,87601.00730287668,87649.79972645696,-0.0005566746727608818,0.0018027897348097586,0.0033250188959372444,0.5421893201907939,0.0010258102826967807,2.41682527598003,0.001279051205749942,0.0011589873378051066,
btc-updown-15m-1766664000,,false,-7.74,1766664000000,BTCUSDT,EU,12,4,0.003464918246445492,0.008609820795194376,14.244901783385657,87593.23898837616,87644.63766422782,-0.0005864440451972541,0.0018137924008613693,0.0033020504791002655,0.5492927538029603,0.0010705097260923307,7.826578699339212,0.0012642663878789236,0.0011400550292686358,
btc-updown-15m-1766666700,,true,3.15,1766666700000,BTCUSDT,EU,12,4,0.003464918246445492,0.008609820795194376,14.244901783385657,87593.23898837616,87644.63766422782,-0.0005864440451972541,0.0018137924008613693,0.0033020504791002655,0.5492927538029603,0.0010774619353740467,0.8941129194293019,0.001221163660890441,0.0011658653628214173,
btc-updown-15m-1766667600,,true,2.46,1766667600000,BTCUSDT,EU,13,4,0.0033057927811715473,0.007807141678470448,14.41996954202205,87590.64479935139,87641.51028104358,-0.0005803811633218192,0.0017252500398749944,0.003297767288692746,0.5231569995222112,0.0007042915847155431,0.23804740859795295,0.0011835653424034187,0.0011523470636754464,
btc-updown-15m-1766669400,,false,-7.24,1766669400000,BTCUSDT,EU,13,4,0.0033057927811715473,0.007807141678470448,14.41996954202205,87590.64479935139,87641.51028104358,-0.0005803811633218192,0.0017252500398749944,0.003297767288692746,0.5231569995222112,0.001555056031674624,5.6492172211391765,0.0011876471848080556,0.0007234443672729719,
btc-updown-15m-1766670300,,true,2.46,1766670300000,BTCUSDT,EU,13,4,0.0033057927811715473,0.007807141678470448,14.41996954202205,87590.64479935139,87641.51028104358,-0.0005803811633218192,0.0017252500398749944,0.003297767288692746,0.5231569995222112,0.0023463889731035804,1.0146250490775415,0.0012688618504105586,0.0007591670983881627,
btc-updown-15m-1766674800,,true,2.95,1766674800000,BTCUSDT,EU,15,4,0.0032314800638754576,0.0066842292195449,13.408294399386115,87606.89590187499,87644.26898506623,-0.0004264178779060934,0.0017032586261365615,0.0032990363037196306,0.516289749287134,0.0015176943371137633,0.44774657086876113,0.0013067210467872805,0.0008231669176647707,
btc-updown-15m-1766675700,,true,2.75,1766675700000,BTCUSDT,EU,15,4,0.0032314800638754576,0.0066842292195449,13.408294399386115,87606.89590187499,87644.26898506623,-0.0004264178779060934,0.0017032586261365615,0.0032990363037196306,0.516289749287134,0.0011319743712519506,0.8465687186160697,0.0012934422519377928,0.0007369547742430242,
btc-updown-15m-1766676600,,false,-7.34,1766676600000,BTCUSDT,EU,15,4,0.0032314800638754576,0.0066842292195449,13.408294399386115,87606.89590187499,87644.26898506623,-0.0004264178779060934,0.0017032586261365615,0.0032990363037196306,0.516289749287134,0.005381148339198026,0.5474208560005044,0.0015798196940732612,0.0010360152078200948,
btc-updown-15m-1766677500,,true,2.26,1766677500000,BTCUSDT,EU,15,4,0.0032314800638754576,0.0066842292195449,13.408294399386115,87606.89590187499,87644.26898506623,-0.0004264178779060934,0.0017032586261365615,0.0032990363037196306,0.516289749287134,0.006836879439076142,0.40409631238468413,0.0019450949068895364,0.0013924133825028797,
btc-updown-15m-1766678400,,true,2.85,1766678400000,BTCUSDT,US,16,4,0.003688752005775111,0.009436965755283768,14.815659664048114,87679.69343481194,87672.69773232387,0.00007979339827590692,0.0023526038251164014,0.0033893074014046012,0.6941252434469155,0.003398128792286462,1.2376939140811078,0.0020514074305790883,0.001472761558232363,
btc-updown-15m-1766679300,,true,2.56,1766679300000,BTCUSDT,US,16,4,0.003688752005775111,0.009436965755283768,14.815659664048114,87679.69343481194,87672.69773232387,0.00007979339827590692,0.0023526038251164014,0.0033893074014046012,0.6941252434469155,0.0031592141382517157,3.111455565396711,0.0021316258649779905,0.001498807175192851,
btc-updown-15m-1766680200,,true,2.46,1766680200000,BTCUSDT,US,16,4,0.003688752005775111,0.009436965755283768,14.815659664048114,87679.69343481194,87672.69773232387,0.00007979339827590692,0.0023526038251164014,0.0033893074014046012,0.6941252434469155,0.0019759121720175584,0.4724050632911049,0.002117661860019024,0.0015106125885554294,
btc-updown-15m-1766682000,,false,-7.93,1766682000000,BTCUSDT,US,17,4,0.0038294461165524142,0.00991673630247318,16.12245939526925,87718.45786973111,87688.87934289144,0.0003373121775682719,0.0024911801608469225,0.003399676530907392,0.732769761534346,0.003906665071088948,0.4059138685534421,0.002314584906980398,0.001697433084306581,
btc-updown-15m-1766682900,,true,2.76,1766682900000,BTCUSDT,US,17,4,0.0038294461165524142,0.00991673630247318,16.12245939526925,87718.45786973111,87688.87934289144,0.0003373121775682719,0.0024911801608469225,0.003399676530907392,0.732769761534346,0.002186242050028902,3.2877200802322126,0.0023064389924351714,0.0017007107608992542,
btc-updown-15m-1766683800,,true,3.15,1766683800000,BTCUSDT,US,17,4,0.0038294461165524142,0.00991673630247318,16.12245939526925,87718.45786973111,87688.87934289144,0.0003373121775682719,0.0024911801608469225,0.003399676530907392,0.732769761534346,0.0016749838369285806,37.39583333322336,0.002261212893295807,0.0016959717747108795,
btc-updown-15m-1766688300,,false,-7.24,1766688300000,BTCUSDT,US,18,4,0.003724684756039733,0.010615782557880026,17.33591035471655,87758.51712060261,87706.48552420379,0.0005932468515623679,0.002473713600526568,0.0033390610651618862,0.7408410784504883,0.0018645488525752929,11.005843681517359,0.0020202628256549404,0.0017273500363299017,
btc-updown-15m-1766689200,,true,2.07,1766689200000,BTCUSDT,US,19,4,0.003596531217950847,0.011374084822633662,18.714888552411654,87804.49263300306,87727.41784458712,0.0008785712643735177,0.002359741441914502,0.0033424813066753895,0.7059849331697914,0.0006061790142163115,3.083206106868815,0.0019195353375880857,0.0017310216890252215,
btc-updown-15m-1766691900,,false,-6.79,1766691900000,BTCUSDT,US,19,4,0.003596531217950847,0.011374084822633662,18.714888552411654,87804.49263300306,87727.41784458712,0.0008785712643735177,0.002359741441914502,0.0033424813066753895,0.7059849331697914,0.0009405514488113787,2.197221150134517,0.00174881776207953,0.001709677023593204,
btc-updown-15m-1766692800,,true,1.99,1766692800000,BTCUSDT,US,20,4,0.0034836520132859234,0.011863846627169635,19.667583554540766,87837.51047716073,87743.97463990304,0.0010660086648861533,0.0021845370715223057,0.0033354033873687827,0.6549543841668978,0.0006151776586542283,3.904977375570515,0.001667616888297926,0.0017006433528410046,
btc-updown-15m-1766693700,,true,2.26,1766693700000,BTCUSDT,US,20,4,0.0034836520132859234,0.011863846627169635,19.667583554540766,87837.51047716073,87743.97463990304,0.0010660086648861533,0.0021845370715223057,0.0033354033873687827,0.6549543841668978,0.0011769849200580734,1.830420535226853,0.0016331668728774935,0.0017045126778576496,
btc-updown-15m-1766694600,,true,2.07,1766694600000,BTCUSDT,US,20,4,0.0034836520132859234,0.011863846627169635,19.667583554540766,87837.51047716073,87743.97463990304,0.0010660086648861533,0.0021845370715223057,0.0033354033873687827,0.6549543841668978,0.005538277239018745,0.4106006451050081,0.0019175062072798515,0.0017564762643703636,
btc-updown-15m-1766695500,,true,2.26,1766695500000,BTCUSDT,US,20,4,0.0034836520132859234,0.011863846627169635,19.667583554540766,87837.51047716073,87743.97463990304,0.0010660086648861533,0.0021845370715223057,0.0033354033873687827,0.6549543841668978,0.001541698022850179,3.0217132659121537,0.001889852986684585,0.0013116611575511895,
btc-updown-15m-1766696400,,false,-7.78,1766696400000,BTCUSDT,US,21,4,0.0036650166979565763,0.01161700772629922,18.70070371465711,87842.76566934996,87749.73625961691,0.0010601673999088845,0.0022801549932864994,0.0033291672942517333,0.6849024971570223,0.0010925461655706052,0.08248702324529515,0.0018310544297777324,0.0013198454748069388,
btc-updown-15m-1766697300,,true,2.17,1766697300000,BTCUSDT,US,21,4,0.0036650166979565763,0.01161700772629922,18.70070371465711,87842.76566934996,87749.73625961691,0.0010601673999088845,0.0022801549932864994,0.0033291672942517333,0.6849024971570223,0.0018446823047141882,0.8139066174001145,0.00183005930743798,0.001344586428641469,
btc-updown-15m-1766699100,,true,3.25,1766699100000,BTCUSDT,US,21,4,0.0036650166979565763,0.01161700772629922,18.70070371465711,87842.76566934996,87749.73625961691,0.0010601673999088845,0.0022801549932864994,0.0033291672942517333,0.6849024971570223,0.0003930850685210494,8.394021739150164,0.0016478873163908842,0.0012847126490089598,
btc-updown-15m-1766700000,,false,-6.65,1766700000000,BTCUSDT,US,22,4,0.0035353361919876133,0.011564463433310187,17.802907673567002,87848.33179495641,87755.5893323881,0.001056826844578751,0.002258986019655776,0.0033125033686458452,0.6819573501533529,0.0010149912350460044,0.4705688375929248,0.0016037128893661332,0.0011426466425198411,
btc-updown-15m-1766701800,,false,-6.95,1766701800000,BTCUSDT,US,22,4,0.0035353361919876133,0.011564463433310187,17.802907673567002,87848.33179495641,87755.5893323881,0.001056826844578751,0.002258986019655776,0.0033125033686458452,0.6819573501533529,0.0005796951607351885,2.9929411764697207,0.0015175507869652268,0.0011423063085060695,
btc-updown-15m-1766707200,,false,-7.54,1766707200000,BTCUSDT,ASIA,0,5,0.004216141875889315,0.013102581436304883,18.499489000268106,87771.90275836592,87730.61029720685,0.00047067336040629293,0.002527403266650468,0.0033178434587961586,0.7617608540119332,0.004424009187583578,1.256777373547763,0.0023567984372077277,0.001623284569670326,
btc-updown-15m-1766708100,,true,2.56,1766708100000,BTCUSDT,ASIA,0,5,0.004216141875889315,0.013102581436304883,18.499489000268106,87771.90275836592,87730.61029720685,0.00047067336040629293,0.002527403266650468,0.0033178434587961586,0.7617608540119332,0.0032284341175402775,8.649725274721996,0.002419373643984048,0.0016240922102559291,
btc-updown-15m-1766709000,,false,-7.74,1766709000000,BTCUSDT,ASIA,0,5,0.004216141875889315,0.013102581436304883,18.499489000268106,87771.90275836592,87730.61029720685,0.00047067336040629293,0.002527403266650468,0.0033178434587961586,0.7617608540119332,0.0036258974602270326,1.4884363406739993,0.002508458045512886,0.0016357247552464536,
btc-updown-15m-1766709900,,true,3.45,1766709900000,BTCUSDT,ASIA,0,5,0.004216141875889315,0.013102581436304883,18.499489000268106,87771.90275836592,87730.61029720685,0.00047067336040629293,0.002527403266650468,0.0033178434587961586,0.7617608540119332,0.0037985216079326066,2.3686466625838167,0.002602980401289663,0.0016258243126747245,
btc-updown-15m-1766710800,,true,2.17,1766710800000,BTCUSDT,ASIA,1,5,0.0042709588993494595,0.014708852467787586,19.317894948723307,87709.81678056753,87706.64434008545,0.00003617103933173382,0.0025331543708393017,0.0033142113562702868,0.7643309670177574,0.0022735055732750527,0.3306402746919879,0.0025749752007260375,0.0017029944364239165,
btc-updown-15m-1766713500,,true,3.23,1766713500000,BTCUSDT,ASIA,1,5,0.0042709588993494595,0.014708852467787586,19.317894948723307,87709.81678056753,87706.64434008545,0.00003617103933173382,0.0025331543708393017,0.0033142113562702868,0.7643309670177574,0.001556027231679292,1.435897435897998,0.0024154080002636476,0.001618834707555593,
btc-updown-15m-1766714400,,true,2.17,1766714400000,BTCUSDT,ASIA,2,5,0.004262178393257081,0.015065090641575135,19.39636488764976,87683.38280001358,87695.8588904808,-0.00014226544588380463,0.0026831331472520763,0.0033320317411322142,0.8052543780211276,0.001428552135743892,2.659337437701696,0.0023439766637084357,0.0015996832412820802,
btc-updown-15m-1766716200,,true,2.46,1766716200000,BTCUSDT,ASIA,2,5,0.004262178393257081,0.015065090641575135,19.39636488764976,87683.38280001358,87695.8588904808,-0.00014226544588380463,0.0026831331472520763,0.0033320317411322142,0.8052543780211276,0.012494719127902619,0.3366082041578577,0.003454538014188764,0.003275497079257386,
btc-updown-15m-1766718000,,true,2.17,1766718000000,BTCUSDT,ASIA,3,5,0.005500027911301591,0.02089045201541976,20.511498161537048,87827.82158047787,87754.83944475406,0.0008316593840931308,0.005258014804115,0.004025583015070462,1.3061498879617481,0.0031228509274112744,8.53015764222336,0.0035075406894860875,0.0032881229891797326,
btc-updown-15m-1766719800,,true,2.17,1766719800000,BTCUSDT,ASIA,3,5,0.005500027911301591,0.02089045201541976,20.511498161537048,87827.82158047787,87754.83944475406,0.0008316593840931308,0.005258014804115,0.004025583015070462,1.3061498879617481,0.0034757173104290255,0.5105299245763973,0.003483161679200113,0.0033861294695209363,
btc-updown-15m-1766726100,,true,2.46,1766726100000,BTCUSDT,ASIA,5,5,0.005694765723909179,0.02549044566947401,22.010998685420276,88024.16492142771,87843.52353840535,0.0020563995585103356,0.00530345234492463,0.0037863071700235274,1.400692576374271,0.0011223177937474066,2.8131448223156386,0.0029921416131474753,0.003129890625645379,
btc-updown-15m-1766727000,,true,2.56,1766727000000,BTCUSDT,ASIA,5,5,0.005694765723909179,0.02549044566947401,22.010998685420276,88024.16492142771,87843.52353840535,0.0020563995585103356,0.00530345234492463,0.0037863071700235274,1.400692576374271,0.0010833250888073328,2.526932942468716,0.0028565903215744025,0.0030930002354063917,
btc-updown-15m-1766728800,,true,2.95,1766728800000,BTCUSDT,ASIA,6,5,0.005461057814558201,0.0271678259062514,22.441964602710517,88116.77588246283,87888.73978449458,0.0025945997010241584,0.005293925701131763,0.0037848590424164642,1.3987114557777103,0.002123636615726904,0.4735280337343048,0.00267767722780431,0.003071522962340284,
btc-updown-15m-1766732400,,true,2.36,1766732400000,BTCUSDT,ASIA,7,5,0.005266821979647553,0.028550542398698114,23.14140560451161,88212.724847326,87937.18190778523,0.003133406524554294,0.0052715542885472325,0.0037573383728989112,1.4030022759116192,0.001560414292519639,0.10576540755469512,0.0024443127515713188,0.0031260886070771654,
btc-updown-15m-1766735100,,true,2.66,1766735100000,BTCUSDT,ASIA,7,5,0.005266821979647553,0.028550542398698114,23.14140560451161,88212.724847326,87937.18190778523,0.003133406524554294,0.0052715542885472325,0.0037573383728989112,1.4030022759116192,0.007417893838181985,0.013920542038795315,0.0028887416456376304,0.002244772634543894,
btc-updown-15m-1766736900,,true,1.97,1766736900000,BTCUSDT,EU,8,5,0.005911978046678629,0.028126819504401445,22.221555415328368,88237.29867373263,87958.10192358999,0.003174201625964823,0.00558961213592356,0.003847666601371509,1.4527277737450355,0.005329310779495,1.459237995824572,0.0032187537310892993,0.0023980221697135645,
btc-updown-15m-1766737800,,true,2.95,1766737800000,BTCUSDT,EU,8,5,0.005911978046678629,0.028126819504401445,22.221555415328368,88237.29867373263,87958.10192358999,0.003174201625964823,0.00558961213592356,0.003847666601371509,1.4527277737450355,0.0018437436561011217,1.5873317498022879,0.0031182527717493165,0.002354579564578553,
btc-updown-15m-1766738700,,true,2.95,1766738700000,BTCUSDT,EU,8,5,0.005911978046678629,0.028126819504401445,22.221555415328368,88237.29867373263,87958.10192358999,0.003174201625964823,0.00558961213592356,0.003847666601371509,1.4527277737450355,0.001814829777706171,0.7711294765839771,0.003028013417743412,0.0023529479271244117,
btc-updown-15m-1766741400,,true,2.56,1766741400000,BTCUSDT,EU,9,5,0.005852157314329549,0.028055416344925355,21.367446758497643,88285.39213553615,87988.84786117253,0.0033702484072926087,0.00561801984612321,0.0038584710614870616,1.4560222835928216,0.0020356893452134557,1.9340159271900252,0.002773350936441814,0.002343549852566162,
btc-updown-15m-1766743200,,false,-6.9,1766743200000,BTCUSDT,EU,10,5,0.005646210898717842,0.028036332863346926,20.635752309427378,88335.5224097557,88021.1216188737,0.0035718789433669684,0.005617965567991709,0.0038454615353997355,1.4609340169639018,0.0016830163708826697,2.5095137420723685,0.002546773553390588,0.002180279115145397,
btc-updown-15m-1766745900,,false,-7.64,1766745900000,BTCUSDT,EU,10,5,0.005646210898717842,0.028036332863346926,20.635752309427378,88335.5224097557,88021.1216188737,0.0035718789433669684,0.005617965567991709,0.0038454615353997355,1.4609340169639018,0.001589197113215979,0.9387811253269599,0.0023779796554525704,0.002193256302048682,
btc-updown-15m-1766746800,,true,3.05,1766746800000,BTCUSDT,EU,11,5,0.005409243480594172,0.027842445884017592,19.95629436615179,88374.83837170713,88049.61417354882,0.003693647055821092,0.005625968074252526,0.0038258566625188543,1.4705119847716723,0.001366596073664837,1101.4545454487488,0.002305724912959701,0.002164605940097962,
btc-updown-15m-1766747700,,true,2.76,1766747700000,BTCUSDT,EU,11,5,0.005409243480594172,0.027842445884017592,19.95629436615179,88374.83837170713,88049.61417354882,0.003693647055821092,0.005625968074252526,0.0038258566625188543,1.4705119847716723,0.0010567216701819551,0.27071748270702584,0.002218278756307008,0.002150661291985182,
btc-updown-15m-1766749500,,true,3.15,1766749500000,BTCUSDT,EU,11,5,0.005409243480594172,0.027842445884017592,19.95629436615179,88374.83837170713,88049.61417354882,0.003693647055821092,0.005625968074252526,0.0038258566625188543,1.4705119847716723,0.001223353551660875,15.290225563924295,0.0020634402005060325,0.0020943231011924276,
btc-updown-15m-1766751300,,false,-7.93,1766751300000,BTCUSDT,EU,12,5,0.005214728526544052,0.027924798190220337,18.94404935302336,88389.94138492762,88068.56826773542,0.0036491238987239605,0.005423570692901928,0.003835705962288376,1.413969356938464,0.002181887924356681,0.22967725507660994,0.0019925110564628324,0.0020232347002885776,
btc-updown-15m-1766752200,,false,-7.24,1766752200000,BTCUSDT,EU,12,5,0.005214728526544052,0.027924798190220337,18.94404935302336,88389.94138492762,88068.56826773542,0.0036491238987239605,0.005423570692901928,0.003835705962288376,1.413969356938464,0.000896947411168809,5.747877758914524,0.001913953384457801,0.0020119791007278025,
btc-updown-15m-1766753100,,true,2.07,1766753100000,BTCUSDT,EU,12,5,0.005214728526544052,0.027924798190220337,18.94404935302336,88389.94138492762,88068.56826773542,0.0036491238987239605,0.005423570692901928,0.003835705962288376,1.413969356938464,0.001319314791103758,2.3500429676306327,0.0018706817714491046,0.0011965235130748809,
btc-updown-15m-1766754000,,true,2.46,1766754000000,BTCUSDT,EU,13,5,0.0050179768221315455,0.0280325015945207,18.02000484899598,88417.46125378273,88092.47963388696,0.003689096064118047,0.005375896119026981,0.003826855130850293,1.4047817163730745,0.0010381875962690702,0.5789022298453476,0.0018123475437791573,0.0009104803512574089,
btc-updown-15m-1766754900,,true,2.36,1766754900000,BTCUSDT,EU,13,5,0.0050179768221315455,0.0280325015945207,18.02000484899598,88417.46125378273,88092.47963388696,0.003689096064118047,0.005375896119026981,0.003826855130850293,1.4047817163730745,0.0024324590879474303,0.39241651056133914,0.001853287037505496,0.0008645678952115749,
btc-updown-15m-1766755800,,true,2.66,1766755800000,BTCUSDT,EU,13,5,0.0050179768221315455,0.0280325015945207,18.02000484899598,88417.46125378273,88092.47963388696,0.003689096064118047,0.005375896119026981,0.003826855130850293,1.4047817163730745,0.0009328925753919491,0.31345177664992574,0.0017887558160626297,0.0008697405064470892,
btc-updown-15m-1766756700,,true,2.66,1766756700000,BTCUSDT,EU,13,5,0.0050179768221315455,0.0280325015945207,18.02000484899598,88417.46125378273,88092.47963388696,0.003689096064118047,0.005375896119026981,0.003826855130850293,1.4047817163730745,0.003016895244258149,0.8162642430818595,0.001873351068402494,0.0009056236618597811,
btc-updown-15m-1766758500,,true,2.56,1766758500000,BTCUSDT,EU,14,5,0.004989735800260367,0.028639219715895278,17.818333835031023,88472.26304024334,88127.7867554107,0.0039088271419851495,0.005423348682917174,0.0038390839563443384,1.4126673822682971,0.001629604634160111,2.508839912811239,0.001838891438025503,0.0008775287758272033,
btc-updown-15m-1766759400,,true,3.05,1766759400000,BTCUSDT,EU,14,5,0.004989735800260367,0.028639219715895278,17.818333835031023,88472.26304024334,88127.7867554107,0.0039088271419851495,0.005423348682917174,0.0038390839563443384,1.4126673822682971,0.0009785786634091318,4.328842620947478,0.0017770931008147907,0.0008683090291650851,
btc-updown-15m-1766761200,,true,2.61,1766761200000,BTCUSDT,EU,15,5,0.006111750389935148,0.030311240191136245,18.068909647686795,88368.27894182605,88098.47022420228,0.0030625811882674103,0.006850596116919892,0.004333754539558871,1.5807531447356056,0.012526292024306072,0.06691370063383262,0.0030427460486445283,0.0030558494413889825,
btc-updown-15m-1766763000,,true,2.17,1766763000000,BTCUSDT,EU,15,5,0.006111750389935148,0.030311240191136245,18.068909647686795,88368.27894182605,88098.47022420228,0.0030625811882674103,0.006850596116919892,0.004333754539558871,1.5807531447356056,0.0053544466175555454,1.001250808712502,0.0034806388838141966,0.0034323069091242715,
btc-updown-15m-1766763900,,true,2.46,1766763900000,BTCUSDT,EU,15,5,0.006111750389935148,0.030311240191136245,18.068909647686795,88368.27894182605,88098.47022420228,0.0030625811882674103,0.006850596116919892,0.004333754539558871,1.5807531447356056,0.003143995789745553,7.761706221939177,0.0034550570525094496,0.003446203071809481,
btc-updown-15m-1766766600,,false,-6.65,1766766600000,BTCUSDT,US,16,5,0.006286049814913376,0.032556154032943846,19.180484216250107,88251.09142315084,88060.78425345816,0.0021610887446212868,0.006869042757106821,0.004338757509816779,1.5831819919792878,0.003548219305098714,0.2517332252179119,0.0033717463535238913,0.00357549453496418,
btc-updown-15m-1766767500,,true,2.56,1766767500000,BTCUSDT,US,16,5,0.006286049814913376,0.032556154032943846,19.180484216250107,88251.09142315084,88060.78425345816,0.0021610887446212868,0.006869042757106821,0.004338757509816779,1.5831819919792878,0.0024733718727631667,7.785248573754072,0.003306454732018035,0.0035799950188376553,
btc-updown-15m-1766769300,,true,3.25,1766769300000,BTCUSDT,US,17,5,0.006291546910492806,0.03537371883625223,20.212661230521334,88118.20842981513,88013.51609950127,0.0011895028735757762,0.006874885136449395,0.004351778774832958,1.579787367916763,0.003094628337060427,0.9641055632723545,0.003424575433447037,0.003691831751558348,
btc-updown-15m-1766770200,,false,-7.54,1766770200000,BTCUSDT,US,17,5,0.006291546910492806,0.03537371883625223,20.212661230521334,88118.20842981513,88013.51609950127,0.0011895028735757762,0.006874885136449395,0.004351778774832958,1.579787367916763,0.0038671021898826117,0.10144073346434535,0.0034440690957794895,0.0038194557092314906,
btc-updown-15m-1766771100,,true,3.15,1766771100000,BTCUSDT,US,17,5,0.006291546910492806,0.03537371883625223,20.212661230521334,88118.20842981513,88013.51609950127,0.0011895028735757762,0.006874885136449395,0.004351778774832958,1.579787367916763,0.0029835927626374967,2.001961463020801,0.0034075643300111543,0.003831616305279942,
btc-updown-15m-1766772000,,false,-6.85,1766772000000,BTCUSDT,US,18,5,0.006338329547806693,0.036380138173836556,20.96566753467858,88043.32286417368,87986.75372859911,0.000642927863312881,0.007006837384086908,0.004395280818929221,1.594172857832077,0.0021221817495121007,2.508904888215531,0.003317554199828169,0.0038317150712562126,
btc-updown-15m-1766772900,,true,3.25,1766772900000,BTCUSDT,US,18,5,0.006338329547806693,0.036380138173836556,20.96566753467858,88043.32286417368,87986.75372859911,0.000642927863312881,0.007006837384086908,0.004395280818929221,1.594172857832077,0.0017090270284894594,35.4498777506428,0.003202368261080744,0.0037917998775116395,
btc-updown-15m-1766774700,,true,2.66,1766774700000,BTCUSDT,US,18,5,0.006338329547806693,0.036380138173836556,20.96566753467858,88043.32286417368,87986.75372859911,0.000642927863312881,0.007006837384086908,0.004395280818929221,1.594172857832077,0.0013055975459444612,34.14197530874317,0.0029773891106949445,0.0037533517253381895,
btc-updown-15m-1766775600,,true,2.85,1766775600000,BTCUSDT,US,19,5,0.006104393875218263,0.037157357716796985,21.664911984714355,87970.4130663996,87958.91766675103,0.00013069055365289017,0.00698200225604431,0.00439433205976934,1.5888654205187211,0.0026628523375028844,2.9265402843600046,0.002952700265185929,0.0037493909610230884,
btc-updown-15m-1766776500,,true,2.95,1766776500000,BTCUSDT,US,19,5,0.006104393875218263,0.037157357716796985,21.664911984714355,87970.4130663996,87958.91766675103,0.00013069055365289017,0.00698200225604431,0.00439433205976934,1.5888654205187211,0.0015522705681867547,2.4853319608852367,0.002851368004806894,0.0037613819356444654,
btc-updown-15m-1766777400,,true,3.15,1766777400000,BTCUSDT,US,19,5,0.006104393875218263,0.037157357716796985,21.664911984714355,87970.4130663996,87958.91766675103,0.00013069055365289017,0.00698200225604431,0.00439433205976934,1.5888654205187211,0.0017954977878641334,1.8455949137145486,0.002774095980586742,0.003769642490850549,
btc-updown-15m-1766779200,,false,-7.15,1766779200000,BTCUSDT,US,20,5,0.005926735912979078,0.03650519793310185,21.78817700926163,87925.78610623084,87940.96301789451,-0.0001725806853011269,0.006919086399131054,0.0043929320376572805,1.5750497252902993,0.0017190897539847408,6.310311284046954,0.0026018470263828074,0.002423781088232327,
btc-updown-15m-1766780100,,true,3.05,1766780100000,BTCUSDT,US,20,5,0.005926735912979078,0.03650519793310185,21.78817700926163,87925.78610623084,87940.96301789451,-0.0001725806853011269,0.006919086399131054,0.0043929320376572805,1.5750497252902993,0.0019026378920478522,5.306029579067992,0.0025509761347446884,0.0017759076035870599,
btc-updown-15m-1766781000,,false,-7.15,1766781000000,BTCUSDT,US,20,5,0.005926735912979078,0.03650519793310185,21.78817700926163,87925.78610623084,87940.96301789451,-0.0001725806853011269,0.006919086399131054,0.0043929320376572805,1.5750497252902993,0.0014745305247472202,0.5267392333174086,0.002471681657010999,0.0017023242494182097,
btc-updown-15m-1766782800,,true,2.66,1766782800000,BTCUSDT,US,21,5,0.005818616561394264,0.035341100916813285,21.37007169991094,87893.40361843488,87927.00859240304,-0.00038219171226372417,0.0069135334319602205,0.004393604237633888,1.573544875239697,0.002589018864515685,1.239332279731457,0.0024083842617611145,0.0017287898688618847,
btc-updown-15m-1766783700,,true,3.05,1766783700000,BTCUSDT,US,21,5,0.005818616561394264,0.035341100916813285,21.37007169991094,87893.40361843488,87927.00859240304,-0.00038219171226372417,0.0069135334319602205,0.004393604237633888,1.573544875239697,0.0016840591307609818,1.1733490566034537,0.0023547745005546173,0.001684928488771068,
btc-updown-15m-1766784600,,true,2.66,1766784600000,BTCUSDT,US,21,5,0.005818616561394264,0.035341100916813285,21.37007169991094,87893.40361843488,87927.00859240304,-0.00038219171226372417,0.0069135334319602205,0.004393604237633888,1.573544875239697,0.001262829322494783,0.4999321665986714,0.002278587346313944,0.0016002736722324318,
btc-updown-15m-1766785500,,false,-7.54,1766785500000,BTCUSDT,US,21,5,0.005818616561394264,0.035341100916813285,21.37007169991094,87893.40361843488,87927.00859240304,-0.00038219171226372417,0.0069135334319602205,0.004393604237633888,1.573544875239697,0.0012279290583735994,0.3135624312094673,0.0022054919408040505,0.0016193229414572733,
btc-updown-15m-1766786400,,false,-7.74,1766786400000,BTCUSDT,US,22,5,0.005603845522609502,0.03525324942355488,20.981775146523272,87853.13565215084,87909.01154555897,-0.0006356105298621628,0.00687667516347418,0.004390570999136265,1.5662370941790928,0.0010225179186460025,2.248456229567628,0.002121629992163033,0.0011137337969056916,
btc-updown-15m-1766788200,,false,-6.95,1766788200000,BTCUSDT,US,22,5,0.005603845522609502,0.03525324942355488,20.981775146523272,87853.13565215084,87909.01154555897,-0.0006356105298621628,0.00687667516347418,0.004390570999136265,1.5662370941790928,0.0014470346088069587,2.448868284701587,0.0020260575176227463,0.000772897684678276,
btc-updown-15m-1766789100,,true,2.85,1766789100000,BTCUSDT,US,22,5,0.005603845522609502,0.03525324942355488,20.981775146523272,87853.13565215084,87909.01154555897,-0.0006356105298621628,0.00687667516347418,0.004390570999136265,1.5662370941790928,0.002334135733050627,8.33669262482779,0.002048359184328175,0.0007449602241500115,
btc-updown-15m-1766790000,,true,2.66,1766790000000,BTCUSDT,US,23,5,0.0054201691636929904,0.034391574803840995,20.884840358250617,87824.26558763425,87894.85954496948,-0.0008031636628205163,0.005032646332406186,0.00428500007214157,1.1744798711032354,0.002617914967007009,0.6626663757363962,0.002085566258982713,0.0008060184229375612,
btc-updown-15m-1766792700,,true,2.56,1766792700000,BTCUSDT,US,23,5,0.0054201691636929904,0.034391574803840995,20.884840358250617,87824.26558763425,87894.85954496948,-0.0008031636628205163,0.005032646332406186,0.00428500007214157,1.1744798711032354,0.0016539958781773116,0.5782803452420872,0.0019165395706837174,0.00080746439540887,
btc-updown-15m-1766794500,,false,-7.34,1766794500000,BTCUSDT,ASIA,0,6,0.005221829992134115,0.03444760343777838,20.794837975809717,87780.9602910815,87874.17620601956,-0.0010607884928505174,0.004989341397420164,0.004228966847180226,1.1798014923543176,0.0014000948673117616,1.5175113308614177,0.0018088395224765401,0.0008007486143368446,
btc-updown-15m-1766797200,,true,2.85,1766797200000,BTCUSDT,ASIA,1,6,0.004978841538024592,0.03377635624026007,20.872531471059823,87744.78026145193,87855.55750622542,-0.0012609019613316619,0.004970214887341012,0.004166806134414641,1.192811646860848,0.0004652434527999264,1.4636363636360108,0.0016129171442628852,0.0007516976915315572,
btc-updown-15m-1766798100,,true,2.85,1766798100000,BTCUSDT,ASIA,1,6,0.004978841538024592,0.03377635624026007,20.872531471059823,87744.78026145193,87855.55750622542,-0.0012609019613316619,0.004970214887341012,0.004166806134414641,1.192811646860848,0.0005457142428669728,6.713592232999981,0.0015367755972347694,0.0007469362562039396,
btc-updown-15m-1766799000,,true,2.85,1766799000000,BTCUSDT,ASIA,1,6,0.004978841538024592,0.03377635624026007,20.872531471059823,87744.78026145193,87855.55750622542,-0.0012609019613316619,0.004970214887341012,0.004166806134414641,1.192811646860848,0.0007087813312263885,11.042801556420464,0.0014776841991096194,0.0007057576874875276,
btc-updown-15m-1766799900,,true,3.35,1766799900000,BTCUSDT,ASIA,1,6,0.004978841538024592,0.03377635624026007,20.872531471059823,87744.78026145193,87855.55750622542,-0.0012609019613316619,0.004970214887341012,0.004166806134414641,1.192811646860848,0.0011775980592690046,1.2757629367536674,0.0014554963157776472,0.0006853124363865694,
btc-updown-15m-1766801700,,true,2.17,1766801700000,BTCUSDT,ASIA,2,6,0.004749672683318841,0.03249574522675525,20.690513692525233,87719.08975949469,87840.64955708275,-0.0013838672437078703,0.004978490902716981,0.00403209593080905,1.2347153907417165,0.0011444899707801948,17.25182481753256,0.0013794220215686288,0.0006250089923190445,
btc-updown-15m-1766802600,,false,-7.44,1766802600000,BTCUSDT,ASIA,2,6,0.004749672683318841,0.03249574522675525,20.690513692525233,87719.08975949469,87840.64955708275,-0.0013838672437078703,0.004978490902716981,0.00403209593080905,1.2347153907417165,0.0007710513903463013,0.7877984084880473,0.0013365006654423304,0.0006058007387398208,
btc-updown-15m-1766804400,,false,-7.15,1766804400000,BTCUSDT,ASIA,3,6,0.004493572203499294,0.030282292731596685,20.521764040487124,87693.08311523593,87825.21558308645,-0.0015044935212884525,0.004951224194916611,0.003900273822561402,1.2694555357308286,0.0003039946474983259,3.357377049186851,0.0012111497357205397,0.0005683008767531901,
btc-updown-15m-1766805300,,true,2.43,1766805300000,BTCUSDT,ASIA,3,6,0.004493572203499294,0.030282292731596685,20.521764040487124,87693.08311523593,87825.21558308645,-0.0015044935212884525,0.004951224194916611,0.003900273822561402,1.2694555357308286,0.001083566690960833,0.6139423896370402,0.0012027918396755953,0.0005869230514310707,
btc-updown-15m-1766807100,,true,2.46,1766807100000,BTCUSDT,ASIA,3,6,0.004493572203499294,0.030282292731596685,20.521764040487124,87693.08311523593,87825.21558308645,-0.0015044935212884525,0.004951224194916611,0.003900273822561402,1.2694555357308286,0.0009728151635176232,0.09473548719269355,0.0011352460139795544,0.0006193865333714414,
btc-updown-15m-1766808900,,true,2.56,1766808900000,BTCUSDT,ASIA,4,6,0.00428772353647906,0.029708759681020065,20.22382688957124,87676.04853376276,87813.142455935,-0.0015612005030002374,0.004726104064310164,0.003891465111880045,1.214479361483184,0.00040351370129061416,1.4046321525898984,0.0010311837734434824,0.0004813569006547255,
btc-updown-15m-1766809800,,true,3.35,1766809800000,BTCUSDT,ASIA,4,6,0.00428772353647906,0.029708759681020065,20.22382688957124,87676.04853376276,87813.142455935,-0.0015612005030002374,0.004726104064310164,0.003891465111880045,1.214479361483184,0.00041423078840359504,0.0005523336096127876,0.0009875122276411068,0.00048152190976163457,
btc-updown-15m-1766810700,,true,2.43,1766810700000,BTCUSDT,ASIA,4,6,0.00428772353647906,0.029708759681020065,20.22382688957124,87676.04853376276,87813.142455935,-0.0015612005030002374,0.004726104064310164,0.003891465111880045,1.214479361483184,0.0004193758023362595,0.0002727024814497351,0.0009465342057243629,0.00042036699240894455,
btc-updown-15m-1766811600,,false,-6.85,1766811600000,BTCUSDT,ASIA,5,6,0.004027165859468855,0.02814102383441523,19.947192748104143,87656.44296020127,87799.81509594509,-0.001632943481568172,0.004649463930665681,0.0038911019310790833,1.1948964619840448,0.000342974734194581,0.006711409395874835,0.0009037223007334818,0.00043063870542514777,
btc-updown-15m-1766812500,,true,3.05,1766812500000,BTCUSDT,ASIA,5,6,0.004027165859468855,0.02814102383441523,19.947192748104143,87656.44296020127,87799.81509594509,-0.001632943481568172,0.004649463930665681,0.0038911019310790833,1.1948964619840448,0.0004085941308591709,6.306748466257705,0.0008683965425955072,0.0004070311784060025,
btc-updown-15m-1766814300,,false,-7.24,1766814300000,BTCUSDT,ASIA,5,6,0.004027165859468855,0.02814102383441523,19.947192748104143,87656.44296020127,87799.81509594509,-0.001632943481568172,0.004649463930665681,0.0038911019310790833,1.1948964619840448,0.0006270441249715463,0.25405899839930524,0.0008069909052723488,0.0003868856457135215,
btc-updown-15m-1766815200,,true,2.95,1766815200000,BTCUSDT,ASIA,6,6,0.003792352744266301,0.0258208196208579,19.740202681728817,87642.11506047471,87788.3660631823,-0.0016659497068476359,0.004643851713005332,0.003891171324498694,1.193432857548005,0.00022287586442975497,3.5138888888815907,0.0007652290653401062,0.0003858315800393931,
btc-updown-15m-1766817900,,true,3.35,1766817900000,BTCUSDT,ASIA,6,6,0.003792352744266301,0.0258208196208579,19.740202681728817,87642.11506047471,87788.3660631823,-0.0016659497068476359,0.004643851713005332,0.003891171324498694,1.193432857548005,0.0006550143660460653,2.2150477259975743,0.0007928478319351071,0.0004061351164971108,
btc-updown-15m-1766818800,,true,2.46,1766818800000,BTCUSDT,ASIA,7,6,0.0036438757589365043,0.023234369464799898,19.32074271054251,87625.62981785073,87775.9222143295,-0.0017122280539735302,0.004644396355160871,0.003869318684308635,1.2003137332666425,0.0003318847209515562,1.4888507718692439,0.0007598159737884228,0.00039370271519438256,
btc-updown-15m-1766819700,,false,-7.24,1766819700000,BTCUSDT,ASIA,7,6,0.0036438757589365043,0.023234369464799898,19.32074271054251,87625.62981785073,87775.9222143295,-0.0017122280539735302,0.004644396355160871,0.003869318684308635,1.2003137332666425,0.0009537092051230288,0.054747755721354624,0.0007729665616544717,0.0004429781053203173,
btc-updown-15m-1766820600,,true,3.05,1766820600000,BTCUSDT,ASIA,7,6,0.0036438757589365043,0.023234369464799898,19.32074271054251,87625.62981785073,87775.9222143295,-0.0017122280539735302,0.004644396355160871,0.003869318684308635,1.2003137332666425,0.0018922422636719121,2.7189043556346904,0.000852462899112711,0.0004403647640160941,
btc-updown-15m-1766823300,,true,3.05,1766823300000,BTCUSDT,EU,8,6,0.003570994862931719,0.021076032344221448,18.364996947712385,87617.40412183695,87766.74751012701,-0.0017015941974245496,0.004638334608437198,0.003868775478767914,1.1989154278641068,0.0007636574450889837,2.272148800782235,0.0007986550381534729,0.0004283753031323383,
btc-updown-15m-1766824200,,true,2.36,1766824200000,BTCUSDT,EU,8,6,0.003570994862931719,0.021076032344221448,18.364996947712385,87617.40412183695,87766.74751012701,-0.0017015941974245496,0.004638334608437198,0.003868775478767914,1.1989154278641068,0.0013398861211005681,1.4559346870420133,0.0008368578251016223,0.00043299432655257233,
btc-updown-15m-1766825100,,true,2.36,1766825100000,BTCUSDT,EU,8,6,0.003570994862931719,0.021076032344221448,18.364996947712385,87617.40412183695,87766.74751012701,-0.0017015941974245496,0.004638334608437198,0.003868775478767914,1.1989154278641068,0.0005401137492570459,13.08035714285401,0.0008156240206480535,0.0003916320622827023,
btc-updown-15m-1766826000,,true,2.76,1766826000000,BTCUSDT,EU,9,6,0.0034262191536966534,0.017466475030446318,17.4775610674127,87615.07992060948,87760.04375398812,-0.001651820431915585,0.004618246231844482,0.0038628892661972617,1.1955419670600125,0.0002533433559420757,0.24453168816602103,0.0007756142943682474,0.000395785926420681,
btc-updown-15m-1766828700,,true,2.17,1766828700000,BTCUSDT,EU,9,6,0.0034262191536966534,0.017466475030446318,17.4775610674127,87615.07992060948,87760.04375398812,-0.001651820431915585,0.004618246231844482,0.0038628892661972617,1.1955419670600125,0.0009554596593534315,1.5467275494669306,0.0008483312179419633,0.00048177140022484034,
btc-updown-15m-1766829600,,true,2.85,1766829600000,BTCUSDT,EU,10,6,0.003287977878860617,0.007873066720812675,16.67499087639292,87615.4446914957,87754.63156386687,-0.0015860914676609772,0.004520809407615686,0.0038628774934444557,1.1703217136157649,0.00041909842122857835,0.4054364471666346,0.0008174280669801791,0.0004754265308152627,
btc-updown-15m-1766832300,,true,2.76,1766832300000,BTCUSDT,EU,10,6,0.003287977878860617,0.007873066720812675,16.67499087639292,87615.4446914957,87754.63156386687,-0.0015860914676609772,0.004520809407615686,0.0038628774934444557,1.1703217136157649,0.002107799717365341,0.9157391032975614,0.0009239798810865562,0.0005673749903251241,
btc-updown-15m-1766833200,,false,-6.85,1766833200000,BTCUSDT,EU,11,6,0.0032669048905525143,0.007895206137084783,16.560479160319236,87604.73662665409,87744.87608941132,-0.0015971241741161712,0.001888097567303181,0.0038118052875050538,0.49532896485880057,0.0009978434959568724,0.549005681818483,0.0009286429681299393,0.0005870617448930541,
btc-updown-15m-1766834100,,false,-6.75,1766834100000,BTCUSDT,EU,11,6,0.0032669048905525143,0.007895206137084783,16.560479160319236,87604.73662665409,87744.87608941132,-0.0015971241741161712,0.001888097567303181,0.0038118052875050538,0.49532896485880057,0.0009676577935732215,1.8338914936367614,0.0009310686730051745,0.0005888593800107225,
btc-updown-15m-1766835000,,false,-6.85,1766835000000,BTCUSDT,EU,11,6,0.0032669048905525143,0.007895206137084783,16.560479160319236,87604.73662665409,87744.87608941132,-0.0015971241741161712,0.001888097567303181,0.0038118052875050538,0.49532896485880057,0.0008341621226151007,0.8138205319415499,0.0009245335482336438,0.0005804965479738682,
btc-updown-15m-1766836800,,false,-6.65,1766836800000,BTCUSDT,EU,12,6,0.0031225325740941875,0.0072761452035570665,16.45402114799603,87592.4740911953,87734.38259055269,-0.0016174787485502273,0.001768823075712434,0.0038033825104451576,0.46506578574591134,0.001157336593393594,11.713567839187215,0.0009181455133027153,0.0005787117461460291,
btc-updown-15m-1766837700,,true,2.85,1766837700000,BTCUSDT,EU,12,6,0.0031225325740941875,0.0072761452035570665,16.45402114799603,87592.4740911953,87734.38259055269,-0.0016174787485502273,0.001768823075712434,0.0038033825104451576,0.46506578574591134,0.0008590474684922467,2.4497014239769044,0.0009141140369558569,0.0005405178488078164,
btc-updown-15m-1766838600,,true,2.26,1766838600000,BTCUSDT,EU,12,6,0.0031225325740941875,0.0072761452035570665,16.45402114799603,87592.4740911953,87734.38259055269,-0.0016174787485502273,0.001768823075712434,0.0038033825104451576,0.46506578574591134,0.0006834037096182752,0.6802587176604025,0.0008972564867732109,0.0005353745827647507,
btc-updown-15m-1766840400,,true,2.36,1766840400000,BTCUSDT,EU,13,6,0.0029753283981622538,0.0037881781019150425,16.43432901546539,87581.21751151356,87724.22815462814,-0.001630229711026998,0.0015756825989229647,0.003795361503310745,0.41516008357793466,0.0006066004532636174,1.2365092748729238,0.0008405023983068476,0.0005285442310664721,
btc-updown-15m-1766841300,,true,1.97,1766841300000,BTCUSDT,EU,13,6,0.0029753283981622538,0.0037881781019150425,16.43432901546539,87581.21751151356,87724.22815462814,-0.001630229711026998,0.0015756825989229647,0.003795361503310745,0.41516008357793466,0.0008392359211739031,1.442557442557731,0.0008406502655160281,0.0005287427026004034,
btc-updown-15m-1766844000,,true,2.66,1766844000000,BTCUSDT,EU,14,6,0.002902596142092357,0.0034771618820305453,16.86662354669416,87568.98536798135,87713.6248980519,-0.0016489972936206687,0.001020139213720139,0.00378715083750063,0.26936851936781864,0.0002735190350723928,0.4479418886193919,0.0008594522320820965,0.0005548801353382216,
btc-updown-15m-1766846700,,true,3.25,1766846700000,BTCUSDT,EU,14,6,0.002902596142092357,0.0034771618820305453,16.86662354669416,87568.98536798135,87713.6248980519,-0.0016489972936206687,0.001020139213720139,0.00378715083750063,0.26936851936781864,0.0010463855256294234,0.01407982261645361,0.0008535231375882462,0.0005307256982327967,
btc-updown-15m-1766847600,,false,-7.34,1766847600000,BTCUSDT,EU,15,6,0.002818693282569264,0.0027599937271808065,16.874131989112886,87566.69152355538,87707.01772129379,-0.0015999426429516017,0.0010291933777243807,0.0037880879013125943,0.2716920527023038,0.0004371095868588745,0.0005231493592486704,0.0008234195726761454,0.0005363800103911769,
btc-updown-15m-1766848500,,true,2.56,1766848500000,BTCUSDT,EU,15,6,0.002818693282569264,0.0027599937271808065,16.874131989112886,87566.69152355538,87707.01772129379,-0.0015999426429516017,0.0010291933777243807,0.0037880879013125943,0.2716920527023038,0.000769048671476408,8.489421720737937,0.0008194318996249517,0.0005004229633736365,
btc-updown-15m-1766849400,,true,2.46,1766849400000,BTCUSDT,EU,15,6,0.002818693282569264,0.0027599937271808065,16.874131989112886,87566.69152355538,87707.01772129379,-0.0015999426429516017,0.0010291933777243807,0.0037880879013125943,0.2716920527023038,0.0005748460401165155,1.9976162097739214,0.0008020915313066936,0.0005023559894121992,
btc-updown-15m-1766851200,,false,-6.65,1766851200000,BTCUSDT,US,16,6,0.0027030609872760857,0.002810407981331541,16.615212766801072,87565.22090209957,87700.88054325947,-0.0015468446875284148,0.0008586450889829347,0.0037851684033081796,0.22684462023736962,0.0005710532328079191,0.36027210884367994,0.0007722567953256039,0.0004411702401555952,
btc-updown-15m-1766852100,,true,2.85,1766852100000,BTCUSDT,US,16,6,0.0027030609872760857,0.002810407981331541,16.615212766801072,87565.22090209957,87700.88054325947,-0.0015468446875284148,0.0008586450889829347,0.0037851684033081796,0.22684462023736962,0.0009539428571428704,0.6286829268292911,0.0007856542946484032,0.00045493591371813355,
btc-updown-15m-1766853000,,true,2.56,1766853000000,BTCUSDT,US,16,6,0.0027030609872760857,0.002810407981331541,16.615212766801072,87565.22090209957,87700.88054325947,-0.0015468446875284148,0.0008586450889829347,0.0037851684033081796,0.22684462023736962,0.0008238596337140379,1.6234522942467216,0.0007885917699339336,0.00044862799080157886,
btc-updown-15m-1766853900,,true,2.95,1766853900000,BTCUSDT,US,16,6,0.0027030609872760857,0.002810407981331541,16.615212766801072,87565.22090209957,87700.88054325947,-0.0015468446875284148,0.0008586450889829347,0.0037851684033081796,0.22684462023736962,0.0010682207082998638,0.3039352497906471,0.000807911483778779,0.00048470461549180344,
btc-updown-15m-1766854800,,true,3.15,1766854800000,BTCUSDT,US,17,6,0.0026269239044363255,0.0026647177040803128,16.569225049819842,87558.85795872973,87692.91692240193,-0.0015287319475394412,0.0008404075498811486,0.003782560406989479,0.2221795449262963,0.0005235523708373406,0,0.0007879928895063007,0.0004999975125854154,
btc-updown-15m-1766855700,,false,-7.24,1766855700000,BTCUSDT,US,17,6,0.0026269239044363255,0.0026647177040803128,16.569225049819842,87558.85795872973,87692.91692240193,-0.0015287319475394412,0.0008404075498811486,0.003782560406989479,0.2221795449262963,0.0005653539441526006,1.7656599552563876,0.0007719179366635059,0.0004977826649605061,
btc-updown-15m-1766856600,,false,-6.85,1766856600000,BTCUSDT,US,17,6,0.0026269239044363255,0.0026647177040803128,16.569225049819842,87558.85795872973,87692.91692240193,-0.0015287319475394412,0.0008404075498811486,0.003782560406989479,0.2221795449262963,0.0004762484922226262,2.67136563876919,0.0007506935743201942,0.000490725333534923,
btc-updown-15m-1766857500,,true,2.66,1766857500000,BTCUSDT,US,17,6,0.0026269239044363255,0.0026647177040803128,16.569225049819842,87558.85795872973,87692.91692240193,-0.0015287319475394412,0.0008404075498811486,0.003782560406989479,0.2221795449262963,0.00033423788961853686,2.3125707814262983,0.0007208698896179292,0.0004907797343453884,
btc-updown-15m-1766859300,,false,-7.64,1766859300000,BTCUSDT,US,18,6,0.0025153699786127958,0.0027291278946901423,16.52654767818771,87559.21243855008,87687.78630727567,-0.0014662688401672064,0.0008019639631588436,0.003783207342312421,0.2119799129668259,0.0005988345521024165,0.2314379699245404,0.0006844037047451324,0.0004964331164896814,
btc-updown-15m-1766860200,,true,3.35,1766860200000,BTCUSDT,US,18,6,0.0025153699786127958,0.0027291278946901423,16.52654767818771,87559.21243855008,87687.78630727567,-0.0014662688401672064,0.0008019639631588436,0.003783207342312421,0.2119799129668259,0.00047815743905088614,4.083839611171719,0.000669602052344497,0.00047932263335510655,
btc-updown-15m-1766862900,,false,-6.65,1766862900000,BTCUSDT,US,19,6,0.0024260652157933483,0.0026799914719988663,16.419424198267688,87553.57411065338,87680.39436982547,-0.0014463924356586944,0.0007929376066678103,0.0037695697990433623,0.21035228127863326,0.00104,0.5616955551740799,0.0006609736598294339,0.0004729902939946654,
btc-updown-15m-1766865600,,true,3.25,1766865600000,BTCUSDT,US,20,6,0.0023252171036177993,0.0024020197419381485,16.183011058669525,87555.08038548821,87676.06327042205,-0.0013798850041965016,0.000651853524908309,0.0037672221790670556,0.173032938840294,0.00021884577358084842,0.0005221932112148486,0.0005873314209022516,0.0003930479972005822,
btc-updown-15m-1766866500,,true,2.46,1766866500000,BTCUSDT,US,20,6,0.0023252171036177993,0.0024020197419381485,16.183011058669525,87555.08038548821,87676.06327042205,-0.0013798850041965016,0.000651853524908309,0.0037672221790670556,0.173032938840294,0.0007580274340155237,2.151946818614055,0.000599379845396985,0.0003960857412175188,
btc-updown-15m-1766870100,,true,3.25,1766870100000,BTCUSDT,US,21,6,0.002250824638108824,0.0021634261537506272,15.628645460053908,87555.160348709,87671.37093268785,-0.0013255248862032998,0.0006517700708121441,0.0037564561861602955,0.1735066345811312,0.000789438428542349,0.00028943560042722047,0.0005613855410003439,0.00038932297745343557,
btc-updown-15m-1766871000,,true,2.95,1766871000000,BTCUSDT,US,21,6,0.002250824638108824,0.0021634261537506272,15.628645460053908,87555.160348709,87671.37093268785,-0.0013255248862032998,0.0006517700708121441,0.0037564561861602955,0.1735066345811312,0.00010704703895684438,0.0021367521371873175,0.000528884388196966,0.0003786304027913861,
btc-updown-15m-1766871900,,true,2.85,1766871900000,BTCUSDT,US,21,6,0.002250824638108824,0.0021634261537506272,15.628645460053908,87555.160348709,87671.37093268785,-0.0013255248862032998,0.0006517700708121441,0.0037564561861602955,0.1735066345811312,0.00038614977521948297,11.395604395621616,0.0005186729009366282,0.0003378455862402011,
btc-updown-15m-1766872800,,false,-7.15,1766872800000,BTCUSDT,US,22,6,0.00217888770732893,0.002593954337589721,14.871200326245994,87565.92793442545,87671.25980904787,-0.001201441325832886,0.0006848786947362126,0.0037544409003655585,0.1824182915409663,0.0003549865627715811,0.0003215434081916218,0.0005068011698651812,0.00031530014763151093,
btc-updown-15m-1766876400,,true,2.95,1766876400000,BTCUSDT,US,23,6,0.002396770783987532,0.002481920388105199,15.173419068751679,87565.93384523153,87667.1212421475,-0.0011542228772003504,0.0007367365949374333,0.0037372394137291927,0.19713390376622486,0.0017345144839443925,26.053475935824203,0.000998667364010594,0.0008158597050874842,
btc-updown-15m-1766878200,,true,3.25,1766878200000,BTCUSDT,US,23,6,0.002396770783987532,0.002481920388105199,15.173419068751679,87565.93384523153,87667.1212421475,-0.0011542228772003504,0.0007367365949374333,0.0037372394137291927,0.19713390376622486,0.001273243979114038,1.9565332626549679,0.001013250703206567,0.0008193442473196073,
btc-updown-15m-1766880900,,true,3.35,1766880900000,BTCUSDT,ASIA,0,0,0.0025574642409343855,0.004229219795647512,15.59490985508931,87595.56014557746,87675.35515143913,-0.0009101189920912578,0.0010641081119576994,0.0037568078879273393,0.283247944452325,0.0017387800683507863,1.4673561732382276,0.0011851314942913811,0.0009527542276861245,
btc-updown-15m-1766882700,,true,1.97,1766882700000,BTCUSDT,ASIA,0,0,0.0025574642409343855,0.004229219795647512,15.59490985508931,87595.56014557746,87675.35515143913,-0.0009101189920912578,0.0010641081119576994,0.0037568078879273393,0.283247944452325,0.002074487992947415,0.2167836843864769,0.001256616232517238,0.001042275465038479,
btc-updown-15m-1766884500,,true,2.46,1766884500000,BTCUSDT,ASIA,1,0,0.0025830307792751236,0.005114644102624398,15.98638966620914,87620.26489352391,87682.3948688304,-0.0007085798169567115,0.0010567168882056211,0.0037458208076721045,0.28210556309615176,0.0010293101265994886,53.47590361433901,0.0012351828500987766,0.001049611855928364,
btc-updown-15m-1766885400,,true,2.66,1766885400000,BTCUSDT,ASIA,1,0,0.0025830307792751236,0.005114644102624398,15.98638966620914,87620.26489352391,87682.3948688304,-0.0007085798169567115,0.0010567168882056211,0.0037458208076721045,0.28210556309615176,0.0013399961203141109,1.3003326159265436,0.0012432648298195202,0.0010515154591102648,
btc-updown-15m-1766886300,,true,3.25,1766886300000,BTCUSDT,ASIA,1,0,0.0025830307792751236,0.005114644102624398,15.98638966620914,87620.26489352391,87682.3948688304,-0.0007085798169567115,0.0010567168882056211,0.0037458208076721045,0.28210556309615176,0.0012374068583266178,5.6092513694428785,0.0012425641603109523,0.0010513921641021494,
btc-updown-15m-1766887200,,true,2.36,1766887200000,BTCUSDT,ASIA,2,0,0.0025682975961363475,0.0054986540655964575,16.349830348100898,87636.04538055109,87686.5031981667,-0.0005754342547059643,0.0010789676384089085,0.0037468263219170065,0.2879684153219227,0.0005295329696933052,0.2921879343901369,0.0011921017378686027,0.0010588424991298214,
btc-updown-15m-1766888100,,true,2.56,1766888100000,BTCUSDT,ASIA,2,0,0.0025682975961363475,0.0054986540655964575,16.349830348100898,87636.04538055109,87686.5031981667,-0.0005754342547059643,0.0010789676384089085,0.0037468263219170065,0.2879684153219227,0.0004964913999985463,31.7593984961919,0.001142385663280622,0.0010476224200486486,
btc-updown-15m-1766892600,,true,2.36,1766892600000,BTCUSDT,ASIA,3,0,0.00247923952238956,0.005802253497746072,16.687391291570172,87652.68677351778,87691.42827535744,-0.0004417934865652562,0.0010704231612009133,0.0037423953740832916,0.2860262089392722,0.0009742894509428238,0.8759877085163638,0.0009915361219476988,0.0008202910298625944,
btc-updown-15m-1766894400,,true,3.05,1766894400000,BTCUSDT,ASIA,4,0,0.002401682335933931,0.005924659078783066,16.713742630711792,87661.00327153299,87693.35604529075,-0.0003689307288120558,0.001082735982639436,0.0037417199002343325,0.2893685287804754,0.00033576475951682704,0.508448540707023,0.0009110888388488503,0.0007543486221611331,
btc-updown-15m-1766895300,,true,2.85,1766895300000,BTCUSDT,ASIA,4,0,0.002401682335933931,0.005924659078783066,16.713742630711792,87661.00327153299,87693.35604529075,-0.0003689307288120558,0.001082735982639436,0.0037417199002343325,0.2893685287804754,0.0016533816838288716,0.9611794941163119,0.000963234965597079,0.0007673476384813003,
btc-updown-15m-1766896200,,true,3.25,1766896200000,BTCUSDT,ASIA,4,0,0.002401682335933931,0.005924659078783066,16.713742630711792,87661.00327153299,87693.35604529075,-0.0003689307288120558,0.001082735982639436,0.0037417199002343325,0.2893685287804754,0.000621699996251086,3.7817703768668323,0.0009389340191372642,0.0007654756882093133,
btc-updown-15m-1766898000,,true,2.07,1766898000000,BTCUSDT,ASIA,5,0,0.002348574211633199,0.00602876886156674,16.42999706233366,87667.08581720944,87694.58727410092,-0.00031360495266963273,0.0010779211466151644,0.0037417537810151076,0.2880791227055921,0.0008331005228258559,1.2556344550786966,0.0009170653888317693,0.0005936454549255448,
btc-updown-15m-1766898900,,true,2.76,1766898900000,BTCUSDT,ASIA,5,0,0.002348574211633199,0.00602876886156674,16.42999706233366,87667.08581720944,87694.58727410092,-0.00031360495266963273,0.0010779211466151644,0.0037417537810151076,0.2880791227055921,0.0010451508833173482,2.0734899328854888,0.0009264512295296273,0.0005790906808158362,
btc-updown-15m-1766899800,,true,2.26,1766899800000,BTCUSDT,ASIA,5,0,0.002348574211633199,0.00602876886156674,16.42999706233366,87667.08581720944,87694.58727410092,-0.00031360495266963273,0.0010779211466151644,0.0037417537810151076,0.2880791227055921,0.0009161695188678085,0.15446569825982193,0.0009263915271252864,0.0005717543095289444,
btc-updown-15m-1766900700,,true,3.35,1766900700000,BTCUSDT,ASIA,5,0,0.002348574211633199,0.00602876886156674,16.42999706233366,87667.08581720944,87694.58727410092,-0.00031360495266963273,0.0010779211466151644,0.0037417537810151076,0.2880791227055921,0.0007878806763106252,0.3532640658698388,0.0009159577912754603,0.00042581637838200295,
btc-updown-15m-1766901600,,true,2.56,1766901600000,BTCUSDT,ASIA,6,0,0.002272183291060808,0.006042568977686893,15.463867720836486,87666.21383490322,87693.15041680977,-0.00030716859616197745,0.0010924345831792319,0.0037384865179312245,0.2922130594665766,0.0008091380221043076,2.812365591396844,0.0009084941316011941,0.0004228989460240014,
btc-updown-15m-1766904300,,true,2.46,1766904300000,BTCUSDT,ASIA,6,0,0.002272183291060808,0.006042568977686893,15.463867720836486,87666.21383490322,87693.15041680977,-0.00030716859616197745,0.0010924345831792319,0.0037384865179312245,0.2922130594665766,0.0005995559182779211,0.00019015021857315032,0.0008434117557866626,0.0004587170817459214,
btc-updown-15m-1766905200,,true,2.46,1766905200000,BTCUSDT,ASIA,7,0,0.002219465005747632,0.006014347037628979,15.028200244810542,87672.47918380138,87694.65290563852,-0.0002528514693022066,0.001058911964519912,0.0037178747090330366,0.28481647376312985,0.0005949938448912266,0,0.0008261335994499404,0.0004687177739817889,
btc-updown-15m-1766906100,,true,2.46,1766906100000,BTCUSDT,ASIA,7,0,0.002219465005747632,0.006014347037628979,15.028200244810542,87672.47918380138,87694.65290563852,-0.0002528514693022066,0.001058911964519912,0.0037178747090330366,0.28481647376312985,0.0005887229558955648,1.3220872694559067,0.0008093563863951112,0.0004711710247740304,
btc-updown-15m-1766907000,,false,-6.95,1766907000000,BTCUSDT,ASIA,7,0,0.002219465005747632,0.006014347037628979,15.028200244810542,87672.47918380138,87694.65290563852,-0.0002528514693022066,0.001058911964519912,0.0037178747090330366,0.28481647376312985,0.00038676548062772,0.538566243193782,0.0007793565691322361,0.00046812581472101185,
btc-updown-15m-1766908800,,true,2.66,1766908800000,BTCUSDT,EU,8,0,0.0021090848884221217,0.005865461160702349,14.623652531011853,87678.0383092031,87696.06202393972,-0.00020552479006075153,0.0010545046707866464,0.0036924311232277283,0.28558546810884156,0.0006113042472642568,0.08348494036769774,0.0007287328709134575,0.0004735418980114491,
btc-updown-15m-1766909700,,true,2.7,1766909700000,BTCUSDT,EU,8,0,0.0021090848884221217,0.005865461160702349,14.623652531011853,87678.0383092031,87696.06202393972,-0.00020552479006075153,0.0010545046707866464,0.0036924311232277283,0.28558546810884156,0.0009558780114545849,0.2696442089325797,0.0007444051476043492,0.0005001055271231611,
btc-updown-15m-1766910600,,false,-7.44,1766910600000,BTCUSDT,EU,8,0,0.0021090848884221217,0.005865461160702349,14.623652531011853,87678.0383092031,87696.06202393972,-0.00020552479006075153,0.0010545046707866464,0.0036924311232277283,0.28558546810884156,0.00030158213840764364,0.4331348132105845,0.0007129183373008637,0.00048754023812007147,
btc-updown-15m-1766911500,,true,2.26,1766911500000,BTCUSDT,EU,8,0,0.0021090848884221217,0.005865461160702349,14.623652531011853,87678.0383092031,87696.06202393972,-0.00020552479006075153,0.0010545046707866464,0.0036924311232277283,0.28558546810884156,0.00233262107856347,2.519511775829501,0.0008280433296802248,0.0005053937302324884,
btc-updown-15m-1766912400,,true,3.15,1766912400000,BTCUSDT,EU,9,0,0.002153728307988836,0.0057962457173502315,15.778341030139416,87690.12989893138,87700.33917846004,-0.00011641094691650089,0.001065047660651933,0.003691227622596847,0.28853480997269204,0.0009506258923152984,1.640822784809548,0.0008370600008026658,0.0005101201849969762,
btc-updown-15m-1766917800,,true,2.67,1766917800000,BTCUSDT,EU,10,0,0.0021464410797021566,0.005528765169395373,16.743302494338838,87700.59371821831,87704.23488973112,-0.00004151648455041901,0.001061824750733254,0.0036874916905470234,0.28795312365184933,0.001117483727069929,0.9183434264503345,0.0009359732167905635,0.0005646162039926767,
btc-updown-15m-1766920500,,true,2.76,1766920500000,BTCUSDT,EU,11,0,0.002162573131440784,0.005622695968517347,18.201591294822123,87715.48098315287,87710.19837264039,0.00006022800780858262,0.001048448344205182,0.0036799631091123846,0.2849072974696396,0.0007580508759130566,0.10833749375952224,0.0009378941159087998,0.0006345625601691532,
btc-updown-15m-1766922300,,true,2.36,1766922300000,BTCUSDT,EU,11,0,0.002162573131440784,0.005622695968517347,18.201591294822123,87715.48098315287,87710.19837264039,0.00006022800780858262,0.001048448344205182,0.0036799631091123846,0.2849072974696396,0.0008378636958147324,0.18390989541445918,0.0008965287446845352,0.0006509319617469282,
btc-updown-15m-1766924100,,false,-7.24,1766924100000,BTCUSDT,EU,12,0,0.0020927772301135464,0.0057223565872838895,19.5557094850172,87731.45898470217,87716.96525958617,0.000165232860862341,0.0010484777988947628,0.0036795081361764392,0.28495053145453525,0.0008282985217935116,1.016075388026655,0.0008722336328451725,0.0006513004446179543,
btc-updown-15m-1766925000,,false,-7.05,1766925000000,BTCUSDT,EU,12,0,0.0020927772301135464,0.0057223565872838895,19.5557094850172,87731.45898470217,87716.96525958617,0.000165232860862341,0.0010484777988947628,0.0036795081361764392,0.28495053145453525,0.00037095476560738944,4.484848484846629,0.0008363654895389141,0.0006466912757960047,
btc-updown-15m-1766925900,,true,3.15,1766925900000,BTCUSDT,EU,12,0,0.0020927772301135464,0.0057223565872838895,19.5557094850172,87731.45898470217,87716.96525958617,0.000165232860862341,0.0010484777988947628,0.0036795081361764392,0.28495053145453525,0.0008557448579564299,0.8213333333334463,0.0008381027196896994,0.0006580777716875399,
btc-updown-15m-1766927700,,true,2.26,1766927700000,BTCUSDT,EU,13,0,0.0020224439033598913,0.005437057670154405,20.547813025382258,87742.80574794044,87722.17989299554,0.00023512702226580195,0.0010404922775454843,0.003678729836925498,0.2828400898324941,0.0011315803342926154,9.082150101419638,0.000862396435111168,0.0006339127858413454,
btc-updown-15m-1766928600,,true,2.66,1766928600000,BTCUSDT,EU,13,0,0.0020224439033598913,0.005437057670154405,20.547813025382258,87742.80574794044,87722.17989299554,0.00023512702226580195,0.0010404922775454843,0.003678729836925498,0.2828400898324941,0.0010305169665224322,9.202931228866687,0.000874459437509346,0.0006321447214571515,
btc-updown-15m-1766929500,,false,-7.24,1766929500000,BTCUSDT,EU,13,0,0.0020224439033598913,0.005437057670154405,20.547813025382258,87742.80574794044,87722.17989299554,0.00023512702226580195,0.0010404922775454843,0.003678729836925498,0.2828400898324941,0.0012621288384486481,0.6631168441576872,0.0009014660845242238,0.0006374561464758723,
btc-updown-15m-1766932200,,false,-7.54,1766932200000,BTCUSDT,EU,14,0,0.0019927620722996206,0.00540158161078365,21.85137131552223,87757.4518673227,87728.98234176917,0.0003245167650824943,0.001035891918477486,0.0036790423475944736,0.2815656414378594,0.0006494250938766814,10.79752066113127,0.000865339241652065,0.0006445923263929126,
btc-updown-15m-1766933100,,true,2.36,1766933100000,BTCUSDT,EU,14,0,0.0019927620722996206,0.00540158161078365,21.85137131552223,87757.4518673227,87728.98234176917,0.0003245167650824943,0.001035891918477486,0.0036790423475944736,0.2815656414378594,0.0017575641786699932,9.2418820410795,0.0009288435823999998,0.0005802583139469834,
btc-updown-15m-1766934000,,true,2.17,1766934000000,BTCUSDT,EU,15,0,0.0020062734168826033,0.005002805845505962,23.644584881039478,87771.98026106757,87736.03727943028,0.00040967181504680816,0.0010139242540368905,0.003677480677124916,0.2757116469282402,0.001368217650803951,0.39698025551673294,0.000961072172781274,0.0006297186637172009,
btc-updown-15m-1766934900,,true,2.95,1766934900000,BTCUSDT,EU,15,0,0.0020062734168826033,0.005002805845505962,23.644584881039478,87771.98026106757,87736.03727943028,0.00040967181504680816,0.0010139242540368905,0.003677480677124916,0.2757116469282402,0.001469576622623489,1.127182866557102,0.0009966484874068659,0.0005904192745444004,
btc-updown-15m-1766935800,,true,2.26,1766935800000,BTCUSDT,EU,15,0,0.0020062734168826033,0.005002805845505962,23.644584881039478,87771.98026106757,87736.03727943028,0.00040967181504680816,0.0010139242540368905,0.003677480677124916,0.2757116469282402,0.0007106835638790815,2.8320049049668254,0.0009763877507167329,0.0005779370542564679,
btc-updown-15m-1766937600,,true,2.66,1766937600000,BTCUSDT,US,16,0,0.0020123882501313847,0.004612051245318365,24.511483780541173,87778.10309341422,87739.90410642419,0.0004353661812042109,0.001032070553844153,0.003678706872801966,0.2805525391203715,0.001527369797247341,0.49326505621742583,0.0009931786132223808,0.0005679330733010697,
btc-updown-15m-1766938500,,false,-7.74,1766938500000,BTCUSDT,US,16,0,0.0020123882501313847,0.004612051245318365,24.511483780541173,87778.10309341422,87739.90410642419,0.0004353661812042109,0.001032070553844153,0.003678706872801966,0.2805525391203715,0.000804757130264231,1.9785082174464876,0.0009794497437804496,0.0005484733161608827,
btc-updown-15m-1766939400,,true,2.95,1766939400000,BTCUSDT,US,16,0,0.0020123882501313847,0.004612051245318365,24.511483780541173,87778.10309341422,87739.90410642419,0.0004353661812042109,0.001032070553844153,0.003678706872801966,0.2805525391203715,0.0017437884659220425,1.0057682223387825,0.0010347736364965262,0.0005774255961530075,
btc-updown-15m-1766940300,,true,2.76,1766940300000,BTCUSDT,US,16,0,0.0020123882501313847,0.004612051245318365,24.511483780541173,87778.10309341422,87739.90410642419,0.0004353661812042109,0.001032070553844153,0.003678706872801966,0.2805525391203715,0.0005955546199226785,1.5868381989124154,0.0010031698949547073,0.0005600467249164718,
btc-updown-15m-1766941200,,true,2.56,1766941200000,BTCUSDT,US,17,0,0.001997979323948681,0.003997453498729529,24.473300442349586,87781.52565601587,87742.75386014862,0.00044188031673875194,0.0010338570013620008,0.003664334053791306,0.2821404888815527,0.00029702546310007285,1.5796241345203013,0.0009526213170309588,0.0005418615393820814,
btc-updown-15m-1766942100,,true,2.85,1766942100000,BTCUSDT,US,17,0,0.001997979323948681,0.003997453498729529,24.473300442349586,87781.52565601587,87742.75386014862,0.00044188031673875194,0.0010338570013620008,0.003664334053791306,0.2821404888815527,0.0010289927475142706,0.00011068068616226526,0.0009570916795798477,0.0005838793241397546,
btc-updown-15m-1766943900,,true,2.56,1766943900000,BTCUSDT,US,17,0,0.001997979323948681,0.003997453498729529,24.473300442349586,87781.52565601587,87742.75386014862,0.00044188031673875194,0.0010338570013620008,0.003664334053791306,0.2821404888815527,0.0008388843328016898,0.0001357588923338953,0.0009201380971597219,0.0006067085662243102,
btc-updown-15m-1766946600,,false,-6.46,1766946600000,BTCUSDT,US,18,0,0.0019960674636981123,0.003806210896891363,24.63104222674205,87779.47559356947,87743.36932053784,0.00041149859312716863,0.0010110661241370597,0.003664220609418501,0.2759293808724886,0.0024877640363583785,5.033259423505677,0.0010749693402163341,0.0006519547654492148,
btc-updown-15m-1766947500,,true,2,1766947500000,BTCUSDT,US,18,0,0.0019960674636981123,0.003806210896891363,24.63104222674205,87779.47559356947,87743.36932053784,0.00041149859312716863,0.0010110661241370597,0.003664220609418501,0.2759293808724886,0.0006989181649960954,19.161184210474953,0.0010481303708316824,0.0006219475181151048,
btc-updown-15m-1766948400,,false,-6.85,1766948400000,BTCUSDT,US,19,0,0.002075870298697749,0.0036122407770007962,23.0541128150511,87762.23887047534,87737.62071704988,0.0002805883408310006,0.0010638185251682,0.003667288604305784,0.29008312133361,0.0020895215464058195,0.5711708616099266,0.001123695542633162,0.0006783710047123432,
btc-updown-15m-1766949300,,true,2.95,1766949300000,BTCUSDT,US,19,0,0.002075870298697749,0.0036122407770007962,23.0541128150511,87762.23887047534,87737.62071704988,0.0002805883408310006,0.0010638185251682,0.003667288604305784,0.29008312133361,0.0020422863186241483,1.4942785375388337,0.0011882057150671965,0.000671329105338535,
btc-updown-15m-1766951100,,true,2.07,1766951100000,BTCUSDT,US,19,0,0.002075870298697749,0.0036122407770007962,23.0541128150511,87762.23887047534,87737.62071704988,0.0002805883408310006,0.0010638185251682,0.003667288604305784,0.29008312133361,0.001413646493760082,0.5201523715898841,0.0012466180175535867,0.0008024841146052947,
btc-updown-15m-1766952000,,true,2.36,1766952000000,BTCUSDT,US,20,0,0.0020819474537054354,0.00442718695988431,21.589813587802375,87739.23993038545,87729.06135511887,0.00011602284476031066,0.0006844767668230229,0.003666243320390889,0.18669703754142675,0.0011317320058610452,0.37722469410463455,0.0012393629478591823,0.0007954823341559433,
btc-updown-15m-1766953800,,true,2.17,1766953800000,BTCUSDT,US,20,0,0.0020819474537054354,0.00442718695988431,21.589813587802375,87739.23993038545,87729.06135511887,0.00011602284476031066,0.0006844767668230229,0.003666243320390889,0.18669703754142675,0.0009648279473961703,0.2742227588285715,0.001232473805920545,0.0007997616940059075,
btc-updown-15m-1766954700,,false,-7.54,1766954700000,BTCUSDT,US,20,0,0.0020819474537054354,0.00442718695988431,21.589813587802375,87739.23993038545,87729.06135511887,0.00011602284476031066,0.0006844767668230229,0.003666243320390889,0.18669703754142675,0.00041953047984860865,0.1790757381263889,0.0011739887016537366,0.0008093669722431513,
btc-updown-15m-1766955600,,false,-6.55,1766955600000,BTCUSDT,US,21,0,0.002103585139626044,0.005061780225455817,20.664179093305563,87717.86088911416,87720.59680926213,-0.00003118902797616396,0.0006850218411623459,0.003665755663117253,0.18687056752162884,0.001605786453140743,0.5526461164510482,0.0012059587032290256,0.0008099930750388797,
btc-updown-15m-1766957400,,true,3.35,1766957400000,BTCUSDT,US,21,0,0.002103585139626044,0.005061780225455817,20.664179093305563,87717.86088911416,87720.59680926213,-0.00003118902797616396,0.0006850218411623459,0.003665755663117253,0.18687056752162884,0.0009573714285714751,3.7650739476675628,0.0012017164917855784,0.000800856513069216,
btc-updown-15m-1766958300,,true,3.42,1766958300000,BTCUSDT,US,21,0,0.002103585139626044,0.005061780225455817,20.664179093305563,87717.86088911416,87720.59680926213,-0.00003118902797616396,0.0006850218411623459,0.003665755663117253,0.18687056752162884,0.0007159830915114618,0.29243142916047604,0.001166370193138356,0.0008119100987470382,
btc-updown-15m-1766959200,,true,2.66,1766959200000,BTCUSDT,US,22,0,0.002080267746596054,0.00533615408337562,19.883324257263236,87705.52842297054,87715.37281128023,-0.00011223104906443737,0.0007072621232501682,0.0036658021000131116,0.192935162333951,0.0002556928780226138,18.6403508772025,0.001101302926748459,0.0008106511489150245,
btc-updown-15m-1766961000,,false,-7.54,1766961000000,BTCUSDT,US,22,0,0.002080267746596054,0.00533615408337562,19.883324257263236,87705.52842297054,87715.37281128023,-0.00011223104906443737,0.0007072621232501682,0.0036658021000131116,0.192935162333951,0.00119993153694742,0.00009522902575718322,0.0011156464117324544,0.000836683121665647,
btc-updown-15m-1766962800,,true,2.66,1766962800000,BTCUSDT,US,23,0,0.002340192908357583,0.005509753728575084,20.173630744038515,87724.05809666263,87722.58971029722,0.000016738976474028888,0.0010820898546994714,0.0036860153268802624,0.2935662927954565,0.003897842638507972,0.3719230614785198,0.0013316193450743851,0.001041388302312886,
btc-updown-15m-1766963700,,true,2.17,1766963700000,BTCUSDT,US,23,0,0.002340192908357583,0.005509753728575084,20.173630744038515,87724.05809666263,87722.58971029722,0.000016738976474028888,0.0010820898546994714,0.0036860153268802624,0.2935662927954565,0.004069439327141032,0.7440985289086534,0.0015300535960348389,0.0011555061795474955,
btc-updown-15m-1766964600,,true,2.85,1766964600000,BTCUSDT,US,23,0,0.002340192908357583,0.005509753728575084,20.173630744038515,87724.05809666263,87722.58971029722,0.000016738976474028888,0.0010820898546994714,0.0036860153268802624,0.2935662927954565,0.0014221941655373934,6.873737373739183,0.0015220742527377734,0.0011524123276229654,
btc-updown-15m-1766965500,,true,2.76,1766965500000,BTCUSDT,US,23,0,0.002340192908357583,0.005509753728575084,20.173630744038515,87724.05809666263,87722.58971029722,0.000016738976474028888,0.0010820898546994714,0.0036860153268802624,0.2935662927954565,0.002125979004716358,0.6952684258417429,0.0015631194692215756,0.0011860308074967201,
btc-updown-15m-1766969100,,true,2.56,1766969100000,BTCUSDT,ASIA,0,1,0.0025084513008392186,0.005839991921472221,20.68684851351001,87745.83446823548,87731.60517127812,0.00016219123005423164,0.0010690399275336828,0.003590532954639755,0.2977385087504208,0.0034136806336868236,0.7489374090247723,0.0017831470667421937,0.0011806139557059539,
btc-updown-15m-1766970900,,true,2.76,1766970900000,BTCUSDT,ASIA,1,1,0.00283070458363041,0.007826687267558153,22.466703707077627,87798.20166159052,87753.7284739327,0.0005067954197641722,0.0013576657394412013,0.003599261644101022,0.3772067367390019,0.0031701499318492255,0.20885308385316087,0.0019920451365894555,0.0013476869206123323,
btc-updown-15m-1766971800,,true,2.36,1766971800000,BTCUSDT,ASIA,1,1,0.00283070458363041,0.007826687267558153,22.466703707077627,87798.20166159052,87753.7284739327,0.0005067954197641722,0.0013576657394412013,0.003599261644101022,0.3772067367390019,0.002451695184783288,1.9876543209878637,0.002026107564660339,0.0013665617144369825,
btc-updown-15m-1766972700,,true,2.46,1766972700000,BTCUSDT,ASIA,1,1,0.00283070458363041,0.007826687267558153,22.466703707077627,87798.20166159052,87753.7284739327,0.0005067954197641722,0.0013576657394412013,0.003599261644101022,0.3772067367390019,0.005993780984648228,0.6932292670392631,0.002301176901091621,0.0015527737711633401,
btc-updown-15m-1766975400,,true,2.56,1766975400000,BTCUSDT,ASIA,2,1,0.0031333129467513857,0.009994515943289317,24.212518542045725,87859.85578957948,87780.91443560168,0.000899299745113824,0.001365325075862086,0.003603554948934907,0.378882824102802,0.005468652187309114,3.0536146085214546,0.0029536596906851453,0.002519217809691363,
btc-updown-15m-1766976300,,true,2.85,1766976300000,BTCUSDT,ASIA,2,1,0.0031333129467513857,0.009994515943289317,24.212518542045725,87859.85578957948,87780.91443560168,0.000899299745113824,0.001365325075862086,0.003603554948934907,0.378882824102802,0.0029430220636771183,6.114068441066164,0.002953785866959919,0.002535624094619832,
btc-updown-15m-1766977200,,true,2.46,1766977200000,BTCUSDT,ASIA,3,1,0.0036376530319716023,0.0164557490416566,27.329060993261116,87983.98857164242,87835.15762287946,0.0016944348116498809,0.002187584768243865,0.0037121650607498274,0.5893015888151241,0.0025498351093906587,3.1532272810383937,0.002923080698308927,0.002528602242706243,
btc-updown-15m-1766979900,,false,-7.64,1766979900000,BTCUSDT,ASIA,3,1,0.0036376530319716023,0.0164557490416566,27.329060993261116,87983.98857164242,87835.15762287946,0.0016944348116498809,0.002187584768243865,0.0037121650607498274,0.5893015888151241,0.005795280652086216,0.013168434831887963,0.0031126946832483082,0.002780435063213884,
btc-updown-15m-1766980800,,true,2.26,1766980800000,BTCUSDT,ASIA,4,1,0.004187707336941087,0.02729409074410017,30.84211065277125,88187.75632688285,87924.94011616302,0.002989097409365371,0.0030998727776980852,0.003893484794547354,0.7961692266114186,0.0036305603738436814,1.5033000767458613,0.003144698936046171,0.002757753956889359,
btc-updown-15m-1766981700,,true,3.05,1766981700000,BTCUSDT,ASIA,4,1,0.004187707336941087,0.02729409074410017,30.84211065277125,88187.75632688285,87924.94011616302,0.002989097409365371,0.0030998727776980852,0.003893484794547354,0.7961692266114186,0.002414599388279222,2.776734480959171,0.0030941967007973147,0.0026666068532003456,
btc-updown-15m-1766982600,,true,2.36,1766982600000,BTCUSDT,ASIA,4,1,0.004187707336941087,0.02729409074410017,30.84211065277125,88187.75632688285,87924.94011616302,0.002989097409365371,0.0030998727776980852,0.003893484794547354,0.7961692266114186,0.002591350984094427,8.549140049140828,0.0030572891020556004,0.002664623827798927,
btc-updown-15m-1766983500,,true,2.66,1766983500000,BTCUSDT,ASIA,4,1,0.004187707336941087,0.02729409074410017,30.84211065277125,88187.75632688285,87924.94011616302,0.002989097409365371,0.0030998727776980852,0.003893484794547354,0.7961692266114186,0.003790720601097006,1.5461257364454868,0.0031049777538686174,0.0026647434443394544,
btc-updown-15m-1766984400,,true,2.36,1766984400000,BTCUSDT,ASIA,5,1,0.004246910945458674,0.03422616228786056,34.239395180192965,88373.97572424288,88011.94666751326,0.004113408127390583,0.0031083860875143147,0.0038764674485324826,0.80186048993938,0.0017399009973701415,0.9239450441608031,0.0030100793393044293,0.002711441319032963,
btc-updown-15m-1766985300,,true,2.26,1766985300000,BTCUSDT,ASIA,5,1,0.004246910945458674,0.03422616228786056,34.239395180192965,88373.97572424288,88011.94666751326,0.004113408127390583,0.0031083860875143147,0.0038764674485324826,0.80186048993938,0.003339462254909836,3.1432313206510814,0.0030307875858976035,0.0026745501527436037,
btc-updown-15m-1766988000,,false,-7.34,1766988000000,BTCUSDT,ASIA,6,1,0.004243202127376971,0.03847367103532651,37.2947834217278,88527.31136955056,88089.3092885472,0.004972250146367152,0.0031709248233337075,0.0038833900800956827,0.8165352328591156,0.002211797729757742,0.3820872707059888,0.002857979573588164,0.0028130094424192523,
btc-updown-15m-1766989800,,true,3.35,1766989800000,BTCUSDT,ASIA,6,1,0.004243202127376971,0.03847367103532651,37.2947834217278,88527.31136955056,88089.3092885472,0.004972250146367152,0.0031709248233337075,0.0038833900800956827,0.8165352328591156,0.0018544953725994583,2.146359864202078,0.002707681491532567,0.0026839237246371766,
btc-updown-15m-1766990700,,true,2.46,1766990700000,BTCUSDT,ASIA,6,1,0.004243202127376971,0.03847367103532651,37.2947834217278,88527.31136955056,88089.3092885472,0.004972250146367152,0.0031709248233337075,0.0038833900800956827,0.8165352328591156,0.001365555335480194,1.7852927825693974,0.002613001726838053,0.002642667860091458,
btc-updown-15m-1766991600,,true,2.56,1766991600000,BTCUSDT,ASIA,7,1,0.004244635173883572,0.04099504739831973,39.293900177612876,88646.3540961307,88155.5208088946,0.005567811099433495,0.003266420073256109,0.0038781175299242594,0.8422694897851388,0.0017880805844065343,0.2058005860695555,0.0025576364992931054,0.0026891751500787778,
btc-updown-15m-1766992500,,true,2.17,1766992500000,BTCUSDT,ASIA,7,1,0.004244635173883572,0.04099504739831973,39.293900177612876,88646.3540961307,88155.5208088946,0.005567811099433495,0.003266420073256109,0.0038781175299242594,0.8422694897851388,0.0034682069304276036,1.422230889235729,0.002625761838468565,0.0018435472806275297,
btc-updown-15m-1766994300,,true,2.46,1766994300000,BTCUSDT,ASIA,7,1,0.004244635173883572,0.04099504739831973,39.293900177612876,88646.3540961307,88155.5208088946,0.005567811099433495,0.003266420073256109,0.0038781175299242594,0.8422694897851388,0.0019662142738956397,3.5747335586188322,0.00254517736766141,0.0018392380628243945,
btc-updown-15m-1766996100,,true,2.56,1766996100000,BTCUSDT,EU,8,1,0.004219201555055932,0.042482480960832486,40.12102405638692,88738.86418200842,88212.88807064225,0.005962576703587352,0.0033251262962671925,0.00384139351018209,0.8656041843808849,0.0019964090564374404,3.2962962962976055,0.0024313231542067945,0.0016505796698161718,
btc-updown-15m-1766997000,,true,2.89,1766997000000,BTCUSDT,EU,8,1,0.004219201555055932,0.042482480960832486,40.12102405638692,88738.86418200842,88212.88807064225,0.005962576703587352,0.0033251262962671925,0.00384139351018209,0.8656041843808849,0.002044136344027909,0.4095384615383899,0.002400158085236198,0.0016767128283254017,
btc-updown-15m-1766998800,,false,-7.15,1766998800000,BTCUSDT,EU,9,1,0.004224085308327151,0.043356735255436554,40.63464091698797,88816.60092653423,88265.56390684418,0.006242944533517258,0.00333290995510036,0.003839222584584297,0.8681210535911766,0.003896272178704843,1.1239639200391711,0.002483032332273594,0.0010597731221782727,
btc-updown-15m-1766999700,,true,2.56,1766999700000,BTCUSDT,EU,9,1,0.004224085308327151,0.043356735255436554,40.63464091698797,88816.60092653423,88265.56390684418,0.006242944533517258,0.00333290995510036,0.003839222584584297,0.8681210535911766,0.0014226025861173797,1.8506493506490755,0.0024084155632236736,0.0010580000436642672,
btc-updown-15m-1767001500,,true,2.36,1767001500000,BTCUSDT,EU,9,1,0.004224085308327151,0.043356735255436554,40.63464091698797,88816.60092653423,88265.56390684418,0.006242944533517258,0.00333290995510036,0.003839222584584297,0.8681210535911766,0.013082240443820175,0.05528975895348548,0.0031990907289462926,0.0028270575518249187,
btc-updown-15m-1767002400,,true,2.66,1767002400000,BTCUSDT,EU,10,1,0.0054855401605296205,0.04309873275673065,38.614183651611654,88748.35798142235,88259.1332690092,0.005543049136025546,0.005116106086618602,0.004252686765006338,1.203029136478378,0.005272182668129473,2.4847503577077568,0.0033502442486847157,0.002827885669780424,
btc-updown-15m-1767003300,,true,3.05,1767003300000,BTCUSDT,EU,10,1,0.0054855401605296205,0.04309873275673065,38.614183651611654,88748.35798142235,88259.1332690092,0.005543049136025546,0.005116106086618602,0.004252686765006338,1.203029136478378,0.003905986107955095,13.292134831461464,0.003390298157662573,0.0027989731385654297,
btc-updown-15m-1767004200,,true,2.85,1767004200000,BTCUSDT,EU,10,1,0.0054855401605296205,0.04309873275673065,38.614183651611654,88748.35798142235,88259.1332690092,0.005543049136025546,0.005116106086618602,0.004252686765006338,1.203029136478378,0.0016315829516128377,1.562879599857299,0.003266561993021965,0.002799832800364921,
btc-updown-15m-1767005100,,true,3.28,1767005100000,BTCUSDT,EU,10,1,0.0054855401605296205,0.04309873275673065,38.614183651611654,88748.35798142235,88259.1332690092,0.005543049136025546,0.005116106086618602,0.004252686765006338,1.203029136478378,0.0014935845950636282,0.44284458122675263,0.003143009987633378,0.0027679963640081925,
btc-updown-15m-1767007800,,true,3.05,1767007800000,BTCUSDT,EU,11,1,0.005613808963493877,0.04331129746752761,36.92226863080712,88656.13436426048,88240.4192791054,0.004711163983028843,0.005184467386836078,0.003626252822483488,1.429703785321131,0.0011246981571508207,1.2513124857340767,0.002944863862185441,0.00276427497144027,
btc-updown-15m-1767011400,,true,2.36,1767011400000,BTCUSDT,EU,12,1,0.005409501150750244,0.04383082132784164,35.49029125976872,88552.47013903376,88214.11330977856,0.003835631471655665,0.005208788639957896,0.003609723720569511,1.4429881739359538,0.006359892404370661,0.8066627397080914,0.0033951820069946723,0.0032412236015758582,
btc-updown-15m-1767012300,,true,2.76,1767012300000,BTCUSDT,EU,12,1,0.005409501150750244,0.04383082132784164,35.49029125976872,88552.47013903376,88214.11330977856,0.003835631471655665,0.005208788639957896,0.003609723720569511,1.4429881739359538,0.002685435779816494,6.396399241944802,0.0033431224262307985,0.0032394097966363528,
btc-updown-15m-1767015000,,false,-7.05,1767015000000,BTCUSDT,EU,13,1,0.005711135882919023,0.044701704253524537,35.22356171838991,88442.425363899,88182.16341401306,0.002951412619171201,0.005224313454975543,0.003610593107941894,1.446940516084212,0.0022140344022124436,5.623928693863995,0.0031172003460506036,0.003178297643108745,
btc-updown-15m-1767016800,,false,-6.95,1767016800000,BTCUSDT,EU,14,1,0.005607980629489156,0.04547570584851286,34.975888524523285,88341.97628161647,88151.08890791092,0.002165456786415554,0.005223617428084841,0.0036101205251961583,1.4469371290037505,0.0025545792212108526,1.1963898204774372,0.0029599299592888585,0.0032352812550692864,
btc-updown-15m-1767017700,,false,-7.64,1767017700000,BTCUSDT,EU,14,1,0.005607980629489156,0.04547570584851286,34.975888524523285,88341.97628161647,88151.08890791092,0.002165456786415554,0.005223617428084841,0.0036101205251961583,1.4469371290037505,0.0019398505374212728,3.1416687056511643,0.0028855143541730737,0.003253857549949915,
btc-updown-15m-1767018600,,true,2.26,1767018600000,BTCUSDT,EU,14,1,0.005607980629489156,0.04547570584851286,34.975888524523285,88341.97628161647,88151.08890791092,0.002165456786415554,0.005223617428084841,0.0036101205251961583,1.4469371290037505,0.0030878076702919423,0.41459065400956435,0.0028934554281131184,0.0033303771616165446,
btc-updown-15m-1767020400,,false,-6.85,1767020400000,BTCUSDT,EU,15,1,0.00596583822449907,0.04583932957932507,33.32209821626495,88255.11758830778,88122.89581277464,0.001500424768315023,0.005211303828568467,0.0036061463688098166,1.4451171127278513,0.009242394443039927,0.21830316024702645,0.003744494087610019,0.002888092185392208,
btc-updown-15m-1767021300,,false,-7.83,1767021300000,BTCUSDT,EU,15,1,0.00596583822449907,0.04583932957932507,33.32209821626495,88255.11758830778,88122.89581277464,0.001500424768315023,0.005211303828568467,0.0036061463688098166,1.4451171127278513,0.005856637072972436,0.6844621776693615,0.0038809065912163514,0.0030135798546555457,
btc-updown-15m-1767022200,,true,3.45,1767022200000,BTCUSDT,EU,15,1,0.00596583822449907,0.04583932957932507,33.32209821626495,88255.11758830778,88122.89581277464,0.001500424768315023,0.005211303828568467,0.0036061463688098166,1.4451171127278513,0.005130104095165882,147.58609271502996,0.003968898763238743,0.0030121491199683096,
btc-updown-15m-1767024000,,true,2.85,1767024000000,BTCUSDT,US,16,1,0.006090326838308764,0.045505921655617225,31.843915519095557,88201.45115125354,88106.06154601592,0.001082667906881829,0.0052522330621472615,0.0035323740532218683,1.486884736161142,0.0029749068015516565,1.0061590576641999,0.00379298941302378,0.0030090128051283157,
btc-updown-15m-1767024900,,true,2.36,1767024900000,BTCUSDT,US,16,1,0.006090326838308764,0.045505921655617225,31.843915519095557,88201.45115125354,88106.06154601592,0.001082667906881829,0.0052522330621472615,0.0035323740532218683,1.486884736161142,0.0027357171648587655,2.0397006595633576,0.0037139277201855493,0.0030164827706593263,
btc-updown-15m-1767025800,,true,2.57,1767025800000,BTCUSDT,US,16,1,0.006090326838308764,0.045505921655617225,31.843915519095557,88201.45115125354,88106.06154601592,0.001082667906881829,0.0052522330621472615,0.0035323740532218683,1.486884736161142,0.0038634920812823173,0.47939566455002575,0.0037332815988070337,0.0030708088048744656,
btc-updown-15m-1767028500,,false,-6.85,1767028500000,BTCUSDT,US,17,1,0.0059863795792721814,0.04527469925611086,30.47128753323976,88146.75199360038,88087.3344067931,0.0006745304215118875,0.0052554627719860894,0.00351464462194996,1.495304173618073,0.0020162508194552504,14.529463500446727,0.0034338086351126023,0.0025890114532342726,
btc-updown-15m-1767031200,,false,-6.75,1767031200000,BTCUSDT,US,18,1,0.005951215308525657,0.04481478714685332,29.35189630669101,88118.48894600982,88078.0512272844,0.0004591123232400296,0.00528235171334384,0.0035260746005641545,1.4980828007719094,0.002869221972116885,0.00003978832608427661,0.003324898532044054,0.002624318069437372,
btc-updown-15m-1767032100,,false,-7.44,1767032100000,BTCUSDT,US,18,1,0.005951215308525657,0.04481478714685332,29.35189630669101,88118.48894600982,88078.0512272844,0.0004591123232400296,0.00528235171334384,0.0035260746005641545,1.4980828007719094,0.0035502113704386448,4.068381634646887,0.0033428525800676028,0.0026225958796718884,
btc-updown-15m-1767033900,,true,2.85,1767033900000,BTCUSDT,US,18,1,0.005951215308525657,0.04481478714685332,29.35189630669101,88118.48894600982,88078.0512272844,0.0004591123232400296,0.00528235171334384,0.0035260746005641545,1.4980828007719094,0.002941927859070706,1.5633648581383588,0.0032326713055277276,0.0026487313719058287,
btc-updown-15m-1767034800,,false,-7.34,1767034800000,BTCUSDT,US,19,1,0.006068790417234127,0.04560926590387804,27.966893781151168,88056.22999829987,88054.03767399868,0.000024897487487240966,0.005311683022984088,0.0035575809964606417,1.493060320557301,0.002868081637306463,0.7007874015748747,0.0032114433549095245,0.002669908029687612,
btc-updown-15m-1767035700,,true,2.26,1767035700000,BTCUSDT,US,19,1,0.006068790417234127,0.04560926590387804,27.966893781151168,88056.22999829987,88054.03767399868,0.000024897487487240966,0.005311683022984088,0.0035575809964606417,1.493060320557301,0.0040760561450993,2.340749084764886,0.003268712425180164,0.0026814074586529427,
btc-updown-15m-1767036600,,true,3.25,1767036600000,BTCUSDT,US,19,1,0.006068790417234127,0.04560926590387804,27.966893781151168,88056.22999829987,88054.03767399868,0.000024897487487240966,0.005311683022984088,0.0035575809964606417,1.493060320557301,0.001404399323181009,0.9922153746349262,0.0031376381087422326,0.002639916403585556,
btc-updown-15m-1767037500,,true,2.17,1767037500000,BTCUSDT,US,19,1,0.006068790417234127,0.04560926590387804,27.966893781151168,88056.22999829987,88054.03767399868,0.000024897487487240966,0.005311683022984088,0.0035575809964606417,1.493060320557301,0.0022959794954749775,0.9335067938712506,0.0030809442153504375,0.0023153416460617855,
btc-updown-15m-1767038400,,true,2.85,1767038400000,BTCUSDT,US,20,1,0.005932628756130098,0.04665610442536352,26.777558802089658,87990.51571216779,88027.11139338464,-0.0004157319334642251,0.005311221699684547,0.003550178551428391,1.49604354337266,0.0014859671255249356,2.273139974778569,0.0029682802127478625,0.0015918391805520788,
btc-updown-15m-1767039300,,true,2.56,1767039300000,BTCUSDT,US,20,1,0.005932628756130098,0.04665610442536352,26.777558802089658,87990.51571216779,88027.11139338464,-0.0004157319334642251,0.005311221699684547,0.003550178551428391,1.49604354337266,0.0028398625429553064,0.4541615344007897,0.002953190772738935,0.0014460573135880548,
btc-updown-15m-1767042000,,true,2.76,1767042000000,BTCUSDT,US,21,1,0.005937777940515812,0.048222220488998845,26.1129354853151,87916.37231033115,87995.224829669,-0.0008960999814533466,0.005224230454607139,0.0035486621276331967,1.4721690222144292,0.0022299846817735738,7.0614362806105415,0.0028693613226825343,0.0014852320888563801,
btc-updown-15m-1767042900,,true,2.56,1767042900000,BTCUSDT,US,21,1,0.005937777940515812,0.048222220488998845,26.1129354853151,87916.37231033115,87995.224829669,-0.0008960999814533466,0.005224230454607139,0.0035486621276331967,1.4721690222144292,0.002274893542530365,0.3686934916143175,0.002822138662340031,0.0015260692153288439,
btc-updown-15m-1767044700,,true,2.95,1767044700000,BTCUSDT,US,21,1,0.005937777940515812,0.048222220488998845,26.1129354853151,87916.37231033115,87995.224829669,-0.0008960999814533466,0.005224230454607139,0.0035486621276331967,1.4721690222144292,0.0010551591069465542,0.3974806495672789,0.0026160135444353674,0.0014236681088851276,
btc-updown-15m-1767046500,,true,2.85,1767046500000,BTCUSDT,US,22,1,0.0056678928834613205,0.04933438911973546,25.49565035523064,87861.27494720428,87969.54103875498,-0.001230722478170021,0.0052186127808295036,0.0035283787298038285,1.4790398595106737,0.0030590954628202708,0.27262302914475334,0.0025153676291217713,0.0015074746918084842,
btc-updown-15m-1767049200,,true,2.26,1767049200000,BTCUSDT,US,23,1,0.005534384814832122,0.04948426229418697,25.12829708175711,87812.68209474366,87945.33543111358,-0.0015083612532675872,0.004806874913613005,0.002876336257036754,1.6711797523162752,0.000727839202607815,1.2663101604273026,0.002293091227921313,0.0012946629592648392,
btc-updown-15m-1767050100,,true,2.56,1767050100000,BTCUSDT,US,23,1,0.005534384814832122,0.04948426229418697,25.12829708175711,87812.68209474366,87945.33543111358,-0.0015083612532675872,0.004806874913613005,0.002876336257036754,1.6711797523162752,0.0013131232351433595,3.763507896924841,0.002222405576997751,0.0012965823947597495,
btc-updown-15m-1767051900,,true,2.18,1767051900000,BTCUSDT,US,23,1,0.005534384814832122,0.04948426229418697,25.12829708175711,87812.68209474366,87945.33543111358,-0.0015083612532675872,0.004806874913613005,0.002876336257036754,1.6711797523162752,0.0009402670092214058,4.218332272435552,0.0021199127371090733,0.0013332680893485339,
btc-updown-15m-1767052800,,true,2.07,1767052800000,BTCUSDT,ASIA,0,2,0.005315328717469695,0.0463751450951517,24.787180577490265,87757.86760919144,87917.65055363224,-0.0018174159959304381,0.003934071392405875,0.002863009014804524,1.3741037391300284,0.0005904110322584724,2.3719711853301573,0.0020103051431471135,0.0012902407185453118,
btc-updown-15m-1767053700,,false,-7.18,1767053700000,BTCUSDT,ASIA,0,2,0.005315328717469695,0.0463751450951517,24.787180577490265,87757.86760919144,87917.65055363224,-0.0018174159959304381,0.003934071392405875,0.002863009014804524,1.3741037391300284,0.0015588995458160088,1.0878513285209817,0.0019765425299408884,0.0012684527401793828,
btc-updown-15m-1767057300,,false,-6.75,1767057300000,BTCUSDT,ASIA,1,2,0.005143115841989517,0.041877974711634555,24.65203519225836,87709.52116961939,87891.51109574256,-0.0020706200616453785,0.003932463292506967,0.002839202116006244,1.3850592989971973,0.0015098869541131197,3.857511997047378,0.001862126517751958,0.0012550298460929541,
btc-updown-15m-1767059100,,true,2.26,1767059100000,BTCUSDT,ASIA,1,2,0.005143115841989517,0.041877974711634555,24.65203519225836,87709.52116961939,87891.51109574256,-0.0020706200616453785,0.003932463292506967,0.002839202116006244,1.3850592989971973,0.001830508482358455,1.001380522088178,0.0018164819870932422,0.0011476679434249475,
btc-updown-15m-1767062700,,true,2.36,1767062700000,BTCUSDT,ASIA,2,2,0.004967903845045975,0.03653874781041418,24.526563530372567,87671.30296274694,87868.68278615213,-0.002246304566617452,0.003965485114916042,0.0027733816350371684,1.429837518507581,0.0031264367816091956,2.2369391883851453,0.0018935066835133122,0.0011068439013925604,
btc-updown-15m-1767063600,,true,1.97,1767063600000,BTCUSDT,ASIA,3,2,0.004919409627773178,0.030875630509519372,24.714481885350317,87617.94077545407,87839.01101432244,-0.0025167660281639748,0.0039650893527613225,0.0027840534053594963,1.4242145445659375,0.0019446624212724286,2.76078257003122,0.0018978703297317082,0.0011102044865246147,
btc-updown-15m-1767065400,,true,2.26,1767065400000,BTCUSDT,ASIA,3,2,0.004919409627773178,0.030875630509519372,24.714481885350317,87617.94077545407,87839.01101432244,-0.0025167660281639748,0.0039650893527613225,0.0027840534053594963,1.4242145445659375,0.005200950744113097,0.2766534765403881,0.002154084755834134,0.0014079998153095213,
btc-updown-15m-1767068100,,true,3.15,1767068100000,BTCUSDT,ASIA,4,2,0.005026494802599907,0.023416705144199045,25.202490964654835,87595.18451112258,87821.00775955645,-0.0025714035194419615,0.0040938731308952855,0.0027906007189521975,1.467022173072626,0.0014734003805730103,1.273643273819683,0.002026638943364154,0.001378261486892501,
btc-updown-15m-1767070800,,true,2.56,1767070800000,BTCUSDT,ASIA,5,2,0.004833678126099918,0.010895802471774862,25.366712475182585,87567.07170093567,87800.63892539489,-0.0026601995989764537,0.004092634777740619,0.002790124277837308,1.4668288471053046,0.0019311569301259622,0.09673432214412718,0.0019470065870598634,0.0014114747568556186,
btc-updown-15m-1767073500,,false,-8.03,1767073500000,BTCUSDT,ASIA,5,2,0.004833678126099918,0.010895802471774862,25.366712475182585,87567.07170093567,87800.63892539489,-0.0026601995989764537,0.004092634777740619,0.002790124277837308,1.4668288471053046,0.0013913960164102523,2.095201633486757,0.0017992173044663862,0.0013609049203944592,
btc-updown-15m-1767074400,,true,2.07,1767074400000,BTCUSDT,ASIA,6,2,0.004656334244539639,0.00872461572575067,25.83996699735153,87537.44296821834,87779.33984131628,-0.0027557381216950505,0.0020267843970462173,0.0027869033851762176,0.727253197160282,0.0006342598963350038,2.2883472057059873,0.0017156572142680248,0.0013287338406413518,
btc-updown-15m-1767075300,,true,2.36,1767075300000,BTCUSDT,ASIA,6,2,0.004656334244539639,0.00872461572575067,25.83996699735153,87537.44296821834,87779.33984131628,-0.0027557381216950505,0.0020267843970462173,0.0027869033851762176,0.727253197160282,0.0011329417249117597,0.1659785301402826,0.0016723966986813609,0.001343624116813062,
btc-updown-15m-1767076200,,true,2.07,1767076200000,BTCUSDT,ASIA,6,2,0.004656334244539639,0.00872461572575067,25.83996699735153,87537.44296821834,87779.33984131628,-0.0027557381216950505,0.0020267843970462173,0.0027869033851762176,0.727253197160282,0.0010180815962859743,1.0149558123722835,0.001624838927233406,0.0013432539284972333,
btc-updown-15m-1767077100,,true,2.76,1767077100000,BTCUSDT,ASIA,6,2,0.004656334244539639,0.00872461572575067,25.83996699735153,87537.44296821834,87779.33984131628,-0.0027557381216950505,0.0020267843970462173,0.0027869033851762176,0.727253197160282,0.0013283764111567799,0.09965896172796804,0.0016017281519096116,0.0013540624108048967,
btc-updown-15m-1767079800,,true,2.26,1767079800000,BTCUSDT,ASIA,7,2,0.00454770353812902,0.00785489581157384,25.569467143075673,87528.46459094698,87766.19168407613,-0.002708640862359224,0.0019640538604143052,0.0027955794862265025,0.7025569725672162,0.0026327120596800423,1.3601477529245158,0.001636589916375735,0.0013723169048152557,
btc-updown-15m-1767080700,,true,2.66,1767080700000,BTCUSDT,ASIA,7,2,0.00454770353812902,0.00785489581157384,25.569467143075673,87528.46459094698,87766.19168407613,-0.002708640862359224,0.0019640538604143052,0.0027955794862265025,0.7025569725672162,0.001488598509273457,1.141728395061738,0.001624862986966311,0.0013542108378573868,
btc-updown-15m-1767083400,,true,2.56,1767083400000,BTCUSDT,EU,8,2,0.004407752315425579,0.007734581173801953,25.02328022360415,87526.0251074102,87755.89058456999,-0.0026193737608790624,0.0019001869924294924,0.002786959954654892,0.6818135256144331,0.00517611565168001,7.433450900313982,0.0020938854192928923,0.0012968744843256717,
btc-updown-15m-1767084300,,false,-7.05,1767084300000,BTCUSDT,EU,8,2,0.004407752315425579,0.007734581173801953,25.02328022360415,87526.0251074102,87755.89058456999,-0.0026193737608790624,0.0019001869924294924,0.002786959954654892,0.6818135256144331,0.0022915727225146214,1.5863443487204434,0.0021060314800973256,0.001300256912190878,
btc-updown-15m-1767085200,,false,-7.34,1767085200000,BTCUSDT,EU,9,2,0.004662509854480386,0.009081774392388246,23.96766469757696,87559.03986018209,87760.52010625297,-0.0022957959436309405,0.002066527397160009,0.002826030817589632,0.7312472971977653,0.0016821876636534843,2.9152093269733506,0.002076549401866567,0.0012981206510058409,
btc-updown-15m-1767087000,,true,3.05,1767087000000,BTCUSDT,EU,9,2,0.004662509854480386,0.009081774392388246,23.96766469757696,87559.03986018209,87760.52010625297,-0.0022957959436309405,0.002066527397160009,0.002826030817589632,0.7312472971977653,0.0016935242462020005,0.31127992226825096,0.0020068246722628144,0.001309814890925136,
btc-updown-15m-1767087900,,true,2.26,1767087900000,BTCUSDT,EU,9,2,0.004662509854480386,0.009081774392388246,23.96766469757696,87559.03986018209,87760.52010625297,-0.0022957959436309405,0.002066527397160009,0.002826030817589632,0.7312472971977653,0.0017835011998721985,0.00006394270739378006,0.001987328592758105,0.0013592279245330117,
btc-updown-15m-1767088800,,true,2.85,1767088800000,BTCUSDT,EU,10,2,0.004639284088987979,0.010716562068713976,22.98749187068223,87600.34082700497,87769.66205435836,-0.0019291543728232607,0.0020785249442769336,0.00282843577719742,0.7348672934467184,0.0024946693663595743,0.5255535440746301,0.002020220225172436,0.0013092770557657618,
btc-updown-15m-1767089700,,true,3.05,1767089700000,BTCUSDT,EU,10,2,0.004639284088987979,0.010716562068713976,22.98749187068223,87600.34082700497,87769.66205435836,-0.0019291543728232607,0.0020785249442769336,0.00282843577719742,0.7348672934467184,0.0018786118623941076,4.433410062478689,0.0020093507413187044,0.001307577433836764,
btc-updown-15m-1767090600,,true,3.45,1767090600000,BTCUSDT,EU,10,2,0.004639284088987979,0.010716562068713976,22.98749187068223,87600.34082700497,87769.66205435836,-0.0019291543728232607,0.0020785249442769336,0.00282843577719742,0.7348672934467184,0.0014637792791384451,24.245098039258906,0.0019704170621039864,0.0012758759142097028,
btc-updown-15m-1767094200,,false,-7.83,1767094200000,BTCUSDT,EU,11,2,0.004531285473998345,0.011810965045852042,22.43437089440356,87633.59503492244,87776.76656212324,-0.0016310868218125663,0.002086512959544697,0.002828780793742229,0.7376015010284426,0.0013554064564214262,0.26191484854899794,0.00199731236134337,0.0014573658987505785,
btc-updown-15m-1767096000,,true,2.95,1767096000000,BTCUSDT,EU,12,2,0.004446485033157397,0.012391319119663383,21.328769045496596,87659.33741331857,87781.7942811548,-0.0013950144086143368,0.00199366415515385,0.002828393032614479,0.704875217893946,0.002436653339045972,6.950167348456804,0.0019980090120265887,0.0014416992503811577,
btc-updown-15m-1767096900,,false,-7.64,1767096900000,BTCUSDT,EU,12,2,0.004446485033157397,0.012391319119663383,21.328769045496596,87659.33741331857,87781.7942811548,-0.0013950144086143368,0.00199366415515385,0.002828393032614479,0.704875217893946,0.0019003045447358602,0.24526613985395015,0.001987993092567591,0.0014623011415540875,
btc-updown-15m-1767097800,,true,3.25,1767097800000,BTCUSDT,EU,12,2,0.004446485033157397,0.012391319119663383,21.328769045496596,87659.33741331857,87781.7942811548,-0.0013950144086143368,0.00199366415515385,0.002828393032614479,0.704875217893946,0.0012227332919540806,1.4862491333490466,0.001934227732104326,0.0014371842678066074,
btc-updown-15m-1768436100,,true,1.97,1768436100000,BTCUSDT,ASIA,0,4,0.007010339384152925,0.04346765534292213,55.31133350476598,96203.04947498249,94697.614331694,0.015897286894846818,0.004843622898445837,0.004337397849579156,1.116711693605833,0.0021984219139176225,6.3419599723959275,0.003594861113226671,0.0024260951102508324,
btc-updown-15m-1768439700,,true,2.76,1768439700000,BTCUSDT,ASIA,1,4,0.006898874649132446,0.043048455771102154,53.295200898056116,96246.38095385185,94774.4600044008,0.015530776428403836,0.004743120385132289,0.004357061648964635,1.0886052957867587,0.0031146920747298253,2.2596362061498025,0.003364415004681264,0.0018478840923754265,
btc-updown-15m-1768442400,,false,-7.74,1768442400000,BTCUSDT,ASIA,2,4,0.006910341839877869,0.041739065815030646,50.98406740347341,96265.32657833691,94840.01030640122,0.015028638939735384,0.0047320187186273635,0.004367107997935857,1.0835588954667448,0.001594647329510355,3.1681127982641475,0.0032604493972706217,0.0017966341612270617,
btc-updown-15m-1768446900,,true,2.17,1768446900000,BTCUSDT,ASIA,3,4,0.006810240145987156,0.04020673500283309,48.412735399211556,96272.42976215175,94898.83383888376,0.01447431825769363,0.004749035286218981,0.0043670750894864215,1.087463620136076,0.0020851829135176336,2.494425087108399,0.0031072537175054794,0.001787368448702489,
btc-updown-15m-1768448700,,false,-6.65,1768448700000,BTCUSDT,ASIA,3,4,0.006810240145987156,0.04020673500283309,48.412735399211556,96272.42976215175,94898.83383888376,0.01447431825769363,0.004749035286218981,0.0043670750894864215,1.087463620136076,0.003456362174634762,26.403973509929283,0.0032532910454209966,0.0018470208222605017,
btc-updown-15m-1768455000,,true,2.76,1768455000000,BTCUSDT,ASIA,5,4,0.0066203818789643595,0.03664986360391238,42.58254486702656,96251.84645119224,94995.29263031848,0.013227537766147268,0.004804989897098547,0.004393434660862049,1.0936750556239627,0.0017218720977239135,8.186807095339304,0.0027617006580294068,0.0015243884394329458,
btc-updown-15m-1768459500,,true,2.66,1768459500000,BTCUSDT,ASIA,6,4,0.006335026165301467,0.03452994825916786,40.20047874661554,96268.78583700597,95051.47315720937,0.012806878624418871,0.0047974176619070006,0.004393625489523935,1.0919040945446667,0.003310967773053014,0.0630444214531226,0.002545268039203482,0.0014648985465890198,
btc-updown-15m-1768472100,,true,2.85,1768472100000,BTCUSDT,EU,10,4,0.006007179775851843,0.01782530092602214,34.58673876838388,96400.98578492165,95287.80060464892,0.011682347301637863,0.004820888846308047,0.004382942188584356,1.0999207014101964,0.00216165410622917,0.1652938557436153,0.002359218973613045,0.0015962691312433814,
btc-updown-15m-1768473900,,true,2.26,1768473900000,BTCUSDT,EU,10,4,0.006007179775851843,0.01782530092602214,34.58673876838388,96400.98578492165,95287.80060464892,0.011682347301637863,0.004820888846308047,0.004382942188584356,1.0999207014101964,0.0008073385012919957,4.647866955892315,0.0021954488095528636,0.0015655790937551305,
btc-updown-15m-1768474800,,true,2.76,1768474800000,BTCUSDT,EU,11,4,0.005827259589607465,0.017633549571124865,34.16003419224704,96440.76618613327,95347.76432291942,0.011463319260555771,0.00344188444417212,0.004303963902323745,0.7997010482159989,0.0009827131355989727,1.0777802053753025,0.0021078279010763178,0.001565945988603383,
btc-updown-15m-1768477500,,true,2.17,1768477500000,BTCUSDT,EU,11,4,0.005827259589607465,0.017633549571124865,34.16003419224704,96440.76618613327,95347.76432291942,0.011463319260555771,0.00344188444417212,0.004303963902323745,0.7997010482159989,0.0027587003074727385,0.44581187313622217,0.0020718923770035313,0.0014800329612231651,
btc-updown-15m-1768478400,,true,2.07,1768478400000,BTCUSDT,EU,12,4,0.005687152604741168,0.0177300665079178,33.2705295797861,96454.1294061268,95396.05798706379,0.011091353682628036,0.003430660656636005,0.004282254634764165,0.8011342036471263,0.0014256570431796546,0.2562956204380775,0.0020279148408157413,0.0015111328155656535,
btc-updown-15m-1768479300,,true,2.46,1768479300000,BTCUSDT,EU,12,4,0.005687152604741168,0.0177300665079178,33.2705295797861,96454.1294061268,95396.05798706379,0.011091353682628036,0.003430660656636005,0.004282254634764165,0.8011342036471263,0.0017687601709148397,0.8246232766913512,0.002007386152729095,0.0015165833735052343,
btc-updown-15m-1768481100,,true,2.36,1768481100000,BTCUSDT,EU,12,4,0.005687152604741168,0.0177300665079178,33.2705295797861,96454.1294061268,95396.05798706379,0.011091353682628036,0.003430660656636005,0.004282254634764165,0.8011342036471263,0.0017913828749139657,0.5610680137110889,0.0019488647966827036,0.001399255185259562,
btc-updown-15m-1768482000,,true,2.95,1768482000000,BTCUSDT,EU,13,4,0.005604843538046591,0.01716841401790461,32.555075261068524,96504.36946229619,95458.1680920097,0.010959788891801159,0.003330310196024491,0.004283698215036891,0.7774380987750815,0.002642677720464282,0.08944856387968221,0.001993571861216703,0.0014938738959102615,
btc-updown-15m-1768482900,,true,2.95,1768482900000,BTCUSDT,EU,13,4,0.005604843538046591,0.01716841401790461,32.555075261068524,96504.36946229619,95458.1680920097,0.010959788891801159,0.003330310196024491,0.004283698215036891,0.7774380987750815,0.0014274213790243086,0.19479733817295264,0.0019553299839531963,0.0014698976750049631,
btc-updown-15m-1768486500,,true,2.17,1768486500000,BTCUSDT,EU,14,4,0.005516256254646171,0.01709058663509104,31.965189605956994,96536.97713215531,95512.57513959025,0.010725310160132562,0.0032530573752934575,0.00428715035102537,0.7587924632770143,0.0032865329282120758,0.08805934434073381,0.0021392050591964506,0.0015584278090677243,
btc-updown-15m-1768487400,,true,2.56,1768487400000,BTCUSDT,EU,14,4,0.005516256254646171,0.01709058663509104,31.965189605956994,96536.97713215531,95512.57513959025,0.010725310160132562,0.0032530573752934575,0.00428715035102537,0.7587924632770143,0.004499029047523764,0.2398575498575565,0.0023147732909630306,0.001745679228563829,
btc-updown-15m-1768489200,,false,-7.74,1768489200000,BTCUSDT,EU,15,4,0.006333129276340579,0.018180333653123385,30.44654805584118,96491.8774050626,95534.15615894846,0.010024909253614878,0.0037115090470778455,0.004379276003751595,0.8475165858233887,0.008691982619173071,2.492308338937481,0.0033857720886703102,0.0027851116572812345,
btc-updown-15m-1768494600,,true,3.05,1768494600000,BTCUSDT,US,16,4,0.0068408778963482885,0.017424567685266307,29.318501371911424,96515.22622318765,95581.27432320891,0.009771285291934717,0.0039032734707169945,0.004396816064849426,0.8877500020803502,0.0027735262877723282,4.4349064279897075,0.004583658690774509,0.003678491909936649,
btc-updown-15m-1768497300,,true,3.15,1768497300000,BTCUSDT,US,17,4,0.006866988294886759,0.014858678177257821,27.850201546435564,96536.49134417898,95626.59834936293,0.009515061818803128,0.0037744612137747837,0.004305586699174257,0.8766427150331604,0.004199365667889131,0.7169139465875968,0.004468218276422971,0.0037893595249153308,
btc-updown-15m-1768499100,,true,2.26,1768499100000,BTCUSDT,US,17,4,0.006866988294886759,0.014858678177257821,27.850201546435564,96536.49134417898,95626.59834936293,0.009515061818803128,0.0037744612137747837,0.004305586699174257,0.8766427150331604,0.005142454578088093,1.3581593927895317,0.004417485726865995,0.003853854056125249,
btc-updown-15m-1768501800,,true,2.46,1768501800000,BTCUSDT,US,18,4,0.006927849283247775,0.012035439932152605,26.04766102592662,96546.0016925047,95666.18510573266,0.009196735354290997,0.003775343805302078,0.004307188824418147,0.876521545537787,0.002504386815678347,1.8552943969608722,0.004439826897270091,0.003963884258077046,
btc-updown-15m-1768502700,,true,2.76,1768502700000,BTCUSDT,US,18,4,0.006927849283247775,0.012035439932152605,26.04766102592662,96546.0016925047,95666.18510573266,0.009196735354290997,0.003775343805302078,0.004307188824418147,0.876521545537787,0.005085160882654802,2.2105506099572922,0.004491384623704306,0.003963948970634806,
btc-updown-15m-1768504500,,false,-7.83,1768504500000,BTCUSDT,US,19,4,0.00716151057275989,0.01355029855432509,25.60357689012603,96478.28724612627,95672.779338498,0.0084194053229949,0.0039008241958740455,0.0044088588088267355,0.8847695889159386,0.003755385017220286,6.876865671642092,0.004292577992744986,0.003881125982418715,
btc-updown-15m-1768508100,,true,2.07,1768508100000,BTCUSDT,US,20,4,0.007223459288287917,0.01587736223317244,25.96884796373307,96386.64179396754,95666.58951448523,0.0075266849496427035,0.003936243343308356,0.004429340305044514,0.888674852737195,0.002304798102012344,5.9809584258945145,0.0041097800646920195,0.003087333604856548,
btc-updown-15m-1768509000,,true,2.26,1768509000000,BTCUSDT,US,20,4,0.007223459288287917,0.01587736223317244,25.96884796373307,96386.64179396754,95666.58951448523,0.0075266849496427035,0.003936243343308356,0.004429340305044514,0.888674852737195,0.004351019050314035,0.18763265071989216,0.004140889027849646,0.0030788730115613723,
btc-updown-15m-1768510800,,true,2.26,1768510800000,BTCUSDT,US,21,4,0.0071195236363980705,0.01918180666126448,26.36991951724714,96279.4063850463,95650.65242853435,0.0065734413780578205,0.003926100035177067,0.004442785764023227,0.8837023083511756,0.0017688240504577118,16.2262026611994,0.003879565814579685,0.002205575078783419,
btc-updown-15m-1768511700,,true,2.36,1768511700000,BTCUSDT,US,21,4,0.0071195236363980705,0.01918180666126448,26.36991951724714,96279.4063850463,95650.65242853435,0.0065734413780578205,0.003926100035177067,0.004442785764023227,0.8837023083511756,0.0027876171267699834,2.9863301787587124,0.003798779246122543,0.002113872050403544,
btc-updown-15m-1768512600,,true,2.66,1768512600000,BTCUSDT,US,21,4,0.0071195236363980705,0.01918180666126448,26.36991951724714,96279.4063850463,95650.65242853435,0.0065734413780578205,0.003926100035177067,0.004442785764023227,0.8837023083511756,0.0016626936854565388,0.41758340041144176,0.003641930048207464,0.00213638550072571,
btc-updown-15m-1768513500,,true,2.66,1768513500000,BTCUSDT,US,21,4,0.0071195236363980705,0.01918180666126448,26.36991951724714,96279.4063850463,95650.65242853435,0.0065734413780578205,0.003926100035177067,0.004442785764023227,0.8837023083511756,0.0014426538036588176,1.4355752212389483,0.003482720226910606,0.0019039198275608551,
btc-updown-15m-1768515300,,true,3.45,1768515300000,BTCUSDT,US,22,4,0.006913727039663146,0.020564101120764698,26.742334971779755,96213.2105388653,95647.97889873339,0.005909499046815592,0.004013829852433443,0.004445942011631891,0.9028075134430643,0.0024334031413612506,9.75879629629337,0.003268606085098218,0.001889401359141181,
btc-updown-15m-1768516200,,false,-7.74,1768516200000,BTCUSDT,US,22,4,0.006913727039663146,0.020564101120764698,26.742334971779755,96213.2105388653,95647.97889873339,0.005909499046815592,0.004013829852433443,0.004445942011631891,0.9028075134430643,0.0027342442174698245,0.8152680247513964,0.003225431905270645,0.001819649832857011,
btc-updown-15m-1768517100,,true,2.36,1768517100000,BTCUSDT,US,22,4,0.006913727039663146,0.020564101120764698,26.742334971779755,96213.2105388653,95647.97889873339,0.005909499046815592,0.004013829852433443,0.004445942011631891,0.9028075134430643,0.0022773947039491063,4.788998139783518,0.0031588661539156196,0.00170497528345786,
btc-updown-15m-1768519800,,true,3.45,1768519800000,BTCUSDT,US,23,4,0.006705452130833071,0.021744886201818265,26.461031380313486,96153.27334434887,95645.3726509081,0.0053102484664315774,0.00401200128372391,0.004438601750272842,0.9038885463146793,0.001694182347978288,3.7502934272297863,0.0029322091979625624,0.0013808171626966564,
btc-updown-15m-1768520700,,true,3.05,1768520700000,BTCUSDT,US,23,4,0.006705452130833071,0.021744886201818265,26.461031380313486,96153.27334434887,95645.3726509081,0.0053102484664315774,0.00401200128372391,0.004438601750272842,0.9038885463146793,0.0010214675782504088,0.7906720528827141,0.0027972469446110237,0.0013503901913138384,
btc-updown-15m-1768521600,,true,2.66,1768521600000,BTCUSDT,ASIA,0,5,0.006478948239707165,0.02251861291680953,26.376175602318757,96101.03778787609,95643.72851072761,0.004781382786610999,0.003937515886579786,0.0043532948810429,0.9044909647003956,0.001198364127222239,0.25421871575711946,0.0026804799199301103,0.0013151670793869709,
btc-updown-15m-1768522500,,true,2.76,1768522500000,BTCUSDT,ASIA,0,5,0.006478948239707165,0.02251861291680953,26.376175602318757,96101.03778787609,95643.72851072761,0.004781382786610999,0.003937515886579786,0.0043532948810429,0.9044909647003956,0.0017456139396317372,1.484437825762703,0.002611824902554436,0.0013247563492097456,
btc-updown-15m-1768523400,,true,2.07,1768523400000,BTCUSDT,ASIA,0,5,0.006478948239707165,0.02251861291680953,26.376175602318757,96101.03778787609,95643.72851072761,0.004781382786610999,0.003937515886579786,0.0043532948810429,0.9044909647003956,0.0014121852398043511,5.127495462796831,0.002525512346585552,0.0011345222424362135,
btc-updown-15m-1768524300,,true,2.95,1768524300000,BTCUSDT,ASIA,0,5,0.006478948239707165,0.02251861291680953,26.376175602318757,96101.03778787609,95643.72851072761,0.004781382786610999,0.003937515886579786,0.0043532948810429,0.9044909647003956,0.0015926730767280037,0.2798588946748957,0.002455803684148512,0.0011299555524871736,
btc-updown-15m-1768525200,,true,2.36,1768525200000,BTCUSDT,ASIA,1,5,0.006206351044766714,0.0233302521058384,26.00105773042982,96056.51037978388,95643.30735560443,0.004320250267414449,0.00384612659041058,0.004323903359838483,0.889503365439289,0.0021407114856018174,0.139778359414183,0.0024375385900019635,0.001199118097832947,
btc-updown-15m-1768526100,,true,1.97,1768526100000,BTCUSDT,ASIA,1,5,0.006206351044766714,0.0233302521058384,26.00105773042982,96056.51037978388,95643.30735560443,0.004320250267414449,0.00384612659041058,0.004323903359838483,0.889503365439289,0.0022295989079943305,0.3303526763381836,0.00242638891582142,0.001257767324062373,
btc-updown-15m-1768527000,,false,-7.24,1768527000000,BTCUSDT,ASIA,1,5,0.006206351044766714,0.0233302521058384,26.00105773042982,96056.51037978388,95643.30735560443,0.004320250267414449,0.00384612659041058,0.004323903359838483,0.889503365439289,0.001993970217302485,0.09876471946432731,0.002391146733281256,0.0009975773910364599,
btc-updown-15m-1768527900,,true,2.56,1768527900000,BTCUSDT,ASIA,1,5,0.006206351044766714,0.0233302521058384,26.00105773042982,96056.51037978388,95643.30735560443,0.004320250267414449,0.00384612659041058,0.004323903359838483,0.889503365439289,0.0023484129651469266,85.37692307673038,0.0023881306695362173,0.0009915206603943265,
btc-updown-15m-1768528800,,true,2.66,1768528800000,BTCUSDT,ASIA,2,5,0.0060855183982882685,0.023911645764322396,25.915053581894117,96019.14558192273,95644.12883783046,0.003920959379829059,0.003832908547672464,0.0042505373520032,0.901746821696811,0.0012523495931066073,5.001002004010408,0.002306522333292161,0.0009890310259850462,
btc-updown-15m-1768530600,,true,3.05,1768530600000,BTCUSDT,ASIA,2,5,0.0060855183982882685,0.023911645764322396,25.915053581894117,96019.14558192273,95644.12883783046,0.003920959379829059,0.003832908547672464,0.0042505373520032,0.901746821696811,0.0030774504449446664,0.44366855175804565,0.002356174025900426,0.0011658398697209998,
btc-updown-15m-1768531500,,true,3.15,1768531500000,BTCUSDT,ASIA,2,5,0.0060855183982882685,0.023911645764322396,25.915053581894117,96019.14558192273,95644.12883783046,0.003920959379829059,0.003832908547672464,0.0042505373520032,0.901746821696811,0.0024769428992366086,0.20636864666267893,0.0023692159800826848,0.0012562656712779854,
btc-updown-15m-1768532400,,true,1.97,1768532400000,BTCUSDT,ASIA,3,5,0.005879855958946487,0.024811785647950876,25.882895102418935,95970.12219351066,95638.66918031001,0.0034656798974874725,0.0038279069851237034,0.004255192066665472,0.8995850070108339,0.0007042316951601633,1.8323504633537095,0.002249728786626655,0.0012386406607664564,
btc-updown-15m-1768533300,,true,3.25,1768533300000,BTCUSDT,ASIA,3,5,0.005879855958946487,0.024811785647950876,25.882895102418935,95970.12219351066,95638.66918031001,0.0034656798974874725,0.0038279069851237034,0.004255192066665472,0.8995850070108339,0.0008606933293126981,0.23275344931017267,0.00214901155472799,0.001248601532020402,
btc-updown-15m-1768534200,,true,3.15,1768534200000,BTCUSDT,ASIA,3,5,0.005879855958946487,0.024811785647950876,25.882895102418935,95970.12219351066,95638.66918031001,0.0034656798974874725,0.0038279069851237034,0.004255192066665472,0.8995850070108339,0.000876241079714985,0.2663841380352567,0.0020594683370532955,0.0012055919736462116,
btc-updown-15m-1768535100,,true,2.46,1768535100000,BTCUSDT,ASIA,3,5,0.005879855958946487,0.024811785647950876,25.882895102418935,95970.12219351066,95638.66918031001,0.0034656798974874725,0.0038279069851237034,0.004255192066665472,0.8995850070108339,0.0011007337526204902,1.0283948232570217,0.0019919806311072216,0.0012079215536939395,
btc-updown-15m-1768536000,,true,2.76,1768536000000,BTCUSDT,ASIA,4,5,0.005666960404608873,0.025576497792417684,25.986768912815094,95911.50960320455,95627.52602704332,0.0029696844408682033,0.003691585490111569,0.0042587366126755006,0.8668264384146487,0.0013812192370290493,0.33597158802637855,0.0019502322391734526,0.001213180657558805,
btc-updown-15m-1768536900,,false,-7.54,1768536900000,BTCUSDT,ASIA,4,5,0.005666960404608873,0.025576497792417684,25.986768912815094,95911.50960320455,95627.52602704332,0.0029696844408682033,0.003691585490111569,0.0042587366126755006,0.8668264384146487,0.0010446492092079517,0.24127617148575997,0.0018839532696016382,0.0012305463504106652,
btc-updown-15m-1768537800,,true,2.76,1768537800000,BTCUSDT,ASIA,4,5,0.005666960404608873,0.025576497792417684,25.986768912815094,95911.50960320455,95627.52602704332,0.0029696844408682033,0.003691585490111569,0.0042587366126755006,0.8668264384146487,0.001911844462925683,4.22607449856819,0.0018865854573532693,0.001230654170765335,
btc-updown-15m-1768538700,,false,-7.54,1768538700000,BTCUSDT,ASIA,4,5,0.005666960404608873,0.025576497792417684,25.986768912815094,95911.50960320455,95627.52602704332,0.0029696844408682033,0.003691585490111569,0.0042587366126755006,0.8668264384146487,0.00280605887670231,0.5952338290629376,0.001955238332256819,0.0012826224032503044,
btc-updown-15m-1768539600,,true,2.26,1768539600000,BTCUSDT,ASIA,5,5,0.005604290126681603,0.026263578289206557,26.425155489576184,95849.58392623742,95613.15853508594,0.002472728594827611,0.0036873584520171355,0.004230498308980548,0.8716132669736733,0.0016551559432092765,4.488323457653311,0.00193309789617245,0.001261202663446532,
btc-updown-15m-1768540500,,true,3.35,1768540500000,BTCUSDT,ASIA,5,5,0.005604290126681603,0.026263578289206557,26.425155489576184,95849.58392623742,95613.15853508594,0.002472728594827611,0.0036873584520171355,0.004230498308980548,0.8716132669736733,0.0020871004842603707,0.34048148897445524,0.0019410464105327429,0.0013062481682537131,
btc-updown-15m-1768541400,,true,3.25,1768541400000,BTCUSDT,ASIA,5,5,0.005604290126681603,0.026263578289206557,26.425155489576184,95849.58392623742,95613.15853508594,0.002472728594827611,0.0036873584520171355,0.004230498308980548,0.8716132669736733,0.0018020427770481047,0.5622497269750542,0.0019331401567614075,0.001322257110571638,
btc-updown-15m-1768543200,,false,-6.95,1768543200000,BTCUSDT,ASIA,6,5,0.005506747373485641,0.024767267610375357,26.508764962396793,95831.56355150012,95615.00124539706,0.002264940681716343,0.003692445510133157,0.004208503866001926,0.8773772408675428,0.0010918426432405604,0.5395396872232674,0.001994285994563895,0.0014312470881062817,
btc-updown-15m-1768544100,,true,2.95,1768544100000,BTCUSDT,ASIA,6,5,0.005506747373485641,0.024767267610375357,26.508764962396793,95831.56355150012,95615.00124539706,0.002264940681716343,0.003692445510133157,0.004208503866001926,0.8773772408675428,0.002368437928357564,3.2692815387519083,0.002022008147803923,0.0013828497428805637,
btc-updown-15m-1768545000,,false,-6.55,1768545000000,BTCUSDT,ASIA,6,5,0.005506747373485641,0.024767267610375357,26.508764962396793,95831.56355150012,95615.00124539706,0.002264940681716343,0.003692445510133157,0.004208503866001926,0.8773772408675428,0.0015701216320890992,1.9809220985696057,0.0019885978593160553,0.0013262629042881703,
btc-updown-15m-1768545900,,false,-6.75,1768545900000,BTCUSDT,ASIA,6,5,0.005506747373485641,0.024767267610375357,26.508764962396793,95831.56355150012,95615.00124539706,0.002264940681716343,0.003692445510133157,0.004208503866001926,0.8773772408675428,0.0010892469358459826,1.2121469526440005,0.001923393331599292,0.0013306607552222777,
btc-updown-15m-1768546800,,false,-6.65,1768546800000,BTCUSDT,ASIA,7,5,0.005320098610319945,0.02356649228968545,26.112695425198034,95822.95845066763,95619.93845751492,0.002123197279016553,0.0036886348186855374,0.004205320960199304,0.8771351470187714,0.0008847137683371083,1.3220850480102164,0.0018484743653372007,0.0013324235188009615,
btc-updown-15m-1768547700,,true,3.25,1768547700000,BTCUSDT,ASIA,7,5,0.005320098610319945,0.02356649228968545,26.112695425198034,95822.95845066763,95619.93845751492,0.002123197279016553,0.0036886348186855374,0.004205320960199304,0.8771351470187714,0.0010128389776220088,0.9461847389556745,0.0017896792187980588,0.001252033758598264,
btc-updown-15m-1768548600,,true,2.26,1768548600000,BTCUSDT,ASIA,7,5,0.005320098610319945,0.02356649228968545,26.112695425198034,95822.95845066763,95619.93845751492,0.002123197279016553,0.0036886348186855374,0.004205320960199304,0.8771351470187714,0.0012429078708012821,0.1446328772404074,0.0017524159693758765,0.001184369583892806,
btc-updown-15m-1768549500,,true,2.17,1768549500000,BTCUSDT,ASIA,7,5,0.005320098610319945,0.02356649228968545,26.112695425198034,95822.95845066763,95619.93845751492,0.002123197279016553,0.0036886348186855374,0.004205320960199304,0.8771351470187714,0.0010268133911964063,0.0001019991839531004,0.001702257740448715,0.0011131660350845887,
btc-updown-15m-1768550400,,false,-7.54,1768550400000,BTCUSDT,EU,8,5,0.005167721842265235,0.022879834545304435,25.843306479288955,95806.7871689421,95621.21471545538,0.0019407037866956411,0.003662942084619908,0.004208759237172309,0.8703139994961763,0.0020128893617733434,0.17516507703591702,0.0017214972009083156,0.001176293227158898,
btc-updown-15m-1768552200,,true,2.56,1768552200000,BTCUSDT,EU,8,5,0.005167721842265235,0.022879834545304435,25.843306479288955,95806.7871689421,95621.21471545538,0.0019407037866956411,0.003662942084619908,0.004208759237172309,0.8703139994961763,0.0019440782271495205,0.9684656084656516,0.001718674617948242,0.0011765945696586844,
btc-updown-15m-1768553100,,true,2.66,1768553100000,BTCUSDT,EU,8,5,0.005167721842265235,0.022879834545304435,25.843306479288955,95806.7871689421,95621.21471545538,0.0019407037866956411,0.003662942084619908,0.004208759237172309,0.8703139994961763,0.0020382545074470316,6.704859739229576,0.0017417618596204344,0.0011695133458095328,
btc-updown-15m-1768554000,,true,2.95,1768554000000,BTCUSDT,EU,9,5,0.005022013466208089,0.020436304254240905,25.296494966021022,95794.33124733418,95623.33334712271,0.0017882445029471228,0.00350432986564638,0.004205676474097605,0.8332380978967932,0.0013090012124253234,0.18789718296512886,0.0017126326210927132,0.0011733131943581047,
btc-updown-15m-1768555800,,true,2.26,1768555800000,BTCUSDT,EU,9,5,0.005022013466208089,0.020436304254240905,25.296494966021022,95794.33124733418,95623.33334712271,0.0017882445029471228,0.00350432986564638,0.004205676474097605,0.8332380978967932,0.0012233007677663343,5.174762407602044,0.0016486523206234829,0.0011568180857033082,
btc-updown-15m-1768556700,,true,2.85,1768556700000,BTCUSDT,EU,9,5,0.005022013466208089,0.020436304254240905,25.296494966021022,95794.33124733418,95623.33334712271,0.0017882445029471228,0.00350432986564638,0.004205676474097605,0.8332380978967932,0.0007705966013040431,0.29725448785641795,0.001586838190333407,0.0010818527104484645,
btc-updown-15m-1768557600,,true,2.66,1768557600000,BTCUSDT,EU,10,5,0.004805797740269982,0.01802721139859143,24.78870019190307,95777.11207987202,95622.91944792854,0.0016125070520092155,0.0035002962600629807,0.00418580022970872,0.8362310831796572,0.0007193401777169195,0.4150205761316016,0.0015256165526060194,0.0010939230519897492,
btc-updown-15m-1768560300,,false,-6.85,1768560300000,BTCUSDT,EU,10,5,0.004805797740269982,0.01802721139859143,24.78870019190307,95777.11207987202,95622.91944792854,0.0016125070520092155,0.0035002962600629807,0.00418580022970872,0.8362310831796572,0.0011335143529353816,1.3689980267485535,0.0014883538505859537,0.0008100457316633363,
btc-updown-15m-1768561200,,false,-7.34,1768561200000,BTCUSDT,EU,11,5,0.004744035888482777,0.018259209424344208,25.088417243163576,95732.37283349135,95610.545002964,0.0012742091421356072,0.0030968069053853987,0.004204809320893825,0.736491638276502,0.0015044000079345826,0.835339308579092,0.0014906022638854744,0.0008009104999477428,
btc-updown-15m-1768562100,,true,2.46,1768562100000,BTCUSDT,EU,11,5,0.004744035888482777,0.018259209424344208,25.088417243163576,95732.37283349135,95610.545002964,0.0012742091421356072,0.0030968069053853987,0.004204809320893825,0.736491638276502,0.00125402274561705,26.52534562214344,0.0014735934668851712,0.0007975691596259177,
btc-updown-15m-1768563000,,false,-7.15,1768563000000,BTCUSDT,EU,11,5,0.004744035888482777,0.018259209424344208,25.088417243163576,95732.37283349135,95610.545002964,0.0012742091421356072,0.0030968069053853987,0.004204809320893825,0.736491638276502,0.001271973347450409,2.0521410579339365,0.0014585367512057463,0.000792997638645165,
btc-updown-15m-1768564800,,true,2.76,1768564800000,BTCUSDT,EU,12,5,0.004555671011496486,0.015660574402179776,25.40921885695203,95703.4887536492,95603.42866146688,0.001046616147383439,0.0026043729126566705,0.00419514691660842,0.620806127753491,0.0017833149090687474,0.5167336010708851,0.0014470056178365299,0.0008288244715712152,
btc-updown-15m-1768565700,,true,2.85,1768565700000,BTCUSDT,EU,12,5,0.004555671011496486,0.015660574402179776,25.40921885695203,95703.4887536492,95603.42866146688,0.001046616147383439,0.0026043729126566705,0.00419514691660842,0.620806127753491,0.0006901102227070663,0.35160098522176203,0.0013922259462887001,0.000837458339919698,
btc-updown-15m-1768568400,,false,-7.15,1768568400000,BTCUSDT,EU,13,5,0.004390212352164576,0.011865820256570748,25.293196833534843,95680.16125257385,95597.74057484025,0.0008621613569315123,0.002609321728500212,0.004194625679716764,0.6220630701608642,0.0016606626919830508,3.042634669390168,0.0013829299845671368,0.0007198120460920244,
btc-updown-15m-1768569300,,false,-6.65,1768569300000,BTCUSDT,EU,13,5,0.004390212352164576,0.011865820256570748,25.293196833534843,95680.16125257385,95597.74057484025,0.0008621613569315123,0.002609321728500212,0.004194625679716764,0.6220630701608642,0.0014492867569784599,0.934919524142836,0.0013865594832244035,0.0007272389097451947,
btc-updown-15m-1768570200,,true,2.07,1768570200000,BTCUSDT,EU,13,5,0.004390212352164576,0.011865820256570748,25.293196833534843,95680.16125257385,95597.74057484025,0.0008621613569315123,0.002609321728500212,0.004194625679716764,0.6220630701608642,0.000801081150599179,22.463190184083928,0.001344665979480518,0.0006824469463596861,
btc-updown-15m-1768571100,,true,2.17,1768571100000,BTCUSDT,EU,13,5,0.004390212352164576,0.011865820256570748,25.293196833534843,95680.16125257385,95597.74057484025,0.0008621613569315123,0.002609321728500212,0.004194625679716764,0.6220630701608642,0.003053373429301965,1.6094170403587182,0.0014678699304017347,0.0007197866666690447,
btc-updown-15m-1768572000,,false,-7.54,1768572000000,BTCUSDT,EU,14,5,0.004294769552532462,0.006514461404820309,25.353486336725894,95658.13351382861,95591.89627150614,0.0006929169198017782,0.002610536924425019,0.004171854556244032,0.6257497449228707,0.000869995977054747,2.061600885282118,0.0014247473377185936,0.0006934601086474454,
btc-updown-15m-1768572900,,false,-6.75,1768572900000,BTCUSDT,EU,14,5,0.004294769552532462,0.006514461404820309,25.353486336725894,95658.13351382861,95591.89627150614,0.0006929169198017782,0.002610536924425019,0.004171854556244032,0.6257497449228707,0.0012366499328292455,10.15595463137801,0.0014111504204920345,0.0006902299377048175,
btc-updown-15m-1768573800,,true,3.15,1768573800000,BTCUSDT,EU,14,5,0.004294769552532462,0.006514461404820309,25.353486336725894,95658.13351382861,95591.89627150614,0.0006929169198017782,0.002610536924425019,0.004171854556244032,0.6257497449228707,0.0038511997924211396,0.4419225634178593,0.0015808979746686645,0.0009298321983866028,
btc-updown-15m-1768574700,,false,-7.15,1768574700000,BTCUSDT,EU,14,5,0.004294769552532462,0.006514461404820309,25.353486336725894,95658.13351382861,95591.89627150614,0.0006929169198017782,0.002610536924425019,0.004171854556244032,0.6257497449228707,0.006053389280561445,0.1972585669781847,0.0019077837908620635,0.0014599393332083656,
btc-updown-15m-1768575600,,true,2.36,1768575600000,BTCUSDT,EU,15,5,0.004461516012881646,0.006600854984174204,24.467062615955,95613.77413188145,95576.26858071357,0.0003924148925755766,0.0019569857065210357,0.004177764013753841,0.46842897302919406,0.0031268268931273803,6.396868787275234,0.0019956071342862656,0.0014591912955604967,
btc-updown-15m-1768577400,,true,2.17,1768577400000,BTCUSDT,EU,15,5,0.004461516012881646,0.006600854984174204,24.467062615955,95613.77413188145,95576.26858071357,0.0003924148925755766,0.0019569857065210357,0.004177764013753841,0.46842897302919406,0.009440231315709527,0.048053927315363704,0.0028243340253187254,0.0026446081914622546,
btc-updown-15m-1768578300,,false,-7.93,1768578300000,BTCUSDT,EU,15,5,0.004461516012881646,0.006600854984174204,24.467062615955,95613.77413188145,95576.26858071357,0.0003924148925755766,0.0019569857065210357,0.004177764013753841,0.46842897302919406,0.004509533898305054,1.2796401413731302,0.0029494257358461083,0.0026687671975732133,
btc-updown-15m-1768579200,,true,2.66,1768579200000,BTCUSDT,US,16,5,0.005203745305526575,0.010693294863246857,25.54424580078889,95515.88897625686,95537.43832529271,-0.0002255592091812142,0.0022937445478935043,0.004233068363030602,0.5418633367525707,0.004095087824754754,6.5981896890999,0.003028882625548552,0.0026760595852953354,
btc-updown-15m-1768580100,,true,2.26,1768580100000,BTCUSDT,US,16,5,0.005203745305526575,0.010693294863246857,25.54424580078889,95515.88897625686,95537.43832529271,-0.0002255592091812142,0.0022937445478935043,0.004233068363030602,0.5418633367525707,0.003682227959537817,0.7061332548904153,0.0030687154517792742,0.0027346032573463447,
btc-updown-15m-1768581000,,false,-7.06,1768581000000,BTCUSDT,US,16,5,0.005203745305526575,0.010693294863246857,25.54424580078889,95515.88897625686,95537.43832529271,-0.0002255592091812142,0.0022937445478935043,0.004233068363030602,0.5418633367525707,0.003775549631922491,3.459790209790105,0.0031160100383714096,0.002741963190318016,
btc-updown-15m-1768581900,,false,-6.95,1768581900000,BTCUSDT,US,16,5,0.005203745305526575,0.010693294863246857,25.54424580078889,95515.88897625686,95537.43832529271,-0.0002255592091812142,0.0022937445478935043,0.004233068363030602,0.5418633367525707,0.0027983602890719237,7.850701402804612,0.003091975286760875,0.002744736170355601,
btc-updown-15m-1768582800,,true,3.25,1768582800000,BTCUSDT,US,17,5,0.005180896213975427,0.011858001569594856,26.544449770235524,95454.61859778782,95511.38237297883,-0.0005943142459119422,0.0023609050040682878,0.004237269135500889,0.5571760793497966,0.0022092958602711542,6.6284153005470445,0.003029605742039623,0.002725050918351946,
btc-updown-15m-1768583700,,false,-7.64,1768583700000,BTCUSDT,US,17,5,0.005180896213975427,0.011858001569594856,26.544449770235524,95454.61859778782,95511.38237297883,-0.0005943142459119422,0.0023609050040682878,0.004237269135500889,0.5571760793497966,0.0021944794275211284,1.7141363992679457,0.0029720083676362664,0.0027205420362880935,
btc-updown-15m-1768584600,,true,2.56,1768584600000,BTCUSDT,US,17,5,0.005180896213975427,0.011858001569594856,26.544449770235524,95454.61859778782,95511.38237297883,-0.0005943142459119422,0.0023609050040682878,0.004237269135500889,0.5571760793497966,0.0036393294631703,9.018049490540985,0.0030201100273943033,0.0027029771285020806,
btc-updown-15m-1768585500,,false,-6.85,1768585500000,BTCUSDT,US,17,5,0.005180896213975427,0.011858001569594856,26.544449770235524,95454.61859778782,95511.38237297883,-0.0005943142459119422,0.0023609050040682878,0.004237269135500889,0.5571760793497966,0.0018550394728885635,0.08890403320739428,0.0029318770039054145,0.0027427633052221675,
btc-updown-15m-1768586400,,false,-6.55,1768586400000,BTCUSDT,US,18,5,0.005232225351421623,0.012226734057366002,26.95263989804352,95418.567303148,95494.34667621973,-0.000793548264471311,0.002275752042225395,0.004241122413522136,0.5365919255170579,0.0035920455744277375,1.2251339694157377,0.002973878226011995,0.0027755892834305505,
btc-updown-15m-1768587300,,true,2.76,1768587300000,BTCUSDT,US,18,5,0.005232225351421623,0.012226734057366002,26.95263989804352,95418.567303148,95494.34667621973,-0.000793548264471311,0.002275752042225395,0.004241122413522136,0.5365919255170579,0.001582657674006629,10.51914241960407,0.0028748752227457292,0.002766703756486417,
btc-updown-15m-1768588200,,true,2.76,1768588200000,BTCUSDT,US,18,5,0.005232225351421623,0.012226734057366002,26.95263989804352,95418.567303148,95494.34667621973,-0.000793548264471311,0.002275752042225395,0.004241122413522136,0.5365919255170579,0.0019853288136392646,0.2900711159737195,0.0028069644777804423,0.0027949546870110467,
btc-updown-15m-1768589100,,true,2.46,1768589100000,BTCUSDT,US,18,5,0.005232225351421623,0.012226734057366002,26.95263989804352,95418.567303148,95494.34667621973,-0.000793548264471311,0.002275752042225395,0.004241122413522136,0.5365919255170579,0.0010908193593678357,0.44037206719424793,0.0026863354040743315,0.002788735153620181,
btc-updown-15m-1768590000,,true,2.07,1768590000000,BTCUSDT,US,19,5,0.005054578218440044,0.012678816653773899,27.01829420156072,95378.81708393425,95475.0232820753,-0.0010076582841652693,0.00227774936923605,0.004237730920777419,0.5374926846035314,0.0023374042386671953,0.6315789473685449,0.0026649117077254085,0.002801049974493192,
btc-updown-15m-1768590900,,true,1.97,1768590900000,BTCUSDT,US,19,5,0.005054578218440044,0.012678816653773899,27.01829420156072,95378.81708393425,95475.0232820753,-0.0010076582841652693,0.00227774936923605,0.004237730920777419,0.5374926846035314,0.0009476456336248436,3.453465346535612,0.0025427397819102185,0.0027998819063407574,
btc-updown-15m-1768592700,,true,3.25,1768592700000,BTCUSDT,US,19,5,0.005054578218440044,0.012678816653773899,27.01829420156072,95378.81708393425,95475.0232820753,-0.0010076582841652693,0.00227774936923605,0.004237730920777419,0.5374926846035314,0.0020443514526142566,1.2267768974624043,0.0024506234782132575,0.0025095620413259877,
btc-updown-15m-1768594500,,true,2.36,1768594500000,BTCUSDT,US,20,5,0.004854391231018735,0.012965832604339398,27.323445854677708,95342.93831462749,95456.50634633335,-0.0011897358917978273,0.0022756904635921225,0.004233207303972206,0.5375806806004377,0.003380790435352082,1.6334841628959125,0.002419822052471212,0.0023299193040105365,
btc-updown-15m-1768595400,,true,2.36,1768595400000,BTCUSDT,US,20,5,0.004854391231018735,0.012965832604339398,27.323445854677708,95342.93831462749,95456.50634633335,-0.0011897358917978273,0.0022756904635921225,0.004233207303972206,0.5375806806004377,0.0029538134438941207,0.17925084175082265,0.002451772563183529,0.0012734692085823484,
btc-updown-15m-1768596300,,true,3.05,1768596300000,BTCUSDT,US,20,5,0.004854391231018735,0.012965832604339398,27.323445854677708,95342.93831462749,95456.50634633335,-0.0011897358917978273,0.0022756904635921225,0.004233207303972206,0.5375806806004377,0.0016327925568972428,0.17726893623477716,0.0023899314653073726,0.0011892416023510115,
btc-updown-15m-1768599900,,true,3.15,1768599900000,BTCUSDT,US,21,5,0.005139079297663771,0.012836288843197402,25.930882228612557,95363.0013335695,95460.3591278264,-0.0010198766812362647,0.0026534734303166906,0.0042750875480904674,0.6206828282386649,0.0019268259057910516,0.4364204767485492,0.002306773679799988,0.0013694572124873842,
btc-updown-15m-1768600800,,true,2.76,1768600800000,BTCUSDT,US,22,5,0.004953198588627842,0.01259923418576468,24.526758534897372,95378.28882671449,95462.8801648764,-0.0008861175989642867,0.002652708864148769,0.004274979026237161,0.6205197377269205,0.0009823102453764363,2.4002900652644272,0.002212747419529602,0.0013694424063741323,
btc-updown-15m-1768601700,,true,3.25,1768601700000,BTCUSDT,US,22,5,0.004953198588627842,0.01259923418576468,24.526758534897372,95378.28882671449,95462.8801648764,-0.0008861175989642867,0.002652708864148769,0.004274979026237161,0.6205197377269205,0.0031296503142139633,1.1362659406791036,0.0022809938227653496,0.0014057307561241462,
btc-updown-15m-1768603500,,true,3.25,1768603500000,BTCUSDT,US,22,5,0.004953198588627842,0.01259923418576468,24.526758534897372,95378.28882671449,95462.8801648764,-0.0008861175989642867,0.002652708864148769,0.004274979026237161,0.6205197377269205,0.0016681601131380546,2.3182292754229574,0.0021633356246770134,0.0013637716263253123,
btc-updown-15m-1768604400,,false,-6.85,1768604400000,BTCUSDT,US,23,5,0.004834197793103475,0.012610106619984043,23.48025826882865,95391.21370134516,95464.92678721044,-0.0007721483517144634,0.002626021733722865,0.004254532945548488,0.6172291453214549,0.0019844777063856107,1.0028586553732566,0.0021482926754134045,0.0013382415605129989,
btc-updown-15m-1768605300,,false,-6.85,1768605300000,BTCUSDT,US,23,5,0.004834197793103475,0.012610106619984043,23.48025826882865,95391.21370134516,95464.92678721044,-0.0007721483517144634,0.002626021733722865,0.004254532945548488,0.6172291453214549,0.0009674766275229837,6.5866885784728835,0.0020636279452958825,0.001335727698717284,
btc-updown-15m-1768606200,,true,2.26,1768606200000,BTCUSDT,US,23,5,0.004834197793103475,0.012610106619984043,23.48025826882865,95391.21370134516,95464.92678721044,-0.0007721483517144634,0.002626021733722865,0.004254532945548488,0.6172291453214549,0.0010056615329960467,2.112479740680258,0.0019873821704338435,0.0013009503949252402,
btc-updown-15m-1768608000,,true,2.26,1768608000000,BTCUSDT,ASIA,0,6,0.004594853648926322,0.01274722734258935,22.49569171032959,95406.42573025306,95468.31178705579,-0.0006482366310275323,0.0026006207943259896,0.004094105634383931,0.6352109658541636,0.0012203886827962594,0.3009491903963843,0.0018812531314490299,0.00126528012230232,
btc-updown-15m-1768608900,,true,3.15,1768608900000,BTCUSDT,ASIA,0,6,0.004594853648926322,0.01274722734258935,22.49569171032959,95406.42573025306,95468.31178705579,-0.0006482366310275323,0.0026006207943259896,0.004094105634383931,0.6352109658541636,0.0006088774669692716,3.743882544858019,0.0017905848383317079,0.0012636615333347532,
btc-updown-15m-1768609800,,true,3.35,1768609800000,BTCUSDT,ASIA,0,6,0.004594853648926322,0.01274722734258935,22.49569171032959,95406.42573025306,95468.31178705579,-0.0006482366310275323,0.0026006207943259896,0.004094105634383931,0.6352109658541636,0.0009763583446693805,0.5730678366518143,0.0017334559875160156,0.0012299402843901493,
btc-updown-15m-1768610700,,false,-7.24,1768610700000,BTCUSDT,ASIA,0,6,0.004594853648926322,0.01274722734258935,22.49569171032959,95406.42573025306,95468.31178705579,-0.0006482366310275323,0.0026006207943259896,0.004094105634383931,0.6352109658541636,0.0009314296360393317,9.469964664304426,0.001676285572652181,0.0012249855596409374,
btc-updown-15m-1768611600,,false,-7.15,1768611600000,BTCUSDT,ASIA,1,6,0.004378383957056152,0.012749286516210968,21.58046278585669,95412.0966134284,95468.22181825776,-0.0005878941050794229,0.0025987192741694894,0.004094891893811567,0.6346246351696907,0.0008603457307490345,15.4569138276371,0.001618075071992058,0.0012250588002847914,
btc-updown-15m-1768612500,,true,3.45,1768612500000,BTCUSDT,ASIA,1,6,0.004378383957056152,0.012749286516210968,21.58046278585669,95412.0966134284,95468.22181825776,-0.0005878941050794229,0.0025987192741694894,0.004094891893811567,0.6346246351696907,0.0009775064542773277,6.767693588678958,0.0015724965967349252,0.0011756833612527225,
btc-updown-15m-1768613400,,true,2.66,1768613400000,BTCUSDT,ASIA,1,6,0.004378383957056152,0.012749286516210968,21.58046278585669,95412.0966134284,95468.22181825776,-0.0005878941050794229,0.0025987192741694894,0.004094891893811567,0.6346246351696907,0.0003922309771117696,0.9936102236416452,0.0014878991741942805,0.0010555414759904054,
btc-updown-15m-1768614300,,false,-6.95,1768614300000,BTCUSDT,ASIA,1,6,0.004378383957056152,0.012749286516210968,21.58046278585669,95412.0966134284,95468.22181825776,-0.0005878941050794229,0.0025987192741694894,0.004094891893811567,0.6346246351696907,0.0009960352513878306,0.3578165190055674,0.0014537762597494261,0.0010349430176380548,
btc-updown-15m-1768615200,,true,2.76,1768615200000,BTCUSDT,ASIA,2,6,0.004177126901020557,0.012441136847885564,20.88014151998678,95410.9378882109,95465.52168545932,-0.0005717645102099045,0.0024189375247031216,0.00409098953177906,0.5912842127589585,0.0004487085266991314,14.231316725913427,0.0013820205481588081,0.0007335862757781841,
btc-updown-15m-1768616100,,true,3.05,1768616100000,BTCUSDT,ASIA,2,6,0.004177126901020557,0.012441136847885564,20.88014151998678,95410.9378882109,95465.52168545932,-0.0005717645102099045,0.0024189375247031216,0.00409098953177906,0.5912842127589585,0.00135248324508656,0.11691801005365005,0.0013814639809406554,0.0007125640197036834,
btc-updown-15m-1768617000,,false,-7.05,1768617000000,BTCUSDT,ASIA,2,6,0.004177126901020557,0.012441136847885564,20.88014151998678,95410.9378882109,95465.52168545932,-0.0005717645102099045,0.0024189375247031216,0.00409098953177906,0.5912842127589585,0.00035723264894359,4.918260869565015,0.001308219228502334,0.0007124176840690883,
btc-updown-15m-1768618800,,true,2.17,1768618800000,BTCUSDT,ASIA,3,6,0.004039344920290576,0.011875334235698793,20.7717032853458,95407.16761345734,95461.82010977808,-0.0005725063303622102,0.0024080205123806772,0.004067454755398333,0.5920214623616276,0.0011291253141226178,0.8950149726967417,0.0013211938398381222,0.0006550837636584343,
btc-updown-15m-1768619700,,false,-7.05,1768619700000,BTCUSDT,ASIA,3,6,0.004039344920290576,0.011875334235698793,20.7717032853458,95407.16761345734,95461.82010977808,-0.0005725063303622102,0.0024080205123806772,0.004067454755398333,0.5920214623616276,0.0006266810643484461,0.00016744809100403742,0.0012723543536926815,0.0005851611024988469,
btc-updown-15m-1768621500,,true,2.56,1768621500000,BTCUSDT,ASIA,3,6,0.004039344920290576,0.011875334235698793,20.7717032853458,95407.16761345734,95461.82010977808,-0.0005725063303622102,0.0024080205123806772,0.004067454755398333,0.5920214623616276,0.0006514063754484689,31.663157894593176,0.0011731062636283491,0.0005742737712956104,
btc-updown-15m-1768622400,,true,3.25,1768622400000,BTCUSDT,ASIA,4,6,0.003836196387133064,0.011485814697186736,20.671018702694894,95403.9087928114,95458.33725118307,-0.0005701802476241191,0.0024022483654029207,0.0040087187919910705,0.5992558944773874,0.0011970085701992266,1.843890274314674,0.0011742640152347338,0.000532914561167577,
btc-updown-15m-1768623300,,false,-8.03,1768623300000,BTCUSDT,ASIA,4,6,0.003836196387133064,0.011485814697186736,20.671018702694894,95403.9087928114,95458.33725118307,-0.0005701802476241191,0.0024022483654029207,0.0040087187919910705,0.5992558944773874,0.0004930451781492868,0.0004257130694779964,0.0011261430193151615,0.0005386021570228057,
btc-updown-15m-1768624200,,false,-6.85,1768624200000,BTCUSDT,ASIA,4,6,0.003836196387133064,0.011485814697186736,20.671018702694894,95403.9087928114,95458.33725118307,-0.0005701802476241191,0.0024022483654029207,0.0040087187919910705,0.5992558944773874,0.0008007504463543268,7.911214953273316,0.0011027624750664512,0.0005313352289586885,
btc-updown-15m-1768626000,,false,-7.24,1768626000000,BTCUSDT,ASIA,5,6,0.003648947548534916,0.010967109545766754,20.608977511288195,95394.35938337632,95452.27654143254,-0.000606765602191639,0.0024037985716252827,0.004004809411761,0.6002279570573326,0.0005275970619097464,0.6324675324673404,0.0010338853332057085,0.00043058700545726855,
btc-updown-15m-1768626900,,true,3.25,1768626900000,BTCUSDT,ASIA,5,6,0.003648947548534916,0.010967109545766754,20.608977511288195,95394.35938337632,95452.27654143254,-0.000606765602191639,0.0024037985716252827,0.004004809411761,0.6002279570573326,0.0010347934742621127,3.433003597121101,0.0010341694688118768,0.0004312126210746554,
btc-updown-15m-1768629600,,true,2.36,1768629600000,BTCUSDT,ASIA,6,6,0.003461472549903285,0.010556674399497177,20.547916103906594,95387.62706048165,95447.21725741657,-0.0006243261841171188,0.002402889075647654,0.003984834081968504,0.6030085635235858,0.00028091152168511574,2.024858757063947,0.0008961997021347631,0.0004350288324809566,
btc-updown-15m-1768630500,,true,2.95,1768630500000,BTCUSDT,ASIA,6,6,0.003461472549903285,0.010556674399497177,20.547916103906594,95387.62706048165,95447.21725741657,-0.0006243261841171188,0.002402889075647654,0.003984834081968504,0.6030085635235858,0.0014433801338406974,0.659499939606354,0.0009359482200791193,0.00046995430655263383,
btc-updown-15m-1768631400,,true,2.66,1768631400000,BTCUSDT,ASIA,6,6,0.003461472549903285,0.010556674399497177,20.547916103906594,95387.62706048165,95447.21725741657,-0.0006243261841171188,0.002402889075647654,0.003984834081968504,0.6030085635235858,0.00041102181304216074,1.2157417893542988,0.0008986080386056189,0.00046448997545419165,
btc-updown-15m-1768632300,,true,2.85,1768632300000,BTCUSDT,ASIA,6,6,0.003461472549903285,0.010556674399497177,20.547916103906594,95387.62706048165,95447.21725741657,-0.0006243261841171188,0.002402889075647654,0.003984834081968504,0.6030085635235858,0.0013092394901159429,1.7834338021883474,0.000927502676201535,0.000460263954973522,
btc-updown-15m-1768634100,,true,2.76,1768634100000,BTCUSDT,ASIA,7,6,0.0033382434863019872,0.010563947453916537,20.791062804190915,95373.5740068841,95439.07202660126,-0.0006862809782864909,0.002301281210338052,0.003463064948167238,0.6645215278321482,0.001507623134385988,0.24778067885103958,0.0009387885094201332,0.00046241030929137204,
btc-updown-15m-1768635000,,true,3.05,1768635000000,BTCUSDT,ASIA,7,6,0.0033382434863019872,0.010563947453916537,20.791062804190915,95373.5740068841,95439.07202660126,-0.0006862809782864909,0.002301281210338052,0.003463064948167238,0.6645215278321482,0.0006692571382434775,0.23779895002905163,0.0009190369786180721,0.0004823207479874502,
btc-updown-15m-1768635900,,true,3.05,1768635900000,BTCUSDT,ASIA,7,6,0.0033382434863019872,0.010563947453916537,20.791062804190915,95373.5740068841,95439.07202660126,-0.0006862809782864909,0.002301281210338052,0.003463064948167238,0.6645215278321482,0.0004312490435373272,0.1937736398022809,0.0008845032697803797,0.0004808517496153661,
btc-updown-15m-1768636800,,true,2.95,1768636800000,BTCUSDT,EU,8,6,0.0032533071953885647,0.010595097939214117,21.473501358216676,95347.67838736334,95425.82473199445,-0.000818922391822019,0.002300361252195763,0.003443737983849991,0.6679838196122084,0.0010579566653374562,1.478432339166517,0.0008971955193660384,0.0004578676938587604,
btc-updown-15m-1768637700,,true,3.15,1768637700000,BTCUSDT,EU,8,6,0.0032533071953885647,0.010595097939214117,21.473501358216676,95347.67838736334,95425.82473199445,-0.000818922391822019,0.002300361252195763,0.003443737983849991,0.6679838196122084,0.0017325521641537627,1.337498225187945,0.0009560517200296997,0.00048300786468789705,
btc-updown-15m-1768638600,,false,-6.75,1768638600000,BTCUSDT,EU,8,6,0.0032533071953885647,0.010595097939214117,21.473501358216676,95347.67838736334,95425.82473199445,-0.000818922391822019,0.002300361252195763,0.003443737983849991,0.6679838196122084,0.0006940456556997951,0.5289351851853555,0.0009369088856880169,0.0004937045668571816,
btc-updown-15m-1768639500,,true,2.17,1768639500000,BTCUSDT,EU,8,6,0.0032533071953885647,0.010595097939214117,21.473501358216676,95347.67838736334,95425.82473199445,-0.000818922391822019,0.002300361252195763,0.003443737983849991,0.6679838196122084,0.00047628899977200374,4534.000002374873,0.0009040073703547209,0.0004935549494521433,
btc-updown-15m-1768641300,,false,-7.54,1768641300000,BTCUSDT,EU,9,6,0.0031955195766710416,0.010436406159839902,21.9889148619184,95338.13854095219,95418.80244168878,-0.0008453669368349015,0.002329898070297676,0.0034419517829076146,0.6769118852471191,0.00046738895941152267,0.17974549310706858,0.0008379917052586353,0.0004856673524899537,
btc-updown-15m-1768642200,,false,-7.64,1768642200000,BTCUSDT,EU,9,6,0.0031955195766710416,0.010436406159839902,21.9889148619184,95338.13854095219,95418.80244168878,-0.0008453669368349015,0.002329898070297676,0.0034419517829076146,0.6769118852471191,0.0004671301544808289,2.839378238341943,0.0008113914668563119,0.0004862370693312451,
btc-updown-15m-1768644000,,true,2.26,1768644000000,BTCUSDT,EU,10,6,0.0030517238729909062,0.010273846537453373,22.290741948099445,95330.75867985672,95412.57963700137,-0.0008575489464380803,0.0023305627482964604,0.0034419709330165047,0.6771012288165901,0.00030904684243148405,3.850082372317702,0.0007764300875872013,0.00049624115206424,
btc-updown-15m-1768644900,,true,2.17,1768644900000,BTCUSDT,EU,10,6,0.0030517238729909062,0.010273846537453373,22.290741948099445,95330.75867985672,95412.57963700137,-0.0008575489464380803,0.0023305627482964604,0.0034419709330165047,0.6771012288165901,0.00044119512734055815,5.564062500005152,0.0007525213930402694,0.0004939085051859391,
btc-updown-15m-1768645800,,true,2.56,1768645800000,BTCUSDT,EU,10,6,0.0030517238729909062,0.010273846537453373,22.290741948099445,95330.75867985672,95412.57963700137,-0.0008575489464380803,0.0023305627482964604,0.0034419709330165047,0.6771012288165901,0.0004584807652827726,1.396267837541202,0.0007316492596151488,0.00048362321475535453,
btc-updown-15m-1768646700,,true,2.95,1768646700000,BTCUSDT,EU,10,6,0.0030517238729909062,0.010273846537453373,22.290741948099445,95330.75867985672,95412.57963700137,-0.0008575489464380803,0.0023305627482964604,0.0034419709330165047,0.6771012288165901,0.000715261657887548,0.00014692918005820824,0.0007309645090339865,0.0005062953270141193,
btc-updown-15m-1768647600,,false,-7.15,1768647600000,BTCUSDT,EU,11,6,0.002954242352346969,0.01033378855013178,22.785832556474386,95310.35118640143,95400.94491988428,-0.0009496104421075069,0.0022758950199163906,0.0034439529918166073,0.6608380036906101,0.0005415465901961538,0.0003884249366774245,0.0007178021584887326,0.0005148787894709621,
btc-updown-15m-1768650300,,false,-6.95,1768650300000,BTCUSDT,EU,11,6,0.002954242352346969,0.01033378855013178,22.785832556474386,95310.35118640143,95400.94491988428,-0.0009496104421075069,0.0022758950199163906,0.0034439529918166073,0.6608380036906101,0.0005940430883311998,1.9095115681236492,0.000775051604124633,0.0006399488784573097,
btc-updown-15m-1768651200,,false,-7.93,1768651200000,BTCUSDT,EU,12,6,0.002924805925218365,0.008166229778630437,22.905554717093146,95311.63773976875,95397.89004181877,-0.0009041321774748701,0.0017671335139481212,0.003424257248202325,0.5160633053710656,0.00031072179066418573,5.143153526962172,0.000741841903917448,0.0006355001501388636,
btc-updown-15m-1768652100,,true,2.26,1768652100000,BTCUSDT,EU,12,6,0.002924805925218365,0.008166229778630437,22.905554717093146,95311.63773976875,95397.89004181877,-0.0009041321774748701,0.0017671335139481212,0.003424257248202325,0.5160633053710656,0.0007162045879068986,0.7773437500002695,0.0007396967423219572,0.0005669586051267357,
btc-updown-15m-1768653900,,true,2.76,1768653900000,BTCUSDT,EU,12,6,0.002924805925218365,0.008166229778630437,22.905554717093146,95311.63773976875,95397.89004181877,-0.0009041321774748701,0.0017671335139481212,0.003424257248202325,0.5160633053710656,0.00032756039631025356,10.38686131384578,0.0007796331606621593,0.0006000297127601163,
btc-updown-15m-1768654800,,true,3.25,1768654800000,BTCUSDT,EU,13,6,0.002844854853931939,0.007169857372422744,22.458142907613304,95305.87700248136,95392.11444772447,-0.0009040311742997131,0.0016700052191660761,0.0033795389598705004,0.4941517878610485,0.00021817021959702801,0.27094801223189224,0.0007396522080107897,0.0005916724454603393,
btc-updown-15m-1768656600,,false,-6.55,1768656600000,BTCUSDT,EU,13,6,0.002844854853931939,0.007169857372422744,22.458142907613304,95305.87700248136,95392.11444772447,-0.0009040311742997131,0.0016700052191660761,0.0033795389598705004,0.4941517878610485,0.0014707235086008053,0.11958433253401844,0.0007963450858555201,0.0006331774778860262,
btc-updown-15m-1768657500,,false,-7.24,1768657500000,BTCUSDT,EU,13,6,0.002844854853931939,0.007169857372422744,22.458142907613304,95305.87700248136,95392.11444772447,-0.0009040311742997131,0.0016700052191660761,0.0033795389598705004,0.4941517878610485,0.0011062894960089384,0.6615723964078221,0.0008179047828489529,0.0006460500160928458,
btc-updown-15m-1768658400,,true,2.46,1768658400000,BTCUSDT,EU,14,6,0.0028157337986280733,0.006933852326483376,22.238946747267498,95318.49062097765,95393.90249162616,-0.0007905313513630885,0.0016594343480614052,0.0033743303397799564,0.4917818295672909,0.0002669451476457279,3.8980769230661814,0.0007785040558041385,0.0006439867527738827,
btc-updown-15m-1768659300,,false,-7.44,1768659300000,BTCUSDT,EU,14,6,0.0028157337986280733,0.006933852326483376,22.238946747267498,95318.49062097765,95393.90249162616,-0.0007905313513630885,0.0016594343480614052,0.0033743303397799564,0.4917818295672909,0.0008526902371739141,14.226591760267654,0.0007837950402735282,0.0006346170697002264,
btc-updown-15m-1768661100,,true,2.56,1768661100000,BTCUSDT,EU,14,6,0.0028157337986280733,0.006933852326483376,22.238946747267498,95318.49062097765,95393.90249162616,-0.0007905313513630885,0.0016594343480614052,0.0033743303397799564,0.4917818295672909,0.0010829760172572122,3.07570977917974,0.0008179438625216347,0.0006396967203588079,
btc-updown-15m-1768662000,,true,2.46,1768662000000,BTCUSDT,EU,15,6,0.0027536552929359795,0.006348524102178232,21.376441669674,95333.03246621443,95396.9022663918,-0.0006695165006408432,0.001643546079605579,0.0033744141876386495,0.48706115734882593,0.0009120363858708782,3.316468253970824,0.0008244646590066954,0.0006390219575627318,
btc-updown-15m-1768662900,,false,-7.05,1768662900000,BTCUSDT,EU,15,6,0.0027536552929359795,0.006348524102178232,21.376441669674,95333.03246621443,95396.9022663918,-0.0006695165006408432,0.001643546079605579,0.0033744141876386495,0.48706115734882593,0.0019169996457022466,5.345006934813205,0.0009022093149479669,0.0006389539743906986,
btc-updown-15m-1768663800,,true,2.36,1768663800000,BTCUSDT,EU,15,6,0.0027536552929359795,0.006348524102178232,21.376441669674,95333.03246621443,95396.9022663918,-0.0006695165006408432,0.001643546079605579,0.0033744141876386495,0.48706115734882593,0.0012946543641670944,8.091979396607588,0.000930049289910483,0.0006344958240497888,
btc-updown-15m-1768664700,,true,2.46,1768664700000,BTCUSDT,EU,15,6,0.0027536552929359795,0.006348524102178232,21.376441669674,95333.03246621443,95396.9022663918,-0.0006695165006408432,0.001643546079605579,0.0033744141876386495,0.48706115734882593,0.0009930522983113532,0.34291377601564516,0.000933858841177677,0.0006136965760030799,
btc-updown-15m-1768665600,,true,2.46,1768665600000,BTCUSDT,US,16,6,0.0027079125863710015,0.005782523617592189,20.026191398508605,95355.9474693613,95403.82374927042,-0.0005018276839190428,0.001652635687828776,0.0033702866693337435,0.49035463447846056,0.0017382728406211533,14.664778092545243,0.0009912315026266551,0.0005928540713509096,
btc-updown-15m-1768666500,,false,-6.85,1768666500000,BTCUSDT,US,16,6,0.0027079125863710015,0.005782523617592189,20.026191398508605,95355.9474693613,95403.82374927042,-0.0005018276839190428,0.001652635687828776,0.0033702866693337435,0.49035463447846056,0.0009424403434425332,0.21888121359909044,0.0009884482627507787,0.0006339062562345654,
btc-updown-15m-1768668300,,true,2.36,1768668300000,BTCUSDT,US,16,6,0.0027079125863710015,0.005782523617592189,20.026191398508605,95355.9474693613,95403.82374927042,-0.0005018276839190428,0.001652635687828776,0.0033702866693337435,0.49035463447846056,0.0017524847677994836,0.9976079416338107,0.0011377700161280231,0.0005487224635721302,
btc-updown-15m-1768669200,,true,2.36,1768669200000,BTCUSDT,US,17,6,0.0027940041146113422,0.005522939615910098,19.80815909422534,95352.06961570939,95400.37531876561,-0.0005063470965896988,0.0011965712419889666,0.003364603795007236,0.3556351103700735,0.0018468211810979838,1.4137268359640693,0.001189081493939776,0.000577097687054634,
btc-updown-15m-1768670100,,true,2.76,1768670100000,BTCUSDT,US,17,6,0.0027940041146113422,0.005522939615910098,19.80815909422534,95352.06961570939,95400.37531876561,-0.0005063470965896988,0.0011965712419889666,0.003364603795007236,0.3556351103700735,0.0009412859014785019,0.8468190240886183,0.0011707710661914175,0.0005815403023863401,
btc-updown-15m-1768671000,,true,2.76,1768671000000,BTCUSDT,US,17,6,0.0027940041146113422,0.005522939615910098,19.80815909422534,95352.06961570939,95400.37531876561,-0.0005063470965896988,0.0011965712419889666,0.003364603795007236,0.3556351103700735,0.0007286056646022787,0.4163098878694606,0.0011385926318968744,0.0005451420625818913,
btc-updown-15m-1768671900,,true,2.66,1768671900000,BTCUSDT,US,17,6,0.0027940041146113422,0.005522939615910098,19.80815909422534,95352.06961570939,95400.37531876561,-0.0005063470965896988,0.0011965712419889666,0.003364603795007236,0.3556351103700735,0.0005280403914733365,1.1470588235292476,0.0010947037262367969,0.0005458543729378128,
btc-updown-15m-1768672800,,true,2.56,1768672800000,BTCUSDT,US,18,6,0.002702375734955099,0.005290012587801057,19.605707771255382,95352.5620335294,95398.69496050173,-0.000483580273204276,0.0012021708752521696,0.0033578370429318233,0.35801942139589954,0.0011994083212689803,0.44556833986606137,0.0011029939597549164,0.0005810005632669462,
btc-updown-15m-1768673700,,true,3.25,1768673700000,BTCUSDT,US,18,6,0.002702375734955099,0.005290012587801057,19.605707771255382,95352.5620335294,95398.69496050173,-0.000483580273204276,0.0012021708752521696,0.0033578370429318233,0.35801942139589954,0.0010469238352946845,0.24837418709353418,0.001098059494699295,0.000605632860824106,
btc-updown-15m-1768675500,,true,3.15,1768675500000,BTCUSDT,US,18,6,0.002702375734955099,0.005290012587801057,19.605707771255382,95352.5620335294,95398.69496050173,-0.000483580273204276,0.0012021708752521696,0.0033578370429318233,0.35801942139589954,0.00026361885826199877,0.7508698677781221,0.0009855905390826094,0.0005163343441403995,
btc-updown-15m-1768677300,,true,3.05,1768677300000,BTCUSDT,US,19,6,0.002597287615268408,0.005111354088315784,19.25712636948819,95359.77041153189,95399.84999549715,-0.0004201220858014443,0.0012164380217896042,0.0033587728324485375,0.3621673993661619,0.0003678460803688284,0.00028506271364768564,0.0008927063053376841,0.0005233260320065007,
btc-updown-15m-1768678200,,false,-7.54,1768678200000,BTCUSDT,US,19,6,0.002597287615268408,0.005111354088315784,19.25712636948819,95359.77041153189,95399.84999549715,-0.0004201220858014443,0.0012164380217896042,0.0033587728324485375,0.3621673993661619,0.0005930564149371925,0.0001768972226209361,0.0008717943508385189,0.0005256446389835391,
btc-updown-15m-1768680900,,true,3.15,1768680900000,BTCUSDT,US,20,6,0.0025183361878860625,0.004731560459339641,19.198315880211595,95353.25703914951,95395.5985105235,-0.00044385141489855506,0.001250171638089031,0.0033436077629064235,0.37389901170773754,0.00008090974030498673,7710000000006.403,0.0007490067167527894,0.000516534637452775,
btc-updown-15m-1768681800,,true,2.85,1768681800000,BTCUSDT,US,20,6,0.0025183361878860625,0.004731560459339641,19.198315880211595,95353.25703914951,95395.5985105235,-0.00044385141489855506,0.001250171638089031,0.0033436077629064235,0.37389901170773754,0.0009704972203145797,1.2783936930271182,0.0007645018149211752,0.0005275797049847033,
btc-updown-15m-1768683600,,true,3.35,1768683600000,BTCUSDT,US,21,6,0.0024055850797427025,0.004579787535318743,19.143743534501663,95355.63065465009,95394.90589305738,-0.00041171211439028355,0.0012578336727878344,0.003328549930694793,0.3778923852661803,0.0006472121825707231,0.0001621271078034105,0.0007275851311318064,0.0005204243380910107,
btc-updown-15m-1768684500,,true,2.85,1768684500000,BTCUSDT,US,21,6,0.0024055850797427025,0.004579787535318743,19.143743534501663,95355.63065465009,95394.90589305738,-0.00041171211439028355,0.0012578336727878344,0.003328549930694793,0.3778923852661803,0.0003769426073940568,0.11927748365000551,0.0007027666946203472,0.0004995796334257633,
btc-updown-15m-1768685400,,true,2.66,1768685400000,BTCUSDT,US,21,6,0.0024055850797427025,0.004579787535318743,19.143743534501663,95355.63065465009,95394.90589305738,-0.00041171211439028355,0.0012578336727878344,0.003328549930694793,0.3778923852661803,0.0007003958631545086,1.9289473684206278,0.0007024293045336079,0.0005017995784364365,
btc-updown-15m-1768686300,,true,2.28,1768686300000,BTCUSDT,US,21,6,0.0024055850797427025,0.004579787535318743,19.143743534501663,95355.63065465009,95394.90589305738,-0.00041171211439028355,0.0012578336727878344,0.003328549930694793,0.3778923852661803,0.0008463793643370281,0.00024804663263700195,0.0007132633576509691,0.0004992139782611053,
btc-updown-15m-1768687200,,true,2.85,1768687200000,BTCUSDT,US,22,6,0.0023321076960450614,0.004532148186292209,18.87496529104528,95350.61249706958,95391.29528126454,-0.00042648319298943527,0.0012606446734757361,0.0033284009978036,0.3787538443557826,0.0002605894232598965,0.6902654867255147,0.000680823784180226,0.00047178666217795876,
btc-updown-15m-1768688100,,false,-7.83,1768688100000,BTCUSDT,US,22,6,0.0023321076960450614,0.004532148186292209,18.87496529104528,95350.61249706958,95391.29528126454,-0.00042648319298943527,0.0012606446734757361,0.0033284009978036,0.3787538443557826,0.0015600945367895628,0.2915434139550555,0.00074435298502867,0.0005259801830150595,
btc-updown-15m-1768689000,,true,2.56,1768689000000,BTCUSDT,US,22,6,0.0023321076960450614,0.004532148186292209,18.87496529104528,95350.61249706958,95391.29528126454,-0.00042648319298943527,0.0012606446734757361,0.0033284009978036,0.3787538443557826,0.0007872724980034283,4.767513471899003,0.0007475064958815375,0.0005062395232869062,
btc-updown-15m-1768690800,,true,2.46,1768690800000,BTCUSDT,US,23,6,0.0023583688207444876,0.004713162928740323,19.73152679393546,95333.50368814482,95382.66638443575,-0.0005154258960720082,0.0012948524954989361,0.0028262965294697925,0.45814460089290343,0.0019594950026301946,6.266874756143822,0.0008642140515281414,0.00048186945952644864,
btc-updown-15m-1768691700,,true,2.46,1768691700000,BTCUSDT,US,23,6,0.0023583688207444876,0.004713162928740323,19.73152679393546,95333.50368814482,95382.66638443575,-0.0005154258960720082,0.0012948524954989361,0.0028262965294697925,0.45814460089290343,0.0006627715960436784,2.8287795992718743,0.0008496657042886291,0.0004345146079166472,
btc-updown-15m-1768692600,,true,2.76,1768692600000,BTCUSDT,US,23,6,0.0023583688207444876,0.004713162928740323,19.73152679393546,95333.50368814482,95382.66638443575,-0.0005154258960720082,0.0012948524954989361,0.0028262965294697925,0.45814460089290343,0.0006225282045643361,0.1220159151194102,0.0008338838957123853,0.00043751447223100003,
btc-updown-15m-1768693500,,true,2.95,1768693500000,BTCUSDT,US,23,6,0.0023583688207444876,0.004713162928740323,19.73152679393546,95333.50368814482,95382.66638443575,-0.0005154258960720082,0.0012948524954989361,0.0028262965294697925,0.45814460089290343,0.0004964057887096505,1.1070950468538066,0.0008095835591113319,0.00044675335623501944,
btc-updown-15m-1768694400,,false,-7.15,1768694400000,BTCUSDT,ASIA,0,0,0.002254385835425441,0.004909357740705618,20.52639800847302,95315.81476513347,95373.41944963124,-0.0006039909739021798,0.0012948719320558428,0.00280607011025868,0.4614538771935652,0.00029170538113909746,1.9870828848244484,0.0007726618983665574,0.0004468870392256657,
btc-updown-15m-1768695300,,true,3.35,1768695300000,BTCUSDT,ASIA,0,0,0.002254385835425441,0.004909357740705618,20.52639800847302,95315.81476513347,95373.41944963124,-0.0006039909739021798,0.0012948719320558428,0.00280607011025868,0.4614538771935652,0.0014467626674024656,2.192620097470494,0.000820375683580592,0.00046294893738708926,
btc-updown-15m-1768696200,,false,-6.75,1768696200000,BTCUSDT,ASIA,0,0,0.002254385835425441,0.004909357740705618,20.52639800847302,95315.81476513347,95373.41944963124,-0.0006039909739021798,0.0012948719320558428,0.00280607011025868,0.4614538771935652,0.000621278135316767,5.712826333713399,0.0008060797420821716,0.00045021831051571064,
btc-updown-15m-1768697100,,true,2.85,1768697100000,BTCUSDT,ASIA,0,0,0.002254385835425441,0.004909357740705618,20.52639800847302,95315.81476513347,95373.41944963124,-0.0006039909739021798,0.0012948719320558428,0.00280607011025868,0.4614538771935652,0.0009559933001636241,0.5417867435159106,0.0008172491331206202,0.00046165191832416475,
btc-updown-15m-1768698000,,true,2.76,1768698000000,BTCUSDT,ASIA,1,0,0.0022309429041197327,0.0052073476978322835,21.502949587037822,95296.44859631995,95363.13305347474,-0.0006992687322614488,0.0012884946649385572,0.0027319579993725974,0.4716378016186427,0.000766294970654019,1.5824175824180189,0.0008138089398896876,0.0004641072054968679,
btc-updown-15m-1768698900,,true,2.36,1768698900000,BTCUSDT,ASIA,1,0,0.0022309429041197327,0.0052073476978322835,21.502949587037822,95296.44859631995,95363.13305347474,-0.0006992687322614488,0.0012884946649385572,0.0027319579993725974,0.4716378016186427,0.0024890296663034306,0.45376754493961335,0.0009346222791416994,0.0005869962843747082,
btc-updown-15m-1768699800,,true,2.85,1768699800000,BTCUSDT,ASIA,1,0,0.0022309429041197327,0.0052073476978322835,21.502949587037822,95296.44859631995,95363.13305347474,-0.0006992687322614488,0.0012884946649385572,0.0027319579993725974,0.4716378016186427,0.0013319027749959197,0.47502917152867896,0.00096209040545259,0.0006214852172346865,
btc-updown-15m-1768700700,,true,2.07,1768700700000,BTCUSDT,ASIA,1,0,0.0022309429041197327,0.0052073476978322835,21.502949587037822,95296.44859631995,95363.13305347474,-0.0006992687322614488,0.0012884946649385572,0.0027319579993725974,0.4716378016186427,0.0008847342081155957,0.7972626176217154,0.0009570046455866457,0.0006260291078925288,
btc-updown-15m-1768701600,,true,2.46,1768701600000,BTCUSDT,ASIA,2,0,0.0022523828472295524,0.0059859608544909045,23.119717320150322,95265.06301515254,95347.55929766336,-0.0008652165101917797,0.0013247557764875907,0.0027118373381456837,0.48850856865679126,0.001281296880249282,4.504300588499329,0.0009803066998962894,0.0005956223984917997,
btc-updown-15m-1768702500,,false,-7.54,1768702500000,BTCUSDT,ASIA,2,0,0.0022523828472295524,0.0059859608544909045,23.119717320150322,95265.06301515254,95347.55929766336,-0.0008652165101917797,0.0013247557764875907,0.0027118373381456837,0.48850856865679126,0.0006434874301980468,0.3046541417592899,0.0009557768638329765,0.000615347168414067,
btc-updown-15m-1768705200,,true,2.46,1768705200000,BTCUSDT,ASIA,3,0,0.002232011596216463,0.006415366303802859,24.621069528584776,95241.91510882333,95334.7850183659,-0.0009741450565465826,0.0013248959014700524,0.002709499622798929,0.48898176265528587,0.0007394405945515293,0.20384021944109484,0.0009486394256931935,0.0006180114747567797,
btc-updown-15m-1768706100,,true,2.76,1768706100000,BTCUSDT,ASIA,3,0,0.002232011596216463,0.006415366303802859,24.621069528584776,95241.91510882333,95334.7850183659,-0.0009741450565465826,0.0013248959014700524,0.002709499622798929,0.48898176265528587,0.000499989423503137,0.15092054263591698,0.0009161949783327513,0.0005776071662503863,
btc-updown-15m-1768707000,,true,3.05,1768707000000,BTCUSDT,ASIA,3,0,0.002232011596216463,0.006415366303802859,24.621069528584776,95241.91510882333,95334.7850183659,-0.0009741450565465826,0.0013248959014700524,0.002709499622798929,0.48898176265528587,0.0009861974444512523,0.2971215056739928,0.0009204796621141437,0.0006058864910826078,
btc-updown-15m-1768707900,,false,-7.15,1768707900000,BTCUSDT,ASIA,3,0,0.002232011596216463,0.006415366303802859,24.621069528584776,95241.91510882333,95334.7850183659,-0.0009741450565465826,0.0013248959014700524,0.002709499622798929,0.48898176265528587,0.0005335545475435292,1.1572460688474473,0.0008926213807462631,0.0006046476433175633,
btc-updown-15m-1768708800,,true,3.25,1768708800000,BTCUSDT,ASIA,4,0,0.0022065530196581245,0.006256742058438402,24.87090171088431,95237.9508129198,95329.52470474846,-0.0009606036756428793,0.0013564539418853617,0.0026612203909610103,0.509711238683063,0.0004911779232653269,0.13391557496410528,0.0008635727489378222,0.0006094727449501189,
btc-updown-15m-1768709700,,true,2.36,1768709700000,BTCUSDT,ASIA,4,0,0.0022065530196581245,0.006256742058438402,24.87090171088431,95237.9508129198,95329.52470474846,-0.0009606036756428793,0.0013564539418853617,0.0026612203909610103,0.509711238683063,0.0008014796677097807,1.361102508517199,0.0008593831732759076,0.0006132502512413283,
btc-updown-15m-1768710600,,true,2.46,1768710600000,BTCUSDT,ASIA,4,0,0.0022065530196581245,0.006256742058438402,24.87090171088431,95237.9508129198,95329.52470474846,-0.0009606036756428793,0.0013564539418853617,0.0026612203909610103,0.509711238683063,0.0006784188466689237,0,0.0008469984433512694,0.0006196016261027791,
btc-updown-15m-1768712400,,false,-7.24,1768712400000,BTCUSDT,ASIA,5,0,0.0021450861521656525,0.006454004210509711,25.102886856278445,95224.40121190224,95320.38157238366,-0.0010069237963398203,0.0013327167543850946,0.0026188379080283393,0.5088962361127823,0.0001478510906069784,0.49256900212241084,0.0007784090294573919,0.0006168537331057314,
btc-updown-15m-1768713300,,false,-6.55,1768713300000,BTCUSDT,ASIA,5,0,0.0021450861521656525,0.006454004210509711,25.102886856278445,95224.40121190224,95320.38157238366,-0.0010069237963398203,0.0013327167543850946,0.0026188379080283393,0.5088962361127823,0.00035692469141470424,105.03124999766374,0.0007482914766583444,0.0006065416366782492,
btc-updown-15m-1768714200,,false,-7.15,1768714200000,BTCUSDT,ASIA,5,0,0.0021450861521656525,0.006454004210509711,25.102886856278445,95224.40121190224,95320.38157238366,-0.0010069237963398203,0.0013327167543850946,0.0026188379080283393,0.5088962361127823,0.0007065972284306727,0.4431793770137232,0.0007449377210823195,0.0006178298867725032,
btc-updown-15m-1768715100,,true,3.25,1768715100000,BTCUSDT,ASIA,5,0,0.0021450861521656525,0.006454004210509711,25.102886856278445,95224.40121190224,95320.38157238366,-0.0010069237963398203,0.0013327167543850946,0.0026188379080283393,0.5088962361127823,0.0012527973337055555,2.325607372242509,0.0007808411843776788,0.0006078444099428322,
btc-updown-15m-1768716000,,true,3.25,1768716000000,BTCUSDT,ASIA,6,0,0.0021405480568825663,0.0064884579600184965,24.83051917356512,95220.98681091865,95315.20436021601,-0.0009884839457647843,0.00135294830103299,0.002621981988716273,0.5160021338267834,0.0011501771508228887,9.73994111874164,0.0008071119174633087,0.0006034729744948866,
btc-updown-15m-1768716900,,false,-6.75,1768716900000,BTCUSDT,ASIA,6,0,0.0021405480568825663,0.0064884579600184965,24.83051917356512,95220.98681091865,95315.20436021601,-0.0009884839457647843,0.00135294830103299,0.002621981988716273,0.5160021338267834,0.00024809397938645427,1.3124387855063102,0.000767260160319919,0.0004444455590358419,
btc-updown-15m-1768717800,,true,3.45,1768717800000,BTCUSDT,ASIA,6,0,0.0021405480568825663,0.0064884579600184965,24.83051917356512,95220.98681091865,95315.20436021601,-0.0009884839457647843,0.00135294830103299,0.002621981988716273,0.5160021338267834,0.00045541351399928053,3.659139784944966,0.0007449009839585052,0.00040456199637199956,
btc-updown-15m-1768718700,,true,3.15,1768718700000,BTCUSDT,ASIA,6,0,0.0021405480568825663,0.0064884579600184965,24.83051917356512,95220.98681091865,95315.20436021601,-0.0009884839457647843,0.00135294830103299,0.002621981988716273,0.5160021338267834,0.0004246567410552162,29.61363636380348,0.00072202742728371,0.0003825159059346944,
btc-updown-15m-1768719600,,true,2.85,1768719600000,BTCUSDT,ASIA,7,0,0.0020295284010751874,0.006401800121272854,24.577584312839953,95216.26711469037,95309.54369489076,-0.0009786698853473386,0.0013084607517898366,0.0025083307992202816,0.5216460094484242,0.0004035822125344725,1.5823806321441276,0.0006993789679939472,0.0003793555261422702,
btc-updown-15m-1768720500,,true,3.35,1768720500000,BTCUSDT,ASIA,7,0,0.0020295284010751874,0.006401800121272854,24.577584312839953,95216.26711469037,95309.54369489076,-0.0009786698853473386,0.0013084607517898366,0.0025083307992202816,0.5216460094484242,0.0010862429351613393,0.13581876168470516,0.0007276327145826547,0.00043598168473272755,
btc-updown-15m-1768721400,,true,2.17,1768721400000,BTCUSDT,ASIA,7,0,0.0020295284010751874,0.006401800121272854,24.577584312839953,95216.26711469037,95309.54369489076,-0.0009786698853473386,0.0013084607517898366,0.0025083307992202816,0.5216460094484242,0.00048066246207119053,1.1270949720661099,0.0007098228850233443,0.00043805083320589387,
btc-updown-15m-1768722300,,false,-7.15,1768722300000,BTCUSDT,ASIA,7,0,0.0020295284010751874,0.006401800121272854,24.577584312839953,95216.26711469037,95309.54369489076,-0.0009786698853473386,0.0013084607517898366,0.0025083307992202816,0.5216460094484242,0.00077197779532571,0.09623430962346827,0.0007147228430180113,0.0004499338947144807,
btc-updown-15m-1768724100,,true,3.15,1768724100000,BTCUSDT,EU,8,0,0.002003930400133182,0.0067086331239932535,24.945765009689097,95198.36262759486,95298.48424573464,-0.0010506108143504278,0.0012478739305177874,0.0025099000802910046,0.4971807205859389,0.000419063318762507,0.9919959979995491,0.0006877302513678375,0.00042034853884244096,
btc-updown-15m-1768725000,,true,2.85,1768725000000,BTCUSDT,EU,8,0,0.002003930400133182,0.0067086331239932535,24.945765009689097,95198.36262759486,95298.48424573464,-0.0010506108143504278,0.0012478739305177874,0.0025099000802910046,0.4971807205859389,0.0007454901005544176,0.16625514403301764,0.0006914084506386675,0.0004094570996672,
btc-updown-15m-1768725900,,true,2.95,1768725900000,BTCUSDT,EU,8,0,0.002003930400133182,0.0067086331239932535,24.945765009689097,95198.36262759486,95298.48424573464,-0.0010506108143504278,0.0012478739305177874,0.0025099000802910046,0.4971807205859389,0.0009043309155106658,0.6007816862088458,0.0007062182269739453,0.0004259401034591619,
btc-updown-15m-1768726800,,false,-7.34,1768726800000,BTCUSDT,EU,9,0,0.001987993526794695,0.0067321331344121806,25.18097352787488,95196.98809171765,95293.92870540511,-0.001017280061850978,0.0013006167944962614,0.0024986238152656494,0.5205332577677293,0.00046106191797759283,1.0683639792556434,0.0006885492330158682,0.0004172425329822532,
btc-updown-15m-1768727700,,true,2.85,1768727700000,BTCUSDT,EU,9,0,0.001987993526794695,0.0067321331344121806,25.18097352787488,95196.98809171765,95293.92870540511,-0.001017280061850978,0.0013006167944962614,0.0024986238152656494,0.5205332577677293,0.00037646146819139155,32.476635513806684,0.0006662399432498027,0.00040992049755194087,
btc-updown-15m-1768728600,,true,3.25,1768728600000,BTCUSDT,EU,9,0,0.001987993526794695,0.0067321331344121806,25.18097352787488,95196.98809171765,95293.92870540511,-0.001017280061850978,0.0013006167944962614,0.0024986238152656494,0.5205332577677293,0.000611335883945439,43.41984732831389,0.0006623091745289204,0.0003767429362125642,
btc-updown-15m-1768729500,,true,2.66,1768729500000,BTCUSDT,EU,9,0,0.001987993526794695,0.0067321331344121806,25.18097352787488,95196.98809171765,95293.92870540511,-0.001017280061850978,0.0013006167944962614,0.0024986238152656494,0.5205332577677293,0.0009125263732833855,0.659850945920078,0.0006798081621264005,0.00039322596432132253,
btc-updown-15m-1768731300,,true,3.15,1768731300000,BTCUSDT,EU,10,0,0.0019537995096190384,0.00647457410657858,24.5188683072528,95204.48732113626,95293.16938972702,-0.0009306235605205382,0.0012374759005409162,0.002491436716419848,0.49669168491630317,0.0021810323069156932,0.5461865354507919,0.0007820075720624237,0.000520702619846713,
btc-updown-15m-1768732200,,true,3.23,1768732200000,BTCUSDT,EU,10,0,0.0019537995096190384,0.00647457410657858,24.5188683072528,95204.48732113626,95293.16938972702,-0.0009306235605205382,0.0012374759005409162,0.002491436716419848,0.49669168491630317,0.00035391147355556325,1.3604488078528407,0.0007515331336512057,0.0005101432223621271,
btc-updown-15m-1768733100,,true,2.46,1768733100000,BTCUSDT,EU,10,0,0.0019537995096190384,0.00647457410657858,24.5188683072528,95204.48732113626,95293.16938972702,-0.0009306235605205382,0.0012374759005409162,0.002491436716419848,0.49669168491630317,0.0006147882649452576,0.1259145167502475,0.0007413585535165979,0.0005182045420629486,
btc-updown-15m-1768734000,,true,2.36,1768734000000,BTCUSDT,EU,11,0,0.00197169089294053,0.006070687724086706,24.260605593663456,95202.21805255179,95288.69583952754,-0.0009075345843896354,0.001249309566584227,0.0024910047065261455,0.5015283846357976,0.00023140303062311283,14.956521739079545,0.0007049192835071221,0.0005176158003177478,
btc-updown-15m-1768734900,,true,3.25,1768734900000,BTCUSDT,EU,11,0,0.00197169089294053,0.006070687724086706,24.260605593663456,95202.21805255179,95288.69583952754,-0.0009075345843896354,0.001249309566584227,0.0024910047065261455,0.5015283846357976,0.0007447178966971424,0.22479681826041167,0.0007081526480125635,0.0005346744176281157,
btc-updown-15m-1768735800,,false,-7.74,1768735800000,BTCUSDT,EU,11,0,0.00197169089294053,0.006070687724086706,24.260605593663456,95202.21805255179,95288.69583952754,-0.0009075345843896354,0.001249309566584227,0.0024910047065261455,0.5015283846357976,0.0002472095863061111,1.4162384378180315,0.0006752931843108913,0.0005340460504136192,
btc-updown-15m-1768736700,,true,2.36,1768736700000,BTCUSDT,EU,11,0,0.00197169089294053,0.006070687724086706,24.260605593663456,95202.21805255179,95288.69583952754,-0.0009075345843896354,0.001249309566584227,0.0024910047065261455,0.5015283846357976,0.000970107293530053,4.657668711655503,0.0006961945269155271,0.000536109922819704,
btc-updown-15m-1768737600,,true,3.25,1768737600000,BTCUSDT,EU,12,0,0.0019204288401953365,0.005031035597311521,24.172200218279652,95198.9649047667,95283.91303794936,-0.0008915264967006564,0.0012157271825432073,0.002458581848101727,0.4944831035346134,0.0006611802756540303,0.6271668822770735,0.0006934060802030375,0.0005438253814191524,
btc-updown-15m-1768739400,,false,-6.75,1768739400000,BTCUSDT,EU,12,0,0.0019204288401953365,0.005031035597311521,24.172200218279652,95198.9649047667,95283.91303794936,-0.0008915264967006564,0.0012157271825432073,0.002458581848101727,0.4944831035346134,0.0003816845262780113,0.5768896611650491,0.0006672066917146128,0.000512053650117496,
btc-updown-15m-1768740300,,true,2.76,1768740300000,BTCUSDT,EU,12,0,0.0019204288401953365,0.005031035597311521,24.172200218279652,95198.9649047667,95283.91303794936,-0.0008915264967006564,0.0012157271825432073,0.002458581848101727,0.4944831035346134,0.0003789624837653514,0.5552200172558732,0.0006464566592296153,0.00048460701046525005,
btc-updown-15m-1768741200,,true,2.17,1768741200000,BTCUSDT,EU,13,0,0.0018569556927832552,0.00496020564096121,24.090107151599096,95190.80158061281,95277.1931937083,-0.0009067396949850037,0.0010702377316924583,0.0024259485482309127,0.44116258461990604,0.0008716748989180009,0.6270121711815139,0.000662844268324804,0.0005024043408912513,
btc-updown-15m-1768742100,,true,2.17,1768742100000,BTCUSDT,EU,13,0,0.0018569556927832552,0.00496020564096121,24.090107151599096,95190.80158061281,95277.1931937083,-0.0009067396949850037,0.0010702377316924583,0.0024259485482309127,0.44116258461990604,0.0011143188871840838,0.7103392568655963,0.0006954576516731985,0.0005239227183727918,
btc-updown-15m-1768743000,,true,2.46,1768743000000,BTCUSDT,EU,13,0,0.0018569556927832552,0.00496020564096121,24.090107151599096,95190.80158061281,95277.1931937083,-0.0009067396949850037,0.0010702377316924583,0.0024259485482309127,0.44116258461990604,0.0014935201770097987,0.7416144489495149,0.000752948216196421,0.0005347968445921583,
btc-updown-15m-1768745700,,false,-7.15,1768745700000,BTCUSDT,EU,14,0,0.0019454701531504894,0.004698772133312886,24.93815994198859,95186.61285866486,95272.0687324604,-0.000896966707372715,0.0010680557611711396,0.002421957529994463,0.44098864160247325,0.0009530533968449288,0.00011029006280756041,0.0008652749788773212,0.0007388349228833058,
btc-updown-15m-1768746600,,false,-7.64,1768746600000,BTCUSDT,EU,14,0,0.0019454701531504894,0.004698772133312886,24.93815994198859,95186.61285866486,95272.0687324604,-0.000896966707372715,0.0010680557611711396,0.002421957529994463,0.44098864160247325,0.0025211173137850386,2.308275862069046,0.0009841073195950582,0.0007596384184161567,
btc-updown-15m-1768747500,,true,2.17,1768747500000,BTCUSDT,EU,14,0,0.0019454701531504894,0.004698772133312886,24.93815994198859,95186.61285866486,95272.0687324604,-0.000896966707372715,0.0010680557611711396,0.002421957529994463,0.44098864160247325,0.0014140253654072834,3.395424836600471,0.001015092927295689,0.0007507205785309116,
btc-updown-15m-1768748400,,true,2.56,1768748400000,BTCUSDT,EU,15,0,0.0021469380785470366,0.004470943706510908,24.240565009078782,95164.62972931065,95259.69149012885,-0.0009979221991083254,0.0011279098808566644,0.00242270854537221,0.46555739567236276,0.002168789966259922,0.15280810795672717,0.0010992282406619201,0.0008454695319654485,
btc-updown-15m-1768749300,,true,3.05,1768749300000,BTCUSDT,EU,15,0,0.0021469380785470366,0.004470943706510908,24.240565009078782,95164.62972931065,95259.69149012885,-0.0009979221991083254,0.0011279098808566644,0.00242270854537221,0.46555739567236276,0.001146286248536861,1.0325051373060101,0.0011019334525920275,0.000807310563635021,
btc-updown-15m-1768750200,,true,3.05,1768750200000,BTCUSDT,EU,15,0,0.0021469380785470366,0.004470943706510908,24.240565009078782,95164.62972931065,95259.69149012885,-0.0009979221991083254,0.0011279098808566644,0.00242270854537221,0.46555739567236276,0.0005973774760375315,0.26251390433823524,0.001065384754243109,0.0008160203745446716,
btc-updown-15m-1768751100,,true,3.15,1768751100000,BTCUSDT,EU,15,0,0.0021469380785470366,0.004470943706510908,24.240565009078782,95164.62972931065,95259.69149012885,-0.0009979221991083254,0.0011279098808566644,0.00242270854537221,0.46555739567236276,0.0008586906651064926,8.0767519466027,0.0010507035708761032,0.0008043726390870215,
btc-updown-15m-1768752000,,true,2.1,1768752000000,BTCUSDT,US,16,0,0.0021480507512157076,0.004281686800775647,23.66951160959207,95160.31070737464,95254.20608182486,-0.00098573468104457,0.0011729174461652752,0.0023859699348072238,0.49158936542091924,0.0008775061401755473,0.12702702702694837,0.0010375224188033344,0.0008264448430452956,
btc-updown-15m-1768752900,,false,-6.95,1768752900000,BTCUSDT,US,16,0,0.0021480507512157076,0.004281686800775647,23.66951160959207,95160.31070737464,95254.20608182486,-0.00098573468104457,0.0011729174461652752,0.0023859699348072238,0.49158936542091924,0.0011915052240898504,2.3455404607205224,0.0010481068112271686,0.0008191874961044829,
btc-updown-15m-1768753800,,true,3.05,1768753800000,BTCUSDT,US,16,0,0.0021480507512157076,0.004281686800775647,23.66951160959207,95160.31070737464,95254.20608182486,-0.00098573468104457,0.0011729174461652752,0.0023859699348072238,0.49158936542091924,0.0009642177205296506,0.43474178403748104,0.0010427637041372122,0.0008332891915829446,
btc-updown-15m-1768754700,,true,3.05,1768754700000,BTCUSDT,US,16,0,0.0021480507512157076,0.004281686800775647,23.66951160959207,95160.31070737464,95254.20608182486,-0.00098573468104457,0.0011729174461652752,0.0023859699348072238,0.49158936542091924,0.0009943316261607853,0.002651113467811058,0.0010382743324034804,0.0008624740075761599,
btc-updown-15m-1768755600,,false,-7.74,1768755600000,BTCUSDT,US,17,0,0.0020785905089433475,0.0036666122069000553,22.65189248541674,95161.1715922707,95250.91215262315,-0.000942149091534783,0.0011587223343397697,0.00238706923588644,0.4854163075456323,0.0006386481474472997,3.278169014085384,0.0010098510437407564,0.0008586047921840964,
btc-updown-15m-1768758300,,true,3.45,1768758300000,BTCUSDT,US,17,0,0.0020785905089433475,0.0036666122069000553,22.65189248541674,95161.1715922707,95250.91215262315,-0.000942149091534783,0.0011587223343397697,0.00238706923588644,0.4854163075456323,0.0008925863648477615,0.16397260273974198,0.0010208694050457725,0.0009190513550424738,
btc-updown-15m-1768759200,,true,2.85,1768759200000,BTCUSDT,US,18,0,0.0020326750590518323,0.003559440172889381,21.05590347654489,95171.95144044606,95251.85076803791,-0.0008388217861133862,0.0011774011451130052,0.0023417774771747244,0.5027809672734149,0.0008308185900412542,0.00012645422350481903,0.001006458262190403,0.0009266066381024906,
btc-updown-15m-1768760100,,false,-7.05,1768760100000,BTCUSDT,US,18,0,0.0020326750590518323,0.003559440172889381,21.05590347654489,95171.95144044606,95251.85076803791,-0.0008388217861133862,0.0011774011451130052,0.0023417774771747244,0.5027809672734149,0.000979711205301136,1.0144739684593558,0.00100496764466053,0.0009204239062893121,
btc-updown-15m-1768761000,,true,2.17,1768761000000,BTCUSDT,US,18,0,0.0020326750590518323,0.003559440172889381,21.05590347654489,95171.95144044606,95251.85076803791,-0.0008388217861133862,0.0011774011451130052,0.0023417774771747244,0.5027809672734149,0.002339860203045006,0.6465326038741315,0.0010986739248063297,0.000937386493078912,
btc-updown-15m-1768762800,,false,-6.85,1768762800000,BTCUSDT,US,19,0,0.0021392839063371447,0.004522353321119897,20.980526192514468,95197.44177924814,95259.22134782835,-0.000648541607899844,0.0011927210224240807,0.002340154010510009,0.5096762935547738,0.0019038139210952915,0.8260563380281023,0.0011777898765263134,0.0008557812577043651,
btc-updown-15m-1768763700,,false,-6.95,1768763700000,BTCUSDT,US,19,0,0.0021392839063371447,0.004522353321119897,20.980526192514468,95197.44177924814,95259.22134782835,-0.000648541607899844,0.0011927210224240807,0.002340154010510009,0.5096762935547738,0.0008721505652736106,8.425821064550336,0.0011560596913620673,0.0008361142628491999,
btc-updown-15m-1768764600,,false,-6.85,1768764600000,BTCUSDT,US,19,0,0.0021392839063371447,0.004522353321119897,20.980526192514468,95197.44177924814,95259.22134782835,-0.000648541607899844,0.0011927210224240807,0.002340154010510009,0.5096762935547738,0.0011532816104005033,4.42406311637112,0.001155571739803683,0.0008112092170313731,
btc-updown-15m-1768765500,,true,3.15,1768765500000,BTCUSDT,US,19,0,0.0021392839063371447,0.004522353321119897,20.980526192514468,95197.44177924814,95259.22134782835,-0.000648541607899844,0.0011927210224240807,0.002340154010510009,0.5096762935547738,0.000955007532527537,1.385340314135277,0.00114167520975794,0.0008137969784980516,
btc-updown-15m-1768766400,,true,2.26,1768766400000,BTCUSDT,US,20,0,0.0021225038096394193,0.005000176213390303,20.9105309339255,95214.92256206849,95264.01683631154,-0.0005153496133529778,0.0012018531421306429,0.002326479125541013,0.5165974321180109,0.0008274068881412611,1.475054910574259,0.0011195526853531195,0.0006724957206885655,
btc-updown-15m-1768767300,,true,2.46,1768767300000,BTCUSDT,US,20,0,0.0021225038096394193,0.005000176213390303,20.9105309339255,95214.92256206849,95264.01683631154,-0.0005153496133529778,0.0012018531421306429,0.002326479125541013,0.5165974321180109,0.0010324793357206015,0.11782751959998007,0.001114287271406477,0.0007138169994533785,
btc-updown-15m-1768768200,,true,2.56,1768768200000,BTCUSDT,US,20,0,0.0021225038096394193,0.005000176213390303,20.9105309339255,95214.92256206849,95264.01683631154,-0.0005153496133529778,0.0012018531421306429,0.002326479125541013,0.5165974321180109,0.001555518406967773,0,0.0011440316058993144,0.0007777399280887729,
btc-updown-15m-1768769100,,false,-6.65,1768769100000,BTCUSDT,US,20,0,0.0021225038096394193,0.005000176213390303,20.9105309339255,95214.92256206849,95264.01683631154,-0.0005153496133529778,0.0012018531421306429,0.002326479125541013,0.5165974321180109,0.0014862604850934223,0.3659947921689289,0.0011695896511009043,0.0008277842809727587,
btc-updown-15m-1768770900,,true,3.15,1768770900000,BTCUSDT,US,21,0,0.0020894224051854924,0.005145688677915902,20.46631552421675,95223.40707979625,95265.59179432968,-0.00044281165674697753,0.0012151690143269189,0.002276064591203327,0.5338903909069093,0.0008045402686258104,0.7618938175129185,0.0011070468820575247,0.0008234085719939181,
btc-updown-15m-1768772700,,true,3.15,1768772700000,BTCUSDT,US,21,0,0.0020894224051854924,0.005145688677915902,20.46631552421675,95223.40707979625,95265.59179432968,-0.00044281165674697753,0.0012151690143269189,0.002276064591203327,0.5338903909069093,0.0010133962846403492,0.00010355182763550365,0.0010593791231963013,0.0008156250475631179,
btc-updown-15m-1768773600,,true,3.05,1768773600000,BTCUSDT,US,22,0,0.002047051489156486,0.005284395643439348,20.046090535998893,95243.1245006934,95272.03121049535,-0.0003034123386965737,0.0011806440774685116,0.0022786026727863486,0.5181439008955353,0.0005289368840427457,0.649771092216946,0.0010211551998789783,0.0008144259518208561,
btc-updown-15m-1768774500,,true,2.66,1768774500000,BTCUSDT,US,22,0,0.002047051489156486,0.005284395643439348,20.046090535998893,95243.1245006934,95272.03121049535,-0.0003034123386965737,0.0011806440774685116,0.0022786026727863486,0.5181439008955353,0.0012394555618602645,0.29543213933600837,0.0010357408617944752,0.0008275697267194381,
btc-updown-15m-1768775400,,false,-7.44,1768775400000,BTCUSDT,US,22,0,0.002047051489156486,0.005284395643439348,20.046090535998893,95243.1245006934,95272.03121049535,-0.0003034123386965737,0.0011806440774685116,0.0022786026727863486,0.5181439008955353,0.0005840824746241489,0,0.001004048877982502,0.0008001401079192328,
btc-updown-15m-1768776300,,false,-7.54,1768776300000,BTCUSDT,US,22,0,0.002047051489156486,0.005284395643439348,20.046090535998893,95243.1245006934,95272.03121049535,-0.0003034123386965737,0.0011806440774685116,0.0022786026727863486,0.5181439008955353,0.0008249561820625599,3.584740827024413,0.0009910518248983826,0.0007735102537655749,
btc-updown-15m-1768778100,,false,-7.24,1768778100000,BTCUSDT,US,23,0,0.001987929727316027,0.005711264624748752,20.239474652072488,95267.45645299106,95280.87481523253,-0.0001408295449374375,0.0011830319759219574,0.002095824208618005,0.5644709947796879,0.005602498985169019,0.2501468549542731,0.001304820989318513,0.00127200199664403,
btc-updown-15m-1768779000,,false,-7.05,1768779000000,BTCUSDT,US,23,0,0.001987929727316027,0.005711264624748752,20.239474652072488,95267.45645299106,95280.87481523253,-0.0001408295449374375,0.0011830319759219574,0.002095824208618005,0.5644709947796879,0.006398210323943216,0.299008243173601,0.0016744594154643778,0.0016192432975705964,
btc-updown-15m-1768781700,,true,2.17,1768781700000,BTCUSDT,ASIA,0,1,0.0033179116558383214,0.01525772464510877,22.84849896295685,95115.61679072611,95217.81241637582,-0.0010732826459278755,0.0044941586437323,0.002886376948198886,1.5570241601800061,0.019181113739280324,0.43968706360808146,0.0036108077404073745,0.0036334001764227637,
btc-updown-15m-1768782600,,true,3.05,1768782600000,BTCUSDT,ASIA,0,1,0.0033179116558383214,0.01525772464510877,22.84849896295685,95115.61679072611,95217.81241637582,-0.0010732826459278755,0.0044941586437323,0.002886376948198886,1.5570241601800061,0.007492730010105845,2.6377865612648437,0.0038782561376587525,0.0037038743707949358,
btc-updown-15m-1768783500,,true,2.46,1768783500000,BTCUSDT,ASIA,0,1,0.0033179116558383214,0.01525772464510877,22.84849896295685,95115.61679072611,95217.81241637582,-0.0010732826459278755,0.0044941586437323,0.002886376948198886,1.5570241601800061,0.00846400573103479,1.3001502076399842,0.004188053535892917,0.0038742984021935493,
btc-updown-15m-1768785300,,true,2.95,1768785300000,BTCUSDT,ASIA,1,1,0.004471135578752315,0.02703205228634351,26.50101885146976,94886.60757236027,95119.48593943218,-0.0024482719263243524,0.004973394951001235,0.003091627694170791,1.6086655454595915,0.003863724811900064,6.641864443020816,0.0040932835423643215,0.003905511140224591,
btc-updown-15m-1768786200,,false,-7.44,1768786200000,BTCUSDT,ASIA,1,1,0.004471135578752315,0.02703205228634351,26.50101885146976,94886.60757236027,95119.48593943218,-0.0024482719263243524,0.004973394951001235,0.003091627694170791,1.6086655454595915,0.003362739523754211,0.609711951181657,0.004049042013890365,0.0038475190555511112,
btc-updown-15m-1768787100,,false,-7.48,1768787100000,BTCUSDT,ASIA,1,1,0.004471135578752315,0.02703205228634351,26.50101885146976,94886.60757236027,95119.48593943218,-0.0024482719263243524,0.004973394951001235,0.003091627694170791,1.6086655454595915,0.0029237383123425858,4.8971005014157765,0.0039705276774284265,0.0038533710339110775,
btc-updown-15m-1768789800,,true,2.46,1768789800000,BTCUSDT,ASIA,2,1,0.004641610283238296,0.03502181166531225,29.892645366114134,94667.56399401644,95020.13857808827,-0.003710524835554563,0.004945230493104225,0.003092407050733395,1.5991525087007594,0.003118074418562335,2.8546768366119815,0.003782559919277444,0.003881852911791083,
btc-updown-15m-1768790700,,false,-7.15,1768790700000,BTCUSDT,ASIA,2,1,0.004641610283238296,0.03502181166531225,29.892645366114134,94667.56399401644,95020.13857808827,-0.003710524835554563,0.004945230493104225,0.003092407050733395,1.5991525087007594,0.0015860970331418936,1.0520570948784795,0.0036228179345864754,0.0038740411449874994,
btc-updown-15m-1768791600,,true,3.54,1768791600000,BTCUSDT,ASIA,3,1,0.0045332706409988875,0.04091135532954528,33.042009799597565,94467.49123245303,94923.92672229592,-0.004808434560215846,0.004944793134550726,0.0029640084986552926,1.668279000142568,0.0012169729729730485,92.80833333356667,0.0034509531096640136,0.003866471545432214,
btc-updown-15m-1768792500,,false,-6.75,1768792500000,BTCUSDT,ASIA,3,1,0.0045332706409988875,0.04091135532954528,33.042009799597565,94467.49123245303,94923.92672229592,-0.004808434560215846,0.004944793134550726,0.0029640084986552926,1.668279000142568,0.0021029581878363665,0.15036349666057083,0.0033485211405534193,0.003900572940678096,
btc-updown-15m-1768793400,,false,-6.55,1768793400000,BTCUSDT,ASIA,3,1,0.0045332706409988875,0.04091135532954528,33.042009799597565,94467.49123245303,94923.92672229592,-0.004808434560215846,0.004944793134550726,0.0029640084986552926,1.668279000142568,0.002992756756756776,0.47344049393227,0.0033293101231135947,0.003896479500940533,
btc-updown-15m-1768794300,,true,2.46,1768794300000,BTCUSDT,ASIA,3,1,0.0045332706409988875,0.04091135532954528,33.042009799597565,94467.49123245303,94923.92672229592,-0.004808434560215846,0.004944793134550726,0.0029640084986552926,1.668279000142568,0.0014541328264351344,0.4081013188192104,0.0031920371840847925,0.003920987266187028,
btc-updown-15m-1768796100,,true,3.25,1768796100000,BTCUSDT,ASIA,4,1,0.004417196434590289,0.04505369367178558,35.597680431654126,94298.21492455722,94836.34342834985,-0.0056742856624284466,0.004981769808054842,0.0029520910418878673,1.6875393534167538,0.0015672246280069256,0.9073465632804747,0.0029341188682204568,0.003868173932172549,
btc-updown-15m-1768797000,,true,3.15,1768797000000,BTCUSDT,ASIA,4,1,0.004417196434590289,0.04505369367178558,35.597680431654126,94298.21492455722,94836.34342834985,-0.0056742856624284466,0.004981769808054842,0.0029520910418878673,1.6875393534167538,0.002127508227338123,1.811428571428613,0.0028741483517883723,0.0037973933265423323,
btc-updown-15m-1768797900,,false,-6.75,1768797900000,BTCUSDT,ASIA,4,1,0.004417196434590289,0.04505369367178558,35.597680431654126,94298.21492455722,94836.34342834985,-0.0056742856624284466,0.004981769808054842,0.0029520910418878673,1.6875393534167538,0.0016281630064510378,43.06432748540176,0.0027848886119647923,0.0038041637359734273,
btc-updown-15m-1768798800,,false,-7.34,1768798800000,BTCUSDT,ASIA,5,1,0.004292215756374628,0.04828242423319079,37.9708084006784,94142.67064593204,94751.20530944435,-0.0064224477306111805,0.004941783388874044,0.002940581235261788,1.680546461228471,0.0008957512790087164,2.7004012483292845,0.0026505724827502477,0.0033484600774416895,
btc-updown-15m-1768800600,,true,3.25,1768800600000,BTCUSDT,ASIA,5,1,0.004292215756374628,0.04828242423319079,37.9708084006784,94142.67064593204,94751.20530944435,-0.0064224477306111805,0.004941783388874044,0.002940581235261788,1.680546461228471,0.0009201356200832353,85180000000007.56,0.0024223616772472267,0.0014785568093695122,
btc-updown-15m-1768801500,,true,3.45,1768801500000,BTCUSDT,ASIA,5,1,0.004292215756374628,0.04828242423319079,37.9708084006784,94142.67064593204,94751.20530944435,-0.0064224477306111805,0.004941783388874044,0.002940581235261788,1.680546461228471,0.0023880548655362413,3.8616974494287684,0.0024209736663638602,0.001205769385163608,
btc-updown-15m-1768802400,,true,3.05,1768802400000,BTCUSDT,ASIA,6,1,0.0042291654801240456,0.051121295319974835,39.930898889971935,93987.34677491047,94663.39886625757,-0.007141641853597891,0.004912100208698102,0.0029133976319971845,1.6860383748341186,0.0017373257701483937,0.5877296976881051,0.0023745914741250033,0.0010538140530701467,
btc-updown-15m-1768803300,,true,2.26,1768803300000,BTCUSDT,ASIA,6,1,0.0042291654801240456,0.051121295319974835,39.930898889971935,93987.34677491047,94663.39886625757,-0.007141641853597891,0.004912100208698102,0.0029133976319971845,1.6860383748341186,0.0018014506822983983,4.29379968203517,0.0023327321192144392,0.00104942074796007,
btc-updown-15m-1768804200,,true,2.66,1768804200000,BTCUSDT,ASIA,6,1,0.0042291654801240456,0.051121295319974835,39.930898889971935,93987.34677491047,94663.39886625757,-0.007141641853597891,0.004912100208698102,0.0029133976319971845,1.6860383748341186,0.002366183193886104,27.389610389619985,0.0023350269344187225,0.0009414339586228539,
btc-updown-15m-1768805100,,true,3.25,1768805100000,BTCUSDT,ASIA,6,1,0.0042291654801240456,0.051121295319974835,39.930898889971935,93987.34677491047,94663.39886625757,-0.007141641853597891,0.004912100208698102,0.0029133976319971845,1.6860383748341186,0.0014730727343450463,12.540755467200068,0.002273140738140746,0.00093488834929883,
btc-updown-15m-1768807800,,true,3.25,1768807800000,BTCUSDT,ASIA,7,1,0.004112443544380923,0.053130800666828834,41.84889126295823,93853.62517748366,94581.83649285584,-0.007699272316700978,0.00493698535918675,0.0029160564478385633,1.6930349077591205,0.0005398985573802567,7.1699346405290925,0.0019755841523058644,0.0008106283687777667,
btc-updown-15m-1768808700,,true,3.25,1768808700000,BTCUSDT,ASIA,7,1,0.004112443544380923,0.053130800666828834,41.84889126295823,93853.62517748366,94581.83649285584,-0.007699272316700978,0.00493698535918675,0.0029160564478385633,1.6930349077591205,0.0013353195365434578,0.4114155251142893,0.0019279907288494618,0.0008193742902470962,
btc-updown-15m-1768809600,,true,2.95,1768809600000,BTCUSDT,EU,8,1,0.004038425144488,0.05392745857206067,42.71524521852892,93757.24373230075,94513.61640819424,-0.008002790546356886,0.005018389337429822,0.0029369955534832033,1.7086812853625664,0.0020656093736494225,0.5202922722580817,0.001935119746493548,0.0008671071459944042,
btc-updown-15m-1768812300,,true,2.46,1768812300000,BTCUSDT,EU,8,1,0.004038425144488,0.05392745857206067,42.71524521852892,93757.24373230075,94513.61640819424,-0.008002790546356886,0.005018389337429822,0.0029369955534832033,1.7086812853625664,0.0029626647188294147,0.54052843708015,0.0021920127953741165,0.0008548218863022056,
btc-updown-15m-1768813200,,true,2.46,1768813200000,BTCUSDT,EU,9,1,0.00424318741793232,0.05367077981461822,41.83732534809005,93709.80051989203,94464.44078289092,-0.007988617269574338,0.005178626770578431,0.0029859130711081304,1.7343528251666558,0.002398732900452827,1.118623174663615,0.002204267193060909,0.000875001303630946,
btc-updown-15m-1768814100,,true,3.15,1768814100000,BTCUSDT,EU,9,1,0.00424318741793232,0.05367077981461822,41.83732534809005,93709.80051989203,94464.44078289092,-0.007988617269574338,0.005178626770578431,0.0029859130711081304,1.7343528251666558,0.002883010752688122,0.23256562313242668,0.002257442329326651,0.0010295027236292328,
btc-updown-15m-1768815000,,true,3.25,1768815000000,BTCUSDT,EU,9,1,0.00424318741793232,0.05367077981461822,41.83732534809005,93709.80051989203,94464.44078289092,-0.007988617269574338,0.005178626770578431,0.0029859130711081304,1.7343528251666558,0.0019409441754246718,5.341652021090218,0.0022340228663120035,0.0010223096265840517,
btc-updown-15m-1768815900,,true,1.97,1768815900000,BTCUSDT,EU,9,1,0.00424318741793232,0.05367077981461822,41.83732534809005,93709.80051989203,94464.44078289092,-0.007988617269574338,0.005178626770578431,0.0029859130711081304,1.7343528251666558,0.0014239913932221687,0.2733044733045146,0.002178465450286786,0.0010641999525304703,
btc-updown-15m-1768816800,,true,1.97,1768816800000,BTCUSDT,EU,10,1,0.004192703560412403,0.05332313555368646,41.022130664593604,93647.92047055073,94409.37621759251,-0.00806546740958014,0.0051747091031450615,0.0029919301819548074,1.7295554335977565,0.0012142066915824658,0.20072332730556744,0.002107458917923128,0.0010766961915209205,
btc-updown-15m-1768817700,,true,2.85,1768817700000,BTCUSDT,EU,10,1,0.004192703560412403,0.05332313555368646,41.022130664593604,93647.92047055073,94409.37621759251,-0.00806546740958014,0.0051747091031450615,0.0029919301819548074,1.7295554335977565,0.0017230355220668135,0.7393241334348475,0.0020818472248321463,0.0011085547214747078,
btc-updown-15m-1768818600,,false,-7.34,1768818600000,BTCUSDT,EU,10,1,0.004192703560412403,0.05332313555368646,41.022130664593604,93647.92047055073,94409.37621759251,-0.00806546740958014,0.0051747091031450615,0.0029919301819548074,1.7295554335977565,0.0012183758223122947,2.5419011882416185,0.002019475800972662,0.0011085010758446862,
btc-updown-15m-1768819500,,true,3.35,1768819500000,BTCUSDT,EU,10,1,0.004192703560412403,0.05332313555368646,41.022130664593604,93647.92047055073,94409.37621759251,-0.00806546740958014,0.0051747091031450615,0.0029919301819548074,1.7295554335977565,0.0008694997310382677,3.3733766233745217,0.0019369165730998294,0.001097065470521908,
btc-updown-15m-1768822200,,true,2.66,1768822200000,BTCUSDT,EU,11,1,0.004032173408663618,0.052984203249817396,40.35058854164494,93592.3928069739,94356.65302078331,-0.008099696092877195,0.005176350274753512,0.00298845969062297,1.7321131320578254,0.001710243925623292,0.2094137327960554,0.001800622404255748,0.0011052312026645994,
btc-updown-15m-1768823100,,true,2.95,1768823100000,BTCUSDT,EU,11,1,0.004032173408663618,0.052984203249817396,40.35058854164494,93592.3928069739,94356.65302078331,-0.008099696092877195,0.005176350274753512,0.00298845969062297,1.7321131320578254,0.0018679526836876904,0.6940385739333487,0.0018034038126121816,0.0011174666838794634,
btc-updown-15m-1768824900,,false,-7.24,1768824900000,BTCUSDT,EU,12,1,0.004005287762198903,0.05182635282543445,38.97144543039176,93554.25634908282,94310.96149160735,-0.008023512119446186,0.005167094074352489,0.002990980782609552,1.7275584331385558,0.0016981967233908003,0.19761976955723093,0.0017769753830659206,0.0011965757120708952,
btc-updown-15m-1768826700,,true,2.26,1768826700000,BTCUSDT,EU,12,1,0.004005287762198903,0.05182635282543445,38.97144543039176,93554.25634908282,94310.96149160735,-0.008023512119446186,0.005167094074352489,0.002990980782609552,1.7275584331385558,0.002240964355389716,0.47794951786731815,0.0018090150240296667,0.0012307797646512854,
btc-updown-15m-1768827600,,true,2.95,1768827600000,BTCUSDT,EU,13,1,0.0039135790698676,0.05028271378819807,37.690824472062545,93508.19383937707,94262.28976882229,-0.007999974658950415,0.005154392286999999,0.0029921466995780645,1.7226402327555805,0.0017105668077162257,0.7998190454648559,0.001803530333509722,0.001228516405621557,
btc-updown-15m-1768829400,,true,1.97,1768829400000,BTCUSDT,EU,13,1,0.0039135790698676,0.05028271378819807,37.690824472062545,93508.19383937707,94262.28976882229,-0.007999974658950415,0.005154392286999999,0.0029921466995780645,1.7226402327555805,0.0022715875705521457,4.078776198507193,0.0017929144972466623,0.0011333494081512214,
btc-updown-15m-1768830300,,true,3.05,1768830300000,BTCUSDT,EU,13,1,0.0039135790698676,0.05028271378819807,37.690824472062545,93508.19383937707,94262.28976882229,-0.007999974658950415,0.005154392286999999,0.0029921466995780645,1.7226402327555805,0.002166433566433516,0.6782231852653267,0.0018172485281069254,0.0010845346802228087,
btc-updown-15m-1768831200,,true,2.76,1768831200000,BTCUSDT,EU,14,1,0.003899692448745915,0.047969139879143405,36.86068943545891,93462.82871148577,94214.02232473977,-0.00797326761683903,0.005131131228563078,0.0029490198862785703,1.7399446007256871,0.0012922499836572445,2.1521111985306347,0.0017804168919092337,0.0010507784739100256,
btc-updown-15m-1768832100,,false,-6.46,1768832100000,BTCUSDT,EU,14,1,0.003899692448745915,0.047969139879143405,36.86068943545891,93462.82871148577,94214.02232473977,-0.00797326761683903,0.005131131228563078,0.0029490198862785703,1.7399446007256871,0.0025503507863762,0.5860081752998121,0.001837912222225144,0.0009801738982830235,
btc-updown-15m-1768833000,,false,-7.05,1768833000000,BTCUSDT,EU,14,1,0.003899692448745915,0.047969139879143405,36.86068943545891,93462.82871148577,94214.02232473977,-0.00797326761683903,0.005131131228563078,0.0029490198862785703,1.7399446007256871,0.0018733413516264555,14.29199648197595,0.0018405677526988256,0.0009758458555859142,
btc-updown-15m-1768833900,,true,2.56,1768833900000,BTCUSDT,EU,14,1,0.003899692448745915,0.047969139879143405,36.86068943545891,93462.82871148577,94214.02232473977,-0.00797326761683903,0.005131131228563078,0.0029490198862785703,1.7399446007256871,0.003085760517799384,3.0153003930373647,0.001930584608605853,0.0009597687345380629,
btc-updown-15m-1768835700,,true,2.76,1768835700000,BTCUSDT,EU,15,1,0.0038910609587842183,0.04458391288029516,36.30635690092653,93400.88597625843,94159.03574297058,-0.00805180045366749,0.005089850570222436,0.002954382823087697,1.7228134859323714,0.0023698334371808996,0,0.0019421537578187536,0.0010577614368983686,
btc-updown-15m-1768836600,,true,2.17,1768836600000,BTCUSDT,EU,15,1,0.0038910609587842183,0.04458391288029516,36.30635690092653,93400.88597625843,94159.03574297058,-0.00805180045366749,0.005089850570222436,0.002954382823087697,1.7228134859323714,0.0018294868317966276,0.5213070725156441,0.0019362226045217376,0.0010899309734204753,
btc-updown-15m-1768837500,,true,2.56,1768837500000,BTCUSDT,EU,15,1,0.0038910609587842183,0.04458391288029516,36.30635690092653,93400.88597625843,94159.03574297058,-0.00805180045366749,0.005089850570222436,0.002954382823087697,1.7228134859323714,0.0014780546076224239,1.0785530497954778,0.001902134742144878,0.0011018506768775626,
btc-updown-15m-1768838400,,false,-6.99,1768838400000,BTCUSDT,US,16,1,0.0038093050812824684,0.04019917899755797,35.637242084345345,93369.2415971646,94116.2516448011,-0.007937099433748762,0.0051722268850843195,0.002974533716561019,1.7388361934804841,0.0010814101243863943,0.2280166096728757,0.0018418844484328516,0.0011144805318747718,
btc-updown-15m-1768839300,,true,2.46,1768839300000,BTCUSDT,US,16,1,0.0038093050812824684,0.04019917899755797,35.637242084345345,93369.2415971646,94116.2516448011,-0.007937099433748762,0.0051722268850843195,0.002974533716561019,1.7388361934804841,0.0012806573338700693,4.371505861137824,0.0018021886780324457,0.0011034075410916984,
btc-updown-15m-1768840200,,true,2.76,1768840200000,BTCUSDT,US,16,1,0.0038093050812824684,0.04019917899755797,35.637242084345345,93369.2415971646,94116.2516448011,-0.007937099433748762,0.0051722268850843195,0.002974533716561019,1.7388361934804841,0.0020487343269458684,0.581210058926208,0.0018173632219263126,0.0010958203090478823,
btc-updown-15m-1768841100,,false,-7.24,1768841100000,BTCUSDT,US,16,1,0.0038093050812824684,0.04019917899755797,35.637242084345345,93369.2415971646,94116.2516448011,-0.007937099433748762,0.0051722268850843195,0.002974533716561019,1.7388361934804841,0.0008950601780116743,0.6748343040768381,0.001750548903101412,0.0010734582860208528,
btc-updown-15m-1768842000,,false,-7.44,1768842000000,BTCUSDT,US,17,1,0.0038544998649548026,0.0349854008103782,33.849379286312825,93362.82430156345,94084.29782568499,-0.0076683733714870694,0.005238903715421027,0.0029908605993264857,1.751637544257589,0.002898550724637681,2.1712473572938906,0.0018307287385627548,0.0010874718176166105,
btc-updown-15m-1768842900,,true,3.15,1768842900000,BTCUSDT,US,17,1,0.0038544998649548026,0.0349854008103782,33.849379286312825,93362.82430156345,94084.29782568499,-0.0076683733714870694,0.005238903715421027,0.0029908605993264857,1.751637544257589,0.0025261406333869853,3.887019730010927,0.0018791377718561215,0.0010340068850579075,
btc-updown-15m-1768843800,,true,2.46,1768843800000,BTCUSDT,US,17,1,0.0038544998649548026,0.0349854008103782,33.849379286312825,93362.82430156345,94084.29782568499,-0.0076683733714870694,0.005238903715421027,0.0029908605993264857,1.751637544257589,0.0012181076276672675,1.3344976371481285,0.0018328075788079925,0.0010362682316102404,
btc-updown-15m-1768844700,,true,2.26,1768844700000,BTCUSDT,US,17,1,0.0038544998649548026,0.0349854008103782,33.849379286312825,93362.82430156345,94084.29782568499,-0.0076683733714870694,0.005238903715421027,0.0029908605993264857,1.751637544257589,0.0015343756940463273,0.3619818961410795,0.001813362881088564,0.0010215785174222762,
btc-updown-15m-1768845600,,true,2.76,1768845600000,BTCUSDT,US,18,1,0.0037648685184269704,0.027162517224726956,32.1892117698656,93351.41151048515,94051.2996328443,-0.007441557161797396,0.005210165586831331,0.0029908300624060745,1.7420466820638538,0.0009234667784329953,0.8459558034758008,0.0017489061685861467,0.0010003586741768068,
btc-updown-15m-1768846500,,true,2.46,1768846500000,BTCUSDT,US,18,1,0.0037648685184269704,0.027162517224726956,32.1892117698656,93351.41151048515,94051.2996328443,-0.007441557161797396,0.005210165586831331,0.0029908300624060745,1.7420466820638538,0.0017120300751879637,0.11477129668476527,0.0017487662113184058,0.0010450202727717002,
btc-updown-15m-1768847400,,false,-7.05,1768847400000,BTCUSDT,US,18,1,0.0037648685184269704,0.027162517224726956,32.1892117698656,93351.41151048515,94051.2996328443,-0.007441557161797396,0.005210165586831331,0.0029908300624060745,1.7420466820638538,0.0017313596729490262,0.3577695292729908,0.001749566889687303,0.0010818016967882804,
btc-updown-15m-1768848300,,true,3.25,1768848300000,BTCUSDT,US,18,1,0.0037648685184269704,0.027162517224726956,32.1892117698656,93351.41151048515,94051.2996328443,-0.007441557161797396,0.005210165586831331,0.0029908300624060745,1.7420466820638538,0.002152587969439294,0.44297771045233986,0.0017756216645496278,0.0010950162290365416,
btc-updown-15m-1768849200,,true,2.66,1768849200000,BTCUSDT,US,19,1,0.003755412813829486,0.012919742209409835,31.211330192913696,93324.21422360656,94012.64587387456,-0.007322755825759697,0.005193464563954461,0.0029783761804167857,1.7437235088375245,0.0010664212425178679,0.8284187246588532,0.0017258969100588774,0.0010993214548278482,
btc-updown-15m-1768850100,,false,-6.95,1768850100000,BTCUSDT,US,19,1,0.003755412813829486,0.012919742209409835,31.211330192913696,93324.21422360656,94012.64587387456,-0.007322755825759697,0.005193464563954461,0.0029783761804167857,1.7437235088375245,0.001048172043010709,4.70725995316077,0.0016771274078198688,0.0010309019794627616,
btc-updown-15m-1768851000,,true,3.25,1768851000000,BTCUSDT,US,19,1,0.003755412813829486,0.012919742209409835,31.211330192913696,93324.21422360656,94012.64587387456,-0.007322755825759697,0.005193464563954461,0.0029783761804167857,1.7437235088375245,0.001092341198641338,10.381858902565877,0.0016354844779249594,0.0010306065693900719,
btc-updown-15m-1768851900,,true,2.56,1768851900000,BTCUSDT,US,19,1,0.003755412813829486,0.012919742209409835,31.211330192913696,93324.21422360656,94012.64587387456,-0.007322755825759697,0.005193464563954461,0.0029783761804167857,1.7437235088375245,0.0011167696015100437,0.5713853599515001,0.0015972663336864625,0.001017348002028992,
btc-updown-15m-1768852800,,true,3.05,1768852800000,BTCUSDT,US,20,1,0.00360406118037889,0.010923738015857718,30.303384744971506,93303.41763107189,93977.08030873818,-0.007168372069584872,0.003005301619871946,0.0029742134951474667,1.0104525531792525,0.0007858732330073712,1.135143023935199,0.0015398404063750961,0.0010247780169405426,
btc-updown-15m-1768853700,,true,3.15,1768853700000,BTCUSDT,US,20,1,0.00360406118037889,0.010923738015857718,30.303384744971506,93303.41763107189,93977.08030873818,-0.007168372069584872,0.003005301619871946,0.0029742134951474667,1.0104525531792525,0.0012460011911173655,0.9137248432861048,0.0015178636297882473,0.0008934991248522247,
btc-updown-15m-1768854600,,true,2.56,1768854600000,BTCUSDT,US,20,1,0.00360406118037889,0.010923738015857718,30.303384744971506,93303.41763107189,93977.08030873818,-0.007168372069584872,0.003005301619871946,0.0029742134951474667,1.0104525531792525,0.0012048830340339472,0.42793537717846547,0.0014942434896845272,0.0008563272411531526,
btc-updown-15m-1768855500,,false,-7.24,1768855500000,BTCUSDT,US,20,1,0.00360406118037889,0.010923738015857718,30.303384744971506,93303.41763107189,93977.08030873818,-0.007168372069584872,0.003005301619871946,0.0029742134951474667,1.0104525531792525,0.0012880697851211816,0.05710257314060767,0.0014812074668409975,0.0009001899058194555,
btc-updown-15m-1768857300,,true,2.85,1768857300000,BTCUSDT,US,21,1,0.0034915525147047252,0.010899603166828585,29.010695862633952,93288.0388096092,93944.2998936854,-0.006985640265762427,0.0018628912242804108,0.0029744336253653895,0.6263011581075597,0.002986748960934648,5.37815511702605,0.0015377162844854417,0.0008856109413832366,
btc-updown-15m-1768859100,,true,2.26,1768859100000,BTCUSDT,US,21,1,0.0034915525147047252,0.010899603166828585,29.010695862633952,93288.0388096092,93944.2998936854,-0.006985640265762427,0.0018628912242804108,0.0029744336253653895,0.6263011581075597,0.0006892999911835035,3.6155507559397604,0.0014458343820093393,0.0008341460081825827,
btc-updown-15m-1768860000,,false,-7.24,1768860000000,BTCUSDT,US,22,1,0.003509901507649618,0.010320612818115076,28.051171333855965,93260.93225695573,93907.33316150676,-0.006883391134527406,0.0018696546391481208,0.0029772599589660284,0.6279782971311086,0.0005489079098112408,0.011291600633765431,0.001382496530087185,0.000805268351538807,
btc-updown-15m-1768862700,,true,2.95,1768862700000,BTCUSDT,US,22,1,0.003509901507649618,0.010320612818115076,28.051171333855965,93260.93225695573,93907.33316150676,-0.006883391134527406,0.0018696546391481208,0.0029772599589660284,0.6279782971311086,0.002116881564668973,0.19600560189988236,0.001635414414645826,0.0009766310741267088,
btc-updown-15m-1768863600,,true,2.66,1768863600000,BTCUSDT,US,23,1,0.0036559692379991835,0.010324256078283613,28.2206955852876,93194.72728069655,93854.64792010463,-0.007031304831806029,0.002171911657901075,0.0030061169477149565,0.7224973930412165,0.0029819875120157668,0.08746011109796689,0.0017357624460109283,0.001112965298081419,
btc-updown-15m-1768864500,,false,-7.15,1768864500000,BTCUSDT,US,23,1,0.0036559692379991835,0.010324256078283613,28.2206955852876,93194.72728069655,93854.64792010463,-0.007031304831806029,0.002171911657901075,0.0030061169477149565,0.7224973930412165,0.0056788145592534655,3.2386887899634966,0.0020185801145782196,0.0011027981460147449,
btc-updown-15m-1768866300,,true,2.76,1768866300000,BTCUSDT,US,23,1,0.0036559692379991835,0.010324256078283613,28.2206955852876,93194.72728069655,93854.64792010463,-0.007031304831806029,0.002171911657901075,0.0030061169477149565,0.7224973930412165,0.002366774378316456,0.9273079292439587,0.002189648956285883,0.0011032350417758223,
btc-updown-15m-1768867200,,true,1.97,1768867200000,BTCUSDT,ASIA,0,2,0.0038485646153436897,0.010483329888280208,29.1278782911943,93141.03896885477,93806.61028696866,-0.007095143040323104,0.002156153436462251,0.0029293248128060335,0.7360581616064785,0.0015615340316782716,5.539122568973222,0.002145217670783427,0.001100474850590201,
btc-updown-15m-1768868100,,true,2.56,1768868100000,BTCUSDT,ASIA,0,2,0.0038485646153436897,0.010483329888280208,29.1278782911943,93141.03896885477,93806.61028696866,-0.007095143040323104,0.002156153436462251,0.0029293248128060335,0.7360581616064785,0.0031106475221266555,3.0295228767315034,0.002212352721070611,0.0011198891034106904,
btc-updown-15m-1768869000,,true,2.76,1768869000000,BTCUSDT,ASIA,0,2,0.0038485646153436897,0.010483329888280208,29.1278782911943,93141.03896885477,93806.61028696866,-0.007095143040323104,0.002156153436462251,0.0029293248128060335,0.7360581616064785,0.00359650428574142,0.40273613984716444,0.002316217399731691,0.0012365401821986628,
btc-updown-15m-1768869900,,true,3.05,1768869900000,BTCUSDT,ASIA,0,2,0.0038485646153436897,0.010483329888280208,29.1278782911943,93141.03896885477,93806.61028696866,-0.007095143040323104,0.002156153436462251,0.0029293248128060335,0.7360581616064785,0.003178653569592807,0.13986502210844282,0.002371180502034378,0.0014038529931254438,
btc-updown-15m-1768870800,,false,-7.15,1768870800000,BTCUSDT,ASIA,1,2,0.003955318311753555,0.010355731266473756,29.51041936166143,93100.74001979048,93763.84218705315,-0.007072045596636434,0.0021660171584881715,0.0029089079556381165,0.7446152272676569,0.0013805557462948366,22.03963963962934,0.002300451521116114,0.0014038835469960427,
btc-updown-15m-1768871700,,true,3.35,1768871700000,BTCUSDT,ASIA,1,2,0.003955318311753555,0.010355731266473756,29.51041936166143,93100.74001979048,93763.84218705315,-0.007072045596636434,0.0021660171584881715,0.0029089079556381165,0.7446152272676569,0.0029636058266990597,30.9964994165424,0.0023471641478417064,0.0013913837119361452,
btc-updown-15m-1768872600,,true,2.46,1768872600000,BTCUSDT,ASIA,1,2,0.003955318311753555,0.010355731266473756,29.51041936166143,93100.74001979048,93763.84218705315,-0.007072045596636434,0.0021660171584881715,0.0029089079556381165,0.7446152272676569,0.002219581550547182,0.5734832836050117,0.0023346492178152618,0.0014199250832648445,
btc-updown-15m-1768873500,,true,2.95,1768873500000,BTCUSDT,ASIA,1,2,0.003955318311753555,0.010355731266473756,29.51041936166143,93100.74001979048,93763.84218705315,-0.007072045596636434,0.0021660171584881715,0.0029089079556381165,0.7446152272676569,0.0020030960961693813,0.23769835978136886,0.002314426941164054,0.0014375375271548886,
btc-updown-15m-1768874400,,true,3.25,1768874400000,BTCUSDT,ASIA,2,2,0.0039359275224427415,0.009684020243176031,29.86562737756434,93064.14382790554,93722.67499174086,-0.007026380370527718,0.0021296691332801303,0.0028960642810044474,0.7353666654600267,0.0015363475491961174,14.329386437040005,0.002258607744104338,0.0014374051485633828,
btc-updown-15m-1768875300,,true,2.95,1768875300000,BTCUSDT,ASIA,2,2,0.0039359275224427415,0.009684020243176031,29.86562737756434,93064.14382790554,93722.67499174086,-0.007026380370527718,0.0021296691332801303,0.0028960642810044474,0.7353666654600267,0.003028015143320739,0.18784741375654262,0.0023188381314503724,0.0015277907178840604,
btc-updown-15m-1768876200,,true,2.46,1768876200000,BTCUSDT,ASIA,2,2,0.0039359275224427415,0.009684020243176031,29.86562737756434,93064.14382790554,93722.67499174086,-0.007026380370527718,0.0021296691332801303,0.0028960642810044474,0.7353666654600267,0.001824604950402099,11.22189992748995,0.0022830401455710947,0.0015297762200379068,
btc-updown-15m-1768877100,,false,-7.54,1768877100000,BTCUSDT,ASIA,2,2,0.0039359275224427415,0.009684020243176031,29.86562737756434,93064.14382790554,93722.67499174086,-0.007026380370527718,0.0021296691332801303,0.0028960642810044474,0.7353666654600267,0.0019131929770163467,0.47749853886616334,0.0022537041994160063,0.0015681668590735325,
btc-updown-15m-1768878000,,true,2.95,1768878000000,BTCUSDT,ASIA,3,2,0.003938543448407033,0.009803967729161448,30.49539951282296,93015.38346368386,93676.68086720306,-0.0070593598897538135,0.0021638495517211725,0.002900200699619676,0.7461033824331308,0.002005042819430168,1.9826338639650063,0.0022372865487587526,0.001569759699478328,
btc-updown-15m-1768878900,,false,-7.64,1768878900000,BTCUSDT,ASIA,3,2,0.003938543448407033,0.009803967729161448,30.49539951282296,93015.38346368386,93676.68086720306,-0.0070593598897538135,0.0021638495517211725,0.002900200699619676,0.7461033824331308,0.0027378585653673195,1.0580052066385028,0.0022757365933892154,0.0015562565830189812,
btc-updown-15m-1768879800,,false,-6.85,1768879800000,BTCUSDT,ASIA,3,2,0.003938543448407033,0.009803967729161448,30.49539951282296,93015.38346368386,93676.68086720306,-0.0070593598897538135,0.0021638495517211725,0.002900200699619676,0.7461033824331308,0.0014006618121650007,1.5093095422810414,0.002214403076540353,0.0015070422744993925,
btc-updown-15m-1768880700,,true,2.36,1768880700000,BTCUSDT,ASIA,3,2,0.003938543448407033,0.009803967729161448,30.49539951282296,93015.38346368386,93676.68086720306,-0.0070593598897538135,0.0021638495517211725,0.002900200699619676,0.7461033824331308,0.0016166529561143482,3.122719734659267,0.00217071525570594,0.0014754034524938988,
btc-updown-15m-1768882500,,true,2.07,1768882500000,BTCUSDT,ASIA,4,2,0.003959596165636485,0.010979643310546107,31.27739836216448,92960.1012290235,93627.92463117286,-0.0071327374261483945,0.0020754997593490187,0.00290184220590446,0.7152352237230339,0.0016889011753953706,0.29418112393132123,0.0020864488415139708,0.0013512815627317234,
btc-updown-15m-1768883400,,false,-7.24,1768883400000,BTCUSDT,ASIA,4,2,0.003959596165636485,0.010979643310546107,31.27739836216448,92960.1012290235,93627.92463117286,-0.0071327374261483945,0.0020754997593490187,0.00290184220590446,0.7152352237230339,0.0012156954316902165,40.66914498138068,0.002024205716573496,0.0013254785959278112,
btc-updown-15m-1768887900,,false,-7.05,1768887900000,BTCUSDT,ASIA,5,2,0.00405657533195628,0.01336639825692008,32.455490732774756,92874.62587359984,93566.40626607095,-0.0073934697299788965,0.0019280923755252539,0.0028464551126500316,0.67736616219822,0.0028582176132674136,1.9054864504660411,0.0027117043897688605,0.0020227964216082725,
btc-updown-15m-1768888800,,true,2.66,1768888800000,BTCUSDT,ASIA,6,2,0.004401252549304078,0.01777739980700624,34.43282871368839,92755.53579059352,93490.1307774583,-0.007857460255493498,0.0021163991683715347,0.002886840113492259,0.7331196343296239,0.0020187714308914795,10.48106765983769,0.0026626454600799333,0.0020213701146883853,
btc-updown-15m-1768891500,,true,2.36,1768891500000,BTCUSDT,ASIA,6,2,0.004401252549304078,0.01777739980700624,34.43282871368839,92755.53579059352,93490.1307774583,-0.007857460255493498,0.0021163991683715347,0.002886840113492259,0.7331196343296239,0.0049822681546494675,2.0559832522963126,0.003084260442344244,0.0019895294642514176,
btc-updown-15m-1768892400,,true,2.85,1768892400000,BTCUSDT,ASIA,7,2,0.004788554869297914,0.02495146435375003,36.72106888471798,92581.67333465353,93389.65187767263,-0.00865169241745789,0.0025966108607580487,0.0029929919028103347,0.8675636102857159,0.004052801432339485,0.859576403983225,0.00315916951821903,0.0019967700403171634,
btc-updown-15m-1768896000,,true,2.26,1768896000000,BTCUSDT,EU,8,2,0.00479182236141606,0.028348253654108462,38.84584344057299,92447.9882550722,93302.82339630976,-0.00916194290934369,0.002682529859836094,0.0030142196494028304,0.8899583215070442,0.001854635216675841,11.983870967738095,0.0029141260775831738,0.002031929561252148,
btc-updown-15m-1768896900,,true,2.07,1768896900000,BTCUSDT,EU,8,2,0.00479182236141606,0.028348253654108462,38.84584344057299,92447.9882550722,93302.82339630976,-0.00916194290934369,0.002682529859836094,0.0030142196494028304,0.8899583215070442,0.003948139176392942,1.0678777393309626,0.002992567800207283,0.0020445951992773765,
btc-updown-15m-1768898700,,true,2.95,1768898700000,BTCUSDT,EU,8,2,0.00479182236141606,0.028348253654108462,38.84584344057299,92447.9882550722,93302.82339630976,-0.00916194290934369,0.002682529859836094,0.0030142196494028304,0.8899583215070442,0.005627005391816367,0.46629697735889497,0.0032370298250683173,0.0022470716871967737,
btc-updown-15m-1768899600,,true,2.95,1768899600000,BTCUSDT,EU,9,2,0.004893693389046565,0.03126226903495829,40.95430544256813,92321.13223082131,93216.96060205567,-0.009610143534486748,0.0026835721215770075,0.003014043054641798,0.8903562666247098,0.003633149779735676,0.2653523071611803,0.003255823569796583,0.002386739594182851,
btc-updown-15m-1768901400,,true,2.95,1768901400000,BTCUSDT,EU,9,2,0.004893693389046565,0.03126226903495829,40.95430544256813,92321.13223082131,93216.96060205567,-0.009610143534486748,0.0026835721215770075,0.003014043054641798,0.8903562666247098,0.0016385607674006904,11.103980503643546,0.0030248767571825802,0.0023813719244897605,
btc-updown-15m-1768903200,,true,2.46,1768903200000,BTCUSDT,EU,10,2,0.004718386128750312,0.03377373849197125,42.91219498494555,92198.76249478677,93131.32007260398,-0.0100133615317618,0.0026797251526781874,0.003014197080331359,0.8890344862199913,0.001278836774204305,4.478568064061234,0.002813964020739879,0.0023739750761643456,
btc-updown-15m-1768904100,,true,2.17,1768904100000,BTCUSDT,EU,10,2,0.004718386128750312,0.03377373849197125,42.91219498494555,92198.76249478677,93131.32007260398,-0.0100133615317618,0.0026797251526781874,0.003014197080331359,0.8890344862199913,0.0019152052438908473,0.28052902277730624,0.0027456049034594947,0.0018490877256253204,
btc-updown-15m-1768905000,,true,2.26,1768905000000,BTCUSDT,EU,10,2,0.004718386128750312,0.03377373849197125,42.91219498494555,92198.76249478677,93131.32007260398,-0.0100133615317618,0.0026797251526781874,0.003014197080331359,0.8890344862199913,0.0013251135341480322,0.09390564158299874,0.002640931444136061,0.0016780165288117343,
btc-updown-15m-1768905900,,true,2.85,1768905900000,BTCUSDT,EU,10,2,0.004718386128750312,0.03377373849197125,42.91219498494555,92198.76249478677,93131.32007260398,-0.0100133615317618,0.0026797251526781874,0.003014197080331359,0.8890344862199913,0.0016029973230350701,1.9854924397219786,0.0025680007364960547,0.0016706505253660856,
btc-updown-15m-1768906800,,true,1.97,1768906800000,BTCUSDT,EU,11,2,0.0046018338375313295,0.03521083536094131,43.9569685285452,92110.26892334103,93058.1800186581,-0.010186220009106184,0.0027803252232963633,0.003034511798128825,0.9162347712771455,0.0007650181683592392,0.9535274356102061,0.002438249458119213,0.0016762860201553287,
btc-updown-15m-1768907700,,false,-6.85,1768907700000,BTCUSDT,EU,11,2,0.0046018338375313295,0.03521083536094131,43.9569685285452,92110.26892334103,93058.1800186581,-0.010186220009106184,0.0027803252232963633,0.003034511798128825,0.9162347712771455,0.002043692725922286,1.1311850074278502,0.0024077374280811756,0.0016492291342954663,
btc-updown-15m-1768908600,,true,2.56,1768908600000,BTCUSDT,EU,11,2,0.0046018338375313295,0.03521083536094131,43.9569685285452,92110.26892334103,93058.1800186581,-0.010186220009106184,0.0027803252232963633,0.003034511798128825,0.9162347712771455,0.0012488710337257914,1.5891032917147117,0.0023238072472500076,0.0015883119580891837,
btc-updown-15m-1768910400,,true,2.07,1768910400000,BTCUSDT,EU,12,2,0.004454442796761229,0.03596997849211316,44.31194470089629,92025.3852160359,92985.96120722436,-0.010330333511827328,0.0026505693733973237,0.003033834423839079,0.8736697535534047,0.0013808132842240749,0.07640372617727313,0.0022089190157928654,0.0014923229146564993,
btc-updown-15m-1768913100,,true,2.66,1768913100000,BTCUSDT,EU,12,2,0.004454442796761229,0.03596997849211316,44.31194470089629,92025.3852160359,92985.96120722436,-0.010330333511827328,0.0026505693733973237,0.003033834423839079,0.8736697535534047,0.00096501523552353,3.3096521313070455,0.0021304688803943064,0.0014870698919498433,
btc-updown-15m-1768914900,,false,-7.24,1768914900000,BTCUSDT,EU,13,2,0.004361359516465193,0.03549887640932092,44.89243738000877,91954.42567089228,92918.96607384806,-0.01038044700356655,0.002552897731565795,0.0030368705924871445,0.840634348358919,0.0044335424691998035,0.12092466896628924,0.0022396074428718635,0.0017073539787279637,
btc-updown-15m-1768915800,,true,2.46,1768915800000,BTCUSDT,EU,13,2,0.004361359516465193,0.03549887640932092,44.89243738000877,91954.42567089228,92918.96607384806,-0.01038044700356655,0.002552897731565795,0.0030368705924871445,0.840634348358919,0.0019349383179956506,3.4654647028944905,0.002218746493015354,0.0016259880919020525,
btc-updown-15m-1768921200,,true,2.95,1768921200000,BTCUSDT,EU,15,2,0.005034032337827532,0.036633204067238925,47.031314279150735,91733.09162540728,92751.29976064592,-0.010977831446742359,0.002717794970751121,0.003088457876025308,0.8799844711655217,0.00882516530776304,0.4891028037383145,0.003195044648911905,0.001891323444499938,
btc-updown-15m-1768922100,,false,-7.24,1768922100000,BTCUSDT,EU,15,2,0.005034032337827532,0.036633204067238925,47.031314279150735,91733.09162540728,92751.29976064592,-0.010977831446742359,0.002717794970751121,0.003088457876025308,0.8799844711655217,0.008245579243762425,2.269237557359708,0.0035603378128432205,0.001905535857236114,
btc-updown-15m-1768923000,,false,-6.55,1768923000000,BTCUSDT,EU,15,2,0.005034032337827532,0.036633204067238925,47.031314279150735,91733.09162540728,92751.29976064592,-0.010977831446742359,0.002717794970751121,0.003088457876025308,0.8799844711655217,0.007945382176359603,1.224928455891442,0.0038580538549905395,0.0020789607969852607,
btc-updown-15m-1768923900,,false,-7.15,1768923900000,BTCUSDT,EU,15,2,0.005034032337827532,0.036633204067238925,47.031314279150735,91733.09162540728,92751.29976064592,-0.010977831446742359,0.002717794970751121,0.003088457876025308,0.8799844711655217,0.003099834282253878,2.7531095359098576,0.003806795244185487,0.0020812474512226743,
btc-updown-15m-1768924800,,false,-7.83,1768924800000,BTCUSDT,US,16,2,0.005414000354120316,0.036353166279183044,48.5579204799129,91633.26861316345,92670.21229070079,-0.011189611547284484,0.0027763872192948617,0.003097946935192127,0.8962023163649434,0.003596170872067254,1.4300777744540403,0.0037856174413959886,0.002116108990178072,
btc-updown-15m-1768925700,,false,-7.34,1768925700000,BTCUSDT,US,16,2,0.005414000354120316,0.036353166279183044,48.5579204799129,91633.26861316345,92670.21229070079,-0.011189611547284484,0.0027763872192948617,0.003097946935192127,0.8962023163649434,0.003732097240455267,3.6724757952970792,0.003778289943058131,0.002111277778685845,
btc-updown-15m-1768927500,,true,2.56,1768927500000,BTCUSDT,US,16,2,0.005414000354120316,0.036353166279183044,48.5579204799129,91633.26861316345,92670.21229070079,-0.011189611547284484,0.0027763872192948617,0.003097946935192127,0.8962023163649434,0.006057962424650101,0.09920650904256244,0.004018467167003738,0.0024015879666187813,
btc-updown-15m-1768929300,,true,2.76,1768929300000,BTCUSDT,US,17,2,0.0058092286503911425,0.03683487967547174,49.3506379487759,91493.48207869609,92571.97399363595,-0.011650306981830227,0.002913411386324661,0.003141236678660721,0.9274727390381822,0.004834548669422087,0.4983998072886317,0.003963411929601918,0.0025409136425091753,
btc-updown-15m-1768932000,,true,2.95,1768932000000,BTCUSDT,US,18,2,0.00627269492497215,0.03824505696301753,50.56557530431294,91329.86092829281,92462.31804947213,-0.012247769091981886,0.002975333610901028,0.0031661099900564724,0.9397442351167207,0.004603991229001887,3.708290451685945,0.004122988972361932,0.002820300783233017,
btc-updown-15m-1768932900,,true,2.46,1768932900000,BTCUSDT,US,18,2,0.00627269492497215,0.03824505696301753,50.56557530431294,91329.86092829281,92462.31804947213,-0.012247769091981886,0.002975333610901028,0.0031661099900564724,0.9397442351167207,0.002095742309407031,0.41845202172602697,0.003972227437291416,0.0027651719767207367,
btc-updown-15m-1768933800,,true,2.17,1768933800000,BTCUSDT,US,18,2,0.00627269492497215,0.03824505696301753,50.56557530431294,91329.86092829281,92462.31804947213,-0.012247769091981886,0.002975333610901028,0.0031661099900564724,0.9397442351167207,0.003420136979486488,0.7532163073931978,0.003939759139755576,0.002782187200719502,
btc-updown-15m-1768934700,,false,-7.34,1768934700000,BTCUSDT,US,18,2,0.00627269492497215,0.03824505696301753,50.56557530431294,91329.86092829281,92462.31804947213,-0.012247769091981886,0.002975333610901028,0.0031661099900564724,0.9397442351167207,0.0034257126886528006,0.3898943166870386,0.003911881207920946,0.002759599278567169,
btc-updown-15m-1768935600,,true,2.66,1768935600000,BTCUSDT,US,19,2,0.00629176779955487,0.040996979504942646,51.719614650399706,91155.6836970742,92346.20612829365,-0.012891947391596048,0.002911283183262675,0.003175605289974486,0.9167648109334349,0.0026243057922544413,19.137339055803302,0.0038201624996052745,0.0027640775301813977,
btc-updown-15m-1768936500,,false,-7.05,1768936500000,BTCUSDT,US,19,2,0.00629176779955487,0.040996979504942646,51.719614650399706,91155.6836970742,92346.20612829365,-0.012891947391596048,0.002911283183262675,0.003175605289974486,0.9167648109334349,0.003982816041685524,3.762299465240472,0.0038283847154412694,0.0027382257951148025,
btc-updown-15m-1768938300,,true,2.46,1768938300000,BTCUSDT,US,19,2,0.00629176779955487,0.040996979504942646,51.719614650399706,91155.6836970742,92346.20612829365,-0.012891947391596048,0.002911283183262675,0.003175605289974486,0.9167648109334349,0.0028840054616021873,5.649109217659035,0.0036617294774147252,0.0027113812741525007,
btc-updown-15m-1768939200,,true,2.76,1768939200000,BTCUSDT,US,20,2,0.006228123818304325,0.04152443858800893,52.86713909774354,91019.50048802531,92243.46524445576,-0.013268850570463675,0.0030152327323244806,0.003179685106246368,0.9482802955554225,0.004702142091926208,0.4950192116123472,0.0037240530618578606,0.0025849136634663065,
btc-updown-15m-1768945500,,true,2.66,1768945500000,BTCUSDT,US,21,2,0.006144272474430593,0.04070652748499413,53.701189203900036,90897.07091774959,92145.00517140934,-0.01354315680310969,0.0029836266917054044,0.0031810987296017994,0.9379233231402679,0.0017258926593568577,0.753577106518185,0.0033779203687868196,0.0024303527415885213,
btc-updown-15m-1768946400,,true,2.36,1768946400000,BTCUSDT,US,22,2,0.006042051018908387,0.03958785822645239,54.47563983847848,90761.73178288134,92040.29517401509,-0.01389134388059543,0.0029704636067518554,0.0031749634936740333,0.9355898462046462,0.0017537013016057806,1.4937191922404707,0.0032640421585215323,0.0024252039753105787,
btc-updown-15m-1768947300,,true,3.05,1768947300000,BTCUSDT,US,22,2,0.006042051018908387,0.03958785822645239,54.47563983847848,90761.73178288134,92040.29517401509,-0.01389134388059543,0.0029704636067518554,0.0031749634936740333,0.9355898462046462,0.00205273248631935,0.15411690760520821,0.003171839930178651,0.002332201592677856,
btc-updown-15m-1768949100,,true,2.46,1768949100000,BTCUSDT,US,22,2,0.006042051018908387,0.03958785822645239,54.47563983847848,90761.73178288134,92040.29517401509,-0.01389134388059543,0.0029704636067518554,0.0031749634936740333,0.9355898462046462,0.018513310580204858,0.7467074545161994,0.004209306811366559,0.0029934412725117323,
btc-updown-15m-1768950000,,true,2.56,1768950000000,BTCUSDT,US,23,2,0.007080461323192044,0.041904973214719345,56.1273635192386,90547.20304181754,91901.74977310126,-0.014739074442303823,0.003598710699855462,0.0033651566914853857,1.0694036057699843,0.005350461461711084,5.7559055118103775,0.004292558401478351,0.0029698135720537177,
btc-updown-15m-1768950900,,true,2.17,1768950900000,BTCUSDT,US,23,2,0.007080461323192044,0.041904973214719345,56.1273635192386,90547.20304181754,91901.74977310126,-0.014739074442303823,0.003598710699855462,0.0033651566914853857,1.0694036057699843,0.004882769592017817,0.44721876367060925,0.004347618809672748,0.0029794487206769916,
btc-updown-15m-1768952700,,true,2.26,1768952700000,BTCUSDT,US,23,2,0.007080461323192044,0.041904973214719345,56.1273635192386,90547.20304181754,91901.74977310126,-0.014739074442303823,0.003598710699855462,0.0033651566914853857,1.0694036057699843,0.004554697622027058,0.07727406930239433,0.004345930539944599,0.003156244262744896,
btc-updown-15m-1768953600,,false,-7.64,1768953600000,BTCUSDT,ASIA,0,3,0.007096313425269242,0.04318583700722562,57.662833869760966,90345.3417995095,91765.43165995464,-0.015475215827539746,0.003604426522875309,0.0033573878898430494,1.0735806052614933,0.002169849807318178,1.9531659220457867,0.0041933096804586565,0.0031546720180821845,
btc-updown-15m-1768954500,,false,-7.05,1768954500000,BTCUSDT,ASIA,0,3,0.007096313425269242,0.04318583700722562,57.662833869760966,90345.3417995095,91765.43165995464,-0.015475215827539746,0.003604426522875309,0.0033573878898430494,1.0735806052614933,0.002592156480713732,25.546929316324704,0.004079244119967182,0.0031391384550859963,
btc-updown-15m-1768956300,,true,2.36,1768956300000,BTCUSDT,ASIA,0,3,0.007096313425269242,0.04318583700722562,57.662833869760966,90345.3417995095,91765.43165995464,-0.015475215827539746,0.003604426522875309,0.0033573878898430494,1.0735806052614933,0.004793262113988461,0.4632337725047178,0.004115781740149245,0.003288536565787731,
btc-updown-15m-1768957200,,true,2.76,1768957200000,BTCUSDT,ASIA,1,3,0.007139671218187994,0.042421467755212855,57.67872293397219,90211.11972274185,91654.38933064048,-0.01574686840901951,0.003986413657397288,0.0034338739566644122,1.16090855625627,0.0017634603451086425,0.8465165625367935,0.003943956715958602,0.0032023791929723083,
btc-updown-15m-1768958100,,true,2.95,1768958100000,BTCUSDT,ASIA,1,3,0.007139671218187994,0.042421467755212855,57.67872293397219,90211.11972274185,91654.38933064048,-0.01574686840901951,0.003986413657397288,0.0034338739566644122,1.16090855625627,0.0029637591446257934,0.6783301465901026,0.0038669158980108504,0.0031459551758741323,
btc-updown-15m-1768959900,,false,-6.8,1768959900000,BTCUSDT,ASIA,1,3,0.007139671218187994,0.042421467755212855,57.67872293397219,90211.11972274185,91654.38933064048,-0.01574686840901951,0.003986413657397288,0.0034338739566644122,1.16090855625627,0.0016391578239500061,2.5601659751036476,0.003611313826076236,0.002972521654132173,
btc-updown-15m-1768960800,,true,2.17,1768960800000,BTCUSDT,ASIA,2,3,0.006876281903075133,0.04197514180041329,57.16721356088948,90097.76641566232,91551.04793263534,-0.01587400198894895,0.003961732097079974,0.003436825890355261,1.152729938457969,0.0020282133831515782,9.964763061973589,0.003498796365577245,0.0029580288908877196,
btc-updown-15m-1768961700,,true,2.76,1768961700000,BTCUSDT,ASIA,2,3,0.006876281903075133,0.04197514180041329,57.16721356088948,90097.76641566232,91551.04793263534,-0.01587400198894895,0.003961732097079974,0.003436825890355261,1.152729938457969,0.00405466535895889,0.43930935481297856,0.003528561016385765,0.0030346659684727896,
btc-updown-15m-1768962600,,true,2.17,1768962600000,BTCUSDT,ASIA,2,3,0.006876281903075133,0.04197514180041329,57.16721356088948,90097.76641566232,91551.04793263534,-0.01587400198894895,0.003961732097079974,0.003436825890355261,1.152729938457969,0.002358671619847179,0.3588516746411402,0.003450653102324203,0.00302824091647789,
btc-updown-15m-1768964400,,true,3.15,1768964400000,BTCUSDT,ASIA,3,3,0.006689437103184764,0.042621497624595224,56.08908304394346,89997.84294700313,91452.82817424323,-0.015909679955090628,0.003700276247844678,0.003434605106796006,1.07735129157148,0.0016376854779045855,2.520280057943115,0.003232311723224857,0.0030224081921639808,
btc-updown-15m-1768965300,,true,2.76,1768965300000,BTCUSDT,ASIA,3,3,0.006689437103184764,0.042621497624595224,56.08908304394346,89997.84294700313,91452.82817424323,-0.015909679955090628,0.003700276247844678,0.003434605106796006,1.07735129157148,0.002250859106529131,0.1337821020477109,0.003155938482545783,0.0030300037125953506,
btc-updown-15m-1768966200,,true,1.97,1768966200000,BTCUSDT,ASIA,3,3,0.006689437103184764,0.042621497624595224,56.08908304394346,89997.84294700313,91452.82817424323,-0.015909679955090628,0.003700276247844678,0.003434605106796006,1.07735129157148,0.0015747616376892812,1.61970516887495,0.0030410757879954474,0.0030225620196442427,
btc-updown-15m-1768967100,,true,2.07,1768967100000,BTCUSDT,ASIA,3,3,0.006689437103184764,0.042621497624595224,56.08908304394346,89997.84294700313,91452.82817424323,-0.015909679955090628,0.003700276247844678,0.003434605106796006,1.07735129157148,0.004086102432946769,0.3232444202504302,0.0031059879505966237,0.0018910677780996127,
btc-updown-15m-1768968000,,false,-7.05,1768968000000,BTCUSDT,ASIA,4,3,0.006626480520343879,0.04156097700795075,54.50914544539509,89943.98456985455,91373.51711680091,-0.01564493293082958,0.0038002437448867296,0.0034820830277421323,1.0913708015029442,0.0017260595506763932,0.26338627804157855,0.003011324528299435,0.0019167109816084415,
btc-updown-15m-1768968900,,true,3.35,1768968900000,BTCUSDT,ASIA,4,3,0.006626480520343879,0.04156097700795075,54.50914544539509,89943.98456985455,91373.51711680091,-0.01564493293082958,0.0038002437448867296,0.0034820830277421323,1.0913708015029442,0.0014247579103325995,0.824591573516689,0.002900181816610185,0.0017181251116402244,
btc-updown-15m-1768969800,,false,-7.44,1768969800000,BTCUSDT,ASIA,4,3,0.006626480520343879,0.04156097700795075,54.50914544539509,89943.98456985455,91373.51711680091,-0.01564493293082958,0.0038002437448867296,0.0034820830277421323,1.0913708015029442,0.001625879416330764,0.05696616951620161,0.0028048358768853025,0.0016809154372569564,
btc-updown-15m-1768970700,,true,2.36,1768970700000,BTCUSDT,ASIA,4,3,0.006626480520343879,0.04156097700795075,54.50914544539509,89943.98456985455,91373.51711680091,-0.01564493293082958,0.0038002437448867296,0.0034820830277421323,1.0913708015029442,0.0019377896268471496,1.1863957597175714,0.002740332730125974,0.0014742068807798699,
btc-updown-15m-1768971600,,true,2.95,1768971600000,BTCUSDT,ASIA,5,3,0.006371843456948624,0.04026249006430708,52.95814926317966,89896.8327052522,91298.02806470262,-0.015347487663779469,0.00380859203463958,0.003478533332898832,1.0948844441475263,0.0020248436872546123,0.3895964400797928,0.0026929341970841074,0.0015170845235136237,
btc-updown-15m-1768972500,,true,3.35,1768972500000,BTCUSDT,ASIA,5,3,0.006371843456948624,0.04026249006430708,52.95814926317966,89896.8327052522,91298.02806470262,-0.015347487663779469,0.00380859203463958,0.003478533332898832,1.0948844441475263,0.0016377963320651733,0.08640510272190187,0.0026136123776939616,0.0015220883075885787,
btc-updown-15m-1768974300,,true,3.35,1768974300000,BTCUSDT,ASIA,5,3,0.006371843456948624,0.04026249006430708,52.95814926317966,89896.8327052522,91298.02806470262,-0.015347487663779469,0.00380859203463958,0.003478533332898832,1.0948844441475263,0.0037602284329565647,0.019394856278376678,0.002585249201819003,0.0015497308218664705,
btc-updown-15m-1768975200,,true,2.26,1768975200000,BTCUSDT,ASIA,6,3,0.00642626270991892,0.038619403782514695,50.293279904857165,89901.90006640868,91245.18057559138,-0.014721659825856492,0.0040775096067122195,0.0035511273489011817,1.1482296200878055,0.0024050039030426066,9.175058823529467,0.0025717199104503007,0.0015494756338752071,
btc-updown-15m-1768976100,,true,2.95,1768976100000,BTCUSDT,ASIA,6,3,0.00642626270991892,0.038619403782514695,50.293279904857165,89901.90006640868,91245.18057559138,-0.014721659825856492,0.0040775096067122195,0.0035511273489011817,1.1482296200878055,0.0016708240534520444,2.5715305879555417,0.002508342903079156,0.001539096406977925,
btc-updown-15m-1768977000,,true,2.56,1768977000000,BTCUSDT,ASIA,6,3,0.00642626270991892,0.038619403782514695,50.293279904857165,89901.90006640868,91245.18057559138,-0.014721659825856492,0.0040775096067122195,0.0035511273489011817,1.1482296200878055,0.0011090209575011565,3.4016791869191376,0.002408918314647355,0.0015410878063951403,
btc-updown-15m-1768977900,,false,-6.95,1768977900000,BTCUSDT,ASIA,6,3,0.00642626270991892,0.038619403782514695,50.293279904857165,89901.90006640868,91245.18057559138,-0.014721659825856492,0.0040775096067122195,0.0035511273489011817,1.1482296200878055,0.0032044141918795826,0.06891288160831854,0.002472396757840507,0.0017142304879981152,
btc-updown-15m-1768979700,,true,2.07,1768979700000,BTCUSDT,ASIA,7,3,0.006352217024503267,0.03586927729424341,47.81875945583336,89877.8733929173,91182.64039269186,-0.01430937944059718,0.004050363079853891,0.0035625009240420544,1.1369437275144065,0.0029864804469273026,1.1816030035911256,0.002464012613102371,0.0016477259524546484,
btc-updown-15m-1768983300,,true,2.36,1768983300000,BTCUSDT,EU,8,3,0.00646693392916516,0.03305856334615755,46.17489321893576,89814.64259282143,91105.48577036207,-0.014168665768319322,0.004145160347474375,0.003591677921915794,1.1541013525130768,0.0017724529402526306,2.107789142406877,0.0025040601439603005,0.0018701541690629329,
btc-updown-15m-1768984200,,false,-7.05,1768984200000,BTCUSDT,EU,8,3,0.00646693392916516,0.03305856334615755,46.17489321893576,89814.64259282143,91105.48577036207,-0.014168665768319322,0.004145160347474375,0.003591677921915794,1.1541013525130768,0.0024930714058761924,1.3708404436857031,0.0025006456455505216,0.0018808931680354176,
btc-updown-15m-1768985100,,true,2.95,1768985100000,BTCUSDT,EU,8,3,0.00646693392916516,0.03305856334615755,46.17489321893576,89814.64259282143,91105.48577036207,-0.014168665768319322,0.004145160347474375,0.003591677921915794,1.1541013525130768,0.0033241573033708518,0.33548503588682066,0.0025651508151705465,0.0018094614630065268,
btc-updown-15m-1768986000,,true,2.36,1768986000000,BTCUSDT,EU,9,3,0.006314753049616075,0.02896440170237852,44.79124493971782,89755.85282125215,91030.71161753354,-0.014004710867665415,0.004130144603240002,0.0035920202972018044,1.1498110426762895,0.0023713066615150408,0.30327160493821054,0.0025466713030149707,0.0018495213041014697,
btc-updown-15m-1768986900,,true,2.56,1768986900000,BTCUSDT,EU,9,3,0.006314753049616075,0.02896440170237852,44.79124493971782,89755.85282125215,91030.71161753354,-0.014004710867665415,0.004130144603240002,0.0035920202972018044,1.1498110426762895,0.001460953964362713,0.31489705288652137,0.0024663535700065655,0.001862878738000938,
btc-updown-15m-1768987800,,true,2.95,1768987800000,BTCUSDT,EU,9,3,0.006314753049616075,0.02896440170237852,44.79124493971782,89755.85282125215,91030.71161753354,-0.014004710867665415,0.004130144603240002,0.0035920202972018044,1.1498110426762895,0.0017658040752581887,0.3956452469464795,0.002413260990517013,0.0018517238983245118,
btc-updown-15m-1768990500,,true,2.26,1768990500000,BTCUSDT,EU,10,3,0.006200707557209132,0.02552604167542267,43.21534527589953,89694.5620761969,90955.57554341124,-0.013864059016508334,0.004092224951814358,0.0035911166268629523,1.1395410890314506,0.002957678491243839,0.37603802162218397,0.0025045788578904886,0.001995033123884831,
btc-updown-15m-1768993200,,false,-7.15,1768993200000,BTCUSDT,EU,11,3,0.006001149391183906,0.023201327021743764,41.75203616782023,89652.12663931875,90888.74325801134,-0.013605828118693708,0.004033882599410564,0.0035973092904423463,1.1213610712117927,0.0009185342895562658,0.32981829980535265,0.002260569841946218,0.0017789951173233854,
btc-updown-15m-1768994100,,true,2.21,1768994100000,BTCUSDT,EU,11,3,0.006001149391183906,0.023201327021743764,41.75203616782023,89652.12663931875,90888.74325801134,-0.013605828118693708,0.004033882599410564,0.0035973092904423463,1.1213610712117927,0.0016807127971950127,1.5206055508830716,0.0022175527529999916,0.0017944232453311125,
btc-updown-15m-1769001300,,true,2.85,1769001300000,BTCUSDT,EU,13,3,0.0062394903786420035,0.01871813139008215,41.05742710838579,89490.61758808879,90725.43363923041,-0.01361047284768968,0.003958020620817927,0.003617405598611206,1.0941600306964445,0.0036622394636609424,0.5711935749189431,0.002923951724732439,0.0022762941395663935,
btc-updown-15m-1769002200,,true,2.36,1769002200000,BTCUSDT,EU,13,3,0.0062394903786420035,0.01871813139008215,41.05742710838579,89490.61758808879,90725.43363923041,-0.01361047284768968,0.003958020620817927,0.003617405598611206,1.0941600306964445,0.0022478310002402827,1.148255813953368,0.0028783428424186265,0.0022675995082693965,
btc-updown-15m-1769003100,,true,3.15,1769003100000,BTCUSDT,EU,13,3,0.0062394903786420035,0.01871813139008215,41.05742710838579,89490.61758808879,90725.43363923041,-0.01361047284768968,0.003958020620817927,0.003617405598611206,1.0941600306964445,0.0038078482787441276,1.507536942154947,0.002948692694604424,0.002226863590160479,
btc-updown-15m-1769004900,,false,-6.85,1769004900000,BTCUSDT,EU,14,3,0.006169846203178399,0.018700640022396593,40.58187224556126,89412.7149602304,90644.99888632171,-0.013594615712188673,0.003869574671148914,0.0036114440451710463,1.071475737336432,0.012320119984900452,0.20475412730644416,0.0036192696607498845,0.0031907680008291246,
btc-updown-15m-1769005800,,true,2.17,1769005800000,BTCUSDT,EU,14,3,0.006169846203178399,0.018700640022396593,40.58187224556126,89412.7149602304,90644.99888632171,-0.013594615712188673,0.003869574671148914,0.0036114440451710463,1.071475737336432,0.004114917687653315,22.35387547650661,0.0036532183371706726,0.00318016517687625,
btc-updown-15m-1769006700,,false,-7.64,1769006700000,BTCUSDT,EU,14,3,0.006169846203178399,0.018700640022396593,40.58187224556126,89412.7149602304,90644.99888632171,-0.013594615712188673,0.003869574671148914,0.0036114440451710463,1.071475737336432,0.005711488688328949,5.771962369153225,0.00379653083705273,0.0031844059615774383,
btc-updown-15m-1769007600,,true,2.56,1769007600000,BTCUSDT,EU,15,3,0.006756659110137747,0.01942640058966187,37.910642152639156,89450.11639213885,90612.13708119291,-0.012824117458049011,0.004830412795142392,0.00391720703756497,1.2331267530207166,0.006423833115733184,3.2390164660713334,0.003976648226891404,0.003085417337862998,
btc-updown-15m-1769008500,,true,2.76,1769008500000,BTCUSDT,EU,15,3,0.006756659110137747,0.01942640058966187,37.910642152639156,89450.11639213885,90612.13708119291,-0.012824117458049011,0.004830412795142392,0.00391720703756497,1.2331267530207166,0.006778217235617983,0.12877551020408812,0.004151595851979802,0.00331159897836099,
btc-updown-15m-1769009400,,true,3.25,1769009400000,BTCUSDT,EU,15,3,0.006756659110137747,0.01942640058966187,37.910642152639156,89450.11639213885,90612.13708119291,-0.012824117458049011,0.004830412795142392,0.00391720703756497,1.2331267530207166,0.006462096935676539,0.7574493804774972,0.004330695695921968,0.003445511304681065,
btc-updown-15m-1769010300,,true,2.36,1769010300000,BTCUSDT,EU,15,3,0.006756659110137747,0.01942640058966187,37.910642152639156,89450.11639213885,90612.13708119291,-0.012824117458049011,0.004830412795142392,0.00391720703756497,1.2331267530207166,0.0038553144129103416,2.47512038523293,0.004291487284352372,0.0034452426510915386,
btc-updown-15m-1769012100,,true,2.46,1769012100000,BTCUSDT,US,16,3,0.006884799783863242,0.02158599349806504,35.93102568188347,89529.91864021031,90599.49159320307,-0.011805507229502021,0.004943812624539419,0.0039746763411776884,1.2438277233598793,0.0068800124623129575,0.13192292885036422,0.004507273891920174,0.0037550528809695014,
btc-updown-15m-1769013900,,false,-8.03,1769013900000,BTCUSDT,US,16,3,0.006884799783863242,0.02158599349806504,35.93102568188347,89529.91864021031,90599.49159320307,-0.011805507229502021,0.004943812624539419,0.0039746763411776884,1.2438277233598793,0.016614841509890954,0.026221533759964274,0.0055564618485440765,0.005239665223333691,
btc-updown-15m-1769014800,,false,-7.64,1769014800000,BTCUSDT,US,17,3,0.008847601730090623,0.026220215066283407,35.33713776977517,89346.34543650947,90482.0321736315,-0.012551516691653108,0.008426972544473079,0.0051604793885093765,1.632982502214245,0.01237059025002847,0.952289147943236,0.006075748992300871,0.005281554422044738,
btc-updown-15m-1769015700,,true,2.66,1769015700000,BTCUSDT,US,17,3,0.008847601730090623,0.026220215066283407,35.33713776977517,89346.34543650947,90482.0321736315,-0.012551516691653108,0.008426972544473079,0.0051604793885093765,1.632982502214245,0.009666186063454022,2.019939858237299,0.0063498555206502535,0.00523639009742857,
btc-updown-15m-1769016600,,false,-6.55,1769016600000,BTCUSDT,US,17,3,0.008847601730090623,0.026220215066283407,35.33713776977517,89346.34543650947,90482.0321736315,-0.012551516691653108,0.008426972544473079,0.0051604793885093765,1.632982502214245,0.007027219733146266,0.3419555322128689,0.006364591482415684,0.005396241111106161,
btc-updown-15m-1769018400,,true,2.85,1769018400000,BTCUSDT,US,18,3,0.008910146460802447,0.028438861198366937,35.05779771250266,89211.68206203783,90382.13461644082,-0.012950043273154521,0.008487968598367679,0.005183619623612161,1.6374597703318576,0.002527098828611094,31.59471365639898,0.006153804416979134,0.00534687924661717,
btc-updown-15m-1769019300,,true,2.85,1769019300000,BTCUSDT,US,18,3,0.008910146460802447,0.028438861198366937,35.05779771250266,89211.68206203783,90382.13461644082,-0.012950043273154521,0.008487968598367679,0.005183619623612161,1.6374597703318576,0.005666377994874623,17.678584870159387,0.006119239239003015,0.00530706424606303,
btc-updown-15m-1769022000,,true,3.15,1769022000000,BTCUSDT,US,19,3,0.009087497344822129,0.02848581348658859,34.04691070735635,89142.51519970548,90307.83913180824,-0.012903906718462421,0.008288493087331112,0.0052470007061390135,1.579663040188567,0.006138133713194637,0.498794579765573,0.005670247741899229,0.005419040391396522,
btc-updown-15m-1769022900,,true,2.46,1769022900000,BTCUSDT,US,19,3,0.009087497344822129,0.02848581348658859,34.04691070735635,89142.51519970548,90307.83913180824,-0.012903906718462421,0.008288493087331112,0.0052470007061390135,1.579663040188567,0.004116761846182347,3.2546242097869404,0.0055639748274778425,0.004850190157772921,
btc-updown-15m-1769023800,,true,2.36,1769023800000,BTCUSDT,US,19,3,0.009087497344822129,0.02848581348658859,34.04691070735635,89142.51519970548,90307.83913180824,-0.012903906718462421,0.008288493087331112,0.0052470007061390135,1.579663040188567,0.01547903918538126,0.09724539562344424,0.006184590699167886,0.005857053785648118,
btc-updown-15m-1769024700,,true,2.36,1769024700000,BTCUSDT,US,19,3,0.009087497344822129,0.02848581348658859,34.04691070735635,89142.51519970548,90307.83913180824,-0.012903906718462421,0.008288493087331112,0.0052470007061390135,1.579663040188567,0.007436529083505096,0.695682078716073,0.006245852458096709,0.00593540265320889,
btc-updown-15m-1769027400,,true,2.07,1769027400000,BTCUSDT,US,20,3,0.009978747960645028,0.030390621633049564,32.15814583669375,89258.04327682641,90309.81780914582,-0.011646292261846325,0.009510664052697267,0.005786493132115976,1.6435972247010089,0.005884083586898215,2.105201015408271,0.006290805369342542,0.005885715862218084,
btc-updown-15m-1769029200,,true,2.66,1769029200000,BTCUSDT,US,21,3,0.010060410693853382,0.032003025828491995,30.40456906264782,89349.0877279094,90306.20922496107,-0.010598623342359503,0.00946261543988203,0.005787397955853464,1.6350379759718088,0.003700934255077656,0.07319118738106097,0.005970661349387671,0.005932410966784238,
btc-updown-15m-1769030100,,false,-7.44,1769030100000,BTCUSDT,US,21,3,0.010060410693853382,0.032003025828491995,30.40456906264782,89349.0877279094,90306.20922496107,-0.010598623342359503,0.00946261543988203,0.005787397955853464,1.6350379759718088,0.0029311722598998322,1.41867718557913,0.005759902437935942,0.005770335775819985,
btc-updown-15m-1769031000,,true,3.05,1769031000000,BTCUSDT,US,21,3,0.010060410693853382,0.032003025828491995,30.40456906264782,89349.0877279094,90306.20922496107,-0.010598623342359503,0.00946261543988203,0.005787397955853464,1.6350379759718088,0.003215769017212679,7.844838118508107,0.005580066547185215,0.005753638861780415,
btc-updown-15m-1769031900,,true,3.25,1769031900000,BTCUSDT,US,21,3,0.010060410693853382,0.032003025828491995,30.40456906264782,89349.0877279094,90306.20922496107,-0.010598623342359503,0.00946261543988203,0.005787397955853464,1.6350379759718088,0.0021124312588310552,0.019831698558087578,0.005321355427064505,0.004287472543229526,
btc-updown-15m-1769032800,,false,-6.85,1769032800000,BTCUSDT,US,22,3,0.009646221007001457,0.03346586241271541,28.77617507046842,89434.81080279531,90304.09863768032,-0.009626227912121421,0.009462701144248244,0.005787481233435749,1.6350292575602348,0.0013740298486270498,11.836269430039717,0.005039824502260658,0.003925874492334105,
btc-updown-15m-1769033700,,true,2.66,1769033700000,BTCUSDT,US,22,3,0.009646221007001457,0.03346586241271541,28.77617507046842,89434.81080279531,90304.09863768032,-0.009626227912121421,0.009462701144248244,0.005787481233435749,1.6350292575602348,0.0019155425229043475,4.495865139951042,0.004818271861525768,0.0037966931239588227,
btc-updown-15m-1769034600,,false,-7.44,1769034600000,BTCUSDT,US,22,3,0.009646221007001457,0.03346586241271541,28.77617507046842,89434.81080279531,90304.09863768032,-0.009626227912121421,0.009462701144248244,0.005787481233435749,1.6350292575602348,0.0031478859334392274,0.2594075260208564,0.004710019278723977,0.0038047804471429045,
btc-updown-15m-1769035500,,true,3.45,1769035500000,BTCUSDT,US,22,3,0.009646221007001457,0.03346586241271541,28.77617507046842,89434.81080279531,90304.09863768032,-0.009626227912121421,0.009462701144248244,0.005787481233435749,1.6350292575602348,0.002179115945385053,5.410994764398337,0.00453063166295033,0.0038195617970240526,
btc-updown-15m-1769037300,,true,2.17,1769037300000,BTCUSDT,US,23,3,0.00950270433182165,0.033701269908560864,27.022086669188834,89466.11548952016,90283.01480414836,-0.009048205982047697,0.009560123115407953,0.005809813208570416,1.6455129919332385,0.005574343906332168,0.17125324964282068,0.0044822424672600674,0.003959098743496196,
btc-updown-15m-1769038200,,true,1.97,1769038200000,BTCUSDT,US,23,3,0.00950270433182165,0.033701269908560864,27.022086669188834,89466.11548952016,90283.01480414836,-0.009048205982047697,0.009560123115407953,0.005809813208570416,1.6455129919332385,0.00343596273544157,0.9285000624453782,0.0044145061025608456,0.004017852935184301,
btc-updown-15m-1769039100,,true,2.12,1769039100000,BTCUSDT,US,23,3,0.00950270433182165,0.033701269908560864,27.022086669188834,89466.11548952016,90283.01480414836,-0.009048205982047697,0.009560123115407953,0.005809813208570416,1.6455129919332385,0.005387732238887083,0.00002072753652142475,0.004506107059173815,0.004272532810123757,
btc-updown-15m-1769040000,,true,2.76,1769040000000,BTCUSDT,ASIA,0,4,0.009547414358800426,0.03370988294171284,25.276557618170017,89465.03115811123,90250.61299844655,-0.008704448803564802,0.009550691995222627,0.005811249221880327,1.6434834629467743,0.003078180777476296,1.9521253756976573,0.004408200127459299,0.004218505012499822,
btc-updown-15m-1769040900,,true,3.25,1769040900000,BTCUSDT,ASIA,0,4,0.009547414358800426,0.03370988294171284,25.276557618170017,89465.03115811123,90250.61299844655,-0.008704448803564802,0.009550691995222627,0.005811249221880327,1.6434834629467743,0.0031440487433195253,0.1000508467947038,0.004305597773266947,0.004232961603792557,
btc-updown-15m-1769041800,,true,2.17,1769041800000,BTCUSDT,ASIA,0,4,0.009547414358800426,0.03370988294171284,25.276557618170017,89465.03115811123,90250.61299844655,-0.008704448803564802,0.009550691995222627,0.005811249221880327,1.6434834629467743,0.0033454147728382453,1.3281553398058252,0.004230648156388502,0.00287444226015049,